country,region_system,window_start,window_end,source_sector,target_sector,score_presence,score_sign,score_lag1,score_lag2,inferred_lag,inferred_sign,confidence,stability,covid_period,validation_status,provenance,claim_scope,score_direction
FR,ZE2020,2014,2020,BE,FZ,0.06621647626161575,0.5,0.5,0.5,2,negative,0.5,0.701934207987652,pre_covid,ASSOCIATION_CANDIDATE,real_observed_association_score,analytic_association_only,0.5
FR,ZE2020,2014,2020,BE,GI,0.06567979604005814,0.5,0.5,0.5,2,negative,0.5,0.701934207987652,pre_covid,ASSOCIATION_CANDIDATE,real_observed_association_score,analytic_association_only,0.5
FR,ZE2020,2014,2020,BE,JZ,0.0658249482512474,0.5,0.5,0.5,2,negative,0.5,0.701934207987652,pre_covid,ASSOCIATION_CANDIDATE,real_observed_association_score,analytic_association_only,0.5
FR,ZE2020,2014,2020,BE,KZ,0.06614124029874802,0.5,0.5,0.5,2,negative,0.5,0.701934207987652,pre_covid,ASSOCIATION_CANDIDATE,real_observed_association_score,analytic_association_only,0.5
FR,ZE2020,2014,2020,BE,LZ,0.06551802903413773,0.5,0.5,0.5,2,negative,0.5,0.701934207987652,pre_covid,ASSOCIATION_CANDIDATE,real_observed_association_score,analytic_association_only,0.5
FR,ZE2020,2014,2020,BE,MN,0.06590629369020462,0.5,0.5,0.5,2,negative,0.5,0.701934207987652,pre_covid,ASSOCIATION_CANDIDATE,real_observed_association_score,analytic_association_only,0.5
FR,ZE2020,2014,2020,BE,OQ,0.06622227281332016,0.5,0.5,0.5,2,negative,0.5,0.701934207987652,pre_covid,ASSOCIATION_CANDIDATE,real_observed_association_score,analytic_association_only,0.5
FR,ZE2020,2014,2020,BE,RU,0.06557119637727737,0.5,0.5,0.5,2,negative,0.5,0.701934207987652,pre_covid,ASSOCIATION_CANDIDATE,real_observed_association_score,analytic_association_only,0.5
FR,ZE2020,2014,2020,FZ,BE,0.06593481451272964,0.5,0.5,0.5,2,negative,0.5,0.701934207987652,pre_covid,ASSOCIATION_CANDIDATE,real_observed_association_score,analytic_association_only,0.5
FR,ZE2020,2014,2020,FZ,GI,0.0651078075170517,0.5,0.5,0.5,2,negative,0.5,0.701934207987652,pre_covid,ASSOCIATION_CANDIDATE,real_observed_association_score,analytic_association_only,0.5
FR,ZE2020,2014,2020,FZ,JZ,0.06522147357463837,0.5,0.5,0.5,2,negative,0.5,0.701934207987652,pre_covid,ASSOCIATION_CANDIDATE,real_observed_association_score,analytic_association_only,0.5
FR,ZE2020,2014,2020,FZ,KZ,0.06567457318305969,0.5,0.5,0.5,2,negative,0.5,0.701934207987652,pre_covid,ASSOCIATION_CANDIDATE,real_observed_association_score,analytic_association_only,0.5
FR,ZE2020,2014,2020,FZ,LZ,0.06505149602890015,0.5,0.5,0.5,2,negative,0.5,0.701934207987652,pre_covid,ASSOCIATION_CANDIDATE,real_observed_association_score,analytic_association_only,0.5
FR,ZE2020,2014,2020,FZ,MN,0.0652950331568718,0.5,0.5,0.5,2,negative,0.5,0.701934207987652,pre_covid,ASSOCIATION_CANDIDATE,real_observed_association_score,analytic_association_only,0.5
FR,ZE2020,2014,2020,FZ,OQ,0.06578442454338074,0.5,0.5,0.5,2,negative,0.5,0.701934207987652,pre_covid,ASSOCIATION_CANDIDATE,real_observed_association_score,analytic_association_only,0.5
FR,ZE2020,2014,2020,FZ,RU,0.06498273462057114,0.5,0.5,0.5,2,negative,0.5,0.701934207987652,pre_covid,ASSOCIATION_CANDIDATE,real_observed_association_score,analytic_association_only,0.5
FR,ZE2020,2014,2020,GI,BE,0.06745048612356186,0.5,0.5,0.5,2,negative,0.5,0.701934207987652,pre_covid,ASSOCIATION_CANDIDATE,real_observed_association_score,analytic_association_only,0.5
FR,ZE2020,2014,2020,GI,FZ,0.06688183546066284,0.5,0.5,0.5,2,negative,0.5,0.701934207987652,pre_covid,ASSOCIATION_CANDIDATE,real_observed_association_score,analytic_association_only,0.5
FR,ZE2020,2014,2020,GI,JZ,0.06631394475698471,0.5,0.5,0.5,2,negative,0.5,0.701934207987652,pre_covid,ASSOCIATION_CANDIDATE,real_observed_association_score,analytic_association_only,0.5
FR,ZE2020,2014,2020,GI,KZ,0.06685120612382889,0.5,0.5,0.5,2,negative,0.5,0.701934207987652,pre_covid,ASSOCIATION_CANDIDATE,real_observed_association_score,analytic_association_only,0.5
FR,ZE2020,2014,2020,GI,LZ,0.06633733958005905,0.5,0.5,0.5,2,negative,0.5,0.701934207987652,pre_covid,ASSOCIATION_CANDIDATE,real_observed_association_score,analytic_association_only,0.5
FR,ZE2020,2014,2020,GI,MN,0.06635351479053497,0.5,0.5,0.5,2,negative,0.5,0.701934207987652,pre_covid,ASSOCIATION_CANDIDATE,real_observed_association_score,analytic_association_only,0.5
FR,ZE2020,2014,2020,GI,OQ,0.06691919267177582,0.5,0.5,0.5,2,negative,0.5,0.701934207987652,pre_covid,ASSOCIATION_CANDIDATE,real_observed_association_score,analytic_association_only,0.5
FR,ZE2020,2014,2020,GI,RU,0.06605873256921768,0.5,0.5,0.5,2,negative,0.5,0.701934207987652,pre_covid,ASSOCIATION_CANDIDATE,real_observed_association_score,analytic_association_only,0.5
FR,ZE2020,2014,2020,JZ,BE,0.067153699696064,0.5,0.5,0.5,2,negative,0.5,0.701934207987652,pre_covid,ASSOCIATION_CANDIDATE,real_observed_association_score,analytic_association_only,0.5
FR,ZE2020,2014,2020,JZ,FZ,0.06661675870418549,0.5,0.5,0.5,2,negative,0.5,0.701934207987652,pre_covid,ASSOCIATION_CANDIDATE,real_observed_association_score,analytic_association_only,0.5
FR,ZE2020,2014,2020,JZ,GI,0.06601233780384064,0.5,0.5,0.5,2,negative,0.5,0.701934207987652,pre_covid,ASSOCIATION_CANDIDATE,real_observed_association_score,analytic_association_only,0.5
FR,ZE2020,2014,2020,JZ,KZ,0.06658730655908585,0.5,0.5,0.5,2,negative,0.5,0.701934207987652,pre_covid,ASSOCIATION_CANDIDATE,real_observed_association_score,analytic_association_only,0.5
FR,ZE2020,2014,2020,JZ,LZ,0.06605571508407593,0.5,0.5,0.5,2,negative,0.5,0.701934207987652,pre_covid,ASSOCIATION_CANDIDATE,real_observed_association_score,analytic_association_only,0.5
FR,ZE2020,2014,2020,JZ,MN,0.06611066311597824,0.5,0.5,0.5,2,negative,0.5,0.701934207987652,pre_covid,ASSOCIATION_CANDIDATE,real_observed_association_score,analytic_association_only,0.5
FR,ZE2020,2014,2020,JZ,OQ,0.06666816025972366,0.5,0.5,0.5,2,negative,0.5,0.701934207987652,pre_covid,ASSOCIATION_CANDIDATE,real_observed_association_score,analytic_association_only,0.5
FR,ZE2020,2014,2020,JZ,RU,0.06589296460151672,0.5,0.5,0.5,2,negative,0.5,0.701934207987652,pre_covid,ASSOCIATION_CANDIDATE,real_observed_association_score,analytic_association_only,0.5
FR,ZE2020,2014,2020,KZ,BE,0.06707043945789337,0.5,0.5,0.5,2,negative,0.5,0.701934207987652,pre_covid,ASSOCIATION_CANDIDATE,real_observed_association_score,analytic_association_only,0.5
FR,ZE2020,2014,2020,KZ,FZ,0.06675810366868973,0.5,0.5,0.5,2,negative,0.5,0.701934207987652,pre_covid,ASSOCIATION_CANDIDATE,real_observed_association_score,analytic_association_only,0.5
FR,ZE2020,2014,2020,KZ,GI,0.06615087389945984,0.5,0.5,0.5,2,negative,0.5,0.701934207987652,pre_covid,ASSOCIATION_CANDIDATE,real_observed_association_score,analytic_association_only,0.5
FR,ZE2020,2014,2020,KZ,JZ,0.06611838936805725,0.5,0.5,0.5,2,negative,0.5,0.701934207987652,pre_covid,ASSOCIATION_CANDIDATE,real_observed_association_score,analytic_association_only,0.5
FR,ZE2020,2014,2020,KZ,LZ,0.06605895608663559,0.5,0.5,0.5,2,negative,0.5,0.701934207987652,pre_covid,ASSOCIATION_CANDIDATE,real_observed_association_score,analytic_association_only,0.5
FR,ZE2020,2014,2020,KZ,MN,0.06626804918050766,0.5,0.5,0.5,2,negative,0.5,0.701934207987652,pre_covid,ASSOCIATION_CANDIDATE,real_observed_association_score,analytic_association_only,0.5
FR,ZE2020,2014,2020,KZ,OQ,0.06678102910518646,0.5,0.5,0.5,2,negative,0.5,0.701934207987652,pre_covid,ASSOCIATION_CANDIDATE,real_observed_association_score,analytic_association_only,0.5
FR,ZE2020,2014,2020,KZ,RU,0.0660170465707779,0.5,0.5,0.5,2,negative,0.5,0.701934207987652,pre_covid,ASSOCIATION_CANDIDATE,real_observed_association_score,analytic_association_only,0.5
FR,ZE2020,2014,2020,LZ,BE,0.0681850016117096,0.5,0.5,0.5,2,negative,0.5,0.701934207987652,pre_covid,ASSOCIATION_CANDIDATE,real_observed_association_score,analytic_association_only,0.5
FR,ZE2020,2014,2020,LZ,FZ,0.06788135319948196,0.5,0.5,0.5,2,negative,0.5,0.701934207987652,pre_covid,ASSOCIATION_CANDIDATE,real_observed_association_score,analytic_association_only,0.5
FR,ZE2020,2014,2020,LZ,GI,0.06686728447675705,0.5,0.5,0.5,2,negative,0.5,0.701934207987652,pre_covid,ASSOCIATION_CANDIDATE,real_observed_association_score,analytic_association_only,0.5
FR,ZE2020,2014,2020,LZ,JZ,0.06696180254220963,0.5,0.5,0.5,2,negative,0.5,0.701934207987652,pre_covid,ASSOCIATION_CANDIDATE,real_observed_association_score,analytic_association_only,0.5
FR,ZE2020,2014,2020,LZ,KZ,0.06750433892011642,0.5,0.5,0.5,2,negative,0.5,0.701934207987652,pre_covid,ASSOCIATION_CANDIDATE,real_observed_association_score,analytic_association_only,0.5
FR,ZE2020,2014,2020,LZ,MN,0.06694468855857849,0.5,0.5,0.5,2,negative,0.5,0.701934207987652,pre_covid,ASSOCIATION_CANDIDATE,real_observed_association_score,analytic_association_only,0.5
FR,ZE2020,2014,2020,LZ,OQ,0.06765914708375931,0.5,0.5,0.5,2,negative,0.5,0.701934207987652,pre_covid,ASSOCIATION_CANDIDATE,real_observed_association_score,analytic_association_only,0.5
FR,ZE2020,2014,2020,LZ,RU,0.066743403673172,0.5,0.5,0.5,2,negative,0.5,0.701934207987652,pre_covid,ASSOCIATION_CANDIDATE,real_observed_association_score,analytic_association_only,0.5
FR,ZE2020,2014,2020,MN,BE,0.0671808049082756,0.5,0.5,0.5,2,negative,0.5,0.701934207987652,pre_covid,ASSOCIATION_CANDIDATE,real_observed_association_score,analytic_association_only,0.5
FR,ZE2020,2014,2020,MN,FZ,0.06661958992481232,0.5,0.5,0.5,2,negative,0.5,0.701934207987652,pre_covid,ASSOCIATION_CANDIDATE,real_observed_association_score,analytic_association_only,0.5
FR,ZE2020,2014,2020,MN,GI,0.0659642294049263,0.5,0.5,0.5,2,negative,0.5,0.701934207987652,pre_covid,ASSOCIATION_CANDIDATE,real_observed_association_score,analytic_association_only,0.5
FR,ZE2020,2014,2020,MN,JZ,0.06603716313838959,0.5,0.5,0.5,2,negative,0.5,0.701934207987652,pre_covid,ASSOCIATION_CANDIDATE,real_observed_association_score,analytic_association_only,0.5
FR,ZE2020,2014,2020,MN,KZ,0.0666014775633812,0.5,0.5,0.5,2,negative,0.5,0.701934207987652,pre_covid,ASSOCIATION_CANDIDATE,real_observed_association_score,analytic_association_only,0.5
FR,ZE2020,2014,2020,MN,LZ,0.06599859893321991,0.5,0.5,0.5,2,negative,0.5,0.701934207987652,pre_covid,ASSOCIATION_CANDIDATE,real_observed_association_score,analytic_association_only,0.5
FR,ZE2020,2014,2020,MN,OQ,0.06664383411407471,0.5,0.5,0.5,2,negative,0.5,0.701934207987652,pre_covid,ASSOCIATION_CANDIDATE,real_observed_association_score,analytic_association_only,0.5
FR,ZE2020,2014,2020,MN,RU,0.06586948782205582,0.5,0.5,0.5,2,negative,0.5,0.701934207987652,pre_covid,ASSOCIATION_CANDIDATE,real_observed_association_score,analytic_association_only,0.5
FR,ZE2020,2014,2020,OQ,BE,0.06659440696239471,0.5,0.5,0.5,2,negative,0.5,0.701934207987652,pre_covid,ASSOCIATION_CANDIDATE,real_observed_association_score,analytic_association_only,0.5
FR,ZE2020,2014,2020,OQ,FZ,0.06629628688097,0.5,0.5,0.5,2,negative,0.5,0.701934207987652,pre_covid,ASSOCIATION_CANDIDATE,real_observed_association_score,analytic_association_only,0.5
FR,ZE2020,2014,2020,OQ,GI,0.06575670838356018,0.5,0.5,0.5,2,negative,0.5,0.701934207987652,pre_covid,ASSOCIATION_CANDIDATE,real_observed_association_score,analytic_association_only,0.5
FR,ZE2020,2014,2020,OQ,JZ,0.06579627841711044,0.5,0.5,0.5,2,negative,0.5,0.701934207987652,pre_covid,ASSOCIATION_CANDIDATE,real_observed_association_score,analytic_association_only,0.5
FR,ZE2020,2014,2020,OQ,KZ,0.06632223725318909,0.5,0.5,0.5,2,negative,0.5,0.701934207987652,pre_covid,ASSOCIATION_CANDIDATE,real_observed_association_score,analytic_association_only,0.5
FR,ZE2020,2014,2020,OQ,LZ,0.06573309749364853,0.5,0.5,0.5,2,negative,0.5,0.701934207987652,pre_covid,ASSOCIATION_CANDIDATE,real_observed_association_score,analytic_association_only,0.5
FR,ZE2020,2014,2020,OQ,MN,0.06588813662528992,0.5,0.5,0.5,2,negative,0.5,0.701934207987652,pre_covid,ASSOCIATION_CANDIDATE,real_observed_association_score,analytic_association_only,0.5
FR,ZE2020,2014,2020,OQ,RU,0.06559893488883972,0.5,0.5,0.5,2,negative,0.5,0.701934207987652,pre_covid,ASSOCIATION_CANDIDATE,real_observed_association_score,analytic_association_only,0.5
FR,ZE2020,2014,2020,RU,BE,0.06681261956691742,0.5,0.5,0.5,2,negative,0.5,0.701934207987652,pre_covid,ASSOCIATION_CANDIDATE,real_observed_association_score,analytic_association_only,0.5
FR,ZE2020,2014,2020,RU,FZ,0.06627192348241806,0.5,0.5,0.5,2,negative,0.5,0.701934207987652,pre_covid,ASSOCIATION_CANDIDATE,real_observed_association_score,analytic_association_only,0.5
FR,ZE2020,2014,2020,RU,GI,0.06574372947216034,0.5,0.5,0.5,2,negative,0.5,0.701934207987652,pre_covid,ASSOCIATION_CANDIDATE,real_observed_association_score,analytic_association_only,0.5
FR,ZE2020,2014,2020,RU,JZ,0.06584735214710236,0.5,0.5,0.5,2,negative,0.5,0.701934207987652,pre_covid,ASSOCIATION_CANDIDATE,real_observed_association_score,analytic_association_only,0.5
FR,ZE2020,2014,2020,RU,KZ,0.06643787026405334,0.5,0.5,0.5,2,negative,0.5,0.701934207987652,pre_covid,ASSOCIATION_CANDIDATE,real_observed_association_score,analytic_association_only,0.5
FR,ZE2020,2014,2020,RU,LZ,0.06581936776638031,0.5,0.5,0.5,2,negative,0.5,0.701934207987652,pre_covid,ASSOCIATION_CANDIDATE,real_observed_association_score,analytic_association_only,0.5
FR,ZE2020,2014,2020,RU,MN,0.0659344494342804,0.5,0.5,0.5,2,negative,0.5,0.701934207987652,pre_covid,ASSOCIATION_CANDIDATE,real_observed_association_score,analytic_association_only,0.5
FR,ZE2020,2014,2020,RU,OQ,0.0664219930768013,0.5,0.5,0.5,2,negative,0.5,0.701934207987652,pre_covid,ASSOCIATION_CANDIDATE,real_observed_association_score,analytic_association_only,0.5
FR,ZE2020,2015,2021,BE,FZ,0.06728646904230118,0.5,0.5,0.5,2,negative,0.5,0.701934207987652,covid,ASSOCIATION_CANDIDATE,real_observed_association_score,analytic_association_only,0.5
FR,ZE2020,2015,2021,BE,GI,0.06692308187484741,0.5,0.5,0.5,2,negative,0.5,0.701934207987652,covid,ASSOCIATION_CANDIDATE,real_observed_association_score,analytic_association_only,0.5
FR,ZE2020,2015,2021,BE,JZ,0.06700842827558517,0.5,0.5,0.5,2,negative,0.5,0.701934207987652,covid,ASSOCIATION_CANDIDATE,real_observed_association_score,analytic_association_only,0.5
FR,ZE2020,2015,2021,BE,KZ,0.06744410842657089,0.5,0.5,0.5,2,negative,0.5,0.701934207987652,covid,ASSOCIATION_CANDIDATE,real_observed_association_score,analytic_association_only,0.5
FR,ZE2020,2015,2021,BE,LZ,0.06671950966119766,0.5,0.5,0.5,2,negative,0.5,0.701934207987652,covid,ASSOCIATION_CANDIDATE,real_observed_association_score,analytic_association_only,0.5
FR,ZE2020,2015,2021,BE,MN,0.06698553264141083,0.5,0.5,0.5,2,negative,0.5,0.701934207987652,covid,ASSOCIATION_CANDIDATE,real_observed_association_score,analytic_association_only,0.5
FR,ZE2020,2015,2021,BE,OQ,0.0675736516714096,0.5,0.5,0.5,2,negative,0.5,0.701934207987652,covid,ASSOCIATION_CANDIDATE,real_observed_association_score,analytic_association_only,0.5
FR,ZE2020,2015,2021,BE,RU,0.06635886430740356,0.5,0.5,0.5,2,negative,0.5,0.701934207987652,covid,ASSOCIATION_CANDIDATE,real_observed_association_score,analytic_association_only,0.5
FR,ZE2020,2015,2021,FZ,BE,0.06540267914533615,0.5,0.5,0.5,2,negative,0.5,0.701934207987652,covid,ASSOCIATION_CANDIDATE,real_observed_association_score,analytic_association_only,0.5
FR,ZE2020,2015,2021,FZ,GI,0.06581118702888489,0.5,0.5,0.5,2,negative,0.5,0.701934207987652,covid,ASSOCIATION_CANDIDATE,real_observed_association_score,analytic_association_only,0.5
FR,ZE2020,2015,2021,FZ,JZ,0.06583093106746674,0.5,0.5,0.5,2,negative,0.5,0.701934207987652,covid,ASSOCIATION_CANDIDATE,real_observed_association_score,analytic_association_only,0.5
FR,ZE2020,2015,2021,FZ,KZ,0.06640242040157318,0.5,0.5,0.5,2,negative,0.5,0.701934207987652,covid,ASSOCIATION_CANDIDATE,real_observed_association_score,analytic_association_only,0.5
FR,ZE2020,2015,2021,FZ,LZ,0.06561998277902603,0.5,0.5,0.5,2,negative,0.5,0.701934207987652,covid,ASSOCIATION_CANDIDATE,real_observed_association_score,analytic_association_only,0.5
FR,ZE2020,2015,2021,FZ,MN,0.06589352339506149,0.5,0.5,0.5,2,negative,0.5,0.701934207987652,covid,ASSOCIATION_CANDIDATE,real_observed_association_score,analytic_association_only,0.5
FR,ZE2020,2015,2021,FZ,OQ,0.06638938933610916,0.5,0.5,0.5,2,negative,0.5,0.701934207987652,covid,ASSOCIATION_CANDIDATE,real_observed_association_score,analytic_association_only,0.5
FR,ZE2020,2015,2021,FZ,RU,0.06547287106513977,0.5,0.5,0.5,2,negative,0.5,0.701934207987652,covid,ASSOCIATION_CANDIDATE,real_observed_association_score,analytic_association_only,0.5
FR,ZE2020,2015,2021,GI,BE,0.06642068922519684,0.5,0.5,0.5,2,negative,0.5,0.701934207987652,covid,ASSOCIATION_CANDIDATE,real_observed_association_score,analytic_association_only,0.5
FR,ZE2020,2015,2021,GI,FZ,0.06685992330312729,0.5,0.5,0.5,2,negative,0.5,0.701934207987652,covid,ASSOCIATION_CANDIDATE,real_observed_association_score,analytic_association_only,0.5
FR,ZE2020,2015,2021,GI,JZ,0.0666613057255745,0.5,0.5,0.5,2,negative,0.5,0.701934207987652,covid,ASSOCIATION_CANDIDATE,real_observed_association_score,analytic_association_only,0.5
FR,ZE2020,2015,2021,GI,KZ,0.06710828095674515,0.5,0.5,0.5,2,negative,0.5,0.701934207987652,covid,ASSOCIATION_CANDIDATE,real_observed_association_score,analytic_association_only,0.5
FR,ZE2020,2015,2021,GI,LZ,0.06653446704149246,0.5,0.5,0.5,2,negative,0.5,0.701934207987652,covid,ASSOCIATION_CANDIDATE,real_observed_association_score,analytic_association_only,0.5
FR,ZE2020,2015,2021,GI,MN,0.06667447835206985,0.5,0.5,0.5,2,negative,0.5,0.701934207987652,covid,ASSOCIATION_CANDIDATE,real_observed_association_score,analytic_association_only,0.5
FR,ZE2020,2015,2021,GI,OQ,0.06732433289289474,0.5,0.5,0.5,2,negative,0.5,0.701934207987652,covid,ASSOCIATION_CANDIDATE,real_observed_association_score,analytic_association_only,0.5
FR,ZE2020,2015,2021,GI,RU,0.0663052648305893,0.5,0.5,0.5,2,negative,0.5,0.701934207987652,covid,ASSOCIATION_CANDIDATE,real_observed_association_score,analytic_association_only,0.5
FR,ZE2020,2015,2021,JZ,BE,0.06662924587726593,0.5,0.5,0.5,2,negative,0.5,0.701934207987652,covid,ASSOCIATION_CANDIDATE,real_observed_association_score,analytic_association_only,0.5
FR,ZE2020,2015,2021,JZ,FZ,0.06708227843046188,0.5,0.5,0.5,2,negative,0.5,0.701934207987652,covid,ASSOCIATION_CANDIDATE,real_observed_association_score,analytic_association_only,0.5
FR,ZE2020,2015,2021,JZ,GI,0.06665726751089096,0.5,0.5,0.5,2,negative,0.5,0.701934207987652,covid,ASSOCIATION_CANDIDATE,real_observed_association_score,analytic_association_only,0.5
FR,ZE2020,2015,2021,JZ,KZ,0.06722410023212433,0.5,0.5,0.5,2,negative,0.5,0.701934207987652,covid,ASSOCIATION_CANDIDATE,real_observed_association_score,analytic_association_only,0.5
FR,ZE2020,2015,2021,JZ,LZ,0.06653802841901779,0.5,0.5,0.5,2,negative,0.5,0.701934207987652,covid,ASSOCIATION_CANDIDATE,real_observed_association_score,analytic_association_only,0.5
FR,ZE2020,2015,2021,JZ,MN,0.06664957106113434,0.5,0.5,0.5,2,negative,0.5,0.701934207987652,covid,ASSOCIATION_CANDIDATE,real_observed_association_score,analytic_association_only,0.5
FR,ZE2020,2015,2021,JZ,OQ,0.06747278571128845,0.5,0.5,0.5,2,negative,0.5,0.701934207987652,covid,ASSOCIATION_CANDIDATE,real_observed_association_score,analytic_association_only,0.5
FR,ZE2020,2015,2021,JZ,RU,0.06628289073705673,0.5,0.5,0.5,2,negative,0.5,0.701934207987652,covid,ASSOCIATION_CANDIDATE,real_observed_association_score,analytic_association_only,0.5
FR,ZE2020,2015,2021,KZ,BE,0.06599066406488419,0.5,0.5,0.5,2,negative,0.5,0.701934207987652,covid,ASSOCIATION_CANDIDATE,real_observed_association_score,analytic_association_only,0.5
FR,ZE2020,2015,2021,KZ,FZ,0.06677716225385666,0.5,0.5,0.5,2,negative,0.5,0.701934207987652,covid,ASSOCIATION_CANDIDATE,real_observed_association_score,analytic_association_only,0.5
FR,ZE2020,2015,2021,KZ,GI,0.06640085577964783,0.5,0.5,0.5,2,negative,0.5,0.701934207987652,covid,ASSOCIATION_CANDIDATE,real_observed_association_score,analytic_association_only,0.5
FR,ZE2020,2015,2021,KZ,JZ,0.06631021946668625,0.5,0.5,0.5,2,negative,0.5,0.701934207987652,covid,ASSOCIATION_CANDIDATE,real_observed_association_score,analytic_association_only,0.5
FR,ZE2020,2015,2021,KZ,LZ,0.06615018099546432,0.5,0.5,0.5,2,negative,0.5,0.701934207987652,covid,ASSOCIATION_CANDIDATE,real_observed_association_score,analytic_association_only,0.5
FR,ZE2020,2015,2021,KZ,MN,0.06643476337194443,0.5,0.5,0.5,2,negative,0.5,0.701934207987652,covid,ASSOCIATION_CANDIDATE,real_observed_association_score,analytic_association_only,0.5
FR,ZE2020,2015,2021,KZ,OQ,0.0668935775756836,0.5,0.5,0.5,2,negative,0.5,0.701934207987652,covid,ASSOCIATION_CANDIDATE,real_observed_association_score,analytic_association_only,0.5
FR,ZE2020,2015,2021,KZ,RU,0.06605605781078339,0.5,0.5,0.5,2,negative,0.5,0.701934207987652,covid,ASSOCIATION_CANDIDATE,real_observed_association_score,analytic_association_only,0.5
FR,ZE2020,2015,2021,LZ,BE,0.06716441363096237,0.5,0.5,0.5,2,negative,0.5,0.701934207987652,covid,ASSOCIATION_CANDIDATE,real_observed_association_score,analytic_association_only,0.5
FR,ZE2020,2015,2021,LZ,FZ,0.06801696121692657,0.5,0.5,0.5,2,negative,0.5,0.701934207987652,covid,ASSOCIATION_CANDIDATE,real_observed_association_score,analytic_association_only,0.5
FR,ZE2020,2015,2021,LZ,GI,0.06751207262277603,0.5,0.5,0.5,2,negative,0.5,0.701934207987652,covid,ASSOCIATION_CANDIDATE,real_observed_association_score,analytic_association_only,0.5
FR,ZE2020,2015,2021,LZ,JZ,0.06736132502555847,0.5,0.5,0.5,2,negative,0.5,0.701934207987652,covid,ASSOCIATION_CANDIDATE,real_observed_association_score,analytic_association_only,0.5
FR,ZE2020,2015,2021,LZ,KZ,0.06800582259893417,0.5,0.5,0.5,2,negative,0.5,0.701934207987652,covid,ASSOCIATION_CANDIDATE,real_observed_association_score,analytic_association_only,0.5
FR,ZE2020,2015,2021,LZ,MN,0.06735523790121078,0.5,0.5,0.5,2,negative,0.5,0.701934207987652,covid,ASSOCIATION_CANDIDATE,real_observed_association_score,analytic_association_only,0.5
FR,ZE2020,2015,2021,LZ,OQ,0.06825186312198639,0.5,0.5,0.5,2,negative,0.5,0.701934207987652,covid,ASSOCIATION_CANDIDATE,real_observed_association_score,analytic_association_only,0.5
FR,ZE2020,2015,2021,LZ,RU,0.06701075285673141,0.5,0.5,0.5,2,negative,0.5,0.701934207987652,covid,ASSOCIATION_CANDIDATE,real_observed_association_score,analytic_association_only,0.5
FR,ZE2020,2015,2021,MN,BE,0.06638888269662857,0.5,0.5,0.5,2,negative,0.5,0.701934207987652,covid,ASSOCIATION_CANDIDATE,real_observed_association_score,analytic_association_only,0.5
FR,ZE2020,2015,2021,MN,FZ,0.06676432490348816,0.5,0.5,0.5,2,negative,0.5,0.701934207987652,covid,ASSOCIATION_CANDIDATE,real_observed_association_score,analytic_association_only,0.5
FR,ZE2020,2015,2021,MN,GI,0.06641341745853424,0.5,0.5,0.5,2,negative,0.5,0.701934207987652,covid,ASSOCIATION_CANDIDATE,real_observed_association_score,analytic_association_only,0.5
FR,ZE2020,2015,2021,MN,JZ,0.0663876086473465,0.5,0.5,0.5,2,negative,0.5,0.701934207987652,covid,ASSOCIATION_CANDIDATE,real_observed_association_score,analytic_association_only,0.5
FR,ZE2020,2015,2021,MN,KZ,0.06693089753389359,0.5,0.5,0.5,2,negative,0.5,0.701934207987652,covid,ASSOCIATION_CANDIDATE,real_observed_association_score,analytic_association_only,0.5
FR,ZE2020,2015,2021,MN,LZ,0.06626416742801666,0.5,0.5,0.5,2,negative,0.5,0.701934207987652,covid,ASSOCIATION_CANDIDATE,real_observed_association_score,analytic_association_only,0.5
FR,ZE2020,2015,2021,MN,OQ,0.06717400252819061,0.5,0.5,0.5,2,negative,0.5,0.701934207987652,covid,ASSOCIATION_CANDIDATE,real_observed_association_score,analytic_association_only,0.5
FR,ZE2020,2015,2021,MN,RU,0.06608223170042038,0.5,0.5,0.5,2,negative,0.5,0.701934207987652,covid,ASSOCIATION_CANDIDATE,real_observed_association_score,analytic_association_only,0.5
FR,ZE2020,2015,2021,OQ,BE,0.0655549168586731,0.5,0.5,0.5,2,negative,0.5,0.701934207987652,covid,ASSOCIATION_CANDIDATE,real_observed_association_score,analytic_association_only,0.5
FR,ZE2020,2015,2021,OQ,FZ,0.06618483364582062,0.5,0.5,0.5,2,negative,0.5,0.701934207987652,covid,ASSOCIATION_CANDIDATE,real_observed_association_score,analytic_association_only,0.5
FR,ZE2020,2015,2021,OQ,GI,0.06600981205701828,0.5,0.5,0.5,2,negative,0.5,0.701934207987652,covid,ASSOCIATION_CANDIDATE,real_observed_association_score,analytic_association_only,0.5
FR,ZE2020,2015,2021,OQ,JZ,0.06589192152023315,0.5,0.5,0.5,2,negative,0.5,0.701934207987652,covid,ASSOCIATION_CANDIDATE,real_observed_association_score,analytic_association_only,0.5
FR,ZE2020,2015,2021,OQ,KZ,0.06637006998062134,0.5,0.5,0.5,2,negative,0.5,0.701934207987652,covid,ASSOCIATION_CANDIDATE,real_observed_association_score,analytic_association_only,0.5
FR,ZE2020,2015,2021,OQ,LZ,0.06578949838876724,0.5,0.5,0.5,2,negative,0.5,0.701934207987652,covid,ASSOCIATION_CANDIDATE,real_observed_association_score,analytic_association_only,0.5
FR,ZE2020,2015,2021,OQ,MN,0.06599267572164536,0.5,0.5,0.5,2,negative,0.5,0.701934207987652,covid,ASSOCIATION_CANDIDATE,real_observed_association_score,analytic_association_only,0.5
FR,ZE2020,2015,2021,OQ,RU,0.06558933109045029,0.5,0.5,0.5,2,negative,0.5,0.701934207987652,covid,ASSOCIATION_CANDIDATE,real_observed_association_score,analytic_association_only,0.5
FR,ZE2020,2015,2021,RU,BE,0.06652594357728958,0.5,0.5,0.5,2,negative,0.5,0.701934207987652,covid,ASSOCIATION_CANDIDATE,real_observed_association_score,analytic_association_only,0.5
FR,ZE2020,2015,2021,RU,FZ,0.06698881089687347,0.5,0.5,0.5,2,negative,0.5,0.701934207987652,covid,ASSOCIATION_CANDIDATE,real_observed_association_score,analytic_association_only,0.5
FR,ZE2020,2015,2021,RU,GI,0.06653426587581635,0.5,0.5,0.5,2,negative,0.5,0.701934207987652,covid,ASSOCIATION_CANDIDATE,real_observed_association_score,analytic_association_only,0.5
FR,ZE2020,2015,2021,RU,JZ,0.06654410809278488,0.5,0.5,0.5,2,negative,0.5,0.701934207987652,covid,ASSOCIATION_CANDIDATE,real_observed_association_score,analytic_association_only,0.5
FR,ZE2020,2015,2021,RU,KZ,0.06725255399942398,0.5,0.5,0.5,2,negative,0.5,0.701934207987652,covid,ASSOCIATION_CANDIDATE,real_observed_association_score,analytic_association_only,0.5
FR,ZE2020,2015,2021,RU,LZ,0.06643025577068329,0.5,0.5,0.5,2,negative,0.5,0.701934207987652,covid,ASSOCIATION_CANDIDATE,real_observed_association_score,analytic_association_only,0.5
FR,ZE2020,2015,2021,RU,MN,0.06659471988677979,0.5,0.5,0.5,2,negative,0.5,0.701934207987652,covid,ASSOCIATION_CANDIDATE,real_observed_association_score,analytic_association_only,0.5
FR,ZE2020,2015,2021,RU,OQ,0.06740628927946091,0.5,0.5,0.5,2,negative,0.5,0.701934207987652,covid,ASSOCIATION_CANDIDATE,real_observed_association_score,analytic_association_only,0.5
FR,ZE2020,2016,2022,BE,FZ,0.06923577189445496,0.5,0.5,0.5,2,negative,0.5,0.701934207987652,covid,ASSOCIATION_CANDIDATE,real_observed_association_score,analytic_association_only,0.5
FR,ZE2020,2016,2022,BE,GI,0.06826995313167572,0.5,0.5,0.5,2,negative,0.5,0.701934207987652,covid,ASSOCIATION_CANDIDATE,real_observed_association_score,analytic_association_only,0.5
FR,ZE2020,2016,2022,BE,JZ,0.06876439601182938,0.5,0.5,0.5,2,negative,0.5,0.701934207987652,covid,ASSOCIATION_CANDIDATE,real_observed_association_score,analytic_association_only,0.5
FR,ZE2020,2016,2022,BE,KZ,0.0693875104188919,0.5,0.5,0.5,2,negative,0.5,0.701934207987652,covid,ASSOCIATION_CANDIDATE,real_observed_association_score,analytic_association_only,0.5
FR,ZE2020,2016,2022,BE,LZ,0.06831350922584534,0.5,0.5,0.5,2,negative,0.5,0.701934207987652,covid,ASSOCIATION_CANDIDATE,real_observed_association_score,analytic_association_only,0.5
FR,ZE2020,2016,2022,BE,MN,0.06888069212436676,0.5,0.5,0.5,2,negative,0.5,0.701934207987652,covid,ASSOCIATION_CANDIDATE,real_observed_association_score,analytic_association_only,0.5
FR,ZE2020,2016,2022,BE,OQ,0.06966843456029892,0.5,0.5,0.5,2,negative,0.5,0.701934207987652,covid,ASSOCIATION_CANDIDATE,real_observed_association_score,analytic_association_only,0.5
FR,ZE2020,2016,2022,BE,RU,0.0691741555929184,0.5,0.5,0.5,2,negative,0.5,0.701934207987652,covid,ASSOCIATION_CANDIDATE,real_observed_association_score,analytic_association_only,0.5
FR,ZE2020,2016,2022,FZ,BE,0.06614143401384354,0.5,0.5,0.5,2,negative,0.5,0.701934207987652,covid,ASSOCIATION_CANDIDATE,real_observed_association_score,analytic_association_only,0.5
FR,ZE2020,2016,2022,FZ,GI,0.06638378649950027,0.5,0.5,0.5,2,negative,0.5,0.701934207987652,covid,ASSOCIATION_CANDIDATE,real_observed_association_score,analytic_association_only,0.5
FR,ZE2020,2016,2022,FZ,JZ,0.06686681509017944,0.5,0.5,0.5,2,negative,0.5,0.701934207987652,covid,ASSOCIATION_CANDIDATE,real_observed_association_score,analytic_association_only,0.5
FR,ZE2020,2016,2022,FZ,KZ,0.06727985292673111,0.5,0.5,0.5,2,negative,0.5,0.701934207987652,covid,ASSOCIATION_CANDIDATE,real_observed_association_score,analytic_association_only,0.5
FR,ZE2020,2016,2022,FZ,LZ,0.0666327103972435,0.5,0.5,0.5,2,negative,0.5,0.701934207987652,covid,ASSOCIATION_CANDIDATE,real_observed_association_score,analytic_association_only,0.5
FR,ZE2020,2016,2022,FZ,MN,0.06686729937791824,0.5,0.5,0.5,2,negative,0.5,0.701934207987652,covid,ASSOCIATION_CANDIDATE,real_observed_association_score,analytic_association_only,0.5
FR,ZE2020,2016,2022,FZ,OQ,0.06753674894571304,0.5,0.5,0.5,2,negative,0.5,0.701934207987652,covid,ASSOCIATION_CANDIDATE,real_observed_association_score,analytic_association_only,0.5
FR,ZE2020,2016,2022,FZ,RU,0.06705160439014435,0.5,0.5,0.5,2,negative,0.5,0.701934207987652,covid,ASSOCIATION_CANDIDATE,real_observed_association_score,analytic_association_only,0.5
FR,ZE2020,2016,2022,GI,BE,0.06688192486763,0.5,0.5,0.5,2,negative,0.5,0.701934207987652,covid,ASSOCIATION_CANDIDATE,real_observed_association_score,analytic_association_only,0.5
FR,ZE2020,2016,2022,GI,FZ,0.06776406615972519,0.5,0.5,0.5,2,negative,0.5,0.701934207987652,covid,ASSOCIATION_CANDIDATE,real_observed_association_score,analytic_association_only,0.5
FR,ZE2020,2016,2022,GI,JZ,0.06749485433101654,0.5,0.5,0.5,2,negative,0.5,0.701934207987652,covid,ASSOCIATION_CANDIDATE,real_observed_association_score,analytic_association_only,0.5
FR,ZE2020,2016,2022,GI,KZ,0.06805072724819183,0.5,0.5,0.5,2,negative,0.5,0.701934207987652,covid,ASSOCIATION_CANDIDATE,real_observed_association_score,analytic_association_only,0.5
FR,ZE2020,2016,2022,GI,LZ,0.06730535626411438,0.5,0.5,0.5,2,negative,0.5,0.701934207987652,covid,ASSOCIATION_CANDIDATE,real_observed_association_score,analytic_association_only,0.5
FR,ZE2020,2016,2022,GI,MN,0.06743507087230682,0.5,0.5,0.5,2,negative,0.5,0.701934207987652,covid,ASSOCIATION_CANDIDATE,real_observed_association_score,analytic_association_only,0.5
FR,ZE2020,2016,2022,GI,OQ,0.06841479986906052,0.5,0.5,0.5,2,negative,0.5,0.701934207987652,covid,ASSOCIATION_CANDIDATE,real_observed_association_score,analytic_association_only,0.5
FR,ZE2020,2016,2022,GI,RU,0.06786653399467468,0.5,0.5,0.5,2,negative,0.5,0.701934207987652,covid,ASSOCIATION_CANDIDATE,real_observed_association_score,analytic_association_only,0.5
FR,ZE2020,2016,2022,JZ,BE,0.06710363179445267,0.5,0.5,0.5,2,negative,0.5,0.701934207987652,covid,ASSOCIATION_CANDIDATE,real_observed_association_score,analytic_association_only,0.5
FR,ZE2020,2016,2022,JZ,FZ,0.06794043630361557,0.5,0.5,0.5,2,negative,0.5,0.701934207987652,covid,ASSOCIATION_CANDIDATE,real_observed_association_score,analytic_association_only,0.5
FR,ZE2020,2016,2022,JZ,GI,0.06701185554265976,0.5,0.5,0.5,2,negative,0.5,0.701934207987652,covid,ASSOCIATION_CANDIDATE,real_observed_association_score,analytic_association_only,0.5
FR,ZE2020,2016,2022,JZ,KZ,0.06812207400798798,0.5,0.5,0.5,2,negative,0.5,0.701934207987652,covid,ASSOCIATION_CANDIDATE,real_observed_association_score,analytic_association_only,0.5
FR,ZE2020,2016,2022,JZ,LZ,0.06739643961191177,0.5,0.5,0.5,2,negative,0.5,0.701934207987652,covid,ASSOCIATION_CANDIDATE,real_observed_association_score,analytic_association_only,0.5
FR,ZE2020,2016,2022,JZ,MN,0.06746366620063782,0.5,0.5,0.5,2,negative,0.5,0.701934207987652,covid,ASSOCIATION_CANDIDATE,real_observed_association_score,analytic_association_only,0.5
FR,ZE2020,2016,2022,JZ,OQ,0.06850282847881317,0.5,0.5,0.5,2,negative,0.5,0.701934207987652,covid,ASSOCIATION_CANDIDATE,real_observed_association_score,analytic_association_only,0.5
FR,ZE2020,2016,2022,JZ,RU,0.06795429438352585,0.5,0.5,0.5,2,negative,0.5,0.701934207987652,covid,ASSOCIATION_CANDIDATE,real_observed_association_score,analytic_association_only,0.5
FR,ZE2020,2016,2022,KZ,BE,0.06627018749713898,0.5,0.5,0.5,2,negative,0.5,0.701934207987652,covid,ASSOCIATION_CANDIDATE,real_observed_association_score,analytic_association_only,0.5
FR,ZE2020,2016,2022,KZ,FZ,0.06718049198389053,0.5,0.5,0.5,2,negative,0.5,0.701934207987652,covid,ASSOCIATION_CANDIDATE,real_observed_association_score,analytic_association_only,0.5
FR,ZE2020,2016,2022,KZ,GI,0.06660730391740799,0.5,0.5,0.5,2,negative,0.5,0.701934207987652,covid,ASSOCIATION_CANDIDATE,real_observed_association_score,analytic_association_only,0.5
FR,ZE2020,2016,2022,KZ,JZ,0.06696775555610657,0.5,0.5,0.5,2,negative,0.5,0.701934207987652,covid,ASSOCIATION_CANDIDATE,real_observed_association_score,analytic_association_only,0.5
FR,ZE2020,2016,2022,KZ,LZ,0.06670377403497696,0.5,0.5,0.5,2,negative,0.5,0.701934207987652,covid,ASSOCIATION_CANDIDATE,real_observed_association_score,analytic_association_only,0.5
FR,ZE2020,2016,2022,KZ,MN,0.0670432522892952,0.5,0.5,0.5,2,negative,0.5,0.701934207987652,covid,ASSOCIATION_CANDIDATE,real_observed_association_score,analytic_association_only,0.5
FR,ZE2020,2016,2022,KZ,OQ,0.06768740713596344,0.5,0.5,0.5,2,negative,0.5,0.701934207987652,covid,ASSOCIATION_CANDIDATE,real_observed_association_score,analytic_association_only,0.5
FR,ZE2020,2016,2022,KZ,RU,0.06727424263954163,0.5,0.5,0.5,2,negative,0.5,0.701934207987652,covid,ASSOCIATION_CANDIDATE,real_observed_association_score,analytic_association_only,0.5
FR,ZE2020,2016,2022,LZ,BE,0.06742959469556808,0.5,0.5,0.5,2,negative,0.5,0.701934207987652,covid,ASSOCIATION_CANDIDATE,real_observed_association_score,analytic_association_only,0.5
FR,ZE2020,2016,2022,LZ,FZ,0.06860178709030151,0.5,0.5,0.5,2,negative,0.5,0.701934207987652,covid,ASSOCIATION_CANDIDATE,real_observed_association_score,analytic_association_only,0.5
FR,ZE2020,2016,2022,LZ,GI,0.06769776344299316,0.5,0.5,0.5,2,negative,0.5,0.701934207987652,covid,ASSOCIATION_CANDIDATE,real_observed_association_score,analytic_association_only,0.5
FR,ZE2020,2016,2022,LZ,JZ,0.06814798712730408,0.5,0.5,0.5,2,negative,0.5,0.701934207987652,covid,ASSOCIATION_CANDIDATE,real_observed_association_score,analytic_association_only,0.5
FR,ZE2020,2016,2022,LZ,KZ,0.06869571655988693,0.5,0.5,0.5,2,negative,0.5,0.701934207987652,covid,ASSOCIATION_CANDIDATE,real_observed_association_score,analytic_association_only,0.5
FR,ZE2020,2016,2022,LZ,MN,0.06811623275279999,0.5,0.5,0.5,2,negative,0.5,0.701934207987652,covid,ASSOCIATION_CANDIDATE,real_observed_association_score,analytic_association_only,0.5
FR,ZE2020,2016,2022,LZ,OQ,0.0690576359629631,0.5,0.5,0.5,2,negative,0.5,0.701934207987652,covid,ASSOCIATION_CANDIDATE,real_observed_association_score,analytic_association_only,0.5
FR,ZE2020,2016,2022,LZ,RU,0.06860426813364029,0.5,0.5,0.5,2,negative,0.5,0.701934207987652,covid,ASSOCIATION_CANDIDATE,real_observed_association_score,analytic_association_only,0.5
FR,ZE2020,2016,2022,MN,BE,0.06680722534656525,0.5,0.5,0.5,2,negative,0.5,0.701934207987652,covid,ASSOCIATION_CANDIDATE,real_observed_association_score,analytic_association_only,0.5
FR,ZE2020,2016,2022,MN,FZ,0.06756523996591568,0.5,0.5,0.5,2,negative,0.5,0.701934207987652,covid,ASSOCIATION_CANDIDATE,real_observed_association_score,analytic_association_only,0.5
FR,ZE2020,2016,2022,MN,GI,0.06677209585905075,0.5,0.5,0.5,2,negative,0.5,0.701934207987652,covid,ASSOCIATION_CANDIDATE,real_observed_association_score,analytic_association_only,0.5
FR,ZE2020,2016,2022,MN,JZ,0.06728667765855789,0.5,0.5,0.5,2,negative,0.5,0.701934207987652,covid,ASSOCIATION_CANDIDATE,real_observed_association_score,analytic_association_only,0.5
FR,ZE2020,2016,2022,MN,KZ,0.06782256811857224,0.5,0.5,0.5,2,negative,0.5,0.701934207987652,covid,ASSOCIATION_CANDIDATE,real_observed_association_score,analytic_association_only,0.5
FR,ZE2020,2016,2022,MN,LZ,0.06715449690818787,0.5,0.5,0.5,2,negative,0.5,0.701934207987652,covid,ASSOCIATION_CANDIDATE,real_observed_association_score,analytic_association_only,0.5
FR,ZE2020,2016,2022,MN,OQ,0.0681656152009964,0.5,0.5,0.5,2,negative,0.5,0.701934207987652,covid,ASSOCIATION_CANDIDATE,real_observed_association_score,analytic_association_only,0.5
FR,ZE2020,2016,2022,MN,RU,0.0676414743065834,0.5,0.5,0.5,2,negative,0.5,0.701934207987652,covid,ASSOCIATION_CANDIDATE,real_observed_association_score,analytic_association_only,0.5
FR,ZE2020,2016,2022,OQ,BE,0.06568313390016556,0.5,0.5,0.5,2,negative,0.5,0.701934207987652,covid,ASSOCIATION_CANDIDATE,real_observed_association_score,analytic_association_only,0.5
FR,ZE2020,2016,2022,OQ,FZ,0.06654945760965347,0.5,0.5,0.5,2,negative,0.5,0.701934207987652,covid,ASSOCIATION_CANDIDATE,real_observed_association_score,analytic_association_only,0.5
FR,ZE2020,2016,2022,OQ,GI,0.06604065746068954,0.5,0.5,0.5,2,negative,0.5,0.701934207987652,covid,ASSOCIATION_CANDIDATE,real_observed_association_score,analytic_association_only,0.5
FR,ZE2020,2016,2022,OQ,JZ,0.06626850366592407,0.5,0.5,0.5,2,negative,0.5,0.701934207987652,covid,ASSOCIATION_CANDIDATE,real_observed_association_score,analytic_association_only,0.5
FR,ZE2020,2016,2022,OQ,KZ,0.06657594442367554,0.5,0.5,0.5,2,negative,0.5,0.701934207987652,covid,ASSOCIATION_CANDIDATE,real_observed_association_score,analytic_association_only,0.5
FR,ZE2020,2016,2022,OQ,LZ,0.06605707108974457,0.5,0.5,0.5,2,negative,0.5,0.701934207987652,covid,ASSOCIATION_CANDIDATE,real_observed_association_score,analytic_association_only,0.5
FR,ZE2020,2016,2022,OQ,MN,0.066396065056324,0.5,0.5,0.5,2,negative,0.5,0.701934207987652,covid,ASSOCIATION_CANDIDATE,real_observed_association_score,analytic_association_only,0.5
FR,ZE2020,2016,2022,OQ,RU,0.0667165145277977,0.5,0.5,0.5,2,negative,0.5,0.701934207987652,covid,ASSOCIATION_CANDIDATE,real_observed_association_score,analytic_association_only,0.5
FR,ZE2020,2016,2022,RU,BE,0.06677600741386414,0.5,0.5,0.5,2,negative,0.5,0.701934207987652,covid,ASSOCIATION_CANDIDATE,real_observed_association_score,analytic_association_only,0.5
FR,ZE2020,2016,2022,RU,FZ,0.06749481707811356,0.5,0.5,0.5,2,negative,0.5,0.701934207987652,covid,ASSOCIATION_CANDIDATE,real_observed_association_score,analytic_association_only,0.5
FR,ZE2020,2016,2022,RU,GI,0.0668087899684906,0.5,0.5,0.5,2,negative,0.5,0.701934207987652,covid,ASSOCIATION_CANDIDATE,real_observed_association_score,analytic_association_only,0.5
FR,ZE2020,2016,2022,RU,JZ,0.06736704707145691,0.5,0.5,0.5,2,negative,0.5,0.701934207987652,covid,ASSOCIATION_CANDIDATE,real_observed_association_score,analytic_association_only,0.5
FR,ZE2020,2016,2022,RU,KZ,0.06782662868499756,0.5,0.5,0.5,2,negative,0.5,0.701934207987652,covid,ASSOCIATION_CANDIDATE,real_observed_association_score,analytic_association_only,0.5
FR,ZE2020,2016,2022,RU,LZ,0.06710506230592728,0.5,0.5,0.5,2,negative,0.5,0.701934207987652,covid,ASSOCIATION_CANDIDATE,real_observed_association_score,analytic_association_only,0.5
FR,ZE2020,2016,2022,RU,MN,0.06724747270345688,0.5,0.5,0.5,2,negative,0.5,0.701934207987652,covid,ASSOCIATION_CANDIDATE,real_observed_association_score,analytic_association_only,0.5
FR,ZE2020,2016,2022,RU,OQ,0.06808501482009888,0.5,0.5,0.5,2,negative,0.5,0.701934207987652,covid,ASSOCIATION_CANDIDATE,real_observed_association_score,analytic_association_only,0.5
FR,ZE2020,2017,2023,BE,FZ,0.07037647068500519,0.5,0.5,0.5,2,negative,0.5,0.701934207987652,covid,ASSOCIATION_CANDIDATE,real_observed_association_score,analytic_association_only,0.5
FR,ZE2020,2017,2023,BE,GI,0.06969133019447327,0.5,0.5,0.5,2,negative,0.5,0.701934207987652,covid,ASSOCIATION_CANDIDATE,real_observed_association_score,analytic_association_only,0.5
FR,ZE2020,2017,2023,BE,JZ,0.07021220028400421,0.5,0.5,0.5,2,negative,0.5,0.701934207987652,covid,ASSOCIATION_CANDIDATE,real_observed_association_score,analytic_association_only,0.5
FR,ZE2020,2017,2023,BE,KZ,0.0697861984372139,0.5,0.5,0.5,2,negative,0.5,0.701934207987652,covid,ASSOCIATION_CANDIDATE,real_observed_association_score,analytic_association_only,0.5
FR,ZE2020,2017,2023,BE,LZ,0.06946899741888046,0.5,0.5,0.5,2,negative,0.5,0.701934207987652,covid,ASSOCIATION_CANDIDATE,real_observed_association_score,analytic_association_only,0.5
FR,ZE2020,2017,2023,BE,MN,0.06999033689498901,0.5,0.5,0.5,2,negative,0.5,0.701934207987652,covid,ASSOCIATION_CANDIDATE,real_observed_association_score,analytic_association_only,0.5
FR,ZE2020,2017,2023,BE,OQ,0.0703061893582344,0.5,0.5,0.5,2,negative,0.5,0.701934207987652,covid,ASSOCIATION_CANDIDATE,real_observed_association_score,analytic_association_only,0.5
FR,ZE2020,2017,2023,BE,RU,0.06972698867321014,0.5,0.5,0.5,2,negative,0.5,0.701934207987652,covid,ASSOCIATION_CANDIDATE,real_observed_association_score,analytic_association_only,0.5
FR,ZE2020,2017,2023,FZ,BE,0.06590856611728668,0.5,0.5,0.5,2,negative,0.5,0.701934207987652,covid,ASSOCIATION_CANDIDATE,real_observed_association_score,analytic_association_only,0.5
FR,ZE2020,2017,2023,FZ,GI,0.06676551699638367,0.5,0.5,0.5,2,negative,0.5,0.701934207987652,covid,ASSOCIATION_CANDIDATE,real_observed_association_score,analytic_association_only,0.5
FR,ZE2020,2017,2023,FZ,JZ,0.06718119233846664,0.5,0.5,0.5,2,negative,0.5,0.701934207987652,covid,ASSOCIATION_CANDIDATE,real_observed_association_score,analytic_association_only,0.5
FR,ZE2020,2017,2023,FZ,KZ,0.06689438223838806,0.5,0.5,0.5,2,negative,0.5,0.701934207987652,covid,ASSOCIATION_CANDIDATE,real_observed_association_score,analytic_association_only,0.5
FR,ZE2020,2017,2023,FZ,LZ,0.06674370169639587,0.5,0.5,0.5,2,negative,0.5,0.701934207987652,covid,ASSOCIATION_CANDIDATE,real_observed_association_score,analytic_association_only,0.5
FR,ZE2020,2017,2023,FZ,MN,0.06714749336242676,0.5,0.5,0.5,2,negative,0.5,0.701934207987652,covid,ASSOCIATION_CANDIDATE,real_observed_association_score,analytic_association_only,0.5
FR,ZE2020,2017,2023,FZ,OQ,0.06722410023212433,0.5,0.5,0.5,2,negative,0.5,0.701934207987652,covid,ASSOCIATION_CANDIDATE,real_observed_association_score,analytic_association_only,0.5
FR,ZE2020,2017,2023,FZ,RU,0.0669674426317215,0.5,0.5,0.5,2,negative,0.5,0.701934207987652,covid,ASSOCIATION_CANDIDATE,real_observed_association_score,analytic_association_only,0.5
FR,ZE2020,2017,2023,GI,BE,0.06646574288606644,0.5,0.5,0.5,2,negative,0.5,0.701934207987652,covid,ASSOCIATION_CANDIDATE,real_observed_association_score,analytic_association_only,0.5
FR,ZE2020,2017,2023,GI,FZ,0.06795058399438858,0.5,0.5,0.5,2,negative,0.5,0.701934207987652,covid,ASSOCIATION_CANDIDATE,real_observed_association_score,analytic_association_only,0.5
FR,ZE2020,2017,2023,GI,JZ,0.067628413438797,0.5,0.5,0.5,2,negative,0.5,0.701934207987652,covid,ASSOCIATION_CANDIDATE,real_observed_association_score,analytic_association_only,0.5
FR,ZE2020,2017,2023,GI,KZ,0.06723953038454056,0.5,0.5,0.5,2,negative,0.5,0.701934207987652,covid,ASSOCIATION_CANDIDATE,real_observed_association_score,analytic_association_only,0.5
FR,ZE2020,2017,2023,GI,LZ,0.06723435968160629,0.5,0.5,0.5,2,negative,0.5,0.701934207987652,covid,ASSOCIATION_CANDIDATE,real_observed_association_score,analytic_association_only,0.5
FR,ZE2020,2017,2023,GI,MN,0.06757228076457977,0.5,0.5,0.5,2,negative,0.5,0.701934207987652,covid,ASSOCIATION_CANDIDATE,real_observed_association_score,analytic_association_only,0.5
FR,ZE2020,2017,2023,GI,OQ,0.06787995994091034,0.5,0.5,0.5,2,negative,0.5,0.701934207987652,covid,ASSOCIATION_CANDIDATE,real_observed_association_score,analytic_association_only,0.5
FR,ZE2020,2017,2023,GI,RU,0.06742175668478012,0.5,0.5,0.5,2,negative,0.5,0.701934207987652,covid,ASSOCIATION_CANDIDATE,real_observed_association_score,analytic_association_only,0.5
FR,ZE2020,2017,2023,JZ,BE,0.06684131920337677,0.5,0.5,0.5,2,negative,0.5,0.701934207987652,covid,ASSOCIATION_CANDIDATE,real_observed_association_score,analytic_association_only,0.5
FR,ZE2020,2017,2023,JZ,FZ,0.06832389533519745,0.5,0.5,0.5,2,negative,0.5,0.701934207987652,covid,ASSOCIATION_CANDIDATE,real_observed_association_score,analytic_association_only,0.5
FR,ZE2020,2017,2023,JZ,GI,0.0676480382680893,0.5,0.5,0.5,2,negative,0.5,0.701934207987652,covid,ASSOCIATION_CANDIDATE,real_observed_association_score,analytic_association_only,0.5
FR,ZE2020,2017,2023,JZ,KZ,0.06765523552894592,0.5,0.5,0.5,2,negative,0.5,0.701934207987652,covid,ASSOCIATION_CANDIDATE,real_observed_association_score,analytic_association_only,0.5
FR,ZE2020,2017,2023,JZ,LZ,0.06748714298009872,0.5,0.5,0.5,2,negative,0.5,0.701934207987652,covid,ASSOCIATION_CANDIDATE,real_observed_association_score,analytic_association_only,0.5
FR,ZE2020,2017,2023,JZ,MN,0.0678187683224678,0.5,0.5,0.5,2,negative,0.5,0.701934207987652,covid,ASSOCIATION_CANDIDATE,real_observed_association_score,analytic_association_only,0.5
FR,ZE2020,2017,2023,JZ,OQ,0.06818298995494843,0.5,0.5,0.5,2,negative,0.5,0.701934207987652,covid,ASSOCIATION_CANDIDATE,real_observed_association_score,analytic_association_only,0.5
FR,ZE2020,2017,2023,JZ,RU,0.06770956516265869,0.5,0.5,0.5,2,negative,0.5,0.701934207987652,covid,ASSOCIATION_CANDIDATE,real_observed_association_score,analytic_association_only,0.5
FR,ZE2020,2017,2023,KZ,BE,0.0663878470659256,0.5,0.5,0.5,2,negative,0.5,0.701934207987652,covid,ASSOCIATION_CANDIDATE,real_observed_association_score,analytic_association_only,0.5
FR,ZE2020,2017,2023,KZ,FZ,0.06806065142154694,0.5,0.5,0.5,2,negative,0.5,0.701934207987652,covid,ASSOCIATION_CANDIDATE,real_observed_association_score,analytic_association_only,0.5
FR,ZE2020,2017,2023,KZ,GI,0.06737168878316879,0.5,0.5,0.5,2,negative,0.5,0.701934207987652,covid,ASSOCIATION_CANDIDATE,real_observed_association_score,analytic_association_only,0.5
FR,ZE2020,2017,2023,KZ,JZ,0.06757931411266327,0.5,0.5,0.5,2,negative,0.5,0.701934207987652,covid,ASSOCIATION_CANDIDATE,real_observed_association_score,analytic_association_only,0.5
FR,ZE2020,2017,2023,KZ,LZ,0.0670856460928917,0.5,0.5,0.5,2,negative,0.5,0.701934207987652,covid,ASSOCIATION_CANDIDATE,real_observed_association_score,analytic_association_only,0.5
FR,ZE2020,2017,2023,KZ,MN,0.0676080733537674,0.5,0.5,0.5,2,negative,0.5,0.701934207987652,covid,ASSOCIATION_CANDIDATE,real_observed_association_score,analytic_association_only,0.5
FR,ZE2020,2017,2023,KZ,OQ,0.06784670799970627,0.5,0.5,0.5,2,negative,0.5,0.701934207987652,covid,ASSOCIATION_CANDIDATE,real_observed_association_score,analytic_association_only,0.5
FR,ZE2020,2017,2023,KZ,RU,0.06738866120576859,0.5,0.5,0.5,2,negative,0.5,0.701934207987652,covid,ASSOCIATION_CANDIDATE,real_observed_association_score,analytic_association_only,0.5
FR,ZE2020,2017,2023,LZ,BE,0.06725771725177765,0.5,0.5,0.5,2,negative,0.5,0.701934207987652,covid,ASSOCIATION_CANDIDATE,real_observed_association_score,analytic_association_only,0.5
FR,ZE2020,2017,2023,LZ,FZ,0.06902370601892471,0.5,0.5,0.5,2,negative,0.5,0.701934207987652,covid,ASSOCIATION_CANDIDATE,real_observed_association_score,analytic_association_only,0.5
FR,ZE2020,2017,2023,LZ,GI,0.06841132789850235,0.5,0.5,0.5,2,negative,0.5,0.701934207987652,covid,ASSOCIATION_CANDIDATE,real_observed_association_score,analytic_association_only,0.5
FR,ZE2020,2017,2023,LZ,JZ,0.06862308084964752,0.5,0.5,0.5,2,negative,0.5,0.701934207987652,covid,ASSOCIATION_CANDIDATE,real_observed_association_score,analytic_association_only,0.5
FR,ZE2020,2017,2023,LZ,KZ,0.06825968623161316,0.5,0.5,0.5,2,negative,0.5,0.701934207987652,covid,ASSOCIATION_CANDIDATE,real_observed_association_score,analytic_association_only,0.5
FR,ZE2020,2017,2023,LZ,MN,0.06853637844324112,0.5,0.5,0.5,2,negative,0.5,0.701934207987652,covid,ASSOCIATION_CANDIDATE,real_observed_association_score,analytic_association_only,0.5
FR,ZE2020,2017,2023,LZ,OQ,0.06880392134189606,0.5,0.5,0.5,2,negative,0.5,0.701934207987652,covid,ASSOCIATION_CANDIDATE,real_observed_association_score,analytic_association_only,0.5
FR,ZE2020,2017,2023,LZ,RU,0.06835711747407913,0.5,0.5,0.5,2,negative,0.5,0.701934207987652,covid,ASSOCIATION_CANDIDATE,real_observed_association_score,analytic_association_only,0.5
FR,ZE2020,2017,2023,MN,BE,0.06646855175495148,0.5,0.5,0.5,2,negative,0.5,0.701934207987652,covid,ASSOCIATION_CANDIDATE,real_observed_association_score,analytic_association_only,0.5
FR,ZE2020,2017,2023,MN,FZ,0.06781765818595886,0.5,0.5,0.5,2,negative,0.5,0.701934207987652,covid,ASSOCIATION_CANDIDATE,real_observed_association_score,analytic_association_only,0.5
FR,ZE2020,2017,2023,MN,GI,0.06725601106882095,0.5,0.5,0.5,2,negative,0.5,0.701934207987652,covid,ASSOCIATION_CANDIDATE,real_observed_association_score,analytic_association_only,0.5
FR,ZE2020,2017,2023,MN,JZ,0.06756933778524399,0.5,0.5,0.5,2,negative,0.5,0.701934207987652,covid,ASSOCIATION_CANDIDATE,real_observed_association_score,analytic_association_only,0.5
FR,ZE2020,2017,2023,MN,KZ,0.06726934015750885,0.5,0.5,0.5,2,negative,0.5,0.701934207987652,covid,ASSOCIATION_CANDIDATE,real_observed_association_score,analytic_association_only,0.5
FR,ZE2020,2017,2023,MN,LZ,0.0671437457203865,0.5,0.5,0.5,2,negative,0.5,0.701934207987652,covid,ASSOCIATION_CANDIDATE,real_observed_association_score,analytic_association_only,0.5
FR,ZE2020,2017,2023,MN,OQ,0.067721888422966,0.5,0.5,0.5,2,negative,0.5,0.701934207987652,covid,ASSOCIATION_CANDIDATE,real_observed_association_score,analytic_association_only,0.5
FR,ZE2020,2017,2023,MN,RU,0.0673145204782486,0.5,0.5,0.5,2,negative,0.5,0.701934207987652,covid,ASSOCIATION_CANDIDATE,real_observed_association_score,analytic_association_only,0.5
FR,ZE2020,2017,2023,OQ,BE,0.06542853266000748,0.5,0.5,0.5,2,negative,0.5,0.701934207987652,covid,ASSOCIATION_CANDIDATE,real_observed_association_score,analytic_association_only,0.5
FR,ZE2020,2017,2023,OQ,FZ,0.06686156243085861,0.5,0.5,0.5,2,negative,0.5,0.701934207987652,covid,ASSOCIATION_CANDIDATE,real_observed_association_score,analytic_association_only,0.5
FR,ZE2020,2017,2023,OQ,GI,0.06646446883678436,0.5,0.5,0.5,2,negative,0.5,0.701934207987652,covid,ASSOCIATION_CANDIDATE,real_observed_association_score,analytic_association_only,0.5
FR,ZE2020,2017,2023,OQ,JZ,0.06671912223100662,0.5,0.5,0.5,2,negative,0.5,0.701934207987652,covid,ASSOCIATION_CANDIDATE,real_observed_association_score,analytic_association_only,0.5
FR,ZE2020,2017,2023,OQ,KZ,0.06639807671308517,0.5,0.5,0.5,2,negative,0.5,0.701934207987652,covid,ASSOCIATION_CANDIDATE,real_observed_association_score,analytic_association_only,0.5
FR,ZE2020,2017,2023,OQ,LZ,0.0662643164396286,0.5,0.5,0.5,2,negative,0.5,0.701934207987652,covid,ASSOCIATION_CANDIDATE,real_observed_association_score,analytic_association_only,0.5
FR,ZE2020,2017,2023,OQ,MN,0.06672146916389465,0.5,0.5,0.5,2,negative,0.5,0.701934207987652,covid,ASSOCIATION_CANDIDATE,real_observed_association_score,analytic_association_only,0.5
FR,ZE2020,2017,2023,OQ,RU,0.0665816217660904,0.5,0.5,0.5,2,negative,0.5,0.701934207987652,covid,ASSOCIATION_CANDIDATE,real_observed_association_score,analytic_association_only,0.5
FR,ZE2020,2017,2023,RU,BE,0.06662800163030624,0.5,0.5,0.5,2,negative,0.5,0.701934207987652,covid,ASSOCIATION_CANDIDATE,real_observed_association_score,analytic_association_only,0.5
FR,ZE2020,2017,2023,RU,FZ,0.06799519807100296,0.5,0.5,0.5,2,negative,0.5,0.701934207987652,covid,ASSOCIATION_CANDIDATE,real_observed_association_score,analytic_association_only,0.5
FR,ZE2020,2017,2023,RU,GI,0.0674077719449997,0.5,0.5,0.5,2,negative,0.5,0.701934207987652,covid,ASSOCIATION_CANDIDATE,real_observed_association_score,analytic_association_only,0.5
FR,ZE2020,2017,2023,RU,JZ,0.06778942793607712,0.5,0.5,0.5,2,negative,0.5,0.701934207987652,covid,ASSOCIATION_CANDIDATE,real_observed_association_score,analytic_association_only,0.5
FR,ZE2020,2017,2023,RU,KZ,0.06746744364500046,0.5,0.5,0.5,2,negative,0.5,0.701934207987652,covid,ASSOCIATION_CANDIDATE,real_observed_association_score,analytic_association_only,0.5
FR,ZE2020,2017,2023,RU,LZ,0.06731285154819489,0.5,0.5,0.5,2,negative,0.5,0.701934207987652,covid,ASSOCIATION_CANDIDATE,real_observed_association_score,analytic_association_only,0.5
FR,ZE2020,2017,2023,RU,MN,0.06764006614685059,0.5,0.5,0.5,2,negative,0.5,0.701934207987652,covid,ASSOCIATION_CANDIDATE,real_observed_association_score,analytic_association_only,0.5
FR,ZE2020,2017,2023,RU,OQ,0.06787427514791489,0.5,0.5,0.5,2,negative,0.5,0.701934207987652,covid,ASSOCIATION_CANDIDATE,real_observed_association_score,analytic_association_only,0.5
FR,ZE2020,2019,2025,BE,FZ,0.07216742634773254,0.5,0.5,0.5,2,negative,0.5,0.701934207987652,covid,ASSOCIATION_CANDIDATE,real_observed_association_score,analytic_association_only,0.5
FR,ZE2020,2019,2025,BE,GI,0.072393037378788,0.5,0.5,0.5,2,negative,0.5,0.701934207987652,covid,ASSOCIATION_CANDIDATE,real_observed_association_score,analytic_association_only,0.5
FR,ZE2020,2019,2025,BE,JZ,0.07087436318397522,0.5,0.5,0.5,2,negative,0.5,0.701934207987652,covid,ASSOCIATION_CANDIDATE,real_observed_association_score,analytic_association_only,0.5
FR,ZE2020,2019,2025,BE,KZ,0.07150056213140488,0.5,0.5,0.5,2,negative,0.5,0.701934207987652,covid,ASSOCIATION_CANDIDATE,real_observed_association_score,analytic_association_only,0.5
FR,ZE2020,2019,2025,BE,LZ,0.07246159017086029,0.5,0.5,0.5,2,negative,0.5,0.701934207987652,covid,ASSOCIATION_CANDIDATE,real_observed_association_score,analytic_association_only,0.5
FR,ZE2020,2019,2025,BE,MN,0.07108656316995621,0.5,0.5,0.5,2,negative,0.5,0.701934207987652,covid,ASSOCIATION_CANDIDATE,real_observed_association_score,analytic_association_only,0.5
FR,ZE2020,2019,2025,BE,OQ,0.07163165509700775,0.5,0.5,0.5,2,negative,0.5,0.701934207987652,covid,ASSOCIATION_CANDIDATE,real_observed_association_score,analytic_association_only,0.5
FR,ZE2020,2019,2025,BE,RU,0.0709933489561081,0.5,0.5,0.5,2,negative,0.5,0.701934207987652,covid,ASSOCIATION_CANDIDATE,real_observed_association_score,analytic_association_only,0.5
FR,ZE2020,2019,2025,FZ,BE,0.06724466383457184,0.5,0.5,0.5,2,negative,0.5,0.701934207987652,covid,ASSOCIATION_CANDIDATE,real_observed_association_score,analytic_association_only,0.5
FR,ZE2020,2019,2025,FZ,GI,0.06853916496038437,0.5,0.5,0.5,2,negative,0.5,0.701934207987652,covid,ASSOCIATION_CANDIDATE,real_observed_association_score,analytic_association_only,0.5
FR,ZE2020,2019,2025,FZ,JZ,0.06726797670125961,0.5,0.5,0.5,2,negative,0.5,0.701934207987652,covid,ASSOCIATION_CANDIDATE,real_observed_association_score,analytic_association_only,0.5
FR,ZE2020,2019,2025,FZ,KZ,0.06770003587007523,0.5,0.5,0.5,2,negative,0.5,0.701934207987652,covid,ASSOCIATION_CANDIDATE,real_observed_association_score,analytic_association_only,0.5
FR,ZE2020,2019,2025,FZ,LZ,0.06854580342769623,0.5,0.5,0.5,2,negative,0.5,0.701934207987652,covid,ASSOCIATION_CANDIDATE,real_observed_association_score,analytic_association_only,0.5
FR,ZE2020,2019,2025,FZ,MN,0.0673733502626419,0.5,0.5,0.5,2,negative,0.5,0.701934207987652,covid,ASSOCIATION_CANDIDATE,real_observed_association_score,analytic_association_only,0.5
FR,ZE2020,2019,2025,FZ,OQ,0.06763337552547455,0.5,0.5,0.5,2,negative,0.5,0.701934207987652,covid,ASSOCIATION_CANDIDATE,real_observed_association_score,analytic_association_only,0.5
FR,ZE2020,2019,2025,FZ,RU,0.06727956980466843,0.5,0.5,0.5,2,negative,0.5,0.701934207987652,covid,ASSOCIATION_CANDIDATE,real_observed_association_score,analytic_association_only,0.5
FR,ZE2020,2019,2025,GI,BE,0.06674349308013916,0.5,0.5,0.5,2,negative,0.5,0.701934207987652,covid,ASSOCIATION_CANDIDATE,real_observed_association_score,analytic_association_only,0.5
FR,ZE2020,2019,2025,GI,FZ,0.06752321124076843,0.5,0.5,0.5,2,negative,0.5,0.701934207987652,covid,ASSOCIATION_CANDIDATE,real_observed_association_score,analytic_association_only,0.5
FR,ZE2020,2019,2025,GI,JZ,0.06656720489263535,0.5,0.5,0.5,2,negative,0.5,0.701934207987652,covid,ASSOCIATION_CANDIDATE,real_observed_association_score,analytic_association_only,0.5
FR,ZE2020,2019,2025,GI,KZ,0.06690853834152222,0.5,0.5,0.5,2,negative,0.5,0.701934207987652,covid,ASSOCIATION_CANDIDATE,real_observed_association_score,analytic_association_only,0.5
FR,ZE2020,2019,2025,GI,LZ,0.06775601208209991,0.5,0.5,0.5,2,negative,0.5,0.701934207987652,covid,ASSOCIATION_CANDIDATE,real_observed_association_score,analytic_association_only,0.5
FR,ZE2020,2019,2025,GI,MN,0.06663542985916138,0.5,0.5,0.5,2,negative,0.5,0.701934207987652,covid,ASSOCIATION_CANDIDATE,real_observed_association_score,analytic_association_only,0.5
FR,ZE2020,2019,2025,GI,OQ,0.06689606606960297,0.5,0.5,0.5,2,negative,0.5,0.701934207987652,covid,ASSOCIATION_CANDIDATE,real_observed_association_score,analytic_association_only,0.5
FR,ZE2020,2019,2025,GI,RU,0.06656785309314728,0.5,0.5,0.5,2,negative,0.5,0.701934207987652,covid,ASSOCIATION_CANDIDATE,real_observed_association_score,analytic_association_only,0.5
FR,ZE2020,2019,2025,JZ,BE,0.06883332878351212,0.5,0.5,0.5,2,negative,0.5,0.701934207987652,covid,ASSOCIATION_CANDIDATE,real_observed_association_score,analytic_association_only,0.5
FR,ZE2020,2019,2025,JZ,FZ,0.06985677778720856,0.5,0.5,0.5,2,negative,0.5,0.701934207987652,covid,ASSOCIATION_CANDIDATE,real_observed_association_score,analytic_association_only,0.5
FR,ZE2020,2019,2025,JZ,GI,0.07023719698190689,0.5,0.5,0.5,2,negative,0.5,0.701934207987652,covid,ASSOCIATION_CANDIDATE,real_observed_association_score,analytic_association_only,0.5
FR,ZE2020,2019,2025,JZ,KZ,0.06926828622817993,0.5,0.5,0.5,2,negative,0.5,0.701934207987652,covid,ASSOCIATION_CANDIDATE,real_observed_association_score,analytic_association_only,0.5
FR,ZE2020,2019,2025,JZ,LZ,0.07009714841842651,0.5,0.5,0.5,2,negative,0.5,0.701934207987652,covid,ASSOCIATION_CANDIDATE,real_observed_association_score,analytic_association_only,0.5
FR,ZE2020,2019,2025,JZ,MN,0.06891626864671707,0.5,0.5,0.5,2,negative,0.5,0.701934207987652,covid,ASSOCIATION_CANDIDATE,real_observed_association_score,analytic_association_only,0.5
FR,ZE2020,2019,2025,JZ,OQ,0.06915227323770523,0.5,0.5,0.5,2,negative,0.5,0.701934207987652,covid,ASSOCIATION_CANDIDATE,real_observed_association_score,analytic_association_only,0.5
FR,ZE2020,2019,2025,JZ,RU,0.0688619613647461,0.5,0.5,0.5,2,negative,0.5,0.701934207987652,covid,ASSOCIATION_CANDIDATE,real_observed_association_score,analytic_association_only,0.5
FR,ZE2020,2019,2025,KZ,BE,0.06835287064313889,0.5,0.5,0.5,2,negative,0.5,0.701934207987652,covid,ASSOCIATION_CANDIDATE,real_observed_association_score,analytic_association_only,0.5
FR,ZE2020,2019,2025,KZ,FZ,0.06944064050912857,0.5,0.5,0.5,2,negative,0.5,0.701934207987652,covid,ASSOCIATION_CANDIDATE,real_observed_association_score,analytic_association_only,0.5
FR,ZE2020,2019,2025,KZ,GI,0.06966600567102432,0.5,0.5,0.5,2,negative,0.5,0.701934207987652,covid,ASSOCIATION_CANDIDATE,real_observed_association_score,analytic_association_only,0.5
FR,ZE2020,2019,2025,KZ,JZ,0.06835494935512543,0.5,0.5,0.5,2,negative,0.5,0.701934207987652,covid,ASSOCIATION_CANDIDATE,real_observed_association_score,analytic_association_only,0.5
FR,ZE2020,2019,2025,KZ,LZ,0.06955134123563766,0.5,0.5,0.5,2,negative,0.5,0.701934207987652,covid,ASSOCIATION_CANDIDATE,real_observed_association_score,analytic_association_only,0.5
FR,ZE2020,2019,2025,KZ,MN,0.06847812235355377,0.5,0.5,0.5,2,negative,0.5,0.701934207987652,covid,ASSOCIATION_CANDIDATE,real_observed_association_score,analytic_association_only,0.5
FR,ZE2020,2019,2025,KZ,OQ,0.06876904517412186,0.5,0.5,0.5,2,negative,0.5,0.701934207987652,covid,ASSOCIATION_CANDIDATE,real_observed_association_score,analytic_association_only,0.5
FR,ZE2020,2019,2025,KZ,RU,0.06839018315076828,0.5,0.5,0.5,2,negative,0.5,0.701934207987652,covid,ASSOCIATION_CANDIDATE,real_observed_association_score,analytic_association_only,0.5
FR,ZE2020,2019,2025,LZ,BE,0.06786280125379562,0.5,0.5,0.5,2,negative,0.5,0.701934207987652,covid,ASSOCIATION_CANDIDATE,real_observed_association_score,analytic_association_only,0.5
FR,ZE2020,2019,2025,LZ,FZ,0.06889989972114563,0.5,0.5,0.5,2,negative,0.5,0.701934207987652,covid,ASSOCIATION_CANDIDATE,real_observed_association_score,analytic_association_only,0.5
FR,ZE2020,2019,2025,LZ,GI,0.06926146894693375,0.5,0.5,0.5,2,negative,0.5,0.701934207987652,covid,ASSOCIATION_CANDIDATE,real_observed_association_score,analytic_association_only,0.5
FR,ZE2020,2019,2025,LZ,JZ,0.06793539226055145,0.5,0.5,0.5,2,negative,0.5,0.701934207987652,covid,ASSOCIATION_CANDIDATE,real_observed_association_score,analytic_association_only,0.5
FR,ZE2020,2019,2025,LZ,KZ,0.06833641231060028,0.5,0.5,0.5,2,negative,0.5,0.701934207987652,covid,ASSOCIATION_CANDIDATE,real_observed_association_score,analytic_association_only,0.5
FR,ZE2020,2019,2025,LZ,MN,0.06801020354032516,0.5,0.5,0.5,2,negative,0.5,0.701934207987652,covid,ASSOCIATION_CANDIDATE,real_observed_association_score,analytic_association_only,0.5
FR,ZE2020,2019,2025,LZ,OQ,0.06827004998922348,0.5,0.5,0.5,2,negative,0.5,0.701934207987652,covid,ASSOCIATION_CANDIDATE,real_observed_association_score,analytic_association_only,0.5
FR,ZE2020,2019,2025,LZ,RU,0.06795895844697952,0.5,0.5,0.5,2,negative,0.5,0.701934207987652,covid,ASSOCIATION_CANDIDATE,real_observed_association_score,analytic_association_only,0.5
FR,ZE2020,2019,2025,MN,BE,0.06857796013355255,0.5,0.5,0.5,2,negative,0.5,0.701934207987652,covid,ASSOCIATION_CANDIDATE,real_observed_association_score,analytic_association_only,0.5
FR,ZE2020,2019,2025,MN,FZ,0.06959322839975357,0.5,0.5,0.5,2,negative,0.5,0.701934207987652,covid,ASSOCIATION_CANDIDATE,real_observed_association_score,analytic_association_only,0.5
FR,ZE2020,2019,2025,MN,GI,0.07005684077739716,0.5,0.5,0.5,2,negative,0.5,0.701934207987652,covid,ASSOCIATION_CANDIDATE,real_observed_association_score,analytic_association_only,0.5
FR,ZE2020,2019,2025,MN,JZ,0.06863637268543243,0.5,0.5,0.5,2,negative,0.5,0.701934207987652,covid,ASSOCIATION_CANDIDATE,real_observed_association_score,analytic_association_only,0.5
FR,ZE2020,2019,2025,MN,KZ,0.06903719156980515,0.5,0.5,0.5,2,negative,0.5,0.701934207987652,covid,ASSOCIATION_CANDIDATE,real_observed_association_score,analytic_association_only,0.5
FR,ZE2020,2019,2025,MN,LZ,0.06979749351739883,0.5,0.5,0.5,2,negative,0.5,0.701934207987652,covid,ASSOCIATION_CANDIDATE,real_observed_association_score,analytic_association_only,0.5
FR,ZE2020,2019,2025,MN,OQ,0.06890745460987091,0.5,0.5,0.5,2,negative,0.5,0.701934207987652,covid,ASSOCIATION_CANDIDATE,real_observed_association_score,analytic_association_only,0.5
FR,ZE2020,2019,2025,MN,RU,0.06858056783676147,0.5,0.5,0.5,2,negative,0.5,0.701934207987652,covid,ASSOCIATION_CANDIDATE,real_observed_association_score,analytic_association_only,0.5
FR,ZE2020,2019,2025,OQ,BE,0.06732456386089325,0.5,0.5,0.5,2,negative,0.5,0.701934207987652,covid,ASSOCIATION_CANDIDATE,real_observed_association_score,analytic_association_only,0.5
FR,ZE2020,2019,2025,OQ,FZ,0.06854891031980515,0.5,0.5,0.5,2,negative,0.5,0.701934207987652,covid,ASSOCIATION_CANDIDATE,real_observed_association_score,analytic_association_only,0.5
FR,ZE2020,2019,2025,OQ,GI,0.06880401074886322,0.5,0.5,0.5,2,negative,0.5,0.701934207987652,covid,ASSOCIATION_CANDIDATE,real_observed_association_score,analytic_association_only,0.5
FR,ZE2020,2019,2025,OQ,JZ,0.06747101992368698,0.5,0.5,0.5,2,negative,0.5,0.701934207987652,covid,ASSOCIATION_CANDIDATE,real_observed_association_score,analytic_association_only,0.5
FR,ZE2020,2019,2025,OQ,KZ,0.06789793074131012,0.5,0.5,0.5,2,negative,0.5,0.701934207987652,covid,ASSOCIATION_CANDIDATE,real_observed_association_score,analytic_association_only,0.5
FR,ZE2020,2019,2025,OQ,LZ,0.0687505230307579,0.5,0.5,0.5,2,negative,0.5,0.701934207987652,covid,ASSOCIATION_CANDIDATE,real_observed_association_score,analytic_association_only,0.5
FR,ZE2020,2019,2025,OQ,MN,0.06757650524377823,0.5,0.5,0.5,2,negative,0.5,0.701934207987652,covid,ASSOCIATION_CANDIDATE,real_observed_association_score,analytic_association_only,0.5
FR,ZE2020,2019,2025,OQ,RU,0.06749241054058075,0.5,0.5,0.5,2,negative,0.5,0.701934207987652,covid,ASSOCIATION_CANDIDATE,real_observed_association_score,analytic_association_only,0.5
FR,ZE2020,2019,2025,RU,BE,0.06875203549861908,0.5,0.5,0.5,2,negative,0.5,0.701934207987652,covid,ASSOCIATION_CANDIDATE,real_observed_association_score,analytic_association_only,0.5
FR,ZE2020,2019,2025,RU,FZ,0.06972445547580719,0.5,0.5,0.5,2,negative,0.5,0.701934207987652,covid,ASSOCIATION_CANDIDATE,real_observed_association_score,analytic_association_only,0.5
FR,ZE2020,2019,2025,RU,GI,0.07015205174684525,0.5,0.5,0.5,2,negative,0.5,0.701934207987652,covid,ASSOCIATION_CANDIDATE,real_observed_association_score,analytic_association_only,0.5
FR,ZE2020,2019,2025,RU,JZ,0.06878672540187836,0.5,0.5,0.5,2,negative,0.5,0.701934207987652,covid,ASSOCIATION_CANDIDATE,real_observed_association_score,analytic_association_only,0.5
FR,ZE2020,2019,2025,RU,KZ,0.06919270753860474,0.5,0.5,0.5,2,negative,0.5,0.701934207987652,covid,ASSOCIATION_CANDIDATE,real_observed_association_score,analytic_association_only,0.5
FR,ZE2020,2019,2025,RU,LZ,0.06997781246900558,0.5,0.5,0.5,2,negative,0.5,0.701934207987652,covid,ASSOCIATION_CANDIDATE,real_observed_association_score,analytic_association_only,0.5
FR,ZE2020,2019,2025,RU,MN,0.06885985285043716,0.5,0.5,0.5,2,negative,0.5,0.701934207987652,covid,ASSOCIATION_CANDIDATE,real_observed_association_score,analytic_association_only,0.5
FR,ZE2020,2019,2025,RU,OQ,0.06903737783432007,0.5,0.5,0.5,2,negative,0.5,0.701934207987652,covid,ASSOCIATION_CANDIDATE,real_observed_association_score,analytic_association_only,0.5
NL,COROP,2015,2021,BE,FZ,0.06547911465167999,0.5,0.5,0.5,2,negative,0.5,0.5492100242244947,covid,ASSOCIATION_CANDIDATE,real_observed_association_score,analytic_association_only,0.5
NL,COROP,2015,2021,BE,GI,0.06597237288951874,0.5,0.5,0.5,2,negative,0.5,0.5492100242244947,covid,ASSOCIATION_CANDIDATE,real_observed_association_score,analytic_association_only,0.5
NL,COROP,2015,2021,BE,JZ,0.06691049784421921,0.5,0.5,0.5,2,negative,0.5,0.5492100242244947,covid,ASSOCIATION_CANDIDATE,real_observed_association_score,analytic_association_only,0.5
NL,COROP,2015,2021,BE,KZ,0.06781934946775436,0.5,0.5,0.5,2,negative,0.5,0.5492100242244947,covid,ASSOCIATION_CANDIDATE,real_observed_association_score,analytic_association_only,0.5
NL,COROP,2015,2021,BE,LZ,0.06602710485458374,0.5,0.5,0.5,2,negative,0.5,0.5492100242244947,covid,ASSOCIATION_CANDIDATE,real_observed_association_score,analytic_association_only,0.5
NL,COROP,2015,2021,BE,MN,0.0666167140007019,0.5,0.5,0.5,2,negative,0.5,0.5492100242244947,covid,ASSOCIATION_CANDIDATE,real_observed_association_score,analytic_association_only,0.5
NL,COROP,2015,2021,BE,OQ,0.07262614369392395,0.5,0.5,0.5,2,negative,0.5,0.5492100242244947,covid,ASSOCIATION_CANDIDATE,real_observed_association_score,analytic_association_only,0.5
NL,COROP,2015,2021,BE,RU,0.06679686903953552,0.5,0.5,0.5,2,negative,0.5,0.5492100242244947,covid,ASSOCIATION_CANDIDATE,real_observed_association_score,analytic_association_only,0.5
NL,COROP,2015,2021,FZ,BE,0.0677156150341034,0.5,0.5,0.5,2,negative,0.5,0.5492100242244947,covid,ASSOCIATION_CANDIDATE,real_observed_association_score,analytic_association_only,0.5
NL,COROP,2015,2021,FZ,GI,0.06709867715835571,0.5,0.5,0.5,2,negative,0.5,0.5492100242244947,covid,ASSOCIATION_CANDIDATE,real_observed_association_score,analytic_association_only,0.5
NL,COROP,2015,2021,FZ,JZ,0.06815395504236221,0.5,0.5,0.5,2,negative,0.5,0.5492100242244947,covid,ASSOCIATION_CANDIDATE,real_observed_association_score,analytic_association_only,0.5
NL,COROP,2015,2021,FZ,KZ,0.06933608651161194,0.5,0.5,0.5,2,negative,0.5,0.5492100242244947,covid,ASSOCIATION_CANDIDATE,real_observed_association_score,analytic_association_only,0.5
NL,COROP,2015,2021,FZ,LZ,0.06709122657775879,0.5,0.5,0.5,2,negative,0.5,0.5492100242244947,covid,ASSOCIATION_CANDIDATE,real_observed_association_score,analytic_association_only,0.5
NL,COROP,2015,2021,FZ,MN,0.0677916631102562,0.5,0.5,0.5,2,negative,0.5,0.5492100242244947,covid,ASSOCIATION_CANDIDATE,real_observed_association_score,analytic_association_only,0.5
NL,COROP,2015,2021,FZ,OQ,0.07533469051122665,0.5,0.5,0.5,2,negative,0.5,0.5492100242244947,covid,ASSOCIATION_CANDIDATE,real_observed_association_score,analytic_association_only,0.5
NL,COROP,2015,2021,FZ,RU,0.06831399351358414,0.5,0.5,0.5,2,negative,0.5,0.5492100242244947,covid,ASSOCIATION_CANDIDATE,real_observed_association_score,analytic_association_only,0.5
NL,COROP,2015,2021,GI,BE,0.06605014950037003,0.5,0.5,0.5,2,negative,0.5,0.5492100242244947,covid,ASSOCIATION_CANDIDATE,real_observed_association_score,analytic_association_only,0.5
NL,COROP,2015,2021,GI,FZ,0.06500472873449326,0.5,0.5,0.5,2,negative,0.5,0.5492100242244947,covid,ASSOCIATION_CANDIDATE,real_observed_association_score,analytic_association_only,0.5
NL,COROP,2015,2021,GI,JZ,0.0661657527089119,0.5,0.5,0.5,2,negative,0.5,0.5492100242244947,covid,ASSOCIATION_CANDIDATE,real_observed_association_score,analytic_association_only,0.5
NL,COROP,2015,2021,GI,KZ,0.06714735925197601,0.5,0.5,0.5,2,negative,0.5,0.5492100242244947,covid,ASSOCIATION_CANDIDATE,real_observed_association_score,analytic_association_only,0.5
NL,COROP,2015,2021,GI,LZ,0.0653882548213005,0.5,0.5,0.5,2,negative,0.5,0.5492100242244947,covid,ASSOCIATION_CANDIDATE,real_observed_association_score,analytic_association_only,0.5
NL,COROP,2015,2021,GI,MN,0.06598176062107086,0.5,0.5,0.5,2,negative,0.5,0.5492100242244947,covid,ASSOCIATION_CANDIDATE,real_observed_association_score,analytic_association_only,0.5
NL,COROP,2015,2021,GI,OQ,0.07244845479726791,0.5,0.5,0.5,2,negative,0.5,0.5492100242244947,covid,ASSOCIATION_CANDIDATE,real_observed_association_score,analytic_association_only,0.5
NL,COROP,2015,2021,GI,RU,0.06617071479558945,0.5,0.5,0.5,2,negative,0.5,0.5492100242244947,covid,ASSOCIATION_CANDIDATE,real_observed_association_score,analytic_association_only,0.5
NL,COROP,2015,2021,JZ,BE,0.06620493531227112,0.5,0.5,0.5,2,negative,0.5,0.5492100242244947,covid,ASSOCIATION_CANDIDATE,real_observed_association_score,analytic_association_only,0.5
NL,COROP,2015,2021,JZ,FZ,0.06516281515359879,0.5,0.5,0.5,2,negative,0.5,0.5492100242244947,covid,ASSOCIATION_CANDIDATE,real_observed_association_score,analytic_association_only,0.5
NL,COROP,2015,2021,JZ,GI,0.06552385538816452,0.5,0.5,0.5,2,negative,0.5,0.5492100242244947,covid,ASSOCIATION_CANDIDATE,real_observed_association_score,analytic_association_only,0.5
NL,COROP,2015,2021,JZ,KZ,0.06691788136959076,0.5,0.5,0.5,2,negative,0.5,0.5492100242244947,covid,ASSOCIATION_CANDIDATE,real_observed_association_score,analytic_association_only,0.5
NL,COROP,2015,2021,JZ,LZ,0.06542926281690598,0.5,0.5,0.5,2,negative,0.5,0.5492100242244947,covid,ASSOCIATION_CANDIDATE,real_observed_association_score,analytic_association_only,0.5
NL,COROP,2015,2021,JZ,MN,0.06587051600217819,0.5,0.5,0.5,2,negative,0.5,0.5492100242244947,covid,ASSOCIATION_CANDIDATE,real_observed_association_score,analytic_association_only,0.5
NL,COROP,2015,2021,JZ,OQ,0.07213320583105087,0.5,0.5,0.5,2,negative,0.5,0.5492100242244947,covid,ASSOCIATION_CANDIDATE,real_observed_association_score,analytic_association_only,0.5
NL,COROP,2015,2021,JZ,RU,0.06619688123464584,0.5,0.5,0.5,2,negative,0.5,0.5492100242244947,covid,ASSOCIATION_CANDIDATE,real_observed_association_score,analytic_association_only,0.5
NL,COROP,2015,2021,KZ,BE,0.06593159586191177,0.5,0.5,0.5,2,negative,0.5,0.5492100242244947,covid,ASSOCIATION_CANDIDATE,real_observed_association_score,analytic_association_only,0.5
NL,COROP,2015,2021,KZ,FZ,0.06512711197137833,0.5,0.5,0.5,2,negative,0.5,0.5492100242244947,covid,ASSOCIATION_CANDIDATE,real_observed_association_score,analytic_association_only,0.5
NL,COROP,2015,2021,KZ,GI,0.06537175923585892,0.5,0.5,0.5,2,negative,0.5,0.5492100242244947,covid,ASSOCIATION_CANDIDATE,real_observed_association_score,analytic_association_only,0.5
NL,COROP,2015,2021,KZ,JZ,0.06600156426429749,0.5,0.5,0.5,2,negative,0.5,0.5492100242244947,covid,ASSOCIATION_CANDIDATE,real_observed_association_score,analytic_association_only,0.5
NL,COROP,2015,2021,KZ,LZ,0.0653313621878624,0.5,0.5,0.5,2,negative,0.5,0.5492100242244947,covid,ASSOCIATION_CANDIDATE,real_observed_association_score,analytic_association_only,0.5
NL,COROP,2015,2021,KZ,MN,0.06582370400428772,0.5,0.5,0.5,2,negative,0.5,0.5492100242244947,covid,ASSOCIATION_CANDIDATE,real_observed_association_score,analytic_association_only,0.5
NL,COROP,2015,2021,KZ,OQ,0.07148762792348862,0.5,0.5,0.5,2,negative,0.5,0.5492100242244947,covid,ASSOCIATION_CANDIDATE,real_observed_association_score,analytic_association_only,0.5
NL,COROP,2015,2021,KZ,RU,0.06615222990512848,0.5,0.5,0.5,2,negative,0.5,0.5492100242244947,covid,ASSOCIATION_CANDIDATE,real_observed_association_score,analytic_association_only,0.5
NL,COROP,2015,2021,LZ,BE,0.06698636710643768,0.5,0.5,0.5,2,negative,0.5,0.5492100242244947,covid,ASSOCIATION_CANDIDATE,real_observed_association_score,analytic_association_only,0.5
NL,COROP,2015,2021,LZ,FZ,0.06592631340026855,0.5,0.5,0.5,2,negative,0.5,0.5492100242244947,covid,ASSOCIATION_CANDIDATE,real_observed_association_score,analytic_association_only,0.5
NL,COROP,2015,2021,LZ,GI,0.06645016372203827,0.5,0.5,0.5,2,negative,0.5,0.5492100242244947,covid,ASSOCIATION_CANDIDATE,real_observed_association_score,analytic_association_only,0.5
NL,COROP,2015,2021,LZ,JZ,0.06707196682691574,0.5,0.5,0.5,2,negative,0.5,0.5492100242244947,covid,ASSOCIATION_CANDIDATE,real_observed_association_score,analytic_association_only,0.5
NL,COROP,2015,2021,LZ,KZ,0.06803978234529495,0.5,0.5,0.5,2,negative,0.5,0.5492100242244947,covid,ASSOCIATION_CANDIDATE,real_observed_association_score,analytic_association_only,0.5
NL,COROP,2015,2021,LZ,MN,0.06683813780546188,0.5,0.5,0.5,2,negative,0.5,0.5492100242244947,covid,ASSOCIATION_CANDIDATE,real_observed_association_score,analytic_association_only,0.5
NL,COROP,2015,2021,LZ,OQ,0.07311474531888962,0.5,0.5,0.5,2,negative,0.5,0.5492100242244947,covid,ASSOCIATION_CANDIDATE,real_observed_association_score,analytic_association_only,0.5
NL,COROP,2015,2021,LZ,RU,0.06713508069515228,0.5,0.5,0.5,2,negative,0.5,0.5492100242244947,covid,ASSOCIATION_CANDIDATE,real_observed_association_score,analytic_association_only,0.5
NL,COROP,2015,2021,MN,BE,0.0662226527929306,0.5,0.5,0.5,2,negative,0.5,0.5492100242244947,covid,ASSOCIATION_CANDIDATE,real_observed_association_score,analytic_association_only,0.5
NL,COROP,2015,2021,MN,FZ,0.06514760851860046,0.5,0.5,0.5,2,negative,0.5,0.5492100242244947,covid,ASSOCIATION_CANDIDATE,real_observed_association_score,analytic_association_only,0.5
NL,COROP,2015,2021,MN,GI,0.06555948406457901,0.5,0.5,0.5,2,negative,0.5,0.5492100242244947,covid,ASSOCIATION_CANDIDATE,real_observed_association_score,analytic_association_only,0.5
NL,COROP,2015,2021,MN,JZ,0.06605004519224167,0.5,0.5,0.5,2,negative,0.5,0.5492100242244947,covid,ASSOCIATION_CANDIDATE,real_observed_association_score,analytic_association_only,0.5
NL,COROP,2015,2021,MN,KZ,0.06702052801847458,0.5,0.5,0.5,2,negative,0.5,0.5492100242244947,covid,ASSOCIATION_CANDIDATE,real_observed_association_score,analytic_association_only,0.5
NL,COROP,2015,2021,MN,LZ,0.065434031188488,0.5,0.5,0.5,2,negative,0.5,0.5492100242244947,covid,ASSOCIATION_CANDIDATE,real_observed_association_score,analytic_association_only,0.5
NL,COROP,2015,2021,MN,OQ,0.07238917797803879,0.5,0.5,0.5,2,negative,0.5,0.5492100242244947,covid,ASSOCIATION_CANDIDATE,real_observed_association_score,analytic_association_only,0.5
NL,COROP,2015,2021,MN,RU,0.06622212380170822,0.5,0.5,0.5,2,negative,0.5,0.5492100242244947,covid,ASSOCIATION_CANDIDATE,real_observed_association_score,analytic_association_only,0.5
NL,COROP,2015,2021,OQ,BE,0.06499180942773819,0.5,0.5,0.5,2,negative,0.5,0.5492100242244947,covid,ASSOCIATION_CANDIDATE,real_observed_association_score,analytic_association_only,0.5
NL,COROP,2015,2021,OQ,FZ,0.06453746557235718,0.5,0.5,0.5,2,negative,0.5,0.5492100242244947,covid,ASSOCIATION_CANDIDATE,real_observed_association_score,analytic_association_only,0.5
NL,COROP,2015,2021,OQ,GI,0.06435033679008484,0.5,0.5,0.5,2,negative,0.5,0.5492100242244947,covid,ASSOCIATION_CANDIDATE,real_observed_association_score,analytic_association_only,0.5
NL,COROP,2015,2021,OQ,JZ,0.0649581104516983,0.5,0.5,0.5,2,negative,0.5,0.5492100242244947,covid,ASSOCIATION_CANDIDATE,real_observed_association_score,analytic_association_only,0.5
NL,COROP,2015,2021,OQ,KZ,0.06559509038925171,0.5,0.5,0.5,2,negative,0.5,0.5492100242244947,covid,ASSOCIATION_CANDIDATE,real_observed_association_score,analytic_association_only,0.5
NL,COROP,2015,2021,OQ,LZ,0.06452663987874985,0.5,0.5,0.5,2,negative,0.5,0.5492100242244947,covid,ASSOCIATION_CANDIDATE,real_observed_association_score,analytic_association_only,0.5
NL,COROP,2015,2021,OQ,MN,0.06474614143371582,0.5,0.5,0.5,2,negative,0.5,0.5492100242244947,covid,ASSOCIATION_CANDIDATE,real_observed_association_score,analytic_association_only,0.5
NL,COROP,2015,2021,OQ,RU,0.06492487341165543,0.5,0.5,0.5,2,negative,0.5,0.5492100242244947,covid,ASSOCIATION_CANDIDATE,real_observed_association_score,analytic_association_only,0.5
NL,COROP,2015,2021,RU,BE,0.06607655435800552,0.5,0.5,0.5,2,negative,0.5,0.5492100242244947,covid,ASSOCIATION_CANDIDATE,real_observed_association_score,analytic_association_only,0.5
NL,COROP,2015,2021,RU,FZ,0.06525098532438278,0.5,0.5,0.5,2,negative,0.5,0.5492100242244947,covid,ASSOCIATION_CANDIDATE,real_observed_association_score,analytic_association_only,0.5
NL,COROP,2015,2021,RU,GI,0.06548327207565308,0.5,0.5,0.5,2,negative,0.5,0.5492100242244947,covid,ASSOCIATION_CANDIDATE,real_observed_association_score,analytic_association_only,0.5
NL,COROP,2015,2021,RU,JZ,0.06615259498357773,0.5,0.5,0.5,2,negative,0.5,0.5492100242244947,covid,ASSOCIATION_CANDIDATE,real_observed_association_score,analytic_association_only,0.5
NL,COROP,2015,2021,RU,KZ,0.06696676462888718,0.5,0.5,0.5,2,negative,0.5,0.5492100242244947,covid,ASSOCIATION_CANDIDATE,real_observed_association_score,analytic_association_only,0.5
NL,COROP,2015,2021,RU,LZ,0.06542560458183289,0.5,0.5,0.5,2,negative,0.5,0.5492100242244947,covid,ASSOCIATION_CANDIDATE,real_observed_association_score,analytic_association_only,0.5
NL,COROP,2015,2021,RU,MN,0.06596629321575165,0.5,0.5,0.5,2,negative,0.5,0.5492100242244947,covid,ASSOCIATION_CANDIDATE,real_observed_association_score,analytic_association_only,0.5
NL,COROP,2015,2021,RU,OQ,0.0718570277094841,0.5,0.5,0.5,2,negative,0.5,0.5492100242244947,covid,ASSOCIATION_CANDIDATE,real_observed_association_score,analytic_association_only,0.5
NL,COROP,2016,2022,BE,FZ,0.06690285354852676,0.5,0.5,0.5,2,negative,0.5,0.5492100242244947,covid,ASSOCIATION_CANDIDATE,real_observed_association_score,analytic_association_only,0.5
NL,COROP,2016,2022,BE,GI,0.06594955921173096,0.5,0.5,0.5,2,negative,0.5,0.5492100242244947,covid,ASSOCIATION_CANDIDATE,real_observed_association_score,analytic_association_only,0.5
NL,COROP,2016,2022,BE,JZ,0.0672362744808197,0.5,0.5,0.5,2,negative,0.5,0.5492100242244947,covid,ASSOCIATION_CANDIDATE,real_observed_association_score,analytic_association_only,0.5
NL,COROP,2016,2022,BE,KZ,0.06775213778018951,0.5,0.5,0.5,2,negative,0.5,0.5492100242244947,covid,ASSOCIATION_CANDIDATE,real_observed_association_score,analytic_association_only,0.5
NL,COROP,2016,2022,BE,LZ,0.06694254279136658,0.5,0.5,0.5,2,negative,0.5,0.5492100242244947,covid,ASSOCIATION_CANDIDATE,real_observed_association_score,analytic_association_only,0.5
NL,COROP,2016,2022,BE,MN,0.06720747798681259,0.5,0.5,0.5,2,negative,0.5,0.5492100242244947,covid,ASSOCIATION_CANDIDATE,real_observed_association_score,analytic_association_only,0.5
NL,COROP,2016,2022,BE,OQ,0.06680800020694733,0.5,0.5,0.5,2,negative,0.5,0.5492100242244947,covid,ASSOCIATION_CANDIDATE,real_observed_association_score,analytic_association_only,0.5
NL,COROP,2016,2022,BE,RU,0.0672621876001358,0.5,0.5,0.5,2,negative,0.5,0.5492100242244947,covid,ASSOCIATION_CANDIDATE,real_observed_association_score,analytic_association_only,0.5
NL,COROP,2016,2022,FZ,BE,0.06783554702997208,0.5,0.5,0.5,2,negative,0.5,0.5492100242244947,covid,ASSOCIATION_CANDIDATE,real_observed_association_score,analytic_association_only,0.5
NL,COROP,2016,2022,FZ,GI,0.06654125452041626,0.5,0.5,0.5,2,negative,0.5,0.5492100242244947,covid,ASSOCIATION_CANDIDATE,real_observed_association_score,analytic_association_only,0.5
NL,COROP,2016,2022,FZ,JZ,0.06794649362564087,0.5,0.5,0.5,2,negative,0.5,0.5492100242244947,covid,ASSOCIATION_CANDIDATE,real_observed_association_score,analytic_association_only,0.5
NL,COROP,2016,2022,FZ,KZ,0.06863564252853394,0.5,0.5,0.5,2,negative,0.5,0.5492100242244947,covid,ASSOCIATION_CANDIDATE,real_observed_association_score,analytic_association_only,0.5
NL,COROP,2016,2022,FZ,LZ,0.06784135848283768,0.5,0.5,0.5,2,negative,0.5,0.5492100242244947,covid,ASSOCIATION_CANDIDATE,real_observed_association_score,analytic_association_only,0.5
NL,COROP,2016,2022,FZ,MN,0.06786922365427017,0.5,0.5,0.5,2,negative,0.5,0.5492100242244947,covid,ASSOCIATION_CANDIDATE,real_observed_association_score,analytic_association_only,0.5
NL,COROP,2016,2022,FZ,OQ,0.06775563210248947,0.5,0.5,0.5,2,negative,0.5,0.5492100242244947,covid,ASSOCIATION_CANDIDATE,real_observed_association_score,analytic_association_only,0.5
NL,COROP,2016,2022,FZ,RU,0.06813929975032806,0.5,0.5,0.5,2,negative,0.5,0.5492100242244947,covid,ASSOCIATION_CANDIDATE,real_observed_association_score,analytic_association_only,0.5
NL,COROP,2016,2022,GI,BE,0.06760548800230026,0.5,0.5,0.5,2,negative,0.5,0.5492100242244947,covid,ASSOCIATION_CANDIDATE,real_observed_association_score,analytic_association_only,0.5
NL,COROP,2016,2022,GI,FZ,0.06707555800676346,0.5,0.5,0.5,2,negative,0.5,0.5492100242244947,covid,ASSOCIATION_CANDIDATE,real_observed_association_score,analytic_association_only,0.5
NL,COROP,2016,2022,GI,JZ,0.067710280418396,0.5,0.5,0.5,2,negative,0.5,0.5492100242244947,covid,ASSOCIATION_CANDIDATE,real_observed_association_score,analytic_association_only,0.5
NL,COROP,2016,2022,GI,KZ,0.06849996745586395,0.5,0.5,0.5,2,negative,0.5,0.5492100242244947,covid,ASSOCIATION_CANDIDATE,real_observed_association_score,analytic_association_only,0.5
NL,COROP,2016,2022,GI,LZ,0.06755301356315613,0.5,0.5,0.5,2,negative,0.5,0.5492100242244947,covid,ASSOCIATION_CANDIDATE,real_observed_association_score,analytic_association_only,0.5
NL,COROP,2016,2022,GI,MN,0.06763771921396255,0.5,0.5,0.5,2,negative,0.5,0.5492100242244947,covid,ASSOCIATION_CANDIDATE,real_observed_association_score,analytic_association_only,0.5
NL,COROP,2016,2022,GI,OQ,0.06737855076789856,0.5,0.5,0.5,2,negative,0.5,0.5492100242244947,covid,ASSOCIATION_CANDIDATE,real_observed_association_score,analytic_association_only,0.5
NL,COROP,2016,2022,GI,RU,0.06783716380596161,0.5,0.5,0.5,2,negative,0.5,0.5492100242244947,covid,ASSOCIATION_CANDIDATE,real_observed_association_score,analytic_association_only,0.5
NL,COROP,2016,2022,JZ,BE,0.06670232117176056,0.5,0.5,0.5,2,negative,0.5,0.5492100242244947,covid,ASSOCIATION_CANDIDATE,real_observed_association_score,analytic_association_only,0.5
NL,COROP,2016,2022,JZ,FZ,0.06646517664194107,0.5,0.5,0.5,2,negative,0.5,0.5492100242244947,covid,ASSOCIATION_CANDIDATE,real_observed_association_score,analytic_association_only,0.5
NL,COROP,2016,2022,JZ,GI,0.06548003107309341,0.5,0.5,0.5,2,negative,0.5,0.5492100242244947,covid,ASSOCIATION_CANDIDATE,real_observed_association_score,analytic_association_only,0.5
NL,COROP,2016,2022,JZ,KZ,0.06704456359148026,0.5,0.5,0.5,2,negative,0.5,0.5492100242244947,covid,ASSOCIATION_CANDIDATE,real_observed_association_score,analytic_association_only,0.5
NL,COROP,2016,2022,JZ,LZ,0.06629035621881485,0.5,0.5,0.5,2,negative,0.5,0.5492100242244947,covid,ASSOCIATION_CANDIDATE,real_observed_association_score,analytic_association_only,0.5
NL,COROP,2016,2022,JZ,MN,0.06642168015241623,0.5,0.5,0.5,2,negative,0.5,0.5492100242244947,covid,ASSOCIATION_CANDIDATE,real_observed_association_score,analytic_association_only,0.5
NL,COROP,2016,2022,JZ,OQ,0.06627359241247177,0.5,0.5,0.5,2,negative,0.5,0.5492100242244947,covid,ASSOCIATION_CANDIDATE,real_observed_association_score,analytic_association_only,0.5
NL,COROP,2016,2022,JZ,RU,0.06659627705812454,0.5,0.5,0.5,2,negative,0.5,0.5492100242244947,covid,ASSOCIATION_CANDIDATE,real_observed_association_score,analytic_association_only,0.5
NL,COROP,2016,2022,KZ,BE,0.06607562303543091,0.5,0.5,0.5,2,negative,0.5,0.5492100242244947,covid,ASSOCIATION_CANDIDATE,real_observed_association_score,analytic_association_only,0.5
NL,COROP,2016,2022,KZ,FZ,0.06599737703800201,0.5,0.5,0.5,2,negative,0.5,0.5492100242244947,covid,ASSOCIATION_CANDIDATE,real_observed_association_score,analytic_association_only,0.5
NL,COROP,2016,2022,KZ,GI,0.06497306376695633,0.5,0.5,0.5,2,negative,0.5,0.5492100242244947,covid,ASSOCIATION_CANDIDATE,real_observed_association_score,analytic_association_only,0.5
NL,COROP,2016,2022,KZ,JZ,0.06599833816289902,0.5,0.5,0.5,2,negative,0.5,0.5492100242244947,covid,ASSOCIATION_CANDIDATE,real_observed_association_score,analytic_association_only,0.5
NL,COROP,2016,2022,KZ,LZ,0.06585986912250519,0.5,0.5,0.5,2,negative,0.5,0.5492100242244947,covid,ASSOCIATION_CANDIDATE,real_observed_association_score,analytic_association_only,0.5
NL,COROP,2016,2022,KZ,MN,0.06600751727819443,0.5,0.5,0.5,2,negative,0.5,0.5492100242244947,covid,ASSOCIATION_CANDIDATE,real_observed_association_score,analytic_association_only,0.5
NL,COROP,2016,2022,KZ,OQ,0.06587444990873337,0.5,0.5,0.5,2,negative,0.5,0.5492100242244947,covid,ASSOCIATION_CANDIDATE,real_observed_association_score,analytic_association_only,0.5
NL,COROP,2016,2022,KZ,RU,0.06615088880062103,0.5,0.5,0.5,2,negative,0.5,0.5492100242244947,covid,ASSOCIATION_CANDIDATE,real_observed_association_score,analytic_association_only,0.5
NL,COROP,2016,2022,LZ,BE,0.06709633022546768,0.5,0.5,0.5,2,negative,0.5,0.5492100242244947,covid,ASSOCIATION_CANDIDATE,real_observed_association_score,analytic_association_only,0.5
NL,COROP,2016,2022,LZ,FZ,0.06675431877374649,0.5,0.5,0.5,2,negative,0.5,0.5492100242244947,covid,ASSOCIATION_CANDIDATE,real_observed_association_score,analytic_association_only,0.5
NL,COROP,2016,2022,LZ,GI,0.0658499076962471,0.5,0.5,0.5,2,negative,0.5,0.5492100242244947,covid,ASSOCIATION_CANDIDATE,real_observed_association_score,analytic_association_only,0.5
NL,COROP,2016,2022,LZ,JZ,0.06702329218387604,0.5,0.5,0.5,2,negative,0.5,0.5492100242244947,covid,ASSOCIATION_CANDIDATE,real_observed_association_score,analytic_association_only,0.5
NL,COROP,2016,2022,LZ,KZ,0.0674675777554512,0.5,0.5,0.5,2,negative,0.5,0.5492100242244947,covid,ASSOCIATION_CANDIDATE,real_observed_association_score,analytic_association_only,0.5
NL,COROP,2016,2022,LZ,MN,0.06698130071163177,0.5,0.5,0.5,2,negative,0.5,0.5492100242244947,covid,ASSOCIATION_CANDIDATE,real_observed_association_score,analytic_association_only,0.5
NL,COROP,2016,2022,LZ,OQ,0.06687100976705551,0.5,0.5,0.5,2,negative,0.5,0.5492100242244947,covid,ASSOCIATION_CANDIDATE,real_observed_association_score,analytic_association_only,0.5
NL,COROP,2016,2022,LZ,RU,0.06708595901727676,0.5,0.5,0.5,2,negative,0.5,0.5492100242244947,covid,ASSOCIATION_CANDIDATE,real_observed_association_score,analytic_association_only,0.5
NL,COROP,2016,2022,MN,BE,0.06672387570142746,0.5,0.5,0.5,2,negative,0.5,0.5492100242244947,covid,ASSOCIATION_CANDIDATE,real_observed_association_score,analytic_association_only,0.5
NL,COROP,2016,2022,MN,FZ,0.06645162403583527,0.5,0.5,0.5,2,negative,0.5,0.5492100242244947,covid,ASSOCIATION_CANDIDATE,real_observed_association_score,analytic_association_only,0.5
NL,COROP,2016,2022,MN,GI,0.06553103774785995,0.5,0.5,0.5,2,negative,0.5,0.5492100242244947,covid,ASSOCIATION_CANDIDATE,real_observed_association_score,analytic_association_only,0.5
NL,COROP,2016,2022,MN,JZ,0.06645538657903671,0.5,0.5,0.5,2,negative,0.5,0.5492100242244947,covid,ASSOCIATION_CANDIDATE,real_observed_association_score,analytic_association_only,0.5
NL,COROP,2016,2022,MN,KZ,0.06710895895957947,0.5,0.5,0.5,2,negative,0.5,0.5492100242244947,covid,ASSOCIATION_CANDIDATE,real_observed_association_score,analytic_association_only,0.5
NL,COROP,2016,2022,MN,LZ,0.06639458239078522,0.5,0.5,0.5,2,negative,0.5,0.5492100242244947,covid,ASSOCIATION_CANDIDATE,real_observed_association_score,analytic_association_only,0.5
NL,COROP,2016,2022,MN,OQ,0.06630222499370575,0.5,0.5,0.5,2,negative,0.5,0.5492100242244947,covid,ASSOCIATION_CANDIDATE,real_observed_association_score,analytic_association_only,0.5
NL,COROP,2016,2022,MN,RU,0.06664703786373138,0.5,0.5,0.5,2,negative,0.5,0.5492100242244947,covid,ASSOCIATION_CANDIDATE,real_observed_association_score,analytic_association_only,0.5
NL,COROP,2016,2022,OQ,BE,0.06682761013507843,0.5,0.5,0.5,2,negative,0.5,0.5492100242244947,covid,ASSOCIATION_CANDIDATE,real_observed_association_score,analytic_association_only,0.5
NL,COROP,2016,2022,OQ,FZ,0.06651966273784637,0.5,0.5,0.5,2,negative,0.5,0.5492100242244947,covid,ASSOCIATION_CANDIDATE,real_observed_association_score,analytic_association_only,0.5
NL,COROP,2016,2022,OQ,GI,0.06564062088727951,0.5,0.5,0.5,2,negative,0.5,0.5492100242244947,covid,ASSOCIATION_CANDIDATE,real_observed_association_score,analytic_association_only,0.5
NL,COROP,2016,2022,OQ,JZ,0.0667104572057724,0.5,0.5,0.5,2,negative,0.5,0.5492100242244947,covid,ASSOCIATION_CANDIDATE,real_observed_association_score,analytic_association_only,0.5
NL,COROP,2016,2022,OQ,KZ,0.06730801612138748,0.5,0.5,0.5,2,negative,0.5,0.5492100242244947,covid,ASSOCIATION_CANDIDATE,real_observed_association_score,analytic_association_only,0.5
NL,COROP,2016,2022,OQ,LZ,0.06660303473472595,0.5,0.5,0.5,2,negative,0.5,0.5492100242244947,covid,ASSOCIATION_CANDIDATE,real_observed_association_score,analytic_association_only,0.5
NL,COROP,2016,2022,OQ,MN,0.06672403961420059,0.5,0.5,0.5,2,negative,0.5,0.5492100242244947,covid,ASSOCIATION_CANDIDATE,real_observed_association_score,analytic_association_only,0.5
NL,COROP,2016,2022,OQ,RU,0.06682243943214417,0.5,0.5,0.5,2,negative,0.5,0.5492100242244947,covid,ASSOCIATION_CANDIDATE,real_observed_association_score,analytic_association_only,0.5
NL,COROP,2016,2022,RU,BE,0.06643912941217422,0.5,0.5,0.5,2,negative,0.5,0.5492100242244947,covid,ASSOCIATION_CANDIDATE,real_observed_association_score,analytic_association_only,0.5
NL,COROP,2016,2022,RU,FZ,0.06633929163217545,0.5,0.5,0.5,2,negative,0.5,0.5492100242244947,covid,ASSOCIATION_CANDIDATE,real_observed_association_score,analytic_association_only,0.5
NL,COROP,2016,2022,RU,GI,0.06526052951812744,0.5,0.5,0.5,2,negative,0.5,0.5492100242244947,covid,ASSOCIATION_CANDIDATE,real_observed_association_score,analytic_association_only,0.5
NL,COROP,2016,2022,RU,JZ,0.06634719669818878,0.5,0.5,0.5,2,negative,0.5,0.5492100242244947,covid,ASSOCIATION_CANDIDATE,real_observed_association_score,analytic_association_only,0.5
NL,COROP,2016,2022,RU,KZ,0.0667986199259758,0.5,0.5,0.5,2,negative,0.5,0.5492100242244947,covid,ASSOCIATION_CANDIDATE,real_observed_association_score,analytic_association_only,0.5
NL,COROP,2016,2022,RU,LZ,0.06618872284889221,0.5,0.5,0.5,2,negative,0.5,0.5492100242244947,covid,ASSOCIATION_CANDIDATE,real_observed_association_score,analytic_association_only,0.5
NL,COROP,2016,2022,RU,MN,0.06635001301765442,0.5,0.5,0.5,2,negative,0.5,0.5492100242244947,covid,ASSOCIATION_CANDIDATE,real_observed_association_score,analytic_association_only,0.5
NL,COROP,2016,2022,RU,OQ,0.06607981771230698,0.5,0.5,0.5,2,negative,0.5,0.5492100242244947,covid,ASSOCIATION_CANDIDATE,real_observed_association_score,analytic_association_only,0.5
NL,COROP,2017,2023,BE,FZ,0.06783758848905563,0.5,0.5,0.5,2,negative,0.5,0.5492100242244947,covid,ASSOCIATION_CANDIDATE,real_observed_association_score,analytic_association_only,0.5
NL,COROP,2017,2023,BE,GI,0.06666907668113708,0.5,0.5,0.5,2,negative,0.5,0.5492100242244947,covid,ASSOCIATION_CANDIDATE,real_observed_association_score,analytic_association_only,0.5
NL,COROP,2017,2023,BE,JZ,0.06813596934080124,0.5,0.5,0.5,2,negative,0.5,0.5492100242244947,covid,ASSOCIATION_CANDIDATE,real_observed_association_score,analytic_association_only,0.5
NL,COROP,2017,2023,BE,KZ,0.06826763600111008,0.5,0.5,0.5,2,negative,0.5,0.5492100242244947,covid,ASSOCIATION_CANDIDATE,real_observed_association_score,analytic_association_only,0.5
NL,COROP,2017,2023,BE,LZ,0.06775821000337601,0.5,0.5,0.5,2,negative,0.5,0.5492100242244947,covid,ASSOCIATION_CANDIDATE,real_observed_association_score,analytic_association_only,0.5
NL,COROP,2017,2023,BE,MN,0.0680813118815422,0.5,0.5,0.5,2,negative,0.5,0.5492100242244947,covid,ASSOCIATION_CANDIDATE,real_observed_association_score,analytic_association_only,0.5
NL,COROP,2017,2023,BE,OQ,0.06740261614322662,0.5,0.5,0.5,2,negative,0.5,0.5492100242244947,covid,ASSOCIATION_CANDIDATE,real_observed_association_score,analytic_association_only,0.5
NL,COROP,2017,2023,BE,RU,0.0686960369348526,0.5,0.5,0.5,2,negative,0.5,0.5492100242244947,covid,ASSOCIATION_CANDIDATE,real_observed_association_score,analytic_association_only,0.5
NL,COROP,2017,2023,FZ,BE,0.06698153913021088,0.5,0.5,0.5,2,negative,0.5,0.5492100242244947,covid,ASSOCIATION_CANDIDATE,real_observed_association_score,analytic_association_only,0.5
NL,COROP,2017,2023,FZ,GI,0.06675095856189728,0.5,0.5,0.5,2,negative,0.5,0.5492100242244947,covid,ASSOCIATION_CANDIDATE,real_observed_association_score,analytic_association_only,0.5
NL,COROP,2017,2023,FZ,JZ,0.06799409538507462,0.5,0.5,0.5,2,negative,0.5,0.5492100242244947,covid,ASSOCIATION_CANDIDATE,real_observed_association_score,analytic_association_only,0.5
NL,COROP,2017,2023,FZ,KZ,0.06826580315828323,0.5,0.5,0.5,2,negative,0.5,0.5492100242244947,covid,ASSOCIATION_CANDIDATE,real_observed_association_score,analytic_association_only,0.5
NL,COROP,2017,2023,FZ,LZ,0.06775806844234467,0.5,0.5,0.5,2,negative,0.5,0.5492100242244947,covid,ASSOCIATION_CANDIDATE,real_observed_association_score,analytic_association_only,0.5
NL,COROP,2017,2023,FZ,MN,0.06793896853923798,0.5,0.5,0.5,2,negative,0.5,0.5492100242244947,covid,ASSOCIATION_CANDIDATE,real_observed_association_score,analytic_association_only,0.5
NL,COROP,2017,2023,FZ,OQ,0.06745195388793945,0.5,0.5,0.5,2,negative,0.5,0.5492100242244947,covid,ASSOCIATION_CANDIDATE,real_observed_association_score,analytic_association_only,0.5
NL,COROP,2017,2023,FZ,RU,0.06872433423995972,0.5,0.5,0.5,2,negative,0.5,0.5492100242244947,covid,ASSOCIATION_CANDIDATE,real_observed_association_score,analytic_association_only,0.5
NL,COROP,2017,2023,GI,BE,0.06728532910346985,0.5,0.5,0.5,2,negative,0.5,0.5492100242244947,covid,ASSOCIATION_CANDIDATE,real_observed_association_score,analytic_association_only,0.5
NL,COROP,2017,2023,GI,FZ,0.06821436434984207,0.5,0.5,0.5,2,negative,0.5,0.5492100242244947,covid,ASSOCIATION_CANDIDATE,real_observed_association_score,analytic_association_only,0.5
NL,COROP,2017,2023,GI,JZ,0.06844622641801834,0.5,0.5,0.5,2,negative,0.5,0.5492100242244947,covid,ASSOCIATION_CANDIDATE,real_observed_association_score,analytic_association_only,0.5
NL,COROP,2017,2023,GI,KZ,0.06880205869674683,0.5,0.5,0.5,2,negative,0.5,0.5492100242244947,covid,ASSOCIATION_CANDIDATE,real_observed_association_score,analytic_association_only,0.5
NL,COROP,2017,2023,GI,LZ,0.06819093972444534,0.5,0.5,0.5,2,negative,0.5,0.5492100242244947,covid,ASSOCIATION_CANDIDATE,real_observed_association_score,analytic_association_only,0.5
NL,COROP,2017,2023,GI,MN,0.06839360296726227,0.5,0.5,0.5,2,negative,0.5,0.5492100242244947,covid,ASSOCIATION_CANDIDATE,real_observed_association_score,analytic_association_only,0.5
NL,COROP,2017,2023,GI,OQ,0.06780806928873062,0.5,0.5,0.5,2,negative,0.5,0.5492100242244947,covid,ASSOCIATION_CANDIDATE,real_observed_association_score,analytic_association_only,0.5
NL,COROP,2017,2023,GI,RU,0.06910759210586548,0.5,0.5,0.5,2,negative,0.5,0.5492100242244947,covid,ASSOCIATION_CANDIDATE,real_observed_association_score,analytic_association_only,0.5
NL,COROP,2017,2023,JZ,BE,0.06621180474758148,0.5,0.5,0.5,2,negative,0.5,0.5492100242244947,covid,ASSOCIATION_CANDIDATE,real_observed_association_score,analytic_association_only,0.5
NL,COROP,2017,2023,JZ,FZ,0.06693759560585022,0.5,0.5,0.5,2,negative,0.5,0.5492100242244947,covid,ASSOCIATION_CANDIDATE,real_observed_association_score,analytic_association_only,0.5
NL,COROP,2017,2023,JZ,GI,0.06599843502044678,0.5,0.5,0.5,2,negative,0.5,0.5492100242244947,covid,ASSOCIATION_CANDIDATE,real_observed_association_score,analytic_association_only,0.5
NL,COROP,2017,2023,JZ,KZ,0.06696201115846634,0.5,0.5,0.5,2,negative,0.5,0.5492100242244947,covid,ASSOCIATION_CANDIDATE,real_observed_association_score,analytic_association_only,0.5
NL,COROP,2017,2023,JZ,LZ,0.06660915911197662,0.5,0.5,0.5,2,negative,0.5,0.5492100242244947,covid,ASSOCIATION_CANDIDATE,real_observed_association_score,analytic_association_only,0.5
NL,COROP,2017,2023,JZ,MN,0.06662806123495102,0.5,0.5,0.5,2,negative,0.5,0.5492100242244947,covid,ASSOCIATION_CANDIDATE,real_observed_association_score,analytic_association_only,0.5
NL,COROP,2017,2023,JZ,OQ,0.0663057193160057,0.5,0.5,0.5,2,negative,0.5,0.5492100242244947,covid,ASSOCIATION_CANDIDATE,real_observed_association_score,analytic_association_only,0.5
NL,COROP,2017,2023,JZ,RU,0.06736186146736145,0.5,0.5,0.5,2,negative,0.5,0.5492100242244947,covid,ASSOCIATION_CANDIDATE,real_observed_association_score,analytic_association_only,0.5
NL,COROP,2017,2023,KZ,BE,0.06555317342281342,0.5,0.5,0.5,2,negative,0.5,0.5492100242244947,covid,ASSOCIATION_CANDIDATE,real_observed_association_score,analytic_association_only,0.5
NL,COROP,2017,2023,KZ,FZ,0.06623730808496475,0.5,0.5,0.5,2,negative,0.5,0.5492100242244947,covid,ASSOCIATION_CANDIDATE,real_observed_association_score,analytic_association_only,0.5
NL,COROP,2017,2023,KZ,GI,0.06541252881288528,0.5,0.5,0.5,2,negative,0.5,0.5492100242244947,covid,ASSOCIATION_CANDIDATE,real_observed_association_score,analytic_association_only,0.5
NL,COROP,2017,2023,KZ,JZ,0.06635016202926636,0.5,0.5,0.5,2,negative,0.5,0.5492100242244947,covid,ASSOCIATION_CANDIDATE,real_observed_association_score,analytic_association_only,0.5
NL,COROP,2017,2023,KZ,LZ,0.0660938248038292,0.5,0.5,0.5,2,negative,0.5,0.5492100242244947,covid,ASSOCIATION_CANDIDATE,real_observed_association_score,analytic_association_only,0.5
NL,COROP,2017,2023,KZ,MN,0.06637933850288391,0.5,0.5,0.5,2,negative,0.5,0.5492100242244947,covid,ASSOCIATION_CANDIDATE,real_observed_association_score,analytic_association_only,0.5
NL,COROP,2017,2023,KZ,OQ,0.06607400625944138,0.5,0.5,0.5,2,negative,0.5,0.5492100242244947,covid,ASSOCIATION_CANDIDATE,real_observed_association_score,analytic_association_only,0.5
NL,COROP,2017,2023,KZ,RU,0.06671684980392456,0.5,0.5,0.5,2,negative,0.5,0.5492100242244947,covid,ASSOCIATION_CANDIDATE,real_observed_association_score,analytic_association_only,0.5
NL,COROP,2017,2023,LZ,BE,0.06634524464607239,0.5,0.5,0.5,2,negative,0.5,0.5492100242244947,covid,ASSOCIATION_CANDIDATE,real_observed_association_score,analytic_association_only,0.5
NL,COROP,2017,2023,LZ,FZ,0.06711938977241516,0.5,0.5,0.5,2,negative,0.5,0.5492100242244947,covid,ASSOCIATION_CANDIDATE,real_observed_association_score,analytic_association_only,0.5
NL,COROP,2017,2023,LZ,GI,0.06604636460542679,0.5,0.5,0.5,2,negative,0.5,0.5492100242244947,covid,ASSOCIATION_CANDIDATE,real_observed_association_score,analytic_association_only,0.5
NL,COROP,2017,2023,LZ,JZ,0.06691534072160721,0.5,0.5,0.5,2,negative,0.5,0.5492100242244947,covid,ASSOCIATION_CANDIDATE,real_observed_association_score,analytic_association_only,0.5
NL,COROP,2017,2023,LZ,KZ,0.0671435073018074,0.5,0.5,0.5,2,negative,0.5,0.5492100242244947,covid,ASSOCIATION_CANDIDATE,real_observed_association_score,analytic_association_only,0.5
NL,COROP,2017,2023,LZ,MN,0.06684994697570801,0.5,0.5,0.5,2,negative,0.5,0.5492100242244947,covid,ASSOCIATION_CANDIDATE,real_observed_association_score,analytic_association_only,0.5
NL,COROP,2017,2023,LZ,OQ,0.06644026935100555,0.5,0.5,0.5,2,negative,0.5,0.5492100242244947,covid,ASSOCIATION_CANDIDATE,real_observed_association_score,analytic_association_only,0.5
NL,COROP,2017,2023,LZ,RU,0.06757844239473343,0.5,0.5,0.5,2,negative,0.5,0.5492100242244947,covid,ASSOCIATION_CANDIDATE,real_observed_association_score,analytic_association_only,0.5
NL,COROP,2017,2023,MN,BE,0.06626084446907043,0.5,0.5,0.5,2,negative,0.5,0.5492100242244947,covid,ASSOCIATION_CANDIDATE,real_observed_association_score,analytic_association_only,0.5
NL,COROP,2017,2023,MN,FZ,0.06700046360492706,0.5,0.5,0.5,2,negative,0.5,0.5492100242244947,covid,ASSOCIATION_CANDIDATE,real_observed_association_score,analytic_association_only,0.5
NL,COROP,2017,2023,MN,GI,0.06607025116682053,0.5,0.5,0.5,2,negative,0.5,0.5492100242244947,covid,ASSOCIATION_CANDIDATE,real_observed_association_score,analytic_association_only,0.5
NL,COROP,2017,2023,MN,JZ,0.06665115803480148,0.5,0.5,0.5,2,negative,0.5,0.5492100242244947,covid,ASSOCIATION_CANDIDATE,real_observed_association_score,analytic_association_only,0.5
NL,COROP,2017,2023,MN,KZ,0.0669936090707779,0.5,0.5,0.5,2,negative,0.5,0.5492100242244947,covid,ASSOCIATION_CANDIDATE,real_observed_association_score,analytic_association_only,0.5
NL,COROP,2017,2023,MN,LZ,0.06665574759244919,0.5,0.5,0.5,2,negative,0.5,0.5492100242244947,covid,ASSOCIATION_CANDIDATE,real_observed_association_score,analytic_association_only,0.5
NL,COROP,2017,2023,MN,OQ,0.06631727516651154,0.5,0.5,0.5,2,negative,0.5,0.5492100242244947,covid,ASSOCIATION_CANDIDATE,real_observed_association_score,analytic_association_only,0.5
NL,COROP,2017,2023,MN,RU,0.06741787493228912,0.5,0.5,0.5,2,negative,0.5,0.5492100242244947,covid,ASSOCIATION_CANDIDATE,real_observed_association_score,analytic_association_only,0.5
NL,COROP,2017,2023,OQ,BE,0.06644506007432938,0.5,0.5,0.5,2,negative,0.5,0.5492100242244947,covid,ASSOCIATION_CANDIDATE,real_observed_association_score,analytic_association_only,0.5
NL,COROP,2017,2023,OQ,FZ,0.06715887039899826,0.5,0.5,0.5,2,negative,0.5,0.5492100242244947,covid,ASSOCIATION_CANDIDATE,real_observed_association_score,analytic_association_only,0.5
NL,COROP,2017,2023,OQ,GI,0.06631074100732803,0.5,0.5,0.5,2,negative,0.5,0.5492100242244947,covid,ASSOCIATION_CANDIDATE,real_observed_association_score,analytic_association_only,0.5
NL,COROP,2017,2023,OQ,JZ,0.06705567240715027,0.5,0.5,0.5,2,negative,0.5,0.5492100242244947,covid,ASSOCIATION_CANDIDATE,real_observed_association_score,analytic_association_only,0.5
NL,COROP,2017,2023,OQ,KZ,0.06742719560861588,0.5,0.5,0.5,2,negative,0.5,0.5492100242244947,covid,ASSOCIATION_CANDIDATE,real_observed_association_score,analytic_association_only,0.5
NL,COROP,2017,2023,OQ,LZ,0.06694485247135162,0.5,0.5,0.5,2,negative,0.5,0.5492100242244947,covid,ASSOCIATION_CANDIDATE,real_observed_association_score,analytic_association_only,0.5
NL,COROP,2017,2023,OQ,MN,0.0670611783862114,0.5,0.5,0.5,2,negative,0.5,0.5492100242244947,covid,ASSOCIATION_CANDIDATE,real_observed_association_score,analytic_association_only,0.5
NL,COROP,2017,2023,OQ,RU,0.06778218597173691,0.5,0.5,0.5,2,negative,0.5,0.5492100242244947,covid,ASSOCIATION_CANDIDATE,real_observed_association_score,analytic_association_only,0.5
NL,COROP,2017,2023,RU,BE,0.06565485894680023,0.5,0.5,0.5,2,negative,0.5,0.5492100242244947,covid,ASSOCIATION_CANDIDATE,real_observed_association_score,analytic_association_only,0.5
NL,COROP,2017,2023,RU,FZ,0.06634990125894547,0.5,0.5,0.5,2,negative,0.5,0.5492100242244947,covid,ASSOCIATION_CANDIDATE,real_observed_association_score,analytic_association_only,0.5
NL,COROP,2017,2023,RU,GI,0.06554353982210159,0.5,0.5,0.5,2,negative,0.5,0.5492100242244947,covid,ASSOCIATION_CANDIDATE,real_observed_association_score,analytic_association_only,0.5
NL,COROP,2017,2023,RU,JZ,0.06631608307361603,0.5,0.5,0.5,2,negative,0.5,0.5492100242244947,covid,ASSOCIATION_CANDIDATE,real_observed_association_score,analytic_association_only,0.5
NL,COROP,2017,2023,RU,KZ,0.06629401445388794,0.5,0.5,0.5,2,negative,0.5,0.5492100242244947,covid,ASSOCIATION_CANDIDATE,real_observed_association_score,analytic_association_only,0.5
NL,COROP,2017,2023,RU,LZ,0.06611432880163193,0.5,0.5,0.5,2,negative,0.5,0.5492100242244947,covid,ASSOCIATION_CANDIDATE,real_observed_association_score,analytic_association_only,0.5
NL,COROP,2017,2023,RU,MN,0.0663365051150322,0.5,0.5,0.5,2,negative,0.5,0.5492100242244947,covid,ASSOCIATION_CANDIDATE,real_observed_association_score,analytic_association_only,0.5
NL,COROP,2017,2023,RU,OQ,0.0659288540482521,0.5,0.5,0.5,2,negative,0.5,0.5492100242244947,covid,ASSOCIATION_CANDIDATE,real_observed_association_score,analytic_association_only,0.5
NL,COROP,2019,2025,BE,FZ,0.06758269667625427,0.5,0.5,0.5,2,negative,0.5,0.5492100242244947,covid,ASSOCIATION_CANDIDATE,real_observed_association_score,analytic_association_only,0.5
NL,COROP,2019,2025,BE,GI,0.06807304173707962,0.5,0.5,0.5,2,negative,0.5,0.5492100242244947,covid,ASSOCIATION_CANDIDATE,real_observed_association_score,analytic_association_only,0.5
NL,COROP,2019,2025,BE,JZ,0.0679345577955246,0.5,0.5,0.5,2,negative,0.5,0.5492100242244947,covid,ASSOCIATION_CANDIDATE,real_observed_association_score,analytic_association_only,0.5
NL,COROP,2019,2025,BE,KZ,0.074199378490448,0.5,0.5,0.5,2,negative,0.5,0.5492100242244947,covid,ASSOCIATION_CANDIDATE,real_observed_association_score,analytic_association_only,0.5
NL,COROP,2019,2025,BE,LZ,0.06882967054843903,0.5,0.5,0.5,2,negative,0.5,0.5492100242244947,covid,ASSOCIATION_CANDIDATE,real_observed_association_score,analytic_association_only,0.5
NL,COROP,2019,2025,BE,MN,0.0670994371175766,0.5,0.5,0.5,2,negative,0.5,0.5492100242244947,covid,ASSOCIATION_CANDIDATE,real_observed_association_score,analytic_association_only,0.5
NL,COROP,2019,2025,BE,OQ,0.06715387105941772,0.5,0.5,0.5,2,negative,0.5,0.5492100242244947,covid,ASSOCIATION_CANDIDATE,real_observed_association_score,analytic_association_only,0.5
NL,COROP,2019,2025,BE,RU,0.06783009320497513,0.5,0.5,0.5,2,negative,0.5,0.5492100242244947,covid,ASSOCIATION_CANDIDATE,real_observed_association_score,analytic_association_only,0.5
NL,COROP,2019,2025,FZ,BE,0.06847601383924484,0.5,0.5,0.5,2,negative,0.5,0.5492100242244947,covid,ASSOCIATION_CANDIDATE,real_observed_association_score,analytic_association_only,0.5
NL,COROP,2019,2025,FZ,GI,0.06872323155403137,0.5,0.5,0.5,2,negative,0.5,0.5492100242244947,covid,ASSOCIATION_CANDIDATE,real_observed_association_score,analytic_association_only,0.5
NL,COROP,2019,2025,FZ,JZ,0.06856776773929596,0.5,0.5,0.5,2,negative,0.5,0.5492100242244947,covid,ASSOCIATION_CANDIDATE,real_observed_association_score,analytic_association_only,0.5
NL,COROP,2019,2025,FZ,KZ,0.07509644329547882,0.5,0.5,0.5,2,negative,0.5,0.5492100242244947,covid,ASSOCIATION_CANDIDATE,real_observed_association_score,analytic_association_only,0.5
NL,COROP,2019,2025,FZ,LZ,0.06954137235879898,0.5,0.5,0.5,2,negative,0.5,0.5492100242244947,covid,ASSOCIATION_CANDIDATE,real_observed_association_score,analytic_association_only,0.5
NL,COROP,2019,2025,FZ,MN,0.06778165698051453,0.5,0.5,0.5,2,negative,0.5,0.5492100242244947,covid,ASSOCIATION_CANDIDATE,real_observed_association_score,analytic_association_only,0.5
NL,COROP,2019,2025,FZ,OQ,0.06777250021696091,0.5,0.5,0.5,2,negative,0.5,0.5492100242244947,covid,ASSOCIATION_CANDIDATE,real_observed_association_score,analytic_association_only,0.5
NL,COROP,2019,2025,FZ,RU,0.06849977374076843,0.5,0.5,0.5,2,negative,0.5,0.5492100242244947,covid,ASSOCIATION_CANDIDATE,real_observed_association_score,analytic_association_only,0.5
NL,COROP,2019,2025,GI,BE,0.06767690926790237,0.5,0.5,0.5,2,negative,0.5,0.5492100242244947,covid,ASSOCIATION_CANDIDATE,real_observed_association_score,analytic_association_only,0.5
NL,COROP,2019,2025,GI,FZ,0.06743814051151276,0.5,0.5,0.5,2,negative,0.5,0.5492100242244947,covid,ASSOCIATION_CANDIDATE,real_observed_association_score,analytic_association_only,0.5
NL,COROP,2019,2025,GI,JZ,0.0675608366727829,0.5,0.5,0.5,2,negative,0.5,0.5492100242244947,covid,ASSOCIATION_CANDIDATE,real_observed_association_score,analytic_association_only,0.5
NL,COROP,2019,2025,GI,KZ,0.0736733227968216,0.5,0.5,0.5,2,negative,0.5,0.5492100242244947,covid,ASSOCIATION_CANDIDATE,real_observed_association_score,analytic_association_only,0.5
NL,COROP,2019,2025,GI,LZ,0.0684581771492958,0.5,0.5,0.5,2,negative,0.5,0.5492100242244947,covid,ASSOCIATION_CANDIDATE,real_observed_association_score,analytic_association_only,0.5
NL,COROP,2019,2025,GI,MN,0.0669054388999939,0.5,0.5,0.5,2,negative,0.5,0.5492100242244947,covid,ASSOCIATION_CANDIDATE,real_observed_association_score,analytic_association_only,0.5
NL,COROP,2019,2025,GI,OQ,0.06685730814933777,0.5,0.5,0.5,2,negative,0.5,0.5492100242244947,covid,ASSOCIATION_CANDIDATE,real_observed_association_score,analytic_association_only,0.5
NL,COROP,2019,2025,GI,RU,0.0674985945224762,0.5,0.5,0.5,2,negative,0.5,0.5492100242244947,covid,ASSOCIATION_CANDIDATE,real_observed_association_score,analytic_association_only,0.5
NL,COROP,2019,2025,JZ,BE,0.06739392131567001,0.5,0.5,0.5,2,negative,0.5,0.5492100242244947,covid,ASSOCIATION_CANDIDATE,real_observed_association_score,analytic_association_only,0.5
NL,COROP,2019,2025,JZ,FZ,0.06698670983314514,0.5,0.5,0.5,2,negative,0.5,0.5492100242244947,covid,ASSOCIATION_CANDIDATE,real_observed_association_score,analytic_association_only,0.5
NL,COROP,2019,2025,JZ,GI,0.06769122183322906,0.5,0.5,0.5,2,negative,0.5,0.5492100242244947,covid,ASSOCIATION_CANDIDATE,real_observed_association_score,analytic_association_only,0.5
NL,COROP,2019,2025,JZ,KZ,0.0736774280667305,0.5,0.5,0.5,2,negative,0.5,0.5492100242244947,covid,ASSOCIATION_CANDIDATE,real_observed_association_score,analytic_association_only,0.5
NL,COROP,2019,2025,JZ,LZ,0.06823687255382538,0.5,0.5,0.5,2,negative,0.5,0.5492100242244947,covid,ASSOCIATION_CANDIDATE,real_observed_association_score,analytic_association_only,0.5
NL,COROP,2019,2025,JZ,MN,0.06663034111261368,0.5,0.5,0.5,2,negative,0.5,0.5492100242244947,covid,ASSOCIATION_CANDIDATE,real_observed_association_score,analytic_association_only,0.5
NL,COROP,2019,2025,JZ,OQ,0.0666261613368988,0.5,0.5,0.5,2,negative,0.5,0.5492100242244947,covid,ASSOCIATION_CANDIDATE,real_observed_association_score,analytic_association_only,0.5
NL,COROP,2019,2025,JZ,RU,0.06730826944112778,0.5,0.5,0.5,2,negative,0.5,0.5492100242244947,covid,ASSOCIATION_CANDIDATE,real_observed_association_score,analytic_association_only,0.5
NL,COROP,2019,2025,KZ,BE,0.06606819480657578,0.5,0.5,0.5,2,negative,0.5,0.5492100242244947,covid,ASSOCIATION_CANDIDATE,real_observed_association_score,analytic_association_only,0.5
NL,COROP,2019,2025,KZ,FZ,0.06617610901594162,0.5,0.5,0.5,2,negative,0.5,0.5492100242244947,covid,ASSOCIATION_CANDIDATE,real_observed_association_score,analytic_association_only,0.5
NL,COROP,2019,2025,KZ,GI,0.06619497388601303,0.5,0.5,0.5,2,negative,0.5,0.5492100242244947,covid,ASSOCIATION_CANDIDATE,real_observed_association_score,analytic_association_only,0.5
NL,COROP,2019,2025,KZ,JZ,0.06601525098085403,0.5,0.5,0.5,2,negative,0.5,0.5492100242244947,covid,ASSOCIATION_CANDIDATE,real_observed_association_score,analytic_association_only,0.5
NL,COROP,2019,2025,KZ,LZ,0.066484734416008,0.5,0.5,0.5,2,negative,0.5,0.5492100242244947,covid,ASSOCIATION_CANDIDATE,real_observed_association_score,analytic_association_only,0.5
NL,COROP,2019,2025,KZ,MN,0.06560852378606796,0.5,0.5,0.5,2,negative,0.5,0.5492100242244947,covid,ASSOCIATION_CANDIDATE,real_observed_association_score,analytic_association_only,0.5
NL,COROP,2019,2025,KZ,OQ,0.06590399891138077,0.5,0.5,0.5,2,negative,0.5,0.5492100242244947,covid,ASSOCIATION_CANDIDATE,real_observed_association_score,analytic_association_only,0.5
NL,COROP,2019,2025,KZ,RU,0.06616456806659698,0.5,0.5,0.5,2,negative,0.5,0.5492100242244947,covid,ASSOCIATION_CANDIDATE,real_observed_association_score,analytic_association_only,0.5
NL,COROP,2019,2025,LZ,BE,0.06680586189031601,0.5,0.5,0.5,2,negative,0.5,0.5492100242244947,covid,ASSOCIATION_CANDIDATE,real_observed_association_score,analytic_association_only,0.5
NL,COROP,2019,2025,LZ,FZ,0.066619873046875,0.5,0.5,0.5,2,negative,0.5,0.5492100242244947,covid,ASSOCIATION_CANDIDATE,real_observed_association_score,analytic_association_only,0.5
NL,COROP,2019,2025,LZ,GI,0.06721196323633194,0.5,0.5,0.5,2,negative,0.5,0.5492100242244947,covid,ASSOCIATION_CANDIDATE,real_observed_association_score,analytic_association_only,0.5
NL,COROP,2019,2025,LZ,JZ,0.06700515002012253,0.5,0.5,0.5,2,negative,0.5,0.5492100242244947,covid,ASSOCIATION_CANDIDATE,real_observed_association_score,analytic_association_only,0.5
NL,COROP,2019,2025,LZ,KZ,0.07312376797199249,0.5,0.5,0.5,2,negative,0.5,0.5492100242244947,covid,ASSOCIATION_CANDIDATE,real_observed_association_score,analytic_association_only,0.5
NL,COROP,2019,2025,LZ,MN,0.06636527180671692,0.5,0.5,0.5,2,negative,0.5,0.5492100242244947,covid,ASSOCIATION_CANDIDATE,real_observed_association_score,analytic_association_only,0.5
NL,COROP,2019,2025,LZ,OQ,0.06635688245296478,0.5,0.5,0.5,2,negative,0.5,0.5492100242244947,covid,ASSOCIATION_CANDIDATE,real_observed_association_score,analytic_association_only,0.5
NL,COROP,2019,2025,LZ,RU,0.0668708011507988,0.5,0.5,0.5,2,negative,0.5,0.5492100242244947,covid,ASSOCIATION_CANDIDATE,real_observed_association_score,analytic_association_only,0.5
NL,COROP,2019,2025,MN,BE,0.06818103790283203,0.5,0.5,0.5,2,negative,0.5,0.5492100242244947,covid,ASSOCIATION_CANDIDATE,real_observed_association_score,analytic_association_only,0.5
NL,COROP,2019,2025,MN,FZ,0.06784471869468689,0.5,0.5,0.5,2,negative,0.5,0.5492100242244947,covid,ASSOCIATION_CANDIDATE,real_observed_association_score,analytic_association_only,0.5
NL,COROP,2019,2025,MN,GI,0.06836984306573868,0.5,0.5,0.5,2,negative,0.5,0.5492100242244947,covid,ASSOCIATION_CANDIDATE,real_observed_association_score,analytic_association_only,0.5
NL,COROP,2019,2025,MN,JZ,0.06796767562627792,0.5,0.5,0.5,2,negative,0.5,0.5492100242244947,covid,ASSOCIATION_CANDIDATE,real_observed_association_score,analytic_association_only,0.5
NL,COROP,2019,2025,MN,KZ,0.07440079748630524,0.5,0.5,0.5,2,negative,0.5,0.5492100242244947,covid,ASSOCIATION_CANDIDATE,real_observed_association_score,analytic_association_only,0.5
NL,COROP,2019,2025,MN,LZ,0.06901849806308746,0.5,0.5,0.5,2,negative,0.5,0.5492100242244947,covid,ASSOCIATION_CANDIDATE,real_observed_association_score,analytic_association_only,0.5
NL,COROP,2019,2025,MN,OQ,0.06720853596925735,0.5,0.5,0.5,2,negative,0.5,0.5492100242244947,covid,ASSOCIATION_CANDIDATE,real_observed_association_score,analytic_association_only,0.5
NL,COROP,2019,2025,MN,RU,0.067977674305439,0.5,0.5,0.5,2,negative,0.5,0.5492100242244947,covid,ASSOCIATION_CANDIDATE,real_observed_association_score,analytic_association_only,0.5
NL,COROP,2019,2025,OQ,BE,0.06833478808403015,0.5,0.5,0.5,2,negative,0.5,0.5492100242244947,covid,ASSOCIATION_CANDIDATE,real_observed_association_score,analytic_association_only,0.5
NL,COROP,2019,2025,OQ,FZ,0.06793755292892456,0.5,0.5,0.5,2,negative,0.5,0.5492100242244947,covid,ASSOCIATION_CANDIDATE,real_observed_association_score,analytic_association_only,0.5
NL,COROP,2019,2025,OQ,GI,0.06856802105903625,0.5,0.5,0.5,2,negative,0.5,0.5492100242244947,covid,ASSOCIATION_CANDIDATE,real_observed_association_score,analytic_association_only,0.5
NL,COROP,2019,2025,OQ,JZ,0.06826020777225494,0.5,0.5,0.5,2,negative,0.5,0.5492100242244947,covid,ASSOCIATION_CANDIDATE,real_observed_association_score,analytic_association_only,0.5
NL,COROP,2019,2025,OQ,KZ,0.07469169050455093,0.5,0.5,0.5,2,negative,0.5,0.5492100242244947,covid,ASSOCIATION_CANDIDATE,real_observed_association_score,analytic_association_only,0.5
NL,COROP,2019,2025,OQ,LZ,0.06920523196458817,0.5,0.5,0.5,2,negative,0.5,0.5492100242244947,covid,ASSOCIATION_CANDIDATE,real_observed_association_score,analytic_association_only,0.5
NL,COROP,2019,2025,OQ,MN,0.06739865988492966,0.5,0.5,0.5,2,negative,0.5,0.5492100242244947,covid,ASSOCIATION_CANDIDATE,real_observed_association_score,analytic_association_only,0.5
NL,COROP,2019,2025,OQ,RU,0.06823622435331345,0.5,0.5,0.5,2,negative,0.5,0.5492100242244947,covid,ASSOCIATION_CANDIDATE,real_observed_association_score,analytic_association_only,0.5
NL,COROP,2019,2025,RU,BE,0.06747950613498688,0.5,0.5,0.5,2,negative,0.5,0.5492100242244947,covid,ASSOCIATION_CANDIDATE,real_observed_association_score,analytic_association_only,0.5
NL,COROP,2019,2025,RU,FZ,0.06713986396789551,0.5,0.5,0.5,2,negative,0.5,0.5492100242244947,covid,ASSOCIATION_CANDIDATE,real_observed_association_score,analytic_association_only,0.5
NL,COROP,2019,2025,RU,GI,0.06774616986513138,0.5,0.5,0.5,2,negative,0.5,0.5492100242244947,covid,ASSOCIATION_CANDIDATE,real_observed_association_score,analytic_association_only,0.5
NL,COROP,2019,2025,RU,JZ,0.06746813654899597,0.5,0.5,0.5,2,negative,0.5,0.5492100242244947,covid,ASSOCIATION_CANDIDATE,real_observed_association_score,analytic_association_only,0.5
NL,COROP,2019,2025,RU,KZ,0.07382594048976898,0.5,0.5,0.5,2,negative,0.5,0.5492100242244947,covid,ASSOCIATION_CANDIDATE,real_observed_association_score,analytic_association_only,0.5
NL,COROP,2019,2025,RU,LZ,0.06834746152162552,0.5,0.5,0.5,2,negative,0.5,0.5492100242244947,covid,ASSOCIATION_CANDIDATE,real_observed_association_score,analytic_association_only,0.5
NL,COROP,2019,2025,RU,MN,0.06673587113618851,0.5,0.5,0.5,2,negative,0.5,0.5492100242244947,covid,ASSOCIATION_CANDIDATE,real_observed_association_score,analytic_association_only,0.5
NL,COROP,2019,2025,RU,OQ,0.06668141484260559,0.5,0.5,0.5,2,negative,0.5,0.5492100242244947,covid,ASSOCIATION_CANDIDATE,real_observed_association_score,analytic_association_only,0.5
PT,NUTS3,2009,2015,BE,FZ,0.06978291273117065,0.5,0.5,0.5,2,negative,0.5,0.6140513621716631,pre_covid,ASSOCIATION_CANDIDATE,real_observed_association_score,analytic_association_only,0.5
PT,NUTS3,2009,2015,BE,GI,0.06844385713338852,0.5,0.5,0.5,2,negative,0.5,0.6140513621716631,pre_covid,ASSOCIATION_CANDIDATE,real_observed_association_score,analytic_association_only,0.5
PT,NUTS3,2009,2015,BE,JZ,0.06922050565481186,0.5,0.5,0.5,2,negative,0.5,0.6140513621716631,pre_covid,ASSOCIATION_CANDIDATE,real_observed_association_score,analytic_association_only,0.5
PT,NUTS3,2009,2015,BE,LZ,0.06980251520872116,0.5,0.5,0.5,2,negative,0.5,0.6140513621716631,pre_covid,ASSOCIATION_CANDIDATE,real_observed_association_score,analytic_association_only,0.5
PT,NUTS3,2009,2015,BE,MN,0.07012192904949188,0.5,0.5,0.5,2,negative,0.5,0.6140513621716631,pre_covid,ASSOCIATION_CANDIDATE,real_observed_association_score,analytic_association_only,0.5
PT,NUTS3,2009,2015,BE,OQ,0.0663771778345108,0.5,0.5,0.5,2,negative,0.5,0.6140513621716631,pre_covid,ASSOCIATION_CANDIDATE,real_observed_association_score,analytic_association_only,0.5
PT,NUTS3,2009,2015,BE,RU,0.06970351934432983,0.5,0.5,0.5,2,negative,0.5,0.6140513621716631,pre_covid,ASSOCIATION_CANDIDATE,real_observed_association_score,analytic_association_only,0.5
PT,NUTS3,2009,2015,FZ,BE,0.06667697429656982,0.5,0.5,0.5,2,negative,0.5,0.6140513621716631,pre_covid,ASSOCIATION_CANDIDATE,real_observed_association_score,analytic_association_only,0.5
PT,NUTS3,2009,2015,FZ,GI,0.0666327103972435,0.5,0.5,0.5,2,negative,0.5,0.6140513621716631,pre_covid,ASSOCIATION_CANDIDATE,real_observed_association_score,analytic_association_only,0.5
PT,NUTS3,2009,2015,FZ,JZ,0.06702950596809387,0.5,0.5,0.5,2,negative,0.5,0.6140513621716631,pre_covid,ASSOCIATION_CANDIDATE,real_observed_association_score,analytic_association_only,0.5
PT,NUTS3,2009,2015,FZ,LZ,0.06718622893095016,0.5,0.5,0.5,2,negative,0.5,0.6140513621716631,pre_covid,ASSOCIATION_CANDIDATE,real_observed_association_score,analytic_association_only,0.5
PT,NUTS3,2009,2015,FZ,MN,0.06738743931055069,0.5,0.5,0.5,2,negative,0.5,0.6140513621716631,pre_covid,ASSOCIATION_CANDIDATE,real_observed_association_score,analytic_association_only,0.5
PT,NUTS3,2009,2015,FZ,OQ,0.0652696043252945,0.5,0.5,0.5,2,negative,0.5,0.6140513621716631,pre_covid,ASSOCIATION_CANDIDATE,real_observed_association_score,analytic_association_only,0.5
PT,NUTS3,2009,2015,FZ,RU,0.0670512318611145,0.5,0.5,0.5,2,negative,0.5,0.6140513621716631,pre_covid,ASSOCIATION_CANDIDATE,real_observed_association_score,analytic_association_only,0.5
PT,NUTS3,2009,2015,GI,BE,0.06744687259197235,0.5,0.5,0.5,2,negative,0.5,0.6140513621716631,pre_covid,ASSOCIATION_CANDIDATE,real_observed_association_score,analytic_association_only,0.5
PT,NUTS3,2009,2015,GI,FZ,0.0689367726445198,0.5,0.5,0.5,2,negative,0.5,0.6140513621716631,pre_covid,ASSOCIATION_CANDIDATE,real_observed_association_score,analytic_association_only,0.5
PT,NUTS3,2009,2015,GI,JZ,0.06826557219028473,0.5,0.5,0.5,2,negative,0.5,0.6140513621716631,pre_covid,ASSOCIATION_CANDIDATE,real_observed_association_score,analytic_association_only,0.5
PT,NUTS3,2009,2015,GI,LZ,0.06904622912406921,0.5,0.5,0.5,2,negative,0.5,0.6140513621716631,pre_covid,ASSOCIATION_CANDIDATE,real_observed_association_score,analytic_association_only,0.5
PT,NUTS3,2009,2015,GI,MN,0.06920227408409119,0.5,0.5,0.5,2,negative,0.5,0.6140513621716631,pre_covid,ASSOCIATION_CANDIDATE,real_observed_association_score,analytic_association_only,0.5
PT,NUTS3,2009,2015,GI,OQ,0.0658687949180603,0.5,0.5,0.5,2,negative,0.5,0.6140513621716631,pre_covid,ASSOCIATION_CANDIDATE,real_observed_association_score,analytic_association_only,0.5
PT,NUTS3,2009,2015,GI,RU,0.06863801926374435,0.5,0.5,0.5,2,negative,0.5,0.6140513621716631,pre_covid,ASSOCIATION_CANDIDATE,real_observed_association_score,analytic_association_only,0.5
PT,NUTS3,2009,2015,JZ,BE,0.06822185218334198,0.5,0.5,0.5,2,negative,0.5,0.6140513621716631,pre_covid,ASSOCIATION_CANDIDATE,real_observed_association_score,analytic_association_only,0.5
PT,NUTS3,2009,2015,JZ,FZ,0.06891699880361557,0.5,0.5,0.5,2,negative,0.5,0.6140513621716631,pre_covid,ASSOCIATION_CANDIDATE,real_observed_association_score,analytic_association_only,0.5
PT,NUTS3,2009,2015,JZ,GI,0.06787804514169693,0.5,0.5,0.5,2,negative,0.5,0.6140513621716631,pre_covid,ASSOCIATION_CANDIDATE,real_observed_association_score,analytic_association_only,0.5
PT,NUTS3,2009,2015,JZ,LZ,0.06881990283727646,0.5,0.5,0.5,2,negative,0.5,0.6140513621716631,pre_covid,ASSOCIATION_CANDIDATE,real_observed_association_score,analytic_association_only,0.5
PT,NUTS3,2009,2015,JZ,MN,0.069010429084301,0.5,0.5,0.5,2,negative,0.5,0.6140513621716631,pre_covid,ASSOCIATION_CANDIDATE,real_observed_association_score,analytic_association_only,0.5
PT,NUTS3,2009,2015,JZ,OQ,0.06624123454093933,0.5,0.5,0.5,2,negative,0.5,0.6140513621716631,pre_covid,ASSOCIATION_CANDIDATE,real_observed_association_score,analytic_association_only,0.5
PT,NUTS3,2009,2015,JZ,RU,0.06834270805120468,0.5,0.5,0.5,2,negative,0.5,0.6140513621716631,pre_covid,ASSOCIATION_CANDIDATE,real_observed_association_score,analytic_association_only,0.5
PT,NUTS3,2009,2015,LZ,BE,0.06816652417182922,0.5,0.5,0.5,2,negative,0.5,0.6140513621716631,pre_covid,ASSOCIATION_CANDIDATE,real_observed_association_score,analytic_association_only,0.5
PT,NUTS3,2009,2015,LZ,FZ,0.0685417503118515,0.5,0.5,0.5,2,negative,0.5,0.6140513621716631,pre_covid,ASSOCIATION_CANDIDATE,real_observed_association_score,analytic_association_only,0.5
PT,NUTS3,2009,2015,LZ,GI,0.0679158940911293,0.5,0.5,0.5,2,negative,0.5,0.6140513621716631,pre_covid,ASSOCIATION_CANDIDATE,real_observed_association_score,analytic_association_only,0.5
PT,NUTS3,2009,2015,LZ,JZ,0.06824639439582825,0.5,0.5,0.5,2,negative,0.5,0.6140513621716631,pre_covid,ASSOCIATION_CANDIDATE,real_observed_association_score,analytic_association_only,0.5
PT,NUTS3,2009,2015,LZ,MN,0.06851563602685928,0.5,0.5,0.5,2,negative,0.5,0.6140513621716631,pre_covid,ASSOCIATION_CANDIDATE,real_observed_association_score,analytic_association_only,0.5
PT,NUTS3,2009,2015,LZ,OQ,0.06651954352855682,0.5,0.5,0.5,2,negative,0.5,0.6140513621716631,pre_covid,ASSOCIATION_CANDIDATE,real_observed_association_score,analytic_association_only,0.5
PT,NUTS3,2009,2015,LZ,RU,0.068313829600811,0.5,0.5,0.5,2,negative,0.5,0.6140513621716631,pre_covid,ASSOCIATION_CANDIDATE,real_observed_association_score,analytic_association_only,0.5
PT,NUTS3,2009,2015,MN,BE,0.06783247739076614,0.5,0.5,0.5,2,negative,0.5,0.6140513621716631,pre_covid,ASSOCIATION_CANDIDATE,real_observed_association_score,analytic_association_only,0.5
PT,NUTS3,2009,2015,MN,FZ,0.06798151135444641,0.5,0.5,0.5,2,negative,0.5,0.6140513621716631,pre_covid,ASSOCIATION_CANDIDATE,real_observed_association_score,analytic_association_only,0.5
PT,NUTS3,2009,2015,MN,GI,0.0674028992652893,0.5,0.5,0.5,2,negative,0.5,0.6140513621716631,pre_covid,ASSOCIATION_CANDIDATE,real_observed_association_score,analytic_association_only,0.5
PT,NUTS3,2009,2015,MN,JZ,0.06755035370588303,0.5,0.5,0.5,2,negative,0.5,0.6140513621716631,pre_covid,ASSOCIATION_CANDIDATE,real_observed_association_score,analytic_association_only,0.5
PT,NUTS3,2009,2015,MN,LZ,0.06794260442256927,0.5,0.5,0.5,2,negative,0.5,0.6140513621716631,pre_covid,ASSOCIATION_CANDIDATE,real_observed_association_score,analytic_association_only,0.5
PT,NUTS3,2009,2015,MN,OQ,0.06591866910457611,0.5,0.5,0.5,2,negative,0.5,0.6140513621716631,pre_covid,ASSOCIATION_CANDIDATE,real_observed_association_score,analytic_association_only,0.5
PT,NUTS3,2009,2015,MN,RU,0.06760744750499725,0.5,0.5,0.5,2,negative,0.5,0.6140513621716631,pre_covid,ASSOCIATION_CANDIDATE,real_observed_association_score,analytic_association_only,0.5
PT,NUTS3,2009,2015,OQ,BE,0.07791245728731155,0.5,0.5,0.5,2,negative,0.5,0.6140513621716631,pre_covid,ASSOCIATION_CANDIDATE,real_observed_association_score,analytic_association_only,0.5
PT,NUTS3,2009,2015,OQ,FZ,0.0812043771147728,0.5,0.5,0.5,2,negative,0.5,0.6140513621716631,pre_covid,ASSOCIATION_CANDIDATE,real_observed_association_score,analytic_association_only,0.5
PT,NUTS3,2009,2015,OQ,GI,0.0782938301563263,0.5,0.5,0.5,2,negative,0.5,0.6140513621716631,pre_covid,ASSOCIATION_CANDIDATE,real_observed_association_score,analytic_association_only,0.5
PT,NUTS3,2009,2015,OQ,JZ,0.07940739393234253,0.5,0.5,0.5,2,negative,0.5,0.6140513621716631,pre_covid,ASSOCIATION_CANDIDATE,real_observed_association_score,analytic_association_only,0.5
PT,NUTS3,2009,2015,OQ,LZ,0.08045511692762375,0.5,0.5,0.5,2,negative,0.5,0.6140513621716631,pre_covid,ASSOCIATION_CANDIDATE,real_observed_association_score,analytic_association_only,0.5
PT,NUTS3,2009,2015,OQ,MN,0.08054929971694946,0.5,0.5,0.5,2,negative,0.5,0.6140513621716631,pre_covid,ASSOCIATION_CANDIDATE,real_observed_association_score,analytic_association_only,0.5
PT,NUTS3,2009,2015,OQ,RU,0.0798875167965889,0.5,0.5,0.5,2,negative,0.5,0.6140513621716631,pre_covid,ASSOCIATION_CANDIDATE,real_observed_association_score,analytic_association_only,0.5
PT,NUTS3,2009,2015,RU,BE,0.06786109507083893,0.5,0.5,0.5,2,negative,0.5,0.6140513621716631,pre_covid,ASSOCIATION_CANDIDATE,real_observed_association_score,analytic_association_only,0.5
PT,NUTS3,2009,2015,RU,FZ,0.06813303381204605,0.5,0.5,0.5,2,negative,0.5,0.6140513621716631,pre_covid,ASSOCIATION_CANDIDATE,real_observed_association_score,analytic_association_only,0.5
PT,NUTS3,2009,2015,RU,GI,0.06743253767490387,0.5,0.5,0.5,2,negative,0.5,0.6140513621716631,pre_covid,ASSOCIATION_CANDIDATE,real_observed_association_score,analytic_association_only,0.5
PT,NUTS3,2009,2015,RU,JZ,0.06768163293600082,0.5,0.5,0.5,2,negative,0.5,0.6140513621716631,pre_covid,ASSOCIATION_CANDIDATE,real_observed_association_score,analytic_association_only,0.5
PT,NUTS3,2009,2015,RU,LZ,0.06826066225767136,0.5,0.5,0.5,2,negative,0.5,0.6140513621716631,pre_covid,ASSOCIATION_CANDIDATE,real_observed_association_score,analytic_association_only,0.5
PT,NUTS3,2009,2015,RU,MN,0.06843560189008713,0.5,0.5,0.5,2,negative,0.5,0.6140513621716631,pre_covid,ASSOCIATION_CANDIDATE,real_observed_association_score,analytic_association_only,0.5
PT,NUTS3,2009,2015,RU,OQ,0.06587227433919907,0.5,0.5,0.5,2,negative,0.5,0.6140513621716631,pre_covid,ASSOCIATION_CANDIDATE,real_observed_association_score,analytic_association_only,0.5
PT,NUTS3,2010,2016,BE,FZ,0.07065907120704651,0.5,0.5,0.5,2,negative,0.5,0.6140513621716631,pre_covid,ASSOCIATION_CANDIDATE,real_observed_association_score,analytic_association_only,0.5
PT,NUTS3,2010,2016,BE,GI,0.07015038281679153,0.5,0.5,0.5,2,negative,0.5,0.6140513621716631,pre_covid,ASSOCIATION_CANDIDATE,real_observed_association_score,analytic_association_only,0.5
PT,NUTS3,2010,2016,BE,JZ,0.07081951200962067,0.5,0.5,0.5,2,negative,0.5,0.6140513621716631,pre_covid,ASSOCIATION_CANDIDATE,real_observed_association_score,analytic_association_only,0.5
PT,NUTS3,2010,2016,BE,LZ,0.0695117935538292,0.5,0.5,0.5,2,negative,0.5,0.6140513621716631,pre_covid,ASSOCIATION_CANDIDATE,real_observed_association_score,analytic_association_only,0.5
PT,NUTS3,2010,2016,BE,MN,0.0703795924782753,0.5,0.5,0.5,2,negative,0.5,0.6140513621716631,pre_covid,ASSOCIATION_CANDIDATE,real_observed_association_score,analytic_association_only,0.5
PT,NUTS3,2010,2016,BE,OQ,0.06978917121887207,0.5,0.5,0.5,2,negative,0.5,0.6140513621716631,pre_covid,ASSOCIATION_CANDIDATE,real_observed_association_score,analytic_association_only,0.5
PT,NUTS3,2010,2016,BE,RU,0.07014282792806625,0.5,0.5,0.5,2,negative,0.5,0.6140513621716631,pre_covid,ASSOCIATION_CANDIDATE,real_observed_association_score,analytic_association_only,0.5
PT,NUTS3,2010,2016,FZ,BE,0.06882672011852264,0.5,0.5,0.5,2,negative,0.5,0.6140513621716631,pre_covid,ASSOCIATION_CANDIDATE,real_observed_association_score,analytic_association_only,0.5
PT,NUTS3,2010,2016,FZ,GI,0.06866968423128128,0.5,0.5,0.5,2,negative,0.5,0.6140513621716631,pre_covid,ASSOCIATION_CANDIDATE,real_observed_association_score,analytic_association_only,0.5
PT,NUTS3,2010,2016,FZ,JZ,0.06905995309352875,0.5,0.5,0.5,2,negative,0.5,0.6140513621716631,pre_covid,ASSOCIATION_CANDIDATE,real_observed_association_score,analytic_association_only,0.5
PT,NUTS3,2010,2016,FZ,LZ,0.06797292083501816,0.5,0.5,0.5,2,negative,0.5,0.6140513621716631,pre_covid,ASSOCIATION_CANDIDATE,real_observed_association_score,analytic_association_only,0.5
PT,NUTS3,2010,2016,FZ,MN,0.06849098950624466,0.5,0.5,0.5,2,negative,0.5,0.6140513621716631,pre_covid,ASSOCIATION_CANDIDATE,real_observed_association_score,analytic_association_only,0.5
PT,NUTS3,2010,2016,FZ,OQ,0.06909320503473282,0.5,0.5,0.5,2,negative,0.5,0.6140513621716631,pre_covid,ASSOCIATION_CANDIDATE,real_observed_association_score,analytic_association_only,0.5
PT,NUTS3,2010,2016,FZ,RU,0.06835297495126724,0.5,0.5,0.5,2,negative,0.5,0.6140513621716631,pre_covid,ASSOCIATION_CANDIDATE,real_observed_association_score,analytic_association_only,0.5
PT,NUTS3,2010,2016,GI,BE,0.06929116696119308,0.5,0.5,0.5,2,negative,0.5,0.6140513621716631,pre_covid,ASSOCIATION_CANDIDATE,real_observed_association_score,analytic_association_only,0.5
PT,NUTS3,2010,2016,GI,FZ,0.06958555430173874,0.5,0.5,0.5,2,negative,0.5,0.6140513621716631,pre_covid,ASSOCIATION_CANDIDATE,real_observed_association_score,analytic_association_only,0.5
PT,NUTS3,2010,2016,GI,JZ,0.06945139914751053,0.5,0.5,0.5,2,negative,0.5,0.6140513621716631,pre_covid,ASSOCIATION_CANDIDATE,real_observed_association_score,analytic_association_only,0.5
PT,NUTS3,2010,2016,GI,LZ,0.06845641136169434,0.5,0.5,0.5,2,negative,0.5,0.6140513621716631,pre_covid,ASSOCIATION_CANDIDATE,real_observed_association_score,analytic_association_only,0.5
PT,NUTS3,2010,2016,GI,MN,0.06912529468536377,0.5,0.5,0.5,2,negative,0.5,0.6140513621716631,pre_covid,ASSOCIATION_CANDIDATE,real_observed_association_score,analytic_association_only,0.5
PT,NUTS3,2010,2016,GI,OQ,0.06892789155244827,0.5,0.5,0.5,2,negative,0.5,0.6140513621716631,pre_covid,ASSOCIATION_CANDIDATE,real_observed_association_score,analytic_association_only,0.5
PT,NUTS3,2010,2016,GI,RU,0.06877444684505463,0.5,0.5,0.5,2,negative,0.5,0.6140513621716631,pre_covid,ASSOCIATION_CANDIDATE,real_observed_association_score,analytic_association_only,0.5
PT,NUTS3,2010,2016,JZ,BE,0.06997445970773697,0.5,0.5,0.5,2,negative,0.5,0.6140513621716631,pre_covid,ASSOCIATION_CANDIDATE,real_observed_association_score,analytic_association_only,0.5
PT,NUTS3,2010,2016,JZ,FZ,0.06957828253507614,0.5,0.5,0.5,2,negative,0.5,0.6140513621716631,pre_covid,ASSOCIATION_CANDIDATE,real_observed_association_score,analytic_association_only,0.5
PT,NUTS3,2010,2016,JZ,GI,0.0694279596209526,0.5,0.5,0.5,2,negative,0.5,0.6140513621716631,pre_covid,ASSOCIATION_CANDIDATE,real_observed_association_score,analytic_association_only,0.5
PT,NUTS3,2010,2016,JZ,LZ,0.06834205985069275,0.5,0.5,0.5,2,negative,0.5,0.6140513621716631,pre_covid,ASSOCIATION_CANDIDATE,real_observed_association_score,analytic_association_only,0.5
PT,NUTS3,2010,2016,JZ,MN,0.06888865679502487,0.5,0.5,0.5,2,negative,0.5,0.6140513621716631,pre_covid,ASSOCIATION_CANDIDATE,real_observed_association_score,analytic_association_only,0.5
PT,NUTS3,2010,2016,JZ,OQ,0.06936969608068466,0.5,0.5,0.5,2,negative,0.5,0.6140513621716631,pre_covid,ASSOCIATION_CANDIDATE,real_observed_association_score,analytic_association_only,0.5
PT,NUTS3,2010,2016,JZ,RU,0.06865256279706955,0.5,0.5,0.5,2,negative,0.5,0.6140513621716631,pre_covid,ASSOCIATION_CANDIDATE,real_observed_association_score,analytic_association_only,0.5
PT,NUTS3,2010,2016,LZ,BE,0.06929110735654831,0.5,0.5,0.5,2,negative,0.5,0.6140513621716631,pre_covid,ASSOCIATION_CANDIDATE,real_observed_association_score,analytic_association_only,0.5
PT,NUTS3,2010,2016,LZ,FZ,0.0691332072019577,0.5,0.5,0.5,2,negative,0.5,0.6140513621716631,pre_covid,ASSOCIATION_CANDIDATE,real_observed_association_score,analytic_association_only,0.5
PT,NUTS3,2010,2016,LZ,GI,0.06905145943164825,0.5,0.5,0.5,2,negative,0.5,0.6140513621716631,pre_covid,ASSOCIATION_CANDIDATE,real_observed_association_score,analytic_association_only,0.5
PT,NUTS3,2010,2016,LZ,JZ,0.06934678554534912,0.5,0.5,0.5,2,negative,0.5,0.6140513621716631,pre_covid,ASSOCIATION_CANDIDATE,real_observed_association_score,analytic_association_only,0.5
PT,NUTS3,2010,2016,LZ,MN,0.0688861683011055,0.5,0.5,0.5,2,negative,0.5,0.6140513621716631,pre_covid,ASSOCIATION_CANDIDATE,real_observed_association_score,analytic_association_only,0.5
PT,NUTS3,2010,2016,LZ,OQ,0.06924809515476227,0.5,0.5,0.5,2,negative,0.5,0.6140513621716631,pre_covid,ASSOCIATION_CANDIDATE,real_observed_association_score,analytic_association_only,0.5
PT,NUTS3,2010,2016,LZ,RU,0.06852634996175766,0.5,0.5,0.5,2,negative,0.5,0.6140513621716631,pre_covid,ASSOCIATION_CANDIDATE,real_observed_association_score,analytic_association_only,0.5
PT,NUTS3,2010,2016,MN,BE,0.06908074021339417,0.5,0.5,0.5,2,negative,0.5,0.6140513621716631,pre_covid,ASSOCIATION_CANDIDATE,real_observed_association_score,analytic_association_only,0.5
PT,NUTS3,2010,2016,MN,FZ,0.0685042291879654,0.5,0.5,0.5,2,negative,0.5,0.6140513621716631,pre_covid,ASSOCIATION_CANDIDATE,real_observed_association_score,analytic_association_only,0.5
PT,NUTS3,2010,2016,MN,GI,0.06842859089374542,0.5,0.5,0.5,2,negative,0.5,0.6140513621716631,pre_covid,ASSOCIATION_CANDIDATE,real_observed_association_score,analytic_association_only,0.5
PT,NUTS3,2010,2016,MN,JZ,0.06862876564264297,0.5,0.5,0.5,2,negative,0.5,0.6140513621716631,pre_covid,ASSOCIATION_CANDIDATE,real_observed_association_score,analytic_association_only,0.5
PT,NUTS3,2010,2016,MN,LZ,0.0677294135093689,0.5,0.5,0.5,2,negative,0.5,0.6140513621716631,pre_covid,ASSOCIATION_CANDIDATE,real_observed_association_score,analytic_association_only,0.5
PT,NUTS3,2010,2016,MN,OQ,0.06875322759151459,0.5,0.5,0.5,2,negative,0.5,0.6140513621716631,pre_covid,ASSOCIATION_CANDIDATE,real_observed_association_score,analytic_association_only,0.5
PT,NUTS3,2010,2016,MN,RU,0.06791176646947861,0.5,0.5,0.5,2,negative,0.5,0.6140513621716631,pre_covid,ASSOCIATION_CANDIDATE,real_observed_association_score,analytic_association_only,0.5
PT,NUTS3,2010,2016,OQ,BE,0.0793222114443779,0.5,0.5,0.5,2,negative,0.5,0.6140513621716631,pre_covid,ASSOCIATION_CANDIDATE,real_observed_association_score,analytic_association_only,0.5
PT,NUTS3,2010,2016,OQ,FZ,0.08017322421073914,0.5,0.5,0.5,2,negative,0.5,0.6140513621716631,pre_covid,ASSOCIATION_CANDIDATE,real_observed_association_score,analytic_association_only,0.5
PT,NUTS3,2010,2016,OQ,GI,0.07857099920511246,0.5,0.5,0.5,2,negative,0.5,0.6140513621716631,pre_covid,ASSOCIATION_CANDIDATE,real_observed_association_score,analytic_association_only,0.5
PT,NUTS3,2010,2016,OQ,JZ,0.0795905739068985,0.5,0.5,0.5,2,negative,0.5,0.6140513621716631,pre_covid,ASSOCIATION_CANDIDATE,real_observed_association_score,analytic_association_only,0.5
PT,NUTS3,2010,2016,OQ,LZ,0.07887574285268784,0.5,0.5,0.5,2,negative,0.5,0.6140513621716631,pre_covid,ASSOCIATION_CANDIDATE,real_observed_association_score,analytic_association_only,0.5
PT,NUTS3,2010,2016,OQ,MN,0.07946886867284775,0.5,0.5,0.5,2,negative,0.5,0.6140513621716631,pre_covid,ASSOCIATION_CANDIDATE,real_observed_association_score,analytic_association_only,0.5
PT,NUTS3,2010,2016,OQ,RU,0.07886818796396255,0.5,0.5,0.5,2,negative,0.5,0.6140513621716631,pre_covid,ASSOCIATION_CANDIDATE,real_observed_association_score,analytic_association_only,0.5
PT,NUTS3,2010,2016,RU,BE,0.06944765150547028,0.5,0.5,0.5,2,negative,0.5,0.6140513621716631,pre_covid,ASSOCIATION_CANDIDATE,real_observed_association_score,analytic_association_only,0.5
PT,NUTS3,2010,2016,RU,FZ,0.06922749429941177,0.5,0.5,0.5,2,negative,0.5,0.6140513621716631,pre_covid,ASSOCIATION_CANDIDATE,real_observed_association_score,analytic_association_only,0.5
PT,NUTS3,2010,2016,RU,GI,0.06908903270959854,0.5,0.5,0.5,2,negative,0.5,0.6140513621716631,pre_covid,ASSOCIATION_CANDIDATE,real_observed_association_score,analytic_association_only,0.5
PT,NUTS3,2010,2016,RU,JZ,0.06930261850357056,0.5,0.5,0.5,2,negative,0.5,0.6140513621716631,pre_covid,ASSOCIATION_CANDIDATE,real_observed_association_score,analytic_association_only,0.5
PT,NUTS3,2010,2016,RU,LZ,0.06833413988351822,0.5,0.5,0.5,2,negative,0.5,0.6140513621716631,pre_covid,ASSOCIATION_CANDIDATE,real_observed_association_score,analytic_association_only,0.5
PT,NUTS3,2010,2016,RU,MN,0.0689537450671196,0.5,0.5,0.5,2,negative,0.5,0.6140513621716631,pre_covid,ASSOCIATION_CANDIDATE,real_observed_association_score,analytic_association_only,0.5
PT,NUTS3,2010,2016,RU,OQ,0.068690724670887,0.5,0.5,0.5,2,negative,0.5,0.6140513621716631,pre_covid,ASSOCIATION_CANDIDATE,real_observed_association_score,analytic_association_only,0.5
PT,NUTS3,2012,2018,BE,FZ,0.07095227390527725,0.5,0.5,0.5,2,negative,0.5,0.6140513621716631,pre_covid,ASSOCIATION_CANDIDATE,real_observed_association_score,analytic_association_only,0.5
PT,NUTS3,2012,2018,BE,GI,0.07124895602464676,0.5,0.5,0.5,2,negative,0.5,0.6140513621716631,pre_covid,ASSOCIATION_CANDIDATE,real_observed_association_score,analytic_association_only,0.5
PT,NUTS3,2012,2018,BE,JZ,0.07010868936777115,0.5,0.5,0.5,2,negative,0.5,0.6140513621716631,pre_covid,ASSOCIATION_CANDIDATE,real_observed_association_score,analytic_association_only,0.5
PT,NUTS3,2012,2018,BE,LZ,0.06842833012342453,0.5,0.5,0.5,2,negative,0.5,0.6140513621716631,pre_covid,ASSOCIATION_CANDIDATE,real_observed_association_score,analytic_association_only,0.5
PT,NUTS3,2012,2018,BE,MN,0.07043664157390594,0.5,0.5,0.5,2,negative,0.5,0.6140513621716631,pre_covid,ASSOCIATION_CANDIDATE,real_observed_association_score,analytic_association_only,0.5
PT,NUTS3,2012,2018,BE,OQ,0.08017097413539886,0.5,0.5,0.5,2,negative,0.5,0.6140513621716631,pre_covid,ASSOCIATION_CANDIDATE,real_observed_association_score,analytic_association_only,0.5
PT,NUTS3,2012,2018,BE,RU,0.07063323259353638,0.5,0.5,0.5,2,negative,0.5,0.6140513621716631,pre_covid,ASSOCIATION_CANDIDATE,real_observed_association_score,analytic_association_only,0.5
PT,NUTS3,2012,2018,FZ,BE,0.06885506957769394,0.5,0.5,0.5,2,negative,0.5,0.6140513621716631,pre_covid,ASSOCIATION_CANDIDATE,real_observed_association_score,analytic_association_only,0.5
PT,NUTS3,2012,2018,FZ,GI,0.07010842114686966,0.5,0.5,0.5,2,negative,0.5,0.6140513621716631,pre_covid,ASSOCIATION_CANDIDATE,real_observed_association_score,analytic_association_only,0.5
PT,NUTS3,2012,2018,FZ,JZ,0.06909562647342682,0.5,0.5,0.5,2,negative,0.5,0.6140513621716631,pre_covid,ASSOCIATION_CANDIDATE,real_observed_association_score,analytic_association_only,0.5
PT,NUTS3,2012,2018,FZ,LZ,0.06785467267036438,0.5,0.5,0.5,2,negative,0.5,0.6140513621716631,pre_covid,ASSOCIATION_CANDIDATE,real_observed_association_score,analytic_association_only,0.5
PT,NUTS3,2012,2018,FZ,MN,0.06937922537326813,0.5,0.5,0.5,2,negative,0.5,0.6140513621716631,pre_covid,ASSOCIATION_CANDIDATE,real_observed_association_score,analytic_association_only,0.5
PT,NUTS3,2012,2018,FZ,OQ,0.07885760813951492,0.5,0.5,0.5,2,negative,0.5,0.6140513621716631,pre_covid,ASSOCIATION_CANDIDATE,real_observed_association_score,analytic_association_only,0.5
PT,NUTS3,2012,2018,FZ,RU,0.06951870024204254,0.5,0.5,0.5,2,negative,0.5,0.6140513621716631,pre_covid,ASSOCIATION_CANDIDATE,real_observed_association_score,analytic_association_only,0.5
PT,NUTS3,2012,2018,GI,BE,0.06884852796792984,0.5,0.5,0.5,2,negative,0.5,0.6140513621716631,pre_covid,ASSOCIATION_CANDIDATE,real_observed_association_score,analytic_association_only,0.5
PT,NUTS3,2012,2018,GI,FZ,0.06941208243370056,0.5,0.5,0.5,2,negative,0.5,0.6140513621716631,pre_covid,ASSOCIATION_CANDIDATE,real_observed_association_score,analytic_association_only,0.5
PT,NUTS3,2012,2018,GI,JZ,0.06850043684244156,0.5,0.5,0.5,2,negative,0.5,0.6140513621716631,pre_covid,ASSOCIATION_CANDIDATE,real_observed_association_score,analytic_association_only,0.5
PT,NUTS3,2012,2018,GI,LZ,0.06759775429964066,0.5,0.5,0.5,2,negative,0.5,0.6140513621716631,pre_covid,ASSOCIATION_CANDIDATE,real_observed_association_score,analytic_association_only,0.5
PT,NUTS3,2012,2018,GI,MN,0.0688239336013794,0.5,0.5,0.5,2,negative,0.5,0.6140513621716631,pre_covid,ASSOCIATION_CANDIDATE,real_observed_association_score,analytic_association_only,0.5
PT,NUTS3,2012,2018,GI,OQ,0.0785202607512474,0.5,0.5,0.5,2,negative,0.5,0.6140513621716631,pre_covid,ASSOCIATION_CANDIDATE,real_observed_association_score,analytic_association_only,0.5
PT,NUTS3,2012,2018,GI,RU,0.06893005222082138,0.5,0.5,0.5,2,negative,0.5,0.6140513621716631,pre_covid,ASSOCIATION_CANDIDATE,real_observed_association_score,analytic_association_only,0.5
PT,NUTS3,2012,2018,JZ,BE,0.06940338015556335,0.5,0.5,0.5,2,negative,0.5,0.6140513621716631,pre_covid,ASSOCIATION_CANDIDATE,real_observed_association_score,analytic_association_only,0.5
PT,NUTS3,2012,2018,JZ,FZ,0.06996473670005798,0.5,0.5,0.5,2,negative,0.5,0.6140513621716631,pre_covid,ASSOCIATION_CANDIDATE,real_observed_association_score,analytic_association_only,0.5
PT,NUTS3,2012,2018,JZ,GI,0.0704420879483223,0.5,0.5,0.5,2,negative,0.5,0.6140513621716631,pre_covid,ASSOCIATION_CANDIDATE,real_observed_association_score,analytic_association_only,0.5
PT,NUTS3,2012,2018,JZ,LZ,0.06766653060913086,0.5,0.5,0.5,2,negative,0.5,0.6140513621716631,pre_covid,ASSOCIATION_CANDIDATE,real_observed_association_score,analytic_association_only,0.5
PT,NUTS3,2012,2018,JZ,MN,0.06924016773700714,0.5,0.5,0.5,2,negative,0.5,0.6140513621716631,pre_covid,ASSOCIATION_CANDIDATE,real_observed_association_score,analytic_association_only,0.5
PT,NUTS3,2012,2018,JZ,OQ,0.07934702187776566,0.5,0.5,0.5,2,negative,0.5,0.6140513621716631,pre_covid,ASSOCIATION_CANDIDATE,real_observed_association_score,analytic_association_only,0.5
PT,NUTS3,2012,2018,JZ,RU,0.069376640021801,0.5,0.5,0.5,2,negative,0.5,0.6140513621716631,pre_covid,ASSOCIATION_CANDIDATE,real_observed_association_score,analytic_association_only,0.5
PT,NUTS3,2012,2018,LZ,BE,0.07053441554307938,0.5,0.5,0.5,2,negative,0.5,0.6140513621716631,pre_covid,ASSOCIATION_CANDIDATE,real_observed_association_score,analytic_association_only,0.5
PT,NUTS3,2012,2018,LZ,FZ,0.07173831760883331,0.5,0.5,0.5,2,negative,0.5,0.6140513621716631,pre_covid,ASSOCIATION_CANDIDATE,real_observed_association_score,analytic_association_only,0.5
PT,NUTS3,2012,2018,LZ,GI,0.07231520116329193,0.5,0.5,0.5,2,negative,0.5,0.6140513621716631,pre_covid,ASSOCIATION_CANDIDATE,real_observed_association_score,analytic_association_only,0.5
PT,NUTS3,2012,2018,LZ,JZ,0.07062530517578125,0.5,0.5,0.5,2,negative,0.5,0.6140513621716631,pre_covid,ASSOCIATION_CANDIDATE,real_observed_association_score,analytic_association_only,0.5
PT,NUTS3,2012,2018,LZ,MN,0.07110507786273956,0.5,0.5,0.5,2,negative,0.5,0.6140513621716631,pre_covid,ASSOCIATION_CANDIDATE,real_observed_association_score,analytic_association_only,0.5
PT,NUTS3,2012,2018,LZ,OQ,0.08050581067800522,0.5,0.5,0.5,2,negative,0.5,0.6140513621716631,pre_covid,ASSOCIATION_CANDIDATE,real_observed_association_score,analytic_association_only,0.5
PT,NUTS3,2012,2018,LZ,RU,0.07117743790149689,0.5,0.5,0.5,2,negative,0.5,0.6140513621716631,pre_covid,ASSOCIATION_CANDIDATE,real_observed_association_score,analytic_association_only,0.5
PT,NUTS3,2012,2018,MN,BE,0.06912532448768616,0.5,0.5,0.5,2,negative,0.5,0.6140513621716631,pre_covid,ASSOCIATION_CANDIDATE,real_observed_association_score,analytic_association_only,0.5
PT,NUTS3,2012,2018,MN,FZ,0.06970497220754623,0.5,0.5,0.5,2,negative,0.5,0.6140513621716631,pre_covid,ASSOCIATION_CANDIDATE,real_observed_association_score,analytic_association_only,0.5
PT,NUTS3,2012,2018,MN,GI,0.07020121067762375,0.5,0.5,0.5,2,negative,0.5,0.6140513621716631,pre_covid,ASSOCIATION_CANDIDATE,real_observed_association_score,analytic_association_only,0.5
PT,NUTS3,2012,2018,MN,JZ,0.06871016323566437,0.5,0.5,0.5,2,negative,0.5,0.6140513621716631,pre_covid,ASSOCIATION_CANDIDATE,real_observed_association_score,analytic_association_only,0.5
PT,NUTS3,2012,2018,MN,LZ,0.0675135999917984,0.5,0.5,0.5,2,negative,0.5,0.6140513621716631,pre_covid,ASSOCIATION_CANDIDATE,real_observed_association_score,analytic_association_only,0.5
PT,NUTS3,2012,2018,MN,OQ,0.07818080484867096,0.5,0.5,0.5,2,negative,0.5,0.6140513621716631,pre_covid,ASSOCIATION_CANDIDATE,real_observed_association_score,analytic_association_only,0.5
PT,NUTS3,2012,2018,MN,RU,0.06914852559566498,0.5,0.5,0.5,2,negative,0.5,0.6140513621716631,pre_covid,ASSOCIATION_CANDIDATE,real_observed_association_score,analytic_association_only,0.5
PT,NUTS3,2012,2018,OQ,BE,0.0721730887889862,0.5,0.5,0.5,2,negative,0.5,0.6140513621716631,pre_covid,ASSOCIATION_CANDIDATE,real_observed_association_score,analytic_association_only,0.5
PT,NUTS3,2012,2018,OQ,FZ,0.07211822271347046,0.5,0.5,0.5,2,negative,0.5,0.6140513621716631,pre_covid,ASSOCIATION_CANDIDATE,real_observed_association_score,analytic_association_only,0.5
PT,NUTS3,2012,2018,OQ,GI,0.0714147537946701,0.5,0.5,0.5,2,negative,0.5,0.6140513621716631,pre_covid,ASSOCIATION_CANDIDATE,real_observed_association_score,analytic_association_only,0.5
PT,NUTS3,2012,2018,OQ,JZ,0.07169360667467117,0.5,0.5,0.5,2,negative,0.5,0.6140513621716631,pre_covid,ASSOCIATION_CANDIDATE,real_observed_association_score,analytic_association_only,0.5
PT,NUTS3,2012,2018,OQ,LZ,0.07078384608030319,0.5,0.5,0.5,2,negative,0.5,0.6140513621716631,pre_covid,ASSOCIATION_CANDIDATE,real_observed_association_score,analytic_association_only,0.5
PT,NUTS3,2012,2018,OQ,MN,0.07139355689287186,0.5,0.5,0.5,2,negative,0.5,0.6140513621716631,pre_covid,ASSOCIATION_CANDIDATE,real_observed_association_score,analytic_association_only,0.5
PT,NUTS3,2012,2018,OQ,RU,0.07160638272762299,0.5,0.5,0.5,2,negative,0.5,0.6140513621716631,pre_covid,ASSOCIATION_CANDIDATE,real_observed_association_score,analytic_association_only,0.5
PT,NUTS3,2012,2018,RU,BE,0.06913382560014725,0.5,0.5,0.5,2,negative,0.5,0.6140513621716631,pre_covid,ASSOCIATION_CANDIDATE,real_observed_association_score,analytic_association_only,0.5
PT,NUTS3,2012,2018,RU,FZ,0.06970725953578949,0.5,0.5,0.5,2,negative,0.5,0.6140513621716631,pre_covid,ASSOCIATION_CANDIDATE,real_observed_association_score,analytic_association_only,0.5
PT,NUTS3,2012,2018,RU,GI,0.07030998915433884,0.5,0.5,0.5,2,negative,0.5,0.6140513621716631,pre_covid,ASSOCIATION_CANDIDATE,real_observed_association_score,analytic_association_only,0.5
PT,NUTS3,2012,2018,RU,JZ,0.06883455812931061,0.5,0.5,0.5,2,negative,0.5,0.6140513621716631,pre_covid,ASSOCIATION_CANDIDATE,real_observed_association_score,analytic_association_only,0.5
PT,NUTS3,2012,2018,RU,LZ,0.06759944558143616,0.5,0.5,0.5,2,negative,0.5,0.6140513621716631,pre_covid,ASSOCIATION_CANDIDATE,real_observed_association_score,analytic_association_only,0.5
PT,NUTS3,2012,2018,RU,MN,0.06915359199047089,0.5,0.5,0.5,2,negative,0.5,0.6140513621716631,pre_covid,ASSOCIATION_CANDIDATE,real_observed_association_score,analytic_association_only,0.5
PT,NUTS3,2012,2018,RU,OQ,0.0782102644443512,0.5,0.5,0.5,2,negative,0.5,0.6140513621716631,pre_covid,ASSOCIATION_CANDIDATE,real_observed_association_score,analytic_association_only,0.5
PT,NUTS3,2014,2020,BE,FZ,0.06493101269006729,0.5,0.5,0.5,2,negative,0.5,0.6140513621716631,pre_covid,ASSOCIATION_CANDIDATE,real_observed_association_score,analytic_association_only,0.5
PT,NUTS3,2014,2020,BE,GI,0.06527406722307205,0.5,0.5,0.5,2,negative,0.5,0.6140513621716631,pre_covid,ASSOCIATION_CANDIDATE,real_observed_association_score,analytic_association_only,0.5
PT,NUTS3,2014,2020,BE,JZ,0.06548010557889938,0.5,0.5,0.5,2,negative,0.5,0.6140513621716631,pre_covid,ASSOCIATION_CANDIDATE,real_observed_association_score,analytic_association_only,0.5
PT,NUTS3,2014,2020,BE,LZ,0.06518930941820145,0.5,0.5,0.5,2,negative,0.5,0.6140513621716631,pre_covid,ASSOCIATION_CANDIDATE,real_observed_association_score,analytic_association_only,0.5
PT,NUTS3,2014,2020,BE,MN,0.06567344814538956,0.5,0.5,0.5,2,negative,0.5,0.6140513621716631,pre_covid,ASSOCIATION_CANDIDATE,real_observed_association_score,analytic_association_only,0.5
PT,NUTS3,2014,2020,BE,OQ,0.06906318664550781,0.5,0.5,0.5,2,negative,0.5,0.6140513621716631,pre_covid,ASSOCIATION_CANDIDATE,real_observed_association_score,analytic_association_only,0.5
PT,NUTS3,2014,2020,BE,RU,0.0656551793217659,0.5,0.5,0.5,2,negative,0.5,0.6140513621716631,pre_covid,ASSOCIATION_CANDIDATE,real_observed_association_score,analytic_association_only,0.5
PT,NUTS3,2014,2020,FZ,BE,0.06752526760101318,0.5,0.5,0.5,2,negative,0.5,0.6140513621716631,pre_covid,ASSOCIATION_CANDIDATE,real_observed_association_score,analytic_association_only,0.5
PT,NUTS3,2014,2020,FZ,GI,0.06631656736135483,0.5,0.5,0.5,2,negative,0.5,0.6140513621716631,pre_covid,ASSOCIATION_CANDIDATE,real_observed_association_score,analytic_association_only,0.5
PT,NUTS3,2014,2020,FZ,JZ,0.06661806255578995,0.5,0.5,0.5,2,negative,0.5,0.6140513621716631,pre_covid,ASSOCIATION_CANDIDATE,real_observed_association_score,analytic_association_only,0.5
PT,NUTS3,2014,2020,FZ,LZ,0.06612254679203033,0.5,0.5,0.5,2,negative,0.5,0.6140513621716631,pre_covid,ASSOCIATION_CANDIDATE,real_observed_association_score,analytic_association_only,0.5
PT,NUTS3,2014,2020,FZ,MN,0.06686444580554962,0.5,0.5,0.5,2,negative,0.5,0.6140513621716631,pre_covid,ASSOCIATION_CANDIDATE,real_observed_association_score,analytic_association_only,0.5
PT,NUTS3,2014,2020,FZ,OQ,0.0708899274468422,0.5,0.5,0.5,2,negative,0.5,0.6140513621716631,pre_covid,ASSOCIATION_CANDIDATE,real_observed_association_score,analytic_association_only,0.5
PT,NUTS3,2014,2020,FZ,RU,0.06672637164592743,0.5,0.5,0.5,2,negative,0.5,0.6140513621716631,pre_covid,ASSOCIATION_CANDIDATE,real_observed_association_score,analytic_association_only,0.5
PT,NUTS3,2014,2020,GI,BE,0.06673772633075714,0.5,0.5,0.5,2,negative,0.5,0.6140513621716631,pre_covid,ASSOCIATION_CANDIDATE,real_observed_association_score,analytic_association_only,0.5
PT,NUTS3,2014,2020,GI,FZ,0.06529159843921661,0.5,0.5,0.5,2,negative,0.5,0.6140513621716631,pre_covid,ASSOCIATION_CANDIDATE,real_observed_association_score,analytic_association_only,0.5
PT,NUTS3,2014,2020,GI,JZ,0.06586863845586777,0.5,0.5,0.5,2,negative,0.5,0.6140513621716631,pre_covid,ASSOCIATION_CANDIDATE,real_observed_association_score,analytic_association_only,0.5
PT,NUTS3,2014,2020,GI,LZ,0.06554089486598969,0.5,0.5,0.5,2,negative,0.5,0.6140513621716631,pre_covid,ASSOCIATION_CANDIDATE,real_observed_association_score,analytic_association_only,0.5
PT,NUTS3,2014,2020,GI,MN,0.0659877136349678,0.5,0.5,0.5,2,negative,0.5,0.6140513621716631,pre_covid,ASSOCIATION_CANDIDATE,real_observed_association_score,analytic_association_only,0.5
PT,NUTS3,2014,2020,GI,OQ,0.06946927309036255,0.5,0.5,0.5,2,negative,0.5,0.6140513621716631,pre_covid,ASSOCIATION_CANDIDATE,real_observed_association_score,analytic_association_only,0.5
PT,NUTS3,2014,2020,GI,RU,0.06587955355644226,0.5,0.5,0.5,2,negative,0.5,0.6140513621716631,pre_covid,ASSOCIATION_CANDIDATE,real_observed_association_score,analytic_association_only,0.5
PT,NUTS3,2014,2020,JZ,BE,0.06744422763586044,0.5,0.5,0.5,2,negative,0.5,0.6140513621716631,pre_covid,ASSOCIATION_CANDIDATE,real_observed_association_score,analytic_association_only,0.5
PT,NUTS3,2014,2020,JZ,FZ,0.0659225583076477,0.5,0.5,0.5,2,negative,0.5,0.6140513621716631,pre_covid,ASSOCIATION_CANDIDATE,real_observed_association_score,analytic_association_only,0.5
PT,NUTS3,2014,2020,JZ,GI,0.06634596735239029,0.5,0.5,0.5,2,negative,0.5,0.6140513621716631,pre_covid,ASSOCIATION_CANDIDATE,real_observed_association_score,analytic_association_only,0.5
PT,NUTS3,2014,2020,JZ,LZ,0.06627433001995087,0.5,0.5,0.5,2,negative,0.5,0.6140513621716631,pre_covid,ASSOCIATION_CANDIDATE,real_observed_association_score,analytic_association_only,0.5
PT,NUTS3,2014,2020,JZ,MN,0.06657145917415619,0.5,0.5,0.5,2,negative,0.5,0.6140513621716631,pre_covid,ASSOCIATION_CANDIDATE,real_observed_association_score,analytic_association_only,0.5
PT,NUTS3,2014,2020,JZ,OQ,0.07133177667856216,0.5,0.5,0.5,2,negative,0.5,0.6140513621716631,pre_covid,ASSOCIATION_CANDIDATE,real_observed_association_score,analytic_association_only,0.5
PT,NUTS3,2014,2020,JZ,RU,0.06651747226715088,0.5,0.5,0.5,2,negative,0.5,0.6140513621716631,pre_covid,ASSOCIATION_CANDIDATE,real_observed_association_score,analytic_association_only,0.5
PT,NUTS3,2014,2020,LZ,BE,0.06920096278190613,0.5,0.5,0.5,2,negative,0.5,0.6140513621716631,pre_covid,ASSOCIATION_CANDIDATE,real_observed_association_score,analytic_association_only,0.5
PT,NUTS3,2014,2020,LZ,FZ,0.06699657440185547,0.5,0.5,0.5,2,negative,0.5,0.6140513621716631,pre_covid,ASSOCIATION_CANDIDATE,real_observed_association_score,analytic_association_only,0.5
PT,NUTS3,2014,2020,LZ,GI,0.06742057204246521,0.5,0.5,0.5,2,negative,0.5,0.6140513621716631,pre_covid,ASSOCIATION_CANDIDATE,real_observed_association_score,analytic_association_only,0.5
PT,NUTS3,2014,2020,LZ,JZ,0.06760092079639435,0.5,0.5,0.5,2,negative,0.5,0.6140513621716631,pre_covid,ASSOCIATION_CANDIDATE,real_observed_association_score,analytic_association_only,0.5
PT,NUTS3,2014,2020,LZ,MN,0.06780219823122025,0.5,0.5,0.5,2,negative,0.5,0.6140513621716631,pre_covid,ASSOCIATION_CANDIDATE,real_observed_association_score,analytic_association_only,0.5
PT,NUTS3,2014,2020,LZ,OQ,0.07399743050336838,0.5,0.5,0.5,2,negative,0.5,0.6140513621716631,pre_covid,ASSOCIATION_CANDIDATE,real_observed_association_score,analytic_association_only,0.5
PT,NUTS3,2014,2020,LZ,RU,0.06768251955509186,0.5,0.5,0.5,2,negative,0.5,0.6140513621716631,pre_covid,ASSOCIATION_CANDIDATE,real_observed_association_score,analytic_association_only,0.5
PT,NUTS3,2014,2020,MN,BE,0.06709255278110504,0.5,0.5,0.5,2,negative,0.5,0.6140513621716631,pre_covid,ASSOCIATION_CANDIDATE,real_observed_association_score,analytic_association_only,0.5
PT,NUTS3,2014,2020,MN,FZ,0.06565577536821365,0.5,0.5,0.5,2,negative,0.5,0.6140513621716631,pre_covid,ASSOCIATION_CANDIDATE,real_observed_association_score,analytic_association_only,0.5
PT,NUTS3,2014,2020,MN,GI,0.0659848302602768,0.5,0.5,0.5,2,negative,0.5,0.6140513621716631,pre_covid,ASSOCIATION_CANDIDATE,real_observed_association_score,analytic_association_only,0.5
PT,NUTS3,2014,2020,MN,JZ,0.0661308616399765,0.5,0.5,0.5,2,negative,0.5,0.6140513621716631,pre_covid,ASSOCIATION_CANDIDATE,real_observed_association_score,analytic_association_only,0.5
PT,NUTS3,2014,2020,MN,LZ,0.0660124123096466,0.5,0.5,0.5,2,negative,0.5,0.6140513621716631,pre_covid,ASSOCIATION_CANDIDATE,real_observed_association_score,analytic_association_only,0.5
PT,NUTS3,2014,2020,MN,OQ,0.0702487975358963,0.5,0.5,0.5,2,negative,0.5,0.6140513621716631,pre_covid,ASSOCIATION_CANDIDATE,real_observed_association_score,analytic_association_only,0.5
PT,NUTS3,2014,2020,MN,RU,0.06620453298091888,0.5,0.5,0.5,2,negative,0.5,0.6140513621716631,pre_covid,ASSOCIATION_CANDIDATE,real_observed_association_score,analytic_association_only,0.5
PT,NUTS3,2014,2020,OQ,BE,0.06495846062898636,0.5,0.5,0.5,2,negative,0.5,0.6140513621716631,pre_covid,ASSOCIATION_CANDIDATE,real_observed_association_score,analytic_association_only,0.5
PT,NUTS3,2014,2020,OQ,FZ,0.06343359500169754,0.5,0.5,0.5,2,negative,0.5,0.6140513621716631,pre_covid,ASSOCIATION_CANDIDATE,real_observed_association_score,analytic_association_only,0.5
PT,NUTS3,2014,2020,OQ,GI,0.06343754380941391,0.5,0.5,0.5,2,negative,0.5,0.6140513621716631,pre_covid,ASSOCIATION_CANDIDATE,real_observed_association_score,analytic_association_only,0.5
PT,NUTS3,2014,2020,OQ,JZ,0.06412491202354431,0.5,0.5,0.5,2,negative,0.5,0.6140513621716631,pre_covid,ASSOCIATION_CANDIDATE,real_observed_association_score,analytic_association_only,0.5
PT,NUTS3,2014,2020,OQ,LZ,0.06403818726539612,0.5,0.5,0.5,2,negative,0.5,0.6140513621716631,pre_covid,ASSOCIATION_CANDIDATE,real_observed_association_score,analytic_association_only,0.5
PT,NUTS3,2014,2020,OQ,MN,0.06419400125741959,0.5,0.5,0.5,2,negative,0.5,0.6140513621716631,pre_covid,ASSOCIATION_CANDIDATE,real_observed_association_score,analytic_association_only,0.5
PT,NUTS3,2014,2020,OQ,RU,0.06407129764556885,0.5,0.5,0.5,2,negative,0.5,0.6140513621716631,pre_covid,ASSOCIATION_CANDIDATE,real_observed_association_score,analytic_association_only,0.5
PT,NUTS3,2014,2020,RU,BE,0.06694638729095459,0.5,0.5,0.5,2,negative,0.5,0.6140513621716631,pre_covid,ASSOCIATION_CANDIDATE,real_observed_association_score,analytic_association_only,0.5
PT,NUTS3,2014,2020,RU,FZ,0.0655437558889389,0.5,0.5,0.5,2,negative,0.5,0.6140513621716631,pre_covid,ASSOCIATION_CANDIDATE,real_observed_association_score,analytic_association_only,0.5
PT,NUTS3,2014,2020,RU,GI,0.06591298431158066,0.5,0.5,0.5,2,negative,0.5,0.6140513621716631,pre_covid,ASSOCIATION_CANDIDATE,real_observed_association_score,analytic_association_only,0.5
PT,NUTS3,2014,2020,RU,JZ,0.06613785773515701,0.5,0.5,0.5,2,negative,0.5,0.6140513621716631,pre_covid,ASSOCIATION_CANDIDATE,real_observed_association_score,analytic_association_only,0.5
PT,NUTS3,2014,2020,RU,LZ,0.06591750681400299,0.5,0.5,0.5,2,negative,0.5,0.6140513621716631,pre_covid,ASSOCIATION_CANDIDATE,real_observed_association_score,analytic_association_only,0.5
PT,NUTS3,2014,2020,RU,MN,0.0662599503993988,0.5,0.5,0.5,2,negative,0.5,0.6140513621716631,pre_covid,ASSOCIATION_CANDIDATE,real_observed_association_score,analytic_association_only,0.5
PT,NUTS3,2014,2020,RU,OQ,0.0700160562992096,0.5,0.5,0.5,2,negative,0.5,0.6140513621716631,pre_covid,ASSOCIATION_CANDIDATE,real_observed_association_score,analytic_association_only,0.5
PT,NUTS3,2015,2021,BE,FZ,0.06517193466424942,0.5,0.5,0.5,2,negative,0.5,0.6140513621716631,covid,ASSOCIATION_CANDIDATE,real_observed_association_score,analytic_association_only,0.5
PT,NUTS3,2015,2021,BE,GI,0.06564883887767792,0.5,0.5,0.5,2,negative,0.5,0.6140513621716631,covid,ASSOCIATION_CANDIDATE,real_observed_association_score,analytic_association_only,0.5
PT,NUTS3,2015,2021,BE,JZ,0.0651710107922554,0.5,0.5,0.5,2,negative,0.5,0.6140513621716631,covid,ASSOCIATION_CANDIDATE,real_observed_association_score,analytic_association_only,0.5
PT,NUTS3,2015,2021,BE,LZ,0.06535816937685013,0.5,0.5,0.5,2,negative,0.5,0.6140513621716631,covid,ASSOCIATION_CANDIDATE,real_observed_association_score,analytic_association_only,0.5
PT,NUTS3,2015,2021,BE,MN,0.06555380672216415,0.5,0.5,0.5,2,negative,0.5,0.6140513621716631,covid,ASSOCIATION_CANDIDATE,real_observed_association_score,analytic_association_only,0.5
PT,NUTS3,2015,2021,BE,OQ,0.06736303120851517,0.5,0.5,0.5,2,negative,0.5,0.6140513621716631,covid,ASSOCIATION_CANDIDATE,real_observed_association_score,analytic_association_only,0.5
PT,NUTS3,2015,2021,BE,RU,0.06542209535837173,0.5,0.5,0.5,2,negative,0.5,0.6140513621716631,covid,ASSOCIATION_CANDIDATE,real_observed_association_score,analytic_association_only,0.5
PT,NUTS3,2015,2021,FZ,BE,0.06914150714874268,0.5,0.5,0.5,2,negative,0.5,0.6140513621716631,covid,ASSOCIATION_CANDIDATE,real_observed_association_score,analytic_association_only,0.5
PT,NUTS3,2015,2021,FZ,GI,0.06735509634017944,0.5,0.5,0.5,2,negative,0.5,0.6140513621716631,covid,ASSOCIATION_CANDIDATE,real_observed_association_score,analytic_association_only,0.5
PT,NUTS3,2015,2021,FZ,JZ,0.06665670871734619,0.5,0.5,0.5,2,negative,0.5,0.6140513621716631,covid,ASSOCIATION_CANDIDATE,real_observed_association_score,analytic_association_only,0.5
PT,NUTS3,2015,2021,FZ,LZ,0.06675191223621368,0.5,0.5,0.5,2,negative,0.5,0.6140513621716631,covid,ASSOCIATION_CANDIDATE,real_observed_association_score,analytic_association_only,0.5
PT,NUTS3,2015,2021,FZ,MN,0.0671999454498291,0.5,0.5,0.5,2,negative,0.5,0.6140513621716631,covid,ASSOCIATION_CANDIDATE,real_observed_association_score,analytic_association_only,0.5
PT,NUTS3,2015,2021,FZ,OQ,0.06920595467090607,0.5,0.5,0.5,2,negative,0.5,0.6140513621716631,covid,ASSOCIATION_CANDIDATE,real_observed_association_score,analytic_association_only,0.5
PT,NUTS3,2015,2021,FZ,RU,0.06693480908870697,0.5,0.5,0.5,2,negative,0.5,0.6140513621716631,covid,ASSOCIATION_CANDIDATE,real_observed_association_score,analytic_association_only,0.5
PT,NUTS3,2015,2021,GI,BE,0.06816403567790985,0.5,0.5,0.5,2,negative,0.5,0.6140513621716631,covid,ASSOCIATION_CANDIDATE,real_observed_association_score,analytic_association_only,0.5
PT,NUTS3,2015,2021,GI,FZ,0.06586389988660812,0.5,0.5,0.5,2,negative,0.5,0.6140513621716631,covid,ASSOCIATION_CANDIDATE,real_observed_association_score,analytic_association_only,0.5
PT,NUTS3,2015,2021,GI,JZ,0.06586197763681412,0.5,0.5,0.5,2,negative,0.5,0.6140513621716631,covid,ASSOCIATION_CANDIDATE,real_observed_association_score,analytic_association_only,0.5
PT,NUTS3,2015,2021,GI,LZ,0.06603436917066574,0.5,0.5,0.5,2,negative,0.5,0.6140513621716631,covid,ASSOCIATION_CANDIDATE,real_observed_association_score,analytic_association_only,0.5
PT,NUTS3,2015,2021,GI,MN,0.0662909597158432,0.5,0.5,0.5,2,negative,0.5,0.6140513621716631,covid,ASSOCIATION_CANDIDATE,real_observed_association_score,analytic_association_only,0.5
PT,NUTS3,2015,2021,GI,OQ,0.0678347796201706,0.5,0.5,0.5,2,negative,0.5,0.6140513621716631,covid,ASSOCIATION_CANDIDATE,real_observed_association_score,analytic_association_only,0.5
PT,NUTS3,2015,2021,GI,RU,0.0660952553153038,0.5,0.5,0.5,2,negative,0.5,0.6140513621716631,covid,ASSOCIATION_CANDIDATE,real_observed_association_score,analytic_association_only,0.5
PT,NUTS3,2015,2021,JZ,BE,0.0691525787115097,0.5,0.5,0.5,2,negative,0.5,0.6140513621716631,covid,ASSOCIATION_CANDIDATE,real_observed_association_score,analytic_association_only,0.5
PT,NUTS3,2015,2021,JZ,FZ,0.0666128471493721,0.5,0.5,0.5,2,negative,0.5,0.6140513621716631,covid,ASSOCIATION_CANDIDATE,real_observed_association_score,analytic_association_only,0.5
PT,NUTS3,2015,2021,JZ,GI,0.06735721975564957,0.5,0.5,0.5,2,negative,0.5,0.6140513621716631,covid,ASSOCIATION_CANDIDATE,real_observed_association_score,analytic_association_only,0.5
PT,NUTS3,2015,2021,JZ,LZ,0.06684155762195587,0.5,0.5,0.5,2,negative,0.5,0.6140513621716631,covid,ASSOCIATION_CANDIDATE,real_observed_association_score,analytic_association_only,0.5
PT,NUTS3,2015,2021,JZ,MN,0.06703430414199829,0.5,0.5,0.5,2,negative,0.5,0.6140513621716631,covid,ASSOCIATION_CANDIDATE,real_observed_association_score,analytic_association_only,0.5
PT,NUTS3,2015,2021,JZ,OQ,0.06934267282485962,0.5,0.5,0.5,2,negative,0.5,0.6140513621716631,covid,ASSOCIATION_CANDIDATE,real_observed_association_score,analytic_association_only,0.5
PT,NUTS3,2015,2021,JZ,RU,0.06680884957313538,0.5,0.5,0.5,2,negative,0.5,0.6140513621716631,covid,ASSOCIATION_CANDIDATE,real_observed_association_score,analytic_association_only,0.5
PT,NUTS3,2015,2021,LZ,BE,0.06988528370857239,0.5,0.5,0.5,2,negative,0.5,0.6140513621716631,covid,ASSOCIATION_CANDIDATE,real_observed_association_score,analytic_association_only,0.5
PT,NUTS3,2015,2021,LZ,FZ,0.06732328236103058,0.5,0.5,0.5,2,negative,0.5,0.6140513621716631,covid,ASSOCIATION_CANDIDATE,real_observed_association_score,analytic_association_only,0.5
PT,NUTS3,2015,2021,LZ,GI,0.06784529238939285,0.5,0.5,0.5,2,negative,0.5,0.6140513621716631,covid,ASSOCIATION_CANDIDATE,real_observed_association_score,analytic_association_only,0.5
PT,NUTS3,2015,2021,LZ,JZ,0.06713704019784927,0.5,0.5,0.5,2,negative,0.5,0.6140513621716631,covid,ASSOCIATION_CANDIDATE,real_observed_association_score,analytic_association_only,0.5
PT,NUTS3,2015,2021,LZ,MN,0.06762596219778061,0.5,0.5,0.5,2,negative,0.5,0.6140513621716631,covid,ASSOCIATION_CANDIDATE,real_observed_association_score,analytic_association_only,0.5
PT,NUTS3,2015,2021,LZ,OQ,0.07028791308403015,0.5,0.5,0.5,2,negative,0.5,0.6140513621716631,covid,ASSOCIATION_CANDIDATE,real_observed_association_score,analytic_association_only,0.5
PT,NUTS3,2015,2021,LZ,RU,0.06735759228467941,0.5,0.5,0.5,2,negative,0.5,0.6140513621716631,covid,ASSOCIATION_CANDIDATE,real_observed_association_score,analytic_association_only,0.5
PT,NUTS3,2015,2021,MN,BE,0.06839475780725479,0.5,0.5,0.5,2,negative,0.5,0.6140513621716631,covid,ASSOCIATION_CANDIDATE,real_observed_association_score,analytic_association_only,0.5
PT,NUTS3,2015,2021,MN,FZ,0.06608784943819046,0.5,0.5,0.5,2,negative,0.5,0.6140513621716631,covid,ASSOCIATION_CANDIDATE,real_observed_association_score,analytic_association_only,0.5
PT,NUTS3,2015,2021,MN,GI,0.06649790704250336,0.5,0.5,0.5,2,negative,0.5,0.6140513621716631,covid,ASSOCIATION_CANDIDATE,real_observed_association_score,analytic_association_only,0.5
PT,NUTS3,2015,2021,MN,JZ,0.06604723632335663,0.5,0.5,0.5,2,negative,0.5,0.6140513621716631,covid,ASSOCIATION_CANDIDATE,real_observed_association_score,analytic_association_only,0.5
PT,NUTS3,2015,2021,MN,LZ,0.06628444790840149,0.5,0.5,0.5,2,negative,0.5,0.6140513621716631,covid,ASSOCIATION_CANDIDATE,real_observed_association_score,analytic_association_only,0.5
PT,NUTS3,2015,2021,MN,OQ,0.06841345876455307,0.5,0.5,0.5,2,negative,0.5,0.6140513621716631,covid,ASSOCIATION_CANDIDATE,real_observed_association_score,analytic_association_only,0.5
PT,NUTS3,2015,2021,MN,RU,0.06616421788930893,0.5,0.5,0.5,2,negative,0.5,0.6140513621716631,covid,ASSOCIATION_CANDIDATE,real_observed_association_score,analytic_association_only,0.5
PT,NUTS3,2015,2021,OQ,BE,0.0663195550441742,0.5,0.5,0.5,2,negative,0.5,0.6140513621716631,covid,ASSOCIATION_CANDIDATE,real_observed_association_score,analytic_association_only,0.5
PT,NUTS3,2015,2021,OQ,FZ,0.0644669234752655,0.5,0.5,0.5,2,negative,0.5,0.6140513621716631,covid,ASSOCIATION_CANDIDATE,real_observed_association_score,analytic_association_only,0.5
PT,NUTS3,2015,2021,OQ,GI,0.06487488746643066,0.5,0.5,0.5,2,negative,0.5,0.6140513621716631,covid,ASSOCIATION_CANDIDATE,real_observed_association_score,analytic_association_only,0.5
PT,NUTS3,2015,2021,OQ,JZ,0.06430076062679291,0.5,0.5,0.5,2,negative,0.5,0.6140513621716631,covid,ASSOCIATION_CANDIDATE,real_observed_association_score,analytic_association_only,0.5
PT,NUTS3,2015,2021,OQ,LZ,0.06444160640239716,0.5,0.5,0.5,2,negative,0.5,0.6140513621716631,covid,ASSOCIATION_CANDIDATE,real_observed_association_score,analytic_association_only,0.5
PT,NUTS3,2015,2021,OQ,MN,0.06466415524482727,0.5,0.5,0.5,2,negative,0.5,0.6140513621716631,covid,ASSOCIATION_CANDIDATE,real_observed_association_score,analytic_association_only,0.5
PT,NUTS3,2015,2021,OQ,RU,0.06447196006774902,0.5,0.5,0.5,2,negative,0.5,0.6140513621716631,covid,ASSOCIATION_CANDIDATE,real_observed_association_score,analytic_association_only,0.5
PT,NUTS3,2015,2021,RU,BE,0.06843193620443344,0.5,0.5,0.5,2,negative,0.5,0.6140513621716631,covid,ASSOCIATION_CANDIDATE,real_observed_association_score,analytic_association_only,0.5
PT,NUTS3,2015,2021,RU,FZ,0.06616450101137161,0.5,0.5,0.5,2,negative,0.5,0.6140513621716631,covid,ASSOCIATION_CANDIDATE,real_observed_association_score,analytic_association_only,0.5
PT,NUTS3,2015,2021,RU,GI,0.06657440215349197,0.5,0.5,0.5,2,negative,0.5,0.6140513621716631,covid,ASSOCIATION_CANDIDATE,real_observed_association_score,analytic_association_only,0.5
PT,NUTS3,2015,2021,RU,JZ,0.06618084013462067,0.5,0.5,0.5,2,negative,0.5,0.6140513621716631,covid,ASSOCIATION_CANDIDATE,real_observed_association_score,analytic_association_only,0.5
PT,NUTS3,2015,2021,RU,LZ,0.06632634252309799,0.5,0.5,0.5,2,negative,0.5,0.6140513621716631,covid,ASSOCIATION_CANDIDATE,real_observed_association_score,analytic_association_only,0.5
PT,NUTS3,2015,2021,RU,MN,0.0664074644446373,0.5,0.5,0.5,2,negative,0.5,0.6140513621716631,covid,ASSOCIATION_CANDIDATE,real_observed_association_score,analytic_association_only,0.5
PT,NUTS3,2015,2021,RU,OQ,0.06850482523441315,0.5,0.5,0.5,2,negative,0.5,0.6140513621716631,covid,ASSOCIATION_CANDIDATE,real_observed_association_score,analytic_association_only,0.5
PT,NUTS3,2016,2022,BE,FZ,0.06548376381397247,0.5,0.5,0.5,2,negative,0.5,0.6140513621716631,covid,ASSOCIATION_CANDIDATE,real_observed_association_score,analytic_association_only,0.5
PT,NUTS3,2016,2022,BE,GI,0.06631042808294296,0.5,0.5,0.5,2,negative,0.5,0.6140513621716631,covid,ASSOCIATION_CANDIDATE,real_observed_association_score,analytic_association_only,0.5
PT,NUTS3,2016,2022,BE,JZ,0.06474471092224121,0.5,0.5,0.5,2,negative,0.5,0.6140513621716631,covid,ASSOCIATION_CANDIDATE,real_observed_association_score,analytic_association_only,0.5
PT,NUTS3,2016,2022,BE,LZ,0.06521645933389664,0.5,0.5,0.5,2,negative,0.5,0.6140513621716631,covid,ASSOCIATION_CANDIDATE,real_observed_association_score,analytic_association_only,0.5
PT,NUTS3,2016,2022,BE,MN,0.06571373343467712,0.5,0.5,0.5,2,negative,0.5,0.6140513621716631,covid,ASSOCIATION_CANDIDATE,real_observed_association_score,analytic_association_only,0.5
PT,NUTS3,2016,2022,BE,OQ,0.06640253961086273,0.5,0.5,0.5,2,negative,0.5,0.6140513621716631,covid,ASSOCIATION_CANDIDATE,real_observed_association_score,analytic_association_only,0.5
PT,NUTS3,2016,2022,BE,RU,0.065889872610569,0.5,0.5,0.5,2,negative,0.5,0.6140513621716631,covid,ASSOCIATION_CANDIDATE,real_observed_association_score,analytic_association_only,0.5
PT,NUTS3,2016,2022,FZ,BE,0.06788884848356247,0.5,0.5,0.5,2,negative,0.5,0.6140513621716631,covid,ASSOCIATION_CANDIDATE,real_observed_association_score,analytic_association_only,0.5
PT,NUTS3,2016,2022,FZ,GI,0.06774221360683441,0.5,0.5,0.5,2,negative,0.5,0.6140513621716631,covid,ASSOCIATION_CANDIDATE,real_observed_association_score,analytic_association_only,0.5
PT,NUTS3,2016,2022,FZ,JZ,0.06584780663251877,0.5,0.5,0.5,2,negative,0.5,0.6140513621716631,covid,ASSOCIATION_CANDIDATE,real_observed_association_score,analytic_association_only,0.5
PT,NUTS3,2016,2022,FZ,LZ,0.06634491682052612,0.5,0.5,0.5,2,negative,0.5,0.6140513621716631,covid,ASSOCIATION_CANDIDATE,real_observed_association_score,analytic_association_only,0.5
PT,NUTS3,2016,2022,FZ,MN,0.06722726672887802,0.5,0.5,0.5,2,negative,0.5,0.6140513621716631,covid,ASSOCIATION_CANDIDATE,real_observed_association_score,analytic_association_only,0.5
PT,NUTS3,2016,2022,FZ,OQ,0.06778684258460999,0.5,0.5,0.5,2,negative,0.5,0.6140513621716631,covid,ASSOCIATION_CANDIDATE,real_observed_association_score,analytic_association_only,0.5
PT,NUTS3,2016,2022,FZ,RU,0.06740965694189072,0.5,0.5,0.5,2,negative,0.5,0.6140513621716631,covid,ASSOCIATION_CANDIDATE,real_observed_association_score,analytic_association_only,0.5
PT,NUTS3,2016,2022,GI,BE,0.06687241792678833,0.5,0.5,0.5,2,negative,0.5,0.6140513621716631,covid,ASSOCIATION_CANDIDATE,real_observed_association_score,analytic_association_only,0.5
PT,NUTS3,2016,2022,GI,FZ,0.06587368249893188,0.5,0.5,0.5,2,negative,0.5,0.6140513621716631,covid,ASSOCIATION_CANDIDATE,real_observed_association_score,analytic_association_only,0.5
PT,NUTS3,2016,2022,GI,JZ,0.06504769623279572,0.5,0.5,0.5,2,negative,0.5,0.6140513621716631,covid,ASSOCIATION_CANDIDATE,real_observed_association_score,analytic_association_only,0.5
PT,NUTS3,2016,2022,GI,LZ,0.06560353189706802,0.5,0.5,0.5,2,negative,0.5,0.6140513621716631,covid,ASSOCIATION_CANDIDATE,real_observed_association_score,analytic_association_only,0.5
PT,NUTS3,2016,2022,GI,MN,0.06605374813079834,0.5,0.5,0.5,2,negative,0.5,0.6140513621716631,covid,ASSOCIATION_CANDIDATE,real_observed_association_score,analytic_association_only,0.5
PT,NUTS3,2016,2022,GI,OQ,0.06661280244588852,0.5,0.5,0.5,2,negative,0.5,0.6140513621716631,covid,ASSOCIATION_CANDIDATE,real_observed_association_score,analytic_association_only,0.5
PT,NUTS3,2016,2022,GI,RU,0.06622900813817978,0.5,0.5,0.5,2,negative,0.5,0.6140513621716631,covid,ASSOCIATION_CANDIDATE,real_observed_association_score,analytic_association_only,0.5
PT,NUTS3,2016,2022,JZ,BE,0.06881295144557953,0.5,0.5,0.5,2,negative,0.5,0.6140513621716631,covid,ASSOCIATION_CANDIDATE,real_observed_association_score,analytic_association_only,0.5
PT,NUTS3,2016,2022,JZ,FZ,0.0677044466137886,0.5,0.5,0.5,2,negative,0.5,0.6140513621716631,covid,ASSOCIATION_CANDIDATE,real_observed_association_score,analytic_association_only,0.5
PT,NUTS3,2016,2022,JZ,GI,0.06853219866752625,0.5,0.5,0.5,2,negative,0.5,0.6140513621716631,covid,ASSOCIATION_CANDIDATE,real_observed_association_score,analytic_association_only,0.5
PT,NUTS3,2016,2022,JZ,LZ,0.06707772612571716,0.5,0.5,0.5,2,negative,0.5,0.6140513621716631,covid,ASSOCIATION_CANDIDATE,real_observed_association_score,analytic_association_only,0.5
PT,NUTS3,2016,2022,JZ,MN,0.06781882047653198,0.5,0.5,0.5,2,negative,0.5,0.6140513621716631,covid,ASSOCIATION_CANDIDATE,real_observed_association_score,analytic_association_only,0.5
PT,NUTS3,2016,2022,JZ,OQ,0.06864949315786362,0.5,0.5,0.5,2,negative,0.5,0.6140513621716631,covid,ASSOCIATION_CANDIDATE,real_observed_association_score,analytic_association_only,0.5
PT,NUTS3,2016,2022,JZ,RU,0.06803561002016068,0.5,0.5,0.5,2,negative,0.5,0.6140513621716631,covid,ASSOCIATION_CANDIDATE,real_observed_association_score,analytic_association_only,0.5
PT,NUTS3,2016,2022,LZ,BE,0.06885283440351486,0.5,0.5,0.5,2,negative,0.5,0.6140513621716631,covid,ASSOCIATION_CANDIDATE,real_observed_association_score,analytic_association_only,0.5
PT,NUTS3,2016,2022,LZ,FZ,0.0676790177822113,0.5,0.5,0.5,2,negative,0.5,0.6140513621716631,covid,ASSOCIATION_CANDIDATE,real_observed_association_score,analytic_association_only,0.5
PT,NUTS3,2016,2022,LZ,GI,0.06837821006774902,0.5,0.5,0.5,2,negative,0.5,0.6140513621716631,covid,ASSOCIATION_CANDIDATE,real_observed_association_score,analytic_association_only,0.5
PT,NUTS3,2016,2022,LZ,JZ,0.06641487777233124,0.5,0.5,0.5,2,negative,0.5,0.6140513621716631,covid,ASSOCIATION_CANDIDATE,real_observed_association_score,analytic_association_only,0.5
PT,NUTS3,2016,2022,LZ,MN,0.06770149618387222,0.5,0.5,0.5,2,negative,0.5,0.6140513621716631,covid,ASSOCIATION_CANDIDATE,real_observed_association_score,analytic_association_only,0.5
PT,NUTS3,2016,2022,LZ,OQ,0.06857845187187195,0.5,0.5,0.5,2,negative,0.5,0.6140513621716631,covid,ASSOCIATION_CANDIDATE,real_observed_association_score,analytic_association_only,0.5
PT,NUTS3,2016,2022,LZ,RU,0.06791330873966217,0.5,0.5,0.5,2,negative,0.5,0.6140513621716631,covid,ASSOCIATION_CANDIDATE,real_observed_association_score,analytic_association_only,0.5
PT,NUTS3,2016,2022,MN,BE,0.06747977435588837,0.5,0.5,0.5,2,negative,0.5,0.6140513621716631,covid,ASSOCIATION_CANDIDATE,real_observed_association_score,analytic_association_only,0.5
PT,NUTS3,2016,2022,MN,FZ,0.06645341217517853,0.5,0.5,0.5,2,negative,0.5,0.6140513621716631,covid,ASSOCIATION_CANDIDATE,real_observed_association_score,analytic_association_only,0.5
PT,NUTS3,2016,2022,MN,GI,0.06713908165693283,0.5,0.5,0.5,2,negative,0.5,0.6140513621716631,covid,ASSOCIATION_CANDIDATE,real_observed_association_score,analytic_association_only,0.5
PT,NUTS3,2016,2022,MN,JZ,0.06560917943716049,0.5,0.5,0.5,2,negative,0.5,0.6140513621716631,covid,ASSOCIATION_CANDIDATE,real_observed_association_score,analytic_association_only,0.5
PT,NUTS3,2016,2022,MN,LZ,0.0660879835486412,0.5,0.5,0.5,2,negative,0.5,0.6140513621716631,covid,ASSOCIATION_CANDIDATE,real_observed_association_score,analytic_association_only,0.5
PT,NUTS3,2016,2022,MN,OQ,0.06721870601177216,0.5,0.5,0.5,2,negative,0.5,0.6140513621716631,covid,ASSOCIATION_CANDIDATE,real_observed_association_score,analytic_association_only,0.5
PT,NUTS3,2016,2022,MN,RU,0.066729336977005,0.5,0.5,0.5,2,negative,0.5,0.6140513621716631,covid,ASSOCIATION_CANDIDATE,real_observed_association_score,analytic_association_only,0.5
PT,NUTS3,2016,2022,OQ,BE,0.06679175794124603,0.5,0.5,0.5,2,negative,0.5,0.6140513621716631,covid,ASSOCIATION_CANDIDATE,real_observed_association_score,analytic_association_only,0.5
PT,NUTS3,2016,2022,OQ,FZ,0.06577123701572418,0.5,0.5,0.5,2,negative,0.5,0.6140513621716631,covid,ASSOCIATION_CANDIDATE,real_observed_association_score,analytic_association_only,0.5
PT,NUTS3,2016,2022,OQ,GI,0.06660691648721695,0.5,0.5,0.5,2,negative,0.5,0.6140513621716631,covid,ASSOCIATION_CANDIDATE,real_observed_association_score,analytic_association_only,0.5
PT,NUTS3,2016,2022,OQ,JZ,0.06488481909036636,0.5,0.5,0.5,2,negative,0.5,0.6140513621716631,covid,ASSOCIATION_CANDIDATE,real_observed_association_score,analytic_association_only,0.5
PT,NUTS3,2016,2022,OQ,LZ,0.06531919538974762,0.5,0.5,0.5,2,negative,0.5,0.6140513621716631,covid,ASSOCIATION_CANDIDATE,real_observed_association_score,analytic_association_only,0.5
PT,NUTS3,2016,2022,OQ,MN,0.06589636951684952,0.5,0.5,0.5,2,negative,0.5,0.6140513621716631,covid,ASSOCIATION_CANDIDATE,real_observed_association_score,analytic_association_only,0.5
PT,NUTS3,2016,2022,OQ,RU,0.06608223170042038,0.5,0.5,0.5,2,negative,0.5,0.6140513621716631,covid,ASSOCIATION_CANDIDATE,real_observed_association_score,analytic_association_only,0.5
PT,NUTS3,2016,2022,RU,BE,0.06737624108791351,0.5,0.5,0.5,2,negative,0.5,0.6140513621716631,covid,ASSOCIATION_CANDIDATE,real_observed_association_score,analytic_association_only,0.5
PT,NUTS3,2016,2022,RU,FZ,0.06636686623096466,0.5,0.5,0.5,2,negative,0.5,0.6140513621716631,covid,ASSOCIATION_CANDIDATE,real_observed_association_score,analytic_association_only,0.5
PT,NUTS3,2016,2022,RU,GI,0.06706850230693817,0.5,0.5,0.5,2,negative,0.5,0.6140513621716631,covid,ASSOCIATION_CANDIDATE,real_observed_association_score,analytic_association_only,0.5
PT,NUTS3,2016,2022,RU,JZ,0.06557413190603256,0.5,0.5,0.5,2,negative,0.5,0.6140513621716631,covid,ASSOCIATION_CANDIDATE,real_observed_association_score,analytic_association_only,0.5
PT,NUTS3,2016,2022,RU,LZ,0.06605733931064606,0.5,0.5,0.5,2,negative,0.5,0.6140513621716631,covid,ASSOCIATION_CANDIDATE,real_observed_association_score,analytic_association_only,0.5
PT,NUTS3,2016,2022,RU,MN,0.0665367990732193,0.5,0.5,0.5,2,negative,0.5,0.6140513621716631,covid,ASSOCIATION_CANDIDATE,real_observed_association_score,analytic_association_only,0.5
PT,NUTS3,2016,2022,RU,OQ,0.0671691969037056,0.5,0.5,0.5,2,negative,0.5,0.6140513621716631,covid,ASSOCIATION_CANDIDATE,real_observed_association_score,analytic_association_only,0.5
PT,NUTS3,2017,2023,BE,FZ,0.06458645313978195,0.5,0.5,0.5,2,negative,0.5,0.6140513621716631,covid,ASSOCIATION_CANDIDATE,real_observed_association_score,analytic_association_only,0.5
PT,NUTS3,2017,2023,BE,GI,0.06546967476606369,0.5,0.5,0.5,2,negative,0.5,0.6140513621716631,covid,ASSOCIATION_CANDIDATE,real_observed_association_score,analytic_association_only,0.5
PT,NUTS3,2017,2023,BE,JZ,0.06338448822498322,0.5,0.5,0.5,2,negative,0.5,0.6140513621716631,covid,ASSOCIATION_CANDIDATE,real_observed_association_score,analytic_association_only,0.5
PT,NUTS3,2017,2023,BE,LZ,0.06472193449735641,0.5,0.5,0.5,2,negative,0.5,0.6140513621716631,covid,ASSOCIATION_CANDIDATE,real_observed_association_score,analytic_association_only,0.5
PT,NUTS3,2017,2023,BE,MN,0.0646362230181694,0.5,0.5,0.5,2,negative,0.5,0.6140513621716631,covid,ASSOCIATION_CANDIDATE,real_observed_association_score,analytic_association_only,0.5
PT,NUTS3,2017,2023,BE,OQ,0.0649506151676178,0.5,0.5,0.5,2,negative,0.5,0.6140513621716631,covid,ASSOCIATION_CANDIDATE,real_observed_association_score,analytic_association_only,0.5
PT,NUTS3,2017,2023,BE,RU,0.06514234095811844,0.5,0.5,0.5,2,negative,0.5,0.6140513621716631,covid,ASSOCIATION_CANDIDATE,real_observed_association_score,analytic_association_only,0.5
PT,NUTS3,2017,2023,FZ,BE,0.06732246279716492,0.5,0.5,0.5,2,negative,0.5,0.6140513621716631,covid,ASSOCIATION_CANDIDATE,real_observed_association_score,analytic_association_only,0.5
PT,NUTS3,2017,2023,FZ,GI,0.06715144962072372,0.5,0.5,0.5,2,negative,0.5,0.6140513621716631,covid,ASSOCIATION_CANDIDATE,real_observed_association_score,analytic_association_only,0.5
PT,NUTS3,2017,2023,FZ,JZ,0.06487452238798141,0.5,0.5,0.5,2,negative,0.5,0.6140513621716631,covid,ASSOCIATION_CANDIDATE,real_observed_association_score,analytic_association_only,0.5
PT,NUTS3,2017,2023,FZ,LZ,0.06633904576301575,0.5,0.5,0.5,2,negative,0.5,0.6140513621716631,covid,ASSOCIATION_CANDIDATE,real_observed_association_score,analytic_association_only,0.5
PT,NUTS3,2017,2023,FZ,MN,0.06625276058912277,0.5,0.5,0.5,2,negative,0.5,0.6140513621716631,covid,ASSOCIATION_CANDIDATE,real_observed_association_score,analytic_association_only,0.5
PT,NUTS3,2017,2023,FZ,OQ,0.06629642099142075,0.5,0.5,0.5,2,negative,0.5,0.6140513621716631,covid,ASSOCIATION_CANDIDATE,real_observed_association_score,analytic_association_only,0.5
PT,NUTS3,2017,2023,FZ,RU,0.06695609539747238,0.5,0.5,0.5,2,negative,0.5,0.6140513621716631,covid,ASSOCIATION_CANDIDATE,real_observed_association_score,analytic_association_only,0.5
PT,NUTS3,2017,2023,GI,BE,0.06574878096580505,0.5,0.5,0.5,2,negative,0.5,0.6140513621716631,covid,ASSOCIATION_CANDIDATE,real_observed_association_score,analytic_association_only,0.5
PT,NUTS3,2017,2023,GI,FZ,0.06507547199726105,0.5,0.5,0.5,2,negative,0.5,0.6140513621716631,covid,ASSOCIATION_CANDIDATE,real_observed_association_score,analytic_association_only,0.5
PT,NUTS3,2017,2023,GI,JZ,0.06383967399597168,0.5,0.5,0.5,2,negative,0.5,0.6140513621716631,covid,ASSOCIATION_CANDIDATE,real_observed_association_score,analytic_association_only,0.5
PT,NUTS3,2017,2023,GI,LZ,0.0653190165758133,0.5,0.5,0.5,2,negative,0.5,0.6140513621716631,covid,ASSOCIATION_CANDIDATE,real_observed_association_score,analytic_association_only,0.5
PT,NUTS3,2017,2023,GI,MN,0.06516765058040619,0.5,0.5,0.5,2,negative,0.5,0.6140513621716631,covid,ASSOCIATION_CANDIDATE,real_observed_association_score,analytic_association_only,0.5
PT,NUTS3,2017,2023,GI,OQ,0.06496553122997284,0.5,0.5,0.5,2,negative,0.5,0.6140513621716631,covid,ASSOCIATION_CANDIDATE,real_observed_association_score,analytic_association_only,0.5
PT,NUTS3,2017,2023,GI,RU,0.06559641659259796,0.5,0.5,0.5,2,negative,0.5,0.6140513621716631,covid,ASSOCIATION_CANDIDATE,real_observed_association_score,analytic_association_only,0.5
PT,NUTS3,2017,2023,JZ,BE,0.06933222711086273,0.5,0.5,0.5,2,negative,0.5,0.6140513621716631,covid,ASSOCIATION_CANDIDATE,real_observed_association_score,analytic_association_only,0.5
PT,NUTS3,2017,2023,JZ,FZ,0.06793630123138428,0.5,0.5,0.5,2,negative,0.5,0.6140513621716631,covid,ASSOCIATION_CANDIDATE,real_observed_association_score,analytic_association_only,0.5
PT,NUTS3,2017,2023,JZ,GI,0.06902220845222473,0.5,0.5,0.5,2,negative,0.5,0.6140513621716631,covid,ASSOCIATION_CANDIDATE,real_observed_association_score,analytic_association_only,0.5
PT,NUTS3,2017,2023,JZ,LZ,0.06811007112264633,0.5,0.5,0.5,2,negative,0.5,0.6140513621716631,covid,ASSOCIATION_CANDIDATE,real_observed_association_score,analytic_association_only,0.5
PT,NUTS3,2017,2023,JZ,MN,0.06783805787563324,0.5,0.5,0.5,2,negative,0.5,0.6140513621716631,covid,ASSOCIATION_CANDIDATE,real_observed_association_score,analytic_association_only,0.5
PT,NUTS3,2017,2023,JZ,OQ,0.06819803267717361,0.5,0.5,0.5,2,negative,0.5,0.6140513621716631,covid,ASSOCIATION_CANDIDATE,real_observed_association_score,analytic_association_only,0.5
PT,NUTS3,2017,2023,JZ,RU,0.06858019530773163,0.5,0.5,0.5,2,negative,0.5,0.6140513621716631,covid,ASSOCIATION_CANDIDATE,real_observed_association_score,analytic_association_only,0.5
PT,NUTS3,2017,2023,LZ,BE,0.06763550639152527,0.5,0.5,0.5,2,negative,0.5,0.6140513621716631,covid,ASSOCIATION_CANDIDATE,real_observed_association_score,analytic_association_only,0.5
PT,NUTS3,2017,2023,LZ,FZ,0.066474050283432,0.5,0.5,0.5,2,negative,0.5,0.6140513621716631,covid,ASSOCIATION_CANDIDATE,real_observed_association_score,analytic_association_only,0.5
PT,NUTS3,2017,2023,LZ,GI,0.06721653789281845,0.5,0.5,0.5,2,negative,0.5,0.6140513621716631,covid,ASSOCIATION_CANDIDATE,real_observed_association_score,analytic_association_only,0.5
PT,NUTS3,2017,2023,LZ,JZ,0.06514287739992142,0.5,0.5,0.5,2,negative,0.5,0.6140513621716631,covid,ASSOCIATION_CANDIDATE,real_observed_association_score,analytic_association_only,0.5
PT,NUTS3,2017,2023,LZ,MN,0.06639334559440613,0.5,0.5,0.5,2,negative,0.5,0.6140513621716631,covid,ASSOCIATION_CANDIDATE,real_observed_association_score,analytic_association_only,0.5
PT,NUTS3,2017,2023,LZ,OQ,0.06667917221784592,0.5,0.5,0.5,2,negative,0.5,0.6140513621716631,covid,ASSOCIATION_CANDIDATE,real_observed_association_score,analytic_association_only,0.5
PT,NUTS3,2017,2023,LZ,RU,0.06698518991470337,0.5,0.5,0.5,2,negative,0.5,0.6140513621716631,covid,ASSOCIATION_CANDIDATE,real_observed_association_score,analytic_association_only,0.5
PT,NUTS3,2017,2023,MN,BE,0.06674964725971222,0.5,0.5,0.5,2,negative,0.5,0.6140513621716631,covid,ASSOCIATION_CANDIDATE,real_observed_association_score,analytic_association_only,0.5
PT,NUTS3,2017,2023,MN,FZ,0.06569553911685944,0.5,0.5,0.5,2,negative,0.5,0.6140513621716631,covid,ASSOCIATION_CANDIDATE,real_observed_association_score,analytic_association_only,0.5
PT,NUTS3,2017,2023,MN,GI,0.06653527170419693,0.5,0.5,0.5,2,negative,0.5,0.6140513621716631,covid,ASSOCIATION_CANDIDATE,real_observed_association_score,analytic_association_only,0.5
PT,NUTS3,2017,2023,MN,JZ,0.06444525718688965,0.5,0.5,0.5,2,negative,0.5,0.6140513621716631,covid,ASSOCIATION_CANDIDATE,real_observed_association_score,analytic_association_only,0.5
PT,NUTS3,2017,2023,MN,LZ,0.06596814095973969,0.5,0.5,0.5,2,negative,0.5,0.6140513621716631,covid,ASSOCIATION_CANDIDATE,real_observed_association_score,analytic_association_only,0.5
PT,NUTS3,2017,2023,MN,OQ,0.06577587127685547,0.5,0.5,0.5,2,negative,0.5,0.6140513621716631,covid,ASSOCIATION_CANDIDATE,real_observed_association_score,analytic_association_only,0.5
PT,NUTS3,2017,2023,MN,RU,0.06627509742975235,0.5,0.5,0.5,2,negative,0.5,0.6140513621716631,covid,ASSOCIATION_CANDIDATE,real_observed_association_score,analytic_association_only,0.5
PT,NUTS3,2017,2023,OQ,BE,0.06638883799314499,0.5,0.5,0.5,2,negative,0.5,0.6140513621716631,covid,ASSOCIATION_CANDIDATE,real_observed_association_score,analytic_association_only,0.5
PT,NUTS3,2017,2023,OQ,FZ,0.06528947502374649,0.5,0.5,0.5,2,negative,0.5,0.6140513621716631,covid,ASSOCIATION_CANDIDATE,real_observed_association_score,analytic_association_only,0.5
PT,NUTS3,2017,2023,OQ,GI,0.06637809425592422,0.5,0.5,0.5,2,negative,0.5,0.6140513621716631,covid,ASSOCIATION_CANDIDATE,real_observed_association_score,analytic_association_only,0.5
PT,NUTS3,2017,2023,OQ,JZ,0.0640387311577797,0.5,0.5,0.5,2,negative,0.5,0.6140513621716631,covid,ASSOCIATION_CANDIDATE,real_observed_association_score,analytic_association_only,0.5
PT,NUTS3,2017,2023,OQ,LZ,0.06547413766384125,0.5,0.5,0.5,2,negative,0.5,0.6140513621716631,covid,ASSOCIATION_CANDIDATE,real_observed_association_score,analytic_association_only,0.5
PT,NUTS3,2017,2023,OQ,MN,0.06537404656410217,0.5,0.5,0.5,2,negative,0.5,0.6140513621716631,covid,ASSOCIATION_CANDIDATE,real_observed_association_score,analytic_association_only,0.5
PT,NUTS3,2017,2023,OQ,RU,0.06596207618713379,0.5,0.5,0.5,2,negative,0.5,0.6140513621716631,covid,ASSOCIATION_CANDIDATE,real_observed_association_score,analytic_association_only,0.5
PT,NUTS3,2017,2023,RU,BE,0.06613742560148239,0.5,0.5,0.5,2,negative,0.5,0.6140513621716631,covid,ASSOCIATION_CANDIDATE,real_observed_association_score,analytic_association_only,0.5
PT,NUTS3,2017,2023,RU,FZ,0.06533174216747284,0.5,0.5,0.5,2,negative,0.5,0.6140513621716631,covid,ASSOCIATION_CANDIDATE,real_observed_association_score,analytic_association_only,0.5
PT,NUTS3,2017,2023,RU,GI,0.0660286471247673,0.5,0.5,0.5,2,negative,0.5,0.6140513621716631,covid,ASSOCIATION_CANDIDATE,real_observed_association_score,analytic_association_only,0.5
PT,NUTS3,2017,2023,RU,JZ,0.06411997973918915,0.5,0.5,0.5,2,negative,0.5,0.6140513621716631,covid,ASSOCIATION_CANDIDATE,real_observed_association_score,analytic_association_only,0.5
PT,NUTS3,2017,2023,RU,LZ,0.06562364846467972,0.5,0.5,0.5,2,negative,0.5,0.6140513621716631,covid,ASSOCIATION_CANDIDATE,real_observed_association_score,analytic_association_only,0.5
PT,NUTS3,2017,2023,RU,MN,0.0655008852481842,0.5,0.5,0.5,2,negative,0.5,0.6140513621716631,covid,ASSOCIATION_CANDIDATE,real_observed_association_score,analytic_association_only,0.5
PT,NUTS3,2017,2023,RU,OQ,0.06531587243080139,0.5,0.5,0.5,2,negative,0.5,0.6140513621716631,covid,ASSOCIATION_CANDIDATE,real_observed_association_score,analytic_association_only,0.5
PT,NUTS3,2019,2025,BE,FZ,0.06599801033735275,0.5,0.5,0.5,2,negative,0.5,0.6140513621716631,covid,ASSOCIATION_CANDIDATE,real_observed_association_score,analytic_association_only,0.5
PT,NUTS3,2019,2025,BE,GI,0.06554355472326279,0.5,0.5,0.5,2,negative,0.5,0.6140513621716631,covid,ASSOCIATION_CANDIDATE,real_observed_association_score,analytic_association_only,0.5
PT,NUTS3,2019,2025,BE,JZ,0.06521743535995483,0.5,0.5,0.5,2,negative,0.5,0.6140513621716631,covid,ASSOCIATION_CANDIDATE,real_observed_association_score,analytic_association_only,0.5
PT,NUTS3,2019,2025,BE,LZ,0.06695250421762466,0.5,0.5,0.5,2,negative,0.5,0.6140513621716631,covid,ASSOCIATION_CANDIDATE,real_observed_association_score,analytic_association_only,0.5
PT,NUTS3,2019,2025,BE,MN,0.06556795537471771,0.5,0.5,0.5,2,negative,0.5,0.6140513621716631,covid,ASSOCIATION_CANDIDATE,real_observed_association_score,analytic_association_only,0.5
PT,NUTS3,2019,2025,BE,OQ,0.06673587113618851,0.5,0.5,0.5,2,negative,0.5,0.6140513621716631,covid,ASSOCIATION_CANDIDATE,real_observed_association_score,analytic_association_only,0.5
PT,NUTS3,2019,2025,BE,RU,0.0653059333562851,0.5,0.5,0.5,2,negative,0.5,0.6140513621716631,covid,ASSOCIATION_CANDIDATE,real_observed_association_score,analytic_association_only,0.5
PT,NUTS3,2019,2025,FZ,BE,0.06696445494890213,0.5,0.5,0.5,2,negative,0.5,0.6140513621716631,covid,ASSOCIATION_CANDIDATE,real_observed_association_score,analytic_association_only,0.5
PT,NUTS3,2019,2025,FZ,GI,0.06589139252901077,0.5,0.5,0.5,2,negative,0.5,0.6140513621716631,covid,ASSOCIATION_CANDIDATE,real_observed_association_score,analytic_association_only,0.5
PT,NUTS3,2019,2025,FZ,JZ,0.06581918895244598,0.5,0.5,0.5,2,negative,0.5,0.6140513621716631,covid,ASSOCIATION_CANDIDATE,real_observed_association_score,analytic_association_only,0.5
PT,NUTS3,2019,2025,FZ,LZ,0.06747408211231232,0.5,0.5,0.5,2,negative,0.5,0.6140513621716631,covid,ASSOCIATION_CANDIDATE,real_observed_association_score,analytic_association_only,0.5
PT,NUTS3,2019,2025,FZ,MN,0.06604178994894028,0.5,0.5,0.5,2,negative,0.5,0.6140513621716631,covid,ASSOCIATION_CANDIDATE,real_observed_association_score,analytic_association_only,0.5
PT,NUTS3,2019,2025,FZ,OQ,0.06724025309085846,0.5,0.5,0.5,2,negative,0.5,0.6140513621716631,covid,ASSOCIATION_CANDIDATE,real_observed_association_score,analytic_association_only,0.5
PT,NUTS3,2019,2025,FZ,RU,0.06569942086935043,0.5,0.5,0.5,2,negative,0.5,0.6140513621716631,covid,ASSOCIATION_CANDIDATE,real_observed_association_score,analytic_association_only,0.5
PT,NUTS3,2019,2025,GI,BE,0.06681476533412933,0.5,0.5,0.5,2,negative,0.5,0.6140513621716631,covid,ASSOCIATION_CANDIDATE,real_observed_association_score,analytic_association_only,0.5
PT,NUTS3,2019,2025,GI,FZ,0.06637023389339447,0.5,0.5,0.5,2,negative,0.5,0.6140513621716631,covid,ASSOCIATION_CANDIDATE,real_observed_association_score,analytic_association_only,0.5
PT,NUTS3,2019,2025,GI,JZ,0.06561094522476196,0.5,0.5,0.5,2,negative,0.5,0.6140513621716631,covid,ASSOCIATION_CANDIDATE,real_observed_association_score,analytic_association_only,0.5
PT,NUTS3,2019,2025,GI,LZ,0.0673583522439003,0.5,0.5,0.5,2,negative,0.5,0.6140513621716631,covid,ASSOCIATION_CANDIDATE,real_observed_association_score,analytic_association_only,0.5
PT,NUTS3,2019,2025,GI,MN,0.0658455491065979,0.5,0.5,0.5,2,negative,0.5,0.6140513621716631,covid,ASSOCIATION_CANDIDATE,real_observed_association_score,analytic_association_only,0.5
PT,NUTS3,2019,2025,GI,OQ,0.0670425072312355,0.5,0.5,0.5,2,negative,0.5,0.6140513621716631,covid,ASSOCIATION_CANDIDATE,real_observed_association_score,analytic_association_only,0.5
PT,NUTS3,2019,2025,GI,RU,0.06549837440252304,0.5,0.5,0.5,2,negative,0.5,0.6140513621716631,covid,ASSOCIATION_CANDIDATE,real_observed_association_score,analytic_association_only,0.5
PT,NUTS3,2019,2025,JZ,BE,0.06949091702699661,0.5,0.5,0.5,2,negative,0.5,0.6140513621716631,covid,ASSOCIATION_CANDIDATE,real_observed_association_score,analytic_association_only,0.5
PT,NUTS3,2019,2025,JZ,FZ,0.06876645982265472,0.5,0.5,0.5,2,negative,0.5,0.6140513621716631,covid,ASSOCIATION_CANDIDATE,real_observed_association_score,analytic_association_only,0.5
PT,NUTS3,2019,2025,JZ,GI,0.06813366711139679,0.5,0.5,0.5,2,negative,0.5,0.6140513621716631,covid,ASSOCIATION_CANDIDATE,real_observed_association_score,analytic_association_only,0.5
PT,NUTS3,2019,2025,JZ,LZ,0.06976627558469772,0.5,0.5,0.5,2,negative,0.5,0.6140513621716631,covid,ASSOCIATION_CANDIDATE,real_observed_association_score,analytic_association_only,0.5
PT,NUTS3,2019,2025,JZ,MN,0.06809677183628082,0.5,0.5,0.5,2,negative,0.5,0.6140513621716631,covid,ASSOCIATION_CANDIDATE,real_observed_association_score,analytic_association_only,0.5
PT,NUTS3,2019,2025,JZ,OQ,0.06947790086269379,0.5,0.5,0.5,2,negative,0.5,0.6140513621716631,covid,ASSOCIATION_CANDIDATE,real_observed_association_score,analytic_association_only,0.5
PT,NUTS3,2019,2025,JZ,RU,0.06772828847169876,0.5,0.5,0.5,2,negative,0.5,0.6140513621716631,covid,ASSOCIATION_CANDIDATE,real_observed_association_score,analytic_association_only,0.5
PT,NUTS3,2019,2025,LZ,BE,0.0667390301823616,0.5,0.5,0.5,2,negative,0.5,0.6140513621716631,covid,ASSOCIATION_CANDIDATE,real_observed_association_score,analytic_association_only,0.5
PT,NUTS3,2019,2025,LZ,FZ,0.06619072705507278,0.5,0.5,0.5,2,negative,0.5,0.6140513621716631,covid,ASSOCIATION_CANDIDATE,real_observed_association_score,analytic_association_only,0.5
PT,NUTS3,2019,2025,LZ,GI,0.06571519374847412,0.5,0.5,0.5,2,negative,0.5,0.6140513621716631,covid,ASSOCIATION_CANDIDATE,real_observed_association_score,analytic_association_only,0.5
PT,NUTS3,2019,2025,LZ,JZ,0.06563639640808105,0.5,0.5,0.5,2,negative,0.5,0.6140513621716631,covid,ASSOCIATION_CANDIDATE,real_observed_association_score,analytic_association_only,0.5
PT,NUTS3,2019,2025,LZ,MN,0.06583596020936966,0.5,0.5,0.5,2,negative,0.5,0.6140513621716631,covid,ASSOCIATION_CANDIDATE,real_observed_association_score,analytic_association_only,0.5
PT,NUTS3,2019,2025,LZ,OQ,0.06681539118289948,0.5,0.5,0.5,2,negative,0.5,0.6140513621716631,covid,ASSOCIATION_CANDIDATE,real_observed_association_score,analytic_association_only,0.5
PT,NUTS3,2019,2025,LZ,RU,0.06552820652723312,0.5,0.5,0.5,2,negative,0.5,0.6140513621716631,covid,ASSOCIATION_CANDIDATE,real_observed_association_score,analytic_association_only,0.5
PT,NUTS3,2019,2025,MN,BE,0.06781232357025146,0.5,0.5,0.5,2,negative,0.5,0.6140513621716631,covid,ASSOCIATION_CANDIDATE,real_observed_association_score,analytic_association_only,0.5
PT,NUTS3,2019,2025,MN,FZ,0.0672934427857399,0.5,0.5,0.5,2,negative,0.5,0.6140513621716631,covid,ASSOCIATION_CANDIDATE,real_observed_association_score,analytic_association_only,0.5
PT,NUTS3,2019,2025,MN,GI,0.06662633270025253,0.5,0.5,0.5,2,negative,0.5,0.6140513621716631,covid,ASSOCIATION_CANDIDATE,real_observed_association_score,analytic_association_only,0.5
PT,NUTS3,2019,2025,MN,JZ,0.06626112759113312,0.5,0.5,0.5,2,negative,0.5,0.6140513621716631,covid,ASSOCIATION_CANDIDATE,real_observed_association_score,analytic_association_only,0.5
PT,NUTS3,2019,2025,MN,LZ,0.06824703514575958,0.5,0.5,0.5,2,negative,0.5,0.6140513621716631,covid,ASSOCIATION_CANDIDATE,real_observed_association_score,analytic_association_only,0.5
PT,NUTS3,2019,2025,MN,OQ,0.06786468625068665,0.5,0.5,0.5,2,negative,0.5,0.6140513621716631,covid,ASSOCIATION_CANDIDATE,real_observed_association_score,analytic_association_only,0.5
PT,NUTS3,2019,2025,MN,RU,0.06621517986059189,0.5,0.5,0.5,2,negative,0.5,0.6140513621716631,covid,ASSOCIATION_CANDIDATE,real_observed_association_score,analytic_association_only,0.5
PT,NUTS3,2019,2025,OQ,BE,0.06625083088874817,0.5,0.5,0.5,2,negative,0.5,0.6140513621716631,covid,ASSOCIATION_CANDIDATE,real_observed_association_score,analytic_association_only,0.5
PT,NUTS3,2019,2025,OQ,FZ,0.06570064276456833,0.5,0.5,0.5,2,negative,0.5,0.6140513621716631,covid,ASSOCIATION_CANDIDATE,real_observed_association_score,analytic_association_only,0.5
PT,NUTS3,2019,2025,OQ,GI,0.06535113602876663,0.5,0.5,0.5,2,negative,0.5,0.6140513621716631,covid,ASSOCIATION_CANDIDATE,real_observed_association_score,analytic_association_only,0.5
PT,NUTS3,2019,2025,OQ,JZ,0.06518483906984329,0.5,0.5,0.5,2,negative,0.5,0.6140513621716631,covid,ASSOCIATION_CANDIDATE,real_observed_association_score,analytic_association_only,0.5
PT,NUTS3,2019,2025,OQ,LZ,0.06681185215711594,0.5,0.5,0.5,2,negative,0.5,0.6140513621716631,covid,ASSOCIATION_CANDIDATE,real_observed_association_score,analytic_association_only,0.5
PT,NUTS3,2019,2025,OQ,MN,0.06547822058200836,0.5,0.5,0.5,2,negative,0.5,0.6140513621716631,covid,ASSOCIATION_CANDIDATE,real_observed_association_score,analytic_association_only,0.5
PT,NUTS3,2019,2025,OQ,RU,0.06514592468738556,0.5,0.5,0.5,2,negative,0.5,0.6140513621716631,covid,ASSOCIATION_CANDIDATE,real_observed_association_score,analytic_association_only,0.5
PT,NUTS3,2019,2025,RU,BE,0.06811941415071487,0.5,0.5,0.5,2,negative,0.5,0.6140513621716631,covid,ASSOCIATION_CANDIDATE,real_observed_association_score,analytic_association_only,0.5
PT,NUTS3,2019,2025,RU,FZ,0.06762126833200455,0.5,0.5,0.5,2,negative,0.5,0.6140513621716631,covid,ASSOCIATION_CANDIDATE,real_observed_association_score,analytic_association_only,0.5
PT,NUTS3,2019,2025,RU,GI,0.06696026772260666,0.5,0.5,0.5,2,negative,0.5,0.6140513621716631,covid,ASSOCIATION_CANDIDATE,real_observed_association_score,analytic_association_only,0.5
PT,NUTS3,2019,2025,RU,JZ,0.06646271795034409,0.5,0.5,0.5,2,negative,0.5,0.6140513621716631,covid,ASSOCIATION_CANDIDATE,real_observed_association_score,analytic_association_only,0.5
PT,NUTS3,2019,2025,RU,LZ,0.06856084614992142,0.5,0.5,0.5,2,negative,0.5,0.6140513621716631,covid,ASSOCIATION_CANDIDATE,real_observed_association_score,analytic_association_only,0.5
PT,NUTS3,2019,2025,RU,MN,0.06695961207151413,0.5,0.5,0.5,2,negative,0.5,0.6140513621716631,covid,ASSOCIATION_CANDIDATE,real_observed_association_score,analytic_association_only,0.5
PT,NUTS3,2019,2025,RU,OQ,0.06827590614557266,0.5,0.5,0.5,2,negative,0.5,0.6140513621716631,covid,ASSOCIATION_CANDIDATE,real_observed_association_score,analytic_association_only,0.5
