source_idx,0,1,2,3,4,5,6,7,8,9,10,11,12,13,14,15,16,17,18,19,20,21,22,23,24,25,26,27,28,29,30,31,32,33,34,35,36,37,38,39,40,41,42,43,44,45,46,47,48,49,50,51,52,53,54,55,56,57,58,59,60,61,62,63,64,65,66,67,68,69,70,71,72,73,74,75,76,77,78,79,80,81,82,83,84,85,86,87,88,89,90,91,92,93,94,95,96,97,98,99,100,101,102,103,104,105,106,107,108,109,110,111,112,113,114,115,116,117,118,119,120,121,122,123,124,125,126,127,128,129,130,131,132,133,134,135,136,137,138,139,140,141,142,143,144,145,146,147,148,149,150,151,152,153,154,155,156,157,158,159,160,161,162,163,164,165,166,167,168,169,170,171,172,173,174,175,176,177,178,179,180,181,182,183,184,185,186,187,188,189,190,191,192,193,194,195,196,197,198,199,200,201,202,203,204,205,206,207,208,209,210,211,212,213,214,215,216,217,218,219,220,221,222,223,224,225,226,227,228,229,230,231,232,233,234,235,236,237,238,239,240,241,242,243,244,245,246,247,248,249,250,251,252,253,254,255,256,257,258,259,260,261,262,263,264,265,266,267,268,269,270,271,272,273,274,275,276,277,278,279
0,0.0,0.0,0.0,0.0005338801516681798,0.0,0.0,0.004050022086029874,0.0,0.0,0.0010834956582248026,0.11462941902104126,0.0005652487559985241,0.0011167186228941148,0.0,0.0011541767159379704,0.000608497649279397,0.0005829920899788685,0.003968079729156207,0.0005631512327656332,0.001097184423600278,0.000596458408055667,0.0,0.029221180008043614,0.0,0.0,0.0020444530657302107,0.002239981958497615,0.0025973211924480983,0.005839637868331978,0.0,0.0006555623678345906,0.0015780674017984559,0.000549059028624857,0.00166688705564357,0.0,0.0,0.0,0.0,0.0018639928647881693,0.000597768187692063,0.0,0.001799505745838897,0.0016881410649953624,0.0,0.0,0.0005631512327656332,0.0,0.0,0.0005784431875423065,0.0003777525622010839,0.0,0.0,0.0006455991180213493,0.0,0.000831781160288572,0.000562820814448871,0.0,0.0003777525622010839,0.0,0.0,0.0005466834576818153,0.0,0.08246563401115457,0.0,0.0024916032415305852,0.03474458516231269,0.0023326242922599686,0.0009751764000368065,0.00022610525870887796,0.0077297712375796485,0.05828499188795187,0.0,0.0013487359269277487,0.09576899510682414,0.0014942365235957455,0.005253948862049126,0.00785300029342076,0.0017014457656362141,0.0,0.0017250900985571007,0.0004122010330265171,0.0,0.0,0.0,0.0,0.0,0.0,0.0,0.0,0.0,0.0,0.0,0.0,0.0,0.0,0.0,0.002227655889228777,0.0007555051244021678,0.0003949146206984624,0.0,0.0005960650178237202,0.0010740522937827597,0.0,0.0,0.0,0.0005534483813395824,0.0,0.0,0.00037684209784813027,0.0,0.0,0.0,0.0,0.0005519705452479776,0.0004012239314436279,0.0011559526287710728,0.0,0.0,0.0,0.0,0.0,0.0,0.0,0.000562706269025174,0.0005804461886542276,0.0,0.0,0.000909942210669399,0.0,0.0,0.0,0.002225888797567325,0.0,0.0011342358756870788,0.0,0.000924286849425077,0.0,0.07488980264399372,0.0022377740634032172,0.0017048936491148305,0.010632039143886655,0.263666881695693,0.0,0.00022610525870887796,0.1025090015263073,0.005297004596981976,0.0,0.004087108096404428,0.0,0.0,0.0,0.0,0.000550764742654253,0.0,0.000560009180249713,0.0009288150299088761,0.0,0.0,0.0,0.000561992500468761,0.0006084425314764009,0.0,0.0005712570357613452,0.0011241001352332873,0.0,0.00763592427638993,0.0005515674999429409,0.0005527094616405454,0.0004193902072536845,0.0009503174223902999,0.0011070771545339223,0.0,0.0,0.0,0.0,0.0,0.0,0.0005397962295423124,0.0,0.0,0.0,0.0,0.0,0.0,0.0,0.0,0.0,0.0,0.0,0.000573388800718512,0.0,0.0,0.0,0.0,0.0,0.0005629485534744436,0.0,0.0,0.0,0.00011305262935443898,0.0,0.0,0.0,0.0011009815533680482,0.0,0.0,0.0,0.0,0.0,0.0,0.0,0.0,0.0,0.0,0.0,0.0,0.0,0.0,0.0,0.00041101558821545094,0.0,0.0,0.0,0.0,0.0,0.0,0.0,0.0,0.0,0.0005606891422763668,0.0,0.0,0.0,0.0,0.0,0.0,0.0,0.0,0.0,0.0005616504220142368,0.0,0.0,0.0005869938296499845,0.0,0.0011134963793210189,0.0,0.0,0.0028738495948075655,0.0,0.0,0.0,0.0,0.0,0.0,0.0,0.0,0.0,0.0005784431875423065,0.0,0.0,0.0,0.0,0.0004012239314436279,0.0,0.0,0.0005689900940284814,0.0,0.0,0.0005133272149880248,0.0,0.0,0.0,0.0,0.0006671587563795067,0.0,0.0002918679672419231,0.0,0.0,0.0,0.0
1,0.0,0.0,0.24024324287765467,0.0,0.0010530038168148365,0.0003329760516202303,0.0,0.0,0.0004336124900330664,0.0003257346237374679,0.0,0.0,0.0,0.0005890927106453231,0.0,0.0,0.0,0.0004422555925935913,0.0003355801323486168,0.0011894198609301665,0.0,0.0,0.008156380302115853,0.0,0.0,0.0017935868495600068,0.0003282194242572932,0.0005057454581379585,0.0008178386426304842,0.0,0.0,0.0,0.0,0.0,0.0,0.0,0.0,0.0,0.00033575586899459435,0.0,0.0,0.00023066681069798355,0.0,0.0,0.0,0.0,0.0,0.0,0.0,0.0006714253796066938,0.0,0.0,0.0,0.0,0.0002876921812317822,0.0,0.0,0.0,0.0,0.0,0.0,0.0,0.0,0.0,0.0,0.0,0.00026082131880861644,0.0,0.0,0.0,0.0,0.0,0.0,0.0,0.0004376441951864279,0.0,0.0,0.0,0.0,0.0,0.0,0.0,0.0,0.0,0.0,0.0,0.0,0.0,0.0,0.0,0.0,0.00024300179030728005,0.0,0.0,0.0,0.0,0.00023913991709108236,0.0,0.0,0.0,0.0,0.0,0.0,0.0,0.0,9.098836536102402e-05,0.0,0.0,0.0,0.0,0.000545372100766581,0.0,0.0,0.0003413091193181203,0.0,0.0,0.0,0.0,0.0,0.0,0.0,0.0002646180701870182,0.00035435862759216035,0.0006517743089778942,0.0,0.0005153159225027776,0.0,0.0,0.0,0.0002395127721429201,0.0,0.0,0.0,0.0,0.0,0.0,0.0,0.0,0.0,0.0,0.0,0.00033311667887516756,0.0,0.0,0.0,0.0005761438441733506,0.0,0.0,0.0,0.0,0.0,0.0,0.0,0.0,0.0,0.0,0.0,0.0,0.0003183035705298725,0.0,0.0,0.0,0.0,0.0,0.0,0.00022588941865527986,0.0,0.0,0.0,0.0,0.0009824026325048352,0.0,0.0005297934427061331,0.0,0.0011240288402031816,0.0,0.0,0.0,0.0,0.0,0.0,0.0,0.0,0.0,0.0,0.0005268910310594994,0.0,0.0,0.00037760369511989357,0.0,0.0,0.0,0.0003049089612711835,0.0,0.0,0.0,0.0,0.0,0.0,0.0,8.642553437597041e-05,0.0,0.0004934232351282939,6.667809826726843e-05,0.0046636700600353465,0.0,0.0031107266942605456,0.000650555204431424,0.000651804421070414,0.0004967029307122609,0.0,0.001071104900754022,0.00021502379201169603,0.00022415362592214272,0.0,8.111162129108712e-05,0.0,0.024923660392123122,0.0,0.2069822531851145,0.0,0.0003027339396320674,8.04447694064175e-05,0.0,0.0006841280124728472,0.000310261771240586,0.0023194163824848233,0.0003344336705421948,0.0005574702807113131,0.0,0.0,0.00033575586899459435,0.0,0.0,0.0016404098134480067,0.001200645075857108,0.0,0.0,0.0,0.0009701424428932939,0.0,0.0,0.0,0.0,0.0,0.00026489672135306656,0.0,0.004072131357628038,0.00143612869220562,0.0,0.0,0.0,0.0,0.0,0.0018790891493069223,0.0,0.0007443156733499374,0.0015129698023748448,0.0,0.0,0.0003435817930073255,0.0,0.04698964540426732,0.00024366131774693857,0.0006741722616209441,0.0014711859064579463,0.003960312562060251,0.039753633873694724,0.0007590455443006607,0.0,0.00032728786515104434,0.0018706875544131072,0.0008704913264934444,0.03764066354562571,0.3190355788897714,0.0,0.00811980784250601,0.0039028038690489845,8.87948491948955e-05,0.004030810778288659
2,0.0,0.15723652943617963,0.0,0.00021359377902104175,0.019561418526735604,0.0,0.0,0.0,0.00022564935571515635,0.00020677408865609352,0.0,0.0,0.0006683835047918934,0.01141135183278576,0.0006964098192776653,0.00022649127357954072,0.0,0.00015501946173511642,0.0,0.0005288098688832503,0.0001808585969152533,0.00044377928102340354,0.012332230720688207,0.0,0.0,0.001561392855226693,0.001972035065758456,0.0008009410113014373,0.001186698095637823,0.0002758566305739136,0.0,5.536797082543619e-05,0.0,0.0,0.0,0.0,0.0,0.0007212570304358145,0.00020782451045338606,0.0,0.0,0.0004209318590032723,0.0,0.0,0.0,0.0,0.0,0.0003708426474288016,0.00021116198862516862,0.000412440908451129,0.0,0.0,0.0,0.0001978907345852339,0.0008307619785092498,0.0,0.0003892389805989859,0.0005872338097442745,0.0,0.0006184815638686934,0.00016133803600705397,0.0004172302859508334,0.0,0.0,0.0,0.0007854424275440335,5.536797082543619e-05,0.00035565195521846126,0.0,0.0,0.00015610113065984418,0.0,0.0,0.0,0.00046476578973334893,0.0,0.0,0.0,0.0,0.0,0.00020958343881016675,0.0,0.00017782597760923063,0.0,0.0,0.0,0.0003326444575124074,0.00041696472078643274,0.0,0.0,0.0,0.0002051075011407435,0.0,0.0,0.0,0.00014298427538505173,0.0012398046943550263,0.0,0.0,0.0002067725448709363,0.0,0.00023513519766442945,0.0,0.0,0.0,0.0,0.0,0.00016336481908227454,0.0,0.0,5.1563248522133375e-05,0.00017596103115925552,0.0005816477354600002,0.00010836080653405787,0.00023095553342684453,0.0,0.0,0.0,0.0,0.0,0.0001379283152869568,0.0,0.0,0.0,0.0,0.0008773131299012333,0.0,0.00013682825101061363,0.0,0.00020762728650035873,0.0,0.0004125808943861094,0.0,0.0,0.0,0.0,0.0,0.0,0.0,0.0,0.00020720177874375263,5.144815360166083e-05,0.0002322090891085059,0.0,0.0,0.0005687439129029978,0.0,0.0,0.0,0.00020873971696386517,0.0,0.0,0.0002107720826587541,0.00022073092841015608,0.0,0.0,0.0,0.00017729835574486555,0.0,0.0,0.0,0.00019705974215827304,5.836069200221786e-05,0.0,0.0,0.0001988040688174043,0.00016767813725514062,0.00022888807565404323,0.0,0.0,0.0007160692813392969,0.0001603928677279696,0.0,0.0,0.0002238698019556956,0.0,0.0,0.0,0.0,0.0,0.0,0.0,0.0,0.00015719276777478698,0.0001786612442602072,0.0,0.0001742815506800371,0.0,0.0,0.0,0.0,0.0012461021832875703,0.0,0.0,0.0,0.0,0.0,0.0,0.00021229605115510525,0.0,0.0,0.0,0.0,0.00014671597634981624,0.003789937549823222,0.00021948962111246543,0.07858333804935286,0.0009378528634018208,0.0,0.00039483465264108304,0.0,0.0,0.00012830569096372962,0.0002047436169272839,0.00020895574117031065,0.0001934931280321542,0.0,0.018927175746821904,0.0,0.07224252715104036,0.00014893372967065462,0.0,0.0001808585969152533,0.0,0.00023402921508564338,0.0,0.001773227583833381,0.0005822785348899532,0.0008286729681781005,0.0005504938438276034,0.0004533940959847681,0.000457120363557081,0.0010254349726748387,5.4743672142098416e-05,0.0004235489301190907,0.001962921449717022,0.0,0.00041290028808800637,0.0,0.0018038992957549677,0.00018701014218769701,0.00022458414977837482,0.0007546885717770451,0.0,0.00014993756832868107,0.0002093174402486379,0.0002322090891085059,0.004431619785647467,0.005579567004313879,0.0,0.0,0.0,0.00021551600536747693,0.0005466922625511176,0.0010573692807619526,0.0,0.0,0.0035166089232285713,0.0,0.0002784386394803334,0.0003463188306166022,0.00021915840226738973,0.03813079173446369,0.0,0.00038253140202231277,0.0010219107306934164,0.13298666320116329,0.23269404708902638,0.0007187019399153331,0.0006698337983248053,0.0007046731663162034,0.0008491025914122187,0.0022935566995122884,0.015486763102177593,0.033081599740755044,0.00019764362151257662,0.0020481288428038464,0.10099163638335018,0.0001532030133818275,0.0034190403948689005
3,0.0,0.0,0.0,0.0,0.00010494830138074952,8.559332370000596e-05,0.00013193044491797284,0.008541601869273309,0.00012588453731640788,9.302579758937702e-05,0.0,0.0,0.0,0.0,0.29778506907588354,0.0003254784572622981,0.0005201668692240226,0.0014333613761780815,0.00038027115267439803,0.004968069434931722,0.0019213295292125196,0.0005623209373991561,0.1425122850341538,0.0,0.00021105957729988548,0.11649392274978145,0.002314216448367987,0.03230980822399176,0.0063038800073305255,0.00012733216281227985,0.0,9.706493328583489e-05,0.0,0.0002360443882629683,0.0,0.0,0.0,0.0,0.0006584184826962649,0.0002652748680690925,0.00012244012498764,0.0001236194508105934,0.0,0.0,0.0001260380490944196,0.00013018949998685764,0.0,0.0,0.0004306960595759274,0.00012235325277248153,0.0,0.0,0.0,0.0,0.0003851382907875485,0.0,0.0,0.0,0.0,0.00011582722398486406,0.00022046651524000948,0.0,0.0,0.00013018520191211534,0.0002115057564222603,0.00013008842118252003,0.0002533446089255461,0.00012758198886609424,0.005940745695937748,0.001622227133789897,0.0,9.367506054922242e-05,0.00014365687871939776,0.00013106763947979205,0.0007899583416661321,9.257303872959692e-05,0.024867341199353035,0.0001172092968631679,0.04647027910155319,0.0,0.0001261408164129232,0.00096785644199047,0.05509190709765243,0.0008150582414982456,0.00032995484785781383,0.0,0.0001267354483223927,0.00015581110541141956,0.00023721079681519582,0.0,0.0296753598135541,0.18454925362869787,0.0,0.0001274388149993117,0.00035428106139319014,0.0005123335807946624,0.003534383895572986,0.00015189100670994594,0.00024255671311105293,0.00013122954768412108,0.001510864839160641,0.0026052465010667106,0.0003769951662851757,0.0,0.00026078197737860147,0.00012516950221319552,0.00012507537677818094,0.00012807630756648313,0.00011848383878612089,0.0003787089497414792,0.0,0.0003642070811388658,0.00013237752285552047,0.0002476137380476612,0.00016521311617667754,0.0009224229297267812,0.0,0.0003794479636643557,0.0,0.0,0.00012899027277960595,8.583915970821531e-05,0.00022868925750530017,0.0,0.0,0.0006703560876119415,0.00022269124965503402,0.00012088489912936631,3.35637372411724e-05,0.0,0.0,0.00025726491668945654,0.0,0.0,0.0,0.00019500978386332112,0.0,0.0,0.0,0.0,0.00023435462575829453,0.0005171960029861922,0.0002975052803104798,0.0,0.0,0.0002644383185378912,0.0,0.0,0.0,0.0,0.00012948864497269304,0.0,0.00036050273926433834,0.0,0.0,0.0,0.0,0.00011883315464327036,0.0,0.0,0.0,0.0,0.00022525710190980907,0.0,0.00013213511805724228,0.00021412046642872772,0.0,0.00026070085382716044,0.0,0.0,0.00013687181758207262,0.0,0.00013641766861932061,8.18333999917391e-05,0.0005944606202392091,0.0,0.0,0.0,0.00011386474688548764,0.0,0.0,0.00019815379798248333,0.0,0.0,0.0,0.00012878723981589872,0.00013312211410991098,0.0,0.0,0.0,0.0,0.0,0.0001932831406804648,0.0,0.0,0.0,0.0,0.0016324678879278064,0.0,0.0,0.0,0.0,0.0,0.00011875744838791819,0.0,0.0,0.0,0.0,0.0,0.0,0.0,0.00024792982530870655,0.0,0.0,0.0,0.0,0.00012960829686191637,0.00012501346136230574,0.0,0.00013104176086082544,0.0,0.00028403241885587493,0.0,0.0,0.0,0.0,0.00019091454038863847,0.0,0.0,0.0,0.0,0.0,0.0,9.387620827334588e-05,0.00040542920659021874,8.583915970821531e-05,0.0,0.00024868494107424077,0.0,0.00038360769162899426,0.00012191297316924374,0.00026026331396573454,0.0,0.00012235325277248153,0.0,0.0,0.00012709810471753236,0.0008330478623718153,0.0002647512693413245,0.0,0.0,0.0,0.0,0.0,0.0002650295455529011,3.3328724861908144e-05,0.0,0.00023483600358382547,0.0,0.00014446296630297862,0.0,8.612723109577272e-05,0.0,0.0,0.0,0.0,0.0,0.0,0.0,0.00012466011977165843,0.0,0.0,0.0,0.0,0.00026269326312779927,0.0,0.0001267643591577482,0.0,0.0,0.0001241984629422632
4,0.0,0.0015283410771722709,0.062333231440896905,0.0,0.0,0.0,0.0,0.0,0.0,0.0,0.0,0.0,0.0,0.11699384485088936,0.0006528663171832228,0.0,0.0,0.0,0.0,0.0007488563300307037,0.0,0.00044592633871160805,0.00429456852386696,0.0,0.00040043305484842865,0.001145590386466447,0.0024948734833388137,0.0,0.0011040946902471423,0.0,0.000554104060501865,0.0,0.0,0.0,0.0007540100929139937,0.0002832440685328222,0.0,0.0,0.0005309366106716452,0.0,0.0,0.0,0.0,0.0,0.0,0.0,0.0,0.0002832440685328222,0.0,0.0009799478129333525,0.002508875476832308,0.0,0.0,0.0,0.0010627042782096576,0.0,0.0,0.0005285740248335339,0.0,0.0,0.0,0.0,0.0,0.0,0.0,0.0,0.0,0.0,0.0007944650702750038,0.0,0.0,0.0,0.0,0.0,0.0,0.0002832440685328222,0.0,0.0,0.0,0.0,0.0,0.0,0.0,0.0,0.0,0.0,0.0,0.0,0.0,0.0,0.0,0.0005599596090691692,0.0,0.0,0.0,0.0,0.0,0.0,0.0,0.0,0.0,0.0,0.0,0.0,0.0,0.0,0.0,0.0,0.0,0.0,0.0,0.0,0.0005293624620938263,0.0010654287892580936,0.0004094963523640583,0.0,0.0004543964283901825,0.0005271330025341863,0.0005142084511405566,0.0,0.0005704188636142133,0.0,0.0,0.0004954307486697019,0.0,0.0,0.0,0.0005427631689767362,0.0,0.0005328618777365211,0.0,0.0,0.0,0.0,0.0,0.0,0.0,0.0,0.0,0.0,0.00044592633871160805,0.0,0.0,0.0,0.0,0.0,0.0,0.0,0.0,0.0,0.0,0.0,0.0,0.0,0.0,0.0,0.0,0.0,0.0,0.0,0.0,0.0,0.0,0.0,0.0,0.0004917319619682111,0.0,0.0,0.0004882158509651414,0.0005368173221254228,0.0,0.0,0.0,0.0,0.0010513004422921185,0.0,0.0,0.0,0.0,0.0,0.0,0.0,0.0,0.0,0.0,0.0,0.0,0.0005293624620938263,0.0,0.0,0.0,0.0,0.0,0.0,0.0,0.0,0.0,0.0,0.0,0.0,0.0,0.0,0.00038713168898590157,0.0,0.0024234805406034726,0.0,0.1717957131230086,0.0003994325942293372,0.0,0.0,0.0,0.0,0.0,0.0,0.0,0.0,0.0003972325351375019,0.00448158389163049,0.00039685047021193105,0.0069629105977921935,0.0,0.0,0.00013175861493401391,0.00046565073981100804,0.0010651493081450805,0.0,0.0011567912517275267,0.0005820452266091156,0.027758767337525903,0.00047919297133097055,0.0,0.0017413440862897203,0.0005251203210719638,0.0007103645194115174,0.0006142004410172689,0.004011743816367378,0.0,0.0,0.0,0.0005163344578024738,0.0,0.0006007879502080397,0.0,0.0,0.0,0.0,0.0005251114997104578,0.006828040784000991,0.33045872151506056,0.0,0.0,0.0,0.0,0.010087842031897453,0.0019206677625481245,0.0,0.0,0.03411915184228462,0.0,0.003579865376817917,0.0005136781922590338,0.0012129079216410062,0.0061893690368382,0.0,0.0001416220342664111,0.00043613269392885935,0.009979815924864289,0.005598984719375788,0.0,0.0,0.0005467696842142003,0.0,0.0,0.010123815550412555,0.004198670622876015,0.0,0.0011408377272284266,0.13245770506458546,0.0,0.0018859132729130066
5,0.0,0.0,0.0,0.0,0.0,0.0,0.0,0.0,0.0009444214913450055,0.2840780378318949,0.0,0.0,0.0,0.0,0.0006846142225950646,0.0,0.0009727382741804154,0.002980030037342857,0.0019688462237784253,0.0009836728436870168,0.0009172346498730387,0.0035304455543936236,0.05238766448731098,0.0,0.0009904531804049372,0.006999089670680037,0.01156251905641624,0.003698711636534134,0.004886288098110253,0.0020705471531515074,0.10178131070551828,0.0009984063726682566,0.0,0.0029715105465617665,0.00237443059518675,0.19452668668784728,0.0007192791190423135,0.030099839330219334,0.01166516035502426,0.0,0.0,0.0,0.0,0.003046696710939954,0.0010117695086544031,0.1376457230267605,0.07430901199361155,0.0,0.0,0.0010038742162954387,0.002650112841281327,0.0,0.000932094894299807,0.0,0.007673134981967616,0.0,0.0,0.0,0.001976968001948634,0.0,0.005253085572329502,0.0,0.0,0.0,0.0,0.0,0.0012943723969533988,0.0,0.0,0.0,0.0,0.0,0.0,0.0,0.0007134590662818754,0.0,0.002269887587831162,0.0,0.0009972937423161291,0.0,0.0,0.0,0.0,0.0,0.0,0.0,0.0,0.0,0.0,0.0,0.0009921155954644941,0.0,0.0,0.0,0.0009414339948045255,0.0,0.001974181832400998,0.0,0.000985251162698149,0.0,0.0,0.0,0.0,0.0,0.0,0.0,0.0,0.0,0.0,0.0,0.0,0.0,0.0010009651279849804,0.0,0.0009675306083744696,0.002023420586151404,0.0,0.0,0.0,0.0,0.0,0.0,0.0,0.0,0.0,0.0,0.0,0.0,0.0,0.0,0.0,0.0,0.0,0.0,0.0,0.0002204964999962769,0.0,0.0,0.0,0.0,0.0,0.0,0.0,0.0,0.0009754793541115612,0.0020351470338835454,0.0,0.0,0.0,0.0,0.0,0.0,0.0011463124358814887,0.0,0.0,0.0,0.0,0.0,0.0010042102662179216,0.0,0.0,0.0,0.0,0.0,0.0,0.0,0.0,0.0,0.0,0.0,0.0,0.0,0.001052898350469622,0.0,0.000949834242404518,0.0,0.0010845463297052163,0.0,0.0,0.0,0.0,0.0,0.0,0.0,0.0,0.0,0.0,0.0,0.0,0.0,0.0,0.0,0.0,0.0002558548291157441,0.000989255991002844,0.0,0.0,0.0,0.0,0.0,0.0,0.0,0.0,0.0,0.0,0.0010042102662179216,0.0,0.0,0.0,0.0,0.0,0.0,0.0,0.0,0.0,0.0,0.0,0.0,0.0,0.0,0.0,0.0,0.0,0.0,0.0,0.000950035524421674,0.0,0.0,0.0,0.0,0.0,0.0016216753561226894,0.0,0.0,0.0,0.0007005842048453289,0.0010086498353293184,0.0,0.0,0.0,0.0,0.0,0.0,0.0,0.0,0.0,0.0,0.0037283808288063355,0.0,0.0,0.0010283963787948752,0.0,0.000993716208989453,0.0,0.0,0.0,0.0010175735169417727,0.0008627388534163611,0.0010858014239217984,0.0,0.0,0.0,0.0,0.0,0.0,0.0,0.0,0.0008419902019772519,0.0,0.0,0.0,0.0009878904943095243,0.0,0.0,0.0,0.0,0.0,0.0,0.0,0.0
6,0.0004970643764221387,0.0,0.0,0.0007526076131021435,0.00019444580372022155,0.0001901669097337645,0.0,0.00037877655984672214,0.0,0.0,0.017614921152313688,0.0,0.0,0.0,0.008024039233767022,4.7893658883788435e-05,0.0019920466923959777,0.0041915313403032475,0.0003448048390959739,0.0028741578126572887,0.0003995968711306373,0.00038059499757499076,0.09303359073145466,0.0002002851755051569,0.04004312476268531,0.007068942342350219,0.013040968871091666,0.11366504152254248,0.40911681231121116,0.00019166327465984113,0.000134686089314391,0.1539193687828621,0.0018482491089529959,0.00013640944784001018,0.0,0.00022224914306315856,0.00032547315898824673,0.0,0.0024669128606750928,0.000384500536444609,0.0003570360066859821,0.0007098454833959011,0.00018589930077993474,9.622861821085477e-05,0.0,0.0,0.0,0.00018442539951340434,0.00038976585299796467,0.000952298075603764,0.0,0.0,0.0,0.0,0.0,0.0,0.000162308518367405,0.0,0.0,0.0,0.0001939371371214641,0.0,0.00019418025353624852,0.00018608759845062167,0.0005865430999218014,0.0003906123183361617,0.00019167815758342052,0.00018904454470972942,0.0,0.08357917490747672,0.0,0.0,0.0007613345629654908,0.0018308483330032662,0.0005688492499826464,0.0006325937985507272,0.012296594249849208,0.0,0.007259051361566396,0.0,0.0,0.0,0.00019440248687345563,0.00012312083004157234,0.00019509036234515424,0.0003906059746655549,0.0,0.0,0.0,0.0,0.00018744397548206546,0.00018844147761579126,0.0,0.0,0.0,0.0,0.0006717915042461486,0.0,0.0,0.0,0.0004941286274951965,0.00019708253248869732,0.0001912291053514063,0.0,0.0,0.0,0.00037554588880419796,0.0,0.0,0.0,0.0,0.0,0.00013779624308015462,0.0,0.0,0.0,0.0,0.0,0.00032592173250311064,0.0,0.0,0.0,0.0,0.0,0.0,0.0,0.0001217156897575213,0.00012217981351630774,0.0001901669097337645,0.0,0.0,0.00037752844941927184,0.0,0.0,0.0,0.00018608759845062167,0.0,0.00020201467182135436,0.0,0.00013380496349344977,0.0003142892069630829,0.000520154482121256,0.0,0.0,0.00018783554832163982,0.000530092586721617,0.0,0.0,0.00032858075620497817,0.0,0.0,0.0,0.0,0.0,0.0,0.00033828570354396106,0.0,0.0,0.0,0.0,0.0,0.0,0.0,0.00018448425000728913,0.0,0.00030099245651409994,0.00018608759845062167,0.00037620057250101327,0.0003091574229391918,0.0,0.0,0.00018375720734524018,0.0,0.0,0.00011969530712843997,0.0,0.0,0.00019481770373915562,0.00018492302700746411,0.0,0.0,0.0,0.00019099946217906368,0.0,0.0,0.0,0.0,0.0,0.0,0.0,0.0,0.0,0.00048772601048904324,0.0,0.0,0.0005014002908895193,0.0,0.0,0.0,0.0,0.0,0.0,0.0,0.0,0.0,0.0,0.0,0.0,0.0,0.0,0.0001911576166350939,0.0,0.0,0.0,0.0,0.0,0.0,0.00019537914895726699,0.0,0.0,0.0,0.0,0.0,0.0,0.0,0.0,0.0003722890810307756,4.699552963040491e-05,0.0,0.0,0.0,0.0002329895668371463,0.0,0.0,0.00012154463111354798,0.00037319724634780183,0.0,0.00013801725417455317,0.0,0.000347249945317188,0.00018810752538008036,0.0,0.0,0.0003552748168381878,0.00020026608629683507,0.0,0.0,0.0003664935063986249,0.0,0.0,0.0,0.0,0.0,0.0,0.00027603450834910633,0.0,0.0,0.0,0.00019380648482124747,0.0,0.00018678851275374332,0.0,0.0,0.00018956729966922105,0.0,0.0,0.0,0.0,0.0,0.0,0.0,0.0,0.0,0.0,0.0,0.0,0.0,0.0,0.0,0.0
7,0.0,0.0,0.0,0.06676085313073707,0.0,0.0,0.0007608078286241326,0.0,0.0,0.0,0.0,0.0,0.0,0.0,0.0022658904214973986,0.0,0.0,0.0007876722291555796,0.0,0.0,0.0,0.0,0.01795280478317192,0.0,0.0007381510329272061,0.002247729208440165,0.0015016320861365338,0.0014155009962724585,0.0015114745310260498,0.0,0.0,0.0,0.0,0.0,0.0,0.0,0.0,0.0,0.0007586211000198013,0.0,0.0,0.0,0.0,0.0,0.0,0.0,0.0,0.0,0.0007053175642270273,0.0007454541495646556,0.0,0.0,0.0,0.0,0.0,0.0,0.0007383074714140218,0.0,0.0,0.0,0.0,0.0,0.0,0.0,0.0,0.0007428158743125548,0.0017761080250660955,0.0,0.27391637621483816,0.0022129793353692587,0.0007224421847739657,0.0,0.0007219630572619663,0.0,0.003738834657301909,0.0,0.06892211494239281,0.0,0.0007876722291555796,0.0,0.0029191355547802953,0.37205425758856453,0.12289273614597487,0.003773400591987631,0.0022412430012655267,0.0,0.0014961086028646064,0.0014148970012630483,0.005173601582809071,0.0,0.0022605639184299278,0.00219440325631676,0.0,0.0007459777728349231,0.0,0.0007616140220442183,0.004389541368673167,0.0,0.0007876722291555796,0.0014499822944228605,0.005879427044886989,0.0,0.000735712582414332,0.0,0.0,0.0,0.003064470932009703,0.0,0.0,0.0,0.0,0.0,0.0,0.0,0.0,0.0014679327664653256,0.0,0.0,0.0007198181871678712,0.0,0.0,0.0,0.0,0.0,0.0,0.0,0.0,0.0,0.0,0.0,0.0,0.0007419932727524749,0.0,0.0,0.0,0.0,0.0,0.0,0.0,0.0,0.0,0.0014514355168977974,0.0007506079360514762,0.0,0.0,0.0,0.0,0.0,0.0,0.0,0.0,0.0,0.0007061724638540259,0.0,0.0,0.0007419932727524749,0.0,0.0,0.0,0.0,0.0,0.0,0.0,0.0,0.0,0.0007877063173271778,0.0,0.0007338255954546459,0.0,0.0,0.0,0.0,0.0,0.0,0.0,0.0,0.0007790808780815722,0.0,0.0,0.0,0.0,0.0,0.0,0.0,0.0,0.0,0.0,0.0,0.0,0.0,0.0,0.0,0.0,0.0,0.0,0.0,0.0,0.0,0.0,0.0,0.0,0.0,0.0,0.0,0.0,0.0,0.0,0.0,0.0,0.0,0.0,0.0,0.0,0.0,0.0,0.0,0.0,0.0,0.0,0.0,0.0,0.0,0.0,0.0,0.0,0.0,0.0,0.0,0.0,0.0,0.0,0.0,0.0,0.0,0.0,0.0,0.0,0.0,0.0,0.0,0.0,0.0,0.0,0.0,0.0,0.0,0.0,0.0022389075529192434,0.0,0.0,0.0,0.0,0.0,0.0,0.0,0.0,0.0,0.0,0.0014909082991293112,0.0,0.0,0.0,0.0,0.0,0.0,0.0,0.0,0.0,0.0,0.0,0.0,0.0007233493967623742,0.0,0.0,0.0,0.0,0.0,0.0,0.0,0.0
8,0.0,0.0,0.0,0.0,0.0,0.0007764730145506163,0.0007801101111854911,0.0,0.0,0.0,0.0,0.0,0.0,0.0007723556185608041,0.00024794732672194907,0.0010584848449521078,0.0,0.0005318431485261777,0.0,0.0007978432971464308,0.0002603350565819242,0.0003890539227586873,0.01582280390898057,0.0,0.0,0.001844820786111568,0.0012799825512841713,0.0004082075620904514,0.000808864426068588,0.0,0.0,0.0,0.0,0.0,0.0,0.0,0.0,0.0,0.0007533360422707823,0.0,0.0,0.000991336601656439,0.0,0.0,0.0029116531911247867,0.0,0.0005170737620903648,0.00987355443398003,0.0007763327445385989,0.0026046482434383613,0.15980143055116072,0.03721692445962612,0.0012990302855653308,0.016335969837338846,0.020345922107245364,0.001887404099919296,0.042641444755702196,0.0002821680665766163,0.00038842561171396477,0.000801041122524253,0.0002781834917778775,0.0003621527499680056,0.00020304493834681205,0.0,0.00038514405643811126,0.0002854316324790218,0.0,0.0,0.0,0.0,0.0,0.0,0.0,0.0,0.0,0.0,0.0,0.0,0.0,0.0003385149099582765,0.0,0.0,0.0,0.0,0.0,0.00038216354390135514,0.0,0.0003182058991265361,0.0,0.0,0.0,0.0005397677289865837,0.00025378886498733693,0.0,0.0,0.0,0.0011375773123510522,0.0,0.0,0.0,0.0,0.0,0.0,0.0,0.0,0.0,0.0005170643275067009,0.00038553302898667506,0.0,0.0,0.0,0.0015157367390321043,0.0,0.0003907632619158348,0.0011919062447140506,0.0011243385137402672,0.0009118850752040076,0.0,0.0,0.0,0.00038460147441924373,0.0,0.0,0.0,0.0,0.001458711684857817,0.0,0.000682845882621944,0.0003890539227586873,0.0,9.685456733690866e-05,0.0,0.0,0.000374299119592012,0.0,0.0003653110872052496,0.0,0.0,0.00037392100203338283,0.0,0.0002524867254244776,0.0,0.0,0.0,0.0,0.0011757533318035637,0.0,0.0,0.0,0.0,0.0,0.0,0.0,0.0,0.0,0.0003750286283357289,0.0,0.0,0.0,0.0,0.0,0.0,0.0,0.0002900535779233047,0.0,0.0,0.0,0.0,0.0,0.000593816520186304,0.0,0.0,0.0004173185681149374,0.0,0.00039123805093892845,0.0,0.0003742279538930327,0.0,0.0003583406221571999,0.0,0.0,0.0003696883433668395,0.0,0.00037619409897046875,0.0,0.0,0.0003921733069233862,0.0,0.0,0.0,0.0,0.0,0.0,9.713291778882543e-05,0.0,0.0,0.0,0.000260159009942122,0.0003954607645758305,0.0,0.0,0.0,0.0003892307617595497,0.0,0.0,0.0,0.0006687608526370819,0.0,0.0,0.0,0.0,0.0,0.0,0.0,0.0,0.0,0.0,0.00037547614354672406,0.0003921116411339091,0.0003762733182371055,0.0,0.0,0.00038534766286545927,0.0,0.0,0.00026519962155827147,0.00038901992886415996,0.0019105297483107229,0.0,0.0003798035282389601,0.0,0.283225021790083,0.004870929365592773,0.0020717601240664834,0.00040659401962766324,0.0018800443902140195,0.0,0.0,0.0,0.0012128952975696615,0.0003874560136905055,0.0008157797241227045,0.008969837351595993,0.0004084979753746698,0.0,0.0,0.0011874947014803533,0.10978931105638483,0.0007558800206488889,0.0004020317612948428,0.0011260719598728721,0.0033436423417020473,0.001068687955845778,0.0,0.0023082032061571105,0.0,0.000967625047931471,0.0022653633530042264,0.000296908260093152,0.0015737905086152032,0.21539720189478967,0.0007795425253910815,0.0003870957860583908,0.0,0.0003922695379043398,0.0,0.00039523880852795565,0.0,0.0,0.0,0.0,0.0,0.0004173185681149374,0.0,0.0,0.0,0.0006549313595991599,0.0,0.0,0.0007381271149118158
9,0.0,0.0,0.0,0.0,0.0,0.22828861165824837,0.0,0.0,0.0040422172299709,0.0,0.0,0.0,0.0016292709091756106,0.0,0.0008173885064471442,0.0015973927530927726,0.0,0.002960139116613077,0.0007985390688980493,0.00523890438677131,0.0016708410452546372,0.001381065706212806,0.02684865920570792,0.0008178654167648454,0.0,0.002947057955551995,0.0030331086640348445,0.0007114731348574131,0.003818498226248751,0.00399986550963392,0.1654271057815112,0.0,0.0,0.003638602193418324,0.0,0.005546492359678395,0.0008420118219158642,0.005718825853572823,0.009269442458671298,0.0007674291726400645,0.0,0.0015954704258712721,0.0,0.005528346801342438,0.020937746470754866,0.006471470324863017,0.12672666251586132,0.0008293503474381931,0.0015752378287129454,0.0022302454248043094,0.004625190812367656,0.038727420271479414,0.0015755917126409088,0.0024229030577390116,0.01436085567166764,0.0,0.0,0.0,0.0,0.0007561351231470758,0.001995200283270868,0.0007985390688980493,0.0,0.0008022488715496867,0.0,0.0008080547502238743,0.0006585935167091764,0.0,0.0,0.0,0.0,0.0,0.0,0.0,0.0,0.0,0.001479362088638554,0.0,0.0,0.0,0.0,0.0,0.0,0.001685021940838197,0.0,0.0002688235565310808,0.0001998598449851971,0.0,0.0,0.0,0.0,0.0016777231636870974,0.0,0.0,0.0006586123052825507,0.0,0.001574853843830416,0.0,0.0,0.0,0.0002688235565310808,0.0008485812674564824,0.0005815269352792738,0.0,0.0,0.0,0.0007949314710368365,0.0,0.0008182346144106579,0.000788926588626555,0.0008099138379739941,0.0008250521219045685,0.0002688235565310808,0.0007544249868754724,0.0016844393558851608,0.0,0.0,0.0,0.0,0.0,0.0,0.0,0.00041266774130663194,0.0,0.0,0.0031779842654178535,0.0016088853455501347,0.0,0.0,0.0,0.0,0.0008337761285629078,0.0008824261269332788,0.0,0.0,0.0,0.0,0.0,0.0,0.0,0.0,0.0009649007874161142,0.0,0.0,0.0007842419784674843,0.0030691296915528053,0.0,0.0,0.0,0.000808077759859306,0.0,0.0,0.0,0.0,0.0,0.0007543509272579627,0.0,0.0,0.0,0.0,0.0,0.0,0.0,0.0,0.0,0.0012096935003302045,0.0,0.0,0.0008073285481345193,0.0,0.0,0.001356104464352613,0.0008110785389256191,0.0,0.0011532556809889431,0.0,0.0,0.0,0.0,0.0,0.0016010028692078682,0.0004193440351832325,0.0,0.0,0.0,0.0007759712707162986,0.0,0.0,0.0,0.0,0.0,0.0,0.0,0.0007570447456029843,0.0,0.0,0.0,0.000595444394400948,0.0,0.0,0.0,0.0,0.0,0.0,0.0,0.0,0.0,0.0,0.0,0.0,0.0,0.0,0.0008323100927380185,0.0,0.0,0.0,0.0,0.0,0.0008178036267349633,0.0,0.0,0.0002688235565310808,0.0,0.0,0.0,0.0,0.0014833268611462427,0.0011990422611181286,0.0,0.0,0.0,0.0016081528576179257,0.0,0.0007886947908083751,0.013707862603628133,0.0008523449445922383,0.0008178654167648454,0.0008395394395310054,0.0,0.0008076606830237118,0.0,0.0008251120976215725,0.0,0.0,0.002439572986143511,0.0008387603291250737,0.0007878112483238783,0.004186442373250978,0.0,0.0010505217944888942,0.185982474416697,0.0,0.0,0.000808077759859306,0.006961340342504389,0.0,0.0016255898866704243,0.0009544949658039863,0.007070623200503411,0.0008429024212160333,0.0,0.0008782937567262129,0.0013435240442562842,0.0,0.0,0.0,0.0,0.0,0.0,0.0,0.0007687130655750082,0.0,0.0,0.0014279703410110065,0.0016163975432266378,0.0,0.0015612350420556034,0.0,0.0,0.0
10,0.12080797875930212,0.0,0.0,0.0004090364460282338,0.0,0.0,0.11853827886243362,0.0,0.0,0.0,0.0,0.0,0.0,0.0,0.0,0.0006621530721809914,0.001462946013459885,0.0026231212550558002,0.0,0.001250461025184594,0.0,0.0,0.05964242298561356,0.0,0.00860563634861527,0.00350988115406988,0.007689471290541441,0.0072507391333120255,0.027392537929332737,0.0014351865393846433,0.0026128803568625813,0.24919813316808317,0.06479063746919211,0.0,0.0,0.0007716637296068526,0.0,0.0007440584428056511,0.007576601072765035,0.0,0.0,0.0006659263074290055,0.002266568484710844,0.0,0.0,0.0007661595233672123,0.0,0.0,0.0,0.0,0.0,0.0,0.0,0.0,0.0,0.0,0.0,0.0,0.0,0.0,0.0,0.0,0.0036901906566421615,0.0,0.0007313780859607284,0.0036024760517327043,0.0,0.0,0.0,0.06141791424422479,0.0014904068933192793,0.0,0.000729031286950268,0.037519220747040866,0.0009820161227216111,0.0,0.0036577390043188622,0.0,0.0,0.0,0.0,0.0,0.0007195397048950103,0.0,0.0,0.0007424099193665239,0.0,0.0,0.0,0.0,0.0,0.0007302015112330748,0.0,0.0,0.0,0.0,0.0,0.0,0.0,0.0,0.0,0.0,0.0,0.0,0.0,0.0007095419100858032,0.0007238754079345266,0.0,0.0,0.0,0.0,0.0,0.0,0.00044685663571827027,0.0,0.0,0.0,0.0,0.0,0.0,0.0,0.00014497403702576643,0.0,0.0,0.0,0.0,0.0,0.0007450975626766194,0.0,0.0,0.0008117500643768467,0.0012093960564264503,0.0,0.0,0.0,0.0006709953757547375,0.0,0.13027423667793733,0.0,0.0,0.0,0.03594177770439513,0.0,0.0,0.003050584310880722,0.0021198926415012926,0.0,0.0,0.0004958872374818835,0.0,0.0,0.0,0.0,0.0,0.0,0.0,0.0,0.0,0.0,0.0,0.0,0.0,0.0,0.0004958872374818835,0.0,0.0023406533902794176,0.0,0.0,0.0007102713317079133,0.0,0.0,0.0,0.0,0.0,0.0015187722775255948,0.0,0.0,0.0014030091428705934,0.0,0.0,0.0,0.0,0.0,0.0,0.0,0.0007215292635765944,0.0,0.0,0.0,0.0007727706773212209,0.0,0.0,0.0,0.0007191393254268555,0.0,0.0,0.0,0.0007093179572067773,0.0,0.0,0.0,0.0,0.0,0.0,0.0,0.0,0.0,0.0,0.0,0.0,0.0,0.0,0.0,0.0,0.0,0.0,0.0,0.0,0.0,0.0,0.0,0.0,0.0,0.0,0.0012717034838365452,0.0,0.0006943817389323669,0.0,0.0,0.000516567845243699,0.0,0.0,0.0,0.0,0.0,0.0,0.0,0.0,0.0006121191182784139,0.0,0.0,0.0,0.0,0.0,0.0,0.0,0.0,0.0015795001935041291,0.0,0.0,0.0,0.0,0.0,0.0,0.0,0.0,0.0,0.0,0.0,0.0,0.0,0.0,0.00046371167994933995,0.0014407961169200752,0.0,0.0,0.0,0.0,0.0,0.0,0.0,0.0,0.0,0.0,0.0,0.0,0.0,0.0,0.0,0.0
11,0.0,0.0,0.0,0.00038865942304179964,0.0,0.0,0.0,0.0,0.0,0.0,0.0,0.0,0.0,0.0,0.0004008538632855921,0.0,0.0,0.0,0.0,0.0,0.0,0.0004023289472598379,0.008239573711188013,0.0,0.0,0.0,0.00041765998627676075,0.0008449680397394164,0.0024610670096755108,0.0,0.0,0.00039816021518529384,0.0,0.0,0.0,0.0,0.0,0.0,0.0003961437153768814,0.0,0.0003961437153768814,0.0004235168460694023,0.0,0.0,0.0,0.0004023289472598379,0.0,0.0,0.0,0.0,0.0,0.0,0.0,0.0,0.0,0.0,0.0,0.0,0.0,0.0,0.0,0.0,0.0,0.0008180765521604544,0.0,0.0008314291998472408,0.000387119149857838,0.0,0.0,0.0,0.0,0.0,0.0,0.0,0.0,0.0,0.0,0.0,0.0,0.0007802576765761779,0.0,0.0004079949209998886,0.0,0.0,0.0,0.0004015524431940248,0.0,0.0,0.0,0.0,0.0,0.0008350767793318385,0.0,0.0,0.0,0.0,0.0,0.0,0.0008088291938326534,0.0,0.0,0.0,0.0,0.0,0.0,0.0003843633678975205,0.0,0.0,0.0003921655812801865,0.0,0.0,0.0,0.0,0.0,0.0,0.0,0.0,0.0,0.00042893207508691903,0.0,0.0,0.0,0.0012453727337331524,0.0,0.0,0.0,0.0,0.0,0.0,0.0,0.0024253788212337474,0.0016337133341846385,0.00039880736904540154,0.0004205079212172281,0.04741471086468868,0.0003863816835402548,0.0,0.0,0.0,0.0012059507767565,0.0028147301204098783,0.0008271142211797135,0.0004024948461272503,0.00038865942304179964,0.0007726430231990715,0.11781886284802916,0.0021198185420514006,0.0,0.12772378087271216,0.00040813070630089525,0.0008292720379542342,0.006406205193082483,0.003652162871558319,0.0004317930790678616,0.0,0.0020234034219371957,0.0004345349367426358,0.0012264763676539463,0.00013771512951492906,0.004072535710485018,0.0009094292865467822,0.15158205723404092,0.0068956969428030975,0.0008101231989126484,0.0004235168460694023,0.340029615830039,0.0012160264750442416,0.0028910465015049387,0.133144797547042,0.005338409899387646,0.0,0.0,0.0,0.0,0.0012416134678966998,0.0,0.0,0.0,0.0,0.0,0.0,0.0,0.0,0.0008180765521604544,0.0,0.0,0.0003961437153768814,0.0,0.0,0.0,0.0,0.0,0.0008163876565941335,0.0,0.0,0.0,0.0,0.0,0.0,0.0,0.0,0.0,0.0,0.0,0.0,0.0,0.0,0.00041765998627676075,0.0,0.0,0.0,0.0,0.0,0.0,0.0,0.0,0.0,0.0,0.0,0.0,0.0,0.0,0.0,0.0,0.0,0.0,0.0,0.0,0.0,0.0,0.0,0.0,0.0,0.0,0.000779910065423157,0.00041419443450460764,0.0,0.00043288157111691714,0.0,0.0,0.0,0.00044068496291792053,0.0,0.0,0.0003940243873741692,0.0,0.0,0.0008152484106649057,0.0,0.0,0.0,0.0,0.0,0.0,0.0,0.0,0.0,0.0,0.0,0.0,0.0,0.0003863816835402548,0.0,0.0,0.0,0.0,0.0,0.0,0.0,0.0,0.0,0.0,0.0,0.0,0.0,0.0,0.0,0.0,0.0,0.00013771512951492906
12,0.0,0.0,0.0010560017234755945,0.0,0.0,0.001078873212670699,0.002175128352147447,0.0,0.0,0.0,0.0010675998325654335,0.0,0.0,0.0,0.0,0.0,0.0,0.0,0.0,0.002107503428443514,0.0,0.0,0.015613770745598844,0.0,0.0,0.0,0.0,0.0009571415838122426,0.006021581724585937,0.0011521227801328923,0.0031876962170991345,0.0010453845167305734,0.0,0.0010890634959647757,0.0,0.0,0.0,0.0,0.0010587779971818227,0.0,0.0,0.0021539060202626237,0.0,0.0,0.0,0.002099986801707422,0.0,0.0,0.0,0.0,0.0010428271664971612,0.0,0.0,0.0,0.0020953237184654287,0.0,0.0,0.0,0.0,0.0,0.0,0.0,0.0,0.0,0.0,0.0,0.0,0.0,0.0,0.0,0.0,0.0,0.0,0.0,0.0010578013132933686,0.0,0.0,0.0,0.0,0.0,0.0,0.0,0.0,0.0,0.0,0.0,0.0020184823656838493,0.0,0.0,0.0,0.002063797515203585,0.0,0.0,0.0,0.0010675998325654335,0.0,0.0,0.0,0.0,0.0,0.0,0.0,0.0,0.0,0.0,0.0010493531361810682,0.0,0.0,0.0,0.0,0.0,0.0,0.0012236338492445907,0.0,0.0,0.0,0.0,0.0,0.0,0.0,0.0,0.0,0.0,0.0,0.0,0.001036844557608193,0.0,0.001050923668792203,0.0,0.0,0.0,0.004281769338155104,0.0,0.0,0.0,0.0,0.0,0.0,0.0,0.0,0.0,0.0010493531361810682,0.0008878025593294081,0.0,0.0,0.0010092411828419247,0.0,0.0,0.0,0.0,0.0,0.0,0.0,0.0,0.0,0.0,0.0,0.0,0.0,0.0,0.0,0.0,0.0,0.0,0.0,0.0,0.0010731194357534767,0.0,0.0009754804627078892,0.0,0.00101700900492775,0.004098754691021184,0.002087554025431906,0.001985225716727446,0.004368916924048177,0.0,0.03954438095199483,0.0010493531361810682,0.0,0.0,0.06335109221456905,0.0,0.0,0.0,0.0,0.0010453845167305734,0.027145148960715883,0.0,0.0,0.001050923668792203,0.0,0.0,0.005116806676402168,0.0,0.0,0.0,0.0032311535567702875,0.0009849325491078607,0.0010428271664971612,0.0010972803539421592,0.22104160683766433,0.0,0.0,0.0,0.0,0.0,0.0,0.0,0.001210200597713997,0.0,0.005098603098649549,0.0,0.0,0.0010302289123288648,0.002091310607550671,0.0,0.0,0.0022771188037100155,0.0011322585942685332,0.0010171221889789814,0.0010588963935414125,0.003159720726375419,0.005438633519381962,0.0,0.0,0.0,0.007345028844776309,0.001002779103856008,0.0,0.12805910593441303,0.0,0.0,0.0,0.0,0.2731892206957148,0.005194250837593853,0.025461369127303082,0.0,0.0,0.0010428271664971612,0.0,0.0010432702825426332,0.0,0.002031323466705162,0.0011170697185461532,0.0,0.0,0.008365563629718374,0.0,0.023771230450508735,0.0020679545913454295,0.0,0.0,0.0020987062723621364,0.009439499101094012,0.023333822973212365,0.0010493531361810682,0.001050923668792203,0.0031319662640339023,0.0,0.0,0.0,0.004198144757566286,0.0,0.0010672565530082526,0.001077473772229024,0.0,0.0,0.0,0.0,0.0,0.0,0.0010428271664971612,0.0010462191086078219,0.0,0.0,0.0020953237184654287,0.0010493531361810682,0.0,0.0010078004573425099
13,0.0,0.0067849092612323825,0.11211168090168132,0.0,0.24923631976037897,0.0,0.0011209934301377104,0.0,0.0,0.0,0.0,0.0,0.0,0.0,0.0010823172055728462,0.0,0.0,0.0,0.0,0.0010707145500253768,0.0,0.001132902702576683,0.0030001249409868577,0.0,0.0,0.0,0.0022541005520881666,0.0022807441938280737,0.0,0.0,0.0,0.0,0.0,0.0,0.001087715268805003,0.0,0.0,0.0,0.0,0.0,0.0,0.0010410085626365308,0.0,0.0,0.0,0.0,0.0,0.0011215887833639269,0.0,0.0010246713381939251,0.0,0.0,0.0,0.0,0.002232898788975508,0.0,0.0,0.0,0.0,0.0,0.0,0.0,0.0,0.0,0.0,0.0,0.0,0.0,0.0,0.0,0.0,0.0,0.0,0.0,0.0,0.0,0.0,0.0,0.0,0.0,0.0,0.0,0.0,0.0,0.0,0.0,0.0,0.0,0.0,0.0,0.0,0.0,0.0,0.0,0.0,0.0,0.0,0.0,0.0,0.0,0.0,0.0,0.0,0.0,0.0,0.0,0.0,0.0,0.0,0.0,0.0,0.0,0.0010954704571853136,0.0,0.0,0.0010480295426546415,0.0,0.0,0.0,0.0,0.0,0.0,0.0,0.0,0.0,0.003144131398025453,0.00106229797933195,0.0,0.0,0.0,0.0,0.0,0.0,0.0,0.0,0.0,0.0,0.0,0.0,0.0,0.001088077208595045,0.0,0.0,0.0,0.0,0.0,0.0,0.0,0.0,0.0,0.0,0.0,0.0,0.0,0.0,0.0,0.0,0.0,0.0,0.0,0.0,0.0,0.0,0.0,0.0,0.0,0.0,0.0,0.0,0.0,0.0,0.0,0.0010740166559788725,0.0,0.0,0.0,0.0,0.0,0.0,0.0,0.0,0.0,0.0,0.0,0.0,0.0,0.0,0.0,0.0,0.0,0.0,0.0,0.0,0.0,0.0010554250133706848,0.0,0.0,0.0,0.0,0.0,0.0,0.0,0.0,0.0,0.0,0.0,0.0169331120604546,0.001092308074586394,0.0,0.0,0.0,0.0,0.0,0.0010609309197063411,0.0,0.0,0.0,0.011703824112063922,0.0010316882190868851,0.005417929015980803,0.0,0.0022371930956369157,0.0010776781940487893,0.0,0.001143868427839206,0.0,0.0018155156864423938,0.0,0.005348918544496439,0.0,0.0,0.0022371930956369157,0.0009012058875153021,0.004402870716858813,0.0,0.0042759715351752044,0.0,0.001064139338230805,0.0,0.004207003445808378,0.0,0.003282937330080323,0.0,0.0,0.0,0.0,0.0,0.01082451742138514,0.1278163115040968,0.0,0.0,0.0,0.0011161840800251064,0.0032978660419209376,0.00114058197452513,0.0,0.0010410085626365308,0.04022708494904931,0.0,0.0,0.0,0.0,0.00952065822003351,0.0021181877738145416,0.0,0.0,0.10266965343271067,0.04091062401755428,0.005044343050287529,0.0010934502315641597,0.0,0.00783861542615317,0.0011939256814233628,0.004337995602801494,0.0022084921546115005,0.0,0.0021108500267413696,0.16800123784270482,0.0,0.002103985810686957
14,0.0,0.0,0.000151059470949313,0.020025473910341887,0.00012995345796787522,2.676587385308309e-05,0.00016890673093749423,0.0,7.114424319498067e-05,3.748327887171852e-05,6.76074231242036e-05,0.0001477581116529652,1.0354008836292883e-05,0.0,0.0,0.0002492678108202899,6.687271951600177e-05,0.0042357897814794725,0.00029015620718235923,0.008156204029928766,0.0012975957791740668,0.0005552523583530396,0.5765490104176075,4.183414306971328e-05,0.0004598041310074127,0.172339840923691,0.007041120834942484,0.14707109111314567,0.028470162527260333,0.0,0.00012140348963439344,0.0003692331330302358,2.7936959458564384e-05,0.00011647844141190978,0.0,0.0,2.12307071910905e-05,0.00010556742499106864,8.416416121405411e-05,8.821039637872347e-05,3.4611584895100754e-05,0.00023929831237244715,4.934673418245872e-05,0.0,0.0,0.00020262245865182993,4.9156193627202e-05,1.0293220303833176e-05,0.00018716314926837377,7.753683880005941e-05,0.00010095092947548346,2.8884857191198027e-05,0.0,1.1920542948046372e-05,0.0002468338919433775,0.0,3.612328374104335e-05,9.861309904810475e-05,0.0,0.0,4.314157943656155e-05,1.1887686474268379e-05,0.0,0.0,0.0001255943883160652,0.00033517525024302265,4.614849729793628e-05,0.0,4.327058635671202e-05,0.00024781109479943156,0.00010814326364762779,3.1741559190282817e-05,0.00016123881709237555,9.296095664860304e-05,0.00028092390361530924,0.00017833759917900346,0.0016500740123468081,4.602394059271586e-05,0.0035385295998268903,0.0,1.055326037084546e-05,3.777738187482058e-05,0.00032346572566650165,0.0,6.510972991300928e-05,3.747054545556976e-05,0.00010470481346764552,3.982914716396739e-05,4.991681772885398e-05,9.095078256286103e-05,0.0010188755026002247,0.008187379987857074,0.0,8.30561651501006e-05,3.4732748430633493e-05,0.00016741863327001606,0.0007121956403284118,0.0,0.0,0.0,7.857348921975434e-05,0.0005005597179491646,0.00035648476001599,0.0,0.00014745802496868746,2.1333389406741506e-05,0.00019694236435451225,7.28614446274458e-05,3.9485437973537705e-05,0.0,0.0,4.070995218086998e-05,6.134372967636098e-05,0.00023614980772767254,4.241502564523439e-05,0.00015513158064689935,4.63572986957448e-05,0.0,0.00013979447075539546,0.0,0.0,9.604135597858507e-05,4.1964370079182895e-05,3.527299133348404e-05,0.0,0.0003413191614182003,0.000127644212326224,4.091983135133571e-05,9.803621602968597e-06,4.3702409282314795e-05,1.1920542948046372e-05,0.00014208615939947009,8.012565368278138e-05,4.142160726121183e-05,0.0,0.0,0.0,0.0,0.0,0.0,4.415348360888987e-05,6.970814369365355e-05,8.147807791360852e-05,0.0,0.0001486219506621618,0.0006249823206547033,0.0,0.0,0.00012310792941084056,1.1971046775095967e-05,0.0,4.4742292518347984e-05,8.415421184134893e-05,0.0,3.9919083014290356e-05,6.573843750645579e-05,0.0,0.0,0.0,0.0,0.0,7.196422879727018e-05,0.0,0.00016501407946309987,0.0,0.00023540948522205165,6.049433231057782e-05,9.018566278029796e-05,1.2069703346552652e-05,0.0,0.0,0.0,7.648787483557403e-05,0.0,0.00045451991769646967,0.0,8.827752516588412e-05,4.480746526827539e-05,0.0,0.0,0.0,9.758371029656531e-06,8.908801908456647e-05,2.612652533363571e-05,0.0,3.270213065496934e-05,1.1274837778004565e-05,8.33190423932244e-05,4.1951632466677404e-05,0.00012155496909849107,0.00021159511815026902,6.644223938434915e-05,2.4846890987288624e-05,4.537144482205452e-05,0.0,9.542047377742377e-06,0.0,5.3846185460564806e-05,0.0,8.464159118806257e-05,0.0,0.0,0.0,8.39009982552959e-05,0.0001026781910284869,0.0,0.0,3.8690435301105854e-05,0.0,0.0,3.920006209129404e-05,4.0539892574705125e-05,0.0,0.0,0.0,0.0,1.1986348011240488e-05,0.0002526966724181924,0.0,0.00010477273354566855,0.0,5.429134238492853e-05,2.8565498116245583e-05,2.5766015921769637e-05,0.0,0.0,0.0003362933305242938,7.284845614606903e-05,0.0,0.0,0.0,7.789774317171577e-05,0.0,0.0003172258260205643,0.00017436270278604646,0.000136388819801702,0.0,0.0,9.238741012303338e-05,7.670354994816848e-05,4.3805677285853084e-05,3.2025606632355086e-05,8.848490920863654e-05,0.0,4.306858389935785e-05,1.0801045467101875e-05,3.378564000777466e-05,0.0008869692619192321,8.045841969383289e-05,4.9140961151853935e-05,0.0,3.107566048633747e-05,2.7885786875330432e-05,0.0,5.4882503906446125e-05,3.806446659897293e-05,0.00010610399336745322,0.00023969565992713757,4.1216936536566444e-05,0.00011182662704637207,7.978374389595352e-05,0.00018627468407805936,0.00023583430869243832,0.0,3.8377091374067237e-05,3.9430002813673455e-05,0.0,0.00016697802350290007,0.00011734111680216149,0.0,3.8690435301105854e-05,0.0,3.121593623806576e-05,9.468279078006373e-05,0.0,1.2788648783360428e-05,0.00016725323323476605,2.110652074169092e-05,0.0,0.00021353627380699662
15,0.0,0.0,0.00028633019649639696,0.000279727546753124,0.0,0.0,0.0,0.0,0.0002715599552462268,0.0,0.0,0.0,0.0,0.0,0.002443501281364852,0.0,0.0,0.019225804070016395,0.0034816426714490934,0.41898176816195115,0.2023579532497296,0.03156894483056074,0.19316624885687214,0.019902623097058963,0.0,0.05275428679565438,0.005416634763292033,0.001490175124667951,0.004891092676105336,0.00017823067663111868,0.0,0.00028845112502078925,0.0,0.0002896777371456293,0.0,0.0,0.0,0.00029330514341394397,0.0,0.0,0.0,0.0,0.0,0.0,0.0,0.00029702988509537897,0.0,0.0,0.0,0.0,0.0,0.0,0.0,0.0003304934517313059,0.0,0.000276896915323157,0.0,0.0,0.0,0.0,0.0,0.0,0.0,0.0,0.00029417050014758823,0.0005201529878964232,0.0,0.0,0.0,0.0,0.0,0.0,0.0,0.0006180338518848069,0.0,0.0,0.0005993842563883618,0.0,0.0,0.0,0.0,0.0,0.00029417050014758823,0.0,0.0,0.0,0.0,0.0,0.00030605921476971223,0.010593106331494165,0.0008470804179619931,0.0005578461925250345,0.0,0.0,0.0,0.00029417050014758823,0.0011805014080308372,0.0,0.0,0.0,0.0,0.0018044515217771038,0.0,0.0,0.0008172171530503714,0.0002974726985841528,0.0,0.0,0.001036199516995926,0.0,0.0,0.0,0.00020318340729118354,0.0,0.0005720223314643586,0.0019822483602375176,0.0,0.009247958843550827,0.0,0.0,0.00030148875158084637,0.0,0.0,0.0,0.00030148875158084637,0.0002979143951381598,0.0,0.0005794873114488439,0.0,0.00029361994183222073,0.0,0.00029313415101195453,0.000981258663537989,0.0,0.0,0.0,0.0,0.0002715599552462268,0.0,0.0,0.0,0.0,0.0,0.0,0.0,0.0002896777371456293,0.0,0.0,0.0,0.0,0.0,0.0,0.0,0.0,0.0,0.0,0.00028977724083371036,0.0,0.0,0.0,0.00031723871087816033,0.0,0.0,0.0,0.0,7.211780709134563e-05,0.0,0.0,0.0,0.0,0.00029792957461188113,0.0,0.0,0.0,0.0,0.0,0.0,0.0,0.0,0.0,0.0,0.00027662885719704567,0.0,0.0,0.0,0.0005652707244627188,0.0,0.0,0.0,0.0,0.0,0.0,0.0002854210758978957,0.00028713002016399317,0.0,0.0,0.0,0.0,0.0,0.0,0.0,0.0,0.0,0.0,0.0,0.0009836907581012892,0.0,0.0,0.0,0.0,0.0,0.0,0.0,0.0,0.0,0.0,0.0,0.00027662885719704567,0.0,0.0,0.0,0.0,0.00030148875158084637,0.0,0.0,0.0001944161635845753,0.0,0.0,0.0,0.0,0.0,0.0,0.0,6.65743998004471e-05,0.0,0.0,0.0,0.0,0.0,0.00027417684160506255,0.0,0.0,0.00030372891541138224,0.0,0.00028478745686478374,0.0,0.0,0.0005723725729788357,0.0,0.0,0.0,0.0,0.0,0.0,0.0,0.0,0.0,0.0,0.0,0.0,0.0,0.0,0.0,0.0,0.0,0.0,0.0,0.0,0.0,0.0,0.0,0.0,0.0,0.0,0.0,0.0,0.00020318340729118354,0.0,0.0,0.0
16,0.0,0.0,0.00015465854374698085,0.0004686125910665912,0.0,0.0,0.0005609673522452681,0.0,0.0,0.0,0.0005693602138090966,0.0,0.0,5.321398308111721e-05,0.0017618292568086203,0.0,0.0,0.1747298429598825,0.0026595852750175473,0.00640436456320865,0.0007656205166423031,0.0044542191277161455,0.22091547976834447,0.0,0.023462452672436736,0.009004121125167889,0.451837641200937,0.0061603057920296515,0.04374610375584795,0.0,0.00020142578194870764,0.01486398608337653,0.0,0.0,0.0,0.00020227622160072723,0.0,0.0007997366445481362,0.010487073446741184,0.011874534363780219,0.00019537138397367708,0.0001931262098487328,0.0,0.0,0.0,0.00019448188194843717,0.0,0.0,0.0005196553913922127,0.0,0.0,0.0,0.0,0.0,0.00020548465374651563,0.0,0.0,0.00017239793485495438,0.0,0.0,0.0,0.0,0.0,0.0,0.0,0.0002023984164949112,0.0,0.0,0.0,0.0,0.0,0.0,0.0,0.0,0.00019653228860908042,0.0,0.0007254704845175345,0.0,0.0,4.9571843247575414e-05,0.0,0.0,0.00016251724557277632,0.00013282896738291548,0.0,0.0,0.0,0.0,0.0,0.0,0.0,0.00020765908954056584,0.0,0.0,0.0,0.00013797929480231157,0.0004005892866254527,0.0,0.00016294985821683065,0.0,0.0,0.0,0.0,0.0,0.0,0.0,5.321398308111721e-05,0.0,0.0,0.0,5.328025697755333e-05,0.0,0.0,0.00013595366271287656,0.0001657269852671293,0.00018681711587885177,0.0,0.0,0.0,0.00012752859190950905,0.0,0.0,5.4365536810975776e-05,0.0,0.0,0.0009716052216676217,0.0,0.0,0.00019886652098648062,0.0,0.0,0.00016221946526691716,0.0,0.0,0.0,0.00020752787246398864,0.00019552858975665097,0.0,0.00011515935585051717,0.00020220321441424865,0.0,0.00010874646749757772,0.0,0.0,0.0,0.00019119327788342876,0.0,0.0,0.0,0.00021283314752879525,0.0,0.0,0.00020494998417495145,0.0,0.0,0.0,0.0,0.0,0.0,0.0,0.0,0.0,0.0,0.0,0.0,0.00027595858960462313,0.00019552858975665097,0.0,0.00019254109033777322,0.0,0.0,0.00020303304274774486,0.0,0.0,0.00032753915739331497,0.0,0.0,0.00020562427569779568,0.00019552858975665097,0.0,0.0,0.0,0.0,4.9571843247575414e-05,0.0,0.0,0.0,0.0,0.0,0.0,0.0,0.0,0.0,0.0,0.00019854426990759266,0.00019854426990759266,0.0,0.0,0.0,0.00021894388949985255,0.0,0.0,0.0,0.0,0.0,0.0,0.0,0.0,0.0,0.0,0.0,0.0,0.0,0.0,0.0,0.0,0.0,0.0,0.0,0.0,0.0,0.0,0.0,0.0,0.0,0.0,0.0005182422902164191,0.0,0.0,0.0,0.0,0.0,0.0001676082453716871,0.0,0.0,0.0001964901633379061,0.00021568440806347941,0.0003763177056859445,0.0,0.0,0.0,0.0,0.0,0.0,0.0,0.0,0.0,0.000345655899937387,0.0,0.0,0.00020776474808413688,0.0,0.0,0.0,0.00020718749544807312,0.0,0.0,0.0004556906535018442,0.0,0.0,0.00020032018275984267,0.0,0.00020142578194870764,0.0,0.0,0.0,0.0,0.0,0.00020016409342369124,0.0,0.0,0.0002164117534306791,0.0,0.0,0.00019448188194843717,0.0,0.00027958765101644234,0.0,0.0,0.0002114647170805189
17,3.5590731333303856e-05,0.0,0.0,0.0006116428732193989,0.0,7.234864950070496e-05,0.0001789584452962692,0.0,8.657561633124132e-05,5.9557233575668504e-05,0.00013984716573526413,0.0,0.0,9.104942410830344e-05,0.003686172251229026,0.0006837239827932147,0.018448725231405297,0.0,0.012948508156110709,0.05249699637974836,0.0020735503995197497,0.08110601882344966,0.5414077395310667,0.0005565356439567196,0.0011399737343285319,0.021654602623125258,0.20463796620261787,0.006025678830120543,0.02645909570764075,0.0002591032657302454,0.0003635753918162116,0.0008163994763531911,7.322846187486858e-05,3.272563016492519e-05,4.512775387863714e-05,0.0002820439014338269,3.4188279924647025e-05,0.0006842586006839405,0.0008771190428617922,0.001847944829720466,4.739931770238573e-05,0.00043419420727713214,4.03692161730836e-05,6.049467209172938e-05,0.0,0.0002538883879271439,2.782245229010981e-05,9.86809412500989e-05,0.0001138594313942911,0.00011960662889715131,0.0,3.429374296204282e-05,0.00010107920548264027,6.777625285100945e-05,0.00023287014941927888,0.0,1.228568250245402e-05,0.0,4.7069319084076326e-05,7.206930687022972e-05,0.00031922992670748823,0.00015543854710089108,5.046857217178665e-05,0.0,0.00027521144809235253,0.00023203242582764722,9.215199889307762e-05,9.46163325112009e-06,0.0,7.60409816143242e-05,6.721643457681087e-05,0.0,4.2055884354061366e-05,0.0,0.0001339675674906422,4.7473163527772254e-05,0.0002513127119094202,0.0,1.3717334766712306e-05,0.0,4.811635562194615e-05,3.398515932966642e-05,0.00018921325471049204,1.1718046805590616e-05,0.00015438947190844792,5.2642911982805106e-05,0.0,0.0,0.0001012375881978255,0.0001741450001382714,0.0002631744423309804,0.0007426526271582139,4.730879021925548e-05,5.9876868535767104e-05,5.4088506781828655e-05,0.00015718677368290455,0.0012689915337952052,7.930425975251907e-05,0.00026007337823850306,3.9175027000961854e-05,0.0001365829476126646,0.00011595475628604221,0.0001818031584954498,0.0,3.146744957205901e-05,0.0,3.1772349275884284e-05,8.023012948420409e-05,0.0,0.00011129746359286809,0.0,0.00010722344610556056,0.0002438559592936641,0.00017613012890732496,3.3433321737656946e-05,0.0004986316536901719,0.0,0.000224749540526029,0.0,0.0,0.0,0.0001630850268731153,6.140966184615576e-05,9.427438846965447e-05,0.0,0.00033785728050662,0.0,0.00018487225913189383,2.6944874798415413e-05,7.909345397596631e-05,3.5154140416771854e-05,0.000126921122719119,1.1753869048770164e-05,4.41393702423392e-05,0.0,3.839962904119103e-05,0.00023220012223826623,8.070288358910838e-05,0.0,0.00014863041114249222,0.00015421871377689874,0.00014246552450434253,0.00033226162562987336,3.242413746837911e-05,0.0,0.0005528891886503831,0.0,5.484374329711658e-05,4.701278562693856e-05,3.705277577733364e-05,0.0,3.385861409643943e-05,0.0001788406100748292,0.0,0.0,0.0,4.409134961836007e-05,0.0,0.0,0.0001658679550359298,0.00012291171120677432,0.0,0.0,0.0001268801393022572,0.0,0.0006729613107838891,4.638532879019033e-05,0.0,0.0,0.0,0.00021886291042245445,0.0,4.7069319084076326e-05,1.1718046805590616e-05,0.0006033308180678993,0.0,3.501107385441104e-05,4.795819498066516e-05,6.628519791508126e-05,0.0,0.0,0.00017677089526747696,4.745346097190712e-05,0.0,0.0,0.0,0.00010089523777044769,5.9484717368196e-05,1.044197196052967e-05,0.00013140402674058458,0.0,0.0001275740189687152,7.587329092330434e-05,0.00015253966178734442,1.2047651267735147e-05,0.0,6.762369227754995e-05,0.0,0.0,9.530719520615468e-05,0.0,0.0,0.0,0.00010757012455524225,3.152447231664713e-05,0.0,0.0,0.0,0.0,4.990783820702454e-05,0.0,0.00010805862625106746,1.1054339833661906e-05,0.0,0.0,3.230701850944618e-05,0.0,0.00022386880391939476,0.0,5.1083653684751096e-05,5.0051561606056675e-05,0.00011232257606013088,0.0,0.0,0.0,0.0,0.00046747118829581515,0.00010519898933572248,3.1772349275884284e-05,0.0,0.0,0.00017888882581646565,4.349565740468761e-05,4.730879021925548e-05,5.594812277514149e-05,0.00013898122926190762,6.156080592330898e-05,2.990472655999476e-05,0.0,3.854655882469901e-05,4.510020131254827e-05,1.1133756530688322e-05,0.0001711681316055979,0.0,3.619642527354527e-05,0.0,3.2551250063967194e-05,0.0009968382589789551,1.05368795330692e-05,8.472371768349474e-05,3.849502157059675e-05,0.0,0.0,0.0,7.665366763727478e-05,0.0,0.0,8.199617365614597e-05,5.023996983338115e-05,3.5884163754735016e-05,0.0,0.0,0.00013612040648506717,0.0,0.0,9.933421584091824e-05,0.0,0.0,0.0,4.759891079738333e-05,0.0,4.1487399939832e-05,0.0,7.323568573413922e-05,3.162511096012769e-05,0.0,0.0001660965605124927,0.0,0.0,0.00010158032845486536
18,0.0,0.0,0.0,0.0004872951433715318,0.0,0.00045865928168967136,0.0001191472260435834,3.371267083230722e-05,0.0,0.0004621213739319905,0.0,0.0,0.0,0.0,0.002576448700639072,0.0020332968463691575,0.00473874048292675,0.21344401015549333,0.0,0.03324693446815545,0.004483773019230451,0.30673223885352263,0.22518178431313032,0.013186053689947904,0.0001703508110449258,0.016240629479991917,0.04523687012975203,0.0038405188163617068,0.013876783371695555,0.00046505310734308195,0.00011888506545406109,0.00032675308957600774,0.00013028566195628875,0.00017080649088756887,0.0002952949199705485,0.0009574493402755826,0.00013812986258277386,0.032248181266112064,0.003870820060270116,0.024085364491318848,0.00016768986287223265,0.000495035687010846,0.0,0.0,0.0,0.0010051141533668762,0.0,0.0004032313163829673,0.00016742048108602594,0.00029569253044799284,0.00014102979316915862,0.0,0.00017018928251531331,0.0,0.0011117938354018436,0.0,0.0,0.0,0.0,0.00015507133392777647,0.022159275861585906,0.00044537273080484847,0.0,0.0,0.0,0.0005824620121036999,0.0,0.0,0.0,0.00017834050774773934,0.0,0.0,0.0,0.0,0.0005115569762395078,0.0,0.0007608653099780178,0.0,4.0088948264219344e-05,0.0,0.0,0.0,0.0,0.00034620856065895235,0.0,0.00016322404656768724,0.0,0.0,0.0,0.0,0.0,0.0003383954399367279,0.00030662767363638237,0.0,0.0001685632475140489,0.0001415297172904665,0.0010809366093690073,0.0,0.00011709758443893981,0.0,0.00018606954857734045,4.129794322904082e-05,0.0,0.0,0.0004521847193966107,8.076659632799454e-05,0.0,0.0,0.0,0.0,0.0,0.00016778721480412595,0.00031145075020554483,0.0,0.00026280903398557707,0.0010275002414322101,0.0,0.0016232676162606465,0.0,0.0,0.00013888115288779833,0.0,0.0,0.00012228253346705705,0.0,0.0006674260549625634,0.0,0.0013432675226207693,0.0,0.00016791258967266672,0.0,0.0,0.0,0.0,0.0,0.0,0.0,0.0,0.0,0.0,0.0003347267424033496,0.0,0.0,0.0001689537807232153,0.00016419333280535882,0.000548287201267774,0.0,0.00011565392207369421,0.0,0.0001683958609219148,0.0,0.0,0.0,0.0,0.0,0.0,0.0,0.000125361620823649,0.0,0.0,0.0,0.0,0.0,0.00014102979316915862,0.0,0.001120575417152126,0.0,0.0,0.000367628226838562,0.0,3.5434950207105314e-05,0.0,0.0,0.0,0.0008215245639992119,0.0001703508110449258,0.0,0.00012712750973110313,0.0,0.0,0.0,0.0,0.0,0.0,0.0,0.0,0.0002764168162150756,0.0,0.0,4.138901180104038e-05,0.0,0.00013212516420860564,0.0001749754474604376,0.0,0.00016615983013478855,0.0,0.0,0.00013228883842782504,0.0,0.0,0.0,0.0,0.0,0.0,0.0,0.00016393965284983468,0.0,0.0,0.00011565392207369421,0.0006091059673425015,0.0,0.0,0.0,0.0,0.0,0.0,0.0003339106784292674,0.00017296135617800965,0.0,0.0,0.0,0.00016564846260266352,0.0,0.0,0.0,0.00015312047729998707,0.0002607431732373896,0.00021554770410122333,0.0,0.0,0.0,0.0,8.581727156827338e-05,4.129794322904082e-05,0.00013812986258277386,0.0001580097091287957,0.0,0.0,0.0,0.0004280652060884928,0.00032103517581130947,0.0,0.0,0.0,0.0,0.0,0.0,0.00033683356290929847,0.0,0.0,0.0,0.0,0.0,0.00016791258967266672,0.0003513010278844364,0.0,0.0,0.0006143690210939422,0.0,0.00016665878002539207,0.00015815568733218527,0.0002756340445501722,0.0003139043011813966,0.0,0.00017767472823433366,0.0,0.0,0.0,0.0,0.0,0.0,0.0,0.00016104487178034572,0.00016768986287223265,0.0,0.0,0.00045929031310293773,0.0,0.0,0.0005518365954041372
19,0.0,4.3792349549277696e-05,0.00013822334142273251,0.00015957814344385235,0.0,2.441458317707253e-05,0.000143925938828957,0.0,6.376625405292174e-05,0.0003036290363165949,5.7197163805778445e-05,5.434028035624303e-05,0.0,0.0,0.0039836458387463814,0.008117840867843727,0.0005963182364565861,0.0551922877833563,0.004324437262255138,0.0,0.03968263799981757,0.03775485043316598,0.6628766059626476,0.004335631720460124,0.00030484024373520234,0.12496453946356384,0.015304815156638835,0.006942003569670731,0.011703318195940917,0.00023658956495886235,0.0002625926192667141,0.0001413572207975214,0.0,0.0003455677384827001,0.0,0.0001680741216149299,0.0,0.0002852104171509503,0.0005621612431587432,0.00015903839221619495,1.5097503675938867e-05,0.00021384130615179797,1.3845302089892498e-05,0.0,0.0,9.517865168527772e-05,0.0,0.0,0.0,1.1759802822261915e-05,8.2671816901445e-05,5.6192614786366834e-05,0.0,0.0,0.0002087491004234504,0.0,4.609508447624497e-05,6.376625405292174e-05,0.0,0.0,0.0003258935352454922,0.0,0.0,4.529481083386728e-05,0.00010218706644707565,1.5097503675938867e-05,0.00010030278079969576,0.0,5.879845556885477e-05,0.00018971076027863838,0.0,0.0,0.0,0.0,6.867138189953753e-05,0.0,0.0004067353328746032,7.019794902639476e-05,0.00010661207275423017,4.305659111148941e-05,5.911845991973743e-05,0.0,0.00026167355643328283,0.00010043883608267287,0.0,0.0,0.0,4.755427127466623e-05,6.703923851900847e-05,0.0007757151129977092,0.0007901754132324448,0.0017328085766480216,0.0,0.0,0.0002133358365487417,0.00013490478584080533,0.0003384529716884537,5.8858474032248755e-05,0.00024781235356785417,0.0,0.0,0.0015206481540514735,0.0,0.0002412078640075514,6.893365389550174e-05,4.156111335122473e-05,9.850861815758977e-05,0.00029636353103689724,8.37115112883689e-05,0.00010340215051685501,0.0,0.0,0.00031168404852502927,0.0001635098900201296,0.0002275015239752022,0.0011435083485163296,0.0,0.00018887721976296933,0.00014746519026649272,0.0,0.0,0.00012309222008341627,0.0,1.6082131610490382e-05,0.0,0.00036503774557632314,7.532595808326764e-05,0.00042074704502921274,6.307211198715231e-05,9.467799554115902e-05,0.0,0.0,6.245046759023971e-05,0.0,0.0,6.51646395763648e-05,0.0,0.0,0.0,0.0,4.981245893359082e-05,9.44507965194854e-05,0.00023074076184558892,0.0,0.0,0.00042839686362550823,0.0,0.0,0.0,0.0,0.0,0.0,5.646210428481146e-05,5.966573404105951e-05,0.0,4.3792349549277696e-05,4.648930394409936e-05,0.0,0.0,5.892864444056423e-05,0.0,0.00017539234447575688,0.0,0.0,0.0,0.0005188672925392166,0.0,0.0,4.826199737181258e-05,0.0,0.0,6.33317787559738e-05,4.0555036573338705e-05,0.0,0.0006659474494092043,0.0,4.3922848059585465e-05,0.0,0.0,6.080229914584697e-05,1.2207291588536265e-05,8.82133820379513e-05,8.599734949060769e-05,0.0,0.0,0.0,9.612858209956344e-05,0.0,0.0,0.00010296263459393431,0.0,5.090630956747994e-05,0.00014530109991940814,0.0003072135784275674,6.155204494277304e-05,1.4128314767485318e-05,0.0,4.399375909581128e-05,0.0,0.0,0.0,0.0,0.0,4.1073056829227364e-05,0.0,0.00021128857600230576,0.0,1.3650483066568786e-05,0.0,0.0,1.4435645565474914e-05,0.0,0.0,0.0,4.52312170521179e-05,0.0,0.0,0.00028661207795614723,6.0446257410604195e-05,0.0,0.0,0.0,0.0,0.0,6.177949629725502e-05,1.5097503675938867e-05,0.00023824403767762773,0.00025182409299152577,0.0,0.0,0.0,3.0611325964607705e-05,0.0,0.00019339653597570604,0.0001752358093218737,0.00019177626071140884,0.0,0.0,0.0,9.273658240125225e-05,0.0,6.000743032087661e-05,9.407988730520603e-05,0.0,6.343136809073072e-05,0.0,0.0,0.00023850982900840785,0.0,0.0,0.0,9.959914299835428e-05,0.0,0.0,9.496945660780299e-05,0.0,5.747106074668641e-05,0.00011164731935774856,4.755427127466623e-05,5.966573404105951e-05,0.0,0.0,0.00011994176664852711,0.00010679783543357132,0.0,4.3792349549277696e-05,0.0,0.00013181441357164672,4.213513206801457e-05,0.0,6.006542106456955e-05,0.00018075764334052775,0.0,0.0,0.00010199152308807395,0.0,0.00015243824128218005,0.0,5.431797597709428e-05,0.00013774098956419238
20,0.0,0.0,0.00010815725125107573,0.0004021593186415506,0.0,0.0,0.0,0.0,0.0002558740607063619,0.00024595791545290726,0.0,0.0,0.0,0.0,0.003886114544361539,0.028678422947946265,0.00010946519867869167,0.010341576824767764,0.001881499970445077,0.35556596624302605,0.0,0.011160233004852178,0.27027982529524947,0.0017422825304472065,0.00013287673395258665,0.25151167476123687,0.007924115745895886,0.0033352286865106703,0.005614471791181782,0.0,0.00010235450621432893,0.00013853652670225446,0.0,0.00010726192852775282,0.0,0.0,0.0,0.00032316986590632976,0.0008428336168514807,0.0,0.00010744104685144994,0.0,0.0,0.0,0.0,0.0003229031478131363,0.0,0.00014734842744648947,0.0,0.0,0.0,0.0,0.0,0.00013007108406237457,0.00013051201966341467,2.684372518083797e-05,0.0,0.0,0.0,0.0,0.0006941232649237652,0.0,0.0,0.0,0.0,0.00010539203956048946,0.0,0.0,0.00019587883683607884,0.0,0.0,0.0,0.0,0.0,0.00010941921662323899,0.0,0.0009703959184314468,0.00020866748923049932,0.0,0.0,0.0,0.0,0.0007494118893105864,0.00010813526175064637,0.00010099393201073943,0.0,0.0,0.00010815725125107573,0.0,0.009855244247920019,0.0008809444359983389,0.004583732958723309,0.0,0.00011115285170876315,0.00033989620183665694,0.00031412553187254764,0.0,0.0,0.0,0.0,0.00053848917338446,0.01356934894562124,0.00018450738225563588,0.00010470561948626716,0.00021877331416365685,0.00010220231680070754,0.00012297895772645363,0.00012018304697955346,0.000872286230395813,0.0,0.0,0.000333441541564892,0.00014372755563402665,0.0,0.0002119573736455776,0.0014207691433130623,0.0,0.0006765258080163969,0.0,0.0,0.0,0.00010797238664945765,0.0,0.0,0.0,0.00010726192852775282,0.0,0.0002092267807523616,0.00014086603574790395,0.0,0.0,0.0,0.0002387872985412193,0.0,0.0,0.0,0.0,0.0,0.0,0.0,0.0,9.87167069687105e-05,0.0,0.0,0.0,0.00034913735502455805,0.0,0.00030765754028484483,0.0,0.00011126391840133959,0.0,0.00010499612920799403,0.0,0.0,0.0,0.0,0.0001248932656498204,0.0,0.0,0.0,0.0,0.0,0.0,0.0001367219974358075,0.0,0.0,0.0,0.00010591530874468548,0.00015010994759571744,0.0,0.00010601395468137233,0.0,0.0,0.0,0.00021717619900373802,0.00011333194110835878,0.0,0.0,0.0,0.0,0.0,0.00021884015903660543,0.0,2.684372518083797e-05,0.0,0.0,0.0,0.0,0.0,0.0003224051489421922,0.0,2.684372518083797e-05,0.0,0.0,0.00011139682167361584,0.0,0.0,0.0,0.0,0.0,0.0,0.00011648243080909279,0.0,0.0,0.0,0.0,0.0,0.0,0.0,0.0,0.0,0.0,0.0,0.0,0.0,0.0,0.0,0.00019074203912105767,0.0,0.0,0.00010338978480161158,0.00010027378974350815,0.0,0.0,0.0,0.0,0.0,0.0,0.0,0.0,0.0,0.0,0.0,8.764721403527797e-05,0.00021587282273519227,0.000213864777666777,0.0,0.0,0.0,0.0,0.0,0.0,0.0,0.0,0.0,0.0,0.0,0.0003225879138776353,0.0,0.0,0.0,0.0,0.0,0.0,9.537101956052883e-05,0.0,0.00010154606926991518,0.00011096771514133167,0.0,0.0,0.0,0.0,0.0003563047923475974,0.0,0.0,0.0,0.0,0.00011284839529184453,0.0,0.0,0.0,0.0,0.0,0.00030048780665320674,0.0,0.0,0.0001087811716378986,0.0,0.00019624558063374183,0.00021946194553445125
21,0.00026580328208296197,0.0,0.0,0.00024313683237995158,0.0,9.742789383035092e-05,0.00012127398238161243,0.0,0.0,0.0,0.0,2.9779313846034512e-05,0.0,0.0,0.002673822936801575,0.005081062825450115,0.002671187638586941,0.38333203041541875,0.07612288682406904,0.1553230785925563,0.008249435041166991,0.0,0.2624102246714563,0.011746212217989428,0.0004363203265250822,0.01910072849795944,0.03787399391533092,0.003480709019776881,0.007819288106166987,0.00011049134213295163,0.00024076101209935066,0.000277460085180767,0.00034129066575616174,0.00021579451705562458,0.0,0.0,0.0,0.001634133974490624,0.0005666180558899962,0.0005836853017290801,0.0,0.0,0.0,2.3753321476928673e-05,0.0,0.0,0.0,0.0,0.0,0.00023325207990131623,0.0,0.0,0.0,0.0,0.00032531194119460305,0.0,0.0,0.00012480802141419584,0.0,0.0,0.002094571049282466,0.0,0.0,0.0,0.0,0.00011638858676290523,0.0003422270579908309,0.0,0.00036931978981097954,0.00011990959569988687,0.0,0.0,0.0,0.0,0.00021009757553760707,2.5993671680323906e-05,0.0003319793658160767,0.0,0.00011863365494994026,0.0,0.0,9.515681044935438e-05,7.916683616817801e-05,0.0,0.0,0.0,0.0,0.00012189003869453354,0.0,0.0,0.00018383602203863924,0.00044665168226974667,0.0,0.0,0.00012180006127747035,0.00018498025641224304,0.000599673048291073,0.0,0.0002980394050458875,0.0,0.0,0.0,0.0,0.0,0.000430831825712771,0.0,0.00012137407841319431,0.0,0.0001198448824528017,0.00011900834865534942,0.0,0.0,0.0001783461348100646,0.0,0.0,0.00027724347853442925,0.0,0.0007124520228040322,0.0,0.0,0.0,0.0,0.0,0.0,0.0,8.748371446173716e-05,0.0,0.0007965344864663356,0.00011049134213295163,0.0005289610117043659,0.0,0.00010920406343108113,0.0,0.0,0.0,0.0,0.0002805947223215843,0.0,0.0,0.0,0.000219871799988998,0.00023487277327445373,0.0,0.0,0.0,0.00030979199709781405,0.0,0.0003572095966595425,0.0,0.000234367559587386,0.0,0.00012228912992421934,0.0,0.0,0.0,0.0,0.0,0.0,0.00012821541329793713,0.0,0.0,0.0,0.0,0.0,0.0,0.0004847758554075877,0.0,0.0003406530237090792,7.917369343530391e-05,0.0,0.00013914464705985468,0.0,0.0,0.0,0.00033531477734172394,0.00010699021803876667,0.0,0.00011049134213295163,0.0,0.0,0.0,0.00013549502746172621,0.0,0.0,0.0,0.0,0.00023705269702196797,0.0,0.0,0.0,0.0,0.0,0.0,0.00041902150097905235,0.0,0.00012748151625523746,0.0,0.00015146479450577803,0.0,0.00010786433688599406,0.0,0.0,0.0,0.0,0.0,0.0,0.0,2.6063019135798524e-05,0.0,0.0,0.0,0.0,0.0,0.0,0.0,0.0,0.0,0.00018620768528878769,0.0,0.0,0.0,0.00025844508469256464,0.0,0.0,0.0,0.0002826948695526639,0.0003888907093529156,9.21703919450898e-05,0.0,0.00011466459775670618,0.0,0.0,0.00011927577404876092,0.00012153673718445496,0.0,0.0003783161778110409,0.0,0.0,8.736191190766398e-05,0.0,0.0001241858703959817,0.0,0.0,0.0,0.0,0.0,0.0,0.00069840461480572,0.0,0.0,0.0,0.0,0.0,0.0,0.00030807154410201305,0.0,0.0,0.0001755380410835878,0.0,0.0,7.175349495020597e-05,0.0,0.00033003785915448707,0.0,0.0,0.00010001667261447196,0.0,0.0,0.0,0.0,0.0,0.0,0.0,2.998601382594321e-05,0.00011711418410082145,0.0,0.0,0.0,0.0,0.00011927577404876092
22,0.00018908811092516328,4.851298579033786e-05,0.0003089232000445489,0.0024246540379732964,8.794183354068571e-05,0.00020547516511184636,0.0006886431364372603,0.00011980145062502395,0.0001506081555112691,0.0003021671490165648,0.0002796986094798468,2.1295530550376607e-05,6.716660948644485e-05,0.0,0.053733344895912145,0.0010863394418691625,0.004398837269439808,0.07806055700195894,0.0034220825768500945,0.12471373354695106,0.007676807788124885,0.009498316082971426,0.0,0.0005253381273195508,0.0022421587031414953,0.2300493776884226,0.15746311903275795,0.07742837948658995,0.16637022087394893,0.00038028512013121835,0.00043873124996259493,0.0012928540005005705,0.00011889988778325605,0.00016787014904734248,0.00010599495190031015,9.259159527085669e-05,0.00010213691751626373,0.0005348988511155855,0.0018902224462706908,0.00023975746972438805,0.00016086366535659528,0.0012538192280634815,0.00014438653356228697,6.21503918872186e-05,7.605006485655714e-05,0.000487957874159771,0.00013065800548626256,0.0002472858625330296,0.00016055078512124642,0.00037316735282124145,0.00017828594927415777,5.039258914254839e-05,0.00012176182307204055,7.468691044739667e-05,0.000575920843756362,9.971286582637245e-05,0.00015862772404148933,0.00013653767860376774,0.0,4.5562149830569076e-05,0.0006177871440248248,0.00017685235412039904,8.659529970109685e-05,3.9185055939996665e-05,0.00010073392274083487,0.0008374265729846557,0.00038255948275909353,4.5599216898882144e-05,0.00010299148895491035,0.0007178015990415402,0.00020302540222693827,5.784772443254336e-05,0.00017273741940937196,0.00012325442960988168,0.0006638124734838034,0.00010537043571316547,0.0025319639692483204,0.0001390963947920406,0.0010458408908130981,6.246373332350267e-05,0.00014900573547901522,0.00015545266292146717,0.0009848215295047626,0.00043636526149548415,4.7936904256048285e-05,0.000306923061892235,0.0001894037065601652,1.0700275404072087e-05,0.0001875777522375838,0.0004491640291871705,0.0015597569699249178,0.003725129680235121,0.00012390567815555024,0.0001982245620878633,0.0003131044083297142,0.00024663783387975373,0.0036027184619870675,0.00014858716589042598,0.0008048433111505259,0.0001010728800560709,0.00044074333767019346,0.0012886730093517396,0.0006581705156369396,0.0005692622818964368,0.000254515336297189,0.0002021290244374994,0.0004594637741227404,0.00014913477405477428,0.0002624562612920564,0.00020563344644296196,2.0553937446740346e-05,0.0001936296486523818,0.0007757395075762562,0.00024741030283930744,0.0008717399477604406,0.0014502585431907476,5.262094419183363e-05,0.000270475134888593,9.806541420301658e-05,7.183271681073737e-05,1.016713526103567e-05,8.252486139643488e-05,5.3041916904184396e-05,4.93199632736261e-05,6.401051698335487e-05,0.0016367820233582507,0.0003483918306047797,0.0007009110719676438,0.0001539724701445576,0.00020811036612875146,0.0001438353994102507,0.0007423362423183634,6.946925494431773e-05,1.4352296470883565e-05,0.0,0.0001393147202980368,6.728341435607133e-05,4.238096734282813e-05,3.1546340232407785e-05,0.00022280359482653779,0.00037315285842434633,0.00048786009128830803,0.00025586687981564356,0.00012329107527503448,0.0001156653793206367,0.0019819031700112565,4.729807972207184e-05,6.137936404461934e-05,8.820192930039163e-05,7.174968460332734e-05,0.0,2.796435658246411e-05,0.00043051928784771,7.713647476522145e-05,3.4752994391688344e-05,0.0002467116276722252,0.0,4.252710465288356e-05,5.2682426008092804e-05,0.00018885186264559276,7.645193880455591e-05,0.00011919792698911161,0.00011076481005823695,0.0002429002253945023,8.32597825464392e-06,0.0015922071424376647,3.0083330386197082e-05,9.882001042585805e-05,0.0002145763889347123,0.00010718848793890695,0.0001669979374901253,0.00031129846439764827,0.0002982728820960229,0.0,0.002322826464043408,2.750325716532967e-05,0.00035776100975682974,0.00014981327618793306,0.00013007684601161926,0.0001126365943826067,1.044717269666126e-05,0.00040503439006532284,0.00018835074305955936,3.5207581001059685e-05,2.4937898859889523e-05,2.1091251503199413e-05,0.0003627771820671473,5.414745273449009e-05,0.00019951142042010965,0.0003216033310279779,3.554681487458808e-05,0.00025712319021381984,0.00017766982328649883,0.0006476930234950032,7.024378725761947e-05,0.0001382347699838186,5.258588089251502e-05,7.840835742947916e-05,0.00018445280743793345,0.0,3.163291617216478e-05,4.9965622052101256e-05,3.6446786338802e-05,0.00010101295223414439,6.345546318568398e-05,8.619594459992302e-05,9.507099448172105e-06,8.233750017702703e-05,2.53719671338489e-05,9.417164287422584e-05,2.480412398690492e-05,5.406305824065255e-05,2.2328779888142985e-05,8.970339333592289e-05,4.1574456181461264e-05,1.8210130764299823e-05,3.459902100810153e-05,0.0007999190581163669,0.00011240511984577213,0.00023806286994932917,6.18870940214601e-05,0.0001474580420465689,2.982681917526139e-05,0.000177237958347472,0.00023408868592426696,0.0001680144894246755,0.0021368439985117614,0.0005466045268052767,6.556717257092656e-05,7.847480961033028e-05,1.6979021032375123e-05,5.491215620727627e-05,8.192518471880145e-05,0.0006567674291269291,0.0005388255502866713,0.0007958490384823079,8.561254932085992e-05,8.654088507517402e-05,5.163630239318313e-06,0.0006392400239733296,0.00016750527417661682,0.00012400159509920884,0.00031030194390594323,3.156227941076049e-05,0.00019421308837922084,6.773653609895928e-05,3.805293863434972e-05,0.0025447235907577657,0.00013404085640931517,7.051806879206423e-05,0.0003045259181936047,0.0001589717500441021,0.00011513996711639254,3.4255301274092936e-05,0.0005541971664384814,1.565211459707781e-05,3.236783676002948e-05,0.0002868924527753536,0.00023664026176312928,0.00011219916427569509,0.00014593594799855363,0.0002887622786534787,0.0006887499179368892,0.00014612652438121413,4.844658989029726e-05,0.0005165895401686317,1.5357049883593593e-05,0.00011849044790033156,6.519981537123026e-05,0.0001190285479644892,6.40852346549217e-05,0.00012598832215526048,3.146564880605826e-05,0.0005575736326717186,0.00012912130878924913,5.906189702426567e-05,0.0008168957392153818,1.62309341615257e-05,0.00015195877944121236,0.0005450137181063034
23,0.0004561102999387187,0.0004505579681115282,0.0,0.0,0.0,0.0,0.0,0.0,0.0,0.0,0.0,0.0,0.0,0.0,0.0018431693659536636,0.04407953702374736,0.0,0.06282968366511568,0.14383611575322952,0.1706919235746605,0.01508566679541377,0.2152445699638214,0.17009923904716157,0.0,0.0008973604176816969,0.017216399769444737,0.010114315262188086,0.0007816215224450879,0.006678326686407376,0.0,0.0,0.0,0.0,0.0,0.0,0.0,0.0,0.0005078409803585083,0.0006308030534937632,0.0007910752877334664,0.0,0.0009144241340942194,0.0,0.0,0.0,0.0018513077837695212,0.0,0.0,0.0,0.0,0.0,0.0,0.0,0.0,0.0006550090320652509,0.0,0.0,0.00046745864486504864,0.0,0.0,0.040720811111235065,0.0004637604451073442,0.0,0.0,0.0,0.0009037729064073691,0.0,0.0,0.0,0.0,0.0,0.0,0.0,0.0,0.0,0.0002958381579439464,0.0008886745594703418,0.0,0.0,0.0,0.0,0.0,0.0008278726745249083,0.0,0.0,0.0,0.0,0.0,0.0,0.000908434042969389,0.0,0.0,0.0,0.0,0.0,0.0,0.0008977829127306246,0.0,0.0,0.0,0.0009495048366624575,0.0004545613044478436,0.0,0.0,0.0016749467465014844,0.0012647169739470675,0.0,0.0,0.0005916763158878928,0.0,0.0,0.0,0.0004314179817856342,0.0,0.0016115880402468718,0.0025441573388744125,0.0,0.06737846893073215,0.0,0.0,0.0,0.0,0.0,0.0,0.0,0.00047410037571222563,0.0,0.005176681024217048,0.0,0.0,0.0,0.0,0.0,0.0,0.0,0.0,0.0,0.0,0.0,0.0,0.0,0.0004728545552568416,0.0,0.0,0.0,0.0,0.0,0.0,0.0,0.0,0.0,0.0,0.0,0.0,0.0,0.0,0.0,0.0,0.0,0.000442521084312853,0.0,0.0,0.0,0.0,0.0,0.0,0.0,0.00047909210554523604,0.0,0.0,0.0,0.0,0.0,0.0,0.0004453703709754948,0.0,0.0,0.0,0.0004686446895422733,0.0,0.0,0.0,0.0,0.0,0.0,0.0,0.0,0.0,0.0,0.0,0.0,0.0,0.0,0.00045578827089838445,0.0003178915031027597,0.0,0.0,0.0,0.0,0.0,0.0,0.0,0.0,0.0,0.0,0.0,0.0,0.0,0.0,0.0,0.0,0.0,0.0,0.0,0.0,0.0,0.0,0.0,0.0,0.0,0.0,0.0,0.0,0.0,0.0004492746829930392,0.0,0.0,0.0,0.0,0.0,0.0,0.0,0.0,0.0,0.0,0.0,0.0,0.0,0.0,0.0,0.0,0.0,0.0,0.0,0.0,0.0,0.0,0.0004572120670471097,0.0,0.0,0.0,0.0,0.0,0.0,0.0,0.0,0.0,0.0,0.0,0.0,0.0,0.0,0.0,0.0,0.0,0.0,0.0,0.0,0.0,0.0,0.00011487946362989223,0.0,0.0004484632600591777,0.0,0.0,0.0,0.0008667252355325028,0.0,0.0,0.0
24,0.0,0.0,0.0,0.0003237071409742818,0.0,0.0,0.008223089605029144,0.0,0.0,0.0,0.00015032289910530265,0.0,0.0,0.0,0.0037896192038015405,0.0,0.03161133657937113,0.011215735205650106,0.0004140849923708705,0.002302501167778986,0.0002481874593215761,0.00040639666996914803,0.19798191242923044,0.0,0.0,0.0050704191469495875,0.13033368097733533,0.024272388238587836,0.5141051582637469,0.00027731698069612554,6.56716022735292e-05,0.04888304597888136,0.001118734552252927,0.0,0.0,0.0,0.0,0.0,0.003656478750712353,0.00024394003209295758,0.0,0.0,0.0,0.0,0.0,0.00011718259609959646,0.0,0.0,0.0,0.0,0.0,0.0,0.0002646383390622115,0.0,0.000249161235722973,0.0,0.0,0.0,0.0,0.0,0.00047439834905927997,0.0,0.0,0.0,0.0,0.0,0.0,0.0,0.0,0.0008413764181030462,0.0,0.0,0.0,0.0,0.0002588576912320238,0.0,0.0007201727790611715,0.0,0.0002158710094535874,0.0,0.0,0.0,0.0,0.00044047428566794915,0.0,0.0,0.0,0.0,0.0,0.0,0.0,0.0007570585399973212,0.0,0.0,0.0,0.0,0.0010286597107482262,0.00021294359141506923,0.00046832783009357405,0.0,0.0,0.00015032289910530265,0.0,0.0,0.0,0.0,0.0,0.00021802371312235527,0.0,0.0,0.0,0.0,0.0002651415073733258,0.0,0.00023888590481560044,0.0,0.0,6.461023163221455e-05,0.0,0.0002490659345374268,0.0,0.0,0.0,0.00025615830018672664,0.0,0.0,6.56716022735292e-05,0.0,0.00025949999105496775,0.0,0.0002562058477004107,0.00023888590481560044,0.0,0.0,0.0,0.0,0.0,0.0,0.0,0.0,0.0007133755760389146,0.0,0.0,0.00025949999105496775,0.00025702835736271604,0.0005026261818352141,0.0,0.0,0.0,0.0,0.00026145709417368343,0.0,0.0,0.0,0.0,0.0,0.0,0.0,0.0,0.0,0.0,0.00019719186154338542,0.0,0.0,0.0,0.0,0.00021294359141506923,0.0,0.0,0.0,0.0,0.0,0.00024039245913379053,0.0,0.0009557555497988233,0.0,0.0,0.0,0.0,0.0,0.0,0.0,0.0,0.0,0.0,0.0,0.0,0.0,6.602994210280082e-05,0.00026410493696020477,0.0,0.0,0.0,0.0,0.0,0.0,0.00024487394098265,0.0,0.0,0.0,0.0,0.0,0.0,0.0,0.0,0.0,0.0,0.0,0.000395464302325534,0.0,0.0,0.0,0.0,0.0,0.00024335119534830602,0.0,0.0,0.0,0.0,0.0,0.0,0.0,0.0,0.0,0.0,0.0,0.00025904127348178437,0.0,0.00023420521150514833,0.0,0.0,0.0,0.00023710003979036953,0.0,0.0,0.0004473356125566407,0.0,0.00026098712331005906,0.0,0.0,0.00017545651311897818,0.0,0.0,0.0,0.0,0.0,0.0,0.0004992069227877473,0.0,0.0,0.0,0.0,0.0,0.0,0.0,0.0,0.0,0.0,0.0,0.0,0.0,0.0,6.725023490838977e-05,0.0,0.0,0.0,0.0,0.0,0.0,0.0,0.0,0.0,0.0,0.0,0.0,0.0,0.0,0.0,0.0,0.0
25,0.00012978814975827586,5.6281152309938274e-05,0.0001053679807015683,0.005040106753157,2.9715656984059938e-05,2.9056420588747157e-05,0.00010355285871494462,5.308467444333286e-05,6.611873468680547e-05,2.9492112501201007e-05,0.0,0.0,9.576784784924171e-05,0.0,0.09854699716924424,0.001226980643521053,0.0003341729721983893,0.009161489509186127,0.0010934695438061127,0.05153099142272317,0.013380655930287111,0.002160317695810157,0.7208936982231411,0.00018366331885204102,0.00034705740719163155,0.0,0.011750259616209787,0.02203802724026326,0.014924777749157684,7.304011937447751e-05,0.00022058809137504053,0.0002217245034186364,6.320969799634735e-05,7.627617316033313e-05,3.054943513151666e-05,3.524902350936059e-05,0.0,0.0001339832988272794,0.00041181102287388594,0.0,6.266476251692443e-05,0.0002640831060191307,4.117830773902864e-05,0.0,0.0,0.00015974671170044638,0.0001302938792111238,0.00017636920724727555,0.0001694418604068381,6.348679708020327e-05,0.00014142583678281771,0.0,0.0,0.0,0.00012902481035325319,0.0001522824377065144,6.634516065904567e-05,7.411012403525714e-06,0.0,0.0,0.00017781735463261717,0.0,1.725790859290384e-05,4.52038018113462e-05,0.00020639881234874906,0.0003483052399422011,0.00013816390555385308,0.0,2.8116512968702905e-05,8.131692192635978e-05,0.0,0.0,0.00030472154504092617,0.0,6.437041089076371e-05,2.5131799612763305e-05,0.0007013518622454187,0.0,0.00027381345416296925,0.0,3.352468564349505e-05,2.9385695760108836e-05,0.0009254648142475675,9.259719506257924e-05,0.0,3.7766757534689204e-05,0.0,7.671497232699241e-05,0.00015297532944364797,0.00022196088558600882,0.0018779753432478599,0.016698500893010615,0.00011526246713435815,7.411036640662152e-05,9.266469470070873e-06,9.229104644411434e-05,0.0008109753306545245,7.500876559488417e-05,0.00026953494525352447,0.0,0.0004067521566698237,0.003686419517213573,0.00014725118005890061,0.00014178217906879087,0.00010290934081697475,0.00015439297269597148,7.182656345554101e-05,3.733795063650899e-05,2.106616372389034e-05,6.18149071581702e-05,4.8242220931880365e-05,3.7377859343300374e-05,0.00025992688775751963,0.0001362493164141703,0.00019449048231820124,0.00031078071468740396,0.0,6.729797580680353e-05,2.9492112501201007e-05,1.9589346093879238e-05,0.0,0.0,4.073139842387306e-05,0.0,0.0,0.00047502131859235015,0.0,0.00019408315932718088,9.64535082919702e-05,0.0,0.0,0.0002628718408978876,8.428967999777446e-05,2.5501689719765295e-05,0.0,3.6230184539985707e-05,3.559184817018057e-05,6.440432783353568e-05,0.0,3.820893400172831e-05,3.579239144409254e-05,0.00012098261817339527,5.3108591281998854e-05,0.00012350345910476333,3.62915587949585e-05,0.0009024591071533684,2.7280854818833647e-05,0.0,0.0,0.0,0.0,1.0470086799897508e-05,7.654002892237344e-05,4.841255722744052e-05,5.819245163888365e-05,0.0008137727107684586,2.557285621933175e-05,0.0,0.0,9.427366721750555e-06,0.0,0.00011095345841069494,7.799639232541673e-06,4.458537015945079e-05,8.833881274714886e-06,0.0003885456289004059,9.372170989567634e-06,7.593463838866837e-05,5.113778717469658e-05,3.8093441883136936e-05,0.000217916392115446,8.954938406001717e-05,0.00012436453858035945,5.5410385437516816e-05,0.0006220582266577181,0.00018236282489464916,0.00021644146715336127,0.0,4.6300101392573246e-05,0.0,2.7723325527085592e-05,7.126095345887512e-05,2.9547554702637935e-05,0.0,0.0,1.2668307256282911e-05,7.286160547504951e-05,0.0,3.692947591736899e-05,5.472272124570594e-05,5.840974012655268e-05,3.442013502899399e-05,0.0,0.00017569589191841685,2.8321964434079566e-05,0.0,0.0,9.152199024190102e-05,0.0,0.0,3.062721626299824e-05,3.062721626299824e-05,0.0,0.00010083751707508739,0.0,0.0,0.0,9.364273660492415e-05,8.740959048752895e-06,8.923600388442793e-06,0.0,4.0630177256996376e-05,0.0,5.446084365917664e-05,0.0,0.0,0.0,0.0003131408280657223,0.0,0.00018843032783973164,0.0,0.00017093872151989134,1.8038021694016218e-05,4.178004260064516e-05,5.011125069713637e-05,7.928243973213823e-05,0.0005438496626393234,0.00011736247644189502,7.601330928010446e-05,5.4841441494479815e-05,0.0,0.00010370373640673155,6.221546287357045e-05,0.001062474507046248,0.00012491008353974147,9.782411308189773e-05,0.0,4.215918001984554e-05,0.0,0.0003226828671758979,0.0,9.912752711730692e-05,0.00017848571559400426,0.0,4.7973812318323036e-05,0.0,3.620739874562013e-05,0.00091404395841883,2.745481786527445e-05,0.0001445309214556861,5.870430559447666e-05,0.0,0.0,0.0,0.00011742661462220149,0.0,0.0,9.298763291719071e-05,5.8594283598417796e-05,6.60948983997449e-05,6.945552272294513e-05,2.982542088589525e-05,0.0001842980427697428,2.5796546822314824e-05,5.672507408306102e-05,0.0002668279576914271,0.0,1.6091359520447435e-05,0.0,0.0,0.0,0.0,0.0,0.00022298155932937288,2.0086188152812243e-05,0.00010380561870811374,0.00020467538509655732,3.0367778964970576e-05,0.00012623216725140125,0.00020265184305741048
26,0.0,0.0,0.00016294787711970714,0.00025666262461504,0.0,5.923366110905246e-05,0.000362320612104343,5.4399304119249754e-05,6.035587273405788e-05,5.357340705215196e-05,0.0,0.0,0.0,0.0,0.002905929768908336,0.00015211283047493904,0.03345776152158828,0.1615603655034326,0.00200700322757913,0.009867053432778874,0.0005449164154950588,0.005718812257030645,0.5841750959512099,4.755830957354656e-05,0.006150981694746466,0.015710186369367433,0.0,0.010156258921676747,0.14250750382179977,0.0001582696511739755,0.00016776401650246063,0.0018163937927631651,0.00010602158570372518,0.0002248933886786989,0.0,1.6161889793302444e-05,0.0,9.859646382245968e-05,0.0015782477246832022,0.0006206903902582138,8.575106754230981e-05,0.00017277831969366662,0.0,5.555827113746084e-05,0.0,0.00023897641008242487,0.0,0.00011697323639175828,0.00018950246945485805,0.00014048498109788942,8.401829220395634e-05,3.125934782995602e-05,0.0,1.3930498402286553e-05,0.00033975970900658974,0.0,1.3148538250401652e-05,9.156801414467855e-05,0.0,0.0,0.00044397164062406365,0.0,0.0,0.0,0.0001642138768977632,0.0002730332487879574,7.38605511417399e-05,0.0,1.1131747634774987e-05,0.00010277092848242997,0.0,5.0936042424965255e-05,0.0,0.0,9.490024481774221e-05,9.03843710807705e-05,0.0005279811352999789,7.260515810293286e-05,2.9689004324998557e-05,0.0,5.366823567284075e-05,0.0,0.00028619307707215613,0.0,0.00013111988266311379,8.149464444719652e-05,0.0,0.0,0.0,3.895142207361025e-05,0.00018341852892213244,0.00045059762598254885,1.3930498402286553e-05,0.0,1.2330614029682059e-05,0.0002553372666840633,0.0007121972451513955,3.511676212929921e-05,0.00024302556415026132,0.0,0.00016059266779551394,0.00013601396534312836,0.00016136800245192333,1.2316353556705707e-05,0.0,0.00012088719928988197,3.467182761223682e-05,0.0,4.9380614588167845e-05,0.0,0.0,0.00010880594577793279,4.976566746282066e-05,0.00018607822309118244,0.00014094256544968934,0.00013655685541385696,7.27201708871064e-05,0.00010184290850416298,6.003611522031598e-05,3.886348010971832e-05,0.00010246823585298473,0.0,0.00013066883081553715,8.114191995349449e-05,0.0,0.0004321350487634514,4.805183837002748e-05,0.0003194304590775041,0.0,8.21582438345238e-05,0.0,0.00018091719715605301,6.850768541598945e-05,0.0,4.9347023659046436e-05,0.0,8.097647573862543e-05,4.1388111336269215e-05,0.0,0.00023026847623573737,1.6161889793302444e-05,0.00024645125726515646,1.1884124431601118e-05,5.415627121892404e-05,0.0,0.00040373010616657796,0.0,0.0,0.00016033297993588383,0.0,0.0,0.0,6.73736370160249e-05,0.0,6.035587273405788e-05,4.333318966351331e-05,0.0,0.0,0.0,8.35959536804107e-05,3.0189375208265494e-05,0.0,0.00011216733501900016,2.676224313105789e-05,0.0,0.0002298076039668654,1.3527114531696111e-05,8.694830348437941e-05,3.865596416526361e-05,6.227028086617706e-05,6.612432022865512e-05,0.0001278332530415947,9.56889658420657e-05,0.0,0.0008224289937690675,0.0,2.325403696803608e-05,0.00013174512500228473,0.0,0.0,0.0,0.0,0.0,0.0,0.0,1.2390167669258587e-05,4.347145783710637e-05,0.00015200047404989353,0.0,0.00010455754829641984,0.0,0.0,0.00011354510134829855,0.00010291964839737772,0.0,9.562175217177521e-05,9.745134854822754e-05,0.0,0.0,0.0,9.731209378606204e-05,3.8296751727312736e-05,4.594508257226476e-05,0.0,3.702499372687369e-05,7.243529078015915e-05,0.0,0.0,0.0,0.0,0.0,0.0,3.8445818327044496e-05,5.129969838050992e-05,0.0,0.0,6.211959089723416e-05,0.0002471031872883525,0.0,1.3527114531696111e-05,9.841533300997394e-05,0.0001549170043453358,3.2229230220373695e-05,0.0,0.0,0.00015833765358290778,0.0010188516436859844,8.824947487394088e-05,0.0,0.0,0.0,0.0,0.0002352001562222704,5.495364632822306e-05,0.00012624269982847326,0.00036629454274784474,1.3930498402286553e-05,0.0,0.0,0.0003346536155013412,3.7185545956012865e-05,0.0,5.203803724802138e-05,0.0,0.0,0.0,0.0,0.0008710776797766846,3.383961645263085e-05,3.900616325935624e-05,9.129714931738661e-05,0.0,0.0,0.0,6.554583499342244e-05,0.0,0.0,8.36370489691199e-05,0.0,0.0,0.0,0.0,0.0002751159443677424,0.0001562165197054668,0.0,0.0,3.734906382461029e-05,4.455449593033109e-05,0.0,0.0,1.3381121565528946e-05,0.0,3.8296751727312736e-05,0.000300128716665765,0.0001635327367502404,8.787283549182552e-05,0.00020254505825088835,0.0,0.0,0.00010191599463605771
27,3.869912646435808e-05,8.923318159760247e-05,0.00011209090155610327,0.001750155397899369,0.0,2.2924197799740135e-05,0.0022602615430440047,4.311311810685202e-05,0.00012125666810784729,7.09821723726386e-05,2.4682948116364422e-05,0.0,0.0,2.8404805407583984e-05,0.09628538345526245,0.0001042561806751859,0.0003988514771388452,0.0031979974181120404,0.00035596125603601554,0.004612267014571353,0.00029502882868654324,0.0007193211728815098,0.6426580896849419,6.29725898882767e-05,0.0030998614355574675,0.028757046325831235,0.01437445687047102,0.0,0.16375885338060747,6.153421766720734e-05,0.00017545294420581183,0.0008955495638708535,0.0,0.0001758284843393676,0.0,0.0,3.0190137040715287e-05,0.00018626184514493666,0.0007370965516439635,3.6173154324815616e-05,0.0,0.00022248662101425774,3.552947535328832e-05,9.618077109042364e-06,0.0,8.423701011074732e-05,4.324173452718642e-05,0.00010394958431707316,6.854496298606974e-05,0.0,4.663049192872925e-05,0.0,2.243495570494541e-05,7.105895070657664e-05,0.00022705268586389388,1.0063792465629662e-05,6.791885122059082e-05,0.00019907427892194726,0.0,2.644901609911009e-05,0.00011858084278451596,5.433314599885744e-05,8.617728793325727e-05,7.296434466714167e-05,0.0,0.00043611390282449953,0.00015471693231364697,0.0,0.00012660515872506888,0.0033594197527835345,0.000213526546827306,3.539625641529839e-05,5.4245692484647884e-05,2.769580857668856e-05,0.0007480872221487816,0.0001958557881994602,0.0035736307744319794,0.0,0.007630417119447771,0.0,4.7660188317486355e-05,5.384719182199841e-05,0.0002731845900876747,5.1560651495570424e-05,3.536653201168763e-05,2.404771064006001e-05,7.721439754168796e-05,0.00013246706941973268,3.572590126773304e-05,1.8211175285118894e-05,0.0002815430230033437,0.000799516749825448,0.00012067516547595478,3.12723174435986e-05,0.00013943198562630564,3.884733327879538e-05,0.0006166656114290747,2.6354676283415728e-05,0.00019041176312723694,0.0,0.00014344402121336505,7.437461728317153e-05,9.469409290390625e-05,0.0,4.411323361500461e-05,7.001968728168078e-05,5.42983811823877e-05,0.0001366188158390189,8.493421917450798e-05,0.00021081547675475278,3.439600487716062e-05,0.00014146111146130276,0.0002473836824833189,6.660263783006494e-05,0.00012725900054773114,0.00022916909507141912,5.679921392179409e-05,4.6124172766990886e-05,7.9616264341027e-05,0.00019685078299470015,0.0,5.694176428979624e-05,0.0,0.0003001145813835391,0.0,0.00025777395336383556,0.00014307661708206414,8.839300817452729e-05,3.3862446346615927e-05,0.0,5.789613148392638e-05,7.39702184597602e-05,0.0,2.6965916405298922e-05,2.7563097184045503e-05,5.34432303738475e-05,9.453935399802253e-06,0.0,2.7624943667380225e-05,8.908971561842844e-06,0.0001235126196816664,0.00023455936766748978,4.630774073059759e-05,5.859514434911405e-05,2.9331838414441034e-05,0.0003256145659615199,0.0,0.0,1.770344840102784e-05,2.4071222831249238e-05,5.916870577108436e-06,3.6173154324815616e-05,0.00017103103636382418,0.0,0.0,0.0,0.0,2.7987661637866038e-05,0.0,6.812130637657153e-05,0.00016007659878635464,0.0,4.428242682519817e-05,7.923321937466366e-05,0.0,0.0005199083173823791,0.0,0.0,7.05399731616588e-05,2.5164297357853555e-05,0.00012867415393882123,7.11558245399396e-05,0.00018130878743036986,0.0,0.0008142556490695543,5.344185564681554e-05,0.00011291378298481138,1.9296332034844382e-05,4.1091215134254897e-05,3.795310019886332e-05,5.989176242311961e-05,0.0001416755658438697,6.840143021714134e-05,0.0,0.0,3.875337033908177e-05,2.363419846876437e-05,3.3477668744660666e-05,0.0,0.00012688105658945675,0.0,3.5662110316104415e-05,2.453400175601998e-05,3.1780756301223766e-05,3.739615841945369e-05,7.079578842034171e-05,3.097899071643885e-05,0.00011428756253835728,0.0,0.0,0.0,0.0,0.0,6.955476599566243e-05,2.274418325754862e-05,7.225687082470565e-06,0.0,2.6965916405298922e-05,4.293608775331821e-05,0.0,0.0,0.00010193607663726492,4.293608775331821e-05,9.154603657157665e-06,0.0,0.0,7.344550172157607e-05,0.00014100850358877913,0.0,8.149971899828617e-05,4.7358919800196176e-05,2.4307989624764565e-05,3.7156630152697826e-05,3.970463785617967e-05,2.7878888695327597e-05,3.529893309126897e-05,0.000492547776814688,9.339677484982239e-05,1.7637981532181054e-05,0.0,0.0,9.789672125991522e-05,6.893442154681884e-05,0.00011707901223495337,0.00020746528942481682,0.0004814778196402408,0.0,0.0,0.0,0.0004136946922823364,4.343975688796431e-05,7.50813938069346e-05,0.00012126525640503891,0.0,0.00011793596715252803,0.0,3.605861609817501e-05,0.0006379373567800286,4.7358919800196176e-05,1.0473265896795982e-05,3.381456088388193e-05,2.584815025755512e-05,0.0,2.153215061347786e-05,0.00011140161509798414,5.7567109049034566e-05,3.31903851950468e-05,7.371384866019486e-05,3.35364772543127e-05,5.4010082331367784e-05,9.747106977317925e-05,0.00011228640815920152,0.00024475100216198904,1.0869703858342286e-05,0.0,0.00014330246552978363,0.0,5.7921993095453674e-05,0.0,0.0,4.885164784952543e-05,0.0,0.0,0.0002452719612969296,4.223868568784013e-05,2.8999663835695562e-05,6.412051678816002e-05,0.0,4.0127801722928656e-05,0.00017674413977134576
28,0.0,0.0,0.0,0.0012316144178219778,0.0,0.0,0.009076207812491039,4.115764296163785e-05,1.4103360011648951e-05,4.543933004315986e-05,1.476061071166081e-05,0.0,0.0,4.80595078833883e-05,0.010872912186867081,0.00011612069631608641,0.0023647988750505446,0.0104507818366598,0.00047411290044277357,0.005856631573567233,0.0004642524427148063,0.0010402348521832425,0.6332409955116807,4.814221254608609e-05,0.03395235364556323,0.015327972332348633,0.09170892351046286,0.15002875306353958,0.0,0.0003031172046542967,0.0002586933302295276,0.004030459050886039,0.000159848976043142,5.949583181987266e-05,8.898753828708525e-05,5.140613811299622e-05,6.287700741144853e-05,0.0001000847129932102,0.0010644809304253702,0.00011008919248249214,4.016990554359312e-05,0.0004664181904564307,9.241872268080876e-05,0.0,0.0,8.186459877821211e-05,4.0814324137590994e-05,0.0,0.00022218685191790498,0.00018357734069502485,0.0003111890013581662,0.0,0.0,0.0,0.0004005075568070506,0.0,5.74161640698354e-05,0.0,0.0002716709098544428,4.1439584505141276e-05,6.470286147732772e-05,6.174717942047937e-05,0.0,0.0,7.527599345406154e-05,0.0004814735146728489,0.0003458082849612905,0.0,1.5357800985570828e-05,0.0011987815003206344,0.0001054663679208267,0.0,0.00010349127365963369,3.8045228360825705e-05,0.0005951315849265158,0.00013600462522439017,0.0010576823990469321,5.922833437178532e-05,0.0008205329747987951,0.00010007542584442665,4.50949285446286e-05,0.0,0.00031198191624026657,0.00012463027221877942,0.0,9.711744097400754e-05,0.0,0.00010851275187588883,5.736695390759652e-05,1.5132145983348152e-05,0.000275327419738976,0.0009073484581526837,3.333610810233125e-05,5.503969835282789e-05,0.00027989855764762577,5.675069001750515e-05,0.0007364879856009743,0.00013565776404051046,0.00014984917821076824,5.518080389728152e-05,0.0002042666638867556,0.0004015667073710858,3.760324549719985e-05,9.257679640234693e-05,0.00012228538921498823,1.3987959777177481e-05,6.637205052614825e-05,4.028558527264736e-05,0.0,0.0,0.0,0.0,0.0002265061341476196,4.723852082397697e-05,0.00016052422627620862,0.00023912215135352033,9.98283797138216e-05,3.957730836109524e-05,4.669687919040629e-05,0.0,3.6197748613624594e-05,7.196616623612099e-05,0.0,0.00010029723353352338,0.0,0.000632852222143004,1.4705850950879582e-05,0.0002937446047079475,0.0,0.00017283728865218756,0.00011995938909724056,0.00028382751637172875,9.586232301443471e-05,1.4476987495430653e-05,4.680207548333127e-05,5.650080295006963e-05,0.0,0.0,0.0,0.00010320443198703612,0.00014134947612593016,0.00036335950948150733,0.0,0.0,7.461850848160803e-05,0.0005523107061821339,0.0,0.0,0.0001376211691540327,0.0,0.0,0.0,0.0004186196863485069,0.0,0.0,9.788119800670909e-05,0.0,0.0,0.0,0.00010691042400163543,0.0,0.0,0.0,0.00014155942055464255,0.0,0.0005638342387618497,0.00015464714939087405,1.368345886193312e-05,3.8548342873211e-05,9.233821070551557e-05,0.0,0.00020965012009686735,8.728726999164458e-05,4.261456743111104e-05,0.0006841236717800491,1.4546366894573292e-05,1.3874175612981444e-05,8.171677934144843e-05,4.6500425224438965e-05,5.6055693879667846e-05,0.0,0.00031820554437428074,4.940431813135657e-05,5.7334962296354163e-05,4.299155940012736e-05,0.0,0.00011652301407885906,3.709577280135168e-05,0.0,0.00012788359884463384,0.0,1.4705850950879582e-05,0.0,0.0002118993847759574,8.332202863013693e-05,0.0,0.0,5.792388935367166e-05,0.0,0.0,0.0,0.0,0.0,0.0,0.0,0.0,0.0,0.0,5.985173479115974e-05,0.0,4.1946064105433135e-05,0.0,0.0,4.6452042896478506e-05,0.0,0.0,4.9392106543543794e-05,0.0002790463132666415,0.0,0.0001300622711123231,5.164481273162551e-05,0.0002889737225108375,4.1758815066865084e-05,0.0,5.071816746740085e-05,0.0,0.0009621625012108017,0.000467989420157801,4.387624975882467e-05,4.1690402652168635e-05,0.0,3.540764509634031e-05,0.00010411293796632642,4.705179476258363e-05,0.000289086188934041,0.0005121109856563021,0.00010284579815589977,0.0,1.4275602895007778e-05,0.00044114456433509236,4.935549469528776e-05,5.799087394259462e-05,7.886059976595122e-05,5.743110524850996e-05,4.494941568526341e-05,0.0,0.0,0.0010218805590744796,9.78116841099547e-05,0.0,0.00018235905782597005,0.0,1.3011617491610314e-05,5.241695229121588e-05,9.078787127069101e-05,0.0,0.0,5.6734971894795054e-05,0.0,6.796017525637408e-05,0.0,0.00012308264167237967,4.727974852146368e-05,5.2578475788768075e-05,2.952836062054154e-05,0.0002780260308372425,0.0,0.0,0.0,0.0,0.0,8.098646862576089e-05,5.731711744409732e-05,7.662442250657689e-05,0.0001255876478997039,0.0,0.00011257895065742342,0.0,1.569123200237203e-05,0.0002738954419563864
29,0.0,0.0,0.0,0.00031753891231816234,0.0,0.0,0.0014501953729370877,0.0,0.0,0.0,0.0004428656380324019,0.0006095463986887235,0.0,0.0,0.001081046336423361,0.0,0.00043292908599522096,0.0005494868912093148,0.0,0.0022540744523560077,0.0,0.0018631181014993835,0.02640472664626174,0.00042464264861356843,0.0012533381598298311,0.002117042745131644,0.00554289836649335,0.0033282263518408547,0.004321919264810499,0.0,0.006401356208125619,0.0015182868535390623,0.006688056298046135,0.00491075768728639,0.0017379720141492108,0.002724809818951572,0.011163460240620099,0.003183718338889409,0.2749448395685344,0.0011576882992385576,0.17385311053571084,0.27520189511620174,0.12099847175370629,0.003396026654357702,0.0,0.0007872767289758509,0.0,0.0,0.0008751613536277627,0.0,0.0,0.0,0.0,0.0,0.0004981660991287492,0.0,0.0,0.0,0.0,0.0,0.0004409122122367007,0.0,0.0,0.0,0.0,0.0011222092826721785,0.0,0.0004121725970934653,0.0,0.0,0.0,0.0,0.0,0.0,0.0,0.0,0.00042471603613330523,0.0,0.0,0.0,0.00042606136983053305,0.0,0.0004456949042970557,0.0003451175129003918,0.0,0.0,0.0,0.0,0.0,0.0,0.0004384655027350434,0.0008291153113889556,0.0,0.00042024489087006653,0.0,0.0,0.0015498079805474588,0.0004384655027350434,0.0013552908157438567,0.0,0.00043080741312811555,0.0,0.0,0.0,5.9098039630882806e-05,0.0,0.0,0.0,0.0,0.0003156381302523097,0.0,0.0,0.00032619142978728614,0.0005376067082053941,0.0008735553336320649,0.00032619142978728614,0.0,0.0,0.0,0.0,0.0,0.0003194790619119306,0.0008677947479733811,0.0,0.00045779068489464487,0.0,0.0007695545877980718,0.0,0.0,0.00048202329168469863,0.0,0.002482130220626302,0.0,0.0,0.0,0.00031564097603955333,0.00042590444736469304,0.001118923503849602,0.0,0.0,0.0004353623127451516,0.0017587238888542847,0.00042923220718218134,0.0002067807075986344,0.0,0.0028200980934776276,0.0,0.0,0.0012962219307313177,0.0007833098867838881,0.0,0.0,0.0,0.0,0.0,0.0,0.0,0.0,0.0,0.0,0.0,0.0,0.0,0.0,0.0,0.002170382726318189,0.0,0.0,0.00043322792412993225,0.00047737931610277807,0.0,0.0,0.0029286670913359052,0.0,0.0030441995749292557,0.00043321876075852684,0.0,0.0003652508415045218,0.000435177201642726,0.0008555294805760402,0.0,0.0,0.00014303926762739775,0.0,0.000443557188195523,0.0,0.0003074061056981258,0.0,0.0,0.001729571187394644,0.0,0.0,0.0,0.00042293351774332246,0.00043581231248397467,0.0,0.0,0.0004156688819481866,0.0,0.0,0.0,0.0,0.0004387124705664788,0.0,0.0,0.0,0.0,0.0,0.00041461024900660835,0.0,0.0,0.0,0.0,0.0,0.0008476642382331607,0.0,0.0,0.0003566860102262606,0.000656431844579061,0.0008526886473015382,0.0,0.0,0.0,0.0004156688819481866,0.0,0.00043080741312811555,0.00042927081915593307,0.0004097612987051457,0.0,0.0008081683075128699,0.0,0.0,0.0008473116945848477,0.0,0.0,0.0008969754135454625,0.0,0.0,0.0,0.0021380644705712333,0.0004628846918897399,0.00044359885389334076,0.0,0.0,0.00043080741312811555,0.0,0.0,0.0003248931786699353,0.0,0.0,0.00043738810100006913,0.0,0.0,0.0,0.0007636224090505732,0.0,0.00042839604444605274,0.00028160809490402586,0.00039299993510030366,0.0012957471368923612,0.0,0.0,0.0,0.0,0.0,0.0001033903537993172,0.0,0.0,0.0,0.0,0.0,0.0,0.0,0.00042606136983053305,0.0003037773852877804,0.0,0.0,0.0,0.0,0.0
30,0.000638514779321459,0.0,0.0006139117857894821,0.0013343682051501166,0.00014530736743059846,0.06507590464155606,0.0,0.0,0.0008445987437340074,0.10834244425589015,0.0,0.0,0.0,0.0,0.0010473265866332352,0.0006168901354474986,0.0,0.004249280713635988,0.0010703656772169932,0.0031217994328264346,0.0001564955357175704,0.0,0.03636972737999664,0.0,0.000641624055085478,0.0032294051306199696,0.0011731380957783293,0.0022815946080645072,0.005063994613862882,0.007987819769964573,0.0,0.004583981354507389,0.0003993200364428843,0.20018963453567143,0.0017809310272232112,0.07327462468678105,0.0006370362222394344,0.003111900950940164,0.041830320113061904,0.001738034290323893,0.017742583428676503,0.020807867618077038,0.0008078759335551794,0.21726537191398995,0.0006056661125768259,0.001992851340858729,0.0006459260522585664,0.0017093247243595954,0.0,0.000980065523980967,0.0,0.0,0.0,0.0,0.0033431241809462734,0.0,0.0,0.00014530736743059846,0.0,0.0,0.0,0.0,0.0006388083757490463,0.0,0.0006219689560013494,0.0004359017614350607,0.0006231905370292129,0.0,0.0,0.0,0.0006280704167055633,0.0,0.0,0.0,0.0004290608224409209,0.0,0.0,0.0006551965755674077,0.00042555550850674934,0.0,0.0006676311059460675,0.0,0.0,0.0,0.00041966622470034103,0.0,0.0,0.0,0.0,0.0,0.0006798185222662561,0.0006942188810383167,0.0,0.0,0.0,0.0,0.0022599698707892637,0.0,0.0,0.0,0.0,0.0,0.00043146695598519794,0.0,0.0,0.0,0.0,0.00014530736743059846,0.0,0.0,0.0,0.0010170781208960781,0.0006333011613976766,0.00014530736743059846,0.0,0.0023657177587235187,0.0,0.0,0.0,0.0,0.0,0.0,0.0,0.0006388170649950142,0.0006465916122974601,0.0018448742731003226,0.0,0.0007413335495758289,0.0,0.0,0.0,0.0006829848421425664,0.0004221861230790203,0.0006504392835302784,0.0,0.001067186865408743,0.0,0.0,0.0,0.0004221861230790203,0.0009215100959259636,0.0016720871046169076,0.0005951978562945153,0.0,0.0,0.00384750974153906,0.0,0.0,0.0002906147348611969,0.0004122435257114178,0.0,0.0,0.0,0.0,0.0,0.0012415114108063354,0.0,0.0,0.0,0.0,0.0,0.0,0.0,0.0008448242086207997,0.0,0.002333000238806953,0.0006950265128791794,0.00015656906515710336,0.0,0.0010129304902677593,0.0,0.00046056018105329247,0.0,0.0008205490161979598,0.003580828826383686,0.0,0.0007049915615921012,0.00082472436432121,0.00014530736743059846,0.0,0.0007019381568904412,0.001876604676884573,0.0,0.0,0.0,0.0,0.0030081390599602893,0.0,0.00014530736743059846,0.0006325620632112474,0.0,0.0,0.000647624604244576,0.0007814535623504943,0.0005994210879450596,0.0007566794408504356,0.0,0.0012930371119844524,0.0,0.0,0.0,0.0,0.0,0.000647624604244576,0.0,0.0,0.0,0.0,0.0,0.0,0.0002906147348611969,0.0,0.0004218530942162176,0.00015409504532540666,0.0,0.0,0.0,0.0011664193364863073,0.0,0.0,0.0,0.000987843056805537,0.0,0.0,0.0,0.0,0.0028371065809126243,0.002256935599053672,0.0,0.0,0.0,0.000601147370788583,0.0009941382010313791,0.0011811199374371886,0.01094531721820756,0.001061174643548529,0.0,0.0006260959176019184,0.0006219128639602409,0.0006495930407293506,0.0,0.0,0.0,0.00016207310021218053,0.0010643131941249645,0.0,0.0,0.0017858368739958803,0.0006056661125768259,0.039199797759378784,0.028851426108677494,0.0,0.0006232080216207698,0.0,0.0008277208864249644,0.001201969819269489,0.0006594389126739106,0.0005671263032379522,0.00277107515206198,0.0015002286144669941,0.001671779045017047,0.0,0.0006388083757490463,0.0,0.0006304714106338904,0.001163906018331242,0.0,0.0,0.0,0.0,0.0,0.0,0.0,0.0,0.0,0.0,0.0009993146572470151,0.0,0.0,0.0
31,0.0005503866589773628,0.0001979871032670631,0.0002113487051604028,6.446100909160749e-05,0.0,0.0,0.11848152868931781,0.0,0.0,0.0,0.035580441170779076,0.0,0.0,0.0,0.0029765007867029103,0.00039548866945136727,0.05436731559599648,0.012087249994995714,0.0005935721841560517,0.002246853454651732,0.00036246131561264047,0.0014854890638246682,0.13193966261028528,0.0,0.20393210102160025,0.006914184751270739,0.06578283844965453,0.014306743930843037,0.20076896318648896,0.0019637922203407467,0.00014242066948551003,0.0,0.05631345182065282,0.00021199892214179977,0.0,0.0002105127712974487,0.0,0.0004410214617773852,0.04068639085945278,0.0020931512232553904,0.0,0.003935686449307297,0.0018777205587502865,0.0,0.0,0.0005629127148414247,0.0,0.0,0.00021199892214179977,0.00020982483978211074,0.0,0.0,0.0,0.00023519469556217254,0.00021343888227634038,0.0,0.0,0.0,0.0,0.0,0.0,0.0,0.000385628089426046,0.0,0.0,0.0006292959357510751,0.00021407994393055253,0.0,0.0,0.0029010599638663757,0.0,0.0,0.0003605306914559975,0.00020442066272205586,0.0008145809377749898,0.0,0.0014705110611805284,0.0,0.0009400677331703935,0.0,0.0,0.00015687951984873384,0.00031075959234311436,0.0004272449161042099,0.0,0.0,0.0,0.0,0.0,0.0,0.0,0.0006339119519299248,0.0,0.0,0.0,0.0,0.0010256672602055148,0.0004273023644397474,0.0,0.0,0.0,0.0002329490743513806,0.0,0.0,0.00021513637198047514,0.00015259393758983825,0.0,0.0006116738630238878,0.0,0.0,0.0,0.0002082523833305789,0.0,0.0,0.0007959630990031359,0.0005095209736912633,0.0,0.00021312210948946526,0.0007616185512569752,0.0,0.0,8.427032356944288e-05,0.0,0.00021158914343297503,0.0,0.0006363338666330145,0.0,0.0,0.0001794696542221531,0.0,0.0,0.00037110099789447085,0.0,0.0,0.0,0.0,0.0,0.0012182964933524767,0.0,0.0,0.0006327797856070916,0.004151654937513461,0.0,0.00021046769210054166,0.0004251032403610434,0.0015865659332589838,0.0002192047908162078,0.0002155300566598174,0.0001524100195377854,0.00010501949593626628,5.6396708225930945e-05,0.0,0.00021527773137258887,0.0001524100195377854,0.0,0.00043263641710814107,0.0,0.0,0.0004133760972308393,0.00019705788867676875,0.00022446936686009084,0.0,0.0005858203702102874,0.0002103153575262252,0.0,0.0013958541796664729,0.0,0.0,0.0,0.00022617782505960065,0.0,0.0002096719655627435,0.0,0.0,0.0007803111273088708,0.0002598224900056698,0.0,0.0002195333855408787,0.0,0.0,0.0,0.0,0.0,0.0001688804904510549,0.0,0.0,0.0,0.0,0.0,0.0,0.0,0.0004311612392482894,0.0,0.0,0.0,0.0,0.0,0.0,0.0,0.0,0.0,0.0,0.0,0.0,0.00020144970398142372,0.0,0.0,0.0,0.00021382681920717903,0.0,0.0,0.0,0.0,0.0,0.0,0.0,0.00020670576426213275,5.227402205300822e-05,0.0,0.0,0.00014995144533462616,0.00026339957425364,0.0,0.0,0.0,0.0,0.0009422561600717475,5.262171398330435e-05,0.0,0.0,0.0,0.00021541724464675682,0.00022799185147100937,0.0,0.00026030770561386924,0.0003851234271446747,0.0,0.0,0.0,0.0006530952852134531,0.0,0.0,0.0,0.0,0.00021434718989328066,0.0,0.0,0.0011252773663053542,0.00014615003643467695,0.0,0.0,0.0,0.0,0.0,0.0001726936969814064,0.0,0.0,0.00020689587844628787,0.0,0.0,0.0001524100195377854,0.0,0.00021151562250231392,0.0,0.00020945403111497245,0.0,0.0,0.0,0.0,0.0,0.0,0.0,0.0,0.0,0.0,0.0,0.0,0.0,0.0,0.0
32,0.0007656595594560596,0.0,0.0,0.0,0.0,0.0013283464334662948,0.0144724280313056,0.0,0.0,0.0007778169293466244,0.0739176547346097,0.0,0.0,0.0,0.0012200450158393104,0.0,0.0038231514668220193,0.005166758850732716,0.0,0.0012850191540529712,0.0007595074814086066,0.0007812770745338962,0.042751622056650083,0.0,0.009961825954097718,0.0015259895130420777,0.015350441830509138,0.003316808520915465,0.017362098025133818,0.01822390545651613,0.0,0.41170410403037455,0.0,0.0005337457425766121,0.0007748763509848169,0.0,0.0,0.0,0.2133169212810386,0.002575067362446613,0.0015228144940256524,0.007881879893853447,0.10316803418322215,0.0,0.0,0.0,0.0,0.0,0.0,0.0007673038647622796,0.0,0.0,0.000772159758622296,0.0,0.0018109655050075175,0.0,0.0,0.0,0.0,0.0,0.0,0.0,0.0,0.0,0.0007475544565841789,0.0,0.0,0.0,0.00076652204574705,0.0004933912727836228,0.0,0.0,0.0,0.0007557186907810545,0.0015159418757270883,0.0,0.0022763059303070347,0.0,0.0007485797727246204,0.0,0.0,0.0,0.0,0.0,0.0,0.0,0.0,0.0,0.0,0.0,0.0015374020427247539,0.0,0.0,0.0,0.0,0.0,0.0,0.0,0.0,0.0,0.0,0.0,0.0,0.0,0.0,0.0,0.0,0.0008580851087137294,0.0007145028993501691,0.0,0.0,0.0,0.0,0.0,0.0,0.0,0.0,0.0,0.0,0.0,0.0,0.0,0.0,0.0,0.0,0.0,0.0,0.0,0.0,0.0,0.0007439319729795074,0.0012944647198271546,0.0,0.0,0.0,0.0006395224429479102,0.0,0.008925734224051459,0.0,0.0,0.0,0.005871264768935961,0.0,0.0,0.0,0.002516205150951874,0.0,0.0,0.0,0.0,0.0,0.0,0.0,0.0,0.0,0.0007073235496938937,0.0,0.0,0.0,0.0,0.0,0.0,0.0,0.0,0.0,0.0014979435550668903,0.0007621200059100258,0.0,0.0,0.0,0.0,0.0,0.0,0.0,0.001029836864114435,0.0,0.0,0.0007546421526626381,0.0,0.0,0.0,0.0,0.0,0.0,0.0,0.0,0.0007286800133033479,0.0,0.0,0.0,0.0,0.0,0.0,0.0,0.0007558249203223665,0.0,0.0,0.0,0.0,0.0,0.0,0.0,0.0,0.0,0.0,0.0,0.0,0.0,0.0,0.0,0.0,0.0,0.0,0.0,0.0,0.0,0.0,0.0,0.0,0.0,0.0,0.0,0.0,0.0,0.0,0.0,0.0005039283687987982,0.0,0.0,0.0,0.0,0.0007653390172896345,0.0,0.0,0.0015372477172416604,0.0,0.0,0.0,0.0,0.0,0.0,0.0,0.0,0.0,0.0,0.0,0.0,0.0,0.0,0.0010354859543533193,0.0,0.0,0.0,0.0,0.0004953712303694185,0.0,0.0,0.0007475535606723547,0.0,0.0,0.0,0.0,0.0,0.0,0.0,0.0,0.0,0.0,0.0,0.0,0.0,0.0,0.0,0.0,0.0,0.0,0.0,0.0006553471597112835,0.0,0.0
33,0.0,0.0,0.0,0.0015198373387973016,0.0,0.0005544001365755379,0.0023317677557783615,0.0,0.0007640027313767351,0.0,0.0007250314088383869,0.0,0.0,0.0,0.00048319089917668833,0.0,0.0007321608102121445,0.004896854647381792,0.0009992613050157572,0.0015442580854921585,0.0,0.0,0.03306002129155656,0.0,0.0013421185078170274,0.006394569185065347,0.0072446168799388195,0.0015550597269247853,0.005297293103110874,0.010514424394220009,0.22446743130649383,0.0,0.0014872038432621722,0.0,0.000774224844395095,0.0035822156507109263,0.09741637407817595,0.0,0.03433455604849001,0.0,0.09398956991843108,0.0280797006207173,0.0031540907825181276,0.09335953319237682,0.0,0.0013603823353608728,0.0,0.0,0.0,0.0,0.0013009591100987658,0.0,0.0,0.0,0.00047576230685171246,0.0007490666753736466,0.0,0.0,0.0,0.0,0.0,0.0007736917464655191,0.0,0.0,0.0,0.0009020320020234087,0.0,0.0,0.0,0.002255772421850482,0.0,0.0,0.0,0.0,0.0015114411905192003,0.0,0.0001911992690684784,0.0007630501614773055,0.0007602078083307953,0.0,0.0,0.0,0.0,0.0015404868779032885,0.0,0.0,0.0007195426648379078,0.0,0.0,0.0,0.0,0.0,0.0,0.0,0.0,0.0005038101488961267,0.0021985742765503235,0.0,0.0005111353641136264,0.0,0.0,0.0007721413985421962,0.0,0.0,0.0,0.0,0.0,0.0015967907487736714,0.0,0.0,0.0,0.0,0.0008894578549134451,0.0007566231619778718,0.0,0.0,0.0,0.0,0.0,0.0,0.0,0.0,0.0,0.0,0.0,0.0,0.0,0.0010289498898883814,0.0,0.0,0.0,0.0015929979081567643,0.0,0.0007882596833039754,0.0,0.0013660874331197293,0.0,0.0,0.0,0.0009912453726008397,0.0011861894899979509,0.0,0.0007643672571537129,0.0,0.0,0.012913417328737029,0.0,0.0,0.0007664352396207576,0.0022875022725684304,0.0,0.0,0.0007463634143020859,0.0,0.0,0.0,0.0,0.0,0.0,0.0006872055205379995,0.0,0.0,0.00292985138868972,0.0,0.0,0.00573605904572215,0.0,0.0009172489949216999,0.0005064191494212933,0.0,0.0,0.0,0.0008559481654671785,0.0,0.005835960195502701,0.0,0.003822376288170486,0.01688505871815655,0.002167202973497837,0.0,0.08852957914356299,0.002094239440800153,0.0,0.0,0.0,0.0,0.027693266180321342,0.0007856957681637796,0.0,0.0013142922797431662,0.0,0.0,0.0,0.05786811039764185,0.0019863156105875703,0.0016561552270063916,0.006570719041945696,0.0,0.0018699815975474238,0.0,0.0007337074312637884,0.0,0.0,0.0,0.0,0.0009232561970035464,0.0,0.0,0.0005016000989404588,0.0007679342654049352,0.0,0.0,0.0,0.0007929471043276976,0.0,0.0007577019541626788,0.0022764208426718944,0.005336001381167332,0.0,0.0,0.0,0.0007496071603780328,0.0015279906456063918,0.0,0.0,0.0007393846956289097,0.003996546461389707,0.0018310279980781258,0.0,0.0014979716461228185,0.0,0.0,0.00047576230685171246,0.0004930693076410235,0.004264622683953501,0.0,0.0008078223212653681,0.0,0.0,0.0012825555506971245,0.001774068073699405,0.0,0.0,0.0,0.0,0.0,0.0,0.002345842191842297,0.0007773236622961417,0.017809853599164534,0.0020123219369168745,0.0,0.0005326437150674756,0.0,0.000759150187752558,0.0,0.0,0.0009190716511522389,0.0007751541075043113,0.0005442466307233682,0.0007643428984814414,0.0007638259034743876,0.000847193673049313,0.0,0.0,0.0007855506109772065,0.0,0.0,0.0,0.0004901884475606351,0.001563040124707973,0.0,0.0,0.0,0.0,0.0,0.0,0.0,0.0,0.000500856099438833
34,0.0,0.0,0.0,0.0,0.0,0.0,0.0,0.0,0.0,0.0,0.0,0.0,0.0,0.0,0.0,0.0,0.0,0.0,0.0,0.0009842959431762288,0.0,0.0,0.007888536784993941,0.0,0.0,0.002935735950464281,0.003034999145272035,0.0,0.0,0.005012741553499228,0.0,0.001033914660694565,0.0,0.003950784182809942,0.0,0.0009965201662920137,0.012923525227282202,0.0,0.007888768310967222,0.0018764835256271147,0.0008387931774804768,0.6560341244535508,0.0009859098553411708,0.0,0.0,0.0010065359084719648,0.0,0.0,0.0,0.0,0.0,0.0,0.0,0.0,0.0009638916468532218,0.0,0.0,0.0,0.0,0.0,0.0,0.0,0.0,0.0,0.0,0.0,0.0009746035873923681,0.0,0.0,0.0,0.0,0.0,0.0,0.0,0.0,0.0,0.00201385152315422,0.0,0.00193934479245835,0.0,0.0,0.0,0.0,0.0,0.0,0.0010388040785159574,0.0,0.0,0.0,0.0,0.0,0.0,0.0,0.001993117712462086,0.0,0.0,0.0,0.0,0.002858502791268938,0.0,0.0,0.0,0.0,0.0,0.0,0.001006378643956812,0.0,0.0,0.0009997467082536436,0.0,0.0,0.0,0.0,0.000994050082049201,0.0,0.0,0.0,0.0010232764929831734,0.0010005586238446308,0.0,0.0,0.0,0.0,0.0,0.0,0.0,0.0,0.0,0.0,0.0,0.0010164186868895284,0.01302324355283996,0.0,0.0,0.0,0.004060785464131438,0.0,0.0,0.00496537892712414,0.0,0.0,0.0031978533790462988,0.0009984786061506873,0.0009842959431762288,0.0,0.008176937898053852,0.0,0.0,0.0,0.14461248064955165,0.0,0.0,0.0,0.0,0.0,0.0,0.0,0.0,0.0,0.0,0.0,0.0,0.0,0.0,0.0,0.0,0.0,0.0,0.0,0.0010036769663019573,0.0,0.0009944819544869111,0.0,0.0,0.0,0.0,0.0010006471976463632,0.013276707256458367,0.0,0.0,0.0,0.0038993329301640635,0.0,0.0,0.0,0.0,0.0009166041692119261,0.0010232788144826574,0.0,0.0,0.0,0.0,0.0,0.005972773038328078,0.0,0.0,0.0010006471976463632,0.0,0.0,0.05527044941295979,0.0010036769663019573,0.0,0.0,0.0,0.0,0.0,0.0,0.0,0.0,0.0,0.0,0.0,0.0,0.0,0.0,0.0,0.0,0.0,0.0,0.0,0.0,0.0,0.0,0.0,0.0,0.0,0.000988205062758457,0.0009638836232967179,0.0,0.0,0.0,0.0,0.0,0.0,0.0,0.0,0.0,0.0,0.0,0.0,0.0,0.0,0.0,0.0,0.0,0.0,0.0,0.003012574364803998,0.0009975156619420789,0.0,0.0,0.0,0.0,0.0,0.0,0.0,0.0,0.0,0.0,0.0,0.0,0.0,0.0,0.0009842959431762288,0.0,0.0,0.0,0.0,0.0,0.0,0.0014578340957009074,0.0,0.0,0.0,0.0,0.0,0.0009997467082536436,0.0,0.0,0.0
35,0.001194900726144644,0.0,0.0,0.0,0.0,0.16455504854857772,0.0,0.0,0.0,0.003153999813419484,0.0,0.0,0.0007300075222930393,0.0,0.000740818525408756,0.0,0.0021779222952963417,0.006759705734218991,0.0038678416415662063,0.0029129574962534826,0.0008048017011396713,0.0,0.03450285750989826,0.0014002071930043281,0.0,0.0033747524303211268,0.005549255565114178,0.0,0.0007235011216973188,0.002694552815259559,0.07079219098988201,0.0007209184656169495,0.0,0.002640163316581665,0.0015460352200933072,0.0,0.0,0.15966674583690496,0.411199693642901,0.018666202866188055,0.023352361147096275,0.004018220970547758,0.0,0.01854373110878301,0.0,0.007243436043462381,0.0,0.0,0.0,0.0,0.0014540972349960366,0.0004964751919588423,0.0,0.0,0.0007796093923908291,0.0,0.0,0.0,0.0,0.0,0.0007007182403201206,0.0,0.0,0.0,0.0,0.0,0.0,0.0,0.0004704270583323928,0.0,0.0,0.0,0.000732993272567024,0.0,0.0008155160604615725,0.0004780855267471033,0.0007749179502371089,0.0,0.0,0.0,0.0,0.0,0.0004964751919588423,0.0012312725347008954,0.0,0.0,0.0,0.0,0.0,0.0,0.0,0.0007185110027189418,0.0,0.0014448481850211433,0.0,0.0,0.0007293113591974534,0.0,0.0,0.0,0.0007621430496769525,0.0,0.0,0.0,0.0,0.0,0.0,0.0,0.0,0.0006715575162906248,0.0,0.0,0.0,0.0,0.0007318989036351579,0.0007038701845347427,0.0,0.0,0.0,0.0,0.0,0.0,0.0007105616504574119,0.0,0.0,0.0,0.0012324639776861766,0.001670658582928093,0.0,0.0,0.0,0.0014001811797686554,0.0,0.0008444916744823179,0.0,0.000713456950365094,0.0,0.0,0.0,0.0,0.0,0.0006945824201331468,0.0,0.0,0.0007185376231708329,0.00017672819685309163,0.0,0.0,0.0,0.0,0.0,0.0,0.0,0.0,0.0,0.0,0.0,0.0,0.0,0.0,0.0,0.0,0.0,0.0,0.0,0.0014026044172462497,0.0,0.0,0.0,0.0,0.0,0.0,0.0,0.0,0.0,0.0,0.0,0.0,0.0,0.00048654010413987276,0.0,0.0,0.0,0.0,0.0,0.0,0.0,0.0,0.0005285546405795387,0.0,0.0,0.0007096962285191083,0.0007518920653404956,0.0009574181003745442,0.0,0.0,0.0,0.0,0.0,0.0,0.0,0.0,0.0,0.0,0.0007241316136243947,0.0,0.0,0.0,0.0,0.0,0.0007343593176309154,0.0,0.0,0.0,0.0,0.0,0.0,0.0,0.0,0.0,0.0,0.0,0.0,0.0,0.0,0.0,0.0007809237076678111,0.0,0.0,0.0,0.0,0.0007285833267797453,0.0,0.0,0.0022085908830946433,0.0007311228456538883,0.0,0.0,0.0,0.0014397636728726126,0.0,0.0,0.0014172125721528801,0.0,0.0,0.0,0.0,0.002928321674378221,0.0,0.0,0.0021813827787623076,0.0,0.0,0.0,0.0007288349821615282,0.0,0.0,0.0007260508182290837,0.0,0.0017810054632091015,0.0,0.0007199617639011824,0.0014458286644207187,0.0,0.0,0.0,0.0,0.0,0.0,0.0,0.0,0.0,0.0,0.0,0.0,0.0,0.0,0.0,0.0,0.0
36,0.00073242866766156,0.0,0.0,0.0,0.0,0.0,0.0,0.0,0.0,0.0,0.0007663156488680197,0.0,0.0005858913884479718,0.0,0.0022121112540318152,0.0,0.0,0.0,0.0,0.0,0.0,0.0,0.011609579637355623,0.0,0.0,0.0,0.0,0.0,0.0007086646783449286,0.02635526584628466,0.0,0.0,0.0014039988132967143,0.13532240823640465,0.007300790355972222,0.0,0.0,0.0007581558929629092,0.0015087189123418276,0.0,0.031213160878645795,0.599802566490164,0.0014076898994261741,0.0007363786385182947,0.0,0.0007155009440248247,0.0,0.0,0.0,0.0,0.0,0.0,0.0,0.0,0.0007354403198800191,0.0,0.0,0.0,0.0,0.0,0.0,0.0,0.0007262655464302401,0.0,0.0,0.0,0.0,0.0,0.0,0.0,0.0,0.0,0.0,0.0,0.0,0.0,0.0,0.0,0.0,0.000738438179240101,0.0,0.0,0.0,0.0,0.0,0.0,0.0,0.0,0.0,0.0,0.0,0.0,0.0,0.0,0.0,0.0014847935627774868,0.000721969533733516,0.0,0.0,0.0,0.0,0.0,0.0,0.0,0.0,0.0,0.0,0.0,0.0,0.0,0.0,0.0,0.0007318532099125198,0.0,0.0,0.0,0.0,0.0006977602909535383,0.0,0.0,0.0,0.0,0.0,0.0,0.0,0.0,0.0,0.0007636808183153521,0.0,0.0,0.0,0.0007060174591129263,0.0,0.0,0.0,0.0,0.0014495194931070635,0.0,0.000756375167522003,0.0007590226943649265,0.0008019804730814038,0.0022276461596030346,0.0,0.0,0.0,0.0007539613767462903,0.0,0.0,0.0014369096427773141,0.0007160916214584588,0.0,0.0,0.000744156050311712,0.0,0.0,0.0,0.0,0.0,0.0,0.0,0.0,0.0,0.0,0.0,0.0,0.0013172405379281232,0.0006680115374882093,0.0007155009440248247,0.0,0.0007208761537523496,0.0,0.0006507453188647788,0.0,0.0,0.0007418567041626958,0.0,0.0006977602909535383,0.1186656782646954,0.0,0.0,0.0,0.0006828164353286502,0.0007539613767462903,0.0,0.0,0.0,0.0,0.0,0.0,0.0029456340108817963,0.0,0.0007201150152556458,0.0007842879191047367,0.018903312236086142,0.0,0.0007575171912103675,0.0,0.0,0.0,0.0007208784635792853,0.0,0.0,0.0,0.0,0.0,0.0,0.0,0.0,0.0,0.0,0.0,0.0,0.0,0.0,0.0,0.0,0.0,0.0,0.0,0.0,0.0,0.000721969533733516,0.0,0.0,0.0,0.0,0.0007414794166045295,0.0,0.0,0.0,0.0,0.0,0.0,0.0,0.0,0.0,0.0,0.0,0.0,0.0,0.0,0.0,0.0,0.0007295673035437061,0.0,0.0,0.0,0.0021951870706125695,0.0,0.0,0.0,0.0007166704856815622,0.0,0.0,0.0014850634969653304,0.0,0.0,0.0007585144490102698,0.0,0.0,0.0014677426740482482,0.0,0.0,0.0,0.0,0.0,0.0,0.0,0.0,0.0,0.0,0.0006461053876576823,0.0,0.0,0.0,0.0,0.0,0.0,0.0,0.0
37,0.0,0.00041634319908627086,0.00041694286924086213,0.0,0.0,0.015489446946801308,0.0003314166632951823,0.0,0.0001087613959284062,0.0012406764704494904,0.0,0.0,0.0,0.0,0.0033057673957743792,0.0008172356099674147,0.003321821499891363,0.05638879310350933,0.20529704656148412,0.012753688356592215,0.0008351268557926025,0.027710267391573264,0.11102915522196534,0.0006863364510716414,0.0,0.00720228191634882,0.01946228211184427,0.002804934451364109,0.007590845260816409,0.0028296920924025916,0.002497585622634811,0.0024778661406852955,0.0012912544862639529,0.0004279797311665871,0.0,0.1432657884756478,0.00042276295334871164,0.0,0.1399769136407329,0.08509745433188758,0.00043219202754497213,0.005196129699909777,0.0,0.0008430436519012678,0.0,0.02813100309455681,0.0008667911415083218,0.0,0.00040254446903665545,0.0007597994976859155,0.0008287676052909348,0.0,0.0,0.0,0.0008347060535237208,0.0,0.0007490445515398999,0.0,0.0,0.0,0.06466016909799359,0.0,0.0,0.0,0.0,0.0,0.0,0.0,0.0,0.00041518700584381314,0.0004225672029699685,0.0,0.0,0.0,0.0003669490173381318,0.0004289378450378093,0.0007787267200652424,0.0,0.0,0.0,0.0016654392226442827,0.0,0.0,0.0,0.0,0.0,0.0,0.0,0.0,0.0,0.0003002406095150467,0.0002932911569774874,0.0,0.00041126914243772944,0.0,0.00040646283920112007,0.0012448617884362992,0.0007920251559017382,0.0,0.0,0.0,0.0013400109942878068,0.0,0.0,0.0004060191889794021,0.0,0.0001114603997565006,0.0,0.00038478680022873335,0.0,0.0,0.00030976132786507464,0.0,0.0008019632844031529,0.0008982911725188763,0.0004169947536644877,0.0,0.0008158242838134988,0.0,0.0,0.0001142913700191389,0.0,0.0004153970297301821,0.0,0.0,0.00029443609175446673,0.0,0.0008236775703651491,0.0004063140610837917,0.0,0.0,0.0,0.0,0.0,0.0004037146612159976,0.0008783086584319653,0.0,0.0,0.0,0.0,0.0,0.0013493073167082819,0.00032281410840094587,0.0,0.0,0.0017151524116451866,0.00031826210576089693,0.0,0.00029733632474851604,0.0003994387079281238,0.0003124649320381863,0.0,0.000273824354140933,0.00042270270528639575,0.0,0.0,0.0,0.0,0.0,0.0,0.0,0.0,0.0004250721524539585,0.0,0.0,0.00145834067048248,0.00041268073858399156,0.00041123595609930273,0.0,0.0,0.00043150901164652923,0.0004392540881624595,0.0,0.0,0.0010404621240269324,0.0,0.0,0.0,0.0,0.00043673208025731057,0.0,0.00043277911639606797,0.0003967235102213826,0.0,0.0,0.000273824354140933,0.0,0.0,0.0,0.0,0.0,0.00044063610721451017,0.00010623010090354542,0.0006593124776678532,0.0,0.0003492472464265417,0.0,0.0,0.0,0.0,0.0,0.0,0.0,0.0,0.0,0.00043485923374161954,0.0,0.0,0.0,0.0,0.0,0.0,0.00042814634841118203,0.0,0.0,0.0,0.00041597861180133616,0.00041571605409088775,0.00041338889684299277,0.0,0.0,0.0,0.00036943531411472695,0.0,0.0,0.0004289378450378093,0.0003384688491690699,0.0004114379684251307,0.0,0.0,0.0,0.00041975380066598835,0.0,0.0,0.0006619590378198539,0.00035524916816782973,0.0,0.00041003886696539904,0.0,0.0,0.0,0.0008374934562711628,0.00041597861180133616,0.0,0.0,0.0,0.0,0.001074508271277536,0.0,0.0,0.0004313066583321828,0.0,0.0,0.0,0.0004665652643831368,0.0,0.0,0.0003492472464265417,0.0,0.00038478680022873335,0.0,0.0,0.0,0.0,0.0,0.0,0.0,0.0006160479179388749,0.0,0.0,0.0,0.0,0.0,0.0,0.0,0.0,0.00041635980566107067,0.0004063140610837917,0.0,0.000424811757454762
38,0.00041091822164539027,0.00023203399614771798,0.0002694212248824139,0.00028339609774657385,0.0,0.002322906680033485,0.0023681217845749427,0.0,0.0002508038858777962,0.0005614462603899419,0.0012931715144816529,0.0008570491881725241,0.00018834419961748404,0.0,0.002462096344942624,0.0002535831220004342,0.032935946491397236,0.015925558448936065,0.003202658748507369,0.005245146621939389,0.0008256814256104296,0.001972383206897043,0.12898246683669348,0.0,0.002631028812632072,0.007977443353933925,0.032673638520060944,0.0043965534091604955,0.01905485980043896,0.13867395653282366,0.015358165067102253,0.0417915313155362,0.03287114768056184,0.005432664931572075,0.0010923895824298839,0.11246018726916664,0.0005548180745994209,0.0696636270114156,0.0,0.13045904959189353,0.03625790817577136,0.039227276250717535,0.007529320964874562,0.004569057917061367,0.0,0.0016286870778203554,0.0,0.0,0.0,0.0005747031409515104,7.573012265744889e-05,0.0,0.0,0.0,0.0012269238122222764,0.0003033691560680017,0.000285696053310321,0.0,0.0,0.0,0.0019347293403731616,0.0005083919696168638,0.0,0.0,0.0,0.001538760377467728,0.0007900991849922031,0.0,0.00028379261694848936,0.002054464029977165,0.0006322647925997383,0.0,0.00021453065504556474,0.00029931931072269403,0.0011765524013267084,0.0002777946713851224,0.002218417381106617,0.0,0.0,0.00048080461155249917,0.0,0.0,0.00029775576855844846,0.00021897161701501838,0.0,0.0,0.0,0.0,0.0,8.229145770758566e-05,0.0005667552280683282,0.0009538868015861734,0.0,0.00021513138535400882,0.0006954467441621827,0.0002859779564727861,0.0010304373520170014,0.0,0.00027414317539333963,0.0,0.00037206728588255836,0.0,0.0009055138657733687,0.0005539233202924469,0.0003684273721176833,0.0001359273202384005,0.0,0.00021453065504556474,0.00019096767833791237,0.0007813797336842886,0.0,0.00027101878130609435,0.0003255215643123317,0.0005342622400824844,0.0,0.0,0.0,0.0,0.0004560744356718558,0.0,0.0,0.0003397643629592138,0.00028062966266429856,6.675576305636101e-05,0.0,0.0005060761937544509,0.000575758342980514,0.0013881178552829676,0.0005209648118916803,0.00019799695018267625,0.0004291124067482416,0.0016729474653145165,0.00027952372847734756,0.0,0.00021728117153790212,0.00029014866366168686,0.0006391830171691358,0.0005683294451787486,0.0007706656808262379,0.0003203388850567952,0.0008715288927524022,0.0027367488454076183,0.0006201549731116783,0.0,0.0,0.005840181515336649,0.0,0.0002916628686887508,0.0007067332034668809,0.0005584474018642618,0.0,0.00037822555549256047,0.0004018371839425599,0.0,0.0,0.0002790528990591783,0.0,0.00044964094889224463,0.0,0.00020277401836796578,0.0002859575668353108,0.00041264780680846475,0.00028527262631475325,0.0004439202635873947,0.0,0.003250279824245722,0.00026418458635940915,0.001779625363835447,0.0013946851338267746,0.00041010449136334026,0.0008334705841048298,0.000261159486597184,0.0005459513397126185,0.0002859350669294306,0.003480031041279463,0.0005393069391874801,0.00023341195988945632,0.0002496299598109196,0.000573592552559972,0.0,0.0,0.0005492466124475893,0.0,0.0,0.0,0.0,0.0012541066945744223,0.0001973394396879199,0.00028830546727544613,0.0018174811316978008,0.0,0.0,0.0,0.0013054220108641905,0.0009748061391413282,0.0,0.0,0.00020779983341633144,0.0,0.0,0.0002527789711861076,0.0001837633210776124,0.0,0.0008764508268809351,0.00046161395004238546,9.353698027521351e-05,0.0,0.0,0.0,0.0,0.0004740401681012488,0.0002816845557209836,0.00014588170331066074,7.573012265744889e-05,0.0,0.0,0.00020046497241475654,0.0006230204669858149,0.0,0.0005542239868379186,0.0,6.675576305636101e-05,0.0002837363528453071,0.00026698187013452835,0.00027916823615254185,0.0,0.001796419985672922,0.0006327014797102861,0.0,0.0006019933945538567,0.00021897161701501838,0.0004988809971056491,0.0,0.0007366114906098183,0.003046910075553805,0.0008432378359221967,0.0,0.0,0.0,0.0006409128858290823,0.00029096560478163977,0.0005628338322102482,0.0005588036330186707,0.0,0.0,0.0,0.0,0.002833973808922269,0.000303304414762126,0.0005949672834508768,0.0001957880514201178,0.0,0.0,0.0,0.0002669756803303598,9.353698027521351e-05,0.00022796199794879863,0.0,0.0007163956585068201,7.36975622769334e-05,0.0002809781394441977,0.0,0.0,0.0,0.00028673252068674285,0.0010905203148777209,0.0,5.6794278083904955e-05,0.0,0.00019530720421319454,0.0,0.00027057076085643757,0.0,0.0008153578251599752,0.0003432188709401995,0.0,0.000706384703602525,0.0,0.0,0.0008210012216294697
39,0.0,0.0,0.0,0.0,0.0,0.0004619134287936313,0.0,0.0,0.0,0.0,0.0,0.0,0.00044690867429535776,0.0,0.0019692668931781177,0.00043047527313740656,0.1302942956738735,0.13830854698911835,0.06750626021442696,0.004617347257061592,0.0,0.016207163843109103,0.08525794467216324,0.0014108058874715834,0.0018328074001494347,0.004670675637109661,0.07923062886604533,0.001855635098804645,0.010243743164095778,0.0013390690046582417,0.0004193324494563954,0.009720709405812997,0.0022753837474219323,0.0009058842217173932,0.0,0.007906672994203156,0.0,0.062498414157511326,0.34645612662392733,0.0,0.0004590677198857411,0.004230324667898176,0.0,0.0004583265838270273,0.0,0.0014296501161897423,0.00043009099526465373,0.0,0.0,0.0,0.0,0.0,0.0,0.0,0.0,0.0,0.0,0.0,0.0,0.0,0.0009150988412404964,0.0,0.0,0.0,0.0,0.0,0.0,0.0,0.0,0.0,0.0,0.0,0.0,0.0,0.0,0.0,0.0,0.0,0.0,0.0,0.0,0.00047001323347923586,0.0,0.0,0.00044607905704534213,0.0,0.0,0.0,0.0,0.0,0.0,0.0,0.0,0.0,0.0,0.0,0.0004788455272786074,0.0,0.0,0.0,0.0,0.0,0.0,0.0,0.0008907655340341297,0.0,0.0,0.0,0.0004259565707738742,0.0,0.00046807789547480765,0.00046697350552884223,0.00046697350552884223,0.0,0.0004767762459170655,0.0004692890815902739,0.0,0.0004619134287936313,0.0,0.0,0.0,0.0,0.0,0.0,0.0,0.0004788455272786074,0.0,0.00048000390966406283,0.0,0.0,0.0,0.0,0.00046231141807856355,0.0,0.0,0.0,0.0,0.0,0.0004736332025937339,0.0,0.0,0.0004664539637561849,0.0,0.0,0.0,0.0008694230776326175,0.0,0.0,0.0,0.0,0.0,0.0,0.0,0.0,0.0004736332025937339,0.0,0.0,0.0,0.0,0.0,0.0,0.0,0.0,0.0,0.0,0.0004622215854820115,0.0,0.0,0.0,0.0,0.0,0.0004639163845034043,0.0,0.0,0.0,0.0,0.00047899227925288755,0.0,0.0,0.0,0.0,0.00045444581279105163,0.0,0.0,0.0,0.0,0.0,0.0,0.0,0.0,0.0,0.0,0.0,0.000450143915477194,0.0,0.0,0.0,0.0,0.0,0.0,0.0,0.0,0.000502378133162199,0.0,0.0,0.0,0.0,0.0,0.0,0.0,0.0,0.0,0.0,0.0,0.0,0.0,0.0,0.000455990701055034,0.0,0.0,0.0,0.0,0.0,0.0,0.0,0.0,0.00047189624954412475,0.0,0.0,0.0,0.0,0.0,0.0,0.0,0.0,0.0004599978577017742,0.0,0.0,0.0,0.0,0.0,0.0010290870510685785,0.00045247906639554807,0.00044690867429535776,0.0,0.0,0.0,0.0004570039003802477,0.0,0.0,0.0,0.0,0.0,0.0,0.0,0.0,0.0,0.0,0.0,0.0,0.0,0.0,0.0,0.0,0.0,0.0,0.0,0.0,0.0,0.0,0.0,0.0,0.0,0.0,0.0,0.0,0.0,0.0,0.0,0.0
40,0.0,0.0,0.0,0.0,0.0,0.0005519649301381859,0.0,0.0,0.0,0.0016325448642944425,0.0,0.0,0.0,0.0,0.0,0.0,0.0017370942033252486,0.0014945730777515107,0.00037262811606339437,0.0009912433181374762,0.0,0.0,0.01776805683893672,0.0,0.0005316991952150404,0.0009367011355010305,0.00396046299945031,0.0014408287564199828,0.006279672939419135,0.3757265088787568,0.04312419269846141,0.001597830406522391,0.0005489400858477235,0.06229800932263013,0.0010859392405704155,0.019919301743484084,0.013820599750327641,0.0021188881311447086,0.27144266060995365,0.0,0.0,0.047171913667747756,0.005922911026619876,0.08700164118399205,0.0,0.0014167438619021359,0.0,0.0,0.0,0.0,0.0,0.001104297879156105,0.0,0.0,0.0003967964172190964,0.0,0.0,0.0,0.0,0.0,0.0,0.000452161235098536,0.0,0.00013066457669212042,0.0,0.00013004901098254116,0.0,0.0,0.0,0.0,0.0,0.0,0.0,0.0,0.0005150707224783973,0.0,0.0,0.0,0.0,0.0,0.0,0.0,0.0005006704330026071,0.0,0.0,0.00053386846894463,0.0,0.0,0.0,0.0,0.0,0.0,0.0,0.0,0.0,0.0,0.0,0.0,0.0,0.0,0.0,0.0,0.0,0.0,0.0,0.0,0.0,0.0,0.0,0.0,0.0,0.0,0.0,0.0,0.0,0.0,0.0,0.0,0.0,0.0,0.0,0.0005448895824310619,0.0,0.0,0.0,0.0,0.0005726205195651909,0.0,0.0,0.0,0.0,0.0015103487511674354,0.0,0.0,0.0,0.0,0.0005350328159466,0.0,0.0,0.0,0.0010567962082246565,0.0,0.0,0.0,0.0,0.0014248187770225587,0.0,0.0014600920625784902,0.0005448895824310619,0.000520965726772938,0.0,0.0,0.0,0.0,0.0,0.0,0.0,0.0,0.0,0.0,0.0,0.0,0.00013962618094968816,0.0,0.0,0.001575951243502426,0.0,0.0,0.0,0.0010763164001702926,0.0,0.0,0.00010774249452324477,0.0,0.0,0.0,0.0,0.0,0.0,0.0,0.0010715497500315546,0.0,0.0,0.0,0.0,0.0004994338026409152,0.0015722114615185432,0.0,0.0,0.0004554014409753406,0.0,0.0005624516256305254,0.0,0.0005234918917242789,0.0,0.0,0.0,0.0,0.0005454210879060755,0.0,0.0,0.0,0.0,0.0,0.0,0.0,0.0,0.0,0.0,0.0,0.0,0.0,0.0,0.0,0.0,0.0,0.0,0.0010504290629003692,0.0,0.0,0.0,0.0,0.0,0.0,0.0,0.0,0.0,0.0005113636190424861,0.0,0.0,0.0,0.0,0.0,0.0,0.0,0.0010797811245220814,0.0,0.0,0.0,0.0005321575127683182,0.0,0.0,0.0,0.0,0.0,0.0,0.0,0.0006086796024251568,0.0,0.0004907010082485011,0.0,0.0,0.0,0.0,0.0,0.0010547132092781485,0.0,0.0,0.0005384064814822693,0.0,0.0,0.0,0.0,0.0,0.0,0.0,0.0005055890140781834,0.0,0.0,0.0,0.0,0.0,0.0,0.0,0.0004004936494363568,0.0,0.0,0.0,0.0,0.002270504583918021
41,0.0015671785902933006,0.0,0.0010039489411910194,0.0004156175759031012,0.0,0.0013466789297834538,0.000942953505065098,0.0,0.0005243311612154583,0.0008942883530111111,0.0009434705516894059,0.00038013798745110033,0.0,0.0,0.0014928834565834776,0.0,0.0008951791834742193,0.0027330737418792476,0.00024536208624772077,0.005227371623166412,0.00033005419041490187,0.0013690225598305533,0.08175738667796695,0.0,0.0,0.0094244987859608,0.0067157492862077095,0.004344284203695698,0.008116573528123472,0.16436541284699313,0.010606643006565932,0.005708646271683601,0.0025397686729027136,0.008885980482848036,0.1527902028616715,0.0009353748237051966,0.12849666967766046,0.0022805007710976037,0.05121330806815295,0.00042092833897470485,0.016945185810107163,0.0,0.046258824884509255,0.002311908626022196,0.0002472293997860692,0.00024711395497039516,0.0,0.0,0.00101784860321987,0.0002422444424948631,0.00046649559398341035,0.00024896234548130766,0.0,0.00024102016816248127,0.00151693883251205,5.47532612527422e-05,0.0,0.0,0.00026084363342181144,0.0,0.0005320155122997738,0.00048208264813142494,0.0004257927192859061,0.0,0.0,0.0033259212354818588,0.0010024265789713796,0.0,0.00025324095642610374,0.000296827375316737,0.0007389247414320998,0.0,0.0,0.0,0.0009649844152579687,0.00025320838674971823,0.001575807145804024,0.00022123198591904764,0.003943707796502588,0.0004968497844970583,0.0,0.0,0.00022409913555264632,0.00038160810030898705,0.0,0.0004375761299662127,0.0,0.0,0.0,0.0,0.0,0.0008716452555760768,0.0002456427682861468,0.0,0.00022095480253563887,0.00025904303664726046,0.0019001397240161798,0.0002381230464006983,0.00023956717255870904,0.0,0.0,0.000725018274491259,0.0,0.0009108241221136165,0.000492712829568443,0.00034965791622315324,0.0002462289626255608,0.00021247947795047112,0.0004168458434848184,0.0,0.0,0.0005298035190909082,0.0001789335079327661,0.00013697369720246992,0.0009979713023840256,0.00047066015176078354,0.0,7.201170449996772e-05,0.0,0.0,0.0,0.0005511902094075743,0.0002128819340973208,0.0007377491655540103,0.0,0.0014845242869264174,0.0002509758790041824,7.201170449996772e-05,0.0,0.0006900195605251995,0.0009579452712239615,0.011777201084828007,0.0009180280435129878,0.00097807688321896,0.00046616730903602466,0.0015419671332160254,0.000904775997286113,0.0053294562755275875,0.011945832170519104,0.000533342570471365,0.0012095814957311676,0.041184826988466455,0.0015975043280886938,6.467355127916169e-05,0.0010069259919076039,0.010282486528781215,5.9446142542560274e-05,0.0022582059859654687,0.0012133469234064814,0.011119029830100404,0.0002730750997154739,0.0,0.0018895431849132779,0.0,0.0,0.00080269378597767,0.0002339397217193132,0.0,0.0,0.0006571077890562973,0.0,0.0002518982253363894,0.00049573307358196,0.0003549217478247148,0.0,0.005698163200130376,0.0004691228426208732,0.0003148169360614359,0.0011623055924690302,0.0007325863894694088,0.0004046944833971821,0.001002831418363263,0.001202273206510717,0.0,0.00872495558279726,0.0011176154769022184,0.0005529273773353048,0.03925307068662871,0.0013416707133391307,0.00019836342888593784,0.0002413023129842338,0.0014174505388429483,0.0010111623894637446,0.0,0.0,0.0002500903052958133,0.0006658758899783646,0.00021719239804094098,0.0007455994736038008,0.0037220869265476783,0.0,0.000310875895699741,0.0,0.01960022006754063,0.0010302949340507605,0.00024131615701357458,0.0006237412311908021,0.0,0.0,0.0064174927015674685,0.0,0.0,0.0,0.0005186176358557256,0.0,0.0,0.0003265630610730415,0.0,0.0,0.0,0.0,0.00026490784669232063,0.00022526183136318309,0.0,0.0,0.0,0.0,0.000571525350531825,0.0006583752247422776,0.0017056106844454899,6.275953408080081e-05,0.0016668875491275836,0.0,0.00025091362956647465,0.0,0.0010693687837912398,0.0037660730081737937,0.0009587793686658306,0.0,6.166538556608931e-05,0.0,0.00021665920705648663,0.0002609209090896422,0.0006750606532699164,0.0015253350926179498,0.0007434037162421252,0.0,0.0,0.00022526183136318309,0.0015595519448030242,0.0005982993116773878,0.0,0.0007872894238647408,6.114018721759947e-05,0.00045299774195193274,0.0004418265573395451,0.000244560459389739,0.004702130736965189,0.0005710281997619279,0.0007454077092101169,0.00027110772619896194,0.00026291932012088604,0.00019029017981063244,0.00022838499323418968,0.0008459236796203838,0.0,0.0,0.00025182923982877204,0.00021665920705648663,0.0010131075432844186,0.0006395897383949787,0.00043497494930143463,0.000433703902274302,0.0,0.0,0.0002698486356443441,6.189643894866888e-05,0.0,0.0,0.0,0.0,0.00032733130682474507,0.00025430139859362985,0.00045737828979326413,0.0,0.0,0.0002065806277902126,0.0,0.00024483688789923093,0.0002495768693177475
42,0.0,0.0,0.0,0.0,0.0,0.0,0.0,0.0008807384974782343,0.0,0.000858428370271312,0.0037415285790226606,0.0,0.0,0.0,0.0,0.0,0.0,0.003295512851485175,0.0,0.0020834868118093154,0.0,0.0009051366024311932,0.05413351701251687,0.0,0.0,0.0,0.0035778212416241483,0.0017327119193275952,0.0038536768858918715,0.36442162524824423,0.0015859317543494673,0.013418764531880883,0.10480744337343766,0.000923625660862083,0.0009430372851272479,0.0015371246947736253,0.0008546132187845885,0.0008788669107066404,0.06063776982450907,0.0,0.0076482540506991265,0.19816218420846035,0.0,0.0008967996043727141,0.0,0.0008903984595019863,0.0,0.0,0.0008272921804562038,0.0,0.0,0.0,0.0,0.0,0.0009131084786562494,0.0,0.0,0.0,0.0,0.0,0.0,0.0,0.0008635284688595313,0.0,0.0,0.0009139647121979208,0.0,0.0,0.0,0.0,0.0,0.0,0.0,0.0,0.0,0.0005901261507829142,0.0023340160027765823,0.0,0.0,0.0,0.0,0.0,0.0,0.0,0.0,0.0,0.0,0.0,0.0,0.0,0.0009705951446678353,0.0,0.0,0.0,0.0,0.0,0.0,0.0,0.0,0.0,0.0008682480046690748,0.0,0.0,0.0,0.0007750248694062194,0.0,0.0017949393329440714,0.0,0.0,0.0,0.0,0.0,0.0,0.0,0.0,0.0008440098661338398,0.0,0.0,0.0,0.0,0.0,0.0,0.0,0.000854375597738848,0.0,0.0,0.0,0.0,0.0,0.002408069544796335,0.0007395682244028625,0.0,0.0008850990339962763,0.0,0.0,0.0,0.0,0.10754374340071998,0.0,0.0,0.0,0.018998935029928124,0.0,0.0,0.0,0.0008496632313212154,0.0009012879028338,0.0017971266401575893,0.0,0.0,0.0,0.0,0.0,0.0,0.0,0.0,0.0,0.0,0.0,0.0009055117613137978,0.0,0.0,0.0,0.0,0.0,0.0,0.0,0.0,0.0,0.0,0.0,0.0014955155929517318,0.0,0.0,0.0008654591487288005,0.0,0.0,0.0,0.0008823456564149844,0.0,0.0,0.0008745401748451114,0.0,0.0,0.0,0.0,0.0,0.0,0.0,0.0,0.0,0.0,0.0,0.0,0.0,0.0,0.0,0.0,0.0,0.0,0.0,0.0,0.0,0.0,0.0,0.0,0.0,0.0005874158814885701,0.0,0.0,0.0,0.0,0.0,0.0,0.0,0.0,0.0,0.0008698617482981082,0.0,0.0,0.0,0.0,0.0,0.0,0.0,0.0,0.001790497936303162,0.0,0.0,0.0,0.0,0.0,0.0,0.0008471925930389674,0.0,0.00371944323489825,0.0,0.0,0.0,0.0018944254780822846,0.0,0.0,0.0,0.0,0.0009408572688059618,0.0,0.0,0.0,0.0,0.0,0.0,0.0,0.0,0.0,0.0007750248694062194,0.0,0.0,0.0,0.0,0.0,0.0009337744540155376,0.0,0.0,0.0,0.0,0.0,0.0,0.0,0.0,0.0,0.0,0.0,0.0,0.0,0.0,0.000902588795722422,0.000902588795722422,0.0,0.0,0.001471237194950314
43,0.0006480132402192466,0.0,0.0,0.0,0.0,0.008518760780514213,0.0,0.0,0.0009353175341588984,0.0011854237961863513,0.0,0.0,0.0,0.0,0.0,0.0,0.0,0.0006043936532144084,0.0009393687571803838,0.0015505144307948054,0.0,0.001235664326438917,0.021364347536176543,0.0,0.0,0.0006417975205278245,0.004042108791934922,0.0015718836946902366,0.0031227726871916744,0.008103912023634125,0.5258332762786265,0.0015825544963568993,0.0,0.14087606279846457,0.0,0.03000886487650707,0.0009343170954770642,0.0012799846515526888,0.03739240687967772,0.0,0.15764611058451136,0.0152497996336957,0.0009164660158375616,0.0,0.0,0.0,0.0,0.0,0.0,0.0,0.0,0.0,0.0,0.0,0.0009625494441045871,0.0,0.0,0.0,0.0,0.0,0.0,0.0,0.0,0.0009366874349138069,0.0,0.0,0.0,0.0,0.0,0.0,0.0,0.0,0.0,0.0,0.0005959789374321133,0.0,0.0,0.0,0.0,0.0,0.0,0.0,0.0,0.0,0.0,0.0,0.0,0.0,0.0,0.0,0.0,0.0004983244784893089,0.0,0.0,0.0,0.0,0.0,0.0,0.0008709402831497967,0.0,0.0,0.0,0.0,0.0,0.0,0.0,0.0,0.0005847576128443433,0.0,0.0,0.0,0.0,0.0,0.0,0.0,0.0,0.0,0.0,0.0,0.0,0.0,0.0,0.0,0.0,0.0,0.0,0.0,0.0009293233835120427,0.0,0.0,0.0,0.0,0.0,0.0,0.0,0.0,0.0,0.0,0.0,0.0,0.0,0.002513213521159808,0.0,0.0009449236440232114,0.0,0.0017864214220851206,0.0,0.0,0.0009625494441045871,0.0,0.0,0.0,0.0,0.0,0.0,0.0,0.0,0.0,0.0,0.0,0.0,0.0,0.0,0.000890621582987687,0.0,0.0,0.0,0.0,0.0,0.0,0.0,0.00047648279003306655,0.0,0.0,0.000890621582987687,0.0,0.0,0.0,0.0,0.0,0.0009779193424351942,0.0008790450007803955,0.0,0.0,0.0,0.0,0.0015359415867678976,0.0,0.0,0.0,0.0,0.0,0.0007880498830048949,0.0005766162813008203,0.0,0.0,0.0,0.0,0.0,0.0,0.0006720371483212294,0.0,0.0,0.0,0.0,0.0,0.0,0.0,0.0,0.0,0.0,0.0,0.0,0.0006017825945026652,0.0,0.0,0.0,0.0009290096218776791,0.0,0.0,0.0,0.0005934042313803172,0.0,0.0,0.0,0.0,0.0025460155483224426,0.0,0.0,0.0,0.0,0.0,0.0,0.0,0.0017812861722212563,0.0006530246008856637,0.0,0.0,0.0,0.0009157255835058167,0.0,0.0,0.0,0.0,0.0,0.0,0.0,0.0015376484254179617,0.0,0.00023037027912144097,0.0,0.0,0.0,0.0,0.000951681864873386,0.0,0.0,0.0,0.0,0.0,0.0,0.0,0.0,0.0,0.0,0.0,0.0,0.0,0.0,0.0,0.0013049372251912562,0.0,0.0,0.001873207100322517,0.0006247798643701953,0.0,0.0,0.0,0.0,0.0
44,0.0,0.0,0.0,0.0,0.0,0.0,0.0,0.0,0.017084739159084972,0.030780126005493697,0.0,0.0,0.0,0.0,0.0024749076879525445,0.0,0.0,0.0013520353665837917,0.0013435944013999587,0.0035785390762191945,0.0,0.0,0.0072344421006250645,0.0,0.0,0.0,0.0024969923962703234,0.0,0.0024217579774913505,0.0,0.0009940480516377017,0.0,0.0,0.0,0.0,0.0,0.0,0.0,0.0,0.0,0.0,0.0011579858517881353,0.0,0.0,0.0,0.0027587541134023964,0.04538178555351411,0.15566602416787045,0.0,0.002318676201759706,0.24191484102652783,0.03428869233347771,0.03560814837917176,0.3064438470660961,0.053876546998464066,0.0028720695276557026,0.006150696441341451,0.0013229432245156093,0.0,0.0,0.0012256947083506494,0.0,0.0,0.0,0.0,0.0,0.0,0.0,0.0,0.001349221271052913,0.0,0.0,0.0,0.0,0.0,0.0,0.0,0.0,0.0,0.0,0.0,0.0,0.0,0.0,0.0,0.0,0.0,0.0,0.0,0.0,0.0,0.0,0.0,0.0,0.0,0.0,0.0,0.001145854112902711,0.0,0.0,0.0,0.0,0.0,0.0,0.0,0.0,0.0,0.0,0.0,0.0024504575063230677,0.0,0.0,0.0,0.0,0.0,0.0,0.0,0.0,0.0,0.0,0.0017819717117043665,0.0,0.0,0.0,0.0,0.0,0.0,0.0,0.0,0.0,0.0,0.0,0.0,0.0,0.0,0.0,0.0,0.0,0.0,0.0,0.0,0.0,0.0,0.0,0.0,0.0,0.0,0.0,0.001145854112902711,0.0,0.0,0.0,0.0,0.0,0.0,0.0,0.0,0.0,0.0,0.0,0.0,0.0,0.0,0.0,0.0,0.0,0.0,0.0,0.0,0.0,0.0,0.0010270527725338436,0.0,0.0,0.0,0.0,0.0,0.0,0.0,0.0,0.0,0.0,0.0,0.0,0.0,0.0,0.0012518633205684793,0.0,0.0,0.0,0.0,0.0,0.0,0.0,0.0,0.0012131571747907158,0.0,0.0,0.0,0.0,0.0,0.0,0.0,0.0,0.0,0.0,0.0,0.0016305677967512046,0.0,0.0,0.0,0.0,0.0,0.0,0.0,0.0,0.0,0.0,0.0,0.0,0.0,0.0,0.0,0.0,0.0,0.0,0.0,0.000988394421705581,0.0,0.0,0.0,0.0024591428069457694,0.0,0.0011651697161126743,0.0,0.0018191789811000264,0.0,0.0,0.0,0.0012604287859555305,0.0,0.0,0.0012320009019288303,0.0,0.0,0.0008901003535284495,0.0,0.0052661768068720605,0.0,0.0,0.0021201243814874863,0.0,0.00030620423823071285,0.0,0.0031858508147828133,0.0,0.0013435944013999587,0.0,0.0,0.0,0.0,0.0,0.0,0.0,0.0,0.0,0.0,0.0,0.0,0.0,0.0,0.0,0.0,0.0009940480516377017,0.0,0.000988394421705581,0.001204037750415321,0.0,0.0,0.0010332655699670905
45,0.0,0.0,0.0,0.0,0.0009501340622194902,0.11220597990005646,0.0,0.0,0.0006582972567232815,0.007228492293183397,0.0,0.0,0.0,0.0,0.002150334041825475,0.0,0.001326041487297307,0.017538480764284627,0.013427667434292254,0.005330670637489547,0.0010687965198449025,0.0048536216950184575,0.07769703536255428,0.000681518902670761,0.0,0.004433739117144944,0.009053407545646904,0.003004042938699643,0.006907325802113478,0.00046747840903961675,0.0,0.001877240765324721,0.0,0.0,0.0,0.004862346803562966,0.0,0.044918405148924874,0.009161036165631565,0.00012647168726422,0.0020104067171839123,0.0019427208485866404,0.0006551432554145478,0.0006482337063000171,0.0012975426424314033,0.0,0.1299883751175777,0.002760402057516944,0.0,0.0006917641387853369,0.0032702111978943796,0.0,0.037401419004088804,0.0005092207452428071,0.034301922719963865,0.0006325954563584398,0.0027033225627437533,0.000640793783877139,0.0013501026529081372,0.0,0.28648929352830965,0.0,0.0,0.0,0.0,0.00016374008556189982,0.0,0.0,0.0,0.0006447260655180502,0.0,0.0,0.0,0.0,0.0,0.0,0.0019815720079815985,0.0,0.0,0.0006551432554145478,0.0006887742394081157,0.0,0.0006778866834040776,0.0,0.0,0.0007661795885453075,0.0,0.0,0.0,0.0,0.0,0.0018428375046410281,0.0,0.0,0.0006495642199982117,0.0007026047496975059,0.002504630497501655,0.0,0.0013575985083465914,0.0,0.0006325954563584398,0.001306060089060758,0.0,0.0,0.0,0.0007242553609707007,0.0030466505118093346,0.000677823781772104,0.0013328200614736048,0.0012839001365892667,0.0,0.0,0.0007313026796785476,0.0011264498950890691,0.0020377965732281617,0.001275997545350125,0.0010461370214502582,0.0017307551074494298,0.0,0.0007708070406153438,0.0,0.0,0.0,0.0006678950965343828,0.0,0.004214856477943788,0.0007348322553125404,0.0665443118046186,0.0,0.000626522986439109,0.0,0.0006701128220812152,0.0,0.0,0.0012095945057357335,0.00044290317694110025,0.0006229072577334707,0.0,0.0,0.0006482405991935628,0.0,0.000628529716392345,0.0008948022137610494,0.0,0.0,0.002485163254823613,0.0,0.0006327754994376393,0.0,0.0,0.0,0.0,0.0006560482995109976,0.0,0.0,0.0,0.0,0.0,0.0,0.0,0.0,0.0,0.0,0.0006459285925411077,0.0,0.0018973638765872123,0.0,0.000638726782683234,0.0,0.0,0.0006175864856394369,0.0,0.0,0.0,0.0,0.0,0.0006538779621650765,0.0006885336724689372,0.0,0.0,0.0,0.0006519365160396684,0.0,0.0,0.0,0.0,0.0001559730987587267,0.0,0.0,0.001299336953800719,0.0,0.0,0.0,0.000586497420677395,0.0,0.0,0.0,0.0,0.0,0.0,0.0,0.0004708149563851012,0.0,0.000626522986439109,0.0,0.0,0.0,0.00035971775368669916,0.0,0.0,0.0,0.0,0.0,0.0,0.0,0.0006551432554145478,0.0,0.0,0.000681518902670761,0.0,0.0,0.0,0.0,0.0,0.0004287250793842943,0.0007156511761155185,0.0006465464277694536,0.0019168785038728862,0.0,0.0,0.0,0.001098568088229312,0.000634521902218003,0.0005345783924247804,0.0020784190818189455,0.003678942083386553,0.0,0.0004521550313984718,0.0,0.0005263374198752688,0.0017386064796895459,0.0,0.0011153990991396843,0.0,0.0020014953715909454,0.0006751713871265444,0.0,0.00577775500117245,0.00033135579218817706,0.0,0.0012254301927031096,0.0,0.0006801572394408372,0.0,0.003184308625515919,0.0,0.0006459285925411077,0.0011955456329180328,0.0,0.0024425648247746656,0.0013256999324401607,0.0,0.0023576583096561916,0.0,0.0,0.0,0.0,0.0013250464076705176,0.0,0.0,0.0,0.0,0.0,0.0,0.0006887742394081157,0.0,0.0006881609602033111,0.0,0.0,0.0
46,0.0,0.0,0.0,0.0011190714916001405,0.0,0.19889962455867688,0.0,0.0,0.004538570125824666,0.10258483975938736,0.0,0.0,0.0,0.0,0.0,0.0,0.0,0.0011122487604569038,0.0023100290337396776,0.003338161341937277,0.0,0.0012127266386143065,0.03560129247270939,0.0,0.0,0.005265735311281092,0.006829445255939456,0.002134921201228277,0.0021903752656995904,0.0011647710875992172,0.0,0.0,0.0,0.0,0.0,0.0,0.0,0.0,0.0010820602325334837,0.0,0.00222795647259802,0.003360656610567156,0.0,0.0,0.03185864723354567,0.29172298846605166,0.0,0.004417508712965462,0.0010743737205379884,0.0,0.006617339140967198,0.0011568210063556445,0.1860541063466928,0.004443039795902,0.02703627911199293,0.0,0.0,0.0,0.0,0.0,0.008797678137643032,0.0,0.0,0.0,0.0,0.0010119101321346164,0.0,0.0,0.0,0.0,0.0,0.0,0.0,0.0,0.0,0.0,0.0011305041708325307,0.0,0.0,0.0,0.0,0.0,0.0,0.0,0.0,0.0,0.0,0.0,0.0,0.0,0.002229829263028924,0.0011205404825340324,0.0,0.0,0.0,0.0,0.0,0.0,0.0,0.0,0.0,0.0,0.0,0.0,0.0,0.0,0.002318392338388471,0.0012211628516541136,0.0,0.0011187025194461051,0.0,0.0,0.0,0.0011139485237213222,0.0010743737205379884,0.0,0.0,0.0011355880371732917,0.0,0.0,0.0,0.0,0.0,0.0,0.0,0.0,0.0,0.006865413125135655,0.0,0.0,0.0,0.0,0.0,0.0,0.0,0.0,0.0,0.0,0.0,0.0,0.0,0.0,0.0,0.0,0.0,0.0,0.0,0.0,0.0,0.0,0.0,0.0,0.0,0.0,0.0,0.0,0.0,0.0,0.0,0.0,0.0,0.0,0.0,0.0,0.0,0.001135512893232486,0.0,0.0,0.0,0.0,0.0,0.0,0.0,0.0,0.0010207124176805533,0.0,0.0,0.0,0.0,0.0,0.0,0.0,0.0,0.0,0.0,0.0,0.0,0.0,0.0,0.0,0.0,0.0,0.0,0.0012009409282795925,0.0,0.0,0.0,0.0,0.0,0.0,0.0,0.0,0.0,0.0,0.0,0.0,0.0,0.0,0.0,0.0,0.0,0.0,0.0,0.0,0.0,0.0,0.0,0.001114510498114958,0.0,0.0021839226522821745,0.0,0.0,0.0,0.0,0.0,0.0,0.0,0.0011056055147396742,0.0,0.0,0.0,0.0,0.0,0.002049857852490927,0.0022337283360700745,0.0010665211551387063,0.0,0.002221829537876123,0.0013492135095128218,0.001155721649621448,0.001129759926136398,0.0011627926184055537,0.0,0.0,0.0,0.0010907468033921786,0.0,0.010090132427964527,0.0,0.0,0.0,0.0,0.0,0.0,0.001069029827324427,0.0,0.0034192237686207576,0.0,0.0,0.0,0.0036282885446671112,0.0,0.0,0.0,0.0,0.0,0.0,0.0,0.0010881289376138952,0.0,0.0,0.0009921877432012072,0.0,0.0,0.0,0.0,0.0,0.0,0.0,0.0
47,0.0,0.0,0.0,0.0,0.0,0.0,0.0,0.0,0.00872937436932638,0.002118279090894728,0.0,0.0,0.0,0.0,0.0005128614008894236,0.0,0.0,0.0,0.0,0.0019430830310706681,0.0005252576040078033,0.0009145191585706843,0.00914959255420397,0.0,0.0,0.0005128614008894236,0.0,0.0,0.0005118233143060054,0.0005318791858235657,0.00113540973306256,0.0009777285921749549,0.0,0.0,0.0,0.0,0.0,0.0,0.0,0.0,0.0,0.0005320006988207219,0.0,0.0,0.027439501986106982,0.003587687409069348,0.0008957070929660223,0.0,0.0,0.0022121349003613533,0.2438481459444421,0.002039321787162041,0.05163709728445682,0.013260265907822788,0.5567425202082084,0.014234647410309265,0.004679118535869706,0.0,0.0,0.0010573066378649816,0.0,0.0,0.0,0.0,0.0,0.0,0.0,0.0,0.0,0.0005448184021819069,0.0,0.0,0.0,0.0,0.0,0.0,0.0,0.0,0.0,0.0,0.0,0.0,0.0,0.0,0.0,0.0,0.0,0.0,0.0,0.0,0.0,0.0005399469096680332,0.0,0.0005366005334978022,0.0002482914896815674,0.0,0.0010840108687883844,0.0010535480740227977,0.0005349948454543207,0.0,0.0,0.0,0.000534868884584624,0.0,0.0,0.0,0.001549181596226324,0.0016518826244026636,0.0,0.0,0.0,0.0005868871350514818,0.0018533891011574936,0.001630164033472333,0.0,0.0005402094695308435,0.0,0.0005423857511362791,0.0,0.0,0.0,0.0,0.0,0.0,0.0005322200586990139,0.0001241457448407837,0.0005016442053729503,0.0011001121562836539,0.0,0.0005320767759686572,0.0,0.001057658291587429,0.0,0.0,0.0,0.0,0.0,0.0,0.0,0.0,0.0,0.0,0.0,0.0,0.0,0.0,0.0,0.0,0.0005318791858235657,0.0,0.0,0.0005177756554467484,0.0,0.0,0.0,0.0,0.0,0.0005423738015690763,0.0,0.0,0.0,0.0,0.0,0.0,0.0,0.0005213611448829933,0.0005729078709362787,0.000593480606726285,0.0,0.0,0.0,0.0,0.0,0.0,0.0006231873266786781,0.00035359965183109324,0.0,0.0,0.0021064067004100307,0.0005014022119568828,0.0,0.0,0.0,0.0,0.0,0.0,0.0005496577969956286,0.0,0.0,0.0,0.0,0.0,0.0,0.0,0.0,0.0,0.0,0.0,0.0,0.0,0.0,0.0,0.0,0.0,0.0,0.0,0.0,0.0,0.0005016442053729503,0.0,0.0,0.0,0.0,0.0,0.0,0.0,0.0,0.0,0.0,0.0,0.0,0.0005570469091718516,0.0,0.0,0.0,0.0,0.0005174553942106045,0.0005461630811028357,0.0003553713385055461,0.0,0.0005114865039450185,0.002892451218085022,0.0,0.0005063822057568092,0.0007402818432094874,0.0016501369372985133,0.0,0.0005499557534063923,0.0,0.00012857892407323342,0.0,0.0,0.0,0.0005233556437162527,0.0,0.0,0.0019812912937249324,0.005667229039464146,0.0003998096572120931,0.0,0.0,0.00041969761305069204,0.0,0.0,0.0011352682116924947,0.0,0.0005498133541516025,0.00223524284646531,0.0,0.0,0.0020338289457682316,0.0,0.0,0.0,0.0,0.0005417827623272869,0.0,0.0,0.0,0.0,0.0,0.0,0.0,0.00012798695048930428,0.0,0.0,0.0,0.0,0.0,0.0005065452242519945
48,0.0,0.0,0.00048707478113701834,0.000504215783792388,0.00025390387883229284,0.0,0.0,0.0,0.0,0.0,0.0,0.0002479159510061654,0.0,0.0,0.0004385026476659875,0.0,0.0004300265860941546,0.0009405031860958113,0.0004241599608603627,0.0007415001563997819,0.0,0.00023665969160290186,0.0051013248028539335,0.0,0.0,0.0009662336663247511,0.0012960343225833554,0.0005888171040533867,0.0006961588087307896,0.00024695436289805196,0.0,0.0,0.0,0.00023976955486846744,0.0,0.0,0.0,0.0,0.0,0.0,0.0,0.00025825674832259015,0.0,0.0,0.0004964900819831643,0.0003708139469313128,4.9595281775671727e-05,0.0002526357199581285,0.0,0.026531620614226564,0.0006835749975856138,0.0,0.00017991159547786753,0.0,0.004581226800252781,0.001408930917518005,0.0011386406602822239,0.592284539364626,0.004329353028295458,6.548967767552696e-05,0.0004871647635390435,0.09692365839290985,0.0,0.0,0.0,0.000513478798781916,0.00039755452851714573,0.0,0.00019059215989755985,0.00024583462565683445,0.0,0.0,0.0,0.0,0.0,0.0002577144320737663,0.00024103127903738175,0.0,0.0002485472221267138,0.0,0.0,0.00018172567354482317,0.0,0.0,0.0,0.0,0.0,0.00025121127317651157,0.0,0.0,0.0002502415338645375,0.0,0.0,0.0,0.0,0.0,0.0010292688677560832,0.0,0.0,0.0,0.0002510211680433338,0.0,0.0,0.0,0.0002320851700895738,0.0001602460950992971,0.0011312353306800963,0.006430308628112184,0.0,0.003017345982054578,0.0,0.0010608289778743798,0.0013777573302226488,0.18977432801586983,0.0021319207418872103,0.0,0.007471646833792326,0.0,0.0,0.0008550751224538831,0.014903153665955366,6.31016913895823e-05,0.00024725554615812674,0.0,0.000848974844075804,0.00934724241560874,0.00024373780977183994,0.00032843793137387814,0.00047464445745128776,0.0002553488337198561,0.0,0.00023693455746444294,0.0,0.0,0.0,0.0,0.0,0.0,0.0,0.00017802209228176625,0.0,0.0,0.0,0.0,0.0002482888291774123,0.0,0.0,0.0,0.0,0.0,0.0,0.0,0.0,0.0,0.0,0.0,0.0,0.0,0.0,0.00024103002063313934,0.0,0.0,0.0,0.0,0.0,0.0,0.0,0.0,0.0,0.0,0.0,0.0,0.0003070273105561842,0.0,0.0,0.0,0.0,0.0,0.0002466759518168197,0.0,0.0,0.0,0.0,0.0001852973970691846,0.0,0.0,0.0002480292888397068,0.0,0.0002476370643306062,0.0,0.0002510211680433338,0.0,0.0,0.0,0.0,0.0,0.0,0.0,0.0,0.0,0.0,0.0,0.0,0.0,6.353071996585329e-05,0.0,0.0,0.0,0.0,0.0,0.0,0.0,6.31016913895823e-05,0.0,0.0,0.0,0.00044133000743486,0.0002476549660241779,0.0,0.0002319664439820318,0.0,0.0,0.0,0.0,0.0,0.0,0.0001665954924140469,0.00024599446143953706,0.0003487254741022984,0.0,0.0,0.0006107595884956232,0.0,0.0002553488337198561,0.0003115368988628409,0.0016650698056705961,0.0,0.0,0.0,0.0006672006441198543,0.0,0.0,0.0,0.0,0.0002494976654370725,0.0,0.0,0.0012149023245359792,0.0,0.0,0.0001946537385166712,0.0,0.0,0.0,0.0004455519739721815,0.0,0.0,0.0,0.0,0.0,0.0,0.0,0.00041072689307545396,0.0,0.0,0.0004010222557291067,0.0,0.0,0.0,0.0,6.879756600139662e-05,0.0,0.0,6.31016913895823e-05,0.00025968117282896874,0.0,0.00017621917204782027,0.0,0.0,0.0005125120153554864
49,0.0,0.0,0.0,0.0009961221153190548,0.0,0.0005345533891792487,0.0,0.0003693901771130034,0.0016699517172815192,0.0,0.0,0.0,0.0,0.0,0.0,0.0,0.0,0.002326685863262425,0.0007289619130358758,0.0018878278161825151,0.0,0.000622370558145821,0.01824496504469412,0.0,0.0002666643451069107,0.0039782829595883225,0.0003722103233556077,0.0008451022125359455,0.0017461045880200025,0.0006918857062928347,0.0,0.0007469359414900272,0.0,0.0005675738381124159,0.0,0.0,0.0,0.0,0.001957305305006519,8.743880992096524e-05,9.879255382979752e-05,0.0,0.0,0.0,0.000604257571854628,0.0011533299517260222,0.0,0.0020772652384570714,0.04242888961272857,0.0,0.006779837838674426,0.0,0.001855480409711706,0.0003472238257359889,0.12733045487627587,0.12305693507773816,0.05082141219040694,0.10207509539402677,0.22827233663708482,0.003429396403816984,0.0,0.1709814097399957,0.0,8.132921674749023e-05,0.0,0.0,0.0,0.0,0.0,0.0,0.0,0.0,0.0,0.0,0.00025802525580331765,0.00039427887534712353,0.00026964223697809535,0.0,0.0,0.0,0.0,0.0,0.0006070591319096525,0.00036329591741042234,0.0,0.0003587385747916386,0.0,0.00036290793572093323,0.0,0.0,0.00040274977019489006,0.0,0.0,0.0,0.0,0.0,0.00045682178829390525,8.132921674749023e-05,0.00035828490895269707,0.0,0.0,0.0006892150626533736,0.0,0.0,0.0012699096892562942,0.0,0.012207845791638416,0.0023864076703839607,0.00036304059086369377,0.0012895935879692654,0.0,0.0015908143677171175,0.002603650650016673,0.009204851016219583,0.00484068675319072,0.00035170367162706373,0.0,0.0,0.0009460515983847889,0.00028575376893219924,0.0015121568394971807,0.0012510853680182392,0.00039864734162321005,0.0,0.0,0.006121360046568538,0.0,0.0009950142617027704,0.0,0.0012507926995434092,0.0,0.0,0.0,0.0,0.0,0.00032685350600690277,0.0003613232532379727,0.0007063875806007764,0.0,0.0007444265062551399,0.0,0.0,0.0003498352106278815,0.00038351313703215113,0.0,0.0022946600335595015,0.0,0.0,0.0,0.0,0.0,0.00034679547390198303,0.0,0.0,0.0,0.0,0.0,0.0,0.0,0.0,0.00037030808705837176,0.0,0.0,0.0,0.0,0.0006039524497543409,0.0003572309272634302,0.0002349022700086519,0.0,0.0003459786191135624,0.0003573180046652938,0.0,0.0,0.000723269592738792,0.0013487038200726085,0.0002792715713648567,0.0,0.0,0.00037274263425673417,0.0,0.0,0.0002661180926305363,0.0,0.0,0.0,0.0,0.0,0.0,0.0,0.0007020856202144495,0.0,0.0,0.0,0.00035180469182787694,0.0,0.0,0.0,0.00034395739097953243,0.0,0.0,0.0,0.0,0.0,0.0,0.0002536242378665498,0.0,0.0,0.0,0.0,0.0,0.0,0.0,0.0006259440163700459,0.0,0.0002579483581492056,0.0,0.0003690862855990696,0.002377502930998162,0.0002645538793534669,0.0002613117428184783,0.0,0.0,0.0,0.0,0.0,0.0,0.0017229635560252143,0.0011527674559604357,0.00036849533927725287,0.0,0.0,0.0016996453081102936,0.0010764302288889126,0.0012826244467885684,0.0,0.0011955775743688632,0.0003718055226360696,0.0005502602368845126,0.0008963343020673606,0.001676786871809566,0.0002930968539142935,0.0013376686686361798,0.0012187823525630559,0.0,0.00036815270815019116,0.0002915064455456699,0.0,0.004429208596005347,0.0003756099915103194,0.0003953330969389604,0.0003020214070417841,0.00027072362495947117,0.0006416247788429883,0.0,0.0004695201110717094,0.0,0.0,0.00036103400211508137,0.0,0.0,0.0007308916534565515,0.0017826453553231936,0.0,0.000353256089801913,0.000276986065332773,0.0007391228973731562,0.0,0.0,0.0002528635527789355,0.000261057774483384,0.0003494429650299134,0.0004019219818879438,0.0002704491272842581,0.00045648111769508215,0.0003958399342427285,0.0,0.0008941645304610298,0.0,0.0,0.0
50,0.00037944966116168683,9.182898000886809e-05,0.0015693119601989005,0.0008868393726404714,0.0008747509398958634,0.0005542772191507177,0.0,0.0,0.18405951869890755,0.003263042099857273,0.0,0.0003639910030703962,0.0,0.0,0.0012335939736373273,0.0007129230806464021,0.0,0.001164924042811782,0.0,0.001402905230518688,0.0,0.00027717698867753753,0.014529997133908682,0.00029016483560117276,0.0,0.0019246556293382666,0.0019739172194365192,0.0011158309226546822,0.0015768424687776675,0.0,0.0,0.0,0.0009643557748932664,0.0,0.0010634762166593754,0.0,0.0,0.0,0.0021925023998412008,0.0,0.0002641123835495449,0.0,0.0,0.0,0.024153408063922348,0.0027983929607886355,0.0027563296164419735,0.25489824141733447,0.0003075073352657816,0.0035655251516311234,0.0,0.014420331147926747,0.0019023626311469675,0.15698135985805678,0.11652157683765704,0.02354529562855332,0.09184048705723839,0.0008941552005053079,0.0008950677138892574,0.0006678077677069663,0.0003808978003611341,0.00030911510741746327,0.0,0.0,0.0,0.0,0.0,0.0,0.0,0.0,0.0,0.0,0.0,0.0,0.0,0.0,0.0003922805630436783,0.0,0.0,0.0,0.0,0.0,0.0,0.0003919193679310327,0.0,0.0,0.00029535302620760964,0.0,0.0,0.0,0.0,0.0,0.0,0.00029394765662672995,0.0,0.0,0.000793366508314476,0.0,0.0,0.0003794175028271647,0.0,0.0,0.0,0.0,0.0006652285781168343,0.0,0.001434889732142296,0.0,0.0,0.00040328538632949045,0.0,0.000391122823959261,0.0003922805630436783,0.0010525540114465033,0.000949047344508541,0.0014451394841010728,0.0,0.0,0.0,0.0003984668647118819,0.00028530040195878824,0.0,0.0,0.0,0.0,0.0004110226611496602,0.00033281655248982954,0.0014859607906877305,0.0,0.00040478276520143505,0.0,0.0,0.0,0.0,0.0,0.0,0.0,0.0,0.00026883475242148826,0.0,0.0,0.0003823242290939483,0.0,0.0,0.0,0.0014680323356726082,0.0,0.0,0.0,0.0,0.0,0.0,0.00028259021625069914,0.0,0.0,0.0,9.748626486778882e-05,0.00010397763447316457,0.0,9.83209193755677e-05,0.0,0.0,0.0,0.0,0.0,0.00041017433345509336,0.0,0.0,0.0,0.0,0.00029362791146205966,0.0,0.0,0.0,0.00038099948038455156,0.0,0.0003981437651742952,0.0,0.0,0.0,0.00034089458527909034,0.0004886022484551619,0.0,0.0,0.0,0.0,0.000390629472577558,0.0,0.0,0.0,0.0,0.00028530040195878824,0.0,0.00030911510741746327,0.0,0.0,0.0,0.0,0.0,0.0,0.0005001643562275944,0.0,0.0,0.0,0.0,0.0,0.0,0.0,0.0,0.0,0.00010397763447316457,0.0,0.0,0.0,0.0,0.0,0.0,0.0003968993602351761,0.0003920359246632841,0.0,0.0,0.0,0.0,0.0,0.0,0.0,0.0014237385764259995,0.0020112311970690096,0.0003946110997606797,0.0,0.0,0.011279641299579148,0.0007626440311553908,0.0003866500168355833,0.0013158963301958216,0.0033016190532878303,0.0,0.0010434811995583993,0.0,0.0004534555137636025,0.0,0.0,0.0009765500566655735,0.0003981437651742952,0.0,0.0,0.0,0.020530019380314155,0.0008308513809689545,0.0005752095124378601,0.000380392177971285,0.0015041052430602617,0.0011590221959364073,0.00040273703573691794,0.002319126674385165,0.0,0.0,0.0009459066480827119,0.0003899439148032749,0.0,0.004221225186748817,0.0,0.00039219779880943694,0.0,0.0,0.00010397763447316457,0.0,0.0003920359246632841,0.0,0.0002985894841711393,0.0,0.0,0.0,0.000391122823959261,0.0011699524505368528,0.0,0.0003877334113511141,0.0,0.0,0.0002996259317146867
51,0.0,0.0,0.000651715682458951,0.0007809510265699739,0.0,0.001309530803938519,0.0,0.0,0.09657778844112998,0.030404804909226164,0.0,0.0,0.0,0.0,0.0,0.0006735234493191159,0.0,0.0013061331678304964,0.0,0.0,0.0,0.0006541540904161712,0.007418489671986072,0.0,0.0,0.0012916957343640408,0.0,0.0012604035599168427,0.001274260650584371,0.0,0.0013194683503714912,0.0,0.0,0.0,0.0,0.0,0.0,0.0,0.0006734763071672466,0.0,0.0,0.0006492863638484966,0.0,0.0,0.05301696107685714,0.0,0.0026677519367540843,0.004557209391449711,0.0,0.000651715682458951,0.032090154952570615,0.0,0.0,0.16937041484980261,0.0078066873420114,0.0,0.0025117348322057343,0.0012759031267396315,0.0,0.0013283831436131381,0.002547513382575295,0.0,0.0,0.0006734305307532363,0.0,0.0006411970696921484,0.0,0.0,0.0,0.0,0.0,0.0,0.0006707197774679871,0.0,0.0007795554073235705,0.0,0.0,0.0,0.0,0.0,0.0,0.0,0.0,0.0,0.0,0.0,0.0,0.0,0.0,0.0,0.0,0.0006399544508209253,0.0,0.0,0.0,0.0,0.0,0.0,0.0,0.0,0.0,0.0,0.0006405741221879385,0.0,0.0,0.0006085799555898203,0.0012613058922411483,0.0006438493002803782,0.0,0.0012829988813672967,0.0,0.0005704814827617011,0.0,0.0,0.0012848386517942674,0.0,0.0,0.00066381643678122,0.0,0.0006984149842492962,0.0,0.0,0.0,0.0,0.0,0.0013067764557799736,0.0006453527207520017,0.0006711917492856543,0.0,0.0,0.0,0.0,0.0,0.0,0.0,0.0,0.0,0.0,0.0,0.0,0.0,0.0006754311231864088,0.0,0.0,0.0007094531252475423,0.0006753903144388791,0.0,0.0,0.0,0.0,0.0,0.0,0.0,0.0,0.0,0.0,0.0,0.0,0.0,0.0,0.0,0.0006505963954758637,0.0006623660841727453,0.0,0.0,0.0,0.0006529337481466934,0.0006387619862173474,0.0,0.0,0.0,0.0006547516853898615,0.0,0.0,0.0006849839268598865,0.0006492863638484966,0.0,0.0,0.0,0.0,0.0,0.0006949764328686471,0.0,0.0006898979597283349,0.0,0.0,0.0,0.0,0.0006065876160489778,0.0,0.0,0.0,0.0,0.0,0.0,0.0,0.0,0.0,0.0,0.0,0.0,0.0,0.0,0.0,0.0,0.0,0.0,0.0,0.0,0.0,0.0,0.0,0.0,0.0,0.0,0.0,0.0,0.0006547516853898615,0.0,0.0,0.0,0.0,0.0,0.0,0.0006827793729948671,0.0,0.0020032730727444505,0.0,0.0,0.0006620479211389745,0.0,0.006613431816188943,0.001375929949133292,0.0,0.0026318138533019553,0.0059804476524128744,0.0,0.0006612004531025363,0.001957349482499232,0.0005478580021173525,0.0,0.0006660184507598817,0.002557573899471235,0.0,0.0013681197881838232,0.0,0.0,0.02634752770542706,0.0006530606867027909,0.0006678188104320595,0.11176523949357425,0.0006542135359512113,0.2759220957156561,0.0,0.003415680423738248,0.0,0.05561372528820094,0.0013058697728751223,0.008312883733476795,0.000628427788931424,0.03459602249399518,0.0006704168352036529,0.0,0.0,0.0,0.0007004346921274028,0.0,0.0033136348695124085,0.0,0.0,0.0,0.0,0.0,0.0,0.0,0.0,0.0006717861978315535,0.0,0.0,0.0
52,0.0,0.0010377587755788275,0.0008971121727093559,0.0,0.0,0.0013176335036668664,0.0,0.0,0.0032346221965520363,0.001118293670990317,0.0,0.0,0.0,0.0,0.001742806785543052,0.0,0.0,0.0034015535781385907,0.0008030600900866002,0.0,0.0,0.0010403496625737147,0.0311933553388145,0.0,0.0,0.0012155819770668182,0.005423175127976504,0.0022302910315057643,0.004552938253778264,0.0,0.0,0.0,0.0,0.0,0.0,0.0011357630904983173,0.0,0.0,0.003406873507599522,0.0,0.0010786705886148208,0.0,0.0,0.0,0.009797323420934291,0.056236138732498345,0.1607545206917724,0.09202946453112455,0.0,0.0011126860997365587,0.008486108326294504,0.0012797041287177585,0.0,0.0010793166706614663,0.42692834251420514,0.003251677885512441,0.002184881533457962,0.0011600229849561734,0.0,0.0,0.0022992770475812716,0.003360038650855548,0.0,0.0,0.0,0.0022441245122454207,0.0,0.0,0.0,0.0012170585932400413,0.0,0.0,0.0,0.0,0.0,0.0,0.0,0.0,0.0,0.0,0.0,0.0,0.0,0.0010941150118979532,0.0,0.0,0.0,0.0,0.0,0.0,0.0,0.0010523815872167438,0.0,0.0,0.0,0.0,0.0022241762903287277,0.0,0.0,0.0,0.0,0.0,0.0,0.0,0.0,0.0011165598740943404,0.020566719177686134,0.0011214345220911302,0.0,0.0009924303410597248,0.0,0.0,0.004485157106848081,0.00109265170820174,0.001121390215886695,0.0024299832811982306,0.0,0.0,0.0011543701515454934,0.0,0.0,0.0,0.0,0.0,0.0012615639928725316,0.0,0.0,0.08754080244893117,0.0,0.002202252137835891,0.0,0.0,0.0,0.0,0.0,0.0,0.0,0.0,0.0,0.0,0.0011843175885708386,0.0031693088360960067,0.0,0.0,0.0,0.0,0.0,0.0,0.0,0.0,0.0,0.0,0.0,0.0,0.0,0.0,0.0011614398664540771,0.0,0.0,0.0,0.0,0.0,0.0,0.0,0.0,0.0,0.0,0.0,0.0,0.0,0.0,0.0,0.0,0.0,0.0,0.0,0.0,0.0,0.0,0.0,0.00109265170820174,0.0,0.0,0.0,0.0,0.0012871609434525544,0.0,0.0,0.0,0.0,0.0,0.0,0.0,0.0,0.0011101494435477358,0.0,0.0,0.0,0.0,0.0,0.0,0.0,0.0,0.0,0.0,0.0,0.0,0.0,0.0,0.0,0.0,0.0,0.0,0.0,0.0,0.0,0.0,0.0,0.0,0.0,0.0,0.0,0.0,0.0,0.0022022484685632047,0.0,0.003270588824936642,0.0010723789918407692,0.0,0.0,0.0,0.0,0.0,0.0,0.0,0.0,0.0,0.0,0.0,0.0,0.0012620840846672668,0.0,0.0021901644971237134,0.0,0.0,0.0,0.0,0.007618364564538837,0.0,0.0,0.0,0.0,0.0,0.0,0.0011553230429849459,0.0,0.0012223322794740988,0.0,0.0,0.00218530341640348,0.0011096699199617298,0.0,0.0,0.0,0.0,0.0,0.0,0.0,0.0,0.0,0.0,0.0,0.0,0.0,0.0,0.0,0.0,0.0,0.0,0.0
53,0.0,0.0,0.0,0.0,0.0008224948771116176,0.0015484529321094169,0.0,0.0008164739508171352,0.059379922499693406,0.00458855560811096,0.0,0.0008130146432925829,0.0,0.0,0.0005971666266834962,0.0,0.0,0.0008437002630817208,0.0014115770601347121,0.0024864748590160096,0.0,0.0,0.014599859899213533,0.0,0.0,0.0,0.0005826102329217291,0.0008023336162054101,0.0024446342692682585,0.0,0.0,0.0,0.0,0.0,0.0,0.0005296056230252073,0.0,0.0007771805932204976,0.0,0.0,0.0,0.003955301197162759,0.0,0.0,0.15213449381865113,0.0024356189692914783,0.002504702324363495,0.02208358209946547,0.0006014193015727887,0.0014042709421999415,0.3587264909866165,0.22371906743773423,0.0016188793971037504,0.0,0.037732965310379896,0.0026292532162457043,0.0022083383545930266,0.0007765313473162346,0.0,0.0,0.0008481491396996543,0.0008160491453367983,0.0,0.0,0.0,0.0008145353370870116,0.0016191604250206065,0.0,0.0,0.0,0.0,0.0,0.0,0.0,0.00021928553494425689,0.0,0.0,0.0,0.0,0.0,0.0,0.0,0.0,0.0,0.0,0.0,0.0,0.0,0.0,0.0008020204928235007,0.0008580664820391606,0.0,0.0,0.0,0.0,0.0,0.0006093723960432319,0.0,0.0,0.0,0.0,0.0,0.0,0.0,0.0,0.0,0.0008049903486051103,0.0,0.0,0.0008134071473875303,0.0,0.0007743368698529298,0.0008928752253849531,0.0,0.001212851185185007,0.0,0.0,0.0,0.0007765313473162346,0.0,0.0,0.0,0.0,0.0,0.0,0.0,0.0008023336162054101,0.00021928553494425689,0.0,0.0,0.0,0.0,0.0,0.0,0.0,0.0,0.0,0.0,0.0,0.0,0.0,0.0,0.0,0.0007757225945373147,0.0,0.000827085633045768,0.0,0.0,0.0,0.0,0.0,0.0,0.0007548593859367588,0.0,0.0,0.0,0.0,0.0,0.0,0.0,0.0,0.0,0.0007322671013382467,0.0,0.0,0.0,0.0,0.0,0.0,0.0,0.0,0.0,0.0,0.0,0.00015589072453382833,0.0,0.0,0.0,0.0005367847833388058,0.0,0.0005592246215921848,0.0,0.0,0.0,0.0,0.0,0.0,0.0,0.0,0.0005371205901142505,0.0,0.0,0.0,0.0,0.0,0.0,0.0,0.0,0.0,0.0,0.0,0.0,0.0,0.0,0.0,0.0,0.0,0.0,0.0,0.000793513007148449,0.0,0.0,0.0006091982595729303,0.0008025176280386615,0.0,0.0,0.0,0.0012141540305611058,0.0008090140374795297,0.0,0.0,0.0,0.0,0.001603494677214267,0.0,0.0,0.0016258327613164465,0.001273282826101878,0.0,0.0,0.0,0.005579282127167013,0.005388204354777278,0.0,0.006504209810732236,0.0026090769124334358,0.0,0.0023020997311748517,0.0,0.0007933602686517013,0.0008106465495294646,0.0,0.0032232952598943237,0.0,0.0,0.0,0.001230782009496309,0.02048675635121224,0.0023675774589637,0.0,0.0027275744564846864,0.0008049903486051103,0.003262419623993806,0.0,0.0024112603066227044,0.0,0.0005992420543750821,0.000534526053385671,0.0007839975249289981,0.0005791320646937622,0.0022900607048450656,0.0,0.0,0.0,0.0,0.0,0.0,0.0,0.0,0.0,0.0,0.0,0.0,0.0006014193015727887,0.0,0.0,0.0,0.0,0.0008417610232469658,0.0012001405568646862
54,0.0002817323415467311,0.001056456034164427,0.0010789231702355436,0.0,9.216364125494467e-05,0.001177258776613989,0.0006439876388086147,0.00028419561845511974,0.011931513194932488,0.0018745690129541742,0.000319581025408831,0.0,0.0,0.0,0.001120642108685064,0.0002583983840560505,0.0,0.0028114298022287767,0.0003596899996574517,0.0024397359388900297,0.00034313025216376787,0.0007097168205581452,0.03510836845292371,8.802591137242471e-05,0.00034887210253286936,0.0024127219724419326,0.004737175600077031,0.0013942340012349005,0.00441844979608662,0.0008989640429133629,0.0008075025318447135,0.0006332880172144856,0.00030120267394024,0.0,0.0007120423257650897,0.0,0.0,0.0016527224639414967,0.0018199110073599247,0.0,0.0,0.0011971850385710686,0.0,0.00030157653654768715,0.005210010782548251,0.01819536667538417,0.008044820864494357,0.2860881748196782,0.002595716392423275,0.0891110770730638,0.06996617464698363,0.0046803764070781195,0.11289681262751224,0.012985601185036496,0.0,0.11916641608385392,0.017283120663532905,0.0031596056836885665,0.0013346889614552844,0.0019533966943315545,0.001329669921391531,0.0035169900915101027,0.0,0.0,0.0,0.0006988373535767878,0.0,0.0,0.0007345488708025629,0.0,0.0,0.0,0.00041283198008096843,0.0,0.00028086003308746004,0.0,0.0005742150248641045,0.0,0.0,0.0,0.0,0.0,8.654019374435047e-05,0.0,0.0,0.00025695398801786157,0.0,0.0001976325231731447,0.0,0.0,0.000291705646678024,8.876547073076034e-05,0.00045837188872025175,0.0,0.0,0.0,0.002718287192763351,0.0,0.0002994391887624528,0.0,0.00038138270576355837,0.0005538537127782651,0.0003002928131726499,0.0,0.0020647959097453194,0.0,0.029951248667551156,0.0006167647957834789,0.0008138290683842491,0.0013182506704369251,0.0003218651865899515,0.00038672299937720533,0.002799174540025618,0.004859673368180421,0.005423348860103919,0.0031430851187876857,0.00045739546670679553,0.0,0.0009305017102199042,0.0,0.0003522401484933731,0.0,0.00035316368092893583,0.0,0.0003722745120522735,0.006099406305525272,0.0002995046396574133,0.0045182072934041645,0.0,0.003019116724340556,0.0,8.953421228329436e-05,0.0,0.0,0.0,0.0,0.0005435435672970435,0.0,0.0,0.0,0.0006340314147922501,0.0003517990575594158,0.0006568156289151188,0.0,0.0,0.0024255028689290775,0.0,0.00035991364147496164,0.0,0.0,0.0,0.0,0.0,0.0,0.0,0.00028965543850611054,0.0,0.0,0.0,0.00027558557199544505,0.0,0.0,0.0,0.0,0.0,0.0009172716894304992,0.0,0.00033646945358084285,0.0,0.0,0.00035991364147496164,0.0006747025160258721,0.0,0.00045600136825360636,0.0008248655088794781,0.0,7.210058437331988e-05,0.0003604940661482728,0.0,0.0,0.0,0.0008967267127391258,0.0,0.0,0.00036050298597947424,0.0003103617913624138,0.0,0.0,0.0,0.0,0.0,0.0,0.0005128675824685623,0.0,0.0005990291733449875,0.0,0.0,0.0,0.0,0.0,0.0003679729829005021,0.0,0.0,0.0002834956991557428,8.367639533911674e-05,0.0,0.0003101196924774432,0.0,0.0,0.0,0.0,0.0,0.0005530776135476799,0.0003079084667347319,0.0,0.0,0.0,0.001905007224106187,0.00038014419578746796,0.0007302583916818014,0.0,0.00029468350527183225,0.0003660812547423838,0.0,0.0,0.0,0.0029786034048187135,0.0017827455366456546,0.0,0.00030728005444214925,0.0,0.00397521640605885,0.001187746218115453,0.0010361257247027008,0.0009474126038008006,0.0007907327676734478,0.00030120267394024,0.0007080179442125607,0.0006541296518332464,0.0027629918315668967,0.0,0.0,0.00186613018446078,0.00032872140227495377,0.0,0.0004436881105491041,0.0,0.02062482894387828,0.0003532183108904677,8.672101864905501e-05,0.0008463946472787801,0.000999765880855794,0.0,0.0005876633610732144,0.0016447538420872228,0.00029353794498049123,0.009565175480979361,0.0011709415693009694,0.00036351746236128397,0.000486003511094642,0.002676372071767856,0.0,0.0003526216065822947,0.00033643231131361877,0.0003514342777140642,0.0005559521275830372,0.0,0.000687194882856797,0.0003038937253703194,0.00029328012952607355,0.0,0.0,8.411233872716052e-05,0.0007003976112772289,9.67274642639844e-05,0.0,0.0003655647739133886,0.0,0.0,0.000644162230660619
55,0.0,0.0,0.0,0.0,0.0,0.00036462488426839703,0.0003763379257521742,0.0,0.002691252656890542,0.0005163116204498765,0.0005387543213407275,0.0,0.0,0.0,0.0,0.0,0.0,0.0,0.0,0.0005344308691908142,0.0,0.0,0.006214042597697359,0.0,0.0005276608220508728,0.0006486055068016691,0.0005159608763881602,0.0003678498634049085,0.0004962033649288627,0.0,0.0016364452270946211,0.0,0.0,0.0,0.0,0.0,0.0,0.0,0.0012462144474367793,0.0,0.0,0.0004903321283593868,0.0,0.0,0.0005439785189656926,0.0001758610065441755,0.0,0.032867089211350314,0.0014037187319868645,0.27339206727223686,0.04198647760109036,0.0005365269125386146,0.0004994353408690123,0.00040244276764736715,0.3057918009197026,0.0,0.25642353346853064,0.0029584553942921055,0.006925451782818965,0.009206075991782192,0.0005277908358439958,0.007463522222063999,0.0,0.0,0.0,0.0,0.0,0.0,0.0,0.0,0.0,0.0,0.0,0.0,0.0,0.0,0.0,0.0,0.0,0.0,0.0,0.0,0.0,0.0005274274256679329,0.0,0.0,0.0,0.0,0.0,0.0,0.000552742394710903,0.0,0.000528999991181764,0.0,0.0,0.0,0.0,0.0,0.0005293246686906477,0.0,0.0,0.0,0.0,0.0,0.0005134297494446186,0.0,0.00013249849071664542,0.0009686429217493488,0.0007726527252879729,0.0012243856241968335,0.0,0.0005194857665630163,0.0,0.0014579465060582174,0.001458353954527082,0.0005447672911645164,0.0004961513554641955,0.0,0.0,0.0,0.0,0.0,0.0,0.0,0.0,0.0013110085924807103,0.0005432492348795958,0.0010544332742791055,0.0,0.0010685545127998848,0.0,0.0,0.0,0.0,0.0,0.0,0.0,0.0,0.0,0.0,0.0,0.00035375297811624456,0.0,0.0,0.0,0.0,0.0,0.0,0.0,0.0,0.0,0.0,0.0,0.0,0.0,0.0,0.0,0.0,0.0,0.0,0.0,0.0,0.0,0.0005187899693053192,0.0,0.0003589827495431087,0.0,0.0,0.0,0.0,0.0,0.0,0.0,0.0,0.0,0.0,0.0,0.0,0.0,0.0,0.0,0.00012875522504412218,0.0,0.0005303492407671312,0.0,0.0,0.0,0.0,0.0,0.0,0.0,0.00012925098791613748,0.0,0.0,0.0,0.0,0.0,0.0,0.0,0.0,0.0,0.0,0.0,0.0,0.0,0.0,0.0,0.0,0.0,0.0,0.0,0.0009294904140054812,0.0,0.0,0.0,0.0,0.0005273081535236469,0.0010886928517841738,0.0,0.0,0.0,0.0,0.0,0.0,0.0,0.0,0.0009251812809509912,0.0010098095821183838,0.0,0.0,0.001103317922718685,0.003954032448300117,0.0010442983251979154,0.0005389014265306702,0.0,0.001196298912240884,0.0,0.0,0.0004594710644245537,0.0005095611900804574,0.0,0.0007033992251395103,0.0014660906426596351,0.0005686245797669975,0.0,0.0,0.0,0.005560854714461312,0.0,0.0,0.0,0.00051584260238696,0.0,0.0005373878463002639,0.0011557141491774115,0.0,0.0,0.0004962014372816845,0.0,0.0005289202730221284,0.0,0.000511549230509922,0.0,0.0,0.0,0.0001758610065441755,0.0,0.0,0.0,0.0,0.0,0.0,0.0,0.0,0.0,0.0,0.0,0.0,0.0,0.0
56,0.0,0.0,0.0,0.0,0.0,0.0,0.0,0.0,0.07343033103159033,0.0004813325707160692,0.0,0.0,0.0,0.0004710255906291929,0.00046274138410386104,0.0,0.0009383743272444154,0.0009973215702709759,0.0004927683380753393,0.0,0.0,0.0,0.010810473232228975,0.0011754995506987299,0.0,0.0005063158986268915,0.0,0.0,0.0007907577295741974,0.0,0.0004984313539835868,0.000974494320132647,0.0,0.0,0.0,0.0,0.0,0.0,0.0009720168880446564,0.0,0.0,0.0007959049578083902,0.0,0.0,0.0,0.0019017541436697116,0.0005037213576967916,0.006818437240474793,0.0003447287700323369,0.07305522110137301,0.11512632180322117,0.0015081821470324997,0.0014745542900772345,0.004296665923182961,0.03929330519218141,0.15191950643568072,0.0,0.0019160352336601285,0.06994092995618838,0.15335057419125414,0.0004946776458847883,0.005205982106545498,0.0,0.0,0.0,0.0004904468949476505,0.0004878240070734641,0.0,0.0,0.0,0.0,0.0,0.0,0.0,0.0,0.0,0.0,0.0,0.0,0.0,0.0,0.0,0.0004749148031065221,0.0010167589591034015,0.0,0.0,0.000491169654074766,0.000492231578899342,0.0009729160782878275,0.0,0.0,0.0,0.0,0.0,0.0,0.0,0.0,0.0,0.0,0.0005013110728094716,0.0,0.0005184091990211956,0.0,0.0,0.0,0.0,0.0010095110048394433,0.001704914040241427,0.0,0.0004884198493395936,0.0,0.0,0.00047432171093224996,0.0029436101654635484,0.0004989093838096917,0.0014602558808815332,0.0005142593672212743,0.0,0.0,0.0009964401331739611,0.0,0.001026870078535892,0.0,0.0,0.0,0.006336563660684955,0.0009548451087881259,0.0,0.0004767177818069183,0.00048229168867968027,0.0005024679879332395,0.0,0.0,0.0004963515416500391,0.0,0.0,0.0,0.00066218042238259,0.0,0.0005322321069297234,0.0,0.0,0.0,0.0,0.0009268759328506793,0.0004736034788526892,0.0,0.0,0.0,0.0,0.0,0.0,0.0,0.0,0.0,0.0,0.0,0.0,0.0,0.0,0.0,0.0,0.0,0.0,0.0,0.0,0.0,0.0,0.0,0.0,0.0,0.0,0.0,0.0,0.0,0.0,0.0,0.0,0.0004927683380753393,0.0,0.0,0.00039354282145805195,0.0,0.0,0.0,0.0,0.0009315556150050906,0.0,0.0,0.0,0.0,0.0031393172590097984,0.0004998951857213811,0.0,0.0,0.0,0.0,0.0,0.0,0.0,0.0004946776458847883,0.0,0.0,0.0,0.0,0.0004926378626519407,0.0,0.0,0.0,0.0,0.0,0.0,0.0,0.0,0.0,0.0,0.0,0.0011153806705606578,0.0,0.0,0.0,0.0004953379292760935,0.0004898413743121692,0.0,0.0,0.0,0.0020044981454858985,0.0,0.0003180376028470689,0.0003452967435127909,0.0,0.12950760365236666,0.0009757143417240445,0.0018053734402057992,0.0009939212124197832,0.0026202221137095597,0.0,0.0014944318613525436,0.0,0.0028845136183872143,0.0004921355256089834,0.000489049172246597,0.004900048015696542,0.00045954788757959634,0.0009805211223582082,0.0,0.0,0.020844696829936622,0.0,0.0,0.0,0.06179323884006047,0.0005018209690429669,0.0004895014171905684,0.0,0.0,0.000481018247343245,0.00048069477446620963,0.0,0.0014483251175709993,0.0029493744940876023,0.0005069646800257711,0.0008956280584006994,0.0,0.0,0.0,0.0,0.0,0.0,0.0,0.0,0.000481018247343245,0.0,0.0009558393128702246,0.0,0.0,0.0,0.0,0.0,0.0
57,0.0,0.0,0.0,0.00040951649667755213,0.0,0.0,0.0,0.0,0.00041393751955784045,0.0008213261435655199,0.0,0.0,0.0,0.0,0.0006904731377854606,0.0,0.0003967144788215501,0.0,0.0,0.0,0.0003965844188590852,0.0,0.007812182768412262,0.0,0.0,0.00036641071511076077,0.00041058856554916293,0.0002587133929194599,0.0015356686778921443,0.0,0.0,0.0,0.0,0.0004020637636831862,0.0,0.0,0.0,0.0,0.0,0.0,0.0,0.0,0.0,0.0,0.0,0.0,0.0,0.0,0.6755738656781589,0.10737147156879401,0.0,0.0,0.0,0.0007131207646773263,0.0052734093158140856,0.00040960028346864,0.0023295622624527105,0.0,0.06939319318036712,0.00037081249536561337,0.0004146052401816075,0.023863975118730174,0.0,0.0,0.0,0.0,0.0,0.0,0.00041103722780410403,0.0,0.0,0.0,0.0,0.0,0.0,0.0,0.00040766573895847897,0.0,0.0,0.0,0.0,0.0,0.00027653506932124455,0.0,0.0,0.00038916490224050654,0.0,0.0,0.0005249262967717743,0.0,0.0,0.000396173691287199,0.00010887575307552932,0.0,0.0,0.0,0.0,0.000829210480363215,0.0,0.0,0.0,0.0,0.0008266278676673142,0.0,0.0,0.0002977600608939509,0.00040311729428520426,0.0029610415334401503,0.0,0.0003114819811589484,0.0,0.00045655386916878827,0.0010001817890633944,0.059775765140620704,0.001491062302261342,0.0,0.0012100838258896343,0.0,0.00010367559722369532,0.0,0.0036179334871441044,0.0,0.000421250699548079,0.0,0.0,0.007167090899362961,0.0,0.000816609170276284,0.0,0.0,0.0,0.0008321255384980014,0.0,0.0,0.0,0.0,0.0,0.0,0.0,0.0,0.0,0.0,0.0,0.0,0.0,0.0,0.0,0.0,0.0,0.0,0.0,0.0,0.0,0.000844955064109485,0.0007957914913457059,0.0,0.0,0.0,0.0,0.0,0.0,0.0,0.0,0.0,0.0,0.0003996732482028022,0.0,0.0,0.0,0.0004166953674613794,0.0,0.0,0.0,0.0,0.00038630025335839433,0.0,0.0,0.0,0.0,0.0,0.0004211966569507189,0.0,0.0,0.0,0.0,0.0,0.0,0.0,0.0,0.0,0.0,0.0,0.0007633891361629574,0.0,0.0,0.0,0.0,0.0,0.0,0.0,0.0004378065918185961,0.0,0.0,0.0,0.0,0.0,0.0,0.0,0.0,0.0,0.0,0.0,0.0,0.0,0.000273964810921862,0.0,0.0,0.00041905822711199337,0.0,0.00010887575307552932,0.0,0.0,0.0,0.0,0.0,0.0,0.0004260961885417232,0.0013074923787868317,0.0,0.0,0.0,0.00040243538566461903,0.0,0.0,0.0005703148275243713,0.0,0.0,0.0,0.0,0.00030438065210924706,0.00032454671870006874,0.0,0.0,0.0,0.0007757301186086245,0.0,0.0,0.0005745169841998649,0.0003381136372428942,0.0004381598185695221,0.0,0.0,0.0,0.0,0.001108381494635541,0.0,0.0,0.00040676397628271313,0.0,0.0,0.00044123821157858873,0.0,0.0008388049950589499,0.0,0.0,0.00027851377437858625,0.0,0.0,0.0004154755055536091,0.0,0.0,0.0003166053579425681,0.0,0.0,0.0,0.0,0.000800977170933508,0.0,0.0,0.0
58,0.0,0.0,0.003915839586311477,0.0,0.0,0.0,0.0,0.0,0.000751287329578777,0.0,0.0,0.001095230309613408,0.0,0.0,0.0,0.0,0.0,0.0,0.002115371687752524,0.0,0.0,0.0,0.005775895375309468,0.0,0.0,0.0011355567127115118,0.0014315087660737532,0.0,0.002794717508347369,0.0,0.0,0.0,0.0,0.0002808976713278719,0.0,0.0,0.0,0.0,0.0,0.0,0.0,0.0,0.001234760250585038,0.0,0.0,0.0,0.0,0.0,0.013665814177765367,0.6034517410305823,0.002315598721519175,0.0,0.0,0.0,0.01667036725795849,0.0068869455255197816,0.09844559743048106,0.13735288133659568,0.0,0.023506595081928653,0.0,0.0057258074247133,0.0,0.0,0.0,0.0,0.0,0.0,0.0,0.0,0.0,0.0,0.0,0.0,0.0,0.0,0.001108732271796916,0.0,0.0012191812280728256,0.0,0.0,0.0,0.0,0.0,0.0,0.0,0.0,0.0,0.0,0.0,0.0,0.0,0.0,0.0,0.0,0.0,0.0,0.0,0.0,0.0,0.0,0.0,0.0,0.0,0.0,0.0,0.0011342098487021036,0.0021076948372699827,0.0,0.001141295572111274,0.0,0.001126525928911998,0.0,0.004853659293478145,0.0053593614732629176,0.0,0.0,0.001098091723955122,0.001066844706575117,0.0,0.001154868396682048,0.0007610205571563559,0.0,0.0,0.0,0.0034522873895993316,0.0,0.0011009785557123646,0.0011413228362606484,0.0,0.0,0.0,0.0,0.0,0.0,0.0,0.0,0.0,0.0,0.0011536345895093495,0.0,0.0,0.0008405193398265108,0.0,0.0,0.0,0.0,0.0,0.0007419287387652646,0.0,0.0,0.0,0.0,0.0,0.0,0.0,0.0,0.0,0.0,0.0011876055153784097,0.0007417269978559825,0.0,0.0,0.0,0.0,0.0,0.0013731462915944485,0.0,0.00028444087733819846,0.0,0.0,0.0,0.0,0.0,0.0011179574579053056,0.0011170819725379033,0.002688934749094493,0.0,0.0,0.0,0.0,0.0,0.0,0.0,0.0,0.0,0.0,0.0,0.0,0.0,0.0,0.0,0.0008840939553968596,0.0,0.0,0.0,0.0,0.0,0.0,0.0,0.0011755054134455038,0.0,0.0,0.0,0.0,0.0,0.0,0.0,0.0,0.0,0.0,0.0,0.0,0.0,0.0,0.0,0.0,0.0011718990306453453,0.0,0.0,0.0011244349854021977,0.0,0.0,0.0,0.0,0.0,0.0,0.0007536583700665025,0.0,0.0,0.006029780252056825,0.0012623904284800069,0.0,0.0011315769528683134,0.0011536345895093495,0.0,0.0,0.0,0.0,0.005498900478503082,0.0007402756724548711,0.0018243722344733742,0.003379116112535211,0.0,0.00028027181273407623,0.001098091723955122,0.0,0.0037229154387786885,0.0,0.0,0.0,0.0,0.0,0.0,0.0,0.0,0.0,0.0,0.0,0.0,0.0,0.0,0.0,0.0,0.0,0.0,0.0,0.0,0.0,0.0,0.0,0.0,0.0,0.0,0.0,0.0,0.0,0.0011436182146665746,0.0,0.0
59,0.0,0.0,0.0,0.0,0.0,0.0,0.0,0.0,0.0025357943903217468,0.0,0.0,0.0,0.0,0.0,0.0,0.0,0.0,0.0,0.0,0.0,0.0,0.0,0.0052937530958233414,0.0,0.0,0.0,0.0,0.0,0.0013552331782124682,0.0,0.0,0.0,0.0,0.0,0.0,0.0,0.0,0.0,0.0,0.0,0.0,0.0,0.0,0.0,0.0,0.0,0.0,0.002707999764321875,0.003994035836854015,0.02413548071494459,0.0,0.0,0.0,0.0025923944062502665,0.012241313941010188,0.01587754721962681,0.30818040199289143,0.00521733213034924,0.05212612580782408,0.0,0.0,0.0,0.0,0.0,0.0,0.0,0.0,0.0,0.0,0.0,0.0,0.0,0.001428421134759059,0.0,0.0,0.0,0.0,0.0,0.0,0.0,0.0,0.0,0.0,0.0,0.0,0.0,0.0,0.0,0.0012769918874970454,0.0,0.0,0.0,0.0,0.0,0.0,0.0,0.0012769918874970454,0.0,0.0,0.0,0.0,0.0,0.0,0.0,0.0,0.0,0.0,0.0012678971951608734,0.0,0.0,0.0,0.0,0.0,0.0013201358941234132,0.0,0.0013241079047414395,0.0,0.0,0.0,0.0013874703988889377,0.00126364664841419,0.0,0.0,0.0,0.0,0.0025901147360292004,0.0013095716177274484,0.0,0.0,0.0,0.0,0.0,0.0,0.0,0.0,0.0,0.0,0.0,0.0,0.0,0.0,0.0,0.0,0.0,0.0,0.0,0.0,0.0,0.0,0.0,0.0,0.0,0.0,0.0,0.0,0.0,0.0,0.0,0.0,0.0,0.0,0.0,0.0,0.0,0.0,0.0,0.0,0.0,0.0,0.0,0.0,0.0,0.0,0.0,0.0012433676891276293,0.0,0.0,0.0,0.0,0.0,0.0,0.0,0.0,0.0,0.0,0.0,0.0,0.0,0.0,0.0,0.0,0.0,0.0,0.0,0.0,0.0,0.0,0.0,0.0,0.0,0.0,0.0,0.0,0.0,0.0,0.0,0.0,0.0,0.0,0.0,0.0,0.0,0.0,0.0013417687433133765,0.0,0.0,0.0,0.002590727990492379,0.0,0.0,0.0,0.0,0.0,0.0,0.0,0.0,0.0,0.00938937343358889,0.0,0.0,0.0,0.008060355825662894,0.0013179533797870193,0.0026577058647728347,0.0014107506575500093,0.0025760294057923486,0.0,0.002521583813474427,0.0,0.002623786676777944,0.0,0.0026898106874737185,0.07259570699329718,0.0,0.002685682576911179,0.0,0.0,0.016920946754245228,0.0,0.0,0.0,0.41052864619270407,0.0,0.0,0.0,0.0,0.0,0.0,0.0,0.0,0.0026864910218312764,0.002702812931696555,0.0,0.0,0.0,0.0,0.0,0.0,0.0,0.0,0.0014311588367792649,0.0013225787414531344,0.0,0.0,0.0,0.0,0.0,0.0,0.0,0.0
60,0.0,0.00036144419704968754,0.0,0.0,0.0,0.0031266487608785807,0.00012475944082091927,0.0,0.0004150273090587785,0.0006964410560056836,0.0,0.0,0.0004657908550740238,0.0,0.0022940961308597764,0.0004771478334423318,0.0018893679541264782,0.04788419943749882,0.31157414397335037,0.016013404055206345,0.002008762158483435,0.06776428467366433,0.13279587778810126,0.04471257471038734,0.0,0.008610076835112649,0.01553251113094419,0.004533476094809327,0.006278852076778043,0.0011319053131404117,0.0,0.00047286667071325827,0.0,0.0,0.0,0.001405100279693112,0.0,0.04852785494581987,0.003162423470350448,0.003686972833522312,0.0,0.001410915666678286,0.0,0.0,0.0,0.17704761916254735,0.0021564995304723298,0.0,0.00045356601362046714,0.0,0.0,0.0,0.0,0.00046270718118446617,0.007427613027254762,0.0,0.0,0.00042301844039815793,0.0007792691591976926,0.0004722890279653096,0.0,0.0,0.0,0.0,0.0,0.00035332905834649066,0.0,0.0,0.0,0.0,0.0,0.0,0.0,0.0,0.0,0.0,0.00039365465079094203,0.0,0.0,0.0,0.0,0.0,0.0,0.0,0.0,0.0,0.0,0.0,0.0,0.0,0.0001850812691085278,0.0,0.0,0.0,0.0,0.0,0.0,0.0,0.000455916774317692,0.0,0.0004570004237572103,0.0004559085393520476,0.0003321807946853628,0.0,0.0019100578146099014,0.0004679654493381498,0.0015109780098759773,0.0009238694965214613,0.0,0.0008943822625997294,0.0,0.0,0.00045876189297586927,0.00046340890409270115,0.000818259846305216,0.0018530351358450427,0.00045382111834293216,0.018957661740700987,0.0,0.0,0.0004327709705696174,0.0009359674723923444,0.0,0.0,0.0,0.0011826992867092917,0.00046270718118446617,0.028090922161356016,0.0004929268286266675,0.0004546912722092479,0.0,0.0,0.0,0.0,0.0,0.0,0.0,0.0,0.0,0.00040817784887680947,0.0,0.00034261185713912003,0.0,0.0,0.0,0.0,0.0,0.0,0.0,0.0,0.0,0.0009350574563674822,0.0,0.0,0.0,0.0,0.0,0.0,0.0,0.0,0.0,0.0,0.0,0.0,0.0,0.0,0.0009226619245375346,0.0,0.0,0.0,0.0,0.0004430670687850272,0.0,0.0,0.0015683317084264124,0.0,0.0,0.00048818597590216087,0.0,0.0,0.0,0.0,0.0,0.0,0.0,0.0,0.00011091029485416541,0.0,0.0,0.00046125184564311465,0.0,0.0,0.000507194752783437,0.0,0.0,0.0,0.0,0.0,0.0,0.0,0.0,0.0,0.0,0.00031098162048137743,0.0,0.0,0.0,0.0,0.000477583203277797,0.0,0.0,0.0,0.0,0.00011733812099764357,0.0,0.0,0.0,0.0008222344786509352,0.0,0.0,0.0,0.0009559725600894518,0.0,0.0,0.0,0.0,0.0004649955141366801,0.0,0.0,0.00045406036308189127,0.0,0.0,0.00037606051810262585,0.0004927970176963389,0.0,0.0,0.0,0.00036144419704968754,0.0,0.0,0.0,0.0,0.00047948208358256604,0.0,0.0,0.0,0.0,0.004529970979085239,0.0,0.0,0.0,0.00045785755247325615,0.00046087178176718225,0.0,0.0008883204936793942,0.0,0.0,0.00046523618123133756,0.0,0.0,0.0,0.0,0.0,0.0,0.0,0.0,0.0,0.0,0.0,0.0,0.00042981099361328375,0.0004920391647605458,0.0,0.0007980268941029,0.0,0.0,0.0,0.0,0.0,0.0
61,0.0,0.0,0.0,0.0,0.0,0.0,0.0,0.0,0.000344676519252426,0.0,0.0,0.0,0.0,0.0,0.0007409544686778685,0.0,0.0,0.0,0.0,0.0005553885098521439,0.0,0.0006357894039208646,0.007852937882734366,0.0,0.0,0.0005380091577173227,0.00090127185940193,0.0,0.002625837979927558,0.0,0.0,0.0005735602544856202,0.0005520552148016957,0.0,0.0,0.0,0.0,0.0,0.0,0.0,0.0,0.0,0.0,0.0,0.0010034740209830092,0.0005522141204201104,0.0,0.0009815756371650932,0.27663138231423356,0.39483375283695243,0.002266143280310214,0.0,0.0012002329324164716,0.0011203452812750512,0.013852799855080762,0.003704121940652909,0.002955398483563968,0.08816209237610885,0.009327235946047927,0.0005360250209387922,0.0,0.0,0.0005287883006725927,0.0,0.0,0.0005243986585123363,0.0,0.0,0.0,0.0,0.0,0.0,0.0,0.0,0.000352331721641572,0.0,0.0,0.0,0.0,0.0,0.0,0.0,0.0,0.0,0.0,0.0015327652529361394,0.0009997281342397457,0.0,0.0,0.0,0.0,0.0003702548533597882,0.0005184855017505029,0.0,0.0,0.0,0.0,0.0005433664342219371,0.0005332618805646146,0.0,0.0,0.0,0.0,0.0,0.0,0.0,0.02726486049547523,0.0015989308518463148,0.0,0.027818830562130043,0.0,0.0,0.0005247628037047874,0.020366170642068977,0.007522366435325424,0.0,0.06101979995108268,0.0,0.0,0.0014006868002232496,0.0009001119488142321,0.0005287165804823618,0.0010094426048092822,0.0005471668864533923,0.0,0.00354932419307095,0.000580646504163326,0.0035783312286627364,0.0,0.000526396979126585,0.0,0.0005781160374420085,0.0,0.0,0.0,0.0,0.0,0.0,0.0,0.0,0.0005014855651204917,0.0,0.0,0.0,0.000538688395752795,0.0,0.0,0.0,0.0,0.0004911010191839218,0.0,0.0,0.0,0.0,0.0,0.0,0.0,0.0,0.0,0.0,0.0,0.0,0.0,0.0,0.0,0.0,0.0,0.0,0.0,0.0,0.0,0.0,0.0,0.0,0.001960060572604701,0.0,0.0003606166102087295,0.0,0.0,0.0,0.0,0.0,0.0,0.0,0.0,0.0,0.0,0.0,0.0,0.0,0.0,0.00048553465200455124,0.0,0.0006856064745707402,0.0,0.0,0.0,0.0,0.0,0.0,0.0,0.0003702548533597882,0.0,0.0,0.0,0.0005424006325981613,0.0,0.0,0.0,0.0,0.0,0.0,0.0,0.0,0.0,0.0,0.0,0.000514513410766836,0.0,0.0,0.0,0.0004167744270846565,0.0,0.0,0.0005203777692024574,0.0,0.0,0.0004647170816453474,0.0,0.0,0.0,0.0004057840170477599,0.0,0.001700394080358381,0.0,0.001051809996791657,0.0005331993070689368,0.0,0.0,0.0024716864168636984,0.0,0.0,0.0,0.0,0.0004966976119951343,0.0,0.0,0.003694961639534236,0.0,0.0,0.0005388289082956921,0.0,0.0,0.0,0.0,0.0,0.0,0.0,0.0,0.0,0.0,0.0,0.0,0.0,0.0,0.0,0.0,0.00040458770762006,0.001638470896135002,0.0005229302416805224,0.0,0.0,0.0,0.0,0.0,0.0,0.0010232001728039913,0.0,0.0,0.0
62,0.2378283637828414,0.0,0.0,0.0011245539428658257,0.0,0.0,0.0006362167601076186,0.0,0.0,0.0,0.005152706170061615,0.0,0.0,0.0,0.003745761111131357,0.0,0.0,0.0,0.0,0.0,0.0006911955001469043,0.0,0.011440125400037526,0.0,0.0,0.0012438960259779507,0.003465649029674463,0.004080316388583555,0.004100535603690699,0.0,0.0,0.0022325498349933183,0.0,0.0,0.0,0.0,0.0,0.0,0.000277859645776779,0.0,0.0,0.001097985227793043,0.0,0.0,0.0,0.0,0.0,0.0,0.0,0.0,0.0,0.0,0.0,0.0,0.0,0.0,0.0,0.0,0.0,0.0,0.0012167600004794068,0.0,0.0,0.0,0.0021566161733256282,0.2788413956566339,0.003281932527243492,0.00228690434872392,0.0,0.006067101798949337,0.2113881667884417,0.0033117113987920083,0.004799444028013646,0.09906797607177759,0.0033087949233725033,0.04113305722779052,0.008833129927150182,0.004429728257921127,0.001095174341670815,0.003761992984545936,0.0019302352891186786,0.0,0.0,0.0,0.0,0.0,0.0011092884117049255,0.0,0.0012167600004794068,0.0,0.0,0.0,0.0,0.0,0.0,0.0,0.0045060633357021295,0.0,0.0,0.0012511040327510023,0.0,0.0,0.0,0.0,0.0,0.0,0.0,0.0,0.0010448496728297772,0.0,0.0,0.0,0.0,0.0,0.0,0.0,0.0,0.0,0.0,0.0,0.0,0.0,0.0,0.0,0.0,0.0,0.0,0.0,0.0,0.0,0.0,0.0010754761889205594,0.0,0.0,0.001076542232498442,0.0011195064233801553,0.0,0.0015375932718539006,0.0,0.0,0.0021569361268029396,0.005154441852411545,0.0,0.0,0.0010687958493166285,0.005497792094997276,0.0,0.0,0.0,0.0,0.0,0.0,0.0,0.0,0.0010987124944081183,0.0010778621897883137,0.0,0.0,0.0,0.0,0.0,0.0,0.0,0.0011200553134058646,0.0,0.002918515396331805,0.0,0.0,0.0007277327755173444,0.0,0.0011554958226461776,0.0,0.0,0.0,0.0,0.0,0.0,0.0,0.0,0.0011349046268601679,0.0011675463108089857,0.0,0.0,0.0,0.0,0.0,0.0,0.0,0.0,0.0,0.0,0.0,0.0,0.0,0.0,0.0011547575596686864,0.0,0.0,0.0,0.0,0.0,0.0,0.0,0.0,0.0,0.0,0.0,0.0,0.0,0.0,0.0,0.0,0.0,0.0,0.0,0.0,0.0,0.0,0.0,0.0,0.0,0.0,0.0,0.0,0.0,0.0,0.0,0.0,0.0,0.0,0.0,0.0,0.0,0.0,0.001095174341670815,0.0,0.0,0.0,0.0,0.0,0.0,0.0,0.0,0.0,0.0,0.0,0.0,0.0,0.0,0.0,0.005506257507612643,0.0,0.0,0.0,0.0,0.0,0.0,0.0,0.0,0.0,0.0,0.0,0.0,0.0,0.0,0.0,0.0,0.0,0.0,0.0,0.0,0.0,0.0,0.0,0.0,0.0,0.0,0.0,0.0,0.0
63,0.00213012960225056,0.0,0.0,0.0,0.0,0.0,0.0,0.0,0.0,0.0,0.0007443522790910159,0.0,0.0,0.0,0.0,0.0,0.0,0.0015277762972842118,0.0,0.0028700504561293295,0.0,0.0,0.015758227791258305,0.0,0.0,0.0014333146676449263,0.000709820419361253,0.0020696977327099783,0.0014627539622199925,0.0007500121256967724,0.0,0.0006841669296210981,0.0,0.0,0.0,0.0,0.0,0.0,0.0,0.0,0.0,0.0,0.0,0.0,0.0,0.0,0.0,0.0,0.0,0.000663463275238797,0.0007847100960019783,0.0,0.0,0.0,0.0,0.0,0.0,0.0,0.0,0.0,0.0006986331427127808,0.0,0.0013834843060670018,0.0,0.0014566809714621157,0.03775108142296248,0.020675243769172257,0.03421636221015236,0.0,0.0,0.03796279659723538,0.2573943381317783,0.0021654160180427894,0.0007832481131950037,0.003515539275673212,0.0013755378839560716,0.0006988367670868991,0.10445961000199291,0.0,0.0837729063333922,0.0,0.0,0.000694575823022153,0.0,0.0007148260713001159,0.0,0.0,0.0014111166483902094,0.0,0.0,0.0007388780910469449,0.0,0.0,0.0,0.0,0.0006843761420350483,0.0007242035324712142,0.0,0.0,0.0,0.0006959464949913766,0.0,0.0,0.0,0.0,0.0,0.0,0.0,0.0,0.0,0.0,0.0,0.0,0.0,0.0,0.0006909159072155082,0.0,0.0,0.0,0.0,0.0,0.0,0.0,0.0,0.0,0.0,0.0,0.0,0.0006999000668186882,0.0,0.0014187794628657611,0.0,0.000709820419361253,0.000737503070074482,0.000776591281116366,0.0014156646921584582,0.0,0.0,0.0007319476283334642,0.0,0.036056816059445454,0.0007170322575614233,0.0014221892299770156,0.000709820419361253,0.015112423941127426,0.0056165514627666445,0.0,0.0,0.0,0.0006904664236442384,0.0,0.0,0.0,0.0,0.0028337255253237962,0.17015948526168823,0.0,0.002231560430402758,0.0006947803050844001,0.0,0.0006781216907744941,0.0013718943251269538,0.0021901921710634794,0.000753167807732828,0.0,0.05057440207682333,0.0020763389072147647,0.05263393045898895,0.0021263678740989656,0.0071799185116169706,0.0007593170717544243,0.0,0.0,0.0007065786171690708,0.0,0.0,0.0,0.0,0.0,0.0,0.0,0.0,0.0006985594241991663,0.0,0.0,0.0,0.0,0.0,0.0,0.0,0.0,0.0,0.0,0.0007617777916371118,0.0,0.0,0.0,0.0,0.0,0.0,0.0,0.0,0.0,0.0,0.0,0.0,0.0,0.0006774153954155776,0.0,0.0,0.0,0.0,0.0,0.0,0.0,0.0,0.0,0.0,0.0,0.0,0.0,0.0,0.0,0.0,0.0,0.0,0.0006774153954155776,0.0007082616038316443,0.0,0.0007042453442854663,0.0,0.0,0.0,0.0,0.0,0.0014236994141907824,0.0,0.0,0.0,0.0014617066025456962,0.0,0.0,0.0007397753412392439,0.0,0.0,0.0,0.0,0.0,0.0,0.0,0.0,0.0,0.0,0.0,0.0007018796232171414,0.0,0.0,0.0,0.0,0.0007173317023205383,0.0,0.0,0.0,0.0,0.0006896156223641976,0.0,0.0,0.0,0.0,0.0,0.0,0.0,0.0,0.0,0.0,0.0,0.0,0.0,0.0,0.0
64,0.001601098928936485,0.0,0.0004597055502164797,0.0009754088842540981,0.0005016790789213365,0.0,0.005580180129426782,0.0,0.0004816833208476411,0.00042922693169932956,0.00044818664892776574,0.0,0.0,0.0,0.001984167925149391,0.0004909189198323423,0.0,0.0012949581616186836,0.0,0.0008535226381873923,0.0,0.0004816833208476411,0.030575741023653045,0.0,0.0,0.0009675373644693419,0.002442204789924896,0.004988380463106239,0.004081638638250264,0.0004623753525159643,0.0,0.0009750277547738269,0.0,0.0005612841296629179,0.0,0.0,0.0,0.0,0.0008343885485390557,0.0,0.0,0.0004739179596875066,0.0,0.0,0.0,0.0,0.0,0.0,0.0,0.0,0.0,0.0,0.0,0.0,0.0,0.0,0.0,0.0,0.0,0.0,0.0,0.0,0.0009549350159438266,0.0004916888571588215,0.0,0.012536739434171756,0.0009341997925220685,0.0004895357883304335,0.003565916190981142,0.2474717791806707,0.0009620529630221066,0.0,0.09497093652174558,0.030486366017794423,0.014647482138650691,0.15202733241937028,0.32418361759879266,0.0,0.025408093602179552,0.0014407394154921632,0.007151885082791013,0.0,0.0009399509388483894,0.0,0.0,0.0,0.0,0.0,0.0,0.0,0.0004895797061095275,0.0,0.0,0.0,0.0004921107222939251,0.0,0.00048407523097833877,0.00046923492887625555,0.0004186025064723562,0.0,0.0,0.0,0.0,0.0,0.0,0.0,0.0,0.0,0.0,0.00046393660757926367,0.0,0.00046053854594782425,0.0,0.0,0.0,0.0,0.0,0.0,0.0,0.0,0.0,0.0,0.0,0.0005773741048988935,0.0,0.0004708597849654878,0.0,0.00031528244262195087,0.0,0.0,0.0,0.001485503963073441,0.0,0.0,0.0,0.00048787933562221766,0.0,0.0,0.0,0.0,0.0,0.001759113227604538,0.0,0.0,0.0,0.0004991954893854838,0.0,0.0,0.0,0.0,0.0,0.0,0.0,0.0,0.0,0.0,0.0,0.00047640340236536447,0.0,0.0,0.0,0.0,0.0004930157899301809,0.0,0.0004909161017032176,0.0014726152155059332,0.0,0.0,0.0,0.00047324056097962873,0.0,0.0,0.0,0.0,0.0018760218977766055,0.0,0.0,0.0,0.0,0.0,0.0,0.0,0.0,0.0,0.0,0.0,0.0,0.0,0.0,0.0,0.0,0.0,0.0,0.0,0.0,0.0,0.0,0.00048289089505553835,0.0,0.0,0.0,0.0,0.0,0.0,0.0,0.0,0.0,0.0,0.0,0.0,0.0,0.0,0.0,0.0,0.0,0.0,0.0,0.0,0.0,0.0,0.0,0.0,0.0,0.0,0.0,0.0,0.0004927693619222695,0.0,0.0,0.0,0.0,0.0,0.0,0.0005126434903542814,0.0,0.001237225501860689,0.0,0.0,0.0,0.0006403639571050005,0.0005170739096850059,0.0,0.0,0.0,0.0012559301868185018,0.0,0.0,0.0,9.743571059433781e-05,0.0,0.0,0.0,0.0,0.0,0.0,0.0,0.0,0.0,0.0,0.0,0.0,0.0,0.0,0.0,0.0,0.0,0.0,0.0,0.0,0.0,0.0,0.0,0.0,0.0,0.0,0.0,0.0,0.0,0.0,0.0
65,0.022355778350486553,0.00024700011177910327,0.00024816026629618414,0.00020407098260869123,0.0,0.0,0.0009957525481385325,0.0005028087932193741,7.174556223334344e-05,0.00020672326987859418,6.747427493094999e-05,0.0004892403985202665,0.0,0.0,0.00441624450005259,0.0004998322961580801,0.0004537822959933605,0.0012297405939796023,0.0010293916589771454,0.0017035073777714154,0.0,0.0005101150713950456,0.05405101518109531,0.0,0.0007717377573573806,0.0077676523205907864,0.0034603709960874607,0.006862160540421125,0.0060477156596999565,0.0004910989946891962,0.0,0.0019286219984835555,0.0,0.0009060039650349375,0.0008189785278669094,0.0,0.0002520603620729936,0.0,0.0012563485837331898,0.0,0.0,0.002294991465543394,0.0007312618288416292,0.0002157405037645508,0.0,0.00020335634819070305,0.0007577478065657127,0.0002418448136942723,0.000829103454831082,0.000701334292916633,6.218273582465348e-05,0.0,0.0,0.0,0.00024017390905144183,0.0,0.0004004051403003397,0.0,0.0,0.0,0.0007927571342252168,0.0,0.06342239839403215,0.012992564435506419,0.005366043833431589,0.0,0.03618949039680961,0.009247148636712239,0.0014315012164063392,0.00835174586083849,0.0768914730712483,0.005942449113081805,0.09887909803106844,0.005461277490078831,0.022058301141784625,0.17281091315028616,0.0363558321711857,0.15031527213545204,0.0016622500879131285,0.07069113014500104,0.0022902282402586095,0.00019474889384229024,0.0012728686323052287,0.0007895111932333182,0.0,0.0,0.00052989548330345,0.0,0.0,0.0,0.00023349468998442715,0.00029561820584193073,0.0002257586286780337,0.0009561001491593616,0.0,0.00021210927069004924,0.0027090731046806446,0.0005256223799146595,0.0007916376406533284,0.0,0.00048084471914723516,0.0,6.050801579047616e-05,0.0,0.0,0.0,0.0,0.0,0.0,0.0,0.0,0.00025448462232699785,0.0001553409940212507,0.0,0.00023642311784441528,0.00022385151542613088,0.0,0.0009356994194761663,0.00025640691695553097,0.0,0.0,0.00024044685418993301,0.0,0.00028932616100579096,0.0,0.001775706715718694,0.00025935379895061696,0.0,0.0004394914785692892,0.0005029812634974587,0.0004953964377125838,0.0019809764691190155,0.0,0.0,0.0,0.0011652926204269848,0.0,0.0006743124315563621,0.0004345870046267373,0.0,0.0012647026841764864,0.004350894251854032,0.0002408893099173293,0.00023894961932020492,0.0015510440803454253,0.006899696688979245,0.00026063750917613515,0.0005132605922595041,0.0004443076584971996,0.0,8.309128632202508e-05,0.00023854225153289597,0.0016531641634095237,0.0,0.00026000993170103616,0.001414428837383206,0.0,0.000483640044927082,0.0,0.0002553180828917433,0.0007124770243788548,0.00025376932266300795,0.00034142511127329827,0.0012005720721074329,0.0,0.01263135512598561,0.001972815358884621,0.0014472941453519085,0.0008024175554403019,0.0011959306101130213,0.00026493709996925296,0.0,0.0,0.0002549900080783715,0.0014419242832265095,0.0,0.0002400414757812184,0.0,0.0,0.0002483248203089441,0.00047449851328111993,0.00023349468998442715,0.00028858843943708725,0.0,0.0,0.0,0.0002536527883253027,0.0,0.0002314214978108554,0.0013036209863800967,0.0,0.00023320966293706867,0.00024479357066076613,0.0004559663669225778,6.21428009066678e-05,0.0,0.0,0.0,0.0,0.0,0.0,0.0,0.0,0.00033850271384466173,0.0,0.0,0.0,0.0,0.0002607853098458865,0.0002464504407180538,0.0,0.0,0.00011520888101283885,0.0,0.0,0.0,0.00024584014410828606,0.000486048243032816,0.0007158523093393854,0.00026000993170103616,0.0,0.0012719729384856485,0.0005023339596952786,0.0,0.0,0.0,0.002146849226064048,0.0004907752885104493,0.00021829297351995386,0.0,0.0007621509468020036,6.840371369031884e-05,0.0,0.0002323605481699173,0.0008680516031526624,0.0009510252879889374,0.0,0.0004981927791166179,0.0,0.0036796112102278644,0.0002468891490924936,0.0,0.0005162352264794873,0.0,0.0007492584258453345,0.0,0.0,0.0017658290865884827,0.0,0.00026229136941729276,0.0,0.0002491910268575727,0.0,0.0,0.0012384100272836555,0.00025301833182505456,0.0,0.0,0.0,0.0,0.0,0.0,0.0023274466811451944,0.00045150515758190005,0.0,0.0,0.0,0.00022466466744093609,0.0,0.0,0.0,0.0004908600027466628,0.0,0.0004794830584159859,0.0004431120766932118,0.0,0.0007417192058498597,0.00022255193184516343,0.00024928541412215483,0.0005142713357961016
66,0.0030426877397633162,0.0,0.0,0.0,0.0,0.001012859443123446,0.0,0.0,0.0,0.0,0.002048003675638356,0.0009829413961106102,0.0,0.0,0.000535027643819508,0.0,0.0,0.0,0.0,0.0009833519919572823,0.0,0.0009808930341265144,0.04183799045862069,0.0009783284736477977,0.001028860784315861,0.00508221046750827,0.0054884588326824975,0.007676956935720177,0.009573072016658456,0.0,0.0,0.0019473908975878276,0.0,0.0017066703561009254,0.002150267338446846,0.0034048735752137435,0.0,0.0,0.0020434205150935253,0.0,0.0,0.0017001061775062576,0.0,0.0,0.0,0.001108186333886891,0.001061289967664902,0.0,0.0018369601418836614,0.0,0.001025894695975124,0.0,0.0,0.0,0.0,0.0,0.0,0.0,0.0,0.0,0.0006891285862432753,0.0,0.0004506470469339081,0.0168622806054746,0.0,0.12486567636518048,0.0,0.17055088141121155,0.0005236841215701655,0.003949483897616868,0.0037014310082487127,0.012540128016551093,0.0035327257797355123,0.0007352980436285044,0.016063193715931446,0.0033980015191894418,0.010963631374348037,0.36951915604407837,0.0010022748763204932,0.004026070756834291,0.006409424318803432,0.0,0.0022638292656685754,0.0007582864256835747,0.0,0.0,0.002003202582054291,0.0,0.0017017969867326609,0.0,0.0,0.0009034395649982182,0.0,0.0029699996850075443,0.0,0.001735521066517132,0.002885791409702173,0.0,0.0,0.0,0.0,0.0009809638850645731,0.0,0.0,0.0007030896228587046,0.0,0.0,0.0,0.0,0.001028860784315861,0.0,0.0,0.002057721568631722,0.0006965970262704703,0.00148820916707987,0.0,0.0,0.0002433565950153745,0.0,0.0,0.0,0.0023453031196320126,0.0,0.0016355525661594255,0.0,0.003961676121822162,0.0,0.0,0.0,0.0,0.0006621481960195247,0.001980964581917463,0.0,0.0,0.0,0.0,0.0,0.0,0.0,0.0009878902956835499,0.0017456360758448574,0.0012857993406940893,0.0007000273715349774,0.0,0.0,0.013681000161474896,0.0015180136686074029,0.0,0.002366991486685799,0.0010060939542033537,0.0,0.0,0.0026384551520649896,0.0,0.0008809216655619981,0.004331080511892708,0.0,0.0007207456042623208,0.0002353505912627042,0.004644150262316458,0.003603308969218068,0.0007684739780330596,0.0,0.0022822545610450794,0.0,0.012868993861278837,0.0,0.002723498471489998,0.0,0.0,0.0007085841306834293,0.0005177978909562898,0.0002791178190720137,0.0,0.0052815801293371436,0.0007311187017377729,0.0,0.0,0.0009933401236112362,0.0,0.0,0.0009351751735679919,0.001028860784315861,0.0,0.0,0.0,0.0,0.0,0.001028860784315861,0.0020417956116649924,0.0,0.001028860784315861,0.0,0.001028860784315861,0.0017195484055789188,0.0,0.0,0.0,0.0,0.0,0.0,0.0017207841497952315,0.0,0.0,0.0,0.0,0.0,0.0,0.0,0.002057721568631722,0.0,0.0,0.0,0.0,0.0007839318263151875,0.0,0.0,0.0,0.0005168600922072198,0.0018962283408367863,0.0,0.0,0.0,0.0,0.0,0.0,0.0010152567441165383,0.0,0.0,0.0,0.0,0.0,0.0023592001536730895,0.0,0.002050705171758228,0.0020053505495710895,0.0,0.0020237213698326515,0.0,0.009020791759074333,0.0,0.0,0.0,0.0,0.0,0.0,0.0,0.0056882144919826565,0.0,0.0005168600922072198,0.0007150015881305481,0.0,0.0,0.0,0.0,0.0,0.0,0.0024838696196726358,0.0,0.0009922667861757082,0.0,0.0,0.0029735359357776613,0.0,0.0,0.0,0.0,0.0,0.0,0.0,0.0,0.0,0.0,0.0007152827607347419,0.0,0.0,0.0005582356381440274,0.0,0.0,0.001567863652630375
67,0.0,0.0,0.0,0.0014319630641428274,0.0,0.0,0.000721285124691533,0.0,0.0007192953040696239,0.0,0.0006907092388427268,0.0,0.0,0.0,0.0007054047902041806,0.0,0.0006822671429668872,0.0,0.0007155386187965147,0.0,0.0,0.0,0.009129092857074752,0.0,0.0,0.0006921625684480556,0.0007233850830094181,0.0007402053095407871,0.001421934963271937,0.0,0.0,0.0006684240233053098,0.0,0.0,0.0006865610719372874,0.0,0.0,0.0,0.0,0.0,0.0,0.0,0.0,0.0,0.0,0.0,0.0,0.0,0.0007011451279977555,0.0,0.0,0.0,0.0,0.0,0.0006400316189356295,0.0,0.0,0.0,0.0,0.0,0.0,0.0,0.0020678760852371916,0.05070411579411002,0.0,0.052554777413298455,0.1633021457123418,0.0,0.0,0.0020833001498996077,0.0014316644286171804,0.18568635704590172,0.0020038465388825346,0.0,0.0,0.0013898306901210173,0.0014997672028452134,0.46129057728965617,0.0006515386079772408,0.006851659742488909,0.0020817567475172444,0.0,0.0013775432606904197,0.0,0.0,0.0,0.0,0.0,0.0,0.0,0.0006917584790723062,0.0,0.0,0.0,0.0,0.0,0.0,0.0,0.0,0.0,0.0,0.0,0.0,0.0,0.0,0.0,0.0,0.0,0.0,0.0,0.0,0.0,0.0007086270689322718,0.0,0.0,0.0006430186125306594,0.0,0.0,0.0,0.0,0.000718279086112385,0.0,0.0,0.0,0.0,0.0007086270689322718,0.0,0.0,0.0,0.0,0.0,0.0013486586878679013,0.0,0.0,0.0,0.0,0.0,0.001439659040213091,0.0,0.0,0.0007624112972670979,0.001332807970985665,0.0,0.0,0.0,0.0013732835984839944,0.0,0.0007011451279977555,0.0,0.0,0.0,0.0,0.0,0.0,0.0006552307866423888,0.002764869640641269,0.0,0.002137712673627177,0.0,0.0,0.0013206317876747558,0.0,0.0,0.0015172717950692792,0.0,0.009905761120976735,0.0,0.0026643177800996795,0.0,0.0,0.0,0.0,0.0,0.0,0.0,0.0,0.0,0.0,0.0,0.0,0.0,0.0,0.0,0.0,0.0,0.0,0.0,0.0,0.0,0.0006883292486229237,0.0,0.0,0.0,0.0,0.0005596572770638252,0.0,0.0,0.0,0.0,0.0,0.0,0.0,0.0,0.0,0.0,0.0,0.0,0.0,0.0,0.0,0.0,0.0,0.0,0.0,0.0,0.0,0.000755067330362461,0.0,0.0,0.0,0.0014331834404021269,0.0,0.0,0.0,0.0006991041984428158,0.0,0.0007086199287905231,0.0,0.0,0.0,0.0,0.0,0.0,0.0,0.0,0.0,0.0,0.0014172398575810461,0.0,0.0014306124796839134,0.0007298171080285181,0.0,0.0,0.0006822671429668872,0.0,0.0,0.0,0.0,0.0,0.0,0.0,0.0,0.0,0.0,0.0,0.0,0.0,0.0,0.0,0.0,0.0,0.0007210431776024969,0.0,0.0,0.0,0.0,0.0,0.0,0.0006399651873486557,0.0006741961397581888,0.0,0.0007173663065825781,0.0,0.0,0.0,0.0,0.0007032969368164191,0.0,0.0,0.0
68,0.0,0.0,0.0,0.03270818145114337,0.0003581266561505831,0.00036727891163391025,0.0,0.13925418026335,0.0003404760187310575,0.0,0.000361817236581204,0.0,0.0,0.0003466953259843825,0.0021207279542892633,0.0,0.0,0.0,0.0007364452111114743,0.0017292880327688285,0.00023382564402759162,0.0,0.018022257456084587,0.0,0.00036071067101417536,0.004510202075147591,0.0029517149639105384,0.002911960122253087,0.003877122057819803,0.001017372322648918,0.0003535031647327146,0.00023382564402759162,0.00035521273804108315,0.0,0.0005766209043996913,0.0,0.0,0.0004341723109005568,0.0009290700964370356,0.0,0.00025969226800690037,0.0010785903618828396,0.0,0.0,0.0,0.00030880376124736,0.0,0.0,0.0003458389769035275,0.0005032993438288068,0.0,0.0,0.0,0.0,0.00030880376124736,0.0,0.0,0.0006360470501221878,0.0,0.0,0.00035363847521973117,0.0,0.0,0.0003592969470986378,0.0016106723485166867,0.0020170788287253044,0.003211475199720598,0.0,0.0,0.0038816748625731612,0.0003580390777702735,0.0,0.004524004425132979,0.0,0.07395955226278274,0.0007228771399549356,0.5549677769199289,0.0006777979483480357,0.00368768558002777,0.00034571441966658274,0.08445386163726706,0.005377681954626878,0.008411167130184962,0.0007716698132116573,9.002566266749396e-05,0.0,0.000364987161114797,0.002254640222562831,0.0003575239959964635,0.0,0.0007128080884955003,0.003007976561829838,0.0,0.0012390040256079473,0.0,0.0,0.0042091844215043734,0.0006002117628814263,0.0,0.0,0.0003458389769035275,0.0,0.0006203876512957789,0.0,0.0,0.0003422066873590412,0.00045600212534132337,0.0,0.0007105681849980736,0.0,0.0,0.0,0.0,0.0,0.000717614742268946,0.0003657639646485272,0.0,0.0,0.0,0.0,0.0,0.0,0.0,0.0,0.0,0.0003570424433468039,0.0,0.0,0.0,0.0006600504481674717,0.0007183499185022553,0.0003310889613600884,0.0,0.0,0.0,0.0,0.0,0.0,0.0,0.0,0.0,0.00036621570261434407,0.0,0.0003529306004507942,0.0,0.0013902205267152352,0.0,0.0,0.0003363412929162012,0.0,0.0,0.0,0.0014228732184308345,0.0,0.0,0.0,0.0,0.0,0.0,0.0,0.0,0.0,0.0,0.0,0.0,0.0007304740527130076,0.0,0.0,0.0,0.0,0.0,0.0,0.0,0.0,0.0007167706068024493,0.0,0.0,0.0,0.0,0.0,0.0,0.0,0.0,0.0,0.0,0.0,0.0,0.0,0.0,0.0,0.0,0.0,0.0,0.0,0.0007098128475170911,0.0,0.0,0.0,0.0,0.0,0.00022104217298431168,0.0,0.0,0.0,0.0,0.0,0.0003533993465904785,0.0,0.0,0.0,0.0,0.0,0.0,0.0,0.0003596501226867977,0.0,0.00035209126656616477,0.0003520501131852258,0.0,0.0,0.0,0.0,0.0,0.0,0.0,0.0,0.00035018112227271466,0.00036649111592991675,0.0,0.0,0.0,0.0,0.0,0.0,0.00036444996578094115,0.00037789924245858994,0.0,0.00025690643945934234,0.0,0.0003571940385453843,0.00037618110892800145,0.0,0.00024366658523121182,0.0,0.0,0.0,0.0,0.0016391679320354364,0.0,0.0,0.0,0.0,0.00034554029052820504,0.0,0.0,0.0,0.0,0.0,0.0,0.0,0.0,0.0003597319221243916,0.0,0.0,0.0,0.0,0.0,0.0,0.0,0.0,0.0,0.0,0.0,0.0003482048836522159,0.0,0.0,0.000265709748843302,0.0,0.0,0.0
69,0.0034635790972912996,0.0002035803139619755,0.0004482577013059698,0.001325437304510775,0.0,0.0,0.10647625113865175,0.0002283529958639461,0.0,0.00023126116080676853,0.00509138152232312,0.0,0.0,0.0,0.008571483459455055,0.0,0.00038966316290802415,0.0016005096510344676,0.0004465768458968475,0.0033735803160441424,0.00037183888561518973,0.0,0.08171004230864291,0.0,0.001600280703510011,0.005212105731891643,0.00469128298021492,0.12751683989670193,0.040934932906613264,0.0004466722405165064,0.0,0.006350080964224636,0.000220585047089178,0.0,0.0,0.0,0.0,0.0,0.0014143748691744418,0.00023306610499988935,0.00021831339274126977,0.0003533712515354879,0.0,0.0,0.0,0.00036683985058835066,0.0,0.0,0.0,0.0002197790811468826,0.0,0.0,0.0,0.0,0.0004943817319487866,0.0,0.0,0.0,0.0,0.0,0.00024332384117772542,0.00038933203830981365,0.00047944141744600685,0.0,0.08761084784711125,0.004460313992174361,0.0004966201383112185,0.0010158516710938434,0.0002876107255835613,0.0,0.0005105759633087129,0.0,0.005464802934894754,0.03130104984838257,0.004677493341314233,0.0024870268535312264,0.2833125739383736,0.0,0.1433413356712914,0.0,0.002117068006393298,0.00022876513379600614,0.0008995486901137561,0.00022478673613758027,0.00021775914296764503,0.0004662429420386431,0.0,0.0,0.0,0.0,0.0005239257490256137,0.0,0.0,0.0004457802984638898,0.00024887899390479057,0.0006581436071366664,0.0018371666863553249,0.00024806491434104053,0.00022891945277296363,0.00022439306637707444,0.0,0.00022802048064314004,0.0002181919860273089,0.0,0.0,0.0,0.0,0.00022389932682663407,0.0,0.0002495853715798269,0.0,0.00023725607204188305,0.0003630259167473014,0.00016584678813565988,0.0,0.00022008515205032913,0.0,0.0,0.00022103919095514915,0.0002875147500181623,0.0,0.0,0.0,0.0,0.0,0.0010411236001690919,0.0,0.00013227755951741927,0.0,0.00022155077547994612,0.0,0.0007591554382958457,0.0,0.0,0.0,0.00021341349143131686,0.00038708079982610757,0.0,0.0,0.0,0.00016464876760418124,0.0006899252207427274,0.0,0.0,0.00022378809590214944,0.00023912340881924855,0.0,0.00037003527031554735,0.0,0.0,0.0,0.0,0.00022854228437046073,0.0,0.0,0.0,0.0,0.0,0.0,0.0,0.00022183730983072212,0.00020695552781276852,0.0,0.0,0.0,0.0006120747055214102,0.0,0.00022854228437046073,0.0,0.0,0.00015813907881967768,0.00022451764590434648,0.0,0.0,0.0003819373566285392,0.0,0.0,0.0,0.00019493188834507705,0.0,0.0,0.0007877078009101797,0.00021410623345028153,0.0,0.0,0.0,0.0,0.0,0.0,0.00023813553113863272,0.0,0.0,0.0,0.00044461942375027835,0.0,0.0,0.0,0.0,0.0,0.0,0.0,0.0,0.0,0.0,0.00021709727622112686,0.0,0.0,0.0,0.0,0.0,0.0,0.0,0.0,0.0,0.0,0.0,0.0,0.0,0.0,0.0,0.0,0.0,0.0,0.0,0.0,0.0,0.0006913592157971042,0.00028238354693281727,0.0,0.0,0.0,0.0,0.0002264581798716568,0.00046113919783293163,0.0,0.0012726512543026164,0.0,0.00022103212713596893,0.0,0.001289129483203889,0.00037338814611315814,0.00023942436924075068,0.00046771983659316753,0.0,0.0,0.0,0.0,0.0009092656971178586,0.0,0.00022107504274636788,0.0,0.0,0.0,0.00043167050309918974,0.00045515978060282317,0.0,0.00022147148934021466,0.0005895349807402071,0.0,0.00021014758201271105,0.0,0.00022875238854180093,0.0,0.0,0.0,0.0,0.0,0.0,0.0,0.0,0.0,0.0,0.0,0.0,0.00015369272887420525,0.0,0.00020887744567989753,0.0,0.0,0.000777588934679649
70,0.09347512728346148,0.0,0.0,0.0,0.0,0.0,0.0,0.000912087327861318,0.0,0.0,0.0017781832399812545,0.0,0.0,0.0,0.0009082288557201706,0.0,0.001652150190409472,0.0017478025882797436,0.0,0.0,0.0008153809166974269,0.0008727872570596956,0.02213006071848936,0.0,0.0008979270077681548,0.0,0.0018313241127828543,0.0,0.0015219748124976691,0.0,0.0,0.0008727872570596956,0.0,0.0035650610122098165,0.0,0.0008779657602551511,0.0,0.0,0.001698854975214249,0.0,0.0009134630486617933,0.0009019405312340166,0.0,0.0,0.0,0.0,0.0,0.0009223141376489226,0.0,0.0,0.0,0.0,0.0,0.0,0.0,0.0,0.0,0.0,0.0,0.0,0.0,0.0,0.13392360312482043,0.07741106737564854,0.0008793042825986947,0.21996438491878115,0.0012267839096677241,0.0037248855814783458,0.0012147602716662317,0.0008849651381089452,0.0,0.0026898291320973516,0.0018569090631384458,0.006007133568793648,0.005009607689572732,0.007879484358100137,0.0068740769796328954,0.00926453520120071,0.0,0.18538274997332507,0.0008472878375288259,0.0,0.0,0.0,0.0,0.0,0.0,0.0,0.0,0.0,0.0007873698923009787,0.0,0.0,0.0,0.0,0.0,0.004615027954374435,0.0,0.0,0.0,0.000595879425594838,0.0,0.0,0.0,0.0,0.0,0.0,0.0,0.003776878354170913,0.0,0.0,0.0,0.0,0.0,0.0,0.0,0.0,0.0,0.0,0.0,0.0,0.0,0.0,0.0,0.0,0.0015121167798742118,0.0,0.0,0.0,0.0,0.0006426262487872749,0.0032331088001920066,0.0,0.0,0.0,0.0017617271620451686,0.0,0.0008712340345743978,0.0,0.0,0.013252954482372716,0.004951555455100375,0.0008849651381089452,0.0,0.11559772049649766,0.004807321929526497,0.0,0.0,0.0,0.002094711249809091,0.0008528647138276601,0.0008712340345743978,0.0015733400760514185,0.0008477601672072834,0.0,0.0037403890337795367,0.0,0.0,0.0,0.0,0.0005881243778263305,0.0,0.001759983371150619,0.0,0.0,0.007156705975393327,0.0,0.0006426262487872749,0.001375494270127309,0.0017820514310935526,0.0,0.0008835368440702646,0.0,0.0,0.0018297463180955277,0.0,0.0,0.0,0.0,0.0,0.0,0.0,0.0,0.0,0.0,0.0,0.0,0.0,0.0011723452907377015,0.0,0.0,0.0,0.000905203299120677,0.0,0.0009122797445191505,0.0,0.0,0.0,0.0,0.0,0.0,0.0008532380724141945,0.0,0.0,0.0,0.0,0.0,0.0,0.0,0.003531323973345597,0.0,0.0,0.0,0.0,0.0,0.0,0.0,0.0,0.0,0.0,0.0,0.0,0.0,0.0,0.0,0.0017713897243869844,0.0,0.0006529989028017262,0.0,0.0,0.0,0.0,0.0,0.0,0.0009027002078297908,0.0,0.0,0.0008831668003682721,0.0,0.0,0.0,0.0,0.0,0.0,0.0,0.0,0.0,0.0009256462224209882,0.0,0.0,0.000863864057288823,0.0,0.0,0.0,0.0,0.0,0.0,0.0,0.0,0.0,0.0,0.0,0.0,0.0,0.0,0.0,0.0,0.0,0.0,0.0,0.0,0.0,0.0,0.0,0.0,0.0,0.0,0.0,0.0,0.0
71,0.0025480523955157984,0.0,0.0009725788874901678,0.0,0.0,0.0,0.0,0.0,0.0006999935128703641,0.0,0.000661388594102885,0.0,0.0,0.0,0.000906636146920895,0.0,0.0,0.0007035466148102473,0.0009604443705287409,0.0018172522172777215,0.0009063162657982559,0.0011085073574139163,0.014891988180417953,0.0,0.0,0.0039025982785850445,0.0009706669224820893,0.0,0.0010191058344045253,0.0009223927395205135,0.0,0.0,0.0,0.0,0.0,0.0,0.0,0.0,0.0,0.0,0.0,0.0010546814380510393,0.0,0.0,0.0,0.0,0.0,0.0,0.0,0.0009594236034956538,0.0006898806776461881,0.0,0.0,0.0,0.0,0.0,0.0,0.0,0.0,0.0,0.0009321747353258478,0.0,0.00181327229384179,0.5041878997596857,0.0010448978526404024,0.03286209316457683,0.025710012731075694,0.19102503319530284,0.0,0.0,0.005258453412777606,0.0,0.0007035466148102473,0.0,0.0030423605162951894,0.00025069482655872824,0.004326666681206316,0.08584601165502395,0.0009725788874901678,0.021604305479496804,0.0,0.0,0.0,0.0,0.0,0.0,0.0,0.0,0.0,0.0,0.0,0.003598532489102128,0.0,0.0,0.0,0.0,0.0007066987948916485,0.0,0.0,0.0,0.0,0.0,0.0,0.0,0.0,0.0,0.0,0.0,0.0,0.0,0.0,0.0,0.0009995049254810987,0.0,0.0,0.0,0.0,0.0011182772461192508,0.0,0.0,0.0,0.0,0.0,0.0,0.0,0.0009837022805303085,0.0,0.0,0.0,0.0,0.0009623154750682212,0.0030261029401699503,0.000977508622531588,0.0,0.0,0.0006239119675685722,0.0,0.0,0.0,0.0,0.0016562856582299156,0.0028604944687279977,0.0,0.0,0.002783230503612562,0.00353943001083699,0.0,0.0,0.0,0.0,0.0,0.0,0.0010034192854184191,0.0,0.0017386449408325726,0.009953188216076986,0.0,0.0010982152350997134,0.0,0.0,0.0009059964975366918,0.001906461066425546,0.0,0.0,0.0,0.02127151972164819,0.0,0.00888195319411442,0.0017762895250911313,0.007531404640717998,0.0,0.0,0.0,0.0,0.0,0.0,0.0,0.0,0.0,0.0,0.0,0.000906636146920895,0.0,0.0,0.0,0.0,0.0,0.0,0.0,0.0,0.0,0.0,0.0,0.0,0.0,0.0,0.0,0.0,0.0,0.0,0.0,0.0,0.0,0.0,0.0,0.0,0.0,0.0,0.0,0.0,0.0,0.0,0.0,0.0,0.0,0.0,0.0,0.0009920724509165043,0.0,0.0,0.0,0.0,0.0,0.0,0.0,0.0,0.0009837022805303085,0.0009664666848703011,0.0,0.0,0.0,0.0,0.0,0.0,0.0,0.0,0.0,0.0,0.0,0.0,0.0,0.0,0.0,0.0,0.0,0.0,0.0,0.0,0.0,0.0,0.0,0.0,0.0,0.0,0.0,0.0,0.0,0.0009725788874901678,0.0,0.0,0.0,0.0,0.0,0.0,0.0,0.0,0.0,0.0,0.0,0.0,0.0,0.0,0.0,0.0,0.0,0.0,0.0,0.0,0.0,0.0
72,0.0,0.0,0.00034109974044400503,0.0006705489123407129,0.0,0.0,0.0013789247961225187,0.0006539873346549602,0.0,0.0,0.00037943855686079284,0.0,0.0,0.0,0.0010189439170203841,0.0,0.000511237058399683,0.0009944949109382095,0.0,0.0010156845272059896,0.0,0.0,0.027569554700100536,0.0,0.0,0.004761718958825981,0.0018847727508522407,0.0047984064277204145,0.004071008637194516,0.0005303211646614465,0.0,0.001368029465314575,0.0,0.0,0.0,0.0,0.0,0.0,0.0,0.0,0.0,0.00017502772641883645,0.0,0.0,0.0,0.00034291099414196383,0.0,0.0,0.0,0.0,0.0003599345407478208,0.0,0.0,0.0,0.0003324403154268757,0.0,0.0003562183505339923,0.0,0.0,0.0,0.000343445354563228,0.0,0.0006530325834685218,0.0010119880206554926,0.08184888556047108,0.08252605485519014,0.0028251937275722825,0.00035216383322932094,0.0013695833734990385,0.024169992622551508,0.0006310583062865786,0.0,0.0,0.0013716758494811722,0.2525017434397048,0.13241413777317051,0.2825627823895088,0.0,0.006034185637935416,0.0026042483573556286,0.052959798238391094,0.0003416877313407446,0.0005209964489983592,0.0006714827107934025,0.0,0.0,0.0,0.0,0.0003396521557420628,0.0,0.0003533614772357832,0.00033202024574701826,0.0,0.00033770718917200323,0.0,0.0,0.0013097506908467246,0.0,0.0,0.0,0.0003396521557420628,0.0,0.0,0.0,0.0,0.0,0.0,0.0,0.0,0.0,0.0,0.0,0.0,0.00030871767993713694,0.0005133669416548665,0.00018927517331529154,0.0,0.0,0.0,0.0,0.0,0.0,0.0,0.0,0.0,0.0006610041912739802,0.0,0.0,0.0,0.0,0.0,0.0,0.0,0.0,0.0,0.0,0.0,0.0,0.0,0.0,0.0,0.0010216915556104374,0.00037125540060265264,0.0,0.0,0.001806230152566393,0.0,0.0,0.00016936143865529149,0.0,0.0,0.0,0.0,0.0,0.0,0.0,0.0,0.00033734944186674396,0.0,0.0003363634918396565,0.0,0.0,0.00033627486344777727,0.0,0.00036341512163296224,0.001550684846684886,0.0,0.0,0.0,0.0006753889178437657,0.0,0.0,0.0003428948826971613,0.0,0.0007017911159442066,0.0,0.0,0.0,0.0,0.0,0.0,0.0,0.0,0.0,0.0,0.0,0.0,0.0,0.0,0.0,0.0,0.0003529905727440257,0.0,0.0,0.0,0.0,0.0,0.0,0.0003490023983199605,0.0,0.0,0.0,0.0,0.0,0.0,0.0,0.0,0.0,0.0,0.0,0.0,0.0,0.0,0.0,0.0,0.0,0.00034038974967773306,0.0,0.0,0.0,0.0,0.0,0.0,0.0,0.0,0.0,0.0003161681635978205,0.0,0.0,0.0,0.0,0.0,0.0,0.0,0.0,0.0003446289193906391,0.0,0.0003374222488061289,0.0,0.0006470337397233351,0.0,0.0,0.0,0.0,0.0003415614808381818,0.0,0.0,0.000645065330288503,0.0,0.0,0.0,0.0,0.0,0.0,0.00032299237099715506,0.0,0.0,0.00034406139048842284,0.0,0.0003345018943200749,0.0,0.0,0.0,0.0,0.00039624226351028406,0.0,0.0,0.0,0.0,0.00029893582056327673,0.0,0.0,0.0,0.0,0.00036130731182053256,0.0,0.0003416466147615824,0.0,0.0,0.0
73,0.24800813725432197,0.0,0.0,0.00195662238281794,0.0,0.0,0.0390916902060555,0.0,0.0010575341759341131,0.0,0.054460422537298,0.0,0.0,0.0,0.0010378410699847026,0.0,0.0,0.002153862745460712,0.0010304099868518393,0.0,0.0009948864616501094,0.0,0.036353785895668116,0.0,0.0022859423131424503,0.007567386346200434,0.003032101556334227,0.005511907166976309,0.017272360637273877,0.0,0.0011022772698278847,0.007769250175390179,0.002056862095002303,0.0,0.0,0.0010675204181390169,0.0,0.0,0.0,0.0,0.0,0.0011653961903145805,0.0,0.0,0.0,0.0010822995845408303,0.0,0.0,0.0,0.0,0.0,0.0,0.0,0.0,0.0,0.0,0.0,0.0,0.0,0.0,0.0,0.0,0.05436286159357333,0.0010801698819696184,0.07061110402058314,0.011638296396524916,0.0,0.0,0.0,0.30445368245650056,0.008811787181928328,0.0,0.0021767100372743057,0.0,0.0,0.04939291959368909,0.014978795219173295,0.0011320806757524054,0.0034435610836455943,0.0032046630409327983,0.0,0.0,0.0,0.0,0.0,0.0,0.0,0.0,0.0,0.0,0.0011062213942832912,0.0,0.0,0.0,0.0,0.0,0.002223690570037781,0.001093994905877011,0.0010281324666465738,0.0,0.0,0.005476138619101007,0.0,0.0,0.0,0.0,0.0,0.0,0.0,0.0,0.0,0.0,0.0,0.0,0.0,0.0,0.0,0.0,0.0,0.0,0.0010233695723387741,0.0,0.0,0.0,0.0,0.0,0.0,0.0010558926832968426,0.0,0.0,0.0,0.0,0.0,0.0,0.0,0.0010801103608607356,0.0,0.0033295591499954893,0.0,0.0,0.0,0.006319281027187513,0.0,0.0,0.0021896526637151833,0.0010296609494598646,0.0,0.0,0.0,0.0010989385285242051,0.0,0.0,0.0,0.0,0.0,0.0010186393436246717,0.0,0.0,0.0,0.0,0.0,0.0,0.0,0.001047641351177421,0.0,0.001060622506675951,0.0,0.0,0.0,0.0010759103560896391,0.0,0.001045450746102108,0.0,0.0,0.0,0.0,0.0,0.0,0.0,0.0,0.0,0.0,0.0,0.0,0.0,0.0,0.0,0.0,0.0,0.0,0.0,0.0,0.001047641351177421,0.0,0.0,0.0,0.0,0.0,0.0,0.0,0.0,0.0,0.0,0.0,0.0,0.0,0.0,0.0,0.0,0.0,0.0,0.0010675204181390169,0.0,0.0,0.0,0.0,0.0,0.0,0.0,0.0,0.0,0.0,0.0,0.0,0.0,0.0,0.0010762423715952475,0.0,0.0,0.0,0.0,0.0,0.0,0.0,0.0,0.0,0.0,0.0,0.0,0.0,0.0,0.0,0.0,0.0,0.0,0.0,0.0,0.0010803911313924143,0.0,0.0,0.0,0.0,0.0,0.0,0.0,0.0,0.0,0.0,0.0,0.0,0.0,0.0,0.0010801698819696184,0.0,0.0,0.0,0.0,0.0,0.0,0.0,0.0,0.0,0.0,0.0,0.0,0.0,0.0,0.0,0.0,0.0
74,0.0010651623551179963,0.0,0.00055648984717255,0.0012118836063220735,0.0,0.00037225884285552803,0.0,0.0006679477734913767,0.0,0.0,0.0003977585826726622,9.90162627374879e-05,0.0,0.0,0.0008178586499423951,0.0,0.0008211955684173972,0.0018410525481230712,0.0005538282705962851,0.0007086884883135819,0.0,0.001646867746709195,0.04361289053920891,0.0,0.0,0.0035868105900967702,0.00602485108896705,0.007245750248048436,0.007347145142297631,0.0010668025529814709,0.00028592621497222246,0.0002767547062511608,0.0,0.0002927278032811871,0.0,0.0,0.0,0.0,0.0007824623500896634,0.0004359204420628849,0.0003729817410051202,0.0011489206712542365,0.0,0.0,0.0,0.0003802026992522082,0.0,0.0,0.0,0.00048317201337422634,0.0,0.0,0.0,0.0,0.0005921574431146535,0.0,0.0,0.0,0.0,0.0003101373740948024,0.0,0.0,0.00028459019824508976,0.00039717568352128356,0.004942838122067693,0.018505538922052155,0.01310510718197947,0.007177019839271625,0.12353255038716561,0.007812922969661528,0.001933996033837914,0.00028979586804898797,0.05022745316619183,0.0,0.0,0.005243839929786149,0.19050442460758768,0.001531212415433029,0.0014846854805288783,0.0005322298207896518,0.4231574174388324,0.0,0.0026817894089385457,0.000934062760355649,0.0008225212752185091,0.0006954841411714129,0.0019055564402363034,0.0005578287220345068,0.0,0.0,0.002235884065140728,0.00027264842574477126,0.0003922016190535986,0.00039247884271159227,0.0003648669956495194,0.0013149702105170473,0.003161617764766964,0.0,0.0,0.0,0.0,0.0003066873088222902,0.0015668369501213382,0.0,0.0,0.0005225596566599602,0.00041470549876774517,0.0006983106107882448,0.0,0.0004079512906005684,0.0,0.0,0.0016787798197817273,0.0004366189268375273,0.0,0.0008637663396158642,0.0,0.00028802105163015665,0.0,0.0,0.0,0.0,0.0002478104092027089,0.0,0.0,0.0005534742338864051,0.0,0.0,0.0,0.0,0.00039721571433650355,0.000371484980751259,0.0,0.0,0.0,0.0006869996126770116,0.0,0.0,0.0,0.0,0.0,0.002274625403757228,0.0,0.0,0.0,0.0037331810423092407,0.0,0.0,0.0019142386432519146,0.0005923118906200268,0.0,0.0,0.00033292025337798125,0.0,0.0,0.00040692585275016886,0.0,0.0,0.0,0.0004030046294755372,0.0006240110828844017,9.398069428219863e-05,0.0002962335875740772,0.0,0.0002813787845346025,0.0026332147508260763,0.0,0.00027344730115300657,0.0007554064516171228,0.0,0.0,0.0002846841468645182,0.000285254712106215,0.0,0.0007928833143241962,0.0,0.0,0.0,0.0,0.0003046699294858939,0.0002492185874591373,0.0,0.0,0.0,0.0,0.0,0.0,0.0,0.0,0.0,0.0,0.0,0.0,0.0005486735299604267,0.0,0.00039777477537587916,0.0,0.0,0.0,0.0,0.0,0.0,0.00039114886027020925,0.0,0.0,0.0005923118906200268,0.0,0.0,0.0,0.0007484966181555143,0.00040112696368946955,0.0,0.0,0.0,0.0,0.0,0.0,0.0008786084009963877,0.0,0.00039305248170533807,0.0,0.0,0.0004336118413381357,0.0,0.0,0.0,0.0009491626221744433,0.0006092164440207886,0.0004096015685362503,0.0,0.0,0.0,0.0002840126227498393,0.0010861348867451386,0.0002764262721987312,0.0004649874695297877,0.0,0.0,9.181602073615337e-05,0.004125982786686422,0.0010983308833880888,0.0,0.0,0.0,0.00029544989651211583,0.0,0.0,0.0014911267631455428,0.0,0.0,0.0002726501138399243,0.0,0.00029844039831440795,0.0,0.0,0.0,0.0,0.00039612749806877397,0.0,0.00035870261126362063,0.0007230353890453916,0.0,0.0008531916299928273,0.0,0.0,0.0,0.0,0.0,0.0,0.0,0.0,0.0,0.0,0.00036751749826080776,0.0014446089769527175,0.0,0.0015419283860274905,0.0,0.0,0.0004035995372022361
75,0.006971147389520626,0.0,0.0,0.001056877510023018,0.0,0.0,0.0,0.001147938368951282,0.0,0.0,0.0006009572709663395,0.000568483640492655,0.0,0.0,0.0018505985551591658,0.0,0.0,0.0012437303730434383,0.0006335784381714109,0.0,0.0,0.0005976989082588803,0.024150994556060765,0.0,0.0012074920681321513,0.002588623884225409,0.0012184404445381963,0.00639738939085775,0.005274553456163218,0.0006118543458326515,0.0,0.0005692517147753194,0.0,0.0006189926318243609,0.0,0.0,0.0,0.0,0.0,0.0,0.000580752306697422,0.0,0.0,0.0,0.0,0.0,0.0,0.0,0.0,0.0,0.0,0.0,0.0,0.0,0.0006451526274223624,0.0,0.0,0.0,0.0,0.0,0.0,0.0006077312654992989,0.028893179977713377,0.0012292859037932792,0.08576424797517065,0.3098614990957426,0.0026879984869816837,0.0,0.0026452205956031954,0.00963531924057627,0.0018069701193983716,0.00039487740748734277,0.374451958364979,0.03770776905675478,0.02847161357121165,0.0,0.0204910162681974,0.0007466281325063665,0.0012245963665995427,0.004154978774149108,0.006023999812591468,0.00048661506315076324,0.0,0.0,0.0,0.000623440912238888,0.0,0.0,0.0,0.0,0.0,0.0004207957944599413,0.0008685254555628333,0.0,0.0,0.0,0.0,0.0,0.0,0.0,0.0,0.0,0.0006068803781361917,0.0,0.0,0.0,0.0,0.0,0.0005905096717012993,0.0,0.0,0.0,0.0006069396961981741,0.0,0.0,0.000574903268904477,0.0,0.0,0.0005885423040306113,0.0,0.0,0.0,0.0,0.0,0.0,0.0005906575313601232,0.0005805729623633382,0.0,0.0,0.0,0.0011985560970183388,0.0,0.0,0.0,0.0,0.0,0.0,0.00037232704839268075,0.0,0.0,0.0,0.0,0.0,0.0,0.0011600031785695077,0.0012108455303882276,0.0,0.00048661506315076324,0.0,0.0,0.0,0.0,0.0,0.0,0.0,0.0006444678896706587,0.0,0.0,0.0,0.0,0.0,0.0,0.0006207943129946474,0.0,0.0,0.0034361495136177186,0.0,0.0,0.0,0.0,0.0,0.0,0.0,0.0,0.0005687806433584249,0.0,0.0,0.0,0.0005699973469241157,0.0,0.0,0.00039013327007656466,0.0,0.0,0.0,0.0,0.0,0.0,0.0,0.0005835658544764669,0.0,0.0,0.0,0.0,0.0,0.0,0.0,0.0,0.0,0.0,0.0,0.0,0.0,0.0,0.0,0.0,0.0,0.0,0.0,0.0,0.0,0.00042060047857115284,0.0,0.0,0.0,0.00043426272778141666,0.0,0.0,0.0,0.0,0.0,0.0,0.0,0.0,0.0,0.0005544068805647813,0.0,0.0005976989082588803,0.0,0.0,0.0,0.0,0.0,0.0,0.0,0.0004070505650797216,0.0,0.0,0.0,0.0016846486058862463,0.0,0.0,0.0,0.0,0.0006223096477830351,0.0,0.0,0.0008007070368435875,0.0,0.00036516800675121924,0.0,0.0,0.0,0.0,0.0,0.0,0.0,0.0,0.0,0.0,0.0,0.0,0.00015975339056713286,0.0,0.0,0.0004196883345481461,0.0,0.0,0.0,0.0,0.0,0.0,0.0,0.0,0.0,0.0,0.0004196883345481461,0.0,0.0,0.0
76,0.0002761139909188553,0.0002901835541155769,0.00014144537635430473,0.04104923619957162,0.0,0.0,0.0038357620905880106,0.014926922007197087,0.0,0.0003714488977971548,0.00039164039696642594,0.00019648201180220154,0.0,9.505597045544175e-05,0.007732593261164087,3.804543918179906e-05,0.00028781653868768136,0.002362431476712919,0.0002654231680082965,0.004633635037422283,0.0007772361790561642,0.0009831019281767728,0.07458722783327906,0.00014119168222182386,0.0004911897142219217,0.009569880290888113,0.005504880931777479,0.024920338212780876,0.014708794666877509,0.0005341991592009194,0.000141124154411028,0.0010598935306081183,0.00027785211633280486,0.00018070128710239304,0.0001744602785939511,0.00010881030600393992,0.0,0.00013682827730166467,0.0008752072750214218,9.324664574617618e-05,0.00028474490575095636,0.0009639146428207164,0.0004240491672826325,0.00013569679431112052,0.0,0.0,0.00011953777204783777,0.0,0.00014344128260459506,0.0,0.00021366243363165471,0.000293236176684548,0.00013756251205227676,0.00022042216290695546,0.0008445819386259067,0.0,0.0,0.00043611188613137513,0.0001457395477414762,0.0,0.0002477816092100243,0.00014371969448907882,0.0003192001767047314,0.0010964786254950808,0.053443643521314727,0.014759496241968482,0.0049407363849463025,0.0007784216512958633,0.12253711999954818,0.13833513089797173,0.0007845061841219947,0.00014631736070444288,0.0498079567108494,0.0008261792701507421,0.0694742858406449,0.004981540880106028,0.0,0.0005970901501620498,0.1400972742804125,0.0006468158928329235,0.11082868002656815,0.0005424170866994752,0.006449549564343131,0.0008652544209992585,0.00038515932512472157,0.0,0.0003764756176010983,0.0005537290844599683,0.0001380450784354779,0.0,0.0019397111843158555,0.001063684199294565,0.00014228865954155282,0.0007756495558181689,0.0003468904021294914,0.0002787984036119584,0.0046478715738032745,0.00034030064493297663,0.0009062767571336822,0.00015040476708599849,0.0006363879778696514,0.00024723717404958,0.0007059250740480075,8.038240722636422e-05,0.00023134194670638771,0.0005868471241749197,0.00032342048918818653,0.00022400569602974246,0.0,0.0,0.0002545809988142347,0.00014888150974336288,0.0006707265598661107,0.0006694311081636225,0.00030259639127458085,0.0007923398879941297,0.0,0.00039360171400637756,0.0,0.0001296393053060288,0.0,0.0002405924121328104,0.00033153333377292565,0.00013886674202755523,0.0001460078957727804,0.001188105211076319,3.914635786010831e-05,0.0010353960433115976,0.0006704032918148487,0.00018064028327717343,0.0001051875827331226,0.000521954255861439,7.426125028496737e-05,0.0,0.00018301408204999915,0.00030695784473733906,0.00014768377368625465,0.00012235225020047448,0.00042258658479722266,0.0,0.0001046161693227645,0.0020485604581112846,0.0,0.00011456690014456276,0.0,0.0030932407140160994,0.0,0.0002955434252703152,0.0003162784463266362,0.00024139645281357773,0.0,0.00011190336724669573,0.0005189113575898585,0.00010883024950845891,0.0002601122553322079,3.451702358016207e-05,0.0,0.0,0.0,0.00026097672571472,0.0,0.0,0.00012372239220319128,0.00014115996344631318,0.0,0.0032188050192868516,0.00013898245367285168,0.00035640213201280815,2.6206625170412877e-05,0.0001453674848153603,0.00020339046725996807,0.0,0.0006904851133255577,0.0,0.0013396494464070767,0.0,0.0,3.216331027931006e-05,0.0001393749707779737,3.1955368687620637e-05,0.00014426915478038595,0.0,0.0,0.0,0.0,0.0002984787372281819,0.0,0.00011021496787775133,0.0003352100372142762,0.0003171792610525212,0.0,0.00014419507290925728,0.0,0.0004390339002058877,0.0002486992614545503,0.0,0.0001421531779161034,0.0002863012901227915,0.0,0.0,0.0,0.00011725564258525729,0.0001400273339723478,4.704989977993042e-05,8.145851329114137e-05,0.000622093393836192,0.0,0.0,0.0,0.0002438368300765632,0.0,0.00013304376242803887,0.0,0.0,0.0,0.00012011140254510389,0.0,0.00028617240985872813,0.0,0.00014223247825589526,0.0,0.0002765361673938213,0.0,0.00010950914292044665,0.0,0.0001980517909749734,0.0013566922372801199,0.00040725601700955294,0.00014608485315468095,0.00014465718650339982,0.0,0.0007930370452112288,9.733573682602745e-05,0.00047171565576640216,0.00045287579476754967,0.0003921133313615172,0.0,0.0003873815688655603,0.0001473253695796951,0.0022419513425286693,0.0003805470106703836,0.0003851746285253905,0.0008452576082957139,0.0,3.0999243818951214e-05,0.0,0.0003263947110071781,0.0027367774086545726,0.0,0.0001043618069702475,0.0,0.0,0.00013701974865675974,0.0,0.0008171871985688288,0.0,0.00013950255863878715,0.00023275072533108439,0.0,0.0,0.00028442722275589974,0.00043490650750430945,0.0007381577439604892,0.0001353145679535373,0.00011098830823973787,0.00013987356234895296,0.0,0.0,0.0,0.0002744993727122904,0.00020746814103067652,0.0,0.0,0.00042874215611021576,0.0001948785441075752,0.0,0.000868328648367916,0.0,0.00010763828946059291,0.0003501288326285996
77,0.0018627052121733682,0.0,0.0,0.002014960464464436,0.0,0.0,0.0010333691124952069,0.0,0.0,0.0,0.0,0.0005295715098318646,0.0,0.0,0.0010385181564339528,0.0,0.0,0.0,0.0,0.0005125747453636896,0.0,0.0,0.012134544734163729,0.0,0.0,0.00102871873032643,0.0040489171170720924,0.0020379288624342734,0.0011462331435756362,0.0,0.0,0.0004722502840572919,0.0,0.0003523418425636203,0.0005210320357626373,0.0,0.0,0.0005364262129545842,0.0019579206192659048,0.0,0.0,0.0003736291544267884,0.0,0.0,0.0,0.0,0.0,0.0,0.0,0.0,0.0,0.0,0.0009968738216786551,0.0,0.0005575930850857672,0.0,0.0005177315096135443,0.0,0.0004992455435044171,0.0,0.0005347185954097943,0.0,0.0011372743137793855,0.08256971074440309,0.0,0.30527262871480854,0.14926845441478476,0.2408862320177715,0.000527544519320407,0.000517208291239099,0.0027507596160928557,0.03412343386845227,0.0007274946637088869,0.0010123493822238939,0.0040157988372635945,0.001980403185037807,0.004022954797987319,0.0,0.00158444392291334,0.0843926520417608,0.0,0.0010052896584094495,0.0,0.0,0.0,0.0005228043992871463,0.0,0.0,0.0,0.0,0.0011457227076885344,0.0,0.0,0.0,0.0,0.0,0.001041664342778892,0.0,0.0,0.0005132000100067158,0.0,0.0,0.0,0.0,0.0010187400498793335,0.0004752367495165053,0.0,0.0,0.0,0.0,0.0,0.0,0.0,0.0,0.0,0.0010388041214136993,0.0,0.0,0.0,0.00012771652915833547,0.0,0.0,0.0,0.0,0.0,0.000514359365163215,0.0,0.0,0.0003917666479927654,0.0,0.0,0.0,0.0005194533408898599,0.0,0.0005233757696273248,0.0,0.0,0.0,0.0,0.0,0.0016458243581395206,0.0011435675946438741,0.0,0.0,0.0,0.002017069208727832,0.0,0.0,0.001521317475359896,0.0,0.0,0.0,0.0004978812278925089,0.0,0.0010618464872478052,0.0022649825191168615,0.0,0.0015170977003759638,0.0,0.0011642897255293302,0.0005949807412071734,0.00047973927607177077,0.0,0.0,0.0,0.01314270944727732,0.0007088909320958569,0.0005329878418010562,0.0,0.0009563558151136059,0.0007157885496879399,0.0,0.0,0.0,0.0014205381810889319,0.0,0.0,0.0,0.0,0.0010271809808062508,0.0,0.0,0.0,0.0,0.0,0.0,0.0,0.0,0.0,0.0003782869200714468,0.0,0.0006160118554917495,0.0,0.0,0.0,0.0,0.0,0.0,0.0,0.0005132000100067158,0.0,0.00036850345134125973,0.0,0.0,0.0,0.0005203228349728861,0.0,0.0,0.0,0.0,0.0,0.0,0.0,0.0,0.0,0.0,0.0,0.0,0.0,0.0,0.0,0.0,0.0,0.0,0.0,0.0,0.001011953124579579,0.0003455465186380456,0.0,0.0,0.0,0.0,0.0,0.0,0.0,0.0004611557011322202,0.0,0.0,0.0,0.0017413753106821025,0.0,0.0,0.0,0.0,0.0004992455435044171,0.0005071463583492964,0.0,0.00036850345134125973,0.0,0.0,0.0,0.0,0.0,0.0,0.0005228043992871463,0.0,0.0,0.0,0.0,0.0,0.0,0.0,0.0,0.0,0.0,0.0,0.0,0.0,0.0,0.0,0.0,0.0,0.0,0.0,0.0,0.0,0.0003548434225627741,0.0,0.0,0.0010427715198385804
78,0.00037058172615143844,0.00017797805436050768,0.0004922082714828604,0.06838590601405015,0.00022511533305290038,0.00017883236297961587,0.0054740541643826315,0.00014026436447931188,0.0,0.0,0.00027732158625770874,0.0,0.0,0.0,0.1893960808189884,0.0,0.00017797805436050768,0.0023984874559512966,5.879491353828925e-05,0.0009143789623322844,0.0,0.0006695392999256727,0.13205590211946705,0.0,0.0005185931230247739,0.013421338846724296,0.004861333227929417,0.1815082941576217,0.020897337339220223,0.0,0.00021797372380876428,0.00021655382406106412,0.0,0.0,0.0,0.00017883236297961587,0.0,0.00022598640824571532,0.0009503062815750704,0.0,0.0,0.0004640372595178707,0.0,0.0001175898270765785,0.0,0.00023880782144927913,0.0,0.0,0.0002605935167886014,0.0003838879145438327,0.0,0.0,0.0,0.0,0.0004634656024308417,0.0,0.0,5.615685293565598e-05,0.0,0.0,0.0,0.0,0.0,0.0,0.002644145471449084,0.0006852327370700467,0.00021766698062827028,0.0,0.0017716370449394148,0.1145409481118047,0.000471553393594388,0.0,0.0017615487650506215,0.00022193285608224433,0.0024852854850219504,0.0,0.2286304507909173,0.0,0.0,0.0,0.0022247901497887707,0.0001857202067471185,0.00032290485693851396,0.0,0.0,0.0,0.0,0.0,0.00023121009908589094,0.0,0.0005152190330351504,0.0017993385710070582,0.0002260356893649682,0.0002734215549465711,0.0,0.0,0.00019896551086174739,0.0,0.00018529086307571922,0.0,0.00024722436017961567,5.348227683806894e-05,0.0,0.0,0.00023584490489954335,0.0,0.0,0.0,5.348227683806894e-05,0.0,0.0,0.00022755807395824788,0.0,0.0,0.0,0.0008318614333763965,0.0,0.0,0.0,0.0,0.0,0.0,0.00020748637338542945,0.0,0.0,0.0,0.0,0.0001548804443234958,0.0,0.0,0.0,0.00022052821091135175,0.0,0.0,0.0,0.0,0.0,0.0,0.0,0.00022535068563547868,0.0,0.0012887967903227047,0.0,0.0,0.0,0.0009698750675550096,0.0,0.0,0.0,0.0,0.0,0.0,0.00022771974536325927,0.0,0.0,0.0,0.0,0.0002086301615581262,0.0,0.0,0.0002348629844136919,0.0,0.0,0.0,0.0,0.0006496120679887815,0.0,0.00019288999453547775,0.00028052872895862376,0.0,0.0,0.0,0.0,0.0,0.000393699047533579,0.0,0.0003036848151427022,0.0,0.0,0.0,0.0,0.0,0.0,0.0,0.0,0.00017883236297961587,0.00019998153845222327,0.0,0.0,0.00023206853977537141,0.0,0.000163508501016044,0.0,0.0,0.0,0.0,0.0,0.0,0.0,0.0,0.0,0.00023078784884038658,0.00022982952252860212,0.0002572787847969496,0.0,0.0,0.0,0.0,0.0,0.0,0.0,0.0,0.0,0.0,0.0,0.0,0.00022951857163370105,0.00022655516186092338,0.0,0.0,0.0,0.0,0.0,0.0,0.0,0.0,0.0,0.0,0.0,0.0,0.0,0.0002225084821062581,0.0,0.0,0.0,0.0,0.0,0.0006406284268235486,0.0,0.0002934878741108633,0.0,0.0,0.0,0.0,0.0,0.0,0.0002341541419020489,0.0008511897625512468,0.00042984190779684,0.0,0.0,0.0,0.0,0.0,0.00040746081897664134,0.0,0.0,0.0007258959641061681,0.0,0.0,0.0,0.0,0.0003963840544995178,0.0,0.0,0.00021547707402969624,0.0,0.0002302369569463646,0.0,0.0,0.0,0.0,0.0,0.00022856549744577188,0.0,0.0,0.0,0.0,0.0,0.0
79,0.0032618632188505634,0.0,0.0,0.0,0.0,0.0,0.0,0.0,0.0,0.0,0.0026225205506209552,0.0,0.0,0.0,0.001029803764519529,0.0,0.0,0.0,0.0,0.0,0.0,0.0,0.006865317255693594,0.0,0.0,0.0,0.0,0.001968853124690174,0.0009948075964812775,0.00048359955404163926,0.0,0.0,0.0,0.0,0.0,0.0,0.0,0.0,0.00022719431467108848,0.0,0.0,0.0,0.0,0.0,0.0,0.0,0.0,0.0,0.0,0.0,0.0,0.0,0.0,0.0,0.0,0.0,0.0,0.0,0.0,0.0,0.0,0.0,0.004514498474450502,0.17156354747328165,0.0,0.34227091838644497,0.005626042494523636,0.009527705737705412,0.0,0.0010426609678357349,0.23961616670955677,0.017739525779657785,0.0019333870929776902,0.0,0.0009520464346699624,0.004139303106029999,0.0046748225553257935,0.14349413484021742,0.0,0.0,0.0009933037807709835,0.0,0.0,0.0,0.0,0.0,0.0,0.0,0.0,0.0,0.0,0.0006730643732526228,0.0008124293176012142,0.0,0.0,0.0010032728054103323,0.0006498441674197453,0.0,0.0,0.0,0.0,0.0,0.0,0.0,0.0,0.0,0.0,0.0009580233891950667,0.0,0.0,0.0,0.0,0.0,0.0,0.0,0.0,0.0,0.0,0.0,0.0,0.0,0.0,0.0,0.0,0.0,0.0,0.0004703543201668059,0.0,0.0,0.0,0.0,0.0009520464346699624,0.0,0.0,0.0,0.0008808568426612824,0.0,0.0,0.0,0.0,0.001615387595106044,0.0,0.0,0.0,0.0019016720076268478,0.0009496424387985908,0.0,0.0006965915271258371,0.0009753532979561851,0.0,0.0,0.0,0.0006398834923189306,0.0,0.0,0.0031865308177364787,0.0,0.001533094571571155,0.0,0.0010115362576634077,0.0,0.0,0.0,0.0,0.0,0.004758952572001365,0.0,0.0009192434591111983,0.0010115362576634077,0.0019826262203318326,0.0,0.0,0.0,0.0,0.0005319217838248302,0.0,0.0,0.0,0.0,0.0,0.0,0.0,0.0,0.0,0.0,0.0,0.0,0.0,0.0,0.0,0.0,0.0,0.0,0.0,0.0,0.0,0.0,0.0,0.0,0.0,0.0,0.0,0.0,0.0,0.0,0.0,0.0,0.0,0.0,0.0,0.0,0.0,0.0,0.0,0.0,0.0,0.0,0.0,0.0,0.0,0.0,0.0,0.0,0.0,0.0,0.0,0.0,0.0,0.0,0.0,0.0,0.0009239960946614128,0.0,0.0,0.0,0.0,0.0,0.0,0.0,0.0018162380703649315,0.0,0.002614353575580937,0.0,0.0,0.0,0.0,0.0,0.0,0.0,0.0,0.0,0.0,0.0,0.0,0.0,0.0,0.0,0.0,0.0,0.0,0.0,0.0,0.0009895250971625148,0.0,0.0,0.0,0.0,0.0,0.0,0.0,0.0,0.0,0.0,0.0,0.0,0.0,0.0,0.0,0.0,0.0
80,0.00024746846743048905,0.0,0.0,0.0007157257286428775,0.0,0.00023947775189024908,0.0002502785060682214,0.0016734036842478552,0.0,0.0,0.0,0.0001689901410807909,0.0,0.0,0.0011808973250593963,0.00044494017597454646,0.00024207884728257565,0.0011529812612850602,0.0,0.0013197565407356328,0.0,0.0002458315895063083,0.010103593133830217,0.0,0.0,0.0011706003407390704,0.000733226405455348,0.0017312204171726878,0.0015463611131092013,0.0,0.00022749656541764694,0.0,0.0,0.00046987683496526103,0.0,0.00023885933214269812,0.0,0.0,0.00022853528409272646,0.0,0.0,0.0,0.0,0.0,0.0,0.0,0.0,0.0,0.0,0.00024998297740125443,0.0,0.0,0.0,0.0,0.0,0.0,0.0002450970940992181,0.0,0.0,0.0,0.0,0.0,0.00023482534568194333,0.0,0.0033811043854272567,0.00484658186169215,0.0018353523778700733,0.00024147625783085735,0.09435840986807505,0.003180478301108282,0.0003863177533160504,0.0,0.02039190759350704,0.0,0.5075241951607328,0.001106414021934517,0.32091539564814087,0.000176432100387768,0.002051647612311862,0.0002412342173356507,0.0,0.0,0.0004650626431739513,0.0004893418469718512,0.0,0.00022137088369323168,0.0,0.00042709274959130993,0.0,0.0,0.0,0.0,0.0,0.00048426619063389204,0.0,5.6412866460878775e-05,0.0013326739634018272,0.00047523657868298215,0.00042883263252117604,0.0,0.00023260981281261525,0.0,0.0,0.0,0.0001790492749304986,0.0,0.0,0.0,5.826362384898286e-05,0.0,0.0,0.0,0.0,0.0,0.00046104954347501575,0.0,0.0,0.0,0.00024386910521436355,0.0,0.0,0.0,0.0,0.0,0.0,0.00048161986508483745,0.0,0.00024660716158138795,0.0,0.0,0.00014906204612284395,0.0,0.0,0.0,0.0,0.0,0.0,0.0,0.0,0.0,0.0,0.0007283239732470757,0.0,0.0,0.0,0.0004733095995390282,0.0,0.0,0.00040398716926663144,0.0,0.0,0.0,0.0002539276743463467,0.0,0.0,0.0,0.0,0.0,0.0,0.0,0.0,0.0,0.0,0.0,0.0,0.0002565704426007526,0.0,0.0,0.0,0.0007252852761486302,0.0,0.0,0.0,0.0,0.00024155755749763588,0.0,0.0,0.0,0.0,0.0,0.0,0.0002289288289995114,0.0,0.0,0.0,0.0,0.0,0.0,0.0,0.0,0.0,0.0,0.00024205531244175175,0.0,0.0,0.0,0.0,0.0,0.0,0.0,0.0,0.0,0.000499257110883562,0.0,0.0,0.0,0.00023260981281261525,0.0,0.0,0.00018494787894789895,0.0002574692904090426,0.0,0.0,0.0,0.0,0.0,0.0,0.0,0.0,0.0,0.0002458056721229641,0.00014906204612284395,0.0,0.0,0.0,0.0,0.00016073545069705074,0.0,0.0,0.0,0.0,0.0,0.0,0.0002041329003031457,0.0006822166775004759,0.0,0.0,0.0,0.0,0.00016232596376202212,0.0,0.0,0.0,0.00023166320728002548,0.0,0.0,0.0,0.0,0.0,0.0,0.0,0.0,0.0,0.0,0.0,0.0,0.0,0.0,0.0,0.0005487112868255528,0.0,0.0,6.0634810946209384e-05,0.0,0.0,0.0,0.0,0.0,0.0,0.0,0.0,0.00024141363017598532,0.0,0.00016073545069705074,0.0,0.0,5.826362384898286e-05,0.0,0.0,0.0002351965413941446
81,0.0,0.0,0.0,0.017177620357501627,0.0,0.0,0.0,0.3428221140947768,0.0,0.0,0.00035422060328579505,0.0,0.0,0.0,0.0020601108735286405,0.0,0.0,0.0014878314456489657,0.0008360189903477376,0.0031067403976828994,0.0018760680500149144,0.0005032362953158507,0.01901904711259204,0.0,0.0,0.005795349668061454,0.0022185489309202197,0.001986138794596642,0.002019844249725706,0.0,0.0,0.0,0.0,0.0,0.0005111229892852911,0.0,0.0,0.0,0.0004911570251559602,0.0,0.0,0.001006483823131569,0.0,0.0,0.0,0.0,0.0,0.0,0.00041791810406827427,0.0009453198877987581,0.0,0.0,0.0009554048029291701,0.0,0.0010245287343662844,0.0,0.0,0.0,0.00036235759421386355,0.0,0.0,0.0,0.0,0.0,0.0,0.0,0.0004694782991205947,0.0,0.0079069043520105,0.0008596547338627505,0.0,0.0,0.0008605523543006444,0.0,0.00190256489842649,0.0005311144927921591,0.008809160860042154,0.0004964527836617515,0.0,0.0004228563519466432,0.00011491011282118934,0.0,0.42474078364452084,0.005547924812340566,0.09199174660586391,0.0032692336812383416,0.004685392512564374,0.0011885691290692967,0.0009633340659541533,0.0,0.0018216843200290621,0.002719393002315815,0.0015355584542609641,0.000540119037780586,0.0,0.0019765941242859877,0.005858572639088919,0.001321950976090421,0.00033036657436091946,0.0009582027134860669,0.005554431923218186,0.0007614160172915043,0.0,0.0,0.00035808187475412645,0.0,0.000507593537733593,0.0,0.0,0.0,0.0,0.0,0.0,0.00034887647139227404,0.0009761211978605626,0.0,0.0004964527836617515,0.0,0.00082817524526266,0.0,0.0,0.0,0.0,0.0,0.0,0.0009368001593946842,0.0,0.0,0.0005068162936505132,0.0,0.0,0.0,0.0,0.0,0.0,0.0,0.0005033065518552218,0.0,0.0,0.0,0.0,0.0,0.0,0.0,0.0,0.0,0.0,0.0,0.0,0.0,0.0,0.0,0.0004228563519466432,0.0,0.0,0.0,0.0,0.0,0.0,0.0,0.0,0.00035734559425048494,0.0,0.0,0.0,0.0,0.0,0.0,0.0004953294847700173,0.0,0.0,0.0004797109875024941,0.0,0.0,0.0,0.0,0.0,0.0,0.0,0.0,0.0,0.0,0.0,0.0,0.0,0.0,0.0,0.0,0.0,0.0,0.0,0.0,0.0,0.0,0.0,0.0,0.0,0.0,0.0,0.0,0.0,0.0,0.0,0.0,0.0,0.0,0.0,0.0,0.0,0.0,0.0,0.0,0.0,0.0,0.0,0.0,0.0,0.000535235101055403,0.0,0.0,0.0,0.0004776455048772866,0.0,0.0,0.0,0.0,0.0,0.0,0.00046514338055908696,0.0,0.0,0.0,0.0,0.0,0.0,0.0,0.0,0.0009308436918001682,0.0,0.0006088558493040367,0.0,0.0,0.0003721744721584595,0.0,0.0004692824877741793,0.0,0.0,0.0015273909935199555,0.0,0.0004753693303394098,0.0,0.0,0.0,0.0,0.0,0.0,0.00048486035070364455,0.0004527855292048442,0.0,0.0,0.0,0.0,0.0003828894095559345,0.0,0.0,0.0,0.0,0.0,0.0,0.0,0.0,0.0,0.0,0.0,0.0,0.0,0.0,0.0,0.0,0.0004839510674192573
82,0.0,0.0,0.0,0.14383442542166425,0.0002427983068375467,0.0,0.0,0.048066168531841647,0.000524177687391121,0.00026567980097340745,0.0,0.0002728525580443365,0.0002563723220864257,0.0,0.0073894079076911165,0.0,0.0002178091291500469,0.0029316408739183284,0.0,0.0036355251826049313,0.0016220847552065982,0.00032632190093712674,0.06461193437161258,0.000953440704801434,0.0,0.01518287336970767,0.0038465172545429057,0.002731266029086165,0.00598829230509292,0.00023525449867817464,0.0002613661541146618,0.00036688054609378476,0.0003005405542372141,0.0002461475899452199,0.0,0.0,0.00026861038159655575,0.00044844527377866343,0.0011005461174511033,0.0002741301443668262,0.0,0.0010157936585681966,0.00010582135695359742,0.0,0.0,0.00026812516719252005,0.0005092411464119989,0.0,0.0005480025000372657,0.0005013731485727777,0.00031583272467398553,0.00025894310025906703,0.0,0.00025894310025906703,0.0002586431993429267,0.0,0.0,0.0,0.0,0.0,0.00020025918718239818,0.0,0.0,0.0,0.00043695913281834763,0.0016741375148556265,0.00025237955333065766,0.0,0.0053910004286190725,0.0010305787025624421,0.0002543952999058522,0.00022784731689814438,0.0,0.0003896699027264407,0.002136370122746795,0.0,0.010007910732801968,0.0,0.0007613251358043172,0.0004952479038974692,0.0006438085885773564,0.12486571248111002,0.0,0.057521227141266645,0.017669009249915574,0.003638167630994513,0.00026126647211255035,0.0005478432380646587,0.006201936415364427,0.00026580240391697147,0.09604352132303201,0.06628337139733248,0.005811066739854573,0.0015961766845713282,0.004522717515874328,0.00803190060980223,0.0415559063565219,0.0018763056756481386,0.0038237528345815178,0.0016501254131815245,0.1787081258440981,0.004818858336267107,0.0028884194367982587,0.0004841396537040154,0.00046383618258841506,0.0007239396223685528,0.0007668451396428493,0.0,0.000521041596306997,0.00023954057248515374,0.000524610732397505,0.0,0.000408853581179606,0.0002635896855164017,0.0005864982430569042,0.002271526530986358,0.00029156832737870376,0.0,0.0005141444735137017,0.0,0.0,0.000253624891510895,0.0,0.0,0.0,0.001024582449648197,0.0005226510436812694,0.000380533039363856,0.00031493066054070037,0.0,0.0007704544274069624,0.0002701309639874951,0.00029750789423107533,0.0,0.0,0.0003888238326413905,0.0,0.0,0.0,0.00022352838271322292,0.0003114576311669711,0.0005231161510877483,0.00029458842741182737,0.0,0.0,0.0012531732761598066,0.0002035753551258311,0.0,0.0,6.648967224701351e-05,0.00046332727871459045,0.0,0.0,0.0,0.0,0.0,0.0,0.0,0.0,0.00021025800185137792,0.0,0.0,0.0,0.0,0.0,0.0010087953982637209,0.0,0.00025455054375844857,0.0006852335589091442,0.00018674185278398826,0.0002476736425186243,0.00029268650434350566,0.00026061127099079247,0.0,0.0017656150337475327,0.0,0.0,0.0,0.0,0.0,6.777213390950158e-05,0.00025269619542096886,0.0,0.0,0.0,0.0,0.0,0.0,0.0,0.0005414641316811307,0.0,0.0001894531368783295,0.0,0.0003180966358174466,0.0005533901242904898,0.0,0.0,0.00023841061705148422,0.0,0.00032008229763763255,0.00025120233674414414,0.0,0.0,0.0,0.0,0.0,0.0,0.0,0.0,0.0,0.0,0.0,0.0,0.0,0.0,0.0,0.0002555671818748415,0.0009103706332183063,0.00017605695425347567,0.0,0.00021237005890024943,0.0005378607590057288,6.250601804780177e-05,0.0,0.0,5.700408644635341e-05,0.0005638528389652995,0.0,0.0,0.0,0.0,0.0,0.0002067754682267905,0.0,0.0002035753551258311,0.00025237955333065766,0.00020699364257863176,0.0002583450860256549,0.0009112211580965515,0.0004922310944156475,0.000274525592380002,0.0002571364540442484,0.00025375955483768995,0.0,0.0,0.0,0.0,0.0021079053915249177,0.0,0.0004953472850372486,0.0,0.0,0.00023711724110148813,0.0,0.00026061127099079247,0.0,0.0,0.0005222794414607043,6.161148774164768e-05,0.0005168836322139081,0.0002759276212088863,0.0,0.0016730362136129465,0.0001691228317719569,0.0,0.0005139248756967868,0.0,0.0,0.0,0.0,0.0,0.0,0.0,0.0,0.0,0.0,0.0002538351529938375,0.0,0.0,0.0006271714307488637
83,0.0,0.0,0.00021484780530906005,0.0008516148577249002,0.0,0.00021427133402088225,0.0,0.00020552336647028022,0.0,0.0,0.0,0.0,0.0,0.0,0.001041474581328807,0.0004242263771358702,0.00034745418382394865,0.0005658593715082821,0.0002594636743038295,0.002509676518883061,0.0006113373818381212,0.0,0.018988875572670073,0.0,0.0,0.00318943408427985,0.002282976390961652,0.000803683836816827,0.002587356181461449,0.00043053876675024387,0.0006674924750576567,0.0001556832775799717,0.0,0.0,0.00021580290771677988,0.0,0.0002115264065699857,0.0,0.00020451301290679548,0.0,0.0,0.00019678339204078795,0.0,0.0,0.0,0.0004159270446676345,0.0,0.0,0.0,0.0005896063324502047,0.0,0.0,0.0,0.0002100968226762421,0.0,0.0,0.0002067428168546322,0.0,0.0,0.00041555942658002887,0.0,0.00020434292865826968,0.0,0.0,0.0,0.0007786717766685282,0.00020781835520923363,0.0,0.00022999971716573467,0.0002558433317091294,0.0,0.0,0.0,0.00015243600418391216,0.0003853146074308064,0.0,0.0014649767576616196,0.0,0.0002097429772352289,0.0,0.0,0.002491675669380561,0.07784688969085844,0.0,0.06222691212108975,0.06368654567473184,0.003045239967057538,0.007535851181231548,0.05324580104375341,0.0,0.003291228150185747,0.0026578346928243274,0.10822787092398667,0.004092968231678682,0.0006515498424772651,0.3004725707922837,0.18412262377772262,0.0009769993201254488,0.015066853327315131,0.00907466440959961,0.02741053890782544,0.00103116205558625,0.012188122919778015,0.0,5.2232218597602026e-05,0.0004271009561963741,0.0,0.00021805778708922633,0.000419349543613334,0.0,0.0,0.0,0.00019691845594471195,0.00043160581543355976,0.000266021632713194,0.0017166100874654458,0.00016477888720063644,0.0004476534831987581,0.0,0.0,0.0,5.342083834474396e-05,0.0,0.00021354103693760576,0.00018088122411219127,0.000379700224149083,0.0,0.0001709630455853619,0.0,5.5905346960016836e-05,0.0,0.0002452689696811366,0.0,0.0,0.0,0.0,0.0,0.00019605190586080933,0.0,0.0001827870709990129,0.0006512625157562637,0.00018335558773031703,0.0,0.0,0.0002139938447985211,0.0004846223897607141,0.0,0.0,0.0,0.0,0.0,0.00015356094890060055,0.0,0.0,0.0,0.0,0.0,0.00020711697789179188,0.0,0.0002149423358717983,0.0,0.0,5.932298127234625e-05,0.0006066890113559757,0.0,0.0,5.20277879146729e-05,0.0,0.0,0.0006257612123789683,0.0004257106541344243,0.0,0.00020286361286317193,0.0,0.0003818159943404786,0.0,0.0,0.0,0.0,0.00015356094890060055,0.00014992916461887664,0.0,0.0,0.0,0.0,0.0,0.00038307236808661293,5.20277879146729e-05,0.0,0.00039097281238793807,0.0,0.00020886144814740253,0.000265621081224072,0.0,0.0,0.0,0.0,0.00014993900991129303,0.0,0.0,0.00021754104269354493,0.0,0.0,0.0,0.0,0.0,0.00016112418902137468,0.0,0.0,0.00016690504227901564,0.0,0.0,0.0,0.0,0.0,0.0,0.0,0.0,0.0,0.0,0.0,0.00015908074622880575,0.0,0.0,0.0,0.00021748393605178895,0.0,0.0,0.0,0.0,0.0,0.0,0.00015908074622880575,0.0,0.0004197621165364493,0.0,0.0,0.0,0.0,0.0,0.0,0.0,0.0,0.0,0.0,0.0,0.0,0.001093126556053335,0.0002190287819046752,0.0,0.0,0.0,0.0,0.0,0.0006587776472436174,0.0,0.0,0.0005391629326030698,0.0,0.00019922282237468122,5.3284575415717705e-05,0.0,0.0,0.0,0.0,0.0,0.0,0.0,0.0,0.0,0.0,0.0004847885506690566,0.0,0.00020850775372226337,0.0001779236577560951,0.0,0.0001694867513886408,0.0,0.0,0.00020843578978251917
84,0.0004105213739532773,0.0,0.0,0.0020869687313207655,0.0,0.0,0.0005036958126156066,0.0034214779690420025,0.0,0.00046636050756329323,0.0,0.0,0.0,0.0,0.002592595587631196,0.0,0.0,0.0,0.0,0.0018901931150484461,0.0,0.0,0.01263324595429903,0.0,0.0,0.002911459321728229,0.001036401579566855,0.0014198967611647301,0.0006113602682763415,0.0005001967111856498,0.0,0.0,0.0004906042306821378,0.0,0.0,0.0,0.0,0.0,0.0004716886746997554,0.0,0.0,0.0014900826714799348,0.0,0.0,0.0,0.0,0.0,0.0,0.00047805673365602073,0.0004769544900235761,0.0,0.0,0.0,0.0,0.0009754771628155602,0.0,0.001076598156559614,0.0,0.0,0.0,0.0004779958209986627,0.0,0.0,0.0,0.0,0.0015213867722249682,0.0,0.0,0.005370900897253781,0.0005938955404535025,0.0,0.00011776118114445228,0.0,0.0,0.001770971545969997,0.0004825721979307755,0.002504161563910494,0.0,0.000491696540579862,0.0,0.0004754529400935341,0.11325284213695974,0.06005396912059619,0.15742033415358342,0.0,0.09432842059004438,0.22496144880485064,0.03931765761386031,0.003402506340782248,0.0,0.0019494435696204265,0.0024595632018465543,0.007926765190820202,0.01084608832992992,0.0,0.04027595358076056,0.04780236494839438,0.0006052245289968206,0.005842878467562238,0.1145057152699092,0.002384027417133829,0.00048256480221289827,0.00235217738946019,0.0,0.0005063353812206491,0.0,0.00032389418062469166,0.0,0.0,0.0,0.0,0.0,0.0004918505971520306,0.0,0.0004702602593577491,0.0008001761140098517,0.0,0.0,0.0,0.0005160505082071453,0.0,0.0,0.0,0.0,0.0,0.0004887244333590849,0.0004577115687866553,0.0004948315228187057,0.0,0.0,0.0,0.0,0.0,0.0,0.0,0.0,0.0,0.0,0.0,0.0,0.0,0.00107340437672662,0.0009493887066117389,0.0,0.0,0.0,0.0,0.0,0.0,0.0,0.0005120125648372837,0.0,0.0,0.0,0.0,0.0,0.0,0.0004918281212188013,0.0,0.0,0.0,0.0,0.0005252111681161479,0.0,0.0,0.0,0.0016738381156083182,0.0004964023291210012,0.0,0.0,0.0,0.0,0.00042749746242012036,0.0,0.0,0.00046799722201781635,0.0,0.0,0.0,0.0,0.00044948147162134533,0.0,0.0,0.0,0.0,0.0,0.0,0.0,0.0,0.0,0.0,0.0,0.0,0.0,0.0,0.0,0.0,0.0,0.0,0.0,0.0,0.0,0.0,0.0,0.0,0.0,0.0,0.0,0.0,0.0,0.0,0.0,0.0,0.0,0.0004397116756321238,0.0,0.0,0.0,0.0,0.0,0.0,0.0,0.0,0.0,0.0,0.0,0.0,0.0004816823904045715,0.0,0.0,0.0,0.0,0.000496546945175385,0.0005306822554104065,0.0,0.00048256480221289827,0.0,0.000496546945175385,0.0,0.0008328366237696674,0.0005148723850054011,0.0009551284466163678,0.0,0.0,5.530709536154457e-06,0.0,0.0,0.0014421632798922164,0.0,0.0,0.0,0.00047526220504531884,0.0,0.0,0.0,0.0,0.0,0.0,0.0,0.0,0.0,0.0,0.0,0.0,0.0,0.0,0.0,0.0,0.0,0.0,0.0,0.0,0.0,0.0,0.0,0.00048665006031278535,0.0004951103702844114,0.0,0.0,0.00032723853049505363
85,3.0339424061875867e-05,0.0,0.0,0.0004832303056255663,0.0,0.0,0.0,0.0,0.0,7.736961186805134e-05,0.0,0.0,0.0,0.0,0.0013510540115131346,0.00011393102862035093,0.0,0.0006318572253314397,0.00011857759141948539,7.686567578492184e-05,0.0,0.00024189586111039116,0.0075048997616434425,0.0,0.0,0.0028437209168803994,0.0011895275372706155,0.0007593968589190254,0.0005756439393402338,0.0001150073994388533,0.0,9.499827372395388e-05,3.1796726530074294e-05,0.0,0.0,0.0,0.0,0.0,0.00012284155577048725,0.0,0.0,0.0002879705106413684,0.0,0.0,0.0,0.0,0.0,0.0,0.00011842924184701739,3.0553064942650186e-05,0.0001173771667390092,0.0,0.0,0.00011972131673013165,0.0003698745488290583,0.0,2.9692338606757572e-05,0.0,0.0,0.0,0.0,0.00012721769503941003,0.0,0.0,0.00012100488312093267,0.0,0.0,0.0,0.0,8.357066898412184e-05,0.0,0.0,0.0,0.0,0.00038325679675988876,0.0001949177779224546,0.0007132635441865915,0.0,0.0002008379991143777,0.0,0.0,0.0005051549253604039,0.00464216959229757,0.09672734540573527,0.04149566204639803,0.0,0.003307350071600833,0.007248287425664273,0.0024587464414530585,0.0,0.0005880613506452799,0.0012074079521690714,0.022407938913256483,0.01930567830503076,0.0004770448087611292,0.2961820780843007,0.33443067487134115,0.0011815391551401144,0.023271229490345786,0.10358520772424043,0.000953792221593392,0.00014531445353526312,0.007268881951538231,8.848754956649475e-05,0.00016824367743215098,0.0,0.0001458676621909911,0.00024608767390589206,0.00016933585388850394,0.0,0.0,0.0,0.0002409245915006955,0.0002917914427697554,8.350833756917221e-05,0.00011186095570363171,0.0,0.0,0.0,0.00011667936761659881,0.0,0.0,0.0,7.74992923860201e-05,0.0,0.0010454884207618787,0.0,0.00036313945222325435,0.00017057841780029916,0.00011999276458141013,0.0,0.0004356930375245939,0.0,0.0,0.0,3.2093466992496125e-05,0.0,0.0,0.0001262642359425859,9.05884107126806e-05,0.00021470809617999534,0.00041367877417780076,0.00011976233261096832,0.00012487659589179302,0.0,8.20659579836159e-05,0.0,0.0,0.0,0.00011866889532072215,0.0,0.0,0.0,0.0,0.0,0.0,0.0,0.0,0.0,0.0,0.0,0.0,0.00011773925866068706,0.00012369234773878284,0.0,8.206714514781617e-05,0.0,0.0001185774919724516,0.0,0.00035040462731356667,0.00012143402128339063,0.0,0.00012040283108585303,0.0,0.00043509729528454254,0.0,7.045999111323286e-05,0.00012292213026185507,0.0,0.0,0.0,7.885726264895652e-05,0.0,0.0,0.0,0.0,0.0,0.00012132127367066912,0.00011740437327778922,0.0,0.0,0.0,0.00036799676504027087,0.0,0.0,0.0,0.0,0.0001533943873224723,0.0,0.0,0.0,0.0,0.0,0.0,0.0,0.0,0.0,0.0,0.0,0.0,0.0,7.828309277594931e-05,0.0,7.565610954595584e-05,0.0,0.0,0.0,0.000371515410649331,0.0,0.0,0.0,0.0,3.0553064942650186e-05,0.0,0.0,0.0,0.00036747352307675584,0.00012008966157278728,0.0,0.0,0.0,0.0,0.0002992581139240514,8.350833756917221e-05,0.0,0.0,0.0,0.00011612780356922594,0.00012054589311491783,0.00038464614103455295,0.0,0.0,0.0,0.00012117284656986323,0.0,8.713764783184049e-05,0.0,0.0009696004583617045,0.0,0.0,7.39528932381009e-05,0.00011220268064200879,0.0,0.0,0.00029058991853811444,0.0,0.0,0.0002756934999979204,0.0,0.00019944905297412688,0.000200814334711295,0.0,8.344076996845869e-05,0.0,0.0,0.00023927642279535568,0.0,0.0,0.0,0.00012767395098073263,9.522542541891324e-05,0.0,0.0,0.0,0.00012658583621826889,0.0,0.00024073221140395897,0.00011972131673013165,0.0,0.00023921066806416904
86,0.0,0.0,0.0,0.0036567425584131457,0.0,0.0,0.0,0.0015794703619662306,0.0,0.0,0.0,0.0,0.0,0.0,0.0008597149019572816,0.0,0.0,0.0009250497970965646,0.00025201771798129605,0.0008755815477226084,0.0008279485162536184,0.0005948443685552377,0.012730901456893463,0.0,0.0,0.0015607099682260497,0.00038184355293038375,0.002378185076623284,0.002407149417899206,0.0,0.000825314140171717,0.0,0.0,0.0,0.00029238008155550444,0.0,0.0,0.0,0.0,0.0,0.0,0.0,0.0,0.0002786022172847181,0.0,0.0,0.0,0.000595219319596891,0.00038679763065347104,0.00041596408355910804,0.0,0.0,0.0,0.0,0.0003746087122319633,0.0,0.0,0.00029238008155550444,0.0,0.0,0.0,0.0,0.0,0.00028543540716516254,0.0,0.0021497359097969156,0.0,0.0,0.001410616021643637,0.00028508238134028604,0.0,0.00042185495926609347,0.0,0.0,0.0009931947613901976,0.0,0.0016300296309786904,0.0,0.0,0.0,0.0,0.006097483051315857,0.005589806121396846,0.02142380250501209,0.22374505707980719,0.01692003846664833,0.0,0.3709311952855577,0.0008382685739817068,0.0,0.0011192169799817979,0.0029634637039737273,0.004283682664049259,0.06140501981886304,0.0007792173393370913,0.013388288403531422,0.07557548673221239,0.0009440730028639398,0.0051042276274541575,0.11327667855302102,0.0018184760943198563,0.0009464324474213294,0.003257954505340359,0.0,0.000509976775199631,0.0003191022938801294,0.0012621002404508627,0.00025969491703368465,0.0,0.00010358718589158382,0.0,0.0,0.0,0.0,0.0,0.000866177745599192,0.0,0.0,0.000415639453303483,0.0,0.0,0.0006982086617619224,0.0,0.0,0.0,0.00032455222477122873,0.0,0.00123920881523967,0.0,0.00045027599726225886,0.0,0.0,0.0005514973141678253,0.0,0.0,0.00042075846604226904,0.0,0.0,0.0,0.0,0.0,0.0006882196403589777,0.0,0.0,0.0,0.002254149745893345,0.0,0.0,0.0,0.0,0.0,0.0,0.0006913999762125318,0.0,0.0,0.0,0.0,0.00041634804105905983,0.00029783738060412153,0.0,0.0,0.0,0.0,0.0004014860572642844,0.0,0.0015243654965457053,0.0004082341355448679,0.0002736727481387072,0.0,0.0,0.0002998444522819469,0.0,0.0,0.0,0.001494579516747955,0.0,0.0,0.0,0.0,0.0,0.0,0.0007262221194136479,0.0,0.0,0.0,0.0,0.0,0.0,0.0,0.0,0.0,0.0,0.00028543540716516254,0.0,0.0,0.0,0.0,0.0,0.0,0.0,0.0003934587435556928,0.0,0.0,0.0,0.0,0.0,0.0,0.0,0.0,0.0,0.0,0.0,0.0,0.0,0.0,0.0,0.0,0.0,0.0010229382456039817,0.0,0.0,0.000673874919995362,0.0,0.0,0.0,0.00029238008155550444,0.0008023604394464775,0.0013580014973608532,0.0,0.0,0.0002935695081331195,0.0,0.0,0.00030719899237577884,0.00043883369794483487,0.0002527449444601188,0.0,0.0,0.0,0.001010491909578138,0.0006048120033881867,0.000521853900661629,0.0,0.0,0.0,0.0,0.0,0.0015281451940616026,0.0,0.0,0.0004236095884464251,0.00035143563553567014,0.0,0.0,0.0007178461530278655,0.0,0.0,0.0,0.0,0.0,0.0,0.0,0.0003266535070939934,0.0,0.0,0.0,0.0,0.0,0.0,0.0,0.0,0.0,0.0,0.0004429527425969844,0.0,0.0,0.0004170186949568313,0.00025969491703368465,0.0,0.00030230633855588744
87,0.0,0.0,0.0003535729223804175,0.00026431176079187913,0.0,0.0,0.0,0.0,0.0,0.0,0.0,0.0,0.0,0.0,0.00024059929112180432,0.0,0.0,0.0008628621397565196,0.0002637818213798008,0.00025121759050683004,0.0002512765463650009,0.0,0.015025096601259044,0.0,0.00023253717460035699,0.002215564213744445,0.0012029173286100792,0.0011222872776692663,0.004114849033983362,0.0004989082039211635,0.0,0.0,0.0,0.0,0.0,0.0,0.0,0.0,0.0,0.00024953323216430235,0.0,0.0005361715185642346,0.0,0.0,0.0,0.0,0.0,0.0,0.00037190211093776095,0.00024059929112180432,0.0005788919017992478,0.0,0.0,0.0,0.0,0.0,0.0,0.0,0.0,0.0,0.0,0.0,0.0,0.0,0.0,7.19059671677599e-05,0.0011187811223781425,0.0,0.0029934759902576717,0.0,0.0,0.0,0.0,0.0,0.0015732547182503386,0.0,0.0013231494560553608,0.0,0.0,0.0,0.0003193017925709001,0.0003489059074071225,0.0037416121198515233,0.016467554319333416,0.013878544558230635,0.011857563502735624,0.22530687556884824,0.0,0.0016068227550047839,0.0,0.002450983539494898,0.001000567236596121,0.002753227009187717,0.4090512065618141,0.0,0.013646299258871071,0.0886639974849156,0.00017542999065547064,0.007002328056635652,0.14369810888163764,0.00018642417768684883,0.0,0.0036761399030327,0.0,0.0003629371077994612,0.0,0.0,0.0,0.0,0.0,0.0,0.0,0.0003645730414137625,0.0007210927519028677,0.0002680119518544262,0.0011368242948409334,0.0,0.0,0.0,0.0,0.0,0.0,0.0,0.0,0.0,0.000235644528146864,0.0008735620483013238,0.0,0.0003635751966603731,0.0,0.0,0.0002570562705059057,0.0,0.0,0.0,0.0,0.0,0.0,0.0,0.0,0.0,0.0008177456358472448,0.0,0.0,0.0,0.0006846360194196412,0.0,0.0002628950425205246,0.0,0.0,0.0,0.0,0.0006196802531046343,0.0,0.0,0.0,0.0,0.0,0.0,0.0,0.0,0.0,0.0,0.0005781464515736753,0.0,0.0007236334885566449,0.0,0.0004954028746030862,9.364027086516254e-05,0.0003595386726104727,0.00023307564998694538,0.0,0.0,0.0,0.0011490870586097,0.0,0.0,0.0,0.0,0.0,0.0,0.00032054166486473145,0.0,0.0,0.0,0.0,0.0,0.0,0.0,0.0,0.0,0.0,0.0,0.0,0.0,0.0,0.0,0.0,0.0,0.00024901801269668956,0.0,0.0,0.0,0.0,0.0,0.0,0.0,0.0,0.0,0.0,0.0,0.0,8.310830914037018e-05,0.0,0.0,0.0,0.0,0.0,0.0,0.0,0.0,0.00026679802778891,0.0,0.0,0.0,0.0,0.0005061307684572604,0.00023454721437067772,0.0,0.0,0.0,0.0,0.00038633134248599644,0.00038068122852169496,0.0,0.0003450477688269518,0.0,0.0,0.0,0.0005585779697573829,0.0,0.00035875752879970153,0.0,0.0,0.00023787155202009737,0.0,0.0,0.001524919782890308,0.0,0.00024090455833312963,0.0,0.0,0.0,0.0,0.00025062227717100955,0.0,0.0,0.0,0.0,0.0,0.0,0.0003582276330234497,0.0,0.0,0.0,0.00019400492834362035,0.0,0.0,0.0,0.0,0.0,0.00025062227717100955,0.0,0.00034672578884725687,0.0,0.0,7.195270877930138e-05,0.0,0.0,0.00044451020929024254
88,0.0002029147759042662,0.0,0.0003035235773158017,0.001449032610478364,0.0,0.0002877901429239286,0.0,0.0,0.0,0.0,0.0,0.0,0.0,0.0,0.0013868374126395618,0.00029158212741396813,0.0,0.001364732859598451,0.0,0.0019346887775889127,0.0002932645376009394,0.0002777067983103273,0.011579938360348931,0.0,0.0,0.003039234320468259,0.00019516959573962693,0.0022434984634444152,0.0020928359862729283,0.0008388682201716428,0.0002237562417366453,0.00026855396548770263,0.0,0.0,0.0,7.460984488509743e-05,0.0,0.0001901458123091916,0.0,0.0,0.0,0.0,0.0,0.0,0.0,0.0,0.0,0.0002892416258808507,0.0002021414210045672,0.0,0.0,0.0,0.0,0.0,0.0004915310138265868,0.0,0.00027340370910157084,0.000286754022383217,0.0,0.0,0.0005876236893047491,0.0,0.0,0.0002842214039607888,0.0,0.0005973645535389182,0.0,0.0,0.0,0.00048785791316664176,0.00019188493527032516,0.0,0.0,0.0,0.0,0.0,0.0004590944471457832,0.0,0.0,0.0,0.0,0.0,0.010257111389177048,0.08546282181509604,0.0013817245462918425,0.005579321877425276,0.0011564171918020327,0.0019144449543915933,0.0,0.0,0.003544705561183588,0.0023790234524600612,0.13706590198692686,0.002778792137276928,0.003775734287803646,0.029585306047914227,0.10918200429511082,0.04962334758052745,0.011681324979465139,0.002325122424384769,0.10880365209472827,0.0010038931256842259,0.3772283893375114,0.00019706562117321653,0.0005763439985495492,0.00029158225555646035,0.0002761591803228905,0.0,0.0,0.0,0.0001918085553147572,0.00046194009379280836,0.0010411377864444902,0.00028453052606877243,0.0005719705331235996,0.001899040724144174,0.0,0.0005606897063916629,0.0,0.0,0.0,0.0,0.0003020422039107978,0.00029158225555646035,0.0,0.0015854695206655523,0.0,0.0007666007035164138,0.0,0.00021703628603966926,0.0,0.0,0.0,0.0,0.0,0.0004958003802076157,0.0,0.0,0.0,0.0,0.0005190750170126358,0.0,0.0005380189401602621,0.0,0.0,0.0,0.0,0.0,0.0,0.0005188704088965174,0.0,0.0,0.0,0.0,0.0,0.0,0.0,0.0,0.0,0.0002846842728635189,0.0,0.0,0.0,0.0,0.0,0.00026931692208781823,0.0,0.0,0.0,0.0,0.0,0.0006431376937361114,0.0,0.0,0.00048331741034802236,0.0,0.0,0.0,0.0,0.0,0.0,0.0,0.0,0.0,0.0,0.0,0.0,0.0,0.0,0.00019842914087797524,0.0,0.0,0.00027434519974989425,0.0,0.0,0.0,0.0,0.0,0.0,0.0,0.0001989711108960795,0.0002886926601262005,0.0,0.0,0.0,0.0,0.0,0.0,0.0,0.0,0.0,0.0,0.0,0.0,0.0,0.0,0.0,0.0,0.0,0.0004080052916094437,0.0,0.0002179592169105313,0.0,0.0,0.0,0.0,0.00032436631535280185,0.0002845982793655173,0.0,0.0,0.0,0.0,0.0,0.0,0.0,0.0012188075219617318,0.0,0.0,0.0,0.0003653433976704877,0.00019735256228941352,0.0,0.00019421437626350587,0.0,0.0,0.0,0.0,0.002392850219596262,0.0,0.0,0.0,0.0,0.0007827335477882389,0.0,0.00029865332928614795,0.0,0.0002917679076712118,0.0002261609050509077,0.0,0.00027580903202403806,0.0,0.00028206942200232065,0.0,0.0,0.0,0.0,0.0,0.0,0.0,0.0,0.0,0.0,0.0,0.0,0.0,0.0,0.0,0.0,0.00029076511332841996,0.0003020422039107978
89,0.0,0.0,0.0,0.0005425721075704174,0.0,0.0,0.0,0.0005746017921320827,0.0,0.0,0.0,0.0,0.0,0.0,0.005595224115211963,0.04343347514048729,0.0006205412531159063,0.002459625960507597,0.0,0.08239444187206689,0.23527669996007097,0.0026726196997466354,0.15563924855147102,0.0005209442958942081,0.0,0.054830938204143566,0.0022408915701179885,0.005882868059396766,0.0038661401973239776,0.0,0.0,0.0,0.0,0.0,0.0,0.0,0.0,0.0,0.0005718038391029563,0.0,0.0,0.0,0.0,0.0,0.0,0.0,0.0,0.0,0.0,0.0,0.0,0.0,0.0,0.0,0.0,0.0,0.0,0.0,0.0,0.0,0.0,0.0,0.0,0.0,0.0,0.0005451393873837933,0.0,0.0,0.0,0.0,0.0,0.0,0.0004610219135429735,0.0,0.0,0.0,0.0005324096654643165,0.0,0.0,0.0,0.0,0.0,0.0005207680001282783,0.0,0.0,0.0,0.0,0.0,0.0,0.0,0.010146917349140408,0.003680377273249538,0.0011570046171927276,0.0,0.01199602064699727,0.0,0.002264540405661523,0.002696556352459556,0.0011264702373165578,0.0,0.005174133539486365,0.1344540784993507,0.0005858526116373782,0.0,0.004560661318503191,0.0,0.0,0.0,0.0804882185620796,0.0,0.0,0.0,0.0005209442958942081,0.0005320847633634093,0.002098883986462526,0.08735665787776448,0.0,0.036976548801610866,0.0,0.0,0.0,0.0011438015967427505,0.0,0.0,0.0,0.000553256770637,0.0005162606826886993,0.0005718816972876636,0.0,0.0,0.00042720939891574783,0.0,0.0,0.0,0.0,0.0,0.0,0.0,0.0,0.0,0.0,0.0,0.0,0.0,0.0,0.0009313728520204068,0.0,0.0,0.0,0.0,0.0,0.0003849569236855521,0.0,0.0,0.0,0.0,0.0,0.0,0.0,0.0,0.0,0.0,0.0,0.0,0.0,0.0005493790412146816,0.0,0.0,0.0005748607575445897,0.0,0.0006640404439187512,0.0005788247455843791,0.0,0.0,0.0,0.0,0.0,0.0,0.0,0.0,0.0,0.0005209442958942081,0.0,0.0,0.0,0.0,0.0,0.0,0.0,0.0,0.0,0.0,0.0,0.0,0.0005880569819191519,0.0,0.0,0.0,0.0,0.0,0.0,0.0,0.0,0.0,0.0,0.0,0.0,0.0,0.0,0.0005698390106763612,0.0,0.0,0.0,0.0,0.0,0.0,0.0,0.0005438601528232827,0.0,0.0,0.0,0.0,0.0,0.0,0.0,0.0,0.0005427700946224553,0.0005216143866771394,0.0,0.0,0.0,0.0,0.0,0.0,0.0,0.0005781838865120318,0.0,0.0,0.0,0.001160447371853265,0.0,0.0004969361070004804,0.0,0.0,0.0,0.0,0.0,0.0003849569236855521,0.0,0.0,0.0,0.0,0.0,0.0,0.0,0.0,0.0,0.0,0.0,0.0,0.0,0.0,0.0005505627845751957,0.0,0.0,0.0005659409177325373,0.0,0.0,0.0,0.0,0.0,0.0,0.0,0.0005627726902162276,0.0,0.0,0.0005193427625220819,0.0,0.0,0.0
90,0.0,0.0,0.00016180182893473646,0.05829658017695629,0.00022725351016894118,0.0002268383327614388,0.00033367845425642367,0.00045145794741858,0.0,0.0,0.0,0.0,0.0,0.0,0.010557427254610867,0.0004423736376257553,0.0002215945229605696,0.0020743504816272142,0.0002116734909753545,0.0071781856950023076,0.0037220221678741145,0.0008446938972341824,0.11677175934989642,0.0,0.00040451545248219753,0.14508390203333726,0.00546920542233315,0.00500005569395115,0.007589049954048656,0.00031943432683128307,0.0,0.00019268949128259632,0.0,0.0003262610243359122,0.0,0.0,0.0,0.0005508689213836453,0.0010773347107594887,5.8845770455161614e-05,0.0,0.0,0.0,0.0,0.0,0.00017466606179884306,0.00016995473588396904,0.0,0.0005708153056139359,0.0,0.00022519927164740938,0.0,5.8845770455161614e-05,0.0,0.00037005096065517376,5.0737062662358035e-05,0.0,0.0,0.0,0.0,0.0004561722920921328,5.476943894484955e-05,0.0,0.0,0.0,0.0005591812349146818,0.000405114460575786,0.0,0.0008590484782266839,0.00015884622437801964,0.0,0.00021018680672284625,0.0,0.0,0.0008795050103976035,0.00022756290698881668,0.002530339864099571,0.0,0.0,0.0,0.0,0.0006719112416311737,0.07366986329604411,0.0011995629436962654,0.0003898575523164621,0.0007972057647470949,0.0,0.0,0.0005974725415989104,0.0013343265050226097,0.0,0.3480975568250756,0.0003670584569838856,0.0010604527047121505,0.003931650125464443,0.0011215453728494725,0.007344007690796551,0.0007437265872484934,0.00045783061056724406,0.00022595065953875848,0.05044135724867628,0.10993922820527946,0.0003671988268689959,0.0,0.0009253497718483621,0.0004528932483068777,0.00022141877879796543,0.00021149971763802868,0.0,0.0002171133795179675,0.0,0.0,0.0004895800544084258,0.000433429178121715,6.406681160853088e-05,0.001650461116343116,0.0,0.0004240704567718116,0.0,0.0,0.0,0.00016574801921390693,0.0006726442448156873,0.0,0.0,0.0007160929819886196,0.00045001373008771113,0.00020892704321114926,0.0,0.0,0.0002018621247221371,0.00022794614814446163,0.0,0.0,0.0,0.0,0.00022115613474991565,0.0,0.0,0.0,0.00022857047916675926,0.00022909533540450326,0.0,0.0,0.0,0.0001715655431925002,0.0,0.0,0.0,0.0,0.0,0.0,0.00024091722733426564,0.0,0.0,0.0,0.0,0.0,0.0,0.0,0.0,0.0,0.00044667381715484,0.0,0.0,0.0007739817472881509,0.0,0.0,0.0,0.0,0.0,4.946618849110474e-05,0.0,0.00016841246416850412,0.0010912245883460217,0.0,0.0,0.0,0.0,0.0,0.0,0.0,0.0,0.0,0.0,0.0,0.000588459301454707,0.0,0.00022768580264294425,0.0002323760617936174,0.0,0.0003431310863850004,0.0,0.0004263765960558357,0.0,0.0,0.0,0.0,0.0,0.0,0.0,0.0,0.00022220012704139973,0.0,0.0,0.0,0.0,0.0,0.0002319302036542659,0.0002250027800439723,0.0,0.0001095388778896991,0.0,0.0,0.0,0.0,0.0002132101017332341,0.0006949644097029504,0.0,0.00023670227862473736,0.0,0.0,0.0,0.0,0.0,0.0,0.0008825292756446966,0.0004419296641864691,0.0,0.0,0.0,0.00028166440980658905,0.0,0.0,0.0002106554431257855,0.0,0.0,0.00024394163535922643,0.0,0.0003651054722986736,0.0,0.0,0.0002529336626536432,0.0,0.0,0.0,0.0,0.0012957100240855374,0.0,0.0,0.0,0.0,0.0,0.0,0.0006607911734505868,0.0,0.0,0.0,0.0,0.0,0.0,0.0,0.0,0.0,0.00022367278492272408,0.0,0.0,0.0,0.0,0.0,0.0,0.0002601171449665879,0.0,0.00026670231453980475,0.0004673085270881713,0.0,0.00035822883105854727,0.0,0.0,0.00017033908426822644
91,0.0,0.0,0.0001657208943208782,0.1440320673065438,0.0,0.0,0.0,0.00042573377680960045,0.0,0.0,0.0,0.0,0.0,0.0,0.07460710941377656,8.981757413542365e-05,0.00025862691532125393,0.0032384701339849787,0.00036049072903325655,0.013514460253133825,0.0028284683669126706,0.0007221911692015605,0.20341905458404952,0.0001082555944139632,0.00011435505952993816,0.35091483335907514,0.0033858500422076165,0.010020251199670746,0.005364727955778848,0.0,9.732732464977364e-05,0.0002204176890161613,0.00020098260017414147,0.00010795925507002303,0.0,0.0,0.0,0.00018016768777423233,0.0004119849998064688,0.00011323955783570483,0.00020097426896718856,0.0004157965140890856,0.00011680682969207884,0.0,0.0,8.717845201224123e-05,0.0,0.00015908335349924503,0.0001196563444584506,8.39375584638635e-05,0.0,0.0,0.00020010617544261033,0.0,0.00011964599415549948,0.0,0.0,2.5941901000549995e-05,0.0,0.0,0.00031824255142309083,0.0001910571343231485,0.0,0.0,0.0,0.0003036587540460565,0.00013915873045617557,0.0,0.00023146564385071876,0.0003435550937827033,0.0,0.0,0.00011338880782178563,0.0,0.00046854340551606244,0.0,0.0009900487701489076,0.0,9.732732464977364e-05,0.0,0.0,0.00011534908465636153,0.01720300835923527,0.000679850643100874,0.0006113900910581462,0.0001081027422021391,0.00022849949163967047,0.0,0.00019967993102109003,0.0006476745030795804,0.12051454833971667,0.0,0.00011840008735265758,0.000171294459378147,0.00011903801285896092,0.00029782561859811207,0.002569114317836083,0.00031706643562016376,0.0002597393742631709,0.00019599708251543668,0.0015338281735332072,0.01946474145974656,0.0005783389679288303,0.0,0.00014030128110170995,7.48293442389606e-05,0.00018992611308228614,0.00011492596122343845,0.00011435505952993816,0.0,0.0,0.0003234695723040634,0.00065769301368397,0.00022452619952535269,5.0926056504848496e-05,0.00041167077113689283,0.00022388340740390583,0.00011364736148965898,0.00011309998554343046,0.0,0.0,0.0,0.0,8.064608365764062e-05,0.0,0.0003285098556445622,0.00011686962448782858,8.122203267084382e-05,0.00034057883995904846,0.0,0.00011067450583304408,8.411207227990034e-05,0.0,0.0,0.0001133920038872412,0.00017849860451722534,0.0,0.0,0.00011190306891524581,0.0,7.349141638922147e-05,0.0005996038159684484,0.0,0.0001277040019920721,0.0,0.0004826207328656597,0.0,0.0,0.00011479717417927863,0.0,0.0,0.0,0.0003638311245687223,0.0,0.0,2.6241358555118303e-05,0.0,0.0,0.0,9.44500251454471e-05,0.0,0.0,0.0,0.0,0.0,0.00033487398124946343,7.085549915224616e-05,0.00011244454422201714,0.0,7.085549915224616e-05,0.0,0.0,0.0,0.00011034814271299014,0.0004119988958225757,0.0,0.0,0.0,6.295538424579313e-05,0.0,0.0,2.509880790958393e-05,0.00011550122114747115,0.0,0.0,0.00011405078858784854,0.00014661190483531363,0.0,0.0,0.00012339440838995473,0.0,0.0,0.0,0.00010767575740655488,0.0,0.0,0.0,0.00011435727325957071,0.0,0.0,0.0,0.0001133808886696287,0.0,7.704032187833878e-05,0.0,0.0,0.0,0.0,0.0,0.0,0.0,0.0,0.0,0.0,0.0,0.0,0.0,0.00030587937420069593,0.0,0.00038673237628519645,0.0,5.851271328564667e-05,0.00022387308343987136,0.0,0.0,0.0001135672402986968,0.00038763651422814933,7.145764930098042e-05,0.0,0.0,0.0,0.0,0.00011942059374670872,0.0,0.0,0.00011308567013032155,0.0,9.314146476834238e-05,0.0,0.00011796975907016208,0.0002267827237098088,0.0,0.0,0.0,0.0,0.0,0.0,0.0012604287390161272,0.0,8.940265816740321e-05,0.0,0.0,0.0,0.00011703359303673768,0.00023303108354381935,0.0,0.0,0.00022703079625923086,0.0,0.0,0.00011338945635833668,0.00012866017358512488,0.00037772807106526703,0.0,0.0001171105843207806,2.5463028252424248e-05,0.0,0.00011139968279055642,0.0,0.0001966541821198611,0.00019536163769204442,0.00011245208182697755,0.0,0.00019325342764429186,0.0,0.0,0.0,0.00011499938126083765,0.0,0.0003130742483026367
92,0.0,0.0,0.0001094160255227821,0.00038396565892876577,0.0,0.0,0.0,0.00013788485936337694,0.00014147616952568968,0.0,0.0,0.00014060396894596518,0.0,0.0,0.0012661691282457744,0.0,0.0,0.0006490592020658822,0.00016503583679835428,0.0011940976574460068,0.0003768297830317712,0.000671489217119467,0.007530830043869592,0.0,0.0,0.0015663502956400114,0.0008756664234495326,0.00047968144255291893,0.0005964152981123494,0.000135802365547166,0.00029065563459912484,0.0,0.0,0.0,0.0,0.0,0.0,0.0,0.0004263479102058803,0.0,0.0,0.00024767362815850705,0.0,3.3104841097225776e-05,0.0,0.0,0.0,0.0,3.328656692919339e-05,0.00024659107230797314,0.0,0.0,0.0,0.0,0.00026332770178422095,0.0,0.0,0.0,0.0002806690554619875,0.0,0.0,0.0,0.00014252154816848565,0.00013843084937364936,0.000136860066886468,0.0005621024192428162,0.0,0.0,0.00021733151164427358,0.0001349680814196153,0.0,0.0,0.0,8.93746398794705e-05,0.0006707780300978001,0.0,0.0004983578229993096,0.0,9.892678105278982e-05,0.0,0.000135802365547166,0.00013255488144121112,0.0030357332384675635,0.08961600090314,0.0012049225242722521,0.009629188006924102,0.0012010877732585837,0.0014560315370313907,0.05597386816818991,0.0,0.0008097589363686437,0.000559153416498401,0.0,0.004923604380180585,0.0003666372285768572,0.17815501021222435,0.38806337848569444,0.00740003197880753,0.03949991425377678,0.0014775841793708648,0.002545652914101202,0.00037277173930063616,0.17631095855116433,0.00014666094157158622,0.00023064547794950343,0.0005151063190982568,0.0,0.000136013204801107,0.0,0.0,0.0,0.0,0.0017972674485912169,0.0010185897885194137,0.000136013204801107,0.00095635792187237,0.0,0.0,0.00023463847069485848,0.0,3.4011149832155e-05,0.00014021974248252945,0.0002205252700834745,0.0,0.0,0.0011117575815712448,0.0005161577584915165,0.00040037365537334314,0.0001371577872894468,2.7607568376007438e-05,0.0,0.000127319492201466,0.0,0.0,0.0,0.0,0.0,0.0,0.0,0.0,0.00017320416495417927,0.0,0.00027173123606721676,0.0,0.0,0.00024134723368278159,0.0,0.0,0.0,0.0,0.0,0.0,0.00013337247264540622,0.0,0.00011595945154639953,0.0,0.0,0.00013174282675657318,0.0,0.0,0.0,0.0,0.0002752614892426297,0.0,0.0,0.00032387536581771867,8.712710980851645e-05,0.00013775985958355843,0.0,0.00027586818989728065,0.00024655186921191524,0.0,0.0002456121358625427,0.0,0.0,0.0,0.0,0.0,0.00013788485936337694,0.0,0.0,0.00013585749735553113,0.0,0.0,0.0,0.0,0.00013902069595408162,0.0,0.0,0.0,0.0,0.00014403057611118338,0.0,0.0001368563096034213,0.0,0.0,0.0,0.0,0.0,0.0,0.0,0.0,0.0,0.0,3.6494280149274574e-05,0.0,0.00026958230974734337,0.0002333158742280529,0.0,0.0,0.0,0.0,0.0,0.0,0.0,0.0,0.0001368563096034213,0.0,0.0,0.0,0.0,0.0,8.932784702032048e-05,0.0,0.0,0.0,3.534957943513223e-05,0.0,0.00018534228757081809,0.0,0.0,9.976158095541677e-05,0.00010542319925612222,0.0,0.0,0.0001393280880013862,0.0,0.0002850430963369713,0.0,0.00013036038601508596,0.0,8.932784702032048e-05,0.00013714534458526283,0.0,0.00013745169837963174,0.0,0.0,0.0013539717280769382,0.00013960640953632935,0.0,0.0,0.0,0.0,0.0,0.00013174282675657318,0.0,0.0,0.0,0.0,0.0,0.0,0.00014365871636433362,0.00037995041547078835,0.00011419081829491452,0.0,0.0,0.0,0.0,0.0,0.000136105850137236,0.00013392533084111429,0.0,0.0,0.000136013204801107,0.0,0.00010149413759726514,7.801749494302519e-05,0.0,0.0,0.0
93,0.0,0.0,0.0002650273989172251,0.00035016341837729463,0.0005310447357168809,0.0002261862920810084,0.0,0.0,7.284513371742752e-05,0.0,0.0,0.0,0.0,0.0,0.0013451713855159606,0.0,0.0,0.001043673418349805,0.0,0.0029558906166260598,0.0003443300585438776,0.0005603463441521732,0.015129355350838605,0.0,0.0,0.004257647981056358,0.0034292170348018164,0.00022339312431704668,0.003590256982940101,0.0004023918443518709,0.0,0.0,0.0,0.0,0.0005353648502481358,0.0001885649456605861,0.0,0.0,0.0011241569020619593,0.0002254586749662996,0.0,0.0002222866419466132,0.0,0.0,0.0,0.0006077386237892358,0.0,0.0,0.0009117992007146786,0.0006904981108325327,0.0009054870317302073,0.00032968448085541686,0.0,0.0008532343276866012,0.0005847481571233194,0.0,0.00020875748777682043,0.00024152924640654785,0.0,0.0,0.0005805241058302881,0.0,0.0,0.0,0.00043335746116383205,0.0007661936117921064,0.0026543713533029524,0.0,0.0026074604679671093,0.00025952959271498515,0.0005759475343566414,0.0,0.00022768544279442562,0.0,0.0015349113916345413,0.0,0.0035069962268056572,0.0,0.0,0.0,0.001551871348279898,0.0007624443793948864,0.001356882268876672,0.009896430307645764,0.005950869304779414,0.020089313469061648,0.020920324792493665,0.21165892437299705,0.0035075097220215873,0.0002498640156208947,0.0010728367856328348,0.0013690930692972644,0.007935242197738867,0.0,8.349424495511024e-05,0.014658507924561932,0.36525578399380326,0.0029914405454781003,0.029235181021760162,0.1958334475401422,0.0019391284916160539,0.0005288949395188542,0.012665850073825077,0.0,0.0005539779642794135,0.001133875908639989,0.00045740764568379105,0.0,0.0,0.00020319169200535528,0.0,0.000334534172750493,0.00119113049721295,0.0002010294481336809,0.0007323443995432807,0.000786876474437151,8.819940668707392e-05,0.0,0.0,0.0,0.0,0.0,0.0006569638079241532,0.0,0.0,0.0019296338964566256,0.002276961889565159,0.0003349641944280472,0.0,0.00019739480918402454,0.0,0.0003136446483160167,0.000330668591243398,0.0,0.0002010294481336809,0.0,0.0,0.0,0.0,0.0004877651358071767,0.00024152924640654785,0.0,0.0,0.000224017294200201,0.0,7.824032967705417e-05,0.0,0.0,0.00020994859630871438,0.0003369081188769187,0.0,0.0,0.0004815315303513494,0.0,0.0,0.0,0.0,0.0,0.0,0.0,0.0,0.0,0.0006850881392038923,0.0,0.0,0.0009197426691346468,0.0,0.0,0.0,0.0002002597668980921,0.0,0.0005517346557404211,0.0006611341534039014,0.0,0.0016651142109036315,0.0003264886996299926,0.0,0.00023464879047765353,0.0,0.0,0.0,0.000593638941973499,0.00023162389857693386,0.0,0.0,0.0,0.0,0.0,0.0,0.0003293714746485105,0.0,0.0003128561991443322,0.0,0.0,0.0,0.0,0.0,0.0,0.0,0.0,0.0,0.0,0.00023180950318569643,0.00021118060823666554,0.0,0.0,0.0,0.0,0.0,0.0,0.0,0.0,0.0,0.0,0.0,0.0,0.000344720150711902,0.0,0.0,0.0,0.00025688568916156987,0.0003369081188769187,0.00032126931868522497,0.0,0.0,0.0,0.0012078192074452682,0.00032705692705782655,0.0,0.0,0.00024325947997241932,0.0,0.00033452703343087096,0.0003264886996299926,0.0002498640156208947,0.0007833684200916419,0.0,0.0,0.0,0.0004711358105498899,0.0,7.827684857246061e-05,0.0,0.00018684167625890712,0.0,0.0,0.0,0.001364704037594365,0.0,0.0005701372118761975,0.0,0.00032630875359139434,0.0,0.0,0.00032187113611101894,0.0,0.0,0.0,0.0,0.0006727892102017622,0.00022727133379409263,0.0,0.0012830907901835247,0.0,0.0,0.0,0.0,0.000580480628649328,0.0,0.0,0.0,0.0,0.00021957868815322072,0.0011615894334600257,0.00029846297441959307,0.0,0.000547328418298909,0.0,0.0004746581083547957,0.000328285221869516
94,0.0,0.0,0.0002578818418160414,0.0027387517565360185,0.0,0.0,0.0,0.0,0.0,0.0,0.0,0.00038611275165583385,0.0,0.0,0.0035875636476114373,0.001012038525034888,0.0,0.0006569457287428171,0.0009588409604131243,0.0048611235594493265,0.0025894129155614775,0.0,0.015483458103035468,0.0003956907007094001,0.0,0.0072419698785292745,0.0010546008970140194,0.0007529873050781681,0.0015603793322376117,0.0,0.00042193370791501696,0.0,0.0,0.0,0.0,0.0004020580537972655,0.0,0.00038304956855013313,0.0003677560331833608,0.0003677560331833608,0.0,0.0009760316607667408,0.0,0.0,0.0,0.0003913679360483269,0.0011673629357421083,0.0,0.0,0.0,0.0,0.0,0.0,0.0,0.0004121613079865446,0.0,0.00038440691139668583,0.0008000814247133149,0.00039675922656648324,0.0,0.0005041607979440754,0.00039646502903813147,0.0,0.0,0.0003739307023824889,0.0016739703285959875,0.0,0.0,0.0005162672710146691,0.000603336072804439,0.0,0.0,0.0,0.0,0.0,0.0,0.0007601564725996561,0.0,0.0,0.0,0.0,0.0002736761700627067,0.006726224500469156,0.0011802212514001873,0.0,0.0003883904780640504,0.0,0.00040232052780534924,0.0016006963214916842,0.01375117048078329,0.009198448538901298,0.0041637148969440015,0.0,0.0007915091614230348,0.0,0.001763474849985656,0.005594963232229962,0.06446493344594206,0.0016456278244382364,0.0,0.19452420827482791,0.17590002267027555,0.002727822810083306,0.0,0.008604999195921314,0.007655399531559336,0.0,0.0,0.0063046955682244605,0.0004061934503713668,0.0,0.0,0.0013324434787344553,0.0005231818567374403,0.0,0.42148475153898535,0.0,0.00040060959557013245,0.0,0.0,0.0,0.0003739307023824889,0.0,0.0015838619282165694,0.0,0.0026366672562704624,0.0003554974987439157,0.0,0.0,0.0017950187594617608,0.0,0.00036937513171659685,0.0003709164687173149,0.0,0.0,0.00039543497478103455,0.0,0.0,0.0,0.0,0.0,0.0,0.0,0.0,0.0,0.0,0.0,0.0,0.0,0.0,0.0,0.0,0.0,0.0,0.0,0.0,0.0,0.0,0.0,0.0,0.0,0.0,0.0,0.0,0.0,0.0002324010412828066,0.0,0.0,0.0,0.0,0.0,0.0,0.0,0.0009596324617582555,0.0,0.0,0.0,0.0,0.0004119738615936212,0.00039543497478103455,0.0,0.0003806364650189498,0.0,0.0,0.0,0.0,0.0,0.0,0.0,0.0,0.0,0.0,0.0,0.0,0.0,0.0,0.0,0.0,0.0,0.0,0.0,0.0,0.0,0.0,0.0,0.0,0.0,0.0,0.0,0.0,0.0,0.0,0.0,0.0,0.0,0.0,0.0,0.0005011495637414737,0.0,0.0,0.0,0.0,0.0,0.0,0.0,0.0,0.0002324010412828066,0.0,0.0,0.0,0.0,0.0,0.0,0.0,0.0003852164840924072,0.00039456727701934585,0.0,0.0,0.0,0.0011830922553401864,0.0,0.0,0.0,0.0,0.0,0.0,0.0,0.0,0.0,0.0,0.0,0.00039632282491402056,0.0,0.0,0.0,0.0,0.0,0.0,0.0,0.0,0.0,0.0,0.0,0.0,0.0,0.0,0.0,0.0,0.0,0.0,0.0,0.0,0.0,0.0,0.0,0.0,0.0,0.0,0.0,0.0
95,0.0,0.0,8.460284456040978e-05,0.000411110735406938,0.0,0.0,2.233706325529612e-05,0.00017620026576417675,0.0,0.00017278264887232454,0.0,0.0,0.0,0.0,0.0007704577988825665,0.0,0.0,0.0004655667675534292,0.0001766110582460829,0.0008928708601948833,8.800843879562295e-05,0.00021406582682308162,0.00854687433522137,8.799647222913229e-05,0.0,0.0027429183089746484,0.0005468554908568091,0.001223596979809724,0.0011525276577702423,0.0002526790612959754,0.0003091817674714545,8.970210796220415e-05,0.00023150097287719562,8.744940690650229e-05,0.0,0.0,0.0,6.746073852542465e-05,0.00039308699130051467,0.0,0.0,0.00014149989424478926,0.0,6.473948215185523e-05,0.0,8.625030504525374e-05,0.0,0.0,8.824104809788273e-05,0.00023284255889401256,0.000452787854295102,0.0,0.0,0.00012303729139907896,0.0004799183700470554,0.0,0.00014832159068862172,0.0,0.00017082057785523582,0.0,0.0,0.0,7.699350434221018e-05,0.00013125132744413345,0.0,0.0003944752459237215,0.0001774544455035281,0.0,0.0003357203600766584,0.0,8.665446226888323e-05,6.899364618911304e-05,0.0,0.0,0.0005948872027778766,0.0,0.00123016140591632,8.98633485251234e-05,0.00023959418517796659,0.0,8.613618833586328e-05,5.722067234124103e-05,0.0036031975559410044,0.15852104363650468,0.0053169453831634576,0.1013493211475942,0.002705146606161048,0.004828632069623077,0.00493810823332882,8.025064064674607e-05,0.0003512472590009869,0.000822950290659592,0.13866103340228203,0.003607870681184052,0.0005568074821101785,0.0,0.46953844086729846,0.000744230708425794,0.038782413634634534,0.006850555273417908,0.0019162517114934285,0.0,0.017003441123889105,0.0,0.00027736260366165844,0.0001698956279180028,0.0002593277622097689,0.0,0.0,0.00011175490053014964,0.0,9.159339743086761e-05,0.0006597470603593502,0.000935320028399823,0.00017204287241016835,0.0005440534322925617,8.931945021371298e-05,0.0,0.00017614820922107224,6.899364618911304e-05,0.0,0.0,0.00014285391036284015,0.0,0.0,0.0010892490896123117,0.0001456361260207387,0.00019709333648447496,0.00024356237844138902,2.1197168399889415e-05,0.00017511233544937588,0.00027146060175090714,0.0,0.0,0.0,0.00016121898858097105,8.527292913003564e-05,0.0,0.0001448567375275948,0.0,0.00024897691225020114,0.00013595311859545907,8.783315438755028e-05,0.0,0.0,0.000358785529626409,0.0,0.0,8.602055644510152e-05,0.0001485798431856652,0.0,0.0,5.746574232322052e-05,0.0,0.0,0.0,0.0,0.0,0.0,0.0,0.0,0.0,0.0,8.628930980885004e-05,0.0,0.00023902291004821994,0.00012876860977370578,5.070889212287948e-05,0.0,0.0002646744943385137,0.0,7.621203349168316e-05,0.0001096937840102996,0.0,0.00031575408342875675,0.0,8.517144433294579e-05,0.0,0.0,0.0,0.0,0.0,0.0,0.0,0.0,7.460166239123095e-05,8.92522475321736e-05,0.00013631561310469242,0.0,0.0,0.0,0.0,0.0,0.00020306542184245107,0.0,0.0,0.0,0.0,8.591119724753571e-05,0.00015008000662406357,0.0,0.0,0.0,0.00017403860141389205,0.0,0.00017958490267079222,0.0,0.00017270083432123956,0.0,0.00010407152948062932,0.0,0.0,0.0,0.0,0.0,0.0,8.783115436513358e-05,0.0002639403240435402,0.0,0.00011234809605797908,2.259639390893146e-05,0.0,5.818527075903179e-05,0.0,0.0,0.0,0.0003350324116818574,0.00018780686729833577,0.0,0.0,0.0002422584306819232,8.276967007521543e-05,0.0,6.161904764009305e-05,6.370137920162619e-05,0.0003876339921477213,8.835663800804729e-05,0.0,0.0,0.00019717211072984634,7.954278434703213e-05,0.000245717408592889,8.749970857509405e-05,0.0,8.675836563086123e-05,0.0,0.0,0.0007931814664949763,2.2376123322826608e-05,0.0,0.0,5.8445708629656955e-05,0.0,0.0,0.0001488404315141086,0.0,0.0,8.72800991320593e-05,0.0,0.00013996636553704328,0.00024609287133969175,5.819251650396605e-05,0.00022266909245988634,0.0,0.0,0.0,0.0,0.0,0.0,0.0,0.0,0.0,0.0,0.0,8.940517896305617e-05,0.0,0.00011020727768796019,0.0,0.0,0.0003077705128179899
96,6.278171865777994e-05,0.0001284010046975904,0.0001836456666244152,0.0005810097816905288,0.0,4.922139011369236e-05,0.0,5.3706872813278084e-05,0.0,0.00016860755256422743,0.0,0.0,0.0,0.0,0.001413372026171313,0.0,0.00012221052697988807,0.0005894693221861934,4.120575191029549e-05,0.0010645837530113725,5.692205929152789e-05,0.0002316723193917776,0.026159220966774775,0.0,0.00020446720867978166,0.005482794195135783,0.0013686237214359815,0.0008031961696695739,0.0011714547579549856,0.0001179268586275484,0.00024725725561196364,0.00025684679414664387,0.0001297271469629799,6.65649131441099e-05,0.0,4.218206463305524e-05,0.0,0.00027330993021950695,0.00033166379381267634,4.554894684763685e-05,7.18554255990093e-05,0.0004612015808529985,1.579368448964307e-05,4.859375348623739e-05,0.0,0.00010695257069108742,4.988381390220796e-05,0.0,1.7408733247880396e-05,0.00024619289743742283,0.00013368789876041056,0.0,5.331886393480061e-05,4.831061177785899e-05,0.0005538879075227045,0.0,0.00011980769245109574,0.00014737988842506436,5.9911302663493866e-05,4.6964753039338934e-05,5.7653762363197593e-05,0.00011012353270500066,0.0001519356116028942,0.0,0.0,0.0003473197267471734,0.0001917854628602458,5.491405511159513e-05,0.00027852462271456117,0.0001071966919657154,5.209940999977599e-05,0.0,5.680150151942836e-05,0.0,0.0002916617820357003,6.43744004403373e-05,0.0012874335971036497,6.248514244924604e-05,5.946898701840505e-05,0.0,5.623135693219015e-05,0.0006589881189259428,0.004611820315418888,0.02819275916939654,0.002448307568923905,0.05820029266144057,0.002279389894368609,0.004955302850598786,0.0069806756263133245,0.0,0.0009038996375671308,0.0012653282255203607,0.06268631783559538,0.039508888109142895,0.0004936572091398566,0.13225883355326504,0.0,0.00999643495169818,0.45976512724351504,0.03461757652689475,0.003682976973037194,0.00019244599057645213,0.07680464087003643,0.0,0.0004871231358408574,0.00022612625739520633,0.00016770400998973142,0.00018498832021349827,0.0001060747179037133,0.0002644172551937693,4.662107603682929e-05,6.671866329459791e-05,0.00029050298432242586,0.0003694492431186262,0.00040579149185375566,0.0012261099727219017,4.355640489854133e-05,0.00015520197886056603,0.00010393109279764364,0.0,6.195422132131274e-05,0.0001786883691373874,0.00018173208308414627,0.0,0.00017790676905346338,0.0008463465973923878,0.0002369484364870622,0.00045050597616262856,6.367224726769297e-05,7.70170752610391e-05,6.267657217537877e-05,0.00031830519834013713,0.00010328009375316777,0.0,0.0,7.414873907621065e-05,0.0,0.00014290124644041283,0.0,0.0,0.0002247913314148565,5.642278327108362e-05,0.00020094976680062865,0.0,0.0,0.0008234772530766512,0.0,4.57264407365703e-05,0.00010714332819651655,5.749881338307466e-05,0.0,0.0,0.0002331558363864283,0.0,0.0,7.435045399594859e-05,0.0,0.0,0.0,0.0,0.0,1.5775785746393366e-05,6.446045589810016e-05,0.00013796042082316854,0.0,0.001104551443220897,0.0,6.108411284729482e-05,0.00011178453257206956,1.5381967691357957e-05,0.00020145658271526537,7.433077015875592e-05,1.4825503641095716e-05,0.0,0.000776991655998448,0.00012140756386161017,6.660897070314965e-05,6.23389392275133e-05,0.0,6.325002229480503e-05,5.714659902129227e-05,0.00012718124715264286,0.00011187235701296773,0.0,0.0,0.0,9.298386127258736e-05,0.0,6.220052658670849e-05,0.00023439014642745795,0.0,0.00016865019729413226,0.00012322556250758557,0.00016201074769801998,9.551849263652356e-05,0.0,0.0,7.063073758706111e-05,0.0,0.0,4.988381390220796e-05,0.0,1.4717281432408932e-05,0.0,5.946898701840505e-05,6.0209291231053954e-05,5.785591528941486e-05,0.0,0.0,6.358285121228962e-05,0.0,5.6194681805897985e-05,0.0,6.267657217537877e-05,4.479515799218593e-05,0.0,0.00012152736582795917,0.00029314963197825796,6.188384783436774e-05,0.00017393648789618493,0.0,0.0001239114478110899,0.0,0.0,1.7977183778125334e-05,0.0003471018798443914,0.0007487034421647785,0.00013657020435925695,4.782588038935518e-05,5.3224614900139606e-05,0.0,0.00013349714300629094,0.0003216311750561991,0.0,0.00035101296426385067,0.0008087865540140614,0.0,0.00010681589785934177,0.0,0.0006822072544989602,0.00016983290892337612,0.0002757313941608447,1.2783651572901537e-05,0.0,7.52291666834167e-05,9.92028277105805e-05,0.0,0.0011226416166676663,7.215072658800838e-05,6.895338098222533e-05,4.498154894268229e-05,7.750391571279194e-05,0.0,1.8453439639750733e-05,0.00016963490155384755,0.00012396688095657222,0.0,0.0002535832728349228,0.0,0.00013313819856313326,0.00016358023418933652,6.211886981694886e-05,0.00021381169309806142,0.0,1.8137020650232656e-05,0.00018432936805668585,6.162594313058782e-05,4.987538478215357e-05,0.0,0.000108514723862934,0.0,6.46720141581623e-05,5.656878201669711e-05,0.00024190681532243924,6.431897146366311e-05,0.0,0.00020864338489648686,0.0,0.0,0.0002806071732815757
97,0.0,0.0002739366702159075,0.0,0.0010275899846281316,0.0,0.0004082413699983734,0.0004211972909769364,0.0003956839698365372,0.0,0.0,0.00039081193942087504,0.0,0.0,0.0,0.0034239081499069578,0.00037173269174657766,0.0,0.00152967516351622,0.0003945539993601372,0.00227802623623559,0.0007829683093273997,0.0,0.013144591241987066,0.0,0.0003835128320929973,0.0030765539153124123,0.0016576974485902922,0.0039034605366383827,0.0028694999850129442,0.0004201790866620718,0.0,0.00038617267196709053,0.0,0.00038673473807099003,0.0,0.000767291892655526,0.0003806061532060277,0.0,0.000376616599295455,0.0,0.0,0.0002739366702159075,0.00043196400068295766,0.0,0.0,0.0,0.0,0.0,0.0013487615401331968,0.0006483862293667985,0.002431562510414707,0.00039037986474498287,0.0,0.0,0.0003965988802565156,0.0,0.0,0.0007613607175077036,0.0,0.0,0.00030819071198656515,0.0003893172498133384,0.0,0.0,0.0,0.0017050565478498173,0.0004725329047513044,0.0,0.0002567124110113734,0.0003842037113649147,0.0,0.0,0.0,0.0,0.0,0.0,0.00038673473807099003,0.0,0.0007812452288991853,0.0,0.0,0.0,0.003512453085291893,0.00977401531369666,0.0007625773001833287,0.0019107130633714373,0.0010517813750952607,0.0007760350634787378,0.09392626805086472,0.0007501876808316532,0.0032847135106362857,0.0,0.021277833207720434,0.004570893498180184,0.05853416537341822,0.009720501639692918,0.11198845320091122,0.0,0.011883491526038353,0.0007589264120482182,0.10929812636619617,0.00156151173643658,0.4290899156385344,0.00025614362068203476,0.001071241352275973,0.02631083785962909,0.0,0.0,0.0003802738494022467,0.00039348493773319176,0.0,0.0,0.0023854541482162023,0.0021788252590533175,0.0012615196042923924,0.0075366058134689225,0.00039150181843588405,0.0005016208629212811,0.0003699793942559192,0.0,0.0,0.0,0.001021816382215792,0.0,0.0,0.0017559698574669514,0.0006556310784512838,0.0002787997774279138,0.0007561555454403,0.001670025690163802,0.0,0.0,0.0,0.0,0.0,0.0,0.0,0.0011869620412239708,0.0,0.0,0.0011383839716475443,0.0,0.0,0.0,0.0,0.0010911827608460069,0.0003992857918214331,0.0,0.0,0.0,0.0,0.0,0.0,0.0,0.0,0.0,0.0003965988802565156,0.0,0.0,0.0,0.0,0.0,0.0,0.0011272530431671373,0.0,0.0013056298365041815,0.0,0.0008032835480304314,0.00038951442170126986,0.0,0.0,0.0,0.0,0.0,0.0008477639666719592,0.00041022698091234053,0.0,0.0,0.0003965988802565156,0.0,0.0,0.0,0.0,0.0,0.0,0.0,0.0,0.0,0.0,0.0,0.0,0.0003835128320929973,0.0,0.0003893176232212853,0.0003880772456163314,0.0,0.0,0.0003600464415755636,0.0,0.0,0.0,0.0,0.0,0.0,0.0,0.0,0.0,0.0,0.0,0.0,0.0,0.0,0.0,0.000544285450755485,0.0,0.0,0.0,0.0006256682649627844,0.0,0.0,0.0,0.00037675754371946097,0.0,0.0,0.0,0.0,0.00035202493993811724,0.0,0.0,0.00041022698091234053,0.0,0.0,0.00039007105633129664,0.0,0.0,0.00019835892849596253,0.0,0.0007859878581586211,0.0,0.0016312232351819232,0.00037746140270002897,0.0007648585562775581,0.0,0.0008026683984150905,0.0007566982483963944,0.0,0.0,0.001520285829850413,0.0,0.00038383379761924527,0.0,0.00040933618472270783,0.0003930618325116703,0.0,0.000383311157819277,0.0,0.0,0.0,0.0,0.0,0.0003745746880170331,0.0003687751250122465,0.0007898831511427202,0.0,0.0,0.0006020392219432361,0.0,0.0,0.0,0.0003797590041157415,0.0,0.0,0.0,0.0,0.0002007788066004801,0.0,0.0007377953829644196,0.0,0.0,0.0
98,8.272077987154051e-05,0.0,7.019936956587861e-05,0.0001786808400152782,0.0,0.0,0.0,8.23848007746057e-05,8.048487310456195e-05,0.0,0.0,0.0,0.0,0.0,0.0002584799917253705,7.280685023731432e-05,0.0,0.00023295473084139918,0.0,0.0007665101706177102,8.131076059323819e-05,0.0,0.007948887122541944,0.0,0.0,0.0011643725364021537,0.00047803544811563745,0.00037122298022483467,0.0007682397867464535,0.0,0.0,7.465854221119355e-05,0.0,0.0,0.0,0.0,0.0,7.064003291361979e-05,2.5415501650237924e-05,0.0,0.0,0.00020488926242397918,0.0,7.017142339935333e-05,0.0,0.0,0.0,0.0,5.503209244373175e-05,6.068733427542243e-05,0.00032030748589825114,0.0,0.0,0.0,0.00015417260962454868,0.0,6.669399301017925e-05,5.7367754589973854e-05,0.0,0.0,2.087429872126808e-05,2.1500189795518685e-05,0.00010304505742656571,6.797175704005432e-05,0.0,0.00010435682996678287,0.0,0.0,7.984839999057294e-05,7.72607376833034e-05,3.937823268125343e-05,6.262975549067985e-05,0.00011126693658742131,0.0,0.00013384372008583547,0.0,0.0006603610009556371,0.0,0.0001530993298874413,6.336647524640293e-05,0.0,5.7927271167528586e-05,0.001857564902367859,0.004516950172967368,0.000703619109237264,0.004371615490418525,0.0003186765951356983,0.0010200681322490906,0.0009820336001728318,6.036518338843327e-05,0.00018016363862081818,0.0004657011637087195,0.007596513645731507,0.003966535101806308,0.00017414658181663404,0.016948606060582624,0.9105215366370846,0.0022188906816207874,0.0,0.0023863896890305744,0.0006601137390991047,0.0001583719458699832,0.014321931823925554,0.0,8.617454432891454e-05,0.0002070340196604878,0.0,0.0,6.206603801465811e-05,8.675864136190933e-05,0.0,0.00016975445982298233,0.0003729261578669133,0.0002719316488742898,0.0003265940800822402,0.0005056391147694346,0.0,0.0,0.0,0.0,6.305597595416033e-05,6.677765762151634e-05,0.0,0.0,8.577401396956727e-05,0.0006897141037807172,2.312137626985717e-05,7.720250736199306e-05,0.0001432163010309343,5.827717158446788e-05,0.0,0.00011006463832017854,6.147408892787579e-05,0.0,0.0,1.9373149026772167e-05,0.0,2.0318983658775246e-05,0.0,0.0,0.0,0.00021493110681785767,6.78190032280375e-05,8.141572823150737e-05,0.0,0.0001837913944617717,0.0,0.0,6.474700216019732e-05,8.453171228327585e-05,0.0,0.0,5.6873191544254486e-05,0.0,0.0,0.0,0.0,0.0,0.0,8.251275064342982e-05,9.093877181366172e-05,1.971502779014098e-05,4.257665481879341e-05,8.341735024811751e-05,0.0,0.00029089439997148696,0.0,0.0,0.0,0.0,8.493252194870421e-05,8.077092804214469e-05,6.262197149276903e-05,0.0,0.00041686332014356347,0.0,8.574384179408327e-05,0.0,5.877908886471044e-05,6.508354093411747e-05,0.0,0.0,0.0,0.0,0.0,0.0,0.0,0.0,6.979983192014256e-05,0.00014541641733784217,0.0,6.127992279261372e-05,0.0,0.0,5.103248635627254e-05,0.0,0.0,0.0,8.46849943523253e-05,0.0,0.0,0.0,0.0,0.0,0.0,0.0,0.0,0.0,0.00012532304996981086,0.0,0.0,0.0,0.0,0.00014989326442343192,0.0,6.127992279261372e-05,0.0,0.00014373376937053153,0.0,0.000161899681922449,0.0,0.0001478291464509836,0.0,0.0,0.0,8.577401396956727e-05,0.0001828762270664302,5.373679600272027e-05,0.0,0.0,0.0,0.0,0.0,6.097313985717942e-05,0.0001462345966454962,0.0003536698325084573,0.0,5.4530731221648344e-05,0.0,0.00015090044514362447,0.0,8.729650343618732e-05,6.774192892107212e-05,0.0,0.00021960106788390435,0.0,0.0,0.000843781017891276,0.00012117386607675644,6.0157606958357794e-05,0.0,8.576543490688515e-05,0.00016079046177196765,0.00010738741292254186,0.00011503188641030543,1.971502779014098e-05,0.0,6.138444646916822e-05,0.0,0.0,0.00010517686582994265,0.0,0.00013120646825200995,5.6151425411620236e-05,0.0,0.0002100228467733861,0.0,0.00020187540133557422,0.0,0.0,0.0,0.0,0.0,0.0,0.0,0.0,0.0003448131199545259,0.0,0.0,0.0
99,0.0,0.0,0.0,0.0009722561928799048,0.0,0.0,0.0003315231419007005,0.00022776535717184592,0.0,0.0,0.0,0.0,0.0,0.0,0.0010155305199575002,0.0,0.0002521261920377236,0.0005922156271274371,0.00018236856434616016,0.0005939786677369235,0.0,0.0,0.0074425326108021155,0.0,0.0,0.002717015137816672,0.0022318885252659644,0.0002620621137085001,0.001130833144700025,0.0,0.00024803943731753887,0.0,0.0,0.0,0.0,0.0,0.0,0.0,0.0009743214333950233,0.0,0.0,0.00022528368316545032,0.0002410930135444855,0.0,0.0,0.0,0.0,0.0004899217464563447,6.180947180113437e-05,0.0,0.0004889984836554497,0.0,0.0,0.0002534422336267701,0.0,0.0,0.0,0.0,0.00023956257237592936,0.0,0.0,0.0,0.0,0.0,0.0,0.0004931838522960574,0.00016931825806483156,0.0,0.0007398758425868056,0.00025043655743955826,0.0,0.0,0.0,0.0,0.0005652666206465511,0.0,0.0013244459960167186,0.0,6.430904966719314e-05,0.0,0.0,0.0012571418141018738,0.0015929300967434622,0.022179002853454005,0.04820562974775363,0.17046905299338103,0.08302383509334986,0.09456054677537029,0.0020155106015107655,0.0,0.0005053425911954438,0.0004960564837076299,0.0034398266977712635,0.21791949076492015,0.0,0.030402749330489358,0.25906313688811694,0.0013821943251475146,0.016872178629573027,0.0,0.0012967785693821473,0.0005144317048489827,0.0029016048356163273,0.0,0.0004975278395773269,0.0007528688822067506,0.00023672621567868136,0.0,0.0,0.00026533450717307783,0.0,0.0,0.0004916863665884061,0.00023848154158202038,0.00016954732287951006,0.0004848567411558114,0.0,0.00025528670548764776,0.0,0.0,0.0,0.00016199679667083946,0.0,0.0001577709554843462,0.0,0.00036913596172028895,0.00018492981701758062,0.0,0.0,0.0,0.0,0.0004159119147493517,0.0,0.0,0.0,0.0,0.0,0.0,0.0002358000064082662,6.228209250635692e-05,0.00023998397842235747,0.0,0.00047907054223483224,0.0,0.0,0.0003016943535888462,0.0,0.0,0.0,0.0,0.0002541169375918707,0.0,0.000484417347435675,0.0,0.0,0.0,0.0,0.0004959942485211172,0.0,0.0,0.0,0.0,0.00023956257237592936,0.0,0.0,0.0009617696760967611,0.0,0.0,0.0,0.0,0.00016093362304832068,0.0,0.0,0.0,0.0003702264212294386,0.0,0.0,0.0002576337113002429,0.0,0.0,0.0,0.0,0.00018050060379843177,0.0,0.0,0.0,0.0,0.0,0.0,0.0,0.0,0.0,0.0,0.0001655231813038328,0.0,0.0,0.0,0.0,0.0,0.0,0.0,0.0,0.0002446540553703967,0.0,0.0,0.0,0.0,0.0,0.0,0.0,0.0,0.00025365544770710455,0.0,0.0,0.0,0.0,0.0,0.0,0.0,0.0002477611724782104,0.0,0.00025565002691946493,0.0,0.00025732341501708954,0.0,0.00024425016141439335,0.0006608049481323232,0.0,0.00018236856434616016,0.0,0.0,0.0,0.0,6.430904966719314e-05,0.000245878014431167,0.0002529730974120713,0.0,0.0,0.0,0.0003935330209705724,0.0001659999605968677,0.0002469472079135741,0.0,0.0,0.0,0.0,0.0,0.0015461737587482655,0.0,0.0,0.0,0.0,0.0,0.00024266604237466676,0.00023953527111741612,0.0,0.0,0.0,0.0,0.00023114728596484053,0.0,0.0,0.000512210282461137,0.0001786479563676248,0.0,0.0,0.0,0.0,0.0,0.0,0.0,0.0,0.0,0.0002449702206168855,0.00016441243169852768,0.0,0.0002318425025028718,0.0,0.0,0.0002418703979961896
100,0.0,0.0,0.0008361811878182976,0.006205979419425828,0.0,0.0,0.00028626718806840703,0.0008413691270912499,0.0005668010460089818,0.0,0.0,0.0,0.0,0.00021512187953566338,0.003695537476282903,6.470065613451493e-05,0.00021480857271237807,0.001349422097836183,0.00028633436533396746,0.004119853035275372,0.0017710449183351545,0.000831155097021248,0.04031927463395358,0.0,0.0,0.016514120544482536,0.00029020864410012054,0.0036104895702013372,0.004190153759309906,0.0,0.0,0.0005514514078577089,0.0002662059055131078,0.00026676987746334513,0.0,0.0,0.0,0.00027590733543974167,0.0013458102433160826,0.0,0.0,0.000291575903138183,0.00014287214585610426,0.0,0.0,0.0,0.0,0.0,0.0,0.0005629219130393457,0.00028021925481215457,0.0002405965326364621,0.0,0.0,0.0,0.0,0.0008835356372269515,0.0,0.00030284656532801656,0.0002686948200797934,7.777719650330688e-05,0.0,0.0,0.0,0.0,0.0005822719125484738,0.0,0.0,0.0005631982697740708,0.0010380908596820818,0.00028465787575091624,0.0,0.0002785798855918073,0.0,0.0009598990301910915,0.00018826209795422703,0.0018065978938194404,0.00041652079399249266,0.00026715432862384523,0.0,0.0,0.0030134813137189373,0.18703721952396302,0.037511913924785895,0.0022866716043694357,0.001808563631698942,0.0,0.0005933755026810285,0.08785812507058707,0.0058505421326260736,0.14983237977785835,0.021008236539973794,0.00530755011524213,0.0008961220826216424,0.16512646638473163,0.005649711617572757,0.026856189005070082,0.06917646593609526,0.0037304665673904163,0.0005585159517872196,0.0,0.06892136923577363,0.014503561203769156,0.00019746499592098281,0.002711008664699346,0.0009390658575124133,0.00028847536748620266,0.0,0.00046267925890072325,0.0,0.0,0.0,0.0009077182121336855,0.0004874709309274116,0.0005337944654038782,0.014685512118688897,0.00021480857271237807,0.00028879095409143626,0.0,0.0,0.0,0.0009555591647130068,0.0,0.0004872809950658994,0.0,6.470065613451493e-05,0.00021499325425880213,0.0008481410099819147,0.0003977301402494819,0.0011102915865058838,0.0,0.0,0.0,0.0,0.0,0.0,0.0,0.0,0.00028021925481215457,0.0,0.000873100697636672,0.0008146928385224189,0.0003321190163491212,0.0,0.0,0.0002905079475478304,0.0,0.0,0.0,0.0004932068885590779,0.0,0.0,0.0,0.0,0.00014173030841096947,0.0,0.0,0.0,0.0,0.0002701500223420034,0.0,0.0002898552270633347,0.0004609367540226405,0.00026082134625610176,0.0,0.00021634127602881476,0.0,0.0002778459087993866,0.0,0.0005633499754086398,0.0,0.0,0.0,0.0,0.0,0.0,0.0,0.0,0.0,0.0,0.0,0.0,0.0,0.0,0.00021035331757811947,0.0,0.0,0.0,0.0,0.0,0.0,0.0,0.0,0.0,0.00021155568061243175,0.0,0.0002794581947109196,0.0,0.0,0.0,0.0,0.0,0.0,0.0,0.0002845240768358575,0.0,0.0,0.0,0.0,0.0,0.0,0.0,0.0,0.0,0.0,0.0,0.0,0.0005432510799521956,0.0,0.0002786510046079162,0.00028695788157757473,0.0,0.0,0.0,0.0,0.0,0.0007663904856781075,0.0003640746817599725,0.0,0.0,0.0,0.0,0.0,0.0,0.0006305594700418537,0.0005691025407900307,0.0,0.00028216700081998134,0.0,0.000589570813432132,0.0,0.0,0.0001901248883335904,0.0,0.0,0.0,0.0,0.0028321077181999,0.0004929833790600592,0.0,0.0,0.0,0.0,0.0,0.000518628764440634,0.0,0.0,0.0,0.0,0.0,0.0,0.0,0.0002810001095956317,0.0,0.0,0.00017884682452455866,0.0,0.0,0.0,0.00019932867665460333,0.0,0.0,0.0002669296726184626,0.00028587849682462044,0.0,0.0,0.00097219164319574,0.0001503695588510545,0.0,0.0010964623447749723
101,0.0,0.0,0.0001779967609763186,0.005960436863377983,0.0,0.0,0.0,0.0,0.0,0.0,0.0,0.0,0.0,0.0,0.007502001805529446,0.0019420991776902667,0.0,0.0016743392447280694,0.0007419012870266022,0.024931808106318693,0.045803124254961386,0.0007792448989229319,0.1254057797625785,0.00018291697114681502,0.0009186475465118581,0.3418387365091772,0.002999698961321466,0.00410734184813642,0.003495661316743392,0.0,0.0,0.00018723777478295525,0.0,0.0,0.0,0.00013118252150284322,0.000184311626714965,0.00034275739479332646,0.00017441291079633683,0.0,0.0,0.0,0.0,0.0,0.0,0.00018588322165786537,0.0,0.00019113475665113173,0.0001780337041023709,0.0001881104970817695,0.0,0.0,0.0,0.0,0.000190068794452693,0.0,0.0003635909435918208,0.0,0.0,0.0,0.0006949611359765753,0.0,0.0,0.0,0.0,0.0,0.0,0.00018510419608788175,0.00032008905753205764,0.0005183562715965997,0.0,0.0,0.0,0.0,0.0,0.00018754408322882899,0.0006791122632054953,4.695272320273307e-05,0.0006416710707552498,0.0,0.00040960593317444576,0.00044105184833429173,0.006884531703569235,0.0008529712897380317,0.0003211591459022873,0.00018798687665900967,0.0,0.0,0.00036477545571629404,0.04373436837593432,0.09813950929768203,0.06041922222496581,0.00018346463052322428,0.0003806177391702906,0.07807979318248555,0.0,0.002416235021242327,0.0016622860240988477,0.0005549067562492717,0.00017843231705527365,0.03999466248660977,0.0,0.000893556356478184,0.0,0.0016020943388034236,0.0006559987953004917,0.0,0.00016034183745657844,0.002993785023245884,0.00013118252150284322,0.0,0.0005566320194769898,0.00017979612798264455,0.00011838509095572047,0.00018435027819714965,0.06979750559824816,0.0,0.00018970509362456172,0.0,0.00014491142448184728,0.0,0.0,0.0001729585522412694,0.0005791898811845014,0.0,0.0003703686769816049,0.000178982299543146,0.00014501113299459606,0.0004511739357949376,0.0,0.0,0.0002593248773575617,0.0,0.0,0.0,0.00013623903110241727,0.0,0.0,0.0,0.0,0.0,0.0003169465041670417,0.0,0.0,0.0,0.0007573638621983476,0.0,0.0,0.0,0.0,0.0,0.0,0.0,0.0,0.0,0.000184311626714965,0.0,0.0,0.0,0.0,0.0,0.0,0.0,0.0,0.0,0.0003128944554856334,0.0,0.0,0.0,0.00017960779712557112,0.0,0.00017775887590832604,0.0,0.0,0.0006186049280542438,0.00019521846475952211,0.0,0.0,0.0,0.0,0.0,0.00017227165591507246,0.0,0.0,0.0,0.0,0.0,0.0,0.0,0.0,0.0,0.0,0.0,0.00019049846233748074,0.00019840952908778438,0.0,0.0,0.0,0.0,0.00018016520484042875,0.0,0.0,0.0,0.0,0.0,0.0,0.0,0.0,0.0,0.00018521116402009797,0.0,0.0,0.0,0.0,0.0,0.0,0.0,0.00018573930360571954,0.0,0.0001898676799775198,0.0,0.00031866498366780186,0.0,0.0,0.0,0.0,0.0006777377938742142,0.0001236584438601507,0.0,0.0,0.0,0.0,0.0,0.000229430718603131,0.0003882197768383091,0.0010182082433364268,0.0,0.0,0.0,0.00031842023970678733,0.0,0.0,0.0,0.0,0.0,0.0,0.0,0.0008801450110936636,0.0005526153299823301,0.0,0.00018871343631959013,0.0,0.0,0.0,0.0005420035170473064,0.0,0.0,0.0,0.0,0.0,0.0,0.0,0.0005626130941603437,0.0,0.0,0.0004745152051055561,0.0,0.0,0.0,0.0,0.0,0.0,0.0,0.0,0.00018407733449580824,0.0,0.00016011400794559217,0.0,0.0,0.00017666988483955946
102,0.0,0.0,0.0,0.0007371553810501946,0.0,0.0,0.0,0.0003595332895436388,9.968054681986255e-05,0.0002244479212223565,3.6756212081755415e-05,0.0,0.00015541050480778716,0.0,0.0006907363852758369,0.00012913196039644485,0.00015767609576811757,0.0005421325158639108,0.0003076151044890033,0.0013951896714445456,0.0004549186964468875,0.00021395337641247434,0.012488239169526906,0.0,0.00024694735668057897,0.0037824554650467603,0.0011166022166683946,0.0011392373230876573,0.0021227224460121544,0.0002239060040931172,0.0006260965627128431,0.00015700265363110069,0.0,0.0002906369003701093,0.0001052734070872105,0.0002228367588036471,0.0,0.0,0.0003434775344434072,0.0,0.0,0.00024340745819421145,0.0,0.0,0.000129216376468293,0.0,0.0,0.00015124918542026787,9.960726906799904e-05,0.00015477420611859427,0.00041496499949602103,0.0,0.0,0.0,0.0007469316574229128,0.0,0.00015107028739144455,0.00010239831513740081,0.0,0.0,0.0,0.0,0.0007751952061817879,0.0,0.0001534425802140587,0.000517373518913822,0.00033878516999184485,0.0,0.0,0.00015718169105054944,0.00034275180594734697,0.0,0.0,0.0,0.00039312089548572144,0.0,0.001068428364010289,0.00024749341513407,0.00015390505346099464,0.0,0.0003938473058090346,0.0005974324590796984,0.0029896228214347023,0.01273958752225804,0.0009095574168132432,0.0037793242019633056,0.000522291258124271,0.0007115370196553194,0.10513721355281588,0.0,0.0009368001774007737,0.001990196861220961,0.16237202380373833,0.005659224281785616,0.0007319220813696839,0.03359087518697583,0.40605824182518796,0.13916974476550464,0.05473659834370927,0.0011752648278355586,0.007447164227415833,0.000723113373471109,0.0,0.00032217347482105024,0.0002674653279700861,0.0014277951960192951,0.0,0.00010288008097604774,0.00011365135834771542,0.000555648290425171,0.0004166433699198031,0.0,0.00048391472304332937,0.00040232445189186883,0.00012738955693569805,0.00047736785786191646,0.0,9.207675629860663e-05,0.00030941129157969517,0.0,0.0,0.0001785331263214677,0.0005215660702536791,0.00015355842417644796,0.0,0.0012060797264910755,0.00033639103268689346,0.0004725619018544015,0.000298480409412749,0.00015491854043326786,0.0,0.0001481446423750281,0.0002057601619520955,0.0,0.00010422285553508903,0.0,0.0,0.0,0.0,0.0,9.61409582192088e-05,0.0002179758065556514,0.0001536133909737325,0.0,0.0,0.0007116675687496136,0.0,0.0,0.0,0.00023386745285207484,0.0,0.0,0.0,0.00015579321006644904,0.0,0.0,0.0,0.0,0.0,0.0,0.0,0.00015006132872977577,0.00012475166515212732,0.0,0.0,0.000403933961834458,0.0,0.0,0.0,0.0,0.0,0.00010167998170328722,0.00020067848441701427,0.0,0.00039182270571174507,0.0,0.00014477818859451495,0.00015436939168484456,0.0,0.0,0.0,0.00015829522654684034,0.0,0.0,0.0,0.0003131522386035143,0.0004431005502253936,0.0,0.0,0.00027893285791617123,0.0,0.0,0.0,0.0002678156615235414,0.0,0.0,0.0,0.0,0.0,0.0,0.0,0.0,0.0,0.0,0.0,0.0,0.0,0.0,0.0,0.0,7.657374559746052e-05,0.0,3.982665579266641e-05,0.00015491402051499622,0.00012603317352816607,0.0,0.0,0.0004634529065552302,0.0,0.00038262690005565035,0.0,0.0,0.0,0.0,0.0,0.0,0.0010144626402272252,0.0002861253771714837,0.0,0.0,0.0,0.0001039755726535246,0.00014897467375868186,0.0004441291790271389,0.00030277161127264065,0.00042042674335445655,0.0,0.0,0.0,0.0005968150249250188,0.0,0.0,0.0,0.0,0.0,0.0,0.0,0.0012781988299026157,3.529566037701366e-05,0.0,0.00016146060902056295,0.0,0.00028071048400415445,0.0,0.0005604970482991454,0.0,0.0,0.00010112134309983103,0.0,0.0,0.0003154271353147277,0.0,0.0008308717204598615,0.0,0.0,0.0,0.0,0.0,0.0,0.0,0.0,0.0,0.0,9.673531399260728e-05,0.000555651545685643,0.0,0.0005588805993036593,0.0,0.0,0.0
103,0.0,0.0,0.0008429323877652601,0.0,0.0,0.0,0.0,0.0,0.00098494533833853,0.0,0.0,0.0009276282290474601,0.0,0.0,0.0,0.0,0.0,0.0018373151016370503,0.0008991614746298595,0.0025012564367953446,0.0,0.0,0.013325459356006803,0.0,0.0,0.005818502355285036,0.0006607171816532998,0.0,0.0009569962188159252,0.0,0.0,0.0,0.0,0.0,0.0,0.0,0.0,0.0,0.0,0.0,0.0,0.0014424694713701728,0.0,0.0,0.0,0.0,0.0,0.0,0.0,0.0008715682987447962,0.0,0.0,0.0,0.0,0.0017739956829099885,0.0,0.006245751480996123,0.0,0.0,0.0,0.0010342472766668267,0.0012894955906717657,0.0,0.0,0.0010454510799661838,0.0,0.0,0.0,0.0,0.0020554704503223677,0.0,0.0,0.0,0.0,0.0009246285273736363,0.000912881085451862,0.0018094718112385438,0.0,0.0,0.0009464972622501692,0.0,0.0,0.0,0.0,0.00092196685381503,0.001251523065964224,0.0,0.0007389967856376716,0.0,0.0015297988557706542,0.0,0.0,0.0,0.0,0.0,0.0,0.0034091186648609506,0.000873433230743609,0.0,0.0,0.0,0.0,0.0006614864763551113,0.0,0.032726184027519555,0.0,0.03066915822016247,0.00184393370763006,0.000839127865575206,0.013493731608959435,0.00092196685381503,0.0028226774865418138,0.022888735167295785,0.0008688677046202487,0.2949326817684985,0.010425607221483488,0.0018545313490888414,0.0,0.0009447181015035011,0.0009530274551177782,0.0008715682987447962,0.0009082207093737852,0.001870229680830153,0.005319103306399718,0.0028168750469284125,0.0066092585881943455,0.00794870967171796,0.006224683821502931,0.16249172286350547,0.3155214402815244,0.0,0.0,0.0,0.0,0.0,0.0,0.0,0.0,0.0,0.0009667858307877297,0.0,0.0,0.0,0.0,0.0,0.0,0.0,0.0,0.0,0.0,0.0,0.0,0.0,0.0,0.0,0.0,0.0,0.0,0.0,0.0,0.0,0.0,0.0,0.0,0.0,0.0008812453932654073,0.0,0.0005996787579723063,0.0,0.0,0.0,0.0,0.0,0.0,0.0,0.0,0.0,0.0,0.0008092736292260227,0.0,0.0,0.0,0.0,0.0,0.0,0.0,0.0,0.0,0.0,0.0,0.0,0.0,0.0,0.0,0.0,0.0,0.0,0.0,0.0,0.0,0.0,0.0,0.0,0.0,0.0002396994591782665,0.0005952015265597883,0.0,0.0,0.0,0.0,0.0,0.0,0.0,0.0,0.0,0.0,0.0,0.0,0.0,0.0,0.0,0.0,0.0,0.0,0.0,0.0,0.0,0.0,0.0,0.0,0.0,0.0,0.0,0.0,0.0011904030531195767,0.0,0.0,0.0,0.0,0.0009574026693742858,0.0,0.0,0.0,0.0,0.0,0.0,0.0,0.0019205063067575827,0.000635984317344213,0.0,0.0,0.0,0.0,0.0,0.001558490387356118,0.0,0.0,0.0,0.0,0.0,0.0017996606478788307,0.0,0.0,0.0006766215286770861,0.0,0.0009704894376661645,0.0,0.0,0.0,0.0,0.0,0.0,0.0,0.0009386302172186092,0.0,0.0,0.0,0.0,0.0,0.0
104,0.0,0.0,0.0,0.0,0.0,0.0,0.0005576783616426355,0.0003863355141225899,0.0,0.0,0.0,0.0006197307571748628,0.0,0.0,0.0005975720256968768,0.0005114245568900408,0.0,0.00039934855395016975,0.0,0.0033160885865673524,0.0012987346354135462,0.000510041200862053,0.021551601424358136,0.0006027625796343397,0.0,0.0060828206403265835,0.0025785332452457716,0.004094841888360633,0.0018238144574619687,0.00043743372790192416,0.0,0.0,0.0004338110246795822,0.00046789284427839185,0.0,0.0,0.0,0.0,0.00046789284427839185,0.0,0.0,0.0011492074010617703,0.0,0.0,0.0,0.0013974723963252605,0.00039934855395016975,0.0,0.0005781224603502183,0.000405740507603233,0.0,0.0005091194496531856,0.0008316589476803602,0.0,0.0016681883778102292,0.0,0.0,0.0,0.0,0.0,0.00014449788252791294,0.0,0.0,0.0005950008734981567,0.0,0.0003863355141225899,0.0,0.0,0.0,0.0001590027286172131,0.0,0.0,0.0,0.0,0.0,0.00048328261238466823,0.000535956679937919,0.0,0.0,0.0,0.0,0.0,0.00048328261238466823,0.0007251495543254367,0.0,0.0004257262957081803,0.0,0.0,0.0003067251168744505,0.00156365460271122,0.0005621495451619105,0.0005261445570852581,0.0,0.0,0.0008676220493591644,0.0005897422002777801,0.0013521701700953891,0.0003067251168744505,0.00013784225875864827,0.0,0.0006337185122530359,0.0004325642545299999,0.0,0.017929680251417335,0.0,0.007791209787214602,0.002205062699110265,0.0,0.18172081774708826,0.0,0.0,0.0,0.003983974087696236,0.0005717869958882115,0.004118161772015491,0.4516436508745932,0.0,0.02606549179018745,0.0,0.0006321693174605027,0.0,0.0006214453567647411,0.0001590027286172131,0.02083943047862303,0.0016072153779819647,0.0032328730060777193,0.0006647111795534584,0.03692362871474172,0.024162414781616105,0.11575493014639475,0.0,0.0,0.0011807884427114115,0.0,0.0,0.0,0.0,0.0,0.0,0.0,0.0,0.0006176802508992973,0.0,0.0,0.0,0.0,0.0,0.0,0.0,0.0,0.0,0.0,0.0,0.0,0.0,0.0,0.0,0.0,0.0,0.0,0.0,0.0,0.0,0.0,0.0,0.0010389571368802845,0.001508645174138605,0.0,0.0,0.0,0.0,0.0,0.0,0.0,0.0,0.0,0.0,0.0,0.0,0.0,0.0,0.0,0.0,0.0,0.0,0.0,0.0,0.0,0.0,0.0,0.0,0.0,0.0005621495451619105,0.0,0.0005923043163495134,0.0,0.0,0.0,0.0,0.0,0.0,0.0,0.0,0.0,0.0,0.0,0.0,0.0006473609503659945,0.0,0.0,0.0,0.0,0.0,0.0005753544685111621,0.0,0.0,0.0,0.0011661083739877166,0.0,0.0,0.0004678567709120214,0.0,0.0,0.0,0.0,0.0,0.002066803260470495,0.0,0.0,0.0,0.0,0.0,0.0,0.0012031695608151424,0.0,0.0011457646204750792,0.0,0.0,0.0,0.0011727685735919053,0.0,0.0,0.0,0.0,0.0,0.0,0.0,0.0048066904461597304,0.0,0.0,0.000784407423266562,0.0,0.001828211555067252,0.0,0.00013784225875864827,0.0,0.0,0.0,0.0,0.011150196390651592,0.0,0.0,0.0,0.0,0.0,0.0005996076049191137,0.0,0.0,0.0,0.0004675994023248223,0.0,0.0,0.0,0.0006077776826033106,0.00014978859716777563,0.0,0.0,0.0,0.0,0.0
105,0.0,0.0,0.00013864210518974043,0.0006566779556272149,0.0,0.0013195456488236032,0.00013864210518974043,0.0,0.0,0.0,0.0,0.0006526387478596215,0.0,0.0,0.0006681623290971214,0.0006370269726647868,0.0,0.0017366388078909449,0.0,0.005967957666496341,0.0006574091355708758,0.0006454657109796219,0.016285428493536678,0.0,0.0,0.0,0.002347995443989625,0.0025351722318483834,0.003772879502362785,0.0,0.0006485651873391813,0.0006641234401452748,0.0,0.001095507823284329,0.0,0.0,0.0,0.0,0.0023413362521465877,0.0,0.0,0.0,0.0,0.0,0.0,0.0,0.0,0.0006177079721600308,0.0011952726948212193,0.00044983811563556816,0.0,0.0,0.0,0.0,0.0012860244059450143,0.0,0.0,0.0,0.0006360991153733694,0.0,0.0,0.0,0.0,0.0,0.0,0.0,0.000648643099779001,0.0,0.0,0.0006634654555869007,0.0,0.0006803448682768945,0.0,0.0,0.0,0.0,0.00047867392111378945,0.0,0.0,0.0,0.0,0.0013237429945961478,0.0005024708366709781,0.0013479124518972966,0.0,0.0,0.0,0.0,0.00034919664438550006,0.0012686316512359134,0.0006572424797084266,0.0006720283743414116,0.0013468019841386578,0.001923060429643472,0.015822232933576857,0.0006419120045078308,0.010394395267776683,0.034234361447628446,0.001130423034107093,0.0,0.002377452694429936,0.0017447931826389989,0.00169693110294302,0.0,0.01224919530186732,0.0,0.0,0.0,0.001503265695119041,0.0,0.0,0.0,0.004544623317653167,0.001549190734720122,0.0017134335079213813,0.2854070908173529,0.0006920441066687207,0.005930484471461585,0.0006670356875115114,0.0001625984615057409,0.0,0.0,0.0,0.5067694852196188,0.0,0.001287348168684176,0.007647399772011876,0.00639923206971957,0.003286792450315806,0.0024845529256112423,0.0004809306227968803,0.0,0.0006571416963018663,0.0,0.0,0.0,0.0,0.0,0.0,0.0,0.0,0.0,0.0,0.0,0.0,0.0004809306227968803,0.0,0.0006625135642714506,0.0,0.0,0.0,0.0,0.0,0.0,0.0,0.0,0.0,0.0006491708540431013,0.0,0.0,0.0,0.0,0.0,0.0,0.0,0.0006571416963018663,0.0,0.00047467802469013044,0.0012945531592432427,0.0,0.0,0.0,0.0,0.0,0.0006743078470296607,0.0,0.0,0.0,0.0,0.0,0.0,0.0,0.0,0.0,0.0,0.0,0.0,0.0,0.0,0.0,0.0,0.0,0.0,0.0,0.0,0.0,0.0,0.004811088851636133,0.0,0.0001625984615057409,0.0,0.0,0.0,0.0,0.0,0.0,0.0,0.0,0.0,0.0,0.0,0.0,0.0,0.0,0.0,0.0,0.0,0.0,0.0,0.0,0.0,0.0007305807680741283,0.0,0.0,0.0,0.0013617975922695909,0.0006647981088430559,0.0,0.0006353660805102911,0.0,0.0,0.0006561620716624811,0.0006543372255463374,0.00046268200167540007,0.0,0.0007912966261930243,0.0,0.0016543122755811005,0.0,0.0,0.0013091645023202477,0.0,0.0,0.0,0.0,0.0,0.0,0.0011095765124313035,0.0006561620716624811,0.0,0.0,0.0,0.0006597016519342641,0.0,0.0025415318940310485,0.0,0.0,0.0013183355437925586,0.0,0.0,0.0006359119731413081,0.0,0.0,0.0,0.0,0.0012851794232937575,0.0,0.0,0.0,0.0,0.0,0.0,0.0006119400608558597,0.0006601606331851477,0.0,0.0,0.0013027001516758014,0.0,0.0,0.0
106,0.0,0.0,0.0,0.0006702385830924007,0.0,0.0,0.000941188477102851,0.0,0.0,0.0008942924571293667,0.0,0.0009553016967558735,0.0,0.0,0.0014372709235998585,0.0,0.001832239144912646,0.0,0.0,0.0,0.0019427732689362115,0.0009284447836255132,0.009711969647955293,0.0009285419772044976,0.0009510365884497728,0.008209157015086403,0.0009362631653252161,0.0,0.0030968795923338975,0.0,0.0009702584269948558,0.0,0.0,0.0,0.0,0.0,0.001871126287306609,0.0,0.00186490517321492,0.0,0.0,0.0,0.0,0.0,0.0017572170584860768,0.005042653052714851,0.0,0.0034758842638305224,0.005629184628189517,0.022618567186250153,0.0046073213394523275,0.0,0.012296180772003519,0.0009008506230512728,0.19457193284641572,0.0009680962724690203,0.0,0.0,0.0018552675386525191,0.0009222003350458059,0.0006013566509226292,0.03281085135965496,0.0,0.0,0.0009367289543888146,0.0,0.0,0.0,0.0,0.0,0.0,0.0,0.0,0.0,0.0,0.0,0.0,0.0,0.0008739522439713824,0.0,0.0,0.0,0.0011101561536778352,0.0,0.0,0.0,0.0010553559968388994,0.0,0.0,0.0007305172403523785,0.0008385586275039028,0.0,0.0,0.0009367289543888146,0.0,0.0008634547861938723,0.0,0.0,0.0,0.0,0.0,0.0019107041080556287,0.001555402929441527,0.02475300183801872,0.003789658145704077,0.0016711201492958345,0.0,0.0006162528592990579,0.0016857926778070845,0.21757847716477646,0.0,0.0014756265928263252,0.018265225724486578,0.002795841785245526,0.09394632221726487,0.011881927472605901,0.003474754713267248,0.0016547567534092576,0.0016126794526883693,0.002753479486779028,0.0009251224719157898,0.0008370224968205893,0.0,0.0007124652296894298,0.0,0.0037915814289989527,0.002573967796170399,0.09640664835699159,0.00341823792345654,0.11971034951762306,0.0,0.0,0.0009248092501656153,0.0,0.0,0.0,0.0,0.0009362631653252161,0.0,0.0,0.0,0.0,0.0,0.0,0.0,0.0,0.0,0.0,0.0,0.0,0.0,0.0,0.0,0.0,0.0,0.0,0.0,0.0,0.0,0.0,0.0,0.0,0.0,0.0010277720709084232,0.0,0.0017902601406537745,0.0009367289543888146,0.0012909353594189757,0.0008669790914436435,0.0,0.0009349281285944486,0.0,0.0,0.0,0.0,0.0008998682581825078,0.0,0.0,0.0009071932615150696,0.0,0.0,0.0,0.0,0.0,0.0,0.0,0.0027502159703813294,0.0007301137091834693,0.0,0.0,0.0,0.0,0.0,0.0,0.0,0.0,0.0,0.0,0.0,0.0,0.0,0.0,0.0,0.0,0.0,0.0,0.0,0.0,0.0,0.0,0.0,0.0,0.0,0.0,0.0,0.0,0.0,0.0026215506220773335,0.0,0.0,0.0,0.0,0.0,0.0,0.000640960447267793,0.0,0.000922735055471835,0.0,0.0,0.0,0.0018766474654559617,0.0,0.0018653118537782136,0.0,0.0021198168147988864,0.0025050945894529797,0.0,0.0,0.0,0.0014988699116195415,0.0,0.0,0.0,0.0,0.0,0.0009214852121271925,0.0,0.004655266879081181,0.0,0.0,0.0,0.0,0.0,0.0,0.0027009443644215037,0.0,0.0,0.0,0.0,0.0009088176774977173,0.0019746178903900335,0.0,0.004867703168655395,0.0,0.0,0.0,0.0,0.0,0.0,0.0,0.0,0.0,0.0,0.0008985291664780307,0.0,0.0,0.0008241495918810621,0.0,0.0,0.0008601085432653053
107,0.0,0.0002920669069289798,0.0,0.0,0.0,0.0,0.0003071730798993048,0.0,0.0,0.0,0.0,0.0003438098930601153,0.0,0.0,0.00028255705550001226,0.0,0.0,0.00023180641543638626,0.0,0.0,0.0,0.0011331288309606626,0.0061599983356109625,0.0,0.0,0.0014227197242585184,0.0003089519416467014,0.0003076226252039061,0.0010196442422941005,0.0,0.0,0.0,0.0,0.0,0.0,0.0,0.0,0.0,0.0005492659083116832,0.0,0.0,0.0,0.0,0.0,0.0,0.0,0.0,0.0,0.007129976190178626,0.002031175810587808,0.0,0.0,0.0,0.0002616093529455783,0.00030425482036836385,0.0002472889092212571,0.0,0.002476729972574289,0.0002983245702830017,0.0,0.0005899756549802086,0.0005692727162846866,0.0,0.0,0.0,0.0005858639554485596,0.0,0.0,0.0,0.0,0.0,0.0,0.0,0.0,0.0007806765490241851,0.0,0.0006410487097883327,0.0,0.00031523995529728446,0.0,0.0,0.0,0.0004702741124051407,0.0,0.0,0.0,0.0,0.0,0.0,0.0,0.00032519944657045377,0.0002674593657918384,0.0,0.0,0.00028237422321884,0.0,0.0006160155208735509,0.0,0.0003100226371318071,7.708633511701414e-05,0.0,0.0,0.0,0.000276416913981094,0.00042152527768348066,0.0,0.0002959038451767205,0.0,0.0,0.0014192952061017504,0.0007467077420565871,0.006199696682307055,0.004225656488123899,0.5272709720782476,0.0048973999982264114,0.001745236775974054,0.0028023645631733212,0.0,0.0010504739112199965,0.0028051962079023453,0.046592115942244695,0.0007703535257290893,0.0003098121449210891,0.0,0.16629675572653238,0.18209500832825262,0.0006275023927059223,0.0006169852248203939,0.0,0.0,0.0,0.00023277180665585653,0.0,0.0,0.0,0.0,0.0,0.0,0.0,0.0,0.0,0.0,0.00028343011537319905,0.0,0.0,0.0,0.0,0.0,0.0,0.0,0.0,0.0,0.000609072149539828,0.0,0.0,0.0,0.0,0.0,0.0,0.0,0.0,0.0,0.0,0.0,0.0,0.0,0.0005765930118452575,0.0,0.0,0.0,0.0,0.0,0.0007241829852826525,0.0,0.001080843789336549,0.0,0.0,0.0,0.0,0.0,0.0,0.0006000500477426866,0.0,0.0,0.0,0.0,0.0,0.0003016561776837512,0.0,0.00030485949863228004,0.0007411026429472673,0.0,0.0,7.997428553538318e-05,0.0,0.0,0.0,0.0,0.0,0.0,0.00029524954734383495,0.0,0.0,0.0,0.0,0.0,0.0,0.0,0.0,0.0,0.0,0.0,0.0,0.0,0.0,0.0,0.0,0.0005293135637935857,0.0,0.0,0.0,0.0,0.0,0.0,0.0,0.00030417437894518295,0.0017694525179102524,0.00030176720029402105,0.0,0.0,0.0,0.0,0.0,0.00038347405097016865,0.0,0.0005101236583643964,0.0,0.00030995157508644276,0.0,0.0011798529286059748,0.0,0.0008476677584245018,0.00021622601038607438,0.0002984754589705148,0.0,0.0,0.0,0.001690179061156058,0.0,0.0,0.0,0.0,7.354311044238383e-05,0.0,0.0,0.0,0.0,0.0,0.0,0.0,0.00015994857107076637,0.0,0.0010806656540544737,0.0,0.0,0.0,0.00021546470761480148,0.00030808185016943787,0.0006367560554277915,0.0,0.0,0.0,0.0,0.0,0.0,0.0,0.0006252301990678513,0.0,0.0,0.0003258728887441275
108,0.0,0.0,0.0,0.0012138112404639473,0.0,0.0,0.0,0.0,0.0,0.0,0.0,0.0,0.0,0.00040577847975162865,0.0009880690802638833,0.002401644832093606,0.0,0.0006230988552810257,0.0006056505793285356,0.0023831152976083315,0.0023089286245106797,0.0010793342956915619,0.023537728874873164,0.0022104454977284194,0.0,0.0065730533395515316,0.002166938237805176,0.0022541878744421805,0.0,0.0,0.0,0.0,0.0,0.0,0.0,0.0003985503872627842,0.0,0.0,0.0006048844737959368,0.0,0.0,0.00039242264747242644,0.0,0.0,0.0,0.0004388729614095438,0.0,0.00045603296553969164,0.0005046591794294254,0.0,0.0,0.0,0.0006167796359425621,0.0,0.0011509511354391177,0.0,0.0,0.0,0.0,0.0,0.0,0.0,0.0,0.0,0.0,0.0,0.000610189218261948,0.0005650903797581024,0.0,0.0,0.0,0.0,0.0,0.0,0.0,0.0,0.0013532632369835877,0.0,0.0,0.0,0.0,0.0,0.0004374100553016378,0.0,0.0,0.0,0.0,0.0,0.0,0.04513782754316849,0.0,0.0008380155373689109,0.0,0.0,0.0056592970880836825,0.0003734659898683361,0.004783443577565968,0.0,0.0006007625467344829,0.0,0.0004913758256236014,0.0036697058349451648,0.0,0.0010530805798074797,0.1975991376293516,0.002807489298824974,0.0,0.0,0.0,0.0006416479477987792,0.0,0.0,0.002796563501267088,0.0008945371711321302,0.0016614505615503072,0.5588733597344963,0.0,0.07336911109332621,0.0004728859096869823,0.0,0.0,0.0009430088853587006,0.0,0.0010166322608116643,0.0,0.001947823180023922,0.0,0.008501083854022578,0.0006687272361779909,0.007534543778851933,0.0,0.0006541030427318,0.002427070032761903,0.0,0.00039805316708521463,0.0,0.0,0.0,0.0,0.0,0.0,0.0,0.0,0.0,0.0,0.0011999361261011141,0.0,0.0,0.0,0.0,0.0,0.0,0.0,0.0,0.0,0.0,0.0,0.0,0.0,0.0,0.0,0.0,0.0006136332319980816,0.0005051268895123066,0.0,0.0005499845383705124,0.0,0.0,0.0,0.0,0.0,0.0,0.0,0.0,0.0018125580917687323,0.0,0.0,0.0,0.0,0.0,0.0,0.0,0.0,0.0008332191940363035,0.0,0.0,0.0,0.0,0.0,0.0,0.0005353944169546427,0.0,0.0,0.0,0.0,0.0,0.0,0.0,0.0,0.0,0.0,0.0,0.0,0.0,0.0,0.0,0.0,0.0006770341341927273,0.0,0.0,0.0,0.0,0.0,0.0,0.0,0.0,0.0,0.0012469693022570507,0.0,0.0,0.0,0.0008430539428173196,0.0,0.0,0.0,0.0,0.0010314554781212487,0.0,0.0,0.0,0.0006304639384147893,0.0,0.0006185974654873114,0.0005806329904988344,0.0008412104960680758,0.0011853972834849002,0.0,0.0005575550747798416,0.0,0.0,0.0,0.0,0.0006021321296353317,0.0,0.0,0.0,0.0,0.0011871926975940655,0.0,0.0,0.0,0.0,0.0,0.0,0.0,0.0,0.0,0.0,0.0012342435093143445,0.0,0.0,0.0,0.0,0.0,0.0,0.0,0.0,0.0,0.0,0.0,0.0006191148741758624,0.0,0.0,0.0,0.0,0.0,0.0,0.0,0.0,0.0
109,0.0,0.0,0.0,0.0,0.0,0.0003945856259532871,0.0,0.0,0.0,0.00039855835090755565,0.0,0.0004478673404399315,0.000679954573182198,0.0,0.0003918190017213185,0.00042386740635774354,0.0,0.0011409437014594768,0.0007877186786511058,0.0,0.0,0.0004109217720847296,0.008710535500566248,0.0,0.0004697003902543022,0.001077804558256937,0.00044419629666583334,0.0004122210167141648,0.0014218195387607408,0.0,0.0,0.0,0.0,0.0,0.00027516188607701607,0.0,0.0,0.00043444904250702226,0.00026745349496006975,0.0004216207014313993,0.0,0.00038952312087321125,0.0,0.0,0.0,0.0008146063302524849,0.0,0.0,0.004700147839800932,0.002389353028282944,0.00040226368530307544,0.000559838771226022,0.0,0.0008404294638617969,0.0036332590706579424,0.0004173883103661178,0.0006713591945596527,0.002012107208093939,0.001353374034819516,0.0,0.0,0.021698800147718553,0.0,0.00041814078648275284,0.0,0.0014902043594570175,0.0,0.0,0.0,0.0,0.0,0.0,0.0,0.0,0.0,0.0,0.0003977398714689754,0.0,0.000398621698086537,0.0,0.0,0.0,0.0,0.00037683349684444653,0.0,0.0,0.0,0.0,0.0,0.0,0.0,0.0011161497458888952,0.0006752866542051748,0.0,0.0,0.0,0.0020549222171685447,0.0,0.0,0.0,0.0002834170766763716,0.0,0.0008056331741594345,0.0031680472374215267,0.000411228232472648,0.0004006758595283634,0.11173106212683953,0.005997026380449161,0.0,0.0,0.0,0.0024636465002671015,0.022191550773375115,0.01225263291566635,0.3380431815499846,0.0012231371255919366,0.278358342497787,0.0008233622951280441,0.001213593733598839,0.0983844953997725,0.0015809613558242608,0.003737062537503462,0.0018859858322511072,0.0012168339556803288,0.0023629967279888103,0.01006337639909336,0.002257343184049986,0.001610313879708435,0.001974486389765953,0.002024059216980497,0.0,0.00040257107362789524,0.00041855356737094954,0.0003965452656079445,0.0,0.0,0.0,0.0,0.0004130622896323221,0.0003956675906089864,0.0,0.0004253905014394389,0.00046438703742337123,0.0004166133110699603,0.00043069309769087736,0.0002448987705009991,0.0,0.0,0.0,0.0004001359865430831,0.0,0.0,0.0004007813169299608,0.0,0.0,0.0,0.0,0.0,0.0,0.0,0.0,0.0,0.0,0.0,0.0,0.0006841897025060486,0.0,0.0,0.0,0.0,0.00040598877011278846,0.0,0.0,0.0,0.0003965452656079445,0.0004031497778030222,0.0,0.0003868850887300328,0.0,0.0,0.0,0.0,0.0,0.0,0.0,0.0,0.0004038114613306244,0.0,0.0,0.0,0.0,0.0,0.0,0.001206835195956977,0.0,0.0,0.0,0.0,0.0,0.0,0.0,0.0,0.0,0.0,0.0,0.0,0.0,0.0,0.0,0.0,0.0,0.0,0.0,0.0,0.0005425180316785735,0.0,0.0004179059611319132,0.0,0.0,0.0007681913166406705,0.0,0.0,0.0,0.0,0.0,0.0,0.00027605530986166767,0.000966541854635165,0.0003949975438016712,0.0,0.0013002194185484442,0.0002448987705009991,0.0007919863160761116,0.0008595562687330479,0.0012906303298642443,0.0007994734990520092,0.0,0.0,0.00041010122402215766,0.001537811588317785,0.0,0.0,0.0,0.0,0.0,0.0,0.0,0.0013250160931825002,0.0,0.0,0.0,0.0,0.0,0.0,0.00026503040451588544,0.0,0.0,0.00039708609267596353,0.0004122210167141648,0.0004534142092327672,0.00030641283108585367,0.0004119256068414219,0.0007421034238965973,0.000949958239063908,0.0004296589633204061,0.0004166133110699603,0.0,0.00041026125843900087,0.0,0.0,0.0,0.00027924913025461056,0.0,0.0004014394338851651,0.00040257107362789524,0.0,0.0,0.0,0.0003861449657314787,0.0004273011731702098
110,0.0,0.0004670851588875202,0.0,0.0,0.0,0.0,0.0,0.0,0.0,0.0,0.0,0.0,0.0,0.0,0.00032273830704524035,0.0,0.0,0.0,0.0004670851588875202,0.0023429677547871894,0.0,0.0,0.006348896188482278,0.0,0.0,0.0009395848508816749,0.0011959085137365072,0.0,0.0,0.0,0.0,0.0,0.0,0.00046809183841434345,0.0,0.0,0.0,0.0,0.0,0.0,0.0,0.0,0.0,0.0,0.0,0.0,0.0,0.0,0.0009939831334976506,0.00048574693284667345,0.0,0.0,0.0,0.0,0.0007895197589063179,0.0,0.0,0.0,0.0,0.0,0.0015708532095296496,0.0,0.0,0.0,0.0,0.00032256310647117497,0.0004806923606678209,0.0,0.0,0.0,0.00033873704625596773,0.0,0.0,0.0,0.0,0.0,0.0008236496263250912,0.0,0.0,0.0,0.0,0.0,0.0,0.0005067956942545274,0.0,0.00048685838500455017,0.0,0.0,0.0,0.0,0.0,0.0003244078542357573,0.0009653804695351345,0.0,0.0,0.00046140402254869653,0.0,0.0,0.0,0.0,0.0,0.0,0.00048531198862714005,0.0,0.0,0.0,0.0,0.0,0.0,0.001863615613639465,0.0,0.002879955556439795,0.16481541170976205,0.0018936518125992846,0.010821176193866524,0.0011143244437993955,0.0,0.0,0.37232274694154555,0.0,0.0,0.0067051201855080995,0.36349943705014204,0.0,0.0,0.013345057460520848,0.021959492506913755,0.0006128013669950243,0.0012748085382403827,0.0,0.0,0.0,0.0,0.0,0.0,0.0,0.0,0.0,0.0,0.0,0.0,0.0004777910670540585,0.0,0.0,0.0,0.0,0.0,0.0,0.0,0.0,0.0,0.0,0.0009348473606349619,0.0,0.0,0.0,0.0,0.0,0.0,0.00048092641845485574,0.0,0.0,0.0,0.0,9.529161430828806e-05,0.0,0.0,0.0,0.0,0.0,0.0,0.0,0.0,0.0,0.0003282438197755235,0.0,0.0,0.0,0.0,0.0,0.0,0.0,0.0,0.0,0.0,0.0,0.0002891268470696788,0.0,0.0,0.0,0.0,0.0,0.0,0.00031964688628176763,0.0,0.0,0.0,0.0,0.0,0.0,0.0,0.0,0.0,0.0,0.0,0.0,0.0,0.0,0.0,0.0,0.0,0.0,0.0,0.0,0.0,0.0,0.0,0.0,0.0,0.0,0.0,0.0,0.0,0.0,0.0,0.0,0.0011230652982080966,0.0,0.0,0.0,0.0,0.0,0.0005023317639536957,0.0,0.0003403529953582005,0.0,0.0,0.0,0.0,0.0009086370470108881,0.0,0.0,0.0004670851588875202,0.0,0.0,0.0005103073592583584,0.0,0.001101794733420597,0.0,0.0,0.0,0.0,0.0,0.0,0.0,0.0,0.0,0.0004010698692292651,0.0,0.0,0.0,0.0,0.001930091144874481,0.0,0.0,0.0,0.0,0.0,0.0,0.0,0.0,0.0,0.0037940058404613915,0.0003244078542357573,0.0004941897632670527,0.0,0.0,0.0,0.0,0.00048092641845485574
111,0.0,0.0,0.0,0.0,0.0,0.0,0.0,0.0,0.0,0.00013601657283007323,0.0,0.0,0.0,0.00012358691671024197,0.0,0.00018133650723084908,0.0,0.0007029279503893941,0.0,0.00031074682053577825,0.0,0.00013380077467015867,0.0053852387061018485,0.0,0.0,0.002364859837990924,0.0008474446282898538,0.0003047561681159454,0.00024582128849224834,0.0,0.00016865492966493115,0.0001404470928894589,0.0,0.0,0.0,0.0,0.0,0.0,0.0001816560917390923,0.0,0.0,0.0,0.0,0.0,0.0,0.00017660908308673475,0.0,0.0,0.00040055683417714066,0.0002483751403736044,0.0,0.0,0.0,0.0,0.0004442907405624191,0.0,0.0,0.00035279577794069243,0.0005298565281265467,0.0,0.0,0.00018777352360337186,0.0,0.0,0.0,0.0001620112941524514,0.0,0.0,0.0,0.0,0.0,0.0,0.0,0.0,0.0,0.0001816040259681579,0.0003372452428272794,0.0,0.0,0.0,0.0,0.0,0.0,0.0,0.0,0.00017949151729711134,0.0,0.0,0.0,0.0,0.00018434981802547366,0.0006688998925882048,0.0,0.0,0.0,0.0,0.0005467058593174784,0.00017833524469257827,0.00017949151729711134,0.000193551571497136,0.0,0.0,0.0,0.00017696965214446814,0.0001777155250821917,0.0,0.0001324827919770691,0.006338916500273777,0.0,0.0007044968659390054,0.0005307997408338143,0.0,0.0025486172645273197,0.006266321278999269,0.0029184634946952054,0.0009601810189323973,0.0003696280237327452,0.0,0.001374046790018012,0.00041060604169195825,0.0003569069580218317,0.05400466272339019,0.02758113285632661,0.0,0.005671753910195531,0.8630973173272928,0.00035236448708221877,0.0001793908596457633,0.0,0.00017967658374943714,0.0,0.0,0.0,0.0,0.00018195277029751125,0.0,0.00018272082720862073,0.0,0.0,0.0,0.0,0.0001492515609093753,0.0,0.0,0.0,0.0005532640553376583,0.0,0.0,0.0,0.0003489526905295758,0.0,0.00015481442018205598,0.0001671329830320482,0.0,0.0,0.0,0.0,0.0,0.0,0.0,0.0,0.0,0.0,0.0,0.0,0.00022073034857670462,0.0,0.0,0.0009028029465548211,0.0001714431459883606,0.00029397729639832326,0.0,0.00036698341460080527,0.0,0.0,0.00018293569403584944,0.0,0.0,0.00018921234005514143,0.0,0.0,0.0,0.00017718623027826192,0.0001815798827069776,0.0,0.0,0.0,0.0,0.0,0.000349008959091484,0.0,0.0,0.0,0.0,0.0,0.0,0.0,0.0,0.0,0.0,0.0,0.0,0.0,0.0,0.0,0.0,0.0,0.0,0.0,0.0,0.0,0.0,0.0,0.0,0.0,0.0,0.0,0.0003214223881538663,0.0,0.0,0.0,0.0,0.0,0.0,0.0,0.0,0.000538349998979563,0.0,0.0,0.0,0.0,0.00018062038653498372,0.0001835892567399769,0.00018131119301461566,0.0,0.00015172159263285282,0.0,0.0,0.0,0.00017655339851856608,0.0,0.0,0.0,0.0,0.00012022088730642682,0.00018010328302773326,0.0,0.00031487285068686725,0.0,0.00022400755687961927,0.0,0.00018004571314840642,0.0,0.00012291064424612417,0.00032479691091493254,0.0,0.0,0.0,0.0,0.0001827754835550572,0.0,0.0,0.000285026940611537,0.00018003252697297852,0.0,0.0,0.0,0.0,0.0,0.0,0.00017660908308673475,0.0,0.0003521998625544205,0.0,0.0,0.0,0.0,0.0,0.0,0.00013719188491527145
112,0.0,0.00017229963575164273,0.0,0.00034100885315650157,0.0,0.0,0.0,0.0,0.0003728322372452315,0.00034294628758033016,0.0,0.0,0.0,0.0,0.0011545699129634297,0.0001901106726453759,0.0,0.000486672072641863,0.0,0.0016244632461212157,0.0,8.919605849067109e-05,0.019081201061317346,0.0,0.0,0.0017362326888755834,0.0018217950735866068,0.00044094631185777794,0.003098188255843388,0.0,0.0004069145155723422,0.0002909175194945683,0.0,0.0,0.0,0.0003078885138290033,0.0,0.0,0.0007622637444620854,0.0,0.0,0.0,0.0001793631292415032,0.0,0.00018264330119033864,0.0,0.00015137143899831,0.0,0.0014229185778025465,4.4734854403223047e-05,0.0005368566733361993,0.00037331484181121185,0.0,0.00035812578674072356,0.0013465813451882037,0.00017309124352604582,0.00014363611783433066,0.0005674169107312183,0.0002552874788688247,0.0,0.0,0.0,0.0,0.0005297019332001349,0.0,0.00032874768379549473,0.0008013149608799786,0.0,0.0,0.0,0.0,0.0,0.0,0.0,0.00015531312444781094,0.0,0.00036149305214245784,0.00017615831817556623,0.0,0.00018684238787416987,0.0001843666392105361,0.0,0.00014589483215406808,0.0002867789848369215,0.0,0.00033997843113917737,0.0,0.0001799302363899763,0.0,0.0001694868182532275,0.00030830067661842526,0.0007663083175722881,0.0,0.00036186989998661395,0.00019232627498167053,0.00037232376615848803,0.0022630265690284945,0.0,0.00018478648397542475,0.0,0.0,0.0,0.00048814762689171137,0.0022283588391213273,0.0020671322860214515,0.0005090509753192435,0.0012053306767678905,0.0010819901105706587,0.0001494843049617911,0.002582117543017695,0.020235859591334393,0.001997480967924427,0.0,0.0023154027109274517,0.191674763632258,0.003168243196697848,0.0005163172108466305,0.0005190616991643121,0.08356177139161826,0.0012407277126229074,0.00018704631378256892,0.01675538409780896,0.01028068809989057,0.0006291044455070817,0.0004829653051081941,0.0138199185373833,0.5511396338099518,0.00112467301833085,0.02398328164834248,0.0011522569943344786,0.0,0.0005359891820781904,0.0,0.00017992297493997053,9.046813165930029e-05,0.0002556549473087677,0.0001727235265821747,0.0,0.0,0.0001551208056104477,0.00035829915897949235,0.0,0.0,0.0,4.764713312948001e-05,0.0009574007579780222,0.0,0.0,0.0,0.0,0.0,0.0,0.00017551527237749968,0.0,0.00017999698006252937,0.0,0.0,0.0,0.0,0.0,0.0,0.0,0.00018303401514985736,9.183782825956421e-05,0.0,0.0013466800630677017,0.0,0.0001830449458798692,0.00019017582960158947,0.0001702198938393035,0.00012745861784927413,0.0,0.0,0.0,0.000522317678451981,0.0,0.0,0.0,0.0,0.0,0.0,0.0001249819399080908,0.0,0.0,0.00034545021319379597,9.626807081548921e-05,0.0,0.0,0.0,0.0,0.0,0.0,0.00018349054562909125,4.713296699984627e-05,0.0,0.0,0.0,0.0,0.0,0.0,0.0,0.0,0.0,0.00019117303192769806,0.0001777801265946929,0.0,0.0,0.00019331649171706173,0.0,0.0,0.0,0.0,0.0,0.0,0.00013889947149194824,0.0,0.0,0.0005218057950014095,0.00013239560972257475,0.0,0.0,0.0001395656002691548,0.0,0.0,0.0,0.00029660983449584903,0.0008350282323110034,0.00016478754721571952,0.0,0.0,0.0,0.00034573998512307135,0.0,0.00012842276936579048,0.0003134796992527978,0.0006507920982050943,0.0,0.0,0.0,0.0008030366494604462,0.0,0.00044735886790885174,0.0,0.00018080391470512867,0.0,0.00026687108411944173,0.0,0.0022728640382616693,0.0,0.0001799174055908946,0.0,0.00018749264725832304,0.0,0.0,0.0006551801106445407,0.0,0.0,0.0003631375958477399,0.0,0.0,4.8333170793663764e-05,0.0,0.0,9.626807081548921e-05,0.0,0.00024262833742190587,0.0,0.0,0.0,0.0001475835782691666,0.00018082170938200394,0.0,0.0,0.0,0.00018176901380985913,0.0,0.00029663830939144405,0.0,0.0,0.0006517372258394949
113,0.0,0.0,0.0003695961213369929,0.0,0.0,0.0,0.0,0.0,0.00021384882110868443,0.00029335813132729395,0.0,0.0,0.0,0.0,0.0008004147252198071,0.0,0.0,0.00012497543379128413,0.00021476671602522508,0.0003072342152834241,0.0005147103055142613,0.00033323878632638397,0.007792034767110771,0.0,0.0,0.0027862635151247018,0.00021831784949559468,0.0004660786227271666,0.0011267660712317227,0.0002911129831418182,0.0,0.00013919723146547654,0.0,0.00029031639238167185,0.00020003429428680324,0.0,0.0,0.0,0.0007770857178801331,0.0,0.0,0.00020947281642940587,0.0,0.0,0.00021529408083717516,0.00021031431324785029,0.00018200341507333364,0.0002052483771800374,0.08349951776440477,0.004158065970521331,0.0,0.0,0.0,0.0,0.0020996843947629967,0.0001398946962590215,0.0,0.02723159963809261,0.0,0.0,0.00015717201952283207,0.0020824271334038886,0.0,0.0,0.0,0.00014387012344966612,0.00013835030104803074,0.0,0.0,0.00022159065935525342,0.0,0.0,0.0,0.0,0.00020843144723555382,0.0,0.000829938246142768,0.0,6.937106545324315e-05,0.0,0.0,0.0,5.4438552644068166e-05,0.00020756631229625487,0.0002497299269129159,0.00013942663089898863,0.0,0.00013042462077100217,0.0,0.0,0.0,0.0,0.0,0.00022123591818640453,0.0,0.0,0.0006882884810042366,0.0,0.00028833990491976464,0.0,0.00021611353961832006,0.0002144956004954374,0.0,0.0,0.0007247942790020686,0.00036599813679703667,0.00033600200166064657,0.3448929988851617,0.0,0.002774738293510259,0.0005643410571621233,0.0050365470352008515,0.0035433072133064097,0.0,0.0036116235930617703,0.0007054761203603948,0.002849034398669326,0.00030123133135308966,0.0009758328849194365,0.0016117951521970736,0.3810809682600625,0.001536719484975994,0.0003935194589596712,0.0,0.01316317796834465,0.07377234352552939,0.0010151068941948542,0.0006199964494931282,0.0,0.00021831784949559468,0.0,0.00012931738693579495,0.0,0.0,0.0,0.0001549716100928156,0.0,0.0,0.0,0.00015380006108441996,0.0,0.0,0.0,0.0,0.0,0.00041680355489950746,0.0,0.0,0.00021508113057201828,0.0,0.0,0.0,0.0,0.0,0.0,0.0,0.0,0.0,0.0,0.00014127809943680154,0.0,0.00020216283184229191,0.0,0.0,0.0,0.0002101392819286039,0.0,0.000147008651802205,0.0,0.0,0.0001414252768066748,0.0,0.0,0.0,0.0007673589955794277,0.0,0.0,0.0,0.0,0.00015388039195273487,0.0,0.0003055260180596927,0.00010332635926153447,0.0,0.0,0.0,0.0,0.0,0.0003113918854694908,0.0,0.0,0.0,0.00015571874311256777,0.0,0.0,0.0,0.0,0.0,0.0,0.0,0.0,0.00021486664524559678,0.0,0.0,0.0,0.0,0.0,0.0,0.0,0.00020670476826645218,0.0,0.00015484980923995123,0.0,0.0,0.0,0.0,0.0,0.0007276318210110092,0.0,0.0003863700462330612,0.0,0.00016716639636338832,0.0,0.0,0.00015942459620499469,0.0002092617528581944,0.0001432403884868053,0.0005900242786200499,0.0,0.0,0.0,0.00018957884288708685,0.0,0.0009348364337420428,0.0005291181817553771,0.0006237400483325946,0.0,0.0,0.0,0.0011215029010774157,5.275938009096905e-05,0.0005521249668141841,0.0006662624396175685,0.0008413271705032931,0.00014667906566364697,0.0,0.0001751229023130798,0.002229982009198554,0.0,0.0,0.00010887710528813633,0.0,0.0,0.00016414393656467624,0.0003865830222294698,0.0,0.0,0.0002126083120969723,0.0,4.162315047599209e-05,0.00019867309770560062,0.00014033702382302497,0.000358916362511566,0.00034062454076720015,0.0,0.00025799300869948805,0.0,0.0,0.0,0.0002080783375488635,0.0,0.0,0.00013317221277923103,0.0,0.0002770922816810889,0.0,0.0006234643308102534,0.0,0.0,5.05212292923859e-05
114,0.00020931796201200593,0.00020575818629122052,0.00042780879382637937,0.0004030194815886695,0.0,0.00020664602182804442,0.0001354479807878946,0.0,0.0001985260759117565,0.0,0.00020820237352865543,0.0,0.0,0.0001958167345840143,0.0011586745632492389,0.000589958658042798,0.00015834497604679941,0.002477214603997307,0.00042432527747605095,0.003432745082217244,0.00021014087604368705,0.0006495183366539725,0.02818359575256097,0.00016964256068351244,0.00019601111154607135,0.0032201871829878725,0.0025437903413514226,0.0012265685123502667,0.004490935955225009,0.00021214206442513763,0.0003767192149428413,0.00037476461577261376,0.00037161523965038715,0.0021768445275131536,0.0,4.9931896580097735e-05,0.0,0.00016591711926711652,0.00043048627120036853,0.0002149289801592786,0.0003834888700634188,0.0007201729189028252,0.0,0.0,0.0,0.00046875735735469064,0.0,0.00041282866802624447,0.002205337325798849,0.0030461038899468173,0.0007529874046958115,0.0002488105167136642,0.00020908456933267067,0.0,0.004152063331071455,0.0004255936046484712,0.0006802639387358459,0.0002974850899130209,0.00017063022019017418,0.0,0.00011654618599701243,0.0008403963581943539,0.0,0.0,0.0,0.0008745539250115069,0.0008346234393132147,0.0,0.0,0.00032268769199650035,0.0,0.0002184812121076468,0.0,0.0,0.0007566155475288486,0.0005359105794867223,0.0022065837898610804,0.0004421487747804471,0.0,0.0,0.0,0.0,0.0009654956390020171,0.0003464299638517503,0.0,0.00032268769199650035,4.5975444498199606e-05,0.0,0.0,0.0002069213315080773,0.0,0.0004883571021643927,0.00019962596793307816,0.00037243998279140557,0.0,0.0004246168643361613,0.0033399218346269943,0.0009763774774873856,0.00015225404988516932,0.0,0.0005940607683848276,0.00019845578557124645,0.0004800383267879732,0.0897142961125082,0.0022907153143724504,0.0002893432971261239,0.02346369506916769,0.0021771029870007656,0.0013813877317986108,0.11470572832137788,0.0035930390034812987,0.0036620844327434022,0.4082665613242758,0.004669698161415581,0.0,0.003257905013505691,0.008803555612458514,0.0011359301787741054,0.01256890494168118,0.04384784774994285,0.0004443773601132215,0.045392920384382175,0.005726375394455373,0.003789120471757571,0.0011361368920800978,0.023676625003936087,0.04067781989461204,0.0022184456135134092,0.01892919525207487,0.011836085894458613,0.00040226701229518027,0.0007743353394649893,0.0,0.0001824224800325426,0.00037532308466694923,0.00020813983426346786,0.0,0.0,0.0,0.0,0.0008155362288654891,0.0,0.0002044141308546171,0.0,0.0,0.0008440949662663649,0.0,0.0,0.00020069693814519688,0.0,0.0001722980498455953,0.0001022548885003507,0.0004259889493603865,0.0,0.0,0.0,0.0,0.00040444006282860636,0.0,0.0,0.0,0.0,0.00038576462035932546,0.0,0.0,0.001075608464830354,0.0,0.0004825854996664843,0.0,0.0,0.00041174345020347796,0.0,0.0004165891130229144,0.00016185652696717906,0.0021222549611616464,0.0,0.0,0.00021012951645706245,0.0003571375130923722,0.00015466550888124876,0.0,0.0,0.0,0.0,0.0,0.0,0.0,0.00020017406782605704,0.00014155790709044377,0.0003963561296024577,0.0,0.00037522655586879407,0.0,0.0004358881390678306,0.0003779022595781277,0.0,0.0,0.00015891530494907294,0.0,0.0,6.997666497725304e-05,0.0,0.0,0.0,0.0,0.00021387550008319264,0.0,0.0,0.0,0.0,0.0002129358234188225,0.0,0.00022185248019794616,0.0002683028666577008,0.00043810222870502313,0.0,0.00027281726373954394,0.0011805110185809163,0.0,0.0006407389101566618,0.0,0.0,0.0,0.0,0.0,0.0,0.0013001654915814028,0.001187897662630643,0.0,0.0,0.00031226896587093503,0.0005110972015054413,0.0008796274939355011,0.00018647174019811042,0.0009191361092868155,0.0013650095642099296,0.0,5.0988790071988756e-05,0.0,0.0017607091452716515,0.00021641602379420422,0.0,0.0,0.0,0.0,0.0,0.0,0.00433757840001253,0.0004946470240044742,0.0002044141308546171,0.00021142583035861987,0.0,0.00017472403351269952,0.0,0.0002077189893117984,0.0,0.0002155926466980679,0.0003896762553932983,0.00021599904729314109,0.0,0.0008368022304585869,0.0001662892972103531,0.0003515553604171312,0.0,0.0,0.00014520092015812695,0.00014445980388065393,0.0,0.0,0.00015924493845362382,0.00021220708129672937,0.0,0.0,0.00046205414603447026,0.0002058390583424305,0.0,0.0007575348551500451,0.0002104960001890513,0.0,0.0009248133182694061
115,0.0,0.0,0.00023099487390919763,0.002102387695442405,0.0,0.0,0.00023270212408986132,0.0,0.0005882538502790376,8.04888896746325e-05,0.0,0.0003310483882810839,0.0,0.0,0.0021965510504557517,0.0026626589596333693,0.0,0.0007548541240223901,0.00033820754327601796,0.012128462354707293,0.0022578170606715707,0.001792033118023748,0.07015520584150536,0.0008804900831333989,0.0,0.013407076867056073,0.003950773076298994,0.0023655599917388084,0.0053731257016982744,0.0009827936615741364,0.00023194016227878113,0.000328319819303324,0.0,0.0,0.0,0.0004894061021589922,0.0003311613737204647,0.0010763174025561837,0.0021906802263069952,0.0,0.0,0.0009090851525351579,0.0,0.0,0.0,0.001161268862274661,0.0,0.0007978984011597455,0.0008718807688887925,0.0004037103062367117,0.00028655737191361064,0.0,0.00026044036656131463,0.00024621534556966055,0.0009514318640058337,0.0,0.001093875924557573,0.00023335259658390314,0.0,0.0,0.0,0.0,0.0,0.0,0.0,0.0,0.0005529608000872847,0.0,8.660712404349758e-05,0.0,0.0,0.0,0.0,0.0,0.0005771034129903768,0.0,0.0007642210560403228,0.0002488580720402379,0.0,0.0,0.0,0.0,0.004130599454793559,0.00033863655610404044,0.0,6.425937055925225e-05,0.0,0.0,0.0007305345614222035,0.021093216700834895,0.0030899198474158597,0.0013592906450005044,0.001416291831495055,0.0007201128808890521,0.06177395580006686,0.00031080529075052515,0.006497396230058833,0.005395973609890662,0.0019275336132977582,0.0006361683889021901,0.00983729775487513,0.02881974737009104,0.0008685038317187458,0.0016708488546808282,0.20889256806143933,0.09628505062996509,0.00240377200766682,0.0005507070005537693,0.2508815847283061,0.0003100619604492931,0.0,0.0,0.008054431942641896,0.000750071158121014,0.006365901136585803,0.0,0.0008923998379499584,0.012628012064230634,0.0005753974948144065,0.0,0.0,0.00025695356222201897,0.00032471740145897156,0.050417812962580015,0.00023536794898088885,0.006792753297985496,0.0004249855812157302,0.016415326509586638,0.0008746996490826656,0.01917319871776334,0.0,0.0,0.0030798351211442448,0.0,0.0,0.0,0.0,0.0,0.0,0.0,0.00030955111326184877,0.000485495769997067,0.00017321424808699516,0.0,0.0,0.001153302561084259,0.0,0.0,0.0,0.00032605712412869423,0.0,0.0,0.0,0.0,0.0,0.0006885676998286291,0.0,0.0,0.0,0.0,0.0,0.0,0.0,0.0007893714586475323,0.0,0.0018702440470760606,0.0,0.00023647648933828276,0.00026587900392140075,0.0,0.0005222612212478492,0.0,0.0,0.0,0.0012551653957190868,0.0,0.0,0.0,0.0,8.372203973314811e-05,0.00028939801294025126,0.0,0.0,0.0,0.0,0.0,0.0,0.0,0.0,0.00023859898855494599,0.0,0.0,0.0,0.0,0.00025115656895830586,0.0,0.0,0.000898431865551491,0.0,0.0003418574593875647,0.0,0.0,0.0,0.0003388224660819743,0.0,0.0,0.0,7.634650084929504e-05,0.00027494745032600017,0.0,0.0,0.0013818100189614106,0.0,0.0,0.0,0.0,0.0,0.0,0.0,0.0,0.0,0.0002779002439315756,0.0003117053540670092,0.0,0.0,0.0,0.002341256397328675,0.0,0.0,0.0,0.0,0.0002809918283497583,0.0003176970804515909,0.0002386104181567008,0.0,0.0002526280062177241,0.0,0.00017024577874801865,0.0,0.0008045863129336891,0.0,0.00017321424808699516,0.0002588287668016074,0.0,0.0,0.0,0.0,0.0017960334724285716,0.0,0.0006872379868084443,0.00025781554456951096,0.0,0.0003390022156451838,0.0,0.0003388224660819743,0.0,0.0,0.0,0.0,0.0004240950964238214,0.0,0.0,0.00022846388640753882,0.0006425937055925231,0.0,0.0005669736501017311,0.0,0.0005703939810921668,0.0,0.0,0.0,0.0005484243152127925,0.0,0.0,0.0005335688058177532,0.0,0.0008765239017917455,0.0,0.0,0.00034022989839501306
116,0.0,0.0,0.0,0.0006435545409799344,0.0,0.0,0.0,0.0,0.0006313224583375005,0.0,0.0,0.0,0.0,0.0,0.0006357311806018743,0.0,0.0,0.0013554587584700933,0.0,0.0007814982383943517,0.0,0.0006767514891367519,0.004940962337796028,0.0007446468334327373,0.0,0.0020172023497310085,0.00070652425046962,0.0,0.0020713500573586057,0.0,0.0,0.0,0.0,0.0,0.0,0.0006745215796234633,0.0,0.0,0.0,0.0,0.0,0.0,0.0,0.0,0.0,0.0006515110924216206,0.0,0.0,0.025758401360073353,0.004020560360076118,0.0,0.0,0.0,0.0,0.002096108420789013,0.0006653857710901649,0.0,0.003971119094016873,0.0,0.0,0.0,0.06975009321764875,0.0,0.0,0.0,0.0006548159821681224,0.0,0.0,0.0,0.0,0.0,0.0,0.0,0.0,0.0,0.0,0.0,0.0,0.0,0.0,0.0,0.0,0.0,0.0,0.0,0.0,0.0006807969205443537,0.0006653857710901649,0.0,0.0,0.0006823290500311262,0.0,0.0,0.0,0.0,0.0,0.0006891193091728573,0.0,0.0,0.0,0.0,0.0,0.0006203252115499476,0.0006866586889195951,0.0013789365898983822,0.0,0.005334608455410427,0.01500784790066331,0.0,0.5895639162985427,0.0,0.0019593003738145706,0.007546722198565773,0.05999477918101053,0.0447596762427173,0.0006560628266931516,0.0,0.00202356473887039,0.002076524766373407,0.09099072646069906,0.0013224360085902728,0.0014022271039061229,0.0,0.0,0.0020109293120297027,0.013130663696938669,0.0007571887948550016,0.0006414552635970408,0.002241020857739227,0.0026593415906892414,0.0,0.0006805786440320069,0.0,0.0,0.0,0.0,0.0,0.0,0.0,0.0,0.0,0.0,0.0,0.0,0.0,0.0007117966013048028,0.0,0.0,0.0006463466210293161,0.0,0.0,0.0,0.0013014067687398929,0.0,0.0,0.0,0.0,0.0007142634743895831,0.0,0.0007446468334327373,0.0,0.0,0.0,0.0,0.0,0.0006515110924216206,0.0,0.0,0.0,0.0,0.0,0.0,0.0,0.0,0.0,0.0007012773857169056,0.0,0.0,0.0,0.0,0.0,0.0,0.0,0.0,0.0,0.0,0.0006414552635970408,0.0,0.0,0.0,0.0,0.0,0.0006487842616894815,0.0006648321611903345,0.0,0.0,0.0,0.0006794573190032033,0.0,0.0,0.0,0.0006648602921782037,0.00068575947898465,0.0,0.0,0.0,0.0,0.0,0.0,0.0,0.0,0.0,0.0,0.0,0.0,0.0,0.0,0.0,0.0,0.0006624996604588638,0.0,0.0,0.0,0.0,0.0,0.0,0.0,0.0027623677649127125,0.0,0.0,0.0,0.0,0.0,0.0,0.001990132719707387,0.0,0.0,0.0007678680446804673,0.0,0.0026879499895394307,0.0,0.0012707765305508174,0.0,0.0,0.0006633961976096464,0.0,0.0,0.0040304906707955505,0.0,0.0,0.0,0.0,0.0006306220965804638,0.0,0.0,0.0,0.0,0.0,0.0,0.0,0.0007814982383943517,0.0,0.0,0.0,0.0,0.0,0.0,0.0,0.0,0.0,0.0,0.0,0.0,0.0,0.0,0.0,0.0,0.0,0.0,0.000685358903532272
117,0.0,0.0,0.0,0.0005427893986087807,0.0,0.00041597424110941395,0.0,0.0,0.0,0.0,0.0,0.0,0.0,0.0,0.002185407468407659,0.06220593028940751,0.0011219355395441799,0.00888658542664032,0.00803960352316072,0.042510662238409894,0.015305639941795178,0.02014704916861672,0.070464505044979,0.1768489479786592,0.0,0.01195224568740453,0.008692248809826365,0.005735407364383879,0.002683573383072129,0.0005739133361180321,0.0,0.0,0.0,0.0005316279749319673,0.0009016918458518757,0.00035315418139980723,0.0,0.0010697168977889244,0.0011126949403124284,0.0,0.0,0.0005429538015899449,0.0017805038810481983,0.0,0.0,0.004213177758541868,0.0,0.0,0.0,0.0016502886434867836,0.0,0.0,0.0,0.0005319006275188833,0.002740040982106555,0.0,0.0,0.0006359547473459572,0.0,0.0,0.017311537645630835,0.0,0.0,0.0,0.0,0.0005354363976780984,0.0,0.0,0.0,0.0,0.0,0.0,0.0,0.0,0.0,0.0,0.0005571248091749161,0.0,0.0,0.0,0.0,0.0,0.0010960382432467363,0.0,0.0,0.0,0.0,0.0,0.0,0.028254064889179708,0.0,0.0005344435951998783,0.0,0.0,0.0011441699474251184,0.0,0.0010541535071321932,0.0,0.0010797530613871871,0.0,0.0,0.0006395723118093223,0.000557625401902881,0.0005688913114280792,0.04204180045792742,0.0,0.005461921124929639,0.0,0.09510002211281082,0.0,0.0,0.0,0.0008195534264774343,0.00047625526087457777,0.0020014743213266953,0.02958699280806483,0.0,0.0,0.0,0.0,0.0,0.0004992018983664931,0.0,0.0,0.0,0.00040777151650066393,0.0004199623512846346,0.2892670449768859,0.0,0.005646416998526903,0.0,0.0,0.0,0.0,0.001883793044021873,0.0,0.0,0.0,0.0,0.0,0.0004959887236874332,0.0,0.0005374414105364963,0.0,0.0,0.0005277632925126979,0.0,0.0,0.0,0.0,0.0,0.0,0.0,0.0,0.0,0.0,0.0,0.0,0.0,0.0,0.0,0.0,0.0,0.0,0.0,0.0005536244855360127,0.0005456753950646939,0.0,0.0,0.0,0.0,0.0,0.000537916997178866,0.0,0.0017091900980058324,0.0,0.0,0.00014372728308961597,0.0,0.0,0.0,0.0,0.0,0.0,0.0,0.0,0.0,0.0,0.0,0.0,0.0,0.0,0.0,0.0,0.0,0.0,0.0,0.0,0.0,0.0,0.0,0.0,0.0,0.0,0.0,0.0,0.0,0.0,0.0005288724225315601,0.0012598870538539039,0.0,0.0,0.0004946449606278217,0.0,0.0,0.0,0.0,0.0,0.0,0.00035315418139980723,0.0,0.0,0.0,0.0,0.0,0.0,0.001107784466338419,0.0,0.0,0.0,0.0,0.0,0.0,0.0013422653202679444,0.0,0.0010304645812960896,0.0,0.0,0.0,0.0005382831037201043,0.0,0.0,0.0005264810049245598,0.0,0.0,0.0,0.0008008124307708308,0.0019528324275784892,0.00042468591321181547,0.0,0.0007737546211617831,0.0,0.0,0.0,0.0005324442923490972,0.0,0.0,0.0,0.0008082490695108426,0.0,0.0005463451774073053,0.0,0.0,0.0,0.0,0.0,0.0,0.0,0.0,0.0,0.0,0.0,0.0,0.0002465498195508294,0.0,0.0,0.0,0.0,0.0,0.0003600149266275334
118,0.0,0.0004358096302547647,0.0,0.0,0.0,0.0,0.0,0.0,0.0,0.0003340880584372561,0.0,0.0,0.0,0.0,0.0,0.0,0.0,0.0,0.0,0.00032008998996444307,0.0,0.0,0.005243946501323341,0.0,0.0,0.0012029093787467814,0.00021288060175962163,0.0003104188463687678,0.0006641256288995516,0.00021390554658221793,0.0,0.0003255071147268475,0.0,0.0,0.0,0.0,0.0,0.0,0.0005443557762316777,0.0,0.0,8.582012690288826e-05,0.0,0.0,0.0,0.0,0.0,0.0,0.0003323917911533142,0.00033782274472007027,0.0003639142460257445,0.0,0.0,0.0005452829056453136,0.0007161620411741295,0.0,0.0,0.0005297268034155416,0.0,0.0002104418208198914,0.0004222098330931924,0.0006534843611827282,0.0,0.0,0.0,0.0003279773693251018,0.0,0.0,0.0,0.00032809183687995057,0.0,0.0,0.0,0.0,0.00032552425915215194,0.0,0.0003422542138512777,0.0,0.0,0.0,0.0003917278236189527,0.0,0.0,0.0,0.0,0.00031817514437388033,0.0,0.0,0.0,0.0,0.0,0.00032545044847899436,0.0,0.000555848490031253,0.0,0.0,0.0006382651343383233,0.0,0.0,0.0003010341728934775,0.0,0.0,0.0,0.0003639142460257445,0.0006317197796289885,0.0,0.0007423000357183375,0.0007064220515015162,0.0,0.001196473985479859,0.2531360938518039,0.0021234281620884344,0.4588106728876935,0.0018647139429570653,0.023490442860041955,0.00031452614436762406,0.0,0.0003300208988449114,0.0,0.0009831452995758688,0.0,0.048737137852606714,0.09794533443594879,0.00033106868963834096,0.000961509129528028,0.010151869317415999,0.06466201253014571,0.0013662598032828902,0.0012000115188048241,0.000960531419331738,0.0,0.0,0.0,0.0,0.0,0.0,0.0,0.0,0.0,0.0003104188463687678,0.0,0.0,0.0010304225920406702,0.0003228294025238154,0.0003215018104646382,0.0003250280578722802,0.0,0.0,0.0,0.0,0.0,0.0,0.0,0.0,0.0,0.0,0.0,0.0,0.0,0.0,0.00021325279358209995,0.0,0.0,0.0,0.0,0.00033344865375359073,0.00024287996257699775,0.0,0.0,0.0,0.0,0.0,0.0,0.0,0.0003133483705714815,0.0,0.0,0.0,0.0,0.0,0.0,0.0,0.0,0.0,0.0,0.0,0.0,0.0,0.0,0.0,0.0,0.0,0.0,0.00030415548276055025,0.0,0.0,0.0,0.0,0.0,0.0,0.0,0.0,0.0,0.0,0.0,0.00032175826959702445,0.0,0.0,0.0,0.0,0.0,0.0,0.0,0.0,0.0,0.0,0.0,0.0006372616895798093,0.0,0.0,0.0,0.0,0.0,0.0,0.0,0.0,0.0005491487415107473,0.0003248696442299977,0.0,0.0,0.0,0.0,0.0003300070502190785,0.0006521834424743457,0.0,0.0005136114682966171,0.00032659870532656315,0.0003010341728934775,0.0,0.00024244384943387576,0.0,0.0,0.0,0.0,0.0,0.0,0.0,0.0005356670470251087,0.0,0.00032051199545306947,0.0003153312083991807,0.0,0.0,0.0,0.0,0.0,0.0,0.0,0.0,0.0,8.411573056680101e-05,0.0,0.00033067325183989884,0.0,0.0,0.0,0.0,0.0,0.0,0.0,0.0,0.0,0.0006459603963825885,0.0,0.0,0.0,0.0,0.0003175022991480749,0.0,0.0006647835823066284
119,0.0,0.0,0.0,0.0,0.0,0.0,0.0,0.0,0.0,0.0,0.0,0.0,0.0,0.0,0.0006078382138750665,0.0,0.0,0.0012630137261922688,0.0,0.0006017677878650168,0.000621610858828933,0.0005662031137624693,0.006299965977108237,0.0,0.0,0.0005877482413934301,0.0003733477885810644,0.0,0.000575913259082172,0.0,0.0,0.0,0.0,0.0,0.0,0.0,0.0,0.0,0.0005155183506099243,0.0,0.0,0.0005897895103518755,0.0,0.0,0.0,0.0,0.0,0.0003834385801606441,0.0021749779162052374,0.0017735830995108917,0.0,0.0,0.0,0.0,0.00042914603088545157,0.0011562010660230225,0.0,0.0023268596834972143,0.0005845825345805386,0.0010005082154922135,0.0,0.0016175487159043682,0.0,0.0,0.0,0.0,0.0,0.0,0.0,0.0,0.0,0.0,0.0,0.0,0.0,0.0,0.0,0.0,0.0,0.0,0.0,0.0,0.0,0.00014341296005812224,0.0,0.0,0.0006278118355089454,0.0,0.0,0.0,0.0,0.0,0.0005890354910472681,0.0,0.0,0.0,0.0,0.0,0.0,0.0,0.0,0.0,0.00014341296005812224,0.0014234856458732977,0.0,0.0,0.002071039559731746,0.06140002804483166,0.0003854697962835235,0.1764183378102956,0.0,0.002755113875665406,0.015645942233291573,0.010983812792377827,0.2804306337793921,0.0017296135826476633,0.14391403841701325,0.0,0.0019115321861322245,0.0,0.0017335398637493824,0.04350955194255249,0.0012263438419856962,0.0,0.06670505183490098,0.13614932532430501,0.004759656239039213,0.0009729700689825062,0.0024523450530124177,0.0011031265780181224,0.0,0.00014967764694394476,0.0,0.0,0.0,0.0,0.0,0.0,0.0,0.0,0.0,0.0,0.0,0.0,0.0,0.0,0.0,0.0,0.0,0.0,0.000579983225201831,0.0,0.0007137946393060495,0.0,0.0,0.0,0.0,0.0,0.0,0.0,0.0,0.0,0.0,0.0,0.0,0.0003843507040843082,0.0,0.0,0.0,0.0,0.0,0.0,0.0,0.0,0.0011836043962606734,0.0,0.0,0.0,0.0,0.0,0.0,0.0,0.0,0.0,0.0,0.0,0.0,0.0,0.000579983225201831,0.0,0.0,0.0,0.0,0.0,0.0,0.0,0.0,0.0,0.0,0.0,0.0,0.0,0.0,0.0,0.0,0.0,0.0,0.0,0.0,0.0,0.0,0.0,0.0,0.0,0.0,0.0,0.0,0.0,0.0,0.0,0.0,0.0,0.0,0.0,0.0,0.0,0.0005843086203916372,0.0,0.0,0.0,0.0,0.001221494367469826,0.0005758178602634246,0.0006278118355089454,0.0006188962928809624,0.0009714684081748757,0.0,0.0,0.0,0.0012277449638674652,0.0,0.0,0.0005793219696821067,0.0,0.0,0.0,0.0,0.0024623423429362542,0.0,0.0005013397486015817,0.0,0.0,0.0,0.0,0.00014728910539504002,0.0,0.0,0.0013150151572999399,0.0,0.0005981334708999769,0.0,0.0,0.0003733477885810644,0.0,0.0,0.0,0.0,0.0,0.0,0.0,0.0,0.0,0.0,0.0005994913264988023,0.0,0.0,0.00037856979029390257,0.0,0.0003920187275913152,0.0
120,0.0,0.0,0.0,0.0,0.0,0.0,0.0,0.0,0.0,0.0,0.0,0.0,0.0,0.0,0.0,0.0,0.0,0.00019098794419809904,0.0,0.0008296069723096417,0.0,0.0,0.0042296863667147504,0.0,0.0,0.0026577924155019098,0.0007513703706413449,0.0,0.00035701908612904013,0.0,0.0,0.0,0.0,0.0,0.0,0.0,0.0,0.0006591281745162436,0.0,0.0,0.0007326738116034459,0.0,0.0,0.0,0.0,0.0,0.0,0.0,0.016578115513334882,0.0007161759009894405,0.0,0.0,0.0,0.0,0.0007127848060007966,0.0,0.0,0.008333462676573498,0.0004894616503382012,0.0,0.0007025228494056795,0.0,0.0,0.0,0.0,0.0,0.0,0.0,0.0,0.0,0.0,0.0,0.0,0.0,0.0,0.0,0.0,0.0,0.0,0.0,0.0,0.0,0.0,0.0,0.0,0.0,0.0,0.0,0.0,0.0,0.0,0.0,0.0,0.0,0.0,0.0,0.0007161759009894405,0.0007171507602881555,0.0,0.0,0.0,0.0,0.0,0.0,0.0,0.0,0.0,0.04917049054824597,0.0,0.0005652891246999757,0.0,0.003015889095319176,0.00217466422176245,0.8541180136110731,0.0,0.0,0.0,0.0,0.0005818609560307881,0.0006851910814638055,0.0,0.0,0.0,0.0,0.0020835853418133517,0.034714511126883306,0.0,0.0020666665302181285,0.0,0.0,0.0,0.0,0.0,0.0,0.0,0.0,0.0,0.0,0.0,0.0,0.0,0.0,0.0,0.0007269878036862914,0.0,0.0,0.0,0.0,0.0,0.0,0.0,0.0,0.0,0.0,0.0,0.0,0.0,0.0,0.0,0.0007168107409965529,0.0,0.0,0.0,0.0,0.0,0.0,0.0,0.0,0.0014279597448752482,0.0,0.0,0.0,0.0,0.0,0.0,0.0,0.0,0.0,0.0,0.0,0.0,0.0,0.0,0.0,0.0,0.0,0.0,0.0,0.0,0.0,0.0,0.0,0.0,0.0,0.0,0.0,0.0,0.0,0.0,0.0,0.0,0.0,0.0,0.0,0.0,0.0,0.0,0.0,0.0,0.0,0.0,0.0,0.0,0.0,0.0,0.0,0.0,0.0,0.0,0.0,0.0,0.0,0.0,0.0,0.0,0.0007175252508025298,0.0,0.0,0.0,0.0,0.0,0.0,0.0,0.001589783430142982,0.0005652891246999757,0.00019098794419809904,0.0,0.0,0.0,0.0,0.0006504147738333924,0.0,0.0,0.0,0.0,0.0,0.0,0.0024944180684179753,0.0,0.0,0.0,0.0,0.0,0.0,0.0,0.0,0.0,0.0,0.0,0.0,0.0,0.0,0.0,0.0,0.0,0.0,0.0,0.0,0.0,0.0,0.0,0.0,0.0012450458788900497,0.0,0.0,0.0,0.0004402571557852594,0.0,0.0006842432466271321,0.0
121,0.0,0.0003628295104890293,0.0,0.0,0.0,0.0,0.0,0.0,0.00025725108450901264,0.0,0.0,0.0,0.0,0.0,0.0003431133283483662,0.0,0.0,0.000362567978067249,0.00031891758008096725,0.00033342323159976075,0.0,0.0,0.005932914447724743,0.0,0.0,0.0006852232466943671,0.00022502809712438506,0.0008331022561132999,0.0009484630235958791,0.0,0.0,0.0,0.0,0.0,0.0,0.0,0.0,0.0,0.0007064775121870382,0.0,0.0,0.0,0.0,0.0,0.0,0.00029464503643966374,0.0,0.0002480789493766956,0.0013360272995579456,0.0006999704330743669,0.00034484263240817676,0.0,0.0,0.0,0.0007200869715949578,0.0,0.0,0.00035058468490013,0.0,0.0,0.0,0.00041116185028066906,0.0,0.0,0.0,0.0,0.0,0.0,0.0,0.0,0.0,0.0,0.0,0.0,0.0,0.0,0.0,0.0,0.0,0.0,0.0,0.0,0.0,0.0,0.0,0.00039478055636704863,0.0,0.0,0.0,0.0,0.0,0.0,0.0,0.0,0.0003649812906913128,0.0,0.001357916621538693,0.0,0.00032569169686469623,0.0,0.0014653974169842193,0.0,0.0,0.0,0.00031355806242734495,0.0,0.0006959733657041208,0.0012402929052033485,0.0,0.0028188378210541013,0.00719223387149323,0.10570802958909388,0.07537762922779005,0.003337363457829604,0.1138536172543708,0.0029670315479820774,0.0,0.00036100653113328203,0.05767533156678712,0.015754450554089815,0.0009590750456951933,0.0,0.1633426917519967,0.0,0.0013659003993170766,0.40712539383318275,0.009220946309314635,0.0,0.0006769912445975811,0.0010210100463516514,0.0,0.0,0.0,0.0,0.0,0.0,0.0,0.0,0.0,0.000241486437680389,0.0,0.0,0.0,0.0,0.0,0.0,0.0,0.0,0.0,0.0,0.0,0.0,0.0,0.0,0.0,0.0,0.0,0.0,0.0,0.0,0.0,0.0,0.00038262538016790615,0.0,0.0,0.0,0.000490659442007915,0.0,0.0,0.0,0.0,0.0,0.0,0.0,0.0005651414859145473,0.0,0.0,0.0,0.0,0.0,0.0,0.0,0.0,0.0,0.0,0.0,0.0,0.0,0.0,0.0,0.0,0.0,0.0,0.0,0.0,0.0,0.0,0.0,0.0,0.0,0.0,0.0,0.0,0.0,0.0,0.0003322901025204074,0.0,0.0,0.0,0.0,0.0,0.0,0.0,0.00035776506170693146,0.0,0.0,0.0,0.0003902496907324571,0.0,0.0,0.0,0.00027495711711707205,0.0,0.0,0.0,0.0,0.0003681799193779641,0.0,0.0,0.0,0.0,0.0,0.0,0.0005037343882002335,0.0003398477209641358,0.0007353405483432469,0.0,0.0,0.0,0.0013647484183451962,0.0,0.0,0.0003589294381968721,0.0,0.0,0.0,0.0,0.0013017208975048473,0.0,0.0,0.0,0.0,0.0,0.0,0.0002482060372012766,0.0,0.0,0.0,0.0,0.00035888677365511425,0.0,0.0,0.0,0.0,0.0,0.0,0.0,0.0,0.0,0.0,0.0,0.0,0.0,0.0003660363782270544,0.0,0.0,0.0,0.0,0.0,0.00038835364010934945
122,0.0,0.00043234401268335543,0.0,0.0,0.0004207688013622637,0.0,0.0,0.0,0.0,0.0,0.0,0.0,0.0,0.0,0.0004252087180983088,0.0004443546375150967,0.0,0.0004320446282150963,0.0,0.00045069709264283027,0.00043270050491144734,0.0,0.006891823655962307,0.0,0.0,0.001133723363286415,0.001616286198080738,0.00039574911204038335,0.0012714256066414526,0.0,0.0004103685306920631,0.0,0.0,0.0,0.0,0.0,0.0,0.0,0.0022409984868025142,0.0,0.0,0.0,0.0,0.0,0.0,0.0,0.0,0.0,0.00044875457458337425,0.0004398692836629774,0.0,0.0,0.0,0.0,0.0002803257680926642,0.0,0.0,0.0,0.0,0.0,0.0,0.00043667801626641445,0.0,0.00039102220974127137,0.0,0.0,0.00042337711075011574,0.00039102220974127137,0.0004246121603662247,0.0,0.0,0.0,0.0,0.0,0.0,0.0,0.0,0.0,0.0,0.0,0.0,0.0004113812455370518,0.0,0.0,0.0,0.0,0.0,0.00030671911855731105,0.0,0.0,0.0,0.0,0.0008735057080955734,0.0,0.0,0.0,0.0015720238586197433,0.0,0.00042484125793520636,0.0,0.0,0.0,0.00043792903166961603,0.0004853010542819607,0.0,0.0,0.0,0.0011987534268757994,0.0,0.0011021678114748385,0.3272368418688371,0.1595231057401499,0.07227172351860864,0.0028627617951525503,0.017143383259807875,0.0,0.00042531771973685343,0.00032259548501661553,0.12018373456815137,0.00043254893135338725,0.0017096432576323844,0.1422847607978435,0.0,0.0,0.0005143462615555458,0.10447711242204606,0.011876765160170126,0.0008763755779377317,0.001253038609401198,0.0004293179726533293,0.0,0.0,0.0,0.0,0.00042367521246447157,0.0,0.0,0.0,0.0,0.00042484125793520636,0.0,0.00043231659920106493,0.0,0.0,0.0,0.0004281155105217087,0.0,0.0,0.0,0.0,0.0,0.0,0.0,0.0,0.0,0.0,0.0,0.0,0.0,0.0,0.0,0.0,0.0004956426910358852,0.0,0.0,0.0008507375651276535,0.0,0.0004113812455370518,0.0,0.0,0.0,0.0,0.0,0.0,0.0004367528540477867,0.0,0.0,0.0,0.0,0.0,0.0,0.0,0.0,0.0,0.0,0.0,0.0,0.0,0.0,0.0004216959896765919,0.0,0.0,0.0,0.0,0.0,0.0,0.0,0.0,0.0,0.0,0.0,0.00043330595797215965,0.0,0.0,0.0,0.0,0.0,0.0,0.0,0.0,0.0,0.0,0.0,0.0,0.0,0.0,0.0,0.0004139063601479204,0.0,0.0,0.0,0.0,0.0,0.0,0.0,0.0,0.00047646903463550863,0.0002959130014154421,0.0,0.0,0.0,0.0,0.0,0.0,0.0004169794788163142,0.0,0.0,0.0,0.0,0.0002835384703936423,0.0,0.0,0.0,0.0,0.0,0.0,0.0,0.0,0.0,0.0,0.0,0.0,0.0,0.0,0.0004246121603662247,0.0,0.0,0.0,0.0,0.00043335794204890236,0.0004367231889396627,0.0,0.0,0.0,0.0,0.00029341467045626747,0.00044892335814088213,0.0,0.0,0.0,0.0,0.0,0.0,0.0,0.0,0.0,0.0004475473098798615,0.0,0.0,0.0
123,0.0,0.0,0.0,0.0,0.0,0.0,0.0,0.0,0.0,0.0,0.0,0.0,0.0,0.0,0.0,0.0,0.0,0.0012487885416626696,0.0,0.004515193822802058,0.0006105151780630418,0.0006616766081331593,0.00700801165721034,0.0,0.0,0.0012279931787468649,0.0,0.0011848878516044024,0.0012232735000844027,0.0005937532448172575,0.0,0.0,0.0,0.0,0.0,0.0,0.0004665762878334185,0.0,0.0,0.0,0.0006144623279763683,0.0,0.0,0.0,0.0,0.0,0.0,0.0,0.0,0.0,0.0007656027703566209,0.0,0.0,0.0,0.0,0.0,0.0,0.0,0.0,0.0,0.0,0.00020465611154428377,0.0,0.0,0.0006275515036826421,0.0,0.0,0.0,0.0,0.0,0.0,0.0,0.0,0.0,0.0,0.0006505586317277018,0.0,0.0,0.0,0.0,0.0,0.0,0.0006017010393421109,0.0006255317605140066,0.0,0.0006197722633589726,0.0,0.0,0.0006198018768581899,0.0006268339478903377,0.0,0.0005885228843047151,0.0,0.0,0.0,0.0011711754639464876,0.0,0.002475243443508126,0.0,0.0,0.0,0.0,0.0,0.006216093473791313,0.03946855380369994,0.6206933503286485,0.0011105142740592026,0.0006138343550212696,0.002960256942604067,0.0006865194831801011,0.0,0.0,0.010703120618028552,0.0019060932934962436,0.00748894442302866,0.1502591637631862,0.0,0.0019398167403322979,0.0,0.0,0.000599681519174406,0.0,0.0,0.0,0.0,0.0018995972201049877,0.03124410743379269,0.0006139267498142714,0.06765727022276519,0.003638976077437804,0.0,0.001729014117120162,0.0,0.0,0.0,0.0,0.0,0.0,0.0,0.0,0.0,0.0,0.0,0.0,0.0,0.0,0.0,0.0,0.0,0.0,0.0,0.0,0.0,0.0006292031931807668,0.0,0.0,0.0,0.0,0.0,0.0,0.0,0.0,0.0006292749185596282,0.0,0.0,0.0,0.0,0.0,0.0,0.0,0.0,0.0011566515575239743,0.0,0.0,0.0,0.0,0.0,0.0,0.0,0.0,0.0,0.0,0.0006189623253716558,0.0,0.0,0.0,0.0,0.0006212238671814341,0.0,0.0,0.0,0.0,0.0,0.0,0.0,0.0,0.0,0.004370795495841335,0.0,0.0,0.0,0.0,0.0,0.0,0.0,0.0,0.0,0.0,0.0,0.0,0.0,0.0,0.0,0.0,0.0,0.0,0.0,0.0,0.0,0.0008467347395907929,0.0,0.0,0.0,0.0,0.0,0.0,0.0006079887252452132,0.0,0.00012278552847065912,0.0,0.0,0.0,0.0,0.0,0.0,0.0007625386273086573,0.0,0.0005472718455487223,0.0,0.0006461203170334477,0.0,0.0018910186136873873,0.0,0.0,0.0,0.0,0.0,0.0011766390148472,0.0,0.0,0.0,0.0,0.0,0.0005371859060874875,0.0,0.0,0.0,0.0011704900142865467,0.0,0.0011715360401990452,0.0,0.0,0.0,0.0,0.0,0.0,0.0006084120167651381,0.0,0.0,0.0,0.000786189861394191,0.0,0.0,0.0,0.0,0.0,0.0007380586566226386,0.0,0.0,0.0
124,0.0,0.0002525634559177472,0.0,0.0002573691576130844,0.0,0.0,0.0,0.0,0.0002557684665755173,0.0,0.0,0.0,0.0,0.0,0.0,0.0,0.0,0.000257310754866452,0.0,0.000260309670939875,0.0,0.0,0.003513982183669931,0.0,0.0,0.0007000564044232346,0.0,0.0002688424536155199,0.0009737805393367404,0.0,0.0,0.0,0.0,0.0,0.0,0.0,0.0,0.0,0.0,0.0,0.0002644375519779037,0.0,0.0,0.0,0.0,0.0,0.0,0.0,0.0009711161867425619,0.0002547505299341334,0.0,0.0,0.0,0.0,0.001306913485166691,0.0,0.0,0.0,0.0,0.0002687453281375881,0.0,0.0,0.0,0.0,0.0,0.0,0.0,0.0,0.0,0.0,0.0,0.0,0.0,0.0,0.0,0.0,0.0,0.0,0.0,0.0,0.0002698962636516845,0.0,0.0,0.00027486914562155134,0.0,0.0,0.0,0.0,0.0,0.0,0.0,0.0,0.0,0.0,0.0,0.0,0.0002664832238220585,0.0,0.0,0.0,0.0,0.0,0.0,0.00016464138540937004,0.0,0.0,0.0,0.28621128810383095,0.0,0.0005152841015688176,0.0,0.007110200869155654,0.0017342400926656483,0.03780313948015441,0.0013095427747692467,0.0,0.0007634036504877646,0.0,0.00026297967130423794,0.003167758500705726,0.004438018493033829,0.0026649157976967866,0.0010625100449596938,0.0,0.0,0.635282974905863,0.0002583809045004877,0.0,0.0004969554260240186,0.0,0.0,0.0,0.0002664832238220585,0.0,0.0,0.00026352719129614375,0.0,0.0,0.0,0.0,0.00016460843826158531,0.0,0.0,0.0,0.0,0.0004948672540765419,0.0,0.00026297967130423794,0.0,0.0002559037759847917,0.0,0.0,0.0,0.0,0.0,0.0,0.0,0.0,0.0,0.0,0.0,0.0,0.0,0.0,0.0,0.0001740442784957162,0.0,0.0,0.0,0.0,0.0,0.0,0.0,0.0,0.0,0.0,0.0,0.0,0.0,0.0,0.0,0.0002771476599435093,0.0,0.0,0.0,0.0,0.0,0.0,0.0,0.0,0.0,0.0,0.0,0.0,0.00025830340932981634,0.0,0.0,0.0,0.0,0.0,0.0,0.0,0.0,0.0,0.0,0.0,0.0,0.0,0.0,0.0,0.0,0.0,0.0,0.0,0.0,0.0,0.0,0.0,0.0,0.0,0.0,0.0,0.0,0.0,0.0,0.0,0.0,0.0,0.0,0.0,0.0,0.00016779161515469238,0.0008012606302441206,0.0,0.0,0.0004784743532069646,0.0,0.0,0.0,0.000996354377670282,0.0,0.0,0.0,0.0,0.0002575854765638045,0.0,0.0,0.00023495080285183505,0.0,0.0005264928137534222,0.0,0.0,0.0,0.0,0.0,0.0,0.0,0.0,0.0,0.0,0.0,0.0,0.0,0.0,0.0,0.0,0.0,0.0,0.0,0.0002557960238986323,0.0,0.0,0.0,0.0,0.0,0.0,0.0,0.0,0.0,0.0
125,0.0,0.0,0.0002128173689029658,0.0,0.0,0.0,0.00017106108432317113,0.0,0.0004999573951348741,0.0001728780704171233,4.132524353635115e-05,0.00018406090432759593,0.0,0.0,0.0007135309711712368,0.0,0.00029302139142438577,0.0014552397521440607,0.0,0.001907489431033112,0.00016326159506063677,0.0005764169720701956,0.02119075834200534,0.0,0.00043414801903811747,0.0050834050550111485,0.0013073139474301528,0.0007515294945635029,0.0032721961563313474,0.00015632228261629495,0.0001697070106633192,0.00015641100436476353,0.0,0.0,0.0,0.0,0.0,0.00017108003479717742,0.0013301308473119761,0.0,0.0,0.00016516294378892725,0.0,0.0,0.0,0.0,0.0,0.00043384137120348204,0.003073700094052896,0.002351229155893557,0.0005083154900071169,0.0,0.0,0.00016929587897950666,0.002525749785570208,0.0,4.522355675107956e-05,0.0020018890304235194,0.003000588476819991,0.0,0.0002565707006062608,0.0005179483206790158,0.0,0.0,0.0,0.0002733774159413699,0.0,0.0,0.0,0.00026061565250323705,0.0,0.0,0.0,0.00015564451180951917,0.0,0.0,0.0005839386128422598,0.0,0.00018263517140351253,0.0,0.0,0.0,0.00044358109355686415,0.0,0.0,0.0,0.0,0.0,0.0,0.0,0.00017151290801583163,0.0005531774841098896,0.0,0.0001552300964303979,0.00023446182389517408,0.00017573938454266657,0.0007580114938949072,0.0,0.0004010129767833501,0.0,0.0,0.00013800385567038908,0.0001776563070361005,0.0008693102750732005,0.0006962202071854508,0.00012104019614020886,0.0004922738438463449,0.08999932455957511,0.00037308639522165267,0.001178021213342598,0.001340335383393041,0.39924485596746107,0.009391035025214047,0.04329058940263365,0.014041034174335885,0.001891996241642817,0.00143870600199061,0.0,0.0023384597413607018,0.005880077065592949,0.006633110417065554,0.1357726172801117,0.01607608522869026,0.00014808561592336591,0.180591276261658,0.0,0.0009089229229167423,0.0008811251358211798,0.0009145762103384028,0.0,0.0,0.0003830698204239692,0.0003261069745256087,0.0,0.0,0.00018146167724575693,0.0,0.00016207552061819807,0.0,8.704443811637432e-05,0.00012644856789281449,0.00039183780449068514,0.0,0.0,0.0,0.0002872774971639799,0.0,0.0,0.00010041348776103419,0.0,0.00011662769919762845,0.0,0.00014096870540337175,0.0,0.0,0.0,0.0,0.0,0.0,0.000441317847005622,0.0,0.0001753461680826599,0.0,0.0,0.0,0.0009392493471899129,0.0,0.0,0.0003608376164400922,0.0,0.00016732374684670287,0.00014147539670645434,0.0,0.00016207552061819807,0.0012253070541386384,0.0,0.0,0.0,0.00016911304706857626,0.0,0.0,0.0,0.0,0.0,0.0,0.0,0.0,0.0,0.0,0.000288827263292923,0.00013691662816450455,0.0001015775273877042,0.0,0.00029543564501124475,9.355858333015103e-05,0.00016814553580281571,0.0,0.0,0.0,0.0,0.0,0.0,0.0001786142908443431,0.0,0.00014149255001544165,0.0,0.00015278756713142883,0.0,0.00023518668489234357,0.0,0.0,0.0,0.0,0.0003186475981925676,0.0,0.0,0.0,0.0005609612094471843,0.0,0.0,0.0,0.0006778190845186539,7.89701463198906e-05,0.0,0.0,0.00014389092173724142,0.0009732451920409013,0.0006941137213932751,0.00014510920510695804,0.0,0.0,0.0001541139547613525,0.00019363388967337815,0.00016993564728935134,0.0008685986158841654,0.00028545847361730454,0.0,0.0001689331283486088,0.0,0.0013237905994111093,0.00016598231796474702,0.000552785456635466,0.0,0.0,0.0004938558396758301,0.0,0.0,0.002909512993729531,0.0,0.00017298763766842722,0.00016798954155468609,0.0,0.0,0.00017089855186240436,0.00046017440270711753,0.0,0.0,0.00047471176031741764,0.00034628964512886526,0.00029141697821357103,0.00016573763983249222,0.00014394971466116622,0.0004656858015496344,0.0003237053901606437,0.0,0.00037975512378568186,3.845672268695824e-05,0.0001604476988475651,0.00015576313708851763,0.0,0.0003248725269462477,0.0,0.0006062065368638319,4.256326184300183e-05,4.434362904564711e-05,0.0,0.0006023601597069995,0.0,0.00029872238487108294,0.000765342812677038
126,0.00020430888008431892,0.0,0.0,0.0,0.00019273919272232883,0.0,0.0,0.0,0.00028932670408614997,0.0,0.00029381972825400995,0.0,0.0,0.0,0.0002390841066074705,0.0002910284068436588,0.0,0.0007634243543033389,0.0,0.00047768086699783005,0.0,0.00030786047459789676,0.0071037667962389455,0.0,0.00030489539392904706,0.0009808712996196374,0.0017052431214140676,0.0,0.0020459605236248218,0.0,0.0,0.0003047599598111863,0.0,0.0,0.0,0.0,0.0,0.00021118220987866878,0.0002614251510440233,0.0,0.0,0.00030298034484978583,7.285322272703976e-05,0.0,0.0,0.0,0.0,0.0003821083252950004,0.000588620918832786,0.0,0.00037654048772009014,0.0,0.0003301348877788957,0.0002878417417335508,0.001587539836571191,0.0013167791294552058,0.0,0.0,0.0,0.0,0.0,0.00028579773476552074,0.00029118846442614414,0.0,0.00019554053423413654,0.00026366060164106816,0.0005872421289557892,0.0,0.0,0.0,0.0,0.0,0.0,0.0,0.0,0.0,0.0004926190484133978,0.0,0.0,0.0,0.000865318396135022,0.0,0.0,0.00030578767384035793,0.0,0.0,0.0,0.0,0.0,0.0,0.0,0.0,0.0005053286611783566,0.0002911506793167509,0.0003119759202191895,0.0,0.0004883587738475049,0.0004980011582639776,0.0002916892206285795,0.0,0.0,0.0,0.0,0.0009577517151577289,0.00039339393118103204,0.001340934429773079,0.0006497196538692283,0.0005736912705500708,0.0,0.002610037805114681,0.00717384389273574,0.002545454225095819,0.7978194823090337,0.003778496193659276,0.04416608004764049,0.0017740501889435825,0.0,0.0007231638504211005,0.04101305307970864,0.001214576531602035,0.0,0.004658977320562918,0.00454339678465663,0.008290004040350777,0.0,0.004518355972577389,0.0,0.0014350763470725426,0.023231442888662024,0.0014148553609255575,0.0,0.0,0.0,0.0,0.0,0.0,0.0002378430357571431,0.0,0.00020158770967285654,0.00100278014224433,7.447441630726652e-05,0.00019829309040116935,0.0,0.0,0.0,0.000772744272954585,0.0,0.0002887915834569701,0.0,0.0,0.00027092788354494913,0.0,0.0,0.0,0.0,0.0,0.0,0.0,0.0,0.0,0.0,0.0,0.0,0.0002911807019730102,0.0,0.00028365338389323575,0.0,0.0,0.0,0.0,0.0,0.0,0.0,0.0,0.0013218728450646135,0.0,0.0,0.0,0.0002004920323768213,0.00028256564802480995,0.0,7.135934631974399e-05,0.0,0.0,0.0,0.0,0.0,0.0,0.0,0.0,0.0,0.0,0.0,0.0,0.0,0.0,0.0,0.0,0.0,0.0,0.0002931539680538314,0.0,0.0,0.0,0.000207562346699031,0.0,0.0,0.0,0.0,0.0,0.0,0.0,0.0,0.0,0.0,0.0,0.00029692105734304254,0.0003611641264817941,0.0,0.0,0.0,0.0,0.0,0.0,0.0,0.0,0.0014621118196326143,0.0,0.0,0.0,0.0,0.0002887816450963089,0.0,0.00028074043193640876,0.00029684602573516944,0.0006373885306573011,0.0,0.0,0.0,0.0,0.0004725004309840455,0.0,0.000248818697508334,0.0005958637963417876,0.000523572169404531,0.0,0.00048041498391050794,0.0023526358185077343,0.0,0.0003013211779708021,0.0,0.0,0.0,0.0,0.0005429083940297061,0.0,0.0,0.0,0.0,0.0,0.00018836200784661192,0.0,0.00027567674414620986,0.0,0.0,0.00028860067998567727,0.0,0.00018738190096106313,0.0,0.0003025446244231008,0.0003025650074531304,0.00029182752393771644,0.0,0.0,0.00047475855422973544,0.0,0.00031668897126004616,0.0,0.0,0.0005080495732913643
127,0.0,0.0,0.0005931382238835821,0.0010834497514371079,0.000624222503113065,0.0004919173972568406,0.0006125394816762302,0.00014859969504728851,0.0005745361933968458,0.001165841993863586,0.0006329516671232183,0.0,0.0,0.0,0.001123535483816138,0.0005611786557181163,0.0005058022318053863,0.007733925454058072,0.005054093044479359,0.014841111806302308,0.0022904211090326956,0.005711346337616203,0.0649480211931606,0.00881321328314916,0.0,0.009538601111580999,0.007489337519082437,0.0060528977536968495,0.003591069974405964,0.0,0.0010160784168545445,0.0009091373441597829,0.0,0.0,0.0,0.0004699294095088311,0.0,0.0022340867614853714,0.005861854685084812,0.0005516045426510788,0.0,0.0011421057198143692,0.0,0.0,0.00038462883008637554,0.12015527678731328,0.0010616821349987138,0.0,0.001705864385557172,0.001486591359595,0.0017099979050288546,0.0010631546635234898,0.01614195747122958,0.0005913370011486725,0.010950400078978425,0.0,0.001147105082228566,0.0,0.003459240826634668,0.0,0.055481198892281994,0.0009582078927453166,0.0,0.0,0.0,0.0018775056791198552,0.00015351785068809263,0.0,0.0005675407751353536,0.000604429700127287,0.0,0.0,0.0,0.00041150074707138146,0.0011006132551038827,0.0,0.00029159122740264793,0.0002912435084564699,0.0006130096636531306,0.0,0.0,0.0,0.003735593033419529,0.001191153654691425,0.0006329516671232183,0.0017149752370372343,0.0,0.0,0.0,0.001068601165693234,0.001022315169534683,0.0008836691649157907,0.0,0.0005988010611033253,0.0048403175724842885,0.0,0.004159459841061365,0.0,0.0013933901625774795,0.0,0.0011097233281820876,0.0022761000808330374,0.0,0.0005793946836542195,0.05334161947901815,0.007747401739239709,0.04431088443794478,0.0,0.009088204256461152,0.001105566754881248,0.0,0.0,0.0032594314015222258,0.0033549862830744063,0.010633818730931464,0.04550483291857532,0.0,0.2847854910420527,0.0004735323261880195,0.0004838651885328552,0.0,0.0021431099109064855,0.0010503058169470032,0.002754008594849293,0.0,0.004793127597975166,0.0011496600929241521,0.0,0.0025047807213779733,0.061547713542598234,0.0,0.000543780630486055,0.0,0.0,0.0,0.0,0.0004728172115141069,0.000526445247812985,0.0,0.0006601147771019453,0.0,0.0005520959953943542,0.001554159725163666,0.0,0.0,0.003991165541154638,0.0001466766332714278,0.0,0.0,0.000597320542057922,0.0,0.0,0.0,0.0,0.0,0.0,0.0,0.0,0.0,0.001279358787875327,0.0006143543914382021,0.0,0.0,0.0,0.0,0.0016881909809451027,0.0,0.0,0.0,0.0006170403474717584,0.004360979594303669,0.0,0.0,0.0,0.001439083721069547,0.0018799940149878517,0.0,0.0,0.0,0.0,0.0,0.0014107789936997738,0.0,0.0,0.0,0.0,0.0,0.0,0.0,0.0006140580482451243,0.0,0.0,0.0005082051726059531,0.0,0.0,0.0006207575242584424,0.0,0.0,0.0,0.0,0.0,0.0,0.0,0.0,0.0,0.0,0.0,0.0,0.0,0.0,0.0,0.0,0.0,0.0,0.0,0.0,0.0,0.0025144467968080926,0.0,0.00040053997255377546,0.0,0.0,0.0005961036472011511,0.0018080581360188355,0.0,0.0018526028186747043,0.00043854543121212654,0.0012348874388196254,0.0,0.0,0.0,0.0,0.0,0.0005869615007556817,0.0010450555477485273,0.0005990281585533693,0.0,0.0,0.0,0.00236632482126315,0.0,0.0004907922423248869,0.0,0.0,0.001076397375728273,0.0,0.0,0.007053250294334056,0.0,0.0004620917346563266,0.0013431904080504508,0.0,0.0002936340345306377,0.0,0.0,0.0,0.0,0.0006114422170669379,0.0022726237875277215,0.00015641420759562261,0.0,0.0,0.000953892689806084,0.0,0.0,0.0,0.0,0.0006443225575540521,0.0006345177549713112,0.0006143543914382021,0.0,0.0,0.0006645548259705419,0.0,0.0,0.0,0.001395658207297651,0.0,0.0,0.0
128,0.0,0.0,0.0,0.0,0.0,0.0,0.0,0.0,0.0,0.0,0.0,0.0,0.0,0.0,0.0049452549277451425,0.0015780619305219186,0.0,0.0009139435634788387,0.0007385224033463472,0.0,0.0007981289203486,0.0,0.005706529321377752,0.0,0.0,0.0029072316522845663,0.0,0.0,0.0015856877273718152,0.0008574535364964146,0.0,0.000788073897958493,0.000845014605427996,0.0,0.0,0.0,0.0,0.0,0.002246269369475934,0.0006599073534174817,0.0011238305751276934,0.0,0.0,0.0,0.0,0.0,0.0,0.0,0.0015708664173742226,0.0,0.0,0.0,0.0,0.0,0.0008144031911386851,0.0,0.0,0.0,0.0,0.0,0.0005613300514089053,0.0007333241561634164,0.0,0.0,0.0032849903614124614,0.0,0.0007890196616948154,0.0,0.0,0.0,0.0,0.0,0.0,0.0,0.001490098087586093,0.0,0.0016616495338396052,0.0,0.0,0.0,0.0,0.0,0.0008649993328209827,0.0,0.0007196023169443758,0.0,0.0,0.0,0.0,0.0007539521211750462,0.0,0.0,0.0,0.0007203821102900127,0.00021370084346133346,0.0,0.0005094139555045204,0.0,0.0,0.0,0.0007959709063390312,0.0,0.0,0.19011064373316774,0.06594820149275989,0.001475932787111245,0.003547443466720511,0.0014070252617983093,0.0007168535891404419,0.001519636950637627,0.0012730620059146157,0.0008079397751297825,0.28718799158977193,0.0008252084644476223,0.11954877116113549,0.007028273295273331,0.0,0.0008750228542771428,0.002404369399930709,0.000698845986072551,0.0,0.0027969433661913273,0.0006417359915117837,0.09877807068376132,0.0005212303393288819,0.008122412248735956,0.13035147419597734,0.0007558904804809642,0.0,0.011801170587235791,0.0,0.0,0.0,0.0,0.0,0.0005613300514089053,0.0,0.0,0.0,0.0,0.0,0.000743094566245011,0.0,0.0,0.0,0.0008107301068519286,0.0,0.0,0.0,0.0,0.0,0.0,0.0,0.0,0.0,0.0,0.0,0.0,0.0,0.0,0.0,0.0,0.0,0.0,0.0007889703793093252,0.0,0.0,0.000551811891651688,0.0,0.000863768892802746,0.0007960398698346862,0.0,0.0,0.0,0.0,0.0,0.0,0.0,0.0,0.0,0.0,0.0,0.0,0.0,0.0,0.0,0.0,0.0,0.0,0.0007962469351537165,0.0,0.0,0.0,0.0,0.0,0.0,0.0,0.0,0.0,0.0,0.0,0.0,0.0,0.0,0.0,0.0,0.0,0.0,0.0,0.0006029871853985761,0.0,0.0,0.0,0.0007961433957623668,0.0,0.0,0.0,0.0,0.0,0.000761641180674772,0.0,0.00048774290859437286,0.0,0.0,0.0,0.0,0.0,0.0007725890245973259,0.0,0.0,0.0,0.0007586179416749338,0.0,0.0008699447552019756,0.0008413121157812841,0.0,0.0,0.0007687035134754278,0.0,0.0005750432736830306,0.0,0.0008345627605408659,0.0,0.0,0.000773658509922421,0.0,0.0,0.0012942781084241304,0.0,0.0,0.0,0.0,0.0005600029410837912,0.0,0.0,0.0,0.0,0.0,0.0,0.0,0.0,0.0,0.0,0.0,0.0,0.0014829161301971943,0.0,0.0,0.0,0.0,0.0,0.0,0.0,0.0,0.0,0.0,0.0,0.0,0.0,0.001586101023685033
129,0.0,0.0007015226228806478,0.0,0.0,0.0,0.001365393363540754,0.0,0.0,0.0,0.0,0.0,0.0,0.0005258054941555319,0.0,0.0013794869187585945,0.0004049122166027521,0.0,0.0011534546036569698,0.000647559344197521,0.0,0.0,0.0006837865669160852,0.01658462167758685,0.0013161662681938921,0.0,0.0010765133233495564,0.001285327244743004,0.0011557477202989224,0.0017582731975630378,0.0,0.001209575089758593,0.0,0.0,0.0,0.0,0.0,0.0,0.0006415125571374262,0.0027347913885511486,0.0,0.0,0.0012728954353787593,0.0,0.0007145137825636229,0.0,0.0005035150476908527,0.0,0.0006560534500479721,0.0006796415307589689,0.0013224224287115595,0.0,0.0,0.0006132737350276032,0.0,0.006344512491402538,0.0,0.0,0.0,0.0,0.0,0.0013976080212340775,0.0,0.0,0.0,0.000661586298324124,0.0,0.0,0.0,0.0,0.0005258054941555319,0.0,0.0,0.0,0.0,0.0,0.0,0.0,0.0,0.0,0.0,0.0,0.0,0.0006691980840491596,0.0,0.0,0.0007310998180659108,0.0,0.0,0.0006758320202104929,0.0006498992153599325,0.0,0.0006468668902915963,0.000666890631018634,0.0006723810542066496,0.0,0.0,0.0014228186730602702,0.0,0.0012649956629184498,0.0,0.0012956919302443146,0.001982428500617204,0.0,0.2675719200538203,0.26752912287610536,0.002088586941989201,0.12860728546708206,0.0,0.012554797002583216,0.0033508018016892888,0.0,0.002174531224041886,0.007952333794217411,0.0025564750512202497,0.019129498951928055,0.05946217901114269,0.0010945648892269377,0.01189553642344467,0.0004101820172849291,0.0,0.0,0.0005958885093031382,0.0011572252460001849,0.001261467888644797,0.0001663663243640827,0.008322803270870347,0.0021187090948598104,0.11582053014870329,0.004505841026938299,0.0,0.0013835042321576972,0.0,0.0007409643876644899,0.0,0.0006580831340969461,0.0,0.0,0.0,0.0,0.0,0.0017176245614212895,0.0,0.0,0.0,0.0,0.0006153112120703701,0.0,0.0,0.0,0.0,0.0,0.0,0.0,0.0,0.0,0.0,0.0,0.0,0.0,0.0,0.0,0.0,0.0,0.0,0.0,0.0012383496267034627,0.00041197790190815743,0.0,0.0,0.0,0.0,0.0,0.0,0.0,0.001271783066039578,0.0,0.0,0.0,0.0,0.0,0.0,0.0,0.0,0.0,0.0,0.0,0.0,0.0,0.0,0.0,0.0,0.0006509085568926425,0.0,0.0,0.0,0.0,0.0,0.0,0.0,0.0,0.0006570316876083794,0.0,0.0,0.0,0.0,0.0,0.0,0.0,0.0,0.0,0.0,0.0,0.0,0.0,0.0,0.0,0.0007145137825636229,0.0,0.0,0.0,0.0,0.0,0.0,0.0,0.0,0.0,0.0011508204134849254,0.0,0.0,0.0,0.0,0.0,0.0,0.0,0.0006634496320699303,0.0,0.0,0.0,0.0,0.0006566156312581122,0.0,0.0,0.0,0.0,0.0,0.0005406233244057242,0.0,0.0027502065522619443,0.0,0.0,0.0,0.0,0.0,0.0,0.0011432418552655447,0.0,0.0,0.000615795091471791,0.0,0.0,0.0,0.0,0.000629258191232686,0.0,0.0,0.00017373130712630488,0.0,0.0,0.0,0.0,0.0,0.0,0.0,0.0,0.000659072405069473,0.0,0.0006361066385370702,0.0,0.0,0.0
130,0.0,0.0,0.0002873108236892574,0.0,0.0,0.0,0.00028467665662035947,0.0,0.0,0.00028963290128867125,0.0,0.0008786733233856796,0.0,0.0,0.0,0.0,0.0,0.0005857222575919648,0.0,0.0005707201848251256,0.0,0.0,0.0044297206220562406,0.0,0.0,0.0016985167760201188,0.00046245243292949333,0.0007488465417971518,0.0006301455941977957,0.0005958426855959765,0.0,0.0003151346787003684,0.0,0.0,0.0,0.0,0.0,0.000297249518216936,0.0007447177781420589,0.00029210983578125186,0.0,0.0010641250827831095,0.0,0.0,0.0,0.0,0.0,0.0,0.0003151346787003684,0.0,0.0,0.0,0.0,0.0,0.00031294972663831156,0.0002924339779929536,0.0,0.0,0.0,0.0,0.00015245424673750993,0.0,0.0,0.0,0.00029156038420748615,0.0007385805569230515,0.0,0.0,0.0,0.0004113244576883234,0.00015629193829427195,0.0,0.0,0.0,0.0,0.0,0.0,0.0,0.0,0.0,0.0,0.0,0.0,0.00027847798161583946,0.0,0.0,0.0,0.0,0.0,0.0,0.00028880431591731193,0.0004190584740107031,0.0,0.0,0.0,0.00015929203895051556,0.0002985003142901541,0.0,0.0001577744434055074,0.0,0.0,0.00029434275374040956,0.0,0.0,0.0,0.0,0.0,0.0,0.0,0.0,0.0,0.0,0.0,0.0,0.0,0.0,0.0,0.0,0.0,0.0,0.0,0.0,0.0,0.0,0.0,0.00024026500391302087,0.0,5.8327823430108115e-05,0.0005375142035496857,0.0,0.0,0.2462358719641611,0.0019643659336652758,0.0020444133246790433,0.020523492844237573,0.20141281159468652,0.00028963290128867125,0.0,0.0011260642400788303,0.0014623240413565593,0.0010443126272474941,0.0015116295157336992,0.0015050639460816371,0.0004580707114402239,0.0002802407082480914,0.4402185522026602,0.00021549130540145117,0.0008525727293748481,0.003152779949883527,0.002522310416479164,0.03632072604504963,0.000430542344179193,0.0011705016474781516,0.0,0.00015365768768779605,0.0,0.0,0.0,0.0,0.0,0.00016656213829802254,0.0,0.0,0.0005471911261718415,0.0,0.003011721505547082,0.0,0.0,0.0,0.0013108211280290435,0.00029299804672250064,0.00015365768768779605,0.0,0.0,0.0001522616448386967,0.0015061969217853074,0.0,0.00032431445118101965,0.0,0.0,0.0,0.00045539410091385927,0.0,0.0,0.0,0.0,0.0,0.0,0.0,0.0011426914769401878,0.0,0.0,0.0,0.0004751269346096713,0.0,0.0,0.0,0.0,0.0,0.00030617910282016364,0.0,0.0,0.0,0.0,0.0,0.0,0.0,0.0,0.0,0.00028942838313476485,0.0,0.0,0.0,0.0,0.0,0.0,0.0,0.000283433622210417,0.0,0.0,0.0,0.0,0.000297249518216936,0.0,0.0,0.0,0.0,0.00029724919963666476,0.0004405954289031879,0.0,0.0,0.00016656213829802254,0.0,0.0002950888436833394,0.0,0.0001577744434055074,0.0,0.0,0.0,0.0007668508537130416,0.0,0.00045163155492181035,0.0,0.0,0.0,0.0,0.0,0.0011476946554234639,0.0,0.0,0.0002985003142901541,0.0,0.0,0.0,0.0002957732859087877,0.0,0.0,0.0,0.0,0.0,0.0,0.0001485356743040351,0.0,0.0,0.0,0.0,0.0,0.0,0.0,0.0,0.0,0.0,0.0,0.0,0.0,0.0002860743002489333,5.8327823430108115e-05,0.0,0.0,0.0
131,0.0013529295629128065,0.0,0.0,0.00029433860282877377,0.0,0.0,0.0,0.0,0.0,0.0,0.0006524154141443843,0.0007912157650355441,0.0,0.0,0.00020913059185044073,0.0,0.0013159633504898985,0.0017757384956174893,0.0006518610781413185,0.0019492927995591633,0.00017367067281566197,0.00022371747502537986,0.0317694960865708,5.776214116517865e-05,0.0004288985036785939,0.0038624040384906493,0.003993133157857439,0.0011868621579413465,0.004418355190375424,0.0013828280229751162,0.0005932270524233356,0.0017609290223509718,0.0008436998761500273,0.0006550256303369017,0.0023360839835633467,0.0004103357222419501,0.0003828486649409705,0.00024000005347219123,0.004093508996510853,0.0,0.0,0.014314400596247676,0.0005890749653373461,0.0,0.0,0.00047434217830705596,0.0,0.00031876636996394837,0.000228610682009493,0.0001197159649077083,5.829015435711115e-05,0.0,0.00019987562341712404,0.00023289988721897782,0.0009180040859460417,0.0,5.239723472869204e-05,0.0,0.0002335745416916105,0.0,0.00024173342099505107,0.00017496843133660823,0.000293858366308694,0.00039312111109435466,0.0,0.002233674852104676,0.0004223397908156757,0.0,0.0,0.0007178024846937881,5.885129304118814e-05,0.0,6.0237487543212575e-05,0.0,0.0002485141062921134,0.0001897466100485561,0.002042821764401024,0.0006064086111433464,0.00022371747502537986,0.00019532369880345018,0.00019778693603848767,0.00018121375967088653,0.00019539008997326374,0.0005412849989301602,0.0,0.0,0.0,0.0,0.0,0.0,0.0003826954763380007,0.0004480831568685754,0.0,0.0,0.0,0.0,0.00209919433710847,0.00046286741184241,0.00019194560524096377,0.0,0.0,0.00035023936665550085,0.0,0.00022469717128933847,0.00047099257186594516,0.00022743487440359013,0.00018790596054507575,0.0,0.0,5.2425094600670925e-05,0.0,0.0,5.95207267463479e-05,0.0,0.0009052239376698007,0.0006718608403604369,0.0,0.0,0.0,0.0,0.0,0.0,0.00018987730719640785,0.00023324081811653834,0.00017511968332775042,0.0010118600771850325,0.00039604511606404513,0.0006973592033397328,0.0002257604239059763,0.0,0.11234123688405317,0.0,0.0012563244235710403,0.0231800600123103,0.0033219760673781334,0.1440795717362302,0.0022255260320228907,0.002415450996203677,0.07524034411722602,0.003631477407636341,0.01545938361904233,0.031559744609084055,0.006902960754774348,0.0010321798653069863,0.002475295119356117,0.09063693326841689,0.0013581906560029575,0.05683551059741836,0.004063062750421854,0.14289214956057955,0.10966593069652568,0.0,0.0006722186124538337,0.0,0.0,0.00037244422058102864,0.0,0.00011605229552228979,0.001119749575857867,0.0008511625776428976,0.0007076260077663717,0.0006511840898035262,0.0005794631689078202,0.0011716630460032456,0.0005145817485552087,0.012182160562368349,0.0009027863458892606,0.0006880904818760291,0.0032099135255048835,0.0019821386154092024,0.0,0.0004293481199943684,0.00023901905270828816,0.0,0.002815077837682844,0.004456295469635142,5.884883871632633e-05,0.00040498330375628156,0.0,0.0,0.0,0.00038377338626826316,0.0,0.0,0.0,0.00135209619121413,0.0006918780894652149,0.0,0.00023470162425284693,0.0007196563835207266,0.0,0.00012803756161681754,0.0002192620205216634,0.0021795689287512554,0.0010105190799139063,0.0006447813276728403,0.00023650881169368345,0.00024637823299837575,0.0,0.005749868399132996,0.0,0.00046925111245299473,0.0,0.0,0.0,0.0,0.0,0.0,0.0,0.0,0.00022891792820516212,0.0,0.0,0.0,0.0,0.0,0.00015938318498197418,0.0007739244237654927,0.0,0.0001934986622090332,0.0,0.0,0.0,0.0,0.00023301924468211376,0.0,0.0008926688628746154,0.00018331302472922653,0.0,0.0002621052639369061,0.0,0.0,0.0,0.0005970922393435033,0.0016454323652750325,0.0009363855501309165,0.0,0.0005573872837408144,0.0,0.002232619591927423,0.0,0.0001781612172124403,0.0004469111345833446,0.0002434329906897277,0.0,0.0,0.0,0.001049690485167569,0.0,0.0,0.00019262763542652293,0.000385362699129693,0.00031646587365824936,0.0,0.00023815943330499466,0.0,0.00012076764639624059,0.0,0.0,0.00025897974523397447,0.0,0.0,0.000538620127978226,0.0004072226636864472,6.24282537480766e-05,0.0007176824353341054,0.00019188669313413158,0.0,0.0,0.0,5.961784161855584e-05,0.000375116637308088,0.0,0.00020260501790691035,0.00039454945723342637,0.0,0.0008834211103529472,0.00016363567854447321,0.0,0.0002837409343486838
132,0.0,0.0,0.0007594828168441055,0.0,0.0,0.0,0.0,0.0003809796376477423,0.0,0.0,0.0003769613514569991,0.0,0.0,0.0,9.56006331286074e-05,0.0,0.0,0.0003780795036609484,0.00039988056113123656,0.0015428433258191097,0.0004109617860929893,0.0004038001170565664,0.007233797887644392,0.0,0.0,0.002736001374883989,0.001206631381841798,0.0003962350226287014,0.0010987974930891861,0.0007848547749267159,0.0,0.0,0.0,0.0,0.00038616295887911983,0.0,0.0,0.0,0.00039149672376842857,0.0,0.0,0.0005667837882138155,0.0,0.0003937559853371048,0.0,0.0,0.0,0.0,0.0,0.0003998411878339882,0.0,0.0,0.0,0.0,0.0,0.0,0.00036067132423192404,0.0,0.0,0.0,0.0,0.0,0.0005876569424029116,0.0,0.0,0.0,0.0003158307278102412,0.0,0.0,0.00037323484124939606,0.0,0.0,0.0,0.0,0.00025513367660632777,0.0,0.0013680815186838716,0.0,0.0,0.0,0.0,0.0,0.0,0.0,0.0,0.0,0.0,0.0,0.0,0.0,0.0,0.0003655199572317264,0.0,0.0,0.0,0.0,0.0,0.0,0.0,0.0,0.0,0.0,0.0003957778620554142,0.0,0.00034906642722930996,0.0,0.00039464171844251717,0.0,0.0,0.0,0.0,0.0,0.0,0.0,0.0008027417943605691,0.0,0.0,0.0,0.0,0.0,0.0,0.0,0.0,0.0,9.582515965608258e-05,0.0007546168436023112,0.0003831880636626987,0.0007772721408575066,0.0,0.0,0.001921180130160263,0.0044196773232840275,0.0,0.0,0.001564607701682004,0.005617702128377607,0.01101140093271424,0.000415918446474094,0.0,0.35770075199311135,0.0014477708473524802,0.0007832596321141539,0.03480149751901382,0.10000363685763712,0.00039149672376842857,0.36590937963440684,0.0430208023871151,0.0,0.01171770297866361,0.0011119357793941038,0.00038252835537525844,0.0007683284935694715,0.0,0.0,0.0,9.57352211614941e-05,0.0,0.0,0.0,0.00035649244364354565,9.867799413136557e-05,0.0,0.00040481728816383006,0.0003953552162623231,0.0,0.0022683360361998688,0.0,0.0007842143836874904,0.0007692532035051336,0.0,0.0003907282275891763,0.0003692278917139106,0.0,0.0,0.0019562385699837905,0.0010154130708335772,0.0,0.0,0.0008001054597408288,0.0,7.758340736400533e-05,0.0015320602481687599,0.0,0.0,0.0,0.0,0.00041895362820233673,0.0,0.0,0.0017702661220533975,0.0,0.0,0.0,0.0010903608819684027,0.00038616295887911983,0.0007818853171603971,0.0,0.0003769613514569991,0.0,0.0,0.0,0.0,0.0,0.00035183110446093777,0.00030358735752939055,0.0,0.0,0.0,0.0,0.0007652608448299788,0.0,0.0,0.0,0.0,0.0,0.0,0.0003868044762066163,0.00039439937055380593,0.0,0.00035509044178719495,0.0,0.0,0.0,0.0,0.0,0.0,0.00033256748217551786,0.0003168106309077986,0.0,0.0,0.0,0.0,0.0,0.0005004635932534107,0.00030792252336683714,0.00038796979519649177,0.0,0.0,0.0,0.0025611339693344883,0.00033256748217551786,0.0,0.0,0.0,0.001132400669850181,0.0,0.0,0.0014640018526769244,0.0,0.0,0.0,0.0,0.0,0.0,0.0003509609380977798,0.0,0.0,0.0,0.0,0.00037810206012917015,0.0,0.0,0.0003923160464051069,0.0003883675018892942,0.0,0.0,0.0,0.00038796979519649177,0.0,0.0003785114872225874,0.0,0.0,0.0,0.0,0.00031922589034202826,0.0,0.0,0.0,0.0003655199572317264,9.56006331286074e-05
133,0.0016899042636199322,0.0,0.0,0.0,0.0,0.0,0.0,0.0,0.0,0.0,0.0,0.0008453568394021258,0.0,0.0,0.0008349525018165187,0.0,0.0,0.0,0.0,0.0,0.0,0.0,0.0025520117463180576,0.0,0.0,0.0008338098834213076,0.0008150039054165067,0.0,0.0016896338696022787,0.0,0.0,0.0,0.0,0.0,0.0,0.0,0.0,0.0,0.0007933875455493033,0.0,0.0,0.0002036302692478349,0.0,0.0,0.0,0.0,0.0,0.0,0.0,0.0,0.0,0.0,0.0,0.0,0.0,0.0,0.0,0.0,0.0,0.0,0.0,0.0,0.0,0.0,0.0,0.0014358796401319758,0.0,0.0,0.0,0.0,0.0005893784927578417,0.0,0.0,0.0008795421929378803,0.0,0.0,0.0,0.0004984809723994696,0.0,0.0,0.0,0.0,0.0,0.0,0.0,0.0,0.0,0.0,0.0,0.0,0.0,0.0,0.0,0.0,0.0,0.0,0.0,0.0,0.0,0.0,0.001185020203956206,0.0,0.0,0.0,0.0,0.0,0.0005531908965123471,0.0,0.0,0.0,0.0,0.0,0.0,0.0,0.0,0.0,0.0,0.0,0.0,0.0,0.0,0.0,0.0,0.0,0.0,0.0,0.0,0.0,0.0,0.0,0.005062572472813276,0.07714521466215972,0.0025708234418537197,0.0,0.009577583341125835,0.0043893101728288185,0.0,0.0017691615754897051,0.002738751305961025,0.0,0.4980117275590684,0.00896768025786524,0.0008489985123411107,0.0,0.019682232079489652,0.009085031173137505,0.0,0.0963463096488819,0.0008492858745532678,0.001764009158469114,0.18851638993423128,0.0,0.0,0.0,0.0,0.0006363194680970131,0.0,0.0,0.0,0.00021608153091194903,0.0,0.0,0.0,0.0,0.0,0.01886151939476446,0.0006363194680970131,0.0,0.0008869365996148416,0.027723230274270833,0.0,0.0,0.0,0.0,0.0,0.0,0.0,0.0,0.0008749761180914272,0.0,0.0,0.0,0.0,0.0,0.0,0.0007512750766114265,0.0,0.0,0.0,0.0,0.0,0.0,0.0,0.0,0.0,0.0,0.0,0.0,0.0,0.00082970718183003,0.0,0.0,0.0,0.0,0.0,0.0,0.0,0.0,0.0,0.0,0.0,0.0,0.0,0.0,0.0,0.0,0.0,0.0,0.0,0.0,0.0,0.0,0.0,0.0,0.0,0.0,0.0,0.0,0.0,0.0008892496701164756,0.0,0.0,0.0,0.0,0.0,0.0008184191938080146,0.0,0.0,0.0,0.0016505766946662505,0.0,0.0008574060951332845,0.0,0.0,0.0,0.0,0.0,0.00021608153091194903,0.0,0.0,0.0,0.0,0.0,0.0,0.0014276373097158554,0.0,0.0,0.0,0.0,0.0,0.0,0.0,0.0,0.0,0.0,0.0,0.0,0.0,0.0,0.0,0.0,0.0,0.0,0.0,0.0,0.0,0.0,0.0,0.0,0.0
134,0.0,0.0,0.0,0.0,0.0,0.0,0.0,0.0,0.0,0.0,0.0,0.030941750968344253,0.0,0.0,0.0,0.0,0.0,0.0,0.0,0.0,0.0,0.0,0.003560919369406556,0.0,0.0,0.0003807186560283626,0.0003609736650908548,0.0011060789752365468,0.0,0.0,0.0009778118359766393,0.0,0.0,0.0,0.001094486729331318,0.0005130501159072621,0.0,0.0,0.0,0.0,0.0,0.0007301002907179661,0.0,0.0,0.0,0.0,0.0,0.0,0.0,0.0,0.0,0.0,0.0,0.0,0.0,0.0,0.0,0.0,0.0,0.0,0.0,0.0,0.0,0.0,0.0,0.0005511340404174983,0.0,0.0,0.0,0.0,0.0,0.0003761067457007284,0.0,0.0,0.0,0.0,0.0,0.0,0.0,0.0,0.0,0.0,0.0005021577417781328,0.0,0.0,0.0,0.0,0.0,0.0,0.0,0.0,0.0,0.0,0.0,0.0,0.0,0.0,0.0,0.0,0.0,0.0,0.0,0.0,0.0,0.0,0.0,0.0,0.0,0.0,0.0,0.0,0.0,0.0,0.000694687994956816,0.0,0.0,0.0,0.0,0.0,0.0,0.0,0.0,0.0,0.0,0.0,0.0005655823903795616,0.0,0.0,0.0,0.0005379583680593903,0.08149375183498453,0.009340387058855967,0.0010806475618115327,0.003950032369291772,0.0,0.002936031957782306,0.0005606720235095471,0.0,0.0,0.0010345226063173175,0.001641188644701502,0.0,0.0010766757210204415,0.0,0.0005445508404541504,0.5989108455791559,0.0012339706027453706,0.0,0.026640585610530863,0.0005451465271540056,0.05063333458379682,0.0,0.000554370847303826,0.0,0.0,0.00014116883331780614,0.0,0.0005535191616390098,0.0,0.0005609325801890185,0.000704628939903371,0.0019820007203669118,0.0,0.00014116883331780614,0.0,0.11530439553564922,0.0005554932471024093,0.0,0.0016255478009156686,0.04787851589288499,0.0005447129608633713,0.0,0.0,0.0,0.0,0.000551636441684337,0.0,0.0,0.0,0.0,0.0,0.0005521623941417804,0.0,0.0005815805168246287,0.0,0.0,0.0,0.0,0.0,0.0,0.0,0.0,0.0003723767510138938,0.0,0.0,0.0,0.0,0.0,0.0,0.0,0.0,0.0,0.0,0.0,0.0,0.0,0.0,0.0,0.0,0.0,0.0,0.0,0.0,0.0,0.0,0.0,0.0,0.0,0.0,0.0,0.0,0.0,0.0,0.0,0.0,0.0,0.0,0.0,0.0,0.0,0.0,0.0,0.0,0.00037694292325994626,0.0005189970935478165,0.0,0.0,0.0,0.0,0.000901409541364638,0.0,0.0,0.0,0.0,0.0,0.0,0.0,0.0,0.0,0.0,0.0,0.0,0.0,0.0,0.0010825775752657707,0.0,0.0,0.0,0.0,0.0,0.0,0.0,0.0,0.0,0.0,0.0,0.0,0.0,0.0,0.0,0.0,0.0,0.0,0.0,0.0,0.0,0.0,0.0,0.0,0.0
135,0.0009920611764356504,0.0,0.0003155061705133073,0.0,0.0,0.0,0.00017361960188677815,0.0,0.0,0.0,0.0001909248199926767,0.0002881886216977126,0.0,0.0,0.00011902779891522483,0.0,0.00028137185062275646,0.00037085303366190116,0.0,0.00020077024255667412,0.00020070772182944125,0.0,0.006188369399578581,0.0,0.0006257654143709799,0.001160755159173562,5.73765684452475e-05,0.00036351173670853674,0.0013234410082085752,0.00047182502723100715,0.00030110294082420796,0.0,0.0002028585422978283,0.00018586744201289616,0.0,0.0,0.00015531421391512716,0.00027992393248212993,0.0005776427510342388,0.0,0.0,0.0013611499263279207,0.0,0.0,0.0,0.0,0.0,0.0,0.0,0.0,0.0,0.0,0.0,0.0,0.0001494856701425591,0.0,5.628500143777334e-05,0.0,0.0,0.0,0.00015136383514075165,0.0,0.0,5.693549241652667e-05,0.0003726187421844175,0.0007106864757840441,0.00024164312309934484,0.0,0.0,0.00033457060402605245,0.0,0.0,0.00041215086249255726,0.0,0.0,0.000502178398638464,0.0,0.0005843765929374568,0.0,0.0,0.0,0.0,0.00020421101560939183,0.0,0.0,0.0,0.0,0.0,0.0002234157558978131,0.0,0.0,0.0,0.0,0.0002098594367316011,0.0,0.0,0.0003981482066992144,0.0,0.0,0.0,0.0,0.0,0.00027801717924009925,0.0,0.0,0.00020295836082120586,0.0,5.758071970100472e-05,0.0,0.00016129245808060882,0.0,0.0,0.0,0.0,0.000278984063305003,0.0,0.0,0.0,0.0,0.0,0.000278984063305003,0.0,0.0,0.0,0.0,0.00043653695830860544,0.0,0.0,5.663081790168637e-05,0.0,0.12786415225435915,0.19091848547514406,0.0016558929219130493,0.000357647875314489,0.0004564787300826193,0.0,0.00432976519093305,5.73765684452475e-05,0.0015523877071002058,0.015899745207591083,0.001731464685292566,0.0037133918782787513,0.19476515938398006,0.0006545913576546997,0.0,0.27348101282404585,0.0009964779828441745,0.0006056971445971799,0.003054943360001123,0.038439986026036876,0.001773512927103055,0.0001749322901335935,0.0,0.00020212761561541108,0.0,0.0004191366748809334,0.00016911268340693054,0.0,0.0,6.100704588037269e-05,0.0,0.0,0.0007817987752309978,0.0009799208359369243,0.0,0.00262705824601778,0.0004111427704806124,0.00043395052671409194,0.0012418639927262278,0.0005549400852597952,0.0,0.0,0.00021487686544214362,0.0,0.0007527252489802877,0.08455335139234857,0.0,0.00044189381269025825,0.0,0.0,0.0,0.0014994748083650875,0.0,0.0008776334184199547,0.0,0.0,0.0003497883471695513,0.0,0.0,0.0018171111013913933,0.0,0.00018510665302277592,0.000777771067684584,0.0010642342580224646,0.0,0.0005775863883206899,0.0,0.00027018661163284756,0.0,0.004801365824535575,0.0,0.0,6.100704588037269e-05,0.0,0.0,7.05473302896758e-05,0.0,0.00015314873208532867,0.0,0.0,0.0,0.0,0.0,0.0,0.0,0.0,0.0,0.0009101005325763096,0.00029534142806238455,0.00017138052860016936,0.0,0.0,0.0,0.0,0.0,0.0002748734697983072,0.0012168637889051767,0.0,0.0,0.0,0.0,0.0,0.00020077024255667412,0.0,0.00028113924387264134,0.0002827734421128321,0.0,0.0002327447466642608,0.0,0.0011304546399966472,0.0,0.0,0.00020228820904692215,0.0,0.00015318525689303806,0.00014585540759933898,0.0,0.00048087586411091495,0.0,0.0,0.00020337514306143889,0.0,0.0,0.0,0.0,0.0,0.0,0.0,0.0,0.00027650806528049506,0.0,0.0001525224644472346,0.00016807999568767206,0.00015087610889214504,0.0,0.00027018661163284756,0.0,0.0003407417190838076,0.0,0.0,0.0,0.0,0.0,0.00030643611485458655,0.0,0.0,0.0002900346502446296,0.0,0.0,0.0002827734421128321
136,0.0,0.0,0.0,0.0,0.0,0.0,0.0,0.0,0.0,0.0,0.0,0.000379273422951728,0.0,0.0,0.0011661667767580292,0.0,0.0,0.0016563160072535002,0.0,0.0008156013833682454,0.0,0.0011612931879556058,0.003348756166758672,0.0,0.0,0.0007691045053802483,0.0011655907586728047,0.0007452412430149788,0.0024138385164471994,0.00040373574032527164,0.0,0.0,0.0,0.00039073996777318437,0.0,0.0,0.00024280682065593785,0.0,0.0,0.0003820257956069585,0.0,0.0013314524913622772,0.0,0.0,0.0,0.0,0.0,0.00034179317237249834,0.0,0.0,0.0,0.0,0.0,0.0,0.0,0.0,0.0,0.0,0.0,0.0,0.0,0.0,0.0,0.0,0.0,0.0,0.0,0.0,0.0,0.0,0.0,0.0,0.0,0.0,0.0,0.0,0.0003926030642062597,0.0,0.0,0.0,0.0,0.0,0.0,0.00029125652260039015,0.0,0.0,0.0,0.0004198590490599565,0.0,0.0,0.0,0.0,0.0,0.0,0.0,0.0,0.0,0.0,0.000379273422951728,0.0,0.0,0.0,0.0,0.0,0.0,0.0,0.0,0.0,0.0,0.0,0.0,0.0,0.00036920561425867436,0.0,0.0,0.0,0.0,0.0,0.0,0.0,0.0,0.0,0.0,0.0,0.0,0.00038720544466432343,0.00040913353196017876,0.0,0.0,0.0,0.0015525346426941218,0.003150201945682393,0.006180308901630181,0.00038488504268462484,0.0007781336123298917,0.010612948165415477,0.0,0.0003806221205550559,0.00039073996777318437,0.24675028313175978,0.0005445537228517288,0.00039762272901894095,0.18892893722448958,0.030146068794075113,0.0,0.02124041795424599,0.0,0.0,0.0011538530178101965,0.0012487457910262587,0.000367882425753923,0.0,0.0,0.0,0.0,0.00037870833819473915,0.0,0.00037314703946349573,0.0,0.0011444781024420579,0.0,0.0,0.0003694654320154906,0.0009132290849834509,0.0,0.00368798351731233,0.00037330983296637567,0.0004163640218233883,0.0004719707817846554,0.0007717438333419979,0.0,0.0007665594756838738,0.0003927823516668752,0.0,0.0026504046877479444,0.04553615869873118,0.0,0.0,0.001057703892842024,0.0,0.0,0.16774507376823758,0.0004118319662753723,0.0,0.0,0.0007832828549071193,0.0,0.0,0.0,0.21471471423967456,0.0,0.0007998373793733955,0.0,0.006525704674365423,0.003659468548621267,0.0016925966153342172,0.00039407610124082463,0.0018380114622669993,0.0,0.0011631152032827762,0.0003956580279590478,0.0,0.0,0.0,0.0,0.0,0.0,0.0,0.0,0.0,0.0,0.0,0.0,0.0,0.0,0.00038280146729786105,0.0,0.0,0.00041596613919991536,0.0,0.0,0.00026762601010621825,0.0,0.0,0.0,0.0010201392140580627,0.0,0.0,0.0,0.0,0.0,0.000392868006284899,0.0003999095488691987,0.0,0.0,0.0007440846540298677,0.0,0.0,0.0,0.000781700798607271,0.0,0.0,0.0,0.0,0.0007631181131866095,0.0,0.000777472997751503,0.0,0.0,0.0,0.00037943858994945263,0.0,0.0,0.0,0.0,0.0,0.0,0.0,0.0,0.0,0.0,0.0,0.0,0.0,0.0,0.0,0.0,0.0,0.0,0.0,0.0,0.0,0.0,0.0003852262093650978,0.0,0.0,0.0,0.0,0.0,0.00029125652260039015
137,0.07047059129793751,0.0,0.0,0.0005302507360997895,0.0,0.0,0.0005030185658272946,0.0,0.00051813803076528,0.0,0.1601517366612343,0.0,0.0,0.0,0.0,0.0,0.0,0.0005210312000575945,0.0010636749635039842,0.0010532963993148074,0.0,0.0,0.013378096247281831,0.0,0.001022566752521842,0.0005132756078944293,0.002146822052760132,0.001579175927413677,0.004753494822212456,0.004579210296769669,0.0005213194121340141,0.005750942929970566,0.014100459420915515,0.0004928215291940145,0.0005323244984760794,0.0,0.0,0.000524597351522897,0.0031433500257610444,0.0,0.0,0.018160168301202567,0.09418316191200128,0.000513912141361813,0.0,0.0,0.0,0.0,0.0,0.0,0.0,0.0,0.0,0.0,0.0,0.0,0.0,0.0,0.0,0.0005240289066847056,0.0,0.0,0.0005084588160229853,0.0,0.0,0.0015283423753991786,0.0,0.000572893063902863,0.0005039905662305187,0.0005039905662305187,0.0005169539328906217,0.0,0.0006597176251763908,0.0,0.0,0.0005016248672191051,0.0005412945917076808,0.0,0.0006597176251763908,0.0,0.0,0.0,0.0,0.0,0.0,0.0,0.0,0.0,0.0,0.0,0.0,0.000524597351522897,0.0,0.0,0.0,0.0,0.0005169539328906217,0.0,0.0,0.0,0.0,0.0,0.0,0.0,0.0005323244984760794,0.0003819287092685757,0.0005169539328906217,0.0,0.0,0.0,0.0,0.0,0.0005264662918855457,0.0,0.0,0.0,0.0,0.0004963150231398179,0.0,0.0,0.0,0.0,0.0,0.0,0.0,0.0,0.0,0.0,0.0,0.0,0.0,0.0037397249060546417,0.0,0.0,0.0,0.0025819491363533453,0.0,0.0,0.005675874638428373,0.0005294077697626371,0.0026273258853674007,0.5442022753770301,0.0,0.0,0.003146956293014875,0.0035287080390190993,0.0,0.006722468496443176,0.0005203567952133934,0.0015060881766812092,0.00047690296241802437,0.0005384566739660555,0.0010356403960357955,0.0,0.000524597351522897,0.0,0.0005169539328906217,0.000519741089947391,0.0004901164211302009,0.0,0.00048647554103584096,0.0,0.0,0.000490427968193297,0.0,0.0015478995422682827,0.0,0.0,0.0005438895523285592,0.0010670432053244798,0.0,0.0,0.0,0.0,0.00051813803076528,0.0,0.0,0.0,0.0005493058330842886,0.0,0.0,0.0,0.0,0.0,0.0,0.0,0.0,0.0,0.0,0.0,0.0,0.0,0.0,0.0005129996981312,0.0,0.0,0.0,0.0,0.0,0.0,0.0,0.0,0.0,0.0,0.0,0.0,0.0,0.0,0.0,0.0,0.0,0.0,0.0,0.0,0.0,0.0,0.0,0.0,0.0,0.0005266532352393368,0.0,0.0,0.0,0.0,0.0,0.0,0.0010235772563163949,0.0005031184935448133,0.0,0.0,0.0,0.0,0.0,0.0005874671370171703,0.0,0.0,0.0,0.0,0.0,0.0,0.0,0.0,0.0,0.0,0.0,0.0,0.0,0.0004709654149641122,0.0,0.0,0.0,0.0,0.0,0.0,0.0005307470522218913,0.0,0.0,0.0,0.0,0.0,0.0,0.0,0.0005337579374363473,0.0,0.0,0.0,0.0,0.0,0.0,0.0,0.0,0.0,0.0,0.0,0.0,0.0,0.0,0.0,0.0,0.0
138,0.0011858695996064352,0.0005336378804265986,0.0005061762391633436,0.0,0.0,0.0,0.0,0.0,0.0,0.0,0.0005201180069862949,0.0002967490910739318,0.0,0.0,0.0,0.0,0.000136159182493444,0.0,0.0,0.0011999794983144911,0.0,0.0,0.009241144977685191,0.0,0.0,0.0004013699965372835,0.00044805754656260705,0.0003958596817270523,0.0005191517096479185,0.00108266390952597,0.0,0.0013966355368159394,0.0003104941762211755,0.0,0.007410657120149464,0.0002780527522113408,0.0,0.0,0.003246578957248172,0.0,0.0,0.043994715633880174,0.0,0.0003675664896461194,0.0,0.0,0.0,0.0,0.0,0.0003275292724365695,0.0005696125676474819,0.0,0.0,0.0,0.00029662088230162677,0.0,0.0,0.0,0.0,0.0,0.0005834462441205701,0.0,0.0,0.0,0.0010697452398036955,0.0005484337647500103,0.0,0.0,0.0,0.0,0.0,0.0,0.0,0.0,0.0,0.0005206018299100437,0.0005307343574169572,0.0,0.0,0.0,0.0,0.0,0.0,0.0,0.0,0.0,0.0,0.0,0.0005339053483271727,0.0,0.0003958596817270523,0.0,0.0,0.0,0.0,0.0,0.0005336378804265986,0.0,0.0,0.0,0.0,0.0,0.0,0.0,0.0,0.0,0.0,0.0,0.0,0.0,0.0,0.0,0.0005405483426557407,0.0003999711194470301,0.0,0.0,0.0,0.0,0.0,0.0,0.0,0.0,0.0,0.0,0.0,0.0002851603144445821,0.0,0.0,0.0,0.0,0.004083207177040444,0.2949323535092573,0.0,0.0018009794660068194,0.0,0.0031706264888355317,0.0,0.006719192848088253,0.0,0.0011150664751663558,0.00477055262495476,0.27228873077895466,0.001189656336935078,0.00036499340527786913,0.0009077997750991319,0.011025514162758578,0.0,0.248159086389838,0.0,0.05257010920508512,0.0021881867579716533,0.0,0.0,0.0,0.0,0.0009695946861435642,0.0,0.0,0.0,0.0016426907232889299,0.0,0.0,0.0,0.0,0.0,0.0011146797952410585,0.0,0.00030470818522408346,0.0005872004689351567,0.0005433910681111814,0.0005639879973248439,0.0,0.0,0.0,0.0,0.0,0.0,0.0,0.0,0.0,0.0,0.0,0.0,0.0,0.0,0.00060223181020908,0.0,0.0,0.0,0.0005336378804265986,0.0,0.0,0.0,0.0,0.0,0.0,0.0,0.0,0.0,0.0,0.0,0.0,0.0,0.0,0.0,0.0,0.0,0.0,0.0,0.0,0.0,0.0,0.0,0.0,0.0,0.0,0.0,0.0,0.0,0.0010874004188147898,0.0,0.0,0.0,0.0,0.0,0.0,0.001078371948804206,0.0014173736559422536,0.0,0.0,0.0,0.0,0.0,0.0,0.0,0.0,0.0,0.0,0.0,0.0015344809427983316,0.0,0.0,0.0003086998400091344,0.0,0.0004006874079992592,0.0,0.0,0.0010529902576521348,0.0,0.0,0.0,0.0,0.0,0.0,0.0,0.0,0.0,0.0,0.0,0.0,0.0,0.0,0.0,0.0,0.0,0.0,0.0,0.0,0.0,0.0,0.0,0.0,0.0,0.0,0.0,0.0,0.0,0.0003643726804677274,0.0,0.0
139,0.0,0.0,0.0,0.00017366499520436024,0.0,0.0,0.0,0.0,0.0004776028611348239,0.00017161784541189082,0.0,0.00019054964955633806,5.883348645065048e-05,0.0002197777621180219,0.0002197777621180219,0.0,0.00017567637513063922,0.00022941400769492878,0.0,0.0,0.0,0.0002241602516877715,0.0051490061539337965,0.0,0.0,0.0009126081555102911,0.0002454733950485537,0.0,0.0011225545400612993,0.0,0.000348987039897163,0.00017366499520436024,0.0,0.0,0.0001725404310580146,0.0001786098146379734,0.0002965668138596971,0.0,0.0,0.0,0.0,0.0008225995567963319,0.0002967853503613334,0.0,0.0,0.00023750397767405683,0.0,0.0,0.0,0.0,0.0,0.0,0.0,0.0,0.0,0.0,0.0,0.0002463301606117156,0.0,0.00022089611846703877,0.0,0.0,0.0,0.0002312027057139569,0.00024283317105350518,0.0002588195806945194,0.0,0.0,0.0,0.0,0.0,0.0,0.0,0.0,0.0,0.0,0.0,0.0002493189037251847,0.0,0.0,0.0,0.0,0.0,0.0,0.0,0.0,0.0,0.0,0.0,0.0,0.0002449893287924232,6.045990929367541e-05,0.0,0.0001944033222023891,0.0,0.0,0.00026221558455537155,0.0,0.0,0.0,0.0,0.0,0.00043548963256791835,0.0,0.0,0.0,0.00016256753989611663,0.0,0.0,0.00023610473368386843,0.0,0.0,0.0,0.00025288020450832426,0.0,0.0,0.00023130020516489856,5.883348645065048e-05,0.0,0.0,0.0,0.0,0.0,0.0002475840695230686,0.0,0.0006898364294226532,0.0,0.0,0.0,0.0,0.0023755591196053852,0.003473858180541433,0.1753270289686422,0.0,0.000713032678440219,0.010750167430785095,0.09719403284676542,0.00024137872810566644,0.0,0.0,0.0005293492739641337,0.000285472885177208,0.3115497408494567,0.18696911676730946,0.0,0.15850899652220177,0.0014235208151851067,0.00016439214401089508,0.002458197887886908,0.0003023354122666088,0.00034067343193553443,0.0,0.00015456395521392156,0.0,0.0,0.00024680734124393067,0.0,0.0,0.0,0.00024097223361978196,0.00022438626041536717,0.0,0.0,0.00017682137837202682,0.0,0.0032317936358260543,0.0,0.0,0.0,0.0,0.0,0.0,0.0,0.0,0.0005724129074469898,0.0018510627140453783,0.0,5.992217597129279e-05,0.00024628919713407855,0.0,0.0,0.005189007837844863,0.0,0.0,0.0,0.002257302134031418,0.00024260640850906593,6.275175878305594e-05,0.0,0.006279286479528908,0.0,0.0,0.00024060031785443295,0.0013991679386207636,0.000694085141436222,0.00040551528948629817,0.0,5.725281004635646e-05,0.0,0.000677806627435459,0.0,0.0,0.0,0.0,0.0,0.0,0.0,0.0,0.0,0.0,0.0,0.0,0.0,0.0,0.0,0.0,0.0,0.00017298216668857447,0.0,0.0,0.0,0.0005317129657184589,0.0,0.0,0.0,0.00017586406720395117,0.000433767353976789,0.0,0.0,0.0,0.0,0.000173386263047275,0.00018336792019701487,0.0,0.0,0.0006357895952599729,0.0,0.00023963613891420064,0.0,0.001042158569036224,0.0002554675591249659,0.0007404607720539197,0.0,0.0,0.00024260640850906593,0.0,0.0,0.0004925733983154918,0.0,0.0,0.0,0.0,0.0,0.0,0.0,0.0,0.0,0.0,0.0,0.00025638090392272997,0.0,0.0,0.0,0.0,0.0,0.0,0.0,0.0,0.0,0.0,0.0,0.0,0.0,0.00018750045475302685,0.0,0.0,0.0004950366712554574,0.0,0.0,0.0
140,0.003292560150676509,0.0,0.0,0.00039721289575647976,0.0,0.0,0.0006859043042991816,0.0,0.0,0.0,0.0009919942059244701,0.0,0.0,0.0,0.0004140490066379949,0.0,0.0,0.0010749769709685146,0.0,0.0004064759983519764,0.0,0.0004140490066379949,0.01861016441592455,0.0,0.0008191609066872294,0.0017212621134204493,0.0003913091001915362,0.0005284745539986569,0.0022627908402118087,0.00042952613081713523,0.0,0.0007085645227604809,0.0,0.0,0.0004137905933302562,0.0,0.0,0.0004040586283494303,0.0008365574209397522,0.0,0.0,0.0028447666211145364,0.0002823033708895833,0.0,0.0,0.0,0.0,0.0,0.0,0.0,0.0,0.0,0.0,0.0004798773433471264,0.0,0.0,0.0004095959055749877,0.0,0.0,0.0,0.0,0.0,0.0,0.012674220766929905,0.0,0.0010608413258627436,0.0010151510147183578,0.0,0.0,0.0008132781151965934,0.003965544508026116,0.00035214235545111906,0.0,0.0,0.00041683035477662337,0.0004095959055749877,0.0008963021851553872,0.0,0.00034641469397408796,0.0016486150681407432,0.0,0.0,0.00039933264011710506,0.0,0.0,0.0,0.0,0.0,0.0,0.0,0.00038669977753884365,0.00027874619008639277,0.0,0.0,0.0,0.0,0.0008349110148063192,0.0,0.0,0.0,0.0002841278740713369,0.0,0.00027064553512721627,0.0,0.0,0.0,0.0,0.0,0.0,0.0,0.0,0.0,0.0003055299578510589,0.0,0.0,0.0,0.0,0.0,0.0,0.0,0.0,0.0,0.00026280076877887,0.0,0.0,0.00039657850642752684,0.0,0.0,0.0,0.0004099420282991813,0.001921154748447445,0.014502697027447591,0.0019740961104524578,0.15444936467276824,0.002795028400068479,0.0013849821690595176,0.0005192733334146184,0.0002741692156111948,0.0023622375236151834,0.0016612271814542066,0.0,0.02602568579713822,0.0020809019321654286,0.0011042820794753742,0.28767384125229295,0.010674855054295508,0.0008204144516528722,0.03870640815674095,0.0022800024694788535,0.0009392187366441146,0.016013468446590396,0.0,0.0024016405236661573,0.0014631299681975517,0.0008295317047063248,0.06479396249300638,0.0,0.0005220644757745114,0.0004018147675386102,0.0002693437413055828,0.0,0.0010847349776260545,0.00041683035477662337,0.0,0.0,0.07824206856437588,0.0,0.0023401203897406206,0.0009922647757606747,0.1966980740262821,0.00041319729746922836,0.00040714955507961404,0.0,0.0,0.0020914560761044728,0.00031890239962643923,0.0,0.0,0.0,0.0,0.0,0.0003921012703239267,0.0,0.0,0.0,0.0,0.0,0.0,0.0,0.000428591872185349,0.0,0.0,0.0007815095458991708,0.0,0.0,0.0,0.0,0.0004040586283494303,0.0,0.000382437965998934,0.0,0.0,0.0,0.0004004467471916628,0.0,0.0,0.0,0.0,0.0,0.0003818296138018605,0.0,0.0,0.0,0.0,0.0,0.0,0.0,0.0020598133633159717,0.0,0.0,0.0,0.0,0.0,0.0,0.0,0.0,0.0,0.0,0.0,0.0,0.0,0.0,0.0,0.0,0.00027733473259961884,0.0008110419285845515,0.0,0.0003934213518235548,0.0,0.0015036472377370162,0.0007992102573159284,0.0,0.00039155927304421927,0.0,0.0,0.0,0.0,0.00041151503523931065,0.0,0.0,0.0,0.0006017322032285436,0.00027384015942554446,0.0,0.0002705976407061642,0.0,0.0,0.0,0.0,0.000433881821652171,0.0,0.0,0.0,0.0004018963991706072,0.0,0.0,0.0,0.0,0.0,0.0,0.0,0.0,0.0,0.0,0.0,0.0,0.00010226250883493278,0.0,0.0,0.0
141,0.12217574225481509,0.0,0.0,8.469035309557324e-05,7.006694939725498e-05,0.0007039495509367505,0.0005601627194289013,0.0,0.0005747055252095318,0.00028604332739130334,0.011234426386986346,0.0,0.0,0.0,0.002560071121430307,0.0003327807701547113,0.00027312109245836375,0.002346258597037817,0.00022175687194149748,0.0032280647587860796,0.0005626688330096791,0.0005239491294792432,0.04955856552974101,0.0,0.0011857199524072097,0.008183171563495045,0.0074777750112575885,0.0022789525560083135,0.008555960345126411,0.0031044541533980416,0.0009177784282785269,0.005331756020635953,0.0010328359642671502,0.0009943898584050084,0.0011500432436324438,0.0005003274936068745,0.00028669393357921564,0.000287044867410158,0.0055549827594378355,0.000884773897832409,0.0,0.06979232172077882,0.004868823647884924,0.0004931676366744806,0.0,0.00099368295112434,0.0,0.0,0.0008162091268346244,0.00028794935245453747,0.0001953578514660016,0.0,0.0,0.0002881102471343542,0.00042043451678399566,0.0,0.0,0.00042066239494280733,0.0,0.0,0.0002834020690308175,0.0,0.0007533281154970436,0.001516456862723624,0.0007714712453060539,0.006040117971453108,0.00029399742086242217,0.0,8.469035309557324e-05,0.0010641303895232077,0.001890152872594447,0.0,0.0,0.0008142345125843559,0.0012560107211262669,0.0,0.0028172964331943558,0.0003554355705811685,0.0003911934828487524,0.0004157356538809183,0.0,0.0007182940244795552,0.00021139941376048564,0.0004973740536897873,0.0,0.0,0.0,0.0,0.0,0.0,0.0002097179306460425,0.000685234292553342,7.006694939725498e-05,0.0,0.0,0.0,0.00050600614724895,0.0007331598442241609,0.0,0.0,0.0,0.0007531900061482132,0.0,0.0,0.0005852086861809067,0.0002972975642740568,0.0,0.0004843683013303458,0.0,0.0003002370061609607,0.0,0.00028954025055866146,0.00040776253101506074,0.0016963653430793573,0.0,0.0003894500293798815,0.000293006506520221,0.0003495359814951455,0.0,0.0,0.0,0.0,0.00020464814556652068,0.0002305206431072212,0.0002969548657616716,0.0014648619338049956,0.0002051504389383282,0.0,8.224850992460805e-05,0.00046388763105587033,0.0002876955603863384,0.027417539502306135,0.0007200930521106473,0.00163910386916192,0.0,0.0027542599851632377,0.0008925656676357335,0.2317181222650293,0.08874482219623607,0.0010024141053483746,0.021675299283995555,0.0,0.0013896639117559238,0.0003264219621270518,0.03950085001467237,0.021816204138713158,0.0009105832494737447,0.14869733641262,0.0014006736676313626,0.0029637482992206123,0.0005824768886830186,0.0002856182036588995,0.00047198202539242077,0.0005246304500183714,7.241205113279618e-05,0.0008523084873891998,0.0002835015097397582,0.0005472958461129538,0.0,0.0003559531079575762,0.00029496929811645536,0.0,0.00028984901300746984,0.0,0.0002855508099442292,0.013461049554569149,7.241205113279618e-05,0.0004452140094272206,0.0018864013117433052,0.002565810847048693,0.0,0.00028853717645755094,0.0005205319610043161,0.0,0.001625172642904341,0.0005794547154890923,0.0,0.00021835267467009613,0.0,0.0,0.0,0.0004014887847837996,0.000854633170545772,0.0,0.0,0.0,0.0005422865882186125,0.0,0.0,0.0007351933607059483,0.0,0.0005638961300323313,0.0007357613380089584,0.0018756716575310227,0.0,0.00027977270612215957,7.062388254103934e-05,0.0,0.0,0.0004863887732464088,0.0,0.0002935148040732529,0.0002826731730756462,0.0,0.0005694145815701406,0.0,0.0,0.0,0.0,0.00029511193256262844,0.0,0.0,0.0,0.0001644970198492161,0.0,0.00019095163345434285,0.0,0.0005350491053519719,0.0,0.0004775021136296682,0.0,0.00020461887014425916,0.0,0.0,0.0,0.0,0.0010909908397541313,0.0008684335446835709,0.0,0.0,0.0,0.0,0.00020822502326574445,0.0002981676007999241,0.0006472755797329302,0.0008731706817049687,0.0,0.0007666874969430093,0.0,0.0016055258376624277,0.0,0.0012691287358794212,0.0002051504389383282,0.0,0.00028416396788825564,0.0,0.0,0.002739844795484681,0.0,0.0005687426884798496,0.0,0.0,0.0,0.00021199547310596608,0.0008068890894693181,0.0,0.0,0.0004809401648138633,0.0,0.0009948461967983135,0.0003947747876041273,0.00044230540583670445,0.0006347639391997718,0.0,0.0,0.0002213783794477988,0.0,0.0,0.0,0.00020422141388643297,0.0,0.0,0.0,0.0,0.0,0.0,0.00029496929811645536,0.0002027725883448738,0.0002919948325186849,0.0006931658242458445
142,0.0,0.0002756780079838346,0.0,0.0,0.0,0.0,0.0,0.0,0.0,0.0,0.0,0.0,0.0,0.0,0.0,0.0,0.0008188871594595599,0.0008290738456103922,0.0,0.00022137478026749258,0.0,0.0,0.002630814976485176,0.0,0.00015154032864546154,0.000648495631424639,0.0,0.0005299793691719664,0.0005204697315491798,0.0,0.00027004975888065104,0.00027700477959452616,0.0,0.0,0.0,0.0,0.0,0.0,0.0,0.0,0.0002790223497338507,0.0,0.0,0.0,0.0,0.0,0.0,0.0002727341223011098,0.0,0.0,0.0,0.0,0.0,0.0,0.0,0.0,0.0,0.0,0.0,0.0,0.0,0.0,0.0,0.00027521689921822175,0.0,0.0006917082748149707,0.0,0.0,0.0,0.0001752850831231673,0.0,0.0,0.00025848744492187886,0.0,0.0,0.0,0.0002594304254380696,0.0,0.0,0.0,0.0,0.0,0.0,0.0,0.0,0.0,0.0,0.0,0.0,0.0,0.0,0.0002772475545225193,0.0,0.0,0.0,0.0,0.0004922495021402395,0.00018229966378686312,0.0003399275958548476,0.0,0.0,0.0,0.0005892820063059035,0.0,0.0,0.0002695598992758107,0.0002708141099845859,0.0,0.0,0.0,0.0,0.0,0.0,0.0,0.0,0.0,0.0,0.0,0.0,0.0,0.0,0.0,0.0,0.0,0.0,0.0,0.0,0.0,0.0,0.0,0.0015827220399741604,0.004474554080822798,0.011000058410268963,0.00027880427450558174,0.000542337372248121,0.24564016050915433,0.08620096418233332,0.0,0.0,0.32216097483887657,0.0007599863601764524,0.001358076188964724,0.0,0.010019564931597467,0.0005469074712185647,0.23193793887776112,0.0011827863253327628,0.0,0.0016031228835279333,0.0005220608510587169,0.0005445581564229106,0.0,0.000459357464473683,0.0,0.00031940836702721377,0.0,0.0,0.0,0.0,0.0001674568228735563,0.00028212530027952535,0.0005200145373066248,0.0005446921286052611,0.0,0.0005506221754188154,0.0005954728226106305,0.0,0.0002745556707069899,0.00027307149066351904,0.00028441194472193386,0.0,0.00027175297967964193,0.0002657306497515249,0.0004835386963438636,0.00043935860765944055,0.04091305542559917,0.0,0.0,0.0,0.0,0.00027363825622358097,0.0017724933666176245,0.0,0.0,0.0,0.00575902085330147,0.0,0.0,0.0,0.005994029614743692,0.0002656246273083567,0.00028441194472193386,0.0,0.0010759583002090895,0.0004713714907362726,0.0,0.0,0.00027919420808613494,0.0,0.00026595545959503657,0.0,0.0,0.0,0.0,0.0,0.0,0.0,0.0,0.0,0.0,0.0,0.0,0.0,0.0,0.0005340142282632644,0.0,0.0,0.00026886408143746794,0.0,0.0,0.0,0.0,0.0,0.0,0.0,0.0,0.000677610868930975,0.0,0.0,0.0,0.0,0.0,0.0,0.0,0.0,0.0001752850831231673,0.0,0.0,0.0,0.00027124066510334215,0.0002762755443049488,0.0,0.0,0.0,0.0002741341777190441,0.0,0.0,0.0006000715576467793,0.0,0.0,0.0,0.0,0.0,0.0,0.00030159820996650185,0.0,0.0,0.0,0.0,0.0,0.00027700477959452616,0.0,0.0005633557132528777,0.0,0.0,0.0,0.0,0.00026971099902661105,0.0,0.0,0.0,0.0,0.0,0.0,0.0,0.0,0.00026229983162656293,0.0,0.0,0.0
143,0.0011261523338640194,0.0,0.0004660744301531683,0.0,0.0,0.0,0.00045678135613813994,0.0,0.0,0.0,0.0,0.0,0.0,0.0,0.0004207435428490309,0.0,0.0,0.00042675462404856293,0.00015855868994665338,0.0,0.0,0.00016003585178277972,0.010928366346178666,0.0,0.00015102599549177994,0.0026476723411245026,0.0022600999129994584,0.0011163309989883356,0.0012159674848156467,0.000502665331979058,0.0,0.0,0.0,0.0,0.00042675462404856293,0.0,0.0,0.0,0.0005911002930160044,0.0,0.0,0.0006157867353944788,0.0,0.0,0.0,0.0006184993358502213,0.0,0.0,0.0,0.0,0.0,0.0,0.0005696197072097623,0.0,0.0,0.0,0.0,0.0,0.0,0.0005819164455764909,0.0,0.0,0.0,0.0,0.0,0.0004821101961073101,0.0011870191757567068,0.0,0.0,0.0,0.0,0.0,0.0,0.0,0.00015589730779737044,0.0,0.0014296772638190318,0.0,0.0,0.0,0.0,0.0,0.00047148400779164844,0.0,0.0,0.0,0.000475685406731726,0.0,0.0,0.0,0.0004789639649033877,0.0,0.0,0.0,0.0,0.0,0.000502665331979058,0.0004580515081331677,0.0,0.0,0.0,0.0,0.0,0.0,0.0,0.0,0.0,0.0,0.0,0.0,0.0,0.0006234534360744484,0.0,0.0,0.0,0.0,0.0,0.0,0.0,0.0,0.0,0.0,0.00015312622169924196,0.0,0.0,0.0010976544320596057,0.0,0.0008969226458719097,0.0,0.0,0.0001596550303343926,0.006164305680216443,0.14821829126007863,0.00044866295084887556,0.0,0.00661803204736949,0.06747095480784232,0.0,0.0,0.5870560164499256,0.0018168327862787459,0.0020312505115990275,0.03686619159897701,0.0,0.0,0.05395319545604142,0.0006339165071576915,0.0005974042361447109,0.0029640416813047493,0.0014551088745313645,0.0004982689560638417,0.0,0.0009040655578843486,0.0,0.0,0.0,0.0,0.0,0.0,0.0008962705199261539,0.0,0.0,0.0,0.0011771529671195779,0.0,0.003965659964616918,0.0006078602827045145,0.0006352364178065521,0.0009681488501903921,0.0,0.0005868377282397686,0.0005628714966172673,0.0004876194022895548,0.0,0.005337616074642383,0.0027187555992390887,0.0,0.0,0.0,0.0,0.0,0.006139699494130926,0.0,0.0,0.0,0.0,0.0,0.0,0.0,0.0079708666447325,0.0,0.0,0.0,0.001068247630761434,0.0012647289581606067,0.0,0.0,0.0009452822919147506,0.0,0.0004901582017869242,0.0,0.0,0.0,0.0,0.0,0.0,0.0,0.0,0.0,0.0,0.0,0.0,0.0,0.0,0.0,0.0,0.0005010733042667683,0.0,0.0,0.00015447730011757956,0.0,0.0,0.0,0.0,0.0,0.000784238672338306,0.0,0.0,0.0004484613229359549,0.0,0.0,0.0,0.0,0.0,0.0,0.0014911967712992623,0.0,0.00016003585178277972,0.0,0.0025647117490366494,0.0,0.0004602585786576445,0.0,0.0,0.0,0.0,0.0,0.0006586456363472145,0.0,0.0,0.0,0.0,0.0,0.0,0.0,0.0,0.0,0.0,0.0,0.0,0.0,0.0,0.00015102599549177994,0.0,0.0,0.0011367048184091066,0.00045678135613813994,0.00048573577852790767,0.0,0.0,0.0,0.0,0.0011866504810476189,0.0,0.00036430183389593075,0.0,0.0003062524433984839,0.00015447730011757956,0.0010021466085335367,0.0
144,0.055656240970746805,0.0,0.0,0.0,0.0,0.0,0.0,0.0,0.0,0.0005937836164992097,0.0010885580527352264,0.0,0.0,0.0,0.001971483587061375,0.0,0.0,0.0006185046213859537,0.0,0.0,0.0,0.0012351952793583129,0.0070016262419543805,0.0,0.0005836498060965381,0.001683533925294392,0.0,0.0026923041105486297,0.003009981832239995,0.0,0.0,0.0,0.0,0.0006132979352398895,0.0,0.0,0.0,0.0,0.0011707830504147927,0.0,0.0,0.0006654512695419451,0.0006285262108653191,0.0,0.0,0.0,0.0,0.0,0.0,0.0,0.0,0.0,0.0,0.0,0.0,0.0,0.0,0.0010278633901533308,0.0,0.0,0.0,0.0,0.0017922098829145927,0.010281759258744635,0.00045661760592059683,0.004293583495184394,0.0,0.00014789315168245874,0.0,0.0,0.10179018112374827,0.00040084329004902046,0.0,0.0017581247742333177,0.0,0.0005874542498705886,0.0,0.0005868334361638025,0.0011694484659551172,0.001242894175609603,0.0006099620916265986,0.0,0.0,0.0,0.0,0.0,0.0006943264163823525,0.0,0.0,0.0,0.0,0.0017628240303844875,0.0,0.0,0.0,0.0,0.0005941704847079515,0.0,0.0,0.0,0.0,0.0,0.0,0.0,0.0,0.0,0.0007925741398252776,0.0,0.0,0.0,0.0,0.0,0.0,0.0,0.0,0.0,0.0,0.0,0.0,0.0,0.0,0.0,0.0,0.0010813439349724658,0.0,0.0,0.0,0.0005492528988667016,0.0005908974358683686,0.0,0.0,0.00750229669010143,0.0,0.01160574179017765,0.0003903671170474502,0.0017809195348353671,0.0,0.0,0.0016029297432578712,0.0006198693876310718,0.6364661759272549,0.04562467216441004,0.0,0.0,0.0,0.004776082510091142,0.0009908790077662831,0.018320044764715975,0.0010334178883377408,0.0005859293762724171,0.001215458209922019,0.0,0.0012185844278581974,0.0,0.0,0.017685355672646317,0.0,0.001183753764591503,0.0,0.0,0.0,0.0,0.0,0.0003668528772650344,0.0005776504489208131,0.014661836784318887,0.0,0.003096846496356459,0.0006311552686150501,0.006999399437734005,0.0,0.0,0.0,0.0,0.0,0.0,0.0,0.0,0.0,0.0,0.0,0.0,0.0023255635815038703,0.0,0.0,0.0,0.0,0.0,0.0,0.0,0.0,0.0,0.0,0.0,0.0,0.0,0.0,0.0,0.0,0.0,0.0,0.0,0.0,0.0,0.0,0.0,0.0,0.0,0.0,0.0,0.0,0.0,0.0,0.0,0.0,0.0,0.0,0.0,0.0,0.0,0.0,0.0,0.0,0.0,0.0,0.0,0.0,0.0005951528096951086,0.0,0.0,0.0,0.0,0.0,0.0,0.0,0.0005976990514376374,0.0,0.0,0.0,0.0016034919900067789,0.0,0.0,0.0005892754130037829,0.0004553599765566683,0.0,0.0,0.0,0.0011964445411552817,0.0,0.0001539548524398434,0.0,0.0,0.0,0.0,0.0,0.0,0.0,0.0,0.0,0.0,0.0,0.0,0.00013701157459594144,0.0,0.0,0.0006331327028745855,0.0,0.0,0.0,0.0,0.0,0.0,0.0,0.0013527159737564383,0.0,0.0,0.0,0.0,0.0,0.0
145,0.0009742780967929099,0.00014484258076656215,0.0003133360404873935,0.00014698631744431868,0.00012096673463160587,3.0313862061684474e-05,3.257372403812233e-05,0.0,0.0002450542778933092,0.0,0.0003059879885806338,0.013990572395618968,0.0,0.0,0.0010195108563623907,0.00025090518736733605,0.00022272878474460111,0.001512567856266803,0.00011629292895874703,0.0013380122209545938,0.0,0.0005918379839509608,0.038905122991665764,0.00010556981486850071,0.0003766374411527756,0.011194464519175199,0.005076723634802725,0.0013252118844071148,0.004005070556617472,0.0005438853899064556,0.0008759582830411406,0.0008812621974572581,0.0002546103787453054,0.0003705755751042577,0.0006578240455193424,0.00015151734349916498,0.0002502298116780174,3.2851347864827073e-05,0.0015167637987800638,0.0,0.00026140167466792865,0.003805479194583634,0.0001374645489990407,0.0,0.0,0.00030199840406233897,0.0,0.0,0.0,0.00013003319279307916,0.0,0.0,0.00013414975815607093,0.00021113962973700142,0.0004739881310618376,0.0,0.0,6.796810732508507e-05,0.0,0.00026002899412036484,0.00010720106265254746,0.0,0.00013000598629332036,0.00018463164062208678,0.0,0.001297633107800202,0.0017372574459122146,6.359952773458718e-05,0.00013328568081618578,0.0007729755993755385,0.00033020096306032214,3.112864182504722e-05,0.00012563552248717437,0.0001240802251245159,0.0008056411803419439,0.0003384698682046694,0.00138646226712286,0.0001031383233562736,0.0,3.112864182504722e-05,0.00023346027798458986,0.00023683157179963453,0.0006190225634688842,0.00013104796483563965,3.589409938096975e-05,4.2491467219169675e-05,3.049173713216721e-05,0.0,0.00011712535942979382,0.0,0.0002498080756979207,0.00029300386582253174,0.0,0.0,0.0,0.00025249406490917105,0.002250037618838616,0.0,0.0002515336175196304,0.0,3.278252078076176e-05,0.000234551772544336,0.0002120858472162216,0.0,3.3984053662542534e-05,0.00012349941220284554,0.00010939068490143283,0.00015699866794201197,0.0,0.00014926021627075572,0.0,0.00046601349230216267,9.401342404199312e-05,0.0,0.0003321678763626989,0.0006311093968620076,0.0,0.0,0.0,3.0902360757306884e-05,0.0,0.0,0.0,0.0,6.810214761687741e-05,0.0012824230222099582,0.0001274020096746404,0.0,3.409185644019781e-05,3.219964730870223e-05,0.10263230100747318,0.03339111718317367,0.06497255957636798,0.0006048862712122256,0.05228750892681243,0.096874167959649,0.004617667777668025,0.0004454693604816534,0.0009934740559990867,0.061117457404597814,0.0031578307835153432,0.007447181997534938,0.1187273768836772,0.0042326094783594415,0.0008753772119429117,0.0,0.05584939241302261,0.0005454485480673645,0.1722664328481426,0.0019171515530427238,0.0023966034932629784,0.0005041333166815069,0.0024213653304124842,0.00016538124751874943,0.00022821456503000192,0.0005721536030392613,0.0,0.0002868248638468733,0.000955091379866384,0.0037424687866771866,0.0010502533041823294,0.0008641354797186941,0.0015591408632205997,0.0032436445780220694,0.00011353237081771502,0.03272708639189402,0.0006623834646483632,0.00197304351373365,0.006982949191014905,0.001522010900588289,0.0001180176450862117,0.000644647501316137,6.2716266102919e-05,0.0,0.004146373945201283,0.0033761842507873895,0.000484744904145096,0.0006216270754722749,3.373844801663787e-05,6.336575770528396e-05,0.00046229391905598405,0.0022856743286733413,0.00013339892611981477,0.00011004168491758795,0.0,0.0005612477521006941,0.00026504526439287364,0.00014053828002117888,0.0001241621985168049,0.004342474683186136,0.0,0.00022556812965738392,0.0001849555099747832,0.0019544233022664023,0.0005834029054759397,0.0002862937026920681,0.00026960580588002506,0.0002997889184378061,0.0,0.000570440463958559,0.00013177437168959713,0.0,0.00013091682383263955,0.000585884663657918,0.0,0.00010215283988786175,0.0,0.0,6.570269572965415e-05,0.00045443480169669317,0.0,3.222707683289555e-05,0.0,0.00024212831167212266,0.0,0.00022152240751036222,0.00013283803736893212,0.0005629333264722202,9.940358863920584e-05,0.00011250775849155247,0.0002308697603805353,0.0004445066631528333,0.0002906575252240374,0.0,3.375816502265946e-05,0.00011281562690023363,0.002721859102785523,0.00023562960597054837,0.00015418285236366285,0.0,0.0,0.00012953830987411994,0.00012604575255211614,0.00044540981598700915,0.00030591457987662915,0.0015050015523978223,0.0,0.0004069018541324813,0.0,0.0026013134188325507,3.193110748110968e-05,0.0001234875114723411,0.00026071209203868334,0.0,0.00048789702649599826,0.00012748023172143294,0.00011104078768579584,0.003129527206633877,0.0,0.0001481305219458868,0.0,3.278252078076176e-05,0.0,0.0,0.0007015215822633568,0.0,8.603653637448798e-05,0.0001376064261420445,0.00014278607464903768,0.0,0.00012292828512428018,0.0001181975598101326,0.0006209827400197933,0.00035182656797978616,0.0001054807985866994,0.00011544156611333542,0.00012734403370417762,0.00013240546696141899,0.0,0.0,0.0,0.0,0.00010470719198130807,0.0005365023138442286,0.0003805967256690719,0.0,0.0008412486143257582,0.0,0.0001266200778295553,0.0006379528249508683
146,0.0,0.0,0.0,8.956122520943776e-05,0.0,0.0,0.0,0.0,0.0,0.0,0.0,0.000910627797988765,0.0,0.00030003597107632014,9.562524259477984e-05,0.0,0.0,0.001271781086383931,0.0,0.00067985602564704,0.0,0.0,0.006645075391271459,0.0,0.0,0.002976614558619584,0.0011812163625093573,0.00081054977662665,0.000520360127573616,0.0006959009025272878,0.0,0.0,0.0,9.247228261743746e-05,0.0006895637184661259,0.0,0.0,0.0,0.0003788317210310534,0.0,0.0,0.0007557077771461961,9.562524259477984e-05,0.0,0.0,8.84541377124115e-05,0.0,0.0,0.0,0.0,0.0,0.0,0.00039180166868669927,0.0,0.0,0.0,0.0,0.0,0.0,0.0,0.0,0.0,0.0,0.0,0.0,0.00035504345268697106,0.001199953070985738,0.0,0.0,0.00035373679357582257,9.501139084083271e-05,0.0,0.0,0.0,0.00044055860625887727,0.0,0.0003824144809195313,0.0,0.0,0.0003756843701343815,0.0,0.0,0.0,0.0,0.0,0.0,0.00033865059466117617,0.0,0.0,0.0,0.000315231051384093,0.0,0.0,0.0,0.0,0.0,0.0007649143408577979,0.00044356495638257976,0.0,0.0006122378081811457,9.501139084083271e-05,0.0,0.0,0.0,0.0,0.0,0.0,0.0,0.0,0.0,0.0,0.0,0.0,0.0,0.0,0.0,0.00037348182944055763,0.0,0.0,0.0,0.0,0.0,0.0,0.0,0.0,0.0,0.0,0.00046802637343461843,0.0,0.0,0.0034760247572751396,0.0026835503573961928,0.06430548148242611,0.0,0.0010955416617219865,0.0021496015177227077,0.00204328469772771,0.0003510604096914878,0.0,0.003597744186093245,0.00017899639313477894,0.0009177492032796454,0.0031619001858255377,0.0011098754747109769,0.00037797581809040565,0.4417880739587172,0.0,0.0,0.4261916491336138,0.0,0.0003510926737651423,0.00039180166868669927,0.0009099619442115325,8.956122520943776e-05,0.0,0.0,0.0,0.0,0.0003788317210310534,0.0003687827617495871,0.0,0.001269856379694739,0.0003690619171201759,0.0002705288355771607,0.0,0.00392708540147757,0.0006485046536675664,0.0,0.001413432838379017,0.000841985050783511,0.0,0.0003279614113283466,0.0003756843701343815,0.0,0.00034857136302541197,0.00017899639313477894,0.000350197316998369,0.0,0.0,0.0,0.0,0.0,9.562524259477984e-05,0.0,0.0,0.0,0.0,0.0003797027445661769,0.0004946695578428224,0.0006971427260508239,8.949819656738947e-05,0.0,9.562524259477984e-05,0.0005644339348992052,0.0,0.0,0.0,0.0,0.0,0.0004734715249078841,0.0,0.0,0.0,0.0,0.0,0.0,0.0,0.0,0.0,0.0,0.0,0.0,0.0,0.0,0.0,0.0,0.0,0.0003564123186914067,0.0,0.0,0.0,0.0,0.0,0.0,0.0,0.00036268197311349474,0.0,0.0009887934681746073,0.0,0.0,0.0,0.0,0.0,0.0,0.0003687827617495871,0.0001880975252122173,0.0,0.0002734962690623173,0.0,0.0008599534795567981,0.00036332655012753985,0.0006858755101217676,8.949819656738947e-05,0.0,0.00030003597107632014,0.0,0.0,0.0003990370689666819,0.0,0.0,0.0,0.0,0.0,0.0,0.0003502510472866352,0.0,0.0,0.0,0.0,0.0,0.0,0.0,0.0,0.0,0.0,0.0,0.0,0.0,0.0,0.0,0.0,0.0,0.0,0.0,0.0,0.0,0.0,0.0,0.0,0.0
147,0.003627616349565761,0.0,0.0,0.0,0.0,0.0,0.0,0.0,0.0005050090875374585,0.0,0.0013713439205870603,0.0,0.0,0.0,0.0,0.0,0.0,0.0,0.0,0.0007053014356831352,0.0,0.0,0.0073601667786130625,0.0,0.0,0.0006809065692451366,0.0006874271000688715,0.00239234532184465,0.002668805553241582,0.001087444888549853,0.0,0.0015153786344014417,0.0,0.0,0.0,0.0,0.0,0.0,0.0010053928436456014,0.0,0.0,0.005018682168754648,0.0006889229103075649,0.0,0.0,0.0,0.0,0.0,0.0,0.0,0.0,0.0,0.0,0.0,0.0,0.0,0.0,0.0,0.0006567143264659481,0.0,0.0,0.0,0.0005418801400638662,0.0007230562090557526,0.0,0.0011144229291118752,0.0,0.0006755434413445447,0.0,0.0,0.0,0.0,0.0,0.0,0.00048265392535636135,0.0,0.0029158950731887566,0.0,0.0,0.0007479954185665496,0.0,0.0,0.0,0.0,0.0,0.0,0.0,0.0,0.0,0.0,0.0,0.0,0.0,0.0,0.0,0.0,0.0,0.0,0.0,0.0,0.0,0.0,0.0,0.0,0.0,0.0,0.0,0.0,0.0,0.0,0.0,0.0007057128074214462,0.0,0.0,0.0,0.0,0.0,0.0,0.0,0.0,0.0,0.0,0.0,0.0,0.0,0.00048265392535636135,0.0,0.0,0.0,0.0,0.0033651703797983015,0.15678646080589487,0.0006536194946660653,0.050615982917273615,0.0020627981170538764,0.002358475520592832,0.0,0.005296504144032832,0.1811562341611015,0.0,0.057146717265046644,0.4343946264618935,0.0,0.0006911991982435531,0.03256160933963248,0.007624368771286725,0.0,0.0,0.0007113703964382058,0.0008427079808757176,0.009010134288824004,0.0,0.0,0.0,0.0,0.0021769983487615286,0.0004888616340378237,0.0,0.0,0.0,0.0004888616340378237,0.0,0.0,0.00046937073028869387,0.0,0.004850642975056553,0.0,0.0,0.0006536194946660653,0.0004462069151619128,0.0,0.0,0.0,0.0,0.0009328807488162115,0.0006818838310448034,0.0,0.0,0.0,0.0,0.0,0.0,0.0,0.0,0.0,0.0,0.0,0.0,0.0,0.0,0.0,0.0,0.0,0.0,0.0,0.0006686304013960944,0.0,0.0,0.0,0.0,0.0,0.0,0.0,0.0,0.0,0.0,0.0,0.0,0.0,0.0,0.0,0.0,0.0,0.0,0.0,0.0,0.0,0.0,0.0,0.0,0.0,0.0,0.0,0.0,0.0,0.00047241838862109803,0.0,0.0,0.0,0.0,0.0,0.0,0.0,0.0011500337723372302,0.0,0.0,0.0007580058041225965,0.0,0.0007000595075124165,0.0,0.0,0.0,0.0,0.0,0.0,0.0006874271000688715,0.0,0.0007348477134382568,0.0,0.0,0.0,0.0,0.0,0.0,0.0,0.0,0.0,0.0,0.0,0.0,0.0,0.0,0.0,0.0,0.0,0.0,0.0,0.0,0.0,0.0,0.0,0.0,0.0,0.0,0.0,0.0,0.0,0.0,0.0,0.0
148,0.00027738097895600413,0.0,0.0,0.0,0.0,0.0,0.0,0.0,0.0,7.017889315474602e-05,0.0,0.04617019508234459,0.0,0.0,0.0009732476357250867,0.0002028107631780755,0.0,0.0011871203030479971,0.0002696873278052782,0.0007437834218049483,0.0001769920632911982,0.00022334201220955118,0.01740206352895467,0.0,0.0,0.00245984821973197,0.0012814470303994172,0.00043034749236248887,0.0018430605748593464,0.0017633130162367833,0.0002769428127281414,0.0008450290353581646,0.0,0.0002863623339513571,0.0002244302718759574,0.00024037608377385086,0.0,0.0,0.0014034402091265747,0.0001938822517563374,0.0,0.0016395767086717604,0.0010944853090650785,0.0,0.0,0.00019496332879710078,0.0,0.0,0.00017728708988543494,0.0,0.0,0.0,0.0,0.0,0.0,0.0,0.0002887678704638574,0.0,0.0,0.0,0.0,0.0,0.0,0.0,0.0,0.0010195487521123755,0.0007011550110459082,0.0,0.00021011357675381262,0.0002708623607808431,0.00027923095636089916,0.0,0.0,0.0,0.0010381753105214706,0.0,0.0015711386071679532,0.0,0.00023062570224450444,0.0005751336378188715,0.00013443702123073993,0.0,0.0005416274295947878,0.00034743227672710825,0.0,0.0,0.0,0.0,0.0,0.00025324575143502047,0.0,0.0,0.0,0.0,0.0,0.00028956958871035905,0.0018926684218428518,0.0,0.0,0.0,0.0002290581398169537,0.0,0.00021823835583697525,0.0,0.0,0.0,0.0,0.0,0.0,0.0,0.00029641887290205403,0.0,0.00028116911684385247,0.0,0.0,0.00026180829141165114,0.0,0.0004240564128173975,0.00022582347155251792,0.0,0.0,0.0,0.0,0.0,0.0,0.0007916512910684859,6.694440588149238e-05,0.00013663087254803824,0.0,0.0,0.005235852743987429,0.003389790474895527,0.004206891124918349,0.00045720581848259016,0.006083784392275199,0.0018179871221799925,0.0005552905784140063,0.00038428275088350474,0.0,0.0031705100710357438,0.0014253504576930112,0.0012763228895971857,0.0012373941316573822,0.0009880065252981184,0.0,0.6551422138672613,0.10958066514915034,0.0002738119647377423,0.0,0.0005718553068297736,0.0004853259440691629,0.0009334876996655075,0.0026958216806020913,0.0,0.0006945052723899704,0.0002888993622079233,0.0,0.0005001981038490993,0.00018101211036683886,0.00483698489195558,0.001027126025534245,0.001126899277039963,0.0013215682689729589,0.0006341422520542161,0.0004544285782058691,0.009355808703287722,0.000493713917312161,0.00019952121870582093,0.062362082330536826,0.0005099784928340561,0.0,0.0007262367226934818,0.0,0.0,0.0019996395413576207,0.0012365918768253213,0.0,0.0,0.0,0.000261317430082453,0.0,0.001637786410136838,0.0001769920632911982,0.0,0.0,0.0,6.95150187134216e-05,0.0,0.0,0.00041764592434387045,0.0,0.0,0.0,0.00041331537809590103,6.945963200230951e-05,0.000261317430082453,0.00028688014024251854,0.0,0.0,0.00013878524687957285,0.0,0.0,0.0,0.0005635863570601504,0.0,0.0,0.00026539303741366407,0.0,0.0,0.0,0.0,0.0001963495307673672,0.0,0.0,0.0,0.0,0.0,0.0,0.0,0.0,0.0,0.00028164892418152033,0.0002028107631780755,0.0,0.0,0.0002661063900756946,0.0016739507169538574,0.0,0.0007550043231895286,0.0,0.0,0.0,0.0,0.0,0.0004625205790138758,0.00030164889825376863,0.00028952717609370644,0.00022054740431097866,0.0,0.002325525660067055,0.00015128557229450971,0.0006814710368529763,0.0,0.00021947484099879076,0.0005695628979221437,0.0,0.0,0.0018462723620938002,0.0,0.0,0.00021191846904026657,0.0,0.0,0.00019952121870582093,7.1659028706398e-05,0.0,0.0,6.945963200230951e-05,6.947952308786579e-05,0.00042969208722272727,0.0,0.0,7.1659028706398e-05,0.0,0.0,0.0,0.0,6.302371919369381e-05,0.0,0.0,0.0,0.0,0.0,0.0005817483234670438,0.0005360182357039357,0.0,0.0,0.0,0.0,0.0002018066652650625
149,0.0,0.0,0.0,0.0,0.0005525060031972469,0.0,0.0,0.0,0.000543727654195971,0.0,0.0,0.000558641253564594,0.0,0.0,0.00033931790077928754,0.0005178365630537446,0.0,0.0003483031488466553,0.0,0.000929007679461308,0.0,0.0,0.006699955393092185,0.0,0.0,0.0013816356243601326,0.0009069410204075417,0.002135535153215689,0.0023812133511490236,0.0012278062282022077,0.0,0.0005396241635904003,0.0005643402465258921,0.001429605648754745,0.14007828503219186,0.001371398640708914,0.0,0.0,0.0028720054459812562,0.0,0.0,0.041110015961812525,0.0,0.0,0.0,0.0,0.0,0.0,0.0,0.0,0.0,0.0,0.0,0.0,0.0,0.0,0.0002828906614233478,0.0,0.0,0.0,0.0,0.0,0.0,0.0,0.0,0.0,0.0013022529028133677,0.0,0.0011131272246164964,0.0,0.0,0.0,0.0,0.0,0.0005766452514140985,0.0,0.0005791878150422208,0.0,0.0,0.0,0.0,0.0,0.0,0.0,0.0,0.0,0.0,0.0,0.0,0.0,0.00035489392109837824,0.0,0.0,0.0,0.00033931790077928754,0.0,0.0009346206153819387,0.0,0.0,0.0,0.0,0.0,0.0,0.0,0.0008509911828299151,0.0002806414575796219,0.0,0.0,0.0,0.0,0.0,0.0,0.0010826445626559392,0.0,0.0,0.0004087093248585581,0.0,0.0003475145743772458,0.0,0.0,0.0,0.0005484588125491693,0.0,0.0,0.0,0.0003567168730200055,0.0011129768196982799,0.0,0.0,0.0,0.005891249418180272,0.4739663924663693,0.0010497315260857294,0.0,0.000552355744602267,0.05947203468210907,0.000547813956071252,0.0011910829288594097,0.0652206265452039,0.0013583751553245546,0.0038604869858599807,0.010222707871396843,0.002204607261746697,0.0016443054025758407,0.0,0.016203744019078908,0.0,0.0005187742662570487,0.0013301739778192124,0.0,0.004280155668323504,0.0,0.0,0.0,0.0,0.0,0.0,0.00046101159162826205,0.0,0.000535006529664302,0.0,0.0,0.0005468090630910892,0.0,0.0,0.003614846777428017,0.0,0.0,0.0003483031488466553,0.0005413180806037497,0.0,0.0,0.0,0.0,0.00404755892852356,0.007192108847028822,0.0,0.0,0.0005394501892738271,0.0,0.0,0.000900234179420852,0.0005766452514140985,0.0,0.0,0.0,0.0,0.0,0.0,0.0014412473484500677,0.0,0.0,0.0,0.003956135628779351,0.0003487617330545483,0.0,0.0,0.0,0.0,0.09634097086924187,0.0005283367519875306,0.0,0.0,0.0005415900883511333,0.0,0.0,0.0,0.0,0.0,0.0,0.0,0.0,0.0,0.0,0.0,0.0,0.0,0.0,0.0,0.0,0.0,0.0,0.0005210730050842761,0.0,0.0,0.0,0.0014533022666251198,0.0,0.0,0.0,0.0,0.0005391424480933087,0.0005510128488125149,0.0,0.00059275610404427,0.00028049738165746274,0.0,0.0003849991108602691,0.0,0.001481034067135981,0.0,0.0,0.0,0.0,0.0,0.0,0.0,0.0008196675601285041,0.0,0.0,0.0,0.0,0.0,0.0,0.0,0.0,0.0,0.0,0.0,0.0005438133440000553,0.0,0.000546253120381798,0.0005669100216668696,0.0011237442052703,0.0,0.0,0.0,0.0005835120028914207,0.0,0.0,0.0,0.0003888309109513489,0.0,0.0004087093248585581,0.0,0.0,0.0,0.0,0.0,0.00028049738165746274
150,0.0,0.0,0.0,0.0,0.0,0.0,0.0,0.0,0.0,0.0005256606252071784,0.0,0.0005267013627247391,0.0,0.0,0.0,0.0,0.0,0.0,0.0,0.0,0.0,0.00031250971973010395,0.002389812012328629,0.0005256319958874986,0.0,0.0,0.0001077053703059281,0.0,0.0005192538715813982,0.00028699725065175097,0.0,0.0,0.0,0.0002912696725216891,0.0,0.0005416086639929152,0.0,0.0,0.0008259886362927961,0.0,0.0002788619343755759,0.004059206385036682,0.0004901427307786799,0.0,0.0,0.0,0.0,0.0,0.0,0.0,0.0,0.0,0.0,0.0,0.0004854679296499534,0.0,0.0,0.0,0.0,0.0,0.0,0.0,0.0,0.0,0.0,0.0005125831453958224,0.0,0.0,0.0,0.0,0.0,0.0,0.0002905596752786421,0.0,0.0,0.0,0.0,0.0,0.0,0.0,0.0,0.0,0.0,0.0,0.0,0.0,0.0,0.0,0.0,0.0,0.0,0.0,0.0,0.0,0.0,0.0,0.0,0.0,0.0,0.0,0.0,0.0,0.0,0.0,0.0,0.0,0.0,0.0,0.0,0.0,0.0,0.0,0.0,0.0,0.0,0.0,0.0,0.0,0.0,0.0,0.0,0.0,0.0,0.0,0.0,0.0,0.0,0.0,0.0,0.0,0.06321675658246241,0.5575257932156564,0.0005262469993903936,0.15975133450900858,0.052308507090383476,0.0065321818022869875,0.0008103436844281529,0.0,0.002808392505664676,0.0004031480211877764,0.04075068221640391,0.002505652790476106,0.0,0.0,0.0003925366409824852,0.03081822732095527,0.0,0.005997190139276357,0.0019828787224559696,0.0032307809283379963,0.0,0.0,0.0,0.0,0.0,0.0005742859077153447,0.0,0.0,0.0005162304246195417,0.0002850938126546362,0.0,0.0,0.0,0.0005445668349036303,0.0,0.014210675715814358,0.0,0.0005053947404624247,0.0018730282943732106,0.03243183588421652,0.0,0.0,0.0,0.0,0.0,0.0005544786538467736,0.0,0.0,0.0,0.0005544786538467736,0.0,0.0010361455721784978,0.0,0.0,0.0,0.0,0.0,0.0,0.0,0.0,0.0,0.0,0.0,0.0005981974413498837,0.0,0.0,0.0,0.0,0.0,0.000544644098762807,0.0,0.0,0.0,0.0,0.0,0.0005338122260808722,0.0,0.0,0.0,0.0,0.0,0.0,0.0,0.0,0.0005641756601489043,0.0,0.0,0.0,0.0,0.0,0.0,0.0,0.0,0.0,0.0,0.0,0.0,0.0,0.0,0.0,0.0,0.0,0.0,0.0,0.0,0.0,0.0005192538715813982,0.0,0.0,0.0,0.0,0.00028795266097214844,0.00029206577247338744,0.0,0.0,0.0,0.0,0.0,0.0,0.0,0.0,0.0,0.0,0.0,0.0,0.0,0.0005084249018792439,0.0,0.0,0.0,0.0,0.0,0.0,0.0,0.0,0.0,0.0,0.0,0.0,0.0,0.0,0.0,0.0,0.0,0.0005346447210227474,0.0,0.0,0.0,0.0,0.0
151,0.00037287196673284123,0.0,0.0,0.0,0.0,0.0,0.0,0.0,0.0,0.0,0.000369056584240763,0.004917293386962574,0.0,0.0,0.0003747021927248337,0.0,0.0,0.00036794297223923157,0.0,0.0,0.0003722211851267842,0.0,0.008022774371493398,0.0,0.0,0.003344720838522086,0.0012462423916101385,0.0007219865550235773,0.0014555704869419928,0.0,0.0,0.0,0.0,0.0,0.0,0.0,0.0,0.0,0.0,0.0,0.0,0.0010914846954667508,0.0,0.0,0.0,0.0,0.0,0.0,0.0,0.0,0.0,0.0,0.0,0.0,0.0,0.0,0.0,0.0,0.0,0.0,0.0,0.0,0.0,0.0,0.0003652379982958838,0.0010974228299082144,0.00035369090274677017,0.0,0.00035680104657094693,0.0,0.0003600390459710449,0.0003543293770528258,0.0,0.0,0.0007129878459826585,0.0,0.0003543293770528258,0.0003713014314460737,0.0,0.0,0.0,0.0,0.0007433875844147108,0.0,0.0,0.0,0.0,0.00026298417281179625,0.0,0.0,0.0,0.0,0.0,0.0003602744307479108,0.0,0.0,0.0007068665942529867,0.0,0.0,0.0,0.0,0.0003742755494255957,0.0,0.0,0.0,0.0,0.0,0.0003818630857789866,0.0,0.0,0.0,0.0,0.0,0.0,0.0,0.0,0.0,0.0,0.0,0.0,0.0,0.0,0.0,0.0,0.0,0.0003600390459710449,0.0,0.0,0.0,0.0,0.0,0.0010835170722726514,0.0,0.0007528106284356663,0.0006840032996732209,0.00036723341845141985,0.0,0.0,0.0,0.0,0.0007317040825059309,0.0007303398037878552,0.0,0.0,0.0004509128947543513,0.01426638458701988,0.0,0.0,0.005014164534404313,0.0003528875485845663,0.0,0.0,0.004236744977949663,0.0025604550484506204,0.0,0.0007445734695757795,0.0003655029627340956,0.000738113168481526,0.00045610899484157635,0.2869763787625499,0.0037118705852015586,0.011225463093013427,0.07451007018683549,0.006035173522406737,0.005466938954495875,0.020278866468442857,0.0013862890044315764,0.0014550614143834248,0.515205086374734,0.0017250559225640406,0.0,0.0003703992706585282,0.0003596131037076859,0.0,0.0010233460945692728,0.0,0.0,0.00037283345504166227,0.0,0.0,0.0,0.0007434986547992405,0.0,0.0,0.0,0.0,0.0,0.0003596131037076859,0.0,0.0003627159923192837,0.0,0.0,0.0,0.0,0.0,0.0,0.0,0.0,0.0,0.00035876273031095683,0.0,0.0,0.0,0.0,0.0,0.0,0.0,0.0,0.0,0.0,0.0,0.0,0.0,0.0,0.0,0.0,0.0,0.00035041072013681433,0.0,0.0,0.0,0.0,0.0,0.0,0.0,0.00035876273031095683,0.0,0.0,0.0,0.0,0.0,0.0,0.0,0.0,0.0,0.0003543293770528258,0.0,0.0,0.000374341276347637,0.0007436851214184771,0.0,0.0,0.0,0.0,0.00036539686993494904,0.0,0.0,0.0003703992706585282,0.0,0.0003692083955769159,0.0,0.0,0.0,0.0,0.0,0.0,0.0,0.0,0.0,0.0,0.0,0.0,0.0,0.00034624635341735916,0.0,0.0003641659268438982,0.0,0.0,0.0,0.0003678628266902116,0.0,0.0,0.0,0.0,0.0,0.0,0.0,0.0,0.0,0.0
152,0.0005333609588610555,0.0,0.0,0.0006339391261986452,0.0,0.0,0.00038684579992758427,0.0,0.0,0.0,0.0,0.0002827383877663891,0.0,0.0,0.0002605386933200856,0.0,0.0,0.002159091606344158,0.0,0.0002777433731401601,0.0,0.0003894970423191538,0.025190059448825557,0.0,0.00036914892557437,0.005674583746079788,0.0020315942848210867,0.0030811756207467554,0.004337817121335338,0.0009178711477803788,0.0014281870571643649,0.0,0.0,0.0,0.0,0.0003531927417884218,0.0,0.0,0.0014018442350683211,0.0,9.902669595679879e-05,0.001843580869553814,0.0,0.0,0.0,0.0,0.0,0.0,0.0,0.0,0.0,0.000648884899243241,0.0,0.00026981734862809736,0.0008851192894132855,0.0,0.0002710289088684457,0.0,0.0,0.0,0.0,0.0,0.0,0.0003897720167167699,0.0,0.004469352649856246,0.006590893428365604,0.0002845468694262866,0.0,0.0,0.00019473297909148812,0.0006696674503545997,0.0002732880961266832,0.0,0.0012012821156668883,0.0,0.0008338922526050636,0.00029504890807759783,0.0,0.000368329071440662,0.0,0.0,0.00039087884449936036,0.0006844565130376751,0.0003863170435609999,0.0,9.91026787601093e-05,0.000818347995681298,0.0,0.0,0.0,0.0,0.0,0.000640207560539412,0.0,0.0,0.0002832917153574704,0.0,0.0003027179841003157,0.00025777494466071977,0.0,0.0013174358809836559,0.00027588918235253013,0.0003770647291533356,0.0,0.0002692989015285037,0.0,0.0,0.0,0.0005364881328512988,0.0,0.0,0.0,0.0,0.0008451737100930107,0.0006642812057305852,0.0,0.0002730589095439003,0.0,0.0,0.0,0.0,0.0,0.0,0.0,0.0008880670821281507,0.0,0.0,9.264365129425468e-05,0.00027903548494796803,0.0003925617408856875,0.0019950196876817794,0.0005135003504421722,0.0,0.0,0.002367083712059375,0.00033477680775360143,0.0,9.087068485196363e-05,0.0009050368596238604,0.0017995923219569362,0.0017836604906088193,0.0007691728065568619,0.0,0.0010796245436314265,0.018605336779557946,0.0007592150383253578,0.0,0.004300159691660816,0.0007750608074497329,0.0,0.0025882594660900085,0.0,0.05719473288356915,0.0005375581060556642,0.0008850961266644209,0.00568849799198758,0.002419056710409316,0.00973499124098818,0.016347342109985827,0.4093585218096875,0.0010084136200592593,0.0019053523553590607,0.2805305177845278,0.004534655373037029,0.026921474182772617,0.015853194834540858,0.006807298118209671,0.008348215375805275,0.0014537133612916241,0.00035690272401043367,9.488259433267302e-05,0.0,0.00029280767112061114,0.0018000327316549966,0.0003955112069303492,0.0,0.0,0.0002757309605032329,0.0,0.0,0.0002597402588428483,0.0002674212683950898,0.0,0.0,0.0,0.0007620006033415563,0.0,0.0,0.0007474621301791288,0.0,0.0,0.0,0.0003646288232637473,0.0016624464274890929,0.0,0.0,0.0,0.0,0.0,0.0002632893064225161,0.00039889133008873647,0.0,0.0,0.0,0.0,0.0002547215019278434,0.0,0.0,0.0,0.0,0.0,0.0002639926178058746,0.0003756069855928964,0.0,0.0,0.0,0.0012715675162664937,0.00056416369028232,0.00031684123964435476,0.0,0.00029997861135114766,0.0,0.0,0.0,0.0,0.0013297765559928281,0.00037037641405494355,0.0,0.0,0.0,0.0002843492458590257,0.0003734930700174449,0.0,0.000280444518355923,0.0006385129625160519,0.0,0.00029021710207600553,0.0002608048928012317,0.0034019513227809507,0.0,0.0006577486277506714,0.0,0.0,0.0006404617995073558,0.0002609108978763225,0.0,0.0004661074857923331,0.0,0.0,0.0,0.0,0.0,0.00038169770288356387,0.0003737366927636163,0.0,0.0,0.0005452897972081518,0.00024961058909941995,0.00036286460572601884,0.0,0.00026151326249441146,0.0006701259856638212,0.0007201535292450337,0.0,0.0010306277975969623,0.0,0.0,0.0,0.00027435403318095384,0.0,0.0,0.0,0.0005570929404681213,0.0,0.000632923912307115,0.0,0.0,0.0,0.005829644965190724
153,0.0006891928900309952,0.0,0.0,0.0,0.0,0.0,0.0006969345823221731,0.0,0.0,0.0,0.0,0.0,0.0,0.0,0.0,0.0,0.0,0.0,0.0,0.0,0.0,0.0,0.00789646998721187,0.0006916180057551992,0.0,0.0,0.0012422698459924443,0.0,0.0007525003969829508,0.0014457321189919336,0.000756716451688495,0.0,0.0,0.0,0.0,0.0,0.0,0.000729816711059884,0.000688033110367101,0.0,0.0,0.0006957188489481813,0.0,0.0,0.0,0.0,0.0,0.0,0.0,0.0,0.0,0.0,0.0,0.0,0.0,0.0,0.0,0.0,0.0,0.0,0.0,0.0,0.0,0.0,0.0,0.000695530373603346,0.0,0.0,0.0,0.0,0.0,0.0,0.0,0.0,0.0007451743488314979,0.0006619161975127818,0.0,0.0,0.0,0.0006983954415739511,0.0,0.0,0.0,0.0014846143077829894,0.0007355380672818702,0.0,0.0,0.0,0.0,0.0,0.0,0.0,0.0,0.0,0.0,0.0,0.0007010098967224233,0.0,0.0,0.0,0.0,0.0,0.0,0.0,0.0,0.0,0.0,0.0,0.0,0.0,0.0,0.0,0.0,0.0,0.0,0.0,0.0,0.0,0.0,0.0,0.0,0.0,0.0,0.0,0.0,0.0007017002213279819,0.0,0.0,0.0,0.0,0.0014540446722896105,0.0006969345823221731,0.0013181224024716026,0.0,0.0,0.0,0.0,0.0,0.0,0.0,0.0021562944544320987,0.0,0.0007162387869635445,0.0,0.0,0.007656650070622035,0.0,0.0006646691464293904,0.0,0.0,0.0,0.0035407703952189764,0.12215869547541709,0.0,0.0007258647620168306,0.0,0.034154806245771455,0.00707852808354005,0.012168448096605904,0.08591317874961636,0.08132349797025056,0.0014569397396900635,0.12077997530667278,0.31042555912434916,0.05437839239767423,0.025547786373446412,0.07921523920468801,0.002798191428268771,0.006389917268284635,0.002147800517281156,0.0006821846137695044,0.0,0.0,0.0,0.0007200725466641055,0.0,0.0,0.0,0.00047849893121833947,0.0007155293902960729,0.0,0.0,0.0,0.0,0.0,0.0,0.0007054392943689423,0.0,0.0,0.0,0.0,0.0,0.0,0.0,0.0,0.0,0.0,0.0,0.0,0.0,0.0,0.0006402335528163569,0.0,0.0,0.0,0.0014527848491918465,0.0,0.0,0.0,0.0,0.0,0.0,0.0,0.0,0.0,0.0,0.0,0.0,0.0,0.0,0.0,0.0006875220602050202,0.0,0.0007093322121844138,0.0,0.0,0.0,0.0006686138605449003,0.0,0.0,0.0,0.0,0.0,0.0,0.0,0.0,0.0,0.0013887968282838199,0.0,0.0007727827312180214,0.0,0.0,0.0,0.0,0.0,0.0,0.0,0.0,0.0,0.0,0.0,0.0,0.0006891928900309952,0.000733386957755824,0.0,0.0,0.0,0.0,0.0,0.0,0.0,0.0,0.0,0.0007059209893338206,0.0,0.0006742812338070085,0.0,0.0,0.0,0.0,0.0,0.0,0.0,0.0,0.0,0.0,0.0,0.0,0.0,0.0
154,0.00042363160437022953,0.0,0.0,0.0,0.0,0.0,0.00033822230381524206,0.0,0.0,0.0,0.0,0.002306343843531583,0.0,0.0,0.0006641239402732112,0.0,7.756582956124617e-05,0.0,0.0,0.0013750948747702288,0.0,0.0,0.009234699363110601,0.0,0.0,0.002861847407618678,0.0014199155744188672,8.936372378097782e-05,0.0014660058763719737,0.00013850310287260938,0.0,0.0003387477901646772,0.0,0.0,0.0,0.0,0.0,0.0,0.0,0.0,0.0,0.0003543800529339248,0.0,0.0,0.0,0.0,0.0,0.0,0.0,0.0,0.0,0.0,0.0,0.0,0.0,0.0,0.0,0.0,0.0,0.0,0.0,0.0,0.0,0.003297746936997241,0.0,0.0006838500613169414,0.0007912726216069053,0.0003598087035250557,0.0,0.0,0.0,0.0,0.0010157063126363264,0.0,0.002398566039416075,0.00034860785109321816,0.0006898311991816736,0.0007029556878542396,0.0,0.0003382344798181315,0.0,0.0003266500817460693,0.0,0.0,0.0,0.0,0.0003435573418247459,0.0,0.0,0.0,0.0,0.0,0.0,0.0,0.0,0.0,0.0003394994687997229,0.0,0.0,0.0,0.0,0.0,0.0,0.0,0.0,0.0,0.0,0.0,0.0,0.0,0.0,0.001009472502886236,0.0,0.0,0.0,0.0003429403684703519,0.0,0.0,0.0,0.0,0.0,0.0,0.0,0.0,0.0,0.0007656471176672449,0.0,0.0,0.0,0.0,0.001044569936129413,0.0014299233167409293,0.0,0.0007451505936866511,0.0,0.0016811794951737487,0.0,0.00036256796883641057,0.0,0.0,0.0009111935775153762,0.0007492663528438059,0.0,0.0,0.0,0.0046040467878611865,0.0,0.00034745047946696994,0.00151068103089886,0.0,0.00034652675278622593,0.000348021459289855,0.004999039572190585,0.0014961065682848145,0.0,0.006765345418429627,0.0020916158875684894,0.16577729473674,0.003860833003127282,0.0001837932497967471,0.0024309633634709044,0.004833492335726571,0.007508765050128305,0.0006794540567057957,6.925155143630469e-05,0.2608566190080066,0.07322373671515466,0.40050656408008306,0.002006234331034083,0.003670670143151065,0.0,0.00034730825694258787,0.0,0.0,0.0013894074190484182,0.0,0.0,0.0,0.00041344790706838254,0.0,0.0,0.0,0.0,0.0003465131483435075,0.0,0.0,0.0,0.0,0.0,0.0,0.0,0.0,0.0,0.0,0.0,0.00034940179739483175,0.0,0.0,0.0,0.0,0.0,0.0,0.0,0.0,0.0,0.0,0.0,0.0,0.0,0.0,0.0,0.0,0.0,0.0,0.0,0.0,0.0,0.0,0.0,0.000349869398218365,0.0,0.0,0.0,0.0003619335024950416,0.0,0.00034335700024869606,0.0010935870588684303,0.0,0.0,0.0,0.0,0.0,0.0,0.0,0.0003600235831948557,0.0,0.0,0.0,0.0,0.0017706987644880413,0.0,0.0,0.0,0.0,0.000710836232472475,0.0,0.0,0.000724724735021012,0.0,0.0,0.0,0.0,0.0,0.0,0.0,0.0,0.0,6.925155143630469e-05,0.0003632246975081335,0.0,0.0,0.0,0.0,0.0,0.0,0.0,0.0,0.0,0.00034335700024869606,0.0,0.0,0.0,0.0,0.0,0.0,0.0,0.00044584089763815557,0.0,0.0,0.00033406816466566443
155,0.000771858793399834,0.0,0.0,0.0004306178851890244,0.0,0.0,0.0004610574745991321,0.0,0.0,0.0,0.0,0.0018984911559925173,0.0,0.0,0.0011116954115644759,0.0,0.0,0.0004542328654448763,0.0,0.0009207163111448338,0.0,0.0004637228150312268,0.005637086479605296,0.0,0.0004710904587004766,0.0020915277485173502,0.0020474487786959613,0.0,0.0007792464700707857,0.0,0.0009156596967260532,0.0003311371721943826,0.0,0.000350051889066956,0.0,0.0,0.0,0.0,0.00047389819004346046,0.0,0.0,0.00011583482623468266,0.0,0.0,0.0,0.0004831557169274124,0.0,0.0,0.0,0.0,0.0,0.0,0.0,0.0,0.0,0.0,0.0004559478885695183,0.0,0.0,0.0,0.0,0.0,0.0,0.11663939728001163,0.0,0.002719107091840975,0.001313492475749114,0.0,0.0,0.0,0.0015653339580682837,0.002384582884631337,0.0,0.0,0.0004559478885695183,0.0,0.0020289509394420227,0.0014115969628928618,0.0,0.001221276322186372,0.0,0.0,0.0,0.0,0.0,0.0,0.0,0.0,0.0,0.0,0.0,0.0004604212456040548,0.0,0.0,0.0,0.0,0.0004588271983949592,0.0,0.0,0.0,0.0,0.0,0.0,0.0,0.0004759963833832637,0.0,0.0,0.0,0.0,0.0004759963833832637,0.0,0.0,0.0,0.00046335034344593,0.0,0.0,0.0003021008180163904,0.0,0.0,0.0,0.0,0.0,0.0003127161586345042,0.0,0.0,0.0,0.0,0.0,0.0,0.0,0.00046793343438516176,0.0010785086466615947,0.0,0.0,0.00046539054995064545,0.0,0.0012314710713043266,0.0,0.0,0.0014152175993869883,0.07170738303111197,0.0012037336323356088,0.0,0.0003391702009244069,0.015827724267087662,0.007210292284932648,0.0,0.00031575350565206205,0.0005011766284137517,0.0,0.0,0.00047316887032489006,0.001085903835570899,0.0,0.003344557182853808,0.0,0.0,0.00046685874754885854,0.0,0.0009986299389481799,0.0008228151632039772,0.000929190697150014,0.000787172652165904,0.0007694360818139093,0.00046199321390293546,0.5726287263831128,0.0017553378572205797,0.034971034307941,0.0005815056643188441,0.11523957380215016,0.0,0.000645498229345731,0.0,0.0,0.001704898334445654,0.0,0.00034417950696574316,0.0003847180409069547,0.0,9.334749364573333e-05,0.000472509582881157,0.0,0.0,0.0004649703982579943,0.0,0.0,0.0,0.0,0.0,0.00045952964328022534,0.0,0.0003127161586345042,0.0,0.00048533924595801594,0.0,0.0,0.0,0.0,0.0,0.0,0.0,0.0,0.0,0.0,0.0,0.0,0.0,0.0,0.0,0.0,0.0,0.0,0.0,0.0,0.0,0.0,0.0003311371721943826,0.0,0.0,0.0,0.0,0.0,0.0,0.0,0.0,0.0,0.0,0.0009398250486520392,0.0,0.0,0.0,0.0004950867563937443,0.0,0.0,0.0,0.0,0.0,0.0004595990495871172,0.0,0.0007392637962691298,0.0,0.0,0.0,0.0,0.0,0.0,0.0,0.0,0.0,0.0,0.0,0.0,0.0,0.0,0.00046937660898663166,0.0,0.0,0.0003021008180163904,0.0,0.0,0.0,0.0,0.00046267250323254273,0.0,0.0,0.0,0.0,0.0,0.0,0.0,0.0,0.0,0.0,0.0,0.0,0.0,0.0,0.0,0.0,0.0
156,0.0,0.0,0.0,0.0,0.0,0.0,0.0,0.0,0.0,0.0,0.0,0.0006055433872012016,0.0,0.0,0.0011231397200963853,0.0,0.0,0.0,0.0,0.0005774361532538958,0.0,0.0,0.0046509839695602195,0.0,0.0,0.0012320069636654976,0.0,0.0005863451998679871,0.0012062541494792605,0.0,0.0005327844772617358,0.0,0.0,0.0,0.0,0.0,0.0,0.0,0.0,0.0,0.0,0.0005798223386728046,0.0,0.0,0.0,0.0,0.0,0.0,0.0,0.0,0.0005837469374728491,0.0,0.0011059326776178121,0.0,0.0,0.0,0.0,0.0,0.0,0.0,0.0,0.0,0.0,0.0,0.0,0.001176578927709128,0.0011611610646379137,0.0,0.0,0.0006143410967770275,0.0005891860237011681,0.0,0.0,0.0,0.0011836420429582842,0.0,0.0005089837407512714,0.0,0.0,0.0,0.0,0.0,0.0,0.0005672200842726809,0.0,0.0,0.0,0.0,0.0,0.0,0.0,0.0,0.0,0.0,0.0,0.0,0.0,0.0,0.0,0.0,0.0,0.0,0.0,0.0,0.0,0.0,0.0005997952081718936,0.0,0.0,0.0,0.0,0.0,0.0,0.0,0.0,0.0,0.0,0.0,0.0,0.0,0.0,0.0,0.0,0.0,0.0,0.0,0.0,0.0,0.0,0.0,0.0,0.0011753089088523008,0.0,0.0,0.0005884168745425042,0.0,0.0,0.0,0.0,0.0,0.0005509776757168921,0.0017415802281053323,0.0,0.0,0.0005323059749062682,0.0040964945682822095,0.0,0.0,0.0005995362806376116,0.0,0.0,0.0,0.018758168739916935,0.07173891095597891,0.005307435445484868,0.0,0.0,0.012409761579048766,0.3251265780766905,0.0017329624359769384,0.05146835589249401,0.0011991929389498477,0.014729885264865182,0.003044822165148744,0.0,0.024016389084328602,0.43066342836136867,0.003551249280002903,0.0012424563572610097,0.0,0.0,0.0,0.0,0.0,0.0,0.0,0.0,0.0,0.0,0.0,0.0,0.0,0.0,0.0,0.0,0.0,0.0,0.0,0.0,0.0,0.0,0.0,0.0,0.0,0.0,0.0,0.0,0.0,0.0,0.0,0.0,0.0,0.0,0.0,0.0,0.0,0.0,0.0,0.0,0.0006408422990203784,0.0,0.0,0.0,0.0,0.0,0.0,0.0,0.0,0.0,0.0,0.0,0.000606888850904889,0.0,0.0,0.0,0.0,0.0011838425339525946,0.0,0.0,0.0,0.0,0.0,0.0,0.0,0.0,0.0005829164010786108,0.0,0.0,0.0,0.0005867536994569176,0.0,0.0,0.0,0.0,0.0,0.0,0.0,0.000590616258505224,0.0,0.0,0.0,0.0,0.0,0.0,0.0,0.0,0.0,0.0,0.0,0.0,0.0,0.0,0.0,0.0,0.0,0.0,0.0,0.0,0.0,0.0,0.0005997952081718936,0.0006298341916585348,0.0,0.0,0.0,0.0,0.000536482522976058,0.0,0.0,0.0005829067825866422
157,0.0,0.0,0.0,0.000888735371871484,0.0,0.0,0.0004524502205735135,0.0,0.0,0.0,0.0,0.0018172640908919087,0.0,0.0,0.00032102692059575086,0.0,0.0,0.00047481910555773017,0.0,0.0,0.0004374720808326334,0.0,0.00722248525340794,0.0,0.0,0.002515035161523287,0.0007291622502262184,0.0004468159817369141,0.0014491726636680436,0.0,0.00046576359991989637,0.0008971399299627608,0.0,0.0,0.0,0.0,0.0,0.0,0.0,0.0,0.0,0.0,0.0,0.0,0.0,0.0,0.0,0.0,0.0,0.0,0.0,0.0,0.0,0.0,0.0003106112230773933,0.0,0.0,0.0,0.0,0.0,0.0,0.0,0.0,0.0,0.0,0.00043796433233718267,0.0009281967456657687,0.0,0.0,0.0004524502205735135,0.0,0.00040766594378567443,0.0,0.0,0.00044132004683428567,0.0,0.0,0.0,0.0,0.0,0.0,0.0,0.0,0.0,0.00032069622354852386,0.0,0.0,0.0,0.0,0.0,0.0,0.0,0.0004524502205735135,0.0,0.0,0.0,0.0018797531138824784,0.0008997424324585876,0.0,0.0,0.0,0.0,0.0004440403502300218,0.0,0.0,0.0,0.0,0.0,0.0,0.0,0.0,0.0004316056036508978,0.0,0.0003078146990842654,0.0,0.0,0.0,0.0,0.0,0.0,0.0,0.0,0.0,0.0,0.0,0.0003132908310406749,0.0,0.0,0.0004384559743236932,0.0,0.0,0.0011903583638106755,0.0,0.0,0.0,0.0,0.0,0.00045651418443659185,0.0,0.0,0.00087132116803711,0.0,0.0,0.0004524502205735135,0.0,0.0039523953893719245,0.0,0.0,0.0,0.0004560900190094107,0.0,0.0004606719303122317,0.0041847356176592295,0.0020478386472420297,0.16987407935666912,0.0005723549477572359,0.007151585211189595,0.0,0.0034292233880633075,0.0006925278857243662,0.0028683927891874636,0.02555145877927735,0.09064903954824638,0.001794001949851366,0.0003101849417446503,0.1063492367646838,0.5212516433236694,0.01868264219470314,0.0026948887422615577,0.0,0.0,0.0,0.0004413444247900937,0.0,0.0,0.0,0.0004191903462541097,0.0,0.0,0.0,0.0,0.0,0.0,0.0,0.0,0.0,0.0,0.0,0.0,0.0,0.0,0.0009485022068134728,0.0,0.0,0.0,0.0,0.0,0.0,0.0,0.0,0.0,0.0,0.0,0.0,0.0,0.0,0.0,0.0,0.0,0.0,0.0,0.0,0.0,0.0,0.0,0.0,0.0,0.00045651418443659185,0.0,0.0,0.0,0.0,0.00043390088613590074,0.0,0.0,0.0,0.0004607402371135754,0.0,0.0,0.0,0.0,0.0004471581857109796,0.0,0.0,0.0,0.0009138214358205451,0.0,0.0,0.0,0.0005612464478102305,0.0,0.0004604629375429655,0.0,0.00011714352812825094,0.0,0.0,0.0,0.0009059154973218876,0.0,0.0,0.0,0.0,0.0,0.0,0.0,0.0,0.0004468159817369141,0.0,0.0,0.0,0.0,0.0,0.0,0.0,0.0,0.0,0.0,0.0,0.0,0.0,0.0,0.0,0.0,0.0,0.0,0.0,0.0,0.0,0.0,0.00046020774506849314
158,0.0007057024093258214,0.0,0.0,0.00045867898791638977,0.0,0.0,0.0,0.0007027751737886997,0.0,0.0,0.0,0.001943562987730227,0.0,0.0,0.0019797743838843025,0.0,0.0,0.0030375383376257965,0.0,0.0013698012595575726,0.0,0.0,0.020283567595949705,0.0,0.0,0.0016196958803443588,0.004879138522827035,0.0038156958369382093,0.003118259878896086,0.0014651633439904097,0.0007499035063394554,0.0,0.0,0.0006938623441811862,0.0,0.0007102261461723518,0.0,0.0,0.0014214015375523907,0.0,0.0,0.0,0.0006693495084811585,0.0,0.0,0.0,0.0,0.0,0.0,0.0,0.0,0.0,0.0,0.0,0.0006226106956345003,0.0,0.0,0.0,0.0,0.0,0.0007102741037739936,0.0,0.0007057024093258214,0.0006569051611321627,0.0,0.003950095041391069,0.0013503047851719716,0.0006726481133140559,0.0,0.0,0.00048445393744342993,0.0014108837010171579,0.0,0.0,0.0013898451463069572,0.0,0.0,0.0006953701310208658,0.0,0.0,0.0,0.0,0.0013584647304622057,0.0,0.0,0.0,0.000721376413516646,0.0,0.0,0.0,0.0,0.0,0.0,0.0,0.0,0.0,0.0006899785270465504,0.0,0.0,0.0,0.0013589712373487258,0.0006083845036054399,0.0,0.0,0.0,0.0,0.0,0.0,0.0,0.0,0.0,0.0,0.0,0.0,0.0,0.0,0.0,0.0,0.0,0.0,0.0,0.0,0.0,0.0,0.0,0.0,0.0,0.0,0.0,0.0,0.0,0.0,0.0006726481133140559,0.0007278068089000423,0.0,0.0007032283591286357,0.0,0.0,0.0,0.0004672590950340996,0.0006928589621947012,0.0,0.0,0.0,0.0,0.009782899238287653,0.0007102261461723518,0.0,0.0008583082022521069,0.0,0.0,0.0007362260713215923,0.03132412797390425,0.010487788891396121,0.005538153558861369,0.0006977858530644264,0.37596285661574946,0.014367755409730305,0.0,0.0039387260843061255,0.14111743021184284,0.0007072419045134397,0.010681095459926385,0.003491623036647314,0.0,0.03893842749496202,0.25052610073914267,0.008234882850243385,0.0053214588808597925,0.0026839120173779906,0.0,0.0,0.0,0.0,0.0006693495084811585,0.0,0.0,0.0,0.0,0.0,0.0,0.0,0.0,0.0,0.0,0.0,0.0004884189270567259,0.0,0.0,0.0006845569261621312,0.0,0.0,0.0,0.0008911349001499201,0.0,0.0,0.0,0.0,0.0,0.0,0.0,0.0,0.0,0.0,0.0,0.0,0.0,0.0,0.0,0.0,0.0,0.0,0.0,0.0,0.0,0.0,0.0,0.0,0.0,0.0,0.0,0.00048445393744342993,0.0,0.0,0.0,0.0,0.00017520746009793572,0.0,0.0,0.0,0.0,0.0,0.0,0.0,0.001366490447160499,0.0017967570758506317,0.0,0.0,0.0,0.000689410020911392,0.0,0.0012313663276209733,0.0004496702872247627,0.0,0.0,0.0,0.0,0.0,0.0,0.0006944220871341424,0.0,0.0,0.0,0.0,0.0,0.0,0.0,0.0007094360227100274,0.0006840310236989053,0.0,0.0,0.0,0.0,0.0,0.0,0.0,0.0,0.0,0.0,0.0,0.0,0.0,0.0,0.0005120354250438788,0.0006738328777561985,0.0,0.0006884372576408182,0.0,0.0,0.0007297952297107762
159,0.0,0.0,0.00023015267750650683,0.0,0.0,0.0,0.0,0.0,0.00026563736470309324,0.00041650482672916884,0.0002464466092925447,0.0025870251140361514,0.0,0.0,0.0023271157674438093,0.0,0.0,0.000981730990002016,0.0,0.0017936505760066642,0.0,0.0003219251988153004,0.01789869959194547,0.0,0.0,0.00518410962043819,0.0005688042573592859,0.001080122357940235,0.003006861233398027,0.0,0.0003278937459467913,0.0,0.0,0.00023791178270980527,8.943584017725199e-05,0.0003229469560697928,8.827200863651962e-05,0.0,0.0009869805635379137,0.0,0.00032839082452886187,0.0013677681237426538,0.0,0.0,0.0,0.0,0.0,0.00031615415985956544,0.0,8.118417735836895e-05,0.0,0.0,0.0,0.0,0.0003438578759201164,0.0,0.0,0.0,0.00023930943346039642,0.0,0.0,0.0,0.0,0.0003416643699101077,0.00026285023233996434,0.0013402833354539026,0.0030960866325315285,0.0,0.00022564589568593228,0.0,0.0007529205274085867,7.983143674573825e-05,0.0,0.0,0.00029340147516519424,0.0002489516373115539,0.000808363674584023,0.0,0.0,0.0,0.0,0.0003298595040221134,0.00032885169695259043,0.00033974428689838103,0.0,0.0,0.0003035561331510408,0.0,0.0,0.0,0.0002537207355068004,0.0002491870710409221,0.0,0.0,0.0,0.0,0.001159167331955193,0.0,0.0,0.000472178792060448,0.0,0.0,0.0,0.0,0.0,0.0,0.00034238331375111865,0.0,0.0,0.0,0.0,0.0,0.0,0.0,0.0003361697276611851,0.0,0.0,0.0,0.0,0.0,0.00024556521068325556,0.0,7.962996417201869e-05,0.0,0.00033204142344828044,0.001420052099167968,0.0,0.0,8.118417735836895e-05,0.0,0.0007551168160488445,0.002202123966931593,0.0,0.00034504237195425493,0.0012410957942120585,0.0006764412186589259,0.0003229469560697928,0.0002521808136985164,0.0,0.0002403546906466628,0.0010109443523364447,0.002038600301386077,0.0007891055312854871,0.0,0.00031672912529297827,0.02387139870140564,0.0005569821154928791,0.0,0.007585442193125645,0.0013280206409327041,0.0,0.18196586500659692,0.01912460203273295,0.0556448324615144,0.0018397539680597406,0.0007435624874503283,0.0012897586082033926,0.001212581875027327,0.001443219190550871,0.0,0.0033336875055710222,0.008265809856145723,0.1496080607924023,0.0793349271404563,0.18163322768125714,0.03607613251399027,0.003455660580854692,0.00202114207689579,0.15180257968413885,0.002295927654234869,0.0003229469560697928,0.0003024813727998223,0.00023015267750650683,0.0,0.0019865142406723284,0.0,0.0,0.0,6.686925296662088e-05,0.0,0.0,0.0004503391838347855,0.0,0.0,0.0,0.0,8.206032539929653e-05,0.0,0.00020365098927904672,0.0005777228678376681,0.0,0.00033617524427671076,0.0,0.0,0.00034429895267809704,0.0,0.0,0.0,0.0003279547135802733,0.00033057713121658136,0.0,0.0,0.0002690797804324316,0.00033617524427671076,0.0,0.0,0.0,0.0,0.0,0.0,0.0,0.0003035561331510408,0.0,0.0,0.0,0.0004067569339263083,0.0,0.0002537207355068004,0.0,0.0,0.0,0.00034269729680154335,0.0,0.00025932095371151233,0.0,0.0009055813075131619,0.0005093482258006647,0.0,0.0,0.0,0.0,0.0,0.000565755364048954,0.0,0.0008913556349653899,0.0005686014625007284,0.0002489516373115539,0.0,0.0,0.0011142158718684145,0.0,0.0008816215793269827,0.0,0.0,0.0,0.0,0.0,0.0010537832927514305,0.0,0.00024167441188496,0.0,0.0,0.0,0.0,0.00023930943346039642,0.0,0.0,0.0007649307742641502,0.0,0.0,0.0,0.0,0.0006087904108774126,0.001155241647216306,0.0,0.0,0.0,0.0,0.0,0.0,0.0,0.00024476898131039316,0.0,0.0001596628734914765,0.0,0.0,0.0009851377000769988,0.0,0.0,0.001142179337314543
160,0.0005365243771752859,0.0,0.0,0.0,0.0,0.0,0.0,0.0,0.0,0.0,0.0,0.0005511420305524899,0.0,0.0005548681401900189,0.0003175173500500094,0.0,0.0,0.0005207272735725227,0.0005329594257709022,0.0010141220272905404,0.0,0.0005272087322745294,0.013450270888951782,0.0,0.000518366162361234,0.008912703623628601,0.0,0.001544158671198933,0.0031448725791679392,0.000384312058314989,0.0,0.0,0.0,0.0,0.0,0.0,0.0,0.0,0.0,0.0,0.0,0.0005353961264004459,0.0,0.0,0.0,0.0,0.0005349766653999678,0.0,0.0,0.000545442006640591,0.0,0.0,0.0,0.0,0.0,0.0,0.0,0.0005106612567644695,0.0005207272735725227,0.0,0.0008216310442813256,0.0,0.0,0.0,0.0,0.0030427212565204962,0.0010207714411624314,0.0,0.0,0.0005126495496732213,0.0,0.0,0.0,0.0,0.0015202773228212376,0.0,0.0,0.0,0.0,0.0,0.0,0.0,0.0,0.000494727619794994,0.0006761857016199719,0.0,0.0005106612567644695,0.0,0.0,0.0,0.0,0.0,0.0,0.0,0.0,0.0,0.0,0.0,0.0,0.0,0.0,0.0,0.0,0.0,0.0,0.0,0.0,0.0,0.0005325992251828016,0.0,0.0,0.0,0.0,0.0,0.0005266431060125438,0.0,0.0,0.0,0.0,0.0,0.0,0.0,0.0,0.0,0.0,0.0,0.0,0.0,0.0,0.0,0.0,0.0005168071264674689,0.0005259166542714848,0.0,0.0,0.0005374272841962797,0.0,0.0,0.0,0.0005261035190139189,0.0010607615224161142,0.000551805524766945,0.0,0.0,0.0,0.005593209455319424,0.0,0.0,0.0005256454630113633,0.0,0.0010456873918158502,0.0010616922413503192,0.683371387907941,0.05702259155110237,0.000978975758662411,0.0005365243771752859,0.030509557970093405,0.0026183203864845283,0.05759840192905304,0.003043367764120129,0.0,0.0,0.005085218494902053,0.04519331003172152,0.0010492422400530839,0.013961442684817752,0.02166981227201341,0.0026477264353123426,0.0008899587862721409,0.0008236333350151925,0.0,0.0,0.0,0.0,0.0014360199161839993,0.0,0.0,0.0,0.0,0.0005106612567644695,0.0,0.0,0.00039713852495882327,0.0005135442547110106,0.0,0.0,0.0,0.0,0.0,0.0,0.0,0.0,0.0005106612567644695,0.0005501252533441334,0.0010365152415979493,0.0,0.00047604546073951986,0.000571955712552239,0.0,0.0,0.0,0.0,0.0,0.0,0.0,0.0,0.0,0.0,0.0,0.0,0.0,0.0,0.0,0.0,0.0,0.0,0.0,0.0005233420850466368,0.0,0.001042216759265014,0.0,0.0,0.0005028382058374812,0.0,0.0,0.0,0.001446369675799038,0.0,0.0,0.0,0.0,0.0,0.0,0.0,0.0,0.0,0.0,0.0,0.0,0.0008943531316667388,0.0,0.0014870261696727147,0.0,0.0,0.0,0.0,0.0,0.0004966241561137447,0.0,0.0006683793541205408,0.0,0.0,0.0,0.0005244212861286236,0.0,0.0,0.0,0.0,0.0,0.0,0.0,0.0,0.0,0.0,0.0,0.0010545226221886546,0.0,0.0,0.0,0.0,0.0,0.0,0.0,0.0,0.0,0.0,0.0005321602561948618,0.0,0.0,0.001064727119869035
161,0.0,0.0,0.0,0.0004559755166906571,0.0,0.0,0.0,0.0,0.0,0.0,0.000489375564551616,0.12322664056071424,0.0,0.0,0.0,0.0,0.0,0.0,0.0,0.0009893770354260387,0.0,0.0,0.005793882568461024,0.0,0.0004994941998604874,0.0010286251783147085,0.0,0.0,0.001936201873159121,0.0,0.0,0.001035227269650285,0.0,0.0004961332965042042,0.00046034282960735534,0.0,0.0,0.0,0.0004956008563339233,0.00048812132374197057,0.0004935335431257184,0.0,0.0,0.0,0.0,0.0,0.0,0.0,0.0,0.0,0.0,0.0,0.0,0.0,0.0,0.0,0.0,0.0,0.0,0.0,0.0,0.0,0.0,0.00046728400093680304,0.0,0.0005058236932709097,0.0,0.0,0.0,0.0,0.0,0.0,0.0,0.0,0.0004737464657101279,0.0,0.0004479073896266575,0.00048273381726938,0.0004749344004497524,0.0,0.0,0.0,0.0,0.0,0.0,0.0,0.000466454207903702,0.0,0.0,0.0,0.0,0.0,0.0,0.0,0.000494081521085732,0.0,0.0014330508974280504,0.0,0.0009606501968193816,0.0,0.0009486023580556545,0.0,0.0,0.0,0.0,0.0,0.0,0.0,0.0,0.0,0.0,0.0,0.0,0.0,0.0,0.0,0.0,0.0,0.0,0.0,0.0,0.0,0.0,0.0,0.0,0.00048057487297327125,0.0,0.0,0.0,0.0,0.0005035570773232206,0.0009286509505970006,0.0,0.0,0.00103711539970053,0.0004944333497681728,0.0,0.0,0.0,0.00047450011442848425,0.00045243158940449363,0.0010077343800666643,0.00048272705215056193,0.0,0.0,0.007168247371542052,0.0,0.00048759654424583625,0.002899277678732371,0.0,0.0,0.014760729167835888,0.002393734796207272,0.0004886070548893414,0.0038515313815687797,0.0024564386767644024,0.0,0.03082621797327753,0.0,0.018853232529792256,0.002429940848392313,0.0,0.14330030089978402,0.0019224184514564434,0.0010014382046426929,0.3458963442410556,0.0033682302121017167,0.003945624205143194,0.25381971284244914,0.0024559254138001585,0.0,0.0,0.0,0.0,0.0009568602706114804,0.0,0.0,0.0,0.0,0.0,0.0004627481311344808,0.0,0.0,0.0,0.0,0.0,0.0,0.0,0.0,0.0004493718716304533,0.0,0.0,0.0,0.0,0.0,0.0,0.0,0.0,0.0,0.0,0.0,0.0,0.0,0.0,0.0,0.0,0.0,0.0,0.0,0.0,0.0,0.00048759654424583625,0.0,0.0,0.0,0.0,0.0,0.0,0.0,0.0,0.0,0.0004935335431257184,0.0,0.0,0.0,0.0,0.0,0.0,0.0,0.0,0.0,0.0004555040409583958,0.0,0.0,0.0,0.0,0.0,0.0004957782728710518,0.0,0.00104602876428124,0.00047464626498517037,0.0,0.0,0.0,0.0009533249082396357,0.0,0.0,0.0,0.0,0.0,0.0,0.0,0.0,0.0,0.0,0.0,0.0,0.0,0.0,0.0,0.0,0.0,0.0004935335431257184,0.0,0.0,0.0,0.0,0.0,0.0,0.0,0.0,0.0,0.0,0.0,0.0,0.0,0.0,0.0,0.0,0.0
162,0.000470844737313691,0.0,0.0,0.0001185605676564515,0.0,0.0,0.0,0.0,0.0,0.0,0.0,0.006843319707490493,0.0,0.0009164639564436641,0.00031617991712328333,0.0,0.0,0.0012533426455251786,0.0,0.0,0.0,0.00046401592363467625,0.007020308987190056,0.0,0.0009360952430050985,0.0018635865344870154,0.0004592343379781077,0.0,0.000927873343477915,0.0,0.0,0.00031306453129046285,0.0,0.00047542831729444643,0.0,0.0,0.0,0.00046631433093763467,0.0,0.0,0.0,0.0009043848119692121,0.0,0.0,0.0,0.0,0.0,0.0,0.0,0.0,0.0,0.0,0.0,0.0,0.0004451081319323033,0.0,0.0,0.0,0.0,0.0,0.0,0.0,0.0,0.001262591197908315,0.0,0.0009426375408742893,0.0,0.0,0.0,0.0,0.0004583122463057068,0.0,0.0004709610011139512,0.0,0.0004561073670554505,0.0,0.001439620963379992,0.0,0.0,0.0,0.0,0.0,0.0,0.0,0.0,0.0,0.0,0.0,0.0,0.0,0.0,0.0,0.0,0.0,0.0,0.0,0.0,0.00047626152918873104,0.0,0.0,0.0,0.0009583567717293018,0.0,0.0004934197777258383,0.0,0.0,0.0,0.0,0.0,0.0,0.0004599966948269865,0.0,0.0,0.0003214132524241254,0.0,0.0,0.0,0.0,0.0,0.0,0.0,0.0,0.0,0.0,0.0,0.0,0.000530844876323025,0.0,0.0,0.0,0.0,0.002734145207478876,0.0004752399006470355,0.0,0.0004680343384938274,0.00032771403255411045,0.0,0.00042702279650263516,0.00048222608849552356,0.0004842217602228139,0.0014167989835215888,0.00045298012993467203,0.0009443131888852876,0.0,0.0013791674013277982,0.00965426734202907,0.0004842217602228139,0.0,0.0015436505327666617,0.000520328243340941,0.0,0.060028823948634236,0.0030007965320857167,0.060050452058886046,0.0021501537790407504,0.0009434122164213792,0.001892119711757994,0.0770566957342063,0.0023941281887270654,0.18445455068087727,0.0015900599396731403,0.11923360110049329,0.0,0.010382436597696476,0.0076725434315415945,0.03746281489934635,0.0891711968831687,0.002343280777153064,0.27167778964816364,0.001560022234762219,0.0,0.0,0.0,0.0,0.00046059476711825394,0.0004934197777258383,0.0,0.0,0.0011007309123145575,0.00046059476711825394,0.0,0.0,0.0,0.0,0.0,0.0,0.0013712828047737031,0.0004655343292992738,0.0,0.0,0.0,0.0,0.0,0.0,0.0,0.0,0.0,0.0,0.0,0.0,0.0,0.0004451081319323033,0.0,0.0,0.0,0.0,0.0,0.0004806329486858988,0.0,0.0,0.0,0.0,0.0,0.0,0.0,0.0,0.0,0.0,0.0,0.0,0.0,0.0,0.0004655343292992738,0.0,0.0,0.0003092530455455711,0.0004584758277759448,0.0,0.0,0.0,0.0,0.0,0.0,0.0,0.0,0.0009032726900907752,0.0,0.0004732680776559278,0.0,0.0013400743046939852,0.0,0.0011247462396373102,0.0,0.0,0.0004599966948269865,0.0,0.0,0.00047603448595721475,0.0,0.0,0.0,0.0,0.0004561073670554505,0.0,0.0,0.0,0.0,0.0,0.0,0.0,0.0,0.0,0.0,0.0,0.0,0.0,0.0,0.0,0.0,0.0,0.0,0.0,0.0,0.0,0.0,0.00046767559936856045,0.0004638035864606779,0.0,0.0,0.0
163,0.0009717890200920541,0.0,0.0,0.0,0.0,0.0,0.00043986833162943837,0.0,0.0,0.0007416735211222779,0.00032820946527060876,0.0013487316773867675,0.00042065442473666084,0.0,0.0012911926347944109,0.0,0.0,0.0021587985310582785,0.0,0.0009048054889557604,0.0,0.0008881726063779518,0.025144358794951065,0.0,0.0,0.007026246152694615,0.00178672786365315,0.00044417139343537693,0.006127787141884794,0.0008847148299511966,0.0,0.0004529366098795536,0.0,0.0005554825111277326,0.0,0.0,0.0,0.0,0.0,0.0,0.0,0.001967891546965171,0.0,0.0,0.0,0.00046248085808412906,0.0,0.0,0.0004424745289213733,0.00029425758221455963,0.0,0.0,0.0,0.0004632431234681784,0.0009102296044296647,0.0,0.0,0.0,0.0,0.0,0.0,0.00028709716305969725,0.0,0.00043668065708239604,0.0,0.0023647215143401735,0.003397308108570326,0.0004401201020712879,0.0004420137187613903,0.0,0.0012474506521022307,0.0004169286087465635,0.0,0.0,0.0048063366361899215,0.0,0.0019430586361833123,0.0011863339824757263,0.00030620539581507406,0.00044803089021380694,0.00044803089021380694,0.0,0.0,0.0,0.0,0.0,0.0,0.0,0.0,0.0,0.0,0.00047400365555159757,0.00042994667487614727,0.0006508931675034373,0.0,0.00045727957598596194,0.00031903664125802566,0.0004552760251210322,0.0004728490645663112,0.0,0.0,0.0004441729747185846,0.0,0.0,0.0,0.0,0.0004404075858888298,0.0,0.0,0.0,0.0,0.0,0.0,0.0,0.0,0.00032711049205316083,0.0,0.0,0.0,0.0,0.0,0.0,0.00044519925775469147,0.0004501467304103433,0.0,0.0010754133870946785,0.0,0.0,0.0,0.00044123547347777484,0.0002925010502181105,0.004206198989463083,0.0015800349684296272,0.0,0.0008859354344955489,0.0005599527331041621,0.00011429062669865745,0.0,0.0,0.0,0.0008765417910284855,0.002891157325088552,0.00044144432092879904,0.0,0.0,0.023684037016174057,0.0,0.0001080552989533807,0.003871147946041995,0.0003223813193337215,0.0,0.0060972596610121875,0.3173175571945938,0.14982308540288292,0.0004370762813843287,0.001289887150459481,0.004692129510932769,0.0027040784800687347,0.0023674970237517025,0.08701056538114998,0.04085874847453911,0.0016436180612270672,0.00671747315093088,0.0,0.1673894708204456,0.031054731217335013,0.005027640703445503,0.0037141436506476543,0.017476458260094325,0.0008748143287184696,0.0,0.0,0.0004169286087465635,0.0,0.002642060561207345,0.0,0.0004520371776756675,0.0,0.0,0.00043379333719618067,0.0,0.0025673740631146484,0.0009102117362109669,0.0,0.0004471290463988615,0.0004554125556452219,0.00043915648320917494,0.0009651835929831763,0.0008775031506543315,0.001093492062915608,0.0,0.0,0.0021083839827823686,0.0010259980283934228,0.0,0.0,0.0,0.0,0.0,0.00032608522672974467,0.0,0.0004588746416411459,0.0,0.0,0.0,0.0,0.0,0.0,0.0,0.0,0.0,0.0,0.00043759345560518906,0.00030663957357857867,0.0,0.0,0.0,0.0,0.0,0.0,0.000620191964041952,0.0,0.0,0.0,8.951530841823999e-05,0.0,0.00035692234068072394,0.00031886068123128137,0.0,0.0,0.0,0.00046346799911332713,0.0,0.0,0.0,0.0013736316648365766,0.0,0.0,0.0,0.004814272427438906,0.0004424745289213733,0.0013035380726887525,0.0,0.0,0.0004376131656663852,0.0,0.0006377213624625627,0.0007624897511187448,0.0,0.0,0.0,0.0,0.0,0.0,0.000452458352264918,0.0,0.0,0.0,0.0,0.0,0.0,0.0,0.0007514112665301925,0.0,0.0,0.0,0.0,0.0004769644912772329,0.0,0.0,0.0,0.0,0.0,0.0,0.0002936075170047185,0.0,0.0006004562669552778,0.0,0.00045949752893381413,0.0011409485469778336
164,0.0,0.0,0.0,0.0,0.0,0.00033197155861759795,0.000522808896363179,0.0,0.0,0.0,0.0,0.0008463305884217916,0.0,0.0,0.0,0.0,0.0,0.0,0.0,0.0,0.0,0.0,0.003509047500251105,0.0,0.0,0.0003413826807878407,0.001383096683992821,0.0004950164631018566,0.0008750360174167025,0.0,0.0,0.0004950164631018566,0.0,0.0,0.0,0.0,0.0,0.0,0.00048168858348592594,0.0,0.0,0.0004950164631018566,0.0,0.0,0.0,0.0,0.0,0.0,0.0,0.0006707952757587161,0.0,0.0,0.0,0.0,0.0,0.0,0.0,0.0,0.0,0.0,0.0,0.0,0.0,0.0,0.0,0.0,0.0005098301086746333,0.0,0.0,0.0005179047260908288,0.0,0.0,0.0,0.0,0.00033810080692430453,0.0,0.000524420598459353,0.0,0.0,0.0,0.0,0.0,0.00034159014248007186,0.0,0.0,0.0,0.0,0.0,0.0,0.0,0.0,0.0005037566603870236,0.0,0.0,0.0,0.0,0.0,0.0,0.0,0.0,0.0004939508210540578,0.0,0.0,0.0005173688837517704,0.0,0.0,0.0,0.0,0.0,0.0,0.0,0.0,0.0,0.0,0.0,0.0,0.0,0.0,0.0,0.0,0.0,0.0,0.0,0.0,0.0,0.0,0.0,0.0,0.0,0.0,0.0,0.0005004474458157168,0.0,0.0,0.0,0.0,0.0,0.0,0.0,0.00033197155861759795,0.0005088894635791308,0.0,0.0,0.0,0.0005024011839024684,0.006503679364734105,0.0,0.0,0.0008125932400743893,0.0,0.0,0.012141760099867963,0.01853297056251237,0.0737319372242993,0.0005326719825804231,0.0,0.0005173688837517704,0.0,0.0,0.48505794452687506,0.0025128101821521643,0.000519419713744732,0.010802803356563416,0.3336773553043458,0.0,0.006959957261084064,0.0020701578435488835,0.0010177240225114567,0.01589416195510021,0.00034159014248007186,0.0,0.0016318640992196278,0.0,0.0,0.0003345088977848901,0.0,0.0,0.0,0.0,0.0,0.001045617792726358,0.0,0.0,0.0,0.0,0.0,0.0,0.0,0.0,0.0,0.0,0.0,0.000524420598459353,0.0003487653316764288,0.0003345088977848901,0.0,0.0005116059504568666,0.0,0.0,0.0,0.0004949010298652677,0.0,0.0,0.0,0.0,0.0,0.0,0.0,0.0,0.0,0.0,0.0,0.0,0.0,0.0,0.0,0.0,0.0,0.0,0.0,0.0,0.0,0.0,0.0,0.0,0.0,0.0010112906474815991,0.0005188659027677968,0.0,0.0,0.0,0.0,0.0,0.0,0.0,0.0,0.0,0.0,0.0,0.0005116059504568666,0.0,0.0,0.0,0.0,0.0,0.0,0.0,0.0010238814540985436,0.0005173688837517704,0.0,0.0,0.0,0.0,0.0,0.000492760346675613,0.0,0.0,0.0004939508210540578,0.0,0.0,0.0005241341814554278,0.0,0.0,0.0,0.0,0.0,0.0,0.0,0.0005241341814554278,0.0,0.0,0.0,0.0,0.0,0.0,0.00034068499342351707,0.0005088894635791308,0.0,0.0,0.0006414953354621916
165,0.0016003672018896648,0.0,0.0003716587014493249,0.00034300048199466466,0.0,0.00014450257238009245,0.00020187391882619382,0.00029552949721180433,0.0003496207842124445,0.0,4.3291737801520375e-05,0.07176423769917127,0.0,0.0,0.0009256595501238582,0.0,0.00036209713313770786,0.005989906960879003,0.00046467863680563524,0.0018649932692508982,0.0,0.0,0.040663202412160725,0.00013928362730852948,0.0,0.006145767212628518,0.00481512728351793,0.002506654288985549,0.006023367222694035,0.0006702109271604585,0.00014809463579442406,0.0019081452456527507,0.00016148160417951463,0.0006017526334660766,0.0001547976883959052,0.0001553181346915527,0.0,0.0002053830685388329,0.002274519363824679,0.0003019685915986465,4.3753342916451046e-05,0.0028722063293578123,0.00026259642395523613,0.0,9.151525935715094e-05,0.0003809538835559558,0.0,0.0,0.0,0.0002916672169836352,0.00015040463141584328,0.0,0.0,0.0,0.000509807453299761,0.0,0.0003186014695289669,0.00014120076484162178,0.0001624335811000924,0.0,0.0001465156651548084,0.00015278037072993564,0.0,0.008236591769077588,0.0,0.004700031682812135,0.001540551123140589,0.0010743911044401838,8.712832956746321e-05,0.0010237702920407044,0.0003009171922879178,0.0016590140452061879,0.00058386746714851,0.00030646219636622815,0.0007970182435763296,0.0006699420650294142,0.002404917439858478,0.0010060108014003665,4.103979379830888e-05,0.0005171671924017104,8.299126598005273e-05,0.0,0.0008059901191400878,0.00018096526555920234,0.000614054203041062,0.0,3.8193076214465686e-05,0.0003000567332808311,0.0,0.0,0.00044489011819085075,0.0003964128542592232,0.0004629516725182916,0.00017024506734705834,0.00031151351651052285,0.0,0.0014761927810194723,0.0,0.0001619124432730737,0.0,4.013064944825772e-05,0.0003216688552527706,0.0002440767079500377,0.0,0.0002993009086350925,0.0,0.00029059490949407627,0.00036554273101408423,0.0,0.00016265682265968352,0.0,0.00024015375914935162,0.0002830403275311221,0.0003072354462127373,0.0003929040603991224,4.17532542553631e-05,0.0,0.0,0.0,0.0,0.0,0.00017119447443966662,0.00015933149445572202,0.0,0.0,0.0008346864801858043,4.0328465053604e-05,0.0005159037165893995,0.00021037149715576154,0.0,0.002419548928105166,0.004039312263915288,0.0006426975577932605,0.002800506259511516,0.02394036424245471,0.002124600561681847,0.000413051533855781,0.0005125518093938397,0.00019462587211272928,0.00075460818161666,0.03227332186316246,0.00630029539369471,0.0010981580478839558,0.00033323546135593184,0.003558968146361598,0.05030470853469733,0.00029651421533099896,0.0007891139922814939,0.004134806950095256,0.0005489695396006444,0.0028465187530351535,0.002754394928253718,0.007350124789501861,0.0009690802043465682,0.046610783538208196,0.10530854537941499,0.002409432666970392,0.030887910076123418,0.003272476073464733,0.006748750443443849,0.002948630034380389,0.060231290316762845,0.010682899466448903,0.0033773840209484103,0.0009578568876554273,0.0,0.02145365486479193,0.10641812452415357,0.014143348452104352,0.2110289996407251,0.0,4.3511073035039954e-05,0.0005986861294447006,0.00014864093356786712,0.0027293489946617322,8.712832956746321e-05,0.0001592470282231776,0.0001564934326341823,0.00031910183514003316,0.00019765048258940144,0.00015661939989462462,0.0007498913183529746,0.00014911275231669033,0.00017654789849669067,0.0,0.00015740986997215764,0.0008077671488577707,0.0,0.0,0.0005765794126210002,0.0,0.00013395363992709227,0.00030219973739937535,0.00103218083203183,0.00016392623040301568,0.0,0.0,0.00018872382078672167,0.0,0.0,0.0,0.00016047688446910817,0.0,0.0004983749543085729,0.0,0.000348426948819255,0.0,0.000159061496665237,0.0002833925535924729,0.0005649140975888265,0.0,0.0008510085049604133,4.3628596533572115e-05,0.0001638922683017209,0.0,0.0,0.00015223539341105113,0.0013196745477648917,0.0,0.00048629729422100944,0.0,0.0,0.0001574584806714662,0.0,0.00014689574459848958,0.00014494847381027595,0.001645168339852409,0.000468107878864234,0.0,0.0,0.0,0.0004125411578994289,0.0001013629450905286,0.00015445537502783212,0.0009388719253479916,0.0004767636515820973,0.00012761390654710244,0.00047231059589000117,0.00015679809623539114,0.001033415934762098,0.0006570789374698684,0.0007953870823663196,0.0,0.00017202810285207534,0.0003204598057820734,0.0,0.0,0.00245913008192434,0.00015832842902802486,0.0001735685069335045,0.00017340440924998828,0.0,0.000126686872327662,0.00016043072163118935,0.0006152809599985032,0.0,0.0001758763949749567,0.00015859808361507288,0.0,0.00030240120767559357,0.00015658712327992115,0.0,0.0006711025560355979,0.0001441877605305387,0.0,3.5960723101386306e-05,0.0,0.00035691212097212205,0.0,0.00016311034346207394,0.0,0.0,0.0,0.00021007041530384914,0.0002991523721268674,3.725807550144514e-05,0.0003406286149659183,0.0,0.0,0.0003163966442156163
166,0.0,0.0,0.0004713975602191376,0.0,0.0,0.0,0.0010882180151393845,0.0,0.0,0.0,0.0002530903505778073,0.000712696945217648,0.0,0.0,0.0012307207906820075,0.0,0.0,0.0014079275223163013,0.0,0.00072958246070926,0.0,0.0,0.013208988780702867,0.0,0.0,0.002300502603500736,0.001930622293859911,0.0006120814969084258,0.001318209968599763,0.0006458062262415764,0.001298332863168738,0.0,0.0,0.0,0.0,0.0,0.0,0.0,0.0006080646076429538,0.0,0.0,0.0005797284246330844,0.0,0.0,0.0,0.0,0.0,0.0003584267313293189,0.0,0.0002530903505778073,0.0003669742033944751,0.0,0.0,0.0,0.0,0.0,0.0,0.0,0.0,0.0,0.0,0.0,0.0,0.001079352570175493,0.0,0.0039044065162155265,0.0009441969336425653,9.08604921621979e-05,0.0,0.0,0.0,0.00035730437992328,0.00022327048637639543,0.0,0.001485558014106299,0.0,0.00022903242101782854,0.0003667251301534552,0.0,0.0002356987801095688,0.0,0.0,0.0,0.0003420517337144249,0.0005561155294908793,0.0,0.0,0.0,0.0002384186859636428,0.00038107336731352855,0.0,0.0005946815325018968,0.0,0.0002117731374566292,0.0,0.000359765386194347,0.001771676968128141,0.0,0.0,0.0,0.00036408222747239753,0.0,0.0,0.0,0.0,7.771805252255956e-05,0.0,0.0,0.0,0.0,0.0,0.0,0.0,0.0,0.0,0.0,0.0,0.0,0.0005187558605359155,0.0,0.0,0.00022903242101782854,0.0,0.0,0.0,0.00023166117649896044,0.0,0.00036080047060806634,0.0,0.0,0.0,0.0022126787681109,0.00025007006018012404,0.0,0.00026796791442555365,0.0,0.0,0.0,0.0,0.0,0.002217384221208731,0.0003570960769403102,0.0009940310300946534,0.0003477059489974484,0.0003563104965383065,0.008837875816613048,0.0003506050060962438,0.0,0.0005739650248197837,0.0,0.0003416268775324852,0.0014592315766222288,0.010965871790647033,0.041578557087294195,0.034189966573847874,0.00036408222747239753,0.19512099831021448,0.31146115499106797,0.0824865201280329,0.006146592785280777,0.008348391670861096,0.002007456403702082,0.12344926588308235,0.005709912252952332,0.0010588796841965928,0.08375757089123541,0.0,0.009886108351911753,0.0027008005273899314,0.0033552474159506468,0.0,0.0,0.0,0.0,0.0007135751982132267,0.0,0.0006954118979948968,0.0,0.0,0.0,0.00026313387058764275,0.0004796636589526731,0.0,0.0,0.0,0.0,0.0,0.0,0.0,0.0,0.0,0.0,0.00024264198125510946,0.0,0.0006062594763633882,0.0,0.0,0.00033422960241553164,0.0,0.0,0.00036468134133154766,0.0,0.0,0.0,0.0,0.0,0.0,0.0,0.0,0.0,0.0,0.00025439567436576026,0.0,0.0,0.0,0.0,0.0003560230865075235,0.0007138870695459567,0.0,0.0,0.0,0.0,0.0,0.0002632358900325698,0.0,0.0,0.0006026838482420594,0.00035186719636289465,0.0,0.0005220528723764361,0.0,0.0,0.00036468134133154766,0.0,0.0004404095562936708,0.0,0.0007491235948684854,0.0,0.0,0.0017812851010268773,0.0,0.0010779404021722995,0.0,0.0,0.0,0.0,0.0,0.0005096389165284883,0.0,0.0,0.0,0.0,0.0,0.0,0.0,0.0,0.0,0.00036153077733213165,0.0,0.0,0.0,0.0003646503448427262,0.0,0.0003604550351059177,0.0,0.0009636208019237253,0.0,0.0,0.0,0.0,0.0,0.0,0.0,0.0,0.0,0.0,0.0,0.0,0.0,0.000580521201984159
167,0.0008165719736804166,0.0,0.0,0.0,0.0,0.0,0.0,0.0,0.0,0.0,0.0,0.002371225059082699,0.0,0.0,0.0017876150418967207,0.0003801530618593246,0.0,0.0007342724308899973,0.0,0.0,0.0,0.0003955768208072415,0.015962027579491393,0.0,0.0004339611777121236,0.0066206659097077835,0.0023954116888609033,0.001085610781206975,0.0032221414161607313,0.0,0.0,0.0003872491017657337,0.0,0.0,0.0,0.0,0.0,0.0,0.0012991824582757495,0.0,0.0,0.0013762846791302847,0.0,0.0,0.0,0.0,0.0,0.00028297253163558434,0.0,0.0003906989215047907,0.0,0.0,0.0,0.0,0.00030439454673562334,0.0,0.0,0.0,0.0,0.0,9.853921189253807e-05,0.0,0.00040196271142234536,0.06589873716177969,0.0,0.005400129735918444,0.004162490802710706,0.0004695471338690277,0.001191133172367494,0.000546657144996903,0.0,0.0030233362798664596,0.0004913013947496122,0.0,0.0020047883755825837,0.0,0.0024628007676932933,0.0026364006589681753,0.0004034222227255253,0.0003895330643790993,0.0015850652179649834,0.0,0.0004015634739618868,0.0,0.00031714059428038927,0.0,0.0,0.000681001171302276,0.0,0.0,0.0,0.0003014778482491789,0.0,0.000838796950053733,0.0,0.0,0.000669267302196508,0.0,9.586376619818858e-05,0.0,0.000445209863559086,0.00047117550339688413,0.0,0.0,0.0,0.0,0.0009960901448744011,0.0,0.0,0.0,0.0,0.0,0.0,0.0,0.0,0.0,0.0,0.0,0.0,0.0,0.0,0.0,0.0,0.0,0.0,0.0007137246147803033,0.0,0.0007580301348925929,0.0,0.0,0.0,0.001593183520864041,0.00037901506744629645,0.0,0.0,0.0003014778482491789,0.0,0.0,0.00038455133132936337,0.0,0.0036127032365304993,0.002396548359573573,0.00029896428230695237,0.0008207796194776073,0.0018696369014914575,0.01063963459606356,0.0,0.0,0.0024886928295149934,0.0014090277160488552,0.0,0.000408900897115604,0.0059710002459022315,0.0010956421483967105,0.22735800960341945,0.040987682055007496,0.0,0.014170901718044115,0.0008170532320845894,0.0035395856787532706,0.008357791808232285,0.0036800225323918466,0.0022701383304265647,0.002963649783788833,0.0,0.47975261301391003,0.01640032574738524,0.0,0.0017283022496723181,0.010188215548454676,0.0,0.0,0.0,0.0,0.0014548577478003142,0.0,0.0,0.00039440835036151146,0.0,0.0,0.0,0.0,0.0,0.0,0.0,0.0003799088623108532,0.0004034807121164075,0.0,0.0,0.0,0.0,0.00040962372961816056,0.000560226816062812,0.0003843631088310848,0.0,0.0,0.0,0.0,0.0,0.0,0.0,0.0,0.0,0.00020923508215246045,0.0,0.0,0.0,0.0,0.0,0.0,0.0,0.0,0.0004039702827076006,0.0,0.0,0.0,0.0,0.0003977201512200089,0.0,0.0,0.0,0.001003503042696259,0.0,0.0,0.0007471170148064522,0.0,0.000663903786227032,0.0,0.0,0.0,0.0,0.0004196908912350635,0.0004315489725413347,0.000100987645511381,0.0004077676302906427,0.0011505160469291972,0.0,0.0,0.0,0.0024067231661168307,0.00035009154733889536,0.0003802159103822594,0.0,0.0,0.00041518495873771766,0.0,0.0,0.0004142282107370743,0.0,0.0,9.466550419069113e-05,0.0003044264759784038,0.0,0.0,0.0,0.0,0.0,0.00040037976978164513,0.0,0.0004079809621424162,0.0,0.0,0.0,0.0,0.0,0.0,0.0,0.0,0.0,0.0,0.0,0.0,0.0,0.0,0.0,0.0,0.0,0.0,0.0,0.0009180221142572929
168,0.00023399354743637723,0.0,0.0005630660834588506,0.00048825443265337355,0.0,0.0,0.0,0.0002667399211650022,0.0,0.0006211500124034766,0.0005492285092460078,0.07636015186006273,0.0,0.0,0.0009639459952925452,0.0,0.0,0.002151928629319615,0.0,0.0006071130465314992,0.0,0.0002821264707829693,0.01834108529797384,0.0,0.0002724365429284256,0.00244780189754177,0.0013222761448108196,0.0011149417350916821,0.0027956108591644046,0.0008357585386730367,6.708545480129939e-05,0.0,0.0,0.00027904137406612215,0.00023048141543253713,0.0,0.0,0.0,0.0005186899981019977,0.0,0.0,0.0006103081850821711,0.0,0.00025507856806077203,0.0,0.0002840969501002851,0.0,0.0,0.0,7.002069042620272e-05,0.0005525442891700907,0.0,0.0,0.0,0.0005164943350550116,0.0,0.0,0.0,0.0002954171546097185,0.0,0.0,0.0002862038316020778,0.0,0.0008135962482183557,0.0,0.0022544642931820948,0.0015545232023748165,0.0,0.00035616271638046844,0.0002726076542480881,0.0002091045305344924,0.00027189815202319966,0.0,0.00042963465151861074,0.0012892402726978082,0.0,0.0014166005932422826,0.0,0.0,0.0,6.768800584817021e-05,0.0,0.0,0.0,0.0,0.0,0.0,0.0005700439126343508,0.0,0.0,0.0,0.00024902341095341774,0.0,6.948529293362812e-05,0.0002790559390654584,0.0001981407782341924,0.001785101104103987,0.0,0.00020881127139419536,0.0,0.0,0.0,0.0002871509348367911,0.0,0.0,0.0,0.0,0.00034536216592475846,0.0,0.00026459500576902264,0.00019651629217762084,0.0004980065618967588,0.0005920179040227211,0.0,0.0,0.00028200249857228025,0.00019727099180897012,0.0,0.0,0.0,0.0,0.0,0.0,0.0,0.0,0.0005698354809756985,0.00024461767924633467,0.0003015299975562312,0.00019922315348355329,0.0,0.0005112999835643963,0.0038221296302219255,0.0008635388091562319,0.0,0.0013190149663873608,0.0006289465425136823,0.0008378928053693466,0.0005392041075897543,0.0002871509348367911,0.0005461745245095018,0.000415991061876803,0.001409303170978812,0.0005554255102531099,0.0005274105395659982,0.0,0.05749921395632621,0.0010957226538345019,0.0007180107784984422,0.13051868203508263,0.0,0.0002862038316020778,0.20878150215751734,0.005680170254058856,0.00302757558563449,0.00023044876125126535,0.0011166427096232366,0.0005278074718733977,0.0020608742610998556,0.0013813168112189872,0.0839296728838622,0.00449272030917714,0.1400252525717916,0.13523946754765512,0.010005779224329327,0.003754551743768668,0.04775784446220577,0.0018851223172928926,0.0016258158313813128,0.0,0.0019300428980356373,0.0,0.00025507856806077203,0.0002650002064276015,0.0,0.0009824953652481537,0.0,0.00020530853776017032,0.0,0.0,0.0002688088240034295,0.0,0.0005188601948843681,0.00027189815202319966,0.0,0.0,0.0,0.0,0.0,0.0,0.0,0.0,0.0,0.0,0.00027189815202319966,0.0005190626838609695,0.0,0.0,0.0,0.0,0.0,0.0002840969501002851,0.0,0.0,0.0,0.0,0.00013537601169634042,0.0,0.0002895110889408079,0.0,6.992664497542557e-05,0.0,0.0,0.0,0.0,0.0,0.0,0.0,0.0002952575770507999,0.0,0.0,0.0,0.0,0.0,0.0,0.0,0.0,0.0008164723751913403,0.0002083652641706832,0.0,0.00025320804761005993,0.0,0.0,0.0,0.00025507856806077203,0.0,0.0011226852765622171,0.0,0.0,0.0,0.001595803225156931,0.0007956862431485053,0.0,7.543826534922689e-05,0.0,0.0002836939935009533,0.0,0.0,0.0008045970099702142,0.0,0.0,0.0,0.0,0.00025514261634263663,0.0,0.0,0.0,0.0,0.00025507856806077203,0.0,0.00013537601169634042,0.0,0.0,0.0,0.0,0.0,0.0,0.0,0.0,0.0,0.0,0.0,0.0,0.0,0.0013505013680988169,0.0,0.0,0.00023048141543253713,0.0,0.0,0.0006395066837447678
169,0.0,0.0,0.0,0.0,0.0,0.0,0.0,0.0,0.0,0.0,0.0,0.0019446052477794227,0.0,0.0,8.772470608268149e-05,0.0,0.00025461861940130495,0.0005456708999177357,0.0,0.0,0.0,0.0,0.004461737530031652,0.0,0.0,8.772470608268149e-05,0.0009211861106187773,0.0013043991243834128,0.0018407627574575582,0.0,0.0,0.0,0.0,0.0,0.00032924084076281317,0.0,0.0,0.00022248509326268395,0.0012828495308261005,0.0,0.0,0.00025196045297934416,0.0,0.0,0.0,0.0,0.0,0.0,0.0,0.0,0.0,0.0,0.0,0.0,0.0,0.0,0.0,0.0003004747009965466,0.0,0.0003174757833823454,0.0006733726504249034,0.0,0.0005274017474225907,0.0012604525491346575,0.0,0.0007272587422239367,0.0006502704269984028,0.0005887208669840672,0.0,0.0,0.0,0.0,0.0,0.0,0.0,0.0006401989550978036,0.0,0.0,0.0,0.0,0.0,0.0,0.0,0.0,0.0,0.0,0.0,0.0,0.0,0.0,0.0,0.0,0.0,0.0,0.0,0.0,0.0,0.00020508250231437506,0.0,0.0,0.0,0.0,0.0,0.0,0.0,0.0,0.0,0.0,0.0,0.0,0.0,0.0009698399029144027,0.0,0.0,0.0,0.0,0.0,0.0,0.0,0.0,0.0,0.00031544884903457167,0.0,0.0,0.00033169580565899656,0.0006704414763723031,0.0,0.0,0.0,0.0,0.001786187089886102,0.002426828893028897,0.0006708660072164679,0.010933793964011373,0.018761089744982765,0.0,0.0004950270959861889,0.0,0.0,0.0,0.11210599498283925,0.0011861307117019913,0.00031305088084488086,0.0,0.006448659244106646,0.008900658808132822,0.0,0.0009597534966075078,0.0009557723680311389,0.00045283154945358463,0.012932170990979599,0.0,0.0007147336608836608,0.0006440412949280417,0.0007571710443745762,0.07161929306678438,0.0,0.0009635296344987572,0.00033707653319827997,0.0,0.0,0.0,0.0019017918427163152,0.00040964223483688344,0.0003256668549890911,0.7076379906200577,0.0012299723598593743,0.006520168379727219,0.0005662531699281536,0.0,0.0,0.0,0.0,0.0,0.0,0.0003110113714930149,0.0,0.0,0.0003255702044910599,0.0,0.0,0.0,0.0,0.0,0.0,0.0,0.0,0.0,0.0,0.0,0.0,0.0,0.0,0.0003181969068992649,0.0,0.0,0.0,0.0,0.0,0.0,0.0,0.0,0.0,0.0,0.0,0.0,0.0,0.0003156281089063659,0.0,0.000345692624409192,0.0,0.0,0.0,0.0,0.0,0.0,0.0,0.0,0.0,0.0,0.0,0.0,0.0,0.0,0.0,0.0,0.0,0.0,0.0,0.0,0.0,0.0,0.0,0.0,0.0,0.0,0.0,0.00032191752875420195,0.0,0.000516667545927189,0.0,0.0003090763296450599,0.00028806664737131326,0.0,0.0,0.0,0.0,0.0013523457133823827,0.0,0.0003097250184558387,0.0,0.0,0.0,0.0,0.0003237094784107497,0.0,0.0,0.0,0.0,0.0,0.0,0.0,0.0,0.0,0.0,0.0,0.0,0.0,0.0,0.00029314541871664786,0.0,0.0,0.0,0.0,0.0,0.0,0.0,0.0,0.0,0.0
170,0.0004965954772855649,0.0,0.0006843145713360486,0.0007184496175575188,0.0,0.0,0.0,0.0,0.0,0.0,0.0,0.0,0.0,0.0,0.0,0.0008138265961301502,0.0,0.0,0.0,0.0010925839762622933,0.0,0.0,0.01458383320705637,0.0,0.0,0.0017446330276222229,0.0026023972226366676,0.004160693754550216,0.0027388372074568556,0.001408036169687893,0.0,0.0010906588314103765,0.0007184496175575188,0.0007047525018694829,0.0,0.0,0.0,0.0,0.0007266734170628695,0.0,0.0,0.0009064191813666111,0.0,0.0007089289645848938,0.0,0.0004965954772855649,0.0,0.0,0.0,0.0,0.0007210457358384701,0.0,0.0,0.0,0.0,0.0,0.0006085596088504725,0.0,0.0,0.0,0.0,0.0,0.0,0.0,0.0,0.0,0.0,0.0,0.0,0.0,0.0,0.0,0.0,0.0,0.0,0.0,0.0007160262070430571,0.0,0.0,0.0,0.00070543490471709,0.0,0.0,0.0006934939436773948,0.0,0.0,0.0,0.0,0.0,0.0,0.0,0.0,0.0007145022507383051,0.000717583464944034,0.0,0.0,0.001509286701043655,0.0,0.0006888160361927034,0.0,0.0,0.0,0.0,0.0,0.0,0.0,0.0,0.0,0.0,0.0006889772707870699,0.0,0.0,0.0,0.0,0.0012068196128961301,0.0014464355860148265,0.0,0.000710225908320934,0.0,0.0,0.0,0.0,0.0,0.0007110773527462702,0.0,0.0014253937873490148,0.0,0.0018102630333116493,0.0,0.0,0.0,0.0,0.0005382179978683628,0.0,0.0004933808786625136,0.0,0.0,0.0,0.0,0.0,0.0,0.0,0.0,0.0,0.0,0.001976957993479554,0.0,0.0007004884701505797,0.0,0.0,0.0,0.0,0.0,0.0,0.0,0.0,0.0006707611618167983,0.0,0.0,0.0,0.0,0.0,0.0,0.0,0.0007266734170628695,0.0031736927782598217,0.0,0.0,0.0,0.0,0.0,0.0007529728301413998,0.0031857509838383647,0.0047531307270582005,0.06704012935511164,0.0,0.0007223717145351581,0.0,0.0006889772707870699,0.006327780185864638,0.00017910326590312177,0.0007047525018694829,0.00195728795735367,0.00970050736517454,0.0014585525613292226,0.0006960774543856822,0.0007172927262785842,0.21845600164192555,0.012801113940755319,0.001411190990589326,0.0,0.0026608748428617085,0.0034092538024005367,0.001462568381857804,0.0,0.0006784914644352835,0.0,0.0007442162229645366,0.0,0.0,0.0,0.24381507836937732,0.00041663106355459636,0.0007192404019048668,0.00148679992205416,0.09236500779341336,0.0,0.0004965954772855649,0.0017160734395838886,0.0014612220217157569,0.13435538155664567,0.0015187315790081036,0.0016175493218115854,0.0,0.0,0.0004810977962489547,0.02102767038028683,0.002874430510431536,0.0014349601163577417,0.0,0.000485209371984995,0.004181164718614355,0.0,0.001416906774722086,0.0,0.004400554622051789,0.06662737493327182,0.0,0.0,0.0,0.0,0.0,0.0,0.0004965954772855649,0.0013582184349149814,0.002093857173453189,0.0,0.0,0.0,0.0005281339642348562,0.0,0.0,0.00030895773282293054,0.0,0.0,0.0014054097553168328,0.0,0.0007577623787920932,0.0004927128566733185,0.0,0.0,0.0,0.0,0.0,0.002147497252186003,0.0,0.0,0.0,0.00017428398432748704,0.0007272730956818627,0.0006995649481474444,0.00048604772496277756,0.0008692757446829256,0.0,0.0,0.0006852548366461104,0.0,0.0012112582632513007,0.0,0.0,0.0,0.0,0.0,0.0011779114084927427,0.0,0.0,0.0,0.0,0.0,0.0012231136898910354
171,0.0,0.0,0.0,0.0,0.0,0.0,0.0,0.0,0.0,0.0,0.0,0.0,0.0009434452184454965,0.0,0.003110346459811356,0.0,0.0,0.001301935455816981,0.0,0.00046211805496276,0.0,0.0,0.021857664818073688,0.0003271462357885971,0.0,0.0021722128800179606,0.001360767555042467,0.003212392295707806,0.0009633347175555416,0.0007783689535625598,0.00044003809906445837,0.00046871771121098215,0.0,0.0022590598565111935,0.0,0.0,0.0004748627512672021,0.0,0.0022698968452418812,0.0,0.0004676047869302391,0.0035388952416565184,0.0004402895617261812,0.0,0.0,0.0,0.0,0.00044549989884907435,0.0,0.0,0.0004455893467307983,0.00045509746336195363,0.0,0.0,0.0,0.0,0.0,0.0003271462357885971,0.0,0.0,0.0,0.0,0.0,0.0,0.0,0.0004637833939448035,0.0008111269510202115,0.0,0.0,0.0004582010526751505,0.0,0.0,0.0,0.00043962052305278684,0.0004467134183564897,0.0,0.0004586949332978893,0.0,0.0,0.0,0.0,0.0,0.00011914785986961079,0.0,0.0,0.0,0.0,0.0,0.0,0.0,0.000908996361558928,0.00044549989884907435,0.0,0.00040876357564862396,0.0004565316292738694,0.0,0.0016045114176426354,0.0,0.0,0.0,0.0,0.0004676843104481043,0.0,0.0,0.0003576226824904567,0.0,0.0,0.0,0.0,0.0,0.0,0.0004596451237473405,0.0,0.0,0.0009093093864449747,0.0004397855499932889,0.00045707354786474387,0.00045649474915641474,0.0,0.0,0.0,0.0,0.0,0.0,0.0004340523065640732,0.0,0.0,0.0016926196136237742,0.00041248338576335496,0.0,0.0,0.0009307939858503771,0.001039300627620448,0.0,0.0009113748905781773,0.0003550901653744113,0.0019061095010270823,0.0,0.0,0.0013674416080782816,0.0,0.003817981026468013,9.621555497492963e-05,0.0,0.0,0.003397582577886646,0.0,0.0,0.00045149561857073315,0.00052412662576133,0.0,0.0009493317396737883,0.0014197839554563846,0.00037030791545781996,0.0,0.0,0.0,0.0004454208360365163,0.0,0.0,0.0,0.0,0.0009235911745496051,0.0,0.0,0.0018098210134169825,0.0004517016822252119,0.0004391092597623425,0.0013593104947920134,0.000994149935701167,0.00011531770617572129,0.0,0.0036557418137906604,0.0006148996921989826,0.05726902905229794,0.0003578178520214594,0.0009303365025111542,0.0031626745845085625,0.4490650503414299,0.0009205833664757803,0.0013620379494853742,0.015569352697626604,0.0009179311304282982,0.0,0.0008432496473816946,0.009132723062316671,0.01178931202137865,0.0,0.0009055187161434602,0.03652579645362754,0.00045649474915641474,0.0,0.07880426766570982,0.07443478986953585,0.003315119756040722,0.006262896598612622,0.1077346471197657,0.021785253896239486,0.0008873413234243033,0.0,0.0004800113542149426,0.0003532361128238101,0.0,0.0,0.0,0.00032551687291786086,0.0,0.0,0.0009814410717983862,0.0009167871500163588,0.0,0.0,0.0,0.0,0.0004568175032563124,0.00043785648702127366,0.00102088713360172,0.000834131364921825,0.0,0.0003683744056000108,0.0018901970977517667,0.0,0.0,0.00028341781760689424,0.0,0.0004575292134932265,0.0021589304600273837,0.0007927535103537468,0.0,0.0,0.0,0.0009227419721575971,0.00047590640438674534,0.0004553720860700419,0.00011405067522371584,0.00046164956637627857,0.0,0.0,0.0,0.002140140382698913,0.0,0.0,0.0,0.0004568175032563124,0.000921163389250814,0.0,0.00046871771121098215,0.0029015996194724607,0.0,0.0007365675965529176,0.0,0.0,0.0,0.0,0.000454457943651848,0.0,0.0,0.0009150879479153921,0.0004676047869302391,0.00045324401214173364,0.0,0.0,0.0,0.0,0.0,0.0,0.0,0.0,0.0,0.0,0.0,0.0,0.0,0.0,0.0011488750908918415,0.0,0.0009233389587154026,0.0,0.0004637833939448035,0.0009519775317898701
172,0.0,0.0,0.0,0.00040240983816307817,0.0,0.0,0.00038728593320728506,0.0003886551155249784,0.0,0.0006473059100671482,0.0,0.0,9.752905107100607e-05,0.00040120734037211,0.0010273951795008304,0.0,0.0,0.0014513815670073196,0.0004007039684882768,0.002134472079087376,0.0,0.0007793759095592716,0.04141122686465992,0.0004045835671476291,0.0,0.026420533291131008,0.0035372927468550744,0.00370777617342425,0.005434671536107593,0.00032992990991194605,0.0,0.0007884611236737063,0.0,0.0,0.0,0.00037126631915456213,0.0,0.0,0.0005153075348675506,0.00039987662373612435,0.0,0.0031210563930460103,0.0,0.0,0.0,0.0,0.0,0.0,0.0,0.0,0.0,0.0,0.0,0.0,0.0,0.0,0.0004002327270785983,0.0,0.0,0.0,0.0,9.559739940664992e-05,0.0,0.0,0.0,0.00019974283235747354,0.0003108810071036928,0.0,0.0,0.0,0.0,0.0,0.0008615877017736247,0.0,0.00027932784298864466,0.0,0.0004057998789091824,9.769818099102336e-05,0.0,0.0,0.0,0.0,0.0,0.0004369885138406,0.0003594443620604268,0.0,0.0,9.559739940664992e-05,0.0004096378265758978,0.0,0.0003997857955296659,0.0008298761849787776,0.0,0.0,0.0003059641396228317,0.0007875319674129072,0.0010269006171343509,0.0004025910927828965,0.000526759745165073,0.0,0.0007711592885028388,0.0,0.0008177603596076371,0.0,0.0,0.0,0.0,0.000416371594240022,0.0,0.00037258854153871397,0.0,0.0005941096724285403,0.0,0.0006915816651405502,0.0003212602532131669,0.0016954332027003145,0.0,0.0,0.0006102131381632538,0.0,0.0,0.0,0.0,0.00032494603566985254,0.0,0.0009532796408493436,0.00029220476084981665,0.00027932784298864466,0.0,0.00036350782526931084,0.0003893942416995944,0.0003857876155129574,0.0,0.0,0.002969115695234357,0.0,0.0003639003692201057,0.0006900938028066167,0.0,0.0,9.412040775224901e-05,0.0,0.0,0.00033630806719765776,0.0,0.0021619684294241245,0.0,0.0007936363679084654,0.0008389569691930392,0.0,0.0,0.0,0.0012395576134732144,0.0,0.0,0.0,0.0,0.00041806885143011517,0.0003212602532131669,0.0011136120028624285,0.0,0.0,0.0,0.0005818549629876454,0.0,0.0006984546632428874,0.00040361594007787955,0.00039156697361067904,0.00010644365879257805,0.0,0.004555326643425403,0.0017150691917367457,0.0,0.0006439452038447294,0.08666479630794287,0.0004064329665553281,0.0007142479426621744,0.0,0.000333528291218396,0.3728829949580302,0.00028020813867244126,0.0037992062730181175,0.010709332283817834,0.0030250376736993298,0.0008057052673423026,0.001533235352303838,0.00026211435570793737,0.0029568229310801544,0.03617602970677318,0.00041028031944252154,0.10818864465509818,0.14041622784918945,0.0017093942346614727,0.0016269539682871037,0.0015476804282284274,0.0009733685722618238,0.0003368278327792022,0.0012299352669294078,0.0,0.0,0.0007290023608648916,0.0014209515838773852,0.0,0.000384966386326913,0.004670151128016117,0.0012118041454470822,0.00024058218064979358,0.0015584253553912605,0.0,0.0004101563338652161,0.000334533149608607,0.0012313748551655112,0.0008019039879804447,0.0008389164159512088,0.0,0.0,0.0006155418323263173,0.000783226946217835,0.000621209793639936,0.0007616036925329076,0.0,0.0018312624398973702,0.00036410798771073955,0.001630293157138587,0.0008067776958750883,0.01722600051018143,0.025078508334755438,0.0,0.0005223381222946667,0.0,0.0,0.0,0.00037895871178097686,0.0007197319872722986,0.0013011790073047798,0.0029604658810663694,0.0,0.0,0.0,0.0060501484930726305,0.0007917342953852143,0.0,0.0,0.0,0.0007846700705072534,0.0,0.00039484023349015617,0.0026199596995192123,0.00042534145740429156,0.0,0.0,0.0,0.0003255058083035817,0.0,0.0002810291034119417,0.0,0.0,0.0006760077220234656,0.0012551579179794906,0.0007076976618645233,0.0,0.0,0.00019947542670850196,0.0,0.0,0.0005144460170312222,0.0,0.00040095199399022236,0.0005574609461812527,0.0,0.0,0.0,0.0001038362103426773,0.0004776112896994915,0.0006231808896109027,0.0007001457571094232,0.0006352792174200673,0.0,0.0,0.0025450892934119514
173,0.0,0.0,0.0005200741779184116,0.0,0.0,0.0,0.0,0.0,0.0,0.0,0.0,0.0,0.00025480227274853095,0.0,0.0007786619771670405,0.0,0.0,0.0,0.0,0.0,0.0006801981863986491,0.0005348827012179534,0.014580859186539927,0.0007743066863043163,0.0,0.0018686595764772075,0.0023192814213599693,0.0007705338959140204,0.003184065829671315,0.0,0.0016082043853646432,0.0012675770499566005,0.0,0.0007842116622487289,0.0,0.0,0.0,0.0,0.0014923301382531395,0.0,0.0,0.0,0.0,0.0,0.0,0.0,0.0,0.0,0.0,0.0,0.0,0.0,0.0,0.0,0.0015799424316617567,0.0,0.0,0.0,0.0007931517685433429,0.0,0.0,0.0,0.0,0.0,0.0,0.0007498738973143337,0.0007466842847713268,0.0,0.0007643497003237737,0.0,0.0,0.0,0.0,0.0,0.0,0.0,0.0007532566937256704,0.0,0.0,0.0,0.0,0.0,0.0,0.0,0.0,0.0,0.0,0.0,0.0,0.0,0.0,0.0007314012902580994,0.0,0.0007743066863043163,0.0,0.0,0.003123342261980147,0.0,0.0,0.0,0.0,0.0,0.0,0.0,0.0,0.0,0.0007330525795347679,0.0,0.0007560836804267669,0.00080497026212943,0.0,0.0,0.0005486758203350797,0.0,0.0,0.0,0.0,0.0,0.0,0.0,0.0,0.0,0.0,0.0,0.0007206875017669134,0.000758026760708983,0.0,0.0010528971182663955,0.0,0.0,0.0,0.0,0.0,0.0,0.0005159490483645161,0.0,0.0005200741779184116,0.0,0.0,0.0005251914266094214,0.001537134279581884,0.001479943741130146,0.0,0.0,0.0,0.001565301132865154,0.0,0.0,0.0,0.0,0.0,0.0005167135052373834,0.0,0.0,0.0,0.0,0.0,0.0015219037530277849,0.0007252774579274081,0.0,0.0,0.0008035550075732052,0.0007743066863043163,0.0,0.0,0.0013004176308669545,0.0,0.0,0.0,0.0,0.009894158026976416,0.0033117577803312838,0.0014843430616502116,0.0,0.1347572359180738,0.0,0.010316977189329573,0.0,0.0,0.0,0.0015250574114346973,0.0006224757659803812,0.0020847878788630906,0.03700505719735836,0.002954598542419274,0.19880687639476785,0.003341810264122921,0.07243515728924167,0.0023110146749528047,0.0007292142362495591,0.0,0.0032534931735642533,0.29381084663651874,0.002886891377564093,0.0,0.0014884071908711207,0.0016661303893118625,0.0014912924290489584,0.07219291615357756,0.0,0.0007505260231630795,0.04505054772072561,0.0,0.000778641942256635,0.0,0.0007519278555347651,0.0,0.0,0.0007895992488912046,0.007562400014359126,0.000741687266468506,0.0009348175176881572,0.0007775565227029201,0.0,0.0,0.0,0.0007235164164926683,0.0005334970464061884,0.0,0.0,0.0007282936764018333,0.0,0.0015307705620908132,0.0007812629677994534,0.0,0.0,0.008580001290975456,0.0,0.0,0.0,0.0,0.0,0.0007281808519397484,0.0,0.002879546590171229,0.0007362980471002937,0.0,0.0,0.0,0.001662386536857962,0.0,0.0,0.0,0.0,0.0,0.0,0.0,0.000734092942000787,0.0007708943904268148,0.0,0.0013519804333817784,0.0,0.0,0.0,0.0007498738973143337,0.0007289291772063961,0.0,0.0,0.0,0.00018958579331249285,0.0,0.0,0.0,0.0,0.0,0.0,0.0,0.0,0.0,0.0,0.001487566553125234,0.0,0.0,0.0,0.0,0.0,0.0,0.0,0.0,0.0
174,7.37880137110302e-05,0.00035260863795517157,0.0005178030472219692,0.00041079625040264155,0.0005732954145406114,0.0001636693366875293,0.00040086647313233826,0.0002798851755253919,0.00031529089000220407,0.0002433367747368048,0.00012530166666526195,0.0,0.0008136257382183309,0.0,0.0021132703811534244,0.00014420979827605871,0.00016075643036943065,0.002068933282721646,0.0006597410838304868,0.0027212639863150273,0.0,0.00027930121033524914,0.06429231142383292,0.0,0.0004310536117294211,0.018470788240303505,0.004732007157116923,0.0025870837434701787,0.004842401484051806,0.0007470181773470274,0.0004419434933649395,0.0008033818418533087,0.0,0.0008154048964419795,0.0008978205564174543,0.0,0.00020801599681398442,0.00018779014553430617,0.0021969673393112915,0.0,0.0002426403859113632,0.0028603812746256967,0.0,0.0,0.0,0.0004152438222885376,0.00013207431303000834,0.0004493693082165927,0.00028738185915980826,0.0005634256910260262,0.00015215516812323626,0.000895968381181176,0.0,0.0,0.0005630813789755053,0.0,0.0003685249611112072,0.00021607311678833817,0.0,0.0,0.0004143807420002726,0.00028242787149684086,0.0,0.0,0.0,0.0016753297872403815,0.00028041035118719655,0.00014554075277632139,0.000131171955456204,0.00045902338086514885,0.0,0.0001058688888441837,0.00014746250930066656,0.00012181360268545339,0.0012484961155990338,0.0001798871675921228,0.001820220421008447,0.00014295983307850642,0.00019945521052460485,0.0,0.00029081635870933464,0.00010244955105299532,0.0002712664921343961,0.0,0.00025477479463551167,0.00012298010884805106,0.0,0.0001583209923483442,0.0,7.400444567128748e-05,0.0004177875467919376,0.00034738474417618065,0.0,0.0006830944404716267,0.00015364056350545787,7.338728749345086e-05,0.0016971931216446287,3.74778787948298e-05,0.0008039559641200603,0.0,0.0001699195582406985,0.00039165728928628,0.0002943613959641295,3.511221171567499e-05,6.952502173846531e-05,0.0,0.000149789131239327,0.0003091837654575853,0.00013082117631407316,4.022505434240178e-05,0.0,0.0002789430127385397,0.0009128191645793598,0.0007444331000264223,0.0013580425560367551,0.0007668457392235933,0.00014331695796964891,0.0,0.0,0.0002147567857769112,0.0,0.00030660502638789,0.00027270296249657413,0.00014746517077708504,0.00014504862394989175,0.0013312109387651767,0.0002856579759589194,0.0001599961897514036,0.0002078621430688704,0.00023305666802809466,0.00015163989372394252,0.0017522733174316065,0.0003754544808181081,0.00014797698450959128,0.0023057461734281187,0.0008629895087492748,0.00028854227984270487,0.0,0.0002508659884008679,0.0008481597100005265,0.0004551826863625266,0.0003426247872073632,0.0009174709347213097,0.0003443245101341909,0.0003099108004779579,0.006005254223382403,0.0,0.0,0.0001983670130840372,0.00026336886244233536,0.0,0.0,0.0007106988625117613,0.0,0.0,0.0001458095469721065,0.0001582663517420726,0.00014746483748183576,0.00019834559389051164,0.0014398211725638772,0.0007725821199066993,0.0,0.0003431497462022591,0.0008660668893299086,0.0,0.001495554625480137,0.00012497210840548586,0.0007722475508714105,0.00019153488168548066,0.00011581842076223932,0.010363826143105208,0.01466181757223963,0.009323879982433322,0.010853738270317072,0.0,0.0006829416944439653,0.003370643118611871,0.0008548973937503627,0.032921223630119185,0.004558845838686078,0.0005316519162763796,0.005879013990351401,0.12368202058078644,0.11167377809067204,0.08644053981322193,0.26576278898332206,0.004044482069818329,0.010458966227667552,0.010958057129165907,0.0044169803955396054,0.0009046243515250752,0.006535310124404279,0.015702548677362656,0.006506878264863718,0.001690729887936394,0.0016452064689467074,0.0009227279719474186,0.012475234857913768,0.000855323518396339,3.099753296244818e-05,0.00048107426194176505,0.0030168548230957333,0.00019755826531611385,0.0005016047187715337,0.00038409822099558433,0.0024143911910436875,0.0,0.0005204483547210162,0.0007394493687388912,0.00039602635149329617,0.0008583024600625351,0.0003182893224288339,0.00036548307150987153,0.0001814759671952527,0.0004735765131970868,7.171439247668334e-05,0.0016562514792541239,0.0032496119845281273,0.00045058715611853104,0.0006752782993481275,0.000878045444337341,0.001787532863125672,0.0002079732766683973,0.0016270835579567172,0.000496123134009647,0.0031798838731523834,0.019164198732686863,0.0007272686247215243,0.00026939870959409687,0.0003087227018766132,0.0,0.0007738472958937346,0.0013040509406835531,0.0002565358300284843,0.0018651134495086801,0.0019007740742087759,0.0001530543384549716,0.00033858754902241976,0.0,0.002145244848120242,0.00033191513616576444,0.0008426717351434597,0.00014662020906727876,0.0001984989239586989,0.0007498782732561175,0.0002765741940994809,0.0,0.004316848932210589,0.0,0.0,0.0,0.00010578064942666383,0.0,0.00018418677936752326,0.001138315295776183,0.00015368099255081116,0.0,0.001250539818912614,0.00023409322980928995,0.0005061976397126138,3.2372224598805355e-05,0.00012158384581236434,0.0015775484739840517,0.0001599961897514036,0.0,0.0012429000076366538,0.0001404789637817552,0.00015759835886031755,0.00014792716557843753,0.0002510645814072003,0.0003272206705543227,0.0002486418476107797,0.0005689547786765524,0.000573513549157965,0.0006726785577760276,0.0001304282621160967,0.0019928161524252635,0.00012996267762832892,4.022505434240178e-05,0.0015402201635331084
175,0.0,0.0,0.0,0.0,0.0,0.0,0.0,0.0,0.0,0.0,0.0,0.0004284880711991081,0.0,0.0,0.0007296046928452406,0.0,0.00042277451762561484,0.0,0.0,0.00042330781839750904,0.0,0.0,0.00507859436964272,0.0,0.0,0.0013252241568005299,0.00031434485274347364,0.0008414859188360838,0.0011458180199873916,0.0009127952932169683,0.0012924269602677375,0.0006965401959037589,0.0,0.000867742184103371,0.00010986322707810304,0.0,0.0,0.0,0.000841063949548661,0.00041871053388248144,0.0,0.003945919775989647,0.0,0.0,0.0,0.0,0.0,0.0,0.00042237168905624647,0.0,0.0,0.0,0.0,0.0,0.0004316623800419748,0.0,0.0,0.0,0.0,0.0,0.0,0.0,0.0,0.0,0.0,0.00029725858564921847,0.00041326325864347575,0.0,0.0,0.00040833996704533413,0.0,0.0,0.0,0.0,0.0,0.00042927672986250266,0.0,0.0,0.0,0.0,0.0,0.0,0.0,0.0,0.0,0.0,0.0,0.0,0.0,0.0,0.0,0.0,0.0,0.0,0.0,0.0,0.0,0.0,0.0,0.0,0.0008328042701263064,0.0,0.0,0.0,0.0,0.0,0.0,0.0,0.0,0.0,0.0,0.0,0.0,0.0,0.0,0.0,0.0,0.0,0.0,0.0,0.0,0.0002945401099271031,0.0,0.0,0.0,0.00010306097261167352,0.0,0.0,0.0,0.0,0.0017359375317273697,0.010272156717016903,0.0,0.0,0.00029817190046581114,0.2996427011642954,0.04324463348024237,0.00044644290368133486,0.0,0.004856919946314993,0.0,0.001266342652068586,0.10877687918894119,0.0002818451802082803,0.0,0.012453464370956001,0.0004237657930600474,0.0004036293457814814,0.0,0.005274228509056097,0.000287248505433411,0.0,0.00042705567844358855,0.0004426497060953724,0.0,0.0,0.0,0.0,0.0,0.0,0.0003605073674067391,0.0,0.0,0.0,0.0,0.0004109525304864002,0.0,0.0,0.0,0.0,0.0003849131539105262,0.003084260010994041,0.0004372567162108331,0.0,0.0036456807088381866,0.0,0.0,0.0032345914884014822,0.0,0.0,0.0,0.00525935216280673,0.0,0.0,0.0,0.0016961488767428341,0.0,0.0,0.0,0.25127567258845523,0.0,0.0,0.0004426497060953724,0.07017262883441672,0.00041755558566616304,0.0008514304023636623,0.0007890238600308954,0.0004570498497158492,0.0,0.13325164931469186,0.00042164979095042946,0.00043309678723789824,0.0,0.0,0.0,0.0,0.0,0.0,0.00041245097399117246,0.0,0.00038043239496115595,0.00031434485274347364,0.0,0.0,0.0,0.0,0.0003462916572259106,0.0,0.0,0.0003000656736475266,0.0,0.0,0.0,0.0,0.0,0.0,0.0,0.00032662422625859614,0.0,0.0,0.0,0.0,0.0,0.0,0.0,0.001196691668906406,0.0,0.00010306097261167352,0.0,0.002488700471286784,0.0,0.00029514003604836774,0.0,0.0,0.0009321787036176216,0.0,0.0,0.0008672501346072507,0.0,0.0,0.0,0.0,0.0,0.0,0.0,0.0,0.0,0.0,0.0,0.0,0.0,0.0,0.0,0.0002826015483625165,0.0,0.0,0.0003387232519021707,0.0,0.0,0.0,0.0,0.0,0.0,0.0,0.0,0.0,0.00042801862358708237,0.0,0.0,0.0
176,0.0,0.0005541756698591653,0.0,0.0011354284877748983,0.0,0.0,0.0005623092582103984,0.0,0.0,0.0,0.0,0.0,0.02188166085981569,0.0,0.0013287414265991733,0.0011448633290311548,0.0,0.001522011469246002,0.0005718526727409332,0.0024009666974974288,0.0,0.0003984204721171254,0.012355493621304952,0.0,0.000845052558678797,0.0,0.000548589827327885,0.0007987231404652895,0.0005632071595174687,0.0007851542663505529,0.000952570911367123,0.0,0.0,0.0005594440495157209,0.0,0.0011153023446516066,0.0,0.0,0.0016801255008069308,0.0,0.0,0.00038274118214133915,0.0,0.0,0.0,0.00043271667025908276,0.0,0.0,0.0,0.0,0.0,0.0,0.0,0.0,0.0,0.0,0.0,0.0,0.0,0.0,0.0,0.0005859121321128238,0.0,0.0,0.0,0.0,0.0005331063027480022,0.0,0.0,0.0010859423498446334,0.0,0.0,0.000592063173483244,0.0,0.0,0.0,0.00109629844894574,0.0005457852284031429,0.0,0.0,0.0005632071595174687,0.0,0.0,0.0005576102111395107,0.0,0.0,0.0,0.0,0.0,0.0005507528008423817,0.000592063173483244,0.0003863299703383571,0.0,0.0,0.0,0.0,0.0005471459232572894,0.0,0.0,0.0,0.0,0.0,0.0,0.0,0.0,0.0,0.0006213086367619873,0.0,0.0,0.0010098357347287485,0.0,0.0004159819583239503,0.00037649156230149807,0.0,0.0,0.0,0.0,0.0,0.0,0.0,0.0,0.0005314842016271755,0.00043551274037305435,0.0,0.0,0.0009007898780266843,0.0,0.0,0.0,0.0,0.0,0.0005641843254564371,0.0,0.0005787361507339561,0.002613835432928466,0.0,0.0,0.0,0.0,0.0,0.0,0.0,0.0,0.0,0.0,0.0017843933221543319,0.0,0.0,0.00038333202031472956,0.0,0.0,0.0017247915920633279,0.0005384946637819687,0.0,0.0,0.0,0.0,0.00035540907788867733,0.0,0.0005387801483431152,0.0,0.0,0.0,0.0,0.0,0.0003755919912956018,0.0,0.0005597944517091295,0.0,0.0003755919912956018,0.0006223976301994737,0.002158209397523373,0.0008109646425212623,0.0027577824565994595,0.013800438330918702,0.0,0.0,0.0,0.0005331063027480022,0.0016108628537466448,0.0009219936968411865,0.0,0.0005645230549635756,0.0005721797399052505,0.0,0.0016220669202476896,0.09169651119651606,0.0009053598980972283,0.00035720536892526624,0.0010066158754446848,0.0,0.0,0.07801736837466122,0.002837889806751544,0.0,0.0,0.0009041163929444446,0.0016087517852750976,0.06902987324622176,0.0,0.4930035952838653,0.0009762616169880693,0.0005533431166476226,0.001124874832666272,0.0,0.00036939160352587907,0.0,0.0,0.008877250186942414,0.00040365741121843883,0.0005424131908328076,0.0,0.002598329259024803,0.000151486078637048,0.0,0.0,0.004876108024205435,0.0015453293641212438,0.0005680658332897428,0.0,0.09707816046224378,0.000564410050138966,0.0010933271792435916,0.0005034379509052687,0.0,0.0,0.014410636466347928,0.0,0.0004898876618696019,0.004524641494323094,0.0,0.0,0.0,0.0005580380441792814,0.006305466817618664,0.0,0.0,0.0,0.0,0.0005524846450682167,0.0,0.0003922302619622338,0.0,0.0005402531209621493,0.0,0.0005635515495607873,0.0,0.0026085863447740222,0.0,0.0,0.0,0.0,0.0,0.0,0.0,0.0,0.0,0.0,0.0003665397973523392,0.0005615633192158442,0.0,0.0,0.0009280372332943043,0.0,0.0,0.0005712928105223833,0.0,0.0005607095997618382,0.0,0.0,0.000560970179060013,0.0,0.0,0.0005442553132827643,0.002570120349638653,0.0,0.0,0.0,0.0,0.00038296824615440656
177,0.0,0.0,0.0,0.0,0.0,0.0,0.0,0.0,0.0,0.0,0.0,0.0,0.0,0.0,0.0014570519382363742,0.0,0.0,0.0,0.0008307393721470511,0.0005358275660379172,0.0,0.0005983941007485802,0.009163446603256855,0.0,0.0,0.0020613539434891264,0.000534922236961638,0.001478007827883795,0.0016764859267621103,0.003445922624492722,0.0005363125040546806,0.0013149706209339283,0.0001451005642496561,0.017893931852891128,0.01122475726057265,0.0014694064139052555,0.06909967191385886,0.0,0.0027689377327507463,0.0,0.001278805723219137,0.06691891354983327,0.0,0.0,0.0,0.0,0.0,0.0,0.0,0.0,0.0,0.0005335855944437275,0.0,0.0,0.0,0.0,0.0,0.0,0.0,0.0,0.0,0.0,0.0,0.0,0.0,0.0,0.0,0.0,0.0003859386175058598,0.0,0.0,0.0,0.0,0.0,0.0,0.0,0.0,0.0,0.0,0.0,0.0,0.0,0.0,0.0,0.0,0.0,0.0,0.0,0.0,0.0007736552091549038,0.0,0.0,0.0,0.0,0.0,0.0,0.0,0.0,0.0,0.0,0.0,0.0,0.0,0.0,0.0,0.0,0.0,0.0,0.0,0.0,0.0,0.0,0.0,0.0011172573334632147,0.0,0.0,0.0,0.0,0.0,0.0,0.0,0.0,0.0,0.0,0.0,0.0,0.0,0.0,0.0,0.0,0.0,0.0012739011660412333,0.0005454121981970534,0.0,0.0,0.0017755460399455686,0.0007935732527832713,0.0,0.0,0.0016522977032076343,0.0005624500869399442,0.0009500520197581772,0.0015391512158164564,0.0,0.0,0.00367676161165933,0.0,0.0018973361329725573,0.0004018945633347275,0.002327120345164241,0.0,0.0,0.0003894316194457444,0.0005544474744120953,0.0,0.0,0.0,0.0,0.0003727738812416245,0.0,0.0,0.0,0.0,0.0,0.0,0.0008730748064261491,0.0005696507137270347,0.0004660896076419754,0.0,0.0003992644997649538,0.0,0.0020471737661654494,0.0009042868721420608,0.0,0.0073242704536899935,0.005484256604229132,0.0,0.0,0.0,0.0,0.0,0.001587387296444765,0.0005131107417704861,0.0,0.0,0.0005813661524038186,0.0013020975898111334,0.0,0.0,0.006330134688398784,0.0,0.0,0.000377639641646494,0.7073594761137141,0.0005503637139338822,0.0004423384713430647,0.001656164464773979,0.0007854391970975985,0.0,0.031600980453351746,0.0,0.00038042954409434553,0.0,0.0,0.0,0.0005131107417704861,0.0,0.0,0.0,0.0,0.0,0.0,0.0,0.0,0.0,0.0,0.0,0.00039576286942320023,0.0,0.0,0.000552528260349456,0.0,0.0,0.0,0.000388759590823713,0.000377639641646494,0.000596008292415117,0.0,0.0,0.0,0.0,0.0,0.0,0.0,0.0011160731497265651,0.0001451005642496561,0.0,0.0,0.0,0.0009292673539549995,0.0,0.0005576609030025609,0.0,0.0,0.0,0.0,0.0,0.0005977350741698927,0.0005148552526963164,0.0,0.0,0.0,0.0,0.0,0.0,0.0,0.0,0.0005419805518145266,0.0011627323048076371,0.001624413039391518,0.0,0.0,0.0005576609030025609,0.0,0.0005983941007485802,0.00038994828853316447,0.0,0.0,0.0,0.0,0.0,0.0,0.0,0.0,0.0,0.0,0.0005696507137270347,0.0,0.0,0.0003801766694027391
178,0.0,0.0,0.0,0.00047120982378270475,0.0,0.0,0.0,0.0,0.00044650997560255864,0.0004738951844314694,0.0,0.0,0.0,0.0,0.0004821121291120053,0.0,0.0,0.0011102613548617535,0.0,0.0009500762781499139,0.0,0.0,0.0077179578722188545,0.0,0.0,0.0031396950893842154,0.001739799282824984,0.0004723032485757371,0.0014828854778512904,0.0,0.0,0.0,0.0,0.002080041052871981,0.0009651650936175759,0.0,0.0,0.0,0.001291870381219368,0.0,0.0,0.0014088618449207696,0.0,0.0,0.0,0.0,0.0,0.0,0.0,0.0,0.0,0.0,0.0,0.0,0.0,0.0,0.0,0.0,0.0,0.0,0.0004908744020063797,0.0009472890959404301,0.0,0.0,0.0,0.0004608717903432245,0.0,0.0,0.0,0.0,0.0,0.0,0.0,0.0,0.0,0.0,0.0,0.0,0.0,0.0,0.0,0.0,0.0009317121636246682,0.0,0.0,0.0,0.0,0.0,0.0,0.0,0.0,0.0,0.0,0.00041866606605906386,0.0,0.0004629065535998719,0.0,0.0,0.0,0.0,0.000489910165559934,0.0,0.0,0.0,0.0,0.0,0.0,0.0,0.0,0.0,0.0,0.0,0.0,0.0,0.0,0.0003133495074323884,0.0,0.0,0.0,0.0,0.0,0.0,0.0005138767290569197,0.0,0.0004935227640641477,0.0009059916289548543,0.0,0.0,0.0,0.0,0.0,0.0004599864926906862,0.0,0.0,0.0003114207331683535,0.0,0.0014148860239521562,0.0,0.00047256463369007554,0.0,0.0,0.0,0.0009836279646575964,0.0,0.0,0.00032605388719413313,0.0,0.0,0.00047010495871887653,0.00047912808732041874,0.0,0.0,0.0,0.0,0.0,0.0,0.0,0.0,0.0,0.0004982014653397069,0.0004288370970286909,0.0,0.00044984455731465186,0.0,0.0,0.0,0.00030673328677656,0.0,0.0,0.0,0.0004561431955134485,0.35965397730925586,0.00046944379716575056,0.0019777334002111257,0.15208848792161364,0.0009454325953287656,0.0012993105402902116,0.0,0.0,0.0,0.0,0.02079326614041426,0.0018921554092683657,0.0004783813988941875,0.0,0.04656741107877057,0.0015611253012346635,0.0,0.0010077956696897723,0.018175363544149822,0.0,0.001231526688959042,0.007029635579783877,0.009028705029482767,0.007680477750286094,0.024300545373657435,0.002368422705530498,0.28154471725607,0.0,0.0013757561933656628,0.0,0.0,0.0,0.00046118318614530023,0.00047831115080859384,0.00043585945216669957,0.0,0.000941817968621704,0.0,0.0,0.0004559464323511526,0.0,0.0,0.0,0.0,0.0009576143639874606,0.0,0.0,0.0005179694283865902,0.00043585945216669957,0.00046379046124389866,0.0,0.0,0.0,0.0,0.0,0.0004690484340662875,0.0,0.0,0.0,0.0,0.0017301959520717113,0.0,0.0,0.000477312119851647,0.005191990455205977,0.0,0.0,0.0,0.0013759098215688121,0.0003165796667592828,0.0,0.0,0.0,0.0,0.0,0.0,0.0009637821237691692,0.0,0.0,0.0,0.0,0.0,0.0,0.0014121371176092775,0.0,0.0,0.0,0.0,0.0,0.0,0.0,0.000960486846396713,0.0,0.0,0.0,0.0,0.0004316737361832681,0.0,0.0,0.0,0.00045780715039326573,0.0,0.000483979176292577,0.0,0.0,0.0013919274810992779,0.0,0.0,0.0
179,0.0,0.0,0.0,0.0,0.0,0.0,0.0,0.00033108312921674275,0.0,0.0,0.0,0.0,0.0003376361350762272,0.0,0.00021839234728864772,0.0,0.0,0.0005944097949159139,0.0003072241772871327,0.0018925973062460775,0.0,0.0003328338347209182,0.009946862864569703,0.0,0.00032779863254487257,0.0009570427986587655,0.0013562584113654041,0.0006815406049864337,0.001009162478628142,0.0,0.0,0.0,0.0,0.0,0.0,0.0,0.0,0.0003329606761523945,0.00035607497399000335,0.0,0.0,0.0010125236062261769,0.00028862307609393,0.0,0.0,0.0003166412187048038,0.0,0.0,0.00029354766351784447,0.0,0.0006871426943856068,0.0,0.0,0.0,0.00033876486177583073,0.00032642314008207344,0.0003485647737512267,0.0,0.0,0.0,0.0,0.0,0.0,0.0,0.0,0.000339165655197625,0.00033108312921674275,0.0,0.0,0.0,0.0,0.0,0.0,0.0,8.710089253324885e-05,0.0,0.0,0.0,0.0,0.0006350445768699863,0.0,0.0,0.0,0.0,0.0003356860722541346,0.0,0.0,0.0,0.0,0.0,0.0,0.0006424730957727595,0.0,0.0,0.0,0.0,0.0010252617600793434,0.00033102669270772614,9.208056214897646e-05,0.0,0.00033774311027107856,0.0,0.0,0.0,0.0003293578276553818,0.0,0.0,0.0,0.0,0.0,0.0,0.0,0.0,0.0,0.0,0.0,0.0,0.0,0.0,0.0,0.0,0.0,0.0,0.0,0.0,0.0013512268521315566,0.0,0.0,0.0,0.0,0.0,8.081975331790612e-05,0.0,0.0,0.0003046656961011852,0.0,0.0006120842253230552,0.0,0.0,0.0,0.0,0.0006210694274613531,0.0003890464107120571,0.0,0.00031438067172965227,0.000993216942730613,0.0,0.0,0.0,0.00032779863254487257,0.0,0.0,0.00033048874248912626,0.0,0.0,0.0005501770312473619,0.0,0.0,0.0,0.0,0.0,0.0003049012773303717,0.0,0.0003224932105436724,0.0,0.0013349732697850848,0.0,0.0,0.0,0.0,0.0019830974523084755,0.0019813937800704355,0.4534935395299796,0.0,0.04506966091263216,0.0,0.0006687990295897188,8.986650379178605e-05,0.0006365550822254684,0.0,0.0,0.0,0.03747412811749827,0.0010937648899117672,0.0005600935102093764,0.0013925884356432514,0.0003031281690940382,0.0007327753141985765,0.23404118295513118,0.0009961762138958534,0.011367805815429781,0.13590623608769803,0.00099166084147281,0.0009291832613695977,0.0,0.0003087818685730291,0.0,0.00043637624163900333,0.0003166412187048038,0.0,0.0,0.00035152917780538706,0.0,0.00043517429694193223,0.0,0.0012981637582525282,0.0,0.0,0.0003140994765762102,0.0010153105961795434,0.0006536416596701056,0.0,0.0,0.0006093313922023704,0.0,0.0,0.0006810800496642762,0.0006249689989770301,0.0,0.00031752228843499316,0.00067833131039525,0.000963573373261082,0.0,0.0009841625959861181,0.0,0.004482157024484422,0.008871097884389514,0.00033556166469586726,0.0,0.0002412837958781302,0.0,0.0003248902936598234,0.0,0.0,0.00028761910983565703,0.001962587884754981,7.527781771702054e-05,0.00030717874969485407,0.0,0.0021880255019606086,0.0003203398597296901,0.0,0.0,0.0,0.0,0.00033009520469628984,0.0,0.0010255729056282681,0.0,0.0,0.0003590230347208615,0.0,0.00030971449054655135,0.0,0.0,0.0,0.0,0.0,0.0,0.0,0.0003255255474281124,0.0,0.0006645772290491731,0.0,0.0,0.00033385238019278637,0.0,0.0,0.0,0.0,0.0006499467471678096,0.0,0.0,0.0013325684975186043,0.0,0.0,0.0003356106247794661,0.0,0.0,0.00031969482771808665
180,0.0,0.0,0.0,0.0010273735550345438,0.0,0.0,0.0,0.0,0.0,0.0,0.0,0.001053757225559143,0.0988095796646474,0.0,0.0,0.0,0.0,0.0,0.0,0.0,0.0,0.0,0.030162078933664422,0.001252568577725657,0.0,0.002854098247563532,0.0010098566978415028,0.002997471351322537,0.0022116288141431,0.0009888869607181641,0.010002086174834671,0.0,0.0,0.18007984052933165,0.0,0.0,0.0012921370666359737,0.0,0.004008464286959666,0.0,0.001035686070891936,0.006180724495976565,0.0,0.0,0.0,0.0,0.0,0.0,0.0,0.0,0.002039179942183342,0.0,0.0006848492243628594,0.0,0.0020208682865105426,0.0,0.001037423399549798,0.0,0.0010469784453389663,0.0,0.0,0.0050716410208213715,0.0,0.0,0.0,0.0,0.0,0.0,0.0,0.0,0.0,0.0,0.0,0.0,0.0,0.0004173067445022582,0.0010316016091881349,0.0009205062267636444,0.0,0.0,0.0,0.0,0.007389035384334796,0.0,0.0,0.0,0.0009531161791166792,0.0,0.0,0.0,0.0,0.0,0.0,0.0010427626539870965,0.0,0.0,0.0009610456929120246,0.0,0.0,0.0,0.002062532471803142,0.0,0.0,0.0,0.0,0.0,0.0,0.0,0.0,0.0,0.0,0.0,0.0,0.0,0.0,0.0,0.0,0.0,0.0010230855029196052,0.0,0.0,0.0,0.0,0.0,0.0,0.0029525519632395973,0.0,0.0007019473794432004,0.0,0.0,0.0,0.002967719801786794,0.0,0.0,0.0,0.0,0.0,0.0,0.0,0.0,0.0,0.0,0.0,0.0,0.0,0.0030545508065630885,0.0,0.0,0.0,0.0,0.0,0.0,0.0010410301017696804,0.0,0.0,0.0,0.0,0.0006748775001471677,0.0,0.0,0.0,0.0,0.00026894692785363165,0.0,0.0,0.0010783061081138688,0.0013497550002943353,0.0,0.000690633443453394,0.0,0.0019509514134331846,0.0,0.0020863503019485944,0.0013248351187364086,0.005680987999541218,0.0,0.006139811187413349,0.0019432499398974428,0.0002833268168714031,0.0,0.0,0.0033427021208507113,0.0,0.0010316376154608493,0.0,0.0020656253630227683,0.2838637907490081,0.0010741270876534355,0.0009996812090440133,0.002166535336545501,0.0,0.0,0.0025585775851263625,0.007073121649528067,0.00034766652909968556,0.0010254738882461228,0.05161797964895673,0.0,0.0,0.0,0.008515379992255236,0.0,0.0,0.0,0.0,0.0,0.0,0.0,0.0,0.0,0.0021204778088505945,0.000982904468254213,0.0009187615387869981,0.0010330411022547066,0.0,0.0,0.0,0.0,0.0,0.0,0.0,0.001741195617170586,0.0009877057874921771,0.0,0.0,0.0,0.007930600506240353,0.0010539243835868187,0.0,0.0,0.0,0.0,0.0,0.0,0.028860708983530187,0.0010650875385331995,0.001079185455366746,0.0,0.0,0.0009548264712566154,0.0,0.001814917752037317,0.0006435159086500891,0.0020994811084999697,0.0010541981128683417,0.0011729405469680172,0.0,0.0019125450229732462,0.0,0.1504871279107183,0.005838807486316933,0.0,0.0,0.0021358570248559096,0.0029341751758089826,0.0,0.0,0.0,0.0020443122634184376,0.0,0.0,0.0,0.0023569054221273095,0.0,0.0,0.0,0.0,0.0011684292371719868,0.0,0.0,0.0,0.0,0.0,0.0,0.0,0.0,0.0020288578471795737,0.0,0.0,0.0010392074966339582
181,0.0,0.0,0.0,0.0,0.0,0.0,0.0,0.0,0.0,0.00084205976642782,0.0,0.0,0.0,0.0,0.0016091206454895278,0.0,0.0008687147534528093,0.00037523274689465,0.0008355452216134713,0.0011322426147888677,0.0,0.001153541462019454,0.037466860846218863,0.0,0.0,0.0064915069765959085,0.003346793449483882,0.003214937567454456,0.00850639929478628,0.0020009894579066413,0.00041831202158584997,0.0004293697029875273,0.0,0.0012424139163128565,0.0003944036598965949,0.0,0.00044584546308140346,0.0,0.0014662726536215167,0.0,0.0,0.0027890499443366966,0.0007667287934100247,0.0,0.0,0.000406402911278981,0.0,0.0,0.0,0.0,0.0005039660367154075,0.0,0.0,0.0,0.0,0.0008297494254248175,0.0016668838833090453,0.0,0.0,0.0,0.0,0.0,0.0,0.0,0.0,0.0,0.0,0.0,0.0,0.00010583509938231538,0.0,0.0,0.00011718692632572333,0.0,0.0,0.0004218092405822662,0.0015947770043191925,0.0,8.552423031521876e-05,0.0,0.0004224034102308173,0.0,0.00040173819109758,0.0,0.0,0.00043569905660631176,0.0,0.0004208679986264061,0.0,0.0,0.0,0.0008489998421894436,0.0,0.0,0.0,0.0,0.0015465208864502158,0.0,0.0004463027019958767,0.0,0.0,0.0,8.351186103743675e-05,0.0,0.0,0.0,0.00044001785781986284,0.0,0.0,0.0004170925282529158,0.0,0.0,0.0002961752886351676,0.0,0.0003420177729457035,0.0018098580604340815,0.0,0.0,0.0,0.0,0.0,0.0,0.0003322667057542385,0.000558811541145585,0.00043573389452943425,0.001294094692462633,0.0,0.00044568035324035206,0.0,0.0,0.000748836967436633,0.001941850343927246,0.0023311485403812665,0.0,0.00039689233845187225,0.0009367518304815492,0.068422157827424,0.0,0.0,0.012006019007658152,0.00010206347543000323,0.0,0.0038089087456175813,0.0029289095181212568,0.0,0.016562600030021028,0.0004178324805300906,0.00043940753037280725,0.002537463884647986,0.0020876991343821375,0.0,0.0,0.0019187765408399278,0.0,0.0,0.0003570431783560498,0.0,0.0,0.0,0.0008806799856003473,0.0,0.0,0.0,0.0006903183773754186,0.0,0.0025569485270482955,0.00044228193448342146,0.0008293420579404602,0.0011874101875180175,0.00011079955986033791,0.0012196801904694142,0.01075460060606155,0.0016210837846765893,0.00042109240879172234,0.025507571740874542,0.0036946541545220665,0.0013839894787920559,0.003890927497287588,0.015102326870192664,0.00024908167989950286,0.0003842056121112456,0.0,0.0010009487487590135,0.00042256844967953293,0.0008431423387229468,0.0007707400615504833,0.0027109943740589015,0.0,0.0007905727403994324,0.2468950492937807,0.0,0.002785268318898024,0.0013315250070127342,0.021762829606596132,0.32084464865525414,0.025745537076747354,0.0008464533457750887,0.06106080936463393,0.0,0.001319394401281352,0.0,0.0,0.0,0.0003489056187793899,0.0,0.0,0.0004087043970333498,0.0,0.00010527354557117941,0.0,0.0,0.0007950732345276117,0.0,0.00010952381496288255,0.0,0.0,0.0004201861843661134,0.0010429416667896445,0.0,0.0,0.0,0.0008849231721260047,0.0,0.0,0.0,0.0011261478797196865,0.00696602904559542,0.0,0.0,0.0,0.0,0.0004412015095789201,0.0,0.0,0.002051247826205211,0.002058110140154722,0.0,0.0,0.0,0.004071799804250813,0.0,0.0,0.00045834413415172804,0.0,0.001249450405217438,0.0,0.0,0.0034654024453672993,0.0006881928850656143,0.0,0.0,0.0,0.0,0.0,0.0,0.0,0.0,0.0003970536205578177,0.0,0.0,0.0,0.0,0.0003623683049165746,0.0,0.0,0.0006919947393960279,0.0,0.0003648706866262204,0.0,0.0,0.0,0.0,0.0,0.0005390535107868735,0.0,0.0,0.0,0.0,0.0,0.0004450952580467142
182,0.00021763965200887955,0.0,0.0,0.00023818076993766609,0.0,0.0,0.0,0.0,0.0,0.0,0.0,0.0,0.0,0.0,0.0008235384382365239,0.0,0.0002564040362841447,0.001165878575522052,0.0,0.0010580380300024895,6.674113448518548e-05,0.0002501413959959334,0.014427774066047255,0.0,0.0,0.008532768168210409,0.0017707524918327312,0.0012989536749523614,0.0012999868916887128,0.0002474116552282997,0.0,0.0002517417388714313,0.0,0.0,0.0,0.0,0.0,0.0,0.0008900200729441082,0.0,0.00041803703572335386,0.0011980145954037522,0.0,0.0,0.0,0.0,0.0,0.0,0.0,0.0,0.0,0.0,0.0,0.0,0.0,0.0,0.0,0.0002260432057157956,0.0,0.0,0.0,0.0,0.0,6.462469672179435e-05,0.00013498136290507614,0.00046260918563026995,0.0,0.0,0.0,0.0,0.0,0.0,0.0,0.0,0.0002513805276728496,0.0,6.59552181069412e-05,0.0,0.0,0.0,0.0,0.0,0.0,0.0,0.0,0.0,0.00043469874965096605,0.0,0.00024617281759499134,0.0,6.734818997364919e-05,0.00019185094505888025,0.0,0.0,0.0,0.0,0.0010482804459748464,0.0,0.00020620118018107027,0.0,4.9911333259833084e-05,0.0,0.0,0.0,0.0002607031454748188,0.0,0.0,0.0,0.0,0.0,0.0,0.0,0.0,0.0,0.00024447338274856064,0.0,0.0,0.0002586466467124617,0.0,0.0,0.0,0.0,0.0,0.0003869309426847923,0.0,0.0009484416971016107,0.0,0.0,0.0,0.0,0.0,0.0002447833289361771,0.0,0.0,0.0007960085007908861,0.0,0.0004481002926503468,0.0,0.0,0.00019089158818626543,0.0002477177183656398,0.00021734937482548302,0.0003331260225903979,0.0002368324974362846,0.0,0.00025396542687153046,0.0,0.0,0.0,0.00027309144972183615,0.0,0.0,0.0,0.0,0.0,0.0,0.0,0.0,0.0,0.0,0.0,0.0,0.0,4.727759768485165e-05,0.0,0.00044581637193041076,0.0,0.0,0.00026178976167924367,0.0,0.0009923307388022588,0.0017027085407575284,0.004896505945979485,0.0010372262582408014,0.8227214832284284,0.0,0.0004785576024802582,0.0,0.001637370425477242,0.02416868208629432,0.0,0.001554863750720681,0.0,0.01079335695005464,0.0035405031061661258,0.006204457147180397,0.0009520951818654642,0.001893664739777739,0.03760729352190736,0.0003983778668986258,0.00027425973561071953,0.003730455417216043,0.0020605939438691203,0.0008614713845637638,0.00025396542687153046,0.0,0.0005102436749983175,0.0006354007391414133,0.0002716065439632657,0.000478425691353379,0.0005132358591394454,0.0004818609825621649,6.157756269694391e-05,0.0002748928285432359,0.0,0.0009768965548907396,0.0,0.0,0.0,0.00044862325291042756,0.00046967510797747686,0.00018412176171663978,0.0,0.0025538026723479633,0.0,0.0002056034781307472,0.00021110822217974655,0.0007277420675481818,0.0007893207142485708,0.0,0.0,0.000777122747161319,6.396099439693592e-05,0.0003800624805312152,0.00020079078701609642,0.0015383920357403707,0.005246326467862462,0.0002161846731831465,0.00025026884956433603,0.0,0.0,0.0,0.0006581006503835091,0.0,0.0012247861422564033,0.0002260432057157956,0.0,0.0002132859136787776,0.00018416727659910901,0.0017932380954493018,0.0,0.00020175964896918325,0.00018217027538290775,0.0,0.000267725258488691,0.0,0.0,0.0007203551518074227,0.0,0.0004716090524006334,0.0,0.0,0.00013780333769377164,0.0,0.00020231437115117424,0.0,0.0,0.00023771786906283423,0.0,0.0,0.0,0.0,0.00026866091059665694,0.00026059162267100304,0.0,0.0,0.0,0.0,0.0,0.0,0.0,0.0,0.0,0.0,0.00020955206375940634,0.0,0.0008217569586902183,0.00018412176171663978,0.0,0.0013487446563455116
183,0.0,0.0,0.0,0.0,0.0,0.0,0.0,0.0,0.0,0.0,0.0,0.00024405671858035015,0.0004791988303407177,0.0,0.00054026620591142,0.0,0.0,0.0005247257871075037,0.0002648018380839478,0.00025988385845708816,0.0,0.0,0.006696472289536369,0.0,0.0,0.0010399965597374012,0.0,0.00026959986532042955,0.0010488921654462752,0.00026168628099193877,0.0,0.0,0.0,0.0,0.0,0.0,0.0,0.0,0.00025844247040361515,0.0,0.0,0.0002515628384150808,0.0,0.0,0.0,0.0,0.0,0.0,0.0,0.0,0.0,0.0,0.0,0.0,0.0,0.0,0.0,0.00024777390473205226,0.0,0.0,0.0,0.0,0.0,0.0,0.0,0.00025228080516422605,0.0002571748874738692,0.0,0.0,0.0,0.0,0.0,0.0,0.0,0.0,0.0,0.0,0.0,0.0,0.0,0.0,0.0,0.0,0.0,0.0,0.0,0.0,0.0,0.0,0.0,0.0,0.0002635030595913999,0.0,0.0,0.0,0.0,0.00026715252168246713,0.0,0.0,0.0,0.0,0.0,0.0,0.0,0.0,0.0,0.0,0.0,0.0,0.00024777390473205226,0.0,0.0,0.0,0.0,0.000532091797855568,0.0,0.0,0.0,0.0,0.0,0.0,0.0,0.0,0.0,0.00027014863154664994,0.0005043593277166389,0.0,0.0,0.0,0.0,0.0,0.0,0.0,0.0,0.0005286822737472745,0.0,0.0,0.0,0.0,0.0,0.0,0.0002635030595913999,0.0004885371069201791,0.0,0.0,0.00027399064932942746,0.0,0.0,0.0,0.0,0.0,0.0,0.0,0.0,0.0,0.0,0.0,0.0,0.0,0.0,0.0,0.0,0.0,0.0,0.0,0.0004936761924895466,0.0,0.0,0.00026110664819986525,0.0,0.009090625613518297,0.0,0.0020571729229068854,0.0162309149806906,0.7814591954232264,0.0,0.0004750904303648136,0.0,0.00025785732090796725,0.0010390500493002168,0.00022774330121259196,0.0005087072698825766,0.009312037143484242,0.0,0.0018032701742962808,0.05709235943562083,0.00027399064932942746,0.06987285652459128,0.01145100945918166,0.0008177315325403832,0.00027027025429001567,0.0022870180911733584,0.0005083533947983472,0.0008075660166270717,0.00025564713990427215,0.0002637480844244686,0.0,0.0002373335522297404,0.0,0.0,0.0,0.0015428164540175768,0.0,0.00025782272783654575,0.0,0.0,0.0,0.0,0.00024905293521675656,0.00027530586446686766,0.0008008076679670039,0.0,0.0,0.0,0.0,0.0,0.0,0.0002663506925953349,0.0,0.0002474617230399607,0.0,0.000520959219700824,0.0002600677935909062,0.00024508692527949554,0.0,0.0013250529622347658,0.004464688484348655,0.0002561158803049845,0.0,0.0,0.0,0.0,0.0,0.0,0.00026730847975197,0.0,0.0,0.0,0.00026406493750418366,0.0007792488823150931,0.0,0.0,0.00026730847975197,0.0,0.0,0.0,0.0,0.00027016186121312804,0.0,0.00025397829226010015,0.00025614664526891394,0.0,0.0,0.0,0.00021558646493315272,0.0,0.00026901263392196104,0.0,0.00023016270915668494,0.00025696303195395535,0.0,0.0,0.000267457008374955,0.0,0.0,0.0,0.0,0.0,0.0,0.0,0.0,0.00026959986532042955,0.0,0.00024155889208346928,0.0005043501677574539,0.0,0.0002615575208489244,0.0,0.0,0.000523055553377497
184,0.0,0.0,0.0,0.0,0.0,0.0,0.0,0.0,0.0,0.0,0.0,0.0,0.0,0.0,0.0,0.0005408548803743098,0.0,0.00107944433175189,0.0005440470002225194,0.0,0.0005328899366511782,0.0,0.0032116229415165487,0.0,0.0,0.0026848878363448588,0.001644031904983018,0.0010429964584828496,0.0,0.0,0.0,0.0,0.0,0.0011168990549396977,0.0,0.0,0.0,0.0005491934337065171,0.0010720189942017453,0.0,0.0,0.0,0.0,0.0,0.0,0.0,0.0,0.0,0.0,0.0,0.0,0.0,0.0,0.0,0.0,0.0,0.0,0.0010656949078335569,0.0,0.0,0.0,0.0,0.0,0.0,0.0,0.0005408548803743098,0.0,0.0,0.0,0.0,0.0,0.0,0.0,0.0,0.0,0.0,0.0004888674402952596,0.0,0.0,0.0,0.0,0.0,0.0,0.0,0.0,0.0,0.0,0.0,0.0,0.0,0.0,0.0,0.0,0.0,0.0,0.0005324560729907917,0.0,0.0,0.0005414718696865899,0.0,0.0,0.0,0.0,0.0,0.0,0.0,0.0,0.0,0.0,0.0,0.0,0.0,0.0,0.0005438063167532096,0.0,0.0,0.0,0.0,0.0,0.0,0.0,0.0,0.0,0.0,0.0,0.0005019942819175526,0.0005414718696865899,0.0,0.0,0.0,0.0,0.0,0.0,0.0,0.000542005999561666,0.0,0.0,0.0,0.0,0.0,0.0,0.0005901524032598315,0.0016169480364434025,0.0,0.0,0.0010763526281524563,0.0,0.0,0.0,0.0,0.0,0.0,0.0,0.0,0.0,0.0,0.0,0.0,0.0,0.0,0.0,0.0,0.0,0.0,0.0,0.0,0.0,0.0,0.0005775091521084208,0.0,0.0,0.0004982407052464873,0.0005373165527525792,0.0005237125411465481,0.9400970590189691,0.0,0.0,0.0005180712608860845,0.0016073358415304815,0.0016174826443666477,0.0,0.0,0.00527048099401339,0.004222931453168025,0.0,0.0043187717490505585,0.0,0.0,0.0021150347360141845,0.0005019942819175526,0.0,0.0010309559346231869,0.001599699630963975,0.0005619388335552526,0.0,0.0015818442043280224,0.0,0.0004888674402952596,0.0010883150065449548,0.0,0.0,0.0005374383321902241,0.0,0.0,0.0,0.0,0.0,0.0,0.0,0.0,0.0,0.0,0.0,0.0,0.0,0.0,0.0005318418777392654,0.0,0.0,0.0,0.0,0.0,0.0,0.0005249251975967651,0.0,0.0005428259063396521,0.0010772603766562728,0.0,0.0,0.0,0.0,0.0,0.0,0.0,0.0005542203643769439,0.0,0.0,0.0,0.0,0.0015881502445687869,0.0,0.0,0.0,0.0,0.0005586097299715308,0.0,0.0,0.0,0.0,0.0,0.0,0.0005438063167532096,0.0,0.0,0.0,0.0,0.0,0.0,0.0,0.0,0.0,0.0,0.0,0.0005494897969059233,0.0,0.00054252869990807,0.0,0.0,0.0,0.0,0.0,0.0,0.0,0.0,0.0,0.0,0.0,0.0,0.0005619388335552526,0.0005284388618271013
185,0.0,0.0,0.0,0.0,0.00022341381251367827,0.0,0.0,0.0,0.0,0.0,0.0,0.0,0.0006810287409508288,0.0,0.0006079836229642165,0.0,0.0,0.0,0.0,0.00022055107980925736,0.0,0.0002225578395322351,0.005274540371150207,0.0,0.0,0.00253477981681243,0.0006831683506500185,0.0,0.0012647941127782395,0.00022255601914308263,0.0,0.0,0.0,0.0,0.00022178994401618284,0.0,0.0,0.0,0.0,0.0,0.0,0.0003818650267943156,0.0,0.0,0.0,0.0,0.0,0.0001838722088510353,0.0,0.000222584296276271,0.0,0.0,0.0,0.0,0.0,0.0,0.00021403135497326345,0.00015448449754101013,0.0,0.0,0.0,0.0,0.0,0.0,0.0,0.00022253004458618527,0.0,0.0,0.0,0.0,0.0,0.0,0.0,0.0,0.0,0.0,0.0004233518005648239,0.0,0.0,0.0,0.0,0.0,0.0,0.00021335430724194702,0.00022174048238659654,0.0,0.0,0.0,0.0,0.00022715272846378172,0.0,0.0,0.00021693875522887983,0.0,0.0,0.0,0.00042393296087214527,0.0,0.0,0.0,0.0003112241403169499,0.0001959614156340747,0.0,0.0,0.0,0.0,0.0,0.0,0.0,0.0,0.0,0.0,0.00023111093298556153,0.0,0.0002421960474708687,0.00017119197776603278,0.0,0.0,0.0,0.0,0.0,0.0,0.0,0.0,0.00015937230506533502,0.000222584296276271,0.0,0.0,0.0,0.0002143914689879294,0.0,0.0,0.0,0.0,0.00045670489149051313,0.0,0.00021228066115229922,0.0,0.0,0.0,0.0003730406451407356,0.000226767215855783,0.0,0.0,0.0,0.00042056972032507203,0.0,0.0002337930108173358,0.00021982509136246348,0.0,0.00022121051568486287,0.0,0.0004503129565060643,0.0,0.0,0.0,0.0,0.0,0.0,0.0,0.0,0.0004405411968099582,0.00021189460668508646,0.0,0.0,0.00020619858962362902,0.0,0.00027776294751802734,0.0,0.0,0.0005037212230309169,0.014497820732581376,0.0012066512004450304,0.037427075620285986,0.7874422523430464,0.000666065974415129,0.0003809871742454938,0.0,0.018506975398522696,0.0005985911543131558,0.0,0.0006208616732301081,0.004892680926041192,0.03335986043661252,0.004175410999744028,0.0,0.0011424367642273977,0.0031712380846831254,0.0005957785838925965,0.001349984640366214,0.00021632267494029543,0.0006853608727095981,0.04897242256500004,0.0006651645758244835,0.0,0.0017387825452373936,0.0,0.0018414718850646278,0.0009091567699122734,0.0002261556418498969,0.0003761752069374073,0.00016428035570536034,0.0,0.0006701862219944092,0.0,0.0,0.00021998636118837132,0.0,0.0006634049793948292,0.0,0.0,0.0,0.0,0.0,0.0,0.0,0.0014888090719127917,0.00021481810695664152,0.0002280345624689794,0.0,0.00020712494590679995,0.000226767215855783,0.00044653295443590284,0.00022274890958758365,0.0,0.0008988676591212695,0.003013609224947265,0.0004509904842219848,0.0,5.4446112464301794e-05,0.0,0.0,0.0002129423342752322,0.0,0.00021497428083127373,0.0,0.0,0.0,0.0,0.00022920367659153183,0.0,0.0,0.0,0.0004435731000019765,0.00019466365088815306,0.0,0.0,0.0008050151696131021,0.0,0.0,0.0,0.0,0.0,0.0,0.00040412921461346527,0.0,0.0,0.0,0.0,0.0,0.0,0.0,0.0,0.0,0.0,5.801954529476125e-05,0.0,0.0,0.0,0.0,0.00022632765564497596,0.0,0.0,0.00022761831015568715,0.0,0.0,0.0001604419188825369,0.0,0.0,0.0005211415023102297
186,0.0,0.0005158758748601453,0.0005164938392011337,0.00036225313059128463,0.0,0.0,0.00036891440287398095,0.0,0.0,0.0004014301731234013,0.000355568459673394,0.0,0.00971124770015637,0.000127749903788581,0.0011205815562491694,0.0,0.0007875396206104508,0.002282108952608795,0.0008717620452615645,0.0015431226627279913,0.0001311756470265052,0.0016997036761447926,0.0297753768831179,0.0,0.0,0.0039046795307932057,0.0020555476311041295,0.0008756213539010258,0.004877613311896675,0.0,0.0036041012684228766,0.0,0.0,0.013340402027168309,0.000375616384660425,0.0,0.0,0.0007013211363551405,0.0027407426226281634,0.0005090581518961443,0.00045609362112608126,0.0026767838335894803,0.0,0.00011927941092968712,0.0,0.0,0.0003866874962503015,0.0005289141668760696,0.0,0.00035944073386017476,0.0,0.0,0.0005231184030087121,0.0,0.0010957726274072675,0.0003592256892022325,0.0005107070022380293,0.0,0.0,0.0,0.0005089448376116029,0.00034268849583614087,0.0,0.0,0.0,0.0,0.0,0.0,0.0004966192104743455,0.0,0.0005252772093208748,0.0,0.0,0.0,0.0,0.0,0.001239542265492632,0.0,0.0,0.0,0.0,0.0,0.0,0.0,0.0,0.0,0.0,0.0,0.0,0.0,0.0008799293005298131,0.0005259730956526746,0.0003225644536037124,0.0,0.0,0.0,0.001696267051914068,0.0008755755081158304,0.0,0.0,0.0,0.0,0.0005032315896233919,0.00012930192933886816,0.0,0.0,0.0005151764218660358,0.0,0.0,0.00039011772363224987,0.0,0.0,0.0021379921385394295,0.0010441118700207212,0.0,0.0,0.0,0.0,0.0,0.00013685092082219456,0.0,0.0011091793708722633,0.0004943032690241275,0.0,0.0,0.0014280353855214345,0.0,0.0003855663272082206,0.0,0.000522534354748769,0.0,0.0014794043284422995,0.0,0.0,0.0,0.00013272051234574104,0.0,0.0,0.0,0.0008934642860631024,0.0,0.0006381059581199019,0.0010102665831820835,0.0004977167138337849,0.0,0.002979300109143358,0.0,0.0,0.0002737018416443891,0.0,0.0005153809296459858,0.0,0.0,0.0,0.0,0.0,0.0,0.0,0.0,0.0008374750811302802,0.0007438497510098296,0.0005223956123659929,0.0,0.0003440527221521797,0.00034268849583614087,0.0019438021554840526,0.0,0.0,0.0,0.0,0.0011100513730182434,0.01162110108717235,0.0005031266405595234,0.0020689232617177914,0.022037642747934155,0.00036296152496272045,0.06306883552171047,0.0013898516996809572,0.0016427732901196216,0.0015775747557944856,0.1541402336500312,0.004777062791083082,0.001124029717856595,0.0008562835383049267,0.0,0.0,0.0,0.0008726326474696231,0.000990218316924243,0.001915096423361376,0.0001718348712859779,0.000494177113455341,0.05616792662791496,0.012451184885903632,0.0005578714349131126,0.0020730237889564156,0.3841716415293384,0.001756093967095989,0.001884671262401935,0.0,0.09626640989865662,0.0,0.0004972245569454793,0.000542441451938477,0.0004497233645901682,0.00035801028037157315,0.0,0.0010035175446940566,0.0007426658494561723,0.0,0.0,0.0,0.0008655662632611495,0.0003781992719473442,0.0005091469377375812,0.0,0.0015335210211400825,0.0012461451791148887,0.0,0.0012437460794998884,0.0028353331894879126,0.0,0.0,0.0007602838008084301,0.0,0.0003732674089742813,0.010567439044377252,0.0005177637468066819,0.0,0.0011398270902997245,0.0,0.00040123660907828614,0.0003538260910029547,0.00013685092082219456,0.006641174782527899,0.0,0.0005158758748601453,0.0,0.0009613122742581416,0.0017095270286024487,0.0,0.0006647588045908445,0.0,0.0,0.0,0.0004422523667963139,0.0,0.003023286149123693,0.00012685037621705243,0.0024312363261438444,0.0,0.0,0.0004845374831771005,0.0005166493712555829,0.0003734989729543218,0.0,0.0005199864361981349,0.0004966349570460809,0.00052526968608717,0.0010061444571592554,0.00012685037621705243,0.0,0.003124659685879249,0.0,0.0,0.0,0.0,0.0,0.0,0.0,0.0,0.0,0.0,0.00013272051234574104,0.0004885883762295788,0.0,0.0010521810694617858,0.0005327406667577885,0.0,0.0016585551546344968
187,0.0013119935578920932,0.0,0.0,0.0,0.0,0.0,0.0,0.0,0.0006801070099936836,0.0,0.0,0.0,0.0006785331748230194,0.0,0.0,0.0,0.0,0.0005473386954961967,0.0,0.0014165191850944521,0.0,0.0,0.008844176556790978,0.0,0.0,0.0006801070099936836,0.0008702733274334948,0.0,0.0024284627625165774,0.00017475280231634967,0.000747184449925038,0.0,0.0,0.0006564583754181595,0.0,0.0,0.000423650365886453,0.0007593751612474797,0.0,0.0,0.0,0.0004713991377442471,0.0,0.0,0.0,0.0,0.0,0.0,0.0,0.0,0.0006540960726975959,0.0,0.0,0.0,0.0007593751612474797,0.0,0.0005963773945671844,0.0,0.0,0.0,0.0,0.0,0.0,0.0,0.0,0.00047041204637573265,0.0,0.0,0.0,0.0,0.0,0.0,0.0,0.0,0.0,0.0004632318744668505,0.00013844098783331228,0.0,0.0,0.0,0.0,0.0,0.0,0.0007324214065390463,0.0,0.0,0.0,0.0,0.0,0.0,0.0,0.0,0.0,0.0,0.0004168988852968279,0.0,0.0005596790216444854,0.0,0.0,0.0,0.0,0.0,0.0,0.0,0.0,0.0,0.0,0.0,0.0,0.0,0.0,0.0014645845935862428,0.0,0.0,0.0007306858652144887,0.0,0.0,0.0005168585209532362,0.0,0.0,0.0,0.0,0.0,0.0,0.0,0.0,0.0,0.0,0.0,0.0,0.0,0.0007110960707534857,0.0,0.0,0.0,0.0,0.0,0.0,0.0,0.0,0.0,0.0,0.0,0.0,0.0,0.0022005091079145334,0.0,0.0,0.0,0.0007306858652144887,0.0,0.0,0.0,0.0,0.0,0.0,0.0,0.0,0.0,0.0,0.0,0.0,0.0006690001525395329,0.001384425431386584,0.0,0.0,0.0,0.0,0.0,0.0,0.2720416734502005,0.0014095795575135364,0.004400471468330017,0.10834293408111398,0.14435179976611617,0.0,0.0,0.0,0.0,0.0013894417375169877,0.0,0.0,0.0060550973387758856,0.19434836408572148,0.0005786548494049079,0.006138649240238636,0.0,0.0,0.005681821553933482,0.0014289545898625348,0.0,0.002155067854476428,0.006632740306560247,0.001177495013846973,0.0,0.0013926264467838238,0.0006994359547727692,0.000681756708051314,0.0014199931662981656,0.0,0.0014645307952716546,0.15697945007850428,0.0,0.002663320788412409,0.0,0.002762161036920968,0.0,0.0,0.0011340021958770705,0.0007244989048237725,0.0013788136306789134,0.0006669567113172397,0.0,0.0,0.0,0.0,0.0,0.0,0.0,0.0,0.0,0.0,0.0,0.0,0.0,0.0014675851057439947,0.026080773991221665,0.0,0.0,0.0,0.0,0.0007216083388682718,0.0,0.0006801070099936836,0.0,0.0004696199132629559,0.0,0.0,0.0,0.0009392398265259118,0.0,0.0,0.0,0.0,0.0,0.0,0.0,0.0027781367803685207,0.0,0.0,0.0,0.0,0.0,0.0007304743246045202,0.001396321864656774,0.0,0.0,0.0006922808236765669,0.0006845323081971499,0.0,0.0,0.0,0.0,0.0,0.0,0.0,0.0,0.0,0.0,0.0,0.0,0.0,0.0,0.0,0.0,0.0,0.0006996675519105294,0.0,0.0006702508188422894,0.0
188,0.0,0.0015660874853214973,0.0,0.0,0.0,0.0,0.0,0.0,0.0,0.0,0.0,0.0,0.0,0.0,0.0012549152587904336,0.0,0.0,0.0,0.0006558158623128034,0.0006561475779091528,0.0,0.0,0.00932510003456772,0.0,0.0005497133758334589,0.0022557513223173697,0.0016752784314123732,0.0006505308095604745,0.001954232100562551,0.0,0.0006684749810870673,0.0006484375071894073,0.0,0.0,0.0,0.0,0.0,0.0,0.000404156733705843,0.00042534241546155757,0.0,0.0006274881354551394,0.0,0.0,0.0,0.0,0.0,0.0,0.0,0.000654821042583587,0.0,0.0,0.0,0.0,0.0,0.0,0.0,0.0,0.0,0.0,0.0005764194761773478,0.0,0.0,0.0006273489685542703,0.0004509898110608314,0.00140456597413782,0.0004513663364427301,0.0,0.0,0.0010490616736919852,0.0,0.0,0.0,0.0005578215586448123,0.0005889225246446469,0.0,0.00014861954994218967,0.0,0.0,0.0,0.0,0.0,0.0,0.0,0.0,0.0,0.0,0.0,0.0,0.0,0.0,0.0,0.0,0.0,0.0,0.0,0.0012257661285635683,0.0,0.0006114580442090501,0.0006570784447869275,0.0,0.0,0.0,0.0,0.0,0.0012856686952536472,0.0,0.0,0.0,0.0,0.0,0.0006889222342942914,0.0,0.0,0.0011352445583665514,0.0006309063774097766,0.0,0.0,0.0006480794642603106,0.0,0.0,0.0,0.0,0.0,0.0,0.0006534756054654621,0.000681166956734934,0.0,0.0,0.0006269488393207346,0.0,0.0006268079771639375,0.0,0.0003902071712158158,0.0,0.0006600994800978242,0.0012784155496134047,0.0,0.0,0.0012389656594455636,0.0,0.0,0.002741831155695487,0.0006384438862931573,0.0,0.002423807594607229,0.0,0.0,0.0004467639792870434,0.0,0.0,0.0004612840402380831,0.0006634568135685402,0.0,0.0,0.0,0.0,0.0007042883289765246,0.0,0.0,0.0,0.0,0.0005259832448378901,0.00041438938569290424,0.0,0.0,0.0,0.0,0.0,0.0006274881354551394,0.010938426268677926,0.00227074312023523,0.03305686125105428,0.0,0.07678931232617812,0.0,0.0019132036904493746,0.0,0.0,0.31212817284804584,0.0,0.0009080324513160279,0.0939403637422508,0.019570809391497867,0.0015519476044640959,0.0027972474096472615,0.00044760925515008066,0.0072661926133496795,0.0,0.0,0.004739059541377102,0.17544461122658334,0.0022403872561230858,0.001053970332707907,0.0006153543431117911,0.0,0.0,0.0,0.0004456476001034894,0.0,0.0007625246553019837,0.0022031369025611257,0.0,0.0,0.0,0.11097304861858788,0.0,0.0,0.0,0.0014892272959136548,0.001248453211073976,0.0004585416353060374,0.0,0.0,0.0,0.0004470191292205761,0.0012411401556519364,0.0006275689443210007,0.0,0.0,0.0,0.0006570784447869275,0.0,0.0024191573907625533,0.0,0.04959258142290215,0.016663274865233092,0.0,0.0,0.0,0.0,0.0,0.0006275797919218583,0.0,0.0004106346673011667,0.00014861954994218967,0.0,0.0,0.0007042883289765246,0.0,0.0,0.0,0.0,0.0,0.0007601758550501162,0.0,0.0,0.001303361452699189,0.0,0.0,0.0,0.001229259007372621,0.0,0.0009202469019157933,0.0006194452090811482,0.0,0.0,0.0006064530005189801,0.0,0.0,0.0,0.0005256830237037436,0.0010669323983653388,0.0,0.0,0.0,0.0,0.0,0.0,0.0,0.0,0.0,0.0,0.0012304763102860597,0.0004317828606981781,0.0,0.0,0.0,0.0,0.0
189,0.0010192047269906768,0.000503561731880294,0.0,0.0,0.0,0.0005092708256354024,0.0005909304524287964,0.0,0.0,0.0,0.0008317791118363068,0.0,0.00017428736600972735,0.0003847532224788794,0.0008677429923172222,0.0,0.0,0.0018835603729485803,0.0,0.0008863877930669683,0.0005332980744000765,0.00041413196229354854,0.021053184411747833,0.0,0.0,0.0007732090935309822,0.0015711272001476232,0.0024313695711863513,0.0032335996335691847,0.0009061214628798341,0.0007296513191282942,0.0009635636311998955,0.0,0.0005025307600317587,0.0,0.0,0.0,0.0003636402867538266,0.004533467547855306,0.0,0.0005133294322602719,0.005962516764337577,0.00012768853878074155,0.0,0.0,0.0005322321863569941,0.0,0.0,0.0,0.0,0.0,0.0,0.00041413196229354854,0.0,0.0005070836130795053,0.0010509483300638225,0.00013314669980442863,0.0,0.0,0.0,0.0010191488439452974,0.0,0.0,0.0,0.0,0.000538717809344225,0.0004179981257369617,0.0,0.0005342531867457669,0.0,0.0,0.0,0.0,0.0,0.00046860891281305493,0.0,0.0008369088866785151,0.0,0.0005330624300863377,0.0,0.0,0.00037939295231516427,0.0,0.00036159754063020197,0.0,0.0,0.0,0.0,0.0,0.0,0.0,0.0005307178536319487,0.0,0.0,0.0,0.0,0.0009103630701747165,0.0,0.0,0.0,0.0,0.0,0.0,0.0,0.0,0.0,0.0001364515840848763,0.0005186098189529689,0.0,0.0,0.0,0.0,0.0013448146597856666,0.00037444006412344107,0.0,0.0,0.0,0.000503561731880294,0.0,0.0,0.0,0.0,0.0,0.0,0.0,0.00054224303611473,0.0,0.0,0.0,0.0,0.0005217867267970918,0.0032258764130857725,0.0032991545680718243,0.0,0.0009002087496305033,0.0038847788761330973,0.11046537689043852,0.0015579374507288042,0.0005342454732753699,0.009924323920500073,0.0010685360143326455,0.0015754055050926064,0.006504165091703359,0.00043092060401005644,0.0,0.019571265378335895,0.0,0.0005550382271386715,0.0,0.0010876986510683817,0.00052745472911461,0.0,0.0,0.0,0.0,0.0,0.0,0.0,0.0,0.0,0.0,0.0,0.0005251983211656174,0.0,0.0,0.003475263231457792,0.0,0.0014025348281034534,0.0,0.0003671680324275816,0.0,0.03549391704968667,0.0018954831627225367,0.0,0.015773331637587665,0.19234623469136164,0.0019903462481598365,0.00564621508110684,0.018958361388031645,0.0,0.0010324955126231675,0.18391227175062844,0.0,0.0,0.0,0.00131261571741481,0.0029483076394749984,0.0,0.000358841040659861,0.0,0.0,0.0012740077831028302,0.0,0.16690407011903408,0.015583406159902306,0.0036547425209868508,0.00205780338579996,0.07781789173507472,0.0,0.016877133046998172,0.00013238426966133256,0.0,0.0,0.0,0.0,0.0,0.0,0.0,0.0005156775352223734,0.00040733852026051916,0.0,0.0005252150462635866,0.0005129988362378077,0.0,0.0,0.0,0.00012834042497616627,0.0009547128766957148,0.0,0.0,0.0,0.0010425595182187194,0.0,0.0,0.0,0.0008748215945848329,0.0029233308986696322,0.0,0.0,0.0,0.0,0.0,0.0,0.0,0.0001364515840848763,0.0007452700208961477,0.0003727024509917902,0.0003538930523121052,0.0,0.0022529485037144437,0.0005347205539399544,0.0,0.0,0.0,0.0,0.0,0.0,0.0018988648859716126,0.0,0.00012843979480220178,0.0,0.0,0.0,0.0005231695245976998,0.0,0.0,0.0,0.0,0.0,0.0,0.0,0.0005270103473777483,0.00035948252378389044,0.0005091717407423785,0.0005244356565099697,0.0,0.0,0.0,0.0,0.0,0.0,0.0,0.0005186814596027211,0.0,0.0,0.0,0.0005032234425745288,0.0,0.0,0.0
190,0.0,0.0006782989077044959,0.0,0.0008434397335427642,0.0,0.0,0.0,0.0,0.0,0.0,0.0,0.0,0.0,0.0,0.0,0.0,0.0,0.0,0.0,0.0,0.0,0.0,0.004477349711778934,0.0,0.0,0.0026837954669327872,0.0007524461248753203,0.0,0.0006965563301380311,0.0,0.0,0.0,0.0,0.0,0.0,0.0,0.0,0.0,0.0,0.0,0.0,0.0,0.0,0.0,0.0,0.0,0.0,0.0,0.0010448396646429525,0.0004806864948456145,0.0,0.0,0.0,0.0,0.0,0.0,0.0,0.0,0.0,0.0,0.0,0.0,0.0,0.0,0.0,0.0,0.0,0.0,0.0,0.0,0.0,0.0,0.0,0.0,0.0010448396646429525,0.0,0.0,0.0,0.0,0.0,0.0,0.0,0.0,0.0,0.0,0.0,0.0,0.0,0.0,0.0,0.0,0.0006957609800390255,0.0,0.0007595533287864176,0.0,0.0,0.0,0.0,0.0,0.0,0.0,0.0,0.0,0.0,0.0,0.0,0.0,0.0,0.0,0.0,0.0,0.0011520156447276783,0.0,0.0005954003790097058,0.0,0.0,0.0,0.0,0.0,0.0,0.0,0.0,0.0,0.0,0.0,0.0,0.0,0.0,0.0,0.0,0.0,0.0,0.0,0.0,0.0010671290193416821,0.0,0.0,0.0,0.0,0.0,0.0,0.0,0.0,0.0,0.0,0.000505946151967314,0.0,0.0,0.0,0.0,0.0,0.0,0.0007458958432977504,0.0,0.0,0.0,0.0,0.0,0.0,0.0,0.0,0.0,0.0,0.0,0.0,0.0,0.0,0.000694815846396334,0.0,0.0,0.0,0.0,0.17257631220201566,0.0,0.008549401127783721,0.008791893574726085,0.0,0.0007104605670548947,0.0,0.030233348610441867,0.0,0.0,0.0015174424080009615,0.0022271555161229007,0.0,0.002182269478737559,0.0,0.0019859959583840145,0.007244963515798711,0.0,0.0,0.7188539866641059,0.0,0.0,0.0,0.0,0.0,0.0,0.0,0.0,0.0,0.0,0.0,0.0006843795210229657,0.000786796686747337,0.0,0.0,0.0,0.0,0.0007386314607870807,0.0,0.0007158210000793395,0.0,0.0,0.0,0.0,0.0,0.0007976946970883889,0.0,0.0,0.0,0.0,0.0,0.0028588992234543473,0.0,0.007799328973335079,0.0028708350535305545,0.0,0.0,0.0,0.0,0.0,0.0006853061964860662,0.0,0.0012644493891040694,0.0,0.0,0.0,0.0,0.002955303264193685,0.0,0.0,0.0,0.0,0.001807814515681118,0.0,0.0,0.0007614681146345004,0.0,0.0,0.0,0.0,0.0,0.0,0.0,0.0,0.0,0.0,0.0,0.0,0.0,0.0,0.0007458958432977504,0.0,0.0,0.0007353771447157869,0.0,0.0,0.0,0.0,0.0,0.0,0.0,0.0,0.0,0.0,0.0,0.0,0.0,0.0
191,0.0,0.0009189582966616977,0.0,0.0003548138891927867,0.0,0.0,0.00037008096914143085,0.0,0.0002233142460021718,0.0,0.0,0.0,0.0,0.0,0.0013949868904732086,0.0,8.872079381853737e-05,0.0014577021092580073,0.0,0.0007620981032213409,0.00041241260434311686,0.0010350501068057284,0.018804023243793083,0.00022800703342728664,0.0,0.007359951309875576,0.0009798759030527108,0.0012954323488224468,0.0035101019184508343,0.0,0.0,0.00024081489088914121,0.0,0.00043484516111265284,0.0,0.0,0.0,0.000353050742700407,0.001494413371755167,0.0,0.0,0.00031392149370466834,0.0,0.0,0.0,0.0,0.0,0.0,0.0003641134765150752,0.0,0.0006357351794745601,0.00041024423091261383,0.0,0.000299057433350468,0.0004473440684192628,0.0,0.0,0.00035612560451818095,0.0,0.0,0.0,0.00034680508593824306,0.0,0.0,0.0,0.0,0.0,0.0,0.0,0.0002536355799773159,0.0,0.0,0.000354196704566592,0.0,0.0,0.0,0.0,0.0005557912623815625,0.0,0.0,0.0,0.0,0.0005155020350212168,8.765688459018753e-05,0.0,0.00037954765059914795,0.0003658466208065795,0.0,0.0,0.0,0.0,0.0,0.0,0.0,0.0,0.0007030927514539931,0.0002918391716825716,0.0002809477654902819,0.0,0.0,0.0,0.0,0.0,0.0,0.000247201663186516,0.0,0.0,0.00036133611013210805,0.0,0.0003682296276148886,0.0,0.0006871117736950681,0.0007166408450589797,0.0,0.0,0.000370882731081589,0.0,0.0,0.0006991972265301886,0.0,0.0,0.0011084165675885752,0.0,0.0,9.007796160101165e-05,0.001852844457580365,0.0,0.0004471429222509231,0.0003607912711701721,0.0,0.0,0.0003339174615070751,0.0,0.0,0.0016176843516662366,0.0003597404868252214,0.00029040928202536697,0.0,0.0,0.0,0.0,0.0003613077062209006,0.0,0.0,9.509826218002731e-05,0.004366824196758601,0.0,0.0,0.0,0.0,0.00030780483455698093,0.0,0.000686068585168801,0.0,0.0,0.0,0.0,0.0,0.0,0.0003934570371247275,0.00037287923573654726,0.0,0.0,0.00035130033051876294,0.00031612691805399954,0.0009253737917385521,0.0,0.0,0.00016138993618883363,0.0,0.0022673137825923602,0.001122291054133495,0.07611367039485753,0.0009057158475091902,0.03300486653418786,0.0,0.00032937171488774255,0.0,0.0003603137306435075,0.09412666859683266,0.0,0.0007204842218219854,0.0032474119662602597,0.0005545754514674194,0.0006497184900380477,0.0007231944193292135,0.0003506170686476911,0.001133390672661965,0.08222904004008973,0.00026171983127671797,0.2178162893014388,0.0,0.0011829178399003996,0.001872002741247039,0.0007438580702420429,0.0,0.0003955656249484788,0.0,0.0,0.0,0.0,0.0014108021588609921,0.0003514397814169574,0.0009549541316550348,0.00038042636360064065,0.011713624628623836,0.0,0.0,0.0,0.00034907006092837307,0.0006208369776744843,0.0010615957717527967,0.00035130033051876294,0.0018842479621350146,0.0,0.00035730631073629336,0.0019393632700726614,0.0023573791791537406,0.00020427180993749984,0.0011954863002396736,0.0,0.0004673673762613402,0.00035987131443274395,0.0031983010659092405,0.0,0.3412778725105873,0.02624816326790385,0.00026960818743119156,0.0,0.0,0.0,0.0,0.0,0.0003621001205276034,0.0009269192831121409,0.0008074820177111407,0.0,0.0,0.0,0.001562736500828825,0.0006670550166463286,0.0002988633194535479,0.0012186363304226907,0.0,0.0008805291546632776,0.0,0.0,0.0019833305246113697,0.0,0.0,0.0006081393725313294,0.0,0.0,0.0,0.0007254257692619774,0.0,0.0,0.0,0.0,0.0003623569138752027,0.00035896465740652893,0.0,0.0007086376261900291,0.0,0.0003463115264661529,0.0,0.0003342526764873239,0.0007032912533058737,0.0,0.0,0.0,0.00036518738901128266,0.0,0.0,0.0,0.0,0.001801019531078305,0.0,0.0,0.000985162355601663
192,0.0,0.000375285944885064,0.0032386301086415586,0.0,0.0,0.0,0.0,0.0,0.0005393378257119372,0.0005653993525376956,0.0,0.0,0.0023405170495528426,0.0,0.0005584784770585504,0.00030071000943953876,0.0,0.0014697040692902693,0.0006197241186424996,0.001919213304714467,0.00036713839127516774,0.0005393378257119372,0.020130028183687178,0.00036070475397904944,0.0,0.003119831197987567,0.003168402143157275,0.002042607834319278,0.0019362861416943296,0.0006448313240883157,0.0,0.0005409512545110154,0.0,0.002226946132126402,0.0010814168421535196,0.0,0.0015665887237677927,0.0,0.003432242471771377,0.0,0.0,0.0013188371700282252,0.0005108551373321709,0.0,0.0,0.0,0.0,0.0,0.0,0.0005465987797736794,0.0,0.0,0.0,0.0,0.0,0.0,0.0,0.00047805812378505275,0.0,0.0,0.0005574792780319039,0.0010690383517684594,0.0,0.0,0.0,0.00258195138003929,0.0,0.0,0.0005692412755019872,0.0,0.0,0.0,0.00046988037364111294,0.0,0.0,0.0,0.0005111313191969049,0.0,0.0,0.0,0.0,0.0,0.0,0.0010693272163083754,0.0,0.0,0.0,0.0,0.0,0.0,0.0,0.0,0.0,0.0,0.0010469227027820065,0.0,0.0,0.0,0.0016016143747525566,0.0,0.0005090262846014201,0.0,0.0010569079639864663,0.0,0.0005272375733298467,0.0,0.0,0.0,0.0005845217958074339,0.0,0.0,0.0,0.0,0.0,0.0005533974170989999,0.0,0.0,0.0,0.0,0.0005404051942369808,0.0,0.0,0.0005380181348314417,0.0,0.0,0.00036070475397904944,0.0,0.0,0.0,0.0,0.0,0.0005582233679816285,0.0003742049457274525,0.0,0.0008566929365757174,0.0,0.0,0.0,0.0,0.0005461999599149734,0.0,0.0,0.0,0.0,0.0,0.002191060052241681,0.0,0.0,0.0,0.0009488746001218842,0.0,0.0,0.0,0.0,0.0,0.0,0.0,0.0,0.0005928221835872403,0.0,0.0,0.001066486025367587,0.0,0.0,0.0003903322319969122,0.0005321024826317191,0.0,0.0,0.000748409891454905,0.0,0.0036189304303222013,0.13238760167506367,0.001123754579131577,0.19859566447045082,0.10475923679193547,0.0005268712352506264,0.08228099218268865,0.0011118408541972448,0.01046113579005593,0.002318590744744025,0.0016415303868106343,0.0004805940426445267,0.003108404797916061,0.0024752232875262293,0.0023938077044291664,0.13542642107847278,0.07590875098032564,0.0016598100685679777,0.00087893233611635,0.0005168508374106166,0.0,0.0011182174103636605,0.0,0.0013678467667152473,0.0005435894152151889,0.0006780060888090295,0.025639557286644212,0.001087875533781989,0.07565064106830391,0.00033535225473642095,0.004087955775992552,0.0033654108126054184,0.0,0.0,0.0,0.0,0.0,0.0005327489782413375,0.0020315406603429974,0.0005090262846014201,0.00053851075752722,0.0,0.0,0.0,0.0,0.0,0.0004131358104220148,0.002171912947872784,0.0005350723215667853,0.0,0.0007163699087693197,0.0,0.001123631111811876,0.0,0.0003845692238287175,0.0011069792556064187,0.00969539224690115,0.0,0.0021921245047743726,0.00013150318745792434,0.0,0.0,0.00032215751718497117,0.0006292497084227493,0.004000707638621817,0.0003762502161451532,0.0,0.0,0.0,0.0018818583025144834,0.0,0.0010316605171687154,0.0,0.0005506997024128214,0.0,0.0,0.000538928413129194,0.0012389903599238355,0.0,0.0,0.0,0.0,0.0,0.0,0.001742378127893647,0.0,0.0,0.0,0.0005808039528645307,0.0,0.0,0.0,0.0027909368765316957,0.0,0.0005363220261949126,0.00196499540837468,0.0,0.0,0.00033590493688513635,0.0,0.0,0.00217481940837388,0.0,0.0,0.000563007266975747,0.0,0.0010701446431335706,0.0,0.0,0.0011473943311765696
193,0.00038400914650194945,0.00038627248001728775,0.0,0.0007403594767120923,0.0,0.0,0.0,0.0,0.0003657423458461297,0.000316566311322342,0.00035424184256589345,0.000759818654834473,0.0,0.0,0.0007814454228322518,0.0,0.0007821432007043643,0.0025832804722498845,0.0003836444894515215,0.0036968861696065588,0.000592541837506478,0.0002879289435025955,0.03780343602201812,0.0006555407584437259,0.0,0.0063472821553761175,0.004498130620537929,0.002406279658180088,0.0053856896765556135,0.0013488260793873951,0.001637708314310264,0.0014837021537867096,0.0003927817304937775,0.03207799886922443,0.002243309206496823,0.0003810980623969069,0.0040828043806082305,0.0003963769598752836,0.004018087167399997,0.00038428674636181194,0.0004909799216988772,0.029936407273184397,0.0003929217297876554,9.95202283198825e-05,0.0,0.0,0.0,0.0,0.0003957004635814447,0.0003874000593132368,0.0,0.0,0.0,0.0,0.0010407378077397756,0.0,0.0,0.00039658043253288364,0.00038470126650174975,0.0,0.0,0.0005472275064328098,0.0,0.0,0.0,0.0,0.0,0.0,0.0,0.0,0.0,0.000316566311322342,0.0,0.0,0.0003925178165865952,0.0,0.001535609850533065,0.0009749616428326782,0.0,0.0,0.0008159152727721193,0.0,0.00047109196319083214,0.0,0.0,0.0,0.0,0.0,0.0003187381134592799,0.0,0.0003774950599991612,0.00036236532475006643,0.0,0.0,0.0,0.0,0.001449453557976411,0.0,0.000892839293427169,0.0,0.0,0.0003865092166874471,0.0,0.0,0.00038086113113494245,0.0,0.0003929217297876554,0.0003829162854128164,0.0,0.0,0.0,0.0,0.0,0.0,0.0,0.0006952394792605565,0.0,0.0007662840299112469,0.0003872421303271609,0.0,0.0,0.0,0.0,0.0,0.0,0.0014494748652093008,0.0,0.00036983251783251434,0.0,0.0,0.00041077826522571654,0.0021902915247309766,0.0015160006840606209,0.0,0.0004037442315355775,0.003750145175121407,0.0031248934297997376,0.0,0.0,0.00201806802521987,0.00040947113895459627,0.002124818320424385,0.0008863863518620238,0.0006473899570409939,0.0,0.009088958694448408,0.0007707486508293646,0.0002694752077526727,9.291224209272752e-05,0.0032623690264623672,0.0,0.0002896976874100328,0.0011452514084235301,0.0,0.0007848671659859937,0.0011681552118301543,0.0,0.0,0.0,0.00040167828678069846,0.0,0.0003857425284025356,0.0010438563260827668,0.0007759772791119599,0.0,0.0025888068373446866,0.0,0.0004012044160344723,0.0011401985430732654,0.0,0.0007221180373474799,0.05310164721717582,0.00038027034473719576,0.0,0.018662020600952352,0.06814117934916036,0.0003922284364930623,0.3292688874317948,0.0027722344593694367,0.00038577353888868764,0.001640291929450111,0.01457261942754109,0.0,0.001086371782640024,0.0,0.0003625894922129108,0.010367158728865311,0.0,0.0,0.14253833673477265,0.0,0.00048575820514269567,0.0016308028667281556,0.0,0.0019595505574921423,0.002625448129364191,0.04615287687219635,0.006409401075278416,0.0,0.060496549972411176,0.0006974554260320858,0.0,0.0007582366773320175,0.0,0.0,0.00018537767977895364,0.0,0.00030908689477928184,0.0,0.0,0.0,0.0007748001186264736,0.0,0.0,0.0,0.0003921694264500733,0.00038400914650194945,0.0,0.0003565032714384944,0.00037913394560714383,0.0003836444894515215,0.0,0.0,0.0,0.0,0.0011678075642571459,0.0007849065613515852,8.740949123203732e-05,0.0003511656891308261,0.0,0.0,0.0,0.0,0.00019519599500320968,0.0011417343681674288,0.0010693466096841169,0.0,0.0003803342382306094,0.0,0.0028870586006442558,0.0005898768158904802,0.0,0.0003929217297876554,0.0,0.0,0.0,0.0,0.0018170140463383115,0.0018623731151824325,0.00030018403989969374,0.0,0.0,0.0,0.0,0.0009875444420546378,0.00036250456312796,0.0,0.00039044573019555165,9.973026489461553e-05,0.006920352894475447,0.0,0.0,0.0003235729564136478,0.0,0.00018389706303621712,0.0004691732194650249,0.0007546670966758616,0.0,0.00039216919540906175,0.0,0.0,0.0002688123810878843,0.0,0.0,0.00010499580254318247,0.0,0.0003825886958317662,0.0,0.0,0.000316566311322342
194,0.0,0.0,0.0,0.0005384067551836949,0.0,0.0,0.0,0.0,0.0,0.0,0.0,0.0,0.0,0.0,0.0003467288719035355,0.0,0.0,0.0005070169123797688,0.0005151134030856345,0.0,0.0,0.0005003440202424549,0.00771111464678342,0.0,0.0,0.003092218836974732,0.0003467288719035355,0.0003397036581693138,0.000992485453326277,0.0,0.0,0.0,0.0,0.0,0.0,0.0,0.0,0.000524793909636326,0.0003380352084413425,0.0,0.0,0.0011713219060998149,0.0,0.0,0.0,0.0,0.0,0.0,0.0003485852047747499,0.0,0.0,0.0,0.0,0.0,0.0,0.0,0.0,0.0,0.0,0.0,0.0,0.0,0.0,0.0,0.0,0.0005118417788979661,0.0,0.0,0.0,0.0015514902571325052,0.0,0.0,0.0,0.0,0.0,0.0,0.0,0.0,0.0002047236172651255,0.0,0.0,0.0,0.0,0.0,0.0,0.0,0.0,0.0,0.0,0.0,0.0005133869361326847,0.0005151134030856345,0.0,0.0,0.0,0.0,0.0,0.0,0.00032999581100230787,0.0,0.0,0.0,0.0,0.0,0.0005118090431628143,0.0,0.0005057401020317945,0.0,0.0,0.0,0.0004963433528034504,0.0005105832509846113,0.0,0.0,0.0,0.0,0.0,0.0,0.0,0.0,0.0,0.0009355319399030713,0.0,0.0,0.0,0.00012286720938641343,0.0,0.0,0.0,0.0009962983084021747,0.0,0.001431150298776278,0.0,0.0,0.0,0.0008570568314453693,0.004789625649054651,0.0,0.0,0.00012286720938641343,0.0004862911883313898,0.0005131893429952346,0.0017177685304822071,0.0005111943791777281,0.0,0.006325824058007292,0.0,0.0,0.00034894964309864577,0.0,0.0,0.0,0.001375697867827832,0.0,0.0,0.0,0.0,0.00038525399412413713,0.0,0.0005020632707547791,0.0,0.0,0.000506037168031943,0.0004934948912784485,0.0,0.0,0.00038525399412413713,0.000376538739234037,0.0008782905975835938,0.0,0.0,0.004208899329664542,0.00034284165807778723,0.0,0.011667003645446077,0.0008461201240379663,0.0005618342949301906,0.0005232715022292649,0.010063698168926096,0.00014019651938927541,0.0,0.5391178971544723,0.0,0.0,0.0,0.0005118082957114175,0.00035165893486351475,0.0,0.001018825955542583,0.02268593407652549,0.0,0.0008826423351111499,0.0,0.004273120638911604,0.0,0.1429096629087667,0.001030226806171269,0.20202061650044878,0.0,0.0003578029693800471,0.0,0.0,0.0,0.0,0.0,0.0,0.0005339171767590687,0.0,0.0,0.0,0.0,0.0,0.0,0.0,0.0,0.0,0.0003416094369777266,0.0003513874844614669,0.0,0.0,0.0,0.0004287132303154218,0.0,0.0,0.000506037168031943,0.0,0.0033009181350049733,0.0,0.0,0.0,0.0,0.0004285150275233025,0.0,0.0,0.0005151134030856345,0.0,0.0,0.0,0.0,0.0008773538912157965,0.0,0.0,0.0,0.0,0.0,0.0,0.0,0.0005161243130356585,0.0,0.0,0.0,0.0,0.0,0.0,0.0,0.0,0.0,0.0,0.0,0.0,0.0,0.0,0.0004932467425243656,0.0,0.00034284165807778723,0.0,0.0,0.0,0.0,0.0,0.0,0.0,0.0,0.0003591271961300037,0.0,0.0,0.0005061629954413812,0.0,0.0,0.0
195,0.0008241142331001654,0.0,0.0,0.0,0.0,0.0,0.0,0.0,0.0,0.0006475835519457295,0.0008010172028470315,0.0,0.0,0.0,0.0015956155311937488,0.0008484317690175249,0.0,0.004760186347395507,0.0,0.0,0.0,0.0,0.01198519825894504,0.0007161895354663476,0.0,0.0021239504578533285,0.0015897115142299186,0.002500388472654822,0.0014827224632515516,0.0007599950592403946,0.0,0.0,0.0,0.003086713854182394,0.0,0.0,0.0,0.0,0.002242585115321106,0.0,0.0015044719250095428,0.0008274856230389811,0.0014683146166898048,0.0,0.0,0.0,0.0,0.0,0.0,0.0007809121403925439,0.0,0.0,0.0,0.0,0.0007381085771357013,0.0,0.000798652656233055,0.0,0.0007648774980378618,0.0,0.0007622545694354251,0.0,0.0,0.0,0.0,0.0013961568801682187,0.0007374564394637291,0.0,0.0,0.0,0.0,0.0,0.0,0.0,0.0,0.0,0.0007039948886820851,0.0,0.0,0.0,0.0,0.0,0.0,0.0,0.0008085309848351492,0.0,0.0,0.0,0.0008165297888182184,0.0,0.0,0.0,0.0,0.0,0.0,0.0,0.0,0.0,0.0007577063733716046,0.0,0.0007323758774573106,0.0,0.0007001893482746273,0.0,0.0,0.0,0.0,0.0,0.0,0.0,0.0,0.0,0.0,0.0,0.0,0.0,0.0,0.0,0.0,0.0,0.0,0.0,0.0,0.0,0.0007918810206311658,0.0,0.0,0.0005617617115839964,0.0,0.0,0.0,0.0015803274935471008,0.0015322043298041127,0.0,0.0,0.0,0.0,0.0,0.0,0.0,0.0,0.00019462067891178546,0.0007622545694354251,0.0,0.0015621395896017632,0.0024117035412999817,0.0,0.0,0.0,0.0,0.0,0.0018093829143907972,0.000793944482328097,0.0,0.0,0.0,0.0,0.0,0.0,0.0,0.0,0.0,0.0,0.0007875736060957215,0.0,0.0031095709343150657,0.0,0.0,0.0,0.0,0.000763880561270096,0.01696812211550811,0.0007001893482746273,0.0007811528424812902,0.045846045629612406,0.0007863973206249962,0.0007639760889260451,0.0,0.05349993812518396,0.0,0.0006314634474807254,0.12255847201457597,0.0,0.0007792999795003424,0.00817553209045202,0.0015098928468982237,0.0031418244998865008,0.0,0.0,0.02066677482031895,0.0006475835519457295,0.0013445883806650295,0.0023411958986858184,0.010678024160530484,0.20685363937843845,0.0,0.0014827224632515516,0.39224831486630535,0.000798652656233055,0.0007374564394637291,0.0,0.0,0.0,0.0,0.0,0.0007561293209365786,0.0,0.0,0.0,0.0007943150888760641,0.0,0.0007346620725381331,0.0,0.0,0.0,0.0,0.0007678116661790636,0.002314004891132263,0.0014695259859340544,0.0007918810206311658,0.0,0.0007622545694354251,0.0,0.0015005683591463803,0.0,0.002299793723585541,0.0063189163868060845,0.0,0.0,0.00311546828772141,0.0,0.0,0.0007604130429770802,0.0,0.000765877517544994,0.0006866428214352396,0.0008274856230389811,0.0008863149329382727,0.0,0.0023150616777540866,0.0,0.0007264124010731797,0.0,0.0,0.0015428833586569862,0.0,0.0007319477318696861,0.002075524164998229,0.0,0.0,0.0,0.0,0.0,0.0,0.000611942598736253,0.0,0.0,0.0007839218422028895,0.0,0.0,0.0,0.0,0.0,0.00019278815152704164,0.0,0.0,0.0,0.0007943150888760641,0.0,0.0,0.0,0.0006016876608582231,0.0,0.0008484317690175249,0.0007943150888760641,0.0007643926636250489,0.0,0.0,0.0,0.0007993845389252268
196,0.0,0.0,0.0,0.0,0.0,0.0,0.0,0.0,0.0,0.0,0.0006086102012447641,0.0,0.0,0.0,0.0,0.0,0.0,0.0,0.0,0.0006143785801878698,0.0,0.0,0.0036592323643290375,0.0,0.000525273089939823,0.0007356515020821735,0.001628290699081146,0.000577147778234567,0.004027018440121566,0.0,0.0,0.0,0.0,0.004218089162176303,0.0,0.0004157516878810632,0.0,0.0,0.0005861933051756938,0.0,0.0,0.0023765150213255373,0.0,0.0,0.0,0.0,0.0,0.0,0.0,0.0,0.0,0.0,0.0,0.0,0.0005994246199639554,0.0,0.0,0.0,0.0,0.0,0.0,0.0,0.0,0.0,0.0,0.0005707955855789216,0.0,0.0,0.0,0.0,0.0,0.0,0.0,0.0,0.0,0.0,0.0,0.0,0.0,0.0,0.0,0.0,0.0005969373855300726,0.0,0.0,0.0,0.0,0.0,0.0,0.0,0.0,0.0,0.0,0.0,0.0,0.0,0.0,0.0,0.0,0.0,0.0,0.0,0.0,0.0,0.0,0.0,0.0,0.0,0.0,0.0,0.0,0.0,0.0,0.000617463098251631,0.0,0.0,0.0,0.0,0.0,0.0,0.0,0.0,0.0,0.0,0.0,0.0,0.0,0.0,0.0,0.0,0.0,0.0,0.0,0.0,0.0,0.0005797537656325184,0.0,0.0,0.0,0.0005933208280045801,0.0,0.0005484030274169287,0.0,0.0,0.0,0.00360042738341589,0.0,0.0,0.0,0.0,0.0,0.0,0.0006285751873250603,0.0,0.0,0.0,0.0,0.0,0.0,0.0,0.0,0.0,0.0,0.0011938747710601451,0.0,0.0,0.0,0.0,0.0,0.0001555664097422972,0.0,0.16143945970179677,0.0006261879830701897,0.0017703362514058397,0.0074840379206605,0.0,0.0016735219701051985,0.0023844180173009802,0.00628759358826242,0.0,0.015022370034499367,0.0006128497751187161,0.0007447485204564587,0.0005921540280902473,0.000590474010380004,0.0017785017311674738,0.6353786913032162,0.0006261879830701897,0.0005941621032921023,0.0029789555877891703,0.0,0.0,0.029145854555401102,0.08418699272206144,0.0005781395307489605,0.000535787179190188,0.0,0.0017421233958065587,0.0,0.0005870369015228777,0.0016710890423182819,0.0006034336014729614,0.0,0.0005969258746536538,0.0,0.0006293520693697586,0.0,0.0,0.0,0.0005921540280902473,0.0,0.0,0.0004157516878810632,0.0,0.0,0.0,0.0,0.0,0.0004665484449856107,0.0,0.0,0.0,0.0,0.0,0.0,0.0006097103725891159,0.0017805982531740375,0.0,0.0,0.0,0.0,0.0005782371441623328,0.0,0.0,0.0006524852877890254,0.0005323504188638301,0.0,0.0,0.0,0.0005882919452177627,0.0,0.0,0.0,0.0,0.0,0.0,0.0,0.0012437447919295334,0.0,0.0014759867877317638,0.0,0.0,0.0,0.0,0.0,0.0,0.0,0.0,0.0,0.0,0.0,0.0,0.0,0.0,0.0,0.0,0.0,0.0,0.0,0.0,0.0,0.0,0.0,0.0,0.0,0.0,0.0,0.0,0.0,0.0005460615616563848
197,0.0,0.0007434385571582459,0.0008894253772448258,0.0004040330203850784,0.0,0.0,0.0,0.0,0.0,0.0,0.0,0.0,0.0,0.0,0.0009893676115766592,0.0007240155968124048,0.0,0.0003638885868246803,0.0006139600214241315,0.00034188065990650783,0.0003553760401732172,0.00037193084598000233,0.00860671227258834,0.0,0.0,0.0007454920725893797,0.0003629285345171541,0.0,0.00034686433324120937,0.0,0.0003553408884345552,0.0003673089987495555,0.0,0.0,0.0,0.0,0.00036669544900832737,0.0,0.0006086163050937045,0.0,0.0,0.0025731845442635787,0.0,0.0,0.0,0.0,0.00036435816319931757,0.0,0.0,0.0,0.0,0.0,0.0,0.0,0.0007107915456662478,0.0,0.0003646694562940772,0.0,0.0,0.0,0.0,0.0,0.0,0.0,0.0,0.0007226126860848276,0.0,0.0,0.0,0.0,0.0,0.0,0.0,0.0,0.0,0.0,0.0007400115288895351,0.0,0.0,0.0,0.0,0.0,0.0,0.0,0.0,0.0,0.0,0.0,0.0,0.0,0.0,0.0003875042796870825,0.0,0.0,0.0,0.0,0.001395878755743117,0.0,0.0,0.0,0.0,0.0,0.0,0.0,0.0003844125437748974,0.0,0.0003586615151031775,0.00037560397177611814,0.0,0.0,0.0,9.325938010352204e-05,0.00066526997340618,0.0,0.0,0.0,0.0,0.0,0.0,0.0,0.00037877724548961655,0.0003105661078136249,0.0,0.0,0.0,0.0,0.0,0.0,0.0,0.0,0.0007243243645811879,0.0003658347354654475,0.0002750509506081376,0.0,0.0,0.0,0.0023780098144165628,0.0,0.0,0.0004873276966494926,0.0,0.0009476800591232146,0.0017897386610237413,0.0007287302091402451,0.0,0.002182388000772513,0.0,0.0002256472716770801,0.00048184471280103363,0.000707395680881604,0.0,0.0,0.00029775838947938236,0.0,0.0,0.0,0.0,0.0006364553617544482,0.0,0.0,0.0,0.00033409595585258124,0.0002750509506081376,0.0,0.0,0.00025689665560302006,0.0,0.0,0.0,0.0,0.0007285416948174286,0.029509490937817,0.001789148419314286,0.0006168634081451772,0.05133465184933967,0.00110796398364891,0.0007357928386373301,0.0010994801167231144,0.36609050628823786,0.0,0.0,0.08883456937153593,0.0003543721450336321,0.0003541136700791114,0.0008620401152214204,0.0015601673283023765,0.0017021002802868725,0.00036404731329213767,0.0,0.06155040296704696,0.0,0.00034157579098418407,0.00227798141765937,0.008939706279414834,0.13110239564416024,0.19209526043458322,0.0,0.0,0.0,0.0007378358768519649,0.0,0.0,0.0,0.00034505147925986294,0.0,0.0003875210437082417,0.0,0.0,0.0,0.0,0.0,0.00024078786748483493,0.00029775838947938236,0.0,0.0,0.0003605461632522098,0.00034846835280128466,0.00038181223609878276,0.0,0.0,0.0003629285345171541,0.0003698948780814169,0.0,0.0008080231687409431,0.0,0.00035181413291872257,0.0020986054791427853,0.0003662589428947247,0.0,0.0,0.0,0.0,0.0,0.0,0.0006792427713176052,0.0005515115325563466,0.0,0.0,0.0,0.0009477415952812157,0.0,0.0,0.0,0.0,0.001006473607376545,0.0,0.0,0.002438166157369014,0.0007153363802670196,0.0,0.0003515317179357324,0.0,0.0,0.0003489651941738942,0.00036534554730948744,0.0,0.0,8.904829186406787e-05,0.0,0.0,0.0,0.00023083979561310634,0.0,0.0,0.0,0.0,0.0,0.0,0.0,0.0,0.0,0.0,0.0,0.0003687190200518586,0.0006215332099301009,0.0,0.0,0.0,0.0,0.0
198,0.0,0.0,0.0,0.0,0.0,0.0,0.0,0.0,0.0,0.0,0.0,0.0,0.0012739840665210525,0.0,0.0012714331074230507,0.0,0.0,0.0,0.0,0.0012586922745486916,0.0,0.0,0.011588123820502061,0.0,0.0,0.0026008702209246617,0.0047201703466628,0.0,0.0012797083906133278,0.0,0.0,0.0,0.0,0.0,0.0,0.0,0.0,0.0,0.0012771729952000582,0.0,0.0,0.0,0.0,0.0,0.0,0.0,0.0,0.0,0.0,0.0012814596227419847,0.001220366741080029,0.0,0.0,0.0,0.0,0.0,0.0,0.0,0.0,0.0,0.0,0.0,0.0,0.0,0.0,0.0,0.0,0.0,0.0,0.0,0.0,0.0,0.0,0.0,0.0025469168231120067,0.0,0.0,0.0,0.0,0.0,0.0,0.0,0.0011258944579326852,0.0012357082319820896,0.0,0.0,0.0,0.0,0.0,0.0,0.0,0.0013034727656156039,0.0,0.0,0.0,0.0,0.0036758754407864814,0.0,0.0,0.0,0.0,0.0,0.0,0.00123717131415989,0.0,0.0,0.0,0.0,0.0,0.0,0.0,0.0,0.0,0.0,0.0,0.0,0.0,0.0,0.0,0.0,0.0,0.0,0.0,0.0011448465489959608,0.0,0.0,0.0,0.0,0.0,0.0,0.0,0.0,0.0,0.0,0.0,0.0,0.0,0.0,0.0,0.0,0.0,0.0,0.001220366741080029,0.0,0.0,0.0024027152570684743,0.0,0.0,0.0,0.0,0.0,0.0,0.0,0.0,0.0,0.0,0.0,0.0012476210685998747,0.0,0.0,0.0,0.0,0.0,0.0,0.0,0.002437368715095659,0.0,0.0,0.0,0.0,0.0,0.0038508076327140655,0.0,0.14727447732969567,0.02915741961529186,0.0,0.1990222135378067,0.0011054211228520982,0.005076085947473172,0.0012868426422425687,0.0,0.0025193849252122466,0.002325645073167151,0.0,0.0,0.003874180564967412,0.007562867540489039,0.004831582395122285,0.0,0.0012991928960279123,0.0,0.002362353492072084,0.21387127499608222,0.0012249365879309776,0.0,0.0,0.0035769779059814555,0.0036602569656245375,0.0,0.0,0.009936702360350661,0.03579164535979833,0.0,0.0,0.0,0.0011544031376987626,0.0,0.0,0.14076374721746657,0.0,0.00366756361952398,0.0,0.0036067769907570176,0.001079122181309934,0.0,0.001299608669737696,0.0012421595103657358,0.0012586922745486916,0.0,0.0,0.09676332535574485,0.0,0.0,0.0,0.0,0.0,0.007725819902338553,0.0,0.0,0.0012541308420575207,0.0011550536737455403,0.0,0.0,0.0,0.0,0.0,0.0,0.0022184821601107423,0.0011138744568484381,0.0012700643574923129,0.0,0.0,0.0,0.0,0.0,0.0,0.0,0.001294086631248575,0.0,0.0,0.0,0.0,0.0,0.0,0.0,0.0,0.0,0.0,0.0,0.0,0.0,0.0,0.001299608669737696,0.0,0.0,0.0,0.0,0.0,0.0,0.0,0.0012699879410370018,0.0,0.0,0.0,0.0,0.0,0.0,0.0,0.0,0.003603284566681574
199,0.0,0.0,0.0006918862216570773,0.0,0.0,0.0,0.0,0.0,0.0,0.0007006204148509281,0.0,0.0,0.0006953562289967554,0.0,0.0028037496815337517,0.0006932486242602523,0.0,0.0,0.0,0.0006997069828024185,0.0,0.0,0.009842390058296619,0.0,0.0007254690575964913,0.0,0.0,0.0013936267728365205,0.003506598224926519,0.0,0.0,0.0,0.0,0.0,0.12948490688434056,0.0006493701390082651,0.002162705903792649,0.0,0.002037887025595094,0.0,0.0,0.029222594764546788,0.0,0.0,0.0,0.0,0.0,0.0,0.0,0.0,0.00074798807966565,0.0,0.0,0.0,0.0,0.0,0.0,0.0,0.0,0.0,0.0,0.0,0.0,0.0,0.0,0.0,0.0006932486242602523,0.0,0.0,0.0,0.0006859543982043239,0.0,0.0,0.0,0.0,0.0,0.0,0.0,0.0,0.0,0.0,0.0,0.0,0.0006394957133981728,0.0,0.0,0.0,0.0,0.0,0.0,0.0,0.0,0.0,0.0,0.0,0.0,0.0,0.0,0.0007152636011802782,0.0,0.0,0.0,0.0,0.0,0.0,0.0,0.0007169520989149383,0.0,0.0,0.0,0.0,0.0,0.0006969552542837751,0.0,0.0,0.0,0.0,0.0,0.0,0.0,0.0,0.0,0.0,0.0,0.0,0.0,0.0,0.0,0.0,0.0,0.0007148298143546085,0.02106104494169268,0.0,0.0,0.0,0.021445625840756467,0.0020530133839196624,0.0,0.0013950486316091212,0.002052886065396467,0.0,0.0013610672707878785,0.005647747686289657,0.0006658132107425994,0.0,0.009218502758100348,0.001400382309272656,0.0007016423127308862,0.0,0.21692985560602046,0.0006841706346310956,0.0,0.0,0.0,0.0006859543982043239,0.0,0.0,0.0,0.0,0.0,0.0,0.0,0.0005187969078772599,0.0,0.0,0.0029040352678565747,0.0007081743109066461,0.0,0.0,0.0,0.0,0.0020787614503992814,0.0,0.0,0.0031753710414844935,0.26482909123098647,0.0006879732054424656,0.04195263322676868,0.0006800333849177983,0.0,0.0006759926880467245,0.004261003515090134,0.0,0.0,0.0,0.0,0.0,0.0,0.0,0.028958018412414566,0.0,0.0,0.0,0.1586731307373067,0.0,0.0,0.0007221864793977474,0.0,0.0,0.0,0.0,0.0,0.0,0.0003442398194110522,0.0,0.0007448964153777739,0.0014014229351668982,0.0,0.0,0.0,0.0,0.0,0.0,0.0,0.0,0.0,0.0007185524062663124,0.0,0.0007007026778624279,0.0,0.0,0.0007135733476790119,0.0,0.0,0.0,0.0,0.0,0.000711745612274692,0.0,0.0,0.0,0.0,0.0,0.0009692693527337045,0.0,0.0,0.0,0.0,0.0,0.0010759812258505788,0.0,0.0,0.0,0.0,0.0006932486242602523,0.000704940543441181,0.0,0.0,0.0,0.0,0.0,0.0,0.0,0.001380513320225828,0.0,0.0,0.0,0.0,0.0,0.0,0.0,0.0,0.0,0.0,0.0,0.0007011904473964305,0.0,0.0,0.0,0.0,0.0013845064320686168,0.0,0.0,0.0,0.0,0.0,0.0,0.0,0.0,0.0007064553616325821
200,0.0,0.002248951408554059,0.0014448483453272322,0.0,0.0,0.0,0.0,0.0,0.0006530211507789705,0.0,0.0,0.0,0.13627555183831153,0.000796875156570077,0.0007679704546548462,0.0,0.0,0.0,0.001393212194268215,0.0007323878081263074,0.0,0.000725884387206058,0.014899045282944091,0.0,0.0,0.001422857527582961,0.0014353641495686192,0.000696094528553577,0.002205890309576014,0.0013999447033167711,0.0007269576230114147,0.0,0.0,0.0015217372967731087,0.0,0.0,0.0,0.0007253528445652086,0.0,0.0,0.0007136450249410748,0.0,0.0,0.0007176975113485095,0.0,0.0,0.0,0.0,0.0,0.0,0.0,0.0,0.0007052378833680992,0.0,0.0,0.0,0.0,0.0,0.0,0.0,0.0,0.0,0.0,0.0,0.0,0.0,0.0,0.0,0.0,0.0,0.0,0.0,0.0007385334339594185,0.0,0.0,0.0,0.0,0.0,0.0,0.0,0.0,0.0,0.0007409355760426414,0.0,0.0,0.0,0.0,0.0,0.0,0.0,0.001354764903609101,0.0007096637455066638,0.0,0.0007124135924800284,0.0,0.0,0.0,0.0,0.0,0.0,0.0,0.0,0.0,0.0,0.0,0.0,0.0,0.0,0.0,0.0,0.0,0.0,0.0,0.0007030798898179688,0.0,0.0,0.0,0.0,0.0,0.0,0.0,0.0,0.0,0.0,0.0,0.0,0.0,0.0,0.0,0.0,0.0007448652016031435,0.000493991428632229,0.0,0.0,0.0,0.0,0.0004611476101714648,0.0,0.0,0.0,0.0,0.0,0.0002066740636968338,0.0,0.0,0.0,0.0,0.0,0.0,0.0,0.0,0.0,0.0,0.0,0.0,0.0,0.0,0.0,0.0,0.0,0.0,0.0,0.0,0.0,0.0,0.0,0.0,0.0006983357590080397,0.0,0.0007136450249410748,0.0,0.0,0.0,0.0,0.006270442476854133,0.0006252271476031362,0.49896874374933975,0.0,0.0004611476101714648,0.0,0.0033240905939381387,0.0007027724481244819,0.0,0.0,0.0,0.0,0.10468098881414092,0.0,0.0,0.001313221652762645,0.0,0.0,0.006175921781440529,0.0,0.0,0.0,0.0013330470255935912,0.0,0.005971133444717551,0.0,0.0,0.0,0.0,0.0007212653331873884,0.0,0.0,0.0,0.0,0.0007314098531909673,0.000701628859627933,0.0,0.0007774661129231104,0.0031082422429078585,0.0007005190542983608,0.0,0.0,0.0014513735480097163,0.0007268886212338967,0.0,0.0,0.1375879781977688,0.0,0.0014628517660128738,0.0,0.0,0.0,0.010407685143475003,0.0,0.0,0.016512045915587477,0.0,0.0,0.0,0.0,0.006844053721662987,0.0,0.0,0.0012084387089394202,0.0,0.0009818838848835293,0.0,0.0006927297830632815,0.0,0.0,0.0,0.0,0.0,0.0007542663098944533,0.0,0.0,0.0,0.0,0.0,0.0,0.0,0.0,0.0,0.0,0.0,0.0,0.0,0.0,0.0007115626598488233,0.0,0.0,0.0,0.0,0.0006966564066962005,0.0,0.0,0.0,0.0007357516712042459,0.0,0.0,0.0007312876829914767,0.0,0.0007021666851310797,0.0,0.0,0.0007385334339594185
201,0.0,0.0,0.0017902989288325628,0.0,0.0,0.0005857438989458683,0.0,0.0,0.0,0.0,0.0,0.0,0.0,0.0,0.0023852228352201116,0.0,0.0,0.0,0.0006019416881796977,0.0005929977094335845,0.0,0.0008574522055391747,0.004339579634929105,0.0,0.0,0.0,0.0,0.0,0.001006296941351595,0.0,0.0,0.0026346686718707805,0.0,0.0,0.0,0.0,0.0,0.0,0.0,0.0,0.0,0.001762933647477454,0.0,0.0,0.0,0.0,0.0,0.0,0.0008645453522465821,0.0,0.0,0.0,0.0,0.0,0.0006019416881796977,0.0,0.0,0.0008222374096044104,0.0,0.0,0.0,0.0006136657268209092,0.0,0.0,0.0,0.0,0.0,0.0,0.0,0.0,0.0,0.0,0.0,0.0,0.0,0.0,0.0,0.0,0.0,0.0,0.0,0.0008810753455687849,0.0017177555756503304,0.0,0.0,0.0,0.0,0.0,0.0,0.0,0.0,0.0,0.0,0.0008810753455687849,0.0,0.0,0.0017988511105706453,0.0,0.0006566758480209599,0.0,0.0,0.0,0.0,0.0,0.0,0.0,0.0,0.0,0.0,0.0,0.0,0.0,0.0,0.0,0.0,0.0,0.0,0.0,0.0,0.0,0.0,0.0,0.0,0.0,0.0,0.0008872128383973801,0.0,0.0,0.0,0.0,0.0,0.0006566758480209599,0.0,0.0,0.0,0.0,0.0,0.0,0.0,0.0,0.0,0.000890007653093521,0.0031585185842555865,0.0,0.0,0.0017960912496514797,0.0,0.0,0.0,0.0,0.0009133334764729425,0.0,0.0,0.0,0.0,0.0,0.0,0.0008603491009146993,0.0,0.0,0.0,0.0,0.0,0.0,0.0,0.0,0.0,0.0,0.0,0.0,0.44398817995853307,0.001607483129859954,0.0026181811246845468,0.08901152107177153,0.03266682040367045,0.0,0.0017404294853506429,0.0,0.0,0.0,0.0,0.0,0.0013711315028503636,0.004816522822148031,0.001840822585176946,0.0017725338184532916,0.001408932211939048,0.18626868762698018,0.004751224843247197,0.0,0.0,0.0025926434321080186,0.007933338123602918,0.0,0.0,0.0,0.0,0.0,0.022807794333443657,0.0,0.0008816626280467575,0.0,0.0,0.0,0.0,0.006029691441236191,0.0,0.0,0.06653622684524832,0.0,0.02402206119270614,0.0,0.0,0.0,0.0,0.0,0.007142321993717082,0.003467522830490027,0.0023298148093288274,0.0007415394772001638,0.005189429071245114,0.0,0.0,0.0,0.0,0.0,0.02811473936741877,0.0,0.0,0.0,0.0,0.0,0.0,0.0,0.0009491632570205997,0.0,0.0009088946928351486,0.0,0.0,0.0020445515278402567,0.0,0.0,0.0,0.0,0.0008745615938630642,0.0,0.0,0.0021051671577167396,0.0,0.0,0.0,0.0,0.0,0.0,0.0,0.0,0.0,0.0009275268751316284,0.0,0.0,0.0,0.0,0.0008965648403821313,0.0,0.0,0.0009351162274719744,0.0,0.0,0.0,0.0,0.0,0.0,0.0,0.002380228248155466,0.0,0.0,0.0017698211343082487,0.0,0.0,0.0
202,0.0,0.0015489375301488398,0.0005787414154402861,0.0,0.0005893845409642175,0.0,0.0006755071281589197,0.0,0.0,0.0,0.0,0.0005558226911081799,0.0,0.0,0.0,0.0,0.0,0.0016758820497833201,0.000149955982251896,0.0002323379264423356,0.0,0.0,0.008756867290188047,0.0,0.0,0.0009586124345185614,0.0,0.0,0.0006963157639888287,0.0,0.0,0.0,0.0,0.0,0.0,0.0,0.0,0.0,0.0,0.0,0.0,0.0,0.0,0.0005656414547451893,0.0,0.0005907895944982046,0.0,0.0,0.0,0.0,0.0,0.0,0.0,0.0,0.0,0.0006112819899659989,0.0,0.0005269733517920193,0.0,0.0005994806118693645,0.0,0.0,0.0,0.0,0.0,0.0,0.0,0.0,0.0,0.0,0.0,0.0,0.0,0.0,0.0,0.0,0.0,0.0,0.0,0.0,0.0,0.0,0.0,0.0,0.0,0.0,0.0005922882134103313,0.0,0.0,0.0,0.0,0.0,0.0,0.0007307372579059602,0.0,0.0,0.0005846157660482609,0.0,0.0,0.0,0.00011375894544557001,0.0,0.0,0.0,0.0,0.0005907895944982046,0.0,0.0,0.0,0.00014712710422375342,0.0,0.0,0.0,0.0004765720340433381,0.0005846157660482609,0.0,0.0,0.0006129361940340355,0.0,0.0,0.0,0.0,0.0,0.0,0.0,0.00022751789089114002,0.0,0.0,0.0,0.0,0.0,0.0,0.0,0.0,0.0,0.0,0.0,0.0,0.0,0.0,0.0,0.0,0.0,0.0,0.0,0.0014832472792152564,0.0,0.0,0.0,0.0,0.0,0.0,0.0007856163451167167,0.0,0.0,0.0,0.0,0.0,0.0,0.00011375894544557001,0.0,0.0,0.0,0.0,0.0,0.000519907451513854,0.0,0.0,0.0,0.0,0.0,0.0,0.0,0.0,0.0,0.0,0.0,0.0,0.0005478443257672458,0.0,0.0005805505876064175,0.0,0.0,0.0,0.0,0.0006016272452847645,0.0,0.0,0.0,0.0,0.0,0.0,0.000588415677895287,0.0002323379264423356,0.0,0.0,0.0,0.0,0.0,0.0,0.0,0.0,0.0,0.0,0.0006339241082494048,0.0011883969816796863,0.0005787414154402861,0.41007331226756294,0.0,0.002316156079329369,0.0,0.000423242417410159,0.0,0.0,0.0,0.000376820197428763,0.0,0.3120667424057474,0.018418419390750652,0.005598478925676385,0.0,0.010150563163002325,0.0005738255213476885,0.0005383846700041571,0.17517599602459458,0.0,0.008353642027856583,0.00014712710422375342,0.00016899812988682773,0.0,0.0,0.00047865856285846516,0.0,0.0,0.0,0.0017388830564492267,0.0,0.001154089062286322,0.0,0.0015993643254982508,0.0,0.0,0.0,0.0,0.0009306150831136787,0.0,0.0005746412925437472,0.0032107040635831713,0.00016899812988682773,0.0,0.0011197158734481774,0.0,0.0005008381198222344,0.0,0.0005922882134103313,0.0011200873239819052,0.0010238216542005775,0.0,0.0,0.0003056462892775273,0.0,0.0005846157660482609,0.0012119830527690487,0.000878207343270866,0.0,0.0006016272452847645,0.0,0.00047865856285846516,0.0,0.0005624956464864746,0.0,0.0,0.001092672224144849,0.0005558226911081799,0.0011072187057358292,0.0,0.0005214937380796324,0.0,0.0005656414547451893,0.0011116453822163598
203,0.000295643800348255,0.0002927992756240061,0.000807831411074116,0.00030171761819979914,0.00019636829303376995,0.0005674429237160145,0.0,0.0,0.0002939363604240555,7.541202407606744e-05,0.0,0.0,0.0,0.0,0.0,0.0,0.0002827235106176516,0.00019156500362513374,0.00021463265302098923,0.00046647769335609717,0.0,7.104542499762407e-05,0.01109822291662668,0.0,0.0,0.004676743153796155,0.0007140131094662799,0.0011762784785950414,0.0010887527324285836,0.0,0.0002960684374227366,0.00042170519318179427,0.0,0.0,0.0,0.0,0.0,0.0,0.000566139963783627,0.0,0.0,0.0005817880331746064,0.0,0.0,0.0,0.0,0.0,0.0,0.0,0.0,0.00029839553128816116,0.0,0.0,0.0,7.717347243071446e-05,0.0,0.00022733478817140527,0.0,0.0,0.0,0.000289616288169752,0.0002894354280007737,0.0,0.0,0.0,0.00030242182010711664,0.0,0.0,0.0,0.00022488790378755999,0.0,0.0,0.0,0.0,0.0,0.0,0.0,0.0,0.0002946536252808114,0.0,0.0,0.0,0.0006381482598867616,0.0,0.0,0.0,0.0,0.0,0.0,0.0,0.0002997919975491833,0.0,0.0,0.0,0.0,0.0,0.0008373077587825025,0.00028054749934246513,0.0,0.0,0.0002614701204854414,0.0,0.0,0.0,0.0,0.00020853897949437756,0.0,0.0,0.00028535970933373677,0.0,0.0,0.0,0.0005198741002710989,0.0,0.00030971099364169376,0.0,0.0,0.0,0.0,0.0,0.0,0.0,0.0,0.0,0.0,0.00037007477064660406,0.0,0.00028415330443670245,0.0,0.0,0.0,0.0002977405837668653,0.00022326466040209811,0.0,7.516226563368516e-05,0.00035692000320978345,0.0,0.0,0.0,0.0,0.0,0.0005140572107116667,0.00028294931702064227,0.0,0.0,0.00046205770469037174,0.0,0.0,0.00024218871737399666,0.0,0.0,0.0006087210922717384,0.0,0.0002856496617187149,0.0,0.0,0.0,0.0,0.0,0.0,0.0,0.0,0.0001976764459837272,0.00024571079965171323,0.0,0.0006774997881698148,0.00029928264177609185,0.0,0.000285226040037986,0.0,0.001994729057761037,0.0007461783089168704,0.0005265591371807091,0.0005667315388259392,0.003953319613826612,0.0,0.0005934253895810161,0.0,0.0002450608788571859,0.000295643800348255,0.00024091959988780618,0.0006486064592277557,0.0,0.0,0.0,0.0008423951539643255,0.0002980943960623036,0.0003069030502748358,0.0,0.0011509139007543456,0.0,0.00032796685913372245,0.0006109153328716748,0.0,0.0,0.0,0.000586393925231407,0.0,0.000294085036896141,0.0,0.0,0.00028556854984056553,0.0,0.0,0.0002904143636337606,7.498808880114705e-05,0.00029166285536826904,0.0012610221033060543,0.0019071089493030162,0.003770358425490964,0.0023991525528404226,0.13965553292008376,0.009440406387233168,0.0025413879566874246,0.00024385411874021628,0.010992457847632043,0.041705384931403064,0.004004459856796844,0.00028556854984056553,0.00139275727115709,0.0,0.002399757603796041,0.055423361435343294,0.002410593727029753,0.0,0.0024251368300801006,0.6537165817594033,0.0009055486235072771,0.0001944399487206327,0.0009056243294039148,0.0003595389069724775,0.0002778666553779033,0.0002654894912861946,0.00029394086484221544,0.0011846802877965217,0.0006725288639525184,0.00028175333345103093,7.079212887051217e-05,0.0,0.0008747473101666233,0.00023472291651896647,0.0,0.0,0.0006505630742503902,0.0,0.0,0.0,0.0007191168216373581,0.00030499701159215735,0.0,0.00029205900664792625,0.0,0.000185438314620518,0.00029112790979228455,0.0005015429554699434,0.0002860438358951122,0.0,0.0002962673114715579,0.0,0.001201580189419797,0.0,0.0,0.0,0.0,0.0,0.0,0.0,0.0,0.0,0.0,0.0,0.00015233573806439963,0.0,0.00028605990188802446,0.0,0.0,0.0003536779716439441,0.0,0.0002757029292449669,0.0005051435499671123
204,0.0,0.010202957235478686,0.019545251021856867,0.000434717004237815,0.006996929457887429,0.0,0.0,0.0,0.0,0.0,0.0,0.00044803641527341203,0.0,0.0004310584045994024,0.0008096925323674598,0.0,0.0,0.00010850643964602042,0.00043413211732375075,0.0004330911719848504,0.0,0.0,0.0068073408090887876,0.0008959575464908735,0.0,0.002104535797558359,0.0009824558461504949,0.0006749019308297928,0.00044071324188668697,0.0,0.00040216750162650947,0.0,0.0,0.0,0.0,0.0,0.0,0.0,0.0,0.0,0.0,0.0,0.0,0.0,0.0,0.0004297193693714264,0.0,0.0,0.0,0.0,0.0,0.0,0.00042931510214881674,0.00010850643964602042,0.0,0.0004456304616995944,0.0,0.00010850643964602042,0.0004606400552505756,0.0,0.0,0.0,0.0,0.0,0.0,0.0,0.0,0.0,0.0,0.0,0.0,0.0,0.00010630986964280392,0.0,0.0,0.0,0.0,0.0,0.00033331864555645517,0.0,0.0,0.0,0.0,0.0,0.0,0.0,0.0,0.0,0.0,0.0,0.0,0.00044256340260156687,0.0,0.0007336122800049389,0.0,0.0,0.0001148055588369179,0.0,0.0,0.0,0.0,0.0,0.0,0.00042945691135101005,0.0,0.0,0.0004326276626520638,0.0,0.0,0.0008601898717171968,0.0,0.0,0.0004506445838996507,0.0008873463593680468,0.00043406913943273856,0.0005892847359502709,0.00041648030728731267,0.0,0.0,0.0,0.0,0.0004337263899797536,0.0,0.0,0.0,0.0,0.00043789348376323327,0.0,0.0,0.0,0.0,0.0,0.0,0.0,0.0,0.0004836359138765468,0.0,0.0,0.0,0.0,0.0,0.0,0.0,0.0,0.0,0.0018127768015315658,0.0,0.0,0.0,0.0,0.0,0.0,0.0,0.0,0.0,0.0,0.0,0.0,0.0,0.0,0.0,0.0,0.0,0.0004334448519180994,0.0,0.00046867895049017765,0.0,0.0,0.0008588680030296733,0.0,0.0001148055588369179,0.00043400624269579826,0.0,0.00044630614463500026,0.0011112307373284899,0.0,0.00041922960064613626,0.0,0.0,0.0,0.0,0.00031893436205948183,0.0,0.0,0.00043741050128755726,0.0,0.0,0.0,0.0,0.000349059376542433,0.0,0.0009025102516607542,0.0003299072846070203,0.0,0.0,0.0,0.0,0.0,0.0008763014414767098,0.0,0.00044914178854935566,0.0,0.0018613473420648163,0.0,0.0,0.00043336597667750407,0.0454065052861792,0.0037335606645187694,0.00043078311939100686,0.0008515601603435641,0.0008767616161291506,0.0008905970159112283,0.0,0.0,0.019341451237998027,0.007810577798399276,0.00044733999237066627,0.2823934460809402,0.00037289203647117606,0.44803815823524823,0.0,0.0017032127238329445,0.001425054883326198,0.0,0.002151474474801477,0.0,0.002987281431516555,0.0007687920902930062,0.03667877416681677,0.0,0.0,0.0005344601697689391,0.0004368263942015651,0.0004436500446029805,0.0007671999465903767,0.004327324717032054,0.0,0.002034817714647049,0.00044013990878715136,0.002606620952396059,0.0009115884972759678,0.0017632583381185008,0.000796692235116499,0.0,0.0008572048334139416,0.0017194271911340358,0.0,0.006993754261987651,0.0025897935584224055,0.0,0.0,0.0,0.0004222308579726438,0.00042153365242213333,0.0006343247593280513,0.0,0.0,0.0034066368336018527,0.0,0.0005452213276309663,0.0,0.0,0.006950119265376711,0.0008249737064918617,0.0,0.0016166944464313326,0.0011978505357486224,0.0014893442968118623,0.0,0.0,0.0,0.0,0.0006642806017267243,0.005753392134170394,0.010212432329134819,0.0,0.0013250868072487122,0.003054860204229003,0.0,0.004171983789684088
205,0.0,0.0005116981235792973,0.0014593194231039997,0.0,0.0,0.0,0.0,0.0,0.0,0.0,0.0,0.0,0.0005083712754928146,0.0,0.0005036658122964582,0.0,0.0,0.0005046345981788268,0.0,0.0,0.0,0.0,0.007032466137536297,0.0,0.000527451794919448,0.0040135445330389385,0.0010127752885833038,0.0010578559751620068,0.0006125763583595854,0.0,0.0004819157090458178,0.0,0.0,0.0,0.0,0.0,0.0,0.0,0.0,0.0,0.0,0.0005037697908674882,0.0,0.0,0.0,0.0005182131140040558,0.0,0.0,0.0,0.0,0.0,0.0,0.0,0.0,0.0004933632655728864,0.0,0.0,0.0002856683549676702,0.0,0.0,0.0003016392308000571,0.0,0.0,0.0,0.0,0.0,0.0,0.0,0.0,0.0,0.0,0.0,0.0,0.0,0.0,0.0,0.00045664783077714605,0.0,0.0,0.0,0.0,0.0,0.0010592084506155473,0.0,0.0,0.0008512308865611943,0.0,0.0,0.0,0.0,0.0,0.0005062845938844275,0.0,0.0,0.0,0.0,0.0018741337927514817,0.0,0.0004837658355740918,0.0,0.0,0.0,0.0004664483044553621,0.0,0.0,0.0,0.0,0.0,0.0,0.000539999736872701,0.0,0.0,0.0,0.0,0.0,0.0005012867121745926,0.0,0.0,0.0,0.0,0.0,0.0,0.0,0.0,0.0,0.0004926907576659351,0.0,0.0012471475824985072,0.0,0.0,0.0,0.0,0.0,0.0,0.0014955043536745653,0.0,0.0,0.0005108264678270036,0.0,0.0,0.0,0.0,0.0007674221801202566,0.0,0.0,0.0015164273881894058,0.0,0.0,0.0,0.0,0.0,0.0,0.0,0.0,0.0,0.0,0.0,0.0,0.0,0.00038046184909434845,0.0,0.0,0.0,0.0,0.0,0.00200502225085406,0.0,0.0,0.000516234803817578,0.0,0.09531590296204452,0.0,0.0023356950211491445,0.000513688615449685,0.01089711852825811,0.0,0.0,0.0,0.0,0.002460778213995222,0.0,0.0005355202738882207,0.0004533488782654642,0.0015251863117896965,0.000479741349530477,0.000509371905932481,0.0,0.00386106130076601,0.0832524314946284,0.0,0.0005142022513168582,0.016116849632926002,0.0014553189196279848,0.0,0.0004910222582012129,0.0,0.0,0.0010197152987690124,0.0005110384543284505,0.0,0.0,0.0015033473594518521,0.0,0.0020321979580813806,0.0,0.0,0.0,0.0004791416493217855,0.0020210899210770807,0.0014054749765643956,0.027449868691222828,0.001024511085334086,0.0005124625605755005,0.0024809555412527054,0.0,0.0011839231106459242,0.01155692143557209,0.002361658115886979,0.0,0.0008418195977571423,0.0010556216073115314,0.0004889374946443692,0.0014780101687623332,0.03863186818982433,0.0007505306419492688,0.1366308938578342,0.5003598757748253,0.0,0.0,0.0,0.0,0.0,0.0,0.0,0.0,0.0005379613585343794,0.0,0.0,0.0,0.0010102299787304867,0.0,0.0,0.0005005099173082382,0.0,0.0010072414231844429,0.0,0.0,0.0005075531004866983,0.0,0.0,0.0,0.0,0.0,0.0,0.0,0.0,0.0,0.0,0.0,0.0,0.0,0.0,0.000482776409412071,0.0,0.0,0.0005142510381214325,0.0,0.0,0.0,0.0,0.0,0.0,0.00043740989555593506,0.0010149217759128297,0.0004687683255682172,0.0,0.0,0.0,0.0,0.0010216028055061227
206,0.0,0.012430903142341708,0.29949328518702417,0.0005448765791684896,0.281212964949598,0.0,0.0,0.0,0.0006026213417192824,0.0,0.0,0.0,0.0,0.00531630403710509,0.0021535409499280128,0.0,0.0,0.0005506789197402743,0.0,0.0005322310239131012,0.0,0.0010023559670025428,0.006008338998766656,0.0,0.0,0.0,0.0006982508912060189,0.00042907145487376615,0.0004977633392329147,0.00013938321200747538,0.0,0.0,0.0,0.0,0.0,0.0014175589955187746,0.0,0.0,0.0,0.0,0.0,0.0005054166319033432,0.0,0.0,0.0,0.0,0.0,0.0,0.0,0.0,0.0,0.0,0.0,0.0,0.0004849754852757606,0.0,0.0,0.0004970149010527428,0.0005259755061225309,0.0,0.0,0.0,0.0,0.0,0.0,0.0,0.0,0.0,0.0,0.0,0.0,0.0,0.0,0.0,0.0004977633392329147,0.0,0.0,0.0,0.0,0.0,0.0,0.0,0.0,0.0,0.0,0.00043188460450350666,0.0010293709574379633,0.0,0.0,0.0,0.0,0.0,0.0,0.0005346624529182207,0.0004843931207596436,0.0,0.0010088228931809978,0.0,0.0,0.0,0.000547613968678387,0.0,0.0005096911281296756,0.0,0.0,0.0,0.0,0.0,0.0,0.0,0.0,0.0,0.0,0.000519504847806484,0.00048404479333274725,0.0,0.0,0.0,0.0,0.0,0.0,0.0,0.0005383995384284835,0.0,0.00013938321200747538,0.0005183473394937471,0.00044021663208870777,0.0,0.0,0.0,0.0,0.0,0.0,0.0,0.0,0.0,0.0,0.0,0.0,0.0,0.0,0.0,0.0,0.0,0.0,0.00043131964073199724,0.0,0.0,0.00048543811203705057,0.0,0.0,0.0,0.0,0.0,0.0,0.0,0.0,0.0,0.0,0.0,0.0,0.0,0.0,0.0,0.0,0.0005645777192176983,0.0,0.0,0.0,0.0,0.0,0.0,0.0,0.0,0.0010576866407863014,0.0,0.0,0.0,0.0,0.0,0.0,0.0,0.0,0.0,0.0,0.0,0.0,0.0,0.0,0.0,0.0,0.0005011779835012714,0.0005575328480299015,0.0,0.0,0.0,0.0,0.0,0.0,0.0005183473394937471,0.0,0.0,0.0005383995384284835,0.0,0.035304986791307,0.0005054166319033432,0.0,0.0006772793114039625,0.0,0.0016279246813275647,0.0,0.0005190020485655739,0.00044021663208870777,0.0004885462627892425,0.0,0.0,0.0,0.01511392925301558,0.0,0.15686574206097678,0.0,0.0,0.00013308078611769155,0.0,0.0,0.0,0.0004641504580904864,0.0005343917577264827,0.003407681143542221,0.0,0.0,0.001467774657234066,0.0,0.0005190020485655739,0.00014908633746727072,0.0019207051967547598,0.0,0.0004457453638294787,0.0,0.0010518567061930464,0.0,0.0,0.00014029705940234917,0.0,0.0005430358923055485,0.0005184731450303426,0.00046781042426605494,0.0047558608511779985,0.021440183126103723,0.0,0.0,0.0,0.0,0.0006666014005653533,0.0016895149421388056,0.0,0.0,0.003467921121497443,0.0005500565844969024,0.0001320844843672383,0.0,0.0,0.008717624962938554,0.0004970149010527428,0.0004969748822876822,0.0004969748822876822,0.005666560349238564,0.003909439983466883,0.0004819730574287278,0.0,0.00044222229626211107,0.0,0.0020918423812892922,0.00574570588583905,0.005081539676908797,0.0,0.0,0.08298167941702321,0.0,0.0
207,0.0,0.002511495441488228,0.004285669077466704,0.0,0.0008447878113957648,0.0,0.0,0.0,0.0008375636877995191,0.0,0.0,0.0,0.0,0.0,0.0,0.00042965136933183836,0.00042291073764649535,0.0008355468453741063,0.0,0.0006905436146024663,0.0008180147945528729,0.0,0.013916473184083676,0.0,0.0,0.0032466875697009603,0.0023729495397996608,0.0008185421529681935,0.0014564407921259105,0.0,0.0,0.0,0.0,0.0,0.0,0.0,0.0,0.0,0.0003155677646354165,0.0,0.0,0.0,0.0004292205001400823,0.0,0.0,0.0,0.0,0.0,0.0,0.0012679108062857926,0.0,0.0,0.0,0.0,0.0007320635292187532,0.0,0.0,0.0,0.0,0.0,0.0,0.00041087953156372653,0.0,0.0,0.0,0.0,0.0,0.0,0.0,0.0,0.0,0.0,0.0,0.0,0.0,0.0,0.0004369851091312679,0.0,0.00042325487564181825,0.0,0.0,0.0,0.00010160084899184382,0.0,0.0002984946211900744,0.0,0.0,0.0012205917552149427,0.0,0.0,0.0,0.0004361405780170291,0.00043474474960083495,0.0,0.0,0.00042930119111158455,0.0012789502729993623,0.0,0.0007216688392457665,0.0,0.0,0.0,0.0,0.0,0.0,0.000884539802506495,0.0,0.0,0.0,0.0,0.0,0.0003909667229029473,0.000315238859398993,0.0005327864469137062,0.00030814964842181897,0.0,0.0,0.0,0.0,0.0,0.0,0.0,0.000214144831738834,0.0,0.0,0.0011921265483998535,0.00042017268816557543,0.0,0.0,0.0,0.0,0.0,0.0,0.0,0.0,0.00030418613183741654,0.0,0.0,0.0,0.0,0.0008213617652750827,0.0,0.0,0.0,0.0,0.0007713711350848579,0.0,0.0001068944997741557,0.0,0.0,0.0,0.0,0.0,0.0,0.0,0.0,0.00010404705563337464,0.0003144227939924904,0.0,0.0,0.0,0.0,0.0,0.0,0.0,0.0,0.0,0.0,0.0,0.0,0.00010404705563337464,0.0004124414973016345,0.00044742867430847964,0.0,0.0027514738365966313,0.0,0.0,0.0,0.0,0.0,0.0,0.0,0.0,0.0,0.0,0.00039878611550746843,0.0,0.0,0.0,0.0,0.0,0.00044009945520289307,0.0005782443308406507,0.00039878611550746843,0.00031233722717201995,0.0,0.0,0.0,0.0,0.0008589921281578257,0.0,0.0,0.31133475415441375,0.002677192381952986,0.0022918249254285723,0.0006637220611877973,0.00031068710609699233,0.0,0.00031045430111721,0.012453946299135715,0.0004362374628384463,0.016618874105639257,0.0007680685793692501,0.0016783837575287028,0.0019541908424345104,0.006629793054522465,0.002040044072304664,0.2763816121262204,0.18313688062929714,0.010288713592772742,0.00042325487564181825,0.01932552215143797,0.003013061923144429,0.000527279413620166,0.040810678370448286,0.0013874454580906884,0.016692358003942642,0.0,0.0,0.0,0.0,0.0004032305747702798,0.00041714140814137415,0.0,0.0011287930456924,0.0024033139892736103,0.0004145305187421441,0.0007568973552473516,0.0006312150410658272,0.0020237747503791745,0.0006136831214138651,0.0006231414677499146,0.0004124414973016345,0.0,0.00042636002256400164,0.0,0.0,0.0023306376058469264,0.0,0.0,0.0,0.0006242386811562182,0.0,0.0,0.0012258583619026147,0.000404667752031227,0.0004053797181950303,0.0027321281233243988,0.0,0.00043546564055180355,0.0,0.0,0.0014463521981662969,0.0007803110890271402,0.0,0.0009367534390742065,0.0010694618479677503,0.000107072415869417,0.0009387579351553734,0.0,0.000291772315931659,0.0012320054941219725,0.00042300961750092974,0.0007543976191893415,0.001334601941488295,0.0,0.002304195850702073,0.0005144727393138924,0.00045286103145378,0.001038399183502554
208,0.0,0.0,0.0,0.0,0.0,0.0,0.0,0.0,0.0,0.0,0.0,0.0010993721954905694,0.001286851343519394,0.0,0.0003295599675492502,0.0,0.0,0.0,0.0,0.0012698333777657008,0.0,0.0004188600238543236,0.015400779953580239,0.0,0.0,0.004947315176909916,0.0,0.0,0.00264980346316221,0.0012961268508175422,0.0,0.0,0.0,0.0,0.0,0.0,0.0,0.0,0.0013536299001651372,0.0,0.0,0.0008375934705185513,0.0,0.0,0.0,0.0,0.0,0.0,0.0,0.0,0.0,0.0,0.0,0.0,0.0012235630105050898,0.0,0.0,0.0,0.0,0.0,0.0013299537160976667,0.0,0.0,0.0,0.0,0.0,0.0,0.0,0.0,0.0,0.0009013618311038757,0.0,0.0,0.0,0.0,0.0,0.0011453356459272203,0.0,0.0,0.0,0.0,0.0026051313940657047,0.0,0.0,0.0,0.0,0.0,0.0,0.0,0.0,0.0,0.0011371417721682737,0.0,0.0,0.0,0.0,0.0015528634835368187,0.0,0.0009619315945542166,0.001248204217614872,0.0,0.0,0.0,0.0,0.001254771425110045,0.0,0.0,0.0008969288517630898,0.0,0.0,0.0,0.0,0.0,0.0008947226594929091,0.0,0.0015612145541785269,0.0,0.0,0.0,0.0,0.0,0.0,0.0,0.0,0.0,0.0021750251006523932,0.0,0.0,0.0,0.0,0.0,0.0,0.0,0.0,0.0012521365113026994,0.0,0.0,0.0,0.0,0.0,0.0,0.0,0.0,0.0,0.0,0.0,0.0,0.0,0.0012344408732420497,0.0,0.0,0.0,0.0,0.0,0.0,0.0,0.0,0.0,0.0,0.0,0.0,0.0012647465296610227,0.0,0.0,0.0,0.0,0.0,0.0,0.0,0.0,0.018651383972713566,0.0012890444901039549,0.0012535313237886367,0.004330509276463994,0.007082417299289538,0.0,0.018584174755247547,0.0,0.0,0.0009079951215162923,0.001308313536819182,0.0012151626649631471,0.001119875817965164,0.0,0.0,0.0,0.002613289406262937,0.0011590962618180508,0.0025988444746638524,0.0,0.0,0.0012681054634651762,0.006198026366781286,0.0,0.0,0.0,0.0,0.0,0.10106438732963845,0.0,0.004872163100637167,0.11991339375802862,0.0,0.005344679507484421,0.0,0.0,0.0,0.0,0.0,0.0023423187911728385,0.03795324471726353,0.002067344855452042,0.07969642601301699,0.0033787210110559243,0.0,0.0,0.17703897797031415,0.0,0.0012795032333741642,0.0004188600238543236,0.1603595325557041,0.0,0.009359540399414489,0.0,0.0,0.003709196172419286,0.12962608732759745,0.001180136065095933,0.0,0.0008834615653871007,0.0,0.0,0.0,0.0,0.0,0.003836222291884482,0.0,0.0,0.0012208161226157622,0.005757530212833,0.0011362420584371583,0.0,0.0011755050941229105,0.0012691994526232682,0.0,0.0,0.0,0.002308083492911789,0.0,0.0,0.0,0.0,0.0,0.001224522874314574,0.0009425514989028579,0.0,0.0,0.002458573196676871,0.0,0.0,0.0,0.0,0.001237931082105368,0.0,0.0,0.0,0.0,0.0,0.01109324479546141,0.0,0.0,0.0,0.0012878981049851358,0.0,0.0,0.0,0.0,0.0,0.0,0.0014547361990428992
209,0.0,0.0007529898426704363,0.0033500898183892393,0.0,0.0006362513547886238,0.0,0.001222076875132814,0.0,0.000631141860224632,0.0,0.0,0.0,0.0,0.0,0.0021542688882523176,0.0,0.0,0.0006062078289369229,0.0,0.00076004118407987,0.0,0.0006766495357889449,0.009622814749806642,0.0,0.0,0.0017223503888734411,0.0018640929004271,0.0015993408530172743,0.00016864169044862785,0.0004060597473735021,0.0,0.0,0.0,0.0,0.0,0.0,0.0,0.0,0.0013193104059759267,0.0,0.0,0.0,0.0,0.0,0.0,0.0006278162231570322,0.0,0.0,0.0,0.0,0.0,0.0,0.0,0.0,0.0003416155870833397,0.0,0.0,0.0,0.0,0.0,0.0,0.0,0.0,0.0,0.0,0.0005988134198752712,0.0,0.0,0.0,0.001211566936962017,0.0,0.0,0.0,0.0,0.00029067467354935,0.0,0.0006480730620035002,0.0,0.0006022323151242063,0.0,0.0,0.0,0.0,0.0,0.0006177188167947198,0.0,0.0,0.0,0.0,0.0,0.0,0.0006023140459625731,0.0,0.0,0.0,0.0,0.0006169087782819581,0.0,0.0011448248136607159,0.0,0.0,0.0,0.0,0.00064375511770001,0.00038713221315011105,0.0,0.0,0.0013011916742792858,0.0,0.0,0.0,0.0,0.0,0.0014952354918703079,0.0006228799744267112,0.0,0.0,0.0,0.0,0.0,0.0,0.0,0.0,0.0,0.0,0.0013526804867577946,0.0006007241944621498,0.0017806360892781944,0.0,0.0005777951559146963,0.0,0.0,0.0,0.0,0.0,0.0006661611423669548,0.0,0.0,0.0,0.0,0.0,0.0,0.0,0.0,0.0,0.00040774308620667306,0.0,0.0,0.0,0.0,0.0,0.0005662116971217789,0.0,0.0,0.0,0.0,0.0,0.0,0.0006214062436483453,0.0,0.0,0.0,0.0006245071805210507,0.0,0.0,0.0,0.0,0.0,0.0,0.0,0.0031752870916837987,0.0005971013784102291,0.00047100995732971164,0.0,0.007969638947492213,0.0,0.0016699425800919287,0.0,0.0,0.0,0.0,0.0,0.0,0.0,0.0,0.0006025615674035152,0.0005662116971217789,0.0,0.0,0.0,0.0006377130069044005,0.0011833880312501312,0.0001545420944842566,0.0,0.0004974114578124063,0.0,0.0,0.0,0.0005326405737924284,0.0,0.0006278162231570322,0.0,0.0012403647892356125,0.004322066733701858,0.0005313923560819503,0.0024034916863699034,0.0,0.023585601731366587,0.0005185357379709134,0.0,0.0006298707782289943,0.059406733128486426,0.000468918146335813,0.05549604979413703,0.0,0.0007895916933068142,0.006236233099890489,0.03021005315881801,0.24589987941595626,0.003930392967668158,0.0004127987227540943,0.037606451549223964,0.0018311977766614432,0.0024375238800833543,0.0012136125572456827,0.004170142233234133,0.41811921529844837,0.0,0.00044623963996269923,0.0,0.0,0.0,0.000563219365470116,0.0005932756161089375,0.0011013402210240002,0.0017977332214176571,0.0,0.0,0.0006235892744517804,0.0005522549892637799,0.00016622040568160787,0.0007183872909155249,0.0,0.0,0.0,0.0,0.0004573287793626681,0.0032479624596527686,0.0016132707725926853,0.0012567218952967505,0.0,0.0005833461312931487,0.0006086033934019657,0.0,0.0,0.0,0.0,0.0006192106867051175,0.0,0.00015879557254510018,0.0004848880080729606,0.0,0.0005933534683513757,0.0018717002872592754,0.0006569958732510801,0.0018650656206670127,0.0,0.0015972093466997978,0.0,0.0009190570990253947,0.0,0.0,0.0,0.003383563153360583,0.003653344651177613,0.0,0.00047100995732971164,0.0,0.0,0.002807984633174011
210,0.0,0.0,0.0,0.0,0.0,0.0006622745063310088,0.0,0.0,0.0006118186928347752,0.0,0.0,0.0,0.0005141677992268542,0.0,0.0,0.0,0.0,0.0,0.0,0.0006296341159213194,0.0,0.0006186820722060449,0.0027783248865751635,0.0,0.0,0.0029296589179817396,0.0006452622161913128,0.0006001321154931425,0.0006116838116420523,0.0,0.0,0.0,0.0,0.0,0.00047787373583571275,0.0,0.0,0.0,0.00015870172083183037,0.0,0.0,0.0005652394731113389,0.0,0.0,0.0,0.0,0.0,0.0,0.0,0.0006181737699096243,0.0,0.0,0.0,0.0,0.0,0.0,0.0,0.0,0.0,0.0,0.0,0.0,0.0,0.0006436162835695839,0.0,0.0,0.0,0.0,0.0,0.0,0.0,0.0,0.0,0.0,0.0,0.0,0.0005509130963600488,0.0,0.0,0.0,0.0012895969107142116,0.0,0.0010723582774179474,0.0,0.0,0.0,0.0,0.0,0.0006178338914162558,0.0,0.0,0.0,0.0,0.0,0.0,0.0,0.0006049883923151727,0.0,0.0,0.0,0.0,0.0,0.0,0.0,0.0,0.0,0.0006282328596957444,0.000572701805767722,0.0,0.0,0.0,0.0,0.00015501019365853658,0.0,0.0,0.0,0.0,0.0006185331274948417,0.0,0.0,0.00047668548275446045,0.0,0.0,0.0,0.0,0.0,0.0,0.0,0.0,0.0,0.0,0.0004913929101444792,0.0,0.0,0.00046550567560844154,0.0,0.0,0.0,0.0,0.0,0.0,0.0009139655253298469,0.0001440683380943106,0.0,0.0,0.0,0.0,0.0,0.0,0.0,0.0,0.0,0.0005978062990007513,0.0,0.0,0.0,0.0,0.0,0.0,0.0,0.0,0.0,0.0,0.0006242329468869851,0.0,0.0,0.0,0.0006920345146013091,0.0,0.0,0.18297466899126288,0.0,0.0,0.0,0.008169348319495364,0.0,0.0,0.0,0.0,0.0,0.0,0.0004097842002660714,0.000630415421525142,0.0006259882190380995,0.0,0.0010146768820510387,0.0,0.0029831513945136,0.0013491913892669685,0.0,0.000630415421525142,0.0012921817459083241,0.0011319573305164597,0.0,0.0,0.0,0.0,0.0006041866123127989,0.00015501019365853658,0.0,0.0,0.0301451724167998,0.0,0.00601761532138373,0.0,0.039481077235729516,0.0,0.0,0.020986663017879242,0.000625443079227845,0.0,0.0024202328548354477,0.001244807590659565,0.0,0.0,0.0010176742523369767,0.42506274408956907,0.001347196316041854,0.000601925642316696,0.0017154097961646039,0.0004097842002660714,0.00045459220740867555,0.00044303722015469723,0.0017224498028779965,0.0,0.003301954442524024,0.22643940904833335,0.0,0.0,0.0,0.0,0.0,0.0,0.0,0.000563634408943147,0.001251976438076199,0.0,0.0,0.0,0.000583521659696002,0.0006008859720606589,0.0,0.0,0.0,0.0,0.0,0.0,0.000439721662115758,0.0,0.0006299628582638605,0.0,0.0,0.0,0.0,0.0,0.0,0.0,0.0,0.0006421187232338965,0.0,0.0,0.0,0.0030954013187677334,0.0,0.000565418835161078,0.0,0.0,0.0,0.0,0.0,0.0,0.001204782188170795,0.0,0.0014333069147385955,0.0,0.0,0.0,0.0,0.0,0.0
211,0.0,0.0,0.0,0.0006229171716017464,0.0,0.0,0.0,0.0,0.0005730028398299817,0.0,0.0,0.0,0.000391067370175497,0.0,0.0005524703747053064,0.0,0.0,0.0003026723559136372,0.0005678685416594683,0.0,0.0,0.0,0.013842684547412486,0.0,0.0005445353761961764,0.001136782634620457,0.0005242887168350221,0.0,0.002726897320077749,0.001576487143885348,0.0,0.0,0.0,0.00039370717910063274,0.0,0.0,0.0,0.0,0.00014139519830942777,0.0,0.0,0.0,0.0,0.0,0.0,0.0,0.0,0.0,0.0,0.00039370717910063274,0.0,0.0003965598685980442,0.0,0.0,0.0,0.0,0.0,0.0,0.0,0.0,0.0,0.0,0.0,0.0,0.0,0.0,0.0,0.0,0.0,0.0,0.0,0.00037691541455569513,0.0,0.0,0.0,0.0,0.0,0.0,0.0005631868908520731,0.0,0.0,0.0,0.0,0.0,0.0,0.0,0.0,0.0,0.00040284551429343427,0.0,0.0005543299202923867,0.0008154597264147043,0.0,0.0,0.0,0.0,0.0013678987596580472,0.0,0.0,0.0,0.0,0.0,0.0,0.0,0.0014445396046993018,0.0,0.0,0.0,0.0,0.0,0.0,0.0,0.0,0.0005389104473461631,0.0,0.0,0.0,0.0,0.0,0.0,0.0,0.0,0.0,0.0,0.0,0.0005497760458146874,0.0,0.0,0.0,0.0,0.0,0.00038105384349728153,0.0,0.0,0.0005490218486937777,0.0,0.0,0.0,0.0,0.0,0.0,0.0,0.0009714064543747848,0.0,0.00029509467345174644,0.0008616915004257393,0.0,0.0,0.0,0.0,0.0,0.0,0.0,0.0,0.0,0.0,0.0,0.0,0.0,0.00039162672505982913,0.0,0.0,0.0,0.0005694594305243123,0.0,0.0,0.0,0.00045038502796257917,0.0005553222038632734,0.0,0.003526543183721211,0.0003965598685980442,0.0017189762050801051,0.0005708550154622649,0.003347758591958153,0.0,0.0,0.0,0.00041766282731015583,0.0,0.0,0.0005599547066453614,0.0011237059967374146,0.0,0.0,0.000580141732484997,0.0016134105891781225,0.0005658999746230049,0.0,0.0,0.0,0.0003846450716408875,0.0005698848048396184,0.0009380641218409377,0.00048601642538127407,0.0005611239046715539,0.0,0.0,0.0003917206806125468,0.0,0.0004139153503866115,0.0,0.0019281170278921868,0.3437185330535594,0.000573165177351873,0.0036532931971687554,0.0025664077459117076,0.03055011531778525,0.0004688010438136777,0.05801266494053089,0.0013555470689452405,0.0,0.002210878700795982,0.0033460562218638693,0.0011566233156518418,0.010099116630849305,0.004183243213196266,0.011138075886045887,0.005636070927977852,0.0013161506083324203,0.0005466449066850979,0.0017807343464539462,0.005126540456338224,0.0017578634250175636,0.0025878030526794026,0.0005579830029314599,0.4343899939018149,0.0,0.0,0.0007538308291113903,0.0,0.0,0.0005234607473860959,0.0,0.0005468757496933243,0.0005759757494893314,0.0,0.0008838436150807378,0.0,0.001595349559554889,0.0004111213299452505,0.00039675850731359276,0.0003265795029357883,0.0,0.0,0.0005665280538849067,0.0,0.0025670142246780273,0.0,0.0003791833905492459,0.0,0.0,0.0,0.00014754733672587322,0.00013473469685650947,0.0,0.0,0.0005374633244337001,0.0,0.0,0.0,0.0,0.00038717680490133296,0.0,0.0,0.0005809815596493424,0.0,0.0,0.0,0.0,0.0006665124178829955,0.00040096906672120445,0.0,0.001622986802228693,0.0,0.0,0.0005721107111957085,0.0,0.0,0.002269765949215505
212,0.0,0.0,0.0,0.0,0.0011687556418725046,0.0,0.0,0.0,0.002240387340706612,0.0,0.0,0.0,0.0010658630609962235,0.0,0.0021996382657785466,0.0,0.0,0.0,0.0,0.0,0.0,0.0,0.005339390554717078,0.0,0.0,0.0009797979167003553,0.0,0.0,0.0032127633256642646,0.0,0.0,0.0,0.0,0.0,0.0,0.0,0.0,0.0,0.0011361208494987088,0.0,0.0,0.0,0.0,0.0,0.0,0.0010658498519447658,0.0,0.0,0.0,0.0,0.0,0.0,0.0,0.0,0.0,0.0,0.0,0.0,0.0,0.0,0.0010827433219078625,0.0,0.0,0.0,0.001059427140526013,0.0,0.0,0.0,0.0,0.0,0.0,0.0,0.0,0.0,0.0,0.0,0.0,0.0,0.0007070241558084534,0.0,0.0,0.0,0.0,0.0,0.0,0.0,0.0,0.0,0.0,0.0,0.0,0.0,0.0,0.0,0.0,0.0,0.001167540962041688,0.0,0.0,0.0,0.0,0.0,0.0,0.0,0.0,0.0,0.0,0.0,0.0,0.0,0.0,0.0,0.0,0.0,0.0,0.0,0.0,0.0,0.0,0.0,0.001051306287207392,0.0,0.0,0.0,0.001076736454618441,0.0,0.0,0.0,0.0,0.0,0.0,0.0011104892315738748,0.0,0.0,0.0,0.0,0.0,0.0,0.0002750750362149507,0.0,0.0,0.0010649570974684,0.0,0.0,0.0,0.0021699930124400297,0.0,0.0,0.0,0.0,0.001051306287207392,0.0,0.001097921966607505,0.0,0.0,0.0,0.0,0.0,0.0,0.0,0.0,0.0,0.0,0.0,0.0,0.0010628275977648202,0.0,0.0,0.0,0.0,0.0010933988989930753,0.0,0.0,0.0,0.006377971038276506,0.0,0.004115412149012367,0.0,0.0,0.0022076728991621795,0.0009733456560039036,0.0,0.0,0.0,0.0,0.0,0.003248813577136828,0.0,0.0,0.0,0.0,0.0,0.0021499375132824606,0.0,0.0,0.0,0.0,0.0,0.0010593536599068781,0.0,0.0038374509590251788,0.0017664512963344663,0.0,0.028737188878167452,0.0,0.0010827433219078625,0.0,0.0007624886968765418,0.10244540323564126,0.0010406755616333533,0.0019452844223719983,0.003274931348213988,0.0,0.0028720480741438264,0.0,0.005786265948063168,0.038132089772480726,0.007795367927823577,0.0010818487246272504,0.0017951391849173686,0.19127734074513317,0.0,0.42059024057184363,0.0,0.0,0.004217268666626287,0.04690323925022227,0.0,0.0,0.05965324451911932,0.0,0.0,0.0,0.0,0.002223218350341405,0.0010929697186507947,0.0,0.0,0.0,0.003216193138651269,0.0,0.0,0.0,0.0009542826916556473,0.0,0.0,0.0,0.0025149509152898623,0.0,0.0,0.0,0.0,0.0,0.0,0.00635054202823051,0.0,0.0,0.0007070241558084534,0.0,0.0,0.0,0.0,0.0011495430213023352,0.0,0.0,0.0,0.0,0.0,0.0,0.0,0.0,0.0,0.0,0.0021233169833309285,0.0,0.0,0.0,0.0,0.0,0.001059427140526013
213,0.0006214081451285041,0.00045292537420505596,0.0,0.0,0.0,0.0,0.0006482491073642445,0.0,0.0006340568198226076,0.0,0.0,0.0,0.0,0.0,0.000590762964507921,0.0,0.0,0.0006244407576887024,0.0,0.0,0.0,0.0,0.0030894737874796437,0.0,0.0,0.0019004247339697836,0.0,0.0,0.0032537576879818147,0.0,0.0009813371020847472,0.0,0.0,0.0,0.0,0.0,0.0,0.0,0.0,0.0,0.0,0.0,0.0,0.0006249488945499227,0.0,0.0,0.0,0.0,0.0012432711675992314,0.0,0.001008928487921849,0.0,0.0,0.0,0.0,0.0,0.0,0.0,0.0,0.0012184531013594208,0.0,0.0,0.0,0.0,0.0,0.0004893766277181503,0.0006390145837145171,0.0,0.0,0.0,0.0,0.0,0.0,0.0,0.0,0.0,0.0,0.0,0.0,0.0,0.0,0.0,0.0,0.0,0.0,0.0,0.0,0.0011633006304949064,0.0,0.0,0.0,0.0,0.0,0.0,0.0,0.0,0.0,0.0,0.0,0.0,0.0,0.0,0.0,0.0,0.0,0.003637411517667046,0.0,0.0,0.000652599491786902,0.0,0.0,0.0,0.0,0.0,0.0,0.0006340568198226076,0.0,0.0,0.0,0.0,0.0,0.0,0.0,0.0004559317520775489,0.0,0.0006467262512648454,0.0,0.0,0.0,0.0,0.00048730064980640267,0.0,0.0,0.0,0.0,0.0,0.0006427651069626048,0.0,0.0,0.0,0.0,0.0,0.0,0.0,0.0,0.0006329149377939183,0.0,0.0,0.0,0.0,0.0,0.0,0.0,0.0,0.0,0.0,0.0,0.0,0.0,0.0,0.0,0.0,0.0,0.0,0.0,0.0006360855341269577,0.0,0.0,0.0,0.0,0.0028479908984520475,0.0,0.0015029434233092913,0.0005932212778681297,0.0028632734083893587,0.0,0.0,0.0,0.0006484570710678715,0.0,0.0,0.0014012477791877248,0.0,0.0,0.0,0.0,0.0018401757290413326,0.0005864970209590524,0.0,0.0,0.0,0.0020383210483121083,0.0,0.0006011738745675549,0.0,0.0,0.0,0.0006878419617477741,0.0,0.0,0.0,0.0,0.0,0.0035343931736332716,0.0,0.003316949740809277,0.0,0.0,0.0,0.08536422797155128,0.000630620204575245,0.005765403645594935,0.0006378091737604308,0.0,0.0,0.0006375218046552441,0.006241437917172604,0.003031703856958989,0.004379211348044554,0.0017129626212239093,0.001123514390780272,0.008301393619581363,0.00039982660667148295,0.08412324327320085,0.0014923584104997282,0.008306443955124062,0.7181625493506903,0.0013220585140490163,0.0006081194007178863,0.0,0.0,0.0012830274611382508,0.0,0.0,0.002421557852840454,0.0025725167413309367,0.0,0.0006356733822334359,0.0,0.0005589984868890876,0.0,0.0,0.0,0.0,0.0,0.0,0.0,0.0012772877031427682,0.0,0.0,0.0,0.0,0.0,0.0006423373388863727,0.0,0.0,0.0,0.0019436850618158872,0.0,0.0,0.0,0.0,0.0012184531013594208,0.0006199184764689314,0.0,0.001291307246859269,0.0,0.0,0.0,0.0006020290294389173,0.0,0.0,0.0,0.0,0.0006870558566486342,0.0,0.0006452414764087876,0.0,0.0,0.0012880962774420468
214,0.0,0.005701905338162206,0.01849682569977812,0.0,0.0029344086736938463,0.0,0.0,0.0,0.0,0.0028416616900371994,0.0,0.0,0.0027778659282713695,0.0,0.0,0.0,0.0,0.0027445864963637416,0.0,0.002556067052988447,0.0,0.0029575362148152235,0.012377237744751754,0.0,0.0,0.0,0.005118938392302421,0.0,0.016733006549954892,0.0,0.0027953054847997443,0.0,0.0,0.005678606188656181,0.0,0.0025152074345947246,0.0,0.0,0.0,0.0,0.0,0.0,0.0,0.0,0.0,0.0,0.0,0.0,0.0,0.0,0.0,0.0,0.0,0.0,0.002959928493582245,0.0,0.0,0.0,0.0,0.0,0.0,0.0,0.0,0.0,0.0,0.0,0.0,0.0,0.0,0.0,0.0,0.0,0.0,0.0,0.0,0.0,0.0,0.0,0.0,0.0,0.0,0.0,0.0,0.0,0.0,0.0,0.0,0.0,0.0,0.0,0.002851165255794572,0.0,0.0,0.0,0.0,0.003148360125462041,0.0021463429157508036,0.0,0.0,0.0,0.000946569434719033,0.0,0.0,0.0,0.0,0.0,0.0,0.0028441676428700925,0.0,0.0,0.0,0.0,0.0,0.0,0.002179276784704912,0.0,0.0,0.0,0.0,0.0,0.0,0.0,0.0,0.0,0.0,0.0,0.0,0.0,0.0,0.0,0.0,0.0,0.0,0.0,0.0,0.0,0.0,0.0,0.0,0.0,0.0,0.0,0.0,0.002797192082436196,0.0,0.0,0.0,0.0,0.002730418216216636,0.0,0.0,0.0,0.0,0.0,0.0,0.0,0.0,0.0,0.0,0.0,0.0,0.0,0.002730418216216636,0.0,0.0,0.0,0.0,0.0,0.0,0.0,0.0,0.0,0.0,0.0,0.0,0.0,0.0,0.0,0.0,0.0,0.0,0.0,0.0,0.0,0.0,0.002863397332664265,0.0,0.0,0.0,0.0028278678217743543,0.0,0.0,0.0,0.0,0.0,0.0,0.002921788411313387,0.0,0.0,0.0,0.0025371921282107855,0.0,0.0,0.00288101500119776,0.08451428664044608,0.0028704503329420148,0.0,0.0028393030943280905,0.0,0.0,0.0029622414581665377,0.003247022566669919,0.0028802279546062274,0.002670796102902886,0.0,0.10629576465492148,0.005130616940037333,0.04067162764706848,0.003880311686285202,0.01664707507867945,0.00857662961785407,0.0,0.1302752634340425,0.0027061150197632035,0.014201651511795185,0.0,0.009247551029843346,0.0,0.011899162497651883,0.00570630346268681,0.0,0.0,0.0,0.0,0.017865362973279543,0.008541173520453199,0.008299570892654604,0.0,0.0,0.0027236069843672435,0.0,0.005646510564220516,0.0,0.0,0.0,0.1151749054247995,0.0052445466170920356,0.01175936662341791,0.0,0.00567950065876228,0.0,0.0,0.0007189248244809827,0.0,0.008818550050432361,0.18123967708312164,0.0,0.0028416616900371994,0.00530007828684765,0.0,0.0027467870976244668,0.0,0.0073764976911711915,0.0,0.0027445864963637416,0.0,0.0,0.0,0.0027354118740848823,0.0030738144445589923,0.0,0.0,0.004815632318736086,0.002892522995253815,0.0,0.0,0.0021407348636873214,0.0028732538728028965,0.005930662668975643,0.0
215,0.0,0.0,0.0,0.0,0.0,0.0,0.0,0.0,0.0,0.0,0.0,0.0,0.0,0.0,0.0,0.0,0.0,0.0014359442227975783,0.0,0.0,0.0,0.0,0.006547779265046388,0.0,0.0,0.0,0.0,0.0,0.004256488071067312,0.0,0.0,0.0,0.0,0.0,0.0,0.0,0.0018214009048833444,0.0,0.0031311481365223696,0.0,0.0,0.0,0.0,0.0,0.0,0.0,0.0,0.0,0.0,0.0,0.0,0.0,0.0,0.0,0.0,0.0,0.0,0.0,0.0,0.0,0.0,0.0,0.0,0.0,0.0,0.0012439279727487111,0.0,0.0,0.0,0.0,0.0,0.0,0.0,0.0,0.0012600728241132445,0.0,0.0,0.0,0.0,0.0,0.0036746932332966833,0.0,0.0,0.0,0.0,0.0,0.0,0.0,0.0,0.0,0.0018696765083018934,0.0,0.0,0.0,0.0,0.0037316879834036437,0.0,0.0,0.0,0.0,0.0,0.0,0.0015950888972535247,0.0,0.0,0.0,0.0,0.0,0.0,0.0,0.0,0.0,0.0,0.0,0.0,0.0,0.0,0.0,0.0,0.0,0.0,0.0,0.0,0.0,0.0,0.0,0.0,0.0,0.0,0.0,0.0,0.0,0.0027661962822258836,0.0,0.0,0.0,0.0,0.0,0.0,0.0,0.0,0.0,0.0,0.0,0.0,0.0019359648333363419,0.0,0.0,0.0018837567027590138,0.0,0.0,0.0,0.0,0.0,0.0,0.0,0.0,0.0,0.0,0.0,0.0,0.0,0.0,0.0,0.0,0.0021299831574649155,0.0,0.0,0.0,0.001828433748657593,0.0,0.0,0.0,0.0,0.0029001968465579486,0.0,0.0011532033547082589,0.0,0.0,0.0,0.0,0.0019705996469379415,0.0,0.0,0.0,0.0,0.0,0.0,0.0,0.0,0.0,0.0,0.0,0.0,0.0,0.0,0.0,0.0014452655895973562,0.0,0.0,0.0,0.0,0.006987242701427159,0.07549335259403284,0.01762407996800044,0.0,0.0,0.01836521880986468,0.0,0.0012895762214116591,0.0,0.03545685415872589,0.0123578291848091,0.0,0.20288675294789113,0.0,0.0022018182941572467,0.1587443035992499,0.008308670942077354,0.016108193252361288,0.0017554668371334845,0.0,0.3069900678368071,0.0,0.004951198178742805,0.0035714953987494194,0.03174975319407724,0.0013027143878647767,0.0018732108806231394,0.0036364077952423307,0.0,0.0,0.0,0.0,0.0037291548998025776,0.0032483637417930907,0.0,0.0,0.0,0.0015963386435065825,0.0036156193761854847,0.0,0.0,0.0,0.0,0.0010752263924577806,0.0,0.003049805219215658,0.0,0.0,0.0018052918706763952,0.0,0.0,0.0,0.0018153553314664837,0.0,0.0,0.0017484130485304857,0.0,0.0,0.0,0.0,0.0036206368184976663,0.0,0.0,0.0019371854243064417,0.0,0.0,0.0023064067094165177,0.0,0.0,0.0,0.0,0.0,0.0014222496895868308,0.0,0.004542164471873992,0.001006085955363561,0.0,0.0032459870423915947
216,0.0,0.0002507945868709936,0.00038692445115528893,0.0,0.0,0.0,0.0,0.0,0.0,0.0,0.0,0.0,0.00021838739938469728,0.0,0.00018221390194590083,0.0,0.0,0.00024336604225692535,0.0,0.00021520184410358338,0.0,0.0002487713315703857,0.007362756862827917,0.0,0.0,0.0004847277456385466,0.00099928372783233,0.0002459627020130151,0.00045088902933452336,0.0,0.0005664668374440685,0.00018725943929818177,0.0,0.0,0.0,0.0,0.00020082726925776652,0.0,0.0001667928378321386,0.0,0.0,0.0008577637542342411,0.0,0.0,0.0,0.0,0.0,0.0,0.000252069113106171,0.0,6.716188431579478e-05,0.0,0.0,0.0,0.0,0.0,0.0,0.0,0.0,0.0,0.0002475119851392499,0.0,0.0,0.0,0.0,0.0001765488725319517,0.00024194077152190572,0.0,0.0,0.0,0.0,0.0,0.0,0.0,0.0,0.0,0.0005991229908404388,0.0,0.0,0.0,0.0,0.0,0.00042259704606509784,0.0,0.0,0.0,0.0,0.0,0.0,0.00030448613140918185,0.00025403652061109863,0.00047831209535992503,0.0,0.0001978557109481643,0.0,0.0,0.00048040355095553804,0.0,0.0,0.0,0.0,0.00017405905442320383,0.00018978139492221389,0.0,0.0,0.0,0.0,0.00025038247347753745,0.00024671722810545843,0.0,0.0,0.0003562685126049783,0.0002461215871233105,0.0,0.0,0.0001740389554421201,0.000241814243864564,0.0,0.0,0.0,0.0,0.0,0.0,0.0,0.0001740389554421201,0.0010963623151806388,0.0,0.0,0.0,0.0,0.0,0.0,0.0,0.0,0.00037649870454387356,0.0002433012808350302,0.0,0.00022122896609069753,0.0,0.0,0.0,6.716188431579478e-05,0.0,0.0,0.0,0.00024713767353071,0.0,0.0,0.00023688230259929683,0.0,0.0002341776815558877,0.00018266183504697835,0.0004882681712387231,0.0,0.0,0.0,0.0,0.0,0.0,0.0,0.0,0.0,0.0,0.0,0.0,0.0011837821945312388,0.0,0.0,0.0,0.0002475588354618857,0.008131128820865566,0.0007393978180968685,0.0008525393452534298,0.0008113936459048856,0.003205629612022994,0.0,0.000691528540454738,0.00018050005313969254,0.0007091438125180588,0.000377489781435045,0.0,0.0,0.00024450637690809574,0.0004409352420437146,0.0,0.0,0.0010184523619174665,0.0004968660592716144,0.0004904302756715623,0.0002182316934225242,0.0,0.0008043999262816772,0.0011951607988582242,0.0,0.00017874463207100244,0.0,0.0,0.00024692575180184024,0.0011277150650376045,0.0,6.716188431579478e-05,0.0022119688914897743,0.0,0.034287234169291685,0.00020731517981254115,0.004856296038265788,0.0,0.00023785247018659922,0.030636477473168312,0.00081520466375751,0.1485389275483008,0.002100897403244092,0.009615511343154774,0.0005424289340996293,0.0002172421684703403,0.0,0.0,0.0014032276507358018,0.0009824110590959188,0.0009443154820532954,0.0019743837301357254,0.002554800089475599,0.002087573287016002,0.002381536594188377,0.0,0.0011560415784725617,0.697177232520561,0.0,0.0,0.000731155491146651,0.0,0.0002643053552929072,0.0,0.00025734385469708957,0.00043480679530559285,0.0005841985403863457,0.0,0.0002435512228942282,0.0,0.0012532386794846403,0.0,0.0,0.0,0.0002542694200881148,0.0,0.0,0.0,0.0006903065062477099,0.0,0.0,0.0,0.0,6.216718900403934e-05,0.00025091109575783237,6.073796731530028e-05,0.0,0.00025403652061109863,0.0,0.0,0.0,0.0005031732458688073,0.0002650000004461612,0.0002490743542833907,0.00019319968739079236,0.0002462974979671691,0.0005187848716522687,0.0,0.0,0.00024195463148714096,0.0,0.00024336604225692535,0.0002631750717083947,0.0,0.0,0.0,0.0,0.0005532071471608995,0.0001765488725319517,0.0,0.00017934948060478533
217,0.0,0.014491520030212592,0.014315765624312332,4.6141584181971315e-05,0.0016524907791810263,0.0,0.0,0.00017753283145032856,0.00035481303367581674,4.203998850687515e-05,0.0,0.0,0.0,0.0002676760951119938,0.0006940691188458443,0.0,0.0,0.0009155520833871851,0.0005172871782344468,0.0031591443019490274,0.0003918483411883686,0.0006513956261627352,0.033445589382329666,0.00018010571379512653,0.00035754018088322923,0.015217758101919358,0.0030846629322211993,0.0014456992351621475,0.0027377081487479325,4.36644809698691e-05,0.000341818676270635,0.0002541276713611397,0.0,0.00032006189127612144,0.000285799834033359,0.0,0.0,0.0,0.0003771829638974222,4.3037442826537315e-05,0.0,0.0011693503725876096,0.0,3.92153546865549e-05,0.0,0.0,0.0,0.00017938159564070795,0.0,0.000334549005953227,0.0,0.0005101663405599612,0.0003298734023567009,0.0002468939959303731,0.0015356122800334957,0.0,0.00020083428792565174,0.00038165255629308436,0.0,0.0,0.00017637180736649867,0.0,0.0,0.0,0.0,4.400050036172019e-05,0.00031470329524412044,0.0,0.00017818638113454292,0.0,0.0,0.0,0.0,0.00018278014822673225,0.0005150211861815651,0.00017891808670449335,0.0012306120871413832,0.0,0.0,0.0,0.00023700162048084618,0.0,0.00023835053761897957,0.00040050337952096443,0.0,0.00016614071528836785,0.0,0.00018397315427781444,0.0,0.0,0.00068496302813388,0.00017573189431063595,0.0,0.0,0.0,0.00032869616932675174,0.0015557939240383972,0.0,8.618329294773573e-05,0.0,0.00016190994168383335,0.0003939138963017777,0.0,0.0,0.0,3.92153546865549e-05,0.0,0.00043533948989297317,0.00025797947760772456,0.000264069432079914,0.0003118489183509303,0.00036491339291307856,0.0,0.00034018993615097425,0.0008901950117493029,0.0,0.0,0.0,0.00012656081831179624,0.0,0.0,0.0,0.00014772373844618346,0.0001211800265516822,0.0,0.0013246533334356398,0.0004460689504451334,0.00010176434226995604,0.00032523541462272737,0.0,0.0,0.000768051256399712,0.0001670033208203293,0.0,0.00022392195538760114,0.0,0.0,0.0,0.00017236625147448682,0.00021746764574733513,0.0002801216244461925,0.0,0.0001593098410123765,0.0,0.0,0.0018547391650369084,0.00015138862618517318,0.0,0.0,0.0,0.0,0.0,0.0005754970473122391,0.0,0.0,0.00019675778711471966,0.00016456036895109205,0.0,0.0001605956364800975,9.58809884135234e-05,0.0,0.0,0.0,0.00010265113467428929,0.0,0.0009576726633632682,0.0,8.40799770137503e-05,0.0,0.0,0.004049461780392919,0.00019894050287096047,0.0003257202590659829,0.00011542350334652785,0.004312650084067873,0.0,4.0249091138275895e-05,0.0003651886577012759,0.0,3.3703266163800587e-05,0.00034338318599548003,0.000564865442034264,0.0,0.00018145537419772773,4.6141584181971315e-05,0.00036274866973911614,0.0002298602260121413,0.0005390858842974659,0.00040880959564713377,0.0006700080369011056,0.0,0.0005086449575535034,0.0004311614270883108,0.00026301498089631415,0.0001733468858684218,0.0,0.0,0.00030450321770859667,0.0,0.0,0.0,0.0001920836857466559,0.06345985983019808,0.0009465563892983674,0.052134080263071175,0.0006946107449933841,0.004568335276715414,0.11754567247551817,0.00017914121004440284,0.005095686483583672,0.0,0.002334514583873113,0.000516238991358501,0.0007000850469098356,0.002681266460126721,0.012651770302296517,0.00030795903973951106,0.0,0.01164889731567687,0.31269928167314776,4.2439268249178416e-05,0.01007883410821654,0.0023022644531860764,0.00033400581022552373,0.1717481429928551,0.00017591781683409636,0.018041300289434334,0.0005521359906236938,0.0024771979197305053,0.0,0.0,0.00020143846465838744,0.0001726408250535801,0.0008500556596496536,0.0016349074449755745,0.003999755780198515,0.0007446130014075231,0.0003552156578009926,0.0,0.005874724678450834,9.320881029117932e-05,0.0003386856527967349,0.0002665955684423012,4.3061956622428604e-05,0.0006529432968785719,0.0002054155082959989,0.0001685572835794126,0.00770618676977699,0.0013279265732876143,0.00048735554737164153,0.0,0.0001896360160576584,0.0003269662934371564,0.0001734091494464583,0.0015151416304658057,0.00048300270207383864,4.0458807441035574e-05,0.0035264814226647796,0.00017480117883907428,0.0009402804270577769,0.00035877700113588827,0.00023437443184838727,0.007026332585587826,0.0007708034268960917,0.00046344397944651794,0.002418794820738976,0.001100125498758454,0.0007452082919520618,0.0006074101829830664,0.0007925180591400607,0.00043559871532343003,0.00019143847036993974,0.001343837698805927,0.005343553138315692,0.006595072261155003,0.00017960004465546777,0.003151642387180237,0.003117971825694294,0.00100707610946385,0.0030439894913045665
218,0.0,0.0005666725673250858,0.004297475233900374,0.0,0.000511467533075235,0.0,0.0,0.0,0.0005923268233004108,0.0011515236092172428,0.0,0.0,0.0,0.0005660584629154872,0.0,0.0,0.0,0.0,0.0,0.0013605296877156282,0.0,0.00012954296015999666,0.008830619602172709,0.0,0.0,0.0032182506559471358,0.0017310648551723945,0.0005677266423547798,0.0018020665140438194,0.0006135762542169049,0.0023511460131325425,0.0,0.0,0.0,0.0,0.00043243533287033086,0.0,0.0005754570443260701,0.0011175627090790233,0.0,0.0,0.0,0.0,0.0,0.0,0.0006812980290753665,0.0,0.0,0.0,0.0,0.00043243533287033086,0.0,0.0,0.0,0.0015737444649407165,0.0,0.0,0.0,0.0004461475874754373,0.0,0.0005888977068768816,0.0,0.0,0.0,0.0,0.0006258693592405642,0.0,0.0,0.0,0.0,0.0,0.0,0.0,0.0,0.0,0.0,0.0011258595128327657,0.0,0.0,0.0,0.0,0.0,0.0,0.0012471396480495907,0.0,0.0,0.0,0.0,0.0,0.0,0.0,0.0,0.0,0.0,0.0,0.0,0.00277588719809144,0.0,0.0,0.0,0.0,0.000536272760799966,0.0005583546640861877,0.0,0.00012954296015999666,0.0,0.0004271230979663654,0.0,0.0,0.0,0.0,0.0,0.0,0.00037670883496269904,0.0006384801470655343,0.0,0.0,0.0,0.0,0.0005214997920000518,0.0005847081392653153,0.0,0.0,0.0,0.0,0.001447976828311558,0.0,0.0,0.0,0.0,0.00039391951244419055,0.0,0.0,0.0,0.0,0.0,0.0005903094767729273,0.0,0.0006090083415590444,0.0,0.0,0.0,0.0005461790280388125,0.0,0.0,0.00037670883496269904,0.0,0.0,0.0,0.0,0.0,0.0,0.0,0.0,0.0,0.0,0.0,0.0,0.0,0.0,0.0,0.0,0.0,0.0,0.0,0.0005696727520938542,0.0,0.000536272760799966,0.0,0.0,0.0007258911043348397,0.0005148722807658046,0.0005675360492375613,0.000873737684806839,0.002696555544210638,0.0,0.0005731389156050656,0.0006201159043795642,0.0,0.0,0.0005686250657371897,0.0004461475874754373,0.0004526455664266623,0.00015192581371761393,0.0,0.0,0.0,0.0,0.0,0.0,0.0,0.0005666160388046462,0.00013812408152739518,0.0,0.0,0.0,0.0,0.0,0.0,0.0,0.0,0.0004960054839285221,0.013384599036573512,0.0010964667298452222,0.0018596366574284533,0.0014843301892811642,0.0011627945347419959,0.30542840605685084,0.0005668802375530968,0.24204149026441915,0.0016278276689086098,0.0028185063740776848,0.00043243533287033086,0.004807998167426957,0.00028754239626069364,0.00175625385293771,0.0032520072892008355,0.07002390638355531,0.0,0.008058536627584904,0.0,0.1676313817590285,0.0006935460095552457,0.0,0.010320624411363173,0.010183037318951118,0.050125560881076524,0.0016477812229804428,0.0,0.0,0.0,0.0,0.0,0.0005731389156050656,0.001555943615307351,0.0033881493131666814,0.0,0.0,0.0,0.0025490231289271355,0.0005668802375530968,0.0011032509791520009,0.0,0.0,0.0,0.0005281946797250603,0.0,0.005203078497631191,0.0,0.0012021682265589307,0.0,0.0,0.0,0.0006036815105123179,0.0016736935754869738,0.00013387549099013035,0.0,0.0019012785087836512,0.00046425340207152156,0.0,0.0,0.0,0.004516064560176909,0.0006009946814887062,0.0,0.0011039221716790226,0.0005148722807658046,0.0,0.0,0.0011394507404088854,0.0,0.0003614838275202981,0.00015192581371761393,0.0010381434477444486,0.004168101459273612,0.0,0.002673044408907511,0.001193361683049239,0.0,0.0022530190487001396
219,0.0,0.14499860341200763,0.09215871534660942,0.0,0.005636048395735815,0.0003512508889560552,0.00017951003893261114,0.0,0.0005428753232130167,0.0001427392873776168,0.0,0.0,0.00035018937939738687,0.00131167572202282,0.0016676125021753544,0.0,0.0,0.0010104994385723325,0.0,0.0008827098586415967,0.0001544047943292083,0.0007180401557304446,0.01254622351838134,0.0,0.0,0.004139929651406498,0.0016833041127921747,0.0010569238654824494,0.0008126082325617195,0.00014589056380403512,0.0,0.0002662842409174198,0.0,0.00028633678944512856,0.0,0.0,0.0,0.0005052680876861408,0.0004821583829025543,0.00013791444621553533,0.00013240567936371604,0.0,0.00017951003893261114,0.0,0.0,0.0,0.0,0.0,0.00018206677107511504,0.0003425429712172636,0.0001761759840056252,0.0,0.0,0.000313073584467167,0.00047644042772661125,0.00016316260159120836,0.00018554994722937487,0.00028990195896292487,0.0,0.0001256172757129217,0.0001734709118997111,0.00019837820585811818,0.0,0.0,0.0,0.00026159134913129786,0.0002842651461257822,0.0,0.00018090984757639455,0.0,0.0,0.0,0.0,0.0,0.00047615109118052907,0.0,0.0005200369658358953,0.0,0.0,0.0,0.0,0.0,0.0004723022317638581,0.0001544047943292083,0.0,0.0,0.0,0.0,0.0,0.0,0.00018602903445392245,0.00017176991451375978,0.0,0.0,0.0,0.0002926287031470891,0.0016511221624007416,0.00034478999428115185,0.00022550462517276692,0.0,0.00034390528551727837,0.0,0.0003375120025564395,0.0,0.0,0.00020345637174466725,0.0,0.0,0.0,0.0003628013099864362,0.0003590200778652223,0.0,0.00018090984757639455,0.0003518164814311699,0.0005237116543907539,0.0001725296754166266,0.00017448820522097315,0.0,0.0,0.0001774083496671053,0.0,0.0,0.0,0.00017170270509351762,0.0,0.00040659312090145477,0.00036135151931892005,0.0003440041634499947,0.0,0.000354479494320827,0.0,0.0,0.0,0.0,0.0,0.00016818612034180864,0.0,0.0,0.0,0.0,0.00017357890031498977,0.0,0.00014566691747777498,0.00016408683729817106,0.0,0.0009628139074104896,0.0,0.0,0.0,0.0,0.0,0.0,0.00016608663791245812,0.0,0.000129674415708411,0.0,0.00013252341313283616,0.0,0.0,0.0003316613111593803,0.0,0.0,0.00029417216858921967,0.00017348428583025381,0.0,0.00039642696589988467,0.0,0.0,0.0,0.0,0.0007626941211703477,0.0,0.0002928998307742708,0.0,0.0006214756681981221,0.0,0.00044714771442833876,0.0,0.0,4.7333793718959775e-05,0.0,9.099206953865528e-05,0.0,0.0,0.0001704878150849444,0.0,0.0,0.0,0.0,0.0003675767109861778,0.0,0.0001725489262547968,0.0,0.0001225042059493694,0.00031755233219570706,0.0,0.0,0.0012277252522606323,0.00033020407130532933,0.0,0.0,0.0,0.0018621852533177313,0.00046904985984329143,0.11539378720023506,0.0,0.045271606564997804,0.0041092680876665885,0.0,0.0010119835172928758,0.00017457369116258587,0.0008488044228858996,0.0012117164972430578,0.00043790599220564576,0.0019514011886797402,0.0011776676049652345,0.000240449641463976,0.43483762149559035,0.001604438389985315,0.0,0.00012420217576508216,0.002761480847506159,0.0004720591033519419,0.00034353982902751956,0.004288797175019914,0.0002682654280928509,0.003609748214115823,0.0005086956803695445,0.00043720466273072486,0.00026159134913129786,0.0,0.0005352548616647394,9.983970034181424e-05,0.0014304028024506583,0.0006408031951848362,0.002373690716523802,0.0,0.0006056985133630519,0.0001722239389080712,0.0019348503685912332,0.0,0.0,0.0,0.0,0.00017739773374495323,0.0,8.451717229287031e-05,0.004038484803712841,0.002331841062905213,0.00014200172546806935,0.0,0.0003626372827747747,0.0,0.0001925539995249891,0.0015794679768425812,0.0,0.0,0.002764680615527778,0.0,0.00017529079948986365,0.0,0.0,0.012325971544591502,0.00012539643628717685,0.00017426572670007753,0.001759200494544673,0.001297859192218196,0.005003522219371936,4.2052655609834125e-05,0.00017736510704445915,0.00030006675412567714,0.00035092532028719914,0.00031331757525826195,0.0069406185029471405,0.021481108561862524,4.235881470193152e-05,0.0013772536059774329,0.007821522253917235,0.0003435700524784018,0.0034412307294680784
220,0.0,0.0,0.0,0.0,0.0,0.0,0.0,0.0,0.0,0.0,0.0,0.0,0.008892139586696988,0.0,0.0,0.0,0.0,0.0,0.0,0.0013424293599530151,0.0,0.0,0.009222077976755436,0.0,0.0,0.0011295779505098372,0.003797476011110161,0.0,0.00128476838143895,0.0,0.0,0.0012655044756583952,0.0,0.002341949323098032,0.0,0.0,0.0,0.0,0.0013016288439162147,0.0,0.0036579777635067675,0.0,0.0,0.0,0.0,0.0,0.0,0.0,0.0,0.0,0.0,0.0,0.0,0.0,0.0,0.0,0.0,0.0,0.0,0.0,0.0,0.0,0.0,0.0,0.0011376942711517832,0.0,0.0,0.0,0.0,0.0,0.0,0.0,0.0,0.0,0.0,0.0,0.0012298453097080349,0.0,0.0,0.0,0.0,0.0,0.0,0.0,0.0,0.0,0.0,0.0,0.0,0.0,0.0,0.0,0.0,0.0,0.0,0.0,0.0,0.0,0.0,0.0,0.0,0.0,0.0,0.0,0.0,0.0,0.0,0.0,0.001140518993632565,0.0,0.0,0.0,0.0,0.0,0.0010188446481291915,0.0,0.0,0.0,0.0,0.0,0.0,0.0,0.0,0.0,0.0,0.0012349474641173937,0.0,0.0,0.0,0.0,0.0,0.0,0.0,0.0,0.0,0.0,0.0,0.0,0.0,0.0,0.0,0.0,0.001304964608862278,0.0,0.0,0.003590174659271491,0.0,0.0,0.0,0.0,0.0,0.0,0.0,0.0,0.0,0.0,0.0,0.0,0.0,0.0012589624263399182,0.0,0.0,0.0,0.0,0.0,0.0011707862763951269,0.0,0.0,0.0,0.0,0.0,0.0013075050153222327,0.0,0.0013278111594550621,0.012527580024035733,0.0012580388905564688,0.23707703378669395,0.0,0.0,0.0012355605146319622,0.0,0.0,0.0,0.0,0.0,0.0,0.006512331520553845,0.0,0.0011958358489612664,0.0012801236011533953,0.001273859284916586,0.001199698621353265,0.009987809675828558,0.0012721033005717096,0.0,0.0,0.0,0.0,0.05978303757748779,0.0,0.1417856013284685,0.0012397838272334607,0.0,0.0024879615789960936,0.0,0.0013177921763790031,0.0,0.0,0.21097820958804916,0.0,0.0,0.0,0.17294337806514998,0.0,0.0012196244191486649,0.0025195082049989646,0.006412921174465839,0.0,0.0012533658191458204,0.003567427589701545,0.0,0.001250237409712234,0.007584324145032461,0.0012412451511688207,0.0,0.0,0.018299626463636136,0.0012059094736988957,0.0,0.02269804048709366,0.0,0.0,0.0,0.001173235461683888,0.002504224099158413,0.001223961567658561,0.0014383105730729818,0.0,0.0,0.0024824903023376414,0.0,0.0011699752977451469,0.0,0.0,0.0,0.0,0.0,0.0012287440566639163,0.0,0.0,0.0,0.0,0.0011169552993973333,0.0,0.0,0.0012243739781489446,0.0,0.0012133397007521036,0.0,0.0,0.0,0.0,0.0,0.0,0.0,0.0,0.0,0.0,0.0,0.001220525036455555,0.0,0.0,0.0014383105730729818,0.0,0.0,0.0,0.0,0.0,0.0,0.0
221,0.0,0.00398012620187878,0.009179345600786839,0.001256856129802577,0.0,0.0,0.0012035278160492555,0.0,0.0008640584248469607,0.0,0.0,0.0,0.0,0.000660482615978688,0.0020355438698088854,0.000786904233220534,0.0008656936726468561,0.003742500774798323,0.0016278632299161985,0.005501593393753556,0.0008669444068434116,0.002487465161107954,0.04457943895551639,0.0,0.0,0.014477993625058026,0.006750938061120057,0.0035683568857849024,0.009544876987496637,0.002305243233126925,0.0008486808028801619,0.0,0.0,0.0,0.0,0.0,0.0,0.0,0.004198430635856782,0.0,0.0,0.000839556660285896,0.0,0.0,0.0,0.0008519790051316554,0.0,0.0008083099672591515,0.0017645418364451821,0.001474870770139128,0.00024074533898399566,0.0,0.0,0.0004406330186558644,0.0008612552211529374,0.0,0.0,0.0008462114145964913,0.0014829611393363253,0.0,0.0007582325337479746,0.0008224783552597006,0.0,0.0,0.0,0.001298293454564082,0.0016154131001933428,0.0,0.0008904271480885853,0.001535574079991985,0.0,0.0,0.0,0.0,0.0016889112703649377,0.0,0.0027845080845935546,0.0,0.0,0.0,0.0,0.0,0.0008796144558757497,0.0006587106998007211,0.0,0.0006447150839407381,0.0,0.000231241850737412,0.0014489580610185704,0.0,0.0013080099123103932,0.002955719774909223,0.001049890850062343,0.0008408781515781783,0.0,0.0,0.00695742230010725,0.0,0.0,0.0008350815283826352,0.000860970186342306,0.002148917075151135,0.0,0.0,0.003010152666410052,0.0,0.0,0.0,0.0,0.0,0.0,0.0008655395677495284,0.0017239865182619332,0.0006679995922073946,0.001306681614534484,0.0008881481275044323,0.0,0.0,0.0,0.0,0.0008464222636208296,0.0,0.0,0.0,0.0,0.006509704933723582,0.00152491818358602,0.001648475561706174,0.0,0.0,0.0008729653726309574,0.0017659164978820754,0.0,0.0,0.0008649527833053233,0.0,0.0,0.0004569809460070733,0.0008519790051316554,0.0012981098649233517,0.0034397684811022736,0.0,0.0,0.0008655395677495284,0.0,0.0016973225330918793,0.0,0.0006692183012756896,0.0,0.0015124830310264538,0.0,0.0,0.0010602011222241128,0.0,0.0,0.0,0.0,0.0,0.0,0.0,0.0,0.0,0.0,0.0,0.0,0.0009546932341187916,0.0008241914910215055,0.0,0.0033122136982966246,0.0,0.0033747790092411257,0.002736878422789152,0.007785785448401818,0.0,0.011678733539715153,0.0,0.0008963028332266199,0.0019362974519572705,0.0008336084204999521,0.0,0.0,0.0016508924401156587,0.0006213241602325274,0.0008417975781866086,0.0,0.0016188701342447335,0.002971784111836558,0.0,0.0008734861105708564,0.0008425138438853892,0.001507264362760858,0.00482937014672919,0.0,0.0008194799097948472,0.0,0.0,0.0007116881438179227,0.0,0.0,0.0,0.00404409237336478,0.0015902523521674778,0.007316988387703753,0.0017587041308308815,0.0033488388797219323,0.0023342109986577205,0.0020378988486548354,0.03778116931041426,0.000814017679197654,0.04847096243554048,0.0016725762393076235,0.002835659203676832,0.0018239713949911682,0.011981286028939888,0.00314022387760103,0.0022292851192091067,0.00569489136192395,0.11411695683188557,0.21648508953616058,0.013639522789257764,0.0,0.0,0.0036644265367315665,0.0033220629014913553,0.006145231618540552,0.018804038931545315,0.12627474263466099,0.0025796286745753943,0.000845383649574954,0.00043364252092271006,0.0008473122051600447,0.002454074371279668,0.0017814354013326664,0.0017837088429699147,0.0029827130759773864,0.0033380860344564994,0.0,0.001396478902354235,0.0,0.010787515240654171,0.0015100969394532288,0.0,0.0025125821730458777,0.0,0.0006138227654165298,0.0,0.0,0.006193963398847481,0.0031901117421946233,0.00023330842597134877,0.0,0.0,0.0,0.0,0.0026516112850045563,0.0006631758851281968,0.0,0.0024036745037751017,0.001611067506082736,0.0016941646645808296,0.0,0.0017247450918165535,0.008415709589385652,0.0,0.000902096779308877,0.003639249240022118,0.0,0.002989748368288997,0.0016433729571650436,0.00061277134987431,0.0017427135957017426,0.0016973803838080167,0.004239244150798494,0.007882655327448538,0.008005868507285215,0.0009109833741158646,0.006527961506068216,0.0008224783552597006,0.0008574361733320931,0.0044236085650013485
222,0.0,0.0,0.0,0.0,0.0,0.0,0.0,0.0,0.0,0.0,0.0,0.0,0.0011734266365604187,0.0,0.0,0.0,0.0,0.0,0.0,0.0011248281637888985,0.0,0.0,0.013587064312248608,0.0,0.0,0.0023088200828129024,0.0,0.0011257264257015427,0.0023244053149606317,0.0,0.0011419613878752392,0.0,0.0,0.0,0.0,0.0,0.0,0.0,0.002226629653297417,0.0,0.0,0.0011156229034402039,0.0,0.0,0.0,0.0,0.0,0.0,0.0,0.0007284898789076384,0.0,0.0012005789707980772,0.004512279797310088,0.000312397250004827,0.0011859978563651132,0.0,0.0,0.0,0.0,0.0,0.0,0.0,0.0,0.0,0.0,0.0,0.0,0.0,0.0,0.0,0.0,0.0,0.0,0.0,0.0,0.0,0.0,0.0,0.0,0.0,0.0,0.0010996104480024084,0.0,0.0,0.0,0.0,0.0,0.0,0.0,0.0,0.0008547129387395949,0.0,0.0011365554372157508,0.0,0.0010996104480024084,0.0,0.00028934705019401243,0.0,0.0,0.0,0.0,0.0,0.0,0.0,0.0,0.0,0.0,0.0,0.0,0.0,0.0,0.00094703915556482,0.0010496242818145549,0.0,0.0,0.0,0.0,0.0,0.0,0.0,0.0,0.0,0.0,0.0007990812884964982,0.0,0.0019291848258314126,0.0,0.0011529142658399099,0.0,0.0,0.0,0.0,0.0,0.0,0.0011723489293482283,0.0011430529187714436,0.0,0.0,0.0,0.0,0.0,0.0019813449125269146,0.0,0.0,0.0,0.0,0.0,0.0,0.0,0.0010982432619257249,0.0,0.0,0.0,0.0,0.0,0.0,0.0,0.0,0.0,0.0,0.0,0.0,0.0,0.0,0.0,0.000759611853992453,0.0,0.0,0.0,0.0010451000234825035,0.005764372750002911,0.0,0.0,0.0,0.00409909564708267,0.0009249582956715709,0.0031014961727430634,0.0,0.0,0.0014977983232060438,0.0,0.0,0.0,0.0,0.0,0.0,0.0022765630543531323,0.003292135724547876,0.0,0.0,0.0,0.0,0.0,0.0,0.0,0.0,0.002002572725727578,0.0,0.0,0.0,0.0,0.0,0.0,0.1544970591011057,0.004523645226446097,0.004139010254166742,0.0011303720163388696,0.0002992378472201445,0.0035393412406245607,0.0015011204755068217,0.0,0.006468790308375861,0.3470303315212848,0.001470966923485506,0.040239359732602,0.13878559546322,0.0063825430335106206,0.01974983794472683,0.0031738274260929814,0.0033209915191883283,0.0,0.0010076761616905194,0.0,0.0011089631102770784,0.0011419876650654922,0.0,0.07440680463839582,0.0,0.0,0.04924501979092341,0.0,0.0011540517985693033,0.0,0.0,0.008763169813309652,0.0,0.0,0.0011473912865242032,0.0,0.0023702899542860567,0.0,0.0010799442971574764,0.0,0.0,0.0,0.0036419978084602333,0.0,0.0033113694246247453,0.0,0.0015727811290048397,0.0010620098215013223,0.0,0.0,0.0,0.0006584216718109703,0.018246256384685272,0.0,0.0,0.00109854312297948,0.0011502389826449297,0.0,0.0,0.0027989233238506412,0.0,0.0,0.0,0.0,0.0,0.004536131465515345,0.0,0.0,0.0016699175607449103,0.0,0.003141808601071122,0.002260265312206874,0.0,0.0011520671957143843,0.00029751405454962157,0.0,0.0011398222233852575
223,0.000464359257858844,0.0006598584770874098,0.0005096254949272072,0.0,0.0,0.0,0.0,0.0,0.0004959894863495395,0.0,0.0,0.0,0.0009350735237678739,0.0,0.0,0.0,0.0,0.0,0.0004917378891146724,0.002276017014784083,0.0,0.0,0.006305818884499535,0.0,0.0,0.0014430636958254477,0.0,0.0010004975958145812,0.0004965697981768394,0.0,0.0,0.0,0.0,0.0,0.0,0.0,0.0,0.0,0.0,0.0,0.0,0.00048112267212413,0.0,0.0,0.0,0.0,0.00046037638249951776,0.0,0.00043947720600891015,0.00046032915054598886,0.0,0.0,0.0,0.0,0.0,0.0,0.0,0.0,0.0,0.0,0.0,0.0,0.0,0.0,0.0,0.0,0.0004856635560739572,0.0,0.0004266891337546938,0.00045486718120665777,0.0,0.0,0.0,0.0,0.0,0.0,0.00046451885687535564,0.0,0.0,0.0,0.0,0.0,0.0,0.0,0.0,0.0,0.0,0.0,0.0,0.0,0.00048837208609477,0.0,0.0,0.0004987019788784453,0.0,0.0,0.0008021076436078815,0.0,0.000501731299865185,0.0,0.0,0.0,0.0,0.0,0.0,0.0,0.0,0.0,0.0,0.0,0.0,0.0,0.0,0.0,0.0,0.0,0.0,0.0,0.0004923001619869556,0.0,0.0,0.0,0.0,0.0,0.0,0.0006542243311611233,0.0,0.0,0.0,0.0,0.0005719650201867197,0.0,0.0,0.0,0.0004794842011016192,0.0,0.0,0.0,0.0,0.0,0.0,0.0,0.0,0.0,0.0,0.0004677596417993385,0.0,0.0,0.0,0.0,0.0,0.0,0.00048546011561281403,0.0,0.0,0.0,0.0,0.0005034019652710452,0.0009875125263809758,0.0,0.0,0.0,0.0,0.0,0.0,0.0,0.0,0.0,0.0,0.0,0.001936790866173,0.0007557400306159823,0.0025556765733640552,0.0,0.008051065198530029,0.0,0.0005055471414518858,0.0005056967027705298,0.0,0.0004860029589695056,0.0,0.0,0.0,0.001042880846457526,0.0,0.0,0.00048063977055648086,0.00044218707039178287,0.001008683938001446,0.0,0.000996627627116544,0.005374281240819497,0.0,0.0,0.0,0.0,0.0005165701613639028,0.0,0.0,0.0,0.0,0.0005050830987317009,0.0,0.004760679776568387,0.0,0.03881257863799285,0.0007601681816980201,0.0004146371900171019,0.0009927661617901483,0.0014551759625100447,0.00246320801846433,0.0014433632232036763,0.0005456411144407598,0.0668282720262716,0.0,0.0005799984503215413,0.0020010064220426353,0.0004936157024013118,0.0004909023126434201,0.000953453134855544,0.0,0.0023441096681219636,0.0,0.0,0.0005096254949272072,0.1279244900264147,0.6851437676876296,0.0,0.0008574130895947469,0.0,0.0,0.0,0.0,0.0,0.0010417669292038087,0.0,0.0,0.0,0.0,0.0010081954389017738,0.0,0.0,0.0,0.0,0.0,0.0,0.0,0.0009880726417525326,0.0,0.0,0.0,0.0,0.0005644352627074997,0.0,0.0010095360412628893,0.0,0.0,0.0,0.0,0.0,0.0,0.0,0.0005155953031237692,0.0,0.0,0.0,0.0,0.0,0.0004966407552868475,0.0,0.0,0.0004443501668477521,0.0,0.001041446118263164,0.0003868989996573713,0.0,0.0009836098838894036,0.0,0.0,0.0008964307226375726
224,0.0,0.0020423325007404287,0.002000760545288212,0.0,0.0,0.0,0.0,0.0,0.0,0.0,0.0,0.0,0.0,0.0,0.00030638760426122724,0.0,0.0,9.478597665366144e-05,0.0,0.0005818276119935852,0.0003722975706013624,0.0,0.007192217647905123,0.0,0.0,0.002993049707446749,0.0,0.00037512265982725233,0.0013757227689015195,0.00010478871939455315,0.0,0.0,0.0,0.00039246764981703115,0.00026064053244698285,0.0,0.0,0.0,0.00044174688424579537,0.0,0.0,0.0,0.0,0.0,0.0,0.0,0.0,0.00010155320590404397,0.00029353773287145533,0.0,0.0,0.0,0.0,0.00026064053244698285,0.0,0.0,0.0,0.0,0.0,0.0,0.0,0.0,0.0,0.0,0.0,0.0,0.00038588225072695844,0.0,0.0,0.0,0.0,0.0,0.0,0.0,0.00047922727517166305,0.0,0.0018630910828188922,0.0002687129345025691,0.0,0.0,0.0,0.0,0.0,0.0,9.484367266037376e-05,0.0,0.000706776988592114,0.0,0.0,0.0,0.0,0.0,0.0,0.0,0.0,8.213332146604105e-05,9.484367266037376e-05,0.0003529271595109454,0.0,0.0,0.0,0.0,0.0,0.0,0.0,0.0,0.0,0.0,0.0,0.0,0.0,0.0,0.0,9.931005527090898e-05,0.0,0.0,0.0,0.0,0.0,0.0,0.0,0.0,0.0,0.0,0.0,9.478597665366144e-05,0.0,0.000793108171582808,0.0,0.0,0.0,0.0,0.0,0.0,0.0,0.0,0.0,0.0,0.0,0.0003047991040834299,0.0,0.0,0.0,0.0,0.0,0.0,0.0,0.0,0.0,0.0,0.0,0.0,9.199447502290121e-05,0.0,0.0,0.00027953307409107284,0.0,0.0,0.0,0.0,0.0,0.0,0.0,0.0,0.0,0.000353388494296057,0.0002804126649331533,0.0,0.0,0.0,0.001354368219861033,0.0,0.0,0.0,0.002337992271514925,0.0,0.0,0.0,0.0,0.0004157023840236464,0.0,0.0,0.0,0.0,0.0,0.0,0.0,0.0003819817010474257,0.0,0.0,0.0,0.0,0.00020310641180808795,0.001003318689763548,0.0,0.0,9.78853634226124e-05,0.0,0.000353388494296057,0.0,0.0,0.0,0.06937530590780627,9.78853634226124e-05,0.0008357056178883165,0.0,0.0,0.06537151334339537,0.0,9.83786158385533e-05,0.0,0.0006097506462022841,0.0,0.0,0.0,0.0007786498805888363,0.0005630426410057246,0.7755838407545069,0.008990678140171002,0.013071878378126891,0.0,0.0021676232045754937,0.0,0.0,0.0,0.0,0.006739026739315505,9.555739459339974e-05,0.0012428684354716937,0.0,0.0,0.0,0.0,0.0,9.932658571504919e-05,0.0017067853102521637,0.0,0.0,0.0006150404879022305,0.0005522043657583465,0.0003894559405786919,0.0010833547757926945,0.0003089697326329052,0.0,0.0011274466467211702,0.0,0.0,0.002661175559810861,0.000965831673810176,0.0,0.0,0.0003894559405786919,0.0,0.0,0.0002929237723144316,0.0,0.000300351249049545,0.0012027485742342526,0.0,0.0003254164552849357,0.00038943814605054143,0.0013173446676655093,0.0011022572139776034,0.0,0.0002773307118159522,0.0002869415510884708,0.0003047991040834299,0.0010026684263070072,0.0,0.0005674588286644813,0.0,0.0,0.00033875657090539957,0.0008295863719976553,0.0012153639332348762,0.0,0.0012271159811645621,9.78853634226124e-05,0.0006064908278908864,0.0008309764078587031
225,0.0,0.0007650559123600753,0.0,0.0005594896807304026,0.0,0.0,0.0,0.0,0.0005304787963688158,0.0,0.0,0.0,0.0009540398341721725,0.00038804105558024705,0.0007866567138217949,0.000514341396622701,0.0,0.0017789107268600085,0.0005439403001541325,0.0,0.0,0.0005179995323807671,0.007209025559060988,0.0,0.0,0.0016047328588946383,0.0015129448387377685,0.0005550096313213383,0.0,0.0,0.0010807981582983462,0.0016339273666088022,0.0,0.0005552306324499003,0.0,0.0,0.0,0.0005631705338931027,0.0005599515485981269,0.0,0.0,0.000539342620041948,0.0,0.0,0.0,0.0,0.0,0.0005321020739813621,0.0,0.0,0.0,0.0,0.0,0.0,0.0,0.0,0.0,0.0,0.0,0.0,0.0,0.0,0.0,0.0,0.0,0.0,0.0,0.0,0.0,0.0,0.0010769325868747752,0.0,0.0,0.0,0.0,0.0,0.0,0.0,0.00039742013580945326,0.0,0.0,0.0,0.0,0.0,0.0,0.0,0.0,0.0,0.0,0.0,0.0005239790394019964,0.0005070113862951126,0.0,0.0,0.0,0.0005468644267673733,0.00013136711753701464,0.0,0.0,0.0,0.0,0.0005118168049068354,0.0005356539230961953,0.0,0.0,0.0,0.0,0.0,0.0,0.0,0.0,0.0,0.0005766979958586609,0.0,0.0,0.0,0.0,0.0,0.0,0.0,0.0,0.0005552399779210423,0.0,0.0,0.0,0.0011649165934809436,0.0,0.0,0.0,0.0,0.0,0.0004310208469787547,0.0005385636785790488,0.0,0.000538291904535279,0.00013076350445106569,0.0,0.0,0.0,0.0010926957040521394,0.0,0.0,0.0,0.0005827003636724385,0.0,0.0004982530189811179,0.0,0.0,0.0,0.0,0.0,0.0006287853612760468,0.0,0.0,0.0,0.0,0.0,0.0,0.0,0.0007393731028002726,0.0,0.0,0.0,0.0,0.0,0.0017630229376752627,0.0,0.0,0.0,0.00048171076340046583,0.0010201875721649338,0.0,0.01681359984707607,0.0013059841591088644,0.019704973177925772,0.0,0.0016242316358544503,0.0,0.0,0.0059959697610188385,0.0005265884719320109,0.0005593377974400877,0.0053981091294460805,0.0011078743779652793,0.0005888672736841159,0.0010683187287613073,0.0,0.0008533482054377471,0.09003731051906529,0.0,0.01039911118735372,0.36581090257472504,0.0004612401764921839,0.000563123810083049,0.0010414086381790196,0.0,0.000539342620041948,0.0001312157067731933,0.0,0.0,0.0001419481434994114,0.0,0.0010143454634863765,0.00111022904608049,0.0005460083226285317,0.1818131277321096,0.0,0.0005435635082703594,0.0021450086637815158,0.0014787485833373543,0.0,0.0022262793284474175,0.0015131079185897467,0.001884811656295164,0.0,0.0,0.0012895499848164754,0.0020409275121977717,0.0,0.0005477600619855508,0.0018403392052798125,0.002811217075699095,0.0002624314135463866,0.12191510526924619,0.00014420273639047313,0.0,0.0926039990616218,0.0,0.0,0.0,0.0,0.0,0.0,0.001009460043494063,0.0,0.0,0.002724776591655503,0.0016112367679551372,0.000582877439299896,0.0020753327813973375,0.0005461638871702481,0.0,0.0,0.0,0.0,0.0005194968333174899,0.0,0.0010929402295512048,0.0,0.0,0.0,0.0,0.0,0.0,0.0,0.0,0.0,0.0004382866165773092,0.0,0.000538291904535279,0.0,0.0005944577857760533,0.0006726155431803159,0.0,0.0005476217178058191,0.0005207646718368733,0.0,0.0,0.0,0.0,0.0,0.0004115136850349614,0.0005338680743131499,0.0009686956925802823,0.001099425780641988,0.0,0.0010788812191742738,0.0,0.0,0.0013712657315754545
226,0.0,0.0009512147613262019,0.0016790385607708353,0.00035564481073541924,0.0004066271650780916,0.0,0.00017621408181899576,0.0,0.00017677607943714245,0.0005241848654936997,0.0,0.00028735879079926357,0.00039230061266743354,0.0,0.0016985631572965507,0.0001679414839355556,0.00013290613083437832,0.0027425474970888706,4.208392605771539e-05,0.0016802421487528817,0.00017746938055230175,0.00032396907756520124,0.03784387491045872,0.0,0.0,0.020762015446613085,0.003672883376308309,0.0026722429054678734,0.003907379267987778,0.0008113832673255773,0.0004447190327417514,0.0005679145255796975,0.0,0.0010844410394303015,0.0,0.0,0.0005924183343545399,0.0,0.0017161400602191859,0.00033011676807563823,0.00017220493896658755,0.002063309011364675,0.0,0.0,0.0,0.00016820074225477638,0.0,0.0,0.0001390652902801146,0.0002769428446388732,0.00014817207773460084,0.0,0.0,0.0,0.001073928942203531,0.0,0.001113057178211927,0.00034594415289601567,0.0001866301446257742,0.0,4.3553483972285535e-05,0.0,0.0,0.0,0.0003338094592683315,0.0010378488457776578,0.0008569760070270397,0.0,0.0004975308086108168,0.0003777437179625101,0.0,0.0,0.0005007141889024972,0.00016690472963416575,4.005956279436907e-05,0.00032019352946859074,0.0010582741133250285,0.0,0.0003986073306250628,0.0,0.0,0.0,0.00048207001497872434,4.768231594966704e-05,0.00033415809707690916,0.0003169540508271693,0.0,0.0,0.0,0.0,0.0006371984503222225,0.0006764727393077718,0.0,0.0004781439062366949,0.0,0.0004131318842497799,0.002523805328408308,0.0,0.0007439444502580305,0.0004008816701137445,0.00016026231456398284,4.1491119788996586e-05,0.00010240292981051466,0.0,0.000935904349029861,0.00017627247303942815,0.00036794161522034623,0.000465125562669935,0.00014229714462442235,0.0009854210015122393,0.0,0.00044141951439771325,0.00033915278741451614,0.0009452859720264354,0.0004948227206968637,0.0005925285291862474,0.00015266519971101608,0.0,0.0,0.0,0.0,0.0005797063371507513,0.00018709661814912608,0.0003365598159748388,0.00021061379329437643,0.0018268263583206895,0.0,0.0,0.00017668805822317556,0.0,0.00022939248577531911,0.0014187711502034303,0.00016202910549616788,0.00016824654935423733,0.003552691812350798,0.00047996292150315006,0.0001974955043405954,0.0,0.0,0.0001531092044669518,0.0,0.0014197020459182936,0.0004940936521688355,5.13030435282347e-05,0.00018750158256327742,0.0032442844757081366,0.0,0.0,0.00040479680129971415,0.0005824443291923771,0.0,0.00016976210642121413,0.0007127562573312635,0.0,0.00018340881446256605,0.00018179338047644064,0.00018734979932536478,0.00015899342588468216,0.0,9.710048527459521e-05,0.00015208737844467048,0.00031455490906612244,0.00015850119022811494,0.0001586744081910383,0.00018193053376180116,0.0021536336344318394,0.0,0.0,0.0005337276302094002,0.0,0.011027655188391798,0.0020207862426810624,0.003498960424917537,0.0003551082153077069,0.022731625464055646,9.327655278465317e-05,0.002462709641870328,0.00015899342588468216,4.558030210091242e-05,0.0011014553055804857,0.00043077555693432455,0.000615608484479217,0.0005299322289933152,4.202821655379748e-05,0.00033145406926580784,0.0008783251678833558,0.0009076701963613489,0.002057218851656003,0.001927165773539774,0.00040513120452123034,0.0005741081271603941,0.011739490323415813,0.001732347229329164,0.0010099131763192158,0.0002662954007394865,0.00040771038193669124,0.0,0.00016976210642121413,0.0002164032377158044,5.13030435282347e-05,0.0004104250653283449,0.0022957295023550233,0.0006241872296838909,0.11659733212801171,0.0008828537680995075,0.08495865197942917,0.0005931554834208682,0.002178786657337325,0.007524525919672572,0.043896187070954745,0.023207828595646785,0.061745834504995524,0.004764755333711231,0.09471846081143578,0.0009673868289872802,0.0008100835556013775,0.1851743076007574,0.007394015884775812,0.005695207461025058,0.002584493649574847,0.0012855288593566767,0.006353161588671619,0.0059954325752330905,0.08273609655075975,0.0006661901401997421,0.013990128882400728,0.0,0.0007783316163792506,0.00014622632734723732,0.0014986470599418302,0.0003470150168005559,0.0005407909669497217,0.0004784614009595525,0.0,0.001092020462859207,0.004796248328374064,0.0,0.00016538362337683378,0.0,0.0025589671818671083,0.00016626286809946037,0.00017480950820735519,0.0007296035396363998,0.0,0.0003417081370499616,0.0,0.0,0.005927424112308891,0.00021617343048252504,4.8400913193416126e-05,0.00018194538392415398,0.0007009501277857426,0.000456250896310098,0.00017381045207444886,0.0012019301613076384,0.0001712382626171798,0.0,0.0023856290841634716,9.183020271849127e-05,0.00040307600486420175,0.0004812532801451874,0.00017294704673486967,0.0031009370616084733,0.00039853040980804624,0.00036923195824131407,0.0010850713056635,0.00016766829255586047,0.0006601187245641066,0.00040736782925205543,0.0001918154773048438,0.0003926455466384819,0.00021026326204828962,0.00014832806112789678,0.0013462418760149838,0.0017315264235008574,0.0,0.0025514857579304858,0.0004493397613349177,0.0,0.002077243382940714
227,0.0003276904424541723,0.0,0.0003230130684058079,0.00031348786699807917,0.0,0.0,0.0,0.0,0.0012571138475833228,0.0,0.0,0.0,0.0,0.00026742091491502,0.0,0.0,0.0,0.001647402364943111,0.0003178581709657626,0.00107732922693915,0.0,0.0005608947568751441,0.01631787129825899,0.0,0.0,0.008881491453633289,0.000521599575781446,0.0018841854554259403,0.0012175883549846564,0.0,0.0,0.0005779485424768889,0.0,0.0,0.0,0.0,0.0,0.00051644986079753,0.0009425385534118779,0.0,0.0,0.0008893803343308846,0.0,0.0,0.0,0.0,0.0,0.00030889180815641656,0.0008354706726796824,0.0023904827022545308,0.0005772959031039005,0.00021405866893301045,0.0,0.0,0.0011966056247453508,0.0,0.0015563609226907594,8.990044894228587e-05,0.0006328612345175941,0.0,0.0,0.0,0.0,0.0,0.0,0.0,0.0002175212107633393,0.0,0.0,0.0,0.0,0.0,0.00040649165103841186,0.0,0.0,0.0,0.0,0.0,0.0,0.0,0.0,0.0,0.0,0.0,0.0,0.00036802104728116304,0.0,0.0,0.00027621620898927627,0.0,6.805474801370558e-05,0.0,0.0002929674615403939,0.0,0.00031836047912682736,0.0002912052891777154,0.0014006146663056369,0.0,0.00025464649405183474,0.0,0.0007259398549779821,0.0,0.0,8.359715923748682e-05,0.0,0.0,0.0,0.0,0.0002863253426423097,0.0,0.0,0.0006640965286857324,0.0,0.00028742174654687483,0.00032061340232250775,0.0,0.0002755910633177584,6.731172937317311e-05,8.148673226513298e-05,0.0,0.0,0.0,0.0003181736080629735,9.051783834874061e-05,0.0003210671774522346,0.0013863350179643848,0.0,0.000849034313440628,0.0,0.00028084884691802225,0.0,0.0006286619914094947,0.0,0.0,0.00010684930905658282,0.00032201331017929057,0.0,0.0,0.0,0.0,0.0,0.0003345727358996573,0.0,0.0,0.0,0.0018671712179831564,0.0,0.0,0.0,0.0,0.0,0.0002652233769661632,0.0006462815364644236,0.00025361567926920296,0.0,0.0,0.0,0.0,0.0,0.0,0.0,0.0,0.0,0.0006214277232575366,0.0,0.0003043140156470955,0.0002817437532270416,0.0,0.00028664161418891964,0.0,0.000306631110944318,0.0,0.0,0.0,0.001044588991264671,0.0,0.0,0.0,0.0005526377265624759,0.0,0.00033987260753244976,0.0,0.0,0.0,0.0,0.0,0.0,0.0,0.0,0.0,0.0,0.0,0.0,0.0003210671774522346,0.0,0.0,0.0,0.0,0.0,0.0,0.0,0.0,0.0,0.0003334563357160576,0.0,0.0,0.0,0.0006555168752940814,0.0,0.0002755910633177584,0.0,0.0003228396914403334,0.0,0.0,0.0002587818714740728,0.0,0.00027710422330296826,0.0,7.810238957255833e-05,0.0008843108901693115,0.0,0.0006309466813100945,0.0,0.00032559942112300613,0.0,0.0,0.0012252324386074589,0.0,0.0,0.0,0.008576102250870332,0.0045400226445428985,0.007293253051127478,0.2646368638842577,0.0013988706745024636,0.03105375095849588,0.0005839108694294842,0.0027873727929240305,0.0,0.08387032086272377,0.09032228210911203,0.01483202781839689,0.3444346093020414,0.0,0.027005077486852533,0.000306631110944318,0.0003255348766325516,0.024791063158445977,0.00010684930905658282,0.0,0.00032986291926782874,0.0037372295070048933,0.0,0.00034916315466349717,0.0030140305755629133,0.0,0.0,0.002748856366979789,0.0003123071513488491,0.0003935012660115259,0.0013426959667249055,0.004418234612254324,0.0009342432819801159,0.0005984083665500976,0.0,0.00030850988079067406,0.0,0.0,0.0,0.0003255348766325516,0.00031489428112729725,0.0,8.11095871423142e-05,0.001361309268417299,0.0012436343351361098,0.0,0.001168432631573294,0.0001896170775239215,6.757637599493827e-05,0.0005698579052753463
228,0.0,0.0019491999319431784,0.0076785579707391045,0.0,0.04946710555538304,0.0,0.0,0.0,0.0,0.0,0.0,0.0,0.0,0.0025702464238972814,0.0,0.0006133068935977553,0.0,0.0017648096960875524,0.0,0.0013000556068306008,0.0,0.0001283402198619249,0.006407062643243099,0.0,0.0,0.0017149710917152292,0.0019788104421762554,0.0006323392714944288,0.0013197505725832989,0.0,0.0,0.0,0.0,0.0,0.0,0.0,0.0,0.0,0.0,0.0,0.0,0.0006540810994131212,0.0,0.0,0.0,0.0,0.0,0.0013510493000151629,0.0,0.0006313502348426453,0.0006403148755251528,0.0,0.0,0.0,0.0011120734654112162,0.0,0.0004771596278596253,0.0,0.0,0.0,0.0,0.0007353473512421637,0.0,0.0,0.0,0.0011601720423953224,0.0007229629393155476,0.0,0.0,0.0,0.0,0.0,0.0,0.0,0.0,0.0,0.0,0.0,0.0,0.0,0.0,0.0,0.0,0.0,0.0,0.0,0.0,0.0,0.0,0.0,0.0,0.0,0.0,0.0,0.0,0.0,0.002710724071598724,0.0,0.0,0.0,0.0,0.0,0.0,0.0005114535478712535,0.0,0.0,0.0,0.0012819420193285916,0.0,0.0,0.0,0.0,0.00043207908899538564,0.0,0.0006129358335501907,0.0,0.001210040230417913,0.0,0.0,0.0,0.0,0.0005317726207875383,0.0,0.0012768605541707832,0.00128321429916944,0.0,0.0,0.0,0.0,0.0,0.0,0.0,0.0,0.0,0.0,0.0,0.0,0.0,0.0,0.0012746579757345806,0.0,0.0005897194758357115,0.0,0.0,0.0,0.0,0.0006351290745751488,0.0,0.0,0.0,0.0,0.0,0.0,0.0,0.0,0.0,0.0,0.0,0.0,0.0,0.0,0.0005941072546443786,0.0,0.0,0.0,0.0032904130348275196,0.0,0.0,0.0006417727862936491,0.0006432984705725225,0.0,0.0006446079627161861,0.000641441512875791,0.0032185323493915874,0.0005804210069095028,0.0,0.0,0.0,0.0,0.0,0.0,0.0005816101811457229,0.0,0.0,0.0,0.0,0.0,0.0,0.0,0.0,0.0,0.002567358495413168,0.0,0.0012664627954727821,0.0,0.0,0.0,0.0,0.0,0.0,0.0,0.0,0.0,0.0,0.06784481551560394,0.0,0.012006952498234993,0.0012487245435959275,0.0,0.0,0.0,0.0006977251043902571,0.000636344942842489,0.002241516975636269,0.012973124777986613,0.0,0.0,0.009086272270264966,0.0,0.013312005537261957,0.0,0.002574160646655651,0.0006944660805220603,0.0007129939513891089,0.00017157296671822312,0.00128321429916944,0.0025533051255610937,0.0026275467399168224,0.0,0.0,0.0004892946188846041,0.0011265384784821893,0.0,0.002582496066317631,0.0013986480331267877,0.0138321338925529,0.0006349231605980141,0.0013092210705527491,0.0009281283436768792,0.0038058913236603017,0.0006043780961438207,0.0012872642214749696,0.0006323472524244922,0.0,0.0018461743764529325,0.015312021584988235,0.029903322266910563,0.0203721411110852,0.2516628578366933,0.0,0.0,0.0,0.001030824356727158,0.007088151479368545,0.002805113832595303,0.0,0.0,0.347597230926677,0.0006423261275062597,0.012156181384292902,0.0005382706055684193,0.0,0.009542432117634931,0.0,0.0008086381477927935,0.003630053227166468,0.0017470890519536825,0.0,0.0,0.00061113817362657,0.0006416521936980516,0.0006003118223878038,0.0,0.006318655246887435,0.0031098735877675954,0.0,0.0025329792789237616,0.003666591352630905,0.0006417727862936491,0.0038685686928545955
229,0.0,0.0,0.0,0.0,0.0,0.002164707569136521,0.0,0.0,0.0,0.0015818559121162303,0.0,0.0,0.18805760949242176,0.0,0.0,0.0,0.0,0.0,0.0,0.0,0.0,0.0,0.03051674952693339,0.0,0.0,0.004591141371697838,0.005606916050797012,0.0,0.0,0.0,0.0,0.00203759291422168,0.0,0.002166550004408688,0.0,0.0,0.0,0.0,0.0,0.0,0.0,0.0,0.0,0.0,0.0,0.0,0.0,0.0,0.0,0.0,0.0,0.0,0.0,0.0015267004564824159,0.0,0.0,0.0,0.0,0.0,0.0,0.003639317899646705,0.0,0.0,0.0,0.0,0.00043331464978385294,0.0,0.0,0.0,0.0,0.0,0.0,0.0,0.0,0.0,0.0,0.0,0.0,0.0,0.0,0.0,0.0,0.0,0.0,0.0,0.0,0.0,0.0,0.0,0.0,0.0,0.0,0.0,0.0,0.0,0.0,0.0,0.0,0.0,0.0,0.0,0.0,0.0,0.0,0.0,0.0,0.0,0.0,0.0,0.0,0.0,0.0,0.0,0.0,0.0,0.0,0.0,0.0,0.0015747004647910022,0.0,0.0,0.0,0.0,0.0,0.0,0.0015222053583158791,0.0,0.0,0.0,0.0,0.0,0.0,0.0,0.0,0.0,0.0,0.0,0.0,0.0,0.0,0.0,0.0021072554316790807,0.0,0.0,0.0,0.0,0.0,0.0,0.0,0.0,0.0,0.0,0.0,0.0,0.0,0.0,0.0,0.0,0.0,0.0,0.0,0.0,0.0,0.0,0.0,0.0,0.0,0.0,0.0,0.0,0.0,0.0,0.0023678114338260624,0.0,0.0029924731479816988,0.0,0.017610962147982624,0.0,0.0,0.0,0.0,0.0,0.0,0.0,0.0,0.0,0.011207958087876918,0.0,0.0,0.0,0.0,0.0015331819211603435,0.002116768820007654,0.0,0.0,0.0022532240683866517,0.0,0.0,0.0,0.0,0.029616823062928108,0.0,0.002075971790649863,0.0,0.0,0.004459464231071578,0.0,0.0,0.0026918115148447004,0.0021665732489192686,0.00450897459503696,0.0,0.2888718283381062,0.004425912221558551,0.004325293725714099,0.0,0.0,0.0020930059088216323,0.0,0.0,0.023617066578736218,0.0,0.09975961807776687,0.016345052665435025,0.0,0.0,0.012037905489033511,0.002104317939683318,0.0,0.0,0.0,0.0,0.0,0.0014707993461901792,0.05334397575099745,0.0022362618010580075,0.0084520318348589,0.0,0.0,0.0029225862387147463,0.0,0.0,0.0043563977216248785,0.004290764697704548,0.002326202985581361,0.0,0.0,0.012537648261554958,0.0,0.0,0.0,0.0,0.001459674766706394,0.0,0.004468017072041498,0.11321557477328306,0.0,0.0,0.0,0.0,0.0,0.0,0.0,0.0,0.0,0.0,0.0,0.0022114486317241205,0.0,0.0,0.0,0.0,0.0,0.0,0.0,0.0,0.0,0.0,0.0,0.0
230,0.0,0.0,0.0,0.0,0.0,0.0,0.0,0.0,0.0015918999117972615,0.0,0.0,0.0,0.0,0.0,0.0,0.0,0.0,0.0013281954982759215,0.0,0.0,0.0,0.0,0.006714949309268493,0.0,0.0,0.003955882562989262,0.0,0.0,0.0,0.0006434117141363889,0.0012682011154390945,0.0,0.0,0.0,0.0,0.0,0.0,0.0,0.0,0.0,0.0,0.0,0.0,0.0,0.0,0.0,0.0,0.0006267143810557413,0.0,0.0007959499558986308,0.0,0.000660905926644431,0.0,0.0,0.000666759835563523,0.0,0.0006623409057438295,0.0,0.0,0.0,0.0,0.0007062752750232132,0.0,0.0,0.0,0.0,0.0,0.0,0.0,0.0,0.0,0.0,0.0,0.0,0.0,0.0,0.0,0.0,0.0,0.0,0.0,0.0,0.0,0.0,0.0,0.0,0.0,0.0,0.0,0.0,0.0,0.0,0.0,0.0,0.0,0.0006588054195639877,0.0,0.0,0.0,0.000681956597735731,0.0,0.0,0.0,0.0,0.0,0.0,0.0,0.0,0.0,0.0,0.0,0.0,0.0,0.0,0.0,0.0,0.0,0.0,0.0,0.0,0.0,0.0,0.0,0.0,0.0,0.0,0.0,0.0,0.0,0.0,0.0,0.0,0.0,0.0,0.0,0.0,0.0,0.0,0.0,0.0,0.0,0.0,0.0,0.0,0.0,0.0,0.0,0.0,0.0,0.0,0.0,0.0,0.0,0.0,0.0,0.0,0.0,0.0,0.0,0.0,0.0,0.0006250892417631832,0.0,0.0,0.0,0.0,0.0,0.0,0.0,0.0006853949285871477,0.0,0.0,0.0,0.0,0.0,0.0,0.0,0.0,0.0,0.0,0.0,0.0,0.0,0.0,0.0,0.0,0.0,0.0,0.0,0.0013821385682850351,0.0,0.0,0.0,0.0006659000663388374,0.0,0.0,0.0,0.0,0.0,0.0,0.0,0.0,0.0,0.0,0.0,0.0,0.0,0.0,0.0,0.0,0.0,0.0,0.0,0.0,0.0,0.0,0.0,0.0,0.0,0.0,0.0,0.0,0.0,0.0,0.0,0.0,0.0,0.11122132069546325,0.0006588054195639877,0.000221928895642729,0.0,0.10858589119063766,0.10744762371372514,0.4127592220296852,0.0015448320643446775,0.012083388843404253,0.0,0.005189288224606971,0.0,0.007206347289964456,0.001306002160925817,0.0031706241834621256,0.09198111636414139,0.0,0.0,0.0006853311293002984,0.0,0.047765390081190594,0.0,0.0,0.0,0.04895730243377595,0.0,0.0,0.003911635463912828,0.0,0.0,0.0,0.0,0.0005993564463203723,0.003975073795891532,0.005105042837956458,0.0,0.0,0.0,0.0,0.0,0.0,0.0,0.0,0.0,0.0006338796053168709,0.0,0.0,0.0006698259166578671,0.0,0.0,0.0,0.0,0.0
231,0.0002065145397627194,0.0,0.0007771845797389246,0.00013931178269851682,0.00036471612411897184,0.0,0.0,0.0,0.14153861363797463,0.0007656262524104141,0.0,0.0,0.0,0.0,0.000389266930597845,0.0,0.0,0.0006513829837144852,0.0,0.00040261252279193333,0.0,0.00020449787962735212,0.009658749529090039,0.0,0.0,0.0006208890610553868,0.0005559362249934412,0.0004159282859598541,0.001664737421644334,0.0,0.0003795605190678136,0.00021373988798225208,0.0,0.00020749922797811519,0.0001518210143834428,0.0,0.0,0.0,0.0008611174481427564,0.0,0.0,0.0006625246818736241,0.0,0.0,0.0002121945067613031,0.0002091439137800092,0.0002108456015435057,0.0004264010220600371,0.00037800285931815006,0.0018073150875978106,0.0067308228390341365,0.0,0.0,0.0012855571778571059,0.0028842717447798336,0.0002589686766416936,0.038199011870302266,0.00014498594200384554,0.0,0.0038886360961658344,0.0005439921145989531,0.0007711800147106696,0.0,0.0,0.0,0.0,0.0,0.0,0.00013227412702751198,0.0002114282036509388,0.0,0.0,0.0,0.0,0.0004255279314377868,0.0,0.0002086832417900355,0.0,0.0002191885091721116,0.0,0.0,0.0,0.0,0.0,0.0,0.0,0.0,0.0,0.0,0.0,0.0001729862706058383,0.0,0.0,0.0,0.0,0.0,0.000587080161540087,0.0,0.00014020630281917276,0.0,0.0,0.00021627527430703549,0.00021434926799741348,0.00020366867947002915,0.0,0.00021098828779355714,0.0003715682464798479,0.0005122990915035883,0.0,0.0,0.0,0.0006574889169243455,0.0,0.0006545673201050818,0.0,0.00014447847666361417,0.0,0.00019953216841569026,0.0,0.0,5.43174869799808e-05,0.0003826674720514737,0.0,0.0,0.0,0.0014175480229328375,0.0,0.00038180163565885837,0.0,0.0,0.0,0.00021482330502310045,0.0,0.0,0.0,0.0,0.0,0.0,0.0,0.00021721215174638593,0.0,0.00039087448986684174,0.0,0.0,0.0,0.0006323714237534911,0.0,0.0003037876084889082,0.0,0.0,0.0,0.0,0.0,0.0,0.0,0.0,0.0,0.00019405019309637437,0.0,0.0,0.0,0.0,0.00011057646510045692,0.0,0.0,0.0,0.0,0.0,0.0,0.0,0.0,0.0,0.0002025873171928077,0.0,0.0004014957942317751,0.000218371037866822,0.0002932487251828375,0.0,0.000633973119711547,0.0,0.0,0.0,0.00019247349135124715,0.0002034778330904202,0.0,0.00020571476784207645,0.0,0.0,0.0,0.00034637577142468477,0.0,0.00020943597715119313,0.0,0.0001497094396590773,0.0,0.0,0.0,0.00021537956450554084,0.0,0.0,0.0,0.0,0.0,0.0,0.0002150798774359818,0.0,0.0,0.0,0.0,0.0002112248509542748,0.00022256147576015913,0.00020548314683096157,0.0,0.0,0.0,0.0,0.0,0.0003345564746897474,0.0,0.00042553170059422894,0.0,0.0,0.0,0.0,0.0,0.0,0.0004339964629631461,0.004167265602690832,0.00021213369974333002,0.0,0.021711674408855776,0.0,0.039622897579859484,0.005364457805275324,0.0006664126466001348,0.005765695388623092,0.0,0.0,0.00041186936577546464,0.002169946922184561,0.0006350457281515733,0.0013034218340745797,0.015228293155172686,0.0,0.0009739176411797957,0.0,0.00021685872281842307,0.5145622025440084,0.00020328413151289492,0.0,0.00022862529137816914,0.06538597067120226,0.0006644528110613979,0.00025340200390195033,0.0022279517579743818,0.00022924093392997385,0.0010257879773699888,0.0011774330795823846,0.00042192360536748584,0.0024651034446245826,0.07406213096231186,0.0011122689190615918,0.0,0.0003448322929454708,0.00021610764629038197,0.0004579245823877697,0.0,0.00022063170109123644,0.0,0.00023094426200495844,0.0002091439137800092,0.00021042906622691147,0.0,0.0004118920762183047,0.0004277313155246489,0.0,0.0004965043541735099,0.00021771346957513143,0.0,0.00019961912188643812
232,0.0,0.0,0.00031067589027922095,0.0,0.0006514672113428487,0.0,0.0,0.0,0.001126608336424039,0.0,0.0,0.0,0.00015761363107988258,0.0,0.00015578284692372696,0.00015492606120647218,0.0,0.000740588472924226,0.0001068796629649902,0.000879028909479435,0.0,0.0004395440443632777,0.004799680326689834,0.00014025915511798294,0.0,0.0023962731205684814,0.0007527492436981436,0.0003036915590285727,0.0006334043027398261,0.0003561268845377959,0.00011958597276848997,0.00024671257109488477,0.0,0.0,0.0,0.0,0.0,0.0,0.0005580189043696753,0.0,0.0,0.00031038547884544435,0.0,0.0,0.0,0.00037828221051229224,0.0,0.00039691576867785505,0.0,0.0005154550319050814,0.0006562971582889551,0.0003001016782861261,0.0,0.0,0.0003288398998685119,0.00015498529691188647,0.00014747331130527931,0.0,0.0,0.0,0.0,0.0,0.0,0.0,0.0,0.00011327138381996665,0.00030186251355520505,0.0,0.0,0.0,0.0,0.0,0.0,0.0,0.0,0.0,0.0001393684094444956,0.0,0.00014159732013923118,0.0,0.00012831476758630895,0.0,0.0001403855226244811,0.0004368461250213874,0.0,0.0003086703677896132,0.0,0.0,0.0,0.0,0.0,0.00014938176256866742,0.0,0.0,0.0,0.0,0.00015206363618527167,0.0,0.0,0.00014819009373004765,0.0003526841350277712,0.0,0.0,0.0,0.00043374682415316937,0.0,0.0,0.0,0.0,0.00028718408760842286,0.0,0.0,0.0002562522165662468,0.00013848770470957785,0.000603905521289975,0.00015268657780369199,0.0,0.0,0.00016266647502410648,0.0,0.00013259383770272386,0.0,0.0,0.0,0.0,0.0006238979447322637,0.0,0.0,0.0,0.0,0.0,0.0,0.0,0.0,0.0,0.00015585719081138055,0.0,0.0,0.0,0.00014495960581553715,0.0008035683516872322,0.0,0.0,0.00023842625969749788,0.0,0.0008988687750937917,0.0,0.0,0.0,0.0,0.0,0.0,0.0,0.0,0.0,0.00012768459634815733,0.0,0.00015293388635173862,0.0,0.0,0.0,0.0001501370267764224,0.00015005507591373362,0.0,0.0,0.000552863078105022,0.0003021811238106763,0.0,0.0,0.0,0.00015209556830581984,0.00015956860630617287,0.0,0.0,0.0002241163107065623,0.0,0.0,0.00016436319241625982,0.0,0.0,0.0001571306391438776,0.0,0.0,0.0011413486437622002,0.0,0.0,0.00015788358572876903,0.0,0.0,0.00022769324267192273,0.00031436533129803045,0.0,0.0,0.0001523747886545368,0.0,0.0,0.0,0.0,0.0,0.0,0.0,0.0,0.00016125116216336675,0.00015617091695021329,0.0002471892472835771,0.0,3.898468765442003e-05,0.00014938176256866742,0.0,0.00015124429956248132,0.0,0.0,0.00030372780219576695,0.0001537490282250147,0.0,0.0,0.0002384818301177724,0.0004453938763778048,0.00029321097494065286,0.00019271088092421312,0.0,0.00015314244675184889,0.00015156620185123766,0.0,0.0,0.0001393684094444956,0.0004587282040882161,0.011062406118406164,0.0004437027109139632,0.0,0.020781807325597448,0.04517189946187849,0.0,0.10415814882253836,0.0006876251451402578,0.07534078102191377,0.0,0.0008918671793689459,6.828324761391041e-05,0.002968696986241967,0.0014802122516773815,0.0005407123493725278,0.0024637274422336553,0.00013207996960707023,0.0005764481504602156,0.00015323186243733307,0.0002715180803069686,0.5632469877196143,0.0006454496839079961,0.0,0.0,0.0009347835294715174,0.00019008922508630244,0.0009254102311553572,0.00463968563597498,0.0,0.0002698655128594181,0.0016425253433651628,0.0,0.028340743777365354,0.0027802739781671343,0.09205596646688484,0.0008590425267302923,0.00015206363618527167,0.0,0.00031154344328054916,0.0001524561198139959,0.00011921312984874894,0.00041886853698895745,0.00015259806774200893,0.00014765293636704162,0.0,0.00014051103011258252,0.0002812142912860006,0.0003055768479900702,0.0,0.00030276618232979356,0.00015977175450255138,0.0,0.00014660548747032643
233,6.264690632363114e-05,0.0,0.0005098890442635661,0.0,6.471099151560674e-05,0.0,0.000262819871392473,0.0,0.0002032926688960877,0.0,0.0,0.0,0.0002565987094162981,0.0002571916640661531,0.0001928034832955621,0.0,0.00042496374995225626,0.0007408123805890162,0.0,0.0010079517835729,0.0002227983149711794,0.0,0.011048262650319279,0.0,0.0,0.003644399025849128,0.0009161170051730851,0.0008139596209185016,0.0012107724408356407,0.0,0.0004288957170651207,0.0,0.0,0.0,0.0,0.0,0.0,0.0,0.0002541353501460392,0.0,0.0,0.0,0.0,0.0,0.0,0.0,0.00026339912294240446,0.0007459523565475478,0.0,0.0005679160792211179,0.0005449447512518042,0.00026149795233162943,0.0,0.0002693741853397852,0.0007032778048376628,0.0002608488427360115,0.0004987250348729886,0.0,0.0,0.0002541353501460392,0.0002571195200776066,0.0005175854852148505,0.0,0.0,0.0,0.000226736263134758,0.0,0.0,0.0,0.0,0.0,0.0,0.0,0.0,6.838304103114262e-05,0.0,0.0,0.0,0.0,0.0,6.264690632363114e-05,6.526680050332032e-05,6.526680050332032e-05,0.0002231496771701573,0.0,0.0,0.0,0.0,0.0,0.0002571195200776066,0.00020021499601094415,0.0002527532432688384,0.0,0.0,0.0,0.0,0.0010273028486682701,0.0,0.0,0.00028283555651121303,0.0,0.00021724458838052292,0.00023043800070249722,0.000266171942162537,0.00019443221094169152,0.0,0.0,0.0002092650710269793,0.00019443221094169152,0.00025903479338029386,0.0,0.0,0.0008691217494799106,0.0,0.0004918115990287973,0.0008192715133267237,0.0002809841711069782,0.0,0.0002623336003602816,0.0,0.0,0.0005500493868927525,0.0002461651728918119,0.0,0.0,0.0013658506720282092,0.00025903479338029386,0.0003088779904878364,0.0,0.0,0.0,0.00017418135191477478,0.0,0.0,0.0,0.0,0.0,0.0,0.0,0.0,0.00023292576521950973,0.0002382155421712222,0.0,0.0,0.0,0.0007158736898715559,0.0,0.0,0.0,0.0002541353501460392,0.0,0.0,0.00045582889005259936,0.0,0.0,0.0,0.0,0.0,0.0,0.000226736263134758,0.0,0.0,0.0,0.0,0.0,0.0007678186611404356,0.0,0.00022210056663330015,8.588737910061941e-05,0.00042503425846298975,0.00018650848225593486,0.0004115060732570867,0.0002531397492013072,0.0,0.0013965800067790456,0.0,0.0,0.0,0.0,0.0,0.0,0.0,0.0,0.0002314456379408889,0.0,0.0,0.0006472686738920889,0.0,0.0,0.00024919960426167463,0.0,0.0,0.0,0.0,0.0,0.0,0.0,0.0,0.0,0.0,0.0,0.0,0.00019348680918871165,0.0,0.0,0.0,0.0,0.00019348680918871165,0.0,0.0,6.360990454440313e-05,0.0,0.0002831569773619087,0.0,0.0,0.0,0.0004230926352721852,0.0005350105653151963,0.0006640700243321253,0.0007243553757913427,0.0,0.0004749562447677288,0.0,0.0,0.0,0.0002618091984886587,0.0003361045895879606,0.31667261785710626,0.0005015956579683267,0.0,0.047847848271504095,0.002799413000806299,0.058961309268190015,0.0,0.0005889577977665916,0.24061415768149744,0.0002631753901994773,0.025777735363464005,0.0,0.13797495562791384,0.004512028654043906,0.003738191571434084,0.01984740517190062,0.0,0.00495966692080459,0.0005035034565362641,0.0,0.0383606848330673,0.00021575434344924422,0.0,0.0,0.000932393898684672,0.0002629953708110277,0.0005516157417543748,0.0025502907769602455,0.0,0.0002621755288467809,0.004091212979293741,0.0,0.002123258697206027,0.0009711255959213677,0.03181311427580671,0.00032603406275239817,0.0,0.0,0.000514072189861056,0.0,0.0,0.00023343608384125697,0.0,0.0,6.58812605253676e-05,0.0,0.00029551840874066137,0.0004714599057489105,0.0,0.0005293221502537205,0.00025637721934013515,0.0,0.0008591969229204303
234,0.0005015695302288212,0.0,0.0009804202935727382,0.0011486583598572806,0.0,0.0,0.0,0.0,0.001007701485053187,0.004588230350261944,0.0,0.01541148481452285,0.055708275078956905,0.0001833407879733836,0.0007356841447991409,0.0,0.0,0.002384088660544843,0.00032265598128730926,0.0014177706638977441,0.00033976295648988243,0.00044226486982471263,0.02616863352382345,0.0,0.0003314521469148676,0.0030840569768132704,0.002224839078896518,0.0003552031966949373,0.002817048706470955,0.0003441247947333341,0.003257542734281014,0.0007998459654957478,0.0,0.00044520214190698227,0.0,0.0006293929623686216,0.0,0.0002591285314898831,0.0011916665923923952,0.0,0.00035939031582911315,0.0013086206366794367,0.0005859433984338635,0.0009445178284373316,0.0,0.0003408224515345164,0.0,8.463997968939368e-05,0.0,0.0018501749559618548,0.0007604708739367178,0.0011784037746494786,0.0,0.0011212500308223035,0.0010837048595752992,0.0,0.0006588560126696974,0.0,0.0003169937740667672,0.0,0.0006245211836915278,0.00036610751059519244,0.0,0.0,0.0,0.0010108781289068678,0.0005209979339432576,0.0,0.0,0.00029061057828917795,0.0,0.0,0.0,0.0,0.000932788628040789,0.0,0.0004127354689927113,0.0003424793255208262,0.0,0.0,0.00027963619338297434,0.00022247999745135657,0.0008260376661728922,0.00037510139106511554,0.0,0.0,0.0,0.0,0.0,0.0,0.0009982991658371181,0.0012474570917877842,0.00033976295648988243,0.0,0.0,0.0005159635780698482,0.0014773095116404362,0.0,0.0003838855341486089,0.0,0.0,0.00031952482330845566,0.00034704019989693024,0.0,0.0,0.0,0.0,0.0,0.0,0.0,0.0,0.0,0.0,8.708295582963807e-05,0.0008628237473387436,8.420485777072757e-05,0.0002670984859420191,0.0,0.0,0.0,0.00017944877892515487,0.0,0.0002694687153862263,0.0,0.0,0.0029126793225206127,8.473578967645566e-05,0.0006295717812058825,0.0,0.0005920052551155208,0.0,0.0014521863978792366,0.0,0.0,0.00034104228345819735,0.0,0.0,8.584056940585312e-05,0.00034519225289425716,0.0002524095060061325,0.0,0.0,0.0002353885031146005,0.0,0.0,0.0010951698091488243,0.0,0.0,0.0002670984859420191,0.0,0.0,0.0005647751616515354,0.0006164915592888288,0.0,0.0,0.0,0.0,0.0,0.0,0.0,0.0,0.0,0.0,0.0,0.0,0.001205804363594946,0.0002506460035397405,0.0,0.0019099059285607434,0.0,0.0010171546142694451,0.0014350676367610978,0.000319070709256594,0.0003314521469148676,0.004776071767225286,0.0,0.003616776465663331,0.0,0.0,0.00040933848316929963,0.004427133920845686,0.00017722694987607108,0.0,0.00019286475801632893,0.00029061057828917795,0.0,0.004276963529637802,0.0006157342236628469,0.0003460238990439481,0.0006527859259939974,0.0,0.00034271584674747,0.0010366294892651057,0.000764944173463016,0.0,0.0,0.00017944877892515487,0.00033072140810382354,0.0002564788824873473,0.0,0.0011444091564553184,0.0,0.00035100792622524296,0.000701597926407887,0.0,0.0,0.0008488606585568037,0.00044003784389591463,8.745465476161502e-05,0.00023247868455866715,0.0,0.00030954893934432193,0.0,0.0003941889190337156,0.0008712957893859256,0.00035640918424345775,0.0003732840375631643,0.0018812692959007972,0.0005138861625693446,0.0010485161306397817,0.0001756474390922473,0.0007995967776974481,0.0016171853725741076,0.0,0.00036194574304341485,0.0005734312786534743,0.00667817275273167,0.0025368167145803453,0.0,0.006732183102541957,0.0002701264085790338,0.003035778061327645,0.0015250200657153038,0.0007926552681382291,0.0,0.004753704653562175,0.23197563113500488,0.0,0.002168780662778396,0.002182962657121223,0.0,0.000972683226371853,0.000682687197462762,0.2224512111566474,0.0010019180915128024,0.007769815308142549,0.0005549279450575705,0.01916545474391094,0.0002780049983701225,0.05330643240780653,0.02305911243296533,0.0,0.0038588763245358017,0.0003032011846024908,0.012757981204381964,0.007560872625619376,8.972438946257743e-05,0.0029542814429738963,0.16512838814179231,0.0014241333039550638,0.0012654516916956295,0.0006929119095638995,0.0018974585717897315,0.0,0.0,0.0014316457299838553,0.0008864399015383229,0.0,0.0,0.0,0.00023276024922187658,9.763257061448805e-05,8.709601878101173e-05,0.0012363844330992926,0.001178649404371818,0.0,0.0009191895443723537,0.0,0.0,0.0011270546558290074
235,0.0,0.0,0.0021946343136054003,0.0,0.001712785513279079,0.0,0.0,0.0,0.0019091991456624382,0.0009493619197777056,9.430895783683363e-05,0.0,0.0030577204982590324,0.0003127624361186802,0.0004393386471545401,0.0,0.0,0.0012412621403804494,0.0008673910373619724,0.001755331009505819,0.0,0.0007532693716768292,0.028495968688337075,0.0,0.0,0.00349710402436084,0.002739568436709094,0.0024441120408341074,0.002609399087942902,0.0002458741004503303,0.00021363315929363578,0.0,0.0,0.000317765356749157,0.0,8.082509402646812e-05,0.0,0.00016969479006674246,0.0,0.00031461484695021494,8.082509402646812e-05,0.0017204987773222402,0.0,6.272740869511539e-05,0.0,7.482686376513851e-05,0.0,0.000717540864140116,0.0,0.0007481428165443197,7.820053706799758e-05,6.588283895718704e-05,0.0,0.0006834730955201402,0.001224045268499359,0.0005959995660728604,0.0,0.0002518917402014327,0.0,0.0014720194385588027,0.0,8.837074618048792e-05,0.0,0.0,0.0,0.0004050129790329889,0.0,0.0,0.0,0.0003233806853173618,0.0,0.0,0.0,0.0,0.0,0.0,0.0,0.0,0.00022682161702459983,0.0,0.0005654627895337345,0.0,0.0004789824430758559,0.0003753810218415418,0.0,0.0,0.0,0.0,0.00022130362840647213,0.0,0.0,7.625500231738593e-05,0.0,0.0,0.0,0.0,0.0019643507712162234,0.0,0.00030076996968579747,0.0,0.0004530841822340775,0.0,0.00023991810933847877,0.0,0.0,0.0,0.0,0.00033885333217676777,0.0,0.0014860301346928484,0.0,0.0,0.0002887870691985794,0.0008470566016052831,0.0005469135179662825,0.0005940653007195525,0.0,0.0,7.646589475622864e-05,0.0,0.0,0.00046014093896159104,0.0,0.0,0.0003064629766320523,0.0017699896339976606,0.0,0.0,0.0,7.422106306695207e-05,0.0,0.0010546069558997103,0.0,0.0,0.0004832617754029167,0.0009603656237779253,0.00023621575273640892,0.0,6.588283895718704e-05,0.0,0.0,0.0,0.0,0.0,0.0,0.0012165613126364722,0.0,0.0,0.00031461484695021494,0.0,0.0,0.0,0.000604623216888425,0.0,0.0,0.00032316673537187554,0.0,0.0,0.0,0.0008427860071028399,0.0,0.0,0.0,0.0011963576021443408,0.0,0.0003748807444433834,0.0,6.272740869511539e-05,0.0,0.0,0.0,0.00032138702381339165,0.0,0.0003200672513529488,0.0014340782950872284,0.0,0.0,0.0,0.0,0.0003819766010735035,0.0,0.0,0.0,0.0005443026898150593,0.0,0.0,0.00040038311577229093,0.0005507830100994703,0.0,0.00031637309772255276,0.0,0.00027367526137493344,0.0,0.0009534597914486301,0.0,0.0,0.0,0.0,0.0,0.0,0.0011806035614671288,0.00020013034179594427,0.0004011852480114236,0.0,0.0002590922091989033,0.0,0.00031363704347557825,0.0,0.0,0.0,0.0,0.0010862993857508403,0.0,0.0,0.0005556455244549783,0.0,0.0,0.006225678187898402,0.0,0.00031093792000999625,0.0,0.0009482472662142394,0.0,0.0,0.0005276315113152502,0.0,0.0031730124864834215,0.02518508363391109,0.0020266040167363306,0.0,0.0011553498553735551,0.0032558424481822583,0.041522428806423976,0.29189501890808034,0.0008059180337877324,0.0,0.0,0.01168462659431822,0.0004090908451257193,0.02833557809161474,0.0036485222804707156,0.0024279279714589912,0.006139534160704105,0.0,0.005452977817223259,0.0002932243155847592,0.0007131483796808913,0.06810566236374314,0.0032577277451328983,0.0006853598480311097,0.0005171841934215634,0.0010617385795590266,0.0,0.011631852538140537,0.005004308401808181,0.0,0.00031461484695021494,0.02035941493620626,0.0005972118911230992,0.014883512492772541,0.0016501874783367155,0.319280472962715,0.004191148382053224,0.002097003506704852,0.0,0.001595267548354465,0.0,0.00026735305635084826,0.0,0.00022130362840647213,0.0,0.005613829586731355,0.0010155600321561512,0.0010213807813733388,0.0008935525731127161,0.00032138702381339165,0.001959098298841212,0.00039755169556118076,0.0007466356565153633,0.002244086814076106
236,0.0,0.0,0.0,0.0,0.00047886530999538334,0.0,0.0,0.0,0.0015478271019697164,0.0004338424484201393,0.0,0.00228992435053572,0.008109670360727322,0.0,0.0016796577704934247,0.0,0.0,0.0,0.000546624815799263,0.001012208610026138,0.0,0.0,0.0061982861121368145,0.0,0.0,0.0005464453736905617,0.0005500414965448135,0.0,0.0005620687208166526,0.0,0.0011608014664706329,0.0,0.0,0.0005684011637075403,0.0,0.0005405389571402495,0.0,0.0,0.0007038314583770313,0.0,0.0,0.0005684011637075403,0.0,0.0,0.0,0.0011055141798783817,0.0,0.0,0.0,0.0,0.0,0.0,0.0,0.0,0.0,0.0,0.0005527473625733659,0.0,0.0,0.0,0.0011737390123855785,0.0,0.0,0.0,0.0,0.0004837171376261783,0.0,0.0,0.0005718881776884553,0.0,0.0,0.0,0.0005348054506879497,0.0,0.0,0.0,0.0,0.0,0.0,0.0,0.0,0.0,0.0,0.0,0.0,0.0,0.0,0.0,0.0,0.0,0.0,0.0,0.0,0.0,0.0,0.0,0.0,0.0,0.0005497624214794379,0.0005500414965448135,0.0,0.0,0.0005691943268737468,0.0,0.0,0.0,0.0,0.0,0.0,0.0,0.0,0.0,0.0,0.0,0.0005648601649121506,0.0005252308853600355,0.0,0.0,0.0,0.0,0.0,0.00046911405237163667,0.0,0.0,0.0,0.0,0.0,0.0,0.0,0.0020383236233362523,0.0,0.0,0.0,0.0,0.0,0.0,0.0,0.0,0.00039004625992390056,0.0,0.0,0.0,0.0,0.0,0.0,0.0005595107017446709,0.0,0.0,0.0,0.0,0.0,0.0,0.0,0.0,0.0,0.0,0.0,0.0,0.0,0.0,0.0,0.0,0.0,0.0,0.0,0.0013670052298175072,0.0005448617956873271,0.0,0.0,0.0,0.0,0.0,0.0,0.0,0.0016139205739675042,0.0,0.0011322569340400357,0.0,0.0,0.0,0.001105499588818945,0.0,0.0,0.0,0.0,0.0,0.0005500414965448135,0.0,0.0,0.0,0.0,0.0,0.000541195553365948,0.0,0.0,0.0,0.0,0.0,0.0,0.0,0.0,0.0,0.0,0.0,0.000506148846649868,0.0,0.0,0.0,0.0,0.0,0.0,0.0,0.0,0.0007123785188777574,0.0011125217740299293,0.0,0.0,0.001069822680363564,0.0,0.0020913275619804414,0.0,0.0,0.0,0.0,0.0,0.0,0.0,0.0005633363337941643,0.0,0.004019712005735238,0.0,0.0005364824359493037,0.0,0.0005404122752792861,0.7772649113098086,0.0,0.0,0.0005995300623204286,0.0005684011637075403,0.0016438054415161432,0.0,0.0,0.0,0.032452281671524495,0.0005418710712220225,0.06786510325345953,0.0005418710712220225,0.004627473820077366,0.0,0.004946831334940167,0.0015467830604886635,0.0004245721391787204,0.0010147224729927884,0.0,0.0005635669038306422,0.043152658920763545,0.0,0.0,0.004065183480440574,0.0005557698414957611,0.000546134609921787,0.0,0.0,0.0,0.0,0.0,0.0,0.0,0.0,0.0,0.0,0.0,0.0,0.0,0.0,0.0,0.0,0.0,0.0,0.0009356728322423565
237,0.0,0.0,0.0,0.0,0.0028741687014068366,0.0,0.0,0.0,0.0028355148056582223,0.0,0.0,0.0,0.0,0.0,0.0,0.0,0.0,0.0,0.0,0.0,0.0,0.0024955167529927165,0.013717036254102108,0.0,0.0,0.0029643708886487406,0.0032191197930288486,0.0026302128319023415,0.005693706912103668,0.0,0.002827304078403732,0.0,0.0,0.002844640164600682,0.0,0.0,0.0,0.0,0.002626898086840636,0.0,0.0,0.0,0.0,0.0,0.0,0.0,0.0,0.0,0.0,0.0,0.0,0.0,0.0,0.0,0.0026302128319023415,0.0,0.0026385822461082007,0.0,0.0,0.0028355148056582223,0.0,0.0,0.0,0.0,0.0,0.0028115451591819688,0.0,0.0,0.0,0.0,0.0,0.0,0.0,0.0,0.0,0.0,0.0,0.0,0.002635076628101425,0.0,0.0,0.0,0.0,0.0,0.0,0.0,0.0,0.0,0.0,0.0,0.0,0.0,0.0,0.0,0.0,0.0,0.0,0.002501949679548546,0.0,0.0,0.0,0.0,0.0,0.0,0.0,0.0,0.0,0.0,0.0,0.0,0.0,0.0,0.0,0.002936011854702797,0.0,0.0,0.0,0.0,0.0,0.0,0.0,0.0,0.0,0.0,0.0,0.0,0.0,0.0,0.0,0.002755730724151376,0.0,0.0,0.0,0.0,0.0,0.0,0.0,0.0,0.0029038671717692543,0.0,0.0,0.005554945971740409,0.0,0.0,0.0,0.002783298076433769,0.0,0.0,0.0,0.0,0.0,0.0,0.0,0.0,0.0,0.0,0.0,0.0,0.0,0.0,0.0,0.0,0.0,0.002951967519366696,0.0,0.0,0.0,0.0,0.0,0.0,0.0,0.0,0.0,0.0,0.0,0.0,0.0,0.0,0.0,0.0,0.0,0.0,0.0,0.0,0.0,0.0,0.0,0.0,0.0,0.0,0.0,0.0,0.0,0.0,0.0,0.0,0.0,0.0,0.0,0.0,0.0,0.0,0.0,0.0,0.0,0.0,0.0,0.0,0.0,0.0,0.0,0.0,0.0,0.0,0.0,0.0,0.0,0.0,0.0,0.0,0.0,0.0,0.0,0.0,0.0,0.0,0.011949808012833919,0.053372109471135645,0.0,0.006259275668333888,0.005736834704040683,0.0,0.014296012351483608,0.3786243237256679,0.0028362419370216206,0.09481144522217884,0.0,0.0,0.0,0.2790728829252121,0.0,0.0,0.002742049608634825,0.0,0.008702246516423272,0.0,0.0,0.03862686553904296,0.0,0.0,0.0,0.0,0.0,0.0,0.0,0.0,0.0,0.002904925709849772,0.0,0.0027325251820389477,0.0,0.0,0.0,0.005558466839465396,0.0027270137540399177,0.0,0.0,0.0,0.0,0.0,0.00279006912333633,0.005589711770906876,0.0,0.0,0.0,0.0,0.0,0.0,0.0,0.0
238,0.00031541421986832377,0.00114711519357198,0.0,0.0,0.00036869843160057157,0.0,0.0,0.0,0.0,0.0002547550533761992,0.0,0.0,0.0,0.0,0.0,0.0,0.0,0.0,0.0,0.0007176221829103517,0.0,0.00034440511870134367,0.003598871301745579,0.0,0.0,0.0002619661775890047,0.0003543654243026779,0.0004708254965679651,0.001466008563002664,0.0,0.0,0.0,0.0,0.0,0.0,0.0,0.0,0.0,0.0,0.0,0.0007728175564536569,0.0,0.0,0.0,0.0,0.0,0.00036658126326410273,0.0,0.0,0.0,0.0,0.0011132677952705168,0.0,0.0,7.587742284916269e-05,0.0,0.0,0.0,0.0,0.0,0.0,0.0,0.0,0.0,0.0,0.0,0.0,0.0,0.0,0.00021525413345100126,0.0,0.0,0.0,0.0,0.0,0.0,0.0,0.0,0.0,0.0002622379417768255,0.0,0.0,0.0,0.0,0.0,0.0,0.0,0.0,0.0,0.0,0.0,0.0,0.0,0.0003723025486381219,0.0,0.0,0.0,0.0,0.0,0.0,0.0,0.0,0.0,0.0,0.0,0.00036080781398000535,0.0,0.0004102980238140304,0.0,0.0,0.0,0.0007351218967037914,0.00038519079807768645,0.00035955624473258963,0.0,0.0,0.0,0.0,0.0003714674660975536,0.0,0.0,0.0,0.0,0.0,0.0,0.0,0.0,0.0,0.0,0.0,0.0,0.0,0.0,0.0,0.0,0.0,0.0,0.0,0.0,0.0,0.0,0.0,0.0,0.0,0.0,0.0,0.0,0.0,0.0,0.0,9.832032660373158e-05,0.0,0.0,0.0,0.0,0.0,0.0,0.0,0.0,0.0,0.0,0.0,0.0,0.0,0.0,0.0010219564980179525,0.0,0.00035716123108751137,0.0,0.0,0.0,0.0,0.0,0.0,0.0011113846792326601,0.0003532523288984334,0.000737673539569737,0.0,0.0,0.0,0.0,0.0,0.0,0.0,0.0,0.0,0.00036184555345737386,0.0,0.0,0.0,0.0,0.00027673889812032047,0.0,0.0,0.0,0.0,0.0,0.0,0.0,0.0,0.0,0.0,0.0,0.0,0.0,0.0,0.0,0.0003475974794506853,0.0,0.0,0.0,0.0,0.0,0.00036699196931417005,0.0002600317856862904,0.0002619661775890047,0.0,0.0012764460239552509,0.0,0.00030002266172892084,0.0,0.0,0.0,0.0,0.0,0.0,0.0007000131566294953,0.00037236132911483313,0.0,0.0,0.0,0.001988802255834648,0.002712652304234835,0.0006294015356215816,0.007037803809343654,0.0019343621789309178,0.0,0.0,0.0,0.0006634758029802044,0.0,0.0,0.0,0.030871094712670657,0.00019664065320746315,0.001127174127604804,0.0006595749197655311,0.060140314768422125,0.0006380795946838605,0.00031644378125521,0.0007337575729520461,0.00040054133828627006,0.12827578237798024,0.0007565531525712319,0.6959064372148187,0.0,0.031489899770524146,0.0008258113026251146,0.0006961695323961956,0.001730331713164696,0.002536706248385465,0.00045876897307628754,0.00034124502622130936,0.0,0.0,0.0,0.0,0.0003532523288984334,0.0,0.0003626848155832722,0.0007337575729520461,0.0003688367697848685,0.0,0.00036613208514319883,0.0007245272106836858,0.0,0.0007183928425952775,0.0,0.0,0.0
239,0.0,0.0,0.0018205905745682254,0.0008690592748674081,0.0,0.0,0.0,0.0,0.0,0.0,0.0,0.0,0.0,0.0,0.0,0.0,0.0,0.0010770726265934593,0.0,0.0,0.0,0.0,0.00829438383641078,0.0,0.0,0.0034285390403820367,0.0008323808116602738,0.0009213442339172387,0.0,0.0008559894225973878,0.0,0.0,0.0,0.0,0.0,0.0,0.0,0.0,0.0,0.0,0.0,0.0008199694546347636,0.0,0.0,0.0,0.0008924181579080042,0.0,0.0015005164267719413,0.0,0.0,0.0,0.0,0.0,0.0,0.0006424435769707117,0.0,0.0009171545514058242,0.0,0.0,0.0,0.0008917072449829168,0.0008466724392419179,0.0,0.0,0.0,0.0008466724392419179,0.0,0.0,0.0,0.0,0.000864469327400056,0.0,0.0,0.0,0.0,0.0,0.0,0.0,0.0,0.0,0.0,0.0,0.0,0.0,0.0,0.0,0.0,0.0,0.0,0.0,0.0009386221729997448,0.0,0.0,0.0,0.0,0.0,0.0,0.0006706742913799793,0.0,0.0,0.0,0.0,0.0,0.0,0.0,0.001759227599412324,0.0,0.0,0.0,0.0,0.0008634558750464074,0.0,0.0,0.0008481769316385043,0.0,0.0,0.0,0.0,0.0,0.0,0.0,0.000883008230171851,0.0,0.0,0.0,0.0,0.0,0.0,0.0,0.0,0.0,0.0008634558750464074,0.0,0.0,0.0,0.0,0.0,0.0,0.0,0.0,0.0,0.0,0.0,0.0,0.0,0.0,0.0,0.0,0.0008741114603592031,0.0,0.0,0.0,0.0,0.0,0.0,0.0,0.0,0.0,0.0,0.0,0.0,0.0,0.0,0.0,0.0,0.0,0.0,0.0,0.0,0.0,0.0,0.0,0.001785144565858809,0.0008834707814697043,0.0008771685205129998,0.0,0.0,0.0,0.0008403100318070558,0.0,0.0,0.0,0.0,0.0,0.0,0.0,0.0,0.0,0.0,0.0,0.0,0.0,0.0,0.0015211007754197328,0.0,0.0,0.0,0.0,0.0,0.0,0.0,0.0,0.0,0.0,0.0,0.0,0.0,0.0,0.0,0.0006424435769707117,0.0,0.0,0.0017546328697241236,0.0,0.0,0.0,0.0,0.0009145978732976712,0.0,0.0023428983382011255,0.0,0.0005778814651131625,0.0,0.0,0.0,0.0,0.0016958197151813674,0.26154139458056824,0.0,0.0,0.0008711929398734834,0.0008962855339359235,0.003882467547558256,0.40902038023466664,0.0,0.09503155998885579,0.0,0.062211550406134464,0.0,0.0,0.005285733271769198,0.001980886785195307,0.012708984177385196,0.0,0.060076587437186,0.0,0.0,0.016642889946664702,0.0008859541790981049,0.0,0.0,0.0,0.0,0.0,0.0023948880602189153,0.0,0.0,0.0017768852181659519,0.0,0.0,0.004211095122600187,0.00023221675460365033,0.0024670128958035583,0.001711792864970669,0.0006552476154129359,0.0007496571509762622,0.0,0.0,0.0008623376824339138,0.0018021776413826966,0.0,0.0017791168357323874,0.0,0.0,0.0,0.0,0.0,0.0017462677618705499,0.000717852977771332,0.0
240,0.0008239475861153826,0.0,0.0,0.0,0.0,0.0,0.0,0.0,0.0004862309290908802,0.000481096224491546,0.0,0.0,0.0,0.0,0.0,0.0,0.0,0.0005095198895857205,0.0,0.0,0.0,0.0,0.002873562097172752,0.0,0.0,0.0005136563889335973,0.0,0.0,0.0,0.0,0.0,0.0,0.0,0.0007053679585794854,0.0,0.0,0.0,0.0,0.0,0.0,0.0,0.0,0.0,0.0,0.0,0.0008843877872114308,0.0,0.0,0.000481599306582579,0.0011894800130900554,0.0,0.0,0.0,0.0,0.0005113037773116886,0.0,0.0005018418899925398,0.0,0.0,0.0004790969392833587,0.0,0.0,0.0,0.0,0.0,0.0,0.0,0.0,0.0,0.0005070160656318219,0.0,0.0,0.0,0.0,0.0,0.0,0.0,0.0,0.0,0.0,0.0,0.0,0.0,0.0,0.0,0.0,0.0,0.0,0.0,0.0,0.0,0.0,0.0,0.0,0.0,0.0,0.0005077275984261304,0.0,0.0,0.0,0.0,0.0,0.0,0.0,0.0,0.0,0.0,0.0,0.0,0.0,0.0,0.0,0.0,0.0,0.0,0.0,0.0,0.0,0.0015358029725141707,0.0,0.0004925170357269764,0.0,0.0,0.0,0.0,0.0,0.0004934711475264737,0.00012712535082629918,0.0,0.0,0.0,0.0,0.0,0.0,0.0,0.0,0.0,0.0,0.0,0.0,0.0,0.0,0.0,0.0,0.0,0.0,0.0,0.0,0.0,0.0,0.0,0.0,0.0,0.0,0.0,0.000496684550843479,0.0,0.0,0.0,0.0,0.0,0.0,0.0,0.0,0.0,0.0,0.0,0.0,0.0,0.0,0.0,0.0,0.0005077275984261304,0.0,0.00012712535082629918,0.0,0.0003974415166749971,0.0,0.0,0.00025425070165259835,0.0,0.0,0.0,0.0,0.0,0.0,0.0,0.0,0.0005121054253253725,0.0,0.0,0.0006032606048435149,0.0,0.0,0.0,0.0,0.0,0.0,0.0,0.0005074108989632233,0.0,0.0,0.0,0.0,0.0,0.0,0.0,0.0,0.0,0.0,0.0005142708533812677,0.0,0.0,0.0005545264923056924,0.0,0.0,0.0,0.00047299960040824964,0.0,0.0,0.0,0.0,0.0,0.0,0.0,0.0005158248409548597,0.0,0.10956628401245137,0.0,0.0,0.0,0.0,0.0014517538395607881,0.007080691599624502,0.0,0.004837944457855487,0.0,0.00032335197516170165,0.0,0.0015439465267344731,0.0,0.05980909782413722,0.5862918642843621,0.0,0.20121978909649552,0.0,0.0,0.004590631046584003,0.0004975819190935059,0.0,0.0,0.0005045064572712008,0.0,0.0,0.00052060029707444,0.0,0.0,0.0,0.0,0.0,0.0,0.0,0.0005279175005763157,0.0,0.0,0.0004925170357269764,0.0,0.0,0.0,0.0,0.0006749953407452675,0.0004981473938464804,0.0,0.0,0.0,0.0,0.0,0.0,0.0,0.0
241,0.0,0.0,0.001960660211446197,0.0,0.0,0.0,0.0,0.0,0.0,0.0,0.0,0.0009538131614285038,0.0,0.0,0.0,0.0,0.0,0.0,0.0010465307021545111,0.0009963635990609928,0.001024263030994244,0.00027235381997215536,0.0038622833149901652,0.0,0.0,0.0077446232351101926,0.0,0.0010053068473613602,0.0,0.0,0.0,0.0,0.0,0.0,0.0,0.0,0.0,0.0,0.0010264084328243277,0.0,0.0,0.0,0.0,0.0,0.0,0.0,0.0,0.0,0.0,0.0,0.001026966886684054,0.0,0.0,0.0,0.0009585515587161397,0.0,0.0009955323429614805,0.0,0.001010881390512446,0.0,0.0,0.0,0.0,0.0,0.0,0.0,0.0,0.0,0.0,0.0,0.0,0.0,0.0,0.002880981727543067,0.0,0.0,0.0009088139664755434,0.0,0.0,0.0,0.0,0.0,0.0,0.0007915278346721069,0.0,0.0,0.0,0.0,0.0,0.0009767167349575283,0.0,0.0,0.0,0.0,0.0,0.0,0.00194177227398995,0.0,0.0,0.0,0.0,0.0,0.0,0.0,0.0,0.0,0.0010345145115111959,0.0008509594656797378,0.0,0.0,0.0,0.0,0.0,0.0009164376224433255,0.001665413229490238,0.0,0.0,0.0,0.0019450458730796405,0.0,0.0020029454966701333,0.0073875085308580555,0.0,0.0011064680758045198,0.0,0.0,0.0,0.0,0.0,0.0,0.0,0.0,0.0,0.0,0.0,0.0,0.0,0.0,0.0,0.0,0.0,0.0,0.0,0.0,0.0,0.0,0.0,0.0,0.0,0.0,0.0,0.0,0.0,0.0,0.0,0.0,0.0,0.0,0.0,0.0,0.0,0.0,0.0,0.0,0.0,0.0,0.0,0.0,0.0,0.0,0.0,0.0,0.0010697624510136751,0.0,0.0034890650283231034,0.0009691625723403827,0.001024263030994244,0.001032418817437397,0.0,0.0,0.0,0.0,0.0,0.0,0.0,0.0,0.0,0.0,0.0,0.0,0.0,0.0,0.0010053068473613602,0.0,0.0,0.0010026007970596622,0.0,0.0,0.0,0.0,0.0,0.0,0.0,0.0,0.0,0.0,0.0,0.0,0.0,0.0,0.0,0.0,0.0,0.0,0.0,0.0,0.0,0.0,0.0009633476468548616,0.0,0.0,0.0,0.0,0.0,0.0,0.00200255886681405,0.0016367234476905483,0.0790782086349215,0.0,0.0,0.0,0.0012541431814951872,0.001697584088722366,0.003342180873816659,0.0018161145835876255,0.010128754960105046,0.0,0.0009165744512826978,0.0,0.005449919333683367,0.06312768837673921,0.0,0.709408905193485,0.0,0.03797901336704076,0.0019505218692973311,0.0,0.010579308325108798,0.0,0.0,0.0010235868457188072,0.0009777079754386688,0.0,0.0,0.0007739139843117246,0.0,0.0,0.0,0.0,0.0003338488540076826,0.0010578079600381993,0.0,0.0010578079600381993,0.0,0.0,0.0,0.001911809861567614,0.0,0.0,0.0,0.0,0.0,0.0,0.0,0.0016885971687611702,0.0,0.0009717028619443896,0.0,0.0,0.000985445905606917
242,0.0009377488489326092,0.0,0.0007168157821230368,7.409602859357907e-05,0.0003068389078627624,0.0003033598263244442,0.0,0.0,0.002908838535760491,0.0003384561172540081,0.00031690481891394535,0.0,0.00032435280842610506,0.0006362183710296892,0.0011423976954029358,0.0,0.0,0.0011106561971699646,0.0,0.00030337940523323347,0.0,0.00022354130391310178,0.011634284683684376,0.0,0.0002996981482902486,0.0035794116803697586,0.001227381745477517,0.0003094367235668634,0.00157417029523555,0.0,0.0,0.0,0.0,0.0,0.0,0.0,0.0,0.0,0.0,0.0,0.0,0.0002525696680872529,0.0,0.0,0.0,7.68373168770283e-05,0.0005051393361745058,0.0,0.0,0.0005847585779708189,0.00039107194317954846,0.0020564947552330314,0.0,0.0006348064044475072,0.0003149379070312956,0.0003225335029933702,0.0023908875464922906,0.0008599473109087418,0.00039976678081226556,0.003953858156117312,0.0,0.0,0.0,7.789922022809068e-05,0.0,0.0,0.0,0.0,0.00029595851064607455,0.0,0.0,0.0,0.002247308808387485,0.0,0.0,0.0,0.0,0.0,0.0,0.0,0.0,0.0,0.0,0.0,0.0,0.0,0.0,0.0,0.0,0.0,0.0,0.0,0.0,0.0,0.0,0.0,0.0,0.0,0.0,0.0,0.0,0.0,0.00032089151161562846,0.0,0.0,0.0,0.0,0.00032669218701022703,0.0,0.0,0.00031464653963829344,0.00032374343829888556,8.10786811005197e-05,7.409602859357907e-05,0.000657022437107229,0.0,0.0,0.0,0.000297551756951912,0.0,0.00016490484994896977,0.0,0.0,0.0002525696680872529,0.0,0.000977815854855881,0.0,0.0003204970717896656,0.0,0.0009448748613444677,0.0,0.00032374984300924777,0.0,0.0,0.0,0.0006514112445203761,0.0,0.0,0.0,0.000611739622177448,0.0012550027419587994,0.0005833379052099239,0.0,0.0,0.0,0.0003887538012065643,0.0,0.0003135619140893387,0.0,0.0,0.0,0.0,0.0,0.0,0.0,0.0,0.0,0.00019787024336995172,0.0,0.0,0.0,0.0,0.0,0.0,0.0,0.00020689804527798027,0.00032483803913199044,0.0,0.00022611471283272392,0.0,7.439300013454506e-05,0.0,0.0003452089371650828,0.00033472018314676977,0.0,0.0,0.0001621573622010394,0.0,0.0,0.0,0.0,0.00031091748497357754,0.0,0.0,0.0,0.0,0.0,0.0,0.0,0.00033156705911501963,0.0,0.0,0.0,0.0,0.0,0.0,0.0,0.0,0.0,0.0,0.0,0.0,0.0,0.0,0.00024209235425879915,0.0,0.0,0.0,0.0,0.0,0.0,0.0003162937070480827,0.0,0.0002446949209509959,0.0,0.0002148149246431786,0.0,0.0005392112220525387,0.0003352740725260085,0.0002649066240174187,0.0,7.947427219284517e-05,0.0007057108034140722,0.0,0.0,0.0009415412723820113,0.001001054953356867,0.3533255488973138,0.0,0.0,0.015939924203108802,0.01761367393415024,0.001918156262533217,0.016926977538729387,0.0,0.0044300954410433436,0.0,0.0014817139815688685,0.0003154013755541736,0.003669078870743364,0.29103370847443505,0.16029450124567374,0.0,0.0,0.02705017850948646,0.0,0.0,0.01257148188268822,0.0002690612898286901,0.000306428403511576,0.0,0.023754911882083233,0.00034713771317153037,0.0,0.0020383635151427957,0.0,0.0003135684268555385,0.0005504675212588289,0.00025923868953774696,0.00031354945270652357,0.0005553222829530188,0.00023439214240087648,0.0006747357078256387,0.0,0.0,0.0,0.00034053193862487675,0.00032623367759360367,0.0,0.00032061282266201876,0.0,0.0,0.00029286009736501485,0.0009519686305043417,0.00031739653051436763,0.0,0.0009684196163464501,7.789922022809068e-05,0.0,0.0
243,0.0,0.0003492317852667785,0.0,0.0,0.0,0.0,0.0,0.0,0.0,0.0030566925964024974,0.0,0.0014093882057949934,0.0011785558961011687,0.0,0.0,0.0,0.0,0.0011604805425810443,0.000654033893451117,0.0,0.0,0.0,0.007482635523851443,0.0,0.0,0.0012017385140466372,0.0006204709063893151,0.0,0.0,0.0006249221330093549,0.0011596968404854143,0.0005958639118693409,0.0,0.001313799766314225,0.0,0.0,0.0,0.0,0.0,0.0,0.0,0.001387483806454648,0.0,0.0,0.0,0.00015757769236573853,0.0,0.0,0.0,0.0011752773455991252,0.0006183481810928066,0.0006213116104462058,0.0,0.0,0.0,0.0,0.0,0.0,0.0,0.0,0.0,0.0006100031711894675,0.0,0.0,0.0,0.00043793325543807504,0.0,0.0,0.0,0.0,0.0,0.0,0.0,0.0,0.0006347145284230229,0.0,0.0,0.0,0.0,0.0,0.0,0.0,0.0,0.0,0.0,0.0,0.0006230834023765604,0.0,0.0,0.0,0.0,0.0006267954106874546,0.0,0.0,0.0,0.0,0.0006449084854221838,0.0,0.0,0.0,0.0,0.0,0.0006667066787255467,0.0,0.0,0.0,0.0,0.0,0.0,0.0,0.0,0.0,0.0,0.0,0.0006199996031109709,0.0,0.0,0.0,0.0,0.0,0.0,0.0,0.0,0.0,0.0,0.0,0.0,0.0,0.0,0.0006214021171215108,0.0,0.0,0.0,0.0,0.0,0.0,0.0,0.0,0.0,0.0006451377926627125,0.0005985010585888949,0.0,0.0,0.0,0.0,0.0,0.0,0.0,0.0,0.0012904831302759177,0.0,0.0,0.0,0.0,0.0,0.0,0.0,0.0,0.0,0.0,0.0,0.0,0.0,0.0,0.0,0.0,0.0,0.0006341699603501429,0.0,0.0,0.0,0.0,0.0,0.0,0.001899016337920498,0.0,0.0,0.0,0.0,0.0,0.0006378684361343855,0.0,0.0,0.0,0.0,0.0,0.0,0.0,0.0,0.0,0.0,0.0,0.0,0.0,0.0,0.0,0.0,0.0,0.0,0.0,0.0005985019314563802,0.0,0.0,0.0,0.0,0.0,0.0,0.0,0.0003555667069873669,0.0,0.0,0.0,0.0,0.0,0.0006246142039000248,0.0,0.0,0.0012423436498644916,0.0,0.0,0.0,0.0,0.0006337989658328374,0.0,0.0,0.0,0.0012919651627505354,0.000779362642905722,0.0006337989658328374,0.0,0.0,0.0006105447252958618,0.0018719945287855647,0.0,0.6660734218454009,0.0006173868793591608,0.02255951413139739,0.0,0.04951792810237376,0.0,0.0,0.0,0.0,0.0,0.0,0.0328217379295229,0.002593046018617381,0.01352533220463112,0.0,0.001278443253614104,0.003038395304918209,0.0,0.025836973319561297,0.0024693886896699608,0.04539153970379584,0.0014102438564701752,0.0,0.0006539212146430332,0.08381819458179404,0.0,0.0006520206390584729,0.0,0.0006149632782085218,0.0,0.0,0.0,0.0,0.0006421166737969795,0.0,0.0,0.0,0.0,0.0,0.0,0.0006301101062255673,0.0,0.0012545982633804097,0.0,0.0,0.0
244,0.0,0.0,0.0,0.0,0.0,0.0,0.0,0.0,0.0015546608030949228,0.0,0.0,0.0,0.0,0.0,0.0012149252953744959,0.0,0.0,0.0012160498832883846,0.0,0.0,0.0,0.00030124879928029185,0.005247352380335368,0.0,0.0,0.017021374185648412,0.0010929638295956749,0.0,0.0,0.0,0.0,0.0,0.0,0.0,0.0,0.0,0.0,0.0,0.0,0.0,0.0,0.0,0.0,0.0,0.0,0.0,0.0,0.0019686443213627653,0.0,0.0008126466659387655,0.0,0.0,0.0,0.0,0.0012751759110520183,0.0,0.0009278706163764657,0.0,0.0,0.0,0.0,0.0,0.0,0.0,0.0,0.0,0.0,0.0,0.0,0.0,0.0,0.0,0.0010929638295956749,0.0,0.0,0.0,0.0,0.0,0.0,0.0,0.0,0.0,0.0,0.0,0.0,0.0,0.0,0.0,0.0,0.0,0.0,0.0,0.0,0.0,0.0,0.0,0.0,0.0,0.0011090305112849079,0.0,0.0,0.0,0.0,0.0,0.0,0.0,0.0012447917974959559,0.0,0.0,0.0,0.0,0.0,0.0,0.001187863907600811,0.0,0.0,0.0,0.0,0.0,0.0,0.002375727815201622,0.0,0.0,0.0,0.0,0.0,0.0,0.0,0.0,0.0,0.0,0.0,0.0,0.0,0.0,0.0,0.0,0.0,0.0,0.0,0.0,0.0009204560696572436,0.0,0.0,0.0,0.0,0.0,0.0,0.0,0.0,0.0,0.0,0.0,0.0,0.0,0.0,0.0,0.0,0.0,0.0,0.0,0.0,0.0,0.0,0.0,0.0,0.0,0.0,0.0,0.0,0.0,0.0,0.001748167876221803,0.0,0.004544613871691056,0.0,0.0,0.0,0.0,0.0,0.0,0.0,0.0,0.0,0.0,0.0,0.0,0.0,0.0,0.0012417204416469896,0.0,0.0,0.0,0.0,0.0,0.0,0.0,0.0,0.0,0.0,0.0,0.0,0.0,0.0,0.0012970966667320764,0.0,0.0,0.0,0.0,0.0,0.0,0.0014762801507060205,0.0,0.0,0.0,0.0,0.0,0.0,0.0,0.0009278706163764657,0.0,0.0,0.0,0.0,0.0,0.0,0.001241548097925759,0.07681524551110486,0.0,0.0,0.001631809423944725,0.0,0.0021564152461056372,0.019744713520642606,0.0016309637550734459,0.01140986291540804,0.0,0.0036548339750305837,0.0,0.06496615476171642,0.5882975355692801,0.01706936972294475,0.13375303601225294,0.0,0.0,0.0,0.0009082241396290275,0.013072978198219587,0.0,0.0,0.0012449046638957596,0.0011408417561388443,0.000851304418006711,0.0,0.0002489483230710372,0.0,0.0013736929164260838,0.0,0.0012449046638957596,0.0,0.0,0.0009115105822098778,0.0,0.001187863907600811,0.0,0.0,0.0,0.0,0.0,0.00029549409550646183,0.0,0.00121246383112335,0.0,0.0,0.0008909790833927455,0.0,0.0012449046638957596,0.0,0.0,0.0
245,0.0,0.0,0.0012353036177515653,0.0,0.0054092031369039955,0.0,0.0,0.0,0.001000618276518082,0.0,0.0,0.0,0.0,0.0,0.000988873220505489,0.0,0.0,0.0,0.0,0.0,0.0,0.0,0.0025666744793158107,0.0,0.0009317718716754669,0.0024925414674559837,0.0,0.0,0.0,0.0,0.0007621899205825529,0.0,0.0,0.0,0.0,0.0,0.0,0.0,0.0010764224463782862,0.0,0.0,0.0,0.0,0.0,0.0,0.0,0.0,0.0009499232717730419,0.0,0.0,0.0,0.0,0.0,0.0,0.0009605465065627243,0.0019911844298127384,0.003169489675364178,0.0,0.0010987250346259337,0.0,0.0,0.0,0.0,0.0,0.0,0.0,0.0,0.0,0.0,0.0,0.0,0.0,0.0,0.0,0.0,0.0,0.0,0.0,0.0,0.0,0.0,0.0,0.0,0.0,0.0,0.0,0.0,0.0,0.0,0.0,0.0,0.0,0.0,0.0,0.0,0.0,0.0,0.0,0.0,0.0,0.0010727083851903968,0.0,0.0,0.0,0.0,0.0,0.0,0.001032667755522503,0.0,0.0,0.0,0.0,0.0,0.001064706573499467,0.0,0.0,0.0,0.0,0.0,0.0,0.0,0.0,0.0,0.0,0.0,0.0,0.0,0.0,0.0,0.0,0.0,0.0,0.0,0.0,0.0,0.0,0.0010264733172337514,0.0,0.0,0.0,0.0,0.0,0.0,0.0,0.0,0.0,0.0,0.0,0.0,0.0,0.0,0.0,0.0,0.0,0.0,0.0,0.0,0.0,0.0,0.0,0.0,0.0,0.0,0.0,0.0,0.0,0.0,0.0,0.0,0.0,0.0,0.0,0.0,0.0010963770199514551,0.0,0.0,0.0,0.0,0.0008140023743735309,0.0,0.0,0.0011103424023651135,0.0,0.0,0.0,0.0,0.002748902773293987,0.0010981495144542126,0.0,0.0,0.0,0.0,0.0,0.0030998557722190295,0.001066525260676417,0.0,0.0,0.0009283208033477955,0.0,0.0,0.0,0.0,0.0,0.0,0.0021574173358353673,0.0,0.0,0.001075248270718273,0.0,0.0,0.0,0.0,0.001611623846770488,0.002147891822831674,0.09262210746617681,0.0,0.0,0.002137034508365642,0.0007811040767165686,0.0034485836240534867,0.0010213782624254493,0.0,0.0028862230408270148,0.0,0.0,0.002086643882218665,0.0,0.00480090092465929,0.023576329965734825,0.0033013068174351226,0.0,0.0,0.0,0.0020242077345831253,0.04230083751040111,0.0021374659686877605,0.16301211626084913,0.0010780831573104573,0.0031113749841346653,0.0071740348175822555,0.0011596727840116749,0.0,0.0010631184800337424,0.03985675114630331,0.002678738345807838,0.0,0.33962774315616895,0.03560915836883601,0.00114186121287727,0.0021089444001320045,0.0011257807295858098,0.0,0.0,0.0,0.11813374857144278,0.0229319348381251,0.0,0.001008655174918273,0.0029086993672096466,0.005554806286408174,0.0,0.0010056067543787834,0.0020300251381263302,0.0010257131229540225,0.0,0.0,0.0,0.003066258546903264,0.0,0.002066640662224873,0.0,0.001152950043234794,0.0,0.004382649563667712,0.0,0.0,0.0021367932746884926,0.0,0.00106158345595243,0.0018777529903380185
246,0.0,0.0,0.00046439762777624366,0.0,0.00047733687827893317,0.0,0.00046274052644442793,0.0,0.00046745979065724024,0.0,0.0,0.0,0.0,0.0004734565593754563,0.0,0.0,0.0,0.00046330073762236866,0.0,0.00047320903458691367,0.0,0.0004666931495004683,0.002761748052155114,0.0,0.0,0.0,0.0,0.0,0.0004999222816392276,0.0,0.0,0.0,0.0,0.0,0.0,0.0,0.0,0.0,0.0,0.0,0.0,0.0,0.0,0.0,0.0,0.00044783569317188507,0.0,0.0004137354151585618,0.0,0.0,0.0005137939274027968,0.0,0.0,0.0,0.0004615444502118072,0.0,0.0,0.0,0.0,0.0,0.0,0.0,0.0,0.0,0.0,0.0,0.0,0.0,0.0,0.0005295188703309441,0.0,0.0,0.0,0.0,0.0,0.0,0.0,0.0,0.0,0.0,0.0,0.0,0.0,0.00046471230581092876,0.0,0.0,0.0,0.0,0.0,0.0,0.0,0.0,0.0,0.0,0.0,0.0,0.00046452954146127196,0.0,0.0,0.00047197413956790504,0.0,0.0,0.0,0.0,0.00045580056169134775,0.0,0.00046935828197566375,0.0,0.0,0.0,0.0,0.0,0.0,0.0,0.0,0.0,0.0,0.0,0.0,0.0,0.0,0.0,0.0,0.0,0.0,0.0,0.0,0.0,0.0,0.0,0.0,0.0,0.0,0.0,0.0,0.0,0.0,0.0,0.0,0.0,0.0,0.00048275084961471175,0.0,0.0,0.0,0.0009810135262343198,0.0,0.0,0.0,0.0004763468723414093,0.0,0.0,0.0,0.0,0.0,0.0,0.0,0.0,0.0,0.0,0.0,0.0,0.0004562867561709595,0.0,0.0,0.0,0.0,0.0,0.0,0.0,0.0,0.0,0.0,0.0,0.0,0.0,0.0,0.0,0.00041211915386890174,0.0,0.0,0.0,0.0,0.0,0.0,0.0009114284077392829,0.0,0.0,0.0,0.0,0.0,0.0004849478410555166,0.0,0.0,0.00041211915386890174,0.0,0.0,0.0,0.0,0.0,0.0,0.0,0.0,0.0,0.0,0.0,0.0,0.0004921276909778631,0.0,0.0,0.0,0.0,0.0,0.0,0.0014820997879547674,0.0,0.0,0.00045582677508175523,0.0,0.0,0.0,0.0,0.00046935828197566375,0.0,0.0,0.0,0.00047290429614292513,0.0010410180239746446,0.009629064390856118,0.00015705956444271314,0.0,0.0,0.0,0.0013935784344353,0.007414036034492252,0.0023240378804047445,0.0009651372674157876,0.0,0.004716958000156403,0.001795920017449822,0.0,0.00048431447021551633,0.00046919394208839966,0.0028033058025267767,0.0009460634601936544,0.1664497574173526,0.0,0.02509141251095286,0.0032066896993330485,0.0,0.0,0.0004562160784992148,0.0014367059217645156,0.0014068234534237018,0.6598356670413791,0.0010153469993345117,0.0,0.05815201940117697,0.000617596891268306,0.022407294086130715,0.0,0.0013965644182384255,0.00048663286297479435,0.0004670883929828446,0.0,0.0003604130952745761,0.0,0.0,0.0,0.0,0.0004897090736027034,0.0,0.0,0.0,0.001011790454988969,0.0,0.0009483305178973173,0.0,0.0,0.0009318571769261606
247,0.00034886799669646944,2.588864219825306e-05,0.0013534606168431578,0.00031384000600219827,0.0008871547908541999,9.998066349635408e-05,0.000419453748446679,0.0,0.011537789916121251,0.0005327149472090854,2.5834218577241075e-05,0.0,0.000224083296550878,0.0007656383526968147,0.0014904947770345044,2.3656055074897434e-05,0.0003878784805259748,0.0020195583330119777,0.00018189820853432197,0.0020080635543401745,0.00010501069660200983,0.0005551851444313729,0.030950810648633937,2.6267745601352754e-05,0.00033069169104909033,0.006100882425124347,0.0024353666509442477,0.0014589394041611885,0.004179247579582331,0.00032637355328235643,0.0003857115057693776,0.0010359571200751847,0.0003654140471711608,0.00033465825152455915,6.69978101017634e-05,0.00029538219673280817,0.0,0.00014862933546776002,0.001523197405998039,0.0,0.0,0.0006507334116648915,8.354856696482515e-05,0.0,0.00019640277830139307,0.0003963478199302985,2.5882128641436425e-05,0.002430364625465035,0.0006168363129995654,0.001349256079122244,0.003482099928210725,0.0009663145635944189,0.0,0.0006113233685198655,0.003987195473917233,0.0003631419514763693,0.0006999131560942254,0.0005034641464186417,0.0001852091391261428,0.0010564777287368182,0.0,0.00019707681916623638,7.789135473489104e-05,0.00023251871469930768,0.00020717348745621396,0.00042994019224602327,6.46880547821313e-05,0.0,0.00011200268918768872,0.0001694968033332246,0.0,0.0,0.0,0.0,0.0002934374972488523,0.0003124743849707306,0.0003303592775034355,9.590692582531646e-05,0.0007413751061641357,0.00012516498867240323,0.0,0.0,0.0003168094230684585,4.9054048081523566e-05,0.00010677637256167546,7.627260366127864e-05,0.00012334266634513594,9.211812742685101e-05,0.00019075052129286868,8.54952396090174e-05,0.0002774046942265221,0.00037665441851645617,0.0,0.0,0.0,0.0002923016523448007,0.001866740228395225,0.0,0.0009365953241739924,8.241771054456029e-05,0.00017763923631267402,0.00010147714888517478,0.00016926480342688201,0.0,0.0003610720114980045,0.00018219470006883995,0.0005582545572374063,0.0004051081957928725,0.00012315917815988712,0.0003222258765256073,0.00010068508862469191,0.00010675050214283043,0.0005266979052427578,0.00167251557560243,0.003017049669497268,0.0006399871490174623,0.00016814731887618362,7.108480911234823e-05,0.00019285029545223177,0.00025777817114995907,2.375410689101716e-05,0.0,0.000398945729714571,9.889622389803929e-05,0.00030897645585633394,0.0026118938667251076,0.0003099746555260173,0.0005737679873840824,0.0002575799072767401,0.00019656663289774107,0.00018912722380372656,0.0004937405206444505,0.0,0.0002071598324457909,0.0,0.0003093394971910045,6.659467856508122e-05,0.0,0.0005071592044035198,0.00011124660392150268,0.00028830145097734637,0.00036665160584730164,0.00010525729553225469,0.00019603651868380713,9.831777256070889e-05,0.0014036175246488823,0.0,0.0,0.00016580676848441763,0.00019111172606394995,0.0,0.0,0.0003911946449229835,0.0,2.3892204947771188e-05,0.0,0.0,0.0,0.0,9.603469187237357e-05,0.0,0.0,6.920375714868691e-05,0.0002808117099619312,0.0,0.0014318777859203885,9.867151082318947e-05,0.00020177049872672188,0.00010443159083916797,1.9558774515294515e-05,0.00010244717072425182,0.0,0.00022930843752516102,0.0,0.001753450654555022,0.0003182522657530338,2.5904023347734758e-05,9.951208449702123e-05,9.706761896852536e-05,0.0002747678643495423,7.575578711990522e-05,0.0004124016441115981,2.4300831960361938e-05,0.0010525973652610184,0.00016904318417245562,7.292374632021443e-05,0.00030273762985260337,0.0,9.628026904862551e-05,0.00028190489957206916,7.237746502530636e-05,0.0007557350021251228,0.0002188264806195553,0.00030437023783903963,0.0002041753376522032,0.0,0.00011292552499510279,9.97172165717622e-05,0.0,3.0046553845253903e-05,2.176478339108165e-05,0.0,0.00014046833475396723,0.00023679592658021,0.00033234158064046073,0.0,0.0004009659278764544,0.000213591742186068,9.639032537077349e-05,0.00032104219266178416,0.00010082881554963804,0.00039359420156093535,0.00029165053328858854,0.0004055742618438863,0.00011969314754553197,9.549367361736786e-05,0.00016732883648267125,0.002051508514926645,4.86327923758606e-05,0.00172468166579799,0.0,0.0002328805493076765,0.0004324553881530705,0.00020280362013116025,0.00011674669649242296,0.000298501199029628,0.00230785277454586,0.005361364371001844,0.0013414280027547363,0.0001982281403030315,0.0017834895532266462,0.11806188351589846,0.21428351795442407,0.007310664508785225,0.005787999107044556,0.02367690071088492,0.0003697321314135726,0.0006005795893119686,0.005085711095640336,0.0045573968602318025,0.0011571773453021958,0.0014777623103965983,0.003715529982324528,0.0007130180039321438,0.001471065269464098,0.0007013859386155292,0.0006842053094526228,0.0,0.0014476719246691596,0.0005710862294639113,0.00045134518189886004,0.0028439206242473064,0.005026773422013622,0.0016360594035867877,0.09739890071872372,0.0,0.03691171397995578,0.006958639251906347,0.0006115723381511135,0.13762556037966178,0.15257274111975813,0.008135229386138655,0.0017867415852305384,7.06251919460214e-05,0.0,0.0008978178408087326,0.0,2.7002175281791055e-05,0.0004923654219760066,0.0003118887679580535,0.0,0.0001555326093123237,0.0008285411447199896,0.0010627156011925425,0.0006236813409763529,0.00015530179950623717,0.0021409336022055795,0.000493324230355261,0.0003051980755307858,0.00168871669835572
248,0.0,0.001183627004421891,0.009820281820653197,0.0,0.2926559079939394,0.0001396092006923312,0.0,0.0,0.0011337410314920925,0.0,0.0,0.0005313348407674408,0.0004923031679221373,0.035370374788814954,0.0014433738481052945,0.0,0.0,0.0015785355679683968,0.0,0.0005377637351737115,0.0,0.0,0.01231915825809746,0.0,0.0,0.001620128002174686,0.0010481396607189177,0.0009340386070175363,0.0017627016314897086,0.0005660945091319134,0.0,0.0,0.0,0.00013486032681712276,0.0,0.0,0.0,0.0,0.0005807514883387375,0.0,0.0,0.0,0.0,0.0,0.0,0.0,0.0004923031679221373,0.0,0.0,0.0017989306698455191,0.001979576416318158,0.0,0.0,0.0005181274903435867,0.0018459291021362804,0.0001396092006923312,0.0,0.0008369867314362562,0.0,0.0016436186266379797,0.0,0.0,0.0,0.0,0.0,0.0003912684155168653,0.0012368771064987173,0.0,0.0,0.0005990217901297747,0.0,0.0,0.0,0.0,0.0005341440674319057,0.0,0.001083983932830948,0.0,0.0,0.0009434652855301549,0.0,0.0005577190737975103,0.000517994127994249,0.0,0.0,0.0,0.0,0.0002783892095566268,0.0,0.0,0.0,0.0020771200555311157,0.0005377114118392882,0.0,0.0,0.0,0.0,0.0,0.0,0.0,0.0,0.0,0.0004563918356944022,0.0,0.0,0.0,0.0,0.0,0.0,0.0,0.0,0.00047890967624886286,0.0,0.0,0.0016589110022634161,0.0,0.0,0.0,0.0,0.0,0.0,0.0,0.0,0.0,0.0,0.002426966404656497,0.00040582955792343853,0.0005387833975001288,0.0,0.0,0.0,0.0,0.0,0.0,0.0,0.0,0.0,0.0,0.0,0.0,0.0,0.0001396092006923312,0.0,0.0,0.0,0.0,0.0,0.0,0.0,0.0,0.0,0.0,0.0,0.0,0.0,0.0,0.0,0.0,0.0,0.0,0.0,0.0,0.0,0.0,0.0,0.0006100226725881551,0.0,0.0,0.0,0.0005169775247894368,0.00013828903806553238,0.0005233330480210548,0.0003896586458432312,0.0,0.001540009311447855,0.0,0.0004871775865553979,0.0,0.0,0.0005739056071617385,0.001471658266099992,0.0,0.0,0.0,0.0,0.0,0.0005196181378945708,0.0,0.0,0.0,0.0,0.0,0.0001396092006923312,0.0013453260813995201,0.000545463313741647,0.0,0.0,0.0,0.00041350129653669346,0.0,0.0,0.0,0.0005239185284582846,0.0,0.0014204563731937897,0.0,0.015664224872490088,0.0010562015833575835,0.0,0.0005496421121237071,0.00107217846121781,0.0005349137669913046,0.0,0.00052132625441167,0.0005589698619439537,0.0,0.0,0.006502133162748793,0.0007825368310337306,0.0024964453860891415,0.0,0.0006704669803973082,0.0005387833975001288,0.0,0.0005573878536226946,0.0,0.003405694258429147,0.0,0.14858966936502277,0.00041744874577386324,0.0,0.0018951184274810218,0.0010329126002323493,0.0027309594695473093,0.0009004186281296952,0.010377017586757775,0.0,0.0009225828813515108,0.0,0.002059018151633399,0.0010377642179652308,0.0,0.0010756864288696422,0.0,0.0,0.0,0.0010590524803226603,0.017604492266726245,0.0,0.0,0.0,0.00047477127568826353,0.0,0.01632223830484495,0.0028107568032942043,0.0,0.0004803855640885014,0.3172955755547508,0.0,0.008769125328473428,0.0,0.0029169856433632277,0.003829760286722417,0.0,0.0,0.001390137477784502,0.00041275856557498636,0.002232958571999337,0.000461455291834512,0.0010015065457722656,0.0,0.0009768040751058197,0.0014367502152013206,0.0013929595571829088,0.002688968419214062,0.0,0.0016603288900722338,0.007767622360717561,0.0,0.001935278162949547
249,0.0,0.0007273057912690581,0.0,0.0,0.0,0.0010700430153864954,0.001061505830684144,0.0010079448326911161,0.0,0.004968996074287619,0.0,0.0028350304614320927,0.025626571651826604,0.0,0.000730229134222786,0.0,0.0,0.0,0.0,0.0,0.0,0.0007257556860782588,0.010478531558282784,0.0,0.0,0.0010127894107084246,0.003990707393660542,0.0,0.002769720177615177,0.0,0.08062959954126327,0.0,0.0,0.01596615431630206,0.0,0.0,0.002058806069489086,0.0010757311254982124,0.0034602577718438545,0.0,0.0,0.004003694972259811,0.0,0.0017381739669139022,0.0,0.0008159397710723802,0.0,0.0010515684628814481,0.0,0.00218061011316377,0.00103025620706985,0.0007573168771407512,0.0,0.0,0.001055670050134437,0.0,0.0,0.0,0.0,0.0,0.0,0.0,0.0,0.0,0.0,0.0,0.0,0.0,0.0,0.0,0.0,0.0,0.0,0.0,0.0,0.0,0.0007792080454547327,0.0,0.0007181295130215168,0.0,0.0,0.0,0.0007401424354064297,0.0010194005551393023,0.0,0.0,0.0,0.000777496043026483,0.0,0.0,0.0,0.0,0.0008498660065967802,0.0,0.0,0.0,0.001748130508879709,0.0,0.0,0.0,0.0,0.0,0.0,0.0,0.0,0.0,0.0,0.0,0.0,0.0,0.0,0.0,0.0,0.0,0.0012928798052964368,0.0,0.0,0.0,0.0010414760285000601,0.0,0.0,0.0,0.0,0.0,0.0,0.0010036722641795935,0.0,0.0,0.0,0.0,0.0,0.0010654710340591254,0.0,0.0,0.0,0.0,0.0,0.001088854917734564,0.0,0.0,0.0,0.0,0.0,0.0,0.0,0.001990303801605568,0.0,0.0,0.0,0.0,0.0,0.0,0.0010299688467386842,0.0,0.0,0.0,0.0,0.0,0.0,0.0,0.0,0.0,0.0,0.0,0.0,0.0010913177470394603,0.0,0.0,0.0,0.0,0.001055670050134437,0.0007401424354064297,0.0,0.0,0.0007497624913900045,0.0,0.0,0.0,0.0,0.0007306159150336815,0.1694662733619214,0.0010518945096157134,0.0,0.0,0.0,0.0,0.0065144716810590555,0.0,0.0,0.0010334594951332183,0.0,0.0,0.0007293162579984337,0.0,0.0,0.0010545382012793112,0.0,0.0,0.0,0.0,0.0007272515832721482,0.0,0.0,0.00026877279631572676,0.0,0.0,0.0,0.0,0.0,0.0,0.0010680742859220792,0.0,0.0,0.0,0.0,0.0011123517595577267,0.0,0.0017373084252371403,0.0,0.0,0.0,0.0010314756498889593,0.0009475589062899152,0.0,0.0,0.003104958505760923,0.0007128366042836519,0.0010414760285000601,0.0010599545543866975,0.0020847433006107156,0.0,0.0,0.001045800799584188,0.0,0.2696008686013618,0.001298741643054411,0.0033497294358970685,0.0015551079923062261,0.001002706243537761,0.001088854917734564,0.0,0.0,0.0,0.004560445830202165,0.0,0.00410453020471753,0.0,0.013108611134930646,0.00026877279631572676,0.0,0.18379102379785975,0.0,0.0,0.0,0.008053056607403778,0.0,0.0010383932196353781,0.00025140377679637677,0.11400856900327389,0.0020457596370695758,0.0,0.0,0.0,0.0,0.0,0.0007480027301106179,0.0,0.0,0.0,0.0,0.0,0.0,0.0,0.0019914870133547423,0.0,0.0,0.0,0.0,0.0,0.0
250,0.0,0.0,0.0,0.0,0.0,0.0008175138787858622,0.0008492085705206735,0.0,0.0016638093981199034,0.13147010899566808,0.0,0.0008402552964554842,0.0,0.0,0.001570452023049616,0.0,0.0,0.0,0.0008473631859111046,0.0008309498470222959,0.0,0.0,0.008389843838789476,0.0,0.0,0.0023454604141035155,0.0024787023709493543,0.0,0.004827798937855169,0.0,0.0564973040733574,0.0,0.0,0.0008219056211774391,0.0,0.0,0.0008555344751968667,0.0005200734155173689,0.0014837273461268876,0.0,0.0,0.0016972247159917136,0.0,0.0015840537381915825,0.001623236740385437,0.0005901873648073567,0.0008045497801506501,0.0,0.0,0.0,0.0032974678457303526,0.2682473081568422,0.0,0.005565301671401077,0.003781455820298661,0.0,0.0008718905190656578,0.0,0.0,0.0,0.0,0.0,0.0,0.0,0.0,0.0013943182365303635,0.0,0.0,0.0,0.0,0.0,0.0,0.0,0.0,0.0,0.0,0.0,0.0,0.0,0.0,0.0,0.0,0.00020545152778412348,0.0,0.0,0.0,0.0,0.0,0.0,0.0,0.0008404517593200561,0.0008244319073233746,0.0,0.0,0.0005094107610464428,0.0,0.0008241469405378777,0.0,0.0,0.0,0.0008143777611154128,0.0,0.0,0.0,0.0,0.0,0.0,0.0,0.0,0.0,0.0,0.0,0.0,0.0005362848917926787,0.0008427402543874079,0.0,0.0,0.0,0.0,0.0,0.0,0.0,0.0,0.0,0.0,0.0033164004133359993,0.0,0.0,0.0005546594626535584,0.0008086670074678829,0.0,0.0,0.0,0.0,0.0,0.0,0.0,0.0,0.0008230833323962534,0.0,0.0,0.0,0.0,0.0,0.0007969399395780842,0.0008426337542884314,0.0,0.0,0.0,0.0008220816917582869,0.0,0.0,0.0,0.0,0.0,0.0,0.0,0.0,0.0,0.0,0.0,0.0,0.000754368572122074,0.0,0.0,0.0005932646749358798,0.0,0.0,0.0,0.0,0.0011126274504452299,0.0,0.0,0.0,0.0010346807705320063,0.0,0.0,0.0,0.0008273449047622398,0.0,0.003298731208584479,0.0,0.0,0.0,0.0,0.0008412040123795833,0.0008220844976913936,0.0,0.0008504770657602769,0.000863160303960034,0.0,0.0,0.0,0.0021947517342129253,0.0,0.0,0.0,0.0,0.0,0.0,0.0007375423352982249,0.0,0.0,0.0,0.0,0.0,0.0,0.0,0.0,0.0,0.0,0.0008181285538862473,0.0008680830132636071,0.0,0.0,0.0,0.0,0.0,0.0,0.0,0.0005101325815559134,0.0,0.0,0.0005422836693048088,0.0,0.000672913599441101,0.0023406475904411608,0.0016361430767123956,0.0,0.000821753194831183,0.0,0.0012540269693875816,0.0016847003643170669,0.0,0.05721969734791597,0.0,0.00268000585778704,0.0008197068087826728,0.0007291165642106477,0.0017193092083474689,0.0005932646749358798,0.0,0.0007736285154699791,0.00204579083604745,0.0008085388010621237,0.0,0.000808253044640391,0.009648515134251814,0.0,0.13798049948863395,0.0,0.0,0.004919892764196902,0.0,0.0032986722151108878,0.0,0.0,0.0,0.22402518386933626,0.0010769528064584063,0.0,0.0007681092001204972,0.0009966464137959451,0.0,0.0,0.0001906817098735208,0.0,0.0005964140718526136,0.0,0.0,0.0005422836693048088,0.0,0.0,0.0,0.0008301608727228924,0.0,0.0,0.0008085545725589269,0.0,0.0011123037259702332
251,0.0,0.0,0.0,0.0,0.0,0.0,0.0,0.0,0.0089252330718709,0.001933457404989748,0.0,0.0,0.0,0.0,0.0,0.0,0.0,0.0,0.0,0.0,0.0,0.0,0.014446480317649491,0.0,0.0,0.0,0.0,0.0,0.00176572193251842,0.0,0.0,0.0,0.0,0.0,0.0,0.0,0.0,0.0,0.0,0.0,0.0,0.0,0.0,0.0,0.0,0.0,0.0,0.0,0.0,0.0016659634331670327,0.0017382083918983362,0.0,0.0,0.0,0.0008526209795686489,0.0,0.031213206394858077,0.0,0.0017758548975303659,0.19923804406227752,0.0,0.0,0.0,0.0,0.0,0.0,0.0,0.0,0.0,0.0,0.0,0.0,0.0,0.0,0.0,0.0,0.0,0.0,0.0,0.0,0.0,0.0,0.0018040071268089163,0.0,0.0,0.0,0.0,0.0,0.0,0.0,0.0,0.0,0.0,0.0,0.0,0.0,0.0016938428388685396,0.0,0.0,0.0016599491624746873,0.0,0.0,0.0,0.0,0.0,0.0,0.001695391126650974,0.0,0.0,0.0,0.0,0.0012457165866553554,0.0,0.0,0.0,0.0,0.0,0.0,0.0,0.0,0.0,0.0,0.0,0.0,0.0,0.0,0.0,0.0,0.0013376875869644097,0.0,0.0,0.0,0.0,0.0,0.0,0.0,0.0,0.0,0.0,0.0,0.0,0.0,0.0,0.0,0.020543485630242088,0.0,0.0,0.0,0.0,0.0,0.0,0.0,0.0,0.0,0.0,0.0,0.0,0.0,0.0,0.0016599561927252255,0.0,0.0,0.0,0.001754659130924273,0.0,0.0,0.0,0.0,0.0,0.0,0.0,0.0,0.0,0.0,0.0,0.0,0.0,0.0,0.0,0.0,0.0,0.0,0.0,0.0,0.0,0.0,0.0,0.0,0.0,0.0,0.0,0.0,0.0,0.0,0.0,0.0,0.0,0.0,0.0,0.0,0.0,0.0,0.0,0.0,0.0,0.0,0.0,0.0,0.0,0.0,0.0,0.0,0.0,0.0,0.0,0.0,0.0,0.001767309912605624,0.0,0.0,0.0,0.0,0.0,0.0,0.0,0.0,0.0,0.02931866673899887,0.0,0.0,0.057444220913467986,0.20935061842940145,0.0029747581915008318,0.0017534323141699575,0.0008526209795686489,0.015353476151945555,0.0,0.0,0.0,0.0,0.004343913723751019,0.004684984459250613,0.29680954034566714,0.0,0.004594908540727894,0.0,0.0017088463867763462,0.04421946779986495,0.0035474527833369777,0.0,0.0018715098101079685,0.0,0.0,0.0,0.0036048449737736124,0.0,0.0,0.0,0.0034927587447921853,0.0,0.013543171900291162,0.0,0.0,0.0,0.0,0.0,0.0,0.0,0.0,0.0,0.0,0.0,0.0,0.0,0.0,0.0,0.0,0.0,0.0018140106313580685,0.0
252,0.0,0.0006614079665596658,0.0,0.0009701079762569204,0.0,0.0,0.0,0.0,0.0037800099281055316,0.00016264737778875772,0.0,0.0019161230251630713,0.0006614079665596658,0.0,0.0012222576934000661,0.0,0.0,0.0,0.0007300001176251101,0.0,0.0,0.0,0.009702476065240958,0.0,0.0,0.004733812275524832,0.00019149828186679953,0.0008257290973461256,0.0009848788072290323,0.0,0.00044976945257154446,0.0,0.0,0.0,0.0,0.0,0.0,0.00048287051179454407,0.0,0.0,0.0,0.0005311048681503831,0.0006813938432934464,0.0,0.0,0.0,0.0,0.0006796831160330465,0.0,0.0,0.0006657669877234936,0.11118433910553095,0.0006878337211605956,0.0020930728916500113,0.003228440383287672,0.0,0.001987829377184788,0.0,0.0,0.0,0.001197179254069842,0.0,0.0,0.0,0.0,0.0,0.0,0.0,0.0,0.0,0.0,0.0,0.0,0.0,0.0,0.0,0.0,0.0,0.0,0.0006843663285206415,0.0,0.0,0.0,0.0007467747675907718,0.0,0.0,0.0,0.0,0.0,0.0,0.0,0.0006557375233713459,0.0,0.0,0.0,0.0,0.001223107344988824,0.00046994406862110557,0.0005408753520512699,0.0,0.0,0.0,0.0,0.0,0.000668719809001448,0.0,0.0,0.0006545080059368597,0.0005112410115682334,0.0,0.0,0.0,0.0,0.0015647223503570873,0.0,0.0,0.0,0.0,0.0005016731418621288,0.0,0.0,0.0,0.0,0.0,0.0,0.0,0.0,0.0006968857408389817,0.0,0.0,0.0,0.0005112410115682334,0.0,0.0,0.0006976193168745931,0.0,0.0,0.0,0.0005180283835207633,0.0,0.0,0.00016012468856588293,0.0006956315202848461,0.0,0.0,0.00048091767800748455,0.0,0.0,0.0,0.0,0.0006959786188016249,0.0,0.0014143867789227788,0.0,0.0,0.0,0.0,0.0011852645035751923,0.0,0.0,0.0,0.0,0.0,0.0,0.0,0.0007060526266248588,0.0,0.0,0.0,0.0,0.0005924337947214262,0.0,0.0,0.0,0.0,0.0,0.0,0.0,0.0,0.0,0.0,0.0,0.0010777723945391965,0.0,0.0,0.0,0.00016264737778875772,0.0,0.0,0.0001689807495754488,0.0,0.0,0.0,0.0,0.0,0.0,0.0,0.0,0.0,0.0,0.0010729212741687208,0.0,0.0,0.0004644864876633228,0.0,0.0,0.0,0.0005180283835207633,0.0004846954858848743,0.0,0.0,0.0008675251948369223,0.0,0.0,0.000586309808304911,0.0,0.0006948217808760229,0.0005920201531891236,0.0005920201531891236,0.0019157552147468085,0.0,0.0,0.0,0.0,0.0,0.0,0.0004231253947734591,0.0,0.00016774050716034211,0.0006754188358419007,0.0006754188358419007,0.004176328615797573,0.0020155590916874832,0.0018678956579664526,0.014500115467059685,0.0041970306398185254,0.0006930137201444967,0.0,0.13760723033740663,0.0037818184505279727,0.0007006262024014544,0.00016909364081309897,0.0008616423356999258,0.028937995555248012,0.0007041762194209076,0.0011760012915094447,0.0006123880861762839,0.09936601863483087,0.0005388861972695983,0.0013519483116722414,0.006296819208582188,0.0005185817160957642,0.0,0.0,0.12610676519248767,0.0006727315715652107,0.3294102594334828,0.000668719809001448,0.034431639636538725,0.0019329698639132364,0.011994500712613761,0.0006910789545080045,0.0018994341547622744,0.0006153289924851849,0.0,0.0006948581822118388,0.0,0.0,0.0,0.0,0.0,0.0,0.0,0.0009476176562204246,0.0005488634611135731,0.0,0.000699805023887578,0.0,0.0,0.0004846954858848743
253,0.0,0.0004889789619497045,0.002025527585910194,0.0,0.002189223599967123,0.0,0.0,0.0,0.0007506362004559285,0.0,0.0,0.0,0.0021860211867022884,0.0025859616316325973,0.0011861575488388723,0.0,0.0,0.0002757193287999453,0.0,0.0007815214137933196,0.0,0.0,0.0057904562093495805,0.0,0.0,0.0006685455989023426,0.0018973257629289583,0.00035343929948712313,0.001321530902958711,0.0,0.0,0.0,0.0,0.0,0.0,0.0,0.0,0.0,0.0,0.0,0.0,0.0,0.0,0.0,0.0,0.0,0.0,0.0,0.0,0.0,0.0,0.0,0.0,0.00033997285897506183,0.0,0.0,0.0003668709652811193,0.0002757193287999453,0.0,0.0008037391697009435,9.629006900201079e-05,0.0,0.0,0.0,0.0,0.0,0.0,0.0,0.0,0.0,0.0,0.0,0.0,0.0,0.0,0.0,0.0003758176923498445,0.0,0.0,0.0,0.0,0.0,0.0,0.00029687580054337524,0.0,0.000632656885136816,0.0,0.0002934139225074826,0.0,0.0,0.0,0.0,0.0,0.0,0.000316328442568408,0.0,8.737118027147527e-05,0.0,9.734950375410337e-05,0.0,0.0,0.0,0.0002757193287999453,0.0,0.0,0.0,0.0,0.0,0.0,0.0,0.0,0.0,0.0006727187885118665,0.0,9.652989288006852e-05,0.0002890389128063871,0.0,0.0,0.0,0.0,0.0,0.0,0.0,0.0,0.0,0.0,0.0,0.0,0.0,0.0,0.0,0.0,0.0,0.0,0.0,0.0,0.0,0.0,0.0,0.0,0.0,0.00030787785539064663,0.0,0.0,0.0,0.0,0.0,0.0,0.0,0.0,0.0,0.0,0.0,0.0,0.0,0.0,0.0,0.0,0.0,0.0,0.0,0.0,0.0007735236800251037,0.0,0.0,0.0005409582534392534,0.0,0.0,0.0,0.0,0.0,0.00036604389483393094,0.00036114859377457193,0.0,0.0003708000798840585,0.0,0.0,0.0,0.0002757193287999453,0.0,0.0,0.0,0.0,0.0,0.0,0.0,9.629006900201079e-05,0.0,0.0,0.0,0.0,0.0,0.0,9.734950375410337e-05,0.0,0.0,0.0,0.0,0.0,0.0,0.0,0.0,0.0004206971263089563,0.0,0.0,0.0,0.00040628801413324604,0.0,0.0,0.0,0.0,9.474885089624963e-05,0.0,0.0,0.0,0.0,0.0,0.00030555524499260785,0.0004083137030944139,0.0007212704401987922,0.0,0.0,0.0,0.0,0.0003652452588332452,0.0,0.0002800070099327253,0.001252502885346361,0.002174009040555178,0.0,0.0,0.0002758161063259233,0.00359255060181393,0.0015400154853044993,0.0013996301933428886,0.04577474085926,0.0,0.0003094645933838549,0.0,0.0013654289623405383,0.0,0.0,0.0003607278931884447,0.0,0.0007150107847051144,0.0,0.0003418728685246977,0.022251510118441654,0.008456018009547423,0.0,0.0,0.00029891144407707693,0.0006504779043655966,0.0,0.0053398800966440885,0.0,0.0,0.6938541762142676,0.0,0.06135454109667704,0.000417725071653258,0.10778578186888256,0.0012385688974722558,0.0,0.0011102495326924613,0.0,0.00037560716392773214,0.00028676354150356393,0.0,0.0,0.0003708000798840585,0.0,0.00037560716392773214,0.0006326760377312144,9.056733462140237e-05,0.0,0.00025082052724908463,0.0,0.0002579534084958205,0.0014902993329876434
254,0.0,0.0,0.001300918379128921,0.00014882691485682372,0.0008484954412817,0.00013378092156881148,0.0001559458119085438,0.0,0.0019669886744658623,0.0002750081057925454,0.0,0.0,0.0003421789696769217,0.00022744628740506892,0.0007124764832433513,0.0,4.4103554758844075e-05,0.001244311479111805,0.0,0.0010331236792250438,0.0,0.0,0.009590913544471249,0.0,0.0,0.0016862112110062714,0.0015000492343094853,0.0003225075838165736,0.0010630745242260929,0.0002777809570014853,0.0003210442123414188,0.0,0.0,0.0,0.0,8.97608353912348e-05,0.0,0.0,0.0006863952031481375,0.00014700540119783853,0.0002697078354508087,0.0009860559698157655,0.0,0.00014676009507251156,0.0,0.0004046833237843605,0.0,0.0001754613440962732,0.00017911390730904127,0.0,0.0008134663971768049,0.00041779418364938723,0.0,0.0011404653606857742,0.0014291192117020135,0.00014211848322513273,0.0003254826067074405,0.0004972988320565503,0.0,0.00018773933667323766,0.0005310466844448844,0.00012273397026189332,0.0,0.0,0.0,0.0005174644284735386,0.0,0.0,0.0,0.0,0.00023842452363622056,0.0,0.0,0.0,0.00018404879088873896,0.0,0.00051286087823076,0.0,0.0,0.0,0.0,0.0,0.00017861479090754224,4.673418608758122e-05,0.0,4.305632461987737e-05,0.00012571628363279862,0.0,0.0,0.0,0.0,0.0,0.00017522865995365643,0.0,0.0,0.0,0.0005934974904007726,0.0,0.00013810105376789482,0.0,0.0001740047873972247,0.00017754531002674677,0.0004014318226340114,0.0,0.0,0.00018651747358722952,0.00014447173322707809,0.0,0.0,0.00022436780243470874,0.0,4.498238828303294e-05,0.0006896565427870056,0.00045415572663330586,0.0005951130564383307,0.00014451459111367842,0.0,0.0001500254419505603,0.0,0.00015206603335619223,0.00018322667564520326,0.0,0.00017909378258342077,0.0001703808635610273,0.00018110362423963218,0.0010266709275128772,0.0,0.0,0.0,0.00016733139728709293,0.00018032518925726926,0.0005061410386975728,0.0,0.0,0.000642973307535804,4.305632461987737e-05,0.0,0.00018244759565316253,0.0,0.00018974882472805264,0.0003593266880552641,0.0003179010355283589,0.0,0.0004588516830620397,0.0,0.0018188031034282314,0.0,0.0,0.0002198405840132031,0.0,0.0008367431584243588,0.0,0.00019029038932980992,0.0,0.0,0.00014444851709991658,0.0,0.00018379307905132052,0.0,0.00012808835904564502,0.00013885416682983025,0.0,0.0,0.00014070359927655503,0.0,0.0010087370149327929,0.0,0.0003678320875689643,0.0,4.612790006200111e-05,0.0008746131977917692,0.0,0.0,0.0005262917014414325,0.0020632701692071694,0.0,0.0003185221092542622,0.0,0.0,0.0,0.00043821106821734864,0.0006683579445584018,0.0001769955196160731,0.00018783532896236887,0.0,0.0,0.0002712866689188526,0.0,0.0,0.0001459641020742933,0.0,0.0,0.0,0.0004312784545503074,0.0,0.0,0.0,0.0,0.0,0.0,4.02598251689472e-05,0.0,0.0,0.00033655906497140564,0.00018825995078760967,0.0,0.0005163190773578857,0.0003376022604095094,0.0,0.0,0.0,0.00013577311353701744,0.0,0.0,0.00026448260939600894,0.0,0.00014604552756953648,0.003020659475286487,0.0001318417143206923,0.0008530411928441303,0.00027617376982515875,0.0002274570912883658,0.00023583533815513735,9.059668230733155e-05,0.0,0.00029139270266641476,0.0013305227935092063,0.002848847683855356,0.0009118561575521226,0.00041246200928328356,0.0002433515329046105,0.007177886028314353,0.006497448592452074,0.002389529295073664,0.010014164467564755,0.009921446801172231,0.000426209168027738,0.0001668139655458224,0.1898942529485678,0.0038334157712471735,0.0005832811346617956,0.0014372549910389204,0.0031893652506702823,0.005707237305205098,0.0004929493482196016,0.014410069797572844,0.08350852902060274,0.5011888894830655,0.0009863985111740095,0.0003273113917053445,0.00018229299031273993,0.0011736080272379556,0.02295046749979409,0.0007204180754194118,0.0,0.0,0.004338929967638595,0.004689051310414921,0.0026890596722780663,0.036849953487214954,0.005065927129286931,0.002321767244744757,0.0008002513222343003,0.00035377774081109665,0.00014404497053450312,0.0004532886825417883,4.673418608758122e-05,0.00018268570426654192,0.0005681278429579369,0.0,0.0,0.00024195783109129575,0.00028141807787955266,0.0012882400869560918,0.0010518789532061397,0.0,0.0020661269253190017,0.00018932971376125959,0.00037567065792473773,0.0016877368016718524
255,0.0,0.0,0.0,0.003142780749240529,0.0,0.0,0.0,0.0,0.0,0.0,0.0,0.003025617594346744,0.10757425147816732,0.0,0.006031646590680178,0.0,0.0,0.0,0.0,0.0,0.0,0.0,0.009459533433107103,0.0,0.0,0.0,0.0,0.0,0.002955656837996819,0.0,0.005728200614843235,0.0,0.0,0.0,0.0,0.0,0.0,0.0,0.0029063471632004953,0.0,0.0,0.0,0.0,0.0,0.0,0.0,0.0,0.0,0.0,0.0,0.0,0.0,0.0,0.0,0.0,0.0,0.0,0.0,0.0,0.0,0.0,0.0,0.0,0.0,0.0,0.003015823295340089,0.0,0.0,0.0,0.0,0.0,0.0,0.0,0.0,0.0,0.0,0.0,0.0,0.0,0.0,0.0,0.0,0.0,0.0,0.0,0.0,0.0,0.0,0.0,0.0,0.0,0.0,0.0,0.0,0.0,0.0,0.0,0.0,0.0,0.0,0.0,0.0,0.0,0.0,0.0,0.0,0.0,0.0,0.0,0.0,0.0,0.0,0.0,0.0,0.0,0.0,0.0,0.0,0.0,0.0,0.0,0.0,0.0,0.0,0.0,0.0,0.0,0.003066624778358534,0.0,0.0,0.0,0.0,0.0,0.0,0.0,0.0,0.0,0.0,0.0,0.0,0.0,0.0,0.0,0.0,0.0,0.005860514164325075,0.0,0.0,0.0,0.0,0.0,0.0,0.0,0.0,0.0,0.0,0.0,0.0,0.0,0.0,0.0,0.0,0.0,0.0,0.0,0.0,0.0,0.0,0.0,0.0,0.0,0.0,0.0,0.0,0.006186948068511052,0.0,0.0,0.0,0.0,0.0,0.0029917557268564054,0.0,0.0,0.0,0.0,0.0,0.002714728918856316,0.0,0.0,0.003142780749240529,0.0,0.0028854569474311385,0.0,0.0,0.0,0.0,0.0,0.0,0.0,0.0,0.0,0.0,0.0,0.0,0.0026996914463135093,0.0,0.0,0.0,0.0,0.003289918804570358,0.0,0.0,0.0066845251153023555,0.0,0.21106289223498176,0.003107824389176386,0.0,0.0029162750716789526,0.0,0.0027060652516097457,0.0,0.0029415247895485637,0.07698402972885093,0.0025663620421593676,0.0,0.0,0.0031339925600634105,0.0,0.006114655123563337,0.1334760513999223,0.0,0.0,0.0,0.0,0.12672179931996155,0.0,0.2040738654889462,0.0,0.0,0.005731974576284547,0.0,0.0,0.0,0.0,0.0,0.008768167063773513,0.0,0.005519082926759314,0.0,0.005975357238237897,0.0,0.0,0.0,0.003092197841206917,0.00878681231934187,0.0,0.0,0.0,0.0,0.0,0.0,0.0,0.0,0.0,0.0,0.0029582681572456635,0.0,0.0,0.0,0.0,0.0,0.0,0.0,0.0,0.0,0.0,0.0,0.0,0.0,0.0
256,0.0,0.0,0.0,0.0,0.0,0.0,0.0,0.0,0.0034735727973792888,0.0006111089015963519,0.0,0.0,0.0,0.0,0.0,0.0,0.0,0.0005689111055978948,0.0,0.0,0.0,0.0,0.0019503864651070225,0.0,0.0,0.0012164746316190725,0.0,0.0,0.0006027119316146339,0.0,0.0,0.0,0.0,0.0005920579196708237,0.0,0.0,0.0,0.0,0.0,0.0,0.0,0.0,0.0,0.0,0.0005564318667710148,0.0,0.0,0.0011593486078365016,0.0005687811283351429,0.0,0.0005731161082206771,0.03879985097093131,0.0,0.0,0.00117398552375324,0.0,0.0,0.0,0.0,0.0,0.0,0.0,0.0,0.0,0.0,0.0,0.0,0.0,0.0,0.0,0.0,0.0,0.0,0.0,0.0,0.0,0.0,0.0,0.0,0.0,0.0,0.0,0.0,0.0,0.0,0.0,0.0,0.0,0.0,0.0,0.0,0.0006004729346964171,0.0,0.0,0.0,0.0,0.0005744074061953966,0.0,0.0,0.0,0.0,0.0005464090915297646,0.0,0.0,0.0,0.0,0.0,0.0006406972809967414,0.0,0.0,0.0,0.0005904724645272227,0.0,0.0,0.001584707572677764,0.0,0.0004383513016433459,0.0,0.0,0.0,0.0,0.0,0.0,0.0,0.0,0.0,0.0,0.0,0.0,0.0,0.0,0.0005938056719051965,0.0,0.0,0.0,0.00038915959123814756,0.0,0.0,0.0,0.0,0.0,0.0,0.0,0.0,0.0,0.0,0.0,0.0,0.0,0.0005987483598360373,0.0,0.0,0.0,0.0,0.0,0.0,0.0,0.0,0.0,0.0,0.0,0.0,0.0,0.0,0.0,0.0005452773180341688,0.0,0.0,0.0,0.0,0.0,0.0,0.0,0.0,0.0005907925009248916,0.0,0.0,0.0,0.0005663747519872055,0.0,0.0,0.0,0.000668937686071836,0.0,0.0,0.0,0.0,0.0,0.0,0.0,0.0,0.0,0.0,0.00061071169078811,0.0,0.0,0.0,0.0,0.0,0.0,0.0005920579196708237,0.0,0.0,0.0,0.0,0.0,0.0,0.0,0.0,0.0,0.0,0.0,0.0,0.0,0.0,0.0,0.0,0.0,0.0,0.0006018181329480346,0.0,0.0,0.0,0.0,0.0,0.0003652967316140181,0.0,0.0011760889513670579,0.0009533097218977132,0.0,0.0005991618674837543,0.005200721514681889,0.0028752830920102056,0.0,0.0017421625566441772,0.0027870828912097837,0.0,0.0006518506435914416,0.016913957603098356,0.0011859367120098027,0.0005974383230200936,0.0005987483598360373,0.001806597827573816,0.0006232205095461208,0.0,0.0,0.0,0.5701766492537905,0.0015998051232410868,0.0,0.0,0.0,0.15263975743216204,0.0,0.023152725995274577,0.0,0.0,0.0018428020713274673,0.0,0.0018141875469199062,0.14371346893780798,0.0005907925009248916,0.002594705787191515,0.0,0.0,0.0,0.0,0.0,0.0,0.000610861897573354,0.0,0.0006074465140981621,0.0,0.0,0.0,0.0,0.0,0.0,0.0,0.0
257,0.0,0.00017526892158485285,0.004237340518042799,0.0,0.017325648197212076,0.0003037205121468865,0.00021308243329778534,0.0,0.00045493301816097883,0.0005980100581158418,0.0,0.0,0.00048100336992028904,0.005523161776941261,0.0005272332260112211,0.0,0.0,0.00059686270093393,0.0,0.0014203070973878953,0.0,0.00036146393559487834,0.01207171215794567,0.0,0.0,0.0015115983886686236,0.001646714333111611,0.0007562163485337317,0.001272740297669537,0.0,0.0,0.0,0.0,0.0,0.0,0.0,0.0,0.0,0.0,0.0,0.0,0.0002957110664898069,0.0,0.0,0.0,0.0,0.0,0.0008324455535919215,0.00030740009793985294,0.0018993405334078765,0.0009319554946016717,0.0,0.0,0.0,0.0018342904170418376,0.0,0.0,0.0016157767557797777,0.0006936220014874993,0.0,0.0003214475283748551,0.0,0.0,0.0,0.0,0.0008265932319409931,0.0,0.0,0.0,0.0008891815043698298,0.0,0.0,0.0,0.0,0.0,0.0,0.0012191331628665849,0.0,0.0,0.0,0.0,0.0,0.0,0.0,0.0,0.0,0.0,0.00032804581733126794,0.0,0.0,0.000641223789786199,0.0,0.0,0.0,0.0,0.0003102311032012867,0.0015235378099168286,0.0,0.0006156479644007987,0.0,0.0002891544698877163,0.0,0.00030268859951805907,0.0,0.0,0.0002805737508913977,0.0,0.0003075453110228553,0.0,0.0,0.0,0.0,8.273513238219306e-05,0.0003837614884606207,0.00025055438100670763,0.000304771628574886,0.0009244576875681619,0.0,0.0,0.0,0.0,0.0004741590371838566,0.0008648753788565826,0.0,0.0003146527925167023,0.001130883022572779,0.0,0.0,0.0,0.0,0.0,8.08075181661834e-05,0.0,0.0,0.00045816511645944665,0.0003035370800745843,0.0,0.0,0.00030064949038876155,0.0,0.0002891544698877163,0.0006206928037028901,0.0,0.0,0.0,0.0003183889429931659,0.0,0.0,0.0,0.0,0.0,0.0,0.0,0.0,0.00030592492409818584,0.00029832469644212216,0.00030913905215965544,0.0,0.0,0.0,0.00022719357498641765,0.0,0.0,0.0,0.0,0.001234676519520106,0.0,0.0,0.0004468965440140293,0.0,0.0,0.0008682192851499255,0.0003023847742107075,7.577400183266382e-05,0.0017083286836534822,0.0005252122112038368,0.0,0.0003055763258269001,0.0,0.0,0.0,0.0002987581065099687,0.0002891544698877163,0.0,0.0,0.00039499826206809637,0.0003054729604099989,0.0,0.0,0.0,0.0,0.0003026266692097818,0.0,0.0,0.0,0.0,0.0,0.000307091468458536,0.0,0.0,0.0,0.0,0.0,7.43713787104864e-05,0.00013851587483550598,0.0,0.0008745261470463246,0.000595150534855711,0.0,0.00017526892158485285,0.0007664368034203099,0.0,0.0,0.0008322701297133175,0.0002403421675662897,0.0,0.00026038773799348495,0.004596665885637125,0.0,0.0018998675776683129,0.0,0.0005615969918286948,0.0,0.0,0.0002326897511911965,0.0005577436051412561,0.0008250824082042277,0.0024013371362841575,0.11867915650248595,0.0002765435390569212,0.00025418971434354936,0.002272979019266918,0.00252320847291156,0.0030671957525677074,0.0017291376397126504,0.03755660910410233,0.0,0.0011616857615088447,0.00030726902822737225,0.002758259119719736,0.0003075456670136228,0.0006281370050074915,0.002093458636980794,0.0,0.0009083017703434169,0.0008399636127066822,0.02608055553305769,0.04391798573674445,0.12292563037913251,0.0003148116922391091,0.0,0.00031750857573430993,0.001396847917680401,0.3436460075484429,0.006179286726754134,0.00029611193417404297,0.00026503577467911345,0.0,0.0,0.14399610142702163,0.0006866682912370646,0.016041624105829693,0.0037958871860668984,0.0003148996259097678,0.00028300548496864106,0.0008463245350976312,0.0007400194280252757,0.001175727643808262,0.0,0.0001010759897771311,0.00022693593905570095,0.005171665831709866,0.0,0.002061875393222147,0.000944408488099262,0.00034521291987537386,0.0017998119087513375,0.0020331347233056925,0.00023540859632092379,0.0021139755100761065
258,0.0,0.0005232805426866163,0.0,0.0,0.0,0.0005074230726886395,0.00012937262624797624,0.0,0.0006002882138386263,0.005041391428635854,0.0,0.0,0.001774812730790463,0.0,0.0005082882665295131,0.0,0.0004980376343393971,0.0008223130433913502,0.0008370834080473694,0.0006988513001939347,0.0,0.0013344614875205193,0.006394965389335396,0.0,0.0,0.003580733554164931,0.0016100959731633196,0.001085764055538679,0.002247169906206721,0.0,0.001963684902834913,0.0004963911602382203,0.0,0.0,0.0,0.0,0.0,0.0,0.001899065752187912,0.0005206557015841678,0.0,0.0014956965065076424,0.0,0.0004854282709510374,0.0004966819944538084,0.0,0.0,0.0,0.0004896712101592185,0.0005593750715118566,0.0018683037468761286,0.010512465244840175,0.0,0.001664937314703103,0.0006145678322770545,0.0,0.00035365083006571923,0.0,0.0,0.0,0.0,0.0001244508600406638,0.0,0.0,0.0,0.0005345938024347803,0.0,0.0,0.0,0.0,0.0,0.0,0.0,0.0,0.0004969970492150257,0.0,0.001563605067343183,0.0,0.0,0.0,0.0,0.0,0.0009359808111573313,0.0,0.0,0.0,0.0,0.0,0.0,0.0004757810089943952,0.0004954244022369244,0.0,0.0,0.0,0.00012083447597249586,0.0,0.0014693363677910024,0.0004751781521246217,0.0,0.0,0.0004952196248769069,0.0,0.0,0.00041161178922519186,0.0,0.0,0.0009206994367189369,0.0,0.0,0.0004888970494149278,0.0,0.0,0.000924208021576244,0.0009727285320499206,0.0009748159270797436,0.0014812906383487626,0.0,0.0,0.0,0.0,0.0,0.0,0.0,0.0,0.0,0.0,0.0,0.0010578384647458611,0.0,0.0,0.0,0.0005027151543101836,0.0,0.0,0.0,0.0003455932622240015,0.0,0.0,0.0,0.0,0.0,0.0005112241199839022,0.0003477987393327627,0.0,0.0,0.0004957783771694294,0.0,0.0,0.0,0.0,0.0,0.0,0.0,0.0,0.0,0.0,0.0,0.0,0.0005032495199826153,0.0,0.0,0.0,0.000496959879004611,0.0,0.0,0.0008161997415656119,0.0,0.0,0.0,0.0006225354508796833,0.0004377870905184373,0.0,0.0,0.00046315018855973045,0.0006288985142612317,0.0,0.0,0.00036517973478890743,0.0,0.0,0.0017478426086258746,0.0004809023906035819,0.0,0.0,0.0,0.0004332953025777907,0.0003311424190677411,0.0,0.0,0.0,0.0,0.0,0.0004830432223670822,0.00034756422052384774,0.0,0.0005067992871208063,0.0,0.00048714551275116013,0.0,0.0,0.0,0.0,0.0,0.0004963911602382203,0.0,0.0,0.0,0.0,0.0,0.0,0.0,0.00046260626986133115,0.0,0.0,0.0,0.0,0.0,0.002012376346455868,0.0,0.0009878278139510126,0.0,0.0005514419761040559,0.0,0.0,0.0,0.002097354044774248,0.0010284711291800263,0.001543546980205529,0.00024925429734298706,0.0011050247392810418,0.0,0.001040036291711553,0.00047234141190030985,0.0004954244022369244,0.42757064630877334,0.0004969970492150257,0.002819604049166647,0.0013445682774992865,0.0020486608622218884,0.0009011542945667317,0.0003197202705163034,0.000488961253769971,0.0004914491745104422,0.06304463844176418,0.0005102373530265273,0.001183681171900061,0.0005321111284971652,0.010308913187176189,0.00046237092740653983,0.06389883458088877,0.2850830657578692,0.0004957612351563503,0.03413042206815986,0.0004893727953484814,0.0040368440136698686,0.0009870228853141217,0.0,0.001525327698021367,0.0,0.0,0.0,0.0003246535083669958,0.0,0.0,0.001409197721646291,0.0,0.0,0.0005505898708181125,0.0,0.0,0.0,0.00040055754224572354,0.0,0.0006425942002799207,0.0,0.0,0.0009484593404843027,0.0,0.00012083447597249586,0.002501447302428613
259,0.0,0.0004010011296246109,0.0011569082712576929,4.784726387479065e-05,0.0011929592265577161,0.0,0.0001707250122999889,0.0,0.0013281636485382984,0.0,0.0,0.0,0.0,0.0004236219518970973,0.0004982719651917231,0.0,0.0,0.001039585048420039,0.0,0.0002077239435334482,0.0,0.0,0.005093422955831882,0.0,0.0,0.0003426495163544263,0.0005855085981643406,0.00036907542649968405,0.0003753472400890908,0.0,0.0,0.0,0.0001901987648766055,0.0,0.0,0.0,0.00044454870147676265,0.0,0.0,0.0,0.0,0.0,0.0,0.0,0.0,0.00021441147121694534,0.0,0.0004500581044360103,0.00020726323171038516,0.001548418648538683,0.0007251331978285867,0.0001616127496679857,0.0,0.0,0.00021210737713179894,0.0,0.00019933460771716965,0.00020474907718712177,0.00021123902864156896,0.0002695292246317726,0.0,0.0,0.0,0.0,0.0,0.0,0.0,0.0,0.00021025572892814244,0.0,0.0,0.0,0.0,0.0,0.0,0.0,0.00033587033872735513,0.0,0.0,0.0,0.0,0.0,0.0001690133268023067,0.0001729464854489558,0.0,0.0,0.0,0.0,0.0,0.0,0.000200763134839585,0.0,0.0,0.0,0.0,0.00021965417192231442,0.0004245727744491755,0.0,0.0,0.0,0.0,0.0,0.0003961167544524259,0.0,0.0,0.0,0.0,0.0005078036342628276,0.0,0.0,0.0,0.0002086308340064429,0.00020983255820707932,0.0010402425478254417,0.0002512326262544843,0.00021237464195392297,0.0,0.0,0.0,0.0,0.0,0.0,0.0002056251635332886,0.0,0.0,0.0005535620099522411,0.0,0.0004302225852625693,0.0,0.0,0.0,0.00021025213246757358,0.0,0.0,0.00021705713989425253,0.00018369909046030638,0.0,5.3605099090595524e-05,0.0,0.0,0.0,0.00021522785062477729,0.00019855034885725526,0.0,0.0,0.0006286649897398772,0.0,0.0,0.0,0.0,0.0,0.0,0.0002143778057330787,0.0,0.0,0.0,0.0,0.0,0.0,0.0,0.0,0.0,0.0,0.00020601280614956867,0.0,0.0006063141897094975,0.00020827288538434084,0.0,0.0,0.0,0.0002764143122274851,0.00018369909046030638,0.00020949779260462704,0.0,0.0006449096705315498,0.0,0.0,0.0,0.00021231914589027733,0.0,0.0,0.0,0.0,0.00020425062370522663,0.0,0.0,0.00020824637520276972,0.0,0.0,0.0,0.0,0.0003981612340645709,0.0,0.0005463938417605707,0.0,0.00017543379964847722,0.0,0.0,0.0,0.0,0.0,0.0,0.0,0.0,0.00020082798169534607,4.8055748380660035e-05,0.00020738755006497443,0.0,0.0,0.0002092253161939836,0.0,0.0002180416537562953,0.00042537554895320936,0.0,0.0001806599685350184,0.0,0.0,0.0014421049754029696,0.0,0.0009124233709399258,0.0,0.00036256871066904495,0.0,0.0,0.0,0.0,0.0012382752677860792,0.0009429491181181995,0.004433581511741146,0.0003310697414341486,0.0003589375313862088,0.00569453939684013,0.04286173919980346,0.002179417762596142,0.000639196235049092,0.026300306059939355,0.0,0.0004276053280100875,0.0002092253161939836,0.0025073453084987264,0.0008269074591104441,0.00042197295376406496,0.0006311327454903684,0.0006470012803113089,0.00041696199949507366,0.0005356461901604762,0.006001112615002394,0.5279686521087705,0.0031415666460226552,0.00020827288538434084,0.00021570068340371124,0.00021203273753429746,0.001595600223054174,0.057610071746088266,0.06322343593762986,0.0,0.00040378014967954395,0.16017266675074837,0.00037278963166419827,0.0,0.0020550609391840513,0.046349844708427956,0.00022066874141565487,0.00041261709541176415,0.0,5.2045425951866024e-05,5.1212308797991914e-05,0.0004236211348469145,0.00041632800334308074,0.0,0.0004149498244137818,0.0,0.0,0.0002480877820151561,0.0006747731900415917,0.00020572359122331127,0.000499353635702188,0.0003957468864290148,0.0,0.0006223084632615431
260,0.0,0.0,0.0005502606619149595,0.0,0.0,0.0006255208082150756,0.0,0.0,0.12282056136704453,0.00021234661149855882,0.0,0.0,0.0,0.0,0.000406771813622955,0.0,0.0,0.00020286900035673265,0.0,0.0010853353067861093,0.0,0.0,0.008567999713742117,0.0,0.0,0.0018128623869057617,0.0009750903392484504,0.00025648698643529927,0.0006097637725958332,0.00018155592960069893,0.0,0.00014834116801665045,0.0,0.00019971899345018406,0.0,0.0,0.0,0.0,0.00042598860498598224,0.0,0.0,0.00018745599993295848,0.0,0.0,0.0002079723191352164,0.00017725433204619092,0.0,0.0011018988348850075,0.0001426467877945678,0.001161338277915424,0.004321085123050381,0.00976578067887965,0.00020076435132884647,0.000594088227397701,0.0023490242985399544,0.000793651981956597,0.0005155595978620396,0.0,0.0,0.0002134938892076317,0.0,0.0,0.0,0.0,0.0,0.0,0.0,0.0,0.0,4.7976256510050637e-05,0.00020692642946672967,0.00018070265514290082,0.0,0.0,0.0,0.0,0.0004057575789641853,0.0,0.0,0.0,0.0,0.00020676664504266207,0.0,0.0006091167449705485,0.0,0.0,0.0,0.0,0.0,0.0,0.0,0.0,0.0,0.0,0.0,0.0,0.0005659282685206892,0.00012866519931057177,0.0,0.0,0.0,0.0,0.0,0.0,0.0,0.0,0.00039507721121889944,0.0003999710906949923,0.0,0.00020199659031573243,0.0,0.0002035066601762106,0.0,0.0,0.0003971643726282317,0.00021718403637114564,0.0,0.0,0.0,0.0002946634758661949,0.00041417322560225513,0.0,0.00040678287205706123,0.00020679672596315697,0.0,0.0004294758347357847,0.0,0.0,0.00020669364770177978,0.0002041745019378809,0.0002774230126795737,0.0,0.00041708950106561146,0.0,0.0,0.0,0.0,0.0,0.0,0.0,0.0,0.0001760478812411345,0.0001959093617165402,0.0,0.0,0.00040879885130991485,0.0,0.0,0.0,0.0,0.0,0.0,0.0,0.0,0.0,0.0,0.0,0.0,0.0,0.00021305789746693318,0.0,0.0,0.0,0.00020197661426062542,0.0002151747249448976,0.000499453407276069,0.0,0.0,0.0,0.0,0.0,0.0,0.00018447321401631261,0.0,0.00041117246908532924,0.0,0.0,0.0,0.0,0.0,0.0,0.0,0.00019237505334055257,0.0,0.0,0.0,0.00020185968042385225,0.0006837326923299437,0.0,0.00037863622776118227,0.0,0.0003561287222761064,0.0,0.00020606868978641037,0.0,0.0,0.0,0.0,0.0,0.0,0.0,0.0,0.0,0.0,0.00020149955248348163,0.0,0.0,0.0,0.0,0.0,0.0,0.0,0.000429538024019106,0.0,0.0002076647460350169,0.0,0.00013327915188422263,0.00012966828316183517,0.0,0.00039644301348384296,0.0,0.00020199659031573243,0.0,0.0,0.00019941734012083524,0.0001313717479278085,0.0004173124377407184,0.0010735156514708132,0.0,0.0,0.000601223795020616,0.08070555721800779,0.005093176488852158,0.0010054687881208382,0.0018036118553348144,0.0031943566850841866,0.00020199659031573243,0.00019470253818429267,0.0003735358334175612,4.656651348112755e-05,0.0,0.000426728802363464,0.0015455879897314524,0.0,0.00034917632001024463,0.0,0.0008175118757585927,0.6939182210518449,0.0008107913626789153,0.0,0.0,0.0021108712140270377,0.0020779921557021732,0.00043454571584643567,0.0036165144103400284,0.0,0.01643254477052903,0.0010191520773545158,0.00030229647853283485,0.0029512852893154437,0.0,0.0002084274205434473,0.0009732810399220218,0.0,0.000212202899968756,0.0,0.0003941152437834255,0.0,0.0,0.0,0.00047472474844505126,0.00019808726775781893,0.0002151747249448976,0.00022046474195172548,0.00014733173793309744,4.7976256510050637e-05,0.0005845019741702772,0.0,0.0,0.0004062233970410409
261,0.0,0.0,0.00014460007014821706,0.0,0.0006016492175841922,0.0,0.00014570101767438396,0.0,0.0004335650584700681,0.0,0.0,0.0,0.00014374781693832106,0.000140037844751219,0.00014740697215611377,0.0,0.00010044803759392678,0.00015307763262535916,0.0,0.0001488917327410449,0.0,0.0,0.0044201342028930245,0.0,0.0,0.0005595890315344926,0.00046188471138596513,0.0001424691965669567,0.0006083852177787279,0.0,0.0,0.0,0.0,0.00014446524773668295,0.00014725413445168268,0.0,0.0,0.0,0.0001423576051179041,0.0,0.0002995582364302549,0.00014803247973418433,0.0,0.0,0.00014453314641533417,0.0,0.0,0.00012298692194046216,0.0,0.00011799906208246374,0.0,0.0003164788832032415,0.0,0.0,0.0003036867321270717,0.0,0.0,0.0,0.0,0.0,0.0,0.0,0.0,0.0,0.0,0.0,0.0,0.0,0.0,0.0,0.0,0.0,0.0,0.0,0.0,0.0,0.0,0.0,0.0,0.0,0.0,0.0,0.0,0.0,0.0,0.00015182470826938723,0.0,0.0,0.0,0.0,0.0,0.0,0.0,0.00014531446395152166,0.0,0.0,0.0,0.0,0.0,0.0,0.0,0.0,0.0,0.0,0.0002830945872512545,0.0,0.0,0.0,0.0,4.016676019040042e-05,0.0,0.0,0.00014518779885073696,0.0,0.00013926984660375745,0.0,0.0,0.0,0.0,0.00015041289125748472,0.0,0.0,0.0,0.0,0.0,0.00033429118444674164,0.0,0.00015283941182847935,0.0,0.0,0.0,0.00028318885394843977,0.0,0.0,0.0002951573756586142,0.0,0.0,0.0,0.0,0.0,0.0,0.0,0.0,0.00014517355673876044,0.0,0.0002955703360176441,0.0,0.0,0.0,0.0,0.0,0.0,0.00011130240266758489,0.0,0.0,0.0,0.0,0.0,0.0,0.0,0.0,0.0,0.0,0.00015184996952535807,0.0,0.0,0.0,0.00015120689610071314,0.0,0.0,0.0,0.0,0.00010649162947099026,0.0,0.0001564724004977581,0.0,0.00013926803376694538,0.0,0.0,0.00014687511232147477,0.0,0.00028450685546510003,0.0,0.0,0.0,0.0,0.0,0.0,0.0,0.0,0.0,0.0,0.0,0.00014780008784020566,0.0,0.0,0.0,0.0,0.0,0.0,0.00014847687881139877,0.0,0.0,0.0002892253685838367,0.0,0.0,0.000244767081702927,0.00015023587226445235,0.0,0.0,0.0,0.0,0.0,0.0,0.0,0.0,0.0,0.00014972050219192425,0.0,0.00014905498707573435,0.0,0.00044971908762473674,0.0,0.0,0.0,0.0,0.0002986323425927581,0.0035257548377266405,0.00045475890909954926,0.0,0.0012020320252747964,0.0009047075584057754,0.12307871915099754,0.033698854655985176,0.0009457271231863403,0.6675024639466481,0.0001522815815926826,0.0005716972346533352,0.000278627818603328,0.0030119447334674286,0.00029394668165717223,0.0014576000055429282,0.0010473842823286773,0.0,0.00027982732943497606,0.0,0.00013950003265191717,0.04207328094420139,0.00015653617504405077,0.00014194911075837943,0.0,0.0005837857971034216,0.00030183728538941794,0.043221792689604126,0.0011447625107532102,0.0,0.0,0.023599325257046666,0.000296616723537757,0.03011733556189567,0.00048551314056127624,0.0,0.0008131738546085322,0.0,0.0002886192176290226,0.00029625608469282963,0.0004384784628663486,0.0,0.00015393951876740102,0.00014928316028396142,0.0,0.00014312086345775576,0.0,0.00039736353777868906,0.00029552195723741426,0.0,0.00027964274592787565,0.0,0.0,0.0
262,0.0,0.009247584029723714,0.02185967384608874,0.00016461554909908473,0.0018810911460179463,0.0,0.0,0.0,0.00048797943970378,0.0,0.0,0.0,0.0002661361701370199,0.0004947713062234067,0.0009258748115783101,0.0,0.0,0.0005262736494567574,0.00016814250901593498,0.0008086647300023589,0.0,3.7267294374798633e-05,0.021641944095098203,0.0,0.00016287507722021052,0.007700427777117681,0.0011496099070821212,0.0009948195727403036,0.0024108074529059376,0.00012612486424366318,0.0,0.0,0.0,0.0,0.0,0.00032071411083041943,0.0,0.0,0.0,3.8171286652340405e-05,0.00015573252175088545,0.00159991392059378,0.0,0.0,0.0,0.00030414790056324924,0.0,0.00020417180785141752,0.0,0.000723846175408865,0.0004536965230591167,0.0,0.00012047279207906551,4.170726800816648e-05,0.0004269177616357217,0.0001337745141439272,4.0067626899337943e-05,0.0,0.0,0.0,0.0,0.00012513901062796525,0.0,0.0,0.0,0.0005459299716690609,8.576925532480259e-05,0.0,0.0,0.0003133201196287943,0.0,0.0,0.0,0.0,0.0,0.0,0.0012144077686218,0.0,0.0,0.0,0.0,0.0,0.00011619478353861444,0.0,0.0,0.0,0.00016038680874720532,0.0,0.0,0.0,0.0003309493275925296,0.000285868438549022,0.00016038680874720532,0.00011619478353861444,0.0,0.0,0.0015353314938522241,0.00015089841234285607,0.0,0.0,0.0,0.00016038680874720532,0.00020488917997581242,0.00012321068729337053,0.00045659623064926377,0.00016262509571210993,0.0,0.0,0.0,0.0,0.0,3.825920918386015e-05,0.000489823437093221,0.0007874758736249825,0.0004181800306119117,0.0005643744825233664,0.0,0.00012808741295147115,4.608141852601827e-05,0.0,0.00013208483860569883,0.0,0.0002458246164135832,0.0,0.00018586356119405112,0.0004891644341283545,0.0,0.00015004941043338915,0.0,0.0001616801252021902,0.00015268793565501412,0.00020300791984341482,0.0,0.0,0.0,0.00016035705541520972,0.0001349303489374251,0.0,0.0,0.0,0.0,0.0,0.00012717121949250802,0.0,0.00016110753404153283,0.00032416345640493764,0.00016461554909908473,0.0,0.0,0.0,0.00016038680874720532,0.0003133470796769193,0.0002437926389694312,0.0,0.0,0.0,0.0,0.0,0.0,0.0,0.00016038843661802732,0.0,0.0,0.0,0.0,0.0013074264565631519,0.0,0.0,0.00016038680874720532,0.0003166772418996777,0.000841754973298536,0.0001300644257281551,0.00019553882149015507,0.00014115132513012416,0.0011102501610877516,0.0,0.0,0.0,3.749233048858579e-05,0.0,0.00032077361749441064,0.00019864601793106548,8.247136987424751e-05,0.0,0.0,0.0,0.00028665965883483,0.0,0.0,0.0,0.0,0.00027043391724548344,0.0,0.00015873205533972404,0.00017306865485888453,0.0,0.0,3.749233048858579e-05,0.0,0.0,0.0002622260587003157,0.0,0.0,0.00016328018441142677,0.00015323019759315464,0.0,0.0013567740701540614,0.0004149245349918854,0.0,0.00043631338662929306,0.00016327404043208523,0.0003603976013959758,0.0,0.0,0.0003495984938086959,0.0,0.00016305631630832309,0.004298598714589631,0.00016424245455823908,0.004088229391652878,0.0,0.0004908904038084339,0.000327317604873402,4.262111109620949e-05,0.00016305631630832309,0.00016038680874720532,0.0015165547951977534,0.000318071557514631,0.00019353798585343112,0.00016107447518187875,0.0,0.00031733768309840575,0.0,0.00014271541696545806,0.000993224706781778,0.001677796747827365,0.0,0.00015511555130068592,0.0,0.0011623486034790915,0.0,7.726705820673765e-05,0.00015551522166105036,0.0,0.0003208382759410638,4.276320750326115e-05,0.00016038680874720532,0.004356566954036083,0.002094631478080772,0.00012966475140092928,0.0,0.0,0.0,0.0007187873501655697,0.0006579994218883879,0.0,0.0,0.0011700257228671716,0.0,0.0001646700524791471,0.00016407985534333197,0.0,0.0,0.001141315583552033,0.027852188865892562,0.004499255351176787,0.0019436566920310306,0.024686455625412215,0.004476942118960871,0.0021956589098754845,0.0019684840287507444,0.0034482007400735916,0.165811918802861,0.45252437285653907,0.15862203120363638,0.0,0.004376729034602306,0.0021884229863319733,0.0007992998519898263,0.019277248554375275
263,0.0,0.0,0.0,0.0,0.0,0.0,0.0,0.0,0.0,0.0,0.0,0.0,0.0,0.0,0.0,0.0,0.0,0.0,0.0,0.0,0.0,0.0,0.038099078498249,0.0,0.0,0.005190244018631884,0.0,0.0038735287473334397,0.0,0.0,0.0,0.0,0.0,0.0,0.0,0.0,0.0,0.0,0.0,0.0,0.0,0.0,0.0,0.0,0.0,0.0,0.0,0.0,0.0,0.0,0.0,0.0,0.0,0.0,0.0,0.0,0.0,0.0,0.0,0.0,0.0,0.0,0.0,0.0,0.0,0.0,0.0,0.0,0.0,0.0,0.0,0.0,0.0,0.0,0.0,0.0,0.0,0.0,0.0,0.0,0.0,0.0,0.0,0.0,0.00443552720233694,0.0,0.0,0.0,0.0,0.0,0.0,0.0,0.0,0.0,0.0,0.0,0.0,0.0,0.0,0.0,0.0,0.0,0.0,0.0,0.0,0.0,0.0,0.0,0.0,0.0,0.0,0.0,0.0,0.0,0.0,0.0,0.0,0.0,0.0,0.0,0.0,0.0,0.0,0.0,0.0,0.00462028009236896,0.0,0.0,0.0,0.0,0.0,0.0,0.0,0.0,0.0,0.0,0.0,0.0,0.0,0.0,0.0,0.0,0.0,0.0,0.0,0.0,0.0,0.0,0.0,0.0,0.0,0.0,0.0043371048209995934,0.0,0.0,0.0,0.0,0.0,0.0,0.0,0.0,0.0,0.0,0.0,0.0,0.0,0.0,0.0,0.0,0.0,0.0,0.004220101670643325,0.0,0.0,0.0,0.0,0.0,0.0,0.0,0.004610754006722721,0.0,0.0,0.0,0.0,0.0,0.0,0.0,0.0,0.0,0.0,0.0,0.0,0.0,0.0,0.0,0.0,0.0,0.0,0.00457470700652699,0.0,0.0,0.0,0.0,0.0,0.004397657200400724,0.0,0.0,0.009235182450128256,0.0,0.0,0.0,0.0036033002268189233,0.0,0.0,0.0,0.0,0.0,0.0,0.0,0.0,0.0,0.0,0.0,0.0,0.0,0.0,0.0,0.00930670675770666,0.004574780647842439,0.0,0.0,0.0,0.004334641618503105,0.012582339543478665,0.0,0.11402388109515986,0.0,0.00911202037547691,0.0,0.014776644463980668,0.0,0.008552273991636501,0.0033270362210764447,0.0,0.009571867794721576,0.0,0.0,0.01997383425654505,0.0,0.0,0.0,0.0,0.0,0.0,0.0,0.0,0.0,0.0,0.0,0.0,0.0,0.0,0.03437949510803404,0.0,0.0,0.004008986755601105,0.0,0.0,0.04148606273375831,0.003073836004481808,0.005660620654733826,0.5492630729144837,0.003917983254485679,0.027508046828840282,0.013801061421924278,0.0,0.004930867361824659,0.0,0.0,0.010636474254543775
264,0.0,0.0018432199532325522,0.003049487603576205,0.0,0.001134399203126433,0.0,0.0,0.0002773494071094564,7.132688379661063e-05,0.0,0.0,0.0002745759446853114,7.263594124939048e-05,0.00021158438014171806,0.0005562105593087365,0.0,0.0,0.0,0.0,0.0010291258688969746,0.0,0.0,0.006130581627237888,0.0,0.0,0.00045564598322717347,0.0,0.0002532739273075531,0.001307940960569378,0.00026198070423111004,0.0,0.0,0.0,0.00046586054952007735,0.0,0.0,0.0,0.0,0.0,0.0,0.0,0.0,0.0,0.0,0.0,0.0,0.0,0.0,0.0,0.00027863554325119924,0.0,0.0,0.0,0.0002308017778161109,5.762125870285959e-05,0.0002722734258707807,0.0,0.0,6.41760765611299e-05,0.0,0.0,0.0,0.0,0.0,0.0,5.762125870285959e-05,0.0,0.0,0.0002281988656598806,0.0,0.00021158438014171806,0.0,0.00027865813755596975,0.0,0.0,0.0,0.0002778362551094569,0.0,0.0,0.0,0.0,0.0,0.0,0.00020262100729659605,0.00028220203112522214,0.0,0.0,0.0,0.0,0.0,0.0,0.0002683537018569203,0.0,0.0002472303931397592,0.0,0.0,0.0005254440590261111,0.0,0.00027852911447914656,0.0002987752761682496,0.0,0.0,0.0,0.0,0.0,0.00026951282740337527,0.0002743834501516771,0.0,0.0,0.0,0.0,0.0,0.0002461804464140401,0.0005643383660320076,0.00026430320925501357,0.0,0.0,0.0,0.0,0.0,0.0,0.0,0.0,0.0,0.0,0.0002745536721792698,0.0,0.0002400095601976712,0.0,0.0,0.0,0.0,0.0,0.0,0.0,0.0005628299951388376,0.0,0.0,0.0,0.0,0.0,0.0,0.0,0.0,0.00023931403037766769,0.0,0.0,0.0002639491969655152,0.0,0.0,0.0,0.0,0.00027546996339252323,0.0,0.0,0.0,0.0,0.0,0.0,0.00023019493353183614,0.0,0.0,0.0,0.0,0.0,0.0005541909372510352,0.0,0.00027654880505427985,0.0,0.0,0.0,0.00024851275628467377,0.0,0.0,0.00022155517700280463,0.0,0.0,0.0,7.263594124939048e-05,0.0,0.0,0.0,0.0,0.0,0.0,0.0,0.0,0.0,0.0,0.0,0.0,0.0,0.0,0.0,0.0,0.0,0.0,6.577982462431803e-05,0.0,0.0,0.0,0.0,0.0,0.0005167337525914704,0.00024626253845643165,0.0,0.0002772746666481132,0.0,0.0,0.0002712856725413032,0.0,0.0002711465204020137,0.0,0.00028863918440473273,0.00028449926271448896,0.0,0.0002711465204020137,0.0029268817832354354,0.0,6.41760765611299e-05,0.0,0.0005098083979433656,0.0,0.0,0.0,0.0002787635706493875,0.0009757948514933251,0.0002605776652260491,0.0,0.0,0.0,0.0005217373450209271,0.0005157462952549998,0.0002778362551094569,6.549919951111094e-05,0.0008622021629725539,0.0,0.0002749805243816612,0.0,0.0008194759442886643,0.0,0.00020262100729659605,0.00020892809983022855,0.0,0.00028623210915269316,0.0,0.0,0.0028926212875930446,0.0001637196790448823,0.0,0.0005570582289582931,0.0,0.0,0.0002823669440358855,0.0,0.0,0.0,0.0005105997029189709,0.0,0.0006148954364399816,0.0002787040288224532,0.0,0.21801336729001064,0.00013837702193785926,0.0,0.016667174298973107,0.001305555635471692,0.0018988299786027092,0.0016459155691195139,0.11101773977576229,0.02872331985414562,0.0013781363199145507,0.021223538354833888,0.09814007724878929,0.011153947682344813,0.0005275660002863231,0.015759778325099973,0.0,0.0262567313173374,0.40277170546128227
265,0.0,0.0003965620807674904,0.0005261848330239497,0.00016322987341851146,0.0008306703371164617,0.0,0.00030615593612128125,0.0,0.00022062951208981556,0.00022571710194593057,0.0,0.0,0.0,0.0,0.0007683315035805501,0.0,0.0,0.0003875349413361982,0.00022718986971918196,0.0018837918501491224,0.00016020214713107265,0.0,0.020254396645043554,0.0,0.0,0.009636632464374142,0.001718491220931131,0.0004486604817759597,0.0012749919086764135,0.0,0.0,6.289615508364515e-05,0.0,5.004180092534841e-05,0.0,0.0,0.0,0.0,0.0002249668241399769,0.0,0.0,0.00011446408801128624,0.0,0.0,0.0,0.0002252475714535657,0.0,0.0,0.0,0.00020898070042680965,0.0,5.613375594401876e-05,0.0,0.00015430501494142896,0.00016684346404803715,0.0003350698541830244,0.0,0.0,0.0,0.0,0.0,0.0,0.0,0.0,0.0,0.0006175286537531373,0.0,0.0,0.0,0.0002511249516957991,0.0,0.0,0.0,0.0,0.0,0.00015719448149776168,5.5897420004601536e-05,0.0,0.001856603605039378,0.0,0.0,0.0,5.316824880956589e-05,0.0002870910086373628,0.00014863886357519248,0.0,0.0,0.00020841850373852903,0.0,4.44078486259758e-05,0.0003747785225886586,0.0,0.00039556534481428385,0.00041005096135756573,0.0,0.00023167424506031041,0.0005314987948332213,0.00029069704968612357,0.00010709840995141605,0.0,0.00022438726956946922,0.0,0.0,0.0,0.0,0.0,0.0,0.0,0.0,0.0,0.0,0.00022887504414891005,0.0006858583281382557,0.00010633649761913178,0.0005824378593374886,0.0,0.0,0.0001609230273126284,0.0,0.0,0.00016019312441183816,0.0,0.0,0.00018235348072384586,0.00017016739499637452,0.0008218422655511089,0.0,0.0002259574276303058,5.460594641605019e-05,0.00020488311541902346,0.0,0.0,5.6732871375287875e-05,0.0,0.0,0.0003412407137141903,0.0,0.0,0.0,0.0003456976475616923,0.0,0.0007362818593653532,0.0,0.0,0.0002709522807276306,0.0,0.0,5.450556296016109e-05,0.0,0.0,0.0,0.0,5.71708231865146e-05,0.0,0.0,0.00021898942239103938,0.0,0.0,0.0,0.0,0.0,0.0,0.00017074105976026957,0.0,0.0,0.00026884108913398353,0.0004097662308380469,0.0,0.00019721037308171932,0.00017525167929413038,0.00018235348072384586,5.5539488041135294e-05,0.00023167424506031041,0.0,0.000557698101797105,0.00010057250335469149,0.00014184962703572853,0.0,0.0,0.0,0.0,5.373499835670681e-05,0.0,0.0,0.0,0.0,0.0,0.0,0.0,0.0,0.0,5.316824880956589e-05,0.0,0.0,0.00015343889561052226,0.0,0.0,0.0003983955948554943,0.00021947338518097862,0.0,0.0,0.00014674637317516566,0.00022571710194593057,0.0,0.00025920060307729195,0.0,0.00015099039443433596,0.00017542069549646245,0.0001379404790406873,0.00015012540277604524,0.0,0.0,5.6732871375287875e-05,0.0,0.0,0.00019031329220757742,0.00017768516213644326,0.0017359738457096336,0.0,0.0016149624294596108,0.0,0.0006080166005228865,0.0,0.0,0.0,0.004578511832138331,0.0019202574971596926,0.00044177177621095785,0.0,0.0,0.0,0.00022887504414891005,0.00022363947446931345,0.00017489839075267283,0.0007646300839762024,0.0018201810518150426,0.0,0.0,0.0,0.004269818593733222,0.00017767681826261116,0.0006196688289814215,0.0005505352179257705,0.00015516062653438844,0.0002811697331014175,0.0,0.0,0.0026466311562173416,0.0014902620494736598,0.0,0.0,5.112727661313139e-05,0.0,0.0,0.0002627541241855713,0.0002665409063792549,0.00022360030826154133,0.0007052862334779282,0.0,0.00022887504414891005,0.0001574385155684085,0.0,0.0075244532172041145,0.0,0.004855664379685054,0.0,0.00016638501709441338,0.0010770758912180605,0.0037592764754155873,0.019381702522457547,0.06112318292140009,0.00022587032362542808,0.0011428091570405388,0.0045039003391407805,0.0011108649274479503,0.00973562502426144,0.7825683549966072,0.0,0.005437870187230788,0.013207968971760709
266,0.0,0.00789029128429416,0.5668255117391403,0.0,0.009846006139203325,0.0,0.0,0.0,0.0007394262977611769,0.0,0.0,0.0,0.0,0.03641180980324044,0.0,0.0,0.0003370046543957219,0.00037754485796851145,0.0,0.00036069111056817805,0.0,0.0,0.005638908931790605,0.0,0.0,0.0018730254403080495,8.255195859789848e-05,0.0005718178683018553,0.00033998027373424955,0.0,0.0,0.0,0.0,0.0,0.0,0.0,0.0,0.0,0.0,0.0,0.0,0.0,0.0,0.0,0.0,0.0,9.200105476574041e-05,0.0,0.0,0.0,9.112716787852636e-05,0.0,0.0,0.0,0.0,0.0,0.00033764507582087304,0.0,0.0,0.0,0.00022207526439733767,0.0,0.0,0.0,0.0,0.00031652124328443773,0.0,0.0,0.0,0.0,0.0,0.0,0.0,0.0,0.0003464788322811473,0.0,0.00033422330973024143,0.0,0.0,0.0,0.0,0.0,0.0,0.0,0.0,0.0018337444403965202,0.0002266273863281611,0.0,0.0,0.0,0.0,0.0,0.0003571290927366623,0.0,0.0,0.0,0.00018118750899744676,0.0,9.112716787852636e-05,0.0,0.0,0.0,0.0,0.0,0.0,0.0,0.0,9.10173087555275e-05,0.0003443645847684452,0.0,0.0,0.0003401309706053702,0.0,0.0013381664218725998,0.0,0.0,0.0,0.0,0.0,0.0,0.0,0.00033193775496340546,0.0,0.0,0.0,0.0009694155619571982,0.0,0.0,0.0,0.0,0.0,9.10173087555275e-05,0.0,0.0,0.0,0.0,0.0,0.0,0.0,0.0,0.0,0.0,0.0,0.0,0.0,0.0,0.0,0.0,0.0,0.0,0.0,0.0,0.0,0.0,0.0,0.0,0.0,0.0,0.0,0.0006284504338765573,0.0,0.0,0.0,0.0,0.0,9.112716787852636e-05,0.0,0.0,0.0003485264192911866,0.0,0.00023528595448285076,0.0,7.669940602409875e-05,0.0,0.0003640411516323546,0.0,0.0,0.0003443645847684452,0.00025977168287137637,0.0,0.0,0.0,0.0,0.0,0.0,0.0,0.0,0.0003143310537582133,0.0,0.0,0.0,0.0002756059488213714,0.0,0.00034814517664942936,0.0,0.0,0.0,0.0,0.0,0.0,0.0,0.0,0.0,0.0,0.0003139521093149562,0.0,0.009515276154779383,7.990044020876358e-05,0.0,0.0,0.0,0.0,0.0,0.0003440146491761632,0.0003396150382899037,0.0,0.00022492958758726388,0.003121098338212861,0.0003591479008190773,0.004327752569178329,0.00022658492132640148,0.0,0.0003504891072251034,9.112716787852636e-05,0.0,0.0,0.0011646669348215793,0.0006018932618145701,0.0004859092656941986,0.0,0.0,0.0002934905991228242,0.0007860669777532607,0.00023563115737312084,0.0,0.001288760266683611,0.0,0.0004402980521762614,0.0,0.001690805441522314,0.00033569376011361303,0.0,0.0,0.0,0.0,0.00033569376011361303,0.0,0.0042144707059341485,0.0024881025092167042,0.0,0.0,0.0,0.0,0.0007213822211363561,0.0010019042283733119,0.0,0.0,0.0015505470594928388,0.0,0.0003346771151861521,0.0,0.0,0.01731587461162146,0.0006858961119516991,0.0005725517041315732,0.0013021227047407638,0.0,0.17310137696337008,0.0006812306672963108,9.112716787852636e-05,0.0002364015716389494,0.0002807635052663366,0.0012986866789068913,0.007288242154617162,0.011876030762176274,0.0,0.0005810594266343497,0.1021378673342879,0.00018400210953148081,0.0025860284298925397
267,0.0,0.05391781317381468,0.4761073266895692,0.0,0.0023689929236086244,0.0,0.0,0.0,0.0,0.0,0.0,0.0,0.0,0.00886203506376107,0.00035581352980144936,0.0,0.0,0.0007271603273436349,0.00037164342871426434,0.0,0.0,0.0,0.0063952543833871245,0.0,0.0,0.0029849713430157797,0.0006395431126649939,0.00023068966282694566,0.0018775822164144272,0.0,0.0,0.0,0.0,0.0,0.0,0.0,0.0,0.0002523723082650768,0.0,0.0,0.0,0.0003969185383423785,0.0,0.0,0.0,0.0,0.0,0.0,0.0,0.0005405289475522236,0.0,0.0,0.0,0.00024855104771139626,0.0,0.0,0.00035581352980144936,0.0003586647666526057,0.0,0.0,0.0,0.00037990780918803723,0.0,0.0,0.0,0.00023208967067619285,0.0,0.0,0.0,0.0003217251633293301,0.0,0.0,0.0,0.0,0.0,0.0,0.0,0.00034844082372773445,0.0,0.0,0.0,0.0,0.0,0.0,0.0,0.0,0.0,0.0,0.0,0.0,0.0002794367401748522,0.00036398816143617214,0.0,0.0,0.0,0.0003180413016252215,0.0,0.0,0.0,0.0,0.0002469445427992263,0.0,0.0,0.0,0.0006006994814794913,0.0,0.0,0.0,0.0,0.0,0.0,0.0,0.00037839377210886413,0.0010765525846054295,0.00033747222644593645,0.0,0.0,0.0,0.0,0.0,0.0,0.0,0.0,0.0,0.0,0.0,0.0,0.000372670322987815,0.0,0.0,0.0,0.0006416204132646372,0.0,0.0,0.0,0.0,0.0,0.0,0.0,0.0,0.0,0.0,9.100438432102588e-05,0.0003615050858145774,0.0,0.0007266448061865845,0.0,0.0,0.00036797906722328905,0.0,0.0,0.0,0.0,0.0,0.0,0.0,0.0,0.0,0.0,0.00045566612376001116,0.0,0.0,0.00023659060588574808,0.00034295856126494666,0.0,0.0002746845373785123,0.0,0.0,0.0,0.0,0.0,0.0,0.0,0.0,0.0023385778387325492,0.0,0.0,0.0,0.0,0.0,0.0,0.0,0.0,0.0,0.0,0.0006594203042307661,0.0,0.0,0.0,0.0,0.0,0.0,0.00024851326919136355,0.0,0.0,0.0,0.0,0.0,0.0,0.0,0.0,0.0,0.0003680367243057207,0.0006966678254843388,0.005906099725998377,0.0,0.0066074314632231365,0.0,0.0,0.0006068880186684009,0.0,0.0,0.0,0.0,0.0006530753234966774,0.0,0.00025994563579817206,0.004260873309344388,0.0,0.007750067057875274,0.0,0.0,0.00027014751230554633,0.0,0.0007293028779812142,0.0,0.0016681211857963486,0.0011473713973297573,0.0010866393490037657,0.0,0.0007046928102042432,0.00036398816143617214,0.000495067583629512,0.0,8.803515217320583e-05,0.0015066521352127926,9.106230790033724e-05,0.0,0.0,0.0013530466309835103,0.0,0.0,0.0,0.0,0.00026567504170894727,0.0003626699698924935,0.0,0.002721531451177331,0.000712233405788389,0.0,0.0,0.0,0.0005927386721026451,0.000353754938680265,0.00043433164431775414,0.0,0.0,0.0013268570812400452,0.0,0.0003626699698924935,0.0,0.0,0.0932114694937298,0.0012201282052728092,0.0020795936475767416,0.00129305992459214,0.0943233158699,0.0,0.0017663681076073464,0.0009506326920737557,0.0007292137024561742,0.001442545692151145,0.01568434774965745,0.03312420475378785,0.11404626652937008,0.0,0.003361467567466459,0.019981047080491244,0.0011292446915813496,0.002918217338248802
268,0.0,0.00214843911692029,0.009891213858894464,0.0,0.0007991973616735518,0.0,0.0,0.0,0.0,0.0,0.0,0.0,0.0,0.001316600914053284,0.0,0.0011531497628959823,0.0,0.0,0.0,0.0,0.0,0.0,0.0073539874412259666,0.0,0.0,0.00035048186655644323,0.001050667172560414,0.0,0.0,0.0,0.0,0.0,0.0,0.0,0.0,0.0,0.0,0.0,0.0,0.0,0.0,0.0,0.0,0.0,0.0,0.0,0.0,0.0,0.0009817246564606985,0.0,0.0,0.0,0.0,0.0,0.0,0.0,0.0,0.00256545521739213,0.0,0.0,0.0,0.0,0.0,0.0,0.0,0.0,0.0,0.0,0.0,0.0,0.0,0.0,0.0,0.0,0.003236415292928771,0.0,0.0,0.0,0.0,0.0,0.0,0.0,0.0,0.0,0.0,0.0,0.0,0.0,0.0,0.0,0.0,0.0,0.0,0.0010445957248816128,0.0,0.001933297900319435,0.002001829581925025,0.0,0.0,0.0,0.0012427843969968608,0.0,0.0,0.0,0.0,0.0,0.0,0.0,0.0,0.0,0.0,0.0,0.0011240149850964,0.0,0.0,0.0,0.0,0.0,0.0,0.0,0.0011392525040234652,0.0,0.0,0.0,0.0,0.0,0.0,0.0,0.0,0.0,0.0,0.0,0.0,0.0,0.0,0.0,0.0,0.0,0.0,0.0,0.0011796778505222246,0.0004952127397534231,0.0,0.0,0.0,0.0,0.0,0.0,0.0,0.0,0.0,0.0,0.0,0.0,0.0,0.0,0.0,0.0,0.0,0.0,0.0,0.0,0.0,0.0,0.0,0.0,0.0,0.0,0.0,0.0,0.0,0.0,0.0,0.0,0.0,0.0,0.0,0.0,0.0,0.0,0.002375962288412205,0.0,0.0011625790029217448,0.0,0.0,0.0,0.0,0.0,0.0,0.0,0.0,0.0011796778505222246,0.0,0.0,0.0,0.0,0.0,0.0,0.0,0.0,0.0002548542493114084,0.0,0.0,0.0,0.002237996230334834,0.0,0.0,0.0011616030507376265,0.0,0.0,0.0,0.0,0.0,0.0008241405813812141,0.0,0.0,0.0,0.006726179500119246,0.0,0.0,0.0011891130702522193,0.0019623605777496205,0.0013453730076955198,0.0,0.0,0.0,0.0,0.0,0.0,0.0,0.0,0.0,0.0,0.0022997667398642215,0.0023718413038917537,0.004675217219158184,0.0,0.0011486193041014138,0.0,0.007762535951715001,0.0,0.0,0.0,0.0,0.0013653124361373966,0.000867991237704864,0.0,0.004368599594443142,0.0,0.0,0.0,0.0,0.0,0.0,0.0,0.0,0.0,0.0023475368076649617,0.0,0.0011052153657851555,0.0010797040998123582,0.002091906892439709,0.05925776605679574,0.00998376881763799,0.0023961613347776357,0.015740430919883572,0.0023161479533723834,0.012271275714242434,0.0,0.0051218683187099715,0.0005415527225498396,0.2500452043202796,0.42881083051306595,0.023217932717636863,0.01524410597416528,0.0010764304254769826,0.052612039656556676,0.0,0.0025414693726449776,0.025910930474967536
269,0.0,0.0003810080568098546,0.002202229247752361,0.0,0.0,0.0,0.0,0.0,0.0,0.00028170694653356583,0.0,0.0,0.0,0.0,0.0007835791737008872,0.0,0.0003226318999811061,0.0002808319217715015,0.0,0.001184494541471496,0.0,0.0,0.00679690167347852,0.0002825363327368939,0.0,0.002871255844671927,0.0008832054706298614,0.00142968631363491,0.0015906495064624685,0.0,0.0,0.0,0.0,0.0,0.0,0.0,0.0,0.0,0.0,0.0,0.0,0.0003996895596797985,0.0,0.0,0.0,0.000838708256190245,0.0,0.0,0.0006558061333149343,0.00046606845708378666,0.0,0.0,0.0,0.0007811449398307743,0.0003710729346812418,0.0,0.0007962502627288966,0.0,0.0,0.0,0.0,0.0,0.0,0.0,0.0,0.00010762672200352191,0.0007182270864448872,0.0,0.0,0.0,0.0,0.0,0.0,0.0,0.0003735725725613867,0.00041173884806629366,0.0,0.0,0.0,0.0,0.0,0.0,0.0,0.0003871270578934818,0.0,0.0,0.0,0.0,0.0,0.0,0.0005684784993404943,0.000373935925646553,0.0,0.0,0.0,0.0,0.000363394309921927,0.0,0.0,0.0,0.0,0.0,0.0007239744810809173,0.00028423924967024714,0.0,0.0,0.0,0.0,0.0,0.0,0.0,0.0008234776961325873,0.0,0.0003361269676704293,0.0011281637128051083,0.0,0.0,0.0,0.0,0.0,0.0,0.0,0.0,0.0,0.0,0.00011145353125768317,0.0006867225331241202,0.0,0.0,0.0,0.0,0.0,0.0,0.0,0.0,0.0,0.0,0.0,0.0,0.00040686386565983443,0.0,0.00033065535064914564,0.0004127048602795482,0.0,0.00023293712051808052,0.00010336195620809521,0.0,0.0,0.0,0.0,0.0,0.0,0.0008984333532676587,0.0,0.0,0.0,0.0,0.0,0.0,0.0,0.0004278538834373672,0.0,0.0,0.0,0.0,0.0,0.0,0.0009329361923141309,0.0,0.0,0.0,0.0,0.0,0.0,0.0011526864726051733,0.0,0.0,0.0,0.0,0.0,0.0,0.0,0.0,0.00010762672200352191,0.0,0.0,0.0,0.000409773955773105,0.0,0.0,0.0,0.00029257857730634204,0.00040803217081150834,0.0004142968072518383,0.0,0.0003968229178492121,0.0,0.0,0.0,0.000409773955773105,0.0,0.0,0.0,0.0,0.0,0.0,0.00078788743230971,0.0,0.0003810080568098546,0.0,0.0,0.0007334726249092458,0.0,0.0,0.0,0.0,0.0,0.0011486026067386683,0.000798825196742054,0.0006722757162866728,0.0,0.00040981911368265705,0.00028170694653356583,0.0,0.0,9.544759105993129e-05,0.00043411446763393254,0.0,0.0,0.0,0.0,0.0,0.0006953575784627532,0.0003619872405404587,0.000409773955773105,0.0017978213324612456,0.0003465086341137586,0.0004278538834373672,0.0,0.0008003657093444012,0.0,0.0,0.0,0.0,0.0006578118222316338,0.0,0.0003996895596797985,0.0017242542985051396,0.0002131825472019289,0.0,0.0003444376331426049,0.0,0.0,0.0,0.0005018125207510425,0.0,0.0,0.00011646856025904026,0.0,0.00041085859685785985,0.0003905837777647721,0.0010548686488620858,0.014518595804948155,0.0004342932503976159,0.16044285688944612,0.10399851924939718,0.00039057246991538715,0.0024413735767815797,0.0042551664942283695,0.0,0.38176724185298844,0.0,0.007384513547195044,0.00818503860867762,0.00223140220624256,0.0035092322634802963,0.060502406875331795,0.0005341806928972922,0.11346563637090284,0.08120711896660197
270,0.0,0.0009551477673243628,0.0028546950759898073,0.0,0.0,0.0,0.0,0.0,0.0004332037608650053,0.0,0.0,0.0,0.0,0.0,0.00016943042738355122,0.0,0.0,0.0,0.0,0.0006120710833034553,0.00030356250216991313,0.0002947853519240214,0.010135668197551654,0.0,0.0,0.0044647472993496595,0.0013042482397395466,0.0017491103047876974,0.002226077544414363,0.0,0.0,0.0,0.0,0.0,0.0,0.000506707841987301,0.0,0.0,0.0,0.0,0.0,0.0,0.0,0.0,0.0,0.0004872099408845751,0.0,0.0,0.0003104195138498711,0.0,0.0,0.0,0.0,0.0,0.0005650143576054155,0.0006740262057466132,0.0,0.0,0.0,0.0,0.0,0.0,0.0,0.0,0.0,0.0004667824988789142,0.0,0.0,0.0006815330188679525,0.0005234413779905445,0.0,0.0,0.0,0.0,0.00045565804003628175,0.0,0.0,0.0,0.0,0.0,0.0,0.0,0.0,0.0,0.0,0.00014574650903970574,0.0,0.0,0.0,0.0,0.0,0.00016943042738355122,0.0,0.0,0.0,0.0,0.00014546544482674296,0.00015706602067609506,0.0,0.0,0.0004925581842503413,0.0,0.0,0.0,0.0,0.0001565339830861556,0.0,0.0,0.0,0.0,0.0,0.0,0.0,0.0,0.001873260044891175,0.0006203861730684736,0.0,0.0,0.0,0.0,0.0,0.0,0.0,0.0,0.0,0.0009302055136034804,0.00018765467389165482,0.0,0.0,0.0,0.0,0.0,0.0,0.0,0.0,0.0,0.0,0.0,0.0,0.0,0.0,0.0005057036992623271,0.00016943042738355122,0.0,0.0,0.00015476516473648898,0.0,0.0,0.0,0.0,0.0,0.0,0.0005797249425256096,0.0,0.0,0.0,0.0,0.0,0.0,0.0,0.0,0.0,0.0,0.0,0.0,0.0004461991277320137,0.0,0.0,0.0,0.0,0.0,0.0004925581842503413,0.0014784547136395016,0.0,0.0009268283372579632,0.0,0.0,0.0,0.0,0.0,0.0,0.0,0.0,0.0,0.0,0.0,0.00016943042738355122,0.0,0.0,0.0,0.0,0.0,0.0,0.0,0.0,0.0,0.0,0.0,0.0,0.0,0.0,0.0,0.0,0.0,0.0,0.0,0.00023963771029866245,0.0004925883299079468,0.0,0.0,0.0,0.00016943042738355122,0.0,0.0006657535894722797,0.0,0.0,0.0,0.0011874262826183286,0.0,0.0019618818059375168,0.0,0.0,0.0,0.0,0.0,0.0,0.0019448966514223557,0.0011414248311974423,0.0,0.0,0.0,0.0,0.0007539184306749424,0.0,0.0003262052749184754,0.0,0.0,0.0,0.0,0.0028501614667666027,0.0,0.0,0.0006681910861292274,0.0,0.0,0.0,0.0,0.0015959409971260028,0.0003338546786158452,0.0,0.00017732069552968955,0.0,0.0,0.0,0.000510607904729081,0.0,0.0,0.0020971993606585765,0.00015507111823880507,0.0,0.000505662188867291,0.0,0.011976372623003079,0.0004168054937354551,0.021121440534153973,0.3629557256779316,0.0,0.009328557409120378,0.002308859798558155,0.21083590152880907,0.0,0.00098151695937527,0.0016217808827455726,0.007808104621042396,0.005521137842216109,0.0013938255424820458,0.11971032796948448,0.0007681143445296437,0.1335337408965076,0.05196567269627335
271,0.0,0.004812467744431921,0.004883281723881531,0.0,0.0,0.0,0.0,0.0,0.0,0.0,0.0,0.0,0.0,0.018027061603982323,0.0,0.0,0.0,0.001573741296336719,0.0,0.0,0.0,0.0,0.022850317815933205,0.0,0.0,0.003602518545263432,0.0,0.001709384590838687,0.0,0.001226401692110465,0.0,0.0,0.0,0.0,0.0,0.0,0.0,0.0,0.0,0.0,0.0,0.0010790748413850963,0.0,0.0,0.0,0.0,0.0,0.0,0.0,0.0038406613760840545,0.000406429415129144,0.0,0.0,0.0,0.0,0.0,0.0013361646413096386,0.0,0.0,0.0016299406698660828,0.0,0.0,0.0,0.0,0.0,0.0015023238202444052,0.0,0.0,0.0,0.0,0.0,0.0,0.0,0.0016230053850156947,0.0,0.0,0.0,0.0,0.0,0.0,0.0,0.0,0.0,0.0,0.0,0.0,0.0,0.0,0.0,0.0,0.0,0.0,0.0,0.0,0.0,0.0,0.0010191046054222714,0.0,0.0,0.0,0.0,0.0,0.0,0.0,0.0,0.0,0.0,0.0,0.0,0.0,0.0,0.0,0.001548241308031135,0.0015865055074173512,0.0,0.001785382964512641,0.0,0.0,0.0,0.0,0.0,0.0,0.0,0.0,0.0,0.0008110477488812769,0.0,0.0,0.0,0.0,0.0,0.0,0.0,0.0,0.0,0.0,0.0,0.0,0.0,0.0,0.0,0.0,0.0,0.0,0.0,0.0016299406698660828,0.0,0.0,0.0,0.0016566029660353913,0.0,0.0,0.003294291036474587,0.0,0.0,0.0,0.0,0.0,0.0,0.0,0.0,0.0,0.0,0.0,0.0,0.0,0.0,0.0,0.0017383302758208071,0.0,0.0,0.0016477312648153837,0.0,0.0,0.004408578628281181,0.0,0.0,0.0,0.0,0.0,0.0,0.0015487622745244834,0.0010941516831129287,0.0,0.0,0.0,0.0,0.0,0.0,0.0,0.0,0.0,0.0,0.0,0.0,0.0,0.0,0.0,0.0,0.0,0.0,0.0,0.0,0.0,0.0032575267721741525,0.0,0.0,0.0,0.0,0.0,0.0,0.0016545221595196588,0.0,0.0,0.0,0.0,0.0,0.0016238692249802306,0.0,0.0011711853774358431,0.0,0.0,0.0,0.0,0.0016222520614001838,0.0,0.003645746214840071,0.004186816208552412,0.0,0.0,0.0,0.0022102224027889055,0.0010828285601702928,0.004859870562413056,0.0032463803079288,0.08204283893862353,0.0,0.003784153224235896,0.0,0.012168289155425881,0.0016342547140328657,0.0016200730825859796,0.0010477959930081757,0.0,0.009543681548855399,0.0,0.0,0.014550651988380379,0.0016793992642010031,0.0,0.0,0.0,0.0,0.0030585745624408353,0.0,0.0,0.0,0.013593820854611582,0.0,0.00903807315549276,0.0010279595503648604,0.0015791337766358255,0.05305570365430076,0.26636102592546396,0.004442597753120049,0.0041438026953123305,0.0017177790132251501,0.001126814343426401,0.29743258810994916,0.0032295185594798663,0.0,0.0,0.03404769701822827,0.01410550741975135,0.010809246459500377,0.002756722233312559,0.010174487850980197,0.001052762579683941,0.0,0.016742380628159144
272,0.0,0.0009001685032252192,0.005770614495008664,0.0,0.0019269979702612851,0.0,0.0,0.0,0.0,0.0,0.0,0.0,0.0,0.004401018477694782,0.0008121545137160823,0.0,0.0,0.0019380425162116056,0.0,0.0,0.0,0.0,0.014555924988896166,0.0,0.0,0.0036167550611956845,0.003292394445394369,0.0,0.002456514519120857,0.0,0.0,0.0,0.0,0.0,0.0,0.0,0.0,0.0,0.0,0.0,0.0,0.0,0.0,0.0,0.0,0.0,0.0,0.0,0.0,0.0,0.0,0.0,0.0,0.0,0.0,0.0,0.0,0.0,0.0,0.0,0.0,0.0,0.0,0.0,0.0,0.0018917427720701002,0.0009516494190872622,0.0,0.0,0.0,0.0,0.0,0.0016457490687678549,0.0,0.001181756247868623,0.0,0.000950452190043582,0.0,0.0,0.0,0.0,0.0,0.0009341135731320531,0.0,0.0,0.0,0.0,0.0,0.0,0.0,0.0,0.0,0.0,0.0009175057066187564,0.0,0.0,0.0006831620546860681,0.0,0.0009551408181802904,0.0,0.0,0.0,0.0,0.0,0.0,0.0009322073326049417,0.0,0.0,0.0009657575294513608,0.0,0.0,0.0008645400714889873,0.0,0.0,0.0,0.0,0.0,0.0,0.0,0.0,0.0,0.0,0.0,0.0,0.0,0.0009194750512836256,0.0009345045820045735,0.0,0.0,0.0,0.0,0.0006665221244280628,0.0,0.0,0.0,0.0,0.0,0.0,0.0,0.0,0.0,0.0,0.0,0.0,0.0,0.0,0.0,0.0,0.0,0.0,0.0,0.0,0.0,0.0,0.0,0.0,0.0,0.0,0.0,0.0,0.0,0.0,0.0,0.0,0.0,0.0,0.0,0.0,0.0,0.0,0.0,0.0,0.0009666182159685839,0.0,0.002800096251161068,0.0,0.0006504333989204072,0.0,0.0,0.00023495388273456438,0.0,0.0,0.0,0.0,0.0,0.0,0.0,0.0008543558248586288,0.0,0.0,0.0,0.0009968053360484297,0.0,0.002533730587533088,0.0,0.0,0.0,0.0,0.0,0.0,0.0,0.0,0.0,0.0,0.0,0.0,0.003446643087401888,0.0009260760913215504,0.0,0.0006199858415931738,0.0,0.0,0.0,0.0,0.0,0.0,0.0009048894345229389,0.0036637785095283244,0.0,0.0014813920516851876,0.0,0.0,0.0009655768063714485,0.0,0.0018787506948521875,0.0,0.0049909375344572415,0.0019052796299115242,0.0,0.0,0.0,0.0,0.0,0.0011912581983770376,0.0,0.0025619404087621647,0.0,0.000245671131410713,0.0,0.003176582842052715,0.0,0.001960967010764609,0.0,0.0,0.0,0.0,0.0,0.0061966057938025185,0.0,0.0018723163670938626,0.0,0.001743568817624572,0.0,0.0,0.0,0.0,0.0,0.000938884747196142,0.0009475991403761361,0.0,0.0,0.0,0.3619141569901993,0.005808019180261036,0.04067064575203113,0.003023388642797623,0.0,0.040674282153779086,0.3180486278364134,0.00815426212584861,0.0007179576925097585,0.025454653482300933,0.0,0.0451238944627224,0.02404376416626759,0.0,0.004435294487446448,0.002149998085306149,0.0019037607008920833,0.012156732572452884
273,0.0,0.007546048842463381,0.008262283564521945,0.0,0.0005054153026499572,0.0,0.0,0.0,0.0003364499541869088,0.0001834466899115599,0.0,0.0,0.0,0.0002385341682422876,0.0007378095149436667,0.0,0.0,0.0008021447943329914,0.00018492172772809502,0.001063761785126468,0.0003544357547011418,0.0,0.012674268477625728,5.030842219288653e-05,0.0,0.004583452931032586,0.0010520021850235373,0.00013608445079822323,0.0008630897547297385,0.00025139156045254473,0.0,0.0,0.0,0.0,0.0,0.00036932988031819464,0.0,0.0,0.0008648088725930459,0.0,0.0,0.0006673313309362743,0.0,0.0,0.0,5.326602010554024e-05,0.0,0.00027987833917867175,0.00019110886927603012,0.00010137061933703001,0.0,0.0,0.0,0.0,0.00039814109188585626,0.0,0.00018698050594000116,0.0,0.0,0.0,0.0,0.0,0.0,0.0,0.0,0.0,0.00031076772684968953,0.0,0.0,0.0,0.0,0.0,0.0,0.0,0.0,0.0,0.0001331883216616313,0.0,0.0,0.0,0.0,0.0,0.00017966346768218824,0.0,0.0,0.0,0.0,0.0,0.0,0.0,0.0,0.0001901364164148566,0.0,0.00019432342340018795,0.0,0.0,0.0005899038367088221,0.0,0.00017696130917223783,0.0,4.8208468362813556e-05,0.0,0.00017178722234092796,4.8208468362813556e-05,0.0,0.0,0.0,0.00012659091699085236,0.00033676916570728177,4.517414665277383e-05,0.0,5.078951223157985e-05,0.0,0.0001717621129074516,0.00014582325310256492,0.0003473713641489681,5.078951223157985e-05,0.0,0.00014903604772133712,0.0,9.724454151414008e-05,4.704281818498677e-05,0.00019852733738690942,0.00016439495272449679,0.0,0.0005456852670050658,0.0,5.326602010554024e-05,0.0,0.0,0.00013184317730479718,0.0,0.0,0.0,0.00016017338278522393,0.0,0.00017247400637596135,0.0,0.0,0.0,0.00019849555457494679,0.0,4.0688646772277385e-05,0.0,0.0,0.00029784907933999127,0.0,0.0,0.0,0.0001385110983161805,0.0,0.0,0.00011109522677521001,0.0,0.0,5.4763345376986834e-05,0.0,0.0,0.0,0.0,3.8184328053735014e-05,0.00015061262960791181,0.0001305524174027978,0.00019508945407113265,0.0,0.000682765563538992,0.0,0.0,0.0,0.0,0.0005123476625117038,0.0,0.00012137008674663448,0.0004171681967463875,0.0009728953481068568,0.0,0.0001821088932769601,5.003622707806074e-05,0.00019440337240754138,0.0,0.0,0.0001306070380659096,0.0,0.00014474846002923808,0.0,0.0,0.0,0.0,0.0,0.0001772178773505709,0.0,0.0003822601246784925,0.0001295983699848794,0.00014964623032197647,0.0,0.0001554989345055317,0.0,0.0,0.0,0.0,0.0,4.647153159272261e-05,0.00019647831123369714,0.00011455306923862422,0.0007169046459408788,0.00015430268802174696,0.0002454071998067465,0.0002857441822958934,0.0,0.0010902952327054216,0.0,0.0,0.0,0.0,0.00018466569857094275,0.0003376194909336777,0.0,0.0018725102658620127,0.000132887109014189,0.002899153036474922,5.0685309668515006e-05,0.0010115169733462012,0.00020303234766385944,0.0004724085348058924,4.812326143485813e-05,0.0,0.0017460906089196253,0.0005466142384144602,0.0,0.0,0.0,0.00034061288280359705,0.0004852730886766519,0.0001601872663416085,0.00011497539815149709,0.0012002714950913377,0.0,0.0003633121574916965,0.0,0.0009235292598520112,0.0,0.0,0.00017358853174192964,0.0,5.030842219288653e-05,0.0,0.00018304116340395334,0.0028723081005951412,0.0,5.285217090482888e-05,0.0,0.0,0.0,0.0002792409756270685,0.00044454082923202224,0.0,0.0,0.00038597430944858864,0.0,0.0004960407777708515,0.0001425154379688037,0.00017224348216798526,0.5519682536524391,0.0014305367974919243,0.014302191532064322,0.0036070247925554188,0.0002400868617240438,0.004784307805856268,0.0018252353111392308,0.0017986509963231429,0.0012608484487402595,0.00109073440476064,0.010386613633786663,0.0,0.20922857968857977,0.0007066639600676685,0.004562432632637878,0.0009147981720066367,0.0018734041213196695,0.1150888719311869
274,0.0,0.06402376035499302,0.04171594619046651,0.0,0.001719567922634728,0.0,0.0,0.00018056005446596835,0.00011861529863632006,0.00013816883446129096,0.0,0.0,3.6599053156368995e-05,0.0017242777609032048,0.0005908043555400292,0.0002827680276136253,0.00010601108897567646,3.7300134001894845e-05,0.0001430994908315326,0.0006768112786596533,0.0,0.0,0.0067577221292261245,0.0,0.0001689298175502541,0.003267765987155927,0.0002232295679215609,0.0001722159741861236,0.0012387106629279273,0.0,0.00045365012400776125,0.0,0.0,0.0,0.0,0.0,0.0,0.00016570010634730094,0.0005140209310377122,0.0,0.0,0.0005491729035645862,8.61828317714146e-05,0.0,0.0,0.00010406264566133749,0.0,0.0,0.0,0.00013556606315920218,0.00010666384871759422,0.0,0.0,0.0,0.0,0.0001229562160737091,0.0,0.0,0.0,0.0,0.0,0.0,0.0,0.0,0.0,0.0003862068921029453,0.00012573325428850765,0.0,0.0,0.00013411245149542485,0.0,0.0,0.0,0.0,4.153017901856993e-05,0.0,0.0,0.0,0.0,0.00015954789952448922,0.0,0.0,0.0001689298175502541,0.00013915678713415683,0.0,0.0,0.0,0.0,0.0,0.0,0.0,0.00022665815545046687,0.00011948857294757134,0.00027522258160151916,0.0,0.0,0.0007250424096207293,0.0,0.0,0.00019924112512180822,0.0,0.00014225331555516239,0.0,4.1165290613577084e-05,0.0,0.0,0.00017528369422736332,0.00011835191444096709,0.0,8.455176554695734e-05,0.00015817878379422278,0.0,0.00014376595868454054,0.0007757585943053544,4.327590624355493e-05,0.0,0.0,0.0,0.0,0.0,0.0,0.0,0.0,0.0,0.0,0.0002400348201224396,0.00011504915114461129,0.00042960547575280657,0.00017585194363322398,0.0,4.5613062219761954e-05,0.0002502679237209834,0.0,0.0,0.0,0.0,0.00012966143977249833,0.0,0.0,4.860231511492918e-05,0.0,0.0,0.00029898048470771896,0.0,0.0,4.2014225712508194e-05,4.327590624355493e-05,0.0,4.112140565155862e-05,0.0,0.0,0.0,0.00033844187284422125,0.0,0.0,0.0,0.00011467237314422409,0.0,0.0,0.0,0.0,0.0,0.0,0.0003214608157922099,0.0,8.489029643956962e-05,0.0,0.0,0.00012573325428850765,0.0,0.0,0.0003667836348527623,0.0,0.0,0.0007617829345171784,0.0,0.0,0.0,0.00011467237314422409,0.0,0.0,0.0001633474696765397,0.0,0.0,0.0,0.0,0.00010406264566133749,0.00014259792136333413,4.548091817041939e-05,0.0,0.0,0.0002578979076242411,0.00016215474742161727,0.0001646864283767715,0.00032727298739755975,0.0,0.0,0.0,0.0,0.0,0.00013375076511023097,0.0,0.0,7.95427275683384e-05,0.0009748967534826314,0.0005443296377595888,0.0019039505554376687,3.7300134001894845e-05,0.0,4.162001679629778e-05,0.0,0.0,0.00013626350224242226,0.0,0.0006928186187211107,0.00027351283177049206,0.0,0.002814436499568307,0.00019754135339247023,0.007214538335485826,0.0,0.0,0.0006990872535720641,0.0004877114020603639,0.00016440476391738212,0.00016583903666137718,0.0008256474150470832,0.0004115738495068013,0.00028871969156428864,0.0,0.0,8.972181510552988e-05,0.0002815554987362025,0.0,0.0012587631293085226,0.001552402611514193,0.0,0.0,0.0001326962809898675,0.0007538518061426004,0.0,0.0,0.0,0.0,0.0002928772076860958,0.0,0.0,0.0032187832596377738,0.00048389195543254007,0.0,0.0,0.00017146180442745323,0.00028177269475330026,0.0,0.000133933102060905,0.0,0.0,0.001083859210784142,0.0,0.0006870405194524215,0.00023229043472412268,0.0006895144101144715,0.33810845238245557,0.0,0.00105768379153277,0.0012528878109686072,0.0024977109147969086,0.0317063268432368,0.0011719500818770192,0.0006488566825493991,0.0009182888206343157,0.0011167309829495592,0.007101617562844125,0.4368686335157717,0.0,0.00015939722942520727,0.0033451891207716784,0.003279031577908578,0.00039344264876973946,0.005541587410543313
275,0.0,0.0013954375097824335,0.004920489680502845,0.0,0.0,0.0,0.0,0.0,0.0,0.0,0.0,0.0,0.0,0.0,0.0,0.0,0.0,0.0,0.0,0.0,0.0,0.0,0.01171643043320672,0.0,0.0,0.0030303831836596884,0.0,0.0,0.004014192263687429,0.0,0.0,0.0,0.0,0.0,0.001555158805721029,0.0,0.0,0.0,0.001545712815954337,0.0,0.0,0.0,0.0,0.0,0.0,0.001645725773732749,0.0,0.0,0.0,0.0,0.0017070309031253542,0.0,0.0,0.0,0.0,0.0,0.0016848809531427049,0.0,0.0,0.0,0.0,0.0,0.0,0.0,0.0,0.0,0.0,0.0,0.0,0.0,0.0,0.0,0.0,0.0,0.0,0.0,0.0,0.0,0.0,0.0,0.0,0.0,0.0,0.0,0.0,0.0,0.0,0.0,0.0,0.0,0.0,0.0,0.0,0.0017351076197343967,0.0,0.0,0.0,0.0,0.0,0.0,0.0,0.0,0.0,0.0,0.0,0.0,0.0,0.0,0.0,0.0,0.0,0.0,0.0,0.0,0.0,0.0,0.0,0.0,0.00043395564227763865,0.0,0.0,0.0,0.0,0.0,0.0004376316695548852,0.0,0.0,0.0,0.0,0.0,0.0,0.0,0.0,0.0,0.0,0.0,0.0,0.0,0.0,0.0,0.0,0.0,0.0008707612646580039,0.0,0.0,0.0,0.0,0.0,0.0,0.0,0.0,0.0,0.00046937554926982305,0.0,0.0,0.0005541496874945107,0.0,0.0,0.0,0.0,0.0,0.0,0.0,0.0,0.0,0.0012217690206691816,0.0,0.0,0.0,0.0,0.0,0.0,0.0005178788575303713,0.0,0.0016557841849048716,0.0,0.0,0.0,0.0,0.0,0.0,0.0,0.0,0.0,0.0,0.0,0.0,0.0,0.0,0.0,0.0,0.0016316270644463576,0.0,0.0,0.0,0.0,0.0,0.0,0.0,0.0,0.0,0.0,0.0,0.0,0.0,0.0,0.0,0.0,0.0,0.0,0.0,0.0,0.0,0.0,0.0,0.001204827342799809,0.0,0.0012514069684285388,0.0015117364723603137,0.0,0.0,0.0,0.0,0.0,0.0,0.0,0.002551094577500776,0.0,0.0,0.0,0.00043240865990546665,0.0,0.0,0.0,0.0,0.0027793990904093875,0.0,0.0,0.0,0.0018079735697590772,0.0,0.0,0.0,0.0,0.0035903400101169264,0.0,0.0,0.0034087330824333125,0.0,0.0,0.0,0.0,0.0,0.0,0.0015221473251458102,0.0,0.0,0.0,0.0,0.0,0.0,0.0,0.0029055859604115537,0.0,0.00043395564227763865,0.09881313849367171,0.0,0.002788287348630678,0.0017724177407730593,0.006362668954234479,0.001994100822979943,0.003630218373799226,0.0019565864682777366,0.0013849232526091226,0.0033332841665524543,0.0,0.801115095626495,0.0,0.004469584414778889,0.006236602752593699
276,0.0,0.0005184250270025156,0.001040497980389245,4.929799520166146e-05,0.0,0.0,0.0,0.0,0.0,0.00016750290256849164,0.0,0.0,0.0001660736120591808,0.0,0.0005515476594617576,0.0,0.0,0.00021878221325024778,0.0,0.0013921584564844161,0.0,0.00034189203766783597,0.016745128392855385,0.0,0.00013632991912622316,0.01029232215009257,0.0016622816108057311,0.0005262665984507562,0.001126840508725313,0.000159704329399591,0.0008799475390973255,0.0003594855617624425,0.0,0.00035478437833325006,0.0,0.0,0.0,0.0,0.0009819265827031016,0.0,0.00010785247252318194,0.0,0.0,0.0,0.0,0.0002083362835096805,0.0,0.0,0.0,4.676531828359979e-05,0.0003235893252476007,0.00032039316109928277,0.0,0.0,0.0003329716669244089,0.0,0.00036610879505076787,0.0,0.0,0.0,0.0,0.0,0.0,0.0,0.0,0.0,0.00015100777498610696,0.0,0.0,0.00014487621472691886,0.0,0.0,0.0,0.0,0.0,0.0,0.00048475403385663484,0.0,0.0,0.0,0.0,0.0,0.0,0.00032115701315861713,0.0001443130505590651,0.0,0.0,0.0,0.00013777317127277677,0.0,0.0004805362145992084,0.0002458537616933496,0.00019365511143425455,0.00023353435482843882,0.0,5.728128735823612e-05,0.00046186697668086955,0.0,0.00044595935173833876,0.0001605138749259705,0.00014373913547079698,0.0003567245226017394,0.0003047457806951033,0.00016696951745488698,0.0,0.00022886983229764588,0.0001368965707751171,0.00017634863029574244,0.00020864879661597693,0.0,0.0,0.0,0.0003243694968325562,0.0006247303974036449,0.00046965003428259754,0.0007025044178694764,0.00015798386212174237,0.00014431699074981034,0.0,0.0,0.0,0.0,0.0,0.0,0.0002209822214909562,0.0011221357543364356,0.0,0.0,5.484174577185928e-05,0.0,0.0,0.0004094229562980058,0.00015713914093953282,0.0,0.0,5.728128735823612e-05,0.0,0.0,0.0,0.0,0.0,0.00042994433316557903,0.0,0.00034703434382821994,0.00016957981219867225,0.0010958596423980848,0.0,0.0,0.0,0.0,0.0,0.0,0.0,0.0,0.0,0.0,0.0,0.0,0.00020826429133322566,0.00035894247625311963,0.0,0.0,0.0001629209500719981,0.0,0.0,0.0007588153723255868,0.0,0.0001619301289306403,0.0,0.0,0.0003009115724956151,0.0,0.00016153500138745932,0.0,0.001755958832250406,0.0,0.0,0.0,0.0,0.0,0.0,0.0,0.0,0.0,0.0,0.00018077759640716556,0.0,0.0,5.48886804038675e-05,0.0008195519770017302,0.0,0.0001490776407173116,0.00013537050451181573,0.0,0.00020749499489227313,0.0003183951634564595,0.0,0.0,0.0,5.5072064612438295e-05,0.0,0.0,0.0,0.00016649079524566786,0.0,0.0,5.25293938522894e-05,0.0002274654358745284,0.00017338211256838222,0.00019632215671766922,0.0,0.0,0.00016643442276630517,0.0006221552481724016,0.0,0.0002803914878639023,0.0,0.0019972907763747406,5.143801192181838e-05,0.0012454912713124326,0.0,0.0005095907107554792,0.0,0.0,0.0,0.00030918134454698004,0.0013970685208864564,0.0007638378383101943,0.0003147071739141977,0.0,0.0,0.00047970321712509465,0.0,0.00020818614604668022,0.0005710737472105714,0.0003559990934476619,0.0,0.0001528306569398781,0.0,0.0031034085007770346,0.0002554105307511892,0.00029054610054025546,0.0006075715377739434,0.0,0.0004534895125129808,0.0,0.0,0.0024731453605450053,0.0001606045225595037,0.0,5.430043267460779e-05,0.0,0.0,0.0,0.00015340946340425076,0.0,0.0,0.0009969552885007791,0.0001475234756259042,0.0004118239263501254,0.0003157186405374341,0.0,0.008352088355239757,0.0014649172907010234,0.002562334729868409,0.7605861850836352,0.0003066954234416972,0.0003309332791424268,0.004123482960161766,0.004758186911885568,0.010935347821868174,0.0017173968659124738,0.0018059694189863336,0.003164394562500141,0.0009260652876128989,0.106843857789882,0.0,5.2088681105632384e-05,0.003917689315264453,0.011445968228187614
277,0.0,0.008520649283087177,0.4304485489740884,0.0,0.1453595873635211,0.0,0.0,0.0,0.0006358595323211336,0.0,0.0,0.0,0.0,0.07608280148984192,0.0,0.0,0.0,0.0003268191770061224,0.00011559184951127374,0.0,0.0,0.0,0.006337712803420189,0.0,0.0009149427494447974,0.0005896365645047941,0.0006532347005456748,0.00027221682458482147,0.0011400764322928025,0.0,0.0008209093641775546,0.0,0.0,0.0,0.0,0.0,0.0,0.0,0.00032569524204545755,0.0,0.0,0.00045707214907985555,0.0,0.0,0.0,0.0004898579316598233,0.0,0.0,0.0,0.0,0.00036304482702258353,0.0,0.0,0.0,0.0,0.0,0.0,0.00046547384733940805,0.0,0.0,0.0,0.0007543288886960171,0.0,0.0,0.0,0.0,0.0,0.0,0.0,0.0,0.0,0.0,0.0,0.0,0.0,0.0,0.0,0.0,0.0,0.0,0.0,0.0,0.0,0.0,0.0,0.0,0.0,0.0,0.0,0.0,0.0004328213913685712,0.0003314639535063961,0.00046426533289611665,0.0,0.0,0.0,0.0,0.0,0.0,0.0,0.0,0.0,0.0,0.0,0.0004505455689739848,0.0,0.0,0.0,0.0,0.0,0.0,0.0,0.0,0.0,0.0,0.0,0.0,0.0,0.0,0.0,0.0,0.0,0.0,0.0,0.0,0.0004658470384370222,0.00023412916741776378,0.0,0.0,0.0,0.0,0.0,0.0,0.0,0.0,0.0,0.0,0.0,0.0,0.0,0.0,0.0,0.0,0.0,0.0,0.00011910806211849791,0.0,0.0,0.0,0.0,0.0,0.0,0.0016340958850306119,0.0,0.0,0.0,0.0,0.0,0.0,0.0,0.0,0.0,0.0,0.0,0.0,0.00045367882506269666,0.0,0.0004988895376871602,0.0,0.0,0.0,0.0,0.0,0.0,0.0,0.0,0.0,0.0,0.0,0.0,0.0,0.0,0.0,0.0,0.0,0.0,0.0,0.0,0.0,0.0,0.0,0.0,0.0,0.0,0.0005193466987084253,0.0,0.0,0.0,0.0,0.0,0.00046132865452712206,0.0,0.0,0.0,0.0004419175574484349,0.0,0.09240080256922718,0.0,0.0004512582975402427,0.0005964886055272255,0.0,0.0,0.0,0.00034064607498622893,0.0,0.0,0.0,0.008452001987922616,0.0009481992006888141,0.01652125780456276,0.0,0.0,0.0,0.0,0.0,0.0,0.0003352881597625148,0.00045905164737438953,0.0010765976319464805,0.0,0.0,0.0004763911398127474,0.0004755137789907444,0.0,0.0,0.0019523521623797395,0.0,0.0,0.0,0.0012854389048292062,0.0,0.00011910806211849791,0.0,0.0,0.0,0.0,0.0,0.0031025403228070584,0.011926909248852561,0.0,0.0,0.0,0.00033058979498163684,0.000803318581733285,0.0009726025699387128,0.0,0.0,0.004833061359267253,0.0,0.0006705817323194114,0.0,0.0004988895376871602,0.007089476939565455,0.0,0.0009010911379479696,0.0004505455689739848,0.10853055582312388,0.02844091084379142,0.00048112233122864527,0.0,0.0,0.0004943531096879616,0.001406767019466419,0.00971839792751914,0.0096729052539942,0.0,0.00045983507660386547,0.0,0.00022854688014787897,0.0015151052453191147
278,0.0,0.0,0.0027621356444367446,0.0,0.0,0.0,0.0,0.0,0.0020145592097609378,0.0,0.0,0.0,0.0,0.0,0.0,0.0,0.0,0.002768034788594755,0.0,0.0,0.0,0.0,0.016848565317672513,0.0,0.0,0.002081127221991015,0.0,0.0018143759885638764,0.000693255022102037,0.0,0.0,0.0,0.0,0.0,0.0,0.0,0.0,0.0,0.0,0.0,0.0,0.0,0.0,0.0,0.0,0.0,0.002768034788594755,0.0,0.0,0.0024149668011254326,0.0,0.0,0.0,0.0,0.0,0.0,0.0,0.0,0.0,0.0,0.0,0.0,0.0,0.0,0.0,0.0,0.0,0.0,0.0006518412460830029,0.0,0.0,0.0,0.0,0.0,0.0021755986898007,0.0,0.0,0.0,0.0,0.0,0.0,0.0,0.0,0.0,0.0,0.0,0.0,0.0,0.0,0.0,0.0,0.0028624522148447793,0.0,0.0,0.0,0.0,0.008600907698504075,0.0,0.0,0.0,0.0,0.0,0.0,0.0,0.0,0.0,0.0,0.0,0.0,0.0,0.002160304279789867,0.0028471529463545736,0.0,0.00218026060467715,0.000693255022102037,0.0028471529463545736,0.0,0.0,0.0,0.0,0.0,0.0,0.0,0.0,0.0,0.0,0.0,0.0,0.0,0.0,0.0,0.0,0.0,0.0,0.0,0.0,0.0,0.0,0.0,0.0,0.0,0.0,0.0,0.0,0.0,0.002917158810212725,0.0,0.0,0.0,0.0,0.0,0.0,0.005364211971362885,0.0,0.0,0.0,0.0,0.0,0.0,0.002876003268814516,0.0,0.0,0.0,0.0023608343352320175,0.0,0.004634145008584122,0.0,0.0,0.0,0.0,0.0,0.0,0.0,0.0,0.0006580732463073514,0.0,0.0,0.0,0.0,0.0,0.0,0.0,0.0,0.0,0.0,0.0,0.0,0.0,0.0,0.0,0.0,0.0,0.0,0.0,0.0,0.0,0.0,0.0,0.0,0.0,0.0,0.0,0.005676714837132034,0.0,0.0,0.0,0.0,0.0027820567607349076,0.0,0.0,0.0,0.0028239746601014704,0.0,0.0,0.0,0.0,0.002160304279789867,0.002337720423367354,0.0,0.0,0.0,0.0,0.0,0.0,0.0,0.0,0.002160304279789867,0.0021152493404906054,0.002876003268814516,0.0,0.0,0.0,0.0,0.005236837604046534,0.0,0.005676714837132034,0.0,0.0021152493404906054,0.0,0.03617649748451867,0.0,0.0,0.0,0.0,0.0055618304439914775,0.0,0.0,0.0,0.0,0.0,0.0,0.0,0.0,0.0007161625686096087,0.0,0.0,0.0032284694860002794,0.0,0.0021152493404906054,0.0,0.0,0.0,0.038849794577416476,0.0057460066892091,0.04785987095621758,0.05517305385788481,0.0026821059856814424,0.0,0.004966188681306231,0.1867945342988673,0.2519142292307675,0.0,0.000693255022102037,0.007460662113409293,0.0,0.0021152493404906054,0.03081009885735089,0.0057929166098802075,0.0,0.19738828775204964
279,0.00031096332995424945,0.0017237214964104953,0.003996675201914746,0.0003347034138471898,0.0020427770657601148,0.0,0.0004460999585259837,0.0,0.0005654320838340621,0.0004944532722033197,0.0,0.0,0.0003453370020254195,0.0,0.002800515822400171,0.0,0.0002443547718905259,0.0013063796081670322,0.00026300912329876776,0.0009616908171163497,0.00024693649558410566,0.0,0.031277911544844286,0.00027340809290586263,8.685469725854382e-05,0.010352552191347434,0.003648964249615956,0.002009473182120684,0.005042222974944421,0.0004811745715025395,0.0005407120694283748,0.0009830751026546484,0.0,8.492181206533113e-05,0.0,0.0004947568474932189,0.00027412516174197166,0.0003974913647741316,0.0,0.0,0.0,0.0012372800913212144,0.0,0.0,0.0,0.0005661980519510337,0.0,0.0,0.0,0.0007136772366951958,0.0,0.0,0.0,0.00023610204334761762,0.0023831448421516932,0.000536532567529842,0.0,0.00038595393829276794,0.0,0.0,0.0005432980736449346,0.0,0.0,0.0,0.0,0.0023219068096665923,0.001026643691576296,0.0,0.0,0.0007470256368471703,0.0003453370020254195,0.0,0.000991410497107181,0.0,0.0011447630585640182,0.0,0.0061052010176568935,0.0,0.0,0.0003070670987194886,0.0,0.0,0.0006638850248566624,0.0,0.0,0.0002611740402888033,0.0003186420454239058,0.0,0.0,0.0,0.00031906755114855076,0.0005632285663468781,0.0002778806136624614,0.0,0.0,8.685469725854382e-05,0.0029697158522813683,0.0,0.0003634059819045234,0.0,8.590124514321538e-05,0.0,0.0003438919642465216,0.0,0.0,0.0003070670987194886,0.000505973769134986,0.0005406522264863767,0.0,0.0005547169664606931,0.0,8.663937788962752e-05,0.0011841854025623874,0.0,0.0004501237071317945,0.0008942330044338269,0.0,0.0,0.0,0.0,0.0,0.0001612682046052391,8.051069791037743e-05,0.0,0.0,0.002461107964470547,0.0,0.0,0.0,0.0,0.0,0.0,0.0,0.0,0.0,0.0,0.0,0.0,0.0,0.0,0.0002900391397147424,0.0006179251346041134,0.0,0.0,8.675595560985778e-05,0.0015397753320034965,0.0,0.0,0.0003776164470336213,0.0,0.0,0.0,0.003573470427625976,0.00033270078035294086,0.0005589085324783037,0.000247897130582936,0.0,0.0,0.0,0.0014285577871424248,8.077128196519489e-05,0.0005295139960219166,0.0,0.00027341050266301475,0.0,0.0015675781751439766,0.0005523134056196025,0.00025414043318381106,0.0003702806250294991,0.0,8.300766341137614e-05,8.274034904087458e-05,0.0,0.0,0.002107129975144426,0.0,0.0,0.0003302884106469023,0.0002749186100297691,0.0007913095957415674,0.0002237859569820699,0.0005537416328087858,7.515953808544984e-05,0.0002618474919540736,0.0,0.0,0.0003474326114562907,0.0,0.0,0.00023352015894796783,0.0,0.0012245798188543068,0.00028076469404530693,0.0003366580754261889,0.0020420065973500226,0.0,0.0003264647925785941,0.0,0.0,0.0,0.0,0.0,0.00024553263325014207,0.0003302884106469023,0.0017194154025815004,0.0,0.0008130428326278781,0.0,0.00028336880179252673,0.0004882393066842993,0.0005228001848977051,0.0005667469873027815,0.0,0.0012902294757358875,0.0,0.00035782534809972806,0.0008958215226220216,0.005935837323829155,0.0002673068491417148,0.004069032538202045,0.0,0.0009380786235017555,8.833177046327173e-05,0.0,0.0005510260455542419,0.0002560942686718642,0.004086837054930396,0.0018953650872028203,0.0006555380821950784,0.0007194740952301601,0.00016258646684976275,0.0018066270783652029,0.0002213787102905892,0.001565169899819158,0.0004320333054574656,0.004266049242370045,0.0,0.0006775409718363178,0.00022013551646181704,0.009034362815569262,8.492181206533113e-05,0.0002377987347554489,0.0007319822281280771,6.603496065885455e-05,0.0009571883742292508,0.0,0.0,0.00794676938639419,0.0006802494413978977,0.00067159697627945,0.0014098913632171269,0.0,8.727759681534691e-05,0.0002606155433127792,0.0015020078145878818,0.0,0.00023725439261166505,0.0021493829244812455,0.0003504195545043441,0.00028333191148959653,0.0007432886431956333,0.0006547747258717503,0.074244276359331,0.001984342196158131,0.16946018701446308,0.0278168472144489,0.000649567831843068,0.0024110567647967966,0.004616268564194465,0.04239851957391397,0.027371150560396604,0.002313150629376806,0.005912517642064591,0.3218223204727656,0.015914124653353047,0.001981410437502424,0.03967890137488773,0.0005236949839081472,0.06912538864604287,0.0
