year,ze2020,urssaf_employer_estab_growth_tminus1,urssaf_employer_estab_growth_perm_tminus1,urssaf_employer_estab_growth_lag2_tminus1,urssaf_employer_estab_growth_spatial_perm_tminus1,urssaf_employer_estab_growth_neg_tminus1,urssaf_employer_estab_growth_pos_tminus1,defm_recovery_tminus1,defm_recovery_perm_tminus1,defm_recovery_lag2_tminus1,defm_recovery_spatial_perm_tminus1,defm_recovery_signed_tminus1,defm_yoy_tminus1,activite_partielle_tminus1,activite_partielle_perm_tminus1
2012,51,-0.0054282267792521,-0.0226893560226894,0.0,0.0036469730123998,-0.0054282267792521,0.0,1.1445497630331753,1.021543985637343,1.111904761904762,1.4221218961625282,-0.14454976303317535,0.034261241970021415,,
2012,52,-0.0007007708479327,-0.0160624139513538,0.0,-0.005540166204986,-0.0007007708479327,0.0,1.2786421499292786,1.2565564424173319,1.2213967310549778,1.248730964467005,-0.27864214992927866,0.09975669099756691,,
2012,53,0.0002181025081788,-0.0020616319444444,0.0,-0.0082367297132397,0.0,0.0002181025081788,1.1541725601131543,1.1098484848484849,1.1246200607902737,1.1071428571428572,-0.15417256011315417,0.10270270270270271,,
2012,54,0.0107811947684695,-0.0121190518624131,0.0,0.0096755833807626,0.0,0.0107811947684695,1.1259124087591241,1.0503693754197447,1.0481927710843373,1.0515275877792978,-0.1259124087591241,0.013136288998357963,,
2012,55,0.0040140491721023,-0.0041194644696189,0.0,0.0068212824010913,0.0,0.0040140491721023,1.2162921348314606,1.1333333333333333,1.1176470588235294,1.0817610062893082,-0.21629213483146068,0.08521303258145363,,
2012,56,-0.0172711571675302,-0.0142302716688227,0.0,-0.0006550218340611,-0.0172711571675302,0.0,1.1410788381742738,1.0955882352941178,1.0791666666666666,1.0816170861937453,-0.14107883817427386,0.06177606177606178,,
2012,57,0.0038800705467372,-0.0145401672119229,0.0,-0.0040202761754938,0.0,0.0038800705467372,1.0494011976047903,1.0132211538461537,1.040785498489426,1.0778015703069237,-0.04940119760479042,0.01741654571843251,,
2012,58,-0.0180562931492299,-0.0306004618937644,0.0,0.0045930084205154,-0.0180562931492299,0.0,1.1791044776119404,1.0782828282828283,1.055072463768116,1.075055187637969,-0.1791044776119403,0.08516483516483517,,
2012,59,0.009281767955801,-0.0009250693802035,0.0,-0.004739336492891,0.0,0.009281767955801,1.1599190283400809,1.0678233438485805,1.0790513833992095,1.2309417040358743,-0.15991902834008098,0.04945054945054945,,
2012,60,-0.0144084934277047,-0.0093167701863353,0.0,-0.0057563895924476,-0.0144084934277047,0.0,1.1370309951060358,1.0104790419161678,1.0270700636942676,1.048502994011976,-0.1370309951060359,0.08062015503875969,,
2012,61,-0.0177215189873417,-0.008362369337979,0.0,-0.002960769800148,-0.0177215189873417,0.0,1.146919431279621,1.0486111111111112,1.1298076923076923,1.1869158878504673,-0.14691943127962084,0.029787234042553193,,
2012,62,0.0067491563554555,0.0034702139965296,0.0,-0.0005133470225873,0.0,0.0067491563554555,1.1842105263157894,1.0893371757925072,1.1167883211678833,1.2103321033210332,-0.18421052631578946,0.029411764705882353,,
2012,63,0.0009021199819576,-0.0150998538723818,0.0,-0.0039936102236421,0.0,0.0009021199819576,1.1911764705882353,1.1265822784810127,1.1306532663316582,1.1344086021505377,-0.19117647058823528,0.08,,
2012,64,-0.0005133470225873,-0.0187768240343347,0.0,-0.004169148302561,-0.0005133470225873,0.0,1.2103321033210332,1.174785100286533,1.1686274509803922,1.0996563573883162,-0.21033210332103322,0.10067114093959731,,
2012,1101,0.0089602841459477,0.0003057169061448,0.0,0.0004996252810391,0.0,0.0089602841459477,1.083910034602076,1.042422279792746,1.060485651214128,1.1541850220264318,-0.08391003460207612,0.04329725228975854,,
2012,1102,0.014334470989761,-0.0070274068868587,0.0,0.0107811947684695,0.0,0.014334470989761,1.1722689075630253,1.053125,1.0344827586206897,1.1259124087591241,-0.1722689075630252,0.1625,,
2012,1103,0.0068212824010913,0.0116063138347259,0.0,-0.0131063573365471,0.0,0.0068212824010913,1.0817610062893082,1.0345679012345679,1.0737179487179487,1.144320297951583,-0.08176100628930817,0.026865671641791045,,
2012,1104,0.0077844835126388,0.0065904730124302,0.0,0.0120549481356881,0.0,0.0077844835126388,1.0791940018744142,1.0154362416107383,1.0283152430391693,1.0956873315363882,-0.07919400187441425,0.056906837999082145,,
2012,1105,0.0031124944419742,0.0069460004481289,0.0,0.0067491563554555,0.0,0.0031124944419742,1.1023391812865497,1.0560640732265447,1.0526315789473684,1.1842105263157894,-0.1023391812865497,0.07714285714285714,,
2012,1106,0.0196186791931471,0.0086465199897269,0.0,0.0052499429354029,0.0,0.0196186791931471,1.0893561103810776,1.0287631831255992,1.055517941773866,1.1526980482204363,-0.08935611038107753,0.06350224502886466,,
2012,1107,-0.0031691857630423,0.0026435952895937,0.0,0.0132933104631218,-0.0031691857630423,0.0,1.0663841807909604,1.0305188199389623,1.0537790697674418,1.1897233201581028,-0.06638418079096045,0.041379310344827586,,
2012,1108,0.008569388240895,0.0031378228336953,0.0,-0.00379392971246,0.0,0.008569388240895,1.0790629575402635,1.0287769784172662,1.0484848484848486,1.1108312342569269,-0.07906295754026355,0.06502890173410404,,
2012,1109,0.0090792362804761,-0.0060493507346421,0.0,0.0036648914848536,0.0,0.0090792362804761,1.0615036442906114,1.0335626216742375,1.043910018239546,1.202092511013216,-0.06150364429061138,0.032000258849414355,,
2012,1110,-0.0161290322580645,-0.001834862385321,0.0,0.0026166593981682,-0.0161290322580645,0.0,1.0724637681159421,1.015209125475285,1.0509259259259258,1.1421800947867298,-0.07246376811594203,-0.022026431718061675,,
2012,1111,0.0027654867256636,-0.0043219881145326,0.0,-0.008860011813349,0.0,0.0027654867256636,1.0691489361702127,1.0489795918367346,1.0904255319148937,1.1722846441947565,-0.06914893617021277,-0.01951219512195122,,
2012,1112,0.0115292582118773,0.006193944799564,0.0,-0.0024126334259394,0.0,0.0115292582118773,1.054857898215466,1.0279093369418133,1.0449489216799093,1.3035714285714286,-0.05485789821546596,0.04019117966543558,,
2012,1113,0.0059757555062318,0.0079384565021687,0.0,-0.0072892040977147,0.0,0.0059757555062318,1.0869272237196765,1.0314735336194563,1.0363636363636364,1.1636363636363636,-0.08692722371967655,0.04808317089018843,,
2012,1114,0.0088836429148289,-0.0063173094278322,0.0,-0.0098079280751941,0.0,0.0088836429148289,1.0830748017924854,1.0448249811130697,1.0562695380340397,1.1140350877192982,-0.08307480179248534,0.03321275896086814,,
2012,1115,0.0044049878015721,0.0030721966205837,0.0,0.0104325699745546,0.0,0.0044049878015721,1.065583634175692,1.0471395881006864,1.075015124016939,1.0449141347424042,-0.06558363417569193,-0.0033764772087788407,,
2012,2401,0.0023030861354214,-0.0057817393399181,0.0,0.014334470989761,0.0,0.0023030861354214,1.1631578947368422,1.067842605156038,1.0632478632478632,1.1722689075630253,-0.1631578947368421,0.06591639871382636,,
2012,2402,-0.00379392971246,-0.0068906115417742,0.0,0.0040160642570281,-0.00379392971246,0.0,1.1108312342569269,1.046829268292683,1.0276729559748428,1.2516129032258065,-0.11083123425692695,0.0795593635250918,,
2012,2403,0.0067425200168562,-0.0046384145055872,0.0,0.002536231884058,0.0,0.0067425200168562,1.1062322946175638,1.0467899891186072,1.0816618911174785,1.1349911190053286,-0.10623229461756374,0.03443708609271523,,
2012,2404,-0.0039936102236421,-0.0206953642384105,0.0,0.0029002320185613,-0.0039936102236421,0.0,1.1344086021505377,1.0118577075098814,1.0151515151515151,1.2162162162162162,-0.13440860215053763,0.04975124378109453,,
2012,2405,-0.0078754922182636,-0.0206586213949683,0.0,-0.0011591962905718,-0.0078754922182636,0.0,1.1151685393258426,1.0259067357512954,1.0054719562243501,1.0940044411547003,-0.1151685393258427,0.08027210884353742,,
2012,2406,-0.0037986704653371,-0.0061538461538461,0.0,-0.0091264667535854,-0.0037986704653371,0.0,1.272,1.12,1.2258064516129032,1.1236559139784945,-0.272,0.046052631578947366,,
2012,2407,0.0040160642570281,-0.0123922413793103,0.0,0.0060642813826561,0.0,0.0040160642570281,1.2516129032258065,1.1002638522427441,1.1887417218543046,1.2007797270955165,-0.25161290322580643,0.0807799442896936,,
2012,2408,-0.0007215007215006,-0.0154679040989945,0.0,0.0137867647058822,-0.0007215007215006,0.0,1.1428571428571428,1.0611353711790392,1.0658682634730539,1.114935064935065,-0.14285714285714285,0.07865168539325842,,
2012,2409,0.002536231884058,0.0048835462058602,0.0,0.0022678276450989,0.0,0.002536231884058,1.1349911190053286,1.0092592592592593,1.0862385321100918,1.0695565944184728,-0.1349911190053286,0.07939189189189189,,
2012,2410,0.0083089415541497,-0.001042061386889,0.0,0.0071191730056563,0.0,0.0083089415541497,1.0856209150326797,0.9810606060606061,1.0382124352331605,1.1713513513513514,-0.08562091503267974,0.03618215845290081,,
2012,2411,0.0022075055187638,-0.0150913423351866,0.0,-0.0062214848610534,0.0,0.0022075055187638,1.1135371179039302,0.965625,1.0043668122270741,1.3093525179856116,-0.11353711790393013,0.10869565217391304,,
2012,2412,-0.0042973785990545,0.00185960018596,0.0,-0.0201535508637236,-0.0042973785990545,0.0,1.1770491803278689,1.0829145728643217,1.0894568690095847,1.0921985815602837,-0.17704918032786884,0.05278592375366569,,
2012,2413,0.0052499429354029,0.0014019783472232,0.0,0.0160941628633197,0.0,0.0052499429354029,1.1526980482204363,1.0603944124897289,1.0735129068462401,1.1639654240950836,-0.15269804822043628,0.04966021955044433,,
2012,2414,0.0026315789473683,-0.0193103448275862,0.0,-0.0045578851412944,0.0,0.0026315789473683,1.1428571428571428,1.1042471042471043,1.0464135021097047,1.0725552050473186,-0.14285714285714285,0.0,,
2012,2415,-0.0024999999999999,-0.0366541353383458,0.0,-0.008399209486166,-0.0024999999999999,0.0,1.1428571428571428,1.0604026845637584,1.0216450216450217,1.1015820149875104,-0.14285714285714285,0.11864406779661017,,
2012,2701,-0.0201535508637236,-0.0232804232804232,0.0,-0.0111086909170114,-0.0201535508637236,0.0,1.0921985815602837,1.0726256983240223,1.091549295774648,1.149812734082397,-0.09219858156028368,-0.0064516129032258064,,
2012,2702,-0.0029417944946417,-0.0159416989296288,0.0,-0.0004662004662004,-0.0029417944946417,0.0,1.1193595342066958,1.0601965601965602,1.0545977011494252,1.189119170984456,-0.11935953420669577,0.047683923705722074,,
2012,2703,-0.0165289256198346,-0.0197005516154452,0.0,-0.0134048257372654,-0.0165289256198346,0.0,1.135483870967742,1.0806451612903225,1.1081081081081081,1.103030303030303,-0.13548387096774195,0.07317073170731707,,
2012,2704,0.0020652622883106,0.007887090078871,0.0,0.0090792362804761,0.0,0.0020652622883106,1.2466367713004485,1.1291512915129152,1.1688888888888889,1.0615036442906114,-0.24663677130044842,0.057034220532319393,,
2012,2705,-0.0055261893320518,-0.0012761613067892,0.0,-0.0119521912350597,-0.0055261893320518,0.0,1.1035758323057954,0.9613899613899614,0.982202447163515,1.1962616822429906,-0.10357583230579531,0.013590033975084938,,
2012,2706,0.0012132977432661,-0.0048369093389557,0.0,0.0088836429148289,0.0,0.0012132977432661,1.1007326007326008,1.0316774658027357,1.0278019113814074,1.0830748017924854,-0.10073260073260074,0.016060862214708368,,
2012,2707,-0.00354024073637,-0.0017152658662092,0.0,0.0102927820784499,-0.00354024073637,0.0,1.1742160278745644,1.0377094972067038,1.0652920962199313,1.1582830315224681,-0.17421602787456447,0.08709677419354839,,
2012,2708,0.0026737967914438,-0.0080340264650283,0.0,-0.0017606667057925,0.0,0.0026737967914438,1.120274914089347,1.0685358255451713,1.0521172638436482,1.1011772192173084,-0.12027491408934708,0.009287925696594427,,
2012,2709,0.0050955414012738,-0.0176870748299319,0.0,0.0042372881355932,0.0,0.0050955414012738,1.1565656565656566,1.0433070866141732,1.0541871921182266,1.238888888888889,-0.15656565656565657,0.07009345794392523,,
2012,2710,-0.0205061082024432,-0.002415458937198,0.0,0.0059757555062318,-0.0205061082024432,0.0,1.0461538461538462,1.034274193548387,1.021505376344086,1.0869272237196765,-0.046153846153846156,0.002105263157894737,,
2012,2711,-0.0011591962905718,-0.0060259114191021,0.0,-0.0050446255335662,-0.0011591962905718,0.0,1.0940044411547003,1.025330396475771,1.0511322132943755,1.182170542635659,-0.09400444115470022,0.027102154273801252,,
2012,2712,0.0164021164021164,-0.010359869138495,0.0,0.0014071294559099,0.0,0.0164021164021164,1.1115537848605577,1.0156739811912225,1.0337078651685394,1.1036931818181819,-0.11155378486055777,0.010869565217391304,,
2012,2713,0.0026166593981682,-0.0020174848688634,0.0,-0.0120274914089346,0.0,0.0026166593981682,1.1421800947867298,1.0964749536178107,1.0326086956521738,1.0752351097178683,-0.14218009478672985,0.014736842105263158,,
2012,2714,-0.0101773771445187,-0.0192542787286064,0.0,-0.0012997140629061,-0.0101773771445187,0.0,1.0576230492196879,0.9341517857142857,1.0088790233074363,1.2782764811490126,-0.057623049219687875,-0.030803080308030802,,
2012,2715,0.0072358900144717,0.0046796256299495,0.0,0.0059291885481957,0.0,0.0072358900144717,1.0328358208955224,0.9219330855018587,0.8875305623471883,1.084022038567493,-0.03283582089552239,-0.046831955922865015,,
2012,2716,0.0027118644067796,-0.017391304347826,0.0,0.0125106624964457,0.0,0.0027118644067796,1.0874316939890711,0.9829787234042553,0.9082969432314411,1.1120689655172413,-0.08743169398907104,-0.04326923076923077,,
2012,2717,-0.0098079280751941,-0.0071669477234401,0.0,0.011111111111111,-0.0098079280751941,0.0,1.1140350877192982,1.0158450704225352,1.052863436123348,1.1727642276422765,-0.11403508771929824,0.06276150627615062,,
2012,2718,-0.0050083472454089,-0.0145190562613429,0.0,-0.0105693828844186,-0.0050083472454089,0.0,1.1205821205821205,0.9982758620689656,1.0,1.0970654627539504,-0.12058212058212059,0.0823293172690763,,
2012,2801,-0.0070210631895687,-0.0122086570477247,0.0,0.0147404400769066,-0.0070210631895687,0.0,1.1225806451612903,1.0769230769230769,1.1699346405228759,1.088646967340591,-0.12258064516129032,-0.027932960893854747,,
2012,2802,-0.0060527453523562,0.008108108108108,0.0,0.0043838285435946,-0.0060527453523562,0.0,1.1829787234042553,1.087837837837838,1.097457627118644,1.154308617234469,-0.1829787234042553,0.07335907335907337,,
2012,2803,-0.008860011813349,-0.012539184952978,0.0,-0.0166572557876906,-0.008860011813349,0.0,1.1722846441947565,1.0578034682080926,1.09375,1.1646447140381282,-0.17228464419475656,0.11785714285714285,,
2012,2804,0.0043230780315584,-0.0004382761139517,0.0,0.0130363932645301,0.0,0.0043230780315584,1.1402378592666005,1.0766438079870915,1.0904095904095905,1.1594827586206897,-0.1402378592666006,0.05405405405405406,,
2012,2805,0.0014071294559099,-0.0175043760940235,0.0,0.0040767386091127,0.0,0.0014071294559099,1.1036931818181819,1.0553306342780027,1.130246020260492,1.0680173661360348,-0.10369318181818182,-0.005121638924455826,,
2012,2806,-0.011392405063291,-0.0165343915343915,0.0,-0.0050083472454089,-0.011392405063291,0.0,1.1256281407035176,1.0521739130434782,1.0505050505050506,1.1205821205821205,-0.12562814070351758,0.07692307692307693,,
2012,2807,-0.004169148302561,-0.0047051442910915,0.0,0.0043230780315584,-0.004169148302561,0.0,1.0996563573883162,1.0405594405594405,1.083629893238434,1.1402378592666005,-0.09965635738831616,0.05090311986863711,,
2012,2808,-0.001180358829084,-0.010793172690763,0.0,0.0064594267258781,-0.001180358829084,0.0,1.11284046692607,1.0239282153539382,1.0555555555555556,1.1918367346938776,-0.11284046692607004,0.05018359853121175,,
2012,2809,-0.0129926375054135,-0.0087591240875912,0.0,0.0146818923327896,-0.0129926375054135,0.0,1.1148036253776434,1.0577889447236182,1.0867052023121386,1.2101910828025477,-0.1148036253776435,-0.018617021276595744,,
2012,2810,-0.0013262599469495,0.0055058499655884,0.0,-0.0225872689938397,-0.0013262599469495,0.0,1.180722891566265,1.1225490196078431,1.1728395061728396,1.1571428571428573,-0.18072289156626506,0.031578947368421054,,
2012,2811,0.0046253469010175,-0.0047199496538703,0.0,-0.0031691857630423,0.0,0.0046253469010175,1.162729658792651,1.1236897274633124,1.1612903225806452,1.0663841807909604,-0.16272965879265092,0.02546296296296296,,
2012,2812,-0.0096711798839458,0.0042872454448017,0.0,0.0144315381907778,-0.0096711798839458,0.0,1.0607734806629834,1.0432692307692308,1.037037037037037,1.3617747440273038,-0.06077348066298342,-0.02040816326530612,,
2012,2813,-0.0062753301085108,-0.0146035212228743,0.0,0.0034908700322233,-0.0062753301085108,0.0,1.08984145625367,1.0602941176470588,1.0634638196915778,1.1855670103092784,-0.08984145625366999,0.03513664249860569,,
2012,2814,-0.0009647853352628,0.004610655737705,0.0,0.0117230795464233,-0.0009647853352628,0.0,1.1525974025974026,1.088235294117647,1.1241610738255035,1.0638348362600853,-0.1525974025974026,0.05970149253731343,,
2012,2815,-0.0017606667057925,-0.0086021505376343,0.0,0.0043816409245263,-0.0017606667057925,0.0,1.1011772192173084,1.0426492724535876,1.0571061918511389,1.0933211344922233,-0.10117721921730831,0.050379362670713204,,
2012,2816,-0.0086792452830188,-0.0020316944331572,0.0,-0.0078754922182636,-0.0086792452830188,0.0,1.115501519756839,1.0784810126582278,1.0685358255451713,1.1151685393258426,-0.11550151975683891,0.06997084548104957,,
2012,2817,0.0046461758398856,-0.0067189249720044,0.0,-0.011392405063291,0.0,0.0046461758398856,1.1273996509598603,1.0467836257309941,1.054481546572935,1.1256281407035176,-0.1273996509598604,0.07666666666666666,,
2012,2818,-0.0225872689938397,-0.0110864745011086,0.0,0.0042122999157538,-0.0225872689938397,0.0,1.1571428571428573,1.0571428571428572,1.0827586206896551,1.2018927444794953,-0.15714285714285714,0.03184713375796178,,
2012,2819,0.0030864197530864,-0.0221218961625282,0.0,0.0041856925418568,0.0,0.0030864197530864,1.1162790697674418,1.0456942003514937,1.0772833723653397,1.1329787234042554,-0.11627906976744186,0.043478260869565216,,
2012,3201,-0.0004662004662004,-0.000491883915396,0.0,0.003501400560224,-0.0004662004662004,0.0,1.189119170984456,1.1026694045174539,1.0804020100502512,1.2394067796610169,-0.18911917098445596,0.06744186046511629,,
2012,3202,-0.0019595835884874,-0.007492572019119,0.0,0.0047961630695443,-0.0019595835884874,0.0,1.0920830993823694,1.0082393755420642,1.0309510410804728,1.9074074074074074,-0.09208309938236946,0.06168122270742358,,
2012,3203,0.0104325699745546,0.0053394355453852,0.0,0.0022075055187638,0.0,0.0104325699745546,1.0449141347424042,1.0168918918918919,1.016304347826087,1.1135371179039302,-0.04491413474240423,0.05748663101604278,,
2012,3204,0.0060642813826561,-0.0089699969068975,0.0,0.0008968609865471,0.0,0.0060642813826561,1.2007797270955165,1.1270358306188926,1.1599190283400809,1.0198895027624308,-0.20077972709551656,0.07504363001745201,,
2012,3205,-0.0006550218340611,-0.003154574132492,0.0,0.0014634146341463,-0.0006550218340611,0.0,1.0816170861937453,1.0331384015594542,1.050387596899225,1.17,-0.08161708619374523,0.04649446494464945,,
2012,3206,0.0045930084205154,-0.0010520778537611,0.0,0.0083999999999999,0.0,0.0045930084205154,1.075055187637969,1.0534653465346535,1.0754716981132075,1.0679886685552409,-0.07505518763796909,0.06798245614035088,,
2012,3207,-0.0003374957813027,-0.0294831772459244,0.0,-0.0112496611547845,-0.0003374957813027,0.0,1.0852459016393443,1.0403940886699508,1.0346320346320346,1.2003948667324777,-0.08524590163934426,0.038702928870292884,,
2012,3208,0.0008968609865471,-0.0167234437906472,0.0,0.0040983606557376,0.0,0.0008968609865471,1.0198895027624308,1.0325131810193322,1.0124575311438277,1.1281869688385269,-0.019889502762430938,0.03243847874720358,,
2012,3209,-0.002960769800148,-0.014937106918239,0.0,0.0089602841459477,-0.002960769800148,0.0,1.1869158878504673,1.084788029925187,1.0858895705521472,1.083910034602076,-0.18691588785046728,0.07627118644067797,,
2012,3210,0.0042166000887704,-0.0069060773480662,0.0,-0.0019595835884874,0.0,0.0042166000887704,1.0905752753977969,1.06,1.0433168316831682,1.0920830993823694,-0.09057527539779682,0.05693950177935943,,
2012,3211,-0.0008563110121596,-0.0071416129594147,0.0,-0.0163719711853307,-0.0008563110121596,0.0,1.0883977900552486,1.0466155810983397,1.0763052208835342,1.2532467532467533,-0.08839779005524862,0.029104477611940297,,
2012,3212,0.0040767386091127,-0.0124254473161034,0.0,-0.0007007708479327,0.0,0.0040767386091127,1.0680173661360348,1.0173341303048415,1.0321428571428573,1.2786421499292786,-0.06801736613603473,0.021453287197231833,,
2012,3213,-0.0040202761754938,-0.0069648093841642,0.0,0.01592863969417,-0.0040202761754938,0.0,1.0778015703069237,1.0503295386458957,1.052594171997157,1.2217391304347827,-0.07780157030692363,0.019581363943281565,,
2012,3214,-0.0020151133501259,-0.0153089119737561,0.0,-0.0135690789473684,-0.0020151133501259,0.0,1.0805604203152364,0.9943100995732574,1.030852994555354,1.1335078534031413,-0.08056042031523643,0.08626760563380281,,
2012,3215,0.0073564688949303,-0.0030581039755351,0.0,-0.0029093260061419,0.0,0.0073564688949303,1.0766110860748084,1.0116279069767442,1.0314207650273224,1.1044600938967135,-0.07661108607480847,0.05474613686534217,,
2012,3216,0.0117230795464233,0.0038022813688212,0.0,0.0002181025081788,0.0,0.0117230795464233,1.0638348362600853,1.0285383725414579,1.0451413637443574,1.1541725601131543,-0.06383483626008543,0.019095248920209137,,
2012,3217,-0.0057563895924476,-0.0186163522012579,0.0,0.0119825708061003,-0.0057563895924476,0.0,1.048502994011976,1.0536847242557346,1.0431952662721893,1.1116816431322207,-0.048502994011976046,-0.006806579693703914,,
2012,3218,-0.000246184145741,-0.0129215660938105,0.0,-0.0044378698224851,-0.000246184145741,0.0,1.0336611195158851,1.015370427297879,1.0082366154998128,1.190909090909091,-0.033661119515885025,0.014853323431117713,,
2012,3219,0.0120549481356881,-0.0028240609997175,0.0,0.0110736639383726,0.0,0.0120549481356881,1.0956873315363882,1.021590909090909,1.0819444444444444,1.2352941176470589,-0.09568733153638814,0.043645699614890884,,
2012,3220,-0.0088325652841781,-0.0194420963651732,0.0,-0.010132501948558,-0.0088325652841781,0.0,1.0520694259012016,1.0082417582417582,1.008825526137135,1.1325648414985592,-0.0520694259012016,0.06056527590847914,,
2012,3221,0.0035982008995503,-0.0081658291457286,0.0,-0.0037986704653371,0.0,0.0035982008995503,1.076215505913272,1.0104058272632674,1.0702479338842976,1.272,-0.07621550591327202,0.05405405405405406,,
2012,3222,0.0096755833807626,-0.0188679245283018,0.0,-0.0096339113680153,0.0,0.0096755833807626,1.0515275877792978,1.005813953488372,1.028391167192429,1.33852140077821,-0.051527587779297765,0.010517090271691499,,
2012,4401,0.0006146281499692,-0.0267624020887728,0.0,-0.0015702695629415,0.0,0.0006146281499692,1.1155115511551155,1.0118694362017804,1.0441640378548895,1.1084812623274163,-0.11551155115511551,0.021148036253776436,,
2012,4402,-0.0033208800332088,-0.0017961383026493,0.0,-0.0034151547491996,-0.0033208800332088,0.0,1.1102756892230576,0.9939879759519038,1.0796915167095116,1.4838709677419355,-0.11027568922305764,0.05476190476190476,,
2012,4403,0.0045711212691583,-0.0204661739624786,0.0,-0.0033208800332088,0.0,0.0045711212691583,1.110691823899371,1.0091930541368743,1.0185873605947955,1.1102756892230576,-0.11069182389937107,0.07420924574209246,,
2012,4404,-0.0082367297132397,-0.0198720107780397,0.0,0.0126811594202898,-0.0082367297132397,0.0,1.1071428571428572,1.0366598778004072,1.091764705882353,1.1569767441860466,-0.10714285714285714,0.0021551724137931034,,
2012,4405,0.0059291885481957,0.0011988354170233,0.0,0.0012294074256209,0.0,0.0059291885481957,1.084022038567493,0.9846322722283205,1.0510752688172043,1.12015503875969,-0.08402203856749312,0.00639386189258312,,
2012,4406,-0.0096339113680153,-0.0151975683890577,0.0,0.0024265300620114,-0.0096339113680153,0.0,1.33852140077821,1.2125,1.242914979757085,1.156657963446475,-0.33852140077821014,0.12052117263843648,,
2012,4407,-0.0111086909170114,0.0004650081376424,0.0,-0.0054282267792521,-0.0111086909170114,0.0,1.149812734082397,1.009090909090909,1.0674157303370786,1.1445497630331753,-0.149812734082397,0.07719298245614035,,
2012,4408,0.0057609217474796,-0.0183150183150183,0.0,-0.0204918032786884,0.0,0.0057609217474796,1.0608,0.9640198511166254,0.9815668202764977,1.1682242990654206,-0.0608,0.03755868544600939,,
2012,4409,0.0161370820163033,-0.0014506769825918,0.0,0.0196186791931471,0.0,0.0161370820163033,1.081989247311828,1.0158227848101267,1.0188205771643664,1.0893561103810776,-0.08198924731182795,-0.008620689655172414,,
2012,4410,0.0123819132348894,-0.0056397928994083,0.0,-0.0101773771445187,0.0,0.0123819132348894,1.0825688073394495,0.9967741935483871,1.0460293373798686,1.0576230492196879,-0.08256880733944955,0.027079303675048357,,
2012,4411,0.0049591330700706,-0.0011175265412554,0.0,-0.0144542282771223,0.0,0.0049591330700706,1.0906775343861437,0.9885736800630418,1.018,1.146279949558638,-0.09067753438614366,0.05157170923379175,,
2012,4412,-0.0021540518457996,-0.0051313948064064,0.0,0.0077844835126388,-0.0021540518457996,0.0,1.103416435826408,1.025411596277738,1.0813308687615526,1.0791940018744142,-0.10341643582640812,0.021367521367521368,,
2012,4413,0.0012294074256209,0.0002454288869799,0.0,-0.0009647853352628,0.0,0.0012294074256209,1.12015503875969,1.019790454016298,1.0712,1.1525974025974026,-0.12015503875968993,0.07916355489171023,,
2012,4414,-0.010132501948558,-0.0085644371941272,0.0,0.0026315789473683,-0.010132501948558,0.0,1.1325648414985592,1.0,1.0747126436781609,1.1428571428571428,-0.13256484149855907,0.05080213903743316,,
2012,4415,0.0126811594202898,-0.0123537061118335,0.0,-0.0020151133501259,0.0,0.0126811594202898,1.1569767441860466,1.0143149284253579,1.0940438871473355,1.0805604203152364,-0.1569767441860465,0.14040114613180515,,
2012,4416,-0.0011723329425556,-0.0108259823576584,0.0,0.0189659197012137,-0.0011723329425556,0.0,1.0611439842209074,0.990625,0.9890710382513661,1.1673209028459275,-0.0611439842209073,-0.009208103130755065,,
2012,4417,0.0032051282051281,-0.0104270109235352,0.0,-0.0027350427350427,0.0,0.0032051282051281,1.1106382978723404,1.0166358595194085,1.03862660944206,1.25706940874036,-0.11063829787234042,0.07851239669421488,,
2012,4418,0.0082508250825081,-0.0085470085470085,0.0,0.0032051282051281,0.0,0.0082508250825081,1.1176470588235294,1.0,1.0376175548589341,1.1106382978723404,-0.11764705882352941,0.03323262839879154,,
2012,4419,0.0041856925418568,-0.0101167315175096,0.0,0.0014201663623452,0.0,0.0041856925418568,1.1329787234042554,0.9829059829059829,1.0459183673469388,1.1533546325878594,-0.13297872340425532,0.03902439024390244,,
2012,4420,-0.0034590107229331,-0.013352580295922,0.0,-0.0019459038723487,-0.0034590107229331,0.0,1.0648535564853556,1.0132890365448506,1.0185567010309278,1.143074581430746,-0.06485355648535565,0.030364372469635626,,
2012,4421,0.0120240480961923,-0.0096670247046186,0.0,-0.0138969310943832,0.0,0.0120240480961923,1.1101123595505618,0.9925925925925926,1.0474040632054176,1.1238447319778189,-0.1101123595505618,0.06465517241379311,,
2012,4422,0.0083999999999999,-0.0028248587570621,0.0,0.0038953811908737,0.0,0.0083999999999999,1.0679886685552409,0.9908675799086758,1.022408963585434,1.2431192660550459,-0.0679886685552408,0.03287671232876712,,
2012,4423,0.0117070384999762,-0.0007991726212861,0.0,-0.0021489971346705,0.0,0.0117070384999762,1.0506541429050653,1.003833375926399,0.9986906710310965,1.1925133689839573,-0.05065414290506542,0.02654867256637168,,
2012,4424,0.0014191946070605,-0.0141028020040824,0.0,-0.0129926375054135,0.0,0.0014191946070605,1.0768136557610242,0.9809989142236699,1.036882393876131,1.1148036253776434,-0.07681365576102418,0.016107382550335572,,
2012,4425,-0.0131063573365471,-0.0063913470993116,0.0,0.0101327290385238,-0.0131063573365471,0.0,1.144320297951583,1.0323565323565325,1.106045589692765,1.1601174345076783,-0.14432029795158285,0.10125448028673835,,
2012,4426,-0.0072420036210018,-0.0128205128205127,0.0,0.0049591330700706,-0.0072420036210018,0.0,1.1401869158878504,1.0343007915567282,1.0943396226415094,1.0906775343861437,-0.14018691588785046,0.05172413793103448,,
2012,4427,-0.0050446255335662,-0.016142735768904,0.0,0.0,-0.0050446255335662,0.0,1.182170542635659,1.050986842105263,1.0579439252336449,1.1996587030716723,-0.1821705426356589,0.07773851590106007,,
2012,5201,0.0040983606557376,0.0049875311720697,0.0,0.0035982008995503,0.0,0.0040983606557376,1.146067415730337,1.0988372093023255,1.0402684563758389,1.076215505913272,-0.14606741573033707,-0.012903225806451613,,
2012,5202,0.0037117228580265,0.0017737896494156,0.0,-0.0137509549274255,0.0,0.0037117228580265,1.156929347826087,1.0635755258126196,1.0937072503419973,1.173913043478261,-0.15692934782608695,0.06504065040650407,,
2012,5203,-0.0034151547491996,-0.008977446901686,0.0,0.0082508250825081,-0.0034151547491996,0.0,1.4838709677419355,1.3376146788990826,1.3380281690140845,1.1176470588235294,-0.4838709677419355,0.04912280701754386,,
2012,5204,-0.0182186234817813,-0.0061919504643962,0.0,0.0042166000887704,-0.0182186234817813,0.0,1.07,0.9781021897810219,1.0210526315789474,1.0905752753977969,-0.07,0.10309278350515463,,
2012,5205,0.0142292490118576,-0.0080450522928399,0.0,0.0257397161414481,0.0,0.0142292490118576,1.1337209302325582,1.052132701421801,1.0638297872340425,1.281767955801105,-0.13372093023255813,-0.025,,
2012,5206,0.0064594267258781,0.0058503969912244,0.0,-0.0205061082024432,0.0,0.0064594267258781,1.1918367346938776,1.0601851851851851,1.0499040307101728,1.0461538461538462,-0.19183673469387755,0.06764168190127971,,
2012,5207,-0.0027350427350427,-0.0022271714922048,0.0,-0.0086011770031688,-0.0027350427350427,0.0,1.25706940874036,1.1539961013645224,1.1794871794871795,1.2282608695652173,-0.2570694087403599,0.06304347826086956,,
2012,5208,-0.0020013342228152,-0.028954802259887,0.0,0.0083089415541497,-0.0020013342228152,0.0,1.19,1.0725190839694656,1.1443298969072164,1.0856209150326797,-0.19,0.07207207207207207,,
2012,5209,-0.000755857898715,-0.0281224152191894,0.0,-0.0072420036210018,-0.000755857898715,0.0,1.1194029850746268,1.0426356589147288,1.078048780487805,1.1401869158878504,-0.11940298507462686,0.01809954751131222,,
2012,5210,0.0072821235611932,0.0095393206142391,0.0,0.0062583817612873,0.0,0.0072821235611932,1.1947791164658634,1.1148748159057438,1.1111111111111112,1.1913767019667172,-0.19477911646586346,0.02586206896551724,,
2012,5211,0.0050724637681158,0.0,0.0,0.0097103091115067,0.0,0.0050724637681158,1.154228855721393,1.0357142857142858,1.0381165919282511,1.1898625429553265,-0.15422885572139303,0.0021598272138228943,,
2012,5212,0.0040983606557376,-0.0113956622962871,0.0,0.0018264840182649,0.0,0.0040983606557376,1.1281869688385269,1.0546999468932554,1.0617283950617284,1.1824324324324325,-0.1281869688385269,0.029069767441860465,,
2012,5213,0.0077542499254399,0.013553329404832,0.0,-0.0055261893320518,0.0,0.0077542499254399,1.2777777777777777,1.1443850267379678,1.0970873786407767,1.1035758323057954,-0.2777777777777778,0.0855457227138643,,
2012,5214,0.0015741833923652,-0.0004051863857373,0.0,0.0015741833923652,0.0,0.0015741833923652,1.3211678832116789,1.2492581602373887,1.278810408921933,1.3211678832116789,-0.32116788321167883,0.05232558139534884,,
2012,5215,-0.002776235424764,-0.0281437125748502,0.0,0.0251423149905123,-0.002776235424764,0.0,1.1988950276243093,1.0434782608695652,1.0693069306930694,1.1274238227146813,-0.19889502762430938,0.004629629629629629,,
2012,5216,0.0102927820784499,0.0122418696673674,0.0,0.009281767955801,0.0,0.0102927820784499,1.1582830315224681,1.0964517741129436,1.0920583468395462,1.1599190283400809,-0.15828303152246814,0.02523003858711784,,
2012,5217,0.0038953811908737,-0.0097349918875067,0.0,0.0016032064128257,0.0,0.0038953811908737,1.2431192660550459,1.1924398625429553,1.205128205128205,1.25,-0.24311926605504589,-0.03900709219858156,,
2012,5218,0.0073193046660566,0.0157845868152275,0.0,-0.0057197330791229,0.0,0.0073193046660566,1.146341463414634,1.0262008733624455,1.0053763440860215,1.2093023255813953,-0.14634146341463414,0.0053475935828877,,
2012,5219,-0.0061199510403916,0.0023016725487188,0.0,-0.0072874493927125,-0.0061199510403916,0.0,1.2022332506203475,1.1368932038834951,1.186046511627907,1.2627906976744185,-0.2022332506203474,-0.05,,
2012,5220,0.0080321285140563,-0.0192307692307692,0.0,-0.0153640614562458,0.0,0.0080321285140563,1.2433862433862435,1.1428571428571428,1.1702702702702703,1.1560693641618498,-0.24338624338624337,0.08545034642032333,,
2012,5221,0.0018264840182649,-0.0209523809523809,0.0,0.02067843866171,0.0,0.0018264840182649,1.1824324324324325,1.095959595959596,0.9806451612903225,1.3404255319148937,-0.18243243243243243,0.1513157894736842,,
2012,5301,0.0144315381907778,-0.0066363953894515,0.0,-0.0008563110121596,0.0,0.0144315381907778,1.3617747440273038,1.2643391521197007,1.353356890459364,1.0883977900552486,-0.36177474402730375,0.04177545691906005,,
2012,5302,0.0062583817612873,-0.00657074883879,0.0,0.0014191946070605,0.0,0.0062583817612873,1.1913767019667172,1.1160449970396684,1.1430689399555225,1.0768136557610242,-0.1913767019667171,0.021400778210116732,,
2012,5303,-0.0170487948265726,-0.0139682539682539,0.0,0.0037117228580265,-0.0170487948265726,0.0,1.0965250965250966,1.042857142857143,1.051792828685259,1.156929347826087,-0.09652509652509653,0.07575757575757576,,
2012,5304,0.0042122999157538,-0.0204255319148936,0.0,-0.00354024073637,0.0,0.0042122999157538,1.2018927444794953,1.1031175059952039,1.125,1.1742160278745644,-0.20189274447949526,0.08547008547008547,,
2012,5305,-0.0041601664066562,0.0043243243243242,0.0,-0.0036906932278002,-0.0041601664066562,0.0,1.1290322580645162,1.0476190476190477,1.0555555555555556,1.172992409109069,-0.12903225806451613,-0.008097165991902834,,
2012,5306,-0.0014214641080312,-0.0061823802163832,0.0,0.0073193046660566,-0.0014214641080312,0.0,1.1703296703296704,1.0909090909090908,1.1264367816091954,1.146341463414634,-0.17032967032967034,0.08673469387755102,,
2012,5307,-0.0012453300124533,-0.0168612191958495,0.0,0.0012132977432661,-0.0012453300124533,0.0,1.2045454545454546,1.102880658436214,1.2160493827160495,1.1007326007326008,-0.20454545454545456,0.07614213197969544,,
2012,5308,-0.0116425424795468,-0.0100241963359833,0.0,-0.0013262599469495,-0.0116425424795468,0.0,1.316568047337278,1.164882226980728,1.225071225071225,1.180722891566265,-0.3165680473372781,0.03488372093023256,,
2012,5309,0.0057852645907776,0.0008721437292866,0.0,-0.0163934426229508,0.0,0.0057852645907776,1.1449101796407186,1.0804387568555758,1.0754060324825987,1.1782786885245902,-0.14491017964071856,0.03128371089536138,,
2012,5310,0.0051085568326947,-0.0088815789473684,0.0,-0.0006369426751592,0.0,0.0051085568326947,1.1926829268292682,1.0986964618249535,1.1333333333333333,1.2199312714776633,-0.1926829268292683,0.06535947712418301,,
2012,5311,-0.0082487309644669,0.0058102001291155,0.0,0.0006146281499692,-0.0082487309644669,0.0,1.167487684729064,1.0871212121212122,1.202127659574468,1.1155115511551155,-0.16748768472906403,0.048672566371681415,,
2012,5312,-0.0021306818181817,-0.0087912087912087,0.0,0.0057609217474796,-0.0021306818181817,0.0,1.1703470031545742,1.0563674321503131,1.1041009463722398,1.0608,-0.17034700315457413,0.06,,
2012,5313,-0.0043352601156069,-0.0063067608476287,0.0,0.0117070384999762,-0.0043352601156069,0.0,1.2473794549266248,1.1555555555555554,1.1505832449628843,1.0506541429050653,-0.24737945492662475,0.0967741935483871,,
2012,5314,0.0146818923327896,0.0051679586563306,0.0,0.0163759818932232,0.0,0.0146818923327896,1.2101910828025477,1.0638297872340425,1.0731707317073171,1.2130242825607065,-0.21019108280254778,0.07954545454545454,,
2012,5315,0.0189659197012137,0.0106508875739645,0.0,0.0077205882352942,0.0,0.0189659197012137,1.1673209028459275,1.0585488505747127,1.0946601941747574,1.1306532663316582,-0.16732090284592738,0.054988913525498895,,
2012,5316,0.0014201663623452,-0.0100776821331093,0.0,-0.0026572187776793,0.0,0.0014201663623452,1.1533546325878594,1.063063063063063,1.0818619582664526,1.1134020618556701,-0.15335463258785942,0.0712166172106825,,
2012,5317,0.003501400560224,0.0041938490214352,0.0,-0.0089585666293393,0.0,0.003501400560224,1.2394067796610169,1.1187800963081862,1.103734439834025,1.1342857142857143,-0.23940677966101695,0.09962406015037593,,
2012,5318,0.01592863969417,0.0108935901484055,0.0,-0.0050180650341228,0.0,0.01592863969417,1.2217391304347827,1.130718954248366,1.163768115942029,1.1543408360128617,-0.2217391304347826,0.049813200498132,,
2012,5319,0.0110736639383726,-0.0023474178403756,0.0,0.0125874125874125,0.0,0.0110736639383726,1.2352941176470589,1.089928057553957,1.0637254901960784,1.1879964695498677,-0.23529411764705882,0.06451612903225806,,
2012,7501,0.0043838285435946,-0.0017636684303351,0.0,-0.0041601664066562,0.0,0.0043838285435946,1.154308617234469,1.0456621004566211,1.0569744597249509,1.1290322580645162,-0.15430861723446893,0.07063197026022305,,
2012,7502,0.0061533344420421,-0.0082936297864831,0.0,0.0115292582118773,0.0,0.0061533344420421,1.1686746987951808,1.0744416873449132,1.0752577319587628,1.054857898215466,-0.1686746987951807,0.11601150527325024,,
2012,7503,0.0087406653088935,0.0159662475181998,0.0,-0.0082487309644669,0.0,0.0087406653088935,1.2107969151670952,1.1761290322580644,1.1907308377896613,1.167487684729064,-0.21079691516709512,0.05763473053892216,,
2012,7504,-0.0163934426229508,-0.0155601659751036,0.0,0.0044187627464309,-0.0163934426229508,0.0,1.1782786885245902,1.0892561983471074,1.1010752688172043,1.1818181818181819,-0.17827868852459017,0.123046875,,
2012,7505,0.0101327290385238,0.0163396707768936,0.0,-0.0021306818181817,0.0,0.0101327290385238,1.1601174345076783,1.082414870866919,1.1004662004662005,1.1703470031545742,-0.1601174345076784,0.08811692438042787,,
2012,7506,-0.0083454281567488,-0.0077760497667185,0.0,0.0061533344420421,-0.0083454281567488,0.0,1.1587837837837838,1.0237529691211402,1.0416666666666667,1.1686746987951808,-0.15878378378378377,0.055384615384615386,,
2012,7507,0.0004996252810391,-0.0034111781684597,0.0,0.0020652622883106,0.0,0.0004996252810391,1.1541850220264318,1.0096774193548388,1.0924170616113744,1.2466367713004485,-0.15418502202643172,0.13665943600867678,,
2012,7508,-0.0044378698224851,-0.0142700329308452,0.0,0.0043346337234504,-0.0044378698224851,0.0,1.190909090909091,1.0683060109289617,1.1176470588235294,1.1688311688311688,-0.19090909090909092,0.034210526315789476,,
2012,7509,0.0009027986758953,-0.0043818466353677,0.0,0.0087406653088935,0.0,0.0009027986758953,1.2424242424242424,1.1869328493647913,1.1598272138228942,1.2107969151670952,-0.24242424242424243,0.06890130353817504,,
2012,7510,0.0042372881355932,0.0090277777777778,0.0,-0.0145228215767634,0.0,0.0042372881355932,1.238888888888889,1.1326397919375812,1.2003853564547207,1.1235955056179776,-0.2388888888888889,0.0738362760834671,,
2012,7511,-0.0105693828844186,-0.0060172997367431,0.0,0.015225791568141,-0.0105693828844186,0.0,1.0970654627539504,1.0549019607843138,1.1382716049382715,1.1128205128205129,-0.09706546275395034,0.05422993492407809,,
2012,7512,0.0163759818932232,0.0069231793369723,0.0,-0.0042973785990545,0.0,0.0163759818932232,1.2130242825607065,1.1675485008818343,1.1765980498374864,1.1770491803278689,-0.2130242825607064,0.011970534069981584,,
2012,7513,0.0257397161414481,-0.0008877052818464,0.0,-0.0177215189873417,0.0,0.0257397161414481,1.281767955801105,1.1904161412358134,1.2598425196850394,1.146919431279621,-0.281767955801105,0.0875,,
2012,7514,-0.004739336492891,-0.0045300113250282,0.0,-0.0121085594989561,-0.004739336492891,0.0,1.2309417040358743,1.1070866141732283,1.1394799054373523,1.095774647887324,-0.23094170403587444,0.13900414937759337,,
2012,7515,0.0156148340923878,-0.0082644628099173,0.0,0.0272410516312955,0.0,0.0156148340923878,1.44106463878327,1.2388451443569555,1.2945736434108528,1.1980392156862745,-0.44106463878326996,0.1347305389221557,,
2012,7516,0.0100545820166619,-0.0059693007390563,0.0,0.00802407221665,0.0,0.0100545820166619,1.2737704918032786,1.1594372801875732,1.1708126036484245,1.1559633027522935,-0.27377049180327867,0.10056657223796034,,
2012,7517,-0.008399209486166,-0.0144696667994158,0.0,0.0030864197530864,-0.008399209486166,0.0,1.1015820149875104,1.0292887029288702,1.066551426101988,1.1162790697674418,-0.1015820149875104,0.07212317666126418,,
2012,7518,-0.0019062142584826,-0.0106426524764633,0.0,-0.0104994324631101,-0.0019062142584826,0.0,1.2112676056338028,1.1626373626373627,1.1051136363636365,1.177142857142857,-0.2112676056338028,0.10539845758354756,,
2012,7519,0.0081743869209809,-0.0158582089552238,0.0,0.0031124944419742,0.0,0.0081743869209809,1.0850111856823266,0.9870759289176091,1.0660146699266504,1.1023391812865497,-0.08501118568232663,0.11238532110091744,,
2012,7520,-0.0019459038723487,-0.0053763440860215,0.0,0.0038800705467372,-0.0019459038723487,0.0,1.143074581430746,1.0752056404230317,1.0582241630276565,1.0494011976047903,-0.1430745814307458,0.033012379642365884,,
2012,7521,0.0014634146341463,-0.0256410256410256,0.0,0.0161224489795919,0.0,0.0014634146341463,1.17,1.06198347107438,1.105,1.19009900990099,-0.17,0.058823529411764705,,
2012,7522,0.0043816409245263,-0.0068516615279204,0.0,-0.0021540518457996,0.0,0.0043816409245263,1.0933211344922233,1.0289855072463767,1.0348943985307621,1.103416435826408,-0.09332113449222323,0.06033717834960071,,
2012,7523,-0.0144542282771223,-0.0126514611546685,0.0,0.0027118644067796,-0.0144542282771223,0.0,1.146279949558638,1.0424710424710424,1.0972037283621838,1.0874316939890711,-0.14627994955863807,0.10315533980582524,,
2012,7524,0.0031599736668861,-0.008415908782408,0.0,0.0164021164021164,0.0,0.0031599736668861,1.1488277268093783,1.0747899159663865,1.1193415637860082,1.1115537848605577,-0.1488277268093782,0.035845588235294115,,
2012,7525,0.0010643959552953,-0.0056401579244218,0.0,-0.0182186234817813,0.0,0.0010643959552953,1.173374613003096,1.1062176165803108,1.1337386018237081,1.07,-0.17337461300309598,0.0160857908847185,,
2012,7526,0.0111824886985487,-0.0093297323839921,0.0,-0.0060015003750937,0.0,0.0111824886985487,1.414691943127962,1.3264604810996563,1.3649289099526067,1.1580756013745706,-0.4146919431279621,0.036458333333333336,,
2012,7527,-0.0145228215767634,-0.0112866817155756,0.0,-0.0019062142584826,-0.0145228215767634,0.0,1.1235955056179776,1.0238095238095237,1.1235059760956174,1.2112676056338028,-0.12359550561797752,0.06382978723404255,,
2012,7528,0.011111111111111,-0.0054998382400517,0.0,-0.0014214641080312,0.0,0.011111111111111,1.1727642276422765,1.113452188006483,1.1283095723014256,1.1703296703296704,-0.17276422764227642,0.04151624548736462,,
2012,7529,-0.002260397830018,-0.0282015718908922,0.0,-0.0213371266002845,-0.002260397830018,0.0,1.358744394618834,1.2659574468085106,1.2304147465437787,1.2740384615384615,-0.35874439461883406,0.1348314606741573,,
2012,7530,-0.005540166204986,-0.0150262960180315,0.0,0.0103806228373701,-0.005540166204986,0.0,1.248730964467005,1.1511627906976745,1.2,1.1437908496732025,-0.24873096446700507,0.025,,
2012,7531,-0.0086011770031688,-0.0188398611799702,0.0,0.013949556150486,-0.0086011770031688,0.0,1.2282608695652173,1.0635451505016722,1.1551724137931034,1.102721685689201,-0.22826086956521738,0.12437810945273632,,
2012,7532,-0.0135690789473684,-0.005038937242327,0.0,-0.000246184145741,-0.0135690789473684,0.0,1.1335078534031413,1.08008658008658,1.0205655526992288,1.0336611195158851,-0.13350785340314136,0.0906801007556675,,
2012,7601,0.0036469730123998,-0.0130813953488372,0.0,0.0078369905956112,0.0,0.0036469730123998,1.4221218961625282,1.319935691318328,1.3680555555555556,1.0134615384615384,-0.4221218961625282,0.06598984771573604,,
2012,7602,-0.0006358289620091,-0.000970088924818,0.0,0.0040983606557376,-0.0006358289620091,0.0,1.1308411214953271,1.0715447154471545,1.0764262648008611,1.146067415730337,-0.1308411214953271,0.089,,
2012,7603,-0.0072892040977147,-0.0111065405183051,0.0,-0.0012453300124533,-0.0072892040977147,0.0,1.1636363636363636,1.0881502890173411,1.097938144329897,1.2045454545454546,-0.16363636363636364,0.08169014084507042,,
2012,7604,-0.0088809946714032,-0.0133747313112013,0.0,-0.0161290322580645,-0.0088809946714032,0.0,1.1106290672451193,1.042763157894737,1.0719101123595505,1.0724637681159421,-0.11062906724511931,0.07337526205450734,,
2012,7605,-0.0204918032786884,0.000611620795107,0.0,0.0161370820163033,-0.0204918032786884,0.0,1.1682242990654206,1.121559633027523,1.1818181818181819,1.081989247311828,-0.16822429906542055,0.03021978021978022,,
2012,7606,0.0097103091115067,-0.0070066807886589,0.0,0.0081743869209809,0.0,0.0097103091115067,1.1898625429553265,1.1624595469255663,1.1384750219106048,1.0850111856823266,-0.18986254295532645,0.06620477290223249,,
2012,7607,-0.0034762456546929,-0.0138888888888888,0.0,0.0050955414012738,-0.0034762456546929,0.0,1.186246418338109,1.0881057268722467,1.1495327102803738,1.1565656565656566,-0.18624641833810887,0.12195121951219512,,
2012,7608,-0.0050180650341228,-0.0125575554625366,0.0,-0.0180562931492299,-0.0050180650341228,0.0,1.1543408360128617,1.0781512605042016,1.1177117711771176,1.1791044776119404,-0.15434083601286175,0.060039370078740155,,
2012,7609,0.0029002320185613,-0.0120101137800252,0.0,0.0045711212691583,0.0,0.0029002320185613,1.2162162162162162,1.0804597701149425,1.065743944636678,1.110691823899371,-0.21621621621621623,0.16883116883116883,,
2012,7610,-0.0026572187776793,-0.0075046904315196,0.0,-0.0020013342228152,-0.0026572187776793,0.0,1.1134020618556701,1.0372596153846154,1.0705521472392638,1.19,-0.1134020618556701,0.0830945558739255,,
2012,7611,-0.0137509549274255,-0.0152955766845803,0.0,-0.0116425424795468,-0.0137509549274255,0.0,1.173913043478261,1.0666666666666667,1.0935251798561152,1.316568047337278,-0.17391304347826086,0.06578947368421052,,
2012,7612,-0.0166572557876906,-0.0030184123151222,0.0,-0.0003374957813027,-0.0166572557876906,0.0,1.1646447140381282,1.062111801242236,1.077328646748682,1.0852459016393443,-0.16464471403812825,0.09624796084828711,,
2012,7613,-0.0062214848610534,-0.0139009556907037,0.0,-0.0007215007215006,-0.0062214848610534,0.0,1.3093525179856116,1.1911764705882353,1.3076923076923077,1.1428571428571428,-0.30935251798561153,0.07058823529411765,,
2012,7614,-0.0213371266002845,-0.0151668351870576,0.0,0.0115473441108544,-0.0213371266002845,0.0,1.2740384615384615,1.1506849315068493,1.2583732057416268,1.075,-0.27403846153846156,0.0076045627376425855,,
2012,7615,0.0119825708061003,0.0002153779883695,0.0,0.0023030861354214,0.0,0.0119825708061003,1.1116816431322207,1.0341419586702605,1.0167095115681235,1.1631578947368422,-0.1116816431322208,0.09481668773704172,,
2012,7616,0.0160941628633197,0.000452468214108,0.0,0.0080321285140563,0.0,0.0160941628633197,1.1639654240950836,1.112207896857373,1.1262769580022702,1.2433862433862435,-0.16396542409508374,0.08566389518770472,,
2012,7617,-0.000895255147717,-0.0145918832649338,0.0,-0.002776235424764,-0.000895255147717,0.0,1.2057716436637391,1.1414141414141414,1.1435963777490297,1.1988950276243093,-0.205771643663739,0.08710407239819004,,
2012,7618,0.0071191730056563,-0.0060455896927651,0.0,-0.0060527453523562,0.0,0.0071191730056563,1.1713513513513514,1.1610239471511148,1.1270536692223438,1.1829787234042553,-0.17135135135135135,0.052964042759961125,,
2012,7619,-0.0163719711853307,0.0,0.0,-0.0070210631895687,-0.0163719711853307,0.0,1.2532467532467533,1.2352941176470589,1.1736111111111112,1.1225806451612903,-0.2532467532467532,0.14201183431952663,,
2012,7620,-0.0024126334259394,-0.0096899224806201,0.0,0.0100545820166619,-0.0024126334259394,0.0,1.3035714285714286,1.205065608788526,1.2143871273071463,1.2737704918032786,-0.30357142857142855,0.10950896336710834,,
2012,7621,-0.0006369426751592,-0.0187896001747869,0.0,0.0040140491721023,-0.0006369426751592,0.0,1.2199312714776633,1.07816091954023,1.103559870550162,1.2162921348314606,-0.21993127147766323,0.04105571847507331,,
2012,7622,-0.0138969310943832,-0.0197430272641805,0.0,0.0009027986758953,-0.0138969310943832,0.0,1.1238447319778189,1.035294117647059,1.066793893129771,1.2424242424242424,-0.12384473197781885,0.08765652951699464,,
2012,7623,0.0,-0.0032520325203252,0.0,0.0072358900144717,0.0,0.0,1.1996587030716723,1.114247311827957,1.1238779174147218,1.0328358208955224,-0.19965870307167236,0.12300319488817892,,
2012,7624,-0.0112496611547845,-0.0258215962441314,0.0,0.0114417150777033,-0.0112496611547845,0.0,1.2003948667324777,1.1118012422360248,1.1642857142857144,1.1210998439937598,-0.20039486673247778,0.06573181419807186,,
2012,7625,0.0114417150777033,0.0065512133986556,0.0,-0.0061728395061728,0.0,0.0114417150777033,1.1210998439937598,1.0257510729613735,1.0731562252180809,1.1315240083507307,-0.12109984399375975,0.062072787733234804,,
2012,8401,0.0181426814268141,0.0046221864951767,0.0,-0.000895255147717,0.0,0.0181426814268141,1.1299303944315546,1.0623885918003566,1.0363836824696802,1.2057716436637391,-0.12993039443155452,0.036170212765957444,,
2012,8402,-0.0012997140629061,-0.0183054393305439,0.0,-0.0088809946714032,-0.0012997140629061,0.0,1.2782764811490126,1.2369791666666667,1.1776556776556777,1.1106290672451193,-0.27827648114901254,0.10730948678071539,,
2012,8403,-0.0119521912350597,-0.0188205771643663,0.0,0.0123819132348894,-0.0119521912350597,0.0,1.1962616822429906,1.0073260073260073,1.0980392156862746,1.0825688073394495,-0.19626168224299065,0.14285714285714285,,
2012,8404,0.0103806228373701,0.0062611806797854,0.0,0.012913003940588,0.0,0.0103806228373701,1.1437908496732025,1.0591133004926108,1.0647058823529412,1.1801164725457571,-0.1437908496732026,-0.03314917127071823,,
2012,8405,0.0251423149905123,-0.0024461091576211,0.0,0.0110664348330074,0.0,0.0251423149905123,1.1274238227146813,1.043390514631685,1.0238095238095237,1.095004331504476,-0.12742382271468145,0.05167958656330749,,
2012,8406,0.0278614457831325,0.011603375527426,0.0,-0.0088325652841781,0.0,0.0278614457831325,1.1357142857142857,1.0126926563916592,1.0419091967403957,1.0520694259012016,-0.1357142857142857,0.0659217877094972,,
2012,8407,0.0152938019855111,0.0,0.0,0.008569388240895,0.0,0.0152938019855111,1.0869565217391304,1.0309477756286267,1.072929542645241,1.0790629575402635,-0.08695652173913043,0.008064516129032258,,
2012,8408,-0.0029093260061419,-0.0053953937832179,0.0,-0.0165289256198346,-0.0029093260061419,0.0,1.1044600938967135,1.0421631530705775,1.051002865329513,1.135483870967742,-0.10446009389671361,0.026172300981461286,,
2012,8409,0.015225791568141,-0.0117713960762012,0.0,-0.0172711571675302,0.0,0.015225791568141,1.1128205128205129,1.0307851954341058,1.0351267229879946,1.1410788381742738,-0.11282051282051282,0.02534364261168385,,
2012,8410,-0.0045578851412944,-0.0055529847292919,0.0,-0.0062753301085108,-0.0045578851412944,0.0,1.0725552050473186,1.0247524752475248,1.042622950819672,1.08984145625367,-0.07255520504731862,0.06918238993710692,,
2012,8411,0.0115473441108544,-0.0430678466076696,0.0,0.0067425200168562,0.0,0.0115473441108544,1.075,1.0,1.00625,1.1062322946175638,-0.075,0.06832298136645963,,
2012,8412,0.0132933104631218,0.0064488392089423,0.0,0.0072821235611932,0.0,0.0132933104631218,1.1897233201581028,1.046875,1.072,1.1947791164658634,-0.18972332015810275,0.12313432835820895,,
2012,8413,0.0078369905956112,-0.0187165775401069,0.0,0.0009021199819576,0.0,0.0078369905956112,1.0134615384615384,0.9420505200594353,0.9753787878787878,1.1911764705882353,-0.013461538461538462,0.02330097087378641,,
2012,8414,0.0044187627464309,-0.0158075601374571,0.0,-0.0083454281567488,0.0,0.0044187627464309,1.1818181818181819,0.9779735682819384,0.9348314606741573,1.1587837837837838,-0.18181818181818182,0.03125,,
2012,8415,0.0034908700322233,0.0104333868378811,0.0,-0.0011723329425556,0.0,0.0034908700322233,1.1855670103092784,1.0611111111111111,1.1047381546134662,1.0611439842209074,-0.18556701030927836,0.03837471783295711,,
2012,8416,0.013949556150486,-0.0002736352442194,0.0,-0.0029417944946417,0.0,0.013949556150486,1.102721685689201,1.039691289966924,1.0220713073005094,1.1193595342066958,-0.10272168568920105,0.04318936877076412,,
2012,8417,-0.0120274914089346,-0.0128440366972476,0.0,0.0142292490118576,-0.0120274914089346,0.0,1.0752351097178683,1.0138888888888888,1.0277777777777777,1.1337209302325582,-0.07523510971786834,0.03003003003003003,,
2012,8418,-0.0003085467448318,-0.0098319061211544,0.0,0.0077542499254399,-0.0003085467448318,0.0,1.0502283105022832,1.0571428571428572,0.9914529914529915,1.2777777777777777,-0.0502283105022831,-0.008620689655172414,,
2012,8419,-0.0104994324631101,0.0030303030303029,0.0,0.0044049878015721,-0.0104994324631101,0.0,1.177142857142857,1.0606694560669456,1.0982658959537572,1.065583634175692,-0.17714285714285713,0.08421052631578947,,
2012,8420,0.0043346337234504,0.0048479506390479,0.0,0.0046253469010175,0.0,0.0043346337234504,1.1688311688311688,1.0671140939597314,1.1013215859030836,1.162729658792651,-0.16883116883116883,0.08,,
2012,8421,0.0110664348330074,0.006180725803667,0.0,0.0170012953367875,0.0,0.0110664348330074,1.095004331504476,1.0384362680683312,1.0486853510546086,1.149643705463183,-0.09500433150447589,0.044772007163521144,,
2012,8422,0.0100200400801602,-0.0030040053404539,0.0,0.0152938019855111,0.0,0.0100200400801602,1.1694117647058824,1.0848585690515806,1.105140186915888,1.0869565217391304,-0.16941176470588235,0.0507399577167019,,
2012,8423,-0.0061728395061728,-0.0332461710870377,0.0,0.0111824886985487,-0.0061728395061728,0.0,1.1315240083507307,1.0388978930307942,1.0717299578059072,1.414691943127962,-0.1315240083507307,0.06692913385826772,,
2012,8424,-0.0121085594989561,-0.0144209103199639,0.0,0.0051085568326947,-0.0121085594989561,0.0,1.095774647887324,1.0474137931034482,1.0857142857142856,1.1926829268292682,-0.09577464788732394,0.02368421052631579,,
2012,8425,0.0130363932645301,-0.0143646408839779,0.0,-0.0006358289620091,0.0,0.0130363932645301,1.1594827586206897,0.9894736842105263,0.984375,1.1308411214953271,-0.15948275862068967,0.06746031746031746,,
2012,8426,-0.0015702695629415,-0.0112327997753439,0.0,0.0278614457831325,-0.0015702695629415,0.0,1.1084812623274163,1.0157232704402517,1.052325581395349,1.1357142857142857,-0.10848126232741617,0.034990791896869246,,
2012,8427,0.0077205882352942,-0.0102234002271867,0.0,-0.000755857898715,0.0,0.0077205882352942,1.1306532663316582,1.0551181102362204,1.0816831683168318,1.1194029850746268,-0.1306532663316583,0.029748283752860413,,
2012,8428,-0.0008543638275499,-0.0089466694625008,0.0,-0.0003085467448318,-0.0008543638275499,0.0,1.102288650163475,1.0361223737559897,1.064741499767117,1.0502283105022832,-0.102288650163475,0.03237095363079615,,
2012,8429,-0.0057197330791229,-0.0169491525423728,0.0,0.0100200400801602,-0.0057197330791229,0.0,1.2093023255813953,1.1111111111111112,1.1176470588235294,1.1694117647058824,-0.20930232558139536,0.09473684210526316,,
2012,8430,-0.0153640614562458,-0.0160390516039051,0.0,-0.0034590107229331,-0.0153640614562458,0.0,1.1560693641618498,1.0135135135135136,1.0454545454545454,1.0648535564853556,-0.15606936416184972,0.08695652173913043,,
2012,8431,0.0125874125874125,-0.0078965438315403,0.0,-0.0086792452830188,0.0,0.0125874125874125,1.1879964695498677,1.1224755700325733,1.1306306306306306,1.115501519756839,-0.1879964695498676,0.07250996015936255,,
2012,8432,-0.0091264667535854,-0.0120284308365227,0.0,-0.0034762456546929,-0.0091264667535854,0.0,1.1236559139784945,1.0648414985590777,1.0683453237410072,1.186246418338109,-0.12365591397849462,0.05555555555555555,,
2012,8433,0.0170012953367875,-0.0115891411335132,0.0,-0.002260397830018,0.0,0.0170012953367875,1.149643705463183,1.1214868540344516,1.1324582338902147,1.358744394618834,-0.1496437054631829,0.020021074815595362,,
2012,8434,0.0161224489795919,0.0166399358460305,0.0,-0.0144084934277047,0.0,0.0161224489795919,1.19009900990099,1.0597439544807965,1.091796875,1.1370309951060358,-0.1900990099009901,0.07513416815742398,,
2012,8435,0.0147404400769066,-0.0110324729392172,0.0,0.0120240480961923,0.0,0.0147404400769066,1.088646967340591,0.995085995085995,1.1946902654867257,1.1101123595505618,-0.08864696734059098,0.037037037037037035,,
2012,9301,0.0137867647058822,0.003106487501806,0.0,0.0027654867256636,0.0,0.0137867647058822,1.114935064935065,1.0657698056801195,1.0836120401337792,1.0691489361702127,-0.11493506493506493,0.059876543209876544,,
2012,9302,-0.0134048257372654,-0.0454284071305347,0.0,0.0052328623757196,-0.0134048257372654,0.0,1.103030303030303,1.062780269058296,1.0802469135802468,1.1650793650793652,-0.10303030303030303,0.04,,
2012,9303,0.00802407221665,0.0029605263157894,0.0,0.0050724637681158,0.0,0.00802407221665,1.1559633027522935,1.1387755102040817,1.1267056530214425,1.154228855721393,-0.1559633027522936,0.08996539792387544,,
2012,9304,0.0036648914848536,-0.0083863504916136,0.0,0.0031599736668861,0.0,0.0036648914848536,1.202092511013216,1.1571373006612213,1.1808328579577867,1.1488277268093783,-0.20209251101321585,0.05458937198067633,,
2012,9305,-0.0072874493927125,0.0033277870216306,0.0,0.0181426814268141,-0.0072874493927125,0.0,1.2627906976744185,1.2084805653710247,1.2379746835443037,1.1299303944315546,-0.2627906976744186,0.11042944785276074,,
2012,9306,-0.0060015003750937,0.000999000999001,0.0,0.0073564688949303,-0.0060015003750937,0.0,1.1580756013745706,1.154353562005277,1.1290909090909091,1.0766110860748084,-0.15807560137457044,0.0853462157809984,,
2012,9307,-0.0089585666293393,-0.0135512156237544,0.0,-0.0024999999999999,-0.0089585666293393,0.0,1.1342857142857143,1.099585062240664,1.1238390092879258,1.1428571428571428,-0.13428571428571429,0.09366391184573003,,
2012,9308,0.0272410516312955,0.0019607843137254,0.0,0.0026737967914438,0.0,0.0272410516312955,1.1980392156862745,1.1716867469879517,1.1677018633540373,1.120274914089347,-0.1980392156862745,0.08333333333333333,,
2012,9309,0.02067843866171,-0.0022747952684258,0.0,0.0057852645907776,0.0,0.02067843866171,1.3404255319148937,1.240909090909091,1.2638580931263859,1.1449101796407186,-0.3404255319148936,0.10526315789473684,,
2012,9310,0.0024265300620114,-0.0140689655172413,0.0,0.0010643959552953,0.0,0.0024265300620114,1.156657963446475,1.1044487427466152,1.1428571428571428,1.173374613003096,-0.1566579634464752,0.1075,,
2012,9311,-0.0021489971346705,-0.0073710073710073,0.0,-0.001180358829084,-0.0021489971346705,0.0,1.1925133689839573,1.1367041198501873,1.121212121212121,1.11284046692607,-0.1925133689839572,0.09582309582309582,,
2012,9312,0.0022678276450989,-0.0080721220527045,0.0,0.0156148340923878,0.0,0.0022678276450989,1.0695565944184728,1.0585235832657318,1.0726306465899025,1.44106463878327,-0.06955659441847287,0.03908615469309111,,
2012,9313,0.0125106624964457,0.0137081140958184,0.0,-0.0096711798839458,0.0,0.0125106624964457,1.1120689655172413,1.0843815513626835,1.0960490463215258,1.0607734806629834,-0.11206896551724138,0.04226227470478558,,
2012,9314,0.0016032064128257,-0.0216486261448792,0.0,-0.0061199510403916,0.0,0.0016032064128257,1.25,1.1438515081206497,1.1875,1.2022332506203475,-0.25,0.13003095975232198,,
2012,9315,-0.0036906932278002,-0.0122124136669258,0.0,-0.0170487948265726,-0.0036906932278002,0.0,1.172992409109069,1.1001611170784102,1.1098169717138102,1.0965250965250966,-0.17299240910906913,0.10044977511244378,,
2012,9316,0.0052328623757196,-0.0005293806246691,0.0,0.0046461758398856,0.0,0.0052328623757196,1.1650793650793652,1.1521739130434783,1.1783216783216783,1.1273996509598603,-0.16507936507936508,0.08902077151335312,,
2012,9317,0.0047961630695443,-0.0332528828104049,0.0,-0.0008543638275499,0.0,0.0047961630695443,1.9074074074074074,1.9326599326599327,1.855140186915888,1.102288650163475,-0.9074074074074074,0.037783375314861464,,
2012,9318,0.012913003940588,-0.0051110435047155,0.0,-0.0043352601156069,0.0,0.012913003940588,1.1801164725457571,1.1357021996615906,1.1688712522045854,1.2473794549266248,-0.18011647254575708,0.07016220294228594,,
2013,51,-0.0112189205579138,-0.0177534994878798,-0.0054282267792521,-0.007971656333038,-0.0112189205579138,0.0,1.1702586206896552,1.0485074626865671,1.1445497630331753,1.124031007751938,-0.17025862068965517,0.12422360248447205,,
2013,52,0.0105189340813465,0.0027985074626866,-0.0007007708479327,-0.0212411495210329,0.0,0.0105189340813465,1.2984084880636604,1.2080989876265467,1.2786421499292786,1.1730337078651685,-0.2984084880636605,0.08296460176991151,,
2013,53,0.0091583078935892,0.0009785799717298,0.0002181025081788,-0.0081767955801105,0.0,0.0091583078935892,1.185846560846561,1.0891246684350133,1.1541725601131543,1.1114827201783724,-0.18584656084656084,0.09865196078431372,,
2013,54,-0.0019234131841231,-0.000360815442901,0.0107811947684695,-0.0010842067220816,-0.0019234131841231,0.0,1.173044925124792,1.0180843938379103,1.1259124087591241,1.0972222222222223,-0.17304492512479203,0.1426256077795786,,
2013,55,0.0024987506246876,-0.0077559462254395,0.0040140491721023,-0.0039370078740157,0.0,0.0024987506246876,1.1678657074340528,1.079268292682927,1.2162921348314606,1.1112385321100917,-0.16786570743405277,0.12471131639722864,,
2013,56,-0.0134739308728764,-0.0144356955380577,-0.0172711571675302,0.0058939096267189,-0.0134739308728764,0.0,1.1226053639846743,1.0608365019011408,1.1410788381742738,1.1596958174904943,-0.12260536398467432,0.06545454545454546,,
2013,57,0.0175685172171469,-0.0084839542604204,0.0038800705467372,-0.0114155251141552,0.0,0.0175685172171469,1.1114245416078985,1.04064039408867,1.0494011976047903,1.2523364485981308,-0.11142454160789844,0.12410841654778887,,
2013,58,-0.0178474851270957,-0.0125074449076831,-0.0180562931492299,-0.0082364341085271,-0.0178474851270957,0.0,1.1629834254143647,1.1044386422976502,1.1791044776119404,1.3318385650224216,-0.16298342541436464,0.06582278481012659,,
2013,59,-0.0015327348368732,0.0039351851851852,0.009281767955801,0.0012706480304955,-0.0015327348368732,0.0,1.1802973977695168,1.0974025974025974,1.1599190283400809,1.2285067873303168,-0.18029739776951673,0.1082024432809773,,
2013,60,-0.024621697871249,-0.0165289256198346,-0.0144084934277047,-0.0138138138138138,-0.024621697871249,0.0,1.0899550224887555,1.0224,1.1370309951060358,1.0920245398773005,-0.08995502248875563,0.043041606886657105,,
2013,61,-0.0057989690721649,-0.0140548137737175,-0.0177215189873417,0.0106072659771943,-0.0057989690721649,0.0,1.2094017094017093,1.075268817204301,1.146919431279621,1.995744680851064,-0.2094017094017094,0.16942148760330578,,
2013,62,-0.0078212290502793,-0.0144092219020173,0.0067491563554555,-0.0016694490818029,-0.0078212290502793,0.0,1.1677018633540373,1.0515759312320916,1.1842105263157894,1.3375796178343948,-0.16770186335403728,0.19365079365079366,,
2013,63,-0.0135196034249661,-0.0212660731948566,0.0009021199819576,-0.0185406698564593,-0.0135196034249661,0.0,1.2252252252252251,1.0283400809716599,1.1911764705882353,1.0748299319727892,-0.22522522522522523,0.11934156378600823,,
2013,64,-0.0087313816127375,0.0158556588299616,-0.0005133470225873,-0.0044728014207722,-0.0087313816127375,0.0,1.2291666666666667,1.1232091690544412,1.2103321033210332,1.158493870402802,-0.22916666666666666,0.07926829268292683,,
2013,1101,0.0088807104568364,0.0113080684596575,0.0089602841459477,-0.0073684210526315,0.0,0.0088807104568364,1.1211391897312475,1.022357074417119,1.083910034602076,1.1457627118644067,-0.12113918973124749,0.11532322426177175,,
2013,1102,0.0114401076716015,-0.0007077140835102,0.014334470989761,-0.0155607751027598,0.0,0.0114401076716015,1.13671875,1.0,1.1722689075630253,1.1109243697478992,-0.13671875,0.043010752688172046,,
2013,1103,-0.0013550135501354,0.0055071133547499,0.0068212824010913,0.0141397849462365,-0.0013550135501354,0.0,1.128654970760234,1.0792079207920793,1.0817610062893082,1.088235294117647,-0.1286549707602339,0.12209302325581395,,
2013,1104,0.0032112480472139,0.0153323388032486,0.0077844835126388,0.0056650246305418,0.0,0.0032112480472139,1.114902807775378,1.014089231801409,1.0791940018744142,1.1241914618369988,-0.11490280777537797,0.12071211463308727,,
2013,1105,-0.0046542553191489,-0.0006675567423231,0.0031124944419742,-0.0103847061600188,-0.0046542553191489,0.0,1.108254397834912,1.0547486033519553,1.1023391812865497,1.0805194805194804,-0.10825439783491204,0.08620689655172414,,
2013,1106,0.0131887985546521,0.0233406891868952,0.0196186791931471,-0.0206753962784286,0.0,0.0131887985546521,1.1164053075995175,1.0357660705654905,1.0893561103810776,1.1257995735607675,-0.11640530759951749,0.11640530759951749,,
2013,1107,0.0026901442895572,0.0059923298178332,-0.0031691857630423,0.0058602291611999,0.0,0.0026901442895572,1.1203703703703705,1.037037037037037,1.0663841807909604,1.133250532292406,-0.12037037037037036,0.12185430463576159,,
2013,1108,-0.0103847061600188,0.0028873917228104,0.008569388240895,-0.0080172679617638,-0.0103847061600188,0.0,1.0805194805194804,1.0203045685279188,1.0790629575402635,1.2280373831775702,-0.08051948051948052,0.12890094979647218,,
2013,1109,0.0106615266462872,0.0049335403658308,0.0090792362804761,-0.0073761854583772,0.0,0.0106615266462872,1.08475749850502,1.018373042534498,1.0615036442906114,1.1386666666666667,-0.08475749850501998,0.08060824580655275,,
2013,1110,-0.0009107468123861,-0.0073529411764705,-0.0161290322580645,0.0053017944535074,-0.0009107468123861,0.0,1.1753554502369667,1.038022813688213,1.0724637681159421,1.2641921397379912,-0.17535545023696683,0.11711711711711711,,
2013,1111,0.0110314396028681,0.0146500271296798,0.0027654867256636,0.0066033842344201,0.0,0.0110314396028681,1.1313131313131313,1.069672131147541,1.0691489361702127,1.1467181467181466,-0.13131313131313133,0.11442786069651742,,
2013,1112,0.0141397849462365,0.0168423126169605,0.0115292582118773,-0.0181902985074626,0.0,0.0141397849462365,1.088235294117647,1.0191266079891672,1.054857898215466,1.1632183908045977,-0.08823529411764706,0.08959899749373433,,
2013,1113,0.0064494229463678,0.0111237414745046,0.0059757555062318,0.0,0.0,0.0064494229463678,1.0925578486554097,1.03171552138395,1.0869272237196765,1.220532319391635,-0.09255784865540963,0.08307501549907005,,
2013,1114,0.0056650246305418,0.0039961249697262,0.0088836429148289,-0.0004705882352941,0.0,0.0056650246305418,1.1241914618369988,1.0231014991398377,1.0830748017924854,1.46,-0.12419146183699871,0.10630171865054105,,
2013,1115,-0.0011470211186829,0.0067913975630866,0.0044049878015721,-0.0157964019306713,-0.0011470211186829,0.0,1.1332179930795847,1.0217292892711634,1.065583634175692,1.2123893805309736,-0.13321799307958476,0.10954263128176171,,
2013,2401,-0.0043658088235294,-0.0065422825296825,0.0023030861354214,-0.0050987890376035,-0.0043658088235294,0.0,1.1795275590551182,1.0408163265306123,1.1631578947368422,1.2774390243902438,-0.1795275590551181,0.1297134238310709,,
2013,2402,-0.0136299859691321,-0.0140936686903729,-0.00379392971246,-0.0094950366853689,-0.0136299859691321,0.0,1.1236749116607774,1.0468909276248726,1.1108312342569269,1.1939393939393939,-0.12367491166077739,0.08163265306122448,,
2013,2403,0.0010464629552113,-0.005295488244016,0.0067425200168562,-0.010844306738962,0.0,0.0010464629552113,1.1686121919584955,1.0571428571428572,1.1062322946175638,1.1451104100946372,-0.16861219195849547,0.15364916773367476,,
2013,2404,0.0184442662389734,-0.0025359256128486,-0.0039936102236421,-0.0012277470841006,0.0,0.0184442662389734,1.1408450704225352,1.0583333333333333,1.1344086021505377,1.2287104622871046,-0.14084507042253522,0.15165876777251186,,
2013,2405,-0.0164430164430164,-0.0171261487050961,-0.0078754922182636,-0.0080469769464984,-0.0164430164430164,0.0,1.1122448979591837,1.055793991416309,1.1151685393258426,1.1693002257336342,-0.11224489795918367,0.0982367758186398,,
2013,2406,-0.0142993326978074,-0.0154798761609906,-0.0037986704653371,0.0024691358024691,-0.0142993326978074,0.0,1.2857142857142858,1.2098765432098766,1.272,1.0995670995670996,-0.2857142857142857,0.07547169811320754,,
2013,2407,-0.014,-0.0163666121112929,0.0040160642570281,-0.0086629001883239,-0.014,0.0,1.2457142857142858,1.1263440860215055,1.2516129032258065,1.1640625,-0.24571428571428572,0.12371134020618557,,
2013,2408,-0.0057761732851985,-0.0125687352710133,-0.0007215007215006,0.0033379373848987,-0.0057761732851985,0.0,1.1639344262295082,1.0818181818181818,1.1428571428571428,1.202211690363349,-0.16393442622950818,0.109375,,
2013,2409,-0.0010842067220816,0.0014953271028037,0.002536231884058,0.0042319085907744,-0.0010842067220816,0.0,1.0972222222222223,1.0482573726541555,1.1349911190053286,1.1928571428571428,-0.09722222222222222,0.11267605633802817,,
2013,2410,0.0010300589942877,0.0083451872925557,0.0083089415541497,-0.0114591291061879,0.0,0.0010300589942877,1.0998817966903074,1.0398230088495575,1.0856209150326797,1.2046035805626598,-0.09988179669030733,0.12040939193257075,,
2013,2411,-0.0073421439060205,-0.0120967741935483,0.0022075055187638,-0.00655054339735,-0.0073421439060205,0.0,1.1102661596958174,1.009933774834437,1.1135371179039302,1.1066723331916701,-0.11026615969581749,0.1450980392156863,,
2013,2412,-0.0094950366853689,-0.0148491879350347,-0.0042973785990545,-0.0014591439688715,-0.0094950366853689,0.0,1.1939393939393939,1.0989583333333333,1.1770491803278689,1.3321799307958477,-0.19393939393939394,0.09749303621169916,,
2013,2413,7.56887677868523e-05,-0.0012444582717585,0.0052499429354029,-0.0078212290502793,0.0,7.56887677868523e-05,1.1825313807531381,1.079749478079332,1.1526980482204363,1.1677018633540373,-0.18253138075313807,0.12599601593625498,,
2013,2414,-0.0065616797900261,0.0042194092827003,0.0026315789473683,0.0006640106241699,-0.0065616797900261,0.0,1.213389121338912,1.089795918367347,1.1428571428571428,1.2469879518072289,-0.21338912133891214,0.1693548387096774,,
2013,2415,-0.0208855472013367,-0.0175609756097561,-0.0024999999999999,-0.00685192234488,-0.0208855472013367,0.0,1.1450980392156862,1.0439189189189189,1.1428571428571428,1.155367231638418,-0.1450980392156863,0.10606060606060606,,
2013,2701,-0.008814887365328,-0.0227518959913326,-0.0201535508637236,-0.0073421439060205,-0.008814887365328,0.0,1.135135135135135,1.0508474576271187,1.0921985815602837,1.1102661596958174,-0.13513513513513514,0.09090909090909091,,
2013,2702,-0.0073761854583772,-0.0136542467021523,-0.0029417944946417,0.0033921302578019,-0.0073761854583772,0.0,1.1386666666666667,1.0592020592020592,1.1193595342066958,1.150259067357513,-0.13866666666666666,0.11053315994798439,,
2013,2703,-0.023109243697479,-0.020096463022508,-0.0165289256198346,-0.0088007736943906,-0.023109243697479,0.0,1.1453488372093024,1.0585106382978724,1.135483870967742,1.1810228802153433,-0.14534883720930233,0.11931818181818182,,
2013,2704,0.0169002473206925,0.0065897858319605,0.0020652622883106,0.001515661839003,0.0,0.0169002473206925,1.21875,1.11284046692607,1.2466367713004485,1.0781841109709962,-0.21875,0.1223021582733813,,
2013,2705,-0.0065233148103406,-0.0025555839509328,-0.0055261893320518,-0.0006778348019753,-0.0065233148103406,0.0,1.1964873765093305,1.0323886639676114,1.1035758323057954,1.2059565875820293,-0.1964873765093304,0.21787709497206703,,
2013,2706,-0.004241396025206,-0.0108424725822532,0.0012132977432661,-0.0007578628268283,-0.004241396025206,0.0,1.1520417028670722,1.0258493353028064,1.1007326007326008,1.1529126213592233,-0.1520417028670721,0.10316139767054909,,
2013,2707,-0.0087636191378493,-0.0017182130584192,-0.00354024073637,0.011408280447265,-0.0087636191378493,0.0,1.1261829652996846,1.0576070901033974,1.1742160278745644,1.1479179614667496,-0.12618296529968454,0.05934718100890208,,
2013,2708,-0.0168888888888888,-0.006193425440686,0.0026737967914438,-0.013732833957553,-0.0168888888888888,0.0,1.1521035598705502,1.0655737704918034,1.120274914089347,1.1746641074856046,-0.15210355987055016,0.09202453987730061,,
2013,2709,0.0038022813688212,-0.0083102493074792,0.0050955414012738,0.00210463018641,0.0,0.0038022813688212,1.1689497716894977,1.040485829959514,1.1565656565656566,1.263157894736842,-0.1689497716894977,0.11790393013100436,,
2013,2710,-0.0151447661469933,-0.0179176755447941,-0.0205061082024432,-0.0099270664505672,-0.0151447661469933,0.0,1.08,1.0277185501066097,1.0461538461538462,1.1630276564774382,-0.08,0.07773109243697479,,
2013,2711,-0.0088007736943906,-0.0008083257552793,-0.0011591962905718,-0.0005963029218842,-0.0088007736943906,0.0,1.1810228802153433,1.048470859780727,1.0940044411547003,1.1488250652741514,-0.1810228802153432,0.18741542625169147,,
2013,2712,-0.00416449765747,0.0060606060606061,0.0164021164021164,-0.0128593040847201,-0.00416449765747,0.0,1.1824817518248176,1.0912162162162162,1.1115537848605577,1.1598173515981736,-0.18248175182481752,0.16129032258064516,,
2013,2713,-0.0080469769464984,-0.0110062893081761,0.0026166593981682,-0.0062973760932945,-0.0080469769464984,0.0,1.1693002257336342,1.0924528301886793,1.1421800947867298,1.1997363216875412,-0.16930022573363432,0.07468879668049792,,
2013,2714,-0.0002937720329024,-0.0065440947335618,-0.0101773771445187,-0.0014338973329509,-0.0002937720329024,0.0,1.175418994413408,1.0699638118214716,1.0576230492196879,1.1896103896103896,-0.17541899441340783,0.19409761634506242,,
2013,2715,0.0014367816091953,-0.0053744177714081,0.0072358900144717,0.0043117744610281,0.0,0.0014367816091953,1.1065573770491803,0.9665271966527197,1.0328358208955224,1.1672354948805461,-0.10655737704918032,0.17052023121387283,,
2013,2716,-0.0175794455713319,-0.0162241887905604,0.0027118644067796,-0.0135196034249661,-0.0175794455713319,0.0,1.1871657754010696,1.0180995475113122,1.0874316939890711,1.2252252252252251,-0.18716577540106952,0.11557788944723618,,
2013,2717,0.0066033842344201,-0.0174097664543524,-0.0098079280751941,-0.0118727598566308,0.0,0.0066033842344201,1.1467181467181466,1.0378787878787878,1.1140350877192982,1.2398609501738123,-0.14671814671814673,0.16929133858267717,,
2013,2718,-0.0151006711409396,-0.0081031307550644,-0.0050083472454089,-0.0026271793647002,-0.0151006711409396,0.0,1.1764705882352942,1.0533088235294117,1.1205821205821205,1.127789046653144,-0.17647058823529413,0.18738404452690166,,
2013,2801,-0.0151515151515151,-0.0179775280898876,-0.0070210631895687,0.0160153747597693,-0.0151515151515151,0.0,1.154320987654321,1.1393939393939394,1.1225806451612903,1.2876254180602007,-0.15432098765432098,0.07471264367816093,,
2013,2802,-0.0021748586341887,-0.0058087578194816,-0.0060527453523562,-0.0151006711409396,-0.0021748586341887,0.0,1.2520325203252032,1.1118881118881119,1.1829787234042553,1.1764705882352942,-0.25203252032520324,0.1079136690647482,,
2013,2803,-0.0089392133492253,-0.0088888888888888,-0.008860011813349,-0.0040868094701239,-0.0089392133492253,0.0,1.1906354515050168,1.0347826086956522,1.1722846441947565,1.1478599221789882,-0.19063545150501673,0.13738019169329074,,
2013,2804,0.0039457636846258,0.0002923121894182,0.0043230780315584,-0.0013736263736263,0.0,0.0039457636846258,1.1844300278035218,1.0682372055239642,1.1402378592666005,1.0948275862068966,-0.18443002780352177,0.11082138200782268,,
2013,2805,-0.0128805620608899,-0.0101807075591753,0.0014071294559099,-0.0180878552971576,-0.0128805620608899,0.0,1.153103448275862,1.0699708454810495,1.1036931818181819,1.1500765696784074,-0.15310344827586206,0.07593307593307594,,
2013,2806,-0.0057618437900127,-0.0080699394754539,-0.011392405063291,-0.0175794455713319,-0.0057618437900127,0.0,1.1320754716981132,1.0355555555555556,1.1256281407035176,1.1871657754010696,-0.1320754716981132,0.07142857142857142,,
2013,2807,0.0026913875598086,-0.0126063662149384,-0.004169148302561,0.0082345852580838,0.0,0.0026913875598086,1.1451612903225807,1.0625909752547307,1.0996563573883162,1.1932021466905187,-0.14516129032258066,0.109375,,
2013,2808,-0.0042543134010871,0.0063435676224308,-0.001180358829084,0.0062418201953085,-0.0042543134010871,0.0,1.1300813008130082,1.0081053698074975,1.11284046692607,1.1686232657417288,-0.13008130081300814,0.13403263403263405,,
2013,2809,-0.0157964019306713,-0.0049091801669121,-0.0129926375054135,-0.0065470417070805,-0.0157964019306713,0.0,1.2123893805309736,1.0670103092783505,1.1148036253776434,1.160427807486631,-0.21238938053097345,0.11382113821138211,,
2013,2810,0.0006640106241699,0.000684462696783,-0.0013262599469495,0.0110225140712945,0.0,0.0006640106241699,1.2469879518072289,1.1073170731707318,1.180722891566265,1.3488773747841105,-0.2469879518072289,0.05612244897959184,,
2013,2811,-0.0012277470841006,-0.0006323110970597,0.0046253469010175,-0.00416449765747,-0.0012277470841006,0.0,1.2287104622871046,1.1327623126338329,1.162729658792651,1.1824817518248176,-0.22871046228710462,0.1399548532731377,,
2013,2812,-0.0048828125,0.0032017075773747,-0.0096711798839458,0.0085872576177286,-0.0048828125,0.0,1.1375661375661377,1.0541871921182266,1.0607734806629834,1.0902348578491965,-0.13756613756613756,0.11979166666666667,,
2013,2813,0.001578739639521,-0.0040166204986149,-0.0062753301085108,0.0036330608537693,0.0,0.001578739639521,1.1010608598548297,1.0511791269443052,1.08984145625367,1.1978609625668448,-0.10106085985482971,0.0625,,
2013,2814,-0.0077257363592467,0.0071392146863844,-0.0009647853352628,0.0026913875598086,-0.0077257363592467,0.0,1.1512345679012346,1.0442477876106195,1.1525974025974026,1.1451612903225807,-0.15123456790123457,0.05070422535211268,,
2013,2815,-0.0046445999176906,0.0013634955066625,-0.0017606667057925,-0.0096758587324624,-0.0046445999176906,0.0,1.1431127012522362,1.0349524543819069,1.1011772192173084,1.2402234636871508,-0.14311270125223613,0.10777232013868825,,
2013,2816,-0.00685192234488,-0.0069218241042344,-0.0086792452830188,-0.0123231401186673,-0.00685192234488,0.0,1.155367231638418,1.058673469387755,1.115501519756839,1.1102514506769825,-0.1553672316384181,0.11444141689373297,,
2013,2817,-0.0142298114549982,0.0052611800075159,0.0046461758398856,0.000615763546798,-0.0142298114549982,0.0,1.1078125,1.0237037037037038,1.1273996509598603,1.2961222091656874,-0.1078125,0.09752321981424149,,
2013,2818,0.0031512605042016,-0.0044843049327354,-0.0225872689938397,0.0083849492268148,0.0,0.0031512605042016,1.1973684210526316,1.1349693251533743,1.1571428571428573,1.0906648757555406,-0.19736842105263158,0.12345679012345678,,
2013,2819,0.0057142857142857,-0.0087719298245614,0.0030864197530864,0.0184442662389734,0.0,0.0057142857142857,1.185589519650655,1.0863039399624765,1.1162790697674418,1.1408450704225352,-0.185589519650655,0.13125,,
2013,3201,-0.0181902985074626,-0.0004921259842519,-0.0004662004662004,-0.0123982952344052,-0.0181902985074626,0.0,1.1632183908045977,1.129511677282378,1.189119170984456,1.053658536585366,-0.1632183908045977,0.10239651416122005,,
2013,3202,-0.0143575898883298,0.0050761421319796,-0.0019595835884874,-0.023109243697479,-0.0143575898883298,0.0,1.0890132248219735,1.0306530430919592,1.0920830993823694,1.1453488372093024,-0.08901322482197355,0.10077120822622108,,
2013,3203,0.005540166204986,0.0015174506828528,0.0104325699745546,-0.0097326936257711,0.0,0.005540166204986,1.0404411764705883,1.0,1.0449141347424042,1.2186088527551941,-0.04044117647058824,0.07332490518331226,,
2013,3204,-0.0027124773960216,0.0034332084893882,0.0060642813826561,0.0105078809106831,-0.0027124773960216,0.0,1.2073813708260106,1.1094771241830066,1.2007797270955165,1.208695652173913,-0.20738137082601055,0.11525974025974026,,
2013,3205,-0.0021848372296263,0.0029385171790234,-0.0006550218340611,-0.0053340106680213,-0.0021848372296263,0.0,1.1160651096956828,1.0279583875162548,1.0816170861937453,1.1142263759086188,-0.11606510969568294,0.11212976022566996,,
2013,3206,-0.0053340106680213,0.0065824117956818,0.0045930084205154,0.0025834230355221,-0.0053340106680213,0.0,1.1142263759086188,1.0369261477045908,1.075055187637969,1.1044600938967135,-0.1142263759086189,0.10164271047227925,,
2013,3207,-0.0023632680621201,-0.0103645461043602,-0.0003374957813027,0.0080476007020247,-0.0023632680621201,0.0,1.122680412371134,1.0049652432969216,1.0852459016393443,1.190611216131065,-0.12268041237113401,0.09667673716012085,,
2013,3208,0.0026881720430107,-0.0040944881889763,0.0008968609865471,0.0,0.0,0.0026881720430107,1.102536997885835,0.9905254091300603,1.0198895027624308,1.126027397260274,-0.10253699788583509,0.13001083423618634,,
2013,3209,-0.0163325909428359,0.0,-0.002960769800148,0.0080760494658029,-0.0163325909428359,0.0,1.151098901098901,1.059850374064838,1.1869158878504673,1.2338957055214723,-0.1510989010989011,0.09973753280839895,,
2013,3210,-0.0081767955801105,0.0085767269355585,0.0042166000887704,0.0130233058058506,-0.0081767955801105,0.0,1.1114827201783724,1.0140280561122244,1.0905752753977969,1.1289379237006514,-0.11148272017837235,0.11896745230078563,,
2013,3211,-0.0005142269454919,-0.0028070175438597,-0.0008563110121596,0.0041864622042429,-0.0005142269454919,0.0,1.1342086068563093,1.0324044069993519,1.0883977900552486,1.0997466751108296,-0.13420860685630925,0.12762871646120377,,
2013,3212,-0.0026271793647002,-0.0030196275792652,0.0040767386091127,-0.0077257363592467,-0.0026271793647002,0.0,1.127789046653144,1.0244047619047618,1.0680173661360348,1.1512345679012346,-0.12778904665314403,0.13008130081300814,,
2013,3213,0.0008775008775008,0.0025839793281654,-0.0040202761754938,0.0045578851412944,0.0,0.0008775008775008,1.1142857142857143,1.022115959354453,1.0778015703069237,1.1676300578034682,-0.11428571428571428,0.05894039735099338,,
2013,3214,-0.017163048965169,-0.0094392004441976,-0.0020151133501259,-0.0065233148103406,-0.017163048965169,0.0,1.0752,1.0224550898203593,1.0805604203152364,1.1964873765093305,-0.0752,0.08914100486223663,,
2013,3215,0.0039688839498333,0.0040361640297061,0.0073564688949303,-0.0048231511254018,0.0,0.0039688839498333,1.1124531445231154,0.9893575088687426,1.0766110860748084,1.2032967032967032,-0.11245314452311538,0.11804102134784429,,
2013,3216,0.0083849492268148,0.0072011322011322,0.0117230795464233,-0.0006996268656715,0.0,0.0083849492268148,1.0906648757555406,1.021604938271605,1.0638348362600853,1.2204301075268817,-0.09066487575554064,0.08677225072496096,,
2013,3217,-0.0039370078740157,-0.0212765957446808,-0.0057563895924476,-0.0178474851270957,-0.0039370078740157,0.0,1.1112385321100917,1.0043062200956938,1.048502994011976,1.1629834254143647,-0.11123853211009174,0.10679611650485436,,
2013,3218,-0.0023393252893375,-0.0024872365492865,-0.000246184145741,-0.0014409221902017,-0.0023393252893375,0.0,1.067363112391931,0.9957264957264957,1.0336611195158851,1.2540816326530613,-0.06736311239193084,0.08415660446395902,,
2013,3219,0.0085872576177286,0.0008496176720476,0.0120549481356881,-0.0087636191378493,0.0,0.0085872576177286,1.0902348578491965,1.0250596658711217,1.0956873315363882,1.1261829652996846,-0.09023485784919653,0.08487084870848709,,
2013,3220,-0.0123982952344052,-0.0122844827586207,-0.0088325652841781,-0.0136299859691321,-0.0123982952344052,0.0,1.053658536585366,1.0073239436619719,1.0520694259012016,1.1236749116607774,-0.05365853658536585,0.09644670050761421,,
2013,3221,-0.0065730504929787,-0.0079164027865737,0.0035982008995503,0.0020736132711249,-0.0065730504929787,0.0,1.0942028985507246,1.030905077262693,1.076215505913272,1.0373665480427046,-0.09420289855072464,0.10622710622710622,,
2013,3222,-0.0040868094701239,-0.0054086538461538,0.0096755833807626,-0.0023632680621201,-0.0040868094701239,0.0,1.1478599221789882,1.0072967338429466,1.0515275877792978,1.122680412371134,-0.14785992217898833,0.1513443191673894,,
2013,4401,-0.0214987714987715,-0.0228034875922199,0.0006146281499692,-0.003287108371854,-0.0214987714987715,0.0,1.1014925373134328,1.0278637770897834,1.1155115511551155,1.176434299814929,-0.10149253731343283,0.09171597633136094,,
2013,4402,-0.0212411495210329,-0.00314889788574,-0.0033208800332088,0.0042949830942153,-0.0212411495210329,0.0,1.1730337078651685,1.03099173553719,1.1102756892230576,1.1182994454713493,-0.17303370786516853,0.17832957110609482,,
2013,4403,-0.0074946466809421,-0.02031340684852,0.0045711212691583,0.0,-0.0074946466809421,0.0,1.146482122260669,1.022316684378321,1.110691823899371,1.2777777777777777,-0.14648212226066898,0.12570781426953567,,
2013,4404,-0.0230698246693324,-0.018213058419244,-0.0082367297132397,-0.0112396694214875,-0.0230698246693324,0.0,1.1941964285714286,1.0673684210526315,1.1071428571428572,1.1524822695035462,-0.19419642857142858,0.15053763440860216,,
2013,4405,0.001515661839003,0.0071843995894629,0.0059291885481957,-0.0068731589752745,0.0,0.001515661839003,1.0781841109709962,1.0035128805620608,1.084022038567493,1.19068255687974,-0.07818411097099622,0.08640406607369759,,
2013,4406,-0.0014591439688715,-0.0102880658436214,-0.0096339113680153,-0.0106761565836298,-0.0014591439688715,0.0,1.3321799307958477,1.2380952380952381,1.33852140077821,1.188118811881188,-0.33217993079584773,0.11918604651162791,,
2013,4407,-0.0037444933920705,-0.008366256100395,-0.0111086909170114,-0.0044576523031203,-0.0037444933920705,0.0,1.1269487750556793,1.0476190476190477,1.149812734082397,1.1620111731843576,-0.12694877505567928,0.0988056460369164,,
2013,4408,-0.0019093078758949,0.0037313432835821,0.0057609217474796,0.0131278538812784,-0.0019093078758949,0.0,1.1211656441717792,1.008130081300813,1.0608,1.0852272727272727,-0.12116564417177914,0.10256410256410256,,
2013,4409,0.0058939096267189,0.0022598870056496,0.0161370820163033,-0.0070202808112324,0.0,0.0058939096267189,1.1596958174904943,1.048368953880765,1.081989247311828,1.1892361111111112,-0.1596958174904943,0.13664596273291926,,
2013,4410,0.0004529806124298,0.0052998605299861,0.0123819132348894,0.0039688839498333,0.0,0.0004529806124298,1.104,1.0033898305084745,1.0825688073394495,1.1124531445231154,-0.104,0.10451977401129943,,
2013,4411,0.0042949830942153,0.0023307850083909,0.0049591330700706,-0.0057989690721649,0.0,0.0042949830942153,1.1182994454713493,1.0342666109486,1.0906775343861437,1.2094017094017093,-0.11829944547134935,0.13031293787949555,,
2013,4412,-0.00655054339735,-0.0025789309159112,-0.0021540518457996,-0.0089392133492253,-0.00655054339735,0.0,1.1066723331916701,1.0096296296296297,1.103416435826408,1.1906354515050168,-0.1066723331916702,0.0895397489539749,,
2013,4413,0.0042976424361493,0.0066249539933751,0.0012294074256209,0.0023382696804363,0.0,0.0042976424361493,1.1526501766784452,1.0684848484848486,1.12015503875969,1.2142857142857142,-0.15265017667844524,0.128719723183391,,
2013,4414,-0.0031496062992125,0.0053475935828877,-0.010132501948558,-0.0134739308728764,-0.0031496062992125,0.0,1.128787878787879,1.0467980295566504,1.1325648414985592,1.1226053639846743,-0.12878787878787878,0.13740458015267176,,
2013,4415,-0.0005963029218842,-0.0144832126398947,0.0126811594202898,-0.0047369311453222,-0.0005963029218842,0.0,1.1488250652741514,1.0305676855895196,1.1569767441860466,1.1885964912280702,-0.14882506527415143,0.10552763819095477,,
2013,4416,-0.001564945226917,-0.0149979732468585,-0.0011723329425556,-0.0037444933920705,-0.001564945226917,0.0,1.151969981238274,1.018739352640545,1.0611439842209074,1.1269487750556793,-0.15196998123827393,0.1412639405204461,,
2013,4417,-0.0123231401186673,-0.0080280983442047,0.0032051282051281,0.0124542124542124,-0.0123231401186673,0.0,1.1102514506769825,1.0095238095238095,1.1106382978723404,1.1360691144708424,-0.1102514506769826,0.09961685823754789,,
2013,4418,0.0038188761593016,0.0064655172413792,0.0082508250825081,0.0107564191533657,0.0,0.0038188761593016,1.1449704142011834,1.0356394129979036,1.1176470588235294,1.4322580645161291,-0.14497041420118342,0.13157894736842105,,
2013,4419,-0.0007578628268283,-0.0035377358490565,0.0041856925418568,0.0,-0.0007578628268283,0.0,1.1529126213592233,1.0528735632183908,1.1329787234042554,1.1981981981981982,-0.1529126213592233,0.11502347417840375,,
2013,4420,-0.0017355085039916,-0.008046817849305,-0.0034590107229331,0.0081414282391254,-0.0017355085039916,0.0,1.1274900398406376,1.0249110320284698,1.0648535564853556,1.2417582417582418,-0.12749003984063745,0.11198428290766209,,
2013,4421,-0.0168316831683168,-0.0081344902386116,0.0120240480961923,-0.0009107468123861,-0.0168316831683168,0.0,1.1382765531062125,1.0059055118110236,1.1101123595505618,1.1753554502369667,-0.13827655310621242,0.14979757085020243,,
2013,4422,0.0,0.0016187778227438,0.0083999999999999,0.0010464629552113,0.0,0.0,1.126027397260274,1.0341463414634147,1.0679886685552409,1.1686121919584955,-0.12602739726027398,0.09018567639257294,,
2013,4423,0.0041864622042429,0.0039520112914608,0.0117070384999762,-0.0031496062992125,0.0,0.0041864622042429,1.0997466751108296,1.0010540184453227,1.0506541429050653,1.128787878787879,-0.09974667511082964,0.10887611749680715,,
2013,4424,-0.007971656333038,-0.0060229625447016,0.0014191946070605,-0.0041775456919059,-0.007971656333038,0.0,1.124031007751938,1.0075014425851125,1.0768136557610242,1.1566265060240963,-0.12403100775193798,0.14927344782034346,,
2013,4425,-0.0058006411234925,-0.0069272637308263,-0.0131063573365471,0.0105189340813465,-0.0058006411234925,0.0,1.1631973355537053,1.0648854961832062,1.144320297951583,1.2984084880636604,-0.16319733555370525,0.13669650122050447,,
2013,4426,-0.0145896656534953,-0.0084415584415584,-0.0072420036210018,0.0051951698960965,-0.0145896656534953,0.0,1.1260744985673352,1.002659574468085,1.1401869158878504,1.140655105973025,-0.12607449856733524,0.07377049180327869,,
2013,4427,-0.0070202808112324,-0.0120898100172711,-0.0050446255335662,0.0051546391752577,-0.0070202808112324,0.0,1.1892361111111112,1.0415944540727904,1.182170542635659,1.1759259259259258,-0.1892361111111111,0.12295081967213115,,
2013,5201,-0.0012244897959183,0.0024813895781636,0.0040983606557376,-0.0056712836732467,-0.0012244897959183,0.0,1.2,1.067448680351906,1.146067415730337,1.1009490940465918,-0.2,0.13725490196078433,,
2013,5202,-0.003287108371854,0.006770128111655,0.0037117228580265,-0.0021739130434782,-0.003287108371854,0.0,1.176434299814929,1.0625,1.156929347826087,1.1396648044692737,-0.17643429981492906,0.11978860833822666,,
2013,5203,-0.0025701434996787,0.0077330976579761,-0.0034151547491996,-0.0059189109203906,-0.0025701434996787,0.0,1.530612244897959,1.3505535055350553,1.4838709677419355,1.2642642642642643,-0.5306122448979592,0.12876254180602006,,
2013,5204,0.0051546391752577,-0.0093457943925233,-0.0182186234817813,0.0014534883720929,0.0,0.0051546391752577,1.1759259259259258,1.054263565891473,1.07,1.4353182751540041,-0.17592592592592593,0.18691588785046728,,
2013,5205,0.0023382696804363,0.0113544201135442,0.0142292490118576,-0.0036750229688935,0.0,0.0023382696804363,1.2142857142857142,1.061611374407583,1.1337209302325582,1.162162162162162,-0.21428571428571427,0.13333333333333333,,
2013,5206,-0.0098275170477336,0.002492729538845,0.0064594267258781,0.0064494229463678,-0.0098275170477336,0.0,1.2232142857142858,1.0644122383252819,1.1918367346938776,1.0925578486554097,-0.22321428571428573,0.17294520547945205,,
2013,5207,-0.0078848131642098,0.0033482142857141,-0.0027350427350427,-0.0023393252893375,-0.0078848131642098,0.0,1.307511737089202,1.1728395061728396,1.25706940874036,1.067363112391931,-0.3075117370892019,0.1390593047034765,,
2013,5208,-0.0153743315508021,-0.0123636363636363,-0.0020013342228152,0.0009922603691208,-0.0153743315508021,0.0,1.2600896860986548,1.0923694779116466,1.19,1.18005540166205,-0.2600896860986547,0.18067226890756302,,
2013,5209,-0.0128593040847201,-0.0068085106382979,-0.000755857898715,-0.0088035214085634,-0.0128593040847201,0.0,1.1598173515981736,1.073469387755102,1.1194029850746268,1.2202380952380953,-0.1598173515981735,0.1288888888888889,,
2013,5210,-0.0006996268656715,0.0126757317354229,0.0072821235611932,-0.0043972150971051,-0.0006996268656715,0.0,1.2204301075268817,1.1238805970149253,1.1947791164658634,1.2937201907790143,-0.22043010752688172,0.14453781512605043,,
2013,5211,-0.0024032684450853,0.0046717482173592,0.0050724637681158,0.0077834179357021,-0.0024032684450853,0.0,1.2017353579175705,1.0593869731800767,1.154228855721393,1.181609195402299,-0.2017353579175705,0.1939655172413793,,
2013,5212,-0.0062973760932945,-0.0013634110064452,0.0040983606557376,0.0031989763275752,-0.0062973760932945,0.0,1.1997363216875412,1.0774647887323943,1.1281869688385269,1.2169811320754718,-0.1997363216875412,0.14249843063402384,,
2013,5213,-0.0059189109203906,0.011046511627907,0.0077542499254399,-0.0142298114549982,-0.0059189109203906,0.0,1.2642642642642643,1.174863387978142,1.2777777777777777,1.1078125,-0.26426426426426425,0.14402173913043478,,
2013,5214,0.0058939096267189,0.0081070125658695,0.0015741833923652,-0.019174656106711,0.0,0.0058939096267189,1.2972972972972974,1.2760736196319018,1.3211678832116789,1.0581113801452784,-0.2972972972972973,0.06077348066298342,,
2013,5215,-0.0111358574610245,-0.0073937153419593,-0.002776235424764,0.0031512605042016,-0.0111358574610245,0.0,1.2634146341463415,1.065040650406504,1.1988950276243093,1.1973684210526316,-0.2634146341463415,0.1935483870967742,,
2013,5216,0.0080476007020247,0.0151070934115156,0.0102927820784499,-0.0145896656534953,0.0,0.0080476007020247,1.190611216131065,1.090543259557344,1.1582830315224681,1.1260744985673352,-0.1906112161310649,0.09409380428488709,,
2013,5217,0.0144124168514412,0.0202075368651011,0.0038953811908737,-0.008814887365328,0.0,0.0144124168514412,1.3273542600896862,1.202020202020202,1.2431192660550459,1.135135135135135,-0.3273542600896861,0.09225092250922509,,
2013,5218,0.0036330608537693,0.0036563071297988,0.0073193046660566,-0.0019093078758949,0.0,0.0036330608537693,1.1978609625668448,1.045045045045045,1.146341463414634,1.1211656441717792,-0.19786096256684493,0.19148936170212766,,
2013,5219,0.000615763546798,0.0085731781996325,-0.0061199510403916,-0.0128805620608899,0.0,0.000615763546798,1.2961222091656874,1.155053974484789,1.2022332506203475,1.153103448275862,-0.29612220916568743,0.13828689370485037,,
2013,5220,-0.0131474103585657,-0.0065359477124182,0.0080321285140563,0.005540166204986,-0.0131474103585657,0.0,1.2402912621359223,1.1577825159914712,1.2433862433862435,1.0404411764705883,-0.24029126213592233,0.08723404255319149,,
2013,5221,0.0045578851412944,-0.0194552529182879,0.0018264840182649,-0.0139475908706677,0.0,0.0045578851412944,1.1676300578034682,1.1044776119402986,1.1824324324324325,1.1465968586387434,-0.1676300578034682,0.15428571428571428,,
2013,5301,0.0107564191533657,0.0077355836849508,0.0144315381907778,-0.0168888888888888,0.0,0.0107564191533657,1.4322580645161291,1.2532637075718016,1.3617747440273038,1.1521035598705502,-0.432258064516129,0.11278195488721804,,
2013,5302,0.0035539760106619,-0.0011403808872163,0.0062583817612873,0.0004529806124298,0.0,0.0035539760106619,1.2746628814762242,1.125979505726341,1.1913767019667172,1.104,-0.27466288147622425,0.1403174603174603,,
2013,5303,-0.0185406698564593,-0.0006439150032195,-0.0170487948265726,0.001578739639521,-0.0185406698564593,0.0,1.0748299319727892,1.047337278106509,1.0965250965250966,1.1010608598548297,-0.07482993197278912,0.11267605633802817,,
2013,5304,0.0088087248322148,-0.0108601216333622,0.0042122999157538,-0.0143575898883298,0.0,0.0088087248322148,1.2134831460674158,1.103960396039604,1.2018927444794953,1.0890132248219735,-0.21348314606741572,0.13385826771653545,,
2013,5305,-0.0041775456919059,-0.0086114101184069,-0.0041601664066562,-0.0065730504929787,-0.0041775456919059,0.0,1.1566265060240963,1.0387323943661972,1.1290322580645162,1.0942028985507246,-0.1566265060240964,0.17551020408163265,,
2013,5306,-0.0106761565836298,-0.0132192846034214,-0.0014214641080312,-0.0163325909428359,-0.0106761565836298,0.0,1.188118811881188,1.0572519083969465,1.1703296703296704,1.151098901098901,-0.18811881188118812,0.1267605633802817,,
2013,5307,0.0018703241895261,-0.0013192612137202,-0.0012453300124533,0.0035539760106619,0.0,0.0018703241895261,1.2371134020618557,1.1391304347826088,1.2045454545454546,1.2746628814762242,-0.23711340206185566,0.1320754716981132,,
2013,5308,-0.0019102196752626,-0.0090782122905027,-0.0116425424795468,-0.0088235294117646,-0.0019102196752626,0.0,1.3315363881401616,1.2162162162162162,1.316568047337278,1.1220825852782765,-0.33153638814016173,0.1101123595505618,,
2013,5309,-0.0047369311453222,0.0095852213314744,0.0057852645907776,-0.0017355085039916,-0.0047369311453222,0.0,1.1885964912280702,1.0642115203021718,1.1449101796407186,1.1274900398406376,-0.18859649122807018,0.13389121338912133,,
2013,5310,0.0012706480304955,0.0019913707268504,0.0051085568326947,-0.0024032684450853,0.0,0.0012706480304955,1.2285067873303168,1.1310211946050097,1.1926829268292682,1.2017353579175705,-0.22850678733031674,0.11042944785276074,,
2013,5311,0.0031989763275752,0.0019255455712452,-0.0082487309644669,-0.0021516944593867,0.0,0.0031989763275752,1.2169811320754718,1.1203007518796992,1.167487684729064,1.148235294117647,-0.2169811320754717,0.08860759493670886,,
2013,5312,-0.0081850533807829,-0.0044345898004434,-0.0021306818181817,-0.0151515151515151,-0.0081850533807829,0.0,1.2090395480225988,1.0757575757575757,1.1703470031545742,1.154320987654321,-0.20903954802259886,0.15363881401617252,,
2013,5313,-0.0096758587324624,-0.0008885503935008,-0.0043352601156069,0.0168584426010167,-0.0096758587324624,0.0,1.2402234636871508,1.1439205955334988,1.2473794549266248,1.1689497716894977,-0.24022346368715083,0.11932773109243698,,
2013,5314,-0.0048231511254018,-0.0068551842330762,0.0146818923327896,0.0085790884718499,-0.0048231511254018,0.0,1.2032967032967032,1.118942731277533,1.2101910828025477,1.1317829457364341,-0.2032967032967033,0.15263157894736842,,
2013,5315,0.0112822862379016,0.0114308018289281,0.0189659197012137,-0.0042530568846358,0.0,0.0112822862379016,1.1954120645709432,1.0647846543612016,1.1673209028459275,1.244186046511628,-0.19541206457094307,0.1828499369482976,,
2013,5316,-0.0099270664505672,0.0040296924708378,0.0014201663623452,-0.0065616797900261,-0.0099270664505672,0.0,1.1630276564774382,1.0561926605504588,1.1533546325878594,1.213389121338912,-0.16302765647743814,0.10664819944598337,,
2013,5317,0.0081414282391254,0.0120649651972157,0.003501400560224,-0.016873889875666,0.0,0.0081414282391254,1.2417582417582418,1.0841584158415842,1.2394067796610169,1.1099050203527816,-0.24175824175824176,0.15897435897435896,,
2013,5318,0.0078394481028536,0.0145244416679681,0.01592863969417,0.001761006289308,0.0,0.0078394481028536,1.2585751978891822,1.1220865704772476,1.2217391304347827,1.1911764705882353,-0.25857519788918204,0.13167259786476868,,
2013,5319,0.006190476190476,-0.0047058823529412,0.0110736639383726,-0.0005705482969133,0.0,0.006190476190476,1.2837837837837838,1.0726643598615917,1.2352941176470589,1.2241292276627966,-0.28378378378378377,0.23376623376623376,,
2013,7501,-0.0065470417070805,-0.0058051489146895,0.0043838285435946,-0.0046542553191489,-0.0065470417070805,0.0,1.160427807486631,1.0484375,1.154308617234469,1.108254397834912,-0.16042780748663102,0.13020833333333334,,
2013,7502,-0.0112396694214875,0.0023131672597864,0.0061533344420421,-0.024621697871249,-0.0112396694214875,0.0,1.1524822695035462,1.0765993265993266,1.1686746987951808,1.0899550224887555,-0.1524822695035461,0.11683848797250859,,
2013,7503,0.0080760494658029,0.0176695708818499,0.0087406653088935,-0.0087313816127375,0.0,0.0080760494658029,1.2338957055214723,1.1501597444089458,1.2107969151670952,1.2291666666666667,-0.2338957055214724,0.1387119603680113,,
2013,7504,-0.0088235294117646,-0.0087811731647348,-0.0163934426229508,0.0109318063508589,-0.0088235294117646,0.0,1.1220825852782765,1.0986159169550174,1.1782786885245902,1.1921921921921923,-0.12208258527827648,0.08695652173913043,,
2013,7505,0.0152228952344326,0.0248027731293329,0.0101327290385238,-0.0098275170477336,0.0,0.0152228952344326,1.1554543572759264,1.0607429718875503,1.1601174345076783,1.2232142857142858,-0.1554543572759263,0.08662643566283823,,
2013,7506,-0.0058543724844493,-0.0097962382445141,-0.0083454281567488,-0.0057618437900127,-0.0058543724844493,0.0,1.2,1.08,1.1587837837837838,1.1320754716981132,-0.2,0.17201166180758018,,
2013,7507,-0.013732833957553,-0.0044760400210637,0.0004996252810391,-0.0046445999176906,-0.013732833957553,0.0,1.1746641074856046,1.0442930153321976,1.1541850220264318,1.1431127012522362,-0.1746641074856046,0.16793893129770993,,
2013,7508,-0.0044576523031203,-0.0066815144766146,-0.0044378698224851,0.0113765642775882,-0.0044576523031203,0.0,1.1620111731843576,1.0552486187845305,1.190909090909091,1.1961932650073206,-0.16201117318435754,0.058524173027989825,,
2013,7509,0.00210463018641,0.0056585979251808,0.0009027986758953,0.0088087248322148,0.0,0.00210463018641,1.263157894736842,1.2397003745318351,1.2424242424242424,1.2134831460674158,-0.2631578947368421,0.08710801393728224,,
2013,7510,-0.0037752609371529,0.0121587520073411,0.0042372881355932,-0.001564945226917,-0.0037752609371529,0.0,1.228855721393035,1.1314741035856575,1.238888888888889,1.151969981238274,-0.22885572139303484,0.10762331838565023,,
2013,7511,-0.0206753962784286,-0.0261066969353007,-0.0105693828844186,-0.0027124773960216,-0.0206753962784286,0.0,1.1257995735607675,1.044921875,1.0970654627539504,1.2073813708260106,-0.1257995735607676,0.08641975308641975,,
2013,7512,-0.0014409221902017,0.010710035700119,0.0163759818932232,-0.0230698246693324,-0.0014409221902017,0.0,1.2540816326530613,1.1772486772486772,1.2130242825607065,1.1941964285714286,-0.2540816326530612,0.11828935395814377,,
2013,7513,0.0110225140712945,0.0151043980453131,0.0257397161414481,-0.0021848372296263,0.0,0.0110225140712945,1.3488773747841105,1.2297650130548303,1.281767955801105,1.1160651096956828,-0.3488773747841105,0.1221264367816092,,
2013,7514,-0.0091575091575091,0.0083428138035646,-0.004739336492891,0.0075119508308671,-0.0091575091575091,0.0,1.1558704453441295,1.1037277147487845,1.2309417040358743,1.3247011952191234,-0.15587044534412955,0.04007285974499089,,
2013,7515,0.0160153747597693,0.0160256410256409,0.0156148340923878,0.0169002473206925,0.0,0.0160153747597693,1.2876254180602007,1.2383561643835617,1.44106463878327,1.21875,-0.28762541806020064,0.0158311345646438,,
2013,7516,0.0113765642775882,0.0034315127251929,0.0100545820166619,8.105041335704222e-05,0.0,0.0113765642775882,1.1961932650073206,1.162227602905569,1.2737704918032786,1.1317233809001097,-0.19619326500732065,0.05148005148005148,,
2013,7517,-0.0148231190832087,-0.0030980603448276,-0.008399209486166,-0.0005142269454919,-0.0148231190832087,0.0,1.0921766072811774,1.0407865986890021,1.1015820149875104,1.1342086068563093,-0.09217660728117738,0.06575963718820861,,
2013,7518,-0.0114591291061879,-0.0008274720728175,-0.0019062142584826,-0.0011470211186829,-0.0114591291061879,0.0,1.2046035805626598,1.1603563474387528,1.2112676056338028,1.1332179930795847,-0.20460358056265984,0.09534883720930233,,
2013,7519,-0.0138138138138138,0.0,0.0081743869209809,0.0008775008775008,-0.0138138138138138,0.0,1.0920245398773005,0.9896551724137931,1.0850111856823266,1.1142857142857143,-0.09202453987730061,0.10103092783505155,,
2013,7520,-0.0132579450185221,0.0,-0.0019459038723487,-0.0111358574610245,-0.0132579450185221,0.0,1.1646090534979423,1.0694275274056029,1.143074581430746,1.2634146341463415,-0.1646090534979424,0.13049267643142476,,
2013,7521,-0.0155869459327813,-0.0042964554242749,0.0014634146341463,0.0004808462894694,-0.0155869459327813,0.0,1.1886792452830188,1.116182572614108,1.17,1.2140077821011672,-0.18867924528301888,0.07692307692307693,,
2013,7522,-0.0056712836732467,-0.0016097504886742,0.0043816409245263,-0.0042543134010871,-0.0056712836732467,0.0,1.1009490940465918,1.0287187039764358,1.0933211344922233,1.1300813008130082,-0.10094909404659189,0.06778242677824267,,
2013,7523,-0.0195549561699258,-0.0081212777476989,-0.0144542282771223,-0.0178260869565217,-0.0195549561699258,0.0,1.1240223463687151,1.0623115577889448,1.146279949558638,1.13595166163142,-0.12402234636871508,0.10671067106710672,,
2013,7524,-0.0036750229688935,-0.0101300479123888,0.0031599736668861,-0.0201550387596899,-0.0036750229688935,0.0,1.162162162162162,1.0765349032800673,1.1488277268093783,1.172872340425532,-0.16216216216216217,0.06832298136645963,,
2013,7525,-0.0042530568846358,0.0034032898468518,0.0010643959552953,0.0262024407753052,-0.0042530568846358,0.0,1.244186046511628,1.108179419525066,1.173374613003096,1.2116788321167884,-0.2441860465116279,0.12928759894459102,,
2013,7526,-0.0004705882352941,0.0059479553903345,0.0111824886985487,0.0042976424361493,-0.0004705882352941,0.0,1.46,1.328719723183391,1.414691943127962,1.1526501766784452,-0.46,0.10050251256281408,,
2013,7527,-0.0073684210526315,-0.0051369863013698,-0.0145228215767634,0.0058939096267189,-0.0073684210526315,0.0,1.1457627118644067,1.110759493670886,1.1235955056179776,1.2972972972972974,-0.14576271186440679,0.12666666666666668,,
2013,7528,0.0015698587127157,0.0035783994795055,0.011111111111111,-0.0019102196752626,0.0,0.0015698587127157,1.1797323135755258,1.1221122112211221,1.1727642276422765,1.3315363881401616,-0.17973231357552583,0.06932409012131716,,
2013,7529,-0.0009062075215224,-0.0147478591817317,-0.002260397830018,-0.0168316831683168,-0.0009062075215224,0.0,1.285140562248996,1.2956204379562044,1.358744394618834,1.1382765531062125,-0.285140562248996,0.056105610561056105,,
2013,7530,0.0,-0.0274599542334096,-0.005540166204986,0.0005586904296328,0.0,0.0,1.1981981981981982,1.1686746987951808,1.248730964467005,1.0962227736421284,-0.1981981981981982,0.08130081300813008,,
2013,7531,-0.0114155251141552,-0.0176856998484082,-0.0086011770031688,-0.0195549561699258,-0.0114155251141552,0.0,1.2523364485981308,1.0408163265306123,1.2282608695652173,1.1240223463687151,-0.2523364485981308,0.18584070796460178,,
2013,7532,-0.019174656106711,-0.0156537753222836,-0.0135690789473684,-0.0225563909774436,-0.019174656106711,0.0,1.0581113801452784,1.0735930735930737,1.1335078534031413,1.1140350877192982,-0.05811138014527845,0.009237875288683603,,
2013,7601,0.0014534883720929,0.0014727540500736,0.0036469730123998,0.0091583078935892,0.0,0.0014534883720929,1.4353182751540041,1.296998420221169,1.4221218961625282,1.185846560846561,-0.4353182751540041,0.10952380952380952,,
2013,7602,-0.0055670431048194,0.0016183848519177,-0.0006358289620091,-0.0015327348368732,-0.0055670431048194,0.0,1.1168091168091168,1.050365556458164,1.1308411214953271,1.1802973977695168,-0.1168091168091168,0.07988980716253444,,
2013,7603,0.0009922603691208,-0.0002079866888519,-0.0072892040977147,-0.0048828125,0.0,0.0009922603691208,1.18005540166205,1.0866425992779782,1.1636363636363636,1.1375661375661377,-0.18005540166204986,0.109375,,
2013,7604,-0.0132168458781362,-0.0084725248123941,-0.0088809946714032,0.0010300589942877,-0.0132168458781362,0.0,1.1583166332665331,1.0443686006825939,1.1106290672451193,1.0998817966903074,-0.15831663326653306,0.12890625,,
2013,7605,-0.0089659294680215,-0.0073349633251833,-0.0204918032786884,-0.0155869459327813,-0.0089659294680215,0.0,1.2258064516129032,1.1241379310344828,1.1682242990654206,1.1886792452830188,-0.22580645161290322,0.11466666666666667,,
2013,7606,0.0004808462894694,-0.0003281916639317,0.0097103091115067,0.0038022813688212,0.0,0.0004808462894694,1.2140077821011672,1.138432364096081,1.1898625429553265,1.1689497716894977,-0.2140077821011673,0.1263537906137184,,
2013,7607,-0.0201550387596899,0.0008536064874093,-0.0034762456546929,-0.0043658088235294,-0.0201550387596899,0.0,1.172872340425532,1.0977777777777777,1.186246418338109,1.1795275590551182,-0.17287234042553193,0.06521739130434782,,
2013,7608,-0.0032277587250353,-0.0074183976261127,-0.0050180650341228,0.0201500833796552,-0.0032277587250353,0.0,1.1710398445092323,1.066610455311973,1.1543408360128617,1.1370839936608559,-0.17103984450923226,0.11884865366759517,,
2013,7609,-0.0225563909774436,-0.0159948816378758,0.0029002320185613,0.0015698587127157,-0.0225563909774436,0.0,1.1140350877192982,1.0769230769230769,1.2162162162162162,1.1797323135755258,-0.11403508771929824,0.058333333333333334,,
2013,7610,-0.016873889875666,-0.0132325141776937,-0.0026572187776793,-0.0112189205579138,-0.016873889875666,0.0,1.1099050203527816,1.0489596083231334,1.1134020618556701,1.1702586206896552,-0.10990502035278155,0.082010582010582,,
2013,7611,-0.010844306738962,-0.0188916876574307,-0.0137509549274255,0.0026881720430107,-0.010844306738962,0.0,1.1451104100946372,1.0887096774193548,1.173913043478261,1.102536997885835,-0.14511041009463724,0.12037037037037036,,
2013,7612,-0.0180878552971576,0.0006055101422948,-0.0166572557876906,-0.0089659294680215,-0.0180878552971576,0.0,1.1500765696784074,1.0473815461346634,1.1646447140381282,1.2258064516129032,-0.15007656967840735,0.11755952380952381,,
2013,7613,-0.0016694490818029,-0.0145374449339207,-0.0062214848610534,-0.0032277587250353,-0.0016694490818029,0.0,1.3375796178343948,1.2060301507537687,1.3093525179856116,1.1710398445092323,-0.3375796178343949,0.15384615384615385,,
2013,7614,-0.0082364341085271,-0.0051334702258727,-0.0213371266002845,0.006190476190476,-0.0082364341085271,0.0,1.3318385650224216,1.143835616438356,1.2740384615384615,1.2837837837837838,-0.33183856502242154,0.12075471698113208,,
2013,7615,0.0025834230355221,0.0043066322136089,0.0119825708061003,-0.017163048965169,0.0,0.0025834230355221,1.1044600938967135,1.023963133640553,1.1116816431322207,1.0752,-0.10446009389671361,0.08660508083140878,,
2013,7616,0.0068085106382977,0.0159196779883314,0.0160941628633197,-0.0019234131841231,0.0,0.0068085106382977,1.1800492610837439,1.106605099377635,1.1639654240950836,1.173044925124792,-0.18004926108374383,0.11185889997679276,,
2013,7617,-0.0118727598566308,0.0090236001850994,-0.000895255147717,0.0054175475687103,-0.0118727598566308,0.0,1.2398609501738123,1.1646623496762256,1.2057716436637391,1.1356132075471699,-0.2398609501738123,0.11342351716961499,,
2013,7618,-0.0006778348019753,0.0043872768969988,0.0071191730056563,-0.0058006411234925,-0.0006778348019753,0.0,1.2059565875820293,1.1184584178498986,1.1713513513513514,1.1631973355537053,-0.20595658758202928,0.10244577757268113,,
2013,7619,-0.0073235685752329,-0.0124653739612188,-0.0163719711853307,0.0131887985546521,-0.0073235685752329,0.0,1.2514619883040936,1.1933962264150944,1.2532467532467533,1.1164053075995175,-0.25146198830409355,0.10880829015544041,,
2013,7620,-0.0043972150971051,0.0009032063826583,-0.0024126334259394,-0.0078848131642098,-0.0043972150971051,0.0,1.2937201907790143,1.19124218051832,1.3035714285714286,1.307511737089202,-0.2937201907790143,0.14330874604847207,,
2013,7621,-0.0050987890376035,-0.0015586729013582,-0.0006369426751592,-0.0037752609371529,-0.0050987890376035,0.0,1.2774390243902438,1.0780141843971631,1.2199312714776633,1.228855721393035,-0.2774390243902439,0.18028169014084508,,
2013,7622,-0.0155607751027598,-0.0159846547314578,-0.0138969310943832,-0.0164430164430164,-0.0155607751027598,0.0,1.1109243697478992,1.0441176470588236,1.1238447319778189,1.1122448979591837,-0.11092436974789915,0.08717105263157894,,
2013,7623,-0.0022690437601297,0.0019575856443718,0.0,0.0068085106382977,-0.0022690437601297,0.0,1.1732283464566928,1.1045392022008254,1.1996587030716723,1.1800492610837439,-0.1732283464566929,0.059743954480796585,,
2013,7624,-0.0097326936257711,-0.0153614457831324,-0.0112496611547845,0.0016758439071102,-0.0097326936257711,0.0,1.2186088527551941,1.115873015873016,1.2003948667324777,1.2067460317460317,-0.2186088527551942,0.109375,,
2013,7625,0.0058602291611999,0.0093949855679438,0.0114417150777033,-0.0009062075215224,0.0,0.0058602291611999,1.133250532292406,1.042493337281611,1.1210998439937598,1.285140562248996,-0.13325053229240597,0.11097582188206645,,
2013,8401,0.0062418201953085,0.0129025805161031,0.0181426814268141,-0.0148231190832087,0.0,0.0062418201953085,1.1686232657417288,1.0792079207920793,1.1299303944315546,1.0921766072811774,-0.16862326574172892,0.12422997946611909,,
2013,8402,0.0,-0.0071923281832712,-0.0012997140629061,0.0078394481028536,0.0,0.0,1.2777777777777777,1.2184655396618986,1.2782764811490126,1.2585751978891822,-0.2777777777777778,0.09831460674157304,,
2013,8403,-0.0177419354838709,-0.0080988917306052,-0.0119521912350597,0.0026901442895572,-0.0177419354838709,0.0,1.1578947368421053,1.0705882352941176,1.1962616822429906,1.1203703703703705,-0.15789473684210525,0.1171875,,
2013,8404,-0.0008561643835616,0.0106666666666666,0.0103806228373701,-0.0008561643835616,-0.0008561643835616,0.0,1.1590909090909092,1.077720207253886,1.1437908496732025,1.1590909090909092,-0.1590909090909091,0.1657142857142857,,
2013,8405,0.0086379762455652,0.0045977011494253,0.0251423149905123,0.0024987506246876,0.0,0.0086379762455652,1.1417910447761195,1.075,1.1274238227146813,1.1678657074340528,-0.1417910447761194,0.12776412776412777,,
2013,8406,0.0124542124542124,0.0192909280500521,0.0278614457831325,-0.0177419354838709,0.0,0.0124542124542124,1.1360691144708424,1.0340586565752128,1.1357142857142857,1.1578947368421053,-0.13606911447084233,0.10272536687631027,,
2013,8407,0.0054175475687103,0.0110152621101526,0.0152938019855111,0.0057142857142857,0.0,0.0054175475687103,1.1356132075471699,1.0306324110671936,1.0869565217391304,1.185589519650655,-0.13561320754716982,0.10057142857142858,,
2013,8408,8.105041335704222e-05,-0.0022670229131244,-0.0029093260061419,-0.0214987714987715,0.0,8.105041335704222e-05,1.1317233809001097,1.0260102183000464,1.1044600938967135,1.1014925373134328,-0.13172338090010977,0.09564293304994687,,
2013,8409,-0.0010225529739249,0.0012084244447001,0.015225791568141,-0.0013550135501354,-0.0010225529739249,0.0,1.1489832007073386,1.0422484783387038,1.1128205128205129,1.128654970760234,-0.14898320070733864,0.08881441139505655,,
2013,8410,-0.0013736263736263,0.0079106561191251,-0.0045578851412944,7.56887677868523e-05,-0.0013736263736263,0.0,1.0948275862068966,1.0097799511002445,1.0725552050473186,1.1825313807531381,-0.09482758620689655,0.12058823529411765,,
2013,8411,0.0131278538812784,-0.0049321824907521,0.0115473441108544,0.0032112480472139,0.0,0.0131278538812784,1.0852272727272727,0.975609756097561,1.075,1.114902807775378,-0.08522727272727272,0.11046511627906977,,
2013,8412,0.0042319085907744,-0.0042716787697565,0.0132933104631218,-0.0208855472013367,0.0,0.0042319085907744,1.1928571428571428,1.0319488817891374,1.1897233201581028,1.1450980392156862,-0.19285714285714287,0.10963455149501661,,
2013,8413,0.0020736132711249,0.001998183469573,0.0078369905956112,0.0039457636846258,0.0,0.0020736132711249,1.0373665480427046,0.9596273291925466,1.0134615384615384,1.1844300278035218,-0.037366548042704624,0.1062618595825427,,
2013,8414,0.0077834179357021,0.005935754189944,0.0044187627464309,0.0018703241895261,0.0,0.0077834179357021,1.181609195402299,1.075242718446602,1.1818181818181819,1.2371134020618557,-0.18160919540229886,0.19813519813519814,,
2013,8415,0.0168584426010167,0.0050304474450622,0.0034908700322233,0.0038188761593016,0.0,0.0168584426010167,1.1689497716894977,1.1119544592030361,1.1855670103092784,1.1449704142011834,-0.1689497716894977,0.11304347826086956,,
2013,8416,0.0201500833796552,0.0093061447926645,0.013949556150486,0.0152228952344326,0.0,0.0201500833796552,1.1370839936608559,1.0446527012127895,1.102721685689201,1.1554543572759264,-0.13708399366085577,0.14251592356687898,,
2013,8417,-0.0178260869565217,-0.0018587360594795,-0.0120274914089346,0.0086379762455652,-0.0178260869565217,0.0,1.13595166163142,1.0168674698795181,1.0752351097178683,1.1417910447761195,-0.13595166163141995,0.09620991253644315,,
2013,8418,0.0024691358024691,0.006726457399103,-0.0003085467448318,0.0088807104568364,0.0,0.0024691358024691,1.0995670995670996,1.0817843866171004,1.0502283105022832,1.1211391897312475,-0.09956709956709957,0.10434782608695652,,
2013,8419,-0.0014338973329509,-0.0114803625377643,-0.0104994324631101,-0.0117955439056356,-0.0014338973329509,0.0,1.1896103896103896,1.0428265524625269,1.177142857142857,1.1597845601436265,-0.18961038961038962,0.11165048543689321,,
2013,8420,0.0,-0.0039473684210525,0.0043346337234504,-0.0057761732851985,0.0,0.0,1.220532319391635,1.0604026845637584,1.1688311688311688,1.1639344262295082,-0.22053231939163498,0.18888888888888888,,
2013,8421,0.0130233058058506,0.0133321894303362,0.0110664348330074,-0.0010225529739249,0.0,0.0130233058058506,1.1289379237006514,1.0447662208466895,1.095004331504476,1.1489832007073386,-0.12893792370065132,0.11985759493670886,,
2013,8422,0.0039682539682539,0.0010043521928355,0.0100200400801602,-0.0002937720329024,0.0,0.0039682539682539,1.1712473572938689,1.093062605752961,1.1694117647058824,1.175418994413408,-0.17124735729386892,0.11468812877263582,,
2013,8423,-0.0151828847481021,-0.026661514683153,-0.0061728395061728,-0.0055670431048194,-0.0151828847481021,0.0,1.140952380952381,1.0413907284768211,1.1315240083507307,1.1168091168091168,-0.14095238095238094,0.10516605166051661,,
2013,8424,-0.0139475908706677,-0.0114311842706904,-0.0121085594989561,-0.0153743315508021,-0.0139475908706677,0.0,1.1465968586387434,1.0501089324618735,1.095774647887324,1.2600896860986548,-0.14659685863874344,0.12596401028277635,,
2013,8425,0.0085790884718499,-0.0056053811659192,0.0130363932645301,0.0144124168514412,0.0,0.0085790884718499,1.1317829457364341,1.0608365019011408,1.1594827586206897,1.3273542600896862,-0.13178294573643412,0.08550185873605948,,
2013,8426,-0.0117955439056356,-0.011076398750355,-0.0015702695629415,0.0106615266462872,-0.0117955439056356,0.0,1.1597845601436265,1.0550918196994992,1.1084812623274163,1.08475749850502,-0.15978456014362658,0.1494661921708185,,
2013,8427,-0.0047427946005107,0.0095638867635807,0.0077205882352942,0.0122105263157894,-0.0047427946005107,0.0,1.1705607476635513,1.0556660039761432,1.1306532663316582,1.1388888888888888,-0.1705607476635514,0.11333333333333333,,
2013,8428,-0.0044728014207722,-0.0054305663304887,-0.0008543638275499,-0.0058543724844493,-0.0044728014207722,0.0,1.158493870402802,1.0444109898381633,1.102288650163475,1.2,-0.1584938704028021,0.1211864406779661,,
2013,8429,0.0019175455417066,-0.0131845841784989,-0.0057197330791229,-0.0132579450185221,0.0,0.0019175455417066,1.2291666666666667,1.0543478260869565,1.2093023255813953,1.1646090534979423,-0.22916666666666666,0.1346153846153846,,
2013,8430,0.0033921302578019,-0.0212615166548547,-0.0153640614562458,-0.0021748586341887,0.0,0.0033921302578019,1.150259067357513,1.0558139534883721,1.1560693641618498,1.2520325203252032,-0.15025906735751296,0.11,,
2013,8431,0.0033379373848987,-0.0039220209943476,0.0125874125874125,0.0014367816091953,0.0,0.0033379373848987,1.202211690363349,1.092485549132948,1.1879964695498677,1.1065573770491803,-0.20221169036334913,0.13075780089153047,,
2013,8432,-0.0034210526315789,-0.011344770337576,-0.0091264667535854,-0.0132168458781362,-0.0034210526315789,0.0,1.1481481481481481,1.0688140556368961,1.1236559139784945,1.1583166332665331,-0.14814814814814814,0.08771929824561403,,
2013,8433,0.0105078809106831,0.0046578862833279,0.0170012953367875,0.0019175455417066,0.0,0.0105078809106831,1.208695652173913,1.1168014375561546,1.149643705463183,1.2291666666666667,-0.20869565217391303,0.1487603305785124,,
2013,8434,0.0082345852580838,0.0151843817787418,0.0161224489795919,-0.0091575091575091,0.0,0.0082345852580838,1.1932021466905187,1.0561959654178674,1.19009900990099,1.1558704453441295,-0.19320214669051877,0.10981697171381032,,
2013,8435,0.0122105263157894,0.0077878341401809,0.0147404400769066,-0.0034210526315789,0.0,0.0122105263157894,1.1388888888888888,1.0271668822768434,1.088646967340591,1.1481481481481481,-0.1388888888888889,0.11285714285714285,,
2013,9301,0.011408280447265,0.0118833273316527,0.0137867647058822,-0.014,0.0,0.011408280447265,1.1479179614667496,1.0399201596806387,1.114935064935065,1.2457142857142858,-0.14791796146674954,0.075713453698311,,
2013,9302,-0.0021739130434782,-0.0054216867469879,-0.0134048257372654,0.0114401076716015,-0.0021739130434782,0.0,1.1396648044692737,1.08,1.103030303030303,1.13671875,-0.13966480446927373,0.12087912087912088,,
2013,9303,0.0043117744610281,0.0180387012135125,0.00802407221665,-0.0022690437601297,0.0,0.0043117744610281,1.1672354948805461,1.1067567567567567,1.1559633027522935,1.1732283464566928,-0.16723549488054607,0.08571428571428572,,
2013,9304,-0.0005705482969133,0.0037911927675706,0.0036648914848536,-0.0012244897959183,-0.0005705482969133,0.0,1.2241292276627966,1.1421875,1.202092511013216,1.2,-0.22412922766279655,0.1108566193311956,,
2013,9305,0.0053017944535074,0.0020729684908789,-0.0072874493927125,-0.0047427946005107,0.0,0.0053017944535074,1.2641921397379912,1.1773913043478261,1.2627906976744185,1.1705607476635513,-0.26419213973799127,0.06629834254143646,,
2013,9306,0.001761006289308,0.0037425149700598,-0.0060015003750937,-0.0151447661469933,0.0,0.001761006289308,1.1911764705882353,1.1168831168831168,1.1580756013745706,1.08,-0.19117647058823528,0.08160237388724036,,
2013,9307,-0.0086629001883239,0.0016161616161616,-0.0089585666293393,0.0175685172171469,-0.0086629001883239,0.0,1.1640625,1.0783505154639175,1.1342857142857143,1.1114245416078985,-0.1640625,0.12594458438287154,,
2013,9308,-0.0080172679617638,-0.0019569471624266,0.0272410516312955,-0.004241396025206,-0.0080172679617638,0.0,1.2280373831775702,1.1437125748502994,1.1980392156862745,1.1520417028670722,-0.22803738317757008,0.07528641571194762,,
2013,9309,0.0075119508308671,0.0009119927040583,0.02067843866171,-0.0025701434996787,0.0,0.0075119508308671,1.3247011952191234,1.2393292682926829,1.3404255319148937,1.530612244897959,-0.3247011952191235,0.05555555555555555,,
2013,9310,-0.0021516944593867,0.0067151650811416,0.0024265300620114,-0.0074946466809421,-0.0021516944593867,0.0,1.148235294117647,1.0759013282732448,1.156657963446475,1.146482122260669,-0.14823529411764705,0.10158013544018059,,
2013,9311,0.0262024407753052,-0.0060113154172559,-0.0021489971346705,0.0039682539682539,0.0,0.0262024407753052,1.2116788321167884,1.103321033210332,1.1925133689839573,1.1712473572938689,-0.2116788321167883,0.11659192825112108,,
2013,9312,0.0005586904296328,0.0007270896837159,0.0022678276450989,-0.0073235685752329,0.0,0.0005586904296328,1.0962227736421284,1.0308620886003872,1.0695565944184728,1.2514619883040936,-0.09622277364212849,0.05324503311258278,,
2013,9313,0.0051951698960965,0.0080590083321949,0.0125106624964457,-0.0142993326978074,0.0,0.0051951698960965,1.140655105973025,1.0492920818038804,1.1120689655172413,1.2857142857142858,-0.14065510597302505,0.059033989266547404,,
2013,9314,-0.0088035214085634,-0.0153191489361702,0.0016032064128257,-0.0151828847481021,-0.0088035214085634,0.0,1.2202380952380953,1.135135135135135,1.25,1.140952380952381,-0.22023809523809523,0.1232876712328767,,
2013,9315,-0.0068731589752745,0.0009260974254492,-0.0036906932278002,0.0110314396028681,-0.0068731589752745,0.0,1.19068255687974,1.0910081743869209,1.172992409109069,1.1313131313131313,-0.19068255687973998,0.12295640326975477,,
2013,9316,0.0109318063508589,0.0063559322033899,0.0052328623757196,0.0112822862379016,0.0,0.0109318063508589,1.1921921921921923,1.1100478468899522,1.1650793650793652,1.1954120645709432,-0.1921921921921922,0.08174386920980926,,
2013,9317,0.0106072659771943,0.0138696255201109,0.0047961630695443,-0.0131474103585657,0.0,0.0106072659771943,1.995744680851064,1.838095238095238,1.9074074074074074,1.2402912621359223,-0.9957446808510638,0.1383495145631068,,
2013,9318,0.0016758439071102,-0.0045868754204635,0.012913003940588,-0.0081850533807829,0.0,0.0016758439071102,1.2067460317460317,1.1506896551724137,1.1801164725457571,1.2090395480225988,-0.20674603174603173,0.07190694395488191,,
2014,51,-0.0220791168353265,-0.0048933939182104,-0.0112189205579138,-0.0142011834319526,-0.0220791168353265,0.0,1.071969696969697,0.8858954041204438,1.1702586206896552,1.0101010101010102,-0.07196969696969698,0.0423572744014733,,
2014,52,0.0115660421003931,0.0048554913294798,0.0105189340813465,0.0027124773960216,0.0,0.0115660421003931,1.1841491841491842,0.9909420289855072,1.2984084880636604,1.053125,-0.18414918414918416,0.03779366700715015,,
2014,53,0.001296456352636,0.0046142289945272,0.0091583078935892,-0.0157952069716775,0.0,0.001296456352636,1.0843023255813953,0.9484073575594437,1.185846560846561,1.04739336492891,-0.08430232558139535,0.040156162855549356,,
2014,54,-0.0147161878065872,-0.0059224694903087,-0.0019234131841231,0.0054005823236591,-0.0147161878065872,0.0,1.0789844851904091,0.8773424190800682,1.173044925124792,1.1191765980498374,-0.07898448519040903,0.0851063829787234,,
2014,55,-0.0054835493519441,0.0067743616466908,0.0024987506246876,0.0035061357375407,-0.0054835493519441,0.0,1.1425438596491229,0.9396092362344582,1.1678657074340528,1.0123873873873874,-0.1425438596491228,0.06981519507186858,,
2014,56,-0.0172209026128266,-0.0161073825503356,-0.0134739308728764,-0.0026406126221283,-0.0172209026128266,0.0,1.0830324909747293,0.9249146757679181,1.1226053639846743,1.06797583081571,-0.08303249097472924,0.023890784982935155,,
2014,57,-0.0058701657458563,0.0003699593044765,0.0175685172171469,-0.0060279187817259,-0.0058701657458563,0.0,1.056555269922879,0.8970427163198248,1.1114245416078985,1.1385542168674698,-0.056555269922879174,0.04314720812182741,,
2014,58,-0.0132158590308369,-0.0116564417177914,-0.0178474851270957,-0.0016822144058724,-0.0132158590308369,0.0,1.0776699029126213,0.8613861386138614,1.1629834254143647,1.0571428571428572,-0.07766990291262135,0.05463182897862233,,
2014,59,-0.0089912280701753,0.0006852444038374,-0.0015327348368732,-0.0097465886939571,-0.0089912280701753,0.0,1.0731707317073171,0.8626237623762376,1.1802973977695168,1.1662049861495845,-0.07317073170731707,0.03937007874015748,,
2014,60,-0.0236655272153563,-0.0223924572775485,-0.024621697871249,0.0016694490818029,-0.0236655272153563,0.0,1.0619718309859154,0.850828729281768,1.0899550224887555,1.0419091967403957,-0.061971830985915494,0.037138927097661624,,
2014,61,-0.0116655865197666,-0.0042918454935622,-0.0057989690721649,-0.0131375579598145,-0.0116655865197666,0.0,1.1102661596958174,0.841642228739003,1.2094017094017093,1.0972850678733033,-0.11026615969581749,0.03180212014134275,,
2014,62,-0.0146396396396396,0.0075845974329054,-0.0078212290502793,-0.0079333597778659,-0.0146396396396396,0.0,1.0785907859078592,0.8283898305084746,1.1677018633540373,1.0072463768115942,-0.07859078590785908,0.05851063829787234,,
2014,63,-0.013248058474189,-0.0101163378856853,-0.0135196034249661,-0.0012795905310301,-0.013248058474189,0.0,1.0991735537190082,0.9081632653061225,1.2252252252252251,1.0559862187769165,-0.09917355371900827,-0.022058823529411766,,
2014,64,0.0077720207253886,-0.0043336944745395,-0.0087313816127375,0.0110151830902054,0.0,0.0077720207253886,1.1277258566978192,0.9328537170263789,1.2291666666666667,1.2342105263157894,-0.1277258566978193,0.022598870056497175,,
2014,1101,0.0055511498810467,0.0138929943836831,0.0088807104568364,-0.0036504187245007,0.0,0.0055511498810467,1.0562433675274143,0.960042339243186,1.1211391897312475,1.0241691842900302,-0.05624336752741422,0.06833631484794275,,
2014,1102,-0.0106453759148369,-0.0014015416958654,0.0114401076716015,-0.0108674175064216,-0.0106453759148369,0.0,1.0905923344947734,0.9397905759162304,1.13671875,1.074390243902439,-0.09059233449477352,0.07560137457044673,,
2014,1103,-0.0221619176843057,-0.0013667425968109,-0.0013550135501354,-0.000796812749004,-0.0221619176843057,0.0,1.0805194805194804,0.9161904761904762,1.128654970760234,1.0755905511811024,-0.08051948051948052,0.07772020725388601,,
2014,1104,0.0028549182455228,0.0118125947801102,0.0032112480472139,0.0,0.0,0.0028549182455228,1.0663399924613646,0.9060080106809079,1.114902807775378,1.0321100917431192,-0.06633999246136449,0.09608678806664084,,
2014,1105,-0.0120240480961923,-0.0049085229808121,-0.0046542553191489,0.0115660421003931,-0.0120240480961923,0.0,1.0758873929008568,0.9488084730803178,1.108254397834912,1.1841491841491842,-0.07588739290085679,0.07326007326007326,,
2014,1106,0.007132667617689,0.0130396047622904,0.0131887985546521,-0.027221366204417,0.0,0.007132667617689,1.0716194548369855,0.9567877629063097,1.1164053075995175,1.0114942528735633,-0.07161945483698556,0.08319827120475419,,
2014,1107,-0.0082926829268292,0.0061801758973139,0.0026901442895572,-0.0174379610999328,-0.0082926829268292,0.0,1.0657596371882085,0.9362224039247752,1.1203703703703705,1.1736842105263159,-0.06575963718820861,0.10979929161747344,,
2014,1108,0.0016694490818029,0.0091807909604519,-0.0103847061600188,-0.0097109304426377,0.0,0.0016694490818029,1.0419091967403957,0.9143302180685359,1.0805194805194804,1.0525672371638142,-0.04190919674039581,0.07572115384615384,,
2014,1109,0.0063920137078148,0.0018799091017132,0.0106615266462872,-0.017644726407613,0.0,0.0063920137078148,1.0581116565818016,0.9528994032213215,1.08475749850502,1.1061946902654867,-0.05811165658180158,0.07561074682295596,,
2014,1110,-0.0100273473108477,-0.0018674136321195,-0.0009107468123861,-0.0124668435013262,-0.0100273473108477,0.0,1.104,0.9498432601880877,1.1753554502369667,1.0416,-0.104,0.11290322580645161,,
2014,1111,0.0125477359519912,0.0032034169781098,0.0110314396028681,-0.0010305483989694,0.0,0.0125477359519912,1.1059907834101383,0.966996699669967,1.1313131313131313,1.2032604925424906,-0.10599078341013825,0.07142857142857142,,
2014,1112,0.0152149711074589,0.0147335718320467,0.0141397849462365,-0.0044196771714065,0.0,0.0152149711074589,1.0547610086563795,0.9431167016072677,1.088235294117647,1.0604332953249715,-0.054761008656379374,0.07437224458501054,,
2014,1113,0.0061551433389543,0.0131412286257124,0.0064494229463678,-0.0167357592507293,0.0,0.0061551433389543,1.0832389580973953,0.948785046728972,1.0925578486554097,1.0699351117519826,-0.08323895809739525,0.09502003434459072,,
2014,1114,0.0022654910604946,0.014642752131726,0.0056650246305418,-0.0044136191677175,0.0,0.0022654910604946,1.0765247410817032,0.9624615384615385,1.1241914618369988,1.2804878048780488,-0.07652474108170311,0.07652474108170311,,
2014,1115,0.0008781410429614,0.0062524423602969,-0.0011470211186829,-0.0036511156186612,0.0,0.0008781410429614,1.0752525252525253,0.9698085419734904,1.1332179930795847,1.1583969465648856,-0.07525252525252525,0.08346055979643766,,
2014,2401,-0.0129240710823909,0.0077481840193704,-0.0043658088235294,-0.0104366932161493,-0.0129240710823909,0.0,1.0968188105117567,0.84375,1.1795275590551182,1.0489192263936291,-0.09681881051175657,0.05874499332443257,,
2014,2402,-0.0142247510668562,-0.0118145341061078,-0.0136299859691321,-0.0043934586282645,-0.0142247510668562,0.0,1.053125,0.8741071428571429,1.1236749116607774,1.0652866242038217,-0.053125,0.059748427672955975,,
2014,2403,-0.0071085093037842,-0.0061886470337174,0.0010464629552113,-0.0035419126328217,-0.0071085093037842,0.0,1.0724971231300344,0.8657407407407407,1.1686121919584955,1.175284837861525,-0.07249712313003452,0.03440621531631521,,
2014,2404,-0.0118110236220472,-0.0134003350083752,0.0184442662389734,0.0100069448828841,-0.0118110236220472,0.0,1.0940170940170941,0.8489208633093526,1.1408450704225352,1.106669157481786,-0.09401709401709402,0.053497942386831275,,
2014,2405,-0.0044196771714065,-0.0032278889606197,-0.0164430164430164,-0.0010089120564991,-0.0044196771714065,0.0,1.0604332953249715,0.8422436459246275,1.1122448979591837,1.012401352874859,-0.06043329532497149,0.06651376146788991,,
2014,2406,-0.0164410058027079,0.0031914893617022,-0.0142993326978074,-0.0243232640251078,-0.0164410058027079,0.0,1.2038216560509554,0.9712918660287081,1.2857142857142858,1.0192853091321612,-0.20382165605095542,0.10526315789473684,,
2014,2407,-0.0076064908722109,-0.0111669458403126,-0.014,-0.0116655865197666,-0.0076064908722109,0.0,1.114713216957606,0.9237875288683602,1.2457142857142858,1.1102661596958174,-0.11471321695760599,0.02522935779816514,,
2014,2408,-0.0145243282498184,-0.009486166007905,-0.0057761732851985,-0.0010736525660296,-0.0145243282498184,0.0,1.1310679611650485,0.8731343283582089,1.1639344262295082,1.361266294227188,-0.13106796116504854,0.09389671361502347,,
2014,2409,-0.0079594790159189,-0.0052160953800297,-0.0010842067220816,0.0026050515347151,-0.0079594790159189,0.0,1.0445682451253482,0.8680318543799772,1.0972222222222223,1.0799402316025402,-0.04456824512534819,0.05485232067510549,,
2014,2410,-0.0029934518241346,0.0012166588675712,0.0010300589942877,-0.0110633066994468,-0.0029934518241346,0.0,1.0572478991596639,0.8044444444444444,1.0998817966903074,1.1317991631799162,-0.05724789915966386,0.08167651800107469,,
2014,2411,-0.0044378698224851,-0.0137318255250403,-0.0073421439060205,-0.0024425989252564,-0.0044378698224851,0.0,1.0641891891891893,0.8021680216802168,1.1102661596958174,1.1573033707865168,-0.06418918918918919,0.07876712328767123,,
2014,2412,-0.0117647058823529,-0.0224022878932316,-0.0094950366853689,0.001296456352636,-0.0117647058823529,0.0,1.1214470284237725,0.8758314855875832,1.1939393939393939,1.0843023255813953,-0.12144702842377261,0.10152284263959391,,
2014,2413,-0.0064330583516234,-0.0003864584943576,7.56887677868523e-05,-0.0105263157894737,-0.0064330583516234,0.0,1.0946798917944094,0.8818306010928961,1.1825313807531381,1.073394495412844,-0.09467989179440937,0.07386112339672711,,
2014,2414,-0.0171730515191546,-0.0034916201117318,-0.0065616797900261,-0.0145202020202019,-0.0171730515191546,0.0,1.0845588235294117,0.8456591639871383,1.213389121338912,1.0864197530864197,-0.08455882352941177,0.017241379310344827,,
2014,2415,-0.0290102389078498,-0.0150451354062186,-0.0208855472013367,-0.0054428500742206,-0.0290102389078498,0.0,1.063157894736842,0.8820058997050148,1.1450980392156862,1.1409691629955947,-0.06315789473684211,0.03767123287671233,,
2014,2701,-0.0306324110671937,-0.0044692737430167,-0.008814887365328,-0.0069108500345542,-0.0306324110671937,0.0,1.0476190476190477,0.8798076923076923,1.135135135135135,1.1761252446183954,-0.047619047619047616,0.047619047619047616,,
2014,2702,-0.0176220806794055,-0.01031652989449,-0.0073761854583772,-0.012381162944948,-0.0176220806794055,0.0,1.0340632603406326,0.8464017185821697,1.1386666666666667,1.0816532258064515,-0.0340632603406326,-0.00468384074941452,,
2014,2703,-0.0100358422939068,-0.0244100895036615,-0.023109243697479,-0.0130234933605719,-0.0100358422939068,0.0,1.0471204188481675,0.8867924528301887,1.1453488372093024,1.016728624535316,-0.04712041884816754,0.015228426395939087,,
2014,2704,0.0016214025131739,-0.0008116883116883,0.0169002473206925,-0.0063626723223754,0.0,0.0016214025131739,1.1103202846975089,0.9250814332247557,1.21875,1.0461538461538462,-0.1103202846975089,0.0,,
2014,2705,-0.0201848249027237,0.0,-0.0065233148103406,-0.029440628066732,-0.0201848249027237,0.0,1.0583804143126176,0.8425998433829287,1.1964873765093305,1.0432692307692308,-0.0583804143126177,0.031192660550458717,,
2014,2706,-0.0055981501764634,0.0035349072086858,-0.004241396025206,-0.0071085093037842,-0.0055981501764634,0.0,1.0454545454545454,0.8450789793438639,1.1520417028670722,1.0724971231300344,-0.045454545454545456,0.023378582202111614,,
2014,2707,0.0,-0.0074312608372554,-0.0087636191378493,-0.0071794871794871,0.0,0.0,1.0213675213675213,0.8523409363745498,1.1261829652996846,1.0617977528089888,-0.021367521367521368,0.004201680672268907,,
2014,2708,0.0027124773960216,-0.0072639225181597,-0.0168888888888888,0.0016214025131739,0.0,0.0027124773960216,1.053125,0.8324175824175825,1.1521035598705502,1.1103202846975089,-0.053125,-0.05337078651685393,,
2014,2709,-0.0145202020202019,-0.0042342978122794,0.0038022813688212,0.0009049773755656,-0.0145202020202019,0.0,1.0864197530864197,0.8702290076335878,1.1689497716894977,1.0330188679245282,-0.08641975308641975,0.03125,,
2014,2710,-0.0126639529624604,-0.0119760479041916,-0.0151447661469933,-0.0111408199643493,-0.0126639529624604,0.0,1.0,0.8745519713261649,1.08,1.059003051881994,0.0,0.025341130604288498,,
2014,2711,-0.0061469411649917,0.0014071766006633,-0.0088007736943906,-0.0201848249027237,-0.0061469411649917,0.0,1.0310344827586206,0.8649851632047477,1.1810228802153433,1.0583804143126176,-0.03103448275862069,0.022222222222222223,,
2014,2712,-0.007318348144276,-0.0010851871947911,-0.00416449765747,-0.0133217131474103,-0.007318348144276,0.0,1.0820189274447949,0.8547945205479452,1.1824817518248176,1.0326286764705883,-0.08201892744479496,0.05864197530864197,,
2014,2713,-0.0010962508221881,-0.0045279601539506,-0.0080469769464984,-0.0107142857142856,-0.0010962508221881,0.0,1.1057884231536925,0.8492537313432836,1.1693002257336342,1.0494104435710274,-0.10578842315369262,0.0694980694980695,,
2014,2714,-0.0091096091683808,-0.0046816479400748,-0.0002937720329024,-0.0160140397060436,-0.0091096091683808,0.0,1.067067067067067,0.8113360323886639,1.175418994413408,1.0700389105058365,-0.06706706706706707,0.013307984790874524,,
2014,2715,0.0,-0.0068124775905342,0.0014367816091953,-0.001578947368421,0.0,0.0,1.0296803652968036,0.8540706605222734,1.1065573770491803,1.1176470588235294,-0.02968036529680365,0.11358024691358025,,
2014,2716,-0.0110116999311769,-0.0199233716475095,-0.0175794455713319,-0.0099553724682458,-0.0110116999311769,0.0,1.1367924528301887,0.7913907284768212,1.1871657754010696,1.2891891891891891,-0.13679245283018868,0.08558558558558559,,
2014,2717,0.0086100861008611,0.0094909404659189,0.0066033842344201,0.0041538461538461,0.0,0.0086100861008611,1.056896551724138,0.8688783570300158,1.1467181467181466,1.1699410609037328,-0.056896551724137934,0.03198653198653199,,
2014,2718,-0.0183986371379897,-0.0077951002227171,-0.0151006711409396,-0.0010962508221881,-0.0183986371379897,0.0,1.0522875816993464,0.8400621118012422,1.1764705882352942,1.1057884231536925,-0.05228758169934641,0.00625,,
2014,2801,-0.0071794871794871,-0.0057077625570776,-0.0151515151515151,-0.0077934729663906,-0.0071794871794871,0.0,1.0617977528089888,0.9082125603864735,1.154320987654321,1.127659574468085,-0.06179775280898876,0.0106951871657754,,
2014,2802,-0.0082824760244114,-0.0115967885816234,-0.0021748586341887,-0.0038880248833592,-0.0082824760244114,0.0,1.168458781362007,0.9190600522193212,1.2520325203252032,1.1057692307692308,-0.16845878136200718,0.05844155844155844,,
2014,2803,-0.0120264582080577,-0.0154340836012861,-0.0089392133492253,-0.0016020506247997,-0.0120264582080577,0.0,1.0372492836676217,0.8903394255874674,1.1906354515050168,1.1494736842105264,-0.03724928366762178,0.016853932584269662,,
2014,2804,-0.0016435615263684,0.0031972097078913,0.0039457636846258,-0.0066941297631307,-0.0016435615263684,0.0,1.0921658986175116,0.8908427339084274,1.1844300278035218,1.1287671232876713,-0.09216589861751152,0.01995305164319249,,
2014,2805,-0.0064056939501779,-0.0100671140939597,-0.0128805620608899,-0.0172528201725281,-0.0064056939501779,0.0,1.1049935979513443,0.8490783410138248,1.153103448275862,1.116751269035533,-0.10499359795134443,0.03229665071770335,,
2014,2806,-0.0025756600128783,-0.0164609053497942,-0.0057618437900127,-0.0131704980842911,-0.0025756600128783,0.0,1.049792531120332,0.8162544169611308,1.1320754716981132,1.013189448441247,-0.04979253112033195,0.05416666666666667,,
2014,2807,-0.0202803459588428,0.0057544757033247,0.0026913875598086,-0.0031208203299153,-0.0202803459588428,0.0,1.072992700729927,0.9122596153846154,1.1451612903225807,1.1678726483357453,-0.072992700729927,0.035211267605633804,,
2014,2808,-0.0180394018514122,-0.0005037783375314,-0.0042543134010871,-0.0014513788098693,-0.0180394018514122,0.0,1.0496957403651115,0.9084444444444445,1.1300813008130082,1.3221238938053097,-0.04969574036511156,0.06372045220966084,,
2014,2809,-0.0196165849308961,-0.0080604534005037,-0.0157964019306713,-0.0120240480961923,-0.0196165849308961,0.0,1.1005291005291005,0.8819875776397516,1.2123893805309736,1.0758873929008568,-0.10052910052910052,0.012165450121654502,,
2014,2810,-0.0172528201725281,-0.0093708165997322,0.0006640106241699,-0.0106453759148369,-0.0172528201725281,0.0,1.116751269035533,0.9263565891472868,1.2469879518072289,1.0905923344947734,-0.116751269035533,0.06280193236714976,,
2014,2811,-0.0110633066994468,0.0015673981191222,-0.0012277470841006,0.0011929615269907,-0.0110633066994468,0.0,1.1317991631799162,0.9069373942470389,1.2287104622871046,1.0438729198184569,-0.13179916317991633,0.07128712871287128,,
2014,2812,-0.029440628066732,-0.0054347826086956,-0.0048828125,-0.0009074410163338,-0.029440628066732,0.0,1.0432692307692308,0.8823529411764706,1.1375661375661377,1.03,-0.04326923076923077,0.009302325581395349,,
2014,2813,-0.0080126100091948,-0.0022188323394813,0.001578739639521,-0.0058701657458563,-0.0080126100091948,0.0,1.0570264765784114,0.8878134623845139,1.1010608598548297,1.056555269922879,-0.05702647657841141,0.05273833671399594,,
2014,2814,-0.0170316301703162,-0.0096642929806713,-0.0077257363592467,-0.0164410058027079,-0.0170316301703162,0.0,1.0793201133144477,0.8833746898263027,1.1512345679012346,1.2038216560509554,-0.07932011331444759,0.021447721179624665,,
2014,2815,-0.009568812758417,0.0004310079428606,-0.0046445999176906,0.0048024012006002,-0.009568812758417,0.0,1.0662130332373725,0.8721693121693121,1.1431127012522362,1.1105675146771037,-0.06621303323737242,0.06259780907668232,,
2014,2816,-0.0160981218857799,0.0004105090311987,-0.00685192234488,-0.0044378698224851,-0.0160981218857799,0.0,1.0483460559796438,0.8491379310344828,1.155367231638418,1.0641891891891893,-0.04834605597964377,0.007334963325183374,,
2014,2817,-0.013352580295922,0.0048399106478034,-0.0142298114549982,-0.0126639529624604,-0.013352580295922,0.0,1.0345821325648414,0.8993788819875776,1.1078125,1.0,-0.0345821325648415,0.012693935119887164,,
2014,2818,0.0020942408376962,-0.010158013544018,0.0031512605042016,-0.0122192866578599,0.0,0.0020942408376962,1.0564971751412429,0.8644859813084113,1.1973684210526316,1.1714285714285715,-0.05649717514124294,0.027472527472527472,,
2014,2819,-0.0078671328671329,0.0032452480296707,0.0057142857142857,-0.0050704225352112,-0.0078671328671329,0.0,1.0827067669172932,0.8577981651376146,1.185589519650655,0.9754901960784313,-0.08270676691729323,0.06077348066298342,,
2014,3201,-0.0128266033254156,-0.0149625935162094,-0.0181902985074626,0.0152149711074589,-0.0128266033254156,0.0,1.0676229508196722,0.8896434634974533,1.1632183908045977,1.0547610086563795,-0.06762295081967214,0.029644268774703556,,
2014,3202,-0.0133217131474103,-0.0032278889606197,-0.0143575898883298,-0.0067934006964662,-0.0133217131474103,0.0,1.0326286764705883,0.8799204771371769,1.0890132248219735,1.1793258426966293,-0.03262867647058824,0.04950957496496964,,
2014,3203,0.0035061357375407,0.0075187969924812,0.005540166204986,-0.0076064908722109,0.0,0.0035061357375407,1.0123873873873874,0.8541882109617374,1.0404411764705883,1.114713216957606,-0.012387387387387387,0.05889281507656066,,
2014,3204,-0.0105772136597159,-0.0040448039825762,-0.0027124773960216,-0.0155929963660389,-0.0105772136597159,0.0,1.1251980982567353,0.9005763688760807,1.2073813708260106,1.065166795965865,-0.12519809825673534,0.033478893740902474,,
2014,3205,-0.0122618786949857,0.0,-0.0021848372296263,0.0054644808743169,-0.0122618786949857,0.0,1.0266836086404065,0.8469093009820913,1.1160651096956828,1.2330827067669172,-0.026683608640406607,0.024730500951173115,,
2014,3206,-0.0130234933605719,0.0007859575582918,-0.0053340106680213,-0.0064330583516234,-0.0130234933605719,0.0,1.016728624535316,0.8615107913669064,1.1142263759086188,1.0946798917944094,-0.016728624535315983,0.0195712954333644,,
2014,3207,-0.0037225042301184,0.0036258158085569,-0.0023632680621201,0.0,-0.0037225042301184,0.0,1.0244360902255638,0.8722826086956522,1.122680412371134,1.0913461538461537,-0.02443609022556391,0.0009182736455463728,,
2014,3208,-0.0116175156389634,-0.0031786395422759,0.0026881720430107,-0.0033524235228383,-0.0116175156389634,0.0,1.0149532710280373,0.8865478119935171,1.102536997885835,1.0750144258511252,-0.014953271028037384,0.04122722914669223,,
2014,3209,-0.0135849056603774,-0.000801282051282,-0.0163325909428359,-0.0077757315326376,-0.0135849056603774,0.0,0.9705159705159705,0.9385593220338984,1.151098901098901,1.11375,0.029484029484029485,-0.057279236276849645,,
2014,3210,-0.0111408199643493,-0.0004577706569008,-0.0081767955801105,0.0020942408376962,-0.0111408199643493,0.0,1.059003051881994,0.8781942078364565,1.1114827201783724,1.0564971751412429,-0.059003051881993895,0.044132397191574725,,
2014,3211,-0.015434745326702,0.0043410314290674,-0.0005142269454919,0.0036439354502864,-0.015434745326702,0.0,1.049342105263158,0.8858695652173914,1.1342086068563093,1.191977077363897,-0.049342105263157895,0.02572347266881029,,
2014,3212,-0.0131704980842911,-0.0087983911513322,-0.0026271793647002,-0.0055981501764634,-0.0131704980842911,0.0,1.013189448441247,0.8414074451810301,1.127789046653144,1.0454545454545454,-0.013189448441247002,0.013189448441247002,,
2014,3213,-0.0099947396107311,-0.0072248981104112,0.0008775008775008,-0.0080126100091948,-0.0099947396107311,0.0,1.0546975546975548,0.8956891963810537,1.1142857142857143,1.0570264765784114,-0.0546975546975547,0.025015634771732333,,
2014,3214,-0.027221366204417,-0.0163841807909604,-0.017163048965169,-0.0117647058823529,-0.027221366204417,0.0,1.0114942528735633,0.9249658935879945,1.0752,1.1214470284237725,-0.011494252873563218,0.047619047619047616,,
2014,3215,-0.0037950664136622,0.007312033063106,0.0039688839498333,-0.0268022181146025,-0.0037950664136622,0.0,1.026865671641791,0.8329297820823245,1.1124531445231154,1.0539130434782609,-0.026865671641791045,0.030325720703856234,,
2014,3216,0.0001671402306535,0.0102141274920009,0.0083849492268148,0.0028549182455228,0.0,0.0001671402306535,1.045351939257131,0.8973284442116292,1.0906648757555406,1.0663399924613646,-0.04535193925713113,0.04556650246305419,,
2014,3217,-0.0158102766798419,-0.0065876152832674,-0.0039370078740157,-0.015434745326702,-0.0158102766798419,0.0,1.0292580982236155,0.9276759884281581,1.1112385321100917,1.049342105263158,-0.029258098223615466,0.016511867905056758,,
2014,3218,-0.0154263852893989,0.001437532671197,-0.0023393252893375,-0.0017706949977865,-0.0154263852893989,0.0,1.02625456962446,0.9040774420651218,1.067363112391931,1.0896739130434783,-0.026254569624459954,0.042186972662841715,,
2014,3219,-0.0104366932161493,-0.0002820874471085,0.0085872576177286,-0.0064604185623293,-0.0104366932161493,0.0,1.0489192263936291,0.8690095846645367,1.0902348578491965,1.031301482701812,-0.048919226393629126,0.045351473922902494,,
2014,3220,-0.0243232640251078,-0.0043725404459991,-0.0123982952344052,-0.0111760660247592,-0.0243232640251078,0.0,1.0192853091321612,0.8933468765871001,1.053658536585366,1.0975103734439835,-0.019285309132161088,0.03993055555555555,,
2014,3221,-0.0135338345864661,-0.0070422535211267,-0.0065730504929787,0.003188775510204,-0.0135338345864661,0.0,1.0524017467248907,0.9168949771689497,1.0942028985507246,1.151639344262295,-0.05240174672489083,0.0640176600441501,,
2014,3222,-0.0104712041884816,0.0018088634308108,-0.0040868094701239,-0.0105772136597159,-0.0104712041884816,0.0,1.0343655589123868,0.9046416166719292,1.1478599221789882,1.1251980982567353,-0.034365558912386705,0.031638418079096044,,
2014,4401,-0.0119271814187068,-0.0146036161335187,-0.0214987714987715,-0.0129012901290128,-0.0119271814187068,0.0,1.002824858757062,0.8753462603878116,1.1014925373134328,1.1669691470054446,-0.002824858757062147,-0.037940379403794036,,
2014,4402,-0.0089361702127659,-0.006768953068592,-0.0212411495210329,-0.0118757612667478,-0.0089361702127659,0.0,1.0115163147792707,0.8902439024390244,1.1730337078651685,1.0527306967984935,-0.011516314779270634,0.009578544061302681,,
2014,4403,-0.0105177993527507,-0.0155131264916468,-0.0074946466809421,-0.001685630004214,-0.0105177993527507,0.0,1.0504731861198737,0.9057116953762466,1.146482122260669,1.0940438871473355,-0.050473186119873815,0.005030181086519115,,
2014,4404,-0.0179471032745591,-0.0063829787234042,-0.0230698246693324,-0.0221619176843057,-0.0179471032745591,0.0,1.0348837209302326,0.8621291448516579,1.1941964285714286,1.0805194805194804,-0.03488372093023256,-0.001869158878504673,,
2014,4405,-0.0010089120564991,-0.0087852677817198,0.001515661839003,-0.0146396396396396,-0.0010089120564991,0.0,1.012401352874859,0.8622262773722628,1.0781841109709962,1.0785907859078592,-0.012401352874859075,0.050292397660818715,,
2014,4406,-0.0077934729663906,-0.0257894736842104,-0.0014591439688715,-0.0119136820020979,-0.0077934729663906,0.0,1.127659574468085,1.0403225806451613,1.3321799307958477,1.0417624521072797,-0.1276595744680851,-0.03636363636363636,,
2014,4407,-0.012381162944948,-0.0065573770491803,-0.0037444933920705,0.0022654910604946,-0.012381162944948,0.0,1.0816532258064515,0.8731617647058824,1.1269487750556793,1.0765247410817032,-0.08165322580645161,0.06027667984189723,,
2014,4408,-0.0248684839789574,-0.016515716568993,-0.0019093078758949,-0.0236655272153563,-0.0248684839789574,0.0,1.015645371577575,0.9023255813953488,1.1211656441717792,1.0619718309859154,-0.01564537157757497,0.06566347469220246,,
2014,4409,0.0052083333333332,0.0131137054213976,0.0058939096267189,-0.0110116999311769,0.0,0.0052083333333332,1.0678336980306347,0.8782837127845884,1.1596958174904943,1.1367924528301887,-0.06783369803063458,0.06666666666666667,,
2014,4410,-0.0126777143892058,-0.0007343491830364,0.0004529806124298,0.0044031830238726,-0.0126777143892058,0.0,1.0584279108869272,0.8969225064886911,1.104,1.0619353304802663,-0.05842791088692728,0.0733162830349531,,
2014,4411,-0.0064604185623293,0.0037223152801042,0.0042949830942153,-0.016453382084095,-0.0064604185623293,0.0,1.031301482701812,0.8976897689768977,1.1182994454713493,1.037037037037037,-0.03130148270181219,0.03471074380165289,,
2014,4412,-0.0119136820020979,0.0023457658925638,-0.00655054339735,-0.0075250836120401,-0.0119136820020979,0.0,1.0417624521072797,0.8999673095782935,1.1066723331916701,1.1945945945945946,-0.04176245210727969,0.044162826420890935,,
2014,4413,-0.0015894363614133,0.0065296251511486,0.0042976424361493,-0.0051996672212978,-0.0015894363614133,0.0,1.0199878861296183,0.9106786427145709,1.1526501766784452,1.0199203187250996,-0.019987886129618413,0.03249540159411404,,
2014,4414,-0.0055292259083727,-0.0094533497739416,-0.0031496062992125,-0.0220791168353265,-0.0055292259083727,0.0,1.0357941834451903,0.8623481781376519,1.128787878787879,1.071969696969697,-0.035794183445190156,0.035794183445190156,,
2014,4415,-0.0190930787589498,-0.0013440860215053,-0.0005963029218842,-0.0015894363614133,-0.0190930787589498,0.0,1.0244444444444445,0.9549019607843138,1.1488250652741514,1.0199878861296183,-0.024444444444444446,0.04772727272727273,,
2014,4416,-0.003526645768025,-0.0008285004142501,-0.001564945226917,-0.0099947396107311,-0.003526645768025,0.0,1.0558213716108453,0.8656716417910447,1.151969981238274,1.0546975546975548,-0.05582137161084529,0.0781758957654723,,
2014,4417,-0.0268022181146025,0.0112359550561798,-0.0123231401186673,0.0055511498810467,-0.0268022181146025,0.0,1.0539130434782609,0.8656716417910447,1.1102514506769825,1.0562433675274143,-0.05391304347826087,0.05574912891986063,,
2014,4418,0.0119565217391304,0.0005336179295625,0.0038188761593016,-0.0079594790159189,0.0,0.0119565217391304,1.0934343434343434,0.9648829431438127,1.1449704142011834,1.0445682451253482,-0.09343434343434344,0.11886304909560723,,
2014,4419,-0.0015168752370117,-0.0035530990919857,-0.0007578628268283,-0.0149253731343284,-0.0015168752370117,0.0,1.0861344537815125,0.8605947955390335,1.1529126213592233,1.038265306122449,-0.0861344537815126,0.08842105263157894,,
2014,4420,-0.0104311543810848,-0.0070448646644419,-0.0017355085039916,-0.012230215827338,-0.0104311543810848,0.0,1.0657672849915683,0.8998527245949927,1.1274900398406376,1.106837606837607,-0.0657672849915683,0.1166077738515901,,
2014,4421,-0.026183282980866,-0.0133704735376044,-0.0168316831683168,0.0018075011296883,-0.026183282980866,0.0,1.0243478260869565,0.8853288364249579,1.1382765531062125,1.2929475587703436,-0.02434782608695652,0.03697183098591549,,
2014,4422,-0.0079333597778659,0.0109666937449228,0.0,-0.0179471032745591,-0.0079333597778659,0.0,1.0072463768115942,0.8210332103321033,1.126027397260274,1.0348837209302326,-0.007246376811594203,0.014598540145985401,,
2014,4423,-0.0002810567734682,0.0141583882647851,0.0041864622042429,-0.0154263852893989,-0.0002810567734682,0.0,1.0283468986808868,0.895473431008091,1.0997466751108296,1.02625456962446,-0.028346898680886894,0.05499568096746329,,
2014,4424,-0.0107142857142856,-0.0032498566239724,-0.007971656333038,0.0125477359519912,-0.0107142857142856,0.0,1.0494104435710274,0.9069995105237396,1.124031007751938,1.1059907834101383,-0.049410443571027515,0.07413793103448275,,
2014,4425,-0.0167357592507293,-0.0031540504648074,-0.0058006411234925,0.000362946004802,-0.0167357592507293,0.0,1.0699351117519826,0.9162011173184358,1.1631973355537053,1.0581246806336229,-0.06993511175198269,0.06227630637079456,,
2014,4426,-0.0135718692165329,-0.0182410423452769,-0.0145896656534953,-0.0119271814187068,-0.0135718692165329,0.0,1.0435897435897437,0.9172749391727494,1.1260744985673352,1.002824858757062,-0.04358974358974359,0.035623409669211195,,
2014,4427,-0.0231736056559308,-0.0039875941515286,-0.0070202808112324,-0.0034290612944706,-0.0231736056559308,0.0,1.045731707317073,0.8892307692307693,1.1892361111111112,1.080684596577017,-0.04573170731707317,0.00145985401459854,,
2014,5201,0.0012259910093992,0.0119292472233649,-0.0012244897959183,-0.006619688234038,0.0,0.0012259910093992,1.1124620060790273,0.821285140562249,1.2,1.0906862745098038,-0.11246200607902736,0.05172413793103448,,
2014,5202,0.001958157270947,0.0113115255273616,-0.003287108371854,-0.0061469411649917,0.0,0.001958157270947,1.0882040382571732,0.8738912456613961,1.176434299814929,1.0310344827586206,-0.08820403825717323,0.07393812270582066,,
2014,5203,-0.0010736525660296,-0.0058913375518219,-0.0025701434996787,-0.0278551532033426,-0.0010736525660296,0.0,1.361266294227188,0.9712230215827338,1.530612244897959,1.1306122448979592,-0.3612662942271881,0.08296296296296296,,
2014,5204,0.0061538461538461,0.0106157112526539,0.0051546391752577,-0.0170316301703162,0.0,0.0061538461538461,1.0158730158730158,0.7932960893854749,1.1759259259259258,1.0793201133144477,-0.015873015873015872,0.007874015748031496,,
2014,5205,-0.0038880248833592,-0.0031620553359683,0.0023382696804363,-0.005270092226614,-0.0038880248833592,0.0,1.1057692307692308,0.8955223880597015,1.2142857142857142,1.1011450381679388,-0.10576923076923077,0.04072398190045249,,
2014,5206,0.0006076564715413,0.0033174372797013,-0.0098275170477336,-0.0053178776290631,0.0,0.0006076564715413,1.0899550224887555,0.8194130925507901,1.2232142857142858,1.1850108616944244,-0.08995502248875563,0.061313868613138686,,
2014,5207,-0.0069108500345542,-0.0051603391079985,-0.0078848131642098,-0.0347334410339257,-0.0069108500345542,0.0,1.1761252446183954,0.9152276295133438,1.307511737089202,1.1152073732718895,-0.1761252446183953,0.07899461400359066,,
2014,5208,-0.0108621860149354,-0.0126394052044609,-0.0153743315508021,0.0119565217391304,-0.0108621860149354,0.0,1.0514705882352942,0.8797653958944281,1.2600896860986548,1.0934343434343434,-0.051470588235294115,0.017793594306049824,,
2014,5209,-0.0176245210727968,-0.0118543607112616,-0.0128593040847201,-0.0096232836521534,-0.0176245210727968,0.0,1.0274509803921568,0.8676923076923077,1.1598173515981736,1.0875211744776963,-0.027450980392156862,0.031496062992125984,,
2014,5210,0.0025670945157525,0.011090991398823,-0.0006996268656715,-0.0115348399246704,0.0,0.0025670945157525,1.162037037037037,0.8503767491926802,1.2204301075268817,1.3314500941619585,-0.16203703703703703,0.10572687224669604,,
2014,5211,0.0028908696699589,0.0048744820862782,-0.0024032684450853,0.0025670945157525,0.0,0.0028908696699589,1.0795454545454546,0.8116531165311653,1.2017353579175705,1.162037037037037,-0.07954545454545454,0.02888086642599278,,
2014,5212,-0.0096232836521534,-0.0056081754735792,-0.0062973760932945,-0.0135849056603774,-0.0096232836521534,0.0,1.0875211744776963,0.8687763713080169,1.1997363216875412,0.9705159705159705,-0.08752117447769622,0.05824175824175824,,
2014,5213,0.0110151830902054,0.0119555935098205,-0.0059189109203906,-0.0126777143892058,0.0,0.0110151830902054,1.2342105263157894,0.8641975308641975,1.2642642642642643,1.0584279108869272,-0.23421052631578948,0.11401425178147269,,
2014,5214,-0.0007812499999999,0.0304093567251462,0.0058939096267189,0.0061551433389543,-0.0007812499999999,0.0,1.281899109792285,0.941834451901566,1.2972972972972974,1.0832389580973953,-0.2818991097922849,0.125,,
2014,5215,-0.0039414414414414,0.0037523452157599,-0.0111358574610245,0.0030135610246107,-0.0039414414414414,0.0,1.060483870967742,0.8264705882352941,1.2634146341463415,1.1085714285714285,-0.06048387096774194,0.015444015444015444,,
2014,5216,0.0102764448596543,0.0162790697674417,0.0080476007020247,-0.0135630498533724,0.0,0.0102764448596543,1.1462809917355372,0.8992306248827172,1.190611216131065,1.0483870967741935,-0.14628099173553719,0.10108494310664197,,
2014,5217,0.0054644808743169,0.0158730158730158,0.0144124168514412,-0.0120264582080577,0.0,0.0054644808743169,1.2330827067669172,0.9304556354916067,1.3273542600896862,1.0372492836676217,-0.23308270676691728,0.10810810810810811,,
2014,5218,0.0009049773755656,-0.017447199265381,0.0036330608537693,-0.0015168752370117,0.0,0.0009049773755656,1.0330188679245282,0.8362989323843416,1.1978609625668448,1.0861344537815125,-0.0330188679245283,-0.022321428571428572,,
2014,5219,0.0041538461538461,0.0063214930764599,0.000615763546798,-0.0123456790123457,0.0,0.0041538461538461,1.1699410609037328,0.9121395036887995,1.2961222091656874,1.0775788576300085,-0.16994106090373282,0.07978241160471441,,
2014,5220,-0.0104965684295518,-0.0030823425803611,-0.0131474103585657,0.0,-0.0104965684295518,0.0,1.1490280777537798,0.9782244556113903,1.2402912621359223,1.0213675213675213,-0.1490280777537797,0.0410958904109589,,
2014,5221,-0.0009074410163338,0.022615535889872,0.0045578851412944,-0.0108621860149354,-0.0009074410163338,0.0,1.03,0.8745387453874539,1.1676300578034682,1.0514705882352942,-0.03,0.019801980198019802,,
2014,5301,-0.0099553724682458,-0.0048409405255878,0.0107564191533657,-0.0153100775193798,-0.0099553724682458,0.0,1.2891891891891891,0.9376181474480151,1.4322580645161291,1.1420479302832245,-0.2891891891891892,0.07432432432432433,,
2014,5302,-0.0052014165559982,-0.0063999999999999,0.0035539760106619,-0.0135338345864661,-0.0052014165559982,0.0,1.1556372549019607,0.9317507418397626,1.2746628814762242,1.0524017467248907,-0.1556372549019608,0.05011135857461024,,
2014,5303,-0.016453382084095,-0.0270444301352221,-0.0185406698564593,0.0001671402306535,-0.016453382084095,0.0,1.037037037037037,0.9496221662468514,1.0748299319727892,1.045351939257131,-0.037037037037037035,0.06329113924050633,,
2014,5304,-0.0116424116424116,-0.0052242054854158,0.0088087248322148,-0.016572077185017,-0.0116424116424116,0.0,1.0721153846153846,0.8742857142857143,1.2134831460674158,1.045,-0.07211538461538461,0.032407407407407406,,
2014,5305,-0.0073413738856843,-0.0016304347826087,-0.0041775456919059,-0.01156271899089,-0.0073413738856843,0.0,1.0874125874125875,0.853185595567867,1.1566265060240963,1.1314387211367674,-0.08741258741258741,0.0798611111111111,,
2014,5306,-0.012230215827338,-0.0109803921568627,-0.0106761565836298,-0.0113547376664056,-0.012230215827338,0.0,1.106837606837607,0.8895705521472392,1.188118811881188,1.0583333333333333,-0.10683760683760683,0.07916666666666666,,
2014,5307,-0.0199128811449906,0.0085245901639343,0.0018703241895261,-0.0054835493519441,-0.0199128811449906,0.0,1.144736842105263,0.8927335640138409,1.2371134020618557,1.1425438596491229,-0.14473684210526316,0.0875,,
2014,5308,-0.0197767145135566,-0.0102364984115778,-0.0019102196752626,-0.0089361702127659,-0.0197767145135566,0.0,1.2476635514018692,0.9647266313932981,1.3315363881401616,1.0115163147792707,-0.24766355140186916,0.08097165991902834,,
2014,5309,-0.0093489716131225,-0.0042933195947105,-0.0047369311453222,0.0013333333333334,-0.0093489716131225,0.0,1.113744075829384,0.8796445880452343,1.1885964912280702,1.1013153773880364,-0.11374407582938388,0.08394833948339483,,
2014,5310,-0.0060279187817259,-0.009367681498829,0.0012706480304955,-0.0018808777429467,-0.0060279187817259,0.0,1.1385542168674698,0.9618441971383148,1.2285067873303168,1.1245614035087719,-0.13855421686746988,0.04419889502762431,,
2014,5311,0.003188775510204,0.0114942528735633,0.0031989763275752,-0.0001493986703517,0.0,0.003188775510204,1.151639344262295,0.8835227272727273,1.2169811320754718,1.1006148686416992,-0.15163934426229508,0.08914728682170543,,
2014,5312,-0.0071761750986724,0.0070318282753516,-0.0081850533807829,-0.026183282980866,-0.0071761750986724,0.0,1.0763723150357996,0.8745704467353952,1.2090395480225988,1.0243478260869565,-0.07637231503579953,0.053738317757009345,,
2014,5313,-0.0094040058622374,-0.0042210283960092,-0.0096758587324624,-0.0033745781777277,-0.0094040058622374,0.0,1.160919540229885,0.8921885087153002,1.2402234636871508,1.1590909090909092,-0.16091954022988506,0.06156156156156156,,
2014,5314,-0.0347334410339257,-0.0094991364421416,-0.0048231511254018,-0.0176220806794055,-0.0347334410339257,0.0,1.1152073732718895,0.8922558922558923,1.2032967032967032,1.0340632603406326,-0.1152073732718894,0.1050228310502283,,
2014,5315,0.0026050515347151,0.0106896738835531,0.0112822862379016,-0.0089912280701753,0.0,0.0026050515347151,1.0799402316025402,0.8709167544783983,1.1954120645709432,1.0731707317073171,-0.07994023160254016,0.02736318407960199,,
2014,5316,-0.0077757315326376,0.0,-0.0099270664505672,-0.003526645768025,-0.0077757315326376,0.0,1.11375,0.8935762224352828,1.1630276564774382,1.0558213716108453,-0.11375,0.11514392991239049,,
2014,5317,-0.0029995385325334,0.0061099796334012,0.0081414282391254,-0.0306324110671937,-0.0029995385325334,0.0,1.1308724832214765,0.8968446601941747,1.2417582417582418,1.0476190476190477,-0.13087248322147652,-0.0058997050147492625,,
2014,5318,-0.0065339141257,0.0121784137616074,0.0078394481028536,-0.0089029293509477,-0.0065339141257,0.0,1.1651270207852193,0.8851884312007011,1.2585751978891822,1.1111111111111112,-0.1651270207852194,0.057651991614255764,,
2014,5319,0.0023663038334122,-0.0069897483690587,0.006190476190476,-0.0093489716131225,0.0,0.0023663038334122,1.0746268656716418,0.8525798525798526,1.2837837837837838,1.113744075829384,-0.07462686567164178,0.010526315789473684,,
2014,7501,-0.0043934586282645,-0.0012774655084312,-0.0065470417070805,-0.0171730515191546,-0.0043934586282645,0.0,1.0652866242038217,0.9,1.160427807486631,1.0845588235294117,-0.06528662420382166,0.027649769585253458,,
2014,7502,-0.007355399531929,0.0040976305006235,-0.0112396694214875,-0.0016435615263684,-0.007355399531929,0.0,1.0667209113100082,0.9007042253521127,1.1524822695035462,1.0921658986175116,-0.06672091131000814,0.008461538461538461,,
2014,7503,0.0033380622548611,0.0059255747807538,0.0080760494658029,0.0086100861008611,0.0,0.0033380622548611,1.165860400829302,0.9036654135338346,1.2338957055214723,1.056896551724138,-0.165860400829302,0.048477315102548164,,
2014,7504,-0.0118694362017803,-0.0071428571428571,-0.0088235294117646,-0.007318348144276,-0.0118694362017803,0.0,1.0813953488372092,0.9461426491994177,1.1220825852782765,1.0820189274447949,-0.08139534883720931,0.0416,,
2014,7505,0.0100069448828841,0.0181854459424792,0.0152228952344326,0.0109023428438876,0.0,0.0100069448828841,1.106669157481786,0.9113124656781988,1.1554543572759264,1.2536656891495601,-0.10666915748178592,0.061268362594052314,,
2014,7506,-0.0114096429885903,-0.0086614173228346,-0.0058543724844493,-0.0208268573204849,-0.0114096429885903,0.0,1.032994923857868,0.8107606679035251,1.2,1.1872909698996656,-0.03299492385786802,0.012437810945273632,,
2014,7507,-0.0131645569620253,0.0028970239662891,-0.013732833957553,0.0107614766380601,-0.0131645569620253,0.0,1.032733224222586,0.8893617021276595,1.1746641074856046,1.062586926286509,-0.03273322422258593,0.03104575163398693,,
2014,7508,-0.0149253731343284,-0.024,-0.0044576523031203,-0.0105177993527507,-0.0149253731343284,0.0,1.038265306122449,0.8119834710743802,1.1620111731843576,1.0504731861198737,-0.03826530612244898,-0.021634615384615384,,
2014,7509,-0.0129012901290128,0.0027837921435198,0.00210463018641,-0.0116175156389634,-0.0129012901290128,0.0,1.1669691470054446,0.9667630057803468,1.263157894736842,1.0149532710280373,-0.16696914700544466,0.030448717948717948,,
2014,7510,-0.0031208203299153,-0.010531032937486,-0.0037752609371529,0.0077720207253886,-0.0031208203299153,0.0,1.1678726483357453,0.9196704428424305,1.228855721393035,1.1277258566978192,-0.1678726483357453,0.08906882591093117,,
2014,7511,-0.0179451090781139,-0.0099088386841061,-0.0206753962784286,-0.0044683926928636,-0.0179451090781139,0.0,1.0666666666666667,0.9097472924187726,1.1257995735607675,1.0726495726495726,-0.06666666666666667,0.030303030303030304,,
2014,7512,-0.0035419126328217,0.0065586419753085,-0.0014409221902017,-0.0071761750986724,-0.0035419126328217,0.0,1.175284837861525,0.9157340355497038,1.2540816326530613,1.0763723150357996,-0.175284837861525,0.09113100081366965,,
2014,7513,0.0109023428438876,0.0069944891903348,0.0110225140712945,-0.0064056939501779,0.0,0.0109023428438876,1.2536656891495601,0.9751295336787564,1.3488773747841105,1.1049935979513443,-0.2536656891495601,0.09475032010243278,,
2014,7514,-0.0073937153419593,0.0130694548170275,-0.0091575091575091,0.0031276656241114,-0.0073937153419593,0.0,1.1234119782214156,0.9386920980926431,1.1558704453441295,1.0698135660452202,-0.12341197822141561,0.0840630472854641,,
2014,7515,-0.0044136191677175,0.0018575851393189,0.0160153747597693,0.0021563342318058,-0.0044136191677175,0.0,1.2804878048780488,1.048780487804878,1.2876254180602007,1.0831600831600832,-0.2804878048780488,0.09090909090909091,,
2014,7516,-0.0033745781777277,0.0059238363892806,0.0113765642775882,0.0,-0.0033745781777277,0.0,1.1590909090909092,1.0115062761506277,1.1961932650073206,1.0296803652968036,-0.1590909090909091,0.06119951040391677,,
2014,7517,-0.0078391705651789,-0.0005401026194976,-0.0148231190832087,-0.0183986371379897,-0.0078391705651789,0.0,1.0364912280701755,0.8975640224859462,1.0921766072811774,1.0522875816993464,-0.036491228070175435,0.0475177304964539,,
2014,7518,-0.0131375579598145,0.0016666666666667,-0.0114591291061879,-0.0002810567734682,-0.0131375579598145,0.0,1.0972850678733033,1.0075329566854991,1.2046035805626598,1.0283468986808868,-0.09728506787330317,0.029723991507430998,,
2014,7519,-0.0118757612667478,-0.0078864353312302,-0.0138138138138138,-0.0073701240337946,-0.0118757612667478,0.0,1.0527306967984935,0.8704512372634643,1.0920245398773005,1.1331047381546135,-0.05273069679849341,0.04681647940074907,,
2014,7520,-0.0108674175064216,-0.0050125313283208,-0.0132579450185221,-0.0199128811449906,-0.0108674175064216,0.0,1.074390243902439,0.8707692307692307,1.1646090534979423,1.144736842105263,-0.07439024390243902,0.03769140164899882,,
2014,7521,-0.0054428500742206,-0.0081124932395889,-0.0155869459327813,-0.0158102766798419,-0.0054428500742206,0.0,1.1409691629955947,0.9832775919732442,1.1886792452830188,1.0292580982236155,-0.14096916299559473,0.027777777777777776,,
2014,7522,-0.0160140397060436,-0.0038220986796386,-0.0056712836732467,0.0052083333333332,-0.0160140397060436,0.0,1.0700389105058365,0.8829452485840151,1.1009490940465918,1.0678336980306347,-0.07003891050583658,0.07758620689655173,,
2014,7523,-0.0111760660247592,-0.0054674685620558,-0.0195549561699258,-0.002686366689053,-0.0111760660247592,0.0,1.0975103734439835,0.9007832898172323,1.1240223463687151,1.0263157894736843,-0.0975103734439834,0.05168986083499006,,
2014,7524,-0.0098801211961533,-0.0063977746870653,-0.0036750229688935,-0.0078671328671329,-0.0098801211961533,0.0,1.070069204152249,0.8750862663906143,1.162162162162162,1.0827067669172932,-0.07006920415224914,0.027408637873754152,,
2014,7525,-0.0122797650827549,0.0056148231330712,-0.0042530568846358,-0.0231736056559308,-0.0122797650827549,0.0,1.0977443609022557,0.9029535864978903,1.244186046511628,1.045731707317073,-0.09774436090225563,0.02336448598130841,,
2014,7526,-0.0115348399246704,-0.0068846815834767,-0.0004705882352941,-0.0098801211961533,-0.0115348399246704,0.0,1.3314500941619585,0.9595959595959596,1.46,1.070069204152249,-0.3314500941619586,0.076103500761035,,
2014,7527,-0.0063626723223754,-0.0133101851851852,-0.0073684210526315,-0.0029934518241346,-0.0063626723223754,0.0,1.0461538461538462,0.8860103626943006,1.1457627118644067,1.0572478991596639,-0.046153846153846156,0.005917159763313609,,
2014,7528,-0.0018808777429467,-0.0035889070146818,0.0015698587127157,-0.0025756600128783,-0.0018808777429467,0.0,1.1245614035087719,0.9552447552447553,1.1797323135755258,1.049792531120332,-0.12456140350877193,0.03889789303079417,,
2014,7529,-0.000453514739229,-0.0123632905373276,-0.0009062075215224,-0.0290102389078498,-0.000453514739229,0.0,1.2661596958174905,0.9438775510204082,1.285140562248996,1.063157894736842,-0.2661596958174905,0.040625,,
2014,7530,-0.0278551532033426,-0.0079239302694136,0.0,-0.0202803459588428,-0.0278551532033426,0.0,1.1306122448979592,0.9150943396226415,1.1981981981981982,1.072992700729927,-0.1306122448979592,0.041353383458646614,,
2014,7531,-0.0106235565819861,-0.019771071800208,-0.0114155251141552,-0.0080742834073476,-0.0106235565819861,0.0,1.08203125,0.9226361031518625,1.2523364485981308,1.1858638743455496,-0.08203125,0.033582089552238806,,
2014,7532,-0.0182745431364216,0.0004734848484848,-0.019174656106711,0.0018094089264173,-0.0182745431364216,0.0,1.0864485981308412,0.9568480300187617,1.0581113801452784,1.1581632653061225,-0.08644859813084112,0.06407322654462243,,
2014,7601,-0.0014513788098693,-0.012043795620438,0.0014534883720929,-0.0196165849308961,-0.0014513788098693,0.0,1.3221238938053097,1.025516403402187,1.4353182751540041,1.1005291005291005,-0.32212389380530976,0.06866952789699571,,
2014,7602,-0.0012795905310301,0.0052589641434261,-0.0055670431048194,-0.0037225042301184,-0.0012795905310301,0.0,1.0559862187769165,0.9080056179775281,1.1168091168091168,1.0244360902255638,-0.05598621877691645,0.04251700680272109,,
2014,7603,-0.017644726407613,-0.0026920687512942,0.0009922603691208,0.0023663038334122,-0.017644726407613,0.0,1.1061946902654867,0.9528005034612964,1.18005540166205,1.0746268656716418,-0.10619469026548672,0.07589984350547731,,
2014,7604,-0.016572077185017,-0.0078624078624078,-0.0132168458781362,-0.0132158590308369,-0.016572077185017,0.0,1.045,0.9423631123919308,1.1583166332665331,1.0776699029126213,-0.045,0.0847750865051903,,
2014,7605,0.0018094089264173,-0.0129390018484288,-0.0089659294680215,-0.0129477772982304,0.0,0.0018094089264173,1.1581632653061225,0.9530332681017613,1.2258064516129032,1.1029900332225913,-0.15816326530612246,0.0861244019138756,,
2014,7606,-0.0016020506247997,0.0012974375608174,0.0004808462894694,-0.0114096429885903,-0.0016020506247997,0.0,1.1494736842105264,0.9717129387113672,1.2140077821011672,1.032994923857868,-0.14947368421052631,0.05,,
2014,7607,-0.0276898734177215,-0.0093896713615023,-0.0201550387596899,-0.0091096091683808,-0.0276898734177215,0.0,1.1065375302663438,0.94106463878327,1.172872340425532,1.067067067067067,-0.10653753026634383,0.036281179138321996,,
2014,7608,-0.0123456790123457,0.0023564695801199,-0.0032277587250353,-0.000453514739229,-0.0123456790123457,0.0,1.0775788576300085,0.9539622641509434,1.1710398445092323,1.2661596958174905,-0.07757885763000852,0.04896265560165975,,
2014,7609,-0.0142011834319526,-0.0064808813998703,-0.0225563909774436,-0.0122797650827549,-0.0142011834319526,0.0,1.0101010101010102,1.0440613026819923,1.1140350877192982,1.0977443609022557,-0.010101010101010102,0.049868766404199474,,
2014,7610,-0.0097109304426377,-0.0031325301204819,-0.016873889875666,-0.0049392097264437,-0.0097109304426377,0.0,1.0525672371638142,0.8882921589688507,1.1099050203527816,1.1364705882352941,-0.05256723716381418,0.05256723716381418,,
2014,7611,-0.0113547376664056,-0.0091264667535854,-0.010844306738962,-0.0104311543810848,-0.0113547376664056,0.0,1.0583333333333333,0.9481641468682506,1.1451104100946372,1.0657672849915683,-0.058333333333333334,0.049586776859504134,,
2014,7612,-0.011111111111111,-0.0036242826940501,-0.0180878552971576,-0.0045470444211263,-0.011111111111111,0.0,1.0507343124165553,0.9232456140350878,1.1500765696784074,1.1474358974358974,-0.050734312416555405,0.047936085219707054,,
2014,7613,-0.0075250836120401,-0.0103370786516854,-0.0016694490818029,-0.0082824760244114,-0.0075250836120401,0.0,1.1945945945945946,0.92578125,1.3375796178343948,1.168458781362007,-0.1945945945945946,0.05238095238095238,,
2014,7614,-0.0024425989252564,-0.0178389398572884,-0.0082364341085271,-0.0104965684295518,-0.0024425989252564,0.0,1.1573033707865168,1.0,1.3318385650224216,1.1490280777537798,-0.15730337078651685,0.04040404040404041,,
2014,7615,-0.0036504187245007,0.0042444821731748,0.0025834230355221,0.0006076564715413,-0.0036504187245007,0.0,1.0241691842900302,0.9208400646203554,1.1044600938967135,1.0899550224887555,-0.02416918429003021,0.08076514346439957,,
2014,7616,0.0054005823236591,0.0178602696550516,0.0068085106382977,0.0008781410429614,0.0,0.0054005823236591,1.1191765980498374,0.936395175945812,1.1800492610837439,1.0752525252525253,-0.11917659804983749,0.07806303485702358,,
2014,7617,-0.0068011788710042,-0.0101786926034833,-0.0118727598566308,-0.0172209026128266,-0.0068011788710042,0.0,1.1527638190954774,0.9585571757482733,1.2398609501738123,1.0830324909747293,-0.1527638190954774,0.07196261682242991,,
2014,7618,-0.0153100775193798,0.0130392156862744,-0.0006778348019753,-0.0276898734177215,-0.0153100775193798,0.0,1.1420479302832245,0.9692796610169492,1.2059565875820293,1.1065375302663438,-0.1420479302832244,0.09711176224361658,,
2014,7619,-0.0174379610999328,-0.0232067510548523,-0.0073235685752329,0.0022925263640531,-0.0174379610999328,0.0,1.1736842105263159,0.9215017064846417,1.2514619883040936,1.0333333333333334,-0.1736842105263158,0.04205607476635514,,
2014,7620,-0.0010305483989694,0.0088376273217496,-0.0043972150971051,-0.0094258783204798,-0.0010305483989694,0.0,1.2032604925424906,0.9968003937976865,1.2937201907790143,1.0710659898477157,-0.20326049254249046,0.06574500768049155,,
2014,7621,-0.006619688234038,-0.0040124832813196,-0.0050987890376035,-0.0197767145135566,-0.006619688234038,0.0,1.0906862745098038,0.9028776978417267,1.2774390243902438,1.2476635514018692,-0.09068627450980392,0.06205250596658711,,
2014,7622,0.0011929615269907,-0.0103292446739832,-0.0155607751027598,-0.0094040058622374,0.0,0.0011929615269907,1.0438729198184569,0.9305912596401028,1.1109243697478992,1.160919540229885,-0.04387291981845688,0.04387291981845688,,
2014,7623,-0.0097465886939571,-0.0042112082928409,-0.0022690437601297,-0.0160981218857799,-0.0097465886939571,0.0,1.1662049861495845,0.927023945267959,1.1732283464566928,1.0483460559796438,-0.16620498614958448,0.13020134228187918,,
2014,7624,-0.0099667774086378,-0.0262753534111862,-0.0097326936257711,-0.011111111111111,-0.0099667774086378,0.0,1.1414868105515588,0.8704156479217604,1.2186088527551941,1.0507343124165553,-0.14148681055155876,0.05856189770200148,,
2014,7625,0.0013333333333334,0.0104820643305583,0.0058602291611999,0.0028908696699589,0.0,0.0013333333333334,1.1013153773880364,0.9613168724279836,1.133250532292406,1.0795454545454546,-0.10131537738803632,0.10114294661030218,,
2014,8401,0.0048024012006002,0.0044860542227422,0.0062418201953085,-0.0078391705651789,0.0,0.0048024012006002,1.1105675146771037,0.9102067183462532,1.1686232657417288,1.0364912280701755,-0.11056751467710371,0.0365296803652968,,
2014,8402,0.0036439354502864,-0.0032371189641219,0.0,-0.0007812499999999,0.0,0.0036439354502864,1.191977077363897,0.9742268041237113,1.2777777777777777,1.281899109792285,-0.19197707736389685,0.0639386189258312,,
2014,8403,-0.0073891625615764,-0.0008726003490401,-0.0177419354838709,-0.0065339141257,-0.0073891625615764,0.0,1.082437275985663,0.856687898089172,1.1578947368421053,1.1651270207852193,-0.08243727598566308,0.055944055944055944,,
2014,8404,-0.0094258783204798,0.0094258783204799,-0.0008561643835616,-0.0104712041884816,-0.0094258783204798,0.0,1.0710659898477157,0.8804780876494024,1.1590909090909092,1.0343655589123868,-0.07106598984771574,0.03431372549019608,,
2014,8405,-0.0016822144058724,0.0055773289116671,0.0086379762455652,0.0105356998135992,-0.0016822144058724,0.0,1.0571428571428572,0.8840349483717236,1.1417910447761195,1.0680576254346745,-0.05714285714285714,0.04793028322440087,,
2014,8406,0.0144717800289435,0.0197641587776116,0.0124542124542124,-0.0029995385325334,0.0,0.0144717800289435,1.0341796875,0.8764215314632298,1.1360691144708424,1.1308724832214765,-0.0341796875,0.006653992395437262,,
2014,8407,-0.0044683926928636,0.0078175895765473,0.0054175475687103,0.0005173305742369,-0.0044683926928636,0.0,1.0726495726495726,0.9024960998439937,1.1356132075471699,0.9649122807017544,-0.07264957264957266,0.04257528556593977,,
2014,8408,0.0105356998135992,0.0013727390180877,8.105041335704222e-05,-0.0131645569620253,0.0,0.0105356998135992,1.0680576254346745,0.8933177022274326,1.1317233809001097,1.032733224222586,-0.06805762543467461,0.04267701260911736,,
2014,8409,0.0031276656241114,-0.0079074031629612,-0.0010225529739249,0.0033380622548611,0.0,0.0031276656241114,1.0698135660452202,0.9132622853759621,1.1489832007073386,1.165860400829302,-0.06981356604522015,0.03770681031165833,,
2014,8410,0.0022925263640531,-0.0055274067250115,-0.0013736263736263,-0.0068011788710042,0.0,0.0022925263640531,1.0333333333333334,0.8176100628930818,1.0948275862068966,1.1527638190954774,-0.03333333333333333,-0.023622047244094488,,
2014,8411,-0.0050704225352112,-0.0197287299630086,0.0131278538812784,-0.0037950664136622,-0.0050704225352112,0.0,0.9754901960784313,0.9221311475409836,1.0852272727272727,1.026865671641791,0.024509803921568627,0.041884816753926704,,
2014,8412,-0.001685630004214,0.0084530853761624,0.0042319085907744,-0.0082926829268292,-0.001685630004214,0.0,1.0940438871473355,0.8727272727272727,1.1928571428571428,1.0657596371882085,-0.09404388714733543,0.04491017964071856,,
2014,8413,0.0005173305742369,-0.0197026688160487,0.0020736132711249,-0.0179451090781139,0.0,0.0005173305742369,0.9649122807017544,0.8740068104426788,1.0373665480427046,1.0666666666666667,0.03508771929824561,0.03773584905660377,,
2014,8414,-0.002686366689053,-0.0075940628236106,0.0077834179357021,0.0102764448596543,-0.002686366689053,0.0,1.0263157894736843,0.8302469135802469,1.181609195402299,1.1462809917355372,-0.02631578947368421,-0.013618677042801557,,
2014,8415,-0.001578947368421,-0.0204831932773109,0.0168584426010167,-0.0039414414414414,-0.001578947368421,0.0,1.1176470588235294,0.9481382978723404,1.1689497716894977,1.060483870967742,-0.11764705882352941,0.076171875,,
2014,8416,0.0107614766380601,0.0022870980761469,0.0201500833796552,-0.0100358422939068,0.0,0.0107614766380601,1.062586926286509,0.9632260760551609,1.1370839936608559,1.0471204188481675,-0.06258692628650904,0.06480836236933799,,
2014,8417,-0.0017706949977865,-0.0166898470097357,-0.0178260869565217,-0.0182745431364216,-0.0017706949977865,0.0,1.0896739130434783,0.8857142857142857,1.13595166163142,1.0864485981308412,-0.08967391304347826,0.06648936170212766,,
2014,8418,0.0083128078817733,-0.0158478605388272,0.0024691358024691,-0.0100273473108477,0.0,0.0083128078817733,1.033457249070632,0.9128329297820823,1.0995670995670996,1.104,-0.03345724907063197,0.09448818897637795,,
2014,8419,-0.0089029293509477,-0.0113951339698182,-0.0014338973329509,0.0063920137078148,-0.0089029293509477,0.0,1.1111111111111112,0.8931860036832413,1.1896103896103896,1.0581116565818016,-0.1111111111111111,0.09170305676855896,,
2014,8420,-0.0129477772982304,0.0114487010127697,0.0,-0.0129240710823909,-0.0129477772982304,0.0,1.1029900332225913,0.9159891598915989,1.220532319391635,1.0968188105117567,-0.10299003322259136,0.03426791277258567,,
2014,8421,0.0044031830238726,0.0142269996838444,0.0130233058058506,-0.0135718692165329,0.0,0.0044031830238726,1.0619353304802663,0.9111347141086918,1.1289379237006514,1.0435897435897437,-0.06193533048026629,0.05180737077593312,,
2014,8422,-0.005270092226614,0.0072823568354849,0.0039682539682539,0.0144717800289435,-0.005270092226614,0.0,1.1011450381679388,0.9394812680115274,1.1712473572938689,1.0341796875,-0.10114503816793893,0.04151624548736462,,
2014,8423,-0.01156271899089,-0.005181347150259,-0.0151828847481021,-0.0055292259083727,-0.01156271899089,0.0,1.1314387211367674,0.8994334277620396,1.140952380952381,1.0357941834451903,-0.13143872113676733,0.06343906510851419,,
2014,8424,-0.0034290612944706,-0.0097132284921369,-0.0139475908706677,0.0061538461538461,-0.0034290612944706,0.0,1.080684596577017,0.8613678373382625,1.1465968586387434,1.0158730158730158,-0.08068459657701711,0.0091324200913242,,
2014,8425,-0.0069112174375332,0.0033482142857141,0.0085790884718499,-0.0116424116424116,-0.0069112174375332,0.0,1.0359712230215827,0.7536585365853659,1.1317829457364341,1.0721153846153846,-0.03597122302158273,-0.0136986301369863,,
2014,8426,-0.0124668435013262,-0.0069384215091067,-0.0117955439056356,-0.0073891625615764,-0.0124668435013262,0.0,1.0416,0.8895184135977338,1.1597845601436265,1.082437275985663,-0.0416,0.007739938080495356,,
2014,8427,-0.0135630498533724,0.0123780945236309,-0.0047427946005107,-0.0052014165559982,-0.0135630498533724,0.0,1.0483870967741935,0.8996655518394648,1.1705607476635513,1.1556372549019607,-0.04838709677419355,0.03792415169660679,,
2014,8428,-0.0155929963660389,0.0012035398230088,-0.0044728014207722,-0.0142247510668562,-0.0155929963660389,0.0,1.065166795965865,0.8916744042092232,1.158493870402802,1.053125,-0.06516679596586501,0.03779289493575208,,
2014,8429,-0.0105263157894737,-0.0195272353545734,0.0019175455417066,-0.0122618786949857,-0.0105263157894737,0.0,1.073394495412844,0.8632478632478633,1.2291666666666667,1.0266836086404065,-0.07339449541284404,-0.00847457627118644,,
2014,8430,0.0,-0.0108459869848156,0.0033921302578019,-0.009568812758417,0.0,0.0,1.0321100917431192,0.8647686832740213,1.150259067357513,1.0662130332373725,-0.03211009174311927,0.013513513513513514,,
2014,8431,0.001720775496157,0.0065314541079408,0.0033379373848987,-0.0145243282498184,0.0,0.001720775496157,1.097457627118644,0.9488296135002722,1.202211690363349,1.1310679611650485,-0.09745762711864407,0.02102496714848883,,
2014,8432,-0.0026406126221283,-0.0039648824695553,-0.0034210526315789,-0.0128266033254156,-0.0026406126221283,0.0,1.06797583081571,0.8694117647058823,1.1481481481481481,1.0676229508196722,-0.06797583081570997,0.036656891495601175,,
2014,8433,0.0,0.0047763095048558,0.0105078809106831,0.007132667617689,0.0,0.0,1.0913461538461537,0.9540400296515937,1.208695652173913,1.0716194548369855,-0.09134615384615384,0.02068345323741007,,
2014,8434,-0.000796812749004,0.0124378109452736,0.0082345852580838,0.0012259910093992,-0.000796812749004,0.0,1.0755905511811024,0.8773690078037905,1.1932021466905187,1.1124620060790273,-0.07559055118110236,0.0239880059970015,,
2014,8435,-0.0051996672212978,0.0047373841400617,0.0122105263157894,-0.0147161878065872,-0.0051996672212978,0.0,1.0199203187250996,0.882229232386961,1.1388888888888888,1.0789844851904091,-0.0199203187250996,-0.014120667522464698,,
2014,9301,-0.0001493986703517,0.0140756741690475,0.011408280447265,-0.0176245210727968,-0.0001493986703517,0.0,1.1006148686416992,0.9320557491289199,1.1479179614667496,1.0274509803921568,-0.10061486864169927,0.0660530590146183,,
2014,9302,-0.0157952069716775,-0.0273390036452004,-0.0021739130434782,-0.0073937153419593,-0.0157952069716775,0.0,1.04739336492891,0.9069767441860465,1.1396648044692737,1.1234119782214156,-0.04739336492890995,0.08333333333333333,,
2014,9303,-0.0122192866578599,0.0129623774897249,0.0043117744610281,-0.007355399531929,-0.0122192866578599,0.0,1.1714285714285715,0.9461722488038278,1.1672354948805461,1.0667209113100082,-0.17142857142857143,0.07894736842105263,,
2014,9304,-0.0067934006964662,-0.0075499971183217,-0.0005705482969133,0.001958157270947,-0.0067934006964662,0.0,1.1793258426966293,0.9555288461538461,1.2241292276627966,1.0882040382571732,-0.1793258426966292,0.08206185567010309,,
2014,9305,-0.0036511156186612,0.0080906148867314,0.0053017944535074,-0.0180394018514122,-0.0036511156186612,0.0,1.1583969465648856,1.0343283582089553,1.2641921397379912,1.0496957403651115,-0.15839694656488548,0.04835924006908463,,
2014,9306,0.0030135610246107,0.0036827890989443,0.001761006289308,0.0083128078817733,0.0,0.0030135610246107,1.1085714285714285,0.9649122807017544,1.1911764705882353,1.033457249070632,-0.10857142857142857,0.0644718792866941,,
2014,9307,-0.0049392097264437,-0.0076274588518667,-0.0086629001883239,-0.013248058474189,-0.0049392097264437,0.0,1.1364705882352941,0.9125,1.1640625,1.0991735537190082,-0.13647058823529412,0.08053691275167785,,
2014,9308,-0.0208268573204849,-0.00096215522771,-0.0080172679617638,-0.0034111781684597,-0.0208268573204849,0.0,1.1872909698996656,0.9528662420382166,1.2280373831775702,1.8860294117647058,-0.18729096989966554,0.0806697108066971,,
2014,9309,0.0018075011296883,0.0140398550724638,0.0075119508308671,-0.0069112174375332,0.0,0.0018075011296883,1.2929475587703436,1.0073891625615763,1.3247011952191234,1.0359712230215827,-0.29294755877034356,0.07518796992481203,,
2014,9310,0.0021563342318058,-0.0072524407252441,-0.0021516944593867,-0.0106235565819861,0.0,0.0021563342318058,1.0831600831600832,0.9287974683544303,1.148235294117647,1.08203125,-0.08316008316008316,0.06762295081967214,,
2014,9311,-0.0045470444211263,-0.006269592476489,0.0262024407753052,-0.0118110236220472,-0.0045470444211263,0.0,1.1474358974358974,0.9208074534161491,1.2116788321167884,1.0940170940170941,-0.14743589743589744,0.0783132530120482,,
2014,9312,0.000362946004802,0.0133644346871568,0.0005586904296328,-0.0248684839789574,0.0,0.000362946004802,1.0581246806336229,0.922216573462125,1.0962227736421284,1.015645371577575,-0.058124680633622895,0.041624748490945676,,
2014,9313,-0.0033524235228383,0.0106213489113118,0.0051951698960965,0.001720775496157,-0.0033524235228383,0.0,1.0750144258511252,0.9073482428115016,1.140655105973025,1.097457627118644,-0.07501442585112522,0.048986486486486486,,
2014,9314,-0.0080742834073476,-0.0078125,-0.0088035214085634,-0.0190930787589498,-0.0080742834073476,0.0,1.1858638743455496,0.9273356401384083,1.2202380952380953,1.0244444444444445,-0.18586387434554974,0.1048780487804878,,
2014,9315,-0.0073701240337946,-0.0012846983253039,-0.0068731589752745,-0.0118694362017803,-0.0073701240337946,0.0,1.1331047381546135,0.9207161125319693,1.19068255687974,1.0813953488372092,-0.13310473815461346,0.10251744009705793,,
2014,9316,-0.0066941297631307,0.0041472265422499,0.0109318063508589,-0.013352580295922,-0.0066941297631307,0.0,1.1287671232876713,0.9854166666666667,1.1921921921921923,1.0345821325648414,-0.12876712328767123,0.037783375314861464,,
2014,9317,-0.0034111781684597,-0.0032318879612173,0.0106072659771943,-0.0073413738856843,-0.0034111781684597,0.0,1.8860294117647058,1.0695187165775402,1.995744680851064,1.0874125874125875,-0.8860294117647058,0.09381663113006397,,
2014,9318,-0.0053178776290631,0.0021385799828914,0.0016758439071102,-0.0099667774086378,-0.0053178776290631,0.0,1.1850108616944244,0.935811792041824,1.2067460317460317,1.1414868105515588,-0.18501086169442432,0.076290693850707,,
2015,51,-0.0250862339291313,-0.0250862339291313,-0.0220791168353265,-0.0009933774834437,-0.0250862339291313,0.0,1.0649819494584838,1.0649819494584838,1.071969696969697,1.1461675579322639,-0.06498194945848375,0.04240282685512368,,
2015,52,-0.0006860278984678,-0.0006860278984678,0.0115660421003931,-0.0048355899419729,-0.0006860278984678,0.0,1.2476744186046511,1.2476744186046511,1.1841491841491842,1.0740740740740742,-0.24767441860465117,0.05610236220472441,,
2015,53,0.0024816573154942,0.0024816573154942,0.001296456352636,-0.0165289256198346,0.0,0.0024816573154942,1.1274065685164212,1.1274065685164212,1.0843023255813953,1.1022727272727273,-0.1274065685164213,0.06756032171581769,,
2015,54,-0.0023115220483641,-0.0023115220483641,-0.0147161878065872,-0.0026743468422135,-0.0023115220483641,0.0,1.0786593707250343,1.0786593707250343,1.0789844851904091,1.1261398176291793,-0.0786593707250342,0.03071895424836601,,
2015,55,-0.0135338345864661,-0.0135338345864661,-0.0054835493519441,-0.0038934426229507,-0.0135338345864661,0.0,1.1484536082474226,1.1484536082474226,1.1425438596491229,1.1072891072891073,-0.14845360824742268,0.0690978886756238,,
2015,56,-0.0223564954682778,-0.0223564954682778,-0.0172209026128266,-0.0061674008810572,-0.0223564954682778,0.0,1.0928571428571427,1.0928571428571427,1.0830324909747293,1.0687732342007434,-0.09285714285714286,0.02,,
2015,57,-0.0114623133032303,-0.0114623133032303,-0.0058701657458563,-0.0041472265422498,-0.0114623133032303,0.0,1.0679012345679013,1.0679012345679013,1.056555269922879,1.1306532663316582,-0.06790123456790123,0.052311435523114354,,
2015,58,-0.0111607142857143,-0.0111607142857143,-0.0132158590308369,-0.0237005117155938,-0.0111607142857143,0.0,1.1157635467980296,1.1157635467980296,1.0776699029126213,1.0508474576271187,-0.11576354679802955,0.02027027027027027,,
2015,59,-0.0073025005532197,-0.0073025005532197,-0.0089912280701753,0.0053992036174663,-0.0073025005532197,0.0,1.1412520064205458,1.1412520064205458,1.0731707317073171,1.0675349734684032,-0.14125200642054575,0.07727272727272727,,
2015,60,-0.0237005117155938,-0.0237005117155938,-0.0236655272153563,-0.0033652143110166,-0.0237005117155938,0.0,1.0508474576271187,1.0508474576271187,1.0619718309859154,1.0758263123784835,-0.05084745762711865,-0.013262599469496022,,
2015,61,-0.021639344262295,-0.021639344262295,-0.0116655865197666,-0.0140030441400303,-0.021639344262295,0.0,1.0742049469964665,1.0742049469964665,1.1102661596958174,1.0480225988700564,-0.07420494699646643,0.0410958904109589,,
2015,62,-0.004,-0.004,-0.0146396396396396,-0.0188026799221957,-0.004,0.0,1.0817941952506596,1.0817941952506596,1.0785907859078592,1.0829326923076923,-0.08179419525065963,0.03015075376884422,,
2015,63,-0.0138888888888888,-0.0138888888888888,-0.013248058474189,-0.0019102196752626,-0.0138888888888888,0.0,1.1535269709543567,1.1535269709543567,1.0991735537190082,1.103321033210332,-0.15352697095435686,0.045112781954887216,,
2015,64,-0.0097686375321336,-0.0097686375321336,0.0077720207253886,0.008764164305949,-0.0097686375321336,0.0,1.1561561561561562,1.1561561561561562,1.1277258566978192,1.0676426047450782,-0.15615615615615616,0.06353591160220995,,
2015,1101,0.0111987381703471,0.0111987381703471,0.0055511498810467,-0.0153465346534653,0.0,0.0111987381703471,1.0565143824027072,1.0565143824027072,1.0562433675274143,1.1046831955922864,-0.05651438240270728,0.04554588077695914,,
2015,1102,-0.0302622730329522,-0.0302622730329522,-0.0106453759148369,-0.0156532209512342,-0.0302622730329522,0.0,1.064724919093851,1.064724919093851,1.0905923344947734,1.1299019607843137,-0.06472491909385113,0.051118210862619806,,
2015,1103,-0.0101757631822386,-0.0101757631822386,-0.0221619176843057,-0.0111607142857143,-0.0101757631822386,0.0,1.054862842892768,1.054862842892768,1.0805194805194804,1.1157635467980296,-0.05486284289276808,0.016826923076923076,,
2015,1104,0.0151828847481021,0.0151828847481021,0.0028549182455228,-0.0036399484340639,0.0,0.0151828847481021,1.0491573033707866,1.0491573033707866,1.0663399924613646,1.0779954785229842,-0.04915730337078652,0.05620360551431601,,
2015,1105,-0.0024791525805724,-0.0024791525805724,-0.0120240480961923,-0.0107152669658393,-0.0024791525805724,0.0,1.0686046511627907,1.0686046511627907,1.0758873929008568,1.0563153660498794,-0.0686046511627907,0.04550625711035267,,
2015,1106,0.008764164305949,0.008764164305949,0.007132667617689,-0.0099502487562188,0.0,0.008764164305949,1.0676426047450782,1.0676426047450782,1.0716194548369855,1.1218487394957983,-0.06764260474507824,0.05486284289276808,,
2015,1107,0.0012297097884899,0.0012297097884899,-0.0082926829268292,-0.0015392508978963,0.0,0.0012297097884899,1.0495156081808397,1.0495156081808397,1.0657596371882085,1.1116584564860428,-0.04951560818083961,0.03723404255319149,,
2015,1108,0.003095238095238,0.003095238095238,0.0016694490818029,0.0003513703443429,0.0,0.003095238095238,1.0556173526140156,1.0556173526140156,1.0419091967403957,1.0281923714759535,-0.05561735261401557,0.060335195530726256,,
2015,1109,0.0051855087054364,0.0051855087054364,0.0063920137078148,-0.0100316789862724,0.0,0.0051855087054364,1.0537669027688346,1.0537669027688346,1.0581116565818016,1.0525547445255474,-0.053766902768834515,0.059451877427708244,,
2015,1110,-0.0009208103130755,-0.0009208103130755,-0.0100273473108477,-0.0009208103130755,-0.0009208103130755,0.0,1.0636704119850187,1.0636704119850187,1.104,1.0636704119850187,-0.06367041198501873,0.028985507246376812,,
2015,1111,-0.0048491379310344,-0.0048491379310344,0.0125477359519912,-0.0087357437515166,-0.0048491379310344,0.0,1.092511013215859,1.092511013215859,1.1059907834101383,0.994026284348865,-0.09251101321585903,0.03333333333333333,,
2015,1112,0.0246997389033942,0.0246997389033942,0.0152149711074589,-0.0058102001291155,0.0,0.0246997389033942,1.052398654629138,1.052398654629138,1.0547610086563795,1.0794979079497908,-0.0523986546291379,0.060660124888492414,,
2015,1113,0.0082963211262885,0.0082963211262885,0.0061551433389543,-0.0002255299954894,0.0,0.0082963211262885,1.0802110817941952,1.0802110817941952,1.0832389580973953,1.3098106712564543,-0.08021108179419525,0.07004704652378463,,
2015,1114,0.0033600097745738,0.0033600097745738,0.0022654910604946,-0.0070120763537202,0.0,0.0033600097745738,1.067202141900937,1.067202141900937,1.0765247410817032,1.1028277634961439,-0.06720214190093708,0.06520577231427044,,
2015,1115,0.0053992036174663,0.0053992036174663,0.0008781410429614,0.0082963211262885,0.0,0.0053992036174663,1.0675349734684032,1.0675349734684032,1.0752525252525253,1.0802110817941952,-0.06753497346840329,0.03945514325974636,,
2015,2401,-0.000233808744447,-0.000233808744447,-0.0129240710823909,-0.0118870728083209,-0.000233808744447,0.0,1.116,1.116,1.0968188105117567,1.0479233226837061,-0.116,0.05548549810844893,,
2015,2402,-0.0113378684807256,-0.0113378684807256,-0.0142247510668562,-0.0254833040421792,-0.0113378684807256,0.0,1.0898760330578512,1.0898760330578512,1.053125,1.0580204778156996,-0.08987603305785125,0.043521266073194856,,
2015,2403,-0.0046325542219414,-0.0046325542219414,-0.0071085093037842,-0.0059405940594059,-0.0046325542219414,0.0,1.0841638981173864,1.0841638981173864,1.0724971231300344,1.0831024930747923,-0.08416389811738649,0.05042918454935622,,
2015,2404,-0.0023904382470119,-0.0023904382470119,-0.0118110236220472,0.0028694404591105,-0.0023904382470119,0.0,1.088,1.088,1.0940170940170941,1.0527472527472528,-0.088,0.0625,,
2015,2405,-0.0156340474811812,-0.0156340474811812,-0.0044196771714065,-0.006732873253661,-0.0156340474811812,0.0,1.0551948051948052,1.0551948051948052,1.0604332953249715,1.0496688741721854,-0.05519480519480519,0.04838709677419355,,
2015,2406,-0.0196656833824975,-0.0196656833824975,-0.0164410058027079,-0.0060864272671941,-0.0196656833824975,0.0,1.2058823529411764,1.2058823529411764,1.2038216560509554,1.0862068965517242,-0.20588235294117646,0.08465608465608465,,
2015,2407,-0.0199284619315278,-0.0199284619315278,-0.0076064908722109,-0.0030581039755351,-0.0199284619315278,0.0,1.1495098039215685,1.1495098039215685,1.114713216957606,1.1502890173410405,-0.14950980392156862,0.049217002237136466,,
2015,2408,-0.0058953574060427,-0.0058953574060427,-0.0145243282498184,-0.0008745080891998,-0.0058953574060427,0.0,1.128440366972477,1.128440366972477,1.1310679611650485,1.085987261146497,-0.12844036697247707,0.055793991416309016,,
2015,2409,-0.0029175784099197,-0.0029175784099197,-0.0079594790159189,-0.0069930069930069,-0.0029175784099197,0.0,1.0671140939597314,1.0671140939597314,1.0445682451253482,1.0885311871227363,-0.06711409395973154,0.06,,
2015,2410,-0.0030024394820792,-0.0030024394820792,-0.0029934518241346,0.0033085194375517,-0.0030024394820792,0.0,1.078999018645731,1.078999018645731,1.0572478991596639,1.0683453237410072,-0.07899901864573111,0.09239940387481371,,
2015,2411,-0.0118870728083209,-0.0118870728083209,-0.0044378698224851,-0.0224078997341435,-0.0118870728083209,0.0,1.0479233226837061,1.0479233226837061,1.0641891891891893,1.100204498977505,-0.04792332268370607,0.04126984126984127,,
2015,2412,-0.0194003527336861,-0.0194003527336861,-0.0117647058823529,0.002660753880266,-0.0194003527336861,0.0,1.1160493827160494,1.1160493827160494,1.1214470284237725,1.1131105398457584,-0.11604938271604938,0.041474654377880185,,
2015,2413,-0.0092169408897013,-0.0092169408897013,-0.0064330583516234,-0.0159275452841973,-0.0092169408897013,0.0,1.1219195849546044,1.1219195849546044,1.0946798917944094,1.1223262032085561,-0.1219195849546044,0.06878088962108732,,
2015,2414,-0.0141129032258064,-0.0141129032258064,-0.0171730515191546,-0.0017133765756944,-0.0141129032258064,0.0,1.1152416356877324,1.1152416356877324,1.0845588235294117,1.100377358490566,-0.11524163568773234,0.01694915254237288,,
2015,2415,-0.0254833040421792,-0.0254833040421792,-0.0290102389078498,-0.0006353240152477,-0.0254833040421792,0.0,1.0580204778156996,1.0580204778156996,1.063157894736842,1.0561797752808988,-0.05802047781569966,0.0231023102310231,,
2015,2701,-0.0030581039755351,-0.0030581039755351,-0.0306324110671937,-0.0023115220483641,-0.0030581039755351,0.0,1.1502890173410405,1.1502890173410405,1.0476190476190477,1.0786593707250343,-0.15028901734104047,0.13068181818181818,,
2015,2702,-0.0188026799221957,-0.0188026799221957,-0.0176220806794055,-0.000233808744447,-0.0188026799221957,0.0,1.0829326923076923,1.0829326923076923,1.0340632603406326,1.116,-0.0829326923076923,0.06,,
2015,2703,-0.0209992758870384,-0.0209992758870384,-0.0100358422939068,-0.0139902676399026,-0.0209992758870384,0.0,1.1117021276595744,1.1117021276595744,1.0471204188481675,1.0737527114967462,-0.11170212765957446,0.045,,
2015,2704,-0.0036422501011735,-0.0036422501011735,0.0016214025131739,-0.0095754867539099,-0.0036422501011735,0.0,1.2186379928315412,1.2186379928315412,1.1103202846975089,1.1846153846153846,-0.21863799283154123,0.08974358974358974,,
2015,2705,-0.0106726234797716,-0.0106726234797716,-0.0201848249027237,0.0085746710941112,-0.0106726234797716,0.0,1.073905109489051,1.073905109489051,1.0583804143126176,1.1646090534979423,-0.0739051094890511,0.04715302491103203,,
2015,2706,-0.0017133765756944,-0.0017133765756944,-0.0055981501764634,-0.0029175784099197,-0.0017133765756944,0.0,1.100377358490566,1.100377358490566,1.0454545454545454,1.0671140939597314,-0.10037735849056603,0.07442888725128961,,
2015,2707,0.0002389486260454,0.0002389486260454,0.0,-0.0034486594726887,0.0,0.0002389486260454,1.0896159317211949,1.0896159317211949,1.0213675213675213,1.2002419842710224,-0.08961593172119488,0.06834030683403068,,
2015,2708,-0.0072137060414788,-0.0072137060414788,0.0027124773960216,-0.0065279477764177,-0.0072137060414788,0.0,1.1012269938650308,1.1012269938650308,1.053125,1.1765913757700206,-0.10122699386503067,0.06528189910979229,,
2015,2709,-0.0243433696348495,-0.0243433696348495,-0.0145202020202019,-0.0097686375321336,-0.0243433696348495,0.0,1.12,1.12,1.0864197530864197,1.1561561561561562,-0.12,0.06060606060606061,,
2015,2710,-0.0187814933577645,-0.0187814933577645,-0.0126639529624604,-0.0039706780696395,-0.0187814933577645,0.0,1.0539499036608864,1.0539499036608864,1.0,1.151468315301391,-0.05394990366088632,0.039923954372623575,,
2015,2711,-0.003043392892205,-0.003043392892205,-0.0061469411649917,0.0017337031900139,-0.003043392892205,0.0,1.0930365296803652,1.0930365296803652,1.0310344827586206,1.3529411764705883,-0.0930365296803653,0.06744704570791528,,
2015,2712,-0.0121116377040547,-0.0121116377040547,-0.007318348144276,-0.0103283898305084,-0.0121116377040547,0.0,1.1059190031152648,1.1059190031152648,1.0820189274447949,1.0509424350483954,-0.1059190031152648,0.03498542274052478,,
2015,2713,-0.0013169446883231,-0.0013169446883231,-0.0010962508221881,0.003561053322088,-0.0013169446883231,0.0,1.1431372549019607,1.1431372549019607,1.1057884231536925,1.0470303681805966,-0.14313725490196078,0.052346570397111915,,
2015,2714,-0.0109727164887307,-0.0109727164887307,-0.0091096091683808,0.0005007511266901,-0.0109727164887307,0.0,1.066860465116279,1.066860465116279,1.067067067067067,1.1701534170153418,-0.06686046511627906,0.03283302063789869,,
2015,2715,0.0028694404591105,0.0028694404591105,0.0,-0.0054505813953488,0.0,0.0028694404591105,1.0527472527472528,1.0527472527472528,1.0296803652968036,1.3584905660377358,-0.05274725274725275,0.06208425720620843,,
2015,2716,-0.0090466249130132,-0.0090466249130132,-0.0110116999311769,-0.0113378684807256,-0.0090466249130132,0.0,1.0995670995670996,1.0995670995670996,1.1367924528301887,1.0898760330578512,-0.09956709956709957,0.05394190871369295,,
2015,2717,-0.0097560975609756,-0.0097560975609756,0.0086100861008611,-0.0202020202020202,-0.0097560975609756,0.0,1.0816326530612246,1.0816326530612246,1.056896551724138,1.1399491094147582,-0.08163265306122448,0.037520391517128875,,
2015,2718,-0.02290871225269,-0.02290871225269,-0.0183986371379897,0.0109215017064845,-0.02290871225269,0.0,1.083596214511041,1.083596214511041,1.0522875816993464,1.1822916666666667,-0.083596214511041,0.06677018633540373,,
2015,2801,-0.0165289256198346,-0.0165289256198346,-0.0071794871794871,-0.000114521300962,-0.0165289256198346,0.0,1.1022727272727273,1.1022727272727273,1.0617977528089888,1.1569037656903767,-0.10227272727272728,0.026455026455026454,,
2015,2802,-0.0057142857142856,-0.0057142857142856,-0.0082824760244114,0.0118483412322274,-0.0057142857142856,0.0,1.1275167785234899,1.1275167785234899,1.168458781362007,1.8869257950530036,-0.12751677852348994,0.03067484662576687,,
2015,2803,-0.0060864272671941,-0.0060864272671941,-0.0120264582080577,0.0092017375869961,-0.0060864272671941,0.0,1.0862068965517242,1.0862068965517242,1.0372492836676217,1.130171333054743,-0.08620689655172414,0.04419889502762431,,
2015,2804,-0.003721995562236,-0.003721995562236,-0.0016435615263684,-0.0005295207836907,-0.003721995562236,0.0,1.1284848484848484,1.1284848484848484,1.0921658986175116,1.0951683748169838,-0.12848484848484848,0.0713463751438435,,
2015,2805,-0.0019102196752626,-0.0019102196752626,-0.0064056939501779,-0.0037998733375553,-0.0019102196752626,0.0,1.103321033210332,1.103321033210332,1.1049935979513443,1.2682215743440233,-0.1033210332103321,0.039397450753186555,,
2015,2806,-0.0058102001291155,-0.0058102001291155,-0.0025756600128783,-0.0057954216169225,-0.0058102001291155,0.0,1.0794979079497908,1.0794979079497908,1.049792531120332,1.0888429752066116,-0.0794979079497908,0.019762845849802372,,
2015,2807,-0.0140030441400303,-0.0140030441400303,-0.0202803459588428,-0.0138888888888888,-0.0140030441400303,0.0,1.0480225988700564,1.0480225988700564,1.072992700729927,1.1535269709543567,-0.0480225988700565,0.009523809523809525,,
2015,2808,-0.0053178631858834,-0.0053178631858834,-0.0180394018514122,-0.0048648648648648,-0.0053178631858834,0.0,1.052788844621514,1.052788844621514,1.0496957403651115,1.1534653465346534,-0.052788844621513946,0.021256038647342997,,
2015,2809,-0.0159163256025466,-0.0159163256025466,-0.0196165849308961,-0.0178930438279051,-0.0159163256025466,0.0,1.1105398457583548,1.1105398457583548,1.1005291005291005,1.0105263157894737,-0.11053984575835475,0.038461538461538464,,
2015,2810,-0.013504388926401,-0.013504388926401,-0.0172528201725281,-0.0003968253968253,-0.013504388926401,0.0,1.154228855721393,1.154228855721393,1.116751269035533,1.0799545282303904,-0.15422885572139303,0.05454545454545454,,
2015,2811,-0.0018645121193288,-0.0018645121193288,-0.0110633066994468,-0.0143266475644698,-0.0018645121193288,0.0,1.1321138211382114,1.1321138211382114,1.1317991631799162,1.2380952380952381,-0.13211382113821138,0.029574861367837338,,
2015,2812,-0.0182002022244691,-0.0182002022244691,-0.029440628066732,-0.0010643959552953,-0.0182002022244691,0.0,1.09478672985782,1.09478672985782,1.0432692307692308,1.1277495769881556,-0.0947867298578199,0.06451612903225806,,
2015,2813,-0.0103283898305084,-0.0103283898305084,-0.0080126100091948,-0.0020283975659228,-0.0103283898305084,0.0,1.0509424350483954,1.0509424350483954,1.0570264765784114,1.0657894736842106,-0.05094243504839532,-0.006262042389210019,,
2015,2814,-0.0153465346534653,-0.0153465346534653,-0.0170316301703162,0.0035233824471492,-0.0153465346534653,0.0,1.1046831955922864,1.1046831955922864,1.0793201133144477,1.0846605196982397,-0.1046831955922865,0.05249343832020997,,
2015,2815,-0.009780534351145,-0.009780534351145,-0.009568812758417,-0.0058639562157936,-0.009780534351145,0.0,1.0613279270146985,1.0613279270146985,1.0662130332373725,1.270718232044199,-0.06132792701469843,0.027982326951399118,,
2015,2816,-0.0070120763537202,-0.0070120763537202,-0.0160981218857799,-0.000998801438274,-0.0070120763537202,0.0,1.1028277634961439,1.1028277634961439,1.0483460559796438,1.132701421800948,-0.10282776349614396,0.0412621359223301,,
2015,2817,-0.0029261155815655,-0.0029261155815655,-0.013352580295922,-0.0041365046535677,-0.0029261155815655,0.0,1.0771428571428572,1.0771428571428572,1.0345821325648414,1.0831858407079646,-0.07714285714285714,0.05013927576601671,,
2015,2818,-0.0094043887147335,-0.0094043887147335,0.0020942408376962,-0.0059616619279097,-0.0094043887147335,0.0,1.053763440860215,1.053763440860215,1.0564971751412429,1.0590853905301498,-0.053763440860215055,0.0481283422459893,,
2015,2819,-0.0061674008810572,-0.0061674008810572,-0.0078671328671329,-0.02290871225269,-0.0061674008810572,0.0,1.0687732342007434,1.0687732342007434,1.0827067669172932,1.083596214511041,-0.0687732342007435,-0.001736111111111111,,
2015,3201,-0.0019249278152069,-0.0019249278152069,-0.0128266033254156,0.0017568517217145,-0.0019249278152069,0.0,1.1042944785276074,1.1042944785276074,1.0676229508196722,1.1293634496919918,-0.10429447852760736,0.036468330134357005,,
2015,3202,-0.0023974763406939,-0.0023974763406939,-0.0133217131474103,-0.0037688442211055,-0.0023974763406939,0.0,1.0297755382501146,1.0297755382501146,1.0326286764705883,1.1819727891156462,-0.02977553825011452,0.0004450378282153983,,
2015,3203,-0.0009982530571499,-0.0009982530571499,0.0035061357375407,-0.0072137060414788,-0.0009982530571499,0.0,1.02547065337763,1.02547065337763,1.0123873873873874,1.1012269938650308,-0.02547065337763012,0.030033370411568408,,
2015,3204,-0.0039706780696395,-0.0039706780696395,-0.0105772136597159,-0.0168324407039021,-0.0039706780696395,0.0,1.151468315301391,1.151468315301391,1.1251980982567353,1.085427135678392,-0.15146831530139104,0.04929577464788732,,
2015,3205,-0.0093105741520727,-0.0093105741520727,-0.0122618786949857,-0.0048491379310344,-0.0093105741520727,0.0,1.053549190535492,1.053549190535492,1.0266836086404065,1.092511013215859,-0.053549190535491904,0.04702970297029703,,
2015,3206,-0.0100905562742561,-0.0100905562742561,-0.0130234933605719,-0.0013675309089894,-0.0100905562742561,0.0,1.0360873694207027,1.0360873694207027,1.016728624535316,1.0736607142857142,-0.03608736942070275,-0.002742230347349177,,
2015,3207,-0.0061141304347825,-0.0061141304347825,-0.0037225042301184,-0.0009982530571499,-0.0061141304347825,0.0,1.053742802303263,1.053742802303263,1.0244360902255638,1.02547065337763,-0.053742802303262956,0.007339449541284404,,
2015,3208,-0.011754068716094,-0.011754068716094,-0.0116175156389634,-0.0149690855841198,-0.011754068716094,0.0,1.0305838739573678,1.0305838739573678,1.0149532710280373,1.2375809935205184,-0.030583873957367932,0.02394106813996317,,
2015,3209,-0.0168324407039021,-0.0168324407039021,-0.0135849056603774,-0.008587376556462,-0.0168324407039021,0.0,1.085427135678392,1.085427135678392,0.9705159705159705,1.062015503875969,-0.08542713567839195,0.09367088607594937,,
2015,3210,-0.0049571879224875,-0.0049571879224875,-0.0111408199643493,-0.0078183172002977,-0.0049571879224875,0.0,1.0854166666666667,1.0854166666666667,1.059003051881994,1.129113924050633,-0.08541666666666667,0.0009606147934678194,,
2015,3211,-0.0003483713638738,-0.0003483713638738,-0.015434745326702,-0.0066099239406012,-0.0003483713638738,0.0,1.0799220272904484,1.0799220272904484,1.049342105263158,1.132004621606008,-0.07992202729044834,0.04200626959247649,,
2015,3212,-0.0087357437515166,-0.0087357437515166,-0.0131704980842911,-0.003721995562236,-0.0087357437515166,0.0,0.994026284348865,0.994026284348865,1.013189448441247,1.1284848484848484,0.005973715651135006,-0.015384615384615385,,
2015,3213,-0.0033652143110166,-0.0033652143110166,-0.0099947396107311,-0.0057743864714374,-0.0033652143110166,0.0,1.0758263123784835,1.0758263123784835,1.0546975546975548,1.1022326674500587,-0.07582631237848347,0.012812690665039659,,
2015,3214,-0.0100316789862724,-0.0100316789862724,-0.027221366204417,-0.0045233124565066,-0.0100316789862724,0.0,1.0525547445255474,1.0525547445255474,1.0114942528735633,1.1830188679245284,-0.052554744525547446,0.024147727272727272,,
2015,3215,-0.0044444444444444,-0.0044444444444444,-0.0037950664136622,-0.0033769523005487,-0.0044444444444444,0.0,1.031044558071585,1.031044558071585,1.026865671641791,1.1181818181818182,-0.0310445580715851,0.025799418604651164,,
2015,3216,-0.0011697860962567,-0.0011697860962567,0.0001671402306535,-0.0243433696348495,-0.0011697860962567,0.0,1.0577988915281076,1.0577988915281076,1.045351939257131,1.12,-0.05779889152810768,0.04907734589713388,,
2015,3217,-0.02504134183794,-0.02504134183794,-0.0158102766798419,0.0045736119956001,-0.02504134183794,0.0,1.0355120946989191,1.0355120946989191,1.0292580982236155,1.0875270367700072,-0.035512094698919194,0.02131979695431472,,
2015,3218,-0.0073953371772373,-0.0073953371772373,-0.0154263852893989,-0.0057142857142856,-0.0073953371772373,0.0,1.0342820181112549,1.0342820181112549,1.02625456962446,1.1275167785234899,-0.03428201811125485,0.03562176165803109,,
2015,3219,0.0011101859561477,0.0011101859561477,-0.0104366932161493,0.0031225604996096,0.0,0.0011101859561477,1.0817253121452894,1.0817253121452894,1.0489192263936291,1.1488372093023256,-0.08172531214528944,0.033622559652928416,,
2015,3220,-0.0178930438279051,-0.0178930438279051,-0.0243232640251078,-0.018018018018018,-0.0178930438279051,0.0,1.0105263157894737,1.0105263157894737,1.0192853091321612,1.0481790591805766,-0.010526315789473684,0.015025041736227046,,
2015,3221,-0.0033536585365853,-0.0033536585365853,-0.0135338345864661,-0.0141129032258064,-0.0033536585365853,0.0,1.0455991516436904,1.0455991516436904,1.0524017467248907,1.1152416356877324,-0.04559915164369035,0.022821576763485476,,
2015,3222,-0.018018018018018,-0.018018018018018,-0.0104712041884816,-0.0030024394820792,-0.018018018018018,0.0,1.0481790591805766,1.0481790591805766,1.0343655589123868,1.078999018645731,-0.04817905918057663,0.008762322015334063,,
2015,4401,-0.0006353240152477,-0.0006353240152477,-0.0119271814187068,-0.0084717422806821,-0.0006353240152477,0.0,1.0561797752808988,1.0561797752808988,1.002824858757062,1.076470588235294,-0.056179775280898875,0.059154929577464786,,
2015,4402,-0.008587376556462,-0.008587376556462,-0.0089361702127659,-0.0093105741520727,-0.008587376556462,0.0,1.062015503875969,1.062015503875969,1.0115163147792707,1.053549190535492,-0.06201550387596899,0.03984819734345351,,
2015,4403,-0.008176614881439,-0.008176614881439,-0.0105177993527507,-0.0009257116408238,-0.008176614881439,0.0,1.094552929085303,1.094552929085303,1.0504731861198737,1.1744186046511629,-0.09455292908530319,0.06606606606606606,,
2015,4404,-0.0099390830394356,-0.0099390830394356,-0.0179471032745591,-0.0019249278152069,-0.0099390830394356,0.0,1.0949612403100775,1.0949612403100775,1.0348837209302326,1.1042944785276074,-0.09496124031007752,0.05805243445692884,,
2015,4405,-0.006732873253661,-0.006732873253661,-0.0010089120564991,-0.0109727164887307,-0.006732873253661,0.0,1.0496688741721854,1.0496688741721854,1.012401352874859,1.066860465116279,-0.04966887417218543,0.05902004454342984,,
2015,4406,-0.0201276386843397,-0.0201276386843397,-0.0077934729663906,-0.0109204368174726,-0.0201276386843397,0.0,1.2621951219512195,1.2621951219512195,1.127659574468085,1.0801526717557253,-0.2621951219512195,0.11590296495956873,,
2015,4407,-0.0102977389747034,-0.0102977389747034,-0.012381162944948,0.0011861726163577,-0.0102977389747034,0.0,1.0633397312859885,1.0633397312859885,1.0816532258064515,1.1169252977264525,-0.06333973128598848,0.032618825722273995,,
2015,4408,-0.0225600784698382,-0.0225600784698382,-0.0248684839789574,-0.0092169408897013,-0.0225600784698382,0.0,1.0178571428571428,1.0178571428571428,1.015645371577575,1.1219195849546044,-0.017857142857142856,0.024390243902439025,,
2015,4409,0.0093911917098445,0.0093911917098445,0.0052083333333332,-0.012624227773301,0.0,0.0093911917098445,1.0890774125132556,1.0890774125132556,1.0678336980306347,1.0792393026941363,-0.08907741251325557,0.05225409836065574,,
2015,4410,-0.0059616619279097,-0.0059616619279097,-0.0126777143892058,-0.0015474172868616,-0.0059616619279097,0.0,1.0590853905301498,1.0590853905301498,1.0584279108869272,1.2300131061598951,-0.05908539053014974,0.03931691818903892,,
2015,4411,-0.0107152669658393,-0.0107152669658393,-0.0064604185623293,-0.0071485305798252,-0.0107152669658393,0.0,1.0563153660498794,1.0563153660498794,1.031301482701812,1.0857142857142856,-0.05631536604987932,0.048722044728434506,,
2015,4412,-0.0036399484340639,-0.0036399484340639,-0.0119136820020979,-0.008176614881439,-0.0036399484340639,0.0,1.0779954785229842,1.0779954785229842,1.0417624521072797,1.094552929085303,-0.07799547852298418,0.0522250827510114,,
2015,4413,-0.0023267205486162,-0.0023267205486162,-0.0015894363614133,-0.0166191832858499,-0.0023267205486162,0.0,1.0717177559282822,1.0717177559282822,1.0199878861296183,1.0134003350083751,-0.07171775592828225,0.1003562945368171,,
2015,4414,-0.0071485305798252,-0.0071485305798252,-0.0055292259083727,0.0024816573154942,-0.0071485305798252,0.0,1.0857142857142856,1.0857142857142856,1.0357941834451903,1.1274065685164212,-0.08571428571428572,0.06695464362850972,,
2015,4415,-0.0139902676399026,-0.0139902676399026,-0.0190930787589498,-0.0023904382470119,-0.0139902676399026,0.0,1.0737527114967462,1.0737527114967462,1.0244444444444445,1.088,-0.0737527114967462,0.0737527114967462,,
2015,4416,-0.0078647267007471,-0.0078647267007471,-0.003526645768025,0.0026070763500931,-0.0078647267007471,0.0,1.0575427682737168,1.0575427682737168,1.0558213716108453,1.1381692573402418,-0.05754276827371695,0.027190332326283987,,
2015,4417,-0.0166191832858499,-0.0166191832858499,-0.0268022181146025,-0.0201276386843397,-0.0166191832858499,0.0,1.0134003350083751,1.0134003350083751,1.0539130434782609,1.2621951219512195,-0.01340033500837521,-0.0016501650165016502,,
2015,4418,0.0016111707841031,0.0016111707841031,0.0119565217391304,0.0037523452157599,0.0,0.0016111707841031,1.0596330275229358,1.0596330275229358,1.0934343434343434,1.0745501285347043,-0.05963302752293578,0.06697459584295612,,
2015,4419,-0.0224078997341435,-0.0224078997341435,-0.0015168752370117,0.0011101859561477,-0.0224078997341435,0.0,1.100204498977505,1.100204498977505,1.0861344537815125,1.0817253121452894,-0.10020449897750511,0.04061895551257253,,
2015,4420,0.0003513703443429,0.0003513703443429,-0.0104311543810848,-0.0180072028811524,0.0,0.0003513703443429,1.0281923714759535,1.0281923714759535,1.0657672849915683,1.1155778894472361,-0.028192371475953566,-0.0189873417721519,,
2015,4421,-0.0041365046535677,-0.0041365046535677,-0.026183282980866,0.0070476482304273,-0.0041365046535677,0.0,1.0831858407079646,1.0831858407079646,1.0243478260869565,1.1768642447418738,-0.0831858407079646,0.03904923599320883,,
2015,4422,0.0023990403838465,0.0023990403838465,-0.0079333597778659,0.0096957539284521,0.0,0.0023990403838465,1.0498812351543942,1.0498812351543942,1.0072463768115942,1.152080344332855,-0.0498812351543943,0.05995203836930456,,
2015,4423,0.003561053322088,0.003561053322088,-0.0002810567734682,-0.009780534351145,0.0,0.003561053322088,1.0470303681805966,1.0470303681805966,1.0283468986808868,1.0613279270146985,-0.04703036818059662,0.06331877729257641,,
2015,4424,-0.0070397111913357,-0.0070397111913357,-0.0107142857142856,-0.003148986419996,-0.0070397111913357,0.0,1.0532089961601756,1.0532089961601756,1.0494104435710274,1.160853508411982,-0.053208996160175534,0.027287319422150885,,
2015,4425,-0.0159275452841973,-0.0159275452841973,-0.0167357592507293,-0.0040924092409241,-0.0159275452841973,0.0,1.1223262032085561,1.1223262032085561,1.0699351117519826,1.0744047619047619,-0.12232620320855615,0.13140161725067384,,
2015,4426,0.0037523452157599,0.0037523452157599,-0.0135718692165329,-0.0065093572009764,0.0,0.0037523452157599,1.0745501285347043,1.0745501285347043,1.0435897435897437,1.1161137440758293,-0.07455012853470437,0.02702702702702703,,
2015,4427,-0.0152794531564133,-0.0152794531564133,-0.0231736056559308,0.0032437827497295,-0.0152794531564133,0.0,1.110773899848255,1.110773899848255,1.045731707317073,1.2105263157894737,-0.11077389984825493,0.06705539358600583,,
2015,5201,0.0016326530612245,0.0016326530612245,0.0012259910093992,-0.0152794531564133,0.0,0.0016326530612245,1.1470588235294117,1.1470588235294117,1.1124620060790273,1.110773899848255,-0.14705882352941177,0.06557377049180328,,
2015,5202,-0.0026743468422135,-0.0026743468422135,0.001958157270947,-0.0038693035253654,-0.0026743468422135,0.0,1.1261398176291793,1.1261398176291793,1.0882040382571732,1.0857843137254901,-0.12613981762917933,0.08544921875,,
2015,5203,-0.0047291487532243,-0.0047291487532243,-0.0010736525660296,0.0246997389033942,-0.0047291487532243,0.0,1.4025044722719142,1.4025044722719142,1.361266294227188,1.052398654629138,-0.40250447227191416,0.07250341997264022,,
2015,5204,0.003058103975535,0.003058103975535,0.0061538461538461,0.0015978087194703,0.0,0.003058103975535,1.1774193548387097,1.1774193548387097,1.0158730158730158,1.1421933085501859,-0.1774193548387097,0.140625,,
2015,5205,0.0031225604996096,0.0031225604996096,-0.0038880248833592,-0.011754068716094,0.0,0.0031225604996096,1.1488372093023256,1.1488372093023256,1.1057692307692308,1.0305838739573678,-0.14883720930232558,0.07391304347826087,,
2015,5206,-0.0050607287449392,-0.0050607287449392,0.0006076564715413,-0.0093648208469054,-0.0050607287449392,0.0,1.1413690476190477,1.1413690476190477,1.0899550224887555,1.2158671586715868,-0.14136904761904762,0.055020632737276476,,
2015,5207,-0.0045233124565066,-0.0045233124565066,-0.0069108500345542,0.0016326530612245,-0.0045233124565066,0.0,1.1830188679245284,1.1830188679245284,1.1761252446183954,1.1470588235294117,-0.1830188679245283,0.04326123128119801,,
2015,5208,-0.0075497597803706,-0.0075497597803706,-0.0108621860149354,-0.004004004004004,-0.0075497597803706,0.0,1.169172932330827,1.169172932330827,1.0514705882352942,1.115321252059308,-0.16917293233082706,0.08741258741258741,,
2015,5209,-0.0109204368174726,-0.0109204368174726,-0.0176245210727968,0.003095238095238,-0.0109204368174726,0.0,1.0801526717557253,1.0801526717557253,1.0274509803921568,1.0556173526140156,-0.08015267175572519,0.08015267175572519,,
2015,5210,-0.0011638733705773,-0.0011638733705773,0.0025670945157525,-0.0163487738419618,-0.0011638733705773,0.0,1.176991150442478,1.176991150442478,1.162037037037037,1.1071428571428572,-0.17699115044247787,0.05976095617529881,,
2015,5211,0.0002402113860195,0.0002402113860195,0.0028908696699589,-0.0164502164502164,0.0,0.0002402113860195,1.1200750469043153,1.1200750469043153,1.0795454545454546,1.0740740740740742,-0.1200750469043152,0.04736842105263158,,
2015,5212,-0.0092428012797725,-0.0092428012797725,-0.0096232836521534,0.0,-0.0092428012797725,0.0,1.1147807255008122,1.1147807255008122,1.0875211744776963,1.145,-0.11478072550081213,0.06905503634475597,,
2015,5213,0.0017667844522968,0.0017667844522968,0.0110151830902054,-0.0046948356807511,0.0,0.0017667844522968,1.2019704433497538,1.2019704433497538,1.2342105263157894,1.095566502463054,-0.2019704433497537,0.04051172707889126,,
2015,5214,-0.0058639562157936,-0.0058639562157936,-0.0007812499999999,-0.0018645121193288,-0.0058639562157936,0.0,1.270718232044199,1.270718232044199,1.281899109792285,1.1321138211382114,-0.27071823204419887,0.06481481481481481,,
2015,5215,-0.0062182023742227,-0.0062182023742227,-0.0039414414414414,-0.0152949745083758,-0.0062182023742227,0.0,1.2073170731707317,1.2073170731707317,1.060483870967742,1.1067193675889329,-0.2073170731707317,0.12927756653992395,,
2015,5216,0.0085746710941112,0.0085746710941112,0.0102764448596543,0.0,0.0,0.0085746710941112,1.1646090534979423,1.1646090534979423,1.1462809917355372,1.0600706713780919,-0.1646090534979424,0.0881999519346311,,
2015,5217,0.0086956521739129,0.0086956521739129,0.0054644808743169,-0.0006465517241379,0.0,0.0086956521739129,1.25,1.25,1.2330827067669172,1.0907297830374754,-0.25,0.08231707317073171,,
2015,5218,0.0,0.0,0.0009049773755656,0.0011286681715576,0.0,0.0,1.1415094339622642,1.1415094339622642,1.0330188679245282,1.1997389033942558,-0.14150943396226415,0.1050228310502283,,
2015,5219,0.0070476482304273,0.0070476482304273,0.0041538461538461,0.0010373443983402,0.0,0.0070476482304273,1.1768642447418738,1.1768642447418738,1.1699410609037328,1.2212885154061626,-0.17686424474187382,0.033585222502099076,,
2015,5220,-0.0065279477764177,-0.0065279477764177,-0.0104965684295518,-0.0102977389747034,-0.0065279477764177,0.0,1.1765913757700206,1.1765913757700206,1.1490280777537798,1.0633397312859885,-0.17659137577002054,0.07706766917293233,,
2015,5221,-0.0163487738419618,-0.0163487738419618,-0.0009074410163338,-0.0168067226890756,-0.0163487738419618,0.0,1.1071428571428572,1.1071428571428572,1.03,1.0898876404494382,-0.10714285714285714,0.05339805825242718,,
2015,5301,0.0017337031900139,0.0017337031900139,-0.0099553724682458,-0.0111148534860222,0.0,0.0017337031900139,1.3529411764705883,1.3529411764705883,1.2891891891891891,1.1058631921824105,-0.35294117647058826,0.06079664570230608,,
2015,5302,-0.0034486594726887,-0.0034486594726887,-0.0052014165559982,0.0151828847481021,-0.0034486594726887,0.0,1.2002419842710224,1.2002419842710224,1.1556372549019607,1.0491573033707866,-0.20024198427102238,0.051961823966065745,,
2015,5303,0.0024783147459728,0.0024783147459728,-0.016453382084095,-0.0187667560321715,0.0,0.0024783147459728,1.106508875739645,1.106508875739645,1.037037037037037,1.0740740740740742,-0.10650887573964497,0.1130952380952381,,
2015,5304,-0.0012620950778291,-0.0012620950778291,-0.0116424116424116,-0.0001531862745097,-0.0012620950778291,0.0,1.124401913875598,1.124401913875598,1.0721153846153846,1.1109902067464636,-0.12440191387559808,0.053811659192825115,,
2015,5305,-0.0058108821975699,-0.0058108821975699,-0.0073413738856843,0.0,-0.0058108821975699,0.0,1.1228070175438596,1.1228070175438596,1.0874125874125875,1.1415094339622642,-0.12280701754385964,0.028938906752411574,,
2015,5306,-0.0152949745083758,-0.0152949745083758,-0.012230215827338,-0.008678102926337,-0.0152949745083758,0.0,1.1067193675889329,1.1067193675889329,1.106837606837607,1.1413292589763178,-0.1067193675889328,0.08108108108108109,,
2015,5307,-0.0126984126984126,-0.0126984126984126,-0.0199128811449906,-0.0136392811296534,-0.0126984126984126,0.0,1.1702127659574468,1.1702127659574468,1.144736842105263,1.1341705221414409,-0.1702127659574468,0.05363984674329502,,
2015,5308,-0.0149690855841198,-0.0149690855841198,-0.0197767145135566,-0.0078647267007471,-0.0149690855841198,0.0,1.2375809935205184,1.2375809935205184,1.2476635514018692,1.0575427682737168,-0.23758099352051837,0.07303370786516854,,
2015,5309,-0.0012010981468771,-0.0012010981468771,-0.0093489716131225,-0.0007432181345224,-0.0012010981468771,0.0,1.115419296663661,1.115419296663661,1.113744075829384,1.122,-0.11541929666366095,0.05276595744680851,,
2015,5310,-0.0095754867539099,-0.0095754867539099,-0.0060279187817259,-0.0070397111913357,-0.0095754867539099,0.0,1.1846153846153846,1.1846153846153846,1.1385542168674698,1.0532089961601756,-0.18461538461538463,0.08641975308641975,,
2015,5311,-0.0069930069930069,-0.0069930069930069,0.003188775510204,-0.004,-0.0069930069930069,0.0,1.189922480620155,1.189922480620155,1.151639344262295,1.0817941952506596,-0.18992248062015504,0.09252669039145907,,
2015,5312,0.0054210336104083,0.0054210336104083,-0.0071761750986724,-0.013504388926401,0.0,0.0054210336104083,1.1395348837209303,1.1395348837209303,1.0763723150357996,1.154228855721393,-0.13953488372093023,0.08647450110864745,,
2015,5313,-0.0086302552089754,-0.0086302552089754,-0.0094040058622374,0.0093911917098445,-0.0086302552089754,0.0,1.1528662420382165,1.1528662420382165,1.160919540229885,1.0890774125132556,-0.15286624203821655,0.024045261669024046,,
2015,5314,-0.010878661087866,-0.010878661087866,-0.0347334410339257,0.0085564886705751,-0.010878661087866,0.0,1.1043478260869566,1.1043478260869566,1.1152073732718895,1.0709883588221867,-0.10434782608695652,0.049586776859504134,,
2015,5315,0.0011861726163577,0.0011861726163577,0.0026050515347151,-0.0026620732853116,0.0,0.0011861726163577,1.1169252977264525,1.1169252977264525,1.0799402316025402,1.1784140969162995,-0.11692529772645255,0.07056381874783813,,
2015,5316,-0.0057743864714374,-0.0057743864714374,-0.0077757315326376,-0.0012620950778291,-0.0057743864714374,0.0,1.1022326674500587,1.1022326674500587,1.11375,1.124401913875598,-0.10223266745005875,0.052749719416386086,,
2015,5317,-0.0009257116408238,-0.0009257116408238,-0.0029995385325334,-0.0180995475113122,-0.0009257116408238,0.0,1.1744186046511629,1.1744186046511629,1.1308724832214765,1.355191256830601,-0.1744186046511628,0.04896142433234421,,
2015,5318,-0.0026620732853116,-0.0026620732853116,-0.0065339141257,-0.0209992758870384,-0.0026620732853116,0.0,1.1784140969162995,1.1784140969162995,1.1651270207852193,1.1117021276595744,-0.17841409691629956,0.06045589692765114,,
2015,5319,0.0033050047214353,0.0033050047214353,0.0023663038334122,-0.0199284619315278,0.0,0.0033050047214353,1.1455938697318007,1.1455938697318007,1.0746268656716418,1.1495098039215685,-0.14559386973180077,0.03819444444444445,,
2015,7501,0.0058837950478058,0.0058837950478058,-0.0043934586282645,-0.0105716523101018,0.0,0.0058837950478058,1.103448275862069,1.103448275862069,1.0652866242038217,1.1497797356828194,-0.10344827586206896,0.052316890881913304,,
2015,7502,-0.0111148534860222,-0.0111148534860222,-0.007355399531929,-0.0156340474811812,-0.0111148534860222,0.0,1.1058631921824105,1.1058631921824105,1.0667209113100082,1.0551948051948052,-0.10586319218241043,0.03585049580472922,,
2015,7503,0.0032437827497295,0.0032437827497295,0.0033380622548611,-0.0073025005532197,0.0,0.0032437827497295,1.2105263157894737,1.2105263157894737,1.165860400829302,1.1412520064205458,-0.21052631578947367,0.04979253112033195,,
2015,7504,-0.004004004004004,-0.004004004004004,-0.0118694362017803,-0.0092428012797725,-0.004004004004004,0.0,1.115321252059308,1.115321252059308,1.0813953488372092,1.1147807255008122,-0.11532125205930807,0.039938556067588324,,
2015,7505,0.0085325832161275,0.0085325832161275,0.0100069448828841,-0.0182002022244691,0.0,0.0085325832161275,1.1183910064992095,1.1183910064992095,1.106669157481786,1.09478672985782,-0.11839100649920956,0.07478055367994599,,
2015,7506,-0.0078183172002977,-0.0078183172002977,-0.0114096429885903,-0.0067950169875424,-0.0078183172002977,0.0,1.129113924050633,1.129113924050633,1.032994923857868,1.0096153846153846,-0.1291139240506329,0.09582309582309582,,
2015,7507,-0.0015392508978963,-0.0015392508978963,-0.0131645569620253,-0.0039388687568929,-0.0015392508978963,0.0,1.1116584564860428,1.1116584564860428,1.032733224222586,1.1168224299065421,-0.1116584564860427,0.07290015847860538,,
2015,7508,-0.0202020202020202,-0.0202020202020202,-0.0149253731343284,0.0086956521739129,-0.0202020202020202,0.0,1.1399491094147582,1.1399491094147582,1.038265306122449,1.25,-0.13994910941475827,0.10073710073710074,,
2015,7509,0.0015197568389058,0.0015197568389058,-0.0129012901290128,-0.0076177285318559,0.0,0.0015197568389058,1.213381555153707,1.213381555153707,1.1669691470054446,1.0980392156862746,-0.21338155515370705,0.04354587869362364,,
2015,7510,-0.0080500894454382,-0.0080500894454382,-0.0031208203299153,0.0012297097884899,-0.0080500894454382,0.0,1.180028129395218,1.180028129395218,1.1678726483357453,1.0495156081808397,-0.180028129395218,0.03965303593556382,,
2015,7511,-0.0100322465066284,-0.0100322465066284,-0.0179451090781139,-0.0171717171717171,-0.0100322465066284,0.0,1.0916179337231968,1.0916179337231968,1.0666666666666667,1.058091286307054,-0.09161793372319688,0.029411764705882353,,
2015,7512,-0.0043443917851501,-0.0043443917851501,-0.0035419126328217,0.0085325832161275,-0.0043443917851501,0.0,1.217993079584775,1.217993079584775,1.175284837861525,1.1183910064992095,-0.2179930795847751,0.049962714392244596,,
2015,7513,0.0162918770078017,0.0162918770078017,0.0109023428438876,-0.0302622730329522,0.0,0.0162918770078017,1.2445652173913044,1.2445652173913044,1.2536656891495601,1.064724919093851,-0.24456521739130435,0.07134502923976609,,
2015,7514,0.0026070763500931,0.0026070763500931,-0.0073937153419593,-0.0062182023742227,0.0,0.0026070763500931,1.1381692573402418,1.1381692573402418,1.1234119782214156,1.2073170731707317,-0.1381692573402418,0.06462035541195477,,
2015,7515,-0.0037998733375553,-0.0037998733375553,-0.0044136191677175,-0.0067279389679821,-0.0037998733375553,0.0,1.2682215743440233,1.2682215743440233,1.2804878048780488,1.1670088980150581,-0.26822157434402333,0.03571428571428571,,
2015,7516,0.0011286681715576,0.0011286681715576,-0.0033745781777277,-0.0092165898617511,0.0,0.0011286681715576,1.1997389033942558,1.1997389033942558,1.1590909090909092,1.0725806451612903,-0.19973890339425587,0.05997693194925029,,
2015,7517,-0.0112144768701414,-0.0112144768701414,-0.0078391705651789,-0.0036422501011735,-0.0112144768701414,0.0,1.0709855272226052,1.0709855272226052,1.0364912280701755,1.2186379928315412,-0.0709855272226051,0.052132701421800945,,
2015,7518,-0.0105716523101018,-0.0105716523101018,-0.0131375579598145,0.0033050047214353,-0.0105716523101018,0.0,1.1497797356828194,1.1497797356828194,1.0972850678733033,1.1455938697318007,-0.14977973568281938,0.07628865979381444,,
2015,7519,0.0,0.0,-0.0118757612667478,0.0044849334267693,0.0,0.0,1.0600706713780919,1.0600706713780919,1.0527306967984935,1.0999438517686693,-0.06007067137809187,0.07334525939177101,,
2015,7520,-0.000998801438274,-0.000998801438274,-0.0108674175064216,-0.0050607287449392,-0.000998801438274,0.0,1.132701421800948,1.132701421800948,1.074390243902439,1.1413690476190477,-0.13270142180094788,0.0851305334846765,,
2015,7521,-0.0099502487562188,-0.0099502487562188,-0.0054428500742206,0.0054210336104083,-0.0099502487562188,0.0,1.1218487394957983,1.1218487394957983,1.1409691629955947,1.1395348837209303,-0.12184873949579832,0.03088803088803089,,
2015,7522,-0.0084717422806821,-0.0084717422806821,-0.0160140397060436,0.0111987381703471,-0.0084717422806821,0.0,1.076470588235294,1.076470588235294,1.0700389105058365,1.0565143824027072,-0.07647058823529412,0.06472727272727273,,
2015,7523,-0.0046948356807511,-0.0046948356807511,-0.0111760660247592,-0.0053178631858834,-0.0046948356807511,0.0,1.095566502463054,1.095566502463054,1.0975103734439835,1.052788844621514,-0.09556650246305419,0.05103969754253308,,
2015,7524,-0.0010643959552953,-0.0010643959552953,-0.0098801211961533,-0.0009074410163338,-0.0010643959552953,0.0,1.1277495769881556,1.1277495769881556,1.070069204152249,1.290909090909091,-0.12774957698815567,0.07760711398544867,,
2015,7525,-0.0048648648648648,-0.0048648648648648,-0.0122797650827549,-0.0121116377040547,-0.0048648648648648,0.0,1.1534653465346534,1.1534653465346534,1.0977443609022557,1.1059190031152648,-0.15346534653465346,0.0639269406392694,,
2015,7526,-0.0180995475113122,-0.0180995475113122,-0.0115348399246704,-0.0086659064994298,-0.0180995475113122,0.0,1.355191256830601,1.355191256830601,1.3314500941619585,1.0494699646643109,-0.3551912568306011,0.05233380480905234,,
2015,7527,-0.0149413020277481,-0.0149413020277481,-0.0063626723223754,-0.0149413020277481,-0.0149413020277481,0.0,1.09009009009009,1.09009009009009,1.0461538461538462,1.09009009009009,-0.09009009009009009,0.06764705882352941,,
2015,7528,-0.0037688442211055,-0.0037688442211055,-0.0018808777429467,-0.010752688172043,-0.0037688442211055,0.0,1.1819727891156462,1.1819727891156462,1.1245614035087719,1.1560283687943262,-0.18197278911564627,0.0842433697347894,,
2015,7529,-0.0009074410163338,-0.0009074410163338,-0.000453514739229,-0.0023974763406939,-0.0009074410163338,0.0,1.290909090909091,1.290909090909091,1.2661596958174905,1.0297755382501146,-0.2909090909090909,0.06606606606606606,,
2015,7530,-0.0143266475644698,-0.0143266475644698,-0.0278551532033426,0.0089158345221111,-0.0143266475644698,0.0,1.2380952380952381,1.2380952380952381,1.1306122448979592,1.0822966507177034,-0.23809523809523808,0.1263537906137184,,
2015,7531,-0.0168067226890756,-0.0168067226890756,-0.0106235565819861,0.0,-0.0168067226890756,0.0,1.0898876404494382,1.0898876404494382,1.08203125,1.028268551236749,-0.0898876404494382,0.05054151624548736,,
2015,7532,-0.0164502164502164,-0.0164502164502164,-0.0182745431364216,-0.0001993620414673,-0.0164502164502164,0.0,1.0740740740740742,1.0740740740740742,1.0864485981308412,1.1267175572519084,-0.07407407407407407,0.060215053763440864,,
2015,7601,-0.0054505813953488,-0.0054505813953488,-0.0014513788098693,-0.0075497597803706,-0.0054505813953488,0.0,1.3584905660377358,1.3584905660377358,1.3221238938053097,1.169172932330827,-0.3584905660377358,0.060240963855421686,,
2015,7602,0.0035233824471492,0.0035233824471492,-0.0012795905310301,-0.021639344262295,0.0,0.0035233824471492,1.0846605196982397,1.0846605196982397,1.0559862187769165,1.0742049469964665,-0.08466051969823973,0.05546492659053834,,
2015,7603,-0.008678102926337,-0.008678102926337,-0.017644726407613,0.0002402113860195,-0.008678102926337,0.0,1.1413292589763178,1.1413292589763178,1.1061946902654867,1.1200750469043153,-0.1413292589763178,0.08654545454545455,,
2015,7604,-0.0076177285318559,-0.0076177285318559,-0.016572077185017,-0.0102840352595494,-0.0076177285318559,0.0,1.0980392156862746,1.0980392156862746,1.045,1.184782608695652,-0.09803921568627451,0.07177033492822966,,
2015,7605,-0.0156532209512342,-0.0156532209512342,0.0018094089264173,-0.0043443917851501,-0.0156532209512342,0.0,1.1299019607843137,1.1299019607843137,1.1581632653061225,1.217993079584775,-0.12990196078431374,0.015418502202643172,,
2015,7606,-0.0136392811296534,-0.0136392811296534,-0.0016020506247997,0.0016111707841031,-0.0136392811296534,0.0,1.1341705221414409,1.1341705221414409,1.1494736842105264,1.0596330275229358,-0.13417052214144085,0.047619047619047616,,
2015,7607,-0.0065093572009764,-0.0065093572009764,-0.0276898734177215,-0.008530183727034,-0.0065093572009764,0.0,1.1161137440758293,1.1161137440758293,1.1065375302663438,1.1243386243386244,-0.11611374407582939,0.030634573304157548,,
2015,7608,-0.0038934426229507,-0.0038934426229507,-0.0123456790123457,-0.0086302552089754,-0.0038934426229507,0.0,1.1072891072891073,1.1072891072891073,1.0775788576300085,1.1528662420382165,-0.10728910728910729,0.06962025316455696,,
2015,7609,-0.0180072028811524,-0.0180072028811524,-0.0142011834319526,-0.0250862339291313,-0.0180072028811524,0.0,1.1155778894472361,1.1155778894472361,1.0101010101010102,1.0649819494584838,-0.11557788944723618,0.11,,
2015,7610,-0.0086659064994298,-0.0086659064994298,-0.0097109304426377,-0.0011697860962567,-0.0086659064994298,0.0,1.0494699646643109,1.0494699646643109,1.0525672371638142,1.0577988915281076,-0.04946996466431095,0.03484320557491289,,
2015,7611,-0.0059405940594059,-0.0059405940594059,-0.0113547376664056,0.003058103975535,-0.0059405940594059,0.0,1.0831024930747923,1.0831024930747923,1.0583333333333333,1.1774193548387097,-0.08310249307479224,0.026246719160104987,,
2015,7612,0.0053222945002957,0.0053222945002957,-0.011111111111111,-0.02504134183794,0.0,0.0053222945002957,1.092327698309493,1.092327698309493,1.0507343124165553,1.0355120946989191,-0.09232769830949285,0.06734434561626429,,
2015,7613,-0.0113732097725357,-0.0113732097725357,-0.0075250836120401,-0.0006860278984678,-0.0113732097725357,0.0,1.3038674033149171,1.3038674033149171,1.1945945945945946,1.2476744186046511,-0.30386740331491713,0.06787330316742081,,
2015,7614,-0.0102840352595494,-0.0102840352595494,-0.0024425989252564,0.0011068068622024,-0.0102840352595494,0.0,1.184782608695652,1.184782608695652,1.1573033707865168,1.0267857142857142,-0.18478260869565216,0.05825242718446602,,
2015,7615,-0.0006465517241379,-0.0006465517241379,-0.0036504187245007,-0.0044444444444444,-0.0006465517241379,0.0,1.0907297830374754,1.0907297830374754,1.0241691842900302,1.031044558071585,-0.09072978303747535,0.08751229105211406,,
2015,7616,0.0092017375869961,0.0092017375869961,0.0054005823236591,-0.0033536585365853,0.0,0.0092017375869961,1.130171333054743,1.130171333054743,1.1191765980498374,1.0455991516436904,-0.130171333054743,0.04724104549854792,,
2015,7617,0.0015978087194703,0.0015978087194703,-0.0068011788710042,-0.0047291487532243,0.0,0.0015978087194703,1.1421933085501859,1.1421933085501859,1.1527638190954774,1.4025044722719142,-0.1421933085501859,0.07149084568439407,,
2015,7618,-0.003148986419996,-0.003148986419996,-0.0153100775193798,-0.0046325542219414,-0.003148986419996,0.0,1.160853508411982,1.160853508411982,1.1420479302832245,1.0841638981173864,-0.16085350841198195,0.0793590232735597,,
2015,7619,0.0109215017064845,0.0109215017064845,-0.0174379610999328,0.004808697470207,0.0,0.0109215017064845,1.1822916666666667,1.1822916666666667,1.1736842105263159,1.0798429319371727,-0.18229166666666666,0.017937219730941704,,
2015,7620,-0.0015474172868616,-0.0015474172868616,-0.0010305483989694,-0.0034264628360569,-0.0015474172868616,0.0,1.2300131061598951,1.2300131061598951,1.2032604925424906,1.1235521235521235,-0.23001310615989515,0.08215624099164025,,
2015,7621,-0.0038693035253654,-0.0038693035253654,-0.006619688234038,0.0051855087054364,-0.0038693035253654,0.0,1.0857843137254901,1.0857843137254901,1.0906862745098038,1.0537669027688346,-0.0857843137254902,-0.0044943820224719105,,
2015,7622,-0.0187667560321715,-0.0187667560321715,0.0011929615269907,-0.0011638733705773,-0.0187667560321715,0.0,1.0740740740740742,1.0740740740740742,1.0438729198184569,1.176991150442478,-0.07407407407407407,0.050724637681159424,,
2015,7623,-0.008530183727034,-0.008530183727034,-0.0097465886939571,-0.010878661087866,-0.008530183727034,0.0,1.1243386243386244,1.1243386243386244,1.1662049861495845,1.1043478260869566,-0.12433862433862433,0.009501187648456057,,
2015,7624,-0.0092281879194631,-0.0092281879194631,-0.0099667774086378,-0.0038182512409316,-0.0092281879194631,0.0,1.1489526764934057,1.1489526764934057,1.1414868105515588,1.130718954248366,-0.14895267649340574,0.03711484593837535,,
2015,7625,0.0045736119956001,0.0045736119956001,0.0013333333333334,0.0123513266239707,0.0,0.0045736119956001,1.0875270367700072,1.0875270367700072,1.1013153773880364,1.0626631853785902,-0.08752703677000721,0.07237309825110194,,
2015,8401,-0.0011948620930001,-0.0011948620930001,0.0048024012006002,-0.0079365079365079,-0.0011948620930001,0.0,1.0988909426987061,1.0988909426987061,1.1105675146771037,1.1930379746835442,-0.0988909426987061,0.04757709251101322,,
2015,8402,0.0010373443983402,0.0010373443983402,0.0036439354502864,-0.0058108821975699,0.0,0.0010373443983402,1.2212885154061626,1.2212885154061626,1.191977077363897,1.1228070175438596,-0.22128851540616246,0.04807692307692308,,
2015,8403,0.0033085194375517,0.0033085194375517,-0.0073891625615764,0.0033600097745738,0.0,0.0033085194375517,1.0683453237410072,1.0683453237410072,1.082437275985663,1.067202141900937,-0.0683453237410072,-0.016556291390728478,,
2015,8404,0.0,0.0,-0.0094258783204798,-0.0100905562742561,0.0,0.0,1.145,1.145,1.0710659898477157,1.0360873694207027,-0.145,0.08530805687203792,,
2015,8405,-0.0001531862745097,-0.0001531862745097,-0.0016822144058724,-0.0113960113960114,-0.0001531862745097,0.0,1.1109902067464636,1.1109902067464636,1.0571428571428572,1.1936274509803921,-0.11099020674646355,0.061330561330561334,,
2015,8406,0.0089158345221111,0.0089158345221111,0.0144717800289435,-0.0194003527336861,0.0,0.0089158345221111,1.0822966507177034,1.0822966507177034,1.0341796875,1.1160493827160494,-0.08229665071770335,0.0679886685552408,,
2015,8407,-0.0040924092409241,-0.0040924092409241,-0.0044683926928636,-0.0106726234797716,-0.0040924092409241,0.0,1.0744047619047619,1.0744047619047619,1.0726495726495726,1.073905109489051,-0.0744047619047619,0.07868525896414343,,
2015,8408,0.001443580078595,0.001443580078595,0.0105356998135992,0.0015197568389058,0.0,0.001443580078595,1.0883476599808979,1.0883476599808979,1.0680576254346745,1.213381555153707,-0.0883476599808978,0.06,,
2015,8409,-0.0003968253968253,-0.0003968253968253,0.0031276656241114,-0.0069930069930069,-0.0003968253968253,0.0,1.0799545282303904,1.0799545282303904,1.0698135660452202,1.189922480620155,-0.0799545282303903,0.05672969966629588,,
2015,8410,0.0123513266239707,0.0123513266239707,0.0022925263640531,-0.0092281879194631,0.0,0.0123513266239707,1.0626631853785902,1.0626631853785902,1.0333333333333334,1.1489526764934057,-0.06266318537859007,0.09408602150537634,,
2015,8411,-0.0067950169875424,-0.0067950169875424,-0.0050704225352112,-0.0090466249130132,-0.0067950169875424,0.0,1.0096153846153846,1.0096153846153846,0.9754901960784313,1.0995670995670996,-0.009615384615384616,0.05527638190954774,,
2015,8412,-0.0033769523005487,-0.0033769523005487,-0.001685630004214,-0.0112144768701414,-0.0033769523005487,0.0,1.1181818181818182,1.1181818181818182,1.0940438871473355,1.0709855272226052,-0.11818181818181818,0.05730659025787966,,
2015,8413,0.0044812133746983,0.0044812133746983,0.0005173305742369,0.001443580078595,0.0,0.0044812133746983,0.9622641509433962,0.9622641509433962,0.9649122807017544,1.0883476599808979,0.03773584905660377,0.09586776859504133,,
2015,8414,-0.0171717171717171,-0.0171717171717171,-0.002686366689053,-0.0049571879224875,-0.0171717171717171,0.0,1.058091286307054,1.058091286307054,1.0263157894736843,1.0854166666666667,-0.058091286307053944,0.005917159763313609,,
2015,8415,-0.0034264628360569,-0.0034264628360569,-0.001578947368421,0.0024783147459728,-0.0034264628360569,0.0,1.1235521235521235,1.1235521235521235,1.1176470588235294,1.106508875739645,-0.12355212355212356,0.056261343012704176,,
2015,8416,-0.0010781671159029,-0.0010781671159029,0.0107614766380601,-0.0126984126984126,-0.0010781671159029,0.0,1.0996784565916398,1.0996784565916398,1.062586926286509,1.1702127659574468,-0.09967845659163987,0.11910994764397906,,
2015,8417,0.002660753880266,0.002660753880266,-0.0017706949977865,-0.0010781671159029,0.0,0.002660753880266,1.1131105398457584,1.1131105398457584,1.0896739130434783,1.0996784565916398,-0.11311053984575835,0.0798004987531172,,
2015,8418,0.0,0.0,0.0083128078817733,-0.0003483713638738,0.0,0.0,1.028268551236749,1.028268551236749,1.033457249070632,1.0799220272904484,-0.028268551236749116,0.046762589928057555,,
2015,8419,-0.0057954216169225,-0.0057954216169225,-0.0089029293509477,-0.0113732097725357,-0.0057954216169225,0.0,1.0888429752066116,1.0888429752066116,1.1111111111111112,1.3038674033149171,-0.08884297520661157,0.054,,
2015,8420,-0.0008745080891998,-0.0008745080891998,-0.0129477772982304,0.0053222945002957,-0.0008745080891998,0.0,1.085987261146497,1.085987261146497,1.1029900332225913,1.092327698309493,-0.08598726114649681,0.02710843373493976,,
2015,8421,0.0085564886705751,0.0085564886705751,0.0044031830238726,-0.0225600784698382,0.0,0.0085564886705751,1.0709883588221867,1.0709883588221867,1.0619353304802663,1.0178571428571428,-0.07098835882218671,0.050486958468599574,,
2015,8422,-0.0009933774834437,-0.0009933774834437,-0.005270092226614,-0.0073953371772373,-0.0009933774834437,0.0,1.1461675579322639,1.1461675579322639,1.1011450381679388,1.0342820181112549,-0.14616755793226383,0.11438474870017332,,
2015,8423,-0.0092165898617511,-0.0092165898617511,-0.01156271899089,0.0162918770078017,-0.0092165898617511,0.0,1.0725806451612903,1.0725806451612903,1.1314387211367674,1.2445652173913044,-0.07258064516129033,0.04395604395604396,,
2015,8424,-0.010752688172043,-0.010752688172043,-0.0034290612944706,-0.0061141304347825,-0.010752688172043,0.0,1.1560283687943262,1.1560283687943262,1.080684596577017,1.053742802303263,-0.15602836879432624,0.10633484162895927,,
2015,8425,-0.0155246252676659,-0.0155246252676659,-0.0069112174375332,-0.0013169446883231,-0.0155246252676659,0.0,1.1449814126394051,1.1449814126394051,1.0359712230215827,1.1431372549019607,-0.1449814126394052,0.06944444444444445,,
2015,8426,-0.012624227773301,-0.012624227773301,-0.0124668435013262,-0.0223564954682778,-0.012624227773301,0.0,1.0792393026941363,1.0792393026941363,1.0416,1.0928571428571427,-0.07923930269413629,0.04608294930875576,,
2015,8427,-0.0007432181345224,-0.0007432181345224,-0.0135630498533724,0.0023990403838465,-0.0007432181345224,0.0,1.122,1.122,1.0483870967741935,1.0498812351543942,-0.122,0.07884615384615384,,
2015,8428,-0.0155043962682058,-0.0155043962682058,-0.0155929963660389,-0.0058953574060427,-0.0155043962682058,0.0,1.0852102102102101,1.0852102102102101,1.065166795965865,1.128440366972477,-0.0852102102102102,0.0528040786598689,,
2015,8429,-0.0048355899419729,-0.0048355899419729,-0.0105263157894737,-0.0024791525805724,-0.0048355899419729,0.0,1.0740740740740742,1.0740740740740742,1.073394495412844,1.0686046511627907,-0.07407407407407407,-0.008547008547008548,,
2015,8430,-0.0020283975659228,-0.0020283975659228,0.0,-0.0023267205486162,-0.0020283975659228,0.0,1.0657894736842106,1.0657894736842106,1.0321100917431192,1.0717177559282822,-0.06578947368421052,0.08,,
2015,8431,-0.000114521300962,-0.000114521300962,0.001720775496157,-0.0029261155815655,-0.000114521300962,0.0,1.1569037656903767,1.1569037656903767,1.097457627118644,1.0771428571428572,-0.15690376569037656,0.06756756756756757,,
2015,8432,-0.0005295207836907,-0.0005295207836907,-0.0026406126221283,-0.0100322465066284,-0.0005295207836907,0.0,1.0951683748169838,1.0951683748169838,1.06797583081571,1.0916179337231968,-0.0951683748169839,0.05799151343705799,,
2015,8433,-0.0039388687568929,-0.0039388687568929,0.0,-0.0155246252676659,-0.0039388687568929,0.0,1.1168224299065421,1.1168224299065421,1.0913461538461537,1.1449814126394051,-0.11682242990654206,0.05286343612334802,,
2015,8434,-0.0001993620414673,-0.0001993620414673,-0.000796812749004,-0.0187814933577645,-0.0001993620414673,0.0,1.1267175572519084,1.1267175572519084,1.0755905511811024,1.0539499036608864,-0.1267175572519084,0.08052708638360176,,
2015,8435,0.004808697470207,0.004808697470207,-0.0051996672212978,-0.0101757631822386,0.0,0.004808697470207,1.0798429319371727,1.0798429319371727,1.0199203187250996,1.054862842892768,-0.07984293193717278,0.07421875,,
2015,9301,0.0111318640268958,0.0111318640268958,-0.0001493986703517,-0.0155043962682058,0.0,0.0111318640268958,1.1068947087119188,1.1068947087119188,1.1006148686416992,1.0852102102102101,-0.10689470871191876,0.05180294565769426,,
2015,9302,0.0011068068622024,0.0011068068622024,-0.0157952069716775,0.0017667844522968,0.0,0.0011068068622024,1.0267857142857142,1.0267857142857142,1.04739336492891,1.2019704433497538,-0.026785714285714284,0.04072398190045249,,
2015,9303,0.0096957539284521,0.0096957539284521,-0.0122192866578599,-0.0080500894454382,0.0,0.0096957539284521,1.152080344332855,1.152080344332855,1.1714285714285715,1.180028129395218,-0.15208034433285508,0.08807588075880758,,
2015,9304,0.000517300839177,0.000517300839177,-0.0067934006964662,0.0002389486260454,0.0,0.000517300839177,1.19240614334471,1.19240614334471,1.1793258426966293,1.0896159317211949,-0.1924061433447099,0.06516768292682927,,
2015,9305,-0.0093648208469054,-0.0093648208469054,-0.0036511156186612,-0.0135338345864661,-0.0093648208469054,0.0,1.2158671586715868,1.2158671586715868,1.1583969465648856,1.1484536082474226,-0.2158671586715867,0.085667215815486,,
2015,9306,0.0005007511266901,0.0005007511266901,0.0030135610246107,-0.0159163256025466,0.0,0.0005007511266901,1.1701534170153418,1.1701534170153418,1.1085714285714285,1.1105398457583548,-0.1701534170153417,0.08118556701030928,,
2015,9307,-0.0038182512409316,-0.0038182512409316,-0.0049392097264437,0.000517300839177,-0.0038182512409316,0.0,1.130718954248366,1.130718954248366,1.1364705882352941,1.19240614334471,-0.13071895424836602,0.07453416149068323,,
2015,9308,-0.0079365079365079,-0.0079365079365079,-0.0208268573204849,-0.0099390830394356,-0.0079365079365079,0.0,1.1930379746835442,1.1930379746835442,1.1872909698996656,1.0949612403100775,-0.1930379746835443,0.061971830985915494,,
2015,9309,-0.0002255299954894,-0.0002255299954894,0.0018075011296883,0.0111318640268958,-0.0002255299954894,0.0,1.3098106712564543,1.3098106712564543,1.2929475587703436,1.1068947087119188,-0.3098106712564544,0.06433566433566433,,
2015,9310,-0.0069930069930069,-0.0069930069930069,0.0021563342318058,-0.0114623133032303,-0.0069930069930069,0.0,1.0885311871227363,1.0885311871227363,1.0831600831600832,1.0679012345679013,-0.08853118712273642,0.03838771593090211,,
2015,9311,0.0017568517217145,0.0017568517217145,-0.0045470444211263,0.0058837950478058,0.0,0.0017568517217145,1.1293634496919918,1.1293634496919918,1.1474358974358974,1.103448275862069,-0.1293634496919918,0.024208566108007448,,
2015,9312,-0.0013675309089894,-0.0013675309089894,0.000362946004802,-0.003043392892205,-0.0013675309089894,0.0,1.0736607142857142,1.0736607142857142,1.0581246806336229,1.0930365296803652,-0.07366071428571429,0.04527345164795364,,
2015,9313,0.0044849334267693,0.0044849334267693,-0.0033524235228383,0.0044812133746983,0.0,0.0044849334267693,1.0999438517686693,1.0999438517686693,1.0750144258511252,0.9622641509433962,-0.09994385176866928,0.05152979066022544,,
2015,9314,-0.0113960113960114,-0.0113960113960114,-0.0080742834073476,-0.0011948620930001,-0.0113960113960114,0.0,1.1936274509803921,1.1936274509803921,1.1858638743455496,1.0988909426987061,-0.19362745098039216,0.07505518763796909,,
2015,9315,-0.0066099239406012,-0.0066099239406012,-0.0073701240337946,-0.0094043887147335,-0.0066099239406012,0.0,1.132004621606008,1.132004621606008,1.1331047381546135,1.053763440860215,-0.1320046216060081,0.0781292984869326,,
2015,9316,-0.0041472265422498,-0.0041472265422498,-0.0066941297631307,-0.0012010981468771,-0.0041472265422498,0.0,1.1306532663316582,1.1306532663316582,1.1287671232876713,1.115419296663661,-0.1306532663316583,0.09223300970873786,,
2015,9317,0.0118483412322274,0.0118483412322274,-0.0034111781684597,-0.0097560975609756,0.0,0.0118483412322274,1.8869257950530036,1.8869257950530036,1.8860294117647058,1.0816326530612246,-0.8869257950530035,0.04093567251461988,,
2015,9318,-0.0067279389679821,-0.0067279389679821,-0.0053178776290631,-0.0196656833824975,-0.0067279389679821,0.0,1.1670088980150581,1.1670088980150581,1.1850108616944244,1.2058823529411764,-0.16700889801505817,0.041857622975863124,,
2016,51,-0.0160823415889354,-0.0054282267792521,-0.0250862339291313,0.0026939655172413,-0.0160823415889354,0.0,1.0623916811091854,1.1445497630331753,1.0649819494584838,1.2164948453608246,-0.06239168110918544,0.03898305084745763,,
2016,52,-0.0052631578947368,-0.0007007708479327,-0.0006860278984678,-0.0110358474769769,-0.0052631578947368,0.0,1.218645948945616,1.2786421499292786,1.2476744186046511,1.049174569722515,-0.21864594894561598,0.023299161230195712,,
2016,53,-0.0053815520396082,0.0002181025081788,0.0024816573154942,-0.005700325732899,-0.0053815520396082,0.0,1.104,1.1541725601131543,1.1274065685164212,1.0792639773531494,-0.104,0.03967855349070819,,
2016,54,-0.0019604348600962,0.0107811947684695,-0.0023115220483641,-0.0016,-0.0019604348600962,0.0,1.0457815565729234,1.1259124087591241,1.0786593707250343,1.0380818053596614,-0.04578155657292348,0.013950538998097653,,
2016,55,-0.0157520325203252,0.0040140491721023,-0.0135338345864661,-0.0120300751879699,-0.0157520325203252,0.0,1.1262135922330097,1.2162921348314606,1.1484536082474226,1.054380664652568,-0.1262135922330097,0.04129263913824058,,
2016,56,-0.015451174289246,-0.0172711571675302,-0.0223564954682778,-0.0163398692810458,-0.015451174289246,0.0,1.10801393728223,1.1410788381742738,1.0928571428571427,1.0756143667296787,-0.10801393728222997,0.0392156862745098,,
2016,57,-0.0140548137737175,0.0038800705467372,-0.0114623133032303,0.0083767451552407,-0.0140548137737175,0.0,1.0486358244365361,1.0494011976047903,1.0679012345679013,1.108464984673426,-0.04863582443653618,0.021965317919075144,,
2016,58,-0.0062076749435665,-0.0180562931492299,-0.0111607142857143,-0.018695652173913,-0.0062076749435665,0.0,1.1247002398081534,1.1791044776119404,1.1157635467980296,1.094298245614035,-0.12470023980815348,0.03532008830022075,,
2016,59,-0.0082478823004904,0.009281767955801,-0.0073025005532197,-0.0110834652793485,-0.0082478823004904,0.0,1.0893939393939394,1.1599190283400809,1.1412520064205458,1.0399628252788105,-0.0893939393939394,0.011251758087201125,,
2016,60,-0.0093793103448276,-0.0144084934277047,-0.0237005117155938,-0.007233051366924,-0.0093793103448276,0.0,1.0573770491803278,1.1370309951060358,1.0508474576271187,1.0320056899004268,-0.05737704918032787,0.04032258064516129,,
2016,61,-0.0080428954423592,-0.0177215189873417,-0.021639344262295,0.0042735042735042,-0.0080428954423592,0.0,1.0975609756097562,1.146919431279621,1.0742049469964665,1.0627450980392157,-0.0975609756097561,0.03618421052631579,,
2016,62,-0.0034423407917383,0.0067491563554555,-0.004,-0.0103806228373702,-0.0034423407917383,0.0,1.0765306122448979,1.1842105263157894,1.0817941952506596,1.0727272727272728,-0.07653061224489796,0.02926829268292683,,
2016,63,-0.0145539906103286,0.0009021199819576,-0.0138888888888888,-0.0197856553998351,-0.0145539906103286,0.0,1.1365461847389557,1.1911764705882353,1.1535269709543567,1.0251450676982592,-0.13654618473895583,0.017985611510791366,,
2016,64,-0.0166147455867081,-0.0005133470225873,-0.0097686375321336,0.0053619302949061,-0.0166147455867081,0.0,1.1628571428571428,1.2103321033210332,1.1561561561561562,1.0732758620689655,-0.16285714285714287,0.05714285714285714,,
2016,1101,0.013804398689752,0.0089602841459477,0.0111987381703471,-0.0140548137737175,0.0,0.013804398689752,1.0478359908883828,1.083910034602076,1.0565143824027072,1.0486358244365361,-0.04783599088838269,0.03139013452914798,,
2016,1102,-0.0187239944521497,0.014334470989761,-0.0302622730329522,-0.0003576537911301,-0.0187239944521497,0.0,1.0504731861198737,1.1722689075630253,1.064724919093851,1.038910505836576,-0.050473186119873815,0.0121580547112462,,
2016,1103,-0.0004672897196261,0.0068212824010913,-0.0101757631822386,-0.0288362512873326,-0.0004672897196261,0.0,1.0763723150357996,1.0817610062893082,1.054862842892768,1.0883720930232559,-0.07637231503579953,0.06619385342789598,,
2016,1104,0.0098572399728076,0.0077844835126388,0.0151828847481021,0.0042598509052182,0.0,0.0098572399728076,1.04,1.0791940018744142,1.0491573033707866,1.1687440076701823,-0.04,0.03547523427041499,,
2016,1105,0.0070040668775417,0.0031124944419742,-0.0024791525805724,-0.0031581321903902,0.0,0.0070040668775417,1.02863436123348,1.1023391812865497,1.0686046511627907,1.2768987341772151,-0.028634361233480177,0.01632208922742111,,
2016,1106,0.0120228170250109,0.0196186791931471,0.008764164305949,0.0015348123343099,0.0,0.0120228170250109,1.0539894887720975,1.0893561103810776,1.0676426047450782,1.0871191876002138,-0.053989488772097464,0.04302600472813239,,
2016,1107,0.0063866371898795,-0.0031691857630423,0.0012297097884899,-0.0082478823004904,0.0,0.0063866371898795,1.0582726326742975,1.0663841807909604,1.0495156081808397,1.0893939393939394,-0.05827263267429761,0.043076923076923075,,
2016,1108,-0.0021362449560883,0.008569388240895,0.003095238095238,8.008328661812669e-05,-0.0021362449560883,0.0,1.0232558139534884,1.0790629575402635,1.0556173526140156,1.0721973094170403,-0.023255813953488372,0.020021074815595362,,
2016,1109,0.0068267931378578,0.0090792362804761,0.0051855087054364,-0.0040650406504064,0.0,0.0068267931378578,1.0331706319797602,1.0615036442906114,1.0537669027688346,1.020979020979021,-0.03317063197976029,0.029356349933801814,,
2016,1110,0.0073732718894008,-0.0161290322580645,-0.0009208103130755,-0.0176736539251952,0.0,0.0073732718894008,1.0217391304347827,1.0724637681159421,1.0636704119850187,1.1879310344827587,-0.021739130434782608,-0.007042253521126761,,
2016,1111,0.0016242555495398,0.0027654867256636,-0.0048491379310344,0.0032882718304714,0.0,0.0016242555495398,1.0871369294605808,1.0691489361702127,1.092511013215859,1.2962962962962963,-0.08713692946058091,0.056451612903225805,,
2016,1112,0.0148804973755287,0.0115292582118773,0.0246997389033942,-0.0062076749435665,0.0,0.0148804973755287,1.0351851851851852,1.054857898215466,1.052398654629138,1.1247002398081534,-0.03518518518518519,0.034314550042052146,,
2016,1113,0.0072307180851063,0.0059757555062318,0.0082963211262885,-0.0034686346863468,0.0,0.0072307180851063,1.070262246412667,1.0869272237196765,1.0802110817941952,1.1834445118253487,-0.070262246412667,0.05666829506595017,,
2016,1114,0.0045664880662446,0.0088836429148289,0.0033600097745738,-0.0088616223585549,0.0,0.0045664880662446,1.0490470139771284,1.0830748017924854,1.067202141900937,1.0661764705882353,-0.04904701397712834,0.03562468640240843,,
2016,1115,0.0020809558971603,0.0044049878015721,0.0053992036174663,0.0045664880662446,0.0,0.0020809558971603,1.068139097744361,1.065583634175692,1.0675349734684032,1.0490470139771284,-0.0681390977443609,0.02711251694532309,,
2016,2401,-0.0084190832553788,0.0023030861354214,-0.000233808744447,0.0056120659417748,-0.0084190832553788,0.0,1.083547557840617,1.1631578947368422,1.116,1.1521739130434783,-0.08354755784061697,0.007168458781362007,,
2016,2402,-0.0168890742285238,-0.00379392971246,-0.0113378684807256,0.0004783163265305,-0.0168890742285238,0.0,1.08011583011583,1.1108312342569269,1.0898760330578512,1.0123546511627908,-0.08011583011583012,0.06066350710900474,,
2016,2403,0.0099428813200761,0.0067425200168562,-0.0046325542219414,-0.0082644628099173,0.0,0.0099428813200761,1.0667384284176533,1.1062322946175638,1.0841638981173864,1.0247252747252746,-0.06673842841765339,0.012257405515832482,,
2016,2404,-0.011182108626198,-0.0039936102236421,-0.0023904382470119,-0.0055193176116407,-0.011182108626198,0.0,1.0745098039215686,1.1344086021505377,1.088,1.025,-0.07450980392156863,0.007352941176470588,,
2016,2405,-0.0186274509803922,-0.0078754922182636,-0.0156340474811812,-0.0027347310847766,-0.0186274509803922,0.0,1.0704521556256572,1.1151685393258426,1.0551948051948052,1.1237668161434977,-0.07045215562565721,0.0441025641025641,,
2016,2406,-0.0140421263791373,-0.0037986704653371,-0.0196656833824975,-0.0019292604501607,-0.0140421263791373,0.0,1.1955307262569832,1.272,1.2058823529411764,1.1526104417670682,-0.19553072625698323,0.04390243902439024,,
2016,2407,-0.0145985401459853,0.0040160642570281,-0.0199284619315278,-0.0028,-0.0145985401459853,0.0,1.119221411192214,1.2516129032258065,1.1495098039215685,1.0417536534446765,-0.1192214111922141,-0.019189765458422176,,
2016,2408,-0.0192735359525574,-0.0007215007215006,-0.0058953574060427,-0.0129955947136564,-0.0192735359525574,0.0,1.0590717299578059,1.1428571428571428,1.128440366972477,1.0491428571428572,-0.05907172995780591,0.02032520325203252,,
2016,2409,-0.0106071689831748,0.002536231884058,-0.0029175784099197,-0.0052460654509117,-0.0106071689831748,0.0,1.059662775616083,1.1349911190053286,1.0671140939597314,1.0065005417118094,-0.05966277561608301,0.027672955974842768,,
2016,2410,-0.0004705439488048,0.0083089415541497,-0.0030024394820792,-0.0083983203359327,-0.0004705439488048,0.0,1.0263036455929857,1.0856209150326797,1.078999018645731,1.044296788482835,-0.026303645592985696,0.011368804001819008,,
2016,2411,-0.0120300751879699,0.0022075055187638,-0.0118870728083209,-0.0037672022756977,-0.0120300751879699,0.0,1.054380664652568,1.1135371179039302,1.0479233226837061,1.081732733959951,-0.054380664652567974,0.06402439024390244,,
2016,2412,-0.010341726618705,-0.0042973785990545,-0.0194003527336861,-0.0157520325203252,-0.010341726618705,0.0,1.094562647754137,1.1770491803278689,1.1160493827160494,1.1262135922330097,-0.09456264775413711,0.024336283185840708,,
2016,2413,-0.0037672022756977,0.0052499429354029,-0.0092169408897013,-0.0002454891371056,-0.0037672022756977,0.0,1.081732733959951,1.1526980482204363,1.1219195849546044,1.0611551528878822,-0.08173273395995095,0.02003853564547206,,
2016,2414,-0.0088616223585549,0.0026315789473683,-0.0141129032258064,0.0091066101428796,-0.0088616223585549,0.0,1.0661764705882353,1.1428571428571428,1.1152416356877324,1.1678908709338929,-0.0661764705882353,-0.03333333333333333,,
2016,2415,-0.0135256988277727,-0.0024999999999999,-0.0254833040421792,0.0037647058823528,-0.0135256988277727,0.0,1.082236842105263,1.1428571428571428,1.0580204778156996,1.1263537906137184,-0.08223684210526316,0.06129032258064516,,
2016,2701,-0.016359918200409,-0.0201535508637236,-0.0030581039755351,-0.0024740227610093,-0.016359918200409,0.0,1.0740740740740742,1.0921985815602837,1.1502890173410405,1.1554054054054055,-0.07407407407407407,0.020100502512562814,,
2016,2702,-0.0129955947136564,-0.0029417944946417,-0.0188026799221957,-0.0005313496280552,-0.0129955947136564,0.0,1.0491428571428572,1.1193595342066958,1.0829326923076923,1.1043771043771045,-0.04914285714285714,0.018867924528301886,,
2016,2703,-0.025887573964497,-0.0165289256198346,-0.0209992758870384,-0.0168804861580013,-0.025887573964497,0.0,1.1256281407035176,1.135483870967742,1.1117021276595744,1.2091836734693877,-0.12562814070351758,0.07177033492822966,,
2016,2704,-0.0020308692120227,0.0020652622883106,-0.0036422501011735,-0.0021362449560883,-0.0020308692120227,0.0,1.1708185053380782,1.2466367713004485,1.2186379928315412,1.0232558139534884,-0.1708185053380783,-0.03235294117647059,,
2016,2705,-0.0055193176116407,-0.0055261893320518,-0.0106726234797716,-0.0074626865671642,-0.0055193176116407,0.0,1.025,1.1035758323057954,1.073905109489051,1.0666666666666667,-0.025,-0.02463891248937978,,
2016,2706,-0.007233051366924,0.0012132977432661,-0.0017133765756944,-0.0156128024980484,-0.007233051366924,0.0,1.0320056899004268,1.1007326007326008,1.100377358490566,1.8604651162790697,-0.032005689900426744,-0.004801097393689987,,
2016,2707,-0.0112279025322503,-0.00354024073637,0.0002389486260454,-0.025887573964497,-0.0112279025322503,0.0,1.0635135135135134,1.1742160278745644,1.0896159317211949,1.1256281407035176,-0.06351351351351352,0.02741514360313316,,
2016,2708,-0.01952770208901,0.0026737967914438,-0.0072137060414788,0.0063866371898795,-0.01952770208901,0.0,1.1192660550458715,1.120274914089347,1.1012269938650308,1.0582726326742975,-0.11926605504587157,0.019498607242339833,,
2016,2709,-0.0124753775443203,0.0050955414012738,-0.0243433696348495,-0.0039787798408488,-0.0124753775443203,0.0,1.1037037037037036,1.1565656565656566,1.12,1.1019736842105263,-0.1037037037037037,0.06428571428571428,,
2016,2710,-0.0163398692810458,-0.0205061082024432,-0.0187814933577645,-0.015196564255038,-0.0163398692810458,0.0,1.0756143667296787,1.0461538461538462,1.0539499036608864,1.2226890756302522,-0.07561436672967864,0.04021937842778794,,
2016,2711,-0.0090595765632692,-0.0011591962905718,-0.003043392892205,-0.0024891101431238,-0.0090595765632692,0.0,1.0530222693531284,1.0940044411547003,1.0930365296803652,1.0902004454342984,-0.053022269353128315,0.037075718015665796,,
2016,2712,-0.0074626865671642,0.0164021164021164,-0.0121116377040547,-0.0099467140319715,-0.0074626865671642,0.0,1.0666666666666667,1.1115537848605577,1.1059190031152648,1.0112359550561798,-0.06666666666666667,0.036619718309859155,,
2016,2713,-0.0052747252747252,0.0026166593981682,-0.0013169446883231,-0.0273109243697479,-0.0052747252747252,0.0,1.1066907775768535,1.1421800947867298,1.1431372549019607,1.1038251366120218,-0.10669077757685352,0.04974271012006861,,
2016,2714,-0.0146926536731634,-0.0101773771445187,-0.0109727164887307,0.0051387461459404,-0.0146926536731634,0.0,1.016441005802708,1.0576230492196879,1.066860465116279,1.0630081300813008,-0.01644100580270793,-0.045413260672116255,,
2016,2715,-0.0003576537911301,0.0072358900144717,0.0028694404591105,-0.0011502185415228,-0.0003576537911301,0.0,1.038910505836576,1.0328358208955224,1.0527472527472528,1.0508083140877598,-0.038910505836575876,0.11482254697286012,,
2016,2716,-0.0154494382022472,0.0027118644067796,-0.0090466249130132,-0.0222101841820151,-0.0154494382022472,0.0,1.0326530612244897,1.0874316939890711,1.0995670995670996,1.0676056338028168,-0.0326530612244898,-0.003937007874015748,,
2016,2717,-0.0049261083743842,-0.0098079280751941,-0.0097560975609756,-0.0125067971723762,-0.0049261083743842,0.0,1.0297029702970297,1.1140350877192982,1.0816326530612246,1.0962199312714778,-0.0297029702970297,-0.018867924528301886,,
2016,2718,-0.0099467140319715,-0.0050083472454089,-0.02290871225269,-0.001243626414625,-0.0099467140319715,0.0,1.0112359550561798,1.1205821205821205,1.083596214511041,1.1403100775193797,-0.011235955056179775,-0.08296943231441048,,
2016,2801,-0.0273109243697479,-0.0070210631895687,-0.0165289256198346,-0.0048043925875085,-0.0273109243697479,0.0,1.1038251366120218,1.1225806451612903,1.1022727272727273,0.9407616361071932,-0.10382513661202186,0.041237113402061855,,
2016,2802,-0.0039787798408488,-0.0060527453523562,-0.0057142857142856,-0.0014687882496939,-0.0039787798408488,0.0,1.1019736842105263,1.1829787234042553,1.1275167785234899,1.0208717004297114,-0.10197368421052631,-0.002976190476190476,,
2016,2803,-0.0073484384568279,-0.008860011813349,-0.0060864272671941,-0.0097743024702328,-0.0073484384568279,0.0,1.1038251366120218,1.1722846441947565,1.0862068965517242,1.0677966101694916,-0.10382513661202186,0.06878306878306878,,
2016,2804,-0.005100941159566,0.0043230780315584,-0.003721995562236,-0.0128179043743641,-0.005100941159566,0.0,1.0967244701348748,1.1402378592666005,1.1284848484848484,1.0947666195190948,-0.09672447013487476,0.018976011457214465,,
2016,2805,-0.0129186602870813,0.0014071294559099,-0.0019102196752626,-0.0135256988277727,-0.0129186602870813,0.0,1.0895705521472392,1.1036931818181819,1.103321033210332,1.082236842105263,-0.08957055214723926,-0.010033444816053512,,
2016,2806,-0.0025974025974025,-0.011392405063291,-0.0058102001291155,0.0050572044437076,-0.0025974025974025,0.0,1.0887096774193548,1.1256281407035176,1.0794979079497908,1.1542893725992318,-0.08870967741935484,0.046511627906976744,,
2016,2807,-0.0033961099104662,-0.004169148302561,-0.0140030441400303,0.0016947462865117,-0.0033961099104662,0.0,1.0707213578500707,1.0996563573883162,1.0480225988700564,1.084063047285464,-0.07072135785007072,0.02021563342318059,,
2016,2808,-0.0077764277035237,-0.001180358829084,-0.0053178631858834,-0.0192735359525574,-0.0077764277035237,0.0,1.0568627450980392,1.11284046692607,1.052788844621514,1.0590717299578059,-0.056862745098039215,0.019867549668874173,,
2016,2809,-0.0166358595194084,-0.0129926375054135,-0.0159163256025466,0.0009226794611552,-0.0166358595194084,0.0,1.1517412935323383,1.1148036253776434,1.1105398457583548,1.0237529691211402,-0.1517412935323383,0.07175925925925926,,
2016,2810,0.0,-0.0013262599469495,-0.013504388926401,0.013804398689752,0.0,0.0,1.146341463414634,1.180722891566265,1.154228855721393,1.0478359908883828,-0.14634146341463414,0.01293103448275862,,
2016,2811,0.0037359900373599,0.0046253469010175,-0.0018645121193288,-0.0076238881829733,0.0,0.0037359900373599,1.1377952755905512,1.162729658792651,1.1321138211382114,1.0701754385964912,-0.1377952755905512,0.03770197486535009,,
2016,2812,-0.0288362512873326,-0.0096711798839458,-0.0182002022244691,-0.0073484384568279,-0.0288362512873326,0.0,1.0883720930232559,1.0607734806629834,1.09478672985782,1.1038251366120218,-0.08837209302325581,0.012987012987012988,,
2016,2813,-0.0082954241370083,-0.0062753301085108,-0.0103283898305084,-0.0061068702290076,-0.0082954241370083,0.0,1.0776892430278884,1.08984145625367,1.0509424350483954,1.0168918918918919,-0.07768924302788845,0.0489578284052351,,
2016,2814,0.0040221216691804,-0.0009647853352628,-0.0153465346534653,-0.0051128856207273,0.0,0.0040221216691804,1.0664893617021276,1.1525974025974026,1.1046831955922864,1.1662005593288054,-0.06648936170212766,0.0,,
2016,2815,-0.0068055890146953,-0.0017606667057925,-0.009780534351145,0.0040650406504065,-0.0068055890146953,0.0,1.051749630359783,1.1011772192173084,1.0613279270146985,1.0889679715302492,-0.051749630359783146,0.019102196752626553,,
2016,2816,-0.0102000784621419,-0.0086792452830188,-0.0070120763537202,-0.0173581710414902,-0.0102000784621419,0.0,1.097852028639618,1.115501519756839,1.1028277634961439,1.115920763022744,-0.09785202863961814,0.07226107226107226,,
2016,2817,-0.0088041085840058,0.0046461758398856,-0.0029261155815655,-0.0056213371606267,-0.0088041085840058,0.0,1.051532033426184,1.1273996509598603,1.0771428571428572,1.0704081632653062,-0.05153203342618384,0.001326259946949602,,
2016,2818,-0.0084388185654008,-0.0225872689938397,-0.0094043887147335,-0.029381443298969,-0.0084388185654008,0.0,1.068062827225131,1.1571428571428573,1.053763440860215,1.0810810810810811,-0.06806282722513089,0.04081632653061224,,
2016,2819,-0.011968085106383,0.0030864197530864,-0.0061674008810572,-0.0070245860511791,-0.011968085106383,0.0,1.0969479353680431,1.1162790697674418,1.0687732342007434,1.0251572327044025,-0.09694793536804308,0.06260869565217392,,
2016,3201,-0.0038572806171649,-0.0004662004662004,-0.0019249278152069,-0.0094485483593884,-0.0038572806171649,0.0,1.1091617933723197,1.189119170984456,1.1042944785276074,1.1075731497418244,-0.10916179337231968,0.053703703703703705,,
2016,3202,-0.0089805211231975,-0.0019595835884874,-0.0023974763406939,0.0012767315671879,-0.0089805211231975,0.0,1.0455953961930058,1.0920830993823694,1.0297755382501146,1.066772655007949,-0.045595396193005754,0.050711743772241996,,
2016,3203,-0.0052460654509117,0.0104325699745546,-0.0009982530571499,-0.0057636887608069,-0.0052460654509117,0.0,1.0065005417118094,1.0449141347424042,1.02547065337763,1.1768707482993197,-0.0065005417118093175,0.0032397408207343412,,
2016,3204,-0.0079730144127567,0.0060642813826561,-0.0039706780696395,-0.0050100200400801,-0.0079730144127567,0.0,1.1144130757800892,1.2007797270955165,1.151468315301391,1.1994301994301995,-0.11441307578008915,0.006711409395973154,,
2016,3205,-0.0026851644663236,-0.0006550218340611,-0.0093105741520727,0.0044994690067632,-0.0026851644663236,0.0,1.0394417475728155,1.0816170861937453,1.053549190535492,1.0537150970184572,-0.03944174757281554,0.012411347517730497,,
2016,3206,-0.0044432828018818,0.0045930084205154,-0.0100905562742561,-0.0166358595194084,-0.0044432828018818,0.0,1.0326382592928378,1.075055187637969,1.0360873694207027,1.1517412935323383,-0.032638259292837715,0.043996333638863426,,
2016,3207,0.0003417634996583,-0.0003374957813027,-0.0061141304347825,-0.0126582278481012,0.0,0.0003417634996583,1.0165745856353592,1.0852459016393443,1.053742802303263,1.0969162995594715,-0.016574585635359115,0.00546448087431694,,
2016,3208,-0.0079292467215614,0.0008968609865471,-0.011754068716094,0.0006163328197226,-0.0079292467215614,0.0,1.025,1.0198895027624308,1.0305838739573678,0.9950819672131147,-0.025,0.03237410071942446,,
2016,3209,0.0038910505836575,-0.002960769800148,-0.0168324407039021,-0.0102000784621419,0.0,0.0038910505836575,1.0738916256157636,1.1869158878504673,1.085427135678392,1.097852028639618,-0.07389162561576355,0.009259259259259259,,
2016,3210,-0.0072463768115942,0.0042166000887704,-0.0049571879224875,0.0004313133491482,-0.0072463768115942,0.0,1.0602409638554218,1.0905752753977969,1.0854166666666667,1.0447227191413238,-0.060240963855421686,0.013435700575815739,,
2016,3211,0.0142882035197768,-0.0008563110121596,-0.0003483713638738,-0.002862783810464,0.0,0.0142882035197768,1.0360920970752956,1.0883977900552486,1.0799220272904484,1.1146521570151573,-0.03609209707529558,0.0018050541516245488,,
2016,3212,-0.0014687882496939,0.0040767386091127,-0.0087357437515166,0.0029717682020802,-0.0014687882496939,0.0,1.0208717004297114,1.0680173661360348,0.994026284348865,1.155844155844156,-0.020871700429711478,-0.0006009615384615385,,
2016,3213,-0.0097743024702328,-0.0040202761754938,-0.0033652143110166,-0.0108323831242873,-0.0097743024702328,0.0,1.0677966101694916,1.0778015703069237,1.0758263123784835,0.9862385321100917,-0.06779661016949153,0.02469879518072289,,
2016,3214,-0.0016,-0.0020151133501259,-0.0100316789862724,0.0003966679888933,-0.0016,0.0,1.0380818053596614,1.0805604203152364,1.0525547445255474,1.1779935275080906,-0.0380818053596615,0.020804438280166437,,
2016,3215,0.0004783163265305,0.0073564688949303,-0.0044444444444444,-0.0012142471667566,0.0,0.0004783163265305,1.0123546511627908,1.0766110860748084,1.031044558071585,1.075394506136762,-0.012354651162790697,-0.013106624158696423,,
2016,3216,0.0032206792705371,0.0117230795464233,-0.0011697860962567,0.0113425065079955,0.0,0.0032206792705371,1.0297029702970297,1.0638348362600853,1.0577988915281076,1.0839757257667706,-0.0297029702970297,0.011976047904191617,,
2016,3217,-0.0179307002665374,-0.0057563895924476,-0.02504134183794,0.0036651013629596,-0.0179307002665374,0.0,1.0389676113360324,1.048502994011976,1.0355120946989191,1.1322207958921695,-0.03896761133603239,0.020377733598409543,,
2016,3218,-0.0109862356358125,-0.000246184145741,-0.0073953371772373,-0.0140845070422535,-0.0109862356358125,0.0,1.0141776937618148,1.0336611195158851,1.0342820181112549,1.0699588477366255,-0.014177693761814745,0.006566604127579738,,
2016,3219,-0.0002772387025228,0.0120549481356881,0.0011101859561477,-0.0209747069710055,-0.0002772387025228,0.0,1.019396551724138,1.0956873315363882,1.0817253121452894,1.0733197556008147,-0.01939655172413793,-0.007345225603357817,,
2016,3220,-0.0075742067553735,-0.0088325652841781,-0.0178930438279051,0.0033112582781456,-0.0075742067553735,0.0,1.0163220892274212,1.0520694259012016,1.0105263157894737,1.1287262872628727,-0.01632208922742111,0.02412280701754386,,
2016,3221,-0.009788926277149,0.0035982008995503,-0.0033536585365853,-0.0089628681177976,-0.009788926277149,0.0,1.0569948186528497,1.076215505913272,1.0455991516436904,1.1578947368421053,-0.05699481865284974,0.034482758620689655,,
2016,3222,-0.0059705839522353,0.0096755833807626,-0.018018018018018,-0.0002772387025228,-0.0059705839522353,0.0,1.047757929274517,1.0515275877792978,1.0481790591805766,1.019396551724138,-0.047757929274516955,0.04017372421281216,,
2016,4401,-0.0082644628099173,0.0006146281499692,-0.0006353240152477,-0.0062240663900414,-0.0082644628099173,0.0,1.0247252747252746,1.1155115511551155,1.0561797752808988,1.1103202846975089,-0.024725274725274724,-0.007978723404255319,,
2016,4402,-0.0173235166738847,-0.0033208800332088,-0.008587376556462,-0.0059705839522353,-0.0173235166738847,0.0,1.0266666666666666,1.1102756892230576,1.062015503875969,1.047757929274517,-0.02666666666666667,-0.016423357664233577,,
2016,4403,-0.0197856553998351,0.0045711212691583,-0.008176614881439,-0.0027797081306463,-0.0197856553998351,0.0,1.0251450676982592,1.110691823899371,1.094552929085303,1.1251956181533647,-0.025145067698259187,-0.004694835680751174,,
2016,4404,-0.0113341968911917,-0.0082367297132397,-0.0099390830394356,-0.0118296529968454,-0.0113341968911917,0.0,1.039179104477612,1.1071428571428572,1.0949612403100775,1.064516129032258,-0.03917910447761194,-0.01415929203539823,,
2016,4405,-0.0110150821894594,0.0059291885481957,-0.006732873253661,-0.0112794070254592,-0.0110150821894594,0.0,1.0390707497360085,1.084022038567493,1.0496688741721854,1.1125,-0.03907074973600845,0.03470031545741325,,
2016,4406,-0.0050100200400801,-0.0096339113680153,-0.0201276386843397,-0.0145985401459853,-0.0050100200400801,0.0,1.1994301994301995,1.33852140077821,1.2621951219512195,1.119221411192214,-0.19943019943019943,0.016908212560386472,,
2016,4407,-0.0110834652793485,-0.0111086909170114,-0.0102977389747034,-0.0109862356358125,-0.0110834652793485,0.0,1.0399628252788105,1.149812734082397,1.0633397312859885,1.0141776937618148,-0.039962825278810406,0.009927797833935019,,
2016,4408,-0.0070245860511791,0.0057609217474796,-0.0225600784698382,-0.004971826317534,-0.0070245860511791,0.0,1.0251572327044025,1.0608,1.0178571428571428,1.0758064516129033,-0.025157232704402517,0.021303258145363407,,
2016,4409,-0.0016041065126723,0.0161370820163033,0.0093911917098445,-0.0016910935738444,-0.0016041065126723,0.0,1.0594159113796575,1.081989247311828,1.0890774125132556,1.1843373493975904,-0.059415911379657606,0.024342745861733205,,
2016,4410,0.0009226794611552,0.0123819132348894,-0.0059616619279097,-0.0006507239303725,0.0,0.0009226794611552,1.0237529691211402,1.0825688073394495,1.0590853905301498,1.145928338762215,-0.023752969121140142,-0.011845624761176921,,
2016,4411,-0.0032401407146824,0.0049591330700706,-0.0107152669658393,0.0038910505836575,-0.0032401407146824,0.0,1.0491295938104448,1.0906775343861437,1.0563153660498794,1.0738916256157636,-0.04912959381044488,0.03274942878903275,,
2016,4412,-0.0110358474769769,-0.0021540518457996,-0.0036399484340639,-0.0094476744186046,-0.0110358474769769,0.0,1.049174569722515,1.103416435826408,1.0779954785229842,1.1793893129770991,-0.04917456972251493,0.04404054526389374,,
2016,4413,-0.0002454891371056,0.0012294074256209,-0.0023267205486162,-0.0028712059064807,-0.0002454891371056,0.0,1.0611551528878822,1.12015503875969,1.0717177559282822,1.0951868781930627,-0.061155152887882216,0.011332973556395036,,
2016,4414,-0.0028,-0.010132501948558,-0.0071485305798252,-0.011182108626198,-0.0028,0.0,1.0417536534446765,1.1325648414985592,1.0857142857142856,1.0745098039215686,-0.04175365344467641,0.010121457489878543,,
2016,4415,-0.0209747069710055,0.0126811594202898,-0.0139902676399026,-0.0084190832553788,-0.0209747069710055,0.0,1.0733197556008147,1.1569767441860466,1.0737527114967462,1.083547557840617,-0.07331975560081466,0.06464646464646465,,
2016,4416,-0.0011890606420927,-0.0011723329425556,-0.0078647267007471,-0.0171339563862927,-0.0011890606420927,0.0,1.0120481927710843,1.0611439842209074,1.0575427682737168,1.001669449081803,-0.012048192771084338,-0.011764705882352941,,
2016,4417,-0.0169000482858522,0.0032051282051281,-0.0166191832858499,-0.0024922118380061,-0.0169000482858522,0.0,1.0202702702702702,1.1106382978723404,1.0134003350083751,1.0484693877551021,-0.02027027027027027,-0.001652892561983471,,
2016,4418,0.0053619302949061,0.0082508250825081,0.0016111707841031,0.0004161464835621,0.0,0.0053619302949061,1.0732758620689655,1.1176470588235294,1.0596330275229358,1.0552220888355341,-0.07327586206896551,0.07792207792207792,,
2016,4419,0.0042735042735042,0.0041856925418568,-0.0224078997341435,-0.0101167315175096,0.0,0.0042735042735042,1.0627450980392157,1.1329787234042554,1.100204498977505,1.0720338983050848,-0.06274509803921569,0.007434944237918215,,
2016,4420,-0.0108886547242711,-0.0034590107229331,0.0003513703443429,-0.0044432828018818,-0.0108886547242711,0.0,1.0495867768595042,1.0648535564853556,1.0281923714759535,1.0326382592928378,-0.049586776859504134,0.024193548387096774,,
2016,4421,-0.0171339563862927,0.0120240480961923,-0.0041365046535677,-0.0146699266503667,-0.0171339563862927,0.0,1.001669449081803,1.1101123595505618,1.0831858407079646,1.0835266821345708,-0.001669449081803005,-0.0196078431372549,,
2016,4422,0.0047865975269245,0.0083999999999999,0.0023990403838465,0.0072778561354018,0.0,0.0047865975269245,1.0269662921348315,1.0679886685552409,1.0498812351543942,1.0867782712675094,-0.02696629213483146,0.033936651583710405,,
2016,4423,0.0016341395088244,0.0117070384999762,0.003561053322088,0.0142882035197768,0.0,0.0016341395088244,1.0219108280254776,1.0506541429050653,1.0470303681805966,1.0360920970752956,-0.021910828025477707,0.029517453798767967,,
2016,4424,-0.0067260498091256,0.0014191946070605,-0.0070397111913357,-0.0003064194882794,-0.0067260498091256,0.0,1.0142555438225977,1.0768136557610242,1.0532089961601756,1.0787083753784057,-0.014255543822597676,0.0005208333333333333,,
2016,4425,-0.0134877816566169,-0.0131063573365471,-0.0159275452841973,0.0040221216691804,-0.0134877816566169,0.0,1.044135429262394,1.144320297951583,1.1223262032085561,1.0664893617021276,-0.044135429262394194,0.02858844550327576,,
2016,4426,-0.0024922118380061,-0.0072420036210018,0.0037523452157599,-0.0033003300330033,-0.0024922118380061,0.0,1.0484693877551021,1.1401869158878504,1.0745501285347043,1.078183520599251,-0.04846938775510204,-0.01674641148325359,,
2016,4427,-0.0155165373621886,-0.0050446255335662,-0.0152794531564133,-0.0032502708559046,-0.0155165373621886,0.0,1.059612518628912,1.182170542635659,1.110773899848255,1.0817490494296578,-0.05961251862891207,-0.028688524590163935,,
2016,5201,-0.0089649551752241,0.0040983606557376,0.0016326530612245,-0.0079292467215614,-0.0089649551752241,0.0,1.0997229916897506,1.146067415730337,1.1470588235294117,1.025,-0.0997229916897507,0.017948717948717947,,
2016,5202,-0.0033003300330033,0.0037117228580265,-0.0026743468422135,-0.0011757789535566,-0.0033003300330033,0.0,1.078183520599251,1.156929347826087,1.1261398176291793,1.1307506053268765,-0.07818352059925093,0.03598740440845704,,
2016,5203,-0.0032397408207343,-0.0034151547491996,-0.0047291487532243,-0.0203935599284436,-0.0032397408207343,0.0,1.327054794520548,1.4838709677419355,1.4025044722719142,1.073208722741433,-0.3270547945205479,-0.011479591836734694,,
2016,5204,-0.0040650406504064,-0.0182186234817813,0.003058103975535,-0.0032401407146824,-0.0040650406504064,0.0,1.020979020979021,1.07,1.1774193548387097,1.0491295938104448,-0.02097902097902098,0.0,,
2016,5205,-0.0101167315175096,0.0142292490118576,0.0031225604996096,0.0,-0.0101167315175096,0.0,1.0720338983050848,1.1337209302325582,1.1488372093023256,1.146341463414634,-0.07203389830508475,0.024291497975708502,,
2016,5206,-0.0128179043743641,0.0064594267258781,-0.0050607287449392,-0.0113341968911917,-0.0128179043743641,0.0,1.0947666195190948,1.1918367346938776,1.1413690476190477,1.039179104477612,-0.09476661951909476,0.009126466753585397,,
2016,5207,-0.0220202726319468,-0.0027350427350427,-0.0045233124565066,0.0016341395088244,-0.0220202726319468,0.0,1.1657559198542806,1.25706940874036,1.1830188679245284,1.0219108280254776,-0.1657559198542805,0.02073365231259968,,
2016,5208,-0.0062240663900414,-0.0020013342228152,-0.0075497597803706,-0.0174204355108877,-0.0062240663900414,0.0,1.1103202846975089,1.19,1.169172932330827,1.0833333333333333,-0.1103202846975089,0.003215434083601286,,
2016,5209,-0.0118296529968454,-0.000755857898715,-0.0109204368174726,-0.0010783608914449,-0.0118296529968454,0.0,1.064516129032258,1.1194029850746268,1.0801526717557253,1.1019522776572668,-0.06451612903225806,0.04946996466431095,,
2016,5210,0.0023304591004427,0.0072821235611932,-0.0011638733705773,-0.0061162079510703,0.0,0.0023304591004427,1.1371191135734071,1.1947791164658634,1.176991150442478,1.1224018475750577,-0.1371191135734072,0.02882205513784461,,
2016,5211,-0.0076849183477425,0.0050724637681158,0.0002402113860195,-0.0160823415889354,-0.0076849183477425,0.0,1.063047285464098,1.154228855721393,1.1200750469043153,1.0623916811091854,-0.06304728546409807,0.01675041876046901,,
2016,5212,-0.0056213371606267,0.0040983606557376,-0.0092428012797725,-0.0134877816566169,-0.0056213371606267,0.0,1.0704081632653062,1.1281869688385269,1.1147807255008122,1.044135429262394,-0.07040816326530612,0.01894123360854784,,
2016,5213,-0.0011757789535566,0.0077542499254399,0.0017667844522968,0.0016977928692698,-0.0011757789535566,0.0,1.1307506053268765,1.2777777777777777,1.2019704433497538,1.3144329896907216,-0.13075060532687652,-0.0430327868852459,,
2016,5214,-0.0145497443963822,0.0015741833923652,-0.0058639562157936,-0.0068119891008174,-0.0145497443963822,0.0,1.236220472440945,1.3211678832116789,1.270718232044199,1.2586206896551724,-0.23622047244094488,0.02391304347826087,,
2016,5215,-0.0147895335608646,-0.002776235424764,-0.0062182023742227,0.0032206792705371,-0.0147895335608646,0.0,1.1226765799256506,1.1988950276243093,1.2073170731707317,1.0297029702970297,-0.12267657992565056,0.016835016835016835,,
2016,5216,0.0083767451552407,0.0102927820784499,0.0085746710941112,-0.0044626255113424,0.0,0.0083767451552407,1.108464984673426,1.1582830315224681,1.1646090534979423,1.080074487895717,-0.10846498467342608,0.03820671378091873,,
2016,5217,0.0026939655172413,0.0038953811908737,0.0086956521739129,-0.0146926536731634,0.0,0.0026939655172413,1.2164948453608246,1.2431192660550459,1.25,1.016441005802708,-0.21649484536082475,-0.0028169014084507044,,
2016,5218,-0.0126582278481012,0.0073193046660566,0.0,-0.0061664953751284,-0.0126582278481012,0.0,1.0969162995594715,1.146341463414634,1.1415094339622642,1.0729813664596273,-0.09691629955947137,0.028925619834710745,,
2016,5219,0.0042598509052182,-0.0061199510403916,0.0070476482304273,-0.0106518960374947,0.0,0.0042598509052182,1.1687440076701823,1.2022332506203475,1.1768642447418738,1.2087378640776698,-0.16874400767018216,-0.00974817221770918,,
2016,5220,-0.0078028747433265,0.0080321285140563,-0.0065279477764177,0.0037359900373599,-0.0078028747433265,0.0,1.151093439363817,1.2433862433862435,1.1765913757700206,1.1377952755905512,-0.15109343936381708,0.010471204188481676,,
2016,5221,-0.0120036934441366,0.0018264840182649,-0.0163487738419618,-0.0043868394815553,-0.0120036934441366,0.0,1.09,1.1824324324324325,1.1071428571428572,1.0953058321479374,-0.09,0.004608294930875576,,
2016,5301,-0.001730702665282,0.0144315381907778,0.0017337031900139,-0.005100941159566,-0.001730702665282,0.0,1.2892156862745099,1.3617747440273038,1.3529411764705883,1.0967244701348748,-0.28921568627450983,0.039525691699604744,,
2016,5302,-0.0021210091538289,0.0062583817612873,-0.0034486594726887,0.0072307180851063,-0.0021210091538289,0.0,1.169683257918552,1.1913767019667172,1.2002419842710224,1.070262246412667,-0.16968325791855204,0.04233870967741935,,
2016,5303,-0.0086526576019777,-0.0170487948265726,0.0024783147459728,-0.0072859744990892,-0.0086526576019777,0.0,1.0626702997275204,1.0965250965250966,1.106508875739645,1.0532212885154062,-0.06267029972752043,0.0427807486631016,,
2016,5304,-0.0050547598989048,0.0042122999157538,-0.0012620950778291,-0.0081337550835969,-0.0050547598989048,0.0,1.1232558139534883,1.2018927444794953,1.124401913875598,1.061881188118812,-0.12325581395348838,0.027659574468085105,,
2016,5305,-0.0005313496280552,-0.0041601664066562,-0.0058108821975699,-0.0076849183477425,-0.0005313496280552,0.0,1.1043771043771045,1.1290322580645162,1.1228070175438596,1.063047285464098,-0.10437710437710437,0.025,,
2016,5306,-0.0281065088757396,-0.0014214641080312,-0.0152949745083758,-0.0020308692120227,-0.0281065088757396,0.0,1.1074074074074074,1.1703296703296704,1.1067193675889329,1.1708185053380782,-0.10740740740740741,0.06785714285714285,,
2016,5307,-0.0019292604501607,-0.0012453300124533,-0.0126984126984126,0.0003417634996583,-0.0019292604501607,0.0,1.1526104417670682,1.2045454545454546,1.1702127659574468,1.0165745856353592,-0.15261044176706828,0.04363636363636364,,
2016,5308,-0.015196564255038,-0.0116425424795468,-0.0149690855841198,-0.0049261083743842,-0.015196564255038,0.0,1.2226890756302522,1.316568047337278,1.2375809935205184,1.0297029702970297,-0.22268907563025211,0.015706806282722512,,
2016,5309,-0.0094485483593884,0.0057852645907776,-0.0012010981468771,0.0023304591004427,-0.0094485483593884,0.0,1.1075731497418244,1.1449101796407186,1.115419296663661,1.1371191135734071,-0.10757314974182444,0.04042037186742118,,
2016,5310,-0.0112794070254592,0.0051085568326947,-0.0095754867539099,-0.0025429116338206,-0.0112794070254592,0.0,1.1125,1.1926829268292682,1.1846153846153846,1.2397820163487738,-0.1125,0.011363636363636364,,
2016,5311,-0.0089628681177976,-0.0082487309644669,-0.0069930069930069,-0.0218423551756885,-0.0089628681177976,0.0,1.1578947368421053,1.167487684729064,1.189922480620155,1.1387900355871887,-0.15789473684210525,0.003257328990228013,,
2016,5312,-0.0010783608914449,-0.0021306818181817,0.0054210336104083,-0.014821497615672,-0.0010783608914449,0.0,1.1019522776572668,1.1703470031545742,1.1395348837209303,1.050880626223092,-0.1019522776572668,0.036734693877551024,,
2016,5313,-0.001243626414625,-0.0043352601156069,-0.0086302552089754,-0.0053815520396082,-0.001243626414625,0.0,1.1403100775193797,1.2473794549266248,1.1528662420382165,1.104,-0.14031007751937985,0.015883977900552487,,
2016,5314,-0.0042301184433164,0.0146818923327896,-0.010878661087866,-0.0079730144127567,-0.0042301184433164,0.0,1.1512605042016806,1.2101910828025477,1.1043478260869566,1.1144130757800892,-0.15126050420168066,0.07874015748031496,,
2016,5315,0.0072778561354018,0.0189659197012137,0.0011861726163577,-0.0075742067553735,0.0,0.0072778561354018,1.0867782712675094,1.1673209028459275,1.1169252977264525,1.0163220892274212,-0.0867782712675094,0.02778675282714055,,
2016,5316,-0.0024891101431238,0.0014201663623452,-0.0057743864714374,-0.0032397408207343,-0.0024891101431238,0.0,1.0902004454342984,1.1533546325878594,1.1022326674500587,1.327054794520548,-0.09020044543429843,0.04371002132196162,,
2016,5317,-0.0027797081306463,0.003501400560224,-0.0009257116408238,-0.0068055890146953,-0.0027797081306463,0.0,1.1251956181533647,1.2394067796610169,1.1744186046511629,1.051749630359783,-0.12519561815336464,0.016973125884016973,,
2016,5318,0.0091066101428796,0.01592863969417,-0.0026620732853116,-0.0118717847249703,0.0,0.0091066101428796,1.1678908709338929,1.2217391304347827,1.1784140969162995,1.150943396226415,-0.16789087093389296,0.04018691588785047,,
2016,5319,0.0037647058823528,0.0110736639383726,0.0033050047214353,-0.0082954241370083,0.0,0.0037647058823528,1.1263537906137184,1.2352941176470589,1.1455938697318007,1.0776892430278884,-0.1263537906137184,0.043478260869565216,,
2016,7501,-0.002680965147453,0.0043838285435946,0.0058837950478058,0.0058185665167944,-0.002680965147453,0.0,1.0867647058823529,1.154308617234469,1.103448275862069,1.106115107913669,-0.08676470588235294,0.04971590909090909,,
2016,7502,-0.0124318801089918,0.0061533344420421,-0.0111148534860222,0.0073732718894008,-0.0124318801089918,0.0,1.097541633624108,1.1686746987951808,1.1058631921824105,1.0217391304347827,-0.09754163362410785,0.01914580265095729,,
2016,7503,0.0050572044437076,0.0087406653088935,0.0032437827497295,-0.0106071689831748,0.0,0.0050572044437076,1.1542893725992318,1.2107969151670952,1.2105263157894737,1.059662775616083,-0.15428937259923176,0.018068887634105024,,
2016,7504,-0.0174204355108877,-0.0163934426229508,-0.004004004004004,-0.0037029417815264,-0.0174204355108877,0.0,1.0833333333333333,1.1782786885245902,1.115321252059308,1.06796875,-0.08333333333333333,0.01772525849335303,,
2016,7505,0.0113425065079955,0.0101327290385238,0.0085325832161275,-0.0150993377483443,0.0,0.0113425065079955,1.0839757257667706,1.1601174345076783,1.1183910064992095,1.0896358543417366,-0.08397572576677054,0.038008481231349145,,
2016,7506,-0.0105065666041276,-0.0083454281567488,-0.0078183172002977,-0.0110150821894594,-0.0105065666041276,0.0,1.1004672897196262,1.1587837837837838,1.129113924050633,1.0390707497360085,-0.10046728971962617,0.05605381165919283,,
2016,7507,-0.0061664953751284,0.0004996252810391,-0.0015392508978963,0.0016242555495398,-0.0061664953751284,0.0,1.0729813664596273,1.1541850220264318,1.1116584564860428,1.0871369294605808,-0.07298136645962733,0.0206794682422452,,
2016,7508,-0.029381443298969,-0.0044378698224851,-0.0202020202020202,0.0059935454126325,-0.029381443298969,0.0,1.0810810810810811,1.190909090909091,1.1399491094147582,1.062106703146375,-0.08108108108108109,-0.017857142857142856,,
2016,7509,-0.0045523520485584,0.0009027986758953,0.0015197568389058,-0.0050547598989048,-0.0045523520485584,0.0,1.1894736842105262,1.2424242424242424,1.213381555153707,1.1232558139534883,-0.18947368421052632,0.010432190760059613,,
2016,7510,-0.0099188458070333,0.0042372881355932,-0.0080500894454382,-0.0088041085840058,-0.0099188458070333,0.0,1.143048128342246,1.238888888888889,1.180028129395218,1.051532033426184,-0.14304812834224598,0.01907032181168057,,
2016,7511,-0.011943539630836,-0.0105693828844186,-0.0100322465066284,-0.0112279025322503,-0.011943539630836,0.0,1.0694183864915572,1.0970654627539504,1.0916179337231968,1.0635135135135134,-0.06941838649155722,0.017857142857142856,,
2016,7512,0.0003966679888933,0.0163759818932232,-0.0043443917851501,-0.0220202726319468,0.0,0.0003966679888933,1.1779935275080906,1.2130242825607065,1.217993079584775,1.1657559198542806,-0.1779935275080906,0.03409090909090909,,
2016,7513,0.0117407992774891,0.0257397161414481,0.0162918770078017,-0.0052747252747252,0.0,0.0117407992774891,1.2236503856041132,1.281767955801105,1.2445652173913044,1.1066907775768535,-0.2236503856041131,0.039301310043668124,,
2016,7514,0.0029717682020802,-0.004739336492891,0.0026070763500931,-0.0154494382022472,0.0,0.0029717682020802,1.155844155844156,1.2309417040358743,1.1381692573402418,1.0326530612244897,-0.15584415584415584,0.08042488619119878,,
2016,7515,-0.0025429116338206,0.0156148340923878,-0.0037998733375553,-0.0034423407917383,-0.0025429116338206,0.0,1.2397820163487738,1.44106463878327,1.2682215743440233,1.0765306122448979,-0.23978201634877383,0.04597701149425287,,
2016,7516,-0.0016910935738444,0.0100545820166619,0.0011286681715576,0.0005527915975678,-0.0016910935738444,0.0,1.1843373493975904,1.2737704918032786,1.1997389033942558,1.0663716814159292,-0.18433734939759036,0.06964091403699674,,
2016,7517,-0.014821497615672,-0.008399209486166,-0.0112144768701414,-0.015451174289246,-0.014821497615672,0.0,1.050880626223092,1.1015820149875104,1.0709855272226052,1.10801393728223,-0.050880626223091974,0.03667953667953668,,
2016,7518,-0.0118717847249703,-0.0019062142584826,-0.0105716523101018,0.0069598228408731,-0.0118717847249703,0.0,1.150943396226415,1.2112676056338028,1.1497797356828194,1.1359927470534905,-0.1509433962264151,0.05172413793103448,,
2016,7519,0.0006163328197226,0.0081743869209809,0.0,-0.0057272242940863,0.0,0.0006163328197226,0.9950819672131147,1.0850111856823266,1.0600706713780919,1.0883534136546185,0.004918032786885246,0.011666666666666667,,
2016,7520,-0.0083983203359327,-0.0019459038723487,-0.000998801438274,-0.0095477386934673,-0.0083983203359327,0.0,1.044296788482835,1.143074581430746,1.132701421800948,1.1193415637860082,-0.044296788482835,-0.013598326359832637,,
2016,7521,-0.0095477386934673,0.0014634146341463,-0.0099502487562188,-0.0145497443963822,-0.0095477386934673,0.0,1.1193415637860082,1.17,1.1218487394957983,1.236220472440945,-0.11934156378600823,0.018726591760299626,,
2016,7522,0.00415964024733,0.0043816409245263,-0.0084717422806821,0.0151470370917687,0.0,0.00415964024733,1.0526315789473684,1.0933211344922233,1.076470588235294,1.0651629072681705,-0.05263157894736842,0.02459016393442623,,
2016,7523,-0.0064640111809922,-0.0144542282771223,-0.0046948356807511,-0.010341726618705,-0.0064640111809922,0.0,1.0417439703153988,1.146279949558638,1.095566502463054,1.094562647754137,-0.041743970315398886,0.009892086330935251,,
2016,7524,-0.0057272242940863,0.0031599736668861,-0.0010643959552953,-0.0078028747433265,-0.0057272242940863,0.0,1.0883534136546185,1.1488277268093783,1.1277495769881556,1.151093439363817,-0.08835341365461848,0.016504126031507877,,
2016,7525,-0.0135795763172189,0.0010643959552953,-0.0048648648648648,0.00415964024733,-0.0135795763172189,0.0,1.1306413301662708,1.173374613003096,1.1534653465346534,1.0526315789473684,-0.13064133016627077,0.02145922746781116,,
2016,7526,0.0016977928692698,0.0111824886985487,-0.0180995475113122,-0.0147895335608646,0.0,0.0016977928692698,1.3144329896907216,1.414691943127962,1.355191256830601,1.1226765799256506,-0.31443298969072164,0.028225806451612902,,
2016,7527,-0.0222101841820151,-0.0145228215767634,-0.0149413020277481,-0.0080428954423592,-0.0222101841820151,0.0,1.0676056338028168,1.1235955056179776,1.09009009009009,1.0975609756097562,-0.0676056338028169,0.0440771349862259,,
2016,7528,-0.0091424968474148,0.011111111111111,-0.0037688442211055,0.0015544041450776,-0.0091424968474148,0.0,1.1350078492935636,1.1727642276422765,1.1819727891156462,1.2172185430463576,-0.13500784929356358,0.04028776978417266,,
2016,7529,-0.0068119891008174,-0.002260397830018,-0.0009074410163338,-0.0145539906103286,-0.0068119891008174,0.0,1.2586206896551724,1.358744394618834,1.290909090909091,1.1365461847389557,-0.25862068965517243,0.028169014084507043,,
2016,7530,-0.0094476744186046,-0.005540166204986,-0.0143266475644698,-0.0019604348600962,-0.0094476744186046,0.0,1.1793893129770991,1.248730964467005,1.2380952380952381,1.0457815565729234,-0.17938931297709923,-0.009615384615384616,,
2016,7531,-0.0218423551756885,-0.0086011770031688,-0.0168067226890756,0.0099428813200761,-0.0218423551756885,0.0,1.1387900355871887,1.2282608695652173,1.0898876404494382,1.0667384284176533,-0.1387900355871886,0.09965635738831616,,
2016,7532,-0.0140845070422535,-0.0135690789473684,-0.0164502164502164,0.0002502502502501,-0.0140845070422535,0.0,1.0699588477366255,1.1335078534031413,1.0740740740740742,1.152230971128609,-0.06995884773662552,0.05476673427991886,,
2016,7601,0.0032882718304714,0.0036469730123998,-0.0054505813953488,-0.009788926277149,0.0,0.0032882718304714,1.2962962962962963,1.4221218961625282,1.3584905660377358,1.0569948186528497,-0.2962962962962963,0.016414141414141416,,
2016,7602,0.0012767315671879,-0.0006358289620091,0.0035233824471492,-0.0004705439488048,0.0,0.0012767315671879,1.066772655007949,1.1308411214953271,1.0846605196982397,1.0263036455929857,-0.06677265500794913,0.03709428129829984,,
2016,7603,-0.005700325732899,-0.0072892040977147,-0.008678102926337,-0.0021210091538289,-0.005700325732899,0.0,1.0792639773531494,1.1636363636363636,1.1413292589763178,1.169683257918552,-0.07926397735314933,0.020749665327978582,,
2016,7604,-0.0097697138869504,-0.0088809946714032,-0.0076177285318559,-0.0004672897196261,-0.0097697138869504,0.0,1.0667678300455234,1.1106290672451193,1.0980392156862746,1.0763723150357996,-0.06676783004552352,0.046130952380952384,,
2016,7605,-0.0061162079510703,-0.0204918032786884,-0.0156532209512342,-0.0072463768115942,-0.0061162079510703,0.0,1.1224018475750577,1.1682242990654206,1.1299019607843137,1.0602409638554218,-0.12240184757505773,0.05422993492407809,,
2016,7606,-0.0006507239303725,0.0097103091115067,-0.0136392811296534,-0.0002651113467656,-0.0006507239303725,0.0,1.145928338762215,1.1898625429553265,1.1341705221414409,1.052880075542965,-0.14592833876221498,0.02505827505827506,,
2016,7607,-0.0012285012285012,-0.0034762456546929,-0.0065093572009764,-0.0155165373621886,-0.0012285012285012,0.0,1.1186046511627907,1.186246418338109,1.1161137440758293,1.059612518628912,-0.1186046511627907,0.021231422505307854,,
2016,7608,-0.0037029417815264,-0.0050180650341228,-0.0038934426229507,-0.0186274509803922,-0.0037029417815264,0.0,1.06796875,1.1543408360128617,1.1072891072891073,1.0704521556256572,-0.06796875,0.011094674556213017,,
2016,7609,-0.0146699266503667,0.0029002320185613,-0.0180072028811524,-0.001730702665282,-0.0146699266503667,0.0,1.0835266821345708,1.2162162162162162,1.1155778894472361,1.2892156862745099,-0.08352668213457076,0.0518018018018018,,
2016,7610,-0.0011502185415228,-0.0026572187776793,-0.0086659064994298,-0.0173235166738847,-0.0011502185415228,0.0,1.0508083140877598,1.1134020618556701,1.0494699646643109,1.0266666666666666,-0.050808314087759814,0.02132435465768799,,
2016,7611,-0.0063745019920318,-0.0137509549274255,-0.0059405940594059,-0.0089649551752241,-0.0063745019920318,0.0,1.103448275862069,1.173913043478261,1.0831024930747923,1.0997229916897506,-0.10344827586206896,0.0639386189258312,,
2016,7612,-0.0055882352941176,-0.0166572557876906,0.0053222945002957,-0.0105065666041276,-0.0055882352941176,0.0,1.0709838107098382,1.1646447140381282,1.092327698309493,1.1004672897196262,-0.07098381070983811,0.023809523809523808,,
2016,7613,-0.0106518960374947,-0.0062214848610534,-0.0113732097725357,-0.0133297062023939,-0.0106518960374947,0.0,1.2087378640776698,1.3093525179856116,1.3038674033149171,1.0410958904109588,-0.2087378640776699,0.05508474576271186,,
2016,7614,-0.0024740227610093,-0.0213371266002845,-0.0102840352595494,-0.0084388185654008,-0.0024740227610093,0.0,1.1554054054054055,1.2740384615384615,1.184782608695652,1.068062827225131,-0.1554054054054054,0.045871559633027525,,
2016,7615,0.0004313133491482,0.0119825708061003,-0.0006465517241379,-0.0124318801089918,0.0,0.0004313133491482,1.0447227191413238,1.1116816431322207,1.0907297830374754,1.097541633624108,-0.044722719141323794,0.05605786618444846,,
2016,7616,0.0161066370452651,0.0160941628633197,0.0092017375869961,-0.0124753775443203,0.0,0.0161066370452651,1.0998994974874372,1.1639654240950836,1.130171333054743,1.1037037037037036,-0.09989949748743719,0.011647254575707155,,
2016,7617,-0.0027347310847766,-0.000895255147717,0.0015978087194703,-0.0033961099104662,-0.0027347310847766,0.0,1.1237668161434977,1.2057716436637391,1.1421933085501859,1.0707213578500707,-0.12376681614349776,0.01952807160292921,,
2016,7618,-0.002862783810464,0.0071191730056563,-0.003148986419996,-0.0091424968474148,-0.002862783810464,0.0,1.1146521570151573,1.1713513513513514,1.160853508411982,1.1350078492935636,-0.11465215701515741,0.013785790031813362,,
2016,7619,-0.0168804861580013,-0.0163719711853307,0.0109215017064845,-0.0168890742285238,-0.0168804861580013,0.0,1.2091836734693877,1.2532467532467533,1.1822916666666667,1.08011583011583,-0.20918367346938777,0.04405286343612335,,
2016,7620,-0.0034686346863468,-0.0024126334259394,-0.0015474172868616,-0.0067260498091256,-0.0034686346863468,0.0,1.1834445118253487,1.3035714285714286,1.2300131061598951,1.0142555438225977,-0.18344451182534868,0.039690996270644645,,
2016,7621,0.0034527406128614,-0.0006369426751592,-0.0038693035253654,-0.0099188458070333,0.0,0.0034527406128614,1.1662650602409639,1.2199312714776633,1.0857843137254901,1.143048128342246,-0.16626506024096385,0.09255079006772009,,
2016,7622,-0.0072859744990892,-0.0138969310943832,-0.0187667560321715,-0.0077764277035237,-0.0072859744990892,0.0,1.0532212885154062,1.1238447319778189,1.0740740740740742,1.0568627450980392,-0.05322128851540616,0.037241379310344824,,
2016,7623,0.0059563203176704,0.0,-0.008530183727034,0.0059563203176704,0.0,0.0059563203176704,1.1180285343709468,1.1996587030716723,1.1243386243386244,1.1180285343709468,-0.11802853437094682,0.01411764705882353,,
2016,7624,-0.0173581710414902,-0.0112496611547845,-0.0092281879194631,-0.0281065088757396,-0.0173581710414902,0.0,1.115920763022744,1.2003948667324777,1.1489526764934057,1.1074074074074074,-0.11592076302274394,0.02700877785280216,,
2016,7625,0.0059935454126325,0.0114417150777033,0.0045736119956001,-0.011943539630836,0.0,0.0059935454126325,1.062106703146375,1.1210998439937598,1.0875270367700072,1.0694183864915572,-0.06210670314637483,0.0294351630867144,,
2016,8401,0.0016947462865117,0.0181426814268141,-0.0011948620930001,-0.0011890606420927,0.0,0.0016947462865117,1.084063047285464,1.1299303944315546,1.0988909426987061,1.0120481927710843,-0.0840630472854641,0.04121110176619008,,
2016,8402,0.0015544041450776,-0.0012997140629061,0.0010373443983402,0.0048140043763675,0.0,0.0015544041450776,1.2172185430463576,1.2782764811490126,1.2212885154061626,1.0736196319018405,-0.21721854304635763,0.05389908256880734,,
2016,8403,-0.0016488046166529,-0.0119521912350597,0.0033085194375517,-0.016359918200409,-0.0016488046166529,0.0,1.0689655172413792,1.1962616822429906,1.0683453237410072,1.0740740740740742,-0.06896551724137931,0.04377104377104377,,
2016,8404,-0.0103806228373702,0.0103806228373701,0.0,0.0070040668775417,-0.0103806228373702,0.0,1.0727272727272728,1.1437908496732025,1.145,1.02863436123348,-0.07272727272727272,0.03056768558951965,,
2016,8405,-0.0003064194882794,0.0251423149905123,-0.0001531862745097,-0.0090595765632692,-0.0003064194882794,0.0,1.0787083753784057,1.1274238227146813,1.1109902067464636,1.0530222693531284,-0.07870837537840565,0.04701273261508325,,
2016,8406,0.0040650406504065,0.0278614457831325,0.0089158345221111,-0.0172490048651039,0.0,0.0040650406504065,1.0889679715302492,1.1357142857142857,1.0822966507177034,1.048498845265589,-0.08896797153024912,0.08222811671087533,,
2016,8407,-0.0002651113467656,0.0152938019855111,-0.0040924092409241,0.0120228170250109,-0.0002651113467656,0.0,1.052880075542965,1.0869565217391304,1.0744047619047619,1.0539894887720975,-0.05288007554296506,0.029547553093259463,,
2016,8408,8.008328661812669e-05,-0.0029093260061419,0.001443580078595,-0.0052631578947368,0.0,8.008328661812669e-05,1.0721973094170403,1.1044600938967135,1.0883476599808979,1.218645948945616,-0.07219730941704036,0.04914436156208864,,
2016,8409,0.0030624397436624,0.015225791568141,-0.0003968253968253,-0.0140421263791373,0.0,0.0030624397436624,1.065436825617821,1.1128205128205129,1.0799545282303904,1.1955307262569832,-0.06543682561782109,0.07403508771929825,,
2016,8410,-0.0081337550835969,-0.0045578851412944,0.0123513266239707,-0.0108886547242711,-0.0081337550835969,0.0,1.061881188118812,1.0725552050473186,1.0626631853785902,1.0495867768595042,-0.06188118811881188,0.05405405405405406,,
2016,8411,-0.0108323831242873,0.0115473441108544,-0.0067950169875424,0.0068267931378578,-0.0108323831242873,0.0,0.9862385321100917,1.075,1.0096153846153846,1.0331706319797602,0.013761467889908258,0.023809523809523808,,
2016,8412,-0.0076238881829733,0.0132933104631218,-0.0033769523005487,-0.01952770208901,-0.0076238881829733,0.0,1.0701754385964912,1.1897233201581028,1.1181818181818182,1.1192660550458715,-0.07017543859649122,-0.008130081300813009,,
2016,8413,-0.0048043925875085,0.0078369905956112,0.0044812133746983,-0.0012285012285012,-0.0048043925875085,0.0,0.9407616361071932,1.0134615384615384,0.9622641509433962,1.1186046511627907,0.05923836389280677,0.006033182503770739,,
2016,8414,0.0051387461459404,0.0044187627464309,-0.0171717171717171,-0.002680965147453,0.0,0.0051387461459404,1.0630081300813008,1.1818181818181819,1.058091286307054,1.0867647058823529,-0.06300813008130081,0.025490196078431372,,
2016,8415,0.0058185665167944,0.0034908700322233,-0.0034264628360569,0.0020809558971603,0.0,0.0058185665167944,1.106115107913669,1.1855670103092784,1.1235521235521235,1.068139097744361,-0.10611510791366907,0.05670103092783505,,
2016,8416,-0.0012142471667566,0.013949556150486,-0.0010781671159029,-0.0119729307652264,-0.0012142471667566,0.0,1.075394506136762,1.102721685689201,1.0996784565916398,1.1476997578692494,-0.07539450613676213,0.07602339181286549,,
2016,8417,-0.0172490048651039,-0.0120274914089346,0.002660753880266,-0.0097181729834791,-0.0172490048651039,0.0,1.048498845265589,1.0752351097178683,1.1131105398457584,1.125,-0.04849884526558892,0.04849884526558892,,
2016,8418,-0.0061068702290076,-0.0003085467448318,0.0,-0.0064640111809922,-0.0061068702290076,0.0,1.0168918918918919,1.0502283105022832,1.028268551236749,1.0417439703153988,-0.016891891891891893,0.03436426116838488,,
2016,8419,-0.0107840279801807,-0.0104994324631101,-0.0057954216169225,-0.0120036934441366,-0.0107840279801807,0.0,1.1199186991869918,1.177142857142857,1.0888429752066116,1.09,-0.11991869918699187,0.04554079696394687,,
2016,8420,0.0048140043763675,0.0043346337234504,-0.0008745080891998,0.0098572399728076,0.0,0.0048140043763675,1.0736196319018405,1.1688311688311688,1.085987261146497,1.04,-0.0736196319018405,0.026392961876832845,,
2016,8421,0.0076110674696692,0.0110664348330074,0.0085564886705751,-0.0135795763172189,0.0,0.0076110674696692,1.056260162601626,1.095004331504476,1.0709883588221867,1.1306413301662708,-0.056260162601626015,0.03836317135549872,,
2016,8422,-0.004971826317534,0.0100200400801602,-0.0009933774834437,-0.0093793103448276,-0.004971826317534,0.0,1.0758064516129033,1.1694117647058824,1.1461675579322639,1.0573770491803278,-0.07580645161290323,0.03732503888024884,,
2016,8423,-0.0203935599284436,-0.0061728395061728,-0.0092165898617511,-0.0042301184433164,-0.0203935599284436,0.0,1.073208722741433,1.1315240083507307,1.0725806451612903,1.1512605042016806,-0.07320872274143302,0.03609022556390978,,
2016,8424,-0.018695652173913,-0.0121085594989561,-0.010752688172043,0.0076110674696692,-0.018695652173913,0.0,1.094298245614035,1.095774647887324,1.1560283687943262,1.056260162601626,-0.09429824561403509,0.02044989775051125,,
2016,8425,-0.0125067971723762,0.0130363932645301,-0.0155246252676659,-0.0016041065126723,-0.0125067971723762,0.0,1.0962199312714778,1.1594827586206897,1.1449814126394051,1.0594159113796575,-0.09621993127147767,0.03571428571428571,,
2016,8426,-0.0133297062023939,-0.0015702695629415,-0.012624227773301,-0.0045523520485584,-0.0133297062023939,0.0,1.0410958904109588,1.1084812623274163,1.0792393026941363,1.1894736842105262,-0.0410958904109589,0.004405286343612335,,
2016,8427,-0.0044626255113424,0.0077205882352942,-0.0007432181345224,-0.0063745019920318,-0.0044626255113424,0.0,1.080074487895717,1.1306532663316582,1.122,1.103448275862069,-0.08007448789571694,0.0338680926916221,,
2016,8428,-0.0108399236433051,-0.0008543638275499,-0.0155043962682058,-0.0187239944521497,-0.0108399236433051,0.0,1.0539964476021315,1.102288650163475,1.0852102102102101,1.0504731861198737,-0.05399644760213144,0.026288481494292634,,
2016,8429,-0.0097181729834791,-0.0057197330791229,-0.0048355899419729,0.0148804973755287,-0.0097181729834791,0.0,1.125,1.2093023255813953,1.0740740740740742,1.0351851851851852,-0.125,0.008620689655172414,,
2016,8430,-0.005420054200542,-0.0153640614562458,-0.0020283975659228,0.0047865975269245,-0.005420054200542,0.0,1.055084745762712,1.1560693641618498,1.0657894736842106,1.0269662921348315,-0.05508474576271186,0.024691358024691357,,
2016,8431,0.0036651013629596,0.0125874125874125,-0.000114521300962,-0.0107840279801807,0.0,0.0036651013629596,1.1322207958921695,1.1879964695498677,1.1569037656903767,1.1199186991869918,-0.13222079589216945,0.06329113924050633,,
2016,8432,-0.0150993377483443,-0.0091264667535854,-0.0005295207836907,-0.0026851644663236,-0.0150993377483443,0.0,1.0896358543417366,1.1236559139784945,1.0951683748169838,1.0394417475728155,-0.0896358543417367,0.040106951871657755,,
2016,8433,0.0069598228408731,0.0170012953367875,-0.0039388687568929,0.0030624397436624,0.0,0.0069598228408731,1.1359927470534905,1.149643705463183,1.1168224299065421,1.065436825617821,-0.1359927470534905,0.048535564853556486,,
2016,8434,-0.0043868394815553,0.0161224489795919,-0.0001993620414673,-0.0169000482858522,-0.0043868394815553,0.0,1.0953058321479374,1.19009900990099,1.1267175572519084,1.0202702702702702,-0.0953058321479374,0.04336043360433604,,
2016,8435,0.0004161464835621,0.0147404400769066,0.004808697470207,-0.0025974025974025,0.0,0.0004161464835621,1.0552220888355341,1.088646967340591,1.0798429319371727,1.0887096774193548,-0.055222088835534214,0.06545454545454546,,
2016,9301,0.0151470370917687,0.0137867647058822,0.0111318640268958,-0.0016488046166529,0.0,0.0151470370917687,1.0651629072681705,1.114935064935065,1.1068947087119188,1.0689655172413792,-0.06516290726817042,0.02607436021245775,,
2016,9302,0.0005527915975678,-0.0134048257372654,0.0011068068622024,-0.005420054200542,0.0,0.0005527915975678,1.0663716814159292,1.103030303030303,1.0267857142857142,1.055084745762712,-0.06637168141592921,0.04782608695652174,,
2016,9303,0.0033112582781456,0.00802407221665,0.0096957539284521,0.0117407992774891,0.0,0.0033112582781456,1.1287262872628727,1.1559633027522935,1.152080344332855,1.2236503856041132,-0.12872628726287264,0.037359900373599,,
2016,9304,-0.0051128856207273,0.0036648914848536,0.000517300839177,-0.0067199999999999,-0.0051128856207273,0.0,1.1662005593288054,1.202092511013216,1.19240614334471,1.1904761904761905,-0.16620055932880543,0.0443649373881932,,
2016,9305,-0.0176736539251952,-0.0072874493927125,-0.0093648208469054,-0.0108399236433051,-0.0176736539251952,0.0,1.1879310344827587,1.2627906976744185,1.2158671586715868,1.0539964476021315,-0.1879310344827586,0.04552352048558422,,
2016,9306,0.0002502502502501,-0.0060015003750937,0.0005007511266901,-0.0086526576019777,0.0,0.0002502502502501,1.152230971128609,1.1580756013745706,1.1701534170153418,1.0626702997275204,-0.15223097112860892,0.04648390941597139,,
2016,9307,-0.0038328861632809,-0.0089585666293393,-0.0038182512409316,-0.0097697138869504,-0.0038328861632809,0.0,1.0781893004115226,1.1342857142857143,1.130718954248366,1.0667678300455234,-0.07818930041152264,0.009633911368015413,,
2016,9308,-0.0067199999999999,0.0272410516312955,-0.0079365079365079,0.0034527406128614,-0.0067199999999999,0.0,1.1904761904761905,1.1980392156862745,1.1930379746835442,1.1662650602409639,-0.19047619047619047,0.027851458885941646,,
2016,9309,-0.0031581321903902,0.02067843866171,-0.0002255299954894,-0.0179307002665374,-0.0031581321903902,0.0,1.2768987341772151,1.3404255319148937,1.3098106712564543,1.0389676113360324,-0.27689873417721517,0.06044678055190539,,
2016,9310,-0.0032502708559046,0.0024265300620114,-0.0069930069930069,-0.0089805211231975,-0.0032502708559046,0.0,1.0817490494296578,1.156657963446475,1.0885311871227363,1.0455953961930058,-0.0817490494296578,0.051756007393715345,,
2016,9311,0.0056120659417748,-0.0021489971346705,0.0017568517217145,-0.0055882352941176,0.0,0.0056120659417748,1.1521739130434783,1.1925133689839573,1.1293634496919918,1.0709838107098382,-0.15217391304347827,0.06,,
2016,9312,0.0044994690067632,0.0022678276450989,-0.0013675309089894,0.0161066370452651,0.0,0.0044994690067632,1.0537150970184572,1.0695565944184728,1.0736607142857142,1.0998994974874372,-0.05371509701845717,0.028644028644028645,,
2016,9313,0.0015348123343099,0.0125106624964457,0.0044849334267693,-0.0166147455867081,0.0,0.0015348123343099,1.0871191876002138,1.1120689655172413,1.0999438517686693,1.1628571428571428,-0.0871191876002138,0.03828483920367534,,
2016,9314,-0.0057636887608069,0.0016032064128257,-0.0113960113960114,-0.0129186602870813,-0.0057636887608069,0.0,1.1768707482993197,1.25,1.1936274509803921,1.0895705521472392,-0.17687074829931973,0.06570841889117043,,
2016,9315,-0.0028712059064807,-0.0036906932278002,-0.0066099239406012,-0.0021167221046265,-0.0028712059064807,0.0,1.0951868781930627,1.172992409109069,1.132004621606008,1.149492966961073,-0.09518687819306265,0.0392957387088543,,
2016,9316,-0.0119729307652264,0.0052328623757196,-0.0041472265422498,-0.0038572806171649,-0.0119729307652264,0.0,1.1476997578692494,1.1650793650793652,1.1306532663316582,1.1091617933723197,-0.14769975786924938,0.05333333333333334,,
2016,9317,-0.0156128024980484,0.0047961630695443,0.0118483412322274,-0.011968085106383,-0.0156128024980484,0.0,1.8604651162790697,1.9074074074074074,1.8869257950530036,1.0969479353680431,-0.8604651162790697,0.04868913857677903,,
2016,9318,-0.0021167221046265,0.012913003940588,-0.0067279389679821,-0.0038328861632809,-0.0021167221046265,0.0,1.149492966961073,1.1801164725457571,1.1670088980150581,1.0781893004115226,-0.14949296696107295,0.030498533724340176,,
2017,51,-0.0202680614579927,0.0117443868739206,-0.0160823415889354,-0.0160394818013571,-0.0202680614579927,0.0,1.050179211469534,0.9629629629629629,1.0623916811091854,1.0053475935828877,-0.05017921146953405,-0.04404567699836868,,
2017,52,0.0025304807913504,0.0262639527248851,-0.0052631578947368,-0.0086132644272178,0.0,0.0025304807913504,1.2193181818181817,1.2327127659574468,1.218645948945616,1.1545893719806763,-0.21931818181818183,-0.022768670309653915,,
2017,53,-0.002705334920463,0.0194104960460099,-0.0053815520396082,-0.0159801136363636,-0.002705334920463,0.0,1.088782562466773,1.059245960502693,1.104,1.0618729096989967,-0.08878256246677299,-0.010628019323671498,,
2017,54,0.0019642857142856,0.0103345594675074,-0.0019604348600962,-0.037169406719085,0.0,0.0019642857142856,1.0400534045393859,0.9951961569255404,1.0457815565729234,1.127134724857685,-0.04005340453938585,-0.02564102564102564,,
2017,55,0.0025813113061434,0.0164670658682635,-0.0157520325203252,-0.0016168148746968,0.0,0.0025813113061434,1.0714285714285714,1.0560975609756098,1.1262135922330097,1.168986083499006,-0.07142857142857142,-0.06896551724137931,,
2017,56,-0.0295040803515379,0.0191545574636724,-0.015451174289246,-0.0227272727272727,-0.0295040803515379,0.0,1.0416666666666667,1.1,1.10801393728223,0.9954545454545455,-0.041666666666666664,-0.05660377358490566,,
2017,57,-0.0196008553100498,0.0345323741007195,-0.0140548137737175,0.005857740585774,-0.0196008553100498,0.0,1.0269953051643192,0.9895209580838323,1.0486358244365361,1.1583476764199656,-0.02699530516431925,-0.010180995475113122,,
2017,58,-0.0164679159568427,0.0199757869249395,-0.0062076749435665,-0.0060422960725075,-0.0164679159568427,0.0,1.056470588235294,1.0539568345323742,1.1247002398081534,1.1632047477744807,-0.05647058823529412,-0.042643923240938165,,
2017,59,-0.0280962013935716,0.0285714285714284,-0.0082478823004904,-0.0138014527845036,-0.0280962013935716,0.0,1.0452488687782806,1.066287878787879,1.0893939393939394,1.3036649214659686,-0.04524886877828054,-0.03616133518776078,,
2017,60,-0.01364522417154,0.0103458468814661,-0.0093793103448276,-0.026007326007326,-0.01364522417154,0.0,0.99581589958159,1.0463320463320462,1.0573770491803278,1.003780718336484,0.0041841004184100415,-0.07751937984496124,,
2017,61,-0.0304054054054053,0.0091678420310297,-0.0080428954423592,-0.0231768231768231,-0.0304054054054053,0.0,1.0169491525423728,0.9770642201834863,1.0975609756097562,1.0214067278287462,-0.01694915254237288,-0.047619047619047616,,
2017,62,-0.0046056419113413,0.020536223616657,-0.0034423407917383,-0.0226063829787234,-0.0046056419113413,0.0,1.045822102425876,1.04,1.0765306122448979,0.9745454545454545,-0.04582210242587601,-0.08056872037914692,,
2017,63,-0.0219151977131967,0.0135951661631419,-0.0145539906103286,-0.0016,-0.0219151977131967,0.0,1.0703125,1.0410958904109588,1.1365461847389557,1.0529531568228105,-0.0703125,-0.03180212014134275,,
2017,64,-0.0158394931362196,0.0217729393468117,-0.0166147455867081,-0.0027447392497712,-0.0158394931362196,0.0,1.117816091954023,1.1176470588235294,1.1628571428571428,1.049429657794677,-0.11781609195402298,-0.044226044226044224,,
2017,1101,0.0065389645357334,0.0263563717930743,0.013804398689752,-0.0144702038276023,0.0,0.0065389645357334,1.0261797026502908,0.989551735760027,1.0478359908883828,1.112407211028632,-0.026179702650290886,-0.013975155279503106,,
2017,1102,0.0056537102473497,0.0297901150981718,-0.0187239944521497,-0.0064430126638524,0.0,0.0056537102473497,1.0247678018575852,1.006825938566553,1.0504731861198737,1.162146050670641,-0.02476780185758514,-0.006006006006006006,,
2017,1103,0.0070126227208975,0.0040160642570281,-0.0004672897196261,-0.0029498525073746,0.0,0.0070126227208975,1.0458937198067633,0.974937343358396,1.0763723150357996,1.0352459016393443,-0.04589371980676329,-0.03991130820399113,,
2017,1104,0.0086671154493436,0.0308660700743212,0.0098572399728076,-0.0307804168686378,0.0,0.0086671154493436,1.0216666666666667,0.9957234497505346,1.04,1.0670103092783505,-0.021666666666666667,-0.009372979961215255,,
2017,1105,0.0013461969934933,0.0265737312132432,0.0070040668775417,0.0133567662565905,0.0,0.0013461969934933,1.0158910329171396,0.9988901220865705,1.02863436123348,1.011139240506329,-0.015891032917139614,-0.0417558886509636,,
2017,1106,0.0129205688518903,0.0295748613678372,0.0120228170250109,0.0029769357037532,0.0,0.0129205688518903,1.032967032967033,0.9995100440960314,1.0539894887720975,1.068414779499404,-0.03296703296703297,-0.019945602901178604,,
2017,1107,0.0156211862338295,0.0134274010013655,0.0063866371898795,-0.0141855275741153,0.0,0.0156211862338295,1.0323232323232323,1.0,1.0582726326742975,1.0437246963562754,-0.03232323232323232,0.004916420845624385,,
2017,1108,-0.0145099904852521,0.0274563194917176,-0.0021362449560883,-0.025830258302583,-0.0145099904852521,0.0,1.0300429184549356,0.9705583756345177,1.0232558139534884,1.111368909512761,-0.030042918454935622,-0.008264462809917356,,
2017,1109,0.0023698849069784,0.0176313794536961,0.0068267931378578,-0.0150375939849624,0.0,0.0023698849069784,1.021802663907927,0.982468085106383,1.0331706319797602,1.008955223880597,-0.021802663907927067,-0.022780677236637067,,
2017,1110,-0.0027447392497712,0.0115761353517365,0.0073732718894008,-0.0137262079062957,-0.0027447392497712,0.0,1.049429657794677,1.0639097744360901,1.0217391304347827,1.0208791208791208,-0.049429657794676805,-0.02127659574468085,,
2017,1111,0.0005405405405405,0.0161711006781428,0.0016242555495398,-0.0175605125771238,0.0,0.0005405405405405,1.0491803278688525,0.9788135593220338,1.0871369294605808,0.9925373134328358,-0.04918032786885246,-0.022900763358778626,,
2017,1112,0.0133567662565905,0.0361536753275593,0.0148804973755287,-0.0028529042565331,0.0,0.0133567662565905,1.011139240506329,0.981454807346057,1.0351851851851852,1.091315453384419,-0.011139240506329114,-0.02569523499756058,,
2017,1113,0.0082515058998267,0.0214150586454786,0.0072307180851063,-0.0114818801578758,0.0,0.0082515058998267,1.042089985486212,0.9922779922779923,1.070262246412667,1.0431778929188256,-0.0420899854862119,-0.004160887656033287,,
2017,1114,0.0073943875386386,0.0216372964532678,0.0045664880662446,-0.0209905660377358,0.0,0.0073943875386386,1.0352467270896273,0.9975018735948039,1.0490470139771284,1.0486202365308803,-0.035246727089627394,-0.003875968992248062,,
2017,1115,0.0030144694533762,0.0124063228162982,0.0020809558971603,-0.0184976676853787,0.0,0.0030144694533762,1.0404545454545455,0.9884151992585728,1.068139097744361,1.0511432009626955,-0.04045454545454545,0.007039155301363837,,
2017,2401,-0.0209905660377358,0.0205799812909261,-0.0084190832553788,-0.0061199510403916,-0.0209905660377358,0.0,1.0486202365308803,1.0486111111111112,1.083547557840617,0.9669573198715007,-0.04862023653088042,-0.05338078291814947,,
2017,2402,-0.0150583244962884,0.0192648361381753,-0.0168890742285238,-0.0141752577319587,-0.0150583244962884,0.0,1.0259117082533589,1.0089399744572158,1.08011583011583,1.1920122887864824,-0.025911708253358926,-0.044682752457551385,,
2017,2403,-0.0064935064935064,0.0276910264418071,0.0099428813200761,-0.0295040803515379,-0.0064935064935064,0.0,1.0346320346320346,1.0300957592339262,1.0667384284176533,1.0416666666666667,-0.03463203463203463,-0.035317860746720484,,
2017,2404,-0.0242326332794829,0.0352053646269907,-0.011182108626198,-0.0269978401727861,-0.0242326332794829,0.0,1.0038022813688212,1.0257731958762886,1.0745098039215686,1.03954802259887,-0.0038022813688212928,-0.0364963503649635,,
2017,2405,-0.0231768231768231,0.0084763721127356,-0.0186274509803922,-0.0202680614579927,-0.0231768231768231,0.0,1.0214067278287462,1.012,1.0704521556256572,1.050179211469534,-0.021406727828746176,-0.015717092337917484,,
2017,2406,-0.0081383519837232,0.0356768100734523,-0.0140421263791373,-0.0227625452664252,-0.0081383519837232,0.0,1.15,1.1851851851851851,1.1955307262569832,1.0595813204508857,-0.15,-0.03271028037383177,,
2017,2407,-0.017989417989418,0.0150250417362269,-0.0145985401459853,-0.0195924764890281,-0.017989417989418,0.0,1.0833333333333333,1.0537974683544304,1.119221411192214,0.9936530324400564,-0.08333333333333333,-0.0391304347826087,,
2017,2408,-0.0226757369614512,0.0015661707126077,-0.0192735359525574,-0.030441400304414,-0.0226757369614512,0.0,1.0472103004291846,1.0617977528089888,1.0590717299578059,1.1069958847736625,-0.04721030042918455,-0.027888446215139442,,
2017,2409,-0.0158964879852125,0.0149799050054804,-0.0106071689831748,-0.0404255319148936,-0.0158964879852125,0.0,1.0194805194805194,0.9709035222052067,1.059662775616083,1.0441988950276244,-0.01948051948051948,-0.03916768665850673,,
2017,2410,-0.0061199510403916,0.0227376080036381,-0.0004705439488048,-0.005723204994797,-0.0061199510403916,0.0,0.9669573198715007,0.9595307917888563,1.0263036455929857,1.056338028169014,0.03304268012849931,-0.05260791366906475,,
2017,2411,-0.0418569254185692,0.0111199364575058,-0.0120300751879699,0.0073943875386386,-0.0418569254185692,0.0,0.9765395894428153,1.0240963855421688,1.054380664652568,1.0352467270896273,0.02346041055718475,-0.045845272206303724,,
2017,2412,-0.0227169468423443,0.0221579961464355,-0.010341726618705,-0.0163731850478838,-0.0227169468423443,0.0,1.069879518072289,1.0394736842105263,1.094562647754137,1.0260145681581685,-0.06987951807228916,-0.04103671706263499,,
2017,2413,-0.0091835159746874,0.02892219627928,-0.0037672022756977,-0.0164805954279638,-0.0091835159746874,0.0,1.0571428571428572,1.04321608040201,1.081732733959951,1.0866666666666667,-0.05714285714285714,-0.021533811862485833,,
2017,2414,-0.0027510316368638,0.0190476190476189,-0.0088616223585549,-0.0188492063492063,-0.0027510316368638,0.0,1.0601503759398496,1.0796019900497513,1.0661764705882353,1.0921501706484642,-0.06015037593984962,-0.027586206896551724,,
2017,2415,-0.0274223034734917,0.0169660678642713,-0.0135256988277727,-0.0091264667535854,-0.0274223034734917,0.0,1.0160771704180065,1.0198412698412698,1.082236842105263,1.1016333938294012,-0.01607717041800643,-0.03951367781155015,,
2017,2701,-0.0176715176715176,0.0097402597402598,-0.016359918200409,-0.0184026942506615,-0.0176715176715176,0.0,0.9842105263157894,1.025974025974026,1.0740740740740742,1.0346611484738748,0.015789473684210527,-0.07881773399014778,,
2017,2702,-0.0200848024994421,0.0053007605439041,-0.0129955947136564,-0.0125293657008613,-0.0200848024994421,0.0,1.0222482435597189,1.0458135860979463,1.0491428571428572,1.1143661971830985,-0.02224824355971897,-0.049019607843137254,,
2017,2703,-0.0364464692482915,0.0238095238095237,-0.025887573964497,-0.015972894482091,-0.0364464692482915,0.0,1.0346534653465347,1.0738255033557047,1.1256281407035176,1.0617760617760619,-0.034653465346534656,-0.06696428571428571,,
2017,2704,-0.0195360195360195,0.0353595550258243,-0.0020308692120227,-0.0045045045045044,-0.0195360195360195,0.0,1.0614334470989761,1.1542553191489362,1.1708185053380782,1.0576923076923077,-0.06143344709897611,-0.0547112462006079,,
2017,2705,-0.0116044399596367,0.009049773755656,-0.0055193176116407,0.0025304807913504,-0.0116044399596367,0.0,1.0139794967381175,1.0046457607433217,1.025,1.2193181818181817,-0.013979496738117428,-0.05226480836236934,,
2017,2706,-0.0043220548283526,0.0172794117647059,-0.007233051366924,0.0061538461538461,-0.0043220548283526,0.0,1.026580459770115,0.9945945945945946,1.0320056899004268,1.1189931350114417,-0.02658045977011494,-0.015161957270847692,,
2017,2707,-0.0140130466296206,0.0206410879067509,-0.0112279025322503,-0.0239273927392739,-0.0140130466296206,0.0,0.9827127659574468,1.0471204188481675,1.0635135135135134,1.0065897858319606,0.017287234042553192,-0.060991105463786534,,
2017,2708,-0.0199166280685502,0.0182254196642686,-0.01952770208901,-0.0073778051029819,-0.0199166280685502,0.0,1.0574018126888218,1.105726872246696,1.1192660550458715,0.9936993699369937,-0.05740181268882175,-0.04371584699453552,,
2017,2709,-0.0226063829787234,0.0167247386759581,-0.0124753775443203,-0.0134478894284647,-0.0226063829787234,0.0,0.9745454545454545,1.1055555555555556,1.1037037037037036,1.0549242424242424,0.025454545454545455,-0.10067114093959731,,
2017,2710,-0.0175605125771238,0.0014807502467917,-0.0163398692810458,-0.0308758664146188,-0.0175605125771238,0.0,0.9925373134328358,1.0179487179487179,1.0756143667296787,1.0383064516129032,0.007462686567164179,-0.06502636203866433,,
2017,2711,-0.0105336380800954,0.0229817898529554,-0.0090595765632692,-0.0162763001190948,-0.0105336380800954,0.0,1.0032345013477089,1.0254545454545454,1.0530222693531284,0.9933481152993349,-0.003234501347708895,-0.06294058408862034,,
2017,2712,-0.0150375939849624,0.0183727034120735,-0.0074626865671642,-0.0242326332794829,-0.0150375939849624,0.0,1.008955223880597,1.0201612903225807,1.0666666666666667,1.0038022813688212,-0.008955223880597015,-0.08152173913043478,,
2017,2713,-0.0143614670790985,0.0150742629128797,-0.0052747252747252,-0.0274223034734917,-0.0143614670790985,0.0,1.0615942028985508,1.1124121779859484,1.1066907775768535,1.0160771704180065,-0.06159420289855073,-0.042483660130718956,,
2017,2714,-0.0042604990870359,0.0024676125848241,-0.0146926536731634,-0.0192450037009622,-0.0042604990870359,0.0,0.9865563598759048,0.9911054637865311,1.016441005802708,1.0181543116490166,0.01344364012409514,-0.0922930542340628,,
2017,2715,-0.00608228980322,0.0099964298464834,-0.0003576537911301,-0.0136026380873865,-0.00608228980322,0.0,1.011090573012939,0.9343065693430657,1.038910505836576,1.028860028860029,-0.011090573012939002,0.024344569288389514,,
2017,2716,-0.0156918687589158,0.0061633281972264,-0.0154494382022472,0.0005405405405405,-0.0156918687589158,0.0,1.00418410041841,1.0384615384615385,1.0326530612244897,1.0491803278688525,-0.0041841004184100415,-0.05138339920948617,,
2017,2717,-0.0214521452145214,0.0187032418952617,-0.0049261083743842,-0.013187972569017,-0.0214521452145214,0.0,1.0464716006884682,1.0114942528735633,1.0297029702970297,1.0469348659003832,-0.04647160068846816,-0.02564102564102564,,
2017,2718,-0.0114818801578758,0.013980868285504,-0.0099467140319715,-0.0109739368998628,-0.0114818801578758,0.0,1.0431778929188256,0.9797297297297297,1.0112359550561798,1.1907894736842106,-0.04317789291882556,-0.04126984126984127,,
2017,2801,-0.0269978401727861,0.0011415525114155,-0.0273109243697479,0.0017513134851139,-0.0269978401727861,0.0,1.03954802259887,1.0656934306569343,1.1038251366120218,1.0988593155893536,-0.03954802259887006,-0.0891089108910891,,
2017,2802,-0.014647137150466,0.0247897299690127,-0.0039787798408488,-0.0176715176715176,-0.014647137150466,0.0,1.1050847457627118,1.0682730923694779,1.1019736842105263,0.9842105263157894,-0.10508474576271186,-0.026865671641791045,,
2017,2803,-0.0160394818013571,0.0151898734177216,-0.0073484384568279,-0.0196008553100498,-0.0160394818013571,0.0,1.0053475935828877,0.972,1.1038251366120218,1.0269953051643192,-0.0053475935828877,-0.06930693069306931,,
2017,2804,-0.0114095898324667,0.0230796211855488,-0.005100941159566,-0.0351157222665602,-0.0114095898324667,0.0,1.0706671930517173,1.031015507753877,1.0967244701348748,1.0036496350364963,-0.07066719305171733,-0.04708362614195362,,
2017,2805,-0.0307804168686378,0.0160413971539457,-0.0129186602870813,-0.0011771630370805,-0.0307804168686378,0.0,1.0670103092783505,1.0523364485981308,1.0895705521472392,1.1323155216284988,-0.06701030927835051,-0.06756756756756757,,
2017,2806,-0.015625,0.0080645161290322,-0.0025974025974025,-0.0314569536423841,-0.015625,0.0,1.0326530612244897,1.0290697674418605,1.0887096774193548,1.0889328063241106,-0.0326530612244898,-0.06296296296296296,,
2017,2807,-0.0123915737298636,0.01885043263288,-0.0033961099104662,-0.0052047974654899,-0.0123915737298636,0.0,1.0554785020804438,0.9924812030075187,1.0707213578500707,1.2261001517450683,-0.05547850208044383,0.005284015852047556,,
2017,2808,-0.0242468772961057,0.0073837066207236,-0.0077764277035237,-0.0182825484764542,-0.0242468772961057,0.0,1.0292397660818713,0.95875,1.0568627450980392,1.0225988700564972,-0.029239766081871343,-0.02040816326530612,,
2017,2809,-0.0343045112781954,0.0099651220727454,-0.0166358595194084,-0.00608228980322,-0.0343045112781954,0.0,1.0558252427184467,1.0214067278287462,1.1517412935323383,1.011090573012939,-0.055825242718446605,-0.06047516198704104,,
2017,2810,-0.0054757015742642,0.0282708744247206,0.0,-0.0186104218362282,-0.0054757015742642,0.0,1.1336633663366336,1.095808383233533,1.146341463414634,1.0135135135135136,-0.13366336633663367,-0.02553191489361702,,
2017,2811,-0.0142679900744416,0.0271657108361003,0.0037359900373599,-0.0114095898324667,-0.0142679900744416,0.0,1.080482897384306,1.033033033033033,1.1377952755905512,1.0706671930517173,-0.08048289738430583,-0.07093425605536333,,
2017,2812,-0.0106044538706256,0.0288153681963714,-0.0288362512873326,-0.0327586206896551,-0.0106044538706256,0.0,1.0568720379146919,1.0256410256410255,1.0883720930232559,0.9606986899563319,-0.05687203791469194,-0.04700854700854701,,
2017,2813,-0.0114678899082568,0.0236734693877551,-0.0082954241370083,-0.0236784140969162,-0.0114678899082568,0.0,1.0135593220338983,0.958886780518659,1.0776892430278884,1.0778588807785887,-0.013559322033898305,-0.032809611829944546,,
2017,2814,-0.0225338007010516,0.0099800399201597,0.0040221216691804,-0.0195360195360195,-0.0225338007010516,0.0,1.0514285714285714,1.0476190476190477,1.0664893617021276,1.0614334470989761,-0.05142857142857143,-0.08229426433915212,,
2017,2815,-0.0130980534837183,0.0191264970505868,-0.0068055890146953,-0.0222790357925493,-0.0130980534837183,0.0,1.0258939580764488,0.9666048237476809,1.051749630359783,1.053225806451613,-0.025893958076448828,-0.02530459231490159,,
2017,2816,-0.0245739199365834,0.0144288577154307,-0.0102000784621419,-0.0208183776022972,-0.0245739199365834,0.0,1.0285714285714285,1.023890784982935,1.097852028639618,1.0456508328192473,-0.02857142857142857,-0.06086956521739131,,
2017,2817,-0.0085122131754256,0.0184782608695652,-0.0088041085840058,-0.0248033877797942,-0.0085122131754256,0.0,1.035663338088445,0.9716814159292035,1.051532033426184,1.0610169491525423,-0.03566333808844508,-0.038410596026490065,,
2017,2818,-0.0404255319148936,0.0079096045197739,-0.0084388185654008,-0.0150583244962884,-0.0404255319148936,0.0,1.0441988950276244,1.0405405405405406,1.068062827225131,1.0259117082533589,-0.04419889502762431,-0.07352941176470588,,
2017,2819,-0.0062808434275459,0.0322291853178156,-0.011968085106383,0.0065389645357334,-0.0062808434275459,0.0,1.0274442538593482,0.9828009828009828,1.0969479353680431,1.0261797026502908,-0.0274442538593482,-0.019639934533551555,,
2017,3201,-0.015972894482091,0.0236104279390063,-0.0038572806171649,-0.0259146341463414,-0.015972894482091,0.0,1.0617760617760619,1.058011049723757,1.1091617933723197,1.1353251318101933,-0.06177606177606178,-0.033391915641476276,,
2017,3202,-0.0119974473516273,0.0201918223119637,-0.0089805211231975,-0.0151636073423783,-0.0119974473516273,0.0,1.0104666375926734,0.9794483504597079,1.0455953961930058,1.1331521739130435,-0.010466637592673354,-0.01905165114309907,,
2017,3203,-0.0123053741838272,0.0243373493975904,-0.0052460654509117,-0.0304054054054053,-0.0123053741838272,0.0,0.98,0.9544764795144158,1.0065005417118094,1.0169491525423728,0.02,-0.05059203444564048,,
2017,3204,-0.0006182380216382,0.0257888349514563,-0.0079730144127567,-0.0231607629427792,-0.0006182380216382,0.0,1.0699088145896656,1.087719298245614,1.1144130757800892,1.0170212765957447,-0.06990881458966565,-0.06133333333333333,,
2017,3205,-0.0042629571460623,0.018494623655914,-0.0026851644663236,0.0056537102473497,-0.0042629571460623,0.0,0.990613266583229,1.0058873002523128,1.0394417475728155,1.0247678018575852,0.009386733416770964,-0.07589025102159953,,
2017,3206,-0.001837752690995,0.015597034006648,-0.0044432828018818,-0.0145099904852521,-0.001837752690995,0.0,0.9981532779316713,1.0264623955431755,1.0326382592928378,1.0300429184549356,0.0018467220683287165,-0.050921861281826165,,
2017,3207,-0.015032456440041,0.0242105263157894,0.0003417634996583,0.0089477232334376,-0.015032456440041,0.0,1.0201729106628241,1.009433962264151,1.0165745856353592,1.0619759986848594,-0.020172910662824207,-0.03804347826086957,,
2017,3208,-0.0073778051029819,0.0077447335811648,-0.0079292467215614,0.0008622547962922,-0.0073778051029819,0.0,0.9936993699369937,0.970873786407767,1.025,1.0124113475177305,0.0063006300630063005,-0.03832752613240418,,
2017,3209,-0.0139534883720929,0.0055467511885896,0.0038910505836575,-0.0140130466296206,-0.0139534883720929,0.0,1.0744416873449132,1.0345821325648414,1.0738916256157636,0.9827127659574468,-0.07444168734491315,-0.006880733944954129,,
2017,3210,-0.0091240875912408,0.0159080866106937,-0.0072463768115942,-0.0042629571460623,-0.0091240875912408,0.0,1.0494949494949495,0.9800936768149883,1.0602409638554218,0.990613266583229,-0.049494949494949494,-0.016098484848484848,,
2017,3211,-0.0137433430682013,0.0175262894341512,0.0142882035197768,-0.0007312948489418,-0.0137433430682013,0.0,1.0607805502239283,0.98,1.0360920970752956,1.0996489332973265,-0.060780550223928344,-0.004204204204204204,,
2017,3212,-0.0134836969845549,0.010115963483839,-0.0014687882496939,-0.0137433430682013,-0.0134836969845549,0.0,0.9924764890282132,0.975223675154852,1.0208717004297114,1.0607805502239283,0.007523510971786834,-0.04810583283223091,,
2017,3213,-0.0208183776022972,0.0093663911845729,-0.0097743024702328,-0.0006182380216382,-0.0208183776022972,0.0,1.0456508328192473,1.0278884462151394,1.0677966101694916,1.0699088145896656,-0.04565083281924738,-0.003527336860670194,,
2017,3214,-0.0229700854700855,0.0090395480225988,-0.0016,-0.0134214329960767,-0.0229700854700855,0.0,1.0070621468926553,1.0018018018018018,1.0380818053596614,1.0274414850686038,-0.007062146892655367,-0.03125,,
2017,3215,-0.0098804780876493,0.0172994488671156,0.0004783163265305,-0.014647137150466,-0.0098804780876493,0.0,0.985249621785174,0.9743458183683941,1.0123546511627908,1.1050847457627118,0.014750378214826021,-0.06496769562096195,,
2017,3216,-0.0021680216802167,0.0274389055618349,0.0032206792705371,-0.0300721732157177,-0.0021680216802167,0.0,1.0192982456140351,1.007334344967122,1.0297029702970297,1.0551181102362204,-0.01929824561403509,-0.033099112426035505,,
2017,3217,-0.0192450037009622,0.0218238503507404,-0.0179307002665374,-0.0163934426229508,-0.0192450037009622,0.0,1.0181543116490166,0.9736358062538321,1.0389676113360324,1.1037613488975357,-0.018154311649016642,-0.016561130053580127,,
2017,3218,-0.0118743615934626,0.0270066574550935,-0.0109862356358125,-0.0116044399596367,-0.0118743615934626,0.0,1.010928961748634,0.981516408902301,1.0141776937618148,1.0139794967381175,-0.01092896174863388,-0.022988505747126436,,
2017,3219,-0.0180255130338324,0.022877618522602,-0.0002772387025228,-0.0105246622683004,-0.0180255130338324,0.0,1.0537757437070938,1.0546623794212218,1.019396551724138,1.0847308031774052,-0.05377574370709382,-0.026427061310782242,,
2017,3220,-0.0239273927392739,0.0122897800776196,-0.0075742067553735,-0.0014064697609,-0.0239273927392739,0.0,1.0065897858319606,0.96875,1.0163220892274212,1.1268115942028984,-0.006589785831960461,-0.01873661670235546,,
2017,3221,-0.0163731850478838,0.0238843494657448,-0.009788926277149,-0.0165447025135221,-0.0163731850478838,0.0,1.0260145681581685,0.9766871165644172,1.0569948186528497,1.0969305331179322,-0.026014568158168574,-0.03333333333333333,,
2017,3222,-0.0061529446234983,0.0179918746372604,-0.0059705839522353,-0.0098804780876493,-0.0061529446234983,0.0,1.0154015401540153,0.9979863068868304,1.047757929274517,0.985249621785174,-0.015401540154015401,-0.03653444676409186,,
2017,4401,-0.0179487179487179,0.0159611380985427,-0.0082644628099173,-0.0180798004987531,-0.0179487179487179,0.0,0.9830985915492958,1.0223880597014925,1.0247252747252746,1.03551912568306,0.016901408450704224,-0.064343163538874,,
2017,4402,-0.0185103569854561,0.0236080178173718,-0.0173235166738847,0.0115131578947369,-0.0185103569854561,0.0,1.0439121756487026,0.9856459330143541,1.0266666666666666,1.103448275862069,-0.043912175648702596,-0.029684601113172542,,
2017,4403,-0.0137370339220633,0.0047832585949176,-0.0197856553998351,-0.0008319467554076,-0.0137370339220633,0.0,1.0508130081300813,1.0011600928074247,1.0251450676982592,1.0228915662650602,-0.0508130081300813,-0.024528301886792454,,
2017,4404,-0.0275139207337045,0.0144722908577479,-0.0113341968911917,0.0025493945188017,-0.0275139207337045,0.0,1.0132575757575757,1.0573770491803278,1.039179104477612,1.1897018970189701,-0.013257575757575758,-0.03949730700179533,,
2017,4405,0.000514050719671,0.0166498486377395,-0.0110150821894594,0.0013461969934933,0.0,0.000514050719671,0.9631578947368421,0.9927953890489913,1.0390707497360085,1.0158910329171396,0.03684210526315789,-0.0701219512195122,,
2017,4406,-0.0060422960725075,0.02555910543131,-0.0050100200400801,-0.0145211930926216,-0.0060422960725075,0.0,1.1632047477744807,1.1935483870967742,1.1994301994301995,0.9986693280106453,-0.1632047477744807,-0.0688836104513064,,
2017,4407,-0.0162397072278133,0.0213989875747813,-0.0110834652793485,-0.0142743854084059,-0.0162397072278133,0.0,1.0179461615154537,1.0323450134770888,1.0399628252788105,1.8528428093645486,-0.01794616151545364,-0.08757819481680071,,
2017,4408,-0.0343607882769075,-0.0031331592689295,-0.0070245860511791,-0.0230547550432276,-0.0343607882769075,0.0,1.0423076923076924,0.9419354838709677,1.0251572327044025,1.0095238095238095,-0.04230769230769231,-0.00245398773006135,,
2017,4409,-0.0032133676092545,0.0155336819440172,-0.0016041065126723,-0.0200848024994421,-0.0032133676092545,0.0,1.003988035892323,0.9933510638297872,1.0594159113796575,1.0222482435597189,-0.003988035892323031,-0.04277566539923954,,
2017,4410,-0.0029498525073746,0.0192307692307691,0.0009226794611552,-0.0067758328627893,-0.0029498525073746,0.0,1.0352459016393443,0.984263959390863,1.0237529691211402,1.1314217443249701,-0.03524590163934426,-0.02320185614849188,,
2017,4411,-0.0026934150645491,0.0120722519742215,-0.0032401407146824,-0.0208737864077669,-0.0026934150645491,0.0,1.032447224394058,0.9995069033530573,1.0491295938104448,1.0572390572390573,-0.03244722439405786,-0.026179941002949854,,
2017,4412,-0.0101585347083269,0.0203709334144117,-0.0110358474769769,-0.0162397072278133,-0.0101585347083269,0.0,1.0224598930481283,1.0144861928474422,1.049174569722515,1.0179461615154537,-0.022459893048128343,-0.0398393036491463,,
2017,4413,0.0004910988336401,0.0272610272610271,-0.0002454891371056,-0.002705334920463,0.0,0.0004910988336401,1.0298850574712644,1.0322128851540617,1.0611551528878822,1.088782562466773,-0.029885057471264367,-0.04375667022411953,,
2017,4414,-0.0164460489370236,0.0142334282228548,-0.0028,-0.0081799591002045,-0.0164460489370236,0.0,0.975929978118162,1.0266666666666666,1.0417536534446765,1.0,0.024070021881838075,-0.1062124248496994,,
2017,4415,-0.0308758664146188,0.0117570215545395,-0.0209747069710055,-0.0043220548283526,-0.0308758664146188,0.0,1.0383064516129032,1.0198511166253101,1.0733197556008147,1.026580459770115,-0.038306451612903226,-0.022770398481973434,,
2017,4416,-0.0103174603174602,0.0222222222222221,-0.0011890606420927,-0.0276959340011785,-0.0103174603174602,0.0,1.0204081632653061,0.9697542533081286,1.0120481927710843,1.0496031746031746,-0.02040816326530612,-0.03273809523809524,,
2017,4417,-0.0108055009823182,0.0206692913385826,-0.0169000482858522,-0.0058027079303675,-0.0108055009823182,0.0,0.989492119089317,1.0283687943262412,1.0202702702702702,0.9842209072978304,0.010507880910683012,-0.06456953642384106,,
2017,4418,-0.0016,0.0239458615304528,0.0053619302949061,0.0019642857142856,-0.0016,0.0,1.0529531568228105,0.9955156950672646,1.0732758620689655,1.0400534045393859,-0.05295315682281059,0.03815261044176707,,
2017,4419,-0.0058027079303675,0.0127659574468084,0.0042735042735042,-0.0154897494305239,-0.0058027079303675,0.0,0.9842209072978304,1.0305555555555554,1.0627450980392157,1.0452261306532664,0.015779092702169626,-0.07933579335793357,,
2017,4420,-0.0159801136363636,-0.0014646649578908,-0.0108886547242711,-0.0091835159746874,-0.0159801136363636,0.0,1.0618729096989967,0.9491525423728814,1.0495867768595042,1.0571428571428572,-0.061872909698996656,0.0,,
2017,4421,-0.0163761225567882,0.0055617352614014,-0.0171339563862927,-0.007269362939466,-0.0163761225567882,0.0,1.0265957446808511,0.9913419913419913,1.001669449081803,1.136173767752715,-0.026595744680851064,-0.035,,
2017,4422,-0.0162763001190948,0.0200156985871271,0.0047865975269245,-0.0039393939393939,-0.0162763001190948,0.0,0.9933481152993349,0.9757575757575757,1.0269662921348315,1.1406933692359476,0.0066518847006651885,-0.019693654266958426,,
2017,4423,-0.0084370484314547,0.0193041625987395,0.0016341395088244,-0.0118743615934626,-0.0084370484314547,0.0,1.0017939518195798,0.9887160719731626,1.0219108280254776,1.010928961748634,-0.0017939518195797027,-0.025430067314884067,,
2017,4424,-0.0137262079062957,0.0065494011976048,-0.0067260498091256,-0.0245739199365834,-0.0137262079062957,0.0,1.0208791208791208,0.969676994067238,1.0142555438225977,1.0285714285714285,-0.020879120879120878,-0.03279541905257678,,
2017,4425,-0.0184976676853787,0.0121477162293488,-0.0134877816566169,-0.0214521452145214,-0.0184976676853787,0.0,1.0511432009626955,1.0098410295230886,1.044135429262394,1.0464716006884682,-0.05114320096269555,0.011580775911986103,,
2017,4426,-0.0256089943785133,0.0058479532163742,-0.0024922118380061,-0.0246492226014409,-0.0256089943785133,0.0,1.0233160621761659,1.0257234726688103,1.0484693877551021,1.0660592255125285,-0.023316062176165803,-0.038929440389294405,,
2017,4427,-0.0236416424720032,0.0218531468531468,-0.0155165373621886,-0.0185103569854561,-0.0236416424720032,0.0,1.0408163265306123,1.0684326710816776,1.059612518628912,1.0439121756487026,-0.04081632653061224,-0.06751054852320675,,
2017,5201,-0.0106907894736841,0.0403800475059381,-0.0089649551752241,-0.0229700854700855,-0.0106907894736841,0.0,1.075,1.0207612456747406,1.0997229916897506,1.0070621468926553,-0.075,-0.02518891687657431,,
2017,5202,-0.0082781456953642,0.0286661466458657,-0.0033003300330033,-0.0227987421383647,-0.0082781456953642,0.0,1.0454760776882994,0.9935710111046172,1.078183520599251,1.0580357142857142,-0.045476077688299386,-0.04168475900998697,,
2017,5203,-0.0104008667388949,0.0323946644082151,-0.0032397408207343,-0.0091240875912408,-0.0104008667388949,0.0,1.3142857142857143,1.25,1.327054794520548,1.0494949494949495,-0.3142857142857143,-0.05032258064516129,,
2017,5204,-0.0112244897959183,0.0224719101123596,-0.0040650406504064,-0.0030197444831591,-0.0112244897959183,0.0,1.0285714285714285,0.8956521739130435,1.020979020979021,1.1264,-0.02857142857142857,-0.0136986301369863,,
2017,5205,-0.0227987421383647,0.0235294117647058,-0.0101167315175096,-0.0123053741838272,-0.0227987421383647,0.0,1.0580357142857142,1.0225988700564972,1.0720338983050848,0.98,-0.05803571428571429,-0.06324110671936758,,
2017,5206,-0.0136026380873865,0.0269400884599919,-0.0128179043743641,-0.0158394931362196,-0.0136026380873865,0.0,1.028860028860029,1.0284090909090908,1.0947666195190948,1.117816091954023,-0.02886002886002886,-0.07881136950904392,,
2017,5207,-0.037169406719085,0.0179791441927363,-0.0220202726319468,-0.0101585347083269,-0.037169406719085,0.0,1.127134724857685,1.1488250652741514,1.1657559198542806,1.0224598930481283,-0.127134724857685,-0.071875,,
2017,5208,-0.0146137787056367,0.0192307692307691,-0.0062240663900414,0.0022851919561244,-0.0146137787056367,0.0,1.055350553505535,1.0,1.1103202846975089,1.1274238227146813,-0.055350553505535055,-0.08333333333333333,,
2017,5209,-0.0351157222665602,0.0449533502968617,-0.0118296529968454,-0.0300586510263929,-0.0351157222665602,0.0,1.0036496350364963,1.064516129032258,1.064516129032258,0.9956772334293948,-0.0036496350364963502,-0.07407407407407407,,
2017,5210,-0.0006975122064636,0.033982683982684,0.0023304591004427,-0.0062808434275459,-0.0006975122064636,0.0,1.0776836158192091,1.034608378870674,1.1371191135734071,1.0274442538593482,-0.07768361581920905,-0.07064555420219244,,
2017,5211,-0.015730880929332,0.0240169531433953,-0.0076849183477425,-0.0343607882769075,-0.015730880929332,0.0,1.0514705882352942,1.0087912087912088,1.063047285464098,1.0423076923076924,-0.051470588235294115,-0.057660626029654036,,
2017,5212,-0.0184026942506615,0.0228905393887739,-0.0056213371606267,-0.0064935064935064,-0.0184026942506615,0.0,1.0346611484738748,0.9886291850915983,1.0704081632653062,1.0346320346320346,-0.0346611484738748,-0.04671115347950429,,
2017,5213,-0.0011771630370805,0.0373216245883645,-0.0011757789535566,-0.0135938827527613,-0.0011771630370805,0.0,1.1323155216284988,1.0321543408360128,1.1307506053268765,1.0803212851405624,-0.13231552162849872,-0.047109207708779445,,
2017,5214,-0.0151636073423783,0.0296594653972903,-0.0145497443963822,-0.0108639420589756,-0.0151636073423783,0.0,1.1331521739130435,1.1713286713286712,1.236220472440945,1.172680412371134,-0.1331521739130435,-0.11464968152866242,,
2017,5215,-0.0357967667436489,0.0012099213551119,-0.0147895335608646,-0.0006975122064636,-0.0357967667436489,0.0,1.0804597701149425,1.061611374407583,1.1226765799256506,1.0776836158192091,-0.08045977011494253,-0.06622516556291391,,
2017,5216,0.0026863944453627,0.0312148692198155,0.0083767451552407,-0.0418569254185692,0.0,0.0026863944453627,1.0750183868595244,1.0040780658316342,1.108464984673426,0.9765395894428153,-0.07501838685952439,-0.06721974048074877,,
2017,5217,-0.0064481461579796,0.0408366533864541,0.0026939655172413,-0.0179487179487179,-0.0064481461579796,0.0,1.1705685618729098,1.108,1.2164948453608246,0.9830985915492958,-0.1705685618729097,-0.011299435028248588,,
2017,5218,-0.0137362637362636,0.0111214087117701,-0.0126582278481012,-0.0010890010890011,-0.0137362637362636,0.0,1.0389610389610389,0.9731182795698925,1.0969162995594715,1.099081102676788,-0.03896103896103896,-0.03614457831325301,,
2017,5219,-0.0127253446447508,0.0359930615784909,0.0042598509052182,-0.0095653982116864,-0.0127253446447508,0.0,1.1645445641527914,1.0522727272727272,1.1687440076701823,1.0727069351230425,-0.16454456415279137,-0.02461033634126333,,
2017,5220,-0.0314569536423841,0.025474956822107,-0.0078028747433265,-0.0137362637362636,-0.0314569536423841,0.0,1.0889328063241106,1.1417721518987343,1.151093439363817,1.0389610389610389,-0.08893280632411067,-0.04835924006908463,,
2017,5221,-0.0186915887850467,0.0223463687150837,-0.0120036934441366,-0.0139223929974499,-0.0186915887850467,0.0,1.0858585858585859,1.095808383233533,1.09,1.0353918382087397,-0.08585858585858586,-0.013761467889908258,,
2017,5301,-0.0072815533980582,0.0325765054294175,-0.001730702665282,-0.0010014019627478,-0.0072815533980582,0.0,1.2555282555282554,1.2371134020618557,1.2892156862745099,1.0582386363636365,-0.25552825552825553,-0.028517110266159697,,
2017,5302,-0.0125293657008613,0.0234244283324038,-0.0021210091538289,-0.0057669474755469,-0.0125293657008613,0.0,1.1143661971830985,1.1359149582384207,1.169683257918552,1.032325338894682,-0.1143661971830986,-0.043520309477756286,,
2017,5303,-0.0180798004987531,0.0038684719535784,-0.0086526576019777,-0.0009281357730045,-0.0180798004987531,0.0,1.03551912568306,1.0188087774294672,1.0626702997275204,1.0304182509505704,-0.03551912568306011,-0.028205128205128206,,
2017,5304,-0.0050804403048264,0.0328778821520068,-0.0050547598989048,0.0070126227208975,-0.0050804403048264,0.0,1.0722610722610724,1.0634441087613293,1.1232558139534883,1.0458937198067633,-0.07226107226107226,-0.047619047619047616,,
2017,5305,-0.0164805954279638,0.0117145899893502,-0.0005313496280552,-0.0064432989690721,-0.0164805954279638,0.0,1.0866666666666667,1.075221238938053,1.1043771043771045,1.0817120622568093,-0.08666666666666667,-0.006097560975609756,,
2017,5306,-0.015220700152207,0.0194704049844236,-0.0281065088757396,-0.0130980534837183,-0.015220700152207,0.0,1.0932835820895523,1.0542986425339367,1.1074074074074074,1.0258939580764488,-0.09328358208955224,-0.020066889632107024,,
2017,5307,-0.0064432989690721,0.0253807106598984,-0.0019292604501607,-0.0137370339220633,-0.0064432989690721,0.0,1.0817120622568093,1.1361256544502618,1.1526104417670682,1.0508130081300813,-0.08171206225680934,-0.0313588850174216,,
2017,5308,-0.029520295202952,0.030261348005502,-0.015196564255038,-0.015032456440041,-0.029520295202952,0.0,1.206008583690987,1.2507122507122508,1.2226890756302522,1.0201729106628241,-0.20600858369098712,-0.03436426116838488,,
2017,5309,-0.005723204994797,0.0253375562593765,-0.0094485483593884,-0.0156989247311828,-0.005723204994797,0.0,1.056338028169014,1.0481770833333333,1.1075731497418244,1.1152941176470588,-0.056338028169014086,-0.0675990675990676,,
2017,5310,-0.0091264667535854,0.0203679369250986,-0.0112794070254592,-0.0164460489370236,-0.0091264667535854,0.0,1.1016333938294012,1.1325581395348838,1.1125,0.975929978118162,-0.10163339382940109,-0.025682182985553772,,
2017,5311,0.0006459948320414,0.0294478527607362,-0.0089628681177976,-0.0072556551429791,0.0,0.0006459948320414,1.0777777777777777,1.0543933054393306,1.1578947368421053,1.0510510510510511,-0.07777777777777778,-0.05519480519480519,,
2017,5312,-0.017632241813602,0.0231894398858365,-0.0010783608914449,-0.0313364055299538,-0.017632241813602,0.0,1.0893617021276596,1.0541237113402062,1.1019522776572668,1.0342465753424657,-0.08936170212765958,0.007874015748031496,,
2017,5313,-0.0128253019549247,0.0232237007280944,-0.001243626414625,-0.0156918687589158,-0.0128253019549247,0.0,1.1026856240126381,1.089808274470232,1.1403100775193797,1.00418410041841,-0.10268562401263823,-0.05098572399728076,,
2017,5314,-0.0135938827527613,0.0246598639455781,-0.0042301184433164,-0.0227169468423443,-0.0135938827527613,0.0,1.0803212851405624,1.0909090909090908,1.1512605042016806,1.069879518072289,-0.08032128514056225,-0.01824817518248175,,
2017,5315,-0.0061050744931108,0.0339271882261813,0.0072778561354018,-0.0108055009823182,-0.0061050744931108,0.0,1.0535590877677954,1.0627368421052632,1.0867782712675094,0.989492119089317,-0.05355908776779544,-0.04149638478465891,,
2017,5316,-0.0095653982116864,0.0251183858348775,-0.0024891101431238,0.0025813113061434,-0.0095653982116864,0.0,1.0727069351230425,1.0282087447108603,1.0902004454342984,1.0714285714285714,-0.07270693512304251,-0.020429009193054137,,
2017,5317,-0.0030197444831591,0.032576082297471,-0.0027797081306463,0.0024521072796934,-0.0030197444831591,0.0,1.1264,1.050420168067227,1.1251956181533647,1.054563492063492,-0.1264,-0.02086230876216968,,
2017,5318,-0.0144702038276023,0.0358071036673404,0.0091066101428796,-0.017989417989418,-0.0144702038276023,0.0,1.112407211028632,1.1184971098265897,1.1678908709338929,1.0833333333333333,-0.11240721102863202,-0.05750224618149147,,
2017,5319,-0.0014064697609,0.0230664857530529,0.0037647058823528,-0.0219151977131967,-0.0014064697609,0.0,1.1268115942028984,1.0701754385964912,1.1263537906137184,1.0703125,-0.12681159420289856,-0.003205128205128205,,
2017,7501,-0.0300586510263929,0.027661150901457,-0.002680965147453,0.0055791118054004,-0.0300586510263929,0.0,0.9956772334293948,1.011070110701107,1.0867647058823529,1.2073791348600509,0.004322766570605188,-0.06495263870094722,,
2017,7502,-0.0227625452664252,0.0223675154852029,-0.0124318801089918,-0.0106907894736841,-0.0227625452664252,0.0,1.0595813204508857,1.0122950819672132,1.097541633624108,1.075,-0.05958132045088567,-0.049132947976878616,,
2017,7503,-0.0028870741565618,0.0390185338035566,0.0050572044437076,-0.0275139207337045,-0.0028870741565618,0.0,1.1353767560664112,1.0973101265822784,1.1542893725992318,1.0132575757575757,-0.13537675606641125,-0.013865779256794232,,
2017,7504,-0.0139788612342311,0.0283835237106264,-0.0174204355108877,-0.0188888888888888,-0.0139788612342311,0.0,1.0506535947712419,1.0852713178294573,1.0833333333333333,1.0765625,-0.05065359477124183,-0.06676342525399129,,
2017,7505,0.0089477232334376,0.0319576039826561,0.0113425065079955,-0.0126975550452519,0.0,0.0089477232334376,1.0619759986848594,1.0277203144393876,1.0839757257667706,1.030829596412556,-0.061975998684859444,-0.022545014374338024,,
2017,7506,-0.0246492226014409,0.0201104100946372,-0.0105065666041276,-0.0364464692482915,-0.0246492226014409,0.0,1.0660592255125285,0.9540229885057471,1.1004672897196262,1.0346534653465347,-0.06605922551252848,-0.006369426751592357,,
2017,7507,-0.014736297828335,0.0215900431800863,-0.0061664953751284,0.0034822681519723,-0.014736297828335,0.0,1.0309597523219813,1.0020120724346075,1.0729813664596273,1.0305243649841926,-0.030959752321981424,-0.0361794500723589,,
2017,7508,-0.0323951141795008,0.0074074074074073,-0.029381443298969,-0.0157016683022571,-0.0323951141795008,0.0,1.0651041666666667,1.0522875816993464,1.0810810810810811,1.1030927835051547,-0.06510416666666667,-0.07045454545454545,,
2017,7509,-0.0259146341463414,0.020126164013217,-0.0045523520485584,-0.0343045112781954,-0.0259146341463414,0.0,1.1353251318101933,1.174496644295302,1.1894736842105262,1.0558252427184467,-0.13532513181019332,-0.0471976401179941,,
2017,7510,-0.0163934426229508,0.0361734582697754,-0.0099188458070333,-0.0061529446234983,-0.0163934426229508,0.0,1.1037613488975357,1.1450858034321374,1.143048128342246,1.0154015401540153,-0.10376134889753567,-0.004678362573099415,,
2017,7511,-0.026007326007326,0.0187866927592954,-0.011943539630836,-0.0225338007010516,-0.026007326007326,0.0,1.003780718336484,0.9953271028037384,1.0694183864915572,1.0514285714285714,-0.003780718336483932,-0.06842105263157895,,
2017,7512,-0.007269362939466,0.0328489437049701,0.0003966679888933,-0.0054757015742642,-0.007269362939466,0.0,1.136173767752715,1.0881720430107527,1.1779935275080906,1.1336633663366336,-0.1361737677527151,-0.06593406593406594,,
2017,7513,0.0055791118054004,0.0307295796986517,0.0117407992774891,-0.0119974473516273,0.0,0.0055791118054004,1.2073791348600509,1.169435215946844,1.2236503856041132,1.0104666375926734,-0.20737913486005088,-0.0031512605042016808,,
2017,7514,-0.0188888888888888,0.0203010150507525,0.0029717682020802,-0.001837752690995,-0.0188888888888888,0.0,1.0765625,1.0666666666666667,1.155844155844156,0.9981532779316713,-0.0765625,-0.032303370786516857,,
2017,7515,0.0025493945188017,0.0435287289611143,-0.0025429116338206,-0.0346287033474412,0.0,0.0025493945188017,1.1897018970189701,1.2232415902140672,1.2397820163487738,1.1061571125265393,-0.1897018970189702,-0.035164835164835165,,
2017,7516,-0.0067758328627893,0.021885976763037,-0.0016910935738444,-0.0114678899082568,-0.0067758328627893,0.0,1.1314217443249701,1.1158989598811293,1.1843373493975904,1.0135593220338983,-0.13142174432497014,-0.03662258392675483,,
2017,7517,-0.0145211930926216,0.0181962025316455,-0.014821497615672,-0.0201123927832002,-0.0145211930926216,0.0,0.9986693280106453,0.9910793933987511,1.050880626223092,1.0301129234629862,0.0013306719893546241,-0.06828057107386716,,
2017,7518,-0.0216259511413696,0.0064025610244098,-0.0118717847249703,-0.0186915887850467,-0.0216259511413696,0.0,1.0708502024291497,1.1601049868766404,1.150943396226415,1.0858585858585859,-0.0708502024291498,-0.03642987249544627,,
2017,7519,-0.009547274407145,0.0169648365206662,0.0006163328197226,-0.0081383519837232,-0.009547274407145,0.0,0.9591503267973857,1.0078895463510849,0.9950819672131147,1.15,0.04084967320261438,-0.032948929159802305,,
2017,7520,-0.0248033877797942,0.0188911704312115,-0.0083983203359327,-0.0009767214715936,-0.0248033877797942,0.0,1.0610169491525423,1.010886469673406,1.044296788482835,1.1258876694641704,-0.061016949152542375,-0.0042417815482502655,,
2017,7521,-0.030441400304414,0.0152230971128608,-0.0095477386934673,-0.0161377084454007,-0.030441400304414,0.0,1.1069958847736625,1.058252427184466,1.1193415637860082,1.0491573033707866,-0.10699588477366255,-0.011029411764705883,,
2017,7522,-0.0195924764890281,0.0184975034044485,0.00415964024733,-0.0146137787056367,-0.0195924764890281,0.0,0.9936530324400564,1.006311992786294,1.0526315789473684,1.055350553505535,0.006346967559943582,-0.06066666666666667,,
2017,7523,-0.013187972569017,0.0194621372965322,-0.0064640111809922,-0.0236416424720032,-0.013187972569017,0.0,1.0469348659003832,1.0263819095477387,1.0417439703153988,1.0408163265306123,-0.04693486590038314,-0.026714158504007122,,
2017,7524,-0.013127930341594,0.0220897140533946,-0.0057272242940863,-0.0053830227743271,-0.013127930341594,0.0,1.0427553444180522,1.0316122233930454,1.0883534136546185,1.1447661469933186,-0.04275534441805225,-0.028044280442804426,,
2017,7525,-0.0236784140969162,0.0284334763948497,-0.0135795763172189,0.0129205688518903,-0.0236784140969162,0.0,1.0778588807785887,1.0469798657718121,1.1306413301662708,1.032967032967033,-0.07785888077858881,-0.06932773109243698,,
2017,7526,-0.0138014527845036,0.0233481204763017,0.0016977928692698,-0.0050804403048264,-0.0138014527845036,0.0,1.3036649214659686,1.2689804772234274,1.3144329896907216,1.0722610722610724,-0.3036649214659686,-0.023529411764705882,,
2017,7527,-0.0182825484764542,0.0131654264453349,-0.0222101841820151,-0.0226757369614512,-0.0182825484764542,0.0,1.0225988700564972,1.049056603773585,1.0676056338028168,1.0472103004291846,-0.022598870056497175,-0.044854881266490766,,
2017,7528,-0.0165447025135221,0.011475932419509,-0.0091424968474148,-0.014945652173913,-0.0165447025135221,0.0,1.0969305331179322,1.0616302186878728,1.1350078492935636,1.066921606118547,-0.09693053311793215,-0.06085753803596127,,
2017,7529,-0.0109739368998628,0.0402033271719037,-0.0068119891008174,-0.0127253446447508,-0.0109739368998628,0.0,1.1907894736842106,1.2706422018348624,1.2586206896551724,1.1645445641527914,-0.19078947368421054,-0.00821917808219178,,
2017,7530,-0.0234776228906823,0.0193199381761979,-0.0094476744186046,-0.0392265193370166,-0.0234776228906823,0.0,1.1235955056179776,1.051643192488263,1.1793893129770991,1.045045045045045,-0.12359550561797752,-0.02912621359223301,,
2017,7531,-0.0208737864077669,0.0119854090672224,-0.0218423551756885,-0.009547274407145,-0.0208737864077669,0.0,1.0572390572390573,1.0298507462686568,1.1387900355871887,0.9591503267973857,-0.05723905723905724,-0.01875,,
2017,7532,-0.0254464285714285,0.0231053604436228,-0.0140845070422535,-0.0082781456953642,-0.0254464285714285,0.0,0.9899598393574297,1.0608272506082725,1.0699588477366255,1.0454760776882994,0.010040160642570281,-0.051923076923076926,,
2017,7601,0.0021849963583393,0.0416233090530697,0.0032882718304714,-0.017091769655535,0.0,0.0021849963583393,1.2839116719242902,1.249560632688928,1.2962962962962963,1.0620567375886525,-0.28391167192429023,0.011180124223602485,,
2017,7602,-0.0141855275741153,0.021205186880244,0.0012767315671879,-0.0128253019549247,-0.0141855275741153,0.0,1.0437246963562754,1.0133843212237095,1.066772655007949,1.1026856240126381,-0.0437246963562753,-0.039493293591654245,,
2017,7603,-0.0045045045045044,0.026252983293556,-0.005700325732899,-0.0105336380800954,-0.0045045045045044,0.0,1.0576923076923077,1.0506122448979591,1.0792639773531494,1.0032345013477089,-0.057692307692307696,-0.02622950819672131,,
2017,7604,-0.0164435048155978,0.0181731229076995,-0.0097697138869504,-0.017632241813602,-0.0164435048155978,0.0,0.9954058192955589,1.00945179584121,1.0667678300455234,1.0893617021276596,0.004594180704441042,-0.07539118065433854,,
2017,7605,0.0061538461538461,0.0324324324324323,-0.0061162079510703,-0.0254464285714285,0.0,0.0061538461538461,1.1189931350114417,1.0767123287671232,1.1224018475750577,0.9899598393574297,-0.11899313501144165,0.006172839506172839,,
2017,7606,-0.0009767214715936,0.0337375621890547,-0.0006507239303725,0.0061298411813874,-0.0009767214715936,0.0,1.1258876694641704,1.0858895705521472,1.145928338762215,1.0953401178361006,-0.12588766946417043,-0.008527572484366117,,
2017,7607,-0.025830258302583,0.0066945606694561,-0.0012285012285012,-0.0085122131754256,-0.025830258302583,0.0,1.111368909512761,1.0721649484536082,1.1186046511627907,1.035663338088445,-0.11136890951276102,-0.004158004158004158,,
2017,7608,-0.0134214329960767,0.0332095709570956,-0.0037029417815264,-0.0047418335089568,-0.0134214329960767,0.0,1.0274414850686038,1.0316091954022988,1.06796875,1.1298076923076923,-0.02744148506860371,-0.06876371616678859,,
2017,7609,-0.0186104218362282,0.0133418043202033,-0.0146699266503667,0.0023698849069784,-0.0186104218362282,0.0,1.0135135135135136,1.1058823529411765,1.0835266821345708,1.021802663907927,-0.013513513513513514,-0.03640256959314775,,
2017,7610,-0.0179640718562874,0.0126730814362825,-0.0011502185415228,-0.0112244897959183,-0.0179640718562874,0.0,1.0270906949352179,1.0507246376811594,1.0508083140877598,1.0285714285714285,-0.027090694935217905,-0.041758241758241756,,
2017,7611,-0.0300721732157177,0.0124999999999999,-0.0063745019920318,0.0156211862338295,-0.0300721732157177,0.0,1.0551181102362204,1.0252808988764044,1.103448275862069,1.0323232323232323,-0.05511811023622047,-0.03365384615384615,,
2017,7612,-0.0201123927832002,0.0194484760522495,-0.0055882352941176,-0.0033039647577092,-0.0201123927832002,0.0,1.0301129234629862,1.023021582733813,1.0709838107098382,1.0196078431372548,-0.030112923462986198,-0.04534883720930233,,
2017,7613,-0.0086132644272178,0.021604938271605,-0.0106518960374947,0.0056141154903757,-0.0086132644272178,0.0,1.1545893719806763,1.1867469879518073,1.2087378640776698,1.0204479065238559,-0.15458937198067632,-0.040160642570281124,,
2017,7614,-0.0188492063492063,0.0089955022488754,-0.0024740227610093,-0.0323951141795008,-0.0188492063492063,0.0,1.0921501706484642,1.0894941634241244,1.1554054054054055,1.0651041666666667,-0.09215017064846416,-0.06432748538011696,,
2017,7615,0.0008622547962922,0.0294473578055667,0.0004313133491482,-0.0139788612342311,0.0,0.0008622547962922,1.0124113475177305,1.0087912087912088,1.0447227191413238,1.0506535947712419,-0.012411347517730497,-0.02226027397260274,,
2017,7616,0.0066958185296528,0.0337727864583332,0.0161066370452651,0.0021849963583393,0.0,0.0066958185296528,1.1170602605863191,1.0364298724954462,1.0998994974874372,1.2839116719242902,-0.11706026058631921,0.0027412280701754384,,
2017,7617,0.0022851919561244,0.0299978103788045,-0.0027347310847766,-0.0134836969845549,0.0,0.0022851919561244,1.1274238227146813,1.0691099476439792,1.1237668161434977,0.9924764890282132,-0.12742382271468145,-0.025538707102952914,,
2017,7618,-0.0010890010890011,0.029226201521618,-0.002862783810464,-0.0104008667388949,-0.0010890010890011,0.0,1.099081102676788,1.0796927508401344,1.1146521570151573,1.3142857142857143,-0.09908110267678785,-0.04079497907949791,,
2017,7619,-0.0082417582417582,0.0337931034482759,-0.0168804861580013,-0.014736297828335,-0.0082417582417582,0.0,1.174757281553398,1.1382978723404256,1.2091836734693877,1.0309597523219813,-0.17475728155339806,0.02109704641350211,,
2017,7620,-0.0064430126638524,0.0288237371953372,-0.0034686346863468,0.007496906616202,-0.0064430126638524,0.0,1.162146050670641,1.1559879235155988,1.1834445118253487,1.0782520325203253,-0.16214605067064083,-0.0010248526774276198,,
2017,7621,-0.0156989247311828,0.0067729954118418,0.0034527406128614,-0.0019986675549633,-0.0156989247311828,0.0,1.1152941176470588,1.0338541666666667,1.1662650602409639,1.0732899022801303,-0.11529411764705882,-0.02066115702479339,,
2017,7622,-0.0241590214067278,0.0060722275487377,-0.0072859744990892,-0.0106044538706256,-0.0241590214067278,0.0,1.0084745762711864,0.9872611464968153,1.0532212885154062,1.0568720379146919,-0.00847457627118644,-0.05053191489361702,,
2017,7623,0.0115131578947369,0.0077351485148515,0.0059563203176704,-0.0042604990870359,0.0,0.0115131578947369,1.103448275862069,1.0420875420875422,1.1180285343709468,0.9865563598759048,-0.10344827586206896,-0.03480278422273782,,
2017,7624,-0.0211115898319689,0.0239694656488549,-0.0173581710414902,-0.01364522417154,-0.0211115898319689,0.0,1.0795287187039764,1.0186393289841567,1.115920763022744,0.99581589958159,-0.07952871870397643,-0.03616042077580539,,
2017,7625,0.0056141154903757,0.027951452739978,0.0059935454126325,-0.0021680216802167,0.0,0.0056141154903757,1.0204479065238559,0.9855670103092784,1.062106703146375,1.0192982456140351,-0.02044790652385589,-0.05512622359608449,,
2017,8401,-0.0095541401273885,0.0311123606035048,0.0016947462865117,-0.0164679159568427,-0.0095541401273885,0.0,1.0611888111888113,1.0177165354330708,1.084063047285464,1.056470588235294,-0.06118881118881119,-0.01938610662358643,,
2017,8402,-0.0108639420589756,0.0278063851699279,0.0015544041450776,-0.0168365086397873,-0.0108639420589756,0.0,1.172680412371134,1.1371428571428572,1.2172185430463576,1.0700218818380745,-0.17268041237113402,-0.009793253536452665,,
2017,8403,-0.0127993393889347,0.0084530853761624,-0.0016488046166529,-0.0117595818815331,-0.0127993393889347,0.0,1.0600706713780919,0.9948453608247423,1.0689655172413792,1.034920634920635,-0.06007067137809187,-0.03225806451612903,,
2017,8404,-0.0227272727272727,-0.0057330057330057,-0.0103806228373702,0.0012321774335504,-0.0227272727272727,0.0,0.9954545454545455,0.9824561403508771,1.0727272727272728,1.0194862710363153,0.004545454545454545,-0.07203389830508475,,
2017,8405,0.0024521072796934,0.019656377402446,-0.0003064194882794,-0.0357967667436489,0.0,0.0024521072796934,1.054563492063492,1.0158371040723981,1.0787083753784057,1.0804597701149425,-0.054563492063492064,-0.005612722170252572,,
2017,8406,0.0012321774335504,0.0308008213552362,0.0040650406504065,-0.0216259511413696,0.0,0.0012321774335504,1.0194862710363153,1.0,1.0889679715302492,1.0708502024291497,-0.01948627103631532,-0.059640522875817,,
2017,8407,-0.0009281357730045,0.0256665836032892,-0.0002651113467656,-0.0189018901890188,-0.0009281357730045,0.0,1.0304182509505704,0.9908571428571429,1.052880075542965,1.044392523364486,-0.030418250950570342,-0.02780269058295964,,
2017,8408,-0.0056053811659192,0.0274570982839312,8.008328661812669e-05,0.0086671154493436,-0.0056053811659192,0.0,1.044343891402715,0.9927007299270073,1.0721973094170403,1.0216666666666667,-0.044343891402714934,-0.034713508992053534,,
2017,8409,-0.0057669474755469,0.0219841848466153,0.0030624397436624,-0.0095541401273885,-0.0057669474755469,0.0,1.032325338894682,0.980865224625624,1.065436825617821,1.0611888111888113,-0.03232533889468196,-0.029728846782097355,,
2017,8410,-0.0154897494305239,0.0267498885421311,-0.0081337550835969,-0.015625,-0.0154897494305239,0.0,1.0452261306532664,0.9683544303797469,1.061881188118812,1.0326530612244897,-0.04522613065326633,-0.030303030303030304,,
2017,8411,-0.0230547550432276,0.0353159851301114,-0.0108323831242873,-0.0056053811659192,-0.0230547550432276,0.0,1.0095238095238095,0.9470198675496688,0.9862385321100917,1.044343891402715,-0.009523809523809525,-0.013953488372093023,,
2017,8412,-0.0072556551429791,0.0325998370008149,-0.0076238881829733,0.0026863944453627,-0.0072556551429791,0.0,1.0510510510510511,1.0201612903225807,1.0701754385964912,1.0750183868595244,-0.05105105105105105,-0.04371584699453552,,
2017,8413,-0.0327586206896551,0.0416740243687092,-0.0048043925875085,0.0033003300330032,-0.0327586206896551,0.0,0.9606986899563319,0.9880239520958084,0.9407616361071932,1.1304945054945055,0.039301310043668124,-0.010494752623688156,,
2017,8414,-0.0081799591002045,0.0210597826086955,0.0051387461459404,0.0066958185296528,-0.0081799591002045,0.0,1.0,0.96875,1.0630081300813008,1.1170602605863191,0.0,-0.0745697896749522,,
2017,8415,-0.017091769655535,0.0236240913811007,0.0058185665167944,-0.015220700152207,-0.017091769655535,0.0,1.0620567375886525,1.031936127744511,1.106115107913669,1.0932835820895523,-0.06205673758865248,-0.026016260162601626,,
2017,8416,-0.0126975550452519,0.0239054176952058,-0.0012142471667566,-0.0026934150645491,-0.0126975550452519,0.0,1.030829596412556,0.9874213836477987,1.075394506136762,1.032447224394058,-0.030829596412556053,-0.0005434782608695652,,
2017,8417,-0.0189018901890188,0.0202764976958524,-0.0172490048651039,-0.0032133676092545,-0.0189018901890188,0.0,1.044392523364486,1.0263157894736843,1.048498845265589,1.003988035892323,-0.04439252336448598,-0.015418502202643172,,
2017,8418,-0.0313364055299538,0.0363294707171939,-0.0061068702290076,-0.0028870741565618,-0.0313364055299538,0.0,1.0342465753424657,0.9372197309417041,1.0168918918918919,1.1353767560664112,-0.03424657534246575,0.0033222591362126247,,
2017,8419,-0.0276959340011785,0.0170575692963752,-0.0107840279801807,0.0006459948320414,-0.0276959340011785,0.0,1.0496031746031746,1.0151898734177216,1.1199186991869918,1.0777777777777777,-0.0496031746031746,-0.039927404718693285,,
2017,8420,-0.0117595818815331,0.0317124735729386,0.0048140043763675,-0.0242468772961057,-0.0117595818815331,0.0,1.034920634920635,1.0271317829457365,1.0736196319018405,1.0292397660818713,-0.03492063492063492,-0.06857142857142857,,
2017,8421,0.0034822681519723,0.0260589913767281,0.0076110674696692,-0.013127930341594,0.0,0.0034822681519723,1.0305243649841926,0.97843631778058,1.056260162601626,1.0427553444180522,-0.03052436498419274,-0.029864532019704435,,
2017,8422,-0.0019986675549633,0.0349428208386277,-0.004971826317534,-0.0082417582417582,-0.0019986675549633,0.0,1.0732899022801303,1.0344827586206897,1.0758064516129033,1.174757281553398,-0.0732899022801303,-0.01199400299850075,,
2017,8423,-0.0222790357925493,0.0146534653465346,-0.0203935599284436,-0.0180255130338324,-0.0222790357925493,0.0,1.053225806451613,0.994263862332696,1.073208722741433,1.0537757437070938,-0.0532258064516129,-0.05224963715529753,,
2017,8424,-0.0168365086397873,0.015263644773358,-0.018695652173913,-0.0163761225567882,-0.0168365086397873,0.0,1.0700218818380745,1.0,1.094298245614035,1.0265957446808511,-0.0700218818380744,-0.02004008016032064,,
2017,8425,-0.0033039647577092,0.0086956521739129,-0.0125067971723762,-0.0127993393889347,-0.0033039647577092,0.0,1.0196078431372548,1.0118110236220472,1.0962199312714778,1.0600706713780919,-0.0196078431372549,-0.0219435736677116,,
2017,8426,-0.0181968569065342,0.0154277699859748,-0.0133297062023939,0.0082515058998267,-0.0181968569065342,0.0,1.0436817472698907,1.0257510729613735,1.0410958904109588,1.042089985486212,-0.0436817472698908,-0.021929824561403508,,
2017,8427,-0.0134478894284647,0.0129310344827586,-0.0044626255113424,-0.0103174603174602,-0.0134478894284647,0.0,1.0549242424242424,1.0350467289719627,1.080074487895717,1.0204081632653061,-0.054924242424242424,-0.039655172413793106,,
2017,8428,-0.0139223929974499,0.0227787307032589,-0.0108399236433051,-0.0179640718562874,-0.0139223929974499,0.0,1.0353918382087397,1.0188348664038547,1.0539964476021315,1.0270906949352179,-0.03539183820873962,-0.03370407819346141,,
2017,8429,-0.0157016683022571,0.0051546391752577,-0.0097181729834791,-0.0062783397279385,-0.0157016683022571,0.0,1.1030927835051547,1.0972222222222223,1.125,1.1245210727969348,-0.10309278350515463,-0.08547008547008547,,
2017,8430,-0.0231607629427792,0.0239605355884424,-0.005420054200542,0.0030144694533762,-0.0231607629427792,0.0,1.0170212765957447,1.0,1.055084745762712,1.0404545454545455,-0.01702127659574468,-0.040160642570281124,,
2017,8431,-0.0028529042565331,0.0255007113932363,0.0036651013629596,-0.0061050744931108,-0.0028529042565331,0.0,1.091315453384419,1.0548872180451128,1.1322207958921695,1.0535590877677954,-0.0913154533844189,-0.031179138321995464,,
2017,8432,-0.0161377084454007,0.0254073460370063,-0.0150993377483443,-0.0084370484314547,-0.0161377084454007,0.0,1.0491573033707866,1.0154639175257731,1.0896358543417366,1.0017939518195798,-0.04915730337078652,-0.03984575835475578,,
2017,8433,-0.0105246622683004,0.0234935163996949,0.0069598228408731,-0.0142679900744416,-0.0105246622683004,0.0,1.0847308031774052,1.0507772020725388,1.1359927470534905,1.080482897384306,-0.08473080317740513,-0.019154030327214685,,
2017,8434,-0.0010014019627478,0.0356817768068451,-0.0043868394815553,0.0004910988336401,-0.0010014019627478,0.0,1.0582386363636365,0.9931972789115646,1.0953058321479374,1.0298850574712644,-0.05823863636363636,-0.032467532467532464,,
2017,8435,-0.0008319467554076,0.0182793562487582,0.0004161464835621,-0.0123915737298636,-0.0008319467554076,0.0,1.0228915662650602,0.978494623655914,1.0552220888355341,1.0554785020804438,-0.02289156626506024,-0.034129692832764506,,
2017,9301,0.007496906616202,0.0289817061176316,0.0151470370917687,-0.0027510316368638,0.0,0.007496906616202,1.0782520325203253,1.007701421800948,1.0651629072681705,1.0601503759398496,-0.0782520325203252,-0.001411764705882353,,
2017,9302,-0.0392265193370166,0.0361663652802892,0.0005527915975678,-0.0064481461579796,-0.0392265193370166,0.0,1.045045045045045,1.0,1.0663716814159292,1.1705685618729098,-0.04504504504504504,-0.03734439834024896,,
2017,9303,0.0033003300330032,0.0424904101504868,0.0033112582781456,-0.0211115898319689,0.0,0.0033003300330032,1.1304945054945055,1.0797962648556876,1.1287262872628727,1.0795287187039764,-0.1304945054945055,-0.012004801920768308,,
2017,9304,-0.0016168148746968,0.0238335576491699,-0.0051128856207273,-0.0199166280685502,-0.0016168148746968,0.0,1.168986083499006,1.0658492279745686,1.1662005593288054,1.0574018126888218,-0.16898608349900596,0.007194244604316547,,
2017,9305,0.005857740585774,0.0340136054421769,-0.0176736539251952,-0.0234776228906823,0.0,0.005857740585774,1.1583476764199656,1.1831578947368422,1.1879310344827587,1.1235955056179776,-0.15834767641996558,-0.023222060957910014,,
2017,9306,0.0017513134851139,0.0207555970149253,0.0002502502502501,-0.015730880929332,0.0,0.0017513134851139,1.0988593155893536,1.1089258698940998,1.152230971128609,1.0514705882352942,-0.09885931558935361,-0.012528473804100227,,
2017,9307,-0.0346287033474412,0.0199063231850116,-0.0038328861632809,-0.0280962013935716,-0.0346287033474412,0.0,1.1061571125265393,1.0384615384615385,1.0781893004115226,1.0452488687782806,-0.10615711252653928,-0.0057251908396946565,,
2017,9308,-0.0141752577319587,0.021838034576888,-0.0067199999999999,-0.0256089943785133,-0.0141752577319587,0.0,1.1920122887864824,1.1209964412811388,1.1904761904761905,1.0233160621761659,-0.19201228878648233,0.0012903225806451613,,
2017,9309,-0.0052047974654899,0.0307298335467349,-0.0031581321903902,-0.0241590214067278,-0.0052047974654899,0.0,1.2261001517450683,1.2026022304832713,1.2768987341772151,1.0084745762711864,-0.22610015174506828,0.0012391573729863693,,
2017,9310,-0.014945652173913,0.0197297297297296,-0.0032502708559046,-0.0139534883720929,-0.014945652173913,0.0,1.066921606118547,1.0381165919282511,1.0817490494296578,1.0744416873449132,-0.06692160611854685,-0.019332161687170474,,
2017,9311,-0.0062783397279385,0.0314802411252512,0.0056120659417748,-0.0046056419113413,-0.0062783397279385,0.0,1.1245210727969348,1.1168224299065421,1.1521739130434783,1.045822102425876,-0.12452107279693486,0.00686106346483705,,
2017,9312,0.0029769357037532,0.0271689911247963,0.0044994690067632,0.000514050719671,0.0,0.0029769357037532,1.068414779499404,1.0078363660512684,1.0537150970184572,0.9631578947368421,-0.06841477949940405,0.006512463507747586,,
2017,9313,0.0061298411813874,0.0214944999367809,0.0015348123343099,-0.029520295202952,0.0,0.0061298411813874,1.0953401178361006,1.0253004427577483,1.0871191876002138,1.206008583690987,-0.09534011783610069,0.005408062930186824,,
2017,9314,-0.0053830227743271,0.0139358108108107,-0.0057636887608069,-0.0158964879852125,-0.0053830227743271,0.0,1.1447661469933186,1.0664819944598338,1.1768707482993197,1.0194805194805194,-0.1447661469933185,-0.009633911368015413,,
2017,9315,-0.0007312948489418,0.0251412806478885,-0.0028712059064807,-0.0181968569065342,-0.0007312948489418,0.0,1.0996489332973265,1.0318764377259284,1.0951868781930627,1.0436817472698907,-0.09964893329732649,-0.00024551927326295114,,
2017,9316,-0.0047418335089568,0.0222993062438057,-0.0119729307652264,-0.0143614670790985,-0.0047418335089568,0.0,1.1298076923076923,1.1048158640226629,1.1476997578692494,1.0615942028985508,-0.12980769230769232,-0.008438818565400843,,
2017,9317,-0.0142743854084059,0.0275418275418275,-0.0156128024980484,-0.0072815533980582,-0.0142743854084059,0.0,1.8528428093645486,1.793991416309013,1.8604651162790697,1.2555282555282554,-0.8528428093645485,-0.010714285714285714,,
2017,9318,-0.0039393939393939,0.017561260210035,-0.0021167221046265,-0.0164435048155978,-0.0039393939393939,0.0,1.1406933692359476,1.1059135039717565,1.149492966961073,0.9954058192955589,-0.1406933692359475,-0.035571997723392146,,
2018,51,-0.0226893560226894,-0.0113597246127367,-0.0202680614579927,0.003106487501806,-0.0226893560226894,0.0,1.021543985637343,1.0814814814814815,1.050179211469534,1.0657698056801195,-0.02154398563734291,-0.02901023890784983,,
2018,52,-0.0160624139513538,0.0008523332623056,0.0025304807913504,-0.0141028020040824,-0.0160624139513538,0.0,1.2565564424173319,1.2924137931034483,1.2193181818181817,0.9809989142236699,-0.25655644241733183,0.02702702702702703,,
2018,53,-0.0020616319444444,-0.005876988550005,-0.002705334920463,-0.0083863504916136,-0.0020616319444444,0.0,1.1098484848484849,1.1128737034777303,1.088782562466773,1.1571373006612213,-0.10984848484848485,0.00146484375,,
2018,54,-0.0121190518624131,0.0003478260869564,0.0019642857142856,-0.0060259114191021,-0.0121190518624131,0.0,1.0503693754197447,1.0844709897610922,1.0400534045393859,1.025330396475771,-0.050369375419744795,0.0038510911424903724,,
2018,55,-0.0041194644696189,-0.0088669950738916,0.0025813113061434,-0.0068906115417742,-0.0041194644696189,0.0,1.1333333333333333,1.1536388140161724,1.0714285714285714,1.046829268292683,-0.13333333333333333,0.007407407407407408,,
2018,56,-0.0142302716688227,-0.0085357846355876,-0.0295040803515379,-0.0206586213949683,-0.0142302716688227,0.0,1.0955882352941178,1.1363636363636365,1.0416666666666667,1.0259067357512954,-0.09558823529411764,-0.006666666666666667,,
2018,57,-0.0145401672119229,-0.0081967213114754,-0.0196008553100498,-0.005038937242327,-0.0145401672119229,0.0,1.0132211538461537,1.0611916264090178,1.0269953051643192,1.08008658008658,-0.013221153846153846,-0.036571428571428574,,
2018,58,-0.0306004618937644,-0.0059171597633136,-0.0164679159568427,-0.0158075601374571,-0.0306004618937644,0.0,1.0782828282828283,1.125,1.056470588235294,0.9779735682819384,-0.07828282828282829,-0.04899777282850779,,
2018,59,-0.0009250693802035,-0.0008602150537634,-0.0280962013935716,-0.0146035212228743,-0.0009250693802035,0.0,1.0678233438485805,1.091796875,1.0452488687782806,1.0602941176470588,-0.06782334384858044,-0.023088023088023088,,
2018,60,-0.0093167701863353,-0.0058840835539865,-0.01364522417154,-0.0159416989296288,-0.0093167701863353,0.0,1.0104790419161678,1.1077844311377245,0.99581589958159,1.0601965601965602,-0.010479041916167664,-0.0546218487394958,,
2018,61,-0.008362369337979,-0.0251924422673197,-0.0304054054054053,0.0046221864951767,-0.008362369337979,0.0,1.0486111111111112,1.107981220657277,1.0169491525423728,1.0623885918003566,-0.04861111111111111,0.006666666666666667,,
2018,62,0.0034702139965296,-0.0011129660545353,-0.0046056419113413,0.0046796256299495,0.0,0.0034702139965296,1.0893371757925072,1.0862068965517242,1.045822102425876,0.9219330855018587,-0.0893371757925072,-0.02577319587628866,,
2018,63,-0.0150998538723818,-0.0049627791563275,-0.0219151977131967,0.0065512133986556,-0.0150998538723818,0.0,1.1265822784810127,1.1275510204081634,1.0703125,1.0257510729613735,-0.12658227848101267,-0.025547445255474453,,
2018,64,-0.0187768240343347,-0.0070528967254408,-0.0158394931362196,-0.008415908782408,-0.0187768240343347,0.0,1.174785100286533,1.1968503937007875,1.117816091954023,1.0747899159663865,-0.17478510028653296,0.05398457583547558,,
2018,1101,0.0003057169061448,0.0030376670716889,0.0065389645357334,-0.0030581039755351,0.0,0.0003057169061448,1.042422279792746,1.094927536231884,1.0261797026502908,1.0116279069767442,-0.04242227979274611,0.013858267716535434,,
2018,1102,-0.0070274068868587,0.0013140604467805,0.0056537102473497,-0.0051313948064064,-0.0070274068868587,0.0,1.053125,1.0954063604240283,1.0247678018575852,1.025411596277738,-0.053125,0.01812688821752266,,
2018,1103,0.0116063138347259,-0.0044326241134752,0.0070126227208975,-0.0115891411335132,0.0,0.0116063138347259,1.0345679012345679,1.10752688172043,1.0458937198067633,1.1214868540344516,-0.0345679012345679,-0.03233256351039261,,
2018,1104,0.0065904730124302,0.0055098442550689,0.0086671154493436,-0.0007991726212861,0.0,0.0065904730124302,1.0154362416107383,1.0886644219977553,1.0216666666666667,1.003833375926399,-0.015436241610738255,-0.012724306688417618,,
2018,1105,0.0069460004481289,-0.0119530416221984,0.0013461969934933,-0.0093297323839921,0.0,0.0069460004481289,1.0560640732265447,1.0837320574162679,1.0158910329171396,1.3264604810996563,-0.05606407322654462,0.03128491620111732,,
2018,1106,0.0086465199897269,0.0011220825852782,0.0129205688518903,-0.0063913470993116,0.0,0.0086465199897269,1.0287631831255992,1.1070535267633816,1.032967032967033,1.0323565323565325,-0.028763183125599234,-0.0074005550416281225,,
2018,1107,0.0026435952895937,-0.0053908355795148,0.0156211862338295,-0.0009250693802035,0.0,0.0026435952895937,1.0305188199389623,1.087799315849487,1.0323232323232323,1.0678233438485805,-0.030518819938962362,-0.008806262230919765,,
2018,1108,0.0031378228336953,-0.0110766504209127,-0.0145099904852521,-0.0102234002271867,0.0,0.0031378228336953,1.0287769784172662,1.0761209593326382,1.0300429184549356,1.0551181102362204,-0.02877697841726619,0.042708333333333334,,
2018,1109,-0.0060493507346421,-0.0041436605753945,0.0023698849069784,-0.0089699969068975,-0.0060493507346421,0.0,1.0335626216742375,1.0896701441235,1.021802663907927,1.1270358306188926,-0.03356262167423751,0.00784651209881543,,
2018,1110,-0.001834862385321,-0.0072072072072072,-0.0027447392497712,-0.0150998538723818,-0.001834862385321,0.0,1.015209125475285,1.050387596899225,1.049429657794677,1.1265822784810127,-0.015209125475285171,-0.03260869565217391,,
2018,1111,-0.0043219881145326,-0.0056265984654731,0.0005405405405405,-0.0192307692307692,-0.0043219881145326,0.0,1.0489795918367346,1.0976744186046512,1.0491803278688525,1.1428571428571428,-0.04897959183673469,0.00390625,,
2018,1112,0.006193944799564,0.0074136835416225,0.0133567662565905,-0.0188205771643663,0.0,0.006193944799564,1.0279093369418133,1.062728497209929,1.011139240506329,1.0073260073260073,-0.027909336941813263,0.014354865631781006,,
2018,1113,0.0079384565021687,-0.0055350553505535,0.0082515058998267,0.000999000999001,0.0,0.0079384565021687,1.0314735336194563,1.0947368421052632,1.042089985486212,1.154353562005277,-0.031473533619456366,0.004178272980501393,,
2018,1114,-0.0063173094278322,-0.0078350291093095,0.0073943875386386,0.0,-0.0063173094278322,0.0,1.0448249811130697,1.0795425006498571,1.0352467270896273,1.2352941176470589,-0.044824981113069755,0.00899805447470817,,
2018,1115,0.0030721966205837,-0.0088672411639815,0.0030144694533762,-0.0075046904315196,0.0,0.0030721966205837,1.0471395881006864,1.100836202656173,1.0404545454545455,1.0372596153846154,-0.0471395881006865,-0.00043687199650502403,,
2018,2401,-0.0057817393399181,-0.0004567252797442,-0.0209905660377358,-0.028954802259887,-0.0057817393399181,0.0,1.067842605156038,1.1611721611721613,1.0486202365308803,1.0725190839694656,-0.06784260515603799,-0.013784461152882205,,
2018,2402,-0.0068906115417742,-0.0056768558951965,-0.0150583244962884,0.0048479506390479,-0.0068906115417742,0.0,1.046829268292683,1.0924242424242425,1.0259117082533589,1.0671140939597314,-0.04682926829268293,0.0037418147801683817,,
2018,2403,-0.0046384145055872,-0.0024242424242424,-0.0064935064935064,-0.0140689655172413,-0.0046384145055872,0.0,1.0467899891186072,1.0497237569060773,1.0346320346320346,1.1044487427466152,-0.046789989118607184,0.006276150627615063,,
2018,2404,-0.0206953642384105,-0.0206270627062706,-0.0242326332794829,-0.0067189249720044,-0.0206953642384105,0.0,1.0118577075098814,1.12,1.0038022813688212,1.0467836257309941,-0.011857707509881422,-0.030303030303030304,,
2018,2405,-0.0206586213949683,-0.0075917334458034,-0.0231768231768231,0.0042872454448017,-0.0206586213949683,0.0,1.0259067357512954,1.0664697193500738,1.0214067278287462,1.0432692307692308,-0.025906735751295335,-0.011976047904191617,,
2018,2406,-0.0061538461538461,-0.0050403225806451,-0.0081383519837232,-0.0104270109235352,-0.0061538461538461,0.0,1.12,1.2635658914728682,1.15,1.0166358595194085,-0.12,-0.05314009661835749,,
2018,2407,-0.0123922413793103,-0.0089235917456775,-0.017989417989418,0.007887090078871,-0.0123922413793103,0.0,1.1002638522427441,1.1453287197231834,1.0833333333333333,1.1291512915129152,-0.10026385224274406,-0.05656108597285068,,
2018,2408,-0.0154679040989945,-0.0231075697211154,-0.0226757369614512,0.0090277777777778,-0.0154679040989945,0.0,1.0611353711790392,1.079268292682927,1.0472103004291846,1.1326397919375812,-0.0611353711790393,-0.004098360655737705,,
2018,2409,0.0048835462058602,-0.0061438380917961,-0.0158964879852125,-0.0082936297864831,0.0,0.0048835462058602,1.0092592592592593,1.0537124802527646,1.0194805194805194,1.0744416873449132,-0.009259259259259259,-0.02802547770700637,,
2018,2410,-0.001042061386889,-0.0082578582844965,-0.0061199510403916,-0.003154574132492,-0.001042061386889,0.0,0.9810606060606061,1.036751630112626,0.9669573198715007,1.0331384015594542,0.01893939393939394,-0.016611295681063124,,
2018,2411,-0.0150913423351866,-0.0039682539682539,-0.0418569254185692,-0.0030184123151222,-0.0150913423351866,0.0,0.965625,1.0489795918367346,0.9765395894428153,1.062111801242236,0.034375,-0.07207207207207207,,
2018,2412,0.00185960018596,-0.0184921763869132,-0.0227169468423443,-0.0187165775401069,0.0,0.00185960018596,1.0829145728643217,1.146953405017921,1.069879518072289,0.9420505200594353,-0.0829145728643216,-0.02927927927927928,,
2018,2413,0.0014019783472232,-0.0021870671429612,-0.0091835159746874,-0.002415458937198,0.0,0.0014019783472232,1.0603944124897289,1.1015544041450778,1.0571428571428572,1.034274193548387,-0.06039441248972884,-0.0034749034749034747,,
2018,2414,-0.0193103448275862,-0.0079787234042553,-0.0027510316368638,-0.0069648093841642,-0.0193103448275862,0.0,1.1042471042471043,1.1464646464646464,1.0601503759398496,1.0503295386458957,-0.10424710424710425,0.014184397163120567,,
2018,2415,-0.0366541353383458,-0.0029211295034079,-0.0274223034734917,-0.0051110435047155,-0.0366541353383458,0.0,1.0604026845637584,1.0729613733905579,1.0160771704180065,1.1357021996615906,-0.06040268456375839,0.0,,
2018,2701,-0.0232804232804232,-0.0335135135135135,-0.0176715176715176,0.0159662475181998,-0.0232804232804232,0.0,1.0726256983240223,1.1151079136690647,0.9842105263157894,1.1761290322580644,-0.07262569832402235,0.026737967914438502,,
2018,2702,-0.0159416989296288,-0.0085371481310567,-0.0200848024994421,0.013553329404832,-0.0159416989296288,0.0,1.0601965601965602,1.1059001512859303,1.0222482435597189,1.1443850267379678,-0.060196560196560195,-0.011454753722794959,,
2018,2703,-0.0197005516154452,-0.0015898251192368,-0.0364464692482915,-0.012539184952978,-0.0197005516154452,0.0,1.0806451612903225,1.091503267973856,1.0346534653465347,1.0578034682080926,-0.08064516129032258,-0.03827751196172249,,
2018,2704,0.007887090078871,0.0071915215745648,-0.0195360195360195,-0.0188398611799702,0.0,0.007887090078871,1.1291512915129152,1.2131147540983607,1.0614334470989761,1.0635451505016722,-0.12915129151291513,-0.01607717041800643,,
2018,2705,-0.0012761613067892,-0.0170042510627657,-0.0116044399596367,-0.001834862385321,-0.0012761613067892,0.0,0.9613899613899614,1.0794016110471807,1.0139794967381175,1.015209125475285,0.03861003861003861,-0.08455882352941177,,
2018,2706,-0.0048369093389557,-0.0059952038369304,-0.0043220548283526,-0.0125575554625366,-0.0048369093389557,0.0,1.0316774658027357,1.093484419263456,1.026580459770115,1.0781512605042016,-0.03167746580273578,0.0027991602519244225,,
2018,2707,-0.0017152658662092,-0.0085207100591715,-0.0140130466296206,-0.0120284308365227,-0.0017152658662092,0.0,1.0377094972067038,1.0623916811091854,0.9827127659574468,1.0648414985590777,-0.03770949720670391,0.005412719891745603,,
2018,2708,-0.0080340264650283,-0.0028248587570621,-0.0199166280685502,-0.0175043760940235,-0.0080340264650283,0.0,1.0685358255451713,1.1294642857142858,1.0574018126888218,1.0553306342780027,-0.06853582554517133,-0.02,,
2018,2709,-0.0176870748299319,-0.0083217753120665,-0.0226063829787234,-0.0197430272641805,-0.0176870748299319,0.0,1.0433070866141732,1.0930232558139534,0.9745454545454545,1.035294117647059,-0.04330708661417323,-0.011194029850746268,,
2018,2710,-0.002415458937198,-0.019714144898965,-0.0175605125771238,0.0108935901484055,-0.002415458937198,0.0,1.034274193548387,1.0683544303797468,0.9925373134328358,1.130718954248366,-0.034274193548387094,-0.03571428571428571,,
2018,2711,-0.0060259114191021,0.0002834734952281,-0.0105336380800954,-0.0221218961625282,-0.0060259114191021,0.0,1.025330396475771,1.1043350477590008,1.0032345013477089,1.0456942003514937,-0.025330396475770924,0.0005373455131649651,,
2018,2712,-0.010359869138495,-0.0035714285714285,-0.0150375939849624,-0.0101167315175096,-0.010359869138495,0.0,1.0156739811912225,1.0614754098360655,1.008955223880597,0.9829059829059829,-0.01567398119122257,-0.04142011834319527,,
2018,2713,-0.0020174848688634,-0.0013146362839614,-0.0143614670790985,-0.0258215962441314,-0.0020174848688634,0.0,1.0964749536178107,1.1121951219512196,1.0615942028985508,1.1118012422360248,-0.09647495361781076,0.008532423208191127,,
2018,2714,-0.0192542787286064,-0.0179399938137951,-0.0042604990870359,-0.0168612191958495,-0.0192542787286064,0.0,0.9341517857142857,1.09375,0.9865563598759048,1.102880658436214,0.06584821428571429,-0.12264150943396226,,
2018,2715,0.0046796256299495,-0.002470007057163,-0.00608228980322,-0.0160624139513538,0.0,0.0046796256299495,0.9219330855018587,1.1014150943396226,1.011090573012939,1.2565564424173319,0.07806691449814127,-0.09323583180987204,,
2018,2716,-0.017391304347826,-0.0164062499999999,-0.0156918687589158,-0.0112327997753439,-0.017391304347826,0.0,0.9829787234042553,1.1047120418848169,1.00418410041841,1.0157232704402517,0.01702127659574468,-0.0375,,
2018,2717,-0.0071669477234401,-0.0089649551752241,-0.0214521452145214,-0.0138888888888888,-0.0071669477234401,0.0,1.0158450704225352,1.08,1.0464716006884682,1.0881057268722467,-0.01584507042253521,-0.05098684210526316,,
2018,2718,-0.0145190562613429,-0.0139194139194138,-0.0114818801578758,0.0004650081376424,-0.0145190562613429,0.0,0.9982758620689656,1.0956937799043063,1.0431778929188256,1.009090909090909,0.0017241379310344827,-0.041390728476821195,,
2018,2801,-0.0122086570477247,-0.0123873873873874,-0.0269978401727861,-0.0068516615279204,-0.0122086570477247,0.0,1.0769230769230769,1.1703703703703703,1.03954802259887,1.0289855072463767,-0.07692307692307693,-0.010869565217391304,,
2018,2802,0.008108108108108,-0.0051768766177739,-0.014647137150466,0.0002454288869799,0.0,0.008108108108108,1.087837837837838,1.1012145748987854,1.1050847457627118,1.019790454016298,-0.08783783783783784,-0.012269938650306749,,
2018,2803,-0.012539184952978,-0.0145202020202019,-0.0160394818013571,-0.0078965438315403,-0.012539184952978,0.0,1.0578034682080926,1.0836820083682008,1.0053475935828877,1.1224755700325733,-0.057803468208092484,-0.026595744680851064,,
2018,2804,-0.0004382761139517,0.0003406458645591,-0.0114095898324667,-0.010793172690763,-0.0004382761139517,0.0,1.0766438079870915,1.1375126390293226,1.0706671930517173,1.0239282153539382,-0.07664380798709157,-0.015855457227138645,,
2018,2805,-0.0175043760940235,-0.0071887034659819,-0.0307804168686378,-0.0123537061118335,-0.0175043760940235,0.0,1.0553306342780027,1.1753371868978806,1.0670103092783505,1.0143149284253579,-0.0553306342780027,-0.05555555555555555,,
2018,2806,-0.0165343915343915,0.0052666227781434,-0.015625,-0.0121190518624131,-0.0165343915343915,0.0,1.0521739130434782,1.103658536585366,1.0326530612244897,1.0503693754197447,-0.05217391304347826,-0.043478260869565216,,
2018,2807,-0.0047051442910915,-0.0012202562538132,-0.0123915737298636,0.0014019783472232,-0.0047051442910915,0.0,1.0405594405594405,1.0675944333996024,1.0554785020804438,1.0603944124897289,-0.04055944055944056,-0.022339027595269383,,
2018,2808,-0.010793172690763,-0.0149913983779798,-0.0242468772961057,-0.0080450522928399,-0.010793172690763,0.0,1.0239282153539382,1.0728744939271255,1.0292397660818713,1.052132701421801,-0.023928215353938187,-0.027462121212121212,,
2018,2809,-0.0087591240875912,-0.0060120240480961,-0.0343045112781954,-0.0061823802163832,-0.0087591240875912,0.0,1.0577889447236182,1.084375,1.0558252427184467,1.0909090909090908,-0.05778894472361809,-0.03218390804597701,,
2018,2810,0.0055058499655884,0.0031645569620253,-0.0054757015742642,-0.0010520778537611,0.0,0.0055058499655884,1.1225490196078431,1.180722891566265,1.1336633663366336,1.0534653465346535,-0.12254901960784313,0.0,,
2018,2811,-0.0047199496538703,0.004088785046729,-0.0142679900744416,0.0048835462058602,-0.0047199496538703,0.0,1.1236897274633124,1.1924290220820188,1.080482897384306,1.0092592592592593,-0.12368972746331237,-0.00186219739292365,,
2018,2812,0.0042872454448017,-0.0144927536231883,-0.0106044538706256,-0.0454284071305347,0.0,0.0042872454448017,1.0432692307692308,1.1418918918918919,1.0568720379146919,1.062780269058296,-0.04326923076923077,-0.026905829596412557,,
2018,2813,-0.0146035212228743,-0.006547300908605,-0.0114678899082568,0.0011988354170233,-0.0146035212228743,0.0,1.0602941176470588,1.0615796519410978,1.0135593220338983,0.9846322722283205,-0.060294117647058824,0.033444816053511704,,
2018,2814,0.004610655737705,-0.0059055118110236,-0.0225338007010516,0.0163396707768936,0.0,0.004610655737705,1.088235294117647,1.1208333333333333,1.0514285714285714,1.082414870866919,-0.08823529411764706,0.005434782608695652,,
2018,2815,-0.0086021505376343,-0.0014546724077737,-0.0130980534837183,-0.0030040053404539,-0.0086021505376343,0.0,1.0426492724535876,1.083918315252074,1.0258939580764488,1.0848585690515806,-0.04264927245358756,-0.0009615384615384616,,
2018,2816,-0.0020316944331572,0.0109503324208055,-0.0245739199365834,0.0023016725487188,-0.0020316944331572,0.0,1.0784810126582278,1.132867132867133,1.0285714285714285,1.1368932038834951,-0.07848101265822785,-0.013888888888888888,,
2018,2817,-0.0067189249720044,0.0010319917440659,-0.0085122131754256,-0.0048369093389557,-0.0067189249720044,0.0,1.0467836257309941,1.0796812749003983,1.035663338088445,1.0316774658027357,-0.04678362573099415,-0.013774104683195593,,
2018,2818,-0.0110864745011086,-0.0144927536231883,-0.0404255319148936,-0.0012761613067892,-0.0110864745011086,0.0,1.0571428571428572,1.089655172413793,1.0441988950276244,0.9613899613899614,-0.05714285714285714,-0.021164021164021163,,
2018,2819,-0.0221218961625282,0.0008639308855291,-0.0062808434275459,-0.0110864745011086,-0.0221218961625282,0.0,1.0456942003514937,1.0664893617021276,1.0274442538593482,1.0571428571428572,-0.04569420035149385,-0.00667779632721202,,
2018,3201,-0.000491883915396,-0.0004798464491362,-0.015972894482091,-0.0151975683890577,-0.000491883915396,0.0,1.1026694045174539,1.1424242424242423,1.0617760617760619,1.2125,-0.1026694045174538,-0.023636363636363636,,
2018,3202,-0.007492572019119,-0.0042126130591004,-0.0119974473516273,-0.000970088924818,-0.007492572019119,0.0,1.0082393755420642,1.0311764705882354,1.0104666375926734,1.0715447154471545,-0.00823937554206418,0.0034527406128614588,,
2018,3203,0.0053394355453852,-0.0032825322391558,-0.0123053741838272,-0.0153089119737561,0.0,0.0053394355453852,1.0168918918918919,1.0159744408945688,0.98,0.9943100995732574,-0.016891891891891893,0.023809523809523808,,
2018,3204,-0.0089699969068975,-0.0002972651605231,-0.0006182380216382,-0.0294831772459244,-0.0089699969068975,0.0,1.1270358306188926,1.1223021582733812,1.0699088145896656,1.0403940886699508,-0.1270358306188925,-0.017045454545454544,,
2018,3205,-0.003154574132492,-0.0074373140671483,-0.0042629571460623,-0.0082644628099173,-0.003154574132492,0.0,1.0331384015594542,1.026338147833475,0.990613266583229,1.2388451443569555,-0.03313840155945419,0.004421983575489577,,
2018,3206,-0.0010520778537611,0.0030165912518853,-0.001837752690995,-0.0096670247046186,-0.0010520778537611,0.0,1.0534653465346535,1.053030303030303,0.9981532779316713,0.9925925925925926,-0.053465346534653464,-0.01572617946345976,,
2018,3207,-0.0294831772459244,-0.0003445899379738,-0.015032456440041,-0.0071416129594147,-0.0294831772459244,0.0,1.0403940886699508,1.0609271523178807,1.0201729106628241,1.0466155810983397,-0.04039408866995074,-0.005649717514124294,,
2018,3208,-0.0167234437906472,-0.0059523809523809,-0.0073778051029819,-0.0056401579244218,-0.0167234437906472,0.0,1.0325131810193322,1.0136054421768708,0.9936993699369937,1.1062176165803108,-0.03251318101933216,0.06431159420289854,,
2018,3209,-0.014937106918239,-0.0231075697211154,-0.0139534883720929,0.000452468214108,-0.014937106918239,0.0,1.084788029925187,1.0943396226415094,1.0744416873449132,1.112207896857373,-0.08478802992518704,0.004618937644341801,,
2018,3210,-0.0069060773480662,-0.0111353711790392,-0.0091240875912408,0.0079384565021687,-0.0069060773480662,0.0,1.06,1.07125,1.0494949494949495,1.0314735336194563,-0.06,0.02021174205967276,,
2018,3211,-0.0071416129594147,-0.0088524590163934,-0.0137433430682013,-0.0154679040989945,-0.0071416129594147,0.0,1.0466155810983397,1.0960591133004927,1.0607805502239283,1.0611353711790392,-0.04661558109833972,-0.011459589867310011,,
2018,3212,-0.0124254473161034,-0.013909224011713,-0.0134836969845549,-0.0060455896927651,-0.0124254473161034,0.0,1.0173341303048415,0.9873772791023843,0.9924764890282132,1.1610239471511148,-0.017334130304841603,0.07517372078332281,,
2018,3213,-0.0069648093841642,-0.0071599045346062,-0.0208183776022972,0.0041938490214352,-0.0069648093841642,0.0,1.0503295386458957,1.0749588138385502,1.0456508328192473,1.1187800963081862,-0.05032953864589575,0.03421828908554572,,
2018,3214,-0.0153089119737561,-0.0078299776286353,-0.0229700854700855,-0.0151668351870576,-0.0153089119737561,0.0,0.9943100995732574,1.0135396518375241,1.0070621468926553,1.1506849315068493,0.005689900426742532,-0.019635343618513323,,
2018,3215,-0.0030581039755351,0.0002994908655284,-0.0098804780876493,-0.0060172997367431,-0.0030581039755351,0.0,1.0116279069767442,1.0391534391534392,0.985249621785174,1.0549019607843138,-0.011627906976744186,0.0019193857965451055,,
2018,3216,0.0038022813688212,-0.0032805429864253,-0.0021680216802167,-0.0053763440860215,0.0,0.0038022813688212,1.0285383725414579,1.0730238393977416,1.0192982456140351,1.0752056404230317,-0.02853837254145777,0.020080321285140562,,
2018,3217,-0.0186163522012579,-0.008262328943971,-0.0192450037009622,-0.0204661739624786,-0.0186163522012579,0.0,1.0536847242557346,1.0456651224354732,1.0181543116490166,1.0091930541368743,-0.053684724255734506,0.06934125804853888,,
2018,3218,-0.0129215660938105,-0.0030735185640521,-0.0118743615934626,-0.0047051442910915,-0.0129215660938105,0.0,1.015370427297879,1.0237388724035608,1.010928961748634,1.0405594405594405,-0.01537042729787888,0.05023847376788553,,
2018,3219,-0.0028240609997175,0.0013605442176871,-0.0180255130338324,-0.0096899224806201,-0.0028240609997175,0.0,1.021590909090909,1.0693548387096774,1.0537757437070938,1.205065608788526,-0.02159090909090909,-0.023887079261672096,,
2018,3220,-0.0194420963651732,0.0006396588486141,-0.0239273927392739,-0.0080721220527045,-0.0194420963651732,0.0,1.0082417582417582,1.0210526315789474,1.0065897858319606,1.0585235832657318,-0.008241758241758242,0.0010911074740861974,,
2018,3221,-0.0081658291457286,-0.0040036957191254,-0.0163731850478838,-0.0087591240875912,-0.0081658291457286,0.0,1.0104058272632674,1.0366847826086956,1.0260145681581685,1.0577889447236182,-0.01040582726326743,-0.015212981744421906,,
2018,3222,-0.0188679245283018,-0.0040011431837667,-0.0061529446234983,-0.0133747313112013,-0.0188679245283018,0.0,1.005813953488372,1.0415078356628547,1.0154015401540153,1.042763157894737,-0.005813953488372093,0.062116287468400144,,
2018,4401,-0.0267624020887728,-0.0122783083219645,-0.0179487179487179,-0.0070274068868587,-0.0267624020887728,0.0,1.0118694362017804,1.0566037735849056,0.9830985915492958,1.053125,-0.011869436201780416,-0.022922636103151862,,
2018,4402,-0.0017961383026493,-0.0127137220517317,-0.0185103569854561,-0.0226893560226894,-0.0017961383026493,0.0,0.9939879759519038,1.029126213592233,1.0439121756487026,1.021543985637343,0.006012024048096192,-0.05162523900573614,,
2018,4403,-0.0204661739624786,-0.0083457526080477,-0.0137370339220633,0.0069460004481289,-0.0204661739624786,0.0,1.0091930541368743,1.0552291421856639,1.0508130081300813,1.0560640732265447,-0.009193054136874362,-0.04448742746615087,,
2018,4404,-0.0198720107780397,-0.016163035839775,-0.0275139207337045,0.006180725803667,-0.0198720107780397,0.0,1.0366598778004072,1.1235632183908046,1.0132575757575757,1.0384362680683312,-0.03665987780040733,-0.048598130841121495,,
2018,4405,0.0011988354170233,-0.0004954582989264,0.000514050719671,-0.0306004618937644,0.0,0.0011988354170233,0.9846322722283205,1.0465465465465464,0.9631578947368421,1.0782828282828283,0.015367727771679473,-0.019672131147540985,,
2018,4406,-0.0151975683890577,-0.0031347962382445,-0.0060422960725075,-0.0126514611546685,-0.0151975683890577,0.0,1.2125,1.205128205128205,1.1632047477744807,1.0424710424710424,-0.2125,-0.01020408163265306,,
2018,4407,0.0004650081376424,-0.0138102784695495,-0.0162397072278133,-0.0117713960762012,0.0,0.0004650081376424,1.009090909090909,1.076607387140903,1.0179461615154537,1.0307851954341058,-0.00909090909090909,-0.021547502448579822,,
2018,4408,-0.0183150183150183,-0.0128068303094983,-0.0343607882769075,0.008108108108108,-0.0183150183150183,0.0,0.9640198511166254,1.0747028862478778,1.0423076923076924,1.087837837837838,0.03598014888337469,-0.04428044280442804,,
2018,4409,-0.0014506769825918,0.0003016136329361,-0.0032133676092545,-0.0028248587570621,-0.0014506769825918,0.0,1.0158227848101267,1.0759837177747626,1.003988035892323,0.9908675799086758,-0.015822784810126583,-0.04369414101290963,,
2018,4410,-0.0056397928994083,-0.0034349128060595,-0.0029498525073746,-0.0112866817155756,-0.0056397928994083,0.0,0.9967741935483871,1.0351250665247471,1.0352459016393443,1.0238095238095237,0.0032258064516129032,-0.021377672209026127,,
2018,4411,-0.0011175265412554,-0.0083107497741644,-0.0026934150645491,0.0051679586563306,-0.0011175265412554,0.0,0.9885736800630418,1.0444874274661509,1.032447224394058,1.0638297872340425,0.011426319936958234,-0.049981067777357065,,
2018,4412,-0.0051313948064064,-0.0052573121066271,-0.0101585347083269,-0.0017636684303351,-0.0051313948064064,0.0,1.025411596277738,1.040796963946869,1.0224598930481283,1.0456621004566211,-0.02541159627773801,-0.0010460251046025104,,
2018,4413,0.0002454288869799,0.0005688282138793,0.0004910988336401,-0.0041194644696189,0.0,0.0002454288869799,1.019790454016298,1.0775681341719077,1.0298850574712644,1.1333333333333333,-0.01979045401629802,-0.022321428571428572,,
2018,4414,-0.0085644371941272,-0.0071827613727054,-0.0164460489370236,0.0034702139965296,-0.0085644371941272,0.0,1.0,1.0484429065743945,0.975929978118162,1.0893371757925072,0.0,-0.033632286995515695,,
2018,4415,-0.0123537061118335,-0.001953125,-0.0308758664146188,-0.0193103448275862,-0.0123537061118335,0.0,1.0143149284253579,1.043956043956044,1.0383064516129032,1.1042471042471043,-0.014314928425357873,-0.036893203883495145,,
2018,4416,-0.0108259823576584,0.0,-0.0103174603174602,-0.0332528828104049,-0.0108259823576584,0.0,0.990625,1.0460921843687374,1.0204081632653061,1.9326599326599327,0.009375,-0.024615384615384615,,
2018,4417,-0.0104270109235352,-0.0068226120857699,-0.0108055009823182,-0.0066363953894515,-0.0104270109235352,0.0,1.0166358595194085,1.0531400966183575,0.989492119089317,1.2643391521197007,-0.0166358595194085,-0.02654867256637168,,
2018,4418,-0.0085470085470085,-0.0116929334011184,-0.0016,-0.0054998382400517,-0.0085470085470085,0.0,1.0,1.0160919540229885,1.0529531568228105,1.113452188006483,0.0,-0.013539651837524178,,
2018,4419,-0.0101167315175096,-0.0019142419601837,-0.0058027079303675,-0.0142700329308452,-0.0101167315175096,0.0,0.9829059829059829,1.0637119113573408,0.9842209072978304,1.0683060109289617,0.017094017094017096,-0.0781563126252505,,
2018,4420,-0.013352580295922,-0.0213313718278779,-0.0159801136363636,-0.0183150183150183,-0.013352580295922,0.0,1.0132890365448506,1.1016166281755195,1.0618729096989967,0.9640198511166254,-0.013289036544850499,-0.03937007874015748,,
2018,4421,-0.0096670247046186,-0.005552470849528,-0.0163761225567882,-0.0165343915343915,-0.0096670247046186,0.0,0.9925925925925926,1.0429864253393666,1.0265957446808511,1.0521739130434782,0.007407407407407408,-0.07426597582037997,,
2018,4422,-0.0028248587570621,-0.0023319082782743,-0.0162763001190948,-0.0216486261448792,-0.0028248587570621,0.0,0.9908675799086758,1.066006600660066,0.9933481152993349,1.1438515081206497,0.0091324200913242,-0.03125,,
2018,4423,-0.0007991726212861,-0.0017378459399574,-0.0084370484314547,-0.0002736352442194,-0.0007991726212861,0.0,1.003833375926399,1.0528742699047033,1.0017939518195798,1.039691289966924,-0.003833375926399182,0.004860578152980302,,
2018,4424,-0.0141028020040824,-0.0103780578206078,-0.0137262079062957,-0.0061919504643962,-0.0141028020040824,0.0,0.9809989142236699,1.0260631001371743,1.0208791208791208,0.9781021897810219,0.019001085776330078,-0.02744886975242196,,
2018,4425,-0.0063913470993116,-0.0019354838709677,-0.0184976676853787,-0.0176870748299319,-0.0063913470993116,0.0,1.0323565323565325,1.0547184773988898,1.0511432009626955,1.0433070866141732,-0.03235653235653236,-0.03205495134516314,,
2018,4426,-0.0128205128205127,0.000648088139987,-0.0256089943785133,-0.0111065405183051,-0.0128205128205127,0.0,1.0343007915567282,1.080267558528428,1.0233160621761659,1.0881502890173411,-0.03430079155672823,-0.007594936708860759,,
2018,4427,-0.016142735768904,-0.0038461538461538,-0.0236416424720032,-0.0005293806246691,-0.016142735768904,0.0,1.050986842105263,1.092760180995475,1.0408163265306123,1.1521739130434783,-0.05098684210526316,-0.03619909502262444,,
2018,5201,0.0049875311720697,-0.0064910271095838,-0.0106907894736841,-0.0108259823576584,0.0,0.0049875311720697,1.0988372093023255,1.1529850746268657,1.075,0.990625,-0.09883720930232558,-0.023255813953488372,,
2018,5202,0.0017737896494156,0.003466366872775,-0.0082781456953642,-0.0158582089552238,0.0,0.0017737896494156,1.0635755258126196,1.0984555984555984,1.0454760776882994,0.9870759289176091,-0.06357552581261951,0.008155867693701857,,
2018,5203,-0.008977446901686,-0.0004068348250609,-0.0104008667388949,0.0058503969912244,-0.008977446901686,0.0,1.3376146788990826,1.3777777777777778,1.3142857142857143,1.0601851851851851,-0.3376146788990826,-0.009510869565217392,,
2018,5204,-0.0061919504643962,0.0078508341511285,-0.0112244897959183,-0.0145190562613429,-0.0061919504643962,0.0,0.9781021897810219,1.0380952380952382,1.0285714285714285,0.9982758620689656,0.021897810218978103,-0.06944444444444445,,
2018,5205,-0.0080450522928399,-0.0047656870532168,-0.0227987421383647,-0.0150913423351866,-0.0080450522928399,0.0,1.052132701421801,1.1524390243902438,1.0580357142857142,0.965625,-0.052132701421800945,-0.06329113924050633,,
2018,5206,0.0058503969912244,-0.0084148727984344,-0.0136026380873865,-0.0232804232804232,0.0,0.0058503969912244,1.0601851851851851,1.1428571428571428,1.028860028860029,1.0726256983240223,-0.06018518518518518,-0.0364656381486676,,
2018,5207,-0.0022271714922048,0.0003507541213609,-0.037169406719085,-0.0055529847292919,-0.0022271714922048,0.0,1.1539961013645224,1.2249322493224932,1.127134724857685,1.0247524752475248,-0.1539961013645224,-0.003367003367003367,,
2018,5208,-0.028954802259887,0.0094890510948906,-0.0146137787056367,-0.0045300113250282,-0.028954802259887,0.0,1.0725190839694656,1.1047120418848169,1.055350553505535,1.1070866141732283,-0.07251908396946564,-0.017482517482517484,,
2018,5209,-0.0281224152191894,0.0024077046548955,-0.0351157222665602,-0.0022271714922048,-0.0281224152191894,0.0,1.0426356589147288,1.0809523809523809,1.0036496350364963,1.1539961013645224,-0.04263565891472868,-0.02181818181818182,,
2018,5210,0.0095393206142391,0.0083004772774435,-0.0006975122064636,-0.000491883915396,0.0,0.0095393206142391,1.1148748159057438,1.1697080291970803,1.0776836158192091,1.1026694045174539,-0.11487481590574374,-0.007863695937090432,,
2018,5211,0.0,0.0034270047978066,-0.015730880929332,-0.0139009556907037,0.0,0.0,1.0357142857142858,1.1314031180400892,1.0514705882352942,1.1911764705882353,-0.03571428571428571,-0.03671328671328671,,
2018,5212,-0.0113956622962871,-0.0021398002853066,-0.0184026942506615,-0.0070066807886589,-0.0113956622962871,0.0,1.0546999468932554,1.094062708472315,1.0346611484738748,1.1624595469255663,-0.05469994689325544,-0.007,,
2018,5213,0.013553329404832,0.0088449531737773,-0.0011771630370805,-0.0056397928994083,0.0,0.013553329404832,1.1443850267379678,1.2178217821782178,1.1323155216284988,0.9967741935483871,-0.1443850267379679,-0.038202247191011236,,
2018,5214,-0.0004051863857373,0.0003502626970228,-0.0151636073423783,-0.0169491525423728,-0.0004051863857373,0.0,1.2492581602373887,1.2518518518518518,1.1331521739130435,1.1111111111111112,-0.24925816023738873,0.009592326139088728,,
2018,5215,-0.0281437125748502,-0.003063725490196,-0.0357967667436489,-0.014937106918239,-0.0281437125748502,0.0,1.0434782608695652,1.1515151515151516,1.0804597701149425,1.084788029925187,-0.043478260869565216,-0.06382978723404255,,
2018,5216,0.0122418696673674,-0.005372245816545,0.0026863944453627,-0.0088815789473684,0.0,0.0122418696673674,1.0964517741129436,1.1386356491669287,1.0750183868595244,1.0986964618249535,-0.09645177411294353,0.0006841505131128849,,
2018,5217,-0.0097349918875067,-0.0100913022585295,-0.0064481461579796,-0.0098319061211544,-0.0097349918875067,0.0,1.1924398625429553,1.2227272727272727,1.1705685618729098,1.0571428571428572,-0.19243986254295534,-0.008571428571428572,,
2018,5218,0.0157845868152275,0.0045620437956204,-0.0137362637362636,-0.0100241963359833,0.0,0.0157845868152275,1.0262008733624455,1.1301775147928994,1.0389610389610389,1.164882226980728,-0.026200873362445413,-0.020833333333333332,,
2018,5219,0.0023016725487188,-0.0098968497351547,-0.0127253446447508,-0.0130813953488372,0.0,0.0023016725487188,1.1368932038834951,1.233160621761658,1.1645445641527914,1.319935691318328,-0.13689320388349516,-0.015138772077375946,,
2018,5220,-0.0192307692307692,-0.0004203446826397,-0.0314569536423841,-0.0080340264650283,-0.0192307692307692,0.0,1.1428571428571428,1.224,1.0889328063241106,1.0685358255451713,-0.14285714285714285,0.016333938294010888,,
2018,5221,-0.0209523809523809,0.0098920863309353,-0.0186915887850467,-0.0139682539682539,-0.0209523809523809,0.0,1.095959595959596,1.21656050955414,1.0858585858585859,1.042857142857143,-0.09595959595959595,0.009302325581395349,,
2018,5301,-0.0066363953894515,-0.0031476235442241,-0.0072815533980582,0.0030721966205837,-0.0066363953894515,0.0,1.2643391521197007,1.3297101449275361,1.2555282555282554,1.0471395881006864,-0.26433915211970077,-0.007827788649706457,,
2018,5302,-0.00657074883879,0.0011884183232497,-0.0125293657008613,0.006193944799564,-0.00657074883879,0.0,1.1160449970396684,1.2177985948477752,1.1143661971830985,1.0279093369418133,-0.11604499703966845,-0.04701718907987867,,
2018,5303,-0.0139682539682539,0.0019280205655527,-0.0180798004987531,-0.0143646408839779,-0.0139682539682539,0.0,1.042857142857143,1.0666666666666667,1.03551912568306,0.9894736842105263,-0.04285714285714286,-0.036939313984168866,,
2018,5304,-0.0204255319148936,0.0036870135190496,-0.0050804403048264,-0.0128440366972476,-0.0204255319148936,0.0,1.1031175059952039,1.1442307692307692,1.0722610722610724,1.0138888888888888,-0.10311750599520383,0.0,,
2018,5305,0.0043243243243242,0.0084656084656085,-0.0164805954279638,-0.0063067608476287,0.0,0.0043243243243242,1.0476190476190477,1.1,1.0866666666666667,1.1555555555555554,-0.047619047619047616,-0.05521472392638037,,
2018,5306,-0.0061823802163832,-0.0100076982294072,-0.015220700152207,-0.0129215660938105,-0.0061823802163832,0.0,1.0909090909090908,1.0861244019138756,1.0932835820895523,1.015370427297879,-0.09090909090909091,-0.017064846416382253,,
2018,5307,-0.0168612191958495,0.0098522167487684,-0.0064432989690721,-0.0061538461538461,-0.0168612191958495,0.0,1.102880658436214,1.1758241758241759,1.0817120622568093,1.12,-0.102880658436214,-0.03597122302158273,,
2018,5308,-0.0100241963359833,-0.0003297065611606,-0.029520295202952,-0.0167234437906472,-0.0100241963359833,0.0,1.164882226980728,1.2822822822822824,1.206008583690987,1.0325131810193322,-0.16488222698072805,-0.03202846975088968,,
2018,5309,0.0008721437292866,-0.0038803556992724,-0.005723204994797,-0.0145401672119229,0.0,0.0008721437292866,1.0804387568555758,1.1195652173913044,1.056338028169014,1.0132211538461537,-0.08043875685557587,-0.015,,
2018,5310,-0.0088815789473684,-0.0003202049311559,-0.0091264667535854,0.0055058499655884,-0.0088815789473684,0.0,1.0986964618249535,1.2046632124352332,1.1016333938294012,1.1225490196078431,-0.09869646182495345,-0.02800658978583196,,
2018,5311,0.0058102001291155,-0.0071132187314759,0.0006459948320414,-0.0028240609997175,0.0,0.0058102001291155,1.0871212121212122,1.104602510460251,1.0777777777777777,1.021590909090909,-0.08712121212121213,-0.013745704467353952,,
2018,5312,-0.0087912087912087,0.0010405827263266,-0.017632241813602,0.0104333868378811,-0.0087912087912087,0.0,1.0563674321503131,1.0978260869565217,1.0893617021276596,1.0611111111111111,-0.05636743215031315,-0.01171875,,
2018,5313,-0.0063067608476287,-0.0021964612568639,-0.0128253019549247,0.011603375527426,-0.0063067608476287,0.0,1.1555555555555554,1.1982942430703625,1.1026856240126381,1.0126926563916592,-0.15555555555555556,0.0057306590257879654,,
2018,5314,0.0051679586563306,0.0083194675540765,-0.0135938827527613,-0.0086021505376343,0.0,0.0051679586563306,1.0638297872340425,1.0909090909090908,1.0803212851405624,1.0426492724535876,-0.06382978723404255,-0.07063197026022305,,
2018,5315,0.0106508875739645,-0.0017738359201774,-0.0061050744931108,0.0,0.0,0.0106508875739645,1.0585488505747127,1.1345614737685221,1.0535590877677954,1.0309477756286267,-0.058548850574712645,-0.033453591341423415,,
2018,5316,-0.0100776821331093,0.0005971337579617,-0.0095653982116864,-0.0004382761139517,-0.0100776821331093,0.0,1.063063063063063,1.0898550724637681,1.0727069351230425,1.0766438079870915,-0.06306306306306306,-0.01564129301355579,,
2018,5317,0.0041938490214352,-0.0026369168356997,-0.0030197444831591,-0.0128205128205127,0.0,0.0041938490214352,1.1187800963081862,1.167728237791932,1.1264,1.0343007915567282,-0.1187800963081862,-0.009943181818181818,,
2018,5318,0.0108935901484055,0.0039895446416289,-0.0144702038276023,-0.0097349918875067,0.0,0.0108935901484055,1.130718954248366,1.1736526946107784,1.112407211028632,1.1924398625429553,-0.13071895424836602,-0.010486177311725452,,
2018,5319,-0.0023474178403756,-0.0008764241893076,-0.0014064697609,-0.0144696667994158,-0.0023474178403756,0.0,1.089928057553957,1.1324786324786325,1.1268115942028984,1.0292887029288702,-0.08992805755395683,-0.02572347266881029,,
2018,7501,-0.0017636684303351,0.0019295706705257,-0.0300586510263929,-0.0194420963651732,-0.0017636684303351,0.0,1.0456621004566211,1.0745697896749522,0.9956772334293948,1.0082417582417582,-0.045662100456621,-0.005788712011577424,,
2018,7502,-0.0082936297864831,-0.0081218274111675,-0.0227625452664252,-0.0032520325203252,-0.0082936297864831,0.0,1.0744416873449132,1.1325051759834368,1.0595813204508857,1.114247311827957,-0.07444168734491315,-0.012917933130699088,,
2018,7503,0.0159662475181998,-0.0007857142857142,-0.0028870741565618,-0.013352580295922,0.0,0.0159662475181998,1.1761290322580644,1.2180257510729613,1.1353767560664112,1.0132890365448506,-0.1761290322580645,0.02530933633295838,,
2018,7504,-0.0155601659751036,-0.0224455611390285,-0.0139788612342311,-0.0144209103199639,-0.0155601659751036,0.0,1.0892561983471074,1.1300639658848615,1.0506535947712419,1.0474137931034482,-0.08925619834710743,0.024883359253499222,,
2018,7505,0.0163396707768936,-0.0093436233642206,0.0089477232334376,0.0095393206142391,0.0,0.0163396707768936,1.082414870866919,1.136354056902002,1.0619759986848594,1.1148748159057438,-0.0824148708669189,0.018575851393188854,,
2018,7506,-0.0077760497667185,-0.0069551777434312,-0.0246492226014409,0.0069231793369723,-0.0077760497667185,0.0,1.0237529691211402,1.1262135922330097,1.0660592255125285,1.1675485008818343,-0.023752969121140142,-0.07905982905982906,,
2018,7507,-0.0034111781684597,-0.0024807740014884,-0.014736297828335,-0.0024461091576211,-0.0034111781684597,0.0,1.0096774193548388,1.0897155361050328,1.0309597523219813,1.043390514631685,-0.00967741935483871,-0.06006006006006006,,
2018,7508,-0.0142700329308452,-0.0016920473773265,-0.0323951141795008,-0.0366541353383458,-0.0142700329308452,0.0,1.0683060109289617,1.1114754098360655,1.0651041666666667,1.0604026845637584,-0.06830601092896176,-0.044009779951100246,,
2018,7509,-0.0043818466353677,-0.006758742286218,-0.0259146341463414,0.0038022813688212,-0.0043818466353677,0.0,1.1869328493647913,1.2808219178082192,1.1353251318101933,1.0285383725414579,-0.1869328493647913,0.01238390092879257,,
2018,7510,0.0090277777777778,0.0012513034410843,-0.0163934426229508,-0.0160390516039051,0.0,0.0090277777777778,1.1326397919375812,1.2163934426229508,1.1037613488975357,1.0135135135135136,-0.13263979193758127,0.023501762632197415,,
2018,7511,-0.0060172997367431,-0.00703125,-0.026007326007326,-0.0034111781684597,-0.0060172997367431,0.0,1.0549019607843138,1.0997506234413965,1.003780718336484,1.0096774193548388,-0.054901960784313725,0.013182674199623353,,
2018,7512,0.0069231793369723,0.0012907768129546,-0.007269362939466,-0.0020174848688634,0.0,0.0069231793369723,1.1675485008818343,1.2354285714285713,1.136173767752715,1.0964749536178107,-0.1675485008818342,-0.026470588235294117,,
2018,7513,-0.0008877052818464,-0.0103806228373702,0.0055791118054004,-0.0282015718908922,-0.0008877052818464,0.0,1.1904161412358134,1.2857142857142858,1.2073791348600509,1.2659574468085106,-0.19041614123581338,-0.005268703898840885,,
2018,7514,-0.0045300113250282,-0.0202540336422931,-0.0188888888888888,-0.0020616319444444,-0.0045300113250282,0.0,1.1070866141732283,1.1481481481481481,1.0765625,1.1098484848484849,-0.10708661417322834,0.020319303338171262,,
2018,7515,-0.0082644628099173,-0.009972299168975,0.0025493945188017,-0.0187896001747869,-0.0082644628099173,0.0,1.2388451443569555,1.2653721682847896,1.1897018970189701,1.07816091954023,-0.2388451443569554,0.07517084282460136,,
2018,7516,-0.0059693007390563,-0.0007851347814707,-0.0067758328627893,-0.0063173094278322,-0.0059693007390563,0.0,1.1594372801875732,1.2104454685099846,1.1314217443249701,1.0448249811130697,-0.15943728018757328,0.044350580781414996,,
2018,7517,-0.0144696667994158,-0.0180936147895633,-0.0145211930926216,-0.0073710073710073,-0.0144696667994158,0.0,1.0292887029288702,1.088235294117647,0.9986693280106453,1.1367041198501873,-0.029288702928870293,-0.016655562958027982,,
2018,7518,-0.0106426524764633,-0.005591054313099,-0.0216259511413696,-0.0017961383026493,-0.0106426524764633,0.0,1.1626373626373627,1.271137026239067,1.0708502024291497,0.9939879759519038,-0.16263736263736264,0.0,,
2018,7519,-0.0158582089552238,-0.0148845686512758,-0.009547274407145,-0.0183054393305439,-0.0158582089552238,0.0,0.9870759289176091,1.0826086956521739,0.9591503267973857,1.2369791666666667,0.012924071082390954,0.04088586030664395,,
2018,7520,-0.0053763440860215,-0.0048183095763902,-0.0248033877797942,-0.0085644371941272,-0.0053763440860215,0.0,1.0752056404230317,1.1543307086614174,1.0610169491525423,1.0,-0.07520564042303172,-0.025559105431309903,,
2018,7521,-0.0256410256410256,-0.0072276716572018,-0.030441400304414,-0.0059693007390563,-0.0256410256410256,0.0,1.06198347107438,1.1428571428571428,1.1069958847736625,1.1594372801875732,-0.06198347107438017,-0.04460966542750929,,
2018,7522,-0.0068516615279204,-0.0108331471967835,-0.0195924764890281,-0.0256410256410256,-0.0068516615279204,0.0,1.0289855072463767,1.0755597014925373,0.9936530324400564,1.06198347107438,-0.028985507246376812,0.007806955287437899,,
2018,7523,-0.0126514611546685,-0.0005217391304347,-0.013187972569017,-0.0120101137800252,-0.0126514611546685,0.0,1.0424710424710424,1.1030383091149274,1.0469348659003832,1.0804597701149425,-0.04247104247104247,-0.011893870082342177,,
2018,7524,-0.008415908782408,-0.0111479761114797,-0.013127930341594,0.0157845868152275,-0.008415908782408,0.0,1.0747899159663865,1.1277719112988385,1.0427553444180522,1.0262008733624455,-0.07478991596638655,-0.02885345482156416,,
2018,7525,-0.0056401579244218,-0.010948905109489,-0.0236784140969162,-0.0198720107780397,-0.0056401579244218,0.0,1.1062176165803108,1.1569343065693432,1.0778588807785887,1.0366598778004072,-0.10621761658031088,-0.03611738148984198,,
2018,7526,-0.0093297323839921,-0.0098173515981735,-0.0138014527845036,0.0030303030303029,-0.0093297323839921,0.0,1.3264604810996563,1.4333333333333333,1.3036649214659686,1.0606694560669456,-0.32646048109965636,0.03346720214190094,,
2018,7527,-0.0112866817155756,-0.0108633504859919,-0.0182825484764542,-0.0188679245283018,-0.0112866817155756,0.0,1.0238095238095237,1.1098039215686275,1.0225988700564972,1.005813953488372,-0.023809523809523808,-0.049723756906077346,,
2018,7528,-0.0054998382400517,-0.0047513462147608,-0.0165447025135221,-0.0017152658662092,-0.0054998382400517,0.0,1.113452188006483,1.1702586206896552,1.0969305331179322,1.0377094972067038,-0.11345218800648298,0.011782032400589101,,
2018,7529,-0.0282015718908922,-0.0057445868316393,-0.0109739368998628,0.0122418696673674,-0.0282015718908922,0.0,1.2659574468085106,1.4170854271356783,1.1907894736842106,1.0964517741129436,-0.26595744680851063,-0.013812154696132596,,
2018,7530,-0.0150262960180315,-0.0038080731150038,-0.0234776228906823,-0.0197005516154452,-0.0150262960180315,0.0,1.1511627906976745,1.2019704433497538,1.1235955056179776,1.0806451612903225,-0.1511627906976744,-0.01,,
2018,7531,-0.0188398611799702,0.000515729757607,-0.0208737864077669,-0.0060493507346421,-0.0188398611799702,0.0,1.0635451505016722,1.0411522633744856,1.0572390572390573,1.0335626216742375,-0.06354515050167224,0.012738853503184714,,
2018,7532,-0.005038937242327,-0.0094637223974763,-0.0254464285714285,0.0033277870216306,-0.005038937242327,0.0,1.08008658008658,1.0966057441253263,0.9899598393574297,1.2084805653710247,-0.08008658008658008,0.012170385395537525,,
2018,7601,-0.0130813953488372,-0.001987413050679,0.0021849963583393,-0.0155601659751036,-0.0130813953488372,0.0,1.319935691318328,1.378228782287823,1.2839116719242902,1.0892561983471074,-0.319935691318328,0.0085995085995086,,
2018,7602,-0.000970088924818,-0.0109971764006538,-0.0141855275741153,-0.00657074883879,-0.000970088924818,0.0,1.0715447154471545,1.106295149638803,1.0437246963562754,1.1160449970396684,-0.07154471544715447,0.022498060512024826,,
2018,7603,-0.0111065405183051,-0.0066471163245356,-0.0045045045045044,-0.016142735768904,-0.0111065405183051,0.0,1.0881502890173411,1.1346830985915493,1.0576923076923077,1.050986842105263,-0.08815028901734104,0.014141414141414142,,
2018,7604,-0.0133747313112013,-0.009988109393579,-0.0164435048155978,0.0116063138347259,-0.0133747313112013,0.0,1.042763157894737,1.1367521367521367,0.9954058192955589,1.0345679012345679,-0.04276315789473684,-0.024615384615384615,,
2018,7605,0.000611620795107,-0.0233508464681844,0.0061538461538461,0.0026435952895937,0.0,0.000611620795107,1.121559633027523,1.1306990881458967,1.1189931350114417,1.0305188199389623,-0.12155963302752294,0.0,,
2018,7606,-0.0070066807886589,-0.0147301969036525,-0.0009767214715936,0.0017737896494156,-0.0070066807886589,0.0,1.1624595469255663,1.1827411167512691,1.1258876694641704,1.0635755258126196,-0.16245954692556636,0.02981651376146789,,
2018,7607,-0.0138888888888888,-0.0074906367041198,-0.025830258302583,0.0064488392089423,-0.0138888888888888,0.0,1.0881057268722467,1.119891008174387,1.111368909512761,1.046875,-0.0881057268722467,0.031315240083507306,,
2018,7608,-0.0125575554625366,-0.0127540852929454,-0.0134214329960767,-0.0281437125748502,-0.0125575554625366,0.0,1.0781512605042016,1.0948616600790513,1.0274414850686038,1.0434782608695652,-0.07815126050420168,0.007855459544383346,,
2018,7609,-0.0120101137800252,-0.010178117048346,-0.0186104218362282,0.00185960018596,-0.0120101137800252,0.0,1.0804597701149425,1.1598062953995156,1.0135135135135136,1.0829145728643217,-0.08045977011494253,0.044444444444444446,,
2018,7610,-0.0075046904315196,-0.0077066791219057,-0.0179640718562874,-0.0093167701863353,-0.0075046904315196,0.0,1.0372596153846154,1.0605612998522895,1.0270906949352179,1.0104790419161678,-0.037259615384615384,-0.010321100917431193,,
2018,7611,-0.0152955766845803,-0.0008539709649871,-0.0300721732157177,-0.0124254473161034,-0.0152955766845803,0.0,1.0666666666666667,1.0864197530864197,1.0551181102362204,1.0173341303048415,-0.06666666666666667,-0.004975124378109453,,
2018,7612,-0.0030184123151222,-0.0011464603038119,-0.0201123927832002,0.0086465199897269,-0.0030184123151222,0.0,1.062111801242236,1.0958268933539412,1.0301129234629862,1.0287631831255992,-0.062111801242236024,0.04141291108404385,,
2018,7613,-0.0139009556907037,-0.0087374399301004,-0.0086132644272178,-0.0123922413793103,-0.0139009556907037,0.0,1.1911764705882353,1.2236024844720497,1.1545893719806763,1.1002638522427441,-0.19117647058823528,0.016736401673640166,,
2018,7614,-0.0151668351870576,-0.0054374691052891,-0.0188492063492063,-0.0122086570477247,-0.0151668351870576,0.0,1.1506849315068493,1.1697247706422018,1.0921501706484642,1.0769230769230769,-0.1506849315068493,0.05,,
2018,7615,0.0002153779883695,-0.0122191564840362,0.0008622547962922,0.0019607843137254,0.0,0.0002153779883695,1.0341419586702605,1.0996483001172332,1.0124113475177305,1.1716867469879517,-0.034141958670260555,0.00788091068301226,,
2018,7616,0.000452468214108,-0.0059952978056426,0.0066958185296528,-0.0113956622962871,0.0,0.000452468214108,1.112207896857373,1.1436450839328538,1.1170602605863191,1.0546999468932554,-0.11220789685737309,0.0061964643703298706,,
2018,7617,-0.0145918832649338,0.0036472859901308,0.0022851919561244,-0.0014506769825918,-0.0145918832649338,0.0,1.1414141414141414,1.165924276169265,1.1274238227146813,1.0158227848101267,-0.1414141414141414,0.018018018018018018,,
2018,7618,-0.0060455896927651,-0.0127394289844596,-0.0010890010890011,-0.0047199496538703,-0.0060455896927651,0.0,1.1610239471511148,1.1349003576903423,1.099081102676788,1.1236897274633124,-0.1610239471511148,0.022173754998182478,,
2018,7619,0.0,-0.0154569892473118,-0.0082417582417582,-0.0085470085470085,0.0,0.0,1.2352941176470589,1.223529411764706,1.174757281553398,1.0,-0.23529411764705882,0.04132231404958678,,
2018,7620,-0.0096899224806201,-0.0105597349713575,-0.0064430126638524,-0.0057817393399181,-0.0096899224806201,0.0,1.205065608788526,1.2350746268656716,1.162146050670641,1.067842605156038,-0.2050656087885261,0.012823800974608874,,
2018,7621,-0.0187896001747869,-0.0004367765887748,-0.0156989247311828,0.0065904730124302,-0.0187896001747869,0.0,1.07816091954023,1.1179775280898876,1.1152941176470588,1.0154362416107383,-0.07816091954022988,-0.010548523206751054,,
2018,7622,-0.0197430272641805,-0.01504,-0.0241590214067278,-0.0106426524764633,-0.0197430272641805,0.0,1.035294117647059,1.0692167577413478,1.0084745762711864,1.1626373626373627,-0.03529411764705882,-0.014005602240896359,,
2018,7623,-0.0032520325203252,-0.0081942336874051,0.0115131578947369,-0.0150262960180315,-0.0032520325203252,0.0,1.114247311827957,1.1612903225806452,1.103448275862069,1.1511627906976745,-0.11424731182795698,-0.003605769230769231,,
2018,7624,-0.0258215962441314,-0.0058122205663189,-0.0211115898319689,-0.0053953937832179,-0.0258215962441314,0.0,1.1118012422360248,1.1401869158878504,1.0795287187039764,1.0421631530705775,-0.11180124223602485,-0.023192360163710776,,
2018,7625,0.0065512133986556,-0.0074733459164413,0.0056141154903757,0.000611620795107,0.0,0.0065512133986556,1.0257510729613735,1.1320971447325239,1.0204479065238559,1.121559633027523,-0.02575107296137339,-0.02262813522355507,,
2018,8401,0.0046221864951767,-0.0030649959433877,-0.0095541401273885,-0.0100776821331093,0.0,0.0046221864951767,1.0623885918003566,1.1068548387096775,1.0611888111888113,1.063063063063063,-0.062388591800356503,-0.018121911037891267,,
2018,8402,-0.0183054393305439,-0.0024900398406374,-0.0108639420589756,0.0053394355453852,-0.0183054393305439,0.0,1.2369791666666667,1.2268370607028753,1.172680412371134,1.0168918918918919,-0.23697916666666666,0.04395604395604396,,
2018,8403,-0.0188205771643663,-0.0173141891891891,-0.0127993393889347,-0.0192542787286064,-0.0188205771643663,0.0,1.0073260073260073,1.173913043478261,1.0600706713780919,0.9341517857142857,-0.007326007326007326,-0.08333333333333333,,
2018,8404,0.0062611806797854,-0.0049833887043189,-0.0227272727272727,-0.0081658291457286,0.0,0.0062611806797854,1.0591133004926108,1.1075949367088607,0.9954545454545455,1.0104058272632674,-0.059113300492610835,-0.0182648401826484,,
2018,8405,-0.0024461091576211,-0.0062794348508634,0.0024521072796934,-0.0430678466076696,-0.0024461091576211,0.0,1.043390514631685,1.0901442307692308,1.054563492063492,1.0,-0.04339051463168517,-0.027281279397930385,,
2018,8406,0.011603375527426,-0.0028954587016153,0.0012321774335504,-0.0152955766845803,0.0,0.011603375527426,1.0126926563916592,1.0535714285714286,1.0194862710363153,1.0666666666666667,-0.012692656391659111,-0.029539530842745437,,
2018,8407,0.0,-0.0008442889880593,-0.0009281357730045,-0.001042061386889,0.0,0.0,1.0309477756286267,1.1097852028639619,1.0304182509505704,0.9810606060606061,-0.030947775628626693,-0.016605166051660517,,
2018,8408,-0.0053953937832179,-0.0089454931392616,-0.0056053811659192,-0.0187768240343347,-0.0053953937832179,0.0,1.0421631530705775,1.0869819030939871,1.044343891402715,1.174785100286533,-0.04216315307057745,-0.014731369150779897,,
2018,8409,-0.0117713960762012,-0.0131571703826038,-0.0057669474755469,0.004610655737705,-0.0117713960762012,0.0,1.0307851954341058,1.0905096660808435,1.032325338894682,1.088235294117647,-0.030785195434105846,0.003367003367003367,,
2018,8410,-0.0055529847292919,-0.0017482517482517,-0.0154897494305239,-0.007492572019119,-0.0055529847292919,0.0,1.0247524752475248,1.006514657980456,1.0452261306532664,1.0082393755420642,-0.024752475247524754,-0.004807692307692308,,
2018,8411,-0.0430678466076696,-0.0041966426858512,-0.0230547550432276,-0.0122124136669258,-0.0430678466076696,0.0,1.0,1.0901639344262295,1.0095238095238095,1.1001611170784102,0.0,-0.009433962264150943,,
2018,8412,0.0064488392089423,-0.0035516969218626,-0.0072556551429791,-0.0281224152191894,0.0,0.0064488392089423,1.046875,1.131687242798354,1.0510510510510511,1.0426356589147288,-0.046875,-0.04285714285714286,,
2018,8413,-0.0187165775401069,0.0040554241297736,-0.0327586206896551,-0.0087912087912087,-0.0187165775401069,0.0,0.9420505200594353,1.051440329218107,0.9606986899563319,1.0563674321503131,0.05794947994056464,-0.03939393939393939,,
2018,8414,-0.0158075601374571,0.0009910802775023,-0.0081799591002045,-0.008977446901686,-0.0158075601374571,0.0,0.9779735682819384,1.1211267605633803,1.0,1.3376146788990826,0.022026431718061675,-0.08264462809917356,,
2018,8415,0.0104333868378811,-0.0100730294636112,-0.017091769655535,0.0058102001291155,0.0,0.0104333868378811,1.0611111111111111,1.1408450704225352,1.0620567375886525,1.0871212121212122,-0.06111111111111111,-0.04340567612687813,,
2018,8416,-0.0002736352442194,-0.0102948652770716,-0.0126975550452519,-0.0142302716688227,-0.0002736352442194,0.0,1.039691289966924,1.0903047091412743,1.030829596412556,1.0955882352941178,-0.03969128996692393,0.0255573681348559,,
2018,8417,-0.0128440366972476,-0.0059144676979071,-0.0189018901890188,-0.010359869138495,-0.0128440366972476,0.0,1.0138888888888888,1.06158357771261,1.044392523364486,1.0156739811912225,-0.013888888888888888,-0.020134228187919462,,
2018,8418,-0.0098319061211544,-0.0017894422904861,-0.0313364055299538,0.0137081140958184,-0.0098319061211544,0.0,1.0571428571428572,1.095959595959596,1.0342465753424657,1.0843815513626835,-0.05714285714285714,-0.019867549668874173,,
2018,8419,0.0030303030303029,-0.0038771249627199,-0.0276959340011785,0.0106508875739645,0.0,0.0030303030303029,1.0606694560669456,1.1083333333333334,1.0496031746031746,1.0585488505747127,-0.060669456066945605,-0.04158790170132325,,
2018,8420,0.0048479506390479,0.0061525840853158,-0.0117595818815331,-0.0071669477234401,0.0,0.0048479506390479,1.0671140939597314,1.1223628691983123,1.034920634920635,1.0158450704225352,-0.06711409395973154,-0.024539877300613498,,
2018,8421,0.006180725803667,-0.0079794158638751,0.0034822681519723,0.0008721437292866,0.0,0.006180725803667,1.0384362680683312,1.0956096270827824,1.0305243649841926,1.0804387568555758,-0.03843626806833114,0.0031735956839098697,,
2018,8422,-0.0030040053404539,-0.0079681274900398,-0.0019986675549633,0.0029605263157894,-0.0030040053404539,0.0,1.0848585690515806,1.1183932346723044,1.0732899022801303,1.1387755102040817,-0.08485856905158069,-0.010622154779969651,,
2018,8423,-0.0332461710870377,-0.019009900990099,-0.0222790357925493,-0.0267624020887728,-0.0332461710870377,0.0,1.0388978930307942,1.0769230769230769,1.053225806451613,1.0118694362017804,-0.03889789303079417,-0.018376722817764167,,
2018,8424,-0.0144209103199639,-0.0059360730593607,-0.0168365086397873,-0.0209523809523809,-0.0144209103199639,0.0,1.0474137931034482,1.1005747126436782,1.0700218818380745,1.095959595959596,-0.04741379310344827,-0.006134969325153374,,
2018,8425,-0.0143646408839779,-0.0081477457903313,-0.0033039647577092,-0.0004051863857373,-0.0143646408839779,0.0,0.9894736842105263,1.1330645161290323,1.0196078431372548,1.2492581602373887,0.010526315789473684,-0.09615384615384616,,
2018,8426,-0.0112327997753439,-0.0019167579408543,-0.0181968569065342,-0.0020316944331572,-0.0112327997753439,0.0,1.0157232704402517,1.0508130081300813,1.0436817472698907,1.0784810126582278,-0.015723270440251572,-0.0343796711509716,,
2018,8427,-0.0102234002271867,-0.0156918687589158,-0.0134478894284647,0.0003057169061448,-0.0102234002271867,0.0,1.0551181102362204,1.1108374384236452,1.0549242424242424,1.042422279792746,-0.05511811023622047,-0.03770197486535009,,
2018,8428,-0.0089466694625008,-0.0066141101015499,-0.0139223929974499,-0.0145918832649338,-0.0089466694625008,0.0,1.0361223737559897,1.093859649122807,1.0353918382087397,1.1414141414141414,-0.03612237375598968,-0.019532612486920127,,
2018,8429,-0.0169491525423728,0.0061664953751283,-0.0157016683022571,-0.0043818466353677,-0.0169491525423728,0.0,1.1111111111111112,1.1126760563380282,1.1030927835051547,1.1869328493647913,-0.1111111111111111,-0.06542056074766354,,
2018,8430,-0.0160390516039051,-0.0027739251040221,-0.0231607629427792,-0.0204255319148936,-0.0160390516039051,0.0,1.0135135135135136,1.0818713450292399,1.0170212765957447,1.1031175059952039,-0.013513513513513514,-0.058577405857740586,,
2018,8431,-0.0078965438315403,-0.0058710503842869,-0.0028529042565331,-0.0135512156237544,-0.0078965438315403,0.0,1.1224755700325733,1.1298387096774194,1.091315453384419,1.099585062240664,-0.12247557003257328,0.008191925102399064,,
2018,8432,-0.0120284308365227,-0.0034740780331373,-0.0161377084454007,-0.008362369337979,-0.0120284308365227,0.0,1.0648414985590777,1.0969479353680431,1.0491573033707866,1.0486111111111112,-0.06484149855907781,-0.0107095046854083,,
2018,8433,-0.0115891411335132,-0.0085740072202166,-0.0105246622683004,0.0049875311720697,-0.0115891411335132,0.0,1.1214868540344516,1.1118279569892473,1.0847308031774052,1.0988372093023255,-0.1214868540344515,0.006509357200976403,,
2018,8434,0.0166399358460305,-0.0052539404553415,-0.0010014019627478,-0.0069060773480662,0.0,0.0166399358460305,1.0597439544807965,1.1047120418848169,1.0582386363636365,1.06,-0.059743954480796585,0.0,,
2018,8435,-0.0110324729392172,-0.0034924330616996,-0.0008319467554076,-0.0332461710870377,-0.0110324729392172,0.0,0.995085995085995,1.0678513731825525,1.0228915662650602,1.0388978930307942,0.004914004914004914,-0.045936395759717315,,
2018,9301,0.003106487501806,-0.0047513462147608,0.007496906616202,-0.0022747952684258,0.0,0.003106487501806,1.0657698056801195,1.1105228325612178,1.0782520325203253,1.240909090909091,-0.06576980568011959,0.008011310084825637,,
2018,9302,-0.0454284071305347,0.0075187969924812,-0.0392265193370166,0.0031378228336953,-0.0454284071305347,0.0,1.062780269058296,1.087248322147651,1.045045045045045,1.0287769784172662,-0.06278026905829596,0.021551724137931036,,
2018,9303,0.0029605263157894,-0.0073717039977317,0.0033003300330032,-0.0110324729392172,0.0,0.0029605263157894,1.1387755102040817,1.155844155844156,1.1304945054945055,0.995085995085995,-0.13877551020408163,0.01701093560145808,,
2018,9304,-0.0083863504916136,-0.0077325201481158,-0.0016168148746968,-0.0008877052818464,-0.0083863504916136,0.0,1.1571373006612213,1.1956521739130435,1.168986083499006,1.1904161412358134,-0.1571373006612213,0.011904761904761904,,
2018,9305,0.0033277870216306,-0.0186539868324798,0.005857740585774,0.0043243243243242,0.0,0.0033277870216306,1.2084805653710247,1.2536382536382535,1.1583476764199656,1.0476190476190477,-0.20848056537102475,0.01634472511144131,,
2018,9306,0.000999000999001,0.0063348416289592,0.0017513134851139,0.0062611806797854,0.0,0.000999000999001,1.154353562005277,1.1666666666666667,1.0988593155893536,1.0591133004926108,-0.15435356200527706,0.00922722029988466,,
2018,9307,-0.0135512156237544,-0.0073133179368745,-0.0346287033474412,-0.0077760497667185,-0.0135512156237544,0.0,1.099585062240664,1.0677083333333333,1.1061571125265393,1.0237529691211402,-0.0995850622406639,0.01727447216890595,,
2018,9308,0.0019607843137254,-0.0044629574531389,-0.0141752577319587,-0.0206953642384105,0.0,0.0019607843137254,1.1716867469879517,1.18359375,1.1920122887864824,1.0118577075098814,-0.1716867469879518,0.002577319587628866,,
2018,9309,-0.0022747952684258,-0.0084068074636046,-0.0052047974654899,-0.0023474178403756,-0.0022747952684258,0.0,1.240909090909091,1.3172690763052208,1.2261001517450683,1.089928057553957,-0.2409090909090909,0.013613861386138614,,
2018,9310,-0.0140689655172413,-0.0084566596194503,-0.014945652173913,-0.0186163522012579,-0.0140689655172413,0.0,1.1044487427466152,1.1032745591939546,1.066921606118547,1.0536847242557346,-0.10444874274661509,0.023297491039426525,,
2018,9311,-0.0073710073710073,-0.0026016260162601,-0.0062783397279385,0.0166399358460305,-0.0073710073710073,0.0,1.1367041198501873,1.2030456852791878,1.1245210727969348,1.0597439544807965,-0.13670411985018727,0.034071550255536626,,
2018,9312,-0.0080721220527045,-0.007330497873405,0.0029769357037532,0.0002153779883695,-0.0080721220527045,0.0,1.0585235832657318,1.088162672476398,1.068414779499404,1.0341419586702605,-0.058523583265731836,0.01896474788041053,,
2018,9313,0.0137081140958184,-0.010545905707196,0.0061298411813874,0.0,0.0,0.0137081140958184,1.0843815513626835,1.1226027397260274,1.0953401178361006,1.0357142857142858,-0.08438155136268344,0.0117359413202934,,
2018,9314,-0.0216486261448792,-0.0171835708298407,-0.0053830227743271,-0.0089466694625008,-0.0216486261448792,0.0,1.1438515081206497,1.174496644295302,1.1447661469933186,1.0361223737559897,-0.14385150812064965,-0.04085603112840467,,
2018,9315,-0.0122124136669258,-0.0072259962788282,-0.0007312948489418,-0.0043219881145326,-0.0122124136669258,0.0,1.1001611170784102,1.1400304414003044,1.0996489332973265,1.0489795918367346,-0.10016111707841031,0.006139489194499017,,
2018,9316,-0.0005293806246691,-0.0096432015429122,-0.0047418335089568,-0.0011175265412554,-0.0005293806246691,0.0,1.1521739130434783,1.1636904761904763,1.1298076923076923,0.9885736800630418,-0.15217391304347827,0.014893617021276596,,
2018,9317,-0.0332528828104049,0.0037322717093803,-0.0142743854084059,-0.017391304347826,-0.0332528828104049,0.0,1.9326599326599327,2.0886699507389164,1.8528428093645486,0.9829787234042553,-0.9326599326599326,0.036101083032490974,,
2018,9318,-0.0051110435047155,-0.0070094800344728,-0.0039393939393939,-0.0046384145055872,-0.0051110435047155,0.0,1.1357021996615906,1.2176360225140712,1.1406933692359476,1.0467899891186072,-0.13570219966159053,-0.009737385659486574,,
2019,51,-0.0177534994878798,0.0168598524762908,-0.0226893560226894,-0.0074183976261127,-0.0177534994878798,0.0,1.0485074626865671,0.9603960396039604,1.021543985637343,1.066610455311973,-0.048507462686567165,-0.012302284710017574,,
2019,52,0.0027985074626866,0.0513115508513575,-0.0160624139513538,-0.0159948816378758,0.0,0.0027985074626866,1.2080989876265467,1.0912052117263844,1.2565564424173319,1.0769230769230769,-0.2080989876265467,-0.025408348457350273,,
2019,53,0.0009785799717298,0.0400555436872462,-0.0020616319444444,0.006770128111655,0.0,0.0009785799717298,1.0891246684350133,0.9748717948717949,1.1098484848484849,1.0625,-0.08912466843501327,0.0009751340809361287,,
2019,54,-0.000360815442901,0.0306914605524462,-0.0121190518624131,0.0111237414745046,-0.000360815442901,0.0,1.0180843938379103,0.9453287197231834,1.0503693754197447,1.03171552138395,-0.01808439383791025,-0.028132992327365727,,
2019,55,-0.0077559462254395,0.0372670807453416,-0.0041194644696189,-0.0058051489146895,-0.0077559462254395,0.0,1.079268292682927,0.9894957983193278,1.1333333333333333,1.0484375,-0.07926829268292683,-0.02389705882352941,,
2019,56,-0.0144356955380577,0.0327421555252387,-0.0142302716688227,-0.0084839542604204,-0.0144356955380577,0.0,1.0608365019011408,0.9563492063492064,1.0955882352941178,1.04064039408867,-0.060836501901140684,-0.06375838926174497,,
2019,57,-0.0084839542604204,0.0281065088757397,-0.0145401672119229,0.0248027731293329,-0.0084839542604204,0.0,1.04064039408867,0.9658344283837057,1.0132211538461537,1.0607429718875503,-0.04064039408866995,0.002372479240806643,,
2019,58,-0.0125074449076831,0.0254500310366232,-0.0306004618937644,-0.018213058419244,-0.0125074449076831,0.0,1.1044386422976502,0.9260273972602739,1.0782828282828283,1.0673684210526315,-0.10443864229765012,-0.00936768149882904,,
2019,59,0.0039351851851852,0.0225975804610818,-0.0009250693802035,-0.0051369863013698,0.0,0.0039351851851852,1.0974025974025974,0.9354330708661417,1.0678233438485805,1.110759493670886,-0.09740259740259741,-0.0014771048744460858,,
2019,60,-0.0165289256198346,0.0195901145268233,-0.0093167701863353,-0.005295488244016,-0.0165289256198346,0.0,1.0224,0.9488054607508533,1.0104790419161678,1.0571428571428572,-0.0224,-0.05333333333333334,,
2019,61,-0.0140548137737175,0.0186781609195403,-0.008362369337979,-0.0174097664543524,-0.0140548137737175,0.0,1.075268817204301,0.9245283018867925,1.0486111111111112,1.0378787878787878,-0.07526881720430108,-0.006622516556291391,,
2019,62,-0.0144092219020173,0.0150550086855818,0.0034702139965296,0.0016161616161616,-0.0144092219020173,0.0,1.0515759312320916,0.9416909620991254,1.0893371757925072,1.0783505154639175,-0.05157593123209169,-0.0291005291005291,,
2019,63,-0.0212660731948566,0.0148185998978027,-0.0150998538723818,-0.0042716787697565,-0.0212660731948566,0.0,1.0283400809716599,0.9918367346938776,1.1265822784810127,1.0319488817891374,-0.02834008097165992,-0.04868913857677903,,
2019,64,0.0158556588299616,0.0495103373231773,-0.0187768240343347,-0.0097962382445141,0.0,0.0158556588299616,1.1232091690544412,0.9943820224719101,1.174785100286533,1.08,-0.12320916905444126,-0.04390243902439024,,
2019,1101,0.0113080684596575,0.0397959183673468,0.0003057169061448,0.0006055101422948,0.0,0.0113080684596575,1.022357074417119,0.9228776978417266,1.042422279792746,1.0473815461346634,-0.022357074417119132,-0.005591798695246971,,
2019,1102,-0.0007077140835102,0.0364912280701754,-0.0070274068868587,-0.0008885503935008,-0.0007077140835102,0.0,1.0,0.9296187683284457,1.053125,1.1439205955334988,0.0,-0.04154302670623145,,
2019,1103,0.0055071133547499,0.0223540145985401,0.0116063138347259,0.0043066322136089,0.0,0.0055071133547499,1.0792079207920793,0.9443207126948775,1.0345679012345679,1.023963133640553,-0.07920792079207921,0.0405727923627685,,
2019,1104,0.0153323388032486,0.0401514553916542,0.0065904730124302,0.0067913975630866,0.0,0.0153323388032486,1.014089231801409,0.922365988909427,1.0154362416107383,1.0217292892711634,-0.014089231801408923,-0.0009914077990746861,,
2019,1105,-0.0006675567423231,0.0293721973094169,0.0069460004481289,-0.0017182130584192,-0.0006675567423231,0.0,1.0547486033519553,0.9735553379040157,1.0560640732265447,1.0576070901033974,-0.054748603351955305,0.02275189599133261,,
2019,1106,0.0233406891868952,0.0380556443875919,0.0086465199897269,-0.0132192846034214,0.0,0.0233406891868952,1.0357660705654905,0.9093918080264791,1.0287631831255992,1.0572519083969465,-0.035766070565490575,-0.0013979496738117428,,
2019,1107,0.0059923298178332,0.0380344909047956,0.0026435952895937,0.0056585979251808,0.0,0.0059923298178332,1.037037037037037,0.9135913591359136,1.0305188199389623,1.2397003745318351,-0.037037037037037035,0.022704837117472853,,
2019,1108,0.0028873917228104,0.0279916025192441,0.0031378228336953,0.0016183848519177,0.0,0.0028873917228104,1.0203045685279188,0.9285091543156059,1.0287769784172662,1.050365556458164,-0.02030456852791878,0.003996003996003996,,
2019,1109,0.0049335403658308,0.0289581049264004,-0.0060493507346421,-0.0008083257552793,0.0,0.0049335403658308,1.018373042534498,0.9142734574227221,1.0335626216742375,1.048470859780727,-0.018373042534497907,-0.010271736400622834,,
2019,1110,-0.0073529411764705,0.050514499532273,-0.001834862385321,0.0151843817787418,-0.0073529411764705,0.0,1.038022813688213,0.9966216216216216,1.015209125475285,1.0561959654178674,-0.03802281368821293,0.02247191011235955,,
2019,1111,0.0146500271296798,0.020223523150612,-0.0043219881145326,-0.0040944881889763,0.0,0.0146500271296798,1.069672131147541,0.9283154121863799,1.0489795918367346,0.9905254091300603,-0.06967213114754098,0.01556420233463035,,
2019,1112,0.0168423126169605,0.0444403210094168,0.006193944799564,0.0019255455712452,0.0,0.0168423126169605,1.0191266079891672,0.9218677762367082,1.0279093369418133,1.1203007518796992,-0.01912660798916723,-0.009215073226921179,,
2019,1113,0.0111237414745046,0.0325832161275199,0.0079384565021687,-0.0012444582717585,0.0,0.0111237414745046,1.03171552138395,0.9290484140233722,1.0314735336194563,1.079749478079332,-0.03171552138395002,-0.007397133610725843,,
2019,1114,0.0039961249697262,0.0392952358873304,-0.0063173094278322,0.0034032898468518,0.0,0.0039961249697262,1.0231014991398377,0.9598384563607808,1.0448249811130697,1.108179419525066,-0.0231014991398378,0.003374307061942637,,
2019,1115,0.0067913975630866,0.027766990291262,0.0030721966205837,0.0055071133547499,0.0,0.0067913975630866,1.0217292892711634,0.9362041467304625,1.0471395881006864,1.0792079207920793,-0.021729289271163424,-0.013548951048951048,,
2019,2401,-0.0065422825296825,0.0273906775588659,-0.0057817393399181,-0.0156537753222836,-0.0065422825296825,0.0,1.0408163265306123,0.9359534206695779,1.067842605156038,1.0735930735930737,-0.04081632653061224,-0.02795425667090216,,
2019,2402,-0.0140936686903729,0.0187232122715994,-0.0068906115417742,-0.0030196275792652,-0.0140936686903729,0.0,1.0468909276248726,0.9354485776805251,1.046829268292683,1.0244047619047618,-0.046890927624872576,-0.04287045666356011,,
2019,2403,-0.005295488244016,0.0313506549280653,-0.0046384145055872,0.0081070125658695,-0.005295488244016,0.0,1.0571428571428572,0.923963133640553,1.0467899891186072,1.2760736196319018,-0.05714285714285714,0.0,,
2019,2404,-0.0025359256128486,0.0127334465195245,-0.0206953642384105,0.0071843995894629,-0.0025359256128486,0.0,1.0583333333333333,0.9490740740740741,1.0118577075098814,1.0035128805620608,-0.058333333333333334,-0.0078125,,
2019,2405,-0.0171261487050961,0.0187823834196891,-0.0206586213949683,-0.0080280983442047,-0.0171261487050961,0.0,1.055793991416309,0.9346110484780158,1.0259067357512954,1.0095238095238095,-0.055793991416309016,-0.006060606060606061,,
2019,2406,-0.0154798761609906,0.0106044538706255,-0.0061538461538461,0.005935754189944,-0.0154798761609906,0.0,1.2098765432098766,1.0121951219512195,1.12,1.075242718446602,-0.20987654320987653,0.0,,
2019,2407,-0.0163666121112929,0.0146809712027102,-0.0123922413793103,-0.0039473684210525,-0.0163666121112929,0.0,1.1263440860215055,1.0110803324099722,1.1002638522427441,1.0604026845637584,-0.12634408602150538,0.004796163069544364,,
2019,2408,-0.0125687352710133,0.0191540303272146,-0.0154679040989945,0.0060606060606061,-0.0125687352710133,0.0,1.0818181818181818,0.9074074074074074,1.0611353711790392,1.0912162162162162,-0.08181818181818182,-0.0205761316872428,,
2019,2409,0.0014953271028037,0.0250936329588014,0.0048835462058602,0.0133321894303362,0.0,0.0014953271028037,1.0482573726541555,0.9562243502051984,1.0092592592592593,1.0447662208466895,-0.04825737265415549,0.02490170380078637,,
2019,2410,0.0083451872925557,0.0277621985417835,-0.001042061386889,0.0022598870056496,0.0,0.0083451872925557,1.0398230088495575,0.9021905247070809,0.9810606060606061,1.048368953880765,-0.03982300884955752,0.020752895752895753,,
2019,2411,-0.0120967741935483,0.031122031122031,-0.0150913423351866,0.0065897858319605,-0.0120967741935483,0.0,1.009933774834437,0.9057971014492754,0.965625,1.11284046692607,-0.009933774834437087,-0.012944983818770227,,
2019,2412,-0.0148491879350347,0.0121891760117016,0.00185960018596,-0.011344770337576,-0.0148491879350347,0.0,1.0989583333333333,0.9725274725274725,1.0829145728643217,1.0688140556368961,-0.09895833333333333,-0.02088167053364269,,
2019,2413,-0.0012444582717585,0.0265986236758679,0.0014019783472232,-0.0044843049327354,-0.0012444582717585,0.0,1.079749478079332,0.9335604770017035,1.0603944124897289,1.1349693251533743,-0.07974947807933194,0.0019372336303758234,,
2019,2414,0.0042194092827003,0.0301331464611072,-0.0193103448275862,-0.0030980603448276,0.0,0.0042194092827003,1.089795918367347,0.9702127659574468,1.1042471042471043,1.0407865986890021,-0.08979591836734693,-0.06643356643356643,,
2019,2415,-0.0175609756097561,0.0203665987780041,-0.0366541353383458,-0.0123636363636363,-0.0175609756097561,0.0,1.0439189189189189,0.9614035087719298,1.0604026845637584,1.0923694779116466,-0.04391891891891892,-0.022151898734177215,,
2019,2701,-0.0227518959913326,0.0370370370370369,-0.0232804232804232,-0.0080699394754539,-0.0227518959913326,0.0,1.0508474576271187,0.9520958083832335,1.0726256983240223,1.0355555555555556,-0.05084745762711865,-0.03125,,
2019,2702,-0.0136542467021523,0.0279554607912817,-0.0159416989296288,-0.0179775280898876,-0.0136542467021523,0.0,1.0592020592020592,0.9202127659574468,1.0601965601965602,1.1393939393939394,-0.059202059202059204,-0.046349942062572425,,
2019,2703,-0.020096463022508,0.0158465387823185,-0.0197005516154452,0.0037425149700598,-0.020096463022508,0.0,1.0585106382978724,0.9491525423728814,1.0806451612903225,1.1168831168831168,-0.05851063829787234,-0.009950248756218905,,
2019,2704,0.0065897858319605,0.0223395613322501,0.007887090078871,-0.0065422825296825,0.0,0.0065897858319605,1.11284046692607,0.950207468879668,1.1291512915129152,1.0408163265306123,-0.11284046692607004,-0.06535947712418301,,
2019,2705,-0.0025555839509328,0.0186939820742637,-0.0012761613067892,-0.0144356955380577,-0.0025555839509328,0.0,1.0323886639676114,0.9381044487427466,0.9613899613899614,1.0608365019011408,-0.032388663967611336,0.024096385542168676,,
2019,2706,-0.0108424725822532,0.0265442193986664,-0.0048369093389557,0.0080590083321949,-0.0108424725822532,0.0,1.0258493353028064,0.9277478862413528,1.0316774658027357,1.0492920818038804,-0.0258493353028065,-0.030704815073272853,,
2019,2707,-0.0017182130584192,0.027701522335912,-0.0017152658662092,0.0019913707268504,-0.0017182130584192,0.0,1.0576070901033974,0.9471228615863142,1.0377094972067038,1.1310211946050097,-0.05760709010339734,-0.03633916554508748,,
2019,2708,-0.006193425440686,0.0170731707317073,-0.0080340264650283,0.0118833273316527,-0.006193425440686,0.0,1.0655737704918034,0.9372693726937269,1.0685358255451713,1.0399201596806387,-0.06557377049180328,-0.052478134110787174,,
2019,2709,-0.0083102493074792,0.0170092133238837,-0.0176870748299319,0.0012084244447001,-0.0083102493074792,0.0,1.040485829959514,0.9174311926605505,1.0433070866141732,1.0422484783387038,-0.04048582995951417,-0.03018867924528302,,
2019,2710,-0.0179176755447941,0.0232323232323232,-0.002415458937198,0.0085767269355585,-0.0179176755447941,0.0,1.0277185501066097,0.9433106575963719,1.034274193548387,1.0140280561122244,-0.02771855010660981,-0.06042884990253411,,
2019,2711,-0.0008083257552793,0.0307136404697381,-0.0060259114191021,-0.0261066969353007,-0.0008083257552793,0.0,1.048470859780727,0.9226963512677798,1.025330396475771,1.044921875,-0.048470859780727064,-0.024167561761546726,,
2019,2712,0.0060606060606061,0.0347637153720803,-0.010359869138495,0.0063559322033899,0.0,0.0060606060606061,1.0912162162162162,0.9206896551724137,1.0156739811912225,1.1100478468899522,-0.09121621621621621,-0.0030864197530864196,,
2019,2713,-0.0110062893081761,0.0259267682510802,-0.0020174848688634,0.0016187778227438,-0.0110062893081761,0.0,1.0924528301886793,0.9313725490196079,1.0964749536178107,1.0341463414634147,-0.09245283018867924,-0.02030456852791878,,
2019,2714,-0.0065440947335618,0.0166196299780494,-0.0192542787286064,0.0066249539933751,-0.0065440947335618,0.0,1.0699638118214716,0.9379450661241099,0.9341517857142857,1.0684848484848486,-0.06996381182147166,0.05973715651135006,,
2019,2715,-0.0053744177714081,0.0111913357400721,0.0046796256299495,0.0106666666666666,-0.0053744177714081,0.0,0.9665271966527197,0.8574144486692015,0.9219330855018587,1.077720207253886,0.03347280334728033,-0.06854838709677419,,
2019,2716,-0.0162241887905604,0.014855355746677,-0.017391304347826,-0.02031340684852,-0.0162241887905604,0.0,1.0180995475113122,0.9292452830188679,0.9829787234042553,1.022316684378321,-0.01809954751131222,-0.025974025974025976,,
2019,2717,-0.0174097664543524,0.0282051282051281,-0.0071669477234401,-0.0013634110064452,-0.0174097664543524,0.0,1.0378787878787878,0.9348659003831418,1.0158450704225352,1.0774647887323943,-0.03787878787878788,-0.05025996533795494,,
2019,2718,-0.0081031307550644,0.0168350168350168,-0.0145190562613429,0.0159196779883314,-0.0081031307550644,0.0,1.0533088235294117,0.9569471624266145,0.9982758620689656,1.106605099377635,-0.05330882352941176,-0.010362694300518135,,
2019,2801,-0.0179775280898876,0.0057405281285878,-0.0122086570477247,0.0050761421319796,-0.0179775280898876,0.0,1.1393939393939394,1.031055900621118,1.0769230769230769,1.0306530430919592,-0.1393939393939394,0.03296703296703297,,
2019,2802,-0.0058087578194816,0.0194043321299639,0.008108108108108,-0.0002079866888519,-0.0058087578194816,0.0,1.1118881118881119,0.9260450160771704,1.087837837837838,1.0866425992779782,-0.11188811188811189,-0.012422360248447204,,
2019,2803,-0.0088888888888888,0.032005225342913,-0.012539184952978,0.0009119927040583,-0.0088888888888888,0.0,1.0347826086956522,0.9698996655518395,1.0578034682080926,1.2393292682926829,-0.034782608695652174,-0.02459016393442623,,
2019,2804,0.0002923121894182,0.0325220918441258,-0.0004382761139517,-0.0084415584415584,0.0,0.0002923121894182,1.0682372055239642,0.9474120082815735,1.0766438079870915,1.002659574468085,-0.06823720552396426,-0.014612214312476583,,
2019,2805,-0.0101807075591753,0.0078226857887875,-0.0175043760940235,0.0064655172413792,-0.0101807075591753,0.0,1.0699708454810495,0.9748031496062992,1.0553306342780027,1.0356394129979036,-0.06997084548104957,-0.061381074168797956,,
2019,2806,-0.0080699394754539,0.0376569037656904,-0.0165343915343915,0.0063435676224308,-0.0080699394754539,0.0,1.0355555555555556,0.8957345971563981,1.0521739130434782,1.0081053698074975,-0.035555555555555556,-0.0371900826446281,,
2019,2807,-0.0126063662149384,0.0286077558804831,-0.0047051442910915,0.0077878341401809,-0.0126063662149384,0.0,1.0625909752547307,0.9288956127080181,1.0405594405594405,1.0271668822768434,-0.06259097525473072,-0.01881720430107527,,
2019,2808,0.0063435676224308,0.0239415322580645,-0.010793172690763,0.0039961249697262,0.0,0.0063435676224308,1.0081053698074975,0.9518828451882845,1.0239282153539382,1.0231014991398377,-0.008105369807497468,-0.0311587147030185,,
2019,2809,-0.0049091801669121,0.0192991366175723,-0.0087591240875912,0.0046578862833279,-0.0049091801669121,0.0,1.0670103092783505,0.9312977099236641,1.0577889447236182,1.1168014375561546,-0.06701030927835051,-0.0166270783847981,,
2019,2810,0.000684462696783,0.0277027027027028,0.0055058499655884,0.000684462696783,0.0,0.000684462696783,1.1073170731707318,0.9523809523809523,1.1225490196078431,1.1073170731707318,-0.1073170731707317,-0.008733624454148471,,
2019,2811,-0.0006323110970597,0.0369327073552425,-0.0047199496538703,0.0153323388032486,-0.0006323110970597,0.0,1.1327623126338329,0.9061135371179039,1.1236897274633124,1.014089231801409,-0.13276231263383298,-0.013059701492537313,,
2019,2812,0.0032017075773747,0.0240437158469946,0.0042872454448017,-0.0054216867469879,0.0,0.0032017075773747,1.0541871921182266,0.9572192513368984,1.0432692307692308,1.08,-0.054187192118226604,-0.013824884792626729,,
2019,2813,-0.0040166204986149,0.0215427380125086,-0.0146035212228743,0.0040361640297061,-0.0040166204986149,0.0,1.0511791269443052,0.9565217391304348,1.0602941176470588,0.9893575088687426,-0.05117912694430507,-0.03143781784558484,,
2019,2814,0.0071392146863844,0.0292758089368259,0.004610655737705,0.0095852213314744,0.0,0.0071392146863844,1.0442477876106195,0.9411764705882353,1.088235294117647,1.0642115203021718,-0.04424778761061947,-0.043243243243243246,,
2019,2815,0.0013634955066625,0.0329271294928605,-0.0086021505376343,-0.0054086538461538,0.0,0.0013634955066625,1.0349524543819069,0.9504088630968083,1.0426492724535876,1.0072967338429466,-0.034952454381906965,-0.031039461020211743,,
2019,2816,-0.0069218241042344,0.0237997537956504,-0.0020316944331572,-0.0140548137737175,-0.0069218241042344,0.0,1.058673469387755,0.9528023598820059,1.0784810126582278,1.075268817204301,-0.058673469387755105,-0.025821596244131457,,
2019,2817,0.0052611800075159,0.0226009633197481,-0.0067189249720044,0.0010043521928355,0.0,0.0052611800075159,1.0237037037037038,0.9451038575667656,1.0467836257309941,1.093062605752961,-0.023703703703703703,-0.034916201117318434,,
2019,2818,-0.0044843049327354,0.0091220068415052,-0.0110864745011086,0.0129025805161031,-0.0044843049327354,0.0,1.1349693251533743,0.9588235294117647,1.0571428571428572,1.0792079207920793,-0.13496932515337423,0.0,,
2019,2819,-0.0087719298245614,0.0323475046210721,-0.0221218961625282,0.0085731781996325,-0.0087719298245614,0.0,1.0863039399624765,0.9308300395256917,1.0456942003514937,1.155053974484789,-0.08630393996247655,-0.02689075630252101,,
2019,3201,-0.0004921259842519,0.0293670886075949,-0.000491883915396,-0.0144092219020173,-0.0004921259842519,0.0,1.129511677282378,0.929637526652452,1.1026694045174539,1.0515759312320916,-0.12951167728237792,-0.00931098696461825,,
2019,3202,0.0050761421319796,0.0264248704663212,-0.007492572019119,-0.008366256100395,0.0,0.0050761421319796,1.0306530430919592,0.9256850905712959,1.0082393755420642,1.0476190476190477,-0.03065304309195913,-0.002150537634408602,,
2019,3203,0.0015174506828528,0.0323383084577113,0.0053394355453852,-0.0073529411764705,0.0,0.0015174506828528,1.0,0.9247730220492867,1.0168918918918919,1.038022813688213,0.0,-0.016611295681063124,,
2019,3204,0.0034332084893882,0.0296782255545142,-0.0089699969068975,0.0233406891868952,0.0,0.0034332084893882,1.1094771241830066,0.9545454545454546,1.1270358306188926,1.0357660705654905,-0.10947712418300654,-0.01878612716763006,,
2019,3205,0.0029385171790234,0.0377147958045078,-0.003154574132492,0.0114308018289281,0.0,0.0029385171790234,1.0279583875162548,0.9310589907604833,1.0331384015594542,1.0647846543612016,-0.027958387516254877,-0.005660377358490566,,
2019,3206,0.0065824117956818,0.0238219895287958,-0.0010520778537611,-0.0144832126398947,0.0,0.0065824117956818,1.0369261477045908,0.9150622876557192,1.0534653465346535,1.0305676855895196,-0.036926147704590816,-0.023496240601503758,,
2019,3207,-0.0103645461043602,0.0296242774566473,-0.0294831772459244,-0.0039220209943476,-0.0103645461043602,0.0,1.0049652432969216,0.9334085778781038,1.0403940886699508,1.092485549132948,-0.004965243296921549,-0.041666666666666664,,
2019,3208,-0.0040944881889763,0.0293367346938775,-0.0167234437906472,-0.0177534994878798,-0.0040944881889763,0.0,0.9905254091300603,0.933589990375361,1.0325131810193322,1.0485074626865671,0.009474590869939707,-0.02127659574468085,,
2019,3209,0.0,0.0120288692862871,-0.014937106918239,-0.0227518959913326,0.0,0.0,1.059850374064838,0.9951456310679612,1.084788029925187,1.0508474576271187,-0.059850374064837904,-0.022988505747126436,,
2019,3210,0.0085767269355585,0.036409434394321,-0.0069060773480662,-0.0047058823529412,0.0,0.0085767269355585,1.0140280561122244,0.9658738366080661,1.06,1.0726643598615917,-0.014028056112224449,-0.045283018867924525,,
2019,3211,-0.0028070175438597,0.0357883817427386,-0.0071416129594147,-0.0006439150032195,-0.0028070175438597,0.0,1.0324044069993519,0.9375410913872453,1.0466155810983397,1.047337278106509,-0.03240440699935191,-0.028065893837705917,,
2019,3212,-0.0030196275792652,0.0278975399442049,-0.0124254473161034,0.006726457399103,-0.0030196275792652,0.0,1.0244047619047618,0.938949938949939,1.0173341303048415,1.0817843866171004,-0.024404761904761905,0.011163337250293772,,
2019,3213,0.0025839793281654,0.016047770106363,-0.0069648093841642,-0.0087811731647348,0.0,0.0025839793281654,1.022115959354453,0.9316730523627076,1.0503295386458957,1.0986159169550174,-0.02211595935445308,-0.02452937820878494,,
2019,3214,-0.0094392004441976,0.0166570936243537,-0.0153089119737561,-0.0081344902386116,-0.0094392004441976,0.0,1.0224550898203593,0.9307692307692308,0.9943100995732574,1.0059055118110236,-0.02245508982035928,-0.022889842632331903,,
2019,3215,0.0040361640297061,0.0307716585134922,-0.0030581039755351,-0.0093457943925233,0.0,0.0040361640297061,0.9893575088687426,0.9276315789473685,1.0116279069767442,1.054263565891473,0.01064249113125739,-0.038314176245210725,,
2019,3216,0.0072011322011322,0.0418240142932553,0.0038022813688212,-0.0007077140835102,0.0,0.0072011322011322,1.021604938271605,0.9173327724021876,1.0285383725414579,1.0,-0.021604938271604937,-0.007124109486314211,,
2019,3217,-0.0212765957446808,0.0209549071618038,-0.0186163522012579,0.0013634955066625,-0.0212765957446808,0.0,1.0043062200956938,0.9592735277930655,1.0536847242557346,1.0349524543819069,-0.00430622009569378,-0.02779064381658175,,
2019,3218,-0.0024872365492865,0.038888163904476,-0.0129215660938105,-0.0153191489361702,-0.0024872365492865,0.0,0.9957264957264957,0.9243725231175693,1.015370427297879,1.135135135135135,0.004273504273504274,-0.01241295791704511,,
2019,3219,0.0008496176720476,0.0237020316027087,-0.0028240609997175,0.0093061447926645,0.0,0.0008496176720476,1.0250596658711217,0.9118421052631579,1.021590909090909,1.0446527012127895,-0.025059665871121718,-0.04449388209121246,,
2019,3220,-0.0122844827586207,0.0184453227931489,-0.0194420963651732,0.0009260974254492,-0.0122844827586207,0.0,1.0073239436619719,0.9357638888888888,1.0082417582417582,1.0910081743869209,-0.007323943661971831,-0.02561307901907357,,
2019,3221,-0.0079164027865737,0.0257898130238556,-0.0081658291457286,-0.0071923281832712,-0.0079164027865737,0.0,1.030905077262693,0.9545454545454546,1.0104058272632674,1.2184655396618986,-0.03090507726269316,-0.03810504634397528,,
2019,3222,-0.0054086538461538,0.0370147457117062,-0.0188679245283018,0.0009032063826583,-0.0054086538461538,0.0,1.0072967338429466,0.9641174338528452,1.005813953488372,1.19124218051832,-0.007296733842946491,-0.014280856851411085,,
2019,4401,-0.0228034875922199,0.0169371912491178,-0.0267624020887728,0.0039351851851852,-0.0228034875922199,0.0,1.0278637770897834,0.9605263157894737,1.0118694362017804,1.0974025974025974,-0.02786377708978328,-0.026392961876832845,,
2019,4402,-0.00314889788574,0.019990913221263,-0.0017961383026493,-0.026661514683153,-0.00314889788574,0.0,1.03099173553719,0.9388185654008439,0.9939879759519038,1.0413907284768211,-0.030991735537190084,0.006048387096774193,,
2019,4403,-0.02031340684852,0.0136363636363636,-0.0204661739624786,0.0050304474450622,-0.02031340684852,0.0,1.022316684378321,1.0053533190578159,1.0091930541368743,1.1119544592030361,-0.022316684378320937,-0.02631578947368421,,
2019,4404,-0.018213058419244,0.0110635260528193,-0.0198720107780397,0.0034315127251929,-0.018213058419244,0.0,1.0673684210526315,0.9633867276887872,1.0366598778004072,1.162227602905569,-0.06736842105263158,-0.003929273084479371,,
2019,4405,0.0071843995894629,0.0134651440259077,0.0011988354170233,-0.0053744177714081,0.0,0.0071843995894629,1.0035128805620608,0.8707865168539326,0.9846322722283205,0.9665271966527197,-0.00351288056206089,-0.044593088071348944,,
2019,4406,-0.0102880658436214,0.0145867098865477,-0.0151975683890577,-0.0025555839509328,-0.0102880658436214,0.0,1.2380952380952381,1.0507936507936508,1.2125,1.0323886639676114,-0.23809523809523808,-0.061855670103092786,,
2019,4407,-0.008366256100395,0.0245167373880246,0.0004650081376424,-0.0024872365492865,-0.008366256100395,0.0,1.0476190476190477,0.9644495412844036,1.009090909090909,0.9957264957264957,-0.047619047619047616,-0.031031031031031032,,
2019,4408,0.0037313432835821,0.0373781148429035,-0.0183150183150183,0.0036563071297988,0.0,0.0037313432835821,1.008130081300813,0.9350993377483444,0.9640198511166254,1.045045045045045,-0.008130081300813009,-0.04247104247104247,,
2019,4409,0.0022598870056496,0.0263614838200474,-0.0014506769825918,-0.0088888888888888,0.0,0.0022598870056496,1.048368953880765,0.9542920847268673,1.0158227848101267,1.0347826086956522,-0.048368953880764905,-0.032191069574247146,,
2019,4410,0.0052998605299861,0.0222303876538674,-0.0056397928994083,0.0032017075773747,0.0,0.0052998605299861,1.0033898305084745,0.9236022193768673,0.9967741935483871,1.0541871921182266,-0.003389830508474576,-0.042071197411003236,,
2019,4411,0.0023307850083909,0.0214166512145372,-0.0011175265412554,-0.0008274720728175,0.0,0.0023307850083909,1.0342666109486,0.9096597575283535,0.9885736800630418,1.1603563474387528,-0.03426661094860008,-0.013551215623754484,,
2019,4412,-0.0025789309159112,0.0262891021140494,-0.0051313948064064,-0.0131845841784989,-0.0025789309159112,0.0,1.0096296296296297,0.9441448382126348,1.025411596277738,1.0543478260869565,-0.00962962962962963,-0.04851657940663176,,
2019,4413,0.0066249539933751,0.0267900048053819,0.0002454288869799,0.0037313432835821,0.0,0.0066249539933751,1.0684848484848486,0.9491124260355029,1.019790454016298,1.008130081300813,-0.06848484848484848,0.006278538812785388,,
2019,4414,0.0053475935828877,0.0203319502074688,-0.0085644371941272,0.0067151650811416,0.0,0.0053475935828877,1.0467980295566504,0.8837209302325582,1.0,1.0759013282732448,-0.046798029556650245,-0.013921113689095127,,
2019,4415,-0.0144832126398947,0.0302826379542395,-0.0123537061118335,-0.0060113154172559,-0.0144832126398947,0.0,1.0305676855895196,0.9478260869565217,1.0143149284253579,1.103321033210332,-0.03056768558951965,-0.04838709677419355,,
2019,4416,-0.0149979732468585,0.0261194029850746,-0.0108259823576584,-0.0212765957446808,-0.0149979732468585,0.0,1.018739352640545,0.9325842696629213,0.990625,1.0043062200956938,-0.018739352640545145,-0.056782334384858045,,
2019,4417,-0.0080280983442047,0.0262626262626262,-0.0104270109235352,0.0008496176720476,-0.0080280983442047,0.0,1.0095238095238095,0.9735772357723578,1.0166358595194085,1.0250596658711217,-0.009523809523809525,-0.03636363636363636,,
2019,4418,0.0064655172413792,0.0245333333333332,-0.0085470085470085,0.0027985074626866,0.0,0.0064655172413792,1.0356394129979036,0.924187725631769,1.0,1.2080989876265467,-0.03563941299790356,-0.03137254901960784,,
2019,4419,-0.0035377358490565,0.0241679873217115,-0.0101167315175096,0.0120649651972157,-0.0035377358490565,0.0,1.0528735632183908,0.9444444444444444,0.9829059829059829,1.0841584158415842,-0.052873563218390804,-0.004347826086956522,,
2019,4420,-0.008046817849305,0.0197908887229276,-0.013352580295922,-0.0228034875922199,-0.008046817849305,0.0,1.0249110320284698,0.9483985765124555,1.0132890365448506,1.0278637770897834,-0.02491103202846975,-0.05573770491803279,,
2019,4421,-0.0081344902386116,0.0152456239412761,-0.0096670247046186,-0.0108424725822532,-0.0081344902386116,0.0,1.0059055118110236,0.9702380952380952,0.9925925925925926,1.0258493353028064,-0.005905511811023622,-0.04664179104477612,,
2019,4422,0.0016187778227438,0.0237042989152269,-0.0028248587570621,0.0049335403658308,0.0,0.0016187778227438,1.0341463414634147,0.883054892601432,0.9908675799086758,1.018373042534498,-0.03414634146341464,-0.02304147465437788,,
2019,4423,0.0039520112914608,0.0314459651210692,-0.0007991726212861,-0.0108601216333622,0.0,0.0039520112914608,1.0010540184453227,0.9197930142302717,1.003833375926399,1.103960396039604,-0.001054018445322793,-0.03284114052953157,,
2019,4424,-0.0060229625447016,0.0249328730341389,-0.0141028020040824,-0.0086114101184069,-0.0060229625447016,0.0,1.0075014425851125,0.9169398907103825,0.9809989142236699,1.0387323943661972,-0.0075014425851125215,-0.033757609297177645,,
2019,4425,-0.0069272637308263,0.028143213988343,-0.0063913470993116,0.0065824117956818,-0.0069272637308263,0.0,1.0648854961832062,0.9528728211749515,1.0323565323565325,1.0369261477045908,-0.0648854961832061,-0.010053222945002957,,
2019,4426,-0.0084415584415584,0.0212342402123424,-0.0128205128205127,-0.0077559462254395,-0.0084415584415584,0.0,1.002659574468085,0.9327956989247311,1.0343007915567282,1.079268292682927,-0.0026595744680851063,-0.03826530612244898,,
2019,4427,-0.0120898100172711,0.0177935943060498,-0.016142735768904,0.0110152621101526,-0.0120898100172711,0.0,1.0415944540727904,1.0039138943248533,1.050986842105263,1.0306324110671936,-0.0415944540727903,-0.0594679186228482,,
2019,5201,0.0024813895781636,0.0268292682926829,0.0049875311720697,0.0059479553903345,0.0,0.0024813895781636,1.067448680351906,0.9603399433427762,1.0988372093023255,1.328719723183391,-0.06744868035190615,-0.037037037037037035,,
2019,5202,0.006770128111655,0.0334542523176137,0.0017737896494156,-0.0049091801669121,0.0,0.006770128111655,1.0625,0.9466666666666667,1.0635755258126196,1.0670103092783505,-0.0625,-0.006741573033707865,,
2019,5203,0.0077330976579761,0.0366549604916592,-0.008977446901686,0.0045977011494253,0.0,0.0077330976579761,1.3505535055350553,1.1,1.3376146788990826,1.075,-0.3505535055350554,0.00411522633744856,,
2019,5204,-0.0093457943925233,0.028361344537815,-0.0061919504643962,0.0151070934115156,-0.0093457943925233,0.0,1.054263565891473,0.9076923076923077,0.9781021897810219,1.090543259557344,-0.05426356589147287,0.014925373134328358,,
2019,5205,0.0113544201135442,0.0111022997620935,-0.0080450522928399,-0.0179176755447941,0.0,0.0113544201135442,1.061611374407583,1.0,1.052132701421801,1.0277185501066097,-0.061611374407582936,0.009009009009009009,,
2019,5206,0.002492729538845,0.0278983261004339,0.0058503969912244,-0.000360815442901,0.0,0.002492729538845,1.0644122383252819,0.9394904458598726,1.0601851851851851,1.0180843938379103,-0.0644122383252818,-0.03784570596797671,,
2019,5207,0.0033482142857141,0.0303816228232678,-0.0022271714922048,0.0079106561191251,0.0,0.0033482142857141,1.1728395061728396,1.0062370062370063,1.1539961013645224,1.0097799511002445,-0.1728395061728395,-0.037162162162162164,,
2019,5208,-0.0123636363636363,0.0180722891566265,-0.028954802259887,-0.0125687352710133,-0.0123636363636363,0.0,1.0923694779116466,0.917910447761194,1.0725190839694656,1.0818181818181818,-0.09236947791164658,-0.03202846975088968,,
2019,5209,-0.0068085106382979,0.0102827763496144,-0.0281224152191894,0.0113544201135442,-0.0068085106382979,0.0,1.073469387755102,0.98828125,1.0426356589147288,1.061611374407583,-0.07346938775510205,-0.022304832713754646,,
2019,5210,0.0126757317354229,0.0342511752854264,0.0095393206142391,-0.0083102493074792,0.0,0.0126757317354229,1.1238805970149253,0.9742033383915023,1.1148748159057438,1.040485829959514,-0.12388059701492538,-0.005284015852047556,,
2019,5211,0.0046717482173592,0.0300751879699248,0.0,0.010710035700119,0.0,0.0046717482173592,1.0593869731800767,0.9565217391304348,1.0357142857142858,1.1772486772486772,-0.05938697318007663,0.003629764065335753,,
2019,5212,-0.0013634110064452,0.0293269833312446,-0.0113956622962871,-0.0018587360594795,-0.0013634110064452,0.0,1.0774647887323943,0.9582441113490364,1.0546999468932554,1.0168674698795181,-0.07746478873239436,0.0015105740181268882,,
2019,5213,0.011046511627907,0.0250351617440225,0.013553329404832,0.0126757317354229,0.0,0.011046511627907,1.174863387978142,0.9481865284974094,1.1443850267379678,1.1238805970149253,-0.17486338797814208,0.004672897196261682,,
2019,5214,0.0081070125658695,0.0332954975406734,-0.0004051863857373,-0.0073349633251833,0.0,0.0081070125658695,1.2760736196319018,1.0424929178470255,1.2492581602373887,1.1241379310344828,-0.27607361963190186,-0.011876484560570071,,
2019,5215,-0.0073937153419593,0.0299065420560746,-0.0281437125748502,-0.0145374449339207,-0.0073937153419593,0.0,1.065040650406504,0.9133858267716536,1.0434782608695652,1.2060301507537687,-0.06504065040650407,-0.007575757575757576,,
2019,5216,0.0151070934115156,0.035023077221425,0.0122418696673674,-0.0006323110970597,0.0,0.0151070934115156,1.090543259557344,0.9429866412213741,1.0964517741129436,1.1327623126338329,-0.09054325955734406,-0.011850501367365542,,
2019,5217,0.0202075368651011,0.0458333333333333,-0.0097349918875067,-0.011076398750355,0.0,0.0202075368651011,1.202020202020202,0.987220447284345,1.1924398625429553,1.0550918196994992,-0.20202020202020202,0.02881844380403458,,
2019,5218,0.0036563071297988,0.0084112149532711,0.0157845868152275,-0.0051334702258727,0.0,0.0036563071297988,1.045045045045045,1.0047619047619047,1.0262008733624455,1.143835616438356,-0.04504504504504504,-0.01276595744680851,,
2019,5219,0.0085731781996325,0.034699371821717,0.0023016725487188,0.0029385171790234,0.0,0.0085731781996325,1.155053974484789,0.9901433691756273,1.1368932038834951,1.0279583875162548,-0.155053974484789,0.005123825789923143,,
2019,5220,-0.0065359477124182,0.0229681978798586,-0.0192307692307692,-0.00314889788574,-0.0065359477124182,0.0,1.1577825159914712,1.0103305785123966,1.1428571428571428,1.03099173553719,-0.15778251599147122,-0.030357142857142857,,
2019,5221,-0.0194552529182879,0.0326923076923078,-0.0209523809523809,-0.0049321824907521,-0.0194552529182879,0.0,1.1044776119402986,0.9897959183673469,1.095959595959596,0.975609756097561,-0.1044776119402985,0.02304147465437788,,
2019,5301,0.0077355836849508,0.0559416261292564,-0.0066363953894515,-0.0101807075591753,0.0,0.0077355836849508,1.2532637075718016,0.9951100244498777,1.2643391521197007,1.0699708454810495,-0.25326370757180156,-0.05325443786982249,,
2019,5302,-0.0011403808872163,0.0311709224752703,-0.00657074883879,-0.0165289256198346,-0.0011403808872163,0.0,1.125979505726341,1.0213299874529485,1.1160449970396684,1.0224,-0.12597950572634117,-0.009018567639257295,,
2019,5303,-0.0006439150032195,0.0264725347452019,-0.0139682539682539,0.0,-0.0006439150032195,0.0,1.047337278106509,0.9724517906336089,1.042857142857143,0.9896551724137931,-0.047337278106508875,-0.030136986301369864,,
2019,5304,-0.0108601216333622,0.0249452954048139,-0.0204255319148936,0.0033482142857141,-0.0108601216333622,0.0,1.103960396039604,0.9663461538461539,1.1031175059952039,1.1728395061728396,-0.10396039603960396,-0.030434782608695653,,
2019,5305,-0.0086114101184069,0.0223189983669025,0.0043243243243242,0.0168423126169605,-0.0086114101184069,0.0,1.0387323943661972,0.9655172413793104,1.0476190476190477,1.0191266079891672,-0.03873239436619718,-0.04220779220779221,,
2019,5306,-0.0132192846034214,0.0182394924662965,-0.0061823802163832,0.0014727540500736,-0.0132192846034214,0.0,1.0572519083969465,0.9591078066914498,1.0909090909090908,1.296998420221169,-0.05725190839694656,-0.03819444444444445,,
2019,5307,-0.0013192612137202,0.024707412223667,-0.0168612191958495,0.0176695708818499,-0.0013192612137202,0.0,1.1391304347826088,0.987012987012987,1.102880658436214,1.1501597444089458,-0.1391304347826087,-0.022388059701492536,,
2019,5308,-0.0090782122905027,0.0370898716119829,-0.0100241963359833,-0.0025359256128486,-0.0090782122905027,0.0,1.2162162162162162,1.03125,1.164882226980728,1.0583333333333333,-0.21621621621621623,-0.007352941176470588,,
2019,5309,0.0095852213314744,0.0346671265953777,0.0008721437292866,-0.0101300479123888,0.0,0.0095852213314744,1.0642115203021718,0.934375,1.0804387568555758,1.0765349032800673,-0.06421152030217187,-0.046531302876480544,,
2019,5310,0.0019913707268504,0.0280310705842621,-0.0088815789473684,0.0083428138035646,0.0,0.0019913707268504,1.1310211946050097,1.0174081237911026,1.0986964618249535,1.1037277147487845,-0.13102119460500963,-0.005084745762711864,,
2019,5311,0.0019255455712452,0.0290404040404039,0.0058102001291155,-0.0159846547314578,0.0,0.0019255455712452,1.1203007518796992,0.9819494584837545,1.0871212121212122,1.0441176470588236,-0.12030075187969924,0.03832752613240418,,
2019,5312,-0.0044345898004434,0.0301359794193312,-0.0087912087912087,0.0095638867635807,-0.0044345898004434,0.0,1.0757575757575757,0.9566160520607375,1.0563674321503131,1.0556660039761432,-0.07575757575757576,-0.017786561264822136,,
2019,5313,-0.0008885503935008,0.0232498394348106,-0.0063067608476287,0.0002923121894182,-0.0008885503935008,0.0,1.1439205955334988,0.9951020408163266,1.1555555555555554,1.0682372055239642,-0.14392059553349876,-0.014957264957264958,,
2019,5314,-0.0068551842330762,0.0252833478639931,0.0051679586563306,0.0007270896837159,-0.0068551842330762,0.0,1.118942731277533,0.9572649572649573,1.0638297872340425,1.0308620886003872,-0.11894273127753303,0.016,,
2019,5315,0.0114308018289281,0.0396757221088801,0.0106508875739645,-0.0122844827586207,0.0,0.0114308018289281,1.0647846543612016,0.9207017543859649,1.0585488505747127,1.0073239436619719,-0.0647846543612016,-0.0016966406515100101,,
2019,5316,0.0040296924708378,0.0277190012695724,-0.0100776821331093,-0.0171261487050961,0.0,0.0040296924708378,1.0561926605504588,0.9486581096849475,1.063063063063063,1.055793991416309,-0.05619266055045872,-0.024364406779661018,,
2019,5317,0.0120649651972157,0.0494826810616284,0.0041938490214352,0.0046717482173592,0.0,0.0120649651972157,1.0841584158415842,0.9045307443365695,1.1187800963081862,1.0593869731800767,-0.08415841584158416,-0.05738880918220947,,
2019,5318,0.0145244416679681,0.0416604000601594,0.0108935901484055,0.0071392146863844,0.0,0.0145244416679681,1.1220865704772476,0.9965277777777778,1.130718954248366,1.0442477876106195,-0.1220865704772475,-0.02601156069364162,,
2019,5319,-0.0047058823529412,0.0375410605349602,-0.0023474178403756,0.0138696255201109,-0.0047058823529412,0.0,1.0726643598615917,0.9119718309859155,1.089928057553957,1.838095238095238,-0.0726643598615917,0.0231023102310231,,
2019,7501,-0.0058051489146895,0.0358147863903812,-0.0017636684303351,-0.0058087578194816,-0.0058051489146895,0.0,1.0484375,0.952887537993921,1.0456621004566211,1.1118881118881119,-0.0484375,-0.023289665211062592,,
2019,7502,0.0023131672597864,0.0312278211497516,-0.0082936297864831,-0.0102880658436214,0.0,0.0023131672597864,1.0765993265993266,0.9801381692573402,1.0744416873449132,1.2380952380952381,-0.0765993265993266,-0.015396458814472672,,
2019,7503,0.0176695708818499,0.0467326421614828,0.0159662475181998,-0.0019569471624266,0.0,0.0176695708818499,1.1501597444089458,0.9700122399020807,1.1761290322580644,1.1437125748502994,-0.1501597444089457,-0.012616566099835436,,
2019,7504,-0.0087811731647348,0.039208633093525,-0.0155601659751036,-0.0069272637308263,-0.0087811731647348,0.0,1.0986159169550174,0.993127147766323,1.0892561983471074,1.0648854961832062,-0.0986159169550173,-0.036418816388467376,,
2019,7505,0.0248027731293329,0.0459393633996809,0.0163396707768936,0.0052611800075159,0.0,0.0248027731293329,1.0607429718875503,0.9463053358020536,1.082414870866919,1.0237037037037038,-0.0607429718875502,-0.03662613981762918,,
2019,7506,-0.0097962382445141,0.0071485305798253,-0.0077760497667185,-0.0188916876574307,-0.0097962382445141,0.0,1.08,0.9467005076142132,1.0237529691211402,1.0887096774193548,-0.08,0.002320185614849188,,
2019,7507,-0.0044760400210637,0.033876050420168,-0.0034111781684597,-0.0065440947335618,-0.0044760400210637,0.0,1.0442930153321976,0.958041958041958,1.0096774193548388,1.0699638118214716,-0.044293015332197615,-0.020766773162939296,,
2019,7508,-0.0066815144766146,0.0275175644028102,-0.0142700329308452,-0.0120898100172711,-0.0066815144766146,0.0,1.0552486187845305,0.9522546419098143,1.0683060109289617,1.0415944540727904,-0.055248618784530384,-0.023017902813299233,,
2019,7509,0.0056585979251808,0.026835286859963,-0.0043818466353677,-0.0153614457831324,0.0,0.0056585979251808,1.2397003745318351,1.0397830018083183,1.1869328493647913,1.115873015873016,-0.2397003745318352,0.012232415902140673,,
2019,7510,0.0121587520073411,0.0391757246376811,0.0090277777777778,0.0090236001850994,0.0,0.0121587520073411,1.1314741035856575,0.9672955974842767,1.1326397919375812,1.1646623496762256,-0.13147410358565736,-0.021814006888633754,,
2019,7511,-0.0261066969353007,0.022818254603683,-0.0060172997367431,-0.0154798761609906,-0.0261066969353007,0.0,1.044921875,1.0043103448275863,1.0549019607843138,1.2098765432098766,-0.044921875,-0.0055762081784386614,,
2019,7512,0.010710035700119,0.04625015970359,0.0069231793369723,-0.0176856998484082,0.0,0.010710035700119,1.1772486772486772,0.9923793395427604,1.1675485008818343,1.0408163265306123,-0.17724867724867724,0.008308157099697885,,
2019,7513,0.0151043980453131,0.0616712271100821,-0.0008877052818464,-0.0073937153419593,0.0,0.0151043980453131,1.2297650130548303,1.0452127659574468,1.1904161412358134,1.065040650406504,-0.2297650130548303,-0.00211864406779661,,
2019,7514,0.0083428138035646,0.0530777736822705,-0.0045300113250282,0.0,0.0,0.0083428138035646,1.1037277147487845,0.9934533551554828,1.1070866141732283,1.0694275274056029,-0.10372771474878444,-0.031294452347083924,,
2019,7515,0.0160256410256409,0.0648949320148331,-0.0082644628099173,-0.0175609756097561,0.0,0.0160256410256409,1.2383561643835617,1.081841432225064,1.2388451443569555,1.0439189189189189,-0.23835616438356164,-0.0423728813559322,,
2019,7516,0.0034315127251929,0.0378575434660684,-0.0059693007390563,0.0072011322011322,0.0,0.0034315127251929,1.162227602905569,1.025,1.1594372801875732,1.021604938271605,-0.162227602905569,-0.029322548028311426,,
2019,7517,-0.0030980603448276,0.0245879492029181,-0.0144696667994158,0.0093949855679438,-0.0030980603448276,0.0,1.0407865986890021,0.9646153846153847,1.0292887029288702,1.042493337281611,-0.04078659868900218,-0.03184281842818428,,
2019,7518,-0.0008274720728175,0.0395174708818635,-0.0106426524764633,-0.0022670229131244,-0.0008274720728175,0.0,1.1603563474387528,1.1184510250569477,1.1626373626373627,1.0260102183000464,-0.1603563474387528,-0.015122873345935728,,
2019,7519,0.0,0.0308426073131955,-0.0158582089552238,0.0192909280500521,0.0,0.0,0.9896551724137931,0.8932874354561101,0.9870759289176091,1.0340586565752128,0.010344827586206896,-0.060556464811783964,,
2019,7520,0.0,0.0222502099076407,-0.0053763440860215,-0.020096463022508,0.0,0.0,1.0694275274056029,0.9960212201591512,1.0752056404230317,1.0585106382978724,-0.06942752740560293,-0.040437158469945354,,
2019,7521,-0.0042964554242749,0.0387131952017447,-0.0256410256410256,-0.0068551842330762,-0.0042964554242749,0.0,1.116182572614108,0.984,1.06198347107438,1.118942731277533,-0.11618257261410789,0.04669260700389105,,
2019,7522,-0.0016097504886742,0.0245320311591674,-0.0068516615279204,-0.0080988917306052,-0.0016097504886742,0.0,1.0287187039764358,0.9180704441041347,1.0289855072463767,1.0705882352941176,-0.028718703976435934,-0.01619718309859155,,
2019,7523,-0.0081212777476989,0.0357339197361188,-0.0126514611546685,-0.0011403808872163,-0.0081212777476989,0.0,1.0623115577889448,0.9793253536452666,1.0424710424710424,1.125979505726341,-0.062311557788944726,-0.021296296296296296,,
2019,7524,-0.0101300479123888,0.0328947368421053,-0.008415908782408,-0.0274599542334096,-0.0101300479123888,0.0,1.0765349032800673,0.9394736842105263,1.0747899159663865,1.1686746987951808,-0.07653490328006729,0.0007818608287724785,,
2019,7525,0.0034032898468518,0.0407593523171412,-0.0056401579244218,0.0035783994795055,0.0,0.0034032898468518,1.108179419525066,0.9342105263157895,1.1062176165803108,1.1221122112211221,-0.10817941952506596,-0.01639344262295082,,
2019,7526,0.0059479553903345,0.0604109928200049,-0.0093297323839921,0.0023131672597864,0.0,0.0059479553903345,1.328719723183391,1.0674342105263157,1.3264604810996563,1.0765993265993266,-0.328719723183391,-0.0051813471502590676,,
2019,7527,-0.0051369863013698,0.024633431085044,-0.0112866817155756,0.0158556588299616,-0.0051369863013698,0.0,1.110759493670886,0.9682539682539683,1.0238095238095237,1.1232091690544412,-0.11075949367088607,0.020348837209302327,,
2019,7528,0.0035783994795055,0.0271774721676489,-0.0054998382400517,0.0043872768969988,0.0,0.0035783994795055,1.1221122112211221,1.0135823429541595,1.113452188006483,1.1184584178498986,-0.12211221122112212,-0.010189228529839884,,
2019,7529,-0.0147478591817317,0.0418873375060182,-0.0282015718908922,-0.0090782122905027,-0.0147478591817317,0.0,1.2956204379562044,1.023728813559322,1.2659574468085106,1.2162162162162162,-0.2956204379562044,-0.0056022408963585435,,
2019,7530,-0.0274599542334096,0.0335463258785941,-0.0150262960180315,-0.0140936686903729,-0.0274599542334096,0.0,1.1686746987951808,1.05,1.1511627906976745,1.0468909276248726,-0.1686746987951807,-0.020202020202020204,,
2019,7531,-0.0176856998484082,0.0185774946921444,-0.0188398611799702,0.0024813895781636,-0.0176856998484082,0.0,1.0408163265306123,1.0,1.0635451505016722,1.067448680351906,-0.04081632653061224,-0.03773584905660377,,
2019,7532,-0.0156537753222836,0.0241362991008045,-0.005038937242327,-0.0066815144766146,-0.0156537753222836,0.0,1.0735930735930737,0.9957627118644068,1.08008658008658,1.0552486187845305,-0.0735930735930736,-0.006012024048096192,,
2019,7601,0.0014727540500736,0.0650166235685261,-0.0130813953488372,-0.0054305663304887,0.0,0.0014727540500736,1.296998420221169,1.121167883211679,1.319935691318328,1.0444109898381633,-0.296998420221169,0.0,,
2019,7602,0.0016183848519177,0.0391566265060241,-0.000970088924818,0.0202075368651011,0.0,0.0016183848519177,1.050365556458164,0.9822184589331076,1.0715447154471545,1.202020202020202,-0.050365556458164096,-0.01896813353566009,,
2019,7603,-0.0002079866888519,0.0440199335548172,-0.0111065405183051,0.0145244416679681,-0.0002079866888519,0.0,1.0866425992779782,0.9957142857142857,1.0881502890173411,1.1220865704772476,-0.08664259927797834,-0.0006640106241699867,,
2019,7604,-0.0084725248123941,0.0356612184249629,-0.0133747313112013,-0.0065359477124182,-0.0084725248123941,0.0,1.0443686006825939,0.9449838187702265,1.042763157894737,1.1577825159914712,-0.04436860068259386,-0.03470031545741325,,
2019,7605,-0.0073349633251833,0.0393258426966292,0.000611620795107,-0.0114803625377643,-0.0073349633251833,0.0,1.1241379310344828,1.0212264150943395,1.121559633027523,1.0428265524625269,-0.12413793103448276,0.0,,
2019,7606,-0.0003281916639317,0.0417881438289602,-0.0070066807886589,-0.0148491879350347,-0.0003281916639317,0.0,1.138432364096081,1.0227272727272727,1.1624595469255663,1.0989583333333333,-0.13843236409608092,0.0027839643652561247,,
2019,7607,0.0008536064874093,0.029728565273589,-0.0138888888888888,0.0040296924708378,0.0,0.0008536064874093,1.0977777777777777,0.9865771812080537,1.0881057268722467,1.0561926605504588,-0.09777777777777778,0.0,,
2019,7608,-0.0074183976261127,0.0361188288095746,-0.0125575554625366,-0.0120967741935483,-0.0074183976261127,0.0,1.066610455311973,0.9696969696969697,1.0781512605042016,1.009933774834437,-0.06661045531197302,-0.014029618082618862,,
2019,7609,-0.0159948816378758,0.0267449445531637,-0.0120101137800252,0.0059923298178332,-0.0159948816378758,0.0,1.0769230769230769,0.9557692307692308,1.0804597701149425,1.037037037037037,-0.07692307692307693,0.01276595744680851,,
2019,7610,-0.0132325141776937,0.0299734106840705,-0.0075046904315196,-0.0079164027865737,-0.0132325141776937,0.0,1.0489596083231334,0.972972972972973,1.0372596153846154,1.030905077262693,-0.04895960832313342,-0.006952491309385863,,
2019,7611,-0.0188916876574307,0.0175438596491228,-0.0152955766845803,-0.0013192612137202,-0.0188916876574307,0.0,1.0887096774193548,0.9547738693467337,1.0666666666666667,1.1391304347826088,-0.08870967741935484,0.0125,,
2019,7612,0.0006055101422948,0.0442558351015458,-0.0030184123151222,0.0042194092827003,0.0,0.0006055101422948,1.0473815461346634,0.9586028460543338,1.062111801242236,1.089795918367347,-0.04738154613466334,-0.017543859649122806,,
2019,7613,-0.0145374449339207,0.0299727520435968,-0.0139009556907037,0.011046511627907,-0.0145374449339207,0.0,1.2060301507537687,1.0432692307692308,1.1911764705882353,1.174863387978142,-0.20603015075376885,-0.012345679012345678,,
2019,7614,-0.0051334702258727,0.0384016606123507,-0.0151668351870576,-0.0212660731948566,-0.0051334702258727,0.0,1.143835616438356,1.0513698630136987,1.1506849315068493,1.0283400809716599,-0.14383561643835616,-0.005952380952380952,,
2019,7615,0.0043066322136089,0.047759932375317,0.0002153779883695,-0.0081212777476989,0.0,0.0043066322136089,1.023963133640553,0.9345794392523364,1.0341419586702605,1.0623115577889448,-0.023963133640552997,-0.03475238922675934,,
2019,7616,0.0159196779883314,0.0569413383794943,0.000452468214108,0.0028873917228104,0.0,0.0159196779883314,1.106605099377635,0.9820618963138182,1.112207896857373,1.0203045685279188,-0.10660509937763502,-0.001630139467487774,,
2019,7617,0.0090236001850994,0.0436471663619744,-0.0145918832649338,-0.0025789309159112,0.0,0.0090236001850994,1.1646623496762256,0.9911894273127754,1.1414141414141414,1.0096296296296297,-0.16466234967622573,0.012872083668543845,,
2019,7618,0.0043872768969988,0.0430659053517854,-0.0060455896927651,-0.0147478591817317,0.0,0.0043872768969988,1.1184584178498986,1.0289855072463767,1.1610239471511148,1.2956204379562044,-0.11845841784989858,-0.019559032716927455,,
2019,7619,-0.0124653739612188,0.0439164866810655,0.0,0.0077355836849508,-0.0124653739612188,0.0,1.1933962264150944,1.0,1.2352941176470589,1.2532637075718016,-0.19339622641509435,0.003968253968253968,,
2019,7620,0.0009032063826583,0.0508537490720117,-0.0096899224806201,-0.0060229625447016,0.0,0.0009032063826583,1.19124218051832,1.045179856115108,1.205065608788526,1.0075014425851125,-0.19124218051831993,0.012661433274246644,,
2019,7621,-0.0015586729013582,0.024395702775291,-0.0187896001747869,-0.0042964554242749,-0.0015586729013582,0.0,1.0780141843971631,0.9627192982456141,1.07816091954023,1.116182572614108,-0.07801418439716312,-0.02771855010660981,,
2019,7622,-0.0159846547314578,0.0205479452054795,-0.0197430272641805,0.0052998605299861,-0.0159846547314578,0.0,1.0441176470588236,0.9725829725829725,1.035294117647059,1.0033898305084745,-0.04411764705882353,0.008522727272727272,,
2019,7623,0.0019575856443718,0.0513988288874429,-0.0032520325203252,-0.0114311842706904,0.0,0.0019575856443718,1.1045392022008254,0.9673024523160763,1.114247311827957,1.0501089324618735,-0.10453920220082531,-0.031363088057901084,,
2019,7624,-0.0153614457831324,0.033612119299353,-0.0258215962441314,-0.0068085106382979,-0.0153614457831324,0.0,1.115873015873016,0.906888720666162,1.1118012422360248,1.073469387755102,-0.11587301587301588,-0.018156424581005588,,
2019,7625,0.0093949855679438,0.0418765053645719,0.0065512133986556,-0.0081031307550644,0.0,0.0093949855679438,1.042493337281611,0.9380495603517186,1.0257510729613735,1.0533088235294117,-0.0424933372816109,-0.01799163179916318,,
2019,8401,0.0129025805161031,0.0360194174757282,0.0046221864951767,-0.0125074449076831,0.0,0.0129025805161031,1.0792079207920793,0.8996108949416343,1.0623885918003566,1.1044386422976502,-0.07920792079207921,0.00587248322147651,,
2019,8402,-0.0071923281832712,0.0511502029769959,-0.0183054393305439,-0.0136542467021523,-0.0071923281832712,0.0,1.2184655396618986,1.0813810110974107,1.2369791666666667,1.0592020592020592,-0.21846553966189858,-0.01368421052631579,,
2019,8403,-0.0080988917306052,0.0331877729257641,-0.0188205771643663,0.0009785799717298,-0.0080988917306052,0.0,1.0705882352941176,0.9126637554585153,1.0073260073260073,1.0891246684350133,-0.07058823529411765,-0.007272727272727273,,
2019,8404,0.0106666666666666,0.0365025466893038,0.0062611806797854,0.0034332084893882,0.0,0.0106666666666666,1.077720207253886,0.9411764705882353,1.0591133004926108,1.1094771241830066,-0.07772020725388601,-0.03255813953488372,,
2019,8405,0.0045977011494253,0.029530804976765,-0.0024461091576211,-0.0194552529182879,0.0,0.0045977011494253,1.075,0.9613478691774033,1.043390514631685,1.1044776119402986,-0.075,-0.0019342359767891683,,
2019,8406,0.0192909280500521,0.0311074918566776,0.011603375527426,-0.006193425440686,0.0,0.0192909280500521,1.0340586565752128,0.9299065420560748,1.0126926563916592,1.0655737704918034,-0.03405865657521287,-0.021486123545210387,,
2019,8407,0.0110152621101526,0.0376212023270847,0.0,-0.0040166204986149,0.0,0.0110152621101526,1.0306324110671936,0.9185606060606061,1.0309477756286267,1.0511791269443052,-0.030632411067193676,-0.021575984990619138,,
2019,8408,-0.0022670229131244,0.0337875977743731,-0.0053953937832179,-0.0084725248123941,-0.0022670229131244,0.0,1.0260102183000464,0.9274952919020716,1.0421631530705775,1.0443686006825939,-0.026010218300046448,-0.028583992963940194,,
2019,8409,0.0012084244447001,0.0298602287166454,-0.0117713960762012,-0.0132325141776937,0.0,0.0012084244447001,1.0422484783387038,0.9300209937018894,1.0307851954341058,1.0489596083231334,-0.042248478338703904,-0.023154362416107382,,
2019,8410,0.0079106561191251,0.0389069013432143,-0.0055529847292919,0.0,0.0,0.0079106561191251,1.0097799511002445,0.9253333333333333,1.0247524752475248,1.059850374064838,-0.009779951100244499,-0.0024154589371980675,,
2019,8411,-0.0049321824907521,0.0150943396226415,-0.0430678466076696,0.0160256410256409,-0.0049321824907521,0.0,0.975609756097561,0.8775510204081632,1.0,1.2383561643835617,0.024390243902439025,-0.047619047619047616,,
2019,8412,-0.0042716787697565,0.0284995808885164,0.0064488392089423,0.0121587520073411,-0.0042716787697565,0.0,1.0319488817891374,0.95578231292517,1.046875,1.1314741035856575,-0.03194888178913738,-0.03582089552238806,,
2019,8413,0.001998183469573,0.0347158779462817,-0.0187165775401069,0.0151043980453131,0.0,0.001998183469573,0.9596273291925466,0.7936507936507936,0.9420505200594353,1.2297650130548303,0.040372670807453416,-0.025236593059936908,,
2019,8414,0.005935754189944,0.024,-0.0158075601374571,0.0015174506828528,0.0,0.005935754189944,1.075242718446602,0.9670781893004116,0.9779735682819384,1.0,-0.07524271844660194,-0.0022522522522522522,,
2019,8415,0.0050304474450622,0.0327077747989277,0.0104333868378811,-0.0124653739612188,0.0,0.0050304474450622,1.1119544592030361,0.9090909090909091,1.0611111111111111,1.1933962264150944,-0.11195445920303605,0.02268760907504363,,
2019,8416,0.0093061447926645,0.0331543624161074,-0.0002736352442194,0.0113080684596575,0.0,0.0093061447926645,1.0446527012127895,0.8916934373565856,1.039691289966924,1.022357074417119,-0.044652701212789414,0.004772004241781549,,
2019,8417,-0.0018587360594795,0.023102310231023,-0.0128440366972476,-0.0149979732468585,-0.0018587360594795,0.0,1.0168674698795181,0.9674185463659147,1.0138888888888888,1.018739352640545,-0.016867469879518072,-0.0365296803652968,,
2019,8418,0.006726457399103,0.0283413848631239,-0.0098319061211544,-0.0044345898004434,0.0,0.006726457399103,1.0817843866171004,0.8130841121495327,1.0571428571428572,1.0757575757575757,-0.08178438661710037,-0.016891891891891893,,
2019,8419,-0.0114803625377643,0.0227414330218067,0.0030303030303029,-0.0110062893081761,-0.0114803625377643,0.0,1.0428265524625269,0.9887892376681614,1.0606694560669456,1.0924528301886793,-0.042826552462526764,-0.03944773175542406,,
2019,8420,-0.0039473684210525,0.0296038310840225,0.0048479506390479,0.0020729684908789,-0.0039473684210525,0.0,1.0604026845637584,0.9603960396039604,1.0671140939597314,1.1773913043478261,-0.06040268456375839,-0.006289308176100629,,
2019,8421,0.0133321894303362,0.0407041606510041,0.006180725803667,-0.0163666121112929,0.0,0.0133321894303362,1.0447662208466895,0.9279991566519081,1.0384362680683312,1.1263440860215055,-0.04476622084668951,-0.0032690076979858696,,
2019,8422,0.0010043521928355,0.034505422280644,-0.0030040053404539,0.0146500271296798,0.0,0.0010043521928355,1.093062605752961,0.9758203799654577,1.0848585690515806,1.069672131147541,-0.09306260575296109,-0.009202453987730062,,
2019,8423,-0.026661514683153,0.0116185897435896,-0.0332461710870377,0.0039520112914608,-0.026661514683153,0.0,1.0413907284768211,0.9576988155668359,1.0388978930307942,1.0010540184453227,-0.041390728476821195,-0.0187207488299532,,
2019,8424,-0.0114311842706904,0.0098085007006072,-0.0144209103199639,-0.0028070175438597,-0.0114311842706904,0.0,1.0501089324618735,0.9856801909307876,1.0474137931034482,1.0324044069993519,-0.05010893246187364,-0.00823045267489712,,
2019,8425,-0.0056053811659192,0.0233592880978865,-0.0143646408839779,-0.0126063662149384,-0.0056053811659192,0.0,1.0608365019011408,0.9225589225589226,0.9894736842105263,1.0625909752547307,-0.060836501901140684,-0.010638297872340425,,
2019,8426,-0.011076398750355,0.0378457059679766,-0.0112327997753439,0.0037911927675706,-0.011076398750355,0.0,1.0550918196994992,0.9061946902654867,1.0157232704402517,1.1421875,-0.05509181969949917,-0.021671826625386997,,
2019,8427,0.0095638867635807,0.0314931456094849,-0.0102234002271867,0.0180387012135125,0.0,0.0095638867635807,1.0556660039761432,0.9702970297029703,1.0551181102362204,1.1067567567567567,-0.055666003976143144,-0.009328358208955223,,
2019,8428,-0.0054305663304887,0.0306180172535708,-0.0089466694625008,-0.0045868754204635,-0.0054305663304887,0.0,1.0444109898381633,0.9488144523899135,1.0361223737559897,1.1506896551724137,-0.04441098983816334,-0.012806830309498399,,
2019,8429,-0.0131845841784989,0.0167714884696017,-0.0169491525423728,0.0083451872925557,-0.0131845841784989,0.0,1.0543478260869565,0.9354838709677419,1.1111111111111112,1.0398230088495575,-0.05434782608695652,-0.03,,
2019,8430,-0.0212615166548547,0.0372807017543859,-0.0160390516039051,0.0053475935828877,-0.0212615166548547,0.0,1.0558139534883721,0.908256880733945,1.0135135135135136,1.0467980295566504,-0.05581395348837209,0.008888888888888889,,
2019,8431,-0.0039220209943476,0.0401867030965392,-0.0078965438315403,0.0023307850083909,-0.0039220209943476,0.0,1.092485549132948,0.9829652996845426,1.1224755700325733,1.0342666109486,-0.09248554913294797,-0.012768427161926872,,
2019,8432,-0.011344770337576,0.0295706568097811,-0.0120284308365227,0.0077330976579761,-0.011344770337576,0.0,1.0688140556368961,0.9473684210526315,1.0648414985590777,1.3505535055350553,-0.06881405563689605,-0.012178619756427604,,
2019,8433,0.0046578862833279,0.0386626525114879,-0.0115891411335132,0.002492729538845,0.0,0.0046578862833279,1.1168014375561546,0.987012987012987,1.1214868540344516,1.0644122383252819,-0.11680143755615453,0.004850444624090542,,
2019,8434,0.0151843817787418,0.0381780381780381,0.0166399358460305,-0.008046817849305,0.0,0.0151843817787418,1.0561959654178674,0.9261838440111421,1.0597439544807965,1.0249110320284698,-0.056195965417867436,-0.016107382550335572,,
2019,8435,0.0077878341401809,0.0317753177531774,-0.0110324729392172,-0.0087719298245614,0.0,0.0077878341401809,1.0271668822768434,0.94140625,0.995085995085995,1.0863039399624765,-0.027166882276843468,-0.019753086419753086,,
2019,9301,0.0118833273316527,0.0479626193911908,0.003106487501806,0.001998183469573,0.0,0.0118833273316527,1.0399201596806387,0.9550561797752809,1.0657698056801195,0.9596273291925466,-0.03992015968063872,-0.025712949976624593,,
2019,9302,-0.0054216867469879,0.0362273579013117,-0.0454284071305347,-0.0056053811659192,-0.0054216867469879,0.0,1.08,0.8836206896551724,1.062780269058296,1.0608365019011408,-0.08,0.02531645569620253,,
2019,9303,0.0180387012135125,0.0577403245942571,0.0029605263157894,-0.0212615166548547,0.0,0.0180387012135125,1.1067567567567567,1.0113798008534851,1.1387755102040817,1.0558139534883721,-0.10675675675675676,-0.021505376344086023,,
2019,9304,0.0037911927675706,0.0355400696864112,-0.0083863504916136,-0.0162241887905604,0.0,0.0037911927675706,1.1421875,0.9461565710237336,1.1571373006612213,1.0180995475113122,-0.1421875,-0.017142857142857144,,
2019,9305,0.0020729684908789,0.0617977528089888,0.0033277870216306,-0.0103645461043602,0.0,0.0020729684908789,1.1773913043478261,1.0352112676056338,1.2084805653710247,1.0049652432969216,-0.17739130434782607,-0.01023391812865497,,
2019,9306,0.0037425149700598,0.0489236790606653,0.000999000999001,0.0019575856443718,0.0,0.0037425149700598,1.1168831168831168,1.0037641154328734,1.154353562005277,1.1045392022008254,-0.11688311688311688,-0.017142857142857144,,
2019,9307,0.0016161616161616,0.0364077669902913,-0.0135512156237544,-0.0044760400210637,0.0,0.0016161616161616,1.0783505154639175,0.9725738396624473,1.099585062240664,1.0442930153321976,-0.07835051546391752,-0.013207547169811321,,
2019,9308,-0.0019569471624266,0.0584269662921348,0.0019607843137254,-0.0069218241042344,-0.0019569471624266,0.0,1.1437125748502994,1.0414110429447854,1.1716867469879517,1.058673469387755,-0.1437125748502994,-0.017994858611825194,,
2019,9309,0.0009119927040583,0.0464493077266636,-0.0022747952684258,-0.0015586729013582,0.0,0.0009119927040583,1.2393292682926829,1.0410557184750733,1.240909090909091,1.0780141843971631,-0.23932926829268292,-0.007326007326007326,,
2019,9310,0.0067151650811416,0.039617870188255,-0.0140689655172413,-0.0003281916639317,0.0,0.0067151650811416,1.0759013282732448,0.9500924214417745,1.1044487427466152,1.138432364096081,-0.07590132827324478,-0.0070052539404553416,,
2019,9311,-0.0060113154172559,0.0466175955134946,-0.0073710073710073,-0.0016097504886742,-0.0060113154172559,0.0,1.103321033210332,0.9848484848484849,1.1367041198501873,1.0287187039764358,-0.1033210332103321,-0.014827018121911038,,
2019,9312,0.0007270896837159,0.0465783843799929,-0.0080721220527045,-0.0006675567423231,0.0,0.0007270896837159,1.0308620886003872,0.9579106913839338,1.0585235832657318,1.0547486033519553,-0.0308620886003872,-0.008977446901686009,,
2019,9313,0.0080590083321949,0.0390173410404623,0.0137081140958184,0.0014953271028037,0.0,0.0080590083321949,1.0492920818038804,0.96843853820598,1.0843815513626835,1.0482573726541555,-0.04929208180388044,-0.03286611889801837,,
2019,9314,-0.0153191489361702,0.0358705161854768,-0.0216486261448792,-0.0035377358490565,-0.0153191489361702,0.0,1.135135135135135,0.8975409836065574,1.1438515081206497,1.0528735632183908,-0.13513513513513514,-0.06288032454361055,,
2019,9315,0.0009260974254492,0.032434419074746,-0.0122124136669258,-0.0004921259842519,0.0,0.0009260974254492,1.0910081743869209,0.9015768056968464,1.1001611170784102,1.129511677282378,-0.09100817438692098,-0.022699536246033682,,
2019,9316,0.0063559322033899,0.0418172431595249,-0.0005293806246691,0.0008536064874093,0.0,0.0063559322033899,1.1100478468899522,0.9788732394366197,1.1521739130434783,1.0977777777777777,-0.11004784688995216,-0.027253668763102725,,
2019,9317,0.0138696255201109,0.0497162928938124,-0.0332528828104049,0.0025839793281654,0.0,0.0138696255201109,1.838095238095238,1.2603092783505154,1.9326599326599327,1.022115959354453,-0.8380952380952381,0.008710801393728223,,
2019,9318,-0.0045868754204635,0.0450582281568197,-0.0051110435047155,-0.0094392004441976,-0.0045868754204635,0.0,1.1506896551724137,0.9843360626557494,1.1357021996615906,1.0224550898203593,-0.15068965517241378,-0.00566150178784267,,
2020,51,-0.005561348627042,-0.0202680614579927,-0.0177534994878798,0.0146572104018911,-0.005561348627042,0.0,1.0357815442561205,1.050179211469534,1.0485074626865671,1.0954063604240283,-0.035781544256120526,-0.021352313167259787,,
2020,52,0.0058139534883721,0.0025304807913504,0.0027985074626866,0.0055536272127734,0.0,0.0058139534883721,1.2158693115519252,1.2193181818181817,1.2080989876265467,1.0817757009345794,-0.21586931155192532,-0.0297951582867784,,
2020,53,0.0122746035194438,-0.002705334920463,0.0009785799717298,0.0046829971181556,0.0,0.0122746035194438,1.0646551724137931,1.088782562466773,1.0891246684350133,1.0062111801242235,-0.06465517241379311,-0.03750608865075499,,
2020,54,0.0055946580039702,0.0019642857142856,-0.000360815442901,0.011237684729064,0.0,0.0055946580039702,1.0252631578947369,1.0400534045393859,1.0180843938379103,1.0957810718358039,-0.02526315789473684,-0.03881578947368421,,
2020,55,0.0,0.0025813113061434,-0.0077559462254395,0.0205962059620596,0.0,0.0,1.0903225806451613,1.0714285714285714,1.079268292682927,1.0382749326145553,-0.09032258064516129,-0.04519774011299435,,
2020,56,-0.0079893475366178,-0.0295040803515379,-0.0144356955380577,-0.0039904229848364,-0.0079893475366178,0.0,1.116182572614108,1.0416666666666667,1.0608365019011408,1.072538860103627,-0.11618257261410789,-0.035842293906810034,,
2020,57,0.0055803571428572,-0.0196008553100498,-0.0084839542604204,0.0032119914346895,0.0,0.0055803571428572,1.017478152309613,1.0269953051643192,1.04064039408867,1.0354166666666667,-0.017478152309612985,-0.03550295857988166,,
2020,58,-0.0168878166465621,-0.0164679159568427,-0.0125074449076831,0.0073529411764705,-0.0168878166465621,0.0,1.0802139037433156,1.056470588235294,1.1044386422976502,1.2901134521880064,-0.08021390374331551,-0.04491725768321513,,
2020,59,0.0094535393128891,-0.0280962013935716,0.0039351851851852,-0.0190582959641255,0.0,0.0094535393128891,1.0909090909090908,1.0452488687782806,1.0974025974025974,1.0811594202898551,-0.09090909090909091,0.011834319526627219,,
2020,60,-0.0165169516082295,-0.01364522417154,-0.0165289256198346,0.0051444400474871,-0.0165169516082295,0.0,1.026622296173045,0.99581589958159,1.0224,1.032994923857868,-0.026622296173044926,-0.03442879499217527,,
2020,61,-0.0035637918745545,-0.0304054054054053,-0.0140548137737175,-0.002015875015749,-0.0035637918745545,0.0,1.014388489208633,1.0169491525423728,1.075268817204301,1.0294985250737463,-0.014388489208633094,-0.06,,
2020,62,0.0023391812865496,-0.0046056419113413,-0.0144092219020173,0.0073170731707317,0.0,0.0023391812865496,1.0695652173913044,1.045822102425876,1.0515759312320916,1.0378457059679767,-0.06956521739130435,0.005449591280653951,,
2020,63,-0.0010106114199089,-0.0219151977131967,-0.0212660731948566,-0.0125786163522012,-0.0010106114199089,0.0,1.1008771929824561,1.0703125,1.0283400809716599,1.0564516129032258,-0.10087719298245613,-0.011811023622047244,,
2020,64,-0.0064585575888052,-0.0158394931362196,0.0158556588299616,-0.0099304865938431,-0.0064585575888052,0.0,1.1297935103244838,1.117816091954023,1.1232091690544412,1.0304054054054055,-0.12979351032448377,-0.02295918367346939,,
2020,1101,0.022363251737685,0.0065389645357334,0.0113080684596575,0.0115593834995466,0.0,0.022363251737685,1.0219672131147541,1.0261797026502908,1.022357074417119,1.1440559440559441,-0.021967213114754098,-0.026241799437675725,,
2020,1102,0.0106232294617563,0.0056537102473497,-0.0007077140835102,-0.0115254237288136,0.0,0.0106232294617563,1.033112582781457,1.0247678018575852,1.0,1.0458715596330275,-0.033112582781456956,-0.034055727554179564,,
2020,1103,0.0018256503879507,0.0070126227208975,0.0055071133547499,-0.0016899028305872,0.0,0.0018256503879507,1.0394088669950738,1.0458937198067633,1.0792079207920793,1.0363849765258215,-0.03940886699507389,-0.03211009174311927,,
2020,1104,0.0226920251408049,0.0086671154493436,0.0153323388032486,0.0038180082723513,0.0,0.0226920251408049,1.016282225237449,1.0216666666666667,1.014089231801409,1.0074349442379182,-0.016282225237449117,-0.008931524975190208,,
2020,1105,-0.002004008016032,0.0013461969934933,-0.0006675567423231,0.0041369800045967,-0.002004008016032,0.0,1.0335861321776816,1.0158910329171396,1.0547486033519553,1.0094438614900314,-0.03358613217768147,0.01059322033898305,,
2020,1106,0.0240524176826739,0.0129205688518903,0.0233406891868952,0.0049566294919454,0.0,0.0240524176826739,1.02587890625,1.032967032967033,1.0357660705654905,0.9540816326530612,-0.02587890625,-0.01959869342043864,,
2020,1107,0.0023826542768643,0.0156211862338295,0.0059923298178332,-0.0134154387508247,0.0,0.0023826542768643,1.0283114256825077,1.0323232323232323,1.037037037037037,1.0442105263157895,-0.028311425682507583,-0.01833976833976834,,
2020,1108,0.0191938579654511,-0.0145099904852521,0.0028873917228104,-0.0053662463107057,0.0,0.0191938579654511,1.0222897669706181,1.0300429184549356,1.0203045685279188,1.2,-0.022289766970618033,0.003980099502487562,,
2020,1109,0.0142750168940515,0.0023698849069784,0.0049335403658308,0.0102593331433455,0.0,0.0142750168940515,1.0185351428420553,1.021802663907927,1.018373042534498,1.125456760048721,-0.018535142842055236,-0.021137303661600142,,
2020,1110,-0.0083333333333333,-0.0027447392497712,-0.0073529411764705,0.0041566746602716,-0.0083333333333333,0.0,1.0299625468164795,1.049429657794677,1.038022813688213,1.0940959409594095,-0.0299625468164794,0.007326007326007326,,
2020,1111,0.0016042780748664,0.0005405405405405,0.0146500271296798,0.0048904354368475,0.0,0.0016042780748664,1.0637450199203187,1.0491803278688525,1.069672131147541,0.9672762271414822,-0.06374501992031872,0.022988505747126436,,
2020,1112,0.0288647810925997,0.0133567662565905,0.0168423126169605,0.0218878248974008,0.0,0.0288647810925997,1.0138193124892037,1.011139240506329,1.0191266079891672,1.1822916666666667,-0.013819312489203662,-0.02524497591762166,,
2020,1113,0.0143740464145185,0.0082515058998267,0.0111237414745046,0.0126079618782883,0.0,0.0143740464145185,1.0350287907869482,1.042089985486212,1.03171552138395,1.0943856794141578,-0.03502879078694818,0.004657661853749418,,
2020,1114,0.02550958871065,0.0073943875386386,0.0039961249697262,0.0048406615570795,0.0,0.02550958871065,1.0247685764323242,1.0352467270896273,1.0231014991398377,1.0340425531914894,-0.024768576432324243,-0.01609416286331972,,
2020,1115,0.0154090337940613,0.0030144694533762,0.0067913975630866,0.0060673475578925,0.0,0.0154090337940613,1.0419776119402986,1.0404545454545455,1.0217292892711634,1.0087260034904013,-0.04197761194029851,-0.0101905183872397,,
2020,2401,0.0073170731707317,-0.0209905660377358,-0.0065422825296825,0.0139933166248955,0.0,0.0073170731707317,1.0378457059679767,1.0486202365308803,1.0408163265306123,1.0229419703103915,-0.03784570596797671,-0.06797385620915032,,
2020,2402,-0.0134154387508247,-0.0150583244962884,-0.0140936686903729,-0.0038436899423446,-0.0134154387508247,0.0,1.0442105263157895,1.0259117082533589,1.0468909276248726,1.0061349693251533,-0.04421052631578947,-0.034079844206426485,,
2020,2403,-0.002129471890971,-0.0064935064935064,-0.005295488244016,-0.00634765625,-0.002129471890971,0.0,1.0153508771929824,1.0346320346320346,1.0571428571428572,1.0627177700348431,-0.015350877192982455,-0.037422037422037424,,
2020,2404,0.0118644067796609,-0.0242326332794829,-0.0025359256128486,-0.0045738045738045,0.0,0.0118644067796609,0.9919678714859438,1.0038022813688212,1.0583333333333333,1.028169014084507,0.008032128514056224,-0.027559055118110236,,
2020,2405,-0.0125371865703357,-0.0231768231768231,-0.0171261487050961,-0.0130404941660947,-0.0125371865703357,0.0,1.0425531914893618,1.0214067278287462,1.055793991416309,0.9576547231270358,-0.0425531914893617,-0.05386178861788618,,
2020,2406,-0.0146750524109015,-0.0081383519837232,-0.0154798761609906,-0.0060240963855421,-0.0146750524109015,0.0,1.2641509433962264,1.15,1.2098765432098766,0.9882413087934561,-0.2641509433962264,0.025510204081632654,,
2020,2407,-0.0066555740432612,-0.017989417989418,-0.0163666121112929,-0.0003110419906687,-0.0066555740432612,0.0,1.0513513513513513,1.0833333333333333,1.1263440860215055,1.0714285714285714,-0.051351351351351354,-0.07159904534606205,,
2020,2408,0.0063643595863165,-0.0226757369614512,-0.0125687352710133,-0.0079893475366178,0.0,0.0063643595863165,1.0585585585585586,1.0472103004291846,1.0818181818181818,1.116182572614108,-0.05855855855855856,-0.012605042016806723,,
2020,2409,0.001866368047779,-0.0158964879852125,0.0014953271028037,-0.0004650730164635,0.0,0.001866368047779,1.0,1.0194805194805194,1.0482573726541555,1.0365699873896594,0.0,-0.024296675191815855,,
2020,2410,0.0048904354368475,-0.0061199510403916,0.0083451872925557,0.0183037585580549,0.0,0.0048904354368475,0.9672762271414822,0.9669573198715007,1.0398230088495575,1.0177793476981043,0.032723772858517804,-0.04964539007092199,,
2020,2411,0.010612244897959,-0.0418569254185692,-0.0120967741935483,0.0118644067796609,0.0,0.010612244897959,0.97,0.9765395894428153,1.009933774834437,0.9919678714859438,0.03,-0.04590163934426229,,
2020,2412,-0.0117757889778614,-0.0227169468423443,-0.0148491879350347,-0.0198135198135198,-0.0117757889778614,0.0,1.0302197802197801,1.069879518072289,1.0989583333333333,1.0205338809034907,-0.03021978021978022,-0.11137440758293839,,
2020,2413,0.0075539288217427,-0.0091835159746874,-0.0012444582717585,0.012722035525684,0.0,0.0075539288217427,1.0552763819095476,1.0571428571428572,1.079749478079332,1.1404199475065617,-0.05527638190954774,-0.025522041763341066,,
2020,2414,0.0028011204481792,-0.0027510316368638,0.0042194092827003,-0.0007889546351085,0.0,0.0028011204481792,1.0682730923694779,1.0601503759398496,1.089795918367347,1.039906103286385,-0.06827309236947791,-0.003745318352059925,,
2020,2415,-0.0099304865938431,-0.0274223034734917,-0.0175609756097561,0.001866368047779,-0.0099304865938431,0.0,1.0304054054054055,1.0160771704180065,1.0439189189189189,1.0,-0.030405405405405407,-0.012944983818770227,,
2020,2701,-0.0077605321507761,-0.0176715176715176,-0.0227518959913326,0.001970928800197,-0.0077605321507761,0.0,1.0467836257309941,0.9842105263157894,1.0508474576271187,1.3101604278074865,-0.04678362573099415,-0.03763440860215054,,
2020,2702,0.0007038948850304,-0.0200848024994421,-0.0136542467021523,0.0190077319587629,0.0,0.0007038948850304,1.0452781371280724,1.0222482435597189,1.0592020592020592,1.0918079096045197,-0.045278137128072445,-0.018226002430133656,,
2020,2703,0.0082034454470878,-0.0364464692482915,-0.020096463022508,-0.002004008016032,0.0,0.0082034454470878,1.0432432432432432,1.0346534653465347,1.0585106382978724,1.0335861321776816,-0.043243243243243246,-0.03015075376884422,,
2020,2704,0.0081833060556464,-0.0195360195360195,0.0065897858319605,-0.0113168724279835,0.0,0.0081833060556464,1.116182572614108,1.0614334470989761,1.11284046692607,1.075,-0.11618257261410789,-0.05944055944055944,,
2020,2705,0.0005124263387137,-0.0116044399596367,-0.0025555839509328,0.0093099671412923,0.0,0.0005124263387137,1.0181451612903225,1.0139794967381175,1.0323886639676114,1.0198019801980198,-0.018145161290322582,-0.00980392156862745,,
2020,2706,-0.002015875015749,-0.0043220548283526,-0.0108424725822532,0.000675584380489,-0.002015875015749,0.0,1.0294985250737463,1.026580459770115,1.0258493353028064,1.010502625656414,-0.029498525073746312,0.005039596832253419,,
2020,2707,-0.0073764445537251,-0.0140130466296206,-0.0017182130584192,-0.0038570326562098,-0.0073764445537251,0.0,1.0430906389301635,0.9827127659574468,1.0576070901033974,1.0700934579439252,-0.04309063893016345,-0.019553072625698324,,
2020,2708,-0.0100671140939597,-0.0199166280685502,-0.006193425440686,0.0029695619896066,-0.0100671140939597,0.0,1.01628664495114,1.0574018126888218,1.0655737704918034,1.0505494505494506,-0.016286644951140065,-0.04,,
2020,2709,-0.0104748603351955,-0.0226063829787234,-0.0083102493074792,0.015015015015015,-0.0104748603351955,0.0,1.0299145299145298,0.9745454545454545,1.040485829959514,1.0635451505016722,-0.029914529914529916,-0.0622568093385214,,
2020,2710,-0.0118343195266271,-0.0175605125771238,-0.0179176755447941,0.0152631578947368,-0.0118343195266271,0.0,1.0633187772925765,0.9925373134328358,1.0277185501066097,1.0870646766169154,-0.06331877729257641,0.01037344398340249,,
2020,2711,0.0060673475578925,-0.0105336380800954,-0.0008083257552793,-0.0154043645699615,0.0,0.0060673475578925,1.0087260034904013,1.0032345013477089,1.048470859780727,1.0394736842105263,-0.008726003490401396,-0.04567969179966978,,
2020,2712,0.0093099671412923,-0.0150375939849624,0.0060606060606061,-0.0099370652533952,0.0,0.0093099671412923,1.0198019801980198,1.008955223880597,1.0912162162162162,1.0968379446640317,-0.019801980198019802,-0.043343653250773995,,
2020,2713,0.0031796502384737,-0.0143614670790985,-0.0110062893081761,0.0047281323877068,0.0,0.0031796502384737,1.080373831775701,1.0615942028985508,1.0924528301886793,1.0452830188679245,-0.08037383177570094,-0.0017271157167530224,,
2020,2714,0.0050188205771644,-0.0042604990870359,-0.0065440947335618,0.0151515151515151,0.0,0.0050188205771644,1.0352673492605233,0.9865563598759048,1.0699638118214716,1.0736377025036818,-0.03526734926052332,0.02593010146561443,,
2020,2715,0.0046829971181556,-0.00608228980322,-0.0053744177714081,-0.0071090047393365,0.0,0.0046829971181556,1.0062111801242235,1.011090573012939,0.9665271966527197,1.0725274725274725,-0.006211180124223602,0.05194805194805195,,
2020,2716,-0.0217391304347825,-0.0156918687589158,-0.0162241887905604,0.0052649456521738,-0.0217391304347825,0.0,1.058252427184466,1.00418410041841,1.0180995475113122,0.9880382775119617,-0.05825242718446602,-0.03111111111111111,,
2020,2717,0.0017286084701815,-0.0214521452145214,-0.0174097664543524,-0.0010275145564562,0.0,0.0017286084701815,1.0406189555125724,1.0464716006884682,1.0378787878787878,1.1151213441194774,-0.04061895551257253,-0.01824817518248175,,
2020,2718,0.0003713330857779,-0.0114818801578758,-0.0081031307550644,-0.0008528784648187,0.0,0.0003713330857779,0.9945750452079566,1.0431778929188256,1.0533088235294117,1.0762331838565022,0.0054249547920434,-0.04013961605584642,,
2020,2801,0.0022883295194509,-0.0269978401727861,-0.0179775280898876,0.0101465614430664,0.0,0.0022883295194509,1.0920245398773005,1.03954802259887,1.1393939393939394,1.0874524714828897,-0.09202453987730061,-0.05319148936170213,,
2020,2802,0.0076404494382023,-0.014647137150466,-0.0058087578194816,-0.0077958894401134,0.0,0.0076404494382023,1.1386861313868613,1.1050847457627118,1.1118881118881119,1.0696864111498259,-0.1386861313868613,-0.018867924528301886,,
2020,2803,-0.0038436899423446,-0.0160394818013571,-0.0088888888888888,0.0041121495327103,-0.0038436899423446,0.0,1.0061349693251533,1.0053475935828877,1.0347826086956522,1.0411392405063291,-0.006134969325153374,-0.08123249299719888,,
2020,2804,0.005406195207481,-0.0114095898324667,0.0002923121894182,0.0004982561036372,0.0,0.005406195207481,1.0729431721798135,1.0706671930517173,1.0682372055239642,1.0134443021766966,-0.0729431721798134,-0.03802281368821293,,
2020,2805,-0.0038570326562098,-0.0307804168686378,-0.0101807075591753,0.0144346431435444,-0.0038570326562098,0.0,1.0700934579439252,1.0670103092783505,1.0699708454810495,1.0784313725490196,-0.07009345794392523,-0.06403269754768393,,
2020,2806,-0.0115254237288136,-0.015625,-0.0080699394754539,0.0082034454470878,-0.0115254237288136,0.0,1.0458715596330275,1.0326530612244897,1.0355555555555556,1.0432432432432432,-0.045871559633027525,-0.02145922746781116,,
2020,2807,-0.0015959144589849,-0.0123915737298636,-0.0126063662149384,0.0240524176826739,-0.0015959144589849,0.0,1.0382916053019147,1.0554785020804438,1.0625909752547307,1.02587890625,-0.03829160530191458,-0.03424657534246575,,
2020,2808,0.0010085728693898,-0.0242468772961057,0.0063435676224308,-0.0063467885250063,0.0,0.0010085728693898,1.0170394036208732,1.0292397660818713,1.0081053698074975,1.021472392638037,-0.01703940362087327,-0.04020100502512563,,
2020,2809,-0.0207202762703502,-0.0343045112781954,-0.0049091801669121,0.0075841657417683,-0.0207202762703502,0.0,1.0574412532637076,1.0558252427184467,1.0670103092783505,1.0031305903398926,-0.057441253263707574,-0.021739130434782608,,
2020,2810,0.0218878248974008,-0.0054757015742642,0.000684462696783,0.0,0.0,0.0218878248974008,1.1822916666666667,1.1336633663366336,1.1073170731707318,1.113879003558719,-0.18229166666666666,0.0,,
2020,2811,0.0091743119266054,-0.0142679900744416,-0.0006323110970597,0.0063643595863165,0.0,0.0091743119266054,1.0809628008752736,1.080482897384306,1.1327623126338329,1.0585585585585586,-0.08096280087527352,-0.0661625708884688,,
2020,2812,-0.0212765957446808,-0.0106044538706256,0.0032017075773747,0.0032030749519538,-0.0212765957446808,0.0,1.0364583333333333,1.0568720379146919,1.0541871921182266,1.1044776119402986,-0.036458333333333336,-0.07009345794392523,,
2020,2813,0.0027812543457099,-0.0114678899082568,-0.0040166204986149,-0.0083333333333333,0.0,0.0027812543457099,1.0307692307692307,1.0135593220338983,1.0511791269443052,1.0299625468164795,-0.03076923076923077,-0.07255369928400955,,
2020,2814,-0.0045569620253164,-0.0225338007010516,0.0071392146863844,0.0010085728693898,-0.0045569620253164,0.0,1.0550161812297734,1.0514285714285714,1.0442477876106195,1.0170394036208732,-0.05501618122977346,-0.07909604519774012,,
2020,2815,0.0051989849600793,-0.0130980534837183,0.0013634955066625,0.0158686730506156,0.0,0.0051989849600793,1.0454426057262938,1.0258939580764488,1.0349524543819069,1.8360655737704918,-0.04544260572629367,-0.011671219269927986,,
2020,2816,-0.0012300123001229,-0.0245739199365834,-0.0069218241042344,0.0078644067796609,-0.0012300123001229,0.0,1.024390243902439,1.0285714285714285,1.058673469387755,1.0405105438401776,-0.024390243902439025,-0.0891566265060241,,
2020,2817,0.0041121495327103,-0.0085122131754256,0.0052611800075159,0.0172684458398744,0.0,0.0041121495327103,1.0411392405063291,1.035663338088445,1.0237037037037038,1.1739910313901345,-0.04113924050632911,-0.04775687409551375,,
2020,2818,-0.0022522522522522,-0.0404255319148936,-0.0044843049327354,0.0124285359184688,-0.0022522522522522,0.0,1.0476190476190477,1.0441988950276244,1.1349693251533743,1.0948616600790513,-0.047619047619047616,-0.04864864864864865,,
2020,2819,0.0046576618537494,-0.0062808434275459,-0.0087719298245614,0.0059325176121616,0.0,0.0046576618537494,1.0222634508348794,1.0274442538593482,1.0863039399624765,1.1691331923890063,-0.022263450834879406,-0.04835924006908463,,
2020,3201,-0.0128015755785327,-0.015972894482091,-0.0004921259842519,-0.0053643272239606,-0.0128015755785327,0.0,1.0743099787685775,1.0617760617760619,1.129511677282378,1.1776649746192893,-0.07430997876857749,-0.04887218045112782,,
2020,3202,0.0029785029785029,-0.0119974473516273,0.0050761421319796,0.0103678929765886,0.0,0.0029785029785029,0.9698354661791591,1.0104666375926734,1.0306530430919592,1.06368330464716,0.03016453382084095,-0.0853448275862069,,
2020,3203,0.0075757575757575,-0.0123053741838272,0.0015174506828528,0.0071455434373823,0.0,0.0075757575757575,0.9739952718676123,0.98,1.0,1.0818330605564648,0.026004728132387706,-0.07207207207207207,,
2020,3204,-0.0003110419906687,-0.0006182380216382,0.0034332084893882,0.0090718771807396,-0.0003110419906687,0.0,1.0714285714285714,1.0699088145896656,1.1094771241830066,1.2876712328767124,-0.07142857142857142,-0.09425625920471281,,
2020,3205,0.0099166103222898,-0.0042629571460623,0.0029385171790234,-0.0036131183991106,0.0,0.0099166103222898,1.0,0.990613266583229,1.0279583875162548,1.0633663366336634,0.0,-0.06072106261859583,,
2020,3206,-0.001569448077426,-0.001837752690995,0.0065824117956818,-0.0117548278757346,-0.001569448077426,0.0,0.9968652037617555,0.9981532779316713,1.0369261477045908,1.0430906389301635,0.003134796238244514,-0.08180943214629452,,
2020,3207,-0.0039725532683279,-0.015032456440041,-0.0103645461043602,0.0072655217965653,-0.0039725532683279,0.0,0.9947423764458465,1.0201729106628241,1.0049652432969216,1.0881057268722467,0.005257623554153523,-0.06521739130434782,,
2020,3208,-0.0050600885515496,-0.0073778051029819,-0.0040944881889763,0.0018154311649016,-0.0050600885515496,0.0,0.98193315266486,0.9936993699369937,0.9905254091300603,1.020356234096692,0.018066847335140017,-0.05478260869565217,,
2020,3209,-0.0039904229848364,-0.0139534883720929,0.0,-0.0039725532683279,-0.0039904229848364,0.0,1.072538860103627,1.0744416873449132,1.059850374064838,0.9947423764458465,-0.07253886010362694,-0.02588235294117647,,
2020,3210,0.0041369800045967,-0.0091240875912408,0.0085767269355585,0.0023084025854109,0.0,0.0041369800045967,1.0094438614900314,1.0494949494949495,1.0140280561122244,0.9715762273901809,-0.00944386149003148,-0.04940711462450593,,
2020,3211,0.0131949331456719,-0.0137433430682013,-0.0028070175438597,0.0041994750656169,0.0,0.0131949331456719,1.0087542087542087,1.0607805502239283,1.0324044069993519,0.9713457823567289,-0.008754208754208754,-0.05963590709353421,,
2020,3212,0.0040383644623926,-0.0134836969845549,-0.0030196275792652,0.0041899441340782,0.0,0.0040383644623926,0.9892021595680864,0.9924764890282132,1.0244047619047618,1.0505050505050506,0.010797840431913617,-0.041836141778036025,,
2020,3213,-0.0062592047128129,-0.0208183776022972,0.0025839793281654,-0.0031864046733934,-0.0062592047128129,0.0,1.034134007585335,1.0456508328192473,1.022115959354453,1.0225988700564972,-0.03413400758533502,-0.04327485380116959,,
2020,3214,-0.0078475336322869,-0.0229700854700855,-0.0094392004441976,0.0154090337940613,-0.0078475336322869,0.0,0.9788519637462235,1.0070621468926553,1.0224550898203593,1.0419776119402986,0.021148036253776436,-0.05124450951683748,,
2020,3215,0.0115774240231547,-0.0098804780876493,0.0040361640297061,-0.0056700318074954,0.0,0.0115774240231547,0.9954973393368809,0.985249621785174,0.9893575088687426,1.0306211723534557,0.0045026606631191155,-0.031075697211155377,,
2020,3216,0.0074802661486961,-0.0021680216802167,0.0072011322011322,0.0121470781352592,0.0,0.0074802661486961,1.0032064128256513,1.0192982456140351,1.021604938271605,1.0952978056426332,-0.0032064128256513026,-0.0547583081570997,,
2020,3217,-0.0060240963855421,-0.0192450037009622,-0.0212765957446808,-0.0101960784313726,-0.0060240963855421,0.0,0.9882413087934561,1.0181543116490166,1.0043062200956938,1.1223628691983123,0.011758691206543968,-0.07908527870414483,,
2020,3218,0.0041994750656169,-0.0118743615934626,-0.0024872365492865,0.0120518688024409,0.0,0.0041994750656169,0.9713457823567289,1.010928961748634,0.9957264957264957,1.0646817248459959,0.02865421764327109,-0.07510729613733906,,
2020,3219,0.0031126202603282,-0.0180255130338324,0.0008496176720476,0.0055803571428572,0.0,0.0031126202603282,1.0074906367041199,1.0537757437070938,1.0250596658711217,1.017478152309613,-0.00749063670411985,-0.06053550640279395,,
2020,3220,-0.0019637791839406,-0.0239273927392739,-0.0122844827586207,0.0006443298969072,-0.0019637791839406,0.0,0.9895833333333334,1.0065897858319606,1.0073239436619719,1.0178571428571428,0.010416666666666666,-0.0436241610738255,,
2020,3221,-0.0028726460261729,-0.0163731850478838,-0.0079164027865737,0.0089285714285713,-0.0028726460261729,0.0,1.018888888888889,1.0260145681581685,1.030905077262693,1.0964467005076142,-0.01888888888888889,-0.018201284796573874,,
2020,3222,0.0021148036253777,-0.0061529446234983,-0.0054086538461538,0.0050188205771644,0.0,0.0021148036253777,1.0075431034482758,1.0154015401540153,1.0072967338429466,1.0352673492605233,-0.007543103448275862,-0.032424974129010006,,
2020,4401,-0.0130404941660947,-0.0179487179487179,-0.0228034875922199,-0.0056432108718185,-0.0130404941660947,0.0,0.9576547231270358,0.9830985915492958,1.0278637770897834,0.9962121212121212,0.04234527687296417,-0.1144578313253012,,
2020,4402,0.0,-0.0185103569854561,-0.00314889788574,0.0030461520777056,0.0,0.0,1.0063157894736843,1.0439121756487026,1.03099173553719,1.0314761215629522,-0.00631578947368421,-0.04208416833667335,,
2020,4403,-0.0071090047393365,-0.0137370339220633,-0.02031340684852,0.0055946580039702,-0.0071090047393365,0.0,1.0725274725274725,1.0508130081300813,1.022316684378321,1.0252631578947369,-0.07252747252747253,0.014553014553014554,,
2020,4404,-0.0129506475323766,-0.0275139207337045,-0.018213058419244,-0.0008628127696289,-0.0129506475323766,0.0,1.060674157303371,1.0132575757575757,1.0673684210526315,1.066079295154185,-0.060674157303370786,-0.06903353057199212,,
2020,4405,0.0052649456521738,0.000514050719671,0.0071843995894629,-0.0015959144589849,0.0,0.0052649456521738,0.9880382775119617,0.9631578947368421,1.0035128805620608,1.0382916053019147,0.011961722488038277,-0.03617269544924154,,
2020,4406,-0.0124740124740124,-0.0060422960725075,-0.0102880658436214,-0.0052525252525252,-0.0124740124740124,0.0,1.1993127147766323,1.1632047477744807,1.2380952380952381,0.9975186104218362,-0.19931271477663232,-0.04120879120879121,,
2020,4407,0.0007030700726504,-0.0162397072278133,-0.008366256100395,0.0029785029785029,0.0,0.0007030700726504,1.0132304299889747,1.0179461615154537,1.0476190476190477,0.9698354661791591,-0.013230429988974642,-0.0506198347107438,,
2020,4408,-0.0031864046733934,-0.0343607882769075,0.0037313432835821,-0.013548951048951,-0.0031864046733934,0.0,1.0225988700564972,1.0423076923076924,1.008130081300813,1.0315985130111525,-0.022598870056497175,-0.026881720430107527,,
2020,4409,0.0070864873570624,-0.0032133676092545,0.0022598870056496,0.0052390307793057,0.0,0.0070864873570624,1.0292792792792793,1.003988035892323,1.048368953880765,1.0222841225626742,-0.02927927927927928,-0.019313304721030045,,
2020,4410,0.0075841657417683,-0.0029498525073746,0.0052998605299861,0.0081833060556464,0.0,0.0075841657417683,1.0031305903398926,1.0352459016393443,1.0033898305084745,1.116182572614108,-0.0031305903398926656,-0.052787162162162164,,
2020,4411,-0.0004650730164635,-0.0026934150645491,0.0023307850083909,-0.0081967213114754,-0.0004650730164635,0.0,1.0365699873896594,1.032447224394058,1.0342666109486,1.1298076923076923,-0.03656998738965952,-0.0036363636363636364,,
2020,4412,0.0020371386037765,-0.0101585347083269,-0.0025789309159112,-0.0117757889778614,0.0,0.0020371386037765,1.0276479750778815,1.0224598930481283,1.0096296296296297,1.0302197802197801,-0.02764797507788162,-0.031914893617021274,,
2020,4413,0.0079219987812308,0.0004910988336401,0.0066249539933751,-0.0028050490883591,0.0,0.0079219987812308,1.0248033877797944,1.0298850574712644,1.0684848484848486,1.1923076923076923,-0.024803387779794312,-0.039137833238797506,,
2020,4414,-0.0045008183306055,-0.0164460489370236,0.0053475935828877,0.005461993627674,-0.0045008183306055,0.0,1.0654911838790933,0.975929978118162,1.0467980295566504,1.091970802919708,-0.0654911838790932,-0.004705882352941176,,
2020,4415,-0.0060120240480961,-0.0308758664146188,-0.0144832126398947,0.0100632547441057,-0.0060120240480961,0.0,1.0386363636363636,1.0383064516129032,1.0305676855895196,1.1515957446808511,-0.038636363636363635,-0.03177966101694915,,
2020,4416,-0.0065843621399176,-0.0103174603174602,-0.0149979732468585,0.0288647810925997,-0.0065843621399176,0.0,1.0488656195462478,1.0204081632653061,1.018739352640545,1.0138193124892037,-0.04886561954624782,0.005016722408026756,,
2020,4417,-0.0096105209914011,-0.0108055009823182,-0.0080280983442047,0.0048235036176276,-0.0096105209914011,0.0,1.0059171597633136,0.989492119089317,1.0095238095238095,1.324468085106383,-0.005917159763313609,-0.03773584905660377,,
2020,4418,0.0032119914346895,-0.0016,0.0064655172413792,-0.0146750524109015,0.0,0.0032119914346895,1.0354166666666667,1.0529531568228105,1.0356394129979036,1.2641509433962264,-0.035416666666666666,0.006072874493927126,,
2020,4419,-0.0007889546351085,-0.0058027079303675,-0.0035377358490565,-0.0030284675953967,-0.0007889546351085,0.0,1.039906103286385,0.9842209072978304,1.0528735632183908,1.0299145299145298,-0.03990610328638498,-0.03275109170305677,,
2020,4420,-0.0055309734513274,-0.0159801136363636,-0.008046817849305,0.0136529296327445,-0.0055309734513274,0.0,1.0330882352941178,1.0618729096989967,1.0249110320284698,1.0570279928528887,-0.03308823529411765,-0.024305555555555556,,
2020,4421,-0.0185893931109896,-0.0163761225567882,-0.0081344902386116,-0.0060120240480961,-0.0185893931109896,0.0,1.0202839756592292,1.0265957446808511,1.0059055118110236,1.0386363636363636,-0.02028397565922921,-0.015655577299412915,,
2020,4422,-0.0052525252525252,-0.0162763001190948,0.0016187778227438,-0.0050600885515496,-0.0052525252525252,0.0,0.9975186104218362,0.9933481152993349,1.0341463414634147,0.98193315266486,0.0024813895781637717,-0.05188679245283019,,
2020,4423,0.0095130980833215,-0.0084370484314547,0.0039520112914608,0.0323851203501093,0.0,0.0095130980833215,0.9889814565976888,1.0017939518195798,1.0010540184453227,1.1803713527851458,0.011018543402311207,-0.03132403264016847,,
2020,4424,-0.0094679038060973,-0.0137262079062957,-0.0060229625447016,-0.0217391304347825,-0.0094679038060973,0.0,1.003003003003003,1.0208791208791208,1.0075014425851125,1.058252427184466,-0.003003003003003003,-0.043528064146620846,,
2020,4425,0.0004982561036372,-0.0184976676853787,-0.0069272637308263,0.0152079453755431,0.0,0.0004982561036372,1.0134443021766966,1.0511432009626955,1.0648854961832062,1.055879494655005,-0.013444302176696543,-0.05436081242532855,,
2020,4426,0.0052390307793057,-0.0256089943785133,-0.0084415584415584,0.0131949331456719,0.0,0.0052390307793057,1.0222841225626742,1.0233160621761659,1.002659574468085,1.0087542087542087,-0.022284122562674095,-0.026525198938992044,,
2020,4427,-0.013548951048951,-0.0236416424720032,-0.0120898100172711,0.0028877887788778,-0.013548951048951,0.0,1.0315985130111525,1.0408163265306123,1.0415944540727904,1.1325301204819278,-0.031598513011152414,-0.07653910149750416,,
2020,5201,0.0028877887788778,-0.0106907894736841,0.0024813895781636,0.0027812543457099,0.0,0.0028877887788778,1.1325301204819278,1.075,1.067448680351906,1.0307692307692307,-0.13253012048192772,0.03296703296703297,,
2020,5202,0.0152079453755431,-0.0082781456953642,0.006770128111655,0.0159876509179117,0.0,0.0152079453755431,1.055879494655005,1.0454760776882994,1.0625,1.069927536231884,-0.05587949465500486,-0.0167420814479638,,
2020,5203,0.0048235036176276,-0.0104008667388949,0.0077330976579761,-0.0129506475323766,0.0,0.0048235036176276,1.324468085106383,1.3142857142857143,1.3505535055350553,1.060674157303371,-0.324468085106383,0.020491803278688523,,
2020,5204,-0.0125786163522012,-0.0112244897959183,-0.0093457943925233,-0.0035505059470974,-0.0125786163522012,0.0,1.0564516129032258,1.0285714285714285,1.054263565891473,1.0608919382504287,-0.056451612903225805,-0.03676470588235294,,
2020,5205,0.0144346431435444,-0.0227987421383647,0.0113544201135442,-0.0074487895716945,0.0,0.0144346431435444,1.0784313725490196,1.0580357142857142,1.061611374407583,1.1440677966101696,-0.0784313725490196,-0.017857142857142856,,
2020,5206,-0.000621632822213,-0.0136026380873865,0.002492729538845,-0.0100671140939597,-0.000621632822213,0.0,1.0918032786885246,1.028860028860029,1.0644122383252819,1.01628664495114,-0.09180327868852459,0.007564296520423601,,
2020,5207,0.0059325176121616,-0.037169406719085,0.0033482142857141,-0.0043215211754538,0.0,0.0059325176121616,1.1691331923890063,1.127134724857685,1.1728395061728396,1.1253263707571801,-0.16913319238900634,-0.02982456140350877,,
2020,5208,-0.0095729013254786,-0.0146137787056367,-0.0123636363636363,0.0106543138390271,-0.0095729013254786,0.0,1.078740157480315,1.055350553505535,1.0923694779116466,1.1001317523056653,-0.07874015748031496,0.007352941176470588,,
2020,5209,0.0119965724078834,-0.0351157222665602,-0.0068085106382979,0.0042316847394869,0.0,0.0119965724078834,1.0867768595041323,1.0036496350364963,1.073469387755102,1.024390243902439,-0.08677685950413223,0.0,,
2020,5210,0.005461993627674,-0.0006975122064636,0.0126757317354229,-0.002129471890971,0.0,0.005461993627674,1.091970802919708,1.0776836158192091,1.1238805970149253,1.0153508771929824,-0.09197080291970802,-0.006640106241699867,,
2020,5211,0.0041605482134117,-0.015730880929332,0.0046717482173592,0.0138956212635321,0.0,0.0041605482134117,1.0925196850393701,1.0514705882352942,1.0593869731800767,1.040133779264214,-0.09251968503937008,0.003616636528028933,,
2020,5212,-0.0040958173017252,-0.0184026942506615,-0.0013634110064452,0.0051989849600793,-0.0040958173017252,0.0,1.0665212649945475,1.0346611484738748,1.0774647887323943,1.0454426057262938,-0.06652126499454744,-0.016591251885369532,,
2020,5213,0.0100632547441057,-0.0011771630370805,0.011046511627907,-0.006733578960742,0.0,0.0100632547441057,1.1515957446808511,1.1323155216284988,1.174863387978142,1.1147679324894515,-0.15159574468085107,0.0069767441860465115,,
2020,5214,0.031363088057901,-0.0151636073423783,0.0081070125658695,-0.0168878166465621,0.0,0.031363088057901,1.2412698412698413,1.1331521739130435,1.2760736196319018,1.0802139037433156,-0.24126984126984127,-0.06009615384615385,,
2020,5215,-0.0074487895716945,-0.0357967667436489,-0.0073937153419593,0.0005124263387137,-0.0074487895716945,0.0,1.1440677966101696,1.0804597701149425,1.065040650406504,1.0181451612903225,-0.1440677966101695,0.030534351145038167,,
2020,5216,0.0176902402824019,0.0026863944453627,0.0151070934115156,0.0095130980833215,0.0,0.0176902402824019,1.086629944917376,1.0750183868595244,1.090543259557344,0.9889814565976888,-0.08662994491737606,0.0009225092250922509,,
2020,5217,0.0117773019271949,-0.0064481461579796,0.0202075368651011,-0.0066555740432612,0.0,0.0117773019271949,1.1433333333333333,1.1705685618729098,1.202020202020202,1.0513513513513513,-0.14333333333333334,-0.0392156862745098,,
2020,5218,-0.0081967213114754,-0.0137362637362636,0.0036563071297988,0.0074822788133368,-0.0081967213114754,0.0,1.1298076923076923,1.0389610389610389,1.045045045045045,1.0331658291457286,-0.12980769230769232,0.01293103448275862,,
2020,5219,0.0085003035822708,-0.0127253446447508,0.0085731781996325,0.0191938579654511,0.0,0.0085003035822708,1.1646825396825398,1.1645445641527914,1.155053974484789,1.0222897669706181,-0.16468253968253968,-0.002548853016142736,,
2020,5220,-0.0039473684210525,-0.0314569536423841,-0.0065359477124182,-0.0045569620253164,-0.0039473684210525,0.0,1.1425531914893616,1.0889328063241106,1.1577825159914712,1.0550161812297734,-0.1425531914893617,-0.011049723756906077,,
2020,5221,0.0089285714285713,-0.0186915887850467,-0.0194552529182879,0.0023826542768643,0.0,0.0089285714285713,1.0964467005076142,1.0858585858585859,1.1044776119402986,1.0283114256825077,-0.09644670050761421,-0.02702702702702703,,
2020,5301,0.0090718771807396,-0.0072815533980582,0.0077355836849508,-0.007640586797066,0.0,0.0090718771807396,1.2876712328767124,1.2555282555282554,1.2532637075718016,1.0674157303370786,-0.2876712328767123,-0.020833333333333332,,
2020,5302,-0.0010275145564562,-0.0125293657008613,-0.0011403808872163,-0.0077605321507761,-0.0010275145564562,0.0,1.1151213441194774,1.1143661971830985,1.125979505726341,1.0467836257309941,-0.11512134411947729,-0.04068522483940043,,
2020,5303,0.0006443298969072,-0.0180798004987531,-0.0006439150032195,-0.0066053991958644,0.0,0.0006443298969072,1.0178571428571428,1.03551912568306,1.047337278106509,1.0291595197255574,-0.017857142857142856,-0.03389830508474576,,
2020,5304,0.0087834870443566,-0.0050804403048264,-0.0108601216333622,0.0230069399895025,0.0,0.0087834870443566,1.0759493670886076,1.0722610722610724,1.103960396039604,1.041930515146329,-0.0759493670886076,-0.04708520179372197,,
2020,5305,-0.001085776330076,-0.0164805954279638,-0.0086114101184069,0.0075757575757575,-0.001085776330076,0.0,1.0477941176470589,1.0866666666666667,1.0387323943661972,0.9739952718676123,-0.04779411764705882,-0.03389830508474576,,
2020,5306,0.0047281323877068,-0.015220700152207,-0.0132192846034214,-0.0064829821717989,0.0,0.0047281323877068,1.0452830188679245,1.0932835820895523,1.0572519083969465,1.1243611584327087,-0.045283018867924525,0.0,,
2020,5307,0.0072655217965653,-0.0064432989690721,-0.0013192612137202,0.0102311481621826,0.0,0.0072655217965653,1.0881057268722467,1.0817120622568093,1.1391304347826088,1.0614754098360655,-0.0881057268722467,-0.05725190839694656,,
2020,5308,-0.0017618040873854,-0.029520295202952,-0.0090782122905027,0.0020371386037765,-0.0017618040873854,0.0,1.1707865168539326,1.206008583690987,1.2162162162162162,1.0276479750778815,-0.1707865168539326,-0.03518518518518519,,
2020,5309,0.0051786639047126,-0.005723204994797,0.0095852213314744,-0.0017618040873854,0.0,0.0051786639047126,1.0414141414141413,1.056338028169014,1.0642115203021718,1.1707865168539326,-0.04141414141414142,-0.08518189884649512,,
2020,5310,-0.0099370652533952,-0.0091264667535854,0.0019913707268504,0.0,-0.0099370652533952,0.0,1.0968379446640317,1.1016333938294012,1.1310211946050097,1.0063157894736843,-0.09683794466403162,-0.054514480408858604,,
2020,5311,0.0032030749519538,0.0006459948320414,0.0019255455712452,0.005406195207481,0.0,0.0032030749519538,1.1044776119402986,1.0777777777777777,1.1203007518796992,1.0729431721798135,-0.1044776119402985,-0.006711409395973154,,
2020,5312,0.0029695619896066,-0.017632241813602,-0.0044345898004434,0.0213447171824974,0.0,0.0029695619896066,1.0505494505494506,1.0893617021276596,1.0757575757575757,1.0761904761904761,-0.05054945054945055,-0.03822937625754527,,
2020,5313,-0.006733578960742,-0.0128253019549247,-0.0008885503935008,-0.0062111801242236,-0.006733578960742,0.0,1.1147679324894515,1.1026856240126381,1.1439205955334988,1.1339285714285714,-0.11476793248945148,-0.04483007953723789,,
2020,5314,-0.0008628127696289,-0.0135938827527613,-0.0068551842330762,0.0115774240231547,-0.0008628127696289,0.0,1.066079295154185,1.0803212851405624,1.118942731277533,0.9954973393368809,-0.06607929515418502,-0.047244094488188976,,
2020,5315,0.0159876509179117,-0.0061050744931108,0.0114308018289281,-0.000615763546798,0.0,0.0159876509179117,1.069927536231884,1.0535590877677954,1.0647846543612016,1.056689342403628,-0.06992753623188405,0.0037389530931339226,,
2020,5316,-0.0016899028305872,-0.0095653982116864,0.0040296924708378,0.0031796502384737,-0.0016899028305872,0.0,1.0363849765258215,1.0727069351230425,1.0561926605504588,1.080373831775701,-0.036384976525821594,-0.04125950054288816,,
2020,5317,0.0130674002751032,-0.0030197444831591,0.0120649651972157,-0.0095729013254786,0.0,0.0130674002751032,1.104026845637584,1.1264,1.0841584158415842,1.078740157480315,-0.1040268456375839,0.0015220700152207,,
2020,5318,0.011237684729064,-0.0144702038276023,0.0145244416679681,0.0041605482134117,0.0,0.011237684729064,1.0957810718358039,1.112407211028632,1.1220865704772476,1.0925196850393701,-0.09578107183580388,-0.04945598417408507,,
2020,5319,0.0146572104018911,-0.0014064697609,-0.0047058823529412,0.0154514727184935,0.0,0.0146572104018911,1.0954063604240283,1.1268115942028984,1.0726643598615917,1.308550185873606,-0.09540636042402827,0.0,,
2020,7501,-0.0063467885250063,-0.0300586510263929,-0.0058051489146895,0.0003713330857779,-0.0063467885250063,0.0,1.021472392638037,0.9956772334293948,1.0484375,0.9945750452079566,-0.02147239263803681,-0.007451564828614009,,
2020,7502,-0.0035505059470974,-0.0227625452664252,0.0023131672597864,-0.0121608980355472,-0.0035505059470974,0.0,1.0608919382504287,1.0595813204508857,1.0765993265993266,0.9979166666666667,-0.060891938250428816,-0.0328381548084441,,
2020,7503,0.012722035525684,-0.0028870741565618,0.0176695708818499,-0.0118343195266271,0.0,0.012722035525684,1.1404199475065617,1.1353767560664112,1.1501597444089458,1.0633187772925765,-0.14041994750656167,-0.034444444444444444,,
2020,7504,-0.0077958894401134,-0.0139788612342311,-0.0087811731647348,0.0226920251408049,-0.0077958894401134,0.0,1.0696864111498259,1.0506535947712419,1.0986159169550174,1.016282225237449,-0.06968641114982578,-0.03307086614173228,,
2020,7505,0.0230069399895025,0.0089477232334376,0.0248027731293329,-0.0062260536398467,0.0,0.0230069399895025,1.041930515146329,1.0619759986848594,1.0607429718875503,1.0175219023779725,-0.041930515146328944,-0.03959615081243098,,
2020,7506,0.0051444400474871,-0.0246492226014409,-0.0097962382445141,0.0017286084701815,0.0,0.0051444400474871,1.032994923857868,1.0660592255125285,1.08,1.0406189555125724,-0.03299492385786802,-0.05787037037037037,,
2020,7507,0.0042316847394869,-0.014736297828335,-0.0044760400210637,0.0119965724078834,0.0,0.0042316847394869,1.024390243902439,1.0309597523219813,1.0442930153321976,1.0867768595041323,-0.024390243902439025,-0.040783034257748776,,
2020,7508,-0.0190582959641255,-0.0323951141795008,-0.0066815144766146,-0.0055309734513274,-0.0190582959641255,0.0,1.0811594202898551,1.0651041666666667,1.0552486187845305,1.0330882352941178,-0.08115942028985507,-0.02356020942408377,,
2020,7509,0.0106283213504219,-0.0259146341463414,0.0056585979251808,0.0091743119266054,0.0,0.0106283213504219,1.1853932584269662,1.1353251318101933,1.2397003745318351,1.0809628008752736,-0.1853932584269663,-0.04380664652567976,,
2020,7510,0.0115593834995466,-0.0163934426229508,0.0121587520073411,0.010612244897959,0.0,0.0115593834995466,1.1440559440559441,1.1037613488975357,1.1314741035856575,0.97,-0.14405594405594405,-0.03990610328638498,,
2020,7511,-0.0198135198135198,-0.026007326007326,-0.0261066969353007,-0.000621632822213,-0.0198135198135198,0.0,1.0205338809034907,1.003780718336484,1.044921875,1.0918032786885246,-0.02053388090349076,-0.07102803738317758,,
2020,7512,0.0172684458398744,-0.007269362939466,0.010710035700119,0.0143740464145185,0.0,0.0172684458398744,1.1739910313901345,1.136173767752715,1.1772486772486772,1.0350287907869482,-0.17399103139013453,-0.01947565543071161,,
2020,7513,0.0323851203501093,0.0055791118054004,0.0151043980453131,-0.0040958173017252,0.0,0.0323851203501093,1.1803713527851458,1.2073791348600509,1.2297650130548303,1.0665212649945475,-0.18037135278514588,-0.055201698513800426,,
2020,7514,0.0071455434373823,-0.0188888888888888,0.0083428138035646,-0.0026968716289104,0.0,0.0071455434373823,1.0818330605564648,1.0765625,1.1037277147487845,1.097457627118644,-0.08183306055646482,-0.02936857562408223,,
2020,7515,0.0189274447949527,0.0025493945188017,0.0160256410256409,0.0004460303300624,0.0,0.0189274447949527,1.1863013698630136,1.1897018970189701,1.2383561643835617,1.132387706855792,-0.1863013698630137,-0.0420353982300885,,
2020,7516,0.0102593331433455,-0.0067758328627893,0.0034315127251929,-0.001085776330076,0.0,0.0102593331433455,1.125456760048721,1.1314217443249701,1.162227602905569,1.0477941176470589,-0.12545676004872108,-0.0375,,
2020,7517,0.000675584380489,-0.0145211930926216,-0.0030980603448276,-0.0104748603351955,0.0,0.000675584380489,1.010502625656414,0.9986693280106453,1.0407865986890021,1.0299145299145298,-0.010502625656414103,-0.05738278516445067,,
2020,7518,-0.0062111801242236,-0.0216259511413696,-0.0008274720728175,0.0263852242744062,-0.0062111801242236,0.0,1.1339285714285714,1.0708502024291497,1.1603563474387528,1.0418848167539267,-0.13392857142857142,-0.02495201535508637,,
2020,7519,0.0015797788309637,-0.009547274407145,0.0,0.0074802661486961,0.0,0.0015797788309637,0.9825783972125436,0.9591503267973857,0.9896551724137931,1.0032064128256513,0.017421602787456445,-0.017421602787456445,,
2020,7520,-0.0045738045738045,-0.0248033877797942,0.0,-0.0165169516082295,-0.0045738045738045,0.0,1.028169014084507,1.0610169491525423,1.0694275274056029,1.026622296173045,-0.028169014084507043,-0.08542141230068337,,
2020,7521,-0.0026968716289104,-0.030441400304414,-0.0042964554242749,-0.0035637918745545,-0.0026968716289104,0.0,1.097457627118644,1.1069958847736625,1.116182572614108,1.014388489208633,-0.09745762711864407,-0.03717472118959108,,
2020,7522,-0.0056432108718185,-0.0195924764890281,-0.0016097504886742,0.0123839009287924,-0.0056432108718185,0.0,0.9962121212121212,0.9936530324400564,1.0287187039764358,1.1137931034482758,0.003787878787878788,-0.05869720830350752,,
2020,7523,-0.0016375545851528,-0.013187972569017,-0.0081212777476989,0.0052100293064147,-0.0016375545851528,0.0,1.037344398340249,1.0469348659003832,1.0623115577889448,1.0742296918767507,-0.03734439834024896,-0.05392620624408704,,
2020,7524,-0.0056700318074954,-0.013127930341594,-0.0101300479123888,0.0016042780748664,-0.0056700318074954,0.0,1.0306211723534557,1.0427553444180522,1.0765349032800673,1.0637450199203187,-0.03062117235345582,-0.0796875,,
2020,7525,0.0067834934991519,-0.0236784140969162,0.0034032898468518,0.0189274447949527,0.0,0.0067834934991519,1.0735694822888284,1.0778588807785887,1.108179419525066,1.1863013698630136,-0.07356948228882834,-0.06190476190476191,,
2020,7526,0.001970928800197,-0.0138014527845036,0.0059479553903345,0.0,0.0,0.001970928800197,1.3101604278074865,1.3036649214659686,1.328719723183391,1.0903225806451613,-0.31016042780748665,-0.04296875,,
2020,7527,-0.0086058519793459,-0.0182825484764542,-0.0051369863013698,0.0087834870443566,-0.0086058519793459,0.0,1.034375,1.0225988700564972,1.110759493670886,1.0759493670886076,-0.034375,-0.05698005698005698,,
2020,7528,-0.0064829821717989,-0.0165447025135221,0.0035783994795055,-0.0028726460261729,-0.0064829821717989,0.0,1.1243611584327087,1.0969305331179322,1.1221122112211221,1.018888888888889,-0.12436115843270869,-0.029411764705882353,,
2020,7529,0.0154514727184935,-0.0109739368998628,-0.0147478591817317,-0.0207202762703502,0.0,0.0154514727184935,1.308550185873606,1.1907894736842106,1.2956204379562044,1.0574412532637076,-0.30855018587360594,-0.008450704225352112,,
2020,7530,-0.0101960784313726,-0.0234776228906823,-0.0274599542334096,0.0023391812865496,-0.0101960784313726,0.0,1.1223628691983123,1.1235955056179776,1.1686746987951808,1.0695652173913044,-0.12236286919831224,-0.0859106529209622,,
2020,7531,-0.0113168724279835,-0.0208737864077669,-0.0176856998484082,-0.0096105209914011,-0.0113168724279835,0.0,1.075,1.0572390572390573,1.0408163265306123,1.0059171597633136,-0.075,-0.016339869281045753,,
2020,7532,-0.0121608980355472,-0.0254464285714285,-0.0156537753222836,0.018954248366013,-0.0121608980355472,0.0,0.9979166666666667,0.9899598393574297,1.0735930735930737,1.1180981595092025,0.0020833333333333333,-0.034274193548387094,,
2020,7601,0.0073529411764705,0.0021849963583393,0.0014727540500736,-0.0212765957446808,0.0,0.0073529411764705,1.2901134521880064,1.2839116719242902,1.296998420221169,1.0364583333333333,-0.2901134521880065,-0.030450669914738125,,
2020,7602,0.0138956212635321,-0.0141855275741153,0.0016183848519177,0.0106232294617563,0.0,0.0138956212635321,1.040133779264214,1.0437246963562754,1.050365556458164,1.033112582781457,-0.04013377926421405,-0.03789636504253674,,
2020,7603,0.0045766590389015,-0.0045045045045044,-0.0002079866888519,0.0018256503879507,0.0,0.0045766590389015,1.0365591397849463,1.0576923076923077,1.0866425992779782,1.0394088669950738,-0.03655913978494624,-0.03920265780730897,,
2020,7604,-0.00634765625,-0.0164435048155978,-0.0084725248123941,-0.0045008183306055,-0.00634765625,0.0,1.0627177700348431,0.9954058192955589,1.0443686006825939,1.0654911838790933,-0.0627177700348432,-0.0032679738562091504,,
2020,7605,-0.000615763546798,0.0061538461538461,-0.0073349633251833,0.0079219987812308,-0.000615763546798,0.0,1.056689342403628,1.1189931350114417,1.1241379310344828,1.0248033877797944,-0.05668934240362812,-0.04703476482617587,,
2020,7606,0.0121470781352592,-0.0009767214715936,-0.0003281916639317,0.0031126202603282,0.0,0.0121470781352592,1.0952978056426332,1.1258876694641704,1.138432364096081,1.0074906367041199,-0.09529780564263322,-0.029983342587451417,,
2020,7607,-0.0008528784648187,-0.025830258302583,0.0008536064874093,0.0121464829586657,-0.0008528784648187,0.0,1.0762331838565022,1.111368909512761,1.0977777777777777,0.926829268292683,-0.07623318385650224,-0.02834008097165992,,
2020,7608,-0.0032030749519538,-0.0134214329960767,-0.0074183976261127,-0.0022522522522522,-0.0032030749519538,0.0,1.0199134199134199,1.0274414850686038,1.066610455311973,1.0476190476190477,-0.019913419913419914,-0.06877470355731226,,
2020,7609,0.0032509752925877,-0.0186104218362282,-0.0159948816378758,0.0051786639047126,0.0,0.0032509752925877,1.1108545034642032,1.0135135135135136,1.0769230769230769,1.0414141414141413,-0.11085450346420324,0.01050420168067227,,
2020,7610,-0.0062260536398467,-0.0179640718562874,-0.0132325141776937,-0.0124740124740124,-0.0062260536398467,0.0,1.0175219023779725,1.0270906949352179,1.0489596083231334,1.1993127147766323,-0.017521902377972465,-0.051341890315052506,,
2020,7611,-0.0154043645699615,-0.0300721732157177,-0.0188916876574307,0.0106283213504219,-0.0154043645699615,0.0,1.0394736842105263,1.0551181102362204,1.0887096774193548,1.1853932584269662,-0.039473684210526314,-0.024691358024691357,,
2020,7612,0.0018154311649016,-0.0201123927832002,0.0006055101422948,0.0130674002751032,0.0,0.0018154311649016,1.020356234096692,1.0301129234629862,1.0473815461346634,1.104026845637584,-0.020356234096692113,-0.04523809523809524,,
2020,7613,-0.0053643272239606,-0.0086132644272178,-0.0145374449339207,0.0099166103222898,-0.0053643272239606,0.0,1.1776649746192893,1.1545893719806763,1.2060301507537687,1.0,-0.17766497461928935,-0.03333333333333333,,
2020,7614,0.0123839009287924,-0.0188492063492063,-0.0051334702258727,-0.015040825096691,0.0,0.0123839009287924,1.1137931034482758,1.0921501706484642,1.143835616438356,1.0158730158730158,-0.11379310344827587,-0.03293413173652695,,
2020,7615,0.0102915951972555,0.0008622547962922,0.0043066322136089,0.001448225923244,0.0,0.0102915951972555,1.0170616113744075,1.0124113475177305,1.023963133640553,1.0502283105022832,-0.017061611374407582,-0.034203420342034205,,
2020,7616,0.0169612251257622,0.0066958185296528,0.0159196779883314,0.0142750168940515,0.0,0.0169612251257622,1.069247655158651,1.1170602605863191,1.106605099377635,1.0185351428420553,-0.06924765515865097,-0.027939042089985485,,
2020,7617,0.0137583123136895,0.0022851919561244,0.0090236001850994,-0.0010106114199089,0.0,0.0137583123136895,1.0788757932910245,1.1274238227146813,1.1646623496762256,1.1008771929824561,-0.07887579329102448,-0.05480540111199365,,
2020,7618,0.0126079618782883,-0.0010890010890011,0.0043872768969988,0.0021148036253777,0.0,0.0126079618782883,1.0943856794141578,1.099081102676788,1.1184584178498986,1.0075431034482758,-0.09438567941415785,-0.024301777294160318,,
2020,7619,-0.0028050490883591,-0.0082417582417582,-0.0124653739612188,-0.0012300123001229,-0.0028050490883591,0.0,1.1923076923076923,1.174757281553398,1.1933962264150944,1.024390243902439,-0.19230769230769232,-0.019762845849802372,,
2020,7620,0.0040607610166942,-0.0064430126638524,0.0009032063826583,0.0265984654731457,0.0,0.0040607610166942,1.1468531468531469,1.162146050670641,1.19124218051832,1.0253164556962024,-0.14685314685314685,-0.015753938484621154,,
2020,7621,0.0004460303300624,-0.0156989247311828,-0.0015586729013582,0.0070864873570624,0.0,0.0004460303300624,1.132387706855792,1.1152941176470588,1.0780141843971631,1.0292792792792793,-0.13238770685579196,0.05043859649122807,,
2020,7622,0.0064977257959715,-0.0241590214067278,-0.0159846547314578,0.0085003035822708,0.0,0.0064977257959715,1.0148809523809523,1.0084745762711864,1.0441176470588236,1.1646825396825398,-0.01488095238095238,-0.03943661971830986,,
2020,7623,0.0052100293064147,0.0115131578947369,0.0019575856443718,-0.001569448077426,0.0,0.0052100293064147,1.0742296918767507,1.103448275862069,1.1045392022008254,0.9968652037617555,-0.0742296918767507,-0.0448318804483188,,
2020,7624,-0.0045885591924136,-0.0211115898319689,-0.0153614457831324,0.0007038948850304,-0.0045885591924136,0.0,1.100486223662885,1.0795287187039764,1.115873015873016,1.0452781371280724,-0.10048622366288493,-0.034139402560455195,,
2020,7625,0.0136529296327445,0.0056141154903757,0.0093949855679438,0.0102915951972555,0.0,0.0136529296327445,1.0570279928528887,1.0204479065238559,1.042493337281611,1.0170616113744075,-0.05702799285288863,0.008237466268995882,,
2020,8401,0.0125407326947764,-0.0095541401273885,0.0129025805161031,0.0055296141558123,0.0,0.0125407326947764,1.0424028268551238,1.0611888111888113,1.0792079207920793,1.101628895184136,-0.04240282685512368,-0.0158465387823186,,
2020,8402,-0.0053662463107057,-0.0108639420589756,-0.0071923281832712,-0.0019637791839406,-0.0053662463107057,0.0,1.2,1.172680412371134,1.2184655396618986,0.9895833333333334,-0.2,-0.033084311632870865,,
2020,8403,-0.015040825096691,-0.0127993393889347,-0.0080988917306052,0.008280903034789,-0.015040825096691,0.0,1.0158730158730158,1.0600706713780919,1.0705882352941176,1.0561735261401557,-0.015873015873015872,-0.06227106227106227,,
2020,8404,0.0263852242744062,-0.0227272727272727,0.0106666666666666,0.0015797788309637,0.0,0.0263852242744062,1.0418848167539267,0.9954545454545455,1.077720207253886,0.9825783972125436,-0.041884816753926704,-0.04326923076923077,,
2020,8405,0.0120518688024409,0.0024521072796934,0.0045977011494253,-0.0094679038060973,0.0,0.0120518688024409,1.0646817248459959,1.054563492063492,1.075,1.003003003003003,-0.0646817248459959,0.0048449612403100775,,
2020,8406,0.0265984654731457,0.0012321774335504,0.0192909280500521,0.0016309743298823,0.0,0.0265984654731457,1.0253164556962024,1.0194862710363153,1.0340586565752128,1.0523479599692072,-0.02531645569620253,-0.036596523330283626,,
2020,8407,0.0074822788133368,-0.0009281357730045,0.0110152621101526,0.031363088057901,0.0,0.0074822788133368,1.0331658291457286,1.0304182509505704,1.0306324110671936,1.2412698412698413,-0.033165829145728645,-0.014381591562799617,,
2020,8408,0.0049500933214314,-0.0056053811659192,-0.0022670229131244,-0.0032030749519538,0.0,0.0049500933214314,1.03870343492985,1.044343891402715,1.0260102183000464,1.0199134199134199,-0.038703434929850025,-0.02806699864191942,,
2020,8409,0.0030461520777056,-0.0057669474755469,0.0012084244447001,-0.0065843621399176,0.0,0.0030461520777056,1.0314761215629522,1.032325338894682,1.0422484783387038,1.0488656195462478,-0.03147612156295224,-0.020611473720371008,,
2020,8410,0.0023084025854109,-0.0154897494305239,0.0079106561191251,-0.0078475336322869,0.0,0.0023084025854109,0.9715762273901809,1.0452261306532664,1.0097799511002445,0.9788519637462235,0.028423772609819122,-0.08958837772397095,,
2020,8411,0.0049566294919454,-0.0230547550432276,-0.0049321824907521,0.0059225512528473,0.0,0.0049566294919454,0.9540816326530612,1.0095238095238095,0.975609756097561,1.1943573667711598,0.04591836734693878,-0.065,,
2020,8412,0.015015015015015,-0.0072556551429791,-0.0042716787697565,0.022363251737685,0.0,0.015015015015015,1.0635451505016722,1.0510510510510511,1.0319488817891374,1.0219672131147541,-0.06354515050167224,-0.015479876160990712,,
2020,8413,0.0121464829586657,-0.0327586206896551,0.001998183469573,0.02550958871065,0.0,0.0121464829586657,0.926829268292683,0.9606986899563319,0.9596273291925466,1.0247685764323242,0.07317073170731707,-0.016181229773462782,,
2020,8414,0.0055536272127734,-0.0081799591002045,0.005935754189944,0.0137583123136895,0.0,0.0055536272127734,1.0817757009345794,1.0,1.075242718446602,1.0788757932910245,-0.08177570093457943,0.045146726862302484,,
2020,8415,0.0031612223393044,-0.017091769655535,0.0050304474450622,0.0169612251257622,0.0,0.0031612223393044,1.0623853211009173,1.0620567375886525,1.1119544592030361,1.069247655158651,-0.062385321100917435,-0.011945392491467578,,
2020,8416,0.0078644067796609,-0.0126975550452519,0.0093061447926645,0.0067834934991519,0.0,0.0078644067796609,1.0405105438401776,1.030829596412556,1.0446527012127895,1.0735694822888284,-0.04051054384017758,-0.010554089709762533,,
2020,8417,0.0041899441340782,-0.0189018901890188,-0.0018587360594795,-0.0086058519793459,0.0,0.0041899441340782,1.0505050505050506,1.044392523364486,1.0168674698795181,1.034375,-0.050505050505050504,-0.014218009478672985,,
2020,8418,0.0038180082723513,-0.0313364055299538,0.006726457399103,-0.005561348627042,0.0,0.0038180082723513,1.0074349442379182,1.0342465753424657,1.0817843866171004,1.0357815442561205,-0.007434944237918215,-0.06872852233676977,,
2020,8419,-0.007640586797066,-0.0276959340011785,-0.0114803625377643,0.0046576618537494,-0.007640586797066,0.0,1.0674157303370786,1.0496031746031746,1.0428265524625269,1.0222634508348794,-0.06741573033707865,-0.024640657084188913,,
2020,8420,0.0,-0.0117595818815331,-0.0039473684210525,0.0032509752925877,0.0,0.0,1.113879003558719,1.034920634920635,1.0604026845637584,1.1108545034642032,-0.11387900355871886,-0.00949367088607595,,
2020,8421,0.0176101054913049,0.0034822681519723,0.0133321894303362,-0.0039698292973402,0.0,0.0176101054913049,1.0306585500830105,1.0305243649841926,1.0447662208466895,1.0449826989619377,-0.030658550083010515,-0.014811680067710538,,
2020,8422,0.0103678929765886,-0.0019986675549633,0.0010043521928355,0.0040383644623926,0.0,0.0103678929765886,1.06368330464716,1.0732899022801303,1.093062605752961,0.9892021595680864,-0.06368330464716007,-0.043343653250773995,,
2020,8423,-0.0039698292973402,-0.0222790357925493,-0.026661514683153,0.0176101054913049,-0.0039698292973402,0.0,1.0449826989619377,1.053225806451613,1.0413907284768211,1.0306585500830105,-0.04498269896193772,-0.0397456279809221,,
2020,8424,0.0,-0.0168365086397873,-0.0114311842706904,0.0,0.0,0.0,1.0221729490022173,1.0700218818380745,1.0501089324618735,1.1176470588235294,-0.022172949002217297,-0.043568464730290454,,
2020,8425,0.0101465614430664,-0.0033039647577092,-0.0056053811659192,0.0031612223393044,0.0,0.0101465614430664,1.0874524714828897,1.0196078431372548,1.0608365019011408,1.0623853211009173,-0.08745247148288973,0.025089605734767026,,
2020,8426,-0.0066053991958644,-0.0181968569065342,-0.011076398750355,0.0045766590389015,-0.0066053991958644,0.0,1.0291595197255574,1.0436817472698907,1.0550918196994992,1.0365591397849463,-0.029159519725557463,-0.05063291139240506,,
2020,8427,0.0102311481621826,-0.0134478894284647,0.0095638867635807,0.0117773019271949,0.0,0.0102311481621826,1.0614754098360655,1.0549242424242424,1.0556660039761432,1.1433333333333333,-0.06147540983606557,-0.02448210922787194,,
2020,8428,0.0016309743298823,-0.0139223929974499,-0.0054305663304887,-0.0073764445537251,0.0,0.0016309743298823,1.0523479599692072,1.0353918382087397,1.0444109898381633,1.0430906389301635,-0.05234795996920708,-0.014774774774774775,,
2020,8429,0.0,-0.0157016683022571,-0.0131845841784989,0.0094535393128891,0.0,0.0,1.1176470588235294,1.1030927835051547,1.0543478260869565,1.0909090909090908,-0.11764705882352941,-0.020618556701030927,,
2020,8430,0.001448225923244,-0.0231607629427792,-0.0212615166548547,0.0064977257959715,0.0,0.001448225923244,1.0502283105022832,1.0170212765957447,1.0558139534883721,1.0148809523809523,-0.0502283105022831,0.013215859030837005,,
2020,8431,0.0106543138390271,-0.0028529042565331,-0.0039220209943476,0.0022883295194509,0.0,0.0106543138390271,1.1001317523056653,1.091315453384419,1.092485549132948,1.0920245398773005,-0.10013175230566534,-0.018224573780129337,,
2020,8432,-0.0117548278757346,-0.0161377084454007,-0.011344770337576,0.0007030700726504,-0.0117548278757346,0.0,1.0430906389301635,1.0491573033707866,1.0688140556368961,1.0132304299889747,-0.04309063893016345,-0.038356164383561646,,
2020,8433,0.0041566746602716,-0.0105246622683004,0.0046578862833279,0.0081929110981986,0.0,0.0041566746602716,1.0940959409594095,1.0847308031774052,1.1168014375561546,1.1309620048504445,-0.0940959409594096,-0.04585679806918745,,
2020,8434,0.0151515151515151,-0.0010014019627478,0.0151843817787418,0.0122746035194438,0.0,0.0151515151515151,1.0736377025036818,1.0582386363636365,1.0561959654178674,1.0646551724137931,-0.07363770250368189,-0.005457025920873124,,
2020,8435,0.0139933166248955,-0.0008319467554076,0.0077878341401809,0.021423487544484,0.0,0.0139933166248955,1.0229419703103915,1.0228915662650602,1.0271668822768434,1.035620743844945,-0.022941970310391364,-0.04534005037783375,,
2020,9301,0.021423487544484,0.007496906616202,0.0118833273316527,0.0227554820024824,0.0,0.021423487544484,1.035620743844945,1.0782520325203253,1.0399201596806387,1.157706093189964,-0.035620743844945,-0.051343570057581576,,
2020,9302,-0.0030284675953967,-0.0392265193370166,-0.0054216867469879,-0.0125371865703357,-0.0030284675953967,0.0,1.0299145299145298,1.045045045045045,1.08,1.0425531914893618,-0.029914529914529916,-0.00823045267489712,,
2020,9303,0.0190077319587629,0.0033003300330032,0.0180387012135125,0.0040607610166942,0.0,0.0190077319587629,1.0918079096045197,1.1304945054945055,1.1067567567567567,1.1468531468531469,-0.09180790960451977,-0.05616605616605617,,
2020,9304,0.0081929110981986,-0.0016168148746968,0.0037911927675706,0.0075539288217427,0.0,0.0081929110981986,1.1309620048504445,1.168986083499006,1.1421875,1.0552763819095476,-0.13096200485044462,-0.043091655266757865,,
2020,9305,0.0227554820024824,0.005857740585774,0.0020729684908789,-0.0185893931109896,0.0,0.0227554820024824,1.157706093189964,1.1583476764199656,1.1773913043478261,1.0202839756592292,-0.15770609318996415,-0.04579025110782865,,
2020,9306,0.0124285359184688,0.0017513134851139,0.0037425149700598,-0.0039473684210525,0.0,0.0124285359184688,1.0948616600790513,1.0988593155893536,1.1168831168831168,1.1425531914893616,-0.09486166007905138,-0.03372093023255814,,
2020,9307,0.0048406615570795,-0.0346287033474412,0.0016161616161616,-0.0045885591924136,0.0,0.0048406615570795,1.0340425531914894,1.1061571125265393,1.0783505154639175,1.100486223662885,-0.03404255319148936,-0.07074569789674952,,
2020,9308,0.018954248366013,-0.0141752577319587,-0.0019569471624266,0.0076404494382023,0.0,0.018954248366013,1.1180981595092025,1.1920122887864824,1.1437125748502994,1.1386861313868613,-0.11809815950920245,-0.04581151832460733,,
2020,9309,0.0059225512528473,-0.0052047974654899,0.0009119927040583,0.0058139534883721,0.0,0.0059225512528473,1.1943573667711598,1.2261001517450683,1.2393292682926829,1.2158693115519252,-0.19435736677115986,-0.06273062730627306,,
2020,9310,-0.0036131183991106,-0.014945652173913,0.0067151650811416,-0.0016375545851528,-0.0036131183991106,0.0,1.0633663366336634,1.066921606118547,1.0759013282732448,1.037344398340249,-0.06336633663366337,-0.05291005291005291,,
2020,9311,0.0213447171824974,-0.0062783397279385,-0.0060113154172559,-0.0128015755785327,0.0,0.0213447171824974,1.0761904761904761,1.1245210727969348,1.103321033210332,1.0743099787685775,-0.0761904761904762,-0.05518394648829431,,
2020,9312,0.0183037585580549,0.0029769357037532,0.0007270896837159,0.0125407326947764,0.0,0.0183037585580549,1.0177793476981043,1.068414779499404,1.0308620886003872,1.0424028268551238,-0.017779347698104322,-0.04507291206363235,,
2020,9313,0.0205962059620596,0.0061298411813874,0.0080590083321949,0.0049500933214314,0.0,0.0205962059620596,1.0382749326145553,1.0953401178361006,1.0492920818038804,1.03870343492985,-0.03827493261455526,-0.037481259370314844,,
2020,9314,-0.0043215211754538,-0.0053830227743271,-0.0153191489361702,0.0028011204481792,-0.0043215211754538,0.0,1.1253263707571801,1.1447661469933186,1.135135135135135,1.0682730923694779,-0.12532637075718014,-0.0670995670995671,,
2020,9315,0.008280903034789,-0.0007312948489418,0.0009260974254492,0.0,0.0,0.008280903034789,1.0561735261401557,1.0996489332973265,1.0910081743869209,1.0221729490022173,-0.05617352614015573,-0.05144855144855145,,
2020,9316,0.0152631578947368,-0.0047418335089568,0.0063559322033899,-0.0062592047128129,0.0,0.0152631578947368,1.0870646766169154,1.1298076923076923,1.1100478468899522,1.034134007585335,-0.08706467661691543,-0.05818965517241379,,
2020,9317,0.0158686730506156,-0.0142743854084059,0.0138696255201109,-0.0064585575888052,0.0,0.0158686730506156,1.8360655737704918,1.8528428093645486,1.838095238095238,1.1297935103244838,-0.8360655737704918,-0.03281519861830743,,
2020,9318,0.0055296141558123,-0.0039393939393939,-0.0045868754204635,0.0176902402824019,0.0,0.0055296141558123,1.101628895184136,1.1406933692359476,1.1506896551724137,1.086629944917376,-0.10162889518413598,-0.06772550194785736,,
2021,51,-0.0048933939182104,-0.0220791168353265,-0.005561348627042,-0.0182410423452769,-0.0048933939182104,0.0,0.8858954041204438,1.071969696969697,1.0357815442561205,0.9172749391727494,0.11410459587955626,0.016363636363636365,,
2021,52,0.0048554913294798,0.0115660421003931,0.0058139534883721,-0.0063999999999999,0.0,0.0048554913294798,0.9909420289855072,1.1841491841491842,1.2158693115519252,0.9317507418397626,0.009057971014492754,0.04990403071017274,,
2021,53,0.0046142289945272,0.001296456352636,0.0122746035194438,0.0031914893617022,0.0,0.0046142289945272,0.9484073575594437,1.0843023255813953,1.0646551724137931,0.9712918660287081,0.0515926424405563,0.06983805668016195,,
2021,54,-0.0059224694903087,-0.0147161878065872,0.0055946580039702,-0.0161073825503356,-0.0059224694903087,0.0,0.8773424190800682,1.0789844851904091,1.0252631578947369,0.9249146757679181,0.12265758091993186,0.057494866529774126,,
2021,55,0.0067743616466908,-0.0054835493519441,0.0,-0.0195272353545734,0.0,0.0067743616466908,0.9396092362344582,1.1425438596491229,1.0903225806451613,0.8632478632478633,0.06039076376554174,0.04339250493096647,,
2021,56,-0.0161073825503356,-0.0172209026128266,-0.0079893475366178,-0.0008726003490401,-0.0161073825503356,0.0,0.9249146757679181,1.0830324909747293,1.116182572614108,0.856687898089172,0.07508532423208192,0.007434944237918215,,
2021,57,0.0003699593044765,-0.0058701657458563,0.0055803571428572,-0.0091264667535854,0.0,0.0003699593044765,0.8970427163198248,1.056555269922879,1.017478152309613,0.9481641468682506,0.10295728368017525,0.0049079754601227,,
2021,58,-0.0116564417177914,-0.0132158590308369,-0.0168878166465621,-0.0031540504648074,-0.0116564417177914,0.0,0.8613861386138614,1.0776699029126213,1.0802139037433156,0.9162011173184358,0.13861386138613863,0.07673267326732673,,
2021,59,0.0006852444038374,-0.0089912280701753,0.0094535393128891,-0.0046816479400748,0.0,0.0006852444038374,0.8626237623762376,1.0731707317073171,1.0909090909090908,0.8113360323886639,0.1373762376237624,0.019005847953216373,,
2021,60,-0.0223924572775485,-0.0236655272153563,-0.0165169516082295,0.0032034169781098,-0.0223924572775485,0.0,0.850828729281768,1.0619718309859154,1.026622296173045,0.966996699669967,0.14917127071823205,-0.0016207455429497568,,
2021,61,-0.0042918454935622,-0.0116655865197666,-0.0035637918745545,-0.0262753534111862,-0.0042918454935622,0.0,0.841642228739003,1.1102661596958174,1.014388489208633,0.8704156479217604,0.15835777126099707,0.01773049645390071,,
2021,62,0.0075845974329054,-0.0146396396396396,0.0023391812865496,0.0016666666666667,0.0,0.0075845974329054,0.8283898305084746,1.0785907859078592,1.0695652173913044,1.0075329566854991,0.1716101694915254,0.05962059620596206,,
2021,63,-0.0101163378856853,-0.013248058474189,-0.0010106114199089,-0.0008285004142501,-0.0101163378856853,0.0,0.9081632653061225,1.0991735537190082,1.1008771929824561,0.8656716417910447,0.09183673469387756,0.06374501992031872,,
2021,64,-0.0043336944745395,0.0077720207253886,-0.0064585575888052,-0.0018674136321195,-0.0043336944745395,0.0,0.9328537170263789,1.1277258566978192,1.1297935103244838,0.9498432601880877,0.0671462829736211,0.015665796344647518,,
2021,1101,0.0138929943836831,0.0055511498810467,0.022363251737685,-0.0273390036452004,0.0,0.0138929943836831,0.960042339243186,1.0562433675274143,1.0219672131147541,0.9069767441860465,0.03995766075681397,0.1639396855951235,,
2021,1102,-0.0014015416958654,-0.0106453759148369,0.0106232294617563,-0.0031786395422759,-0.0014015416958654,0.0,0.9397905759162304,1.0905923344947734,1.033112582781457,0.8865478119935171,0.060209424083769635,0.15064102564102563,,
2021,1103,-0.0013667425968109,-0.0221619176843057,0.0018256503879507,0.0061801758973139,-0.0013667425968109,0.0,0.9161904761904762,1.0805194805194804,1.0394088669950738,0.9362224039247752,0.0838095238095238,0.13981042654028436,,
2021,1104,0.0118125947801102,0.0028549182455228,0.0226920251408049,0.0040976305006235,0.0,0.0118125947801102,0.9060080106809079,1.0663399924613646,1.016282225237449,0.9007042253521127,0.09399198931909213,0.13251001335113485,,
2021,1105,-0.0049085229808121,-0.0120240480961923,-0.002004008016032,-0.0070422535211267,-0.0049085229808121,0.0,0.9488084730803178,1.0758873929008568,1.0335861321776816,0.9168949771689497,0.05119152691968226,0.12683438155136267,,
2021,1106,0.0130396047622904,0.007132667617689,0.0240524176826739,-0.0059224694903087,0.0,0.0130396047622904,0.9567877629063097,1.0716194548369855,1.02587890625,0.8773424190800682,0.04321223709369025,0.190861494526416,,
2021,1107,0.0061801758973139,-0.0082926829268292,0.0023826542768643,0.0070318282753516,0.0,0.0061801758973139,0.9362224039247752,1.0657596371882085,1.0283114256825077,0.8745704467353952,0.06377759607522486,0.12586037364798427,,
2021,1108,0.0091807909604519,0.0016694490818029,0.0191938579654511,-0.0064808813998703,0.0,0.0091807909604519,0.9143302180685359,1.0419091967403957,1.0222897669706181,1.0440613026819923,0.08566978193146417,0.1635282457879088,,
2021,1109,0.0018799091017132,0.0063920137078148,0.0142750168940515,-0.0061886470337174,0.0,0.0018799091017132,0.9528994032213215,1.0581116565818016,1.0185351428420553,0.8657407407407407,0.04710059677867853,0.1548372044794691,,
2021,1110,-0.0018674136321195,-0.0100273473108477,-0.0083333333333333,0.0106213489113118,-0.0018674136321195,0.0,0.9498432601880877,1.104,1.0299625468164795,0.9073482428115016,0.050156739811912224,0.10181818181818182,,
2021,1111,0.0032034169781098,0.0125477359519912,0.0016042780748664,-0.0063829787234042,0.0,0.0032034169781098,0.966996699669967,1.1059907834101383,1.0637450199203187,0.8621291448516579,0.033003300330033,0.09737827715355805,,
2021,1112,0.0147335718320467,0.0152149711074589,0.0288647810925997,0.011090991398823,0.0,0.0147335718320467,0.9431167016072677,1.0547610086563795,1.0138193124892037,0.8503767491926802,0.05688329839273235,0.14976997784971885,,
2021,1113,0.0131412286257124,0.0061551433389543,0.0143740464145185,-0.0150451354062186,0.0,0.0131412286257124,0.948785046728972,1.0832389580973953,1.0350287907869482,0.8820058997050148,0.05121495327102804,0.17663421418636996,,
2021,1114,0.014642752131726,0.0022654910604946,0.02550958871065,0.0056148231330712,0.0,0.014642752131726,0.9624615384615385,1.0765247410817032,1.0247685764323242,0.9029535864978903,0.03753846153846154,0.1455078125,,
2021,1115,0.0062524423602969,0.0008781410429614,0.0154090337940613,0.0130396047622904,0.0,0.0062524423602969,0.9698085419734904,1.0752525252525253,1.0419776119402986,0.9567877629063097,0.030191458026509573,0.17905102954341987,,
2021,2401,0.0077481840193704,-0.0129240710823909,0.0073170731707317,0.0123780945236309,0.0,0.0077481840193704,0.84375,1.0968188105117567,1.0378457059679767,0.8996655518394648,0.15625,0.02244039270687237,,
2021,2402,-0.0118145341061078,-0.0142247510668562,-0.0134154387508247,-0.0048933939182104,-0.0118145341061078,0.0,0.8741071428571429,1.053125,1.0442105263157895,0.8858954041204438,0.12589285714285714,-0.01310483870967742,,
2021,2403,-0.0061886470337174,-0.0071085093037842,-0.002129471890971,-0.0054674685620558,-0.0061886470337174,0.0,0.8657407407407407,1.0724971231300344,1.0153508771929824,0.9007832898172323,0.13425925925925927,0.009719222462203024,,
2021,2404,-0.0134003350083752,-0.0118110236220472,0.0118644067796609,-0.0032278889606197,-0.0134003350083752,0.0,0.8489208633093526,1.0940170940170941,0.9919678714859438,0.8799204771371769,0.1510791366906475,-0.044534412955465584,,
2021,2405,-0.0032278889606197,-0.0044196771714065,-0.0125371865703357,-0.0103292446739832,-0.0032278889606197,0.0,0.8422436459246275,1.0604332953249715,1.0425531914893618,0.9305912596401028,0.15775635407537247,0.0322234156820623,,
2021,2406,0.0031914893617022,-0.0164410058027079,-0.0146750524109015,-0.0063977746870653,0.0,0.0031914893617022,0.9712918660287081,1.2038216560509554,1.2641509433962264,0.8750862663906143,0.028708133971291867,0.009950248756218905,,
2021,2407,-0.0111669458403126,-0.0076064908722109,-0.0066555740432612,0.0012035398230088,-0.0111669458403126,0.0,0.9237875288683602,1.114713216957606,1.0513513513513513,0.8916744042092232,0.07621247113163972,0.028277634961439587,,
2021,2408,-0.009486166007905,-0.0145243282498184,0.0063643595863165,0.0078175895765473,-0.009486166007905,0.0,0.8731343283582089,1.1310679611650485,1.0585585585585586,0.9024960998439937,0.12686567164179105,-0.00425531914893617,,
2021,2409,-0.0052160953800297,-0.0079594790159189,0.001866368047779,0.0041472265422499,-0.0052160953800297,0.0,0.8680318543799772,1.0445682451253482,1.0,0.9854166666666667,0.13196814562002276,0.0,,
2021,2410,0.0012166588675712,-0.0029934518241346,0.0048904354368475,-0.0049085229808121,0.0,0.0012166588675712,0.8044444444444444,1.0572478991596639,0.9672762271414822,0.9488084730803178,0.19555555555555557,-0.00945273631840796,,
2021,2411,-0.0137318255250403,-0.0044378698224851,0.010612244897959,-0.0116564417177914,-0.0137318255250403,0.0,0.8021680216802168,1.0641891891891893,0.97,0.8613861386138614,0.1978319783197832,0.01718213058419244,,
2021,2412,-0.0224022878932316,-0.0117647058823529,-0.0117757889778614,-0.0087852677817198,-0.0224022878932316,0.0,0.8758314855875832,1.1214470284237725,1.0302197802197801,0.8622262773722628,0.12416851441241686,0.05333333333333334,,
2021,2413,-0.0003864584943576,-0.0064330583516234,0.0075539288217427,-0.0119760479041916,-0.0003864584943576,0.0,0.8818306010928961,1.0946798917944094,1.0552763819095476,0.8745519713261649,0.11816939890710383,0.024603174603174603,,
2021,2414,-0.0034916201117318,-0.0171730515191546,0.0028011204481792,0.0015673981191222,-0.0034916201117318,0.0,0.8456591639871383,1.0845588235294117,1.0682730923694779,0.9069373942470389,0.15434083601286175,-0.011278195488721804,,
2021,2415,-0.0150451354062186,-0.0290102389078498,-0.0099304865938431,0.0130694548170275,-0.0150451354062186,0.0,0.8820058997050148,1.063157894736842,1.0304054054054055,0.9386920980926431,0.11799410029498525,-0.019672131147540985,,
2021,2701,-0.0044692737430167,-0.0306324110671937,-0.0077605321507761,-0.0101163378856853,-0.0044692737430167,0.0,0.8798076923076923,1.0476190476190477,1.0467836257309941,0.9081632653061225,0.1201923076923077,0.0223463687150838,,
2021,2702,-0.01031652989449,-0.0176220806794055,0.0007038948850304,-0.0013440860215053,-0.01031652989449,0.0,0.8464017185821697,1.0340632603406326,1.0452781371280724,0.9549019607843138,0.1535982814178303,-0.024752475247524754,,
2021,2703,-0.0244100895036615,-0.0100358422939068,0.0082034454470878,-0.010531032937486,-0.0244100895036615,0.0,0.8867924528301887,1.0471204188481675,1.0432432432432432,0.9196704428424305,0.11320754716981132,-0.025906735751295335,,
2021,2704,-0.0008116883116883,0.0016214025131739,0.0081833060556464,0.001437532671197,-0.0008116883116883,0.0,0.9250814332247557,1.1103202846975089,1.116182572614108,0.9040774420651218,0.0749185667752443,0.055762081784386616,,
2021,2705,0.0,-0.0201848249027237,0.0005124263387137,0.0055773289116671,0.0,0.0,0.8425998433829287,1.0583804143126176,1.0181451612903225,0.8840349483717236,0.15740015661707127,0.06534653465346535,,
2021,2706,0.0035349072086858,-0.0055981501764634,-0.002015875015749,-0.0075940628236106,0.0,0.0035349072086858,0.8450789793438639,1.0454545454545454,1.0294985250737463,0.8302469135802469,0.15492102065613608,-0.0035816618911174787,,
2021,2707,-0.0074312608372554,0.0,-0.0073764445537251,-0.006768953068592,-0.0074312608372554,0.0,0.8523409363745498,1.0213675213675213,1.0430906389301635,0.8902439024390244,0.14765906362545017,0.011396011396011397,,
2021,2708,-0.0072639225181597,0.0027124773960216,-0.0100671140939597,0.0075187969924812,-0.0072639225181597,0.0,0.8324175824175825,1.053125,1.01628664495114,0.8541882109617374,0.16758241758241757,-0.028846153846153848,,
2021,2709,-0.0042342978122794,-0.0145202020202019,-0.0104748603351955,-0.0003864584943576,-0.0042342978122794,0.0,0.8702290076335878,1.0864197530864197,1.0299145299145298,0.8818306010928961,0.1297709923664122,-0.05394190871369295,,
2021,2710,-0.0119760479041916,-0.0126639529624604,-0.0118343195266271,-0.0068124775905342,-0.0119760479041916,0.0,0.8745519713261649,1.0,1.0633187772925765,0.8540706605222734,0.12544802867383512,0.002053388090349076,,
2021,2711,0.0014071766006633,-0.0061469411649917,0.0060673475578925,0.0106157112526539,0.0,0.0014071766006633,0.8649851632047477,1.0310344827586206,1.0087260034904013,0.7932960893854749,0.13501483679525222,0.00865051903114187,,
2021,2712,-0.0010851871947911,-0.007318348144276,0.0093099671412923,0.0088376273217496,-0.0010851871947911,0.0,0.8547945205479452,1.0820189274447949,1.0198019801980198,0.9968003937976865,0.14520547945205478,0.009708737864077669,,
2021,2713,-0.0045279601539506,-0.0010962508221881,0.0031796502384737,-0.0040448039825762,-0.0045279601539506,0.0,0.8492537313432836,1.1057884231536925,1.080373831775701,0.9005763688760807,0.15074626865671642,-0.015570934256055362,,
2021,2714,-0.0046816479400748,-0.0091096091683808,0.0050188205771644,0.0018799091017132,-0.0046816479400748,0.0,0.8113360323886639,1.067067067067067,1.0352673492605233,0.9528994032213215,0.18866396761133603,0.1010989010989011,,
2021,2715,-0.0068124775905342,0.0,0.0046829971181556,-0.016515716568993,-0.0068124775905342,0.0,0.8540706605222734,1.0296803652968036,1.0062111801242235,0.9023255813953488,0.14592933947772657,0.1440329218106996,,
2021,2716,-0.0199233716475095,-0.0110116999311769,-0.0217391304347825,-0.0014015416958654,-0.0199233716475095,0.0,0.7913907284768212,1.1367924528301887,1.058252427184466,0.9397905759162304,0.20860927152317882,0.0963302752293578,,
2021,2717,0.0094909404659189,0.0086100861008611,0.0017286084701815,-0.0079074031629612,0.0,0.0094909404659189,0.8688783570300158,1.056896551724138,1.0406189555125724,0.9132622853759621,0.13112164296998421,0.022304832713754646,,
2021,2718,-0.0077951002227171,-0.0183986371379897,0.0003713330857779,0.0114487010127697,-0.0077951002227171,0.0,0.8400621118012422,1.0522875816993464,0.9945750452079566,0.9159891598915989,0.15993788819875776,-0.016363636363636365,,
2021,2801,-0.0057077625570776,-0.0071794871794871,0.0022883295194509,0.0119555935098205,-0.0057077625570776,0.0,0.9082125603864735,1.0617977528089888,1.0920245398773005,0.8641975308641975,0.09178743961352658,0.056179775280898875,,
2021,2802,-0.0115967885816234,-0.0082824760244114,0.0076404494382023,0.0130392156862744,-0.0115967885816234,0.0,0.9190600522193212,1.168458781362007,1.1386861313868613,0.9692796610169492,0.08093994778067885,0.1282051282051282,,
2021,2803,-0.0154340836012861,-0.0120264582080577,-0.0038436899423446,-0.0093896713615023,-0.0154340836012861,0.0,0.8903394255874674,1.0372492836676217,1.0061349693251533,0.94106463878327,0.10966057441253264,0.039634146341463415,,
2021,2804,0.0031972097078913,-0.0016435615263684,0.005406195207481,-0.0087983911513322,0.0,0.0031972097078913,0.8908427339084274,1.0921658986175116,1.0729431721798135,0.8414074451810301,0.10915726609157266,0.06126482213438735,,
2021,2805,-0.0100671140939597,-0.0064056939501779,-0.0038570326562098,-0.0178389398572884,-0.0100671140939597,0.0,0.8490783410138248,1.1049935979513443,1.0700934579439252,1.0,0.15092165898617513,0.07278020378457059,,
2021,2806,-0.0164609053497942,-0.0025756600128783,-0.0115254237288136,0.0012166588675712,-0.0164609053497942,0.0,0.8162544169611308,1.049792531120332,1.0458715596330275,0.8044444444444444,0.18374558303886926,0.013157894736842105,,
2021,2807,0.0057544757033247,-0.0202803459588428,-0.0015959144589849,-0.0101786926034833,0.0,0.0057544757033247,0.9122596153846154,1.072992700729927,1.0382916053019147,0.9585571757482733,0.08774038461538461,0.07659574468085106,,
2021,2808,-0.0005037783375314,-0.0180394018514122,0.0010085728693898,0.0084530853761624,-0.0005037783375314,0.0,0.9084444444444445,1.0496957403651115,1.0170394036208732,0.8727272727272727,0.09155555555555556,0.07015706806282722,,
2021,2809,-0.0080604534005037,-0.0196165849308961,-0.0207202762703502,-0.0079239302694136,-0.0080604534005037,0.0,0.8819875776397516,1.1005291005291005,1.0574412532637076,0.9150943396226415,0.11801242236024845,0.05185185185185185,,
2021,2810,-0.0093708165997322,-0.0172528201725281,0.0218878248974008,-0.0076274588518667,-0.0093708165997322,0.0,0.9263565891472868,1.116751269035533,1.1822916666666667,0.9125,0.07364341085271318,0.05286343612334802,,
2021,2811,0.0015673981191222,-0.0110633066994468,0.0091743119266054,0.0181854459424792,0.0,0.0015673981191222,0.9069373942470389,1.1317991631799162,1.0809628008752736,0.9113124656781988,0.09306260575296109,0.08502024291497975,,
2021,2812,-0.0054347826086956,-0.029440628066732,-0.0212765957446808,-0.0109803921568627,-0.0054347826086956,0.0,0.8823529411764706,1.0432692307692308,1.0364583333333333,0.8895705521472392,0.11764705882352941,0.05527638190954774,,
2021,2813,-0.0022188323394813,-0.0080126100091948,0.0027812543457099,0.0197641587776116,-0.0022188323394813,0.0,0.8878134623845139,1.0570264765784114,1.0307692307692307,0.8764215314632298,0.11218653761548614,0.03860010293360782,,
2021,2814,-0.0096642929806713,-0.0170316301703162,-0.0045569620253164,-0.0042342978122794,-0.0096642929806713,0.0,0.8833746898263027,1.0793201133144477,1.0550161812297734,0.8702290076335878,0.11662531017369727,0.09202453987730061,,
2021,2815,0.0004310079428606,-0.009568812758417,0.0051989849600793,-0.0032371189641219,0.0,0.0004310079428606,0.8721693121693121,1.0662130332373725,1.0454426057262938,0.9742268041237113,0.12783068783068782,0.03542713567839196,,
2021,2816,0.0004105090311987,-0.0160981218857799,-0.0012300123001229,0.0018575851393189,0.0,0.0004105090311987,0.8491379310344828,1.0483460559796438,1.024390243902439,1.048780487804878,0.15086206896551724,0.042328042328042326,,
2021,2817,0.0048399106478034,-0.013352580295922,0.0041121495327103,0.0021385799828914,0.0,0.0048399106478034,0.8993788819875776,1.0345821325648414,1.0411392405063291,0.935811792041824,0.10062111801242236,0.10030395136778116,,
2021,2818,-0.010158013544018,0.0020942408376962,-0.0022522522522522,0.0036827890989443,-0.010158013544018,0.0,0.8644859813084113,1.0564971751412429,1.0476190476190477,0.9649122807017544,0.13551401869158877,0.05113636363636364,,
2021,2819,0.0032452480296707,-0.0078671328671329,0.0046576618537494,0.0142269996838444,0.0,0.0032452480296707,0.8577981651376146,1.0827067669172932,1.0222634508348794,0.9111347141086918,0.14220183486238533,0.018148820326678767,,
2021,3201,-0.0149625935162094,-0.0128266033254156,-0.0128015755785327,-0.0045279601539506,-0.0149625935162094,0.0,0.8896434634974533,1.0676229508196722,1.0743099787685775,0.8492537313432836,0.11035653650254669,0.03557312252964427,,
2021,3202,-0.0032278889606197,-0.0133217131474103,0.0029785029785029,-0.0126394052044609,-0.0032278889606197,0.0,0.8799204771371769,1.0326286764705883,0.9698354661791591,0.8797653958944281,0.12007952286282306,0.04288407163053723,,
2021,3203,0.0075187969924812,0.0035061357375407,0.0075757575757575,0.0085245901639343,0.0,0.0075187969924812,0.8541882109617374,1.0123873873873874,0.9739952718676123,0.8927335640138409,0.14581178903826267,0.0024271844660194173,,
2021,3204,-0.0040448039825762,-0.0105772136597159,-0.0003110419906687,-0.0072248981104112,-0.0040448039825762,0.0,0.9005763688760807,1.1251980982567353,1.0714285714285714,0.8956891963810537,0.0994236311239193,0.016260162601626018,,
2021,3205,0.0,-0.0122618786949857,0.0099166103222898,-0.0010851871947911,0.0,0.0,0.8469093009820913,1.0266836086404065,1.0,0.8547945205479452,0.15309069901790873,-0.012794612794612794,,
2021,3206,0.0007859575582918,-0.0130234933605719,-0.001569448077426,-0.0043725404459991,0.0,0.0007859575582918,0.8615107913669064,1.016728624535316,0.9968652037617555,0.8933468765871001,0.13848920863309352,0.0041928721174004195,,
2021,3207,0.0036258158085569,-0.0037225042301184,-0.0039725532683279,0.0113115255273616,0.0,0.0036258158085569,0.8722826086956522,1.0244360902255638,0.9947423764458465,0.8738912456613961,0.12771739130434784,0.017970401691331923,,
2021,3208,-0.0031786395422759,-0.0116175156389634,-0.0050600885515496,-0.0078125,-0.0031786395422759,0.0,0.8865478119935171,1.0149532710280373,0.98193315266486,0.9273356401384083,0.11345218800648298,0.006439742410303588,,
2021,3209,-0.000801282051282,-0.0135849056603774,-0.0039904229848364,0.0140398550724638,-0.000801282051282,0.0,0.9385593220338984,0.9705159705159705,1.072538860103627,1.0073891625615763,0.0614406779661017,0.07004830917874397,,
2021,3210,-0.0004577706569008,-0.0111408199643493,0.0041369800045967,0.0006852444038374,-0.0004577706569008,0.0,0.8781942078364565,1.059003051881994,1.0094438614900314,0.8626237623762376,0.12180579216354344,0.07172557172557173,,
2021,3211,0.0043410314290674,-0.015434745326702,0.0131949331456719,-0.0042112082928409,0.0,0.0043410314290674,0.8858695652173914,1.049342105263158,1.0087542087542087,0.927023945267959,0.11413043478260869,0.08811748998664887,,
2021,3212,-0.0087983911513322,-0.0131704980842911,0.0040383644623926,0.0005336179295625,-0.0087983911513322,0.0,0.8414074451810301,1.013189448441247,0.9892021595680864,0.9648829431438127,0.15859255481896992,0.0006064281382656155,,
2021,3213,-0.0072248981104112,-0.0099947396107311,-0.0062592047128129,-0.0154340836012861,-0.0072248981104112,0.0,0.8956891963810537,1.0546975546975548,1.034134007585335,0.8903394255874674,0.10431080361894625,0.028728606356968216,,
2021,3214,-0.0163841807909604,-0.027221366204417,-0.0078475336322869,-0.005181347150259,-0.0163841807909604,0.0,0.9249658935879945,1.0114942528735633,0.9788519637462235,0.8994334277620396,0.07503410641200546,0.046296296296296294,,
2021,3215,0.007312033063106,-0.0037950664136622,0.0115774240231547,0.0075845974329054,0.0,0.007312033063106,0.8329297820823245,1.026865671641791,0.9954973393368809,0.8283898305084746,0.16707021791767554,-0.009868421052631578,,
2021,3216,0.0102141274920009,0.0001671402306535,0.0074802661486961,-0.0038220986796386,0.0,0.0102141274920009,0.8973284442116292,1.045351939257131,1.0032064128256513,0.8829452485840151,0.10267155578837088,0.02656811825809029,,
2021,3217,-0.0065876152832674,-0.0158102766798419,-0.0060240963855421,0.0033482142857141,-0.0065876152832674,0.0,0.9276759884281581,1.0292580982236155,0.9882413087934561,0.7536585365853659,0.07232401157184185,-0.0046559751681324365,,
2021,3218,0.001437532671197,-0.0154263852893989,0.0041994750656169,-0.0005401026194976,0.0,0.001437532671197,0.9040774420651218,1.02625456962446,0.9713457823567289,0.8975640224859462,0.09592255793487826,0.02154458070931389,,
2021,3219,-0.0002820874471085,-0.0104366932161493,0.0031126202603282,-0.0032318879612173,-0.0002820874471085,0.0,0.8690095846645367,1.0489192263936291,1.0074906367041199,1.0695187165775402,0.13099041533546327,0.011152416356877323,,
2021,3220,-0.0043725404459991,-0.0243232640251078,-0.0019637791839406,-0.0224022878932316,-0.0043725404459991,0.0,0.8933468765871001,1.0192853091321612,0.9895833333333334,0.8758314855875832,0.10665312341289995,0.02865497076023392,,
2021,3221,-0.0070422535211267,-0.0135338345864661,-0.0028726460261729,-0.0055274067250115,-0.0070422535211267,0.0,0.9168949771689497,1.0524017467248907,1.018888888888889,0.8176100628930818,0.08310502283105023,0.09487459105779716,,
2021,3222,0.0018088634308108,-0.0104712041884816,0.0021148036253777,-0.0032498566239724,0.0,0.0018088634308108,0.9046416166719292,1.0343655589123868,1.0075431034482758,0.9069995105237396,0.09535838332807073,0.0213903743315508,,
2021,4401,-0.0146036161335187,-0.0119271814187068,-0.0130404941660947,0.0048554913294798,-0.0146036161335187,0.0,0.8753462603878116,1.002824858757062,0.9576547231270358,0.9909420289855072,0.12465373961218837,0.07482993197278912,,
2021,4402,-0.006768953068592,-0.0089361702127659,0.0,-0.000801282051282,-0.006768953068592,0.0,0.8902439024390244,1.0115163147792707,1.0063157894736843,0.9385593220338984,0.10975609756097561,0.06903765690376569,,
2021,4403,-0.0155131264916468,-0.0105177993527507,-0.0071090047393365,0.0094909404659189,-0.0155131264916468,0.0,0.9057116953762466,1.0504731861198737,1.0725274725274725,0.8688783570300158,0.0942883046237534,0.0235655737704918,,
2021,4404,-0.0063829787234042,-0.0179471032745591,-0.0129506475323766,0.0118125947801102,-0.0063829787234042,0.0,0.8621291448516579,1.0348837209302326,1.060674157303371,0.9060080106809079,0.13787085514834205,0.046610169491525424,,
2021,4405,-0.0087852677817198,-0.0010089120564991,0.0052649456521738,0.0106896738835531,-0.0087852677817198,0.0,0.8622262773722628,1.012401352874859,0.9880382775119617,0.8709167544783983,0.13777372262773724,0.1440677966101695,,
2021,4406,-0.0257894736842104,-0.0077934729663906,-0.0124740124740124,-0.0012774655084312,-0.0257894736842104,0.0,1.0403225806451613,1.127659574468085,1.1993127147766323,0.9,-0.04032258064516129,0.10888252148997135,,
2021,4407,-0.0065573770491803,-0.012381162944948,0.0007030700726504,-0.0052160953800297,-0.0065573770491803,0.0,0.8731617647058824,1.0816532258064515,1.0132304299889747,0.8680318543799772,0.12683823529411764,0.03373231773667029,,
2021,4408,-0.016515716568993,-0.0248684839789574,-0.0031864046733934,0.0028970239662891,-0.016515716568993,0.0,0.9023255813953488,1.015645371577575,1.0225988700564972,0.8893617021276595,0.09767441860465116,0.0718232044198895,,
2021,4409,0.0131137054213976,0.0052083333333332,0.0070864873570624,-0.0013667425968109,0.0,0.0131137054213976,0.8782837127845884,1.0678336980306347,1.0292792792792793,0.9161904761904762,0.12171628721541156,0.09737417943107221,,
2021,4410,-0.0007343491830364,-0.0126777143892058,0.0075841657417683,-0.0056081754735792,-0.0007343491830364,0.0,0.8969225064886911,1.0584279108869272,1.0031305903398926,0.8687763713080169,0.10307749351130886,0.07846633972358448,,
2021,4411,0.0037223152801042,-0.0064604185623293,-0.0004650730164635,0.0,0.0,0.0037223152801042,0.8976897689768977,1.031301482701812,1.0365699873896594,0.8469093009820913,0.10231023102310231,0.1030008110300081,,
2021,4412,0.0023457658925638,-0.0119136820020979,0.0020371386037765,-0.0050125313283208,0.0,0.0023457658925638,0.8999673095782935,1.0417624521072797,1.0276479750778815,0.8707692307692307,0.10003269042170644,0.04319818112921561,,
2021,4413,0.0065296251511486,-0.0015894363614133,0.0079219987812308,0.0004734848484848,0.0,0.0065296251511486,0.9106786427145709,1.0199878861296183,1.0248033877797944,0.9568480300187617,0.08932135728542914,0.07733175914994096,,
2021,4414,-0.0094533497739416,-0.0055292259083727,-0.0045008183306055,0.0114942528735633,-0.0094533497739416,0.0,0.8623481781376519,1.0357941834451903,1.0654911838790933,0.8835227272727273,0.13765182186234817,0.0070921985815602835,,
2021,4415,-0.0013440860215053,-0.0190930787589498,-0.0060120240480961,0.0047373841400617,-0.0013440860215053,0.0,0.9549019607843138,1.0244444444444445,1.0386363636363636,0.882229232386961,0.045098039215686274,0.06564551422319474,,
2021,4416,-0.0008285004142501,-0.003526645768025,-0.0065843621399176,0.0013727390180877,-0.0008285004142501,0.0,0.8656716417910447,1.0558213716108453,1.0488656195462478,0.8933177022274326,0.13432835820895522,0.06156405990016639,,
2021,4417,0.0112359550561798,-0.0268022181146025,-0.0096105209914011,-0.0070448646644419,0.0,0.0112359550561798,0.8656716417910447,1.0539130434782609,1.0059171597633136,0.8998527245949927,0.13432835820895522,0.023529411764705882,,
2021,4418,0.0005336179295625,0.0119565217391304,0.0032119914346895,-0.0118543607112616,0.0,0.0005336179295625,0.9648829431438127,1.0934343434343434,1.0354166666666667,0.8676923076923077,0.03511705685618729,0.16096579476861167,,
2021,4419,-0.0035530990919857,-0.0015168752370117,-0.0007889546351085,0.0119292472233649,-0.0035530990919857,0.0,0.8605947955390335,1.0861344537815125,1.039906103286385,0.821285140562249,0.13940520446096655,0.045146726862302484,,
2021,4420,-0.0070448646644419,-0.0104311543810848,-0.0055309734513274,-0.0158478605388272,-0.0070448646644419,0.0,0.8998527245949927,1.0657672849915683,1.0330882352941178,0.9128329297820823,0.10014727540500737,0.08718861209964412,,
2021,4421,-0.0133704735376044,-0.026183282980866,-0.0185893931109896,-0.0113951339698182,-0.0133704735376044,0.0,0.8853288364249579,1.0243478260869565,1.0202839756592292,0.8931860036832413,0.11467116357504216,0.0437375745526839,,
2021,4422,0.0109666937449228,-0.0079333597778659,-0.0052525252525252,0.0080906148867314,0.0,0.0109666937449228,0.8210332103321033,1.0072463768115942,0.9975186104218362,1.0343283582089553,0.17896678966789667,0.10696517412935323,,
2021,4423,0.0141583882647851,-0.0002810567734682,0.0095130980833215,-0.0016304347826087,0.0,0.0141583882647851,0.895473431008091,1.0283468986808868,0.9889814565976888,0.853185595567867,0.10452656899190903,0.11277173913043478,,
2021,4424,-0.0032498566239724,-0.0107142857142856,-0.0094679038060973,0.0065586419753085,-0.0032498566239724,0.0,0.9069995105237396,1.0494104435710274,1.003003003003003,0.9157340355497038,0.0930004894762604,0.10958083832335329,,
2021,4425,-0.0031540504648074,-0.0167357592507293,0.0004982561036372,-0.0035889070146818,-0.0031540504648074,0.0,0.9162011173184358,1.0699351117519826,1.0134443021766966,0.9552447552447553,0.08379888268156424,0.036007580543272265,,
2021,4426,-0.0182410423452769,-0.0135718692165329,0.0052390307793057,-0.0042918454935622,-0.0182410423452769,0.0,0.9172749391727494,1.0435897435897437,1.0222841225626742,0.841642228739003,0.0827250608272506,0.027247956403269755,,
2021,4427,-0.0039875941515286,-0.0231736056559308,-0.013548951048951,-0.0093708165997322,-0.0039875941515286,0.0,0.8892307692307693,1.045731707317073,1.0315985130111525,0.9263565891472868,0.11076923076923077,0.04144144144144144,,
2021,5201,0.0119292472233649,0.0012259910093992,0.0028877887788778,-0.0052242054854158,0.0,0.0119292472233649,0.821285140562249,1.1124620060790273,1.1325301204819278,0.8742857142857143,0.178714859437751,0.08776595744680851,,
2021,5202,0.0113115255273616,0.001958157270947,0.0152079453755431,-0.0077951002227171,0.0,0.0113115255273616,0.8738912456613961,1.0882040382571732,1.055879494655005,0.8400621118012422,0.12610875433860394,0.042797975149562816,,
2021,5203,-0.0058913375518219,-0.0010736525660296,0.0048235036176276,-0.0094533497739416,-0.0058913375518219,0.0,0.9712230215827338,1.361266294227188,1.324468085106383,0.8623481781376519,0.02877697841726619,0.08433734939759036,,
2021,5204,0.0106157112526539,0.0061538461538461,-0.0125786163522012,-0.019771071800208,0.0,0.0106157112526539,0.7932960893854749,1.0158730158730158,1.0564516129032258,0.9226361031518625,0.20670391061452514,0.08396946564885496,,
2021,5205,-0.0031620553359683,-0.0038880248833592,0.0144346431435444,0.0133644346871568,-0.0031620553359683,0.0,0.8955223880597015,1.1057692307692308,1.0784313725490196,0.922216573462125,0.1044776119402985,0.09090909090909091,,
2021,5206,0.0033174372797013,0.0006076564715413,-0.000621632822213,-0.0031325301204819,0.0,0.0033174372797013,0.8194130925507901,1.0899550224887555,1.0918032786885246,0.8882921589688507,0.18058690744920994,0.09009009009009009,,
2021,5207,-0.0051603391079985,-0.0069108500345542,0.0059325176121616,0.0003699593044765,-0.0051603391079985,0.0,0.9152276295133438,1.1761252446183954,1.1691331923890063,0.8970427163198248,0.0847723704866562,0.054249547920433995,,
2021,5208,-0.0126394052044609,-0.0108621860149354,-0.0095729013254786,-0.0031620553359683,-0.0126394052044609,0.0,0.8797653958944281,1.0514705882352942,1.078740157480315,0.8955223880597015,0.12023460410557185,0.0948905109489051,,
2021,5209,-0.0118543607112616,-0.0176245210727968,0.0119965724078834,-0.0057077625570776,-0.0118543607112616,0.0,0.8676923076923077,1.0274509803921568,1.0867768595041323,0.9082125603864735,0.13230769230769232,0.07224334600760456,,
2021,5210,0.011090991398823,0.0025670945157525,0.005461993627674,0.014642752131726,0.0,0.011090991398823,0.8503767491926802,1.162037037037037,1.091970802919708,0.9624615384615385,0.1496232508073197,0.05614973262032086,,
2021,5211,0.0048744820862782,0.0028908696699589,0.0041605482134117,-0.0054347826086956,0.0,0.0048744820862782,0.8116531165311653,1.0795454545454546,1.0925196850393701,0.8823529411764706,0.18834688346883469,0.07927927927927927,,
2021,5212,-0.0056081754735792,-0.0096232836521534,-0.0040958173017252,0.0031972097078913,-0.0056081754735792,0.0,0.8687763713080169,1.0875211744776963,1.0665212649945475,0.8908427339084274,0.13122362869198312,0.05265848670756646,,
2021,5213,0.0119555935098205,0.0110151830902054,0.0100632547441057,-0.0039648824695553,0.0,0.0119555935098205,0.8641975308641975,1.2342105263157894,1.1515957446808511,0.8694117647058823,0.13580246913580246,0.13163972286374134,,
2021,5214,0.0304093567251462,-0.0007812499999999,0.031363088057901,-0.0074312608372554,0.0,0.0304093567251462,0.941834451901566,1.281899109792285,1.2412698412698413,0.8523409363745498,0.058165548098434,0.07672634271099744,,
2021,5215,0.0037523452157599,-0.0039414414414414,-0.0074487895716945,-0.0022188323394813,0.0,0.0037523452157599,0.8264705882352941,1.060483870967742,1.1440677966101696,0.8878134623845139,0.17352941176470588,0.040740740740740744,,
2021,5216,0.0162790697674417,0.0102764448596543,0.0176902402824019,-0.0223924572775485,0.0,0.0162790697674417,0.8992306248827172,1.1462809917355372,1.086629944917376,0.850828729281768,0.10076937511728279,0.10414746543778802,,
2021,5217,0.0158730158730158,0.0054644808743169,0.0117773019271949,0.0304093567251462,0.0,0.0158730158730158,0.9304556354916067,1.2330827067669172,1.1433333333333333,0.941834451901566,0.06954436450839328,0.13119533527696792,,
2021,5218,-0.017447199265381,0.0009049773755656,-0.0081967213114754,-0.0035530990919857,-0.017447199265381,0.0,0.8362989323843416,1.0330188679245282,1.1298076923076923,0.8605947955390335,0.16370106761565836,0.0,,
2021,5219,0.0063214930764599,0.0041538461538461,0.0085003035822708,0.0018088634308108,0.0,0.0063214930764599,0.9121395036887995,1.1699410609037328,1.1646825396825398,0.9046416166719292,0.08786049631120053,0.15843270868824533,,
2021,5220,-0.0030823425803611,-0.0104965684295518,-0.0039473684210525,-0.0051603391079985,-0.0030823425803611,0.0,0.9782244556113903,1.1490280777537798,1.1425531914893616,0.9152276295133438,0.021775544388609715,0.08752327746741155,,
2021,5221,0.022615535889872,-0.0009074410163338,0.0089285714285713,0.0,0.0,0.022615535889872,0.8745387453874539,1.03,1.0964467005076142,0.8935762224352828,0.12546125461254612,0.09722222222222222,,
2021,5301,-0.0048409405255878,-0.0099553724682458,0.0090718771807396,0.0048744820862782,-0.0048409405255878,0.0,0.9376181474480151,1.2891891891891891,1.2876712328767124,0.8116531165311653,0.062381852551984876,0.05531914893617021,,
2021,5302,-0.0063999999999999,-0.0052014165559982,-0.0010275145564562,0.0094258783204799,-0.0063999999999999,0.0,0.9317507418397626,1.1556372549019607,1.1151213441194774,0.8804780876494024,0.06824925816023739,0.05133928571428571,,
2021,5303,-0.0270444301352221,-0.016453382084095,0.0006443298969072,-0.0166898470097357,-0.0270444301352221,0.0,0.9496221662468514,1.037037037037037,1.0178571428571428,0.8857142857142857,0.05037783375314862,0.1023391812865497,,
2021,5304,-0.0052242054854158,-0.0116424116424116,0.0087834870443566,0.0162790697674417,-0.0052242054854158,0.0,0.8742857142857143,1.0721153846153846,1.0759493670886076,0.8992306248827172,0.12571428571428572,0.08,,
2021,5305,-0.0016304347826087,-0.0073413738856843,-0.001085776330076,0.0065314541079408,-0.0016304347826087,0.0,0.853185595567867,1.0874125874125875,1.0477941176470589,0.9488296135002722,0.14681440443213298,0.08070175438596491,,
2021,5306,-0.0109803921568627,-0.012230215827338,0.0047281323877068,0.0023457658925638,-0.0109803921568627,0.0,0.8895705521472392,1.106837606837607,1.0452830188679245,0.8999673095782935,0.11042944785276074,0.04693140794223827,,
2021,5307,0.0085245901639343,-0.0199128811449906,0.0072655217965653,-0.0069897483690587,0.0,0.0085245901639343,0.8927335640138409,1.144736842105263,1.0881057268722467,0.8525798525798526,0.10726643598615918,0.044534412955465584,,
2021,5308,-0.0102364984115778,-0.0197767145135566,-0.0017618040873854,0.0102141274920009,-0.0102364984115778,0.0,0.9647266313932981,1.2476635514018692,1.1707865168539326,0.8973284442116292,0.03527336860670194,0.04990403071017274,,
2021,5309,-0.0042933195947105,-0.0093489716131225,0.0051786639047126,-0.0042210283960092,-0.0042933195947105,0.0,0.8796445880452343,1.113744075829384,1.0414141414141413,0.8921885087153002,0.12035541195476575,0.05625606207565471,,
2021,5310,-0.009367681498829,-0.0060279187817259,-0.0099370652533952,0.0131137054213976,-0.009367681498829,0.0,0.9618441971383148,1.1385542168674698,1.0968379446640317,0.8782837127845884,0.03815580286168521,0.09009009009009009,,
2021,5311,0.0114942528735633,0.003188775510204,0.0032030749519538,-0.0111669458403126,0.0,0.0114942528735633,0.8835227272727273,1.151639344262295,1.1044776119402986,0.9237875288683602,0.11647727272727272,0.05067567567567568,,
2021,5312,0.0070318282753516,-0.0071761750986724,0.0029695619896066,-0.0100671140939597,0.0,0.0070318282753516,0.8745704467353952,1.0763723150357996,1.0505494505494506,0.8490783410138248,0.1254295532646048,0.06485355648535565,,
2021,5313,-0.0042210283960092,-0.0094040058622374,-0.006733578960742,-0.0078624078624078,-0.0042210283960092,0.0,0.8921885087153002,1.160919540229885,1.1147679324894515,0.9423631123919308,0.1078114912846998,0.04617713853141559,,
2021,5314,-0.0094991364421416,-0.0347334410339257,-0.0008628127696289,0.0037523452157599,-0.0094991364421416,0.0,0.8922558922558923,1.1152073732718895,1.066079295154185,0.8264705882352941,0.10774410774410774,0.09504132231404959,,
2021,5315,0.0106896738835531,0.0026050515347151,0.0159876509179117,-0.0039875941515286,0.0,0.0106896738835531,0.8709167544783983,1.0799402316025402,1.069927536231884,0.8892307692307693,0.1290832455216017,0.1195394514053505,,
2021,5316,0.0,-0.0077757315326376,-0.0016899028305872,0.0035349072086858,0.0,0.0,0.8935762224352828,1.11375,1.0363849765258215,0.8450789793438639,0.10642377756471716,0.05549263873159683,,
2021,5317,0.0061099796334012,-0.0029995385325334,0.0130674002751032,-0.0134003350083752,0.0,0.0061099796334012,0.8968446601941747,1.1308724832214765,1.104026845637584,0.8489208633093526,0.10315533980582524,0.12310030395136778,,
2021,5318,0.0121784137616074,-0.0065339141257,0.011237684729064,0.0141583882647851,0.0,0.0121784137616074,0.8851884312007011,1.1651270207852193,1.0957810718358039,0.895473431008091,0.11481156879929887,0.05098855359001041,,
2021,5319,-0.0069897483690587,0.0023663038334122,0.0146572104018911,0.0138929943836831,-0.0069897483690587,0.0,0.8525798525798526,1.0746268656716418,1.0954063604240283,0.960042339243186,0.14742014742014742,0.11935483870967742,,
2021,7501,-0.0012774655084312,-0.0043934586282645,-0.0063467885250063,0.0077481840193704,-0.0012774655084312,0.0,0.9,1.0652866242038217,1.021472392638037,0.84375,0.1,0.04054054054054054,,
2021,7502,0.0040976305006235,-0.007355399531929,-0.0035505059470974,-0.017447199265381,0.0,0.0040976305006235,0.9007042253521127,1.0667209113100082,1.0608919382504287,0.8362989323843416,0.09929577464788733,0.03395311236863379,,
2021,7503,0.0059255747807538,0.0033380622548611,0.012722035525684,-0.0129390018484288,0.0,0.0059255747807538,0.9036654135338346,1.165860400829302,1.1404199475065617,0.9530332681017613,0.09633458646616541,0.10644418872266974,,
2021,7504,-0.0071428571428571,-0.0118694362017803,-0.0077958894401134,-0.0072524407252441,-0.0071428571428571,0.0,0.9461426491994177,1.0813953488372092,1.0696864111498259,0.9287974683544303,0.053857350800582245,0.05863192182410423,,
2021,7505,0.0181854459424792,0.0100069448828841,0.0230069399895025,-0.0004577706569008,0.0,0.0181854459424792,0.9113124656781988,1.106669157481786,1.041930515146329,0.8781942078364565,0.08868753432180121,0.09034165571616294,,
2021,7506,-0.0086614173228346,-0.0114096429885903,0.0051444400474871,0.0147335718320467,-0.0086614173228346,0.0,0.8107606679035251,1.032994923857868,1.032994923857868,0.9431167016072677,0.18923933209647495,0.07371007371007371,,
2021,7507,0.0028970239662891,-0.0131645569620253,0.0042316847394869,-0.0075499971183217,0.0,0.0028970239662891,0.8893617021276595,1.032733224222586,1.024390243902439,0.9555288461538461,0.11063829787234042,0.0663265306122449,,
2021,7508,-0.024,-0.0149253731343284,-0.0190582959641255,0.0062524423602969,-0.024,0.0,0.8119834710743802,1.038265306122449,1.0811594202898551,0.9698085419734904,0.18801652892561985,0.05361930294906166,,
2021,7509,0.0027837921435198,-0.0129012901290128,0.0106283213504219,-0.024,0.0,0.0027837921435198,0.9667630057803468,1.1669691470054446,1.1853932584269662,0.8119834710743802,0.033236994219653176,0.05687203791469194,,
2021,7510,-0.010531032937486,-0.0031208203299153,0.0115593834995466,-0.0257894736842104,-0.010531032937486,0.0,0.9196704428424305,1.1678726483357453,1.1440559440559441,1.0403225806451613,0.08032955715756952,0.09168704156479218,,
2021,7511,-0.0099088386841061,-0.0179451090781139,-0.0198135198135198,0.0065296251511486,-0.0099088386841061,0.0,0.9097472924187726,1.0666666666666667,1.0205338809034907,0.9106786427145709,0.09025270758122744,0.014084507042253521,,
2021,7512,0.0065586419753085,-0.0035419126328217,0.0172684458398744,0.0061099796334012,0.0,0.0065586419753085,0.9157340355497038,1.175284837861525,1.1739910313901345,0.8968446601941747,0.08426596445029624,0.06264323911382735,,
2021,7513,0.0069944891903348,0.0109023428438876,0.0323851203501093,-0.0071428571428571,0.0,0.0069944891903348,0.9751295336787564,1.2536656891495601,1.1803713527851458,0.9461426491994177,0.024870466321243522,0.05730337078651685,,
2021,7514,0.0130694548170275,-0.0073937153419593,0.0071455434373823,-0.0232067510548523,0.0,0.0130694548170275,0.9386920980926431,1.1234119782214156,1.0818330605564648,0.9215017064846417,0.06130790190735695,0.04236006051437216,,
2021,7515,0.0018575851393189,-0.0044136191677175,0.0189274447949527,-0.0065876152832674,0.0,0.0018575851393189,1.048780487804878,1.2804878048780488,1.1863013698630136,0.9276759884281581,-0.04878048780487805,0.09237875288683603,,
2021,7516,0.0059238363892806,-0.0033745781777277,0.0102593331433455,-0.0099088386841061,0.0,0.0059238363892806,1.0115062761506277,1.1590909090909092,1.125456760048721,0.9097472924187726,-0.011506276150627616,0.046536796536796536,,
2021,7517,-0.0005401026194976,-0.0078391705651789,0.000675584380489,-0.009367681498829,-0.0005401026194976,0.0,0.8975640224859462,1.0364912280701755,1.010502625656414,0.9618441971383148,0.10243597751405371,0.066815144766147,,
2021,7518,0.0016666666666667,-0.0131375579598145,-0.0062111801242236,0.0014071766006633,0.0,0.0016666666666667,1.0075329566854991,1.0972850678733033,1.1339285714285714,0.8649851632047477,-0.007532956685499058,0.0531496062992126,,
2021,7519,-0.0078864353312302,-0.0118757612667478,0.0015797788309637,-0.0034916201117318,-0.0078864353312302,0.0,0.8704512372634643,1.0527306967984935,0.9825783972125436,0.8456591639871383,0.12954876273653565,0.06028368794326241,,
2021,7520,-0.0050125313283208,-0.0108674175064216,-0.0045738045738045,-0.0133704735376044,-0.0050125313283208,0.0,0.8707692307692307,1.074390243902439,1.028169014084507,0.8853288364249579,0.12923076923076923,0.057285180572851806,,
2021,7521,-0.0081124932395889,-0.0054428500742206,-0.0026968716289104,-0.0204831932773109,-0.0081124932395889,0.0,0.9832775919732442,1.1409691629955947,1.097457627118644,0.9481382978723404,0.016722408026755852,0.13513513513513514,,
2021,7522,-0.0038220986796386,-0.0160140397060436,-0.0056432108718185,0.0063214930764599,-0.0038220986796386,0.0,0.8829452485840151,1.0700389105058365,0.9962121212121212,0.9121395036887995,0.1170547514159849,0.06692015209125475,,
2021,7523,-0.0054674685620558,-0.0111760660247592,-0.0016375545851528,-0.0164609053497942,-0.0054674685620558,0.0,0.9007832898172323,1.0975103734439835,1.037344398340249,0.8162544169611308,0.09921671018276762,0.035,,
2021,7524,-0.0063977746870653,-0.0098801211961533,-0.0056700318074954,0.0047763095048558,-0.0063977746870653,0.0,0.8750862663906143,1.070069204152249,1.0306211723534557,0.9540400296515937,0.12491373360938578,0.07640067911714771,,
2021,7525,0.0056148231330712,-0.0122797650827549,0.0067834934991519,-0.0115967885816234,0.0,0.0056148231330712,0.9029535864978903,1.0977443609022557,1.0735694822888284,0.9190600522193212,0.0970464135021097,0.08629441624365482,,
2021,7526,-0.0068846815834767,-0.0115348399246704,0.001970928800197,-0.0002820874471085,-0.0068846815834767,0.0,0.9595959595959596,1.3314500941619585,1.3101604278074865,0.8690095846645367,0.04040404040404041,0.034013605442176874,,
2021,7527,-0.0133101851851852,-0.0063626723223754,-0.0086058519793459,-0.0008116883116883,-0.0133101851851852,0.0,0.8860103626943006,1.0461538461538462,1.034375,0.9250814332247557,0.11398963730569948,0.03323262839879154,,
2021,7528,-0.0035889070146818,-0.0018808777429467,-0.0064829821717989,0.0042444821731748,-0.0035889070146818,0.0,0.9552447552447553,1.1245614035087719,1.1243611584327087,0.9208400646203554,0.044755244755244755,0.03484848484848485,,
2021,7529,-0.0123632905373276,-0.000453514739229,0.0154514727184935,-0.0163841807909604,-0.0123632905373276,0.0,0.9438775510204082,1.2661596958174905,1.308550185873606,0.9249658935879945,0.05612244897959184,0.05113636363636364,,
2021,7530,-0.0079239302694136,-0.0278551532033426,-0.0101960784313726,-0.00096215522771,-0.0079239302694136,0.0,0.9150943396226415,1.1306122448979592,1.1223628691983123,0.9528662420382166,0.08490566037735849,0.09398496240601503,,
2021,7531,-0.019771071800208,-0.0106235565819861,-0.0113168724279835,-0.0137318255250403,-0.019771071800208,0.0,0.9226361031518625,1.08203125,1.075,0.8021680216802168,0.07736389684813753,0.06976744186046512,,
2021,7532,0.0004734848484848,-0.0182745431364216,-0.0121608980355472,-0.0086614173228346,0.0,0.0004734848484848,0.9568480300187617,1.0864485981308412,0.9979166666666667,0.8107606679035251,0.043151969981238276,0.06471816283924843,,
2021,7601,-0.012043795620438,-0.0014513788098693,0.0073529411764705,0.0129623774897249,-0.012043795620438,0.0,1.025516403402187,1.3221238938053097,1.2901134521880064,0.9461722488038278,-0.02551640340218712,0.06030150753768844,,
2021,7602,0.0052589641434261,-0.0012795905310301,0.0138956212635321,0.0037223152801042,0.0,0.0052589641434261,0.9080056179775281,1.0559862187769165,1.040133779264214,0.8976897689768977,0.09199438202247191,0.03938906752411576,,
2021,7603,-0.0026920687512942,-0.017644726407613,0.0045766590389015,0.0158730158730158,-0.0026920687512942,0.0,0.9528005034612964,1.1061946902654867,1.0365591397849463,0.9304556354916067,0.04719949653870359,0.04702627939142462,,
2021,7604,-0.0078624078624078,-0.016572077185017,-0.00634765625,0.0023564695801199,-0.0078624078624078,0.0,0.9423631123919308,1.045,1.0627177700348431,0.9539622641509434,0.05763688760806916,0.07213114754098361,,
2021,7605,-0.0129390018484288,0.0018094089264173,-0.000615763546798,0.0048399106478034,-0.0129390018484288,0.0,0.9530332681017613,1.1581632653061225,1.056689342403628,0.8993788819875776,0.046966731898238745,0.045064377682403435,,
2021,7606,0.0012974375608174,-0.0016020506247997,0.0121470781352592,0.0121784137616074,0.0,0.0012974375608174,0.9717129387113672,1.1494736842105264,1.0952978056426332,0.8851884312007011,0.028287061288632794,0.061820263308528904,,
2021,7607,-0.0093896713615023,-0.0276898734177215,-0.0008528784648187,-0.0007343491830364,-0.0093896713615023,0.0,0.94106463878327,1.1065375302663438,1.0762331838565022,0.8969225064886911,0.058935361216730035,0.03125,,
2021,7608,0.0023564695801199,-0.0123456790123457,-0.0032030749519538,-0.0005037783375314,0.0,0.0023564695801199,0.9539622641509434,1.0775788576300085,1.0199134199134199,0.9084444444444445,0.046037735849056606,0.0730050933786078,,
2021,7609,-0.0064808813998703,-0.0142011834319526,0.0032509752925877,0.0112359550561798,-0.0064808813998703,0.0,1.0440613026819923,1.0101010101010102,1.1108545034642032,0.8656716417910447,-0.044061302681992334,0.13305613305613306,,
2021,7610,-0.0031325301204819,-0.0097109304426377,-0.0062260536398467,0.0004310079428606,-0.0031325301204819,0.0,0.8882921589688507,1.0525672371638142,1.0175219023779725,0.8721693121693121,0.11170784103114931,0.017220172201722016,,
2021,7611,-0.0091264667535854,-0.0113547376664056,-0.0154043645699615,-0.0199233716475095,-0.0091264667535854,0.0,0.9481641468682506,1.0583333333333333,1.0394736842105263,0.7913907284768212,0.05183585313174946,0.11139240506329114,,
2021,7612,-0.0036242826940501,-0.011111111111111,0.0018154311649016,-0.0155131264916468,-0.0036242826940501,0.0,0.9232456140350878,1.0507343124165553,1.020356234096692,0.9057116953762466,0.07675438596491228,0.04987531172069826,,
2021,7613,-0.0103370786516854,-0.0075250836120401,-0.0053643272239606,0.0007859575582918,-0.0103370786516854,0.0,0.92578125,1.1945945945945946,1.1776649746192893,0.8615107913669064,0.07421875,0.021551724137931036,,
2021,7614,-0.0178389398572884,-0.0024425989252564,0.0123839009287924,0.0046142289945272,-0.0178389398572884,0.0,1.0,1.1573033707865168,1.1137931034482758,0.9484073575594437,0.0,0.07739938080495357,,
2021,7615,0.0042444821731748,-0.0036504187245007,0.0102915951972555,-0.012043795620438,0.0,0.0042444821731748,0.9208400646203554,1.0241691842900302,1.0170616113744075,1.025516403402187,0.0791599353796446,0.06244175209692451,,
2021,7616,0.0178602696550516,0.0054005823236591,0.0169612251257622,-0.0069384215091067,0.0,0.0178602696550516,0.936395175945812,1.1191765980498374,1.069247655158651,0.8895184135977338,0.063604824054188,0.05785740948114968,,
2021,7617,-0.0101786926034833,-0.0068011788710042,0.0137583123136895,-0.0108459869848156,-0.0101786926034833,0.0,0.9585571757482733,1.1527638190954774,1.0788757932910245,0.8647686832740213,0.04144282425172678,0.04957983193277311,,
2021,7618,0.0130392156862744,-0.0153100775193798,0.0126079618782883,-0.006269592476489,0.0,0.0130392156862744,0.9692796610169492,1.1420479302832245,1.0943856794141578,0.9208074534161491,0.03072033898305085,0.020446096654275093,,
2021,7619,-0.0232067510548523,-0.0174379610999328,-0.0028050490883591,0.0109666937449228,-0.0232067510548523,0.0,0.9215017064846417,1.1736842105263159,1.1923076923076923,0.8210332103321033,0.07849829351535836,0.08870967741935484,,
2021,7620,0.0088376273217496,-0.0010305483989694,0.0040607610166942,0.0059238363892806,0.0,0.0088376273217496,0.9968003937976865,1.2032604925424906,1.1468531468531469,1.0115062761506277,0.0031996062023135615,0.028963414634146343,,
2021,7621,-0.0040124832813196,-0.006619688234038,0.0004460303300624,-0.009486166007905,-0.0040124832813196,0.0,0.9028776978417267,1.0906862745098038,1.132387706855792,0.8731343283582089,0.09712230215827339,0.04801670146137787,,
2021,7622,-0.0103292446739832,0.0011929615269907,0.0064977257959715,0.0178602696550516,-0.0103292446739832,0.0,0.9305912596401028,1.0438729198184569,1.0148809523809523,0.936395175945812,0.06940874035989718,0.06158357771260997,,
2021,7623,-0.0042112082928409,-0.0097465886939571,0.0052100293064147,0.0033174372797013,-0.0042112082928409,0.0,0.927023945267959,1.1662049861495845,1.0742296918767507,0.8194130925507901,0.07297605473204105,0.05997392438070404,,
2021,7624,-0.0262753534111862,-0.0099667774086378,-0.0045885591924136,0.0131412286257124,-0.0262753534111862,0.0,0.8704156479217604,1.1414868105515588,1.100486223662885,0.948785046728972,0.1295843520782396,0.048600883652430045,,
2021,7625,0.0104820643305583,0.0013333333333334,0.0136529296327445,0.0057544757033247,0.0,0.0104820643305583,0.9613168724279836,1.1013153773880364,1.0570279928528887,0.9122596153846154,0.03868312757201646,0.151711508663192,,
2021,8401,0.0044860542227422,0.0048024012006002,0.0125407326947764,0.0069944891903348,0.0,0.0044860542227422,0.9102067183462532,1.1105675146771037,1.0424028268551238,0.9751295336787564,0.08979328165374677,0.19406779661016949,,
2021,8402,-0.0032371189641219,0.0036439354502864,-0.0053662463107057,0.0032452480296707,-0.0032371189641219,0.0,0.9742268041237113,1.191977077363897,1.2,0.8577981651376146,0.02577319587628866,0.04304635761589404,,
2021,8403,-0.0008726003490401,-0.0073891625615764,-0.015040825096691,0.0,-0.0008726003490401,0.0,0.856687898089172,1.082437275985663,1.0158730158730158,0.8425998433829287,0.14331210191082802,0.05078125,,
2021,8404,0.0094258783204799,-0.0094258783204798,0.0263852242744062,-0.0096642929806713,0.0,0.0094258783204799,0.8804780876494024,1.0710659898477157,1.0418848167539267,0.8833746898263027,0.11952191235059761,0.11055276381909548,,
2021,8405,0.0055773289116671,-0.0016822144058724,0.0120518688024409,0.0124378109452736,0.0,0.0055773289116671,0.8840349483717236,1.0571428571428572,1.0646817248459959,0.8773690078037905,0.11596505162827642,0.07328833172613308,,
2021,8406,0.0197641587776116,0.0144717800289435,0.0265984654731457,-0.0197287299630086,0.0,0.0197641587776116,0.8764215314632298,1.0341796875,1.0253164556962024,0.9221311475409836,0.12357846853677028,0.09781576448243115,,
2021,8407,0.0078175895765473,-0.0044683926928636,0.0074822788133368,-0.0146036161335187,0.0,0.0078175895765473,0.9024960998439937,1.0726495726495726,1.0331658291457286,0.8753462603878116,0.09750390015600624,0.1254863813229572,,
2021,8408,0.0013727390180877,0.0105356998135992,0.0049500933214314,0.0052589641434261,0.0,0.0013727390180877,0.8933177022274326,1.0680576254346745,1.03870343492985,0.9080056179775281,0.10668229777256741,0.0647414997671169,,
2021,8409,-0.0079074031629612,0.0031276656241114,0.0030461520777056,-0.0081124932395889,-0.0079074031629612,0.0,0.9132622853759621,1.0698135660452202,1.0314761215629522,0.9832775919732442,0.0867377146240379,0.08207646439845669,,
2021,8410,-0.0055274067250115,0.0022925263640531,0.0023084025854109,0.0012974375608174,-0.0055274067250115,0.0,0.8176100628930818,1.0333333333333334,0.9715762273901809,0.9717129387113672,0.18238993710691823,0.03723404255319149,,
2021,8411,-0.0197287299630086,-0.0050704225352112,0.0049566294919454,0.0067743616466908,-0.0197287299630086,0.0,0.9221311475409836,0.9754901960784313,0.9540816326530612,0.9396092362344582,0.0778688524590164,0.20320855614973263,,
2021,8412,0.0084530853761624,-0.001685630004214,0.015015015015015,0.0140756741690475,0.0,0.0084530853761624,0.8727272727272727,1.0940438871473355,1.0635451505016722,0.9320557491289199,0.12727272727272726,0.05660377358490566,,
2021,8413,-0.0197026688160487,0.0005173305742369,0.0121464829586657,-0.0072639225181597,-0.0197026688160487,0.0,0.8740068104426788,0.9649122807017544,0.926829268292683,0.8324175824175825,0.12599318955732122,0.26644736842105265,,
2021,8414,-0.0075940628236106,-0.002686366689053,0.0055536272127734,-0.0065573770491803,-0.0075940628236106,0.0,0.8302469135802469,1.0263157894736843,1.0817757009345794,0.8731617647058824,0.1697530864197531,0.16198704103671707,,
2021,8415,-0.0204831932773109,-0.001578947368421,0.0031612223393044,0.007312033063106,-0.0204831932773109,0.0,0.9481382978723404,1.1176470588235294,1.0623853211009173,0.8329297820823245,0.05186170212765957,0.231433506044905,,
2021,8416,0.0022870980761469,0.0107614766380601,0.0078644067796609,-0.0058913375518219,0.0,0.0022870980761469,0.9632260760551609,1.062586926286509,1.0405105438401776,0.9712230215827338,0.03677392394483912,0.22933333333333333,,
2021,8417,-0.0166898470097357,-0.0017706949977865,0.0041899441340782,-0.0097132284921369,-0.0166898470097357,0.0,0.8857142857142857,1.0896739130434783,1.0505050505050506,0.8613678373382625,0.11428571428571428,0.04326923076923077,,
2021,8418,-0.0158478605388272,0.0083128078817733,0.0038180082723513,-0.0102364984115778,-0.0158478605388272,0.0,0.9128329297820823,1.033457249070632,1.0074349442379182,0.9647266313932981,0.08716707021791767,0.39114391143911437,,
2021,8419,-0.0113951339698182,-0.0089029293509477,-0.007640586797066,-0.0048409405255878,-0.0113951339698182,0.0,0.8931860036832413,1.1111111111111112,1.0674157303370786,0.9376181474480151,0.10681399631675875,0.021052631578947368,,
2021,8420,0.0114487010127697,-0.0129477772982304,0.0,-0.0026920687512942,0.0,0.0114487010127697,0.9159891598915989,1.1029900332225913,1.113879003558719,0.9528005034612964,0.08401084010840108,0.07987220447284345,,
2021,8421,0.0142269996838444,0.0044031830238726,0.0176101054913049,-0.0030823425803611,0.0,0.0142269996838444,0.9111347141086918,1.0619353304802663,1.0306585500830105,0.9782244556113903,0.0888652858913082,0.1054553264604811,,
2021,8422,0.0072823568354849,-0.005270092226614,0.0103678929765886,-0.0044692737430167,0.0,0.0072823568354849,0.9394812680115274,1.1011450381679388,1.06368330464716,0.8798076923076923,0.06051873198847262,0.05501618122977346,,
2021,8423,-0.005181347150259,-0.01156271899089,-0.0039698292973402,0.0004105090311987,-0.005181347150259,0.0,0.8994334277620396,1.1314387211367674,1.0449826989619377,0.8491379310344828,0.10056657223796034,0.05132450331125828,,
2021,8424,-0.0097132284921369,-0.0034290612944706,0.0,0.022615535889872,-0.0097132284921369,0.0,0.8613678373382625,1.080684596577017,1.0221729490022173,0.8745387453874539,0.13863216266173753,0.010845986984815618,,
2021,8425,0.0033482142857141,-0.0069112174375332,0.0101465614430664,-0.0244100895036615,0.0,0.0033482142857141,0.7536585365853659,1.0359712230215827,1.0874524714828897,0.8867924528301887,0.24634146341463414,0.08041958041958042,,
2021,8426,-0.0069384215091067,-0.0124668435013262,-0.0066053991958644,-0.0068846815834767,-0.0069384215091067,0.0,0.8895184135977338,1.0416,1.0291595197255574,0.9595959595959596,0.11048158640226628,0.04666666666666667,,
2021,8427,0.0123780945236309,-0.0135630498533724,0.0102311481621826,-0.0118145341061078,0.0,0.0123780945236309,0.8996655518394648,1.0483870967741935,1.0614754098360655,0.8741071428571429,0.10033444816053512,0.03861003861003861,,
2021,8428,0.0012035398230088,-0.0155929963660389,0.0016309743298823,-0.0094991364421416,0.0,0.0012035398230088,0.8916744042092232,1.065166795965865,1.0523479599692072,0.8922558922558923,0.10832559579077684,0.05376737381126555,,
2021,8429,-0.0195272353545734,-0.0105263157894737,0.0,0.0027837921435198,-0.0195272353545734,0.0,0.8632478632478633,1.073394495412844,1.1176470588235294,0.9667630057803468,0.13675213675213677,0.06315789473684211,,
2021,8430,-0.0108459869848156,0.0,0.001448225923244,0.0104820643305583,-0.0108459869848156,0.0,0.8647686832740213,1.0321100917431192,1.0502283105022832,0.9613168724279836,0.13523131672597866,0.05652173913043478,,
2021,8431,0.0065314541079408,0.001720775496157,0.0106543138390271,-0.0149625935162094,0.0,0.0065314541079408,0.9488296135002722,1.097457627118644,1.1001317523056653,0.8896434634974533,0.05117038649972782,0.043712574850299404,,
2021,8432,-0.0039648824695553,-0.0026406126221283,-0.0117548278757346,0.0044860542227422,-0.0039648824695553,0.0,0.8694117647058823,1.06797583081571,1.0430906389301635,0.9102067183462532,0.13058823529411764,0.05270655270655271,,
2021,8433,0.0047763095048558,0.0,0.0041566746602716,-0.0032278889606197,0.0,0.0047763095048558,0.9540400296515937,1.0913461538461537,1.0940959409594095,0.8422436459246275,0.04595997034840623,0.0851602023608769,,
2021,8434,0.0124378109452736,-0.000796812749004,0.0151515151515151,-0.0042933195947105,0.0,0.0124378109452736,0.8773690078037905,1.0755905511811024,1.0736377025036818,0.8796445880452343,0.12263099219620958,0.07956104252400549,,
2021,8435,0.0047373841400617,-0.0051996672212978,0.0139933166248955,0.0036258158085569,0.0,0.0047373841400617,0.882229232386961,1.0199203187250996,1.0229419703103915,0.8722826086956522,0.11777076761303891,0.10686015831134564,,
2021,9301,0.0140756741690475,-0.0001493986703517,0.021423487544484,0.0022870980761469,0.0,0.0140756741690475,0.9320557491289199,1.1006148686416992,1.035620743844945,0.9632260760551609,0.06794425087108014,0.08244815376833586,,
2021,9302,-0.0273390036452004,-0.0157952069716775,-0.0030284675953967,-0.0123632905373276,-0.0273390036452004,0.0,0.9069767441860465,1.04739336492891,1.0299145299145298,0.9438775510204082,0.09302325581395349,0.13278008298755187,,
2021,9303,0.0129623774897249,-0.0122192866578599,0.0190077319587629,-0.01031652989449,0.0,0.0129623774897249,0.9461722488038278,1.1714285714285715,1.0918079096045197,0.8464017185821697,0.05382775119617225,0.02328589909443726,,
2021,9304,-0.0075499971183217,-0.0067934006964662,0.0081929110981986,-0.0040124832813196,-0.0075499971183217,0.0,0.9555288461538461,1.1793258426966293,1.1309620048504445,0.9028776978417267,0.04447115384615385,0.13652609006433167,,
2021,9305,0.0080906148867314,-0.0036511156186612,0.0227554820024824,-0.0270444301352221,0.0,0.0080906148867314,1.0343283582089553,1.1583969465648856,1.157706093189964,0.9496221662468514,-0.034328358208955224,0.07275541795665634,,
2021,9306,0.0036827890989443,0.0030135610246107,0.0124285359184688,-0.0043336944745395,0.0,0.0036827890989443,0.9649122807017544,1.1085714285714285,1.0948616600790513,0.9328537170263789,0.03508771929824561,0.05896510228640193,,
2021,9307,-0.0076274588518667,-0.0049392097264437,0.0048406615570795,-0.0133101851851852,-0.0076274588518667,0.0,0.9125,1.1364705882352941,1.0340425531914894,0.8860103626943006,0.0875,0.051440329218107,,
2021,9308,-0.00096215522771,-0.0208268573204849,0.018954248366013,-0.0103370786516854,-0.00096215522771,0.0,0.9528662420382166,1.1872909698996656,1.1180981595092025,0.92578125,0.04713375796178344,0.02606310013717421,,
2021,9309,0.0140398550724638,0.0018075011296883,0.0059225512528473,0.0091807909604519,0.0,0.0140398550724638,1.0073891625615763,1.2929475587703436,1.1943573667711598,0.9143302180685359,-0.007389162561576354,0.07349081364829396,,
2021,9310,-0.0072524407252441,0.0021563342318058,-0.0036131183991106,-0.0080604534005037,-0.0072524407252441,0.0,0.9287974683544303,1.0831600831600832,1.0633663366336634,0.8819875776397516,0.07120253164556962,0.0931098696461825,,
2021,9311,-0.006269592476489,-0.0045470444211263,0.0213447171824974,0.0072823568354849,-0.006269592476489,0.0,0.9208074534161491,1.1474358974358974,1.0761904761904761,0.9394812680115274,0.07919254658385093,0.049557522123893805,,
2021,9312,0.0133644346871568,0.000362946004802,0.0183037585580549,0.0059255747807538,0.0,0.0133644346871568,0.922216573462125,1.0581246806336229,1.0177793476981043,0.9036654135338346,0.07778342653787494,0.049282739472466454,,
2021,9313,0.0106213489113118,-0.0033524235228383,0.0205962059620596,-0.010158013544018,0.0,0.0106213489113118,0.9073482428115016,1.0750144258511252,1.0382749326145553,0.8644859813084113,0.0926517571884984,0.032191069574247146,,
2021,9314,-0.0078125,-0.0080742834073476,-0.0043215211754538,-0.0197026688160487,-0.0078125,0.0,0.9273356401384083,1.1858638743455496,1.1253263707571801,0.8740068104426788,0.0726643598615917,0.24361948955916474,,
2021,9315,-0.0012846983253039,-0.0073701240337946,0.008280903034789,-0.0012846983253039,-0.0012846983253039,0.0,0.9207161125319693,1.1331047381546135,1.0561735261401557,0.9207161125319693,0.0792838874680307,0.13744075829383887,,
2021,9316,0.0041472265422499,-0.0066941297631307,0.0152631578947368,-0.0078864353312302,0.0,0.0041472265422499,0.9854166666666667,1.1287671232876713,1.0870646766169154,0.8704512372634643,0.014583333333333334,0.08237986270022883,,
2021,9317,-0.0032318879612173,-0.0034111781684597,0.0158686730506156,0.0043410314290674,-0.0032318879612173,0.0,1.0695187165775402,1.8860294117647058,1.8360655737704918,0.8858695652173914,-0.06951871657754011,0.07142857142857142,,
2021,9318,0.0021385799828914,-0.0053178776290631,0.0055296141558123,-0.0036242826940501,0.0,0.0021385799828914,0.935811792041824,1.1850108616944244,1.101628895184136,0.9232456140350878,0.06418820795817601,0.03567984570877531,,
2022,51,0.0168598524762908,-0.0160823415889354,-0.0048933939182104,0.0098085007006072,0.0,0.0168598524762908,0.9603960396039604,1.0623916811091854,0.8858954041204438,0.9856801909307876,0.039603960396039604,-0.13237924865831843,,
2022,52,0.0513115508513575,-0.0052631578947368,0.0048554913294798,0.0331877729257641,0.0,0.0513115508513575,1.0912052117263844,1.218645948945616,0.9909420289855072,0.9126637554585153,-0.09120521172638436,-0.08135283363802559,,
2022,53,0.0400555436872462,-0.0053815520396082,0.0046142289945272,0.0259267682510802,0.0,0.0400555436872462,0.9748717948717949,1.104,0.9484073575594437,0.9313725490196079,0.025128205128205128,-0.10075685903500473,,
2022,54,0.0306914605524462,-0.0019604348600962,-0.0059224694903087,0.0364912280701754,0.0,0.0306914605524462,0.9453287197231834,1.0457815565729234,0.8773424190800682,0.9296187683284457,0.05467128027681661,-0.11585760517799353,,
2022,55,0.0372670807453416,-0.0157520325203252,0.0067743616466908,0.0444403210094168,0.0,0.0372670807453416,0.9894957983193278,1.1262135922330097,0.9396092362344582,0.9218677762367082,0.01050420168067227,-0.10964083175803403,,
2022,56,0.0327421555252387,-0.015451174289246,-0.0161073825503356,0.0396757221088801,0.0,0.0327421555252387,0.9563492063492064,1.10801393728223,0.9249146757679181,0.9207017543859649,0.04365079365079365,-0.11070110701107011,,
2022,57,0.0281065088757397,-0.0140548137737175,0.0003699593044765,0.0569413383794943,0.0,0.0281065088757397,0.9658344283837057,1.0486358244365361,0.8970427163198248,0.9820618963138182,0.03416557161629435,-0.10256410256410256,,
2022,58,0.0254500310366232,-0.0062076749435665,-0.0116564417177914,0.0418873375060182,0.0,0.0254500310366232,0.9260273972602739,1.1247002398081534,0.8613861386138614,1.023728813559322,0.07397260273972603,-0.22298850574712645,,
2022,59,0.0225975804610818,-0.0082478823004904,0.0006852444038374,0.0559416261292564,0.0,0.0225975804610818,0.9354330708661417,1.0893939393939394,0.8626237623762376,0.9951100244498777,0.06456692913385827,-0.14777618364418937,,
2022,60,0.0195901145268233,-0.0093793103448276,-0.0223924572775485,0.0233592880978865,0.0,0.0195901145268233,0.9488054607508533,1.0573770491803278,0.850828729281768,0.9225589225589226,0.051194539249146756,-0.09740259740259741,,
2022,61,0.0186781609195403,-0.0080428954423592,-0.0042918454935622,0.0102827763496144,0.0,0.0186781609195403,0.9245283018867925,1.0975609756097562,0.841642228739003,0.98828125,0.07547169811320754,-0.14634146341463414,,
2022,62,0.0150550086855818,-0.0034423407917383,0.0075845974329054,0.0278975399442049,0.0,0.0150550086855818,0.9416909620991254,1.0765306122448979,0.8283898305084746,0.938949938949939,0.05830903790087463,-0.17391304347826086,,
2022,63,0.0148185998978027,-0.0145539906103286,-0.0101163378856853,0.0254500310366232,0.0,0.0148185998978027,0.9918367346938776,1.1365461847389557,0.9081632653061225,0.9260273972602739,0.00816326530612245,-0.0898876404494382,,
2022,64,0.0495103373231773,-0.0166147455867081,-0.0043336944745395,0.0323383084577113,0.0,0.0495103373231773,0.9943820224719101,1.1628571428571428,0.9328537170263789,0.9247730220492867,0.0056179775280898875,-0.08997429305912596,,
2022,1101,0.0397959183673468,0.013804398689752,0.0138929943836831,0.0314931456094849,0.0,0.0397959183673468,0.9228776978417266,1.0478359908883828,0.960042339243186,0.9702970297029703,0.07712230215827338,-0.11604189636163176,,
2022,1102,0.0364912280701754,-0.0187239944521497,-0.0014015416958654,0.0407593523171412,0.0,0.0364912280701754,0.9296187683284457,1.0504731861198737,0.9397905759162304,0.9342105263157895,0.07038123167155426,-0.116991643454039,,
2022,1103,0.0223540145985401,-0.0004672897196261,-0.0013667425968109,0.035023077221425,0.0,0.0223540145985401,0.9443207126948775,1.0763723150357996,0.9161904761904762,0.9429866412213741,0.0556792873051225,-0.11850311850311851,,
2022,1104,0.0401514553916542,0.0098572399728076,0.0118125947801102,0.0245167373880246,0.0,0.0401514553916542,0.922365988909427,1.04,0.9060080106809079,0.9644495412844036,0.07763401109057301,-0.11759504862953139,,
2022,1105,0.0293721973094169,0.0070040668775417,-0.0049085229808121,0.0170731707317073,0.0,0.0293721973094169,0.9735553379040157,1.02863436123348,0.9488084730803178,0.9372693726937269,0.02644466209598433,-0.07534883720930233,,
2022,1106,0.0380556443875919,0.0120228170250109,0.0130396047622904,0.024633431085044,0.0,0.0380556443875919,0.9093918080264791,1.0539894887720975,0.9567877629063097,0.9682539682539683,0.0906081919735209,-0.12150279776179057,,
2022,1107,0.0380344909047956,0.0063866371898795,0.0061801758973139,0.0166196299780494,0.0,0.0380344909047956,0.9135913591359136,1.0582726326742975,0.9362224039247752,0.9379450661241099,0.08640864086408641,-0.11353711790393013,,
2022,1108,0.0279916025192441,-0.0021362449560883,0.0091807909604519,0.0223189983669025,0.0,0.0279916025192441,0.9285091543156059,1.0232558139534884,0.9143302180685359,0.9655172413793104,0.07149084568439407,-0.09284497444633731,,
2022,1109,0.0289581049264004,0.0068267931378578,0.0018799091017132,0.022818254603683,0.0,0.0289581049264004,0.9142734574227221,1.0331706319797602,0.9528994032213215,1.0043103448275863,0.08572654257727783,-0.1388807829580911,,
2022,1110,0.050514499532273,0.0073732718894008,-0.0018674136321195,0.0237020316027087,0.0,0.050514499532273,0.9966216216216216,1.0217391304347827,0.9498432601880877,0.9118421052631579,0.0033783783783783786,-0.026402640264026403,,
2022,1111,0.020223523150612,0.0016242555495398,0.0032034169781098,0.033876050420168,0.0,0.020223523150612,0.9283154121863799,1.0871369294605808,0.966996699669967,0.958041958041958,0.07168458781362007,-0.11604095563139932,,
2022,1112,0.0444403210094168,0.0148804973755287,0.0147335718320467,0.0390173410404623,0.0,0.0444403210094168,0.9218677762367082,1.0351851851851852,0.9431167016072677,0.96843853820598,0.07813222376329172,-0.11351511558980439,,
2022,1113,0.0325832161275199,0.0072307180851063,0.0131412286257124,0.0267449445531637,0.0,0.0325832161275199,0.9290484140233722,1.070262246412667,0.948785046728972,0.9557692307692308,0.0709515859766277,-0.12293144208037825,,
2022,1114,0.0392952358873304,0.0045664880662446,0.014642752131726,0.0168598524762908,0.0,0.0392952358873304,0.9598384563607808,1.0490470139771284,0.9624615384615385,0.9603960396039604,0.040161543639219206,-0.08823529411764706,,
2022,1115,0.027766990291262,0.0020809558971603,0.0062524423602969,0.0293367346938775,0.0,0.027766990291262,0.9362041467304625,1.068139097744361,0.9698085419734904,0.933589990375361,0.06379585326953748,-0.10858010630220197,,
2022,2401,0.0273906775588659,-0.0084190832553788,0.0077481840193704,0.0292758089368259,0.0,0.0273906775588659,0.9359534206695779,1.083547557840617,0.84375,0.9411764705882353,0.06404657933042213,-0.11796982167352538,,
2022,2402,0.0187232122715994,-0.0168890742285238,-0.0118145341061078,0.036409434394321,0.0,0.0187232122715994,0.9354485776805251,1.08011583011583,0.8741071428571429,0.9658738366080661,0.06455142231947483,-0.12665985699693566,,
2022,2403,0.0313506549280653,0.0099428813200761,-0.0061886470337174,0.0313506549280653,0.0,0.0313506549280653,0.923963133640553,1.0667384284176533,0.8657407407407407,0.923963133640553,0.07603686635944701,-0.14224598930481283,,
2022,2404,0.0127334465195245,-0.011182108626198,-0.0134003350083752,0.0303816228232678,0.0,0.0127334465195245,0.9490740740740741,1.0745098039215686,0.8489208633093526,1.0062370062370063,0.05092592592592592,-0.13135593220338984,,
2022,2405,0.0187823834196891,-0.0186274509803922,-0.0032278889606197,0.0121891760117016,0.0,0.0187823834196891,0.9346110484780158,1.0704521556256572,0.8422436459246275,0.9725274725274725,0.06538895152198422,-0.13735691987513007,,
2022,2406,0.0106044538706255,-0.0140421263791373,0.0031914893617022,0.0401867030965392,0.0,0.0106044538706255,1.0121951219512195,1.1955307262569832,0.9712918660287081,0.9829652996845426,-0.012195121951219513,-0.18226600985221675,,
2022,2407,0.0146809712027102,-0.0145985401459853,-0.0111669458403126,0.0308426073131955,0.0,0.0146809712027102,1.0110803324099722,1.119221411192214,0.9237875288683602,0.8932874354561101,-0.0110803324099723,-0.0875,,
2022,2408,0.0191540303272146,-0.0192735359525574,-0.009486166007905,0.0347637153720803,0.0,0.0191540303272146,0.9074074074074074,1.0590717299578059,0.8731343283582089,0.9206896551724137,0.09259259259259259,-0.1623931623931624,,
2022,2409,0.0250936329588014,-0.0106071689831748,-0.0052160953800297,0.0317753177531774,0.0,0.0250936329588014,0.9562243502051984,1.059662775616083,0.8680318543799772,0.94140625,0.04377564979480164,-0.08387942332896461,,
2022,2410,0.0277621985417835,-0.0004705439488048,0.0012166588675712,0.0263614838200474,0.0,0.0277621985417835,0.9021905247070809,1.0263036455929857,0.8044444444444444,0.9542920847268673,0.097809475292919,-0.11049723756906077,,
2022,2411,0.031122031122031,-0.0120300751879699,-0.0137318255250403,0.0401514553916542,0.0,0.031122031122031,0.9057971014492754,1.054380664652568,0.8021680216802168,0.922365988909427,0.09420289855072464,-0.1554054054054054,,
2022,2412,0.0121891760117016,-0.010341726618705,-0.0224022878932316,0.0458333333333333,0.0,0.0121891760117016,0.9725274725274725,1.094562647754137,0.8758314855875832,0.987220447284345,0.027472527472527472,-0.10379746835443038,,
2022,2413,0.0265986236758679,-0.0037672022756977,-0.0003864584943576,0.0265442193986664,0.0,0.0265986236758679,0.9335604770017035,1.081732733959951,0.8818306010928961,0.9277478862413528,0.06643952299829642,-0.15104570100697134,,
2022,2414,0.0301331464611072,-0.0088616223585549,-0.0034916201117318,0.0295706568097811,0.0,0.0301331464611072,0.9702127659574468,1.0661764705882353,0.8456591639871383,0.9473684210526315,0.029787234042553193,-0.13307984790874525,,
2022,2415,0.0203665987780041,-0.0135256988277727,-0.0150451354062186,0.0497162928938124,0.0,0.0203665987780041,0.9614035087719298,1.082236842105263,0.8820058997050148,1.2603092783505154,0.03859649122807018,-0.08361204013377926,,
2022,2701,0.0370370370370369,-0.016359918200409,-0.0044692737430167,0.0450582281568197,0.0,0.0370370370370369,0.9520958083832335,1.0740740740740742,0.8798076923076923,0.9843360626557494,0.04790419161676647,-0.13114754098360656,,
2022,2702,0.0279554607912817,-0.0129955947136564,-0.01031652989449,0.0326923076923078,0.0,0.0279554607912817,0.9202127659574468,1.0491428571428572,0.8464017185821697,0.9897959183673469,0.0797872340425532,-0.1218274111675127,,
2022,2703,0.0158465387823185,-0.025887573964497,-0.0244100895036615,0.0312278211497516,0.0,0.0158465387823185,0.9491525423728814,1.1256281407035176,0.8867924528301887,0.9801381692573402,0.05084745762711865,-0.10638297872340426,,
2022,2704,0.0223395613322501,-0.0020308692120227,-0.0008116883116883,0.047759932375317,0.0,0.0223395613322501,0.950207468879668,1.1708185053380782,0.9250814332247557,0.9345794392523364,0.04979253112033195,-0.1936619718309859,,
2022,2705,0.0186939820742637,-0.0055193176116407,0.0,0.029530804976765,0.0,0.0186939820742637,0.9381044487427466,1.025,0.8425998433829287,0.9613478691774033,0.061895551257253385,-0.09851301115241635,,
2022,2706,0.0265442193986664,-0.007233051366924,0.0035349072086858,0.0265986236758679,0.0,0.0265442193986664,0.9277478862413528,1.0320056899004268,0.8450789793438639,0.9335604770017035,0.0722521137586472,-0.13227893601725377,,
2022,2707,0.027701522335912,-0.0112279025322503,-0.0074312608372554,0.0418765053645719,0.0,0.027701522335912,0.9471228615863142,1.0635135135135134,0.8523409363745498,0.9380495603517186,0.05287713841368585,-0.14225352112676057,,
2022,2708,0.0170731707317073,-0.01952770208901,-0.0072639225181597,0.038888163904476,0.0,0.0170731707317073,0.9372693726937269,1.1192660550458715,0.8324175824175825,0.9243725231175693,0.06273062730627306,-0.1617161716171617,,
2022,2709,0.0170092133238837,-0.0124753775443203,-0.0042342978122794,0.0146809712027102,0.0,0.0170092133238837,0.9174311926605505,1.1037037037037036,0.8702290076335878,1.0110803324099722,0.08256880733944955,-0.12280701754385964,,
2022,2710,0.0232323232323232,-0.0163398692810458,-0.0119760479041916,0.0293269833312446,0.0,0.0232323232323232,0.9433106575963719,1.0756143667296787,0.8745519713261649,0.9582441113490364,0.05668934240362812,-0.14754098360655737,,
2022,2711,0.0307136404697381,-0.0090595765632692,0.0014071766006633,0.0252833478639931,0.0,0.0307136404697381,0.9226963512677798,1.0530222693531284,0.8649851632047477,0.9572649572649573,0.07730364873222016,-0.14694110920526016,,
2022,2712,0.0347637153720803,-0.0074626865671642,-0.0010851871947911,0.0223395613322501,0.0,0.0347637153720803,0.9206896551724137,1.0666666666666667,0.8547945205479452,0.950207468879668,0.07931034482758621,-0.14423076923076922,,
2022,2713,0.0259267682510802,-0.0052747252747252,-0.0045279601539506,0.0604109928200049,0.0,0.0259267682510802,0.9313725490196079,1.1066907775768535,0.8492537313432836,1.0674342105263157,0.06862745098039216,-0.16520210896309315,,
2022,2714,0.0166196299780494,-0.0146926536731634,-0.0046816479400748,0.028361344537815,0.0,0.0166196299780494,0.9379450661241099,1.016441005802708,0.8113360323886639,0.9076923076923077,0.06205493387589013,-0.07984031936127745,,
2022,2715,0.0111913357400721,-0.0003576537911301,-0.0068124775905342,0.0245320311591674,0.0,0.0111913357400721,0.8574144486692015,1.038910505836576,0.8540706605222734,0.9180704441041347,0.14258555133079848,-0.18884892086330934,,
2022,2716,0.014855355746677,-0.0154494382022472,-0.0199233716475095,0.0091220068415052,0.0,0.014855355746677,0.9292452830188679,1.0326530612244897,0.7913907284768212,0.9588235294117647,0.07075471698113207,-0.17573221757322174,,
2022,2717,0.0282051282051281,-0.0049261083743842,0.0094909404659189,0.0116185897435896,0.0,0.0282051282051281,0.9348659003831418,1.0297029702970297,0.8688783570300158,0.9576988155668359,0.06513409961685823,-0.11272727272727273,,
2022,2718,0.0168350168350168,-0.0099467140319715,-0.0077951002227171,0.0301359794193312,0.0,0.0168350168350168,0.9569471624266145,1.0112359550561798,0.8400621118012422,0.9566160520607375,0.043052837573385516,-0.09611829944547134,,
2022,2801,0.0057405281285878,-0.0273109243697479,-0.0057077625570776,0.0314459651210692,0.0,0.0057405281285878,1.031055900621118,1.1038251366120218,0.9082125603864735,0.9197930142302717,-0.031055900621118012,-0.11702127659574468,,
2022,2802,0.0194043321299639,-0.0039787798408488,-0.0115967885816234,0.0307136404697381,0.0,0.0194043321299639,0.9260450160771704,1.1019736842105263,0.9190600522193212,0.9226963512677798,0.07395498392282958,-0.18181818181818182,,
2022,2803,0.032005225342913,-0.0073484384568279,-0.0154340836012861,0.0397959183673468,0.0,0.032005225342913,0.9698996655518395,1.1038251366120218,0.8903394255874674,0.9228776978417266,0.030100334448160536,-0.1495601173020528,,
2022,2804,0.0325220918441258,-0.005100941159566,0.0031972097078913,0.0442558351015458,0.0,0.0325220918441258,0.9474120082815735,1.0967244701348748,0.8908427339084274,0.9586028460543338,0.0525879917184265,-0.1478584729981378,,
2022,2805,0.0078226857887875,-0.0129186602870813,-0.0100671140939597,0.0356612184249629,0.0,0.0078226857887875,0.9748031496062992,1.0895705521472392,0.8490783410138248,0.9449838187702265,0.025196850393700787,-0.16010854816824965,,
2022,2806,0.0376569037656904,-0.0025974025974025,-0.0164609053497942,0.0195901145268233,0.0,0.0376569037656904,0.8957345971563981,1.0887096774193548,0.8162544169611308,0.9488054607508533,0.10426540284360189,-0.18181818181818182,,
2022,2807,0.0286077558804831,-0.0033961099104662,0.0057544757033247,0.0111913357400721,0.0,0.0286077558804831,0.9288956127080181,1.0707213578500707,0.9122596153846154,0.8574144486692015,0.07110438729198185,-0.19104084321475626,,
2022,2808,0.0239415322580645,-0.0077764277035237,-0.0005037783375314,0.0111022997620935,0.0,0.0239415322580645,0.9518828451882845,1.0568627450980392,0.9084444444444445,1.0,0.04811715481171548,-0.1095890410958904,,
2022,2809,0.0192991366175723,-0.0166358595194084,-0.0080604534005037,0.0262626262626262,0.0,0.0192991366175723,0.9312977099236641,1.1517412935323383,0.8819875776397516,0.9735772357723578,0.06870229007633588,-0.14084507042253522,,
2022,2810,0.0277027027027028,0.0,-0.0093708165997322,0.0152456239412761,0.0,0.0277027027027028,0.9523809523809523,1.146341463414634,0.9263565891472868,0.9702380952380952,0.047619047619047616,-0.16317991631799164,,
2022,2811,0.0369327073552425,0.0037359900373599,0.0015673981191222,0.039617870188255,0.0,0.0369327073552425,0.9061135371179039,1.1377952755905512,0.9069373942470389,0.9500924214417745,0.09388646288209607,-0.22574626865671643,,
2022,2812,0.0240437158469946,-0.0288362512873326,-0.0054347826086956,0.014855355746677,0.0,0.0240437158469946,0.9572192513368984,1.0883720930232559,0.8823529411764706,0.9292452830188679,0.0427807486631016,-0.14761904761904762,,
2022,2813,0.0215427380125086,-0.0082954241370083,-0.0022188323394813,0.0277027027027028,0.0,0.0215427380125086,0.9565217391304348,1.0776892430278884,0.8878134623845139,0.9523809523809523,0.043478260869565216,-0.10604558969276512,,
2022,2814,0.0292758089368259,0.0040221216691804,-0.0096642929806713,0.028143213988343,0.0,0.0292758089368259,0.9411764705882353,1.0664893617021276,0.8833746898263027,0.9528728211749515,0.058823529411764705,-0.19101123595505617,,
2022,2815,0.0329271294928605,-0.0068055890146953,0.0004310079428606,0.0513988288874429,0.0,0.0329271294928605,0.9504088630968083,1.051749630359783,0.8721693121693121,0.9673024523160763,0.04959113690319177,-0.12569764620237805,,
2022,2816,0.0237997537956504,-0.0102000784621419,0.0004105090311987,0.0459393633996809,0.0,0.0237997537956504,0.9528023598820059,1.097852028639618,0.8491379310344828,0.9463053358020536,0.0471976401179941,-0.1802030456852792,,
2022,2817,0.0226009633197481,-0.0088041085840058,0.0048399106478034,0.0357883817427386,0.0,0.0226009633197481,0.9451038575667656,1.051532033426184,0.8993788819875776,0.9375410913872453,0.05489614243323442,-0.12016574585635359,,
2022,2818,0.0091220068415052,-0.0084388185654008,-0.010158013544018,0.0372670807453416,0.0,0.0091220068415052,0.9588235294117647,1.068062827225131,0.8644859813084113,0.9894957983193278,0.041176470588235294,-0.11891891891891893,,
2022,2819,0.0323475046210721,-0.011968085106383,0.0032452480296707,0.0335463258785941,0.0,0.0323475046210721,0.9308300395256917,1.0969479353680431,0.8577981651376146,1.05,0.0691699604743083,-0.16042780748663102,,
2022,3201,0.0293670886075949,-0.0038572806171649,-0.0149625935162094,0.0380344909047956,0.0,0.0293670886075949,0.929637526652452,1.1091617933723197,0.8896434634974533,0.9135913591359136,0.07036247334754797,-0.16793893129770993,,
2022,3202,0.0264248704663212,-0.0089805211231975,-0.0032278889606197,0.0261194029850746,0.0,0.0264248704663212,0.9256850905712959,1.0455953961930058,0.8799204771371769,0.9325842696629213,0.07431490942870414,-0.09941256213285134,,
2022,3203,0.0323383084577113,-0.0052460654509117,0.0075187969924812,0.0361188288095746,0.0,0.0323383084577113,0.9247730220492867,1.0065005417118094,0.8541882109617374,0.9696969696969697,0.07522697795071336,-0.1368038740920097,,
2022,3204,0.0296782255545142,-0.0079730144127567,-0.0040448039825762,0.029728565273589,0.0,0.0296782255545142,0.9545454545454546,1.1144130757800892,0.9005763688760807,0.9865771812080537,0.045454545454545456,-0.1264,,
2022,3205,0.0377147958045078,-0.0026851644663236,0.0,0.0439164866810655,0.0,0.0377147958045078,0.9310589907604833,1.0394417475728155,0.8469093009820913,1.0,0.0689410092395167,-0.10641200545702592,,
2022,3206,0.0238219895287958,-0.0044432828018818,0.0007859575582918,0.0299065420560746,0.0,0.0238219895287958,0.9150622876557192,1.0326382592928378,0.8615107913669064,0.9133858267716536,0.08493771234428087,-0.15657620041753653,,
2022,3207,0.0296242774566473,0.0003417634996583,0.0036258158085569,0.0365025466893038,0.0,0.0296242774566473,0.9334085778781038,1.0165745856353592,0.8722826086956522,0.9411764705882353,0.06659142212189616,-0.14122533748701974,,
2022,3208,0.0293367346938775,-0.0079292467215614,-0.0031786395422759,0.0127334465195245,0.0,0.0293367346938775,0.933589990375361,1.025,0.8865478119935171,0.9490740740740741,0.06641000962463908,-0.113345521023766,,
2022,3209,0.0120288692862871,0.0038910505836575,-0.000801282051282,0.0170092133238837,0.0,0.0120288692862871,0.9951456310679612,1.0738916256157636,0.9385593220338984,0.9174311926605505,0.0048543689320388345,-0.0744920993227991,,
2022,3210,0.036409434394321,-0.0072463768115942,-0.0004577706569008,0.0264248704663212,0.0,0.036409434394321,0.9658738366080661,1.0602409638554218,0.8781942078364565,0.9256850905712959,0.03412616339193381,-0.09408341416100872,,
2022,3211,0.0357883817427386,0.0142882035197768,0.0043410314290674,0.0378575434660684,0.0,0.0357883817427386,0.9375410913872453,1.0360920970752956,0.8858695652173914,1.025,0.062458908612754764,-0.12515337423312883,,
2022,3212,0.0278975399442049,-0.0014687882496939,-0.0087983911513322,0.0203665987780041,0.0,0.0278975399442049,0.938949938949939,1.0208717004297114,0.8414074451810301,0.9614035087719298,0.06105006105006105,-0.06787878787878789,,
2022,3213,0.016047770106363,-0.0097743024702328,-0.0072248981104112,0.027701522335912,0.0,0.016047770106363,0.9316730523627076,1.0677966101694916,0.8956891963810537,0.9471228615863142,0.06832694763729247,-0.13309566250742721,,
2022,3214,0.0166570936243537,-0.0016,-0.0163841807909604,0.0327421555252387,0.0,0.0166570936243537,0.9307692307692308,1.0380818053596614,0.9249658935879945,0.9563492063492064,0.06923076923076923,-0.10766961651917405,,
2022,3215,0.0307716585134922,0.0004783163265305,0.007312033063106,0.0277621985417835,0.0,0.0307716585134922,0.9276315789473685,1.0123546511627908,0.8329297820823245,0.9021905247070809,0.07236842105263158,-0.12167774086378738,,
2022,3216,0.0418240142932553,0.0032206792705371,0.0102141274920009,0.0311709224752703,0.0,0.0418240142932553,0.9173327724021876,1.0297029702970297,0.8973284442116292,1.0213299874529485,0.08266722759781236,-0.1513913212687293,,
2022,3217,0.0209549071618038,-0.0179307002665374,-0.0065876152832674,0.0418172431595249,0.0,0.0209549071618038,0.9592735277930655,1.0389676113360324,0.9276759884281581,0.9788732394366197,0.04072647220693451,-0.09407484407484408,,
2022,3218,0.038888163904476,-0.0109862356358125,0.001437532671197,0.0186781609195403,0.0,0.038888163904476,0.9243725231175693,1.0141776937618148,0.9040774420651218,0.9245283018867925,0.07562747688243064,-0.0918234912394549,,
2022,3219,0.0237020316027087,-0.0002772387025228,-0.0002820874471085,0.0391757246376811,0.0,0.0237020316027087,0.9118421052631579,1.019396551724138,0.8690095846645367,0.9672955974842767,0.0881578947368421,-0.15073529411764705,,
2022,3220,0.0184453227931489,-0.0075742067553735,-0.0043725404459991,0.0331543624161074,0.0,0.0184453227931489,0.9357638888888888,1.0163220892274212,0.8933468765871001,0.8916934373565856,0.0642361111111111,-0.08072768618533258,,
2022,3221,0.0257898130238556,-0.009788926277149,-0.0070422535211267,0.027766990291262,0.0,0.0257898130238556,0.9545454545454546,1.0569948186528497,0.9168949771689497,0.9362041467304625,0.045454545454545456,-0.10059760956175298,,
2022,3222,0.0370147457117062,-0.0059705839522353,0.0018088634308108,0.0225975804610818,0.0,0.0370147457117062,0.9641174338528452,1.047757929274517,0.9046416166719292,0.9354330708661417,0.035882566147154765,-0.07155322862129145,,
2022,4401,0.0169371912491178,-0.0082644628099173,-0.0146036161335187,0.0197908887229276,0.0,0.0169371912491178,0.9605263157894737,1.0247252747252746,0.8753462603878116,0.9483985765124555,0.039473684210526314,-0.0759493670886076,,
2022,4402,0.019990913221263,-0.0173235166738847,-0.006768953068592,0.0513115508513575,0.0,0.019990913221263,0.9388185654008439,1.0266666666666666,0.8902439024390244,1.0912052117263844,0.06118143459915612,-0.12915851272015655,,
2022,4403,0.0136363636363636,-0.0197856553998351,-0.0155131264916468,0.0337875977743731,0.0,0.0136363636363636,1.0053533190578159,1.0251450676982592,0.9057116953762466,0.9274952919020716,-0.0053533190578158455,-0.06006006006006006,,
2022,4404,0.0110635260528193,-0.0113341968911917,-0.0063829787234042,0.0232498394348106,0.0,0.0110635260528193,0.9633867276887872,1.039179104477612,0.8621291448516579,0.9951020408163266,0.036613272311212815,-0.14777327935222673,,
2022,4405,0.0134651440259077,-0.0110150821894594,-0.0087852677817198,0.0436471663619744,0.0,0.0134651440259077,0.8707865168539326,1.0390707497360085,0.8622262773722628,0.9911894273127754,0.12921348314606743,-0.17989417989417988,,
2022,4406,0.0145867098865477,-0.0050100200400801,-0.0257894736842104,0.0358147863903812,0.0,0.0145867098865477,1.0507936507936508,1.1994301994301995,1.0403225806451613,0.952887537993921,-0.050793650793650794,-0.14470284237726097,,
2022,4407,0.0245167373880246,-0.0110834652793485,-0.0065573770491803,0.0323475046210721,0.0,0.0245167373880246,0.9644495412844036,1.0399628252788105,0.8731617647058824,0.9308300395256917,0.03555045871559633,-0.11473684210526315,,
2022,4408,0.0373781148429035,-0.0070245860511791,-0.016515716568993,0.0289581049264004,0.0,0.0373781148429035,0.9350993377483444,1.0251572327044025,0.9023255813953488,0.9142734574227221,0.06490066225165562,-0.09020618556701031,,
2022,4409,0.0263614838200474,-0.0016041065126723,0.0131137054213976,0.0479626193911908,0.0,0.0263614838200474,0.9542920847268673,1.0594159113796575,0.8782837127845884,0.9550561797752809,0.045707915273132664,-0.1465603190428714,,
2022,4410,0.0222303876538674,0.0009226794611552,-0.0007343491830364,0.0280310705842621,0.0,0.0222303876538674,0.9236022193768673,1.0237529691211402,0.8969225064886911,1.0174081237911026,0.07639778062313274,-0.10541546093427036,,
2022,4411,0.0214166512145372,-0.0032401407146824,0.0037223152801042,0.0214166512145372,0.0,0.0214166512145372,0.9096597575283535,1.0491295938104448,0.8976897689768977,0.9096597575283535,0.09034024247164646,-0.1448529411764706,,
2022,4412,0.0262891021140494,-0.0110358474769769,0.0023457658925638,0.0362273579013117,0.0,0.0262891021140494,0.9441448382126348,1.049174569722515,0.8999673095782935,0.8836206896551724,0.05585516178736518,-0.109698510715583,,
2022,4413,0.0267900048053819,-0.0002454891371056,0.0065296251511486,0.0222502099076407,0.0,0.0267900048053819,0.9491124260355029,1.0611551528878822,0.9106786427145709,0.9960212201591512,0.05088757396449704,-0.1210958904109589,,
2022,4414,0.0203319502074688,-0.0028,-0.0094533497739416,0.0057405281285878,0.0,0.0203319502074688,0.8837209302325582,1.0417536534446765,0.8623481781376519,1.031055900621118,0.11627906976744186,-0.19718309859154928,,
2022,4415,0.0302826379542395,-0.0209747069710055,-0.0013440860215053,0.0169371912491178,0.0,0.0302826379542395,0.9478260869565217,1.0733197556008147,0.9549019607843138,0.9605263157894737,0.05217391304347826,-0.10472279260780287,,
2022,4416,0.0261194029850746,-0.0011890606420927,-0.0008285004142501,0.0250936329588014,0.0,0.0261194029850746,0.9325842696629213,1.0120481927710843,0.8656716417910447,0.9562243502051984,0.06741573033707865,-0.08934169278996865,,
2022,4417,0.0262626262626262,-0.0169000482858522,0.0112359550561798,0.034699371821717,0.0,0.0262626262626262,0.9735772357723578,1.0202702702702702,0.8656716417910447,0.9901433691756273,0.026422764227642278,-0.08237547892720307,,
2022,4418,0.0245333333333332,0.0053619302949061,0.0005336179295625,0.0237997537956504,0.0,0.0245333333333332,0.924187725631769,1.0732758620689655,0.9648829431438127,0.9528023598820059,0.07581227436823104,-0.11265164644714037,,
2022,4419,0.0241679873217115,0.0042735042735042,-0.0035530990919857,0.0530777736822705,0.0,0.0241679873217115,0.9444444444444444,1.0627450980392157,0.8605947955390335,0.9934533551554828,0.05555555555555555,-0.11879049676025918,,
2022,4420,0.0197908887229276,-0.0108886547242711,-0.0070448646644419,0.0229681978798586,0.0,0.0197908887229276,0.9483985765124555,1.0495867768595042,0.8998527245949927,1.0103305785123966,0.051601423487544484,-0.1276595744680851,,
2022,4421,0.0152456239412761,-0.0171339563862927,-0.0133704735376044,0.0296782255545142,0.0,0.0152456239412761,0.9702380952380952,1.001669449081803,0.8853288364249579,0.9545454545454546,0.02976190476190476,-0.06857142857142857,,
2022,4422,0.0237042989152269,0.0047865975269245,0.0109666937449228,0.0187823834196891,0.0,0.0237042989152269,0.883054892601432,1.0269662921348315,0.8210332103321033,0.9346110484780158,0.11694510739856802,-0.16853932584269662,,
2022,4423,0.0314459651210692,0.0016341395088244,0.0141583882647851,0.0417881438289602,0.0,0.0314459651210692,0.9197930142302717,1.0219108280254776,0.895473431008091,1.0227272727272727,0.08020698576972833,-0.13186813186813187,,
2022,4424,0.0249328730341389,-0.0067260498091256,-0.0032498566239724,0.0134651440259077,0.0,0.0249328730341389,0.9169398907103825,1.0142555438225977,0.9069995105237396,0.8707865168539326,0.08306010928961749,-0.09444144630329196,,
2022,4425,0.028143213988343,-0.0134877816566169,-0.0031540504648074,0.034505422280644,0.0,0.028143213988343,0.9528728211749515,1.044135429262394,0.9162011173184358,0.9758203799654577,0.04712717882504842,-0.1,,
2022,4426,0.0212342402123424,-0.0024922118380061,-0.0182410423452769,0.0241362991008045,0.0,0.0212342402123424,0.9327956989247311,1.0484693877551021,0.9172749391727494,0.9957627118644068,0.06720430107526881,-0.07957559681697612,,
2022,4427,0.0177935943060498,-0.0155165373621886,-0.0039875941515286,0.0370898716119829,0.0,0.0177935943060498,1.0039138943248533,1.059612518628912,0.8892307692307693,1.03125,-0.003913894324853229,-0.11245674740484429,,
2022,5201,0.0268292682926829,-0.0089649551752241,0.0119292472233649,0.0284995808885164,0.0,0.0268292682926829,0.9603399433427762,1.0997229916897506,0.821285140562249,0.95578231292517,0.039660056657223795,-0.17114914425427874,,
2022,5202,0.0334542523176137,-0.0033003300330033,0.0113115255273616,0.0407041606510041,0.0,0.0334542523176137,0.9466666666666667,1.078183520599251,0.8738912456613961,0.9279991566519081,0.05333333333333334,-0.15401588702559577,,
2022,5203,0.0366549604916592,-0.0032397408207343,-0.0058913375518219,0.0277190012695724,0.0,0.0366549604916592,1.1,1.327054794520548,0.9712230215827338,0.9486581096849475,-0.1,-0.18518518518518517,,
2022,5204,0.028361344537815,-0.0040650406504064,0.0106157112526539,0.0299734106840705,0.0,0.028361344537815,0.9076923076923077,1.020979020979021,0.7932960893854749,0.972972972972973,0.09230769230769231,-0.16901408450704225,,
2022,5205,0.0111022997620935,-0.0101167315175096,-0.0031620553359683,0.0249328730341389,0.0,0.0111022997620935,1.0,1.0720338983050848,0.8955223880597015,0.9169398907103825,0.0,-0.11666666666666667,,
2022,5206,0.0278983261004339,-0.0128179043743641,0.0033174372797013,0.032005225342913,0.0,0.0278983261004339,0.9394904458598726,1.0947666195190948,0.8194130925507901,0.9698996655518395,0.06050955414012739,-0.18732782369146006,,
2022,5207,0.0303816228232678,-0.0220202726319468,-0.0051603391079985,0.0584269662921348,0.0,0.0303816228232678,1.0062370062370063,1.1657559198542806,0.9152276295133438,1.0414110429447854,-0.006237006237006237,-0.16981132075471697,,
2022,5208,0.0180722891566265,-0.0062240663900414,-0.0126394052044609,0.0282051282051281,0.0,0.0180722891566265,0.917910447761194,1.1103202846975089,0.8797653958944281,0.9348659003831418,0.08208955223880597,-0.18,,
2022,5209,0.0102827763496144,-0.0118296529968454,-0.0118543607112616,0.0158465387823185,0.0,0.0102827763496144,0.98828125,1.064516129032258,0.8676923076923077,0.9491525423728814,0.01171875,-0.10283687943262411,,
2022,5210,0.0342511752854264,0.0023304591004427,0.011090991398823,0.0416604000601594,0.0,0.0342511752854264,0.9742033383915023,1.1371191135734071,0.8503767491926802,0.9965277777777778,0.025796661608497723,-0.18734177215189873,,
2022,5211,0.0300751879699248,-0.0076849183477425,0.0048744820862782,0.0301331464611072,0.0,0.0300751879699248,0.9565217391304348,1.063047285464098,0.8116531165311653,0.9702127659574468,0.043478260869565216,-0.15525876460767946,,
2022,5212,0.0293269833312446,-0.0056213371606267,-0.0056081754735792,0.0377147958045078,0.0,0.0293269833312446,0.9582441113490364,1.0704081632653062,0.8687763713080169,0.9310589907604833,0.0417558886509636,-0.13064594463331713,,
2022,5213,0.0250351617440225,-0.0011757789535566,0.0119555935098205,0.0203319502074688,0.0,0.0250351617440225,0.9481865284974094,1.1307506053268765,0.8641975308641975,0.8837209302325582,0.05181347150259067,-0.2530612244897959,,
2022,5214,0.0332954975406734,-0.0145497443963822,0.0304093567251462,0.0386626525114879,0.0,0.0332954975406734,1.0424929178470255,1.236220472440945,0.941834451901566,0.987012987012987,-0.042492917847025496,-0.12589073634204276,,
2022,5215,0.0299065420560746,-0.0147895335608646,0.0037523452157599,0.0240437158469946,0.0,0.0299065420560746,0.9133858267716536,1.1226765799256506,0.8264705882352941,0.9572192513368984,0.08661417322834646,-0.17437722419928825,,
2022,5216,0.035023077221425,0.0083767451552407,0.0162790697674417,0.0150550086855818,0.0,0.035023077221425,0.9429866412213741,1.108464984673426,0.8992306248827172,0.9416909620991254,0.057013358778625955,-0.17508347245409014,,
2022,5217,0.0458333333333333,0.0026939655172413,0.0158730158730158,0.0279916025192441,0.0,0.0458333333333333,0.987220447284345,1.2164948453608246,0.9304556354916067,0.9285091543156059,0.012779552715654952,-0.2036082474226804,,
2022,5218,0.0084112149532711,-0.0126582278481012,-0.017447199265381,0.0241679873217115,0.0,0.0084112149532711,1.0047619047619047,1.0969162995594715,0.8362989323843416,0.9444444444444444,-0.004761904761904762,-0.10212765957446808,,
2022,5219,0.034699371821717,0.0042598509052182,0.0063214930764599,0.0271774721676489,0.0,0.034699371821717,0.9901433691756273,1.1687440076701823,0.9121395036887995,1.0135823429541595,0.00985663082437276,-0.1875,,
2022,5220,0.0229681978798586,-0.0078028747433265,-0.0030823425803611,0.0084112149532711,0.0,0.0229681978798586,1.0103305785123966,1.151093439363817,0.9782244556113903,1.0047619047619047,-0.010330578512396695,-0.16267123287671234,,
2022,5221,0.0326923076923078,-0.0120036934441366,0.022615535889872,0.0616712271100821,0.0,0.0326923076923078,0.9897959183673469,1.09,0.8745387453874539,1.0452127659574468,0.01020408163265306,-0.18143459915611815,,
2022,5301,0.0559416261292564,-0.001730702665282,-0.0048409405255878,0.0495103373231773,0.0,0.0559416261292564,0.9951100244498777,1.2892156862745099,0.9376181474480151,0.9943820224719101,0.004889975550122249,-0.17943548387096775,,
2022,5302,0.0311709224752703,-0.0021210091538289,-0.0063999999999999,0.0239415322580645,0.0,0.0311709224752703,1.0213299874529485,1.169683257918552,0.9317507418397626,0.9518828451882845,-0.02132998745294856,-0.13588110403397027,,
2022,5303,0.0264725347452019,-0.0086526576019777,-0.0270444301352221,0.0489236790606653,0.0,0.0264725347452019,0.9724517906336089,1.0626702997275204,0.9496221662468514,1.0037641154328734,0.027548209366391185,-0.0636604774535809,,
2022,5304,0.0249452954048139,-0.0050547598989048,-0.0052242054854158,0.0187232122715994,0.0,0.0249452954048139,0.9663461538461539,1.1232558139534883,0.8742857142857143,0.9354485776805251,0.03365384615384615,-0.12418300653594772,,
2022,5305,0.0223189983669025,-0.0005313496280552,-0.0016304347826087,0.0237042989152269,0.0,0.0223189983669025,0.9655172413793104,1.1043771043771045,0.853185595567867,0.883054892601432,0.034482758620689655,-0.18181818181818182,,
2022,5306,0.0182394924662965,-0.0281065088757396,-0.0109803921568627,0.0250351617440225,0.0,0.0182394924662965,0.9591078066914498,1.1074074074074074,0.8895705521472392,0.9481865284974094,0.040892193308550186,-0.1103448275862069,,
2022,5307,0.024707412223667,-0.0019292604501607,0.0085245901639343,0.0212342402123424,0.0,0.024707412223667,0.987012987012987,1.1526104417670682,0.8927335640138409,0.9327956989247311,0.012987012987012988,-0.11627906976744186,,
2022,5308,0.0370898716119829,-0.015196564255038,-0.0102364984115778,0.0222303876538674,0.0,0.0370898716119829,1.03125,1.2226890756302522,0.9647266313932981,0.9236022193768673,-0.03125,-0.15539305301645337,,
2022,5309,0.0346671265953777,-0.0094485483593884,-0.0042933195947105,0.0205479452054795,0.0,0.0346671265953777,0.934375,1.1075731497418244,0.8796445880452343,0.9725829725829725,0.065625,-0.1763085399449036,,
2022,5310,0.0280310705842621,-0.0112794070254592,-0.009367681498829,0.024707412223667,0.0,0.0280310705842621,1.0174081237911026,1.1125,0.9618441971383148,0.987012987012987,-0.017408123791102514,-0.1305785123966942,,
2022,5311,0.0290404040404039,-0.0089628681177976,0.0114942528735633,0.0391566265060241,0.0,0.0290404040404039,0.9819494584837545,1.1578947368421053,0.8835227272727273,0.9822184589331076,0.018050541516245487,-0.12540192926045016,,
2022,5312,0.0301359794193312,-0.0010783608914449,0.0070318282753516,0.0268292682926829,0.0,0.0301359794193312,0.9566160520607375,1.1019522776572668,0.8745704467353952,0.9603399433427762,0.04338394793926247,-0.13359528487229863,,
2022,5313,0.0232498394348106,-0.001243626414625,-0.0042210283960092,0.026835286859963,0.0,0.0232498394348106,0.9951020408163266,1.1403100775193797,0.8921885087153002,1.0397830018083183,0.004897959183673469,-0.11794500723589002,,
2022,5314,0.0252833478639931,-0.0042301184433164,-0.0094991364421416,0.0226009633197481,0.0,0.0252833478639931,0.9572649572649573,1.1512605042016806,0.8922558922558923,0.9451038575667656,0.042735042735042736,-0.15471698113207547,,
2022,5315,0.0396757221088801,0.0072778561354018,0.0106896738835531,0.0191540303272146,0.0,0.0396757221088801,0.9207017543859649,1.0867782712675094,0.8709167544783983,0.9074074074074074,0.07929824561403509,-0.20629159104658198,,
2022,5316,0.0277190012695724,-0.0024891101431238,0.0,0.0078226857887875,0.0,0.0277190012695724,0.9486581096849475,1.0902004454342984,0.8935762224352828,0.9748031496062992,0.051341890315052506,-0.1276824034334764,,
2022,5317,0.0494826810616284,-0.0027797081306463,0.0061099796334012,0.0296038310840225,0.0,0.0494826810616284,0.9045307443365695,1.1251956181533647,0.8968446601941747,0.9603960396039604,0.09546925566343042,-0.2435723951285521,,
2022,5318,0.0416604000601594,0.0091066101428796,0.0121784137616074,0.0366549604916592,0.0,0.0416604000601594,0.9965277777777778,1.1678908709338929,0.8851884312007011,1.1,0.003472222222222222,-0.14752475247524752,,
2022,5319,0.0375410605349602,0.0037647058823528,-0.0069897483690587,0.031122031122031,0.0,0.0375410605349602,0.9119718309859155,1.1263537906137184,0.8525798525798526,0.9057971014492754,0.0880281690140845,-0.25360230547550433,,
2022,7501,0.0358147863903812,-0.002680965147453,-0.0012774655084312,0.0464493077266636,0.0,0.0358147863903812,0.952887537993921,1.0867647058823529,0.9,1.0410557184750733,0.04711246200607903,-0.09523809523809523,,
2022,7502,0.0312278211497516,-0.0124318801089918,0.0040976305006235,0.0358705161854768,0.0,0.0312278211497516,0.9801381692573402,1.097541633624108,0.9007042253521127,0.8975409836065574,0.019861830742659757,-0.1125879593432369,,
2022,7503,0.0467326421614828,0.0050572044437076,0.0059255747807538,0.033612119299353,0.0,0.0467326421614828,0.9700122399020807,1.1542893725992318,0.9036654135338346,0.906888720666162,0.029987760097919217,-0.17576703068122726,,
2022,7504,0.039208633093525,-0.0174204355108877,-0.0071428571428571,0.0360194174757282,0.0,0.039208633093525,0.993127147766323,1.0833333333333333,0.9461426491994177,0.8996108949416343,0.006872852233676976,-0.11076923076923077,,
2022,7505,0.0459393633996809,0.0113425065079955,0.0181854459424792,0.0106044538706255,0.0,0.0459393633996809,0.9463053358020536,1.0839757257667706,0.9113124656781988,1.0121951219512195,0.053694664197946475,-0.15305815004519432,,
2022,7506,0.0071485305798253,-0.0105065666041276,-0.0086614173228346,0.0238219895287958,0.0,0.0071485305798253,0.9467005076142132,1.1004672897196262,0.8107606679035251,0.9150622876557192,0.0532994923857868,-0.14645308924485126,,
2022,7507,0.033876050420168,-0.0061664953751284,0.0028970239662891,0.0648949320148331,0.0,0.033876050420168,0.958041958041958,1.0729813664596273,0.8893617021276595,1.081841432225064,0.04195804195804196,-0.12599681020733652,,
2022,7508,0.0275175644028102,-0.029381443298969,-0.024,0.0249452954048139,0.0,0.0275175644028102,0.9522546419098143,1.0810810810810811,0.8119834710743802,0.9663461538461539,0.04774535809018567,-0.08651399491094147,,
2022,7509,0.026835286859963,-0.0045523520485584,0.0027837921435198,0.0299727520435968,0.0,0.026835286859963,1.0397830018083183,1.1894736842105262,0.9667630057803468,1.0432692307692308,-0.039783001808318265,-0.14050822122571002,,
2022,7510,0.0391757246376811,-0.0099188458070333,-0.010531032937486,0.0328947368421053,0.0,0.0391757246376811,0.9672955974842767,1.143048128342246,0.9196704428424305,0.9394736842105263,0.03270440251572327,-0.13885778275475924,,
2022,7511,0.022818254603683,-0.011943539630836,-0.0099088386841061,0.024395702775291,0.0,0.022818254603683,1.0043103448275863,1.0694183864915572,0.9097472924187726,0.9627192982456141,-0.004310344827586207,-0.07539682539682539,,
2022,7512,0.04625015970359,0.0003966679888933,0.0065586419753085,0.0167714884696017,0.0,0.04625015970359,0.9923793395427604,1.1779935275080906,0.9157340355497038,0.9354838709677419,0.007620660457239628,-0.15744069015097054,,
2022,7513,0.0616712271100821,0.0117407992774891,0.0069944891903348,0.0430659053517854,0.0,0.0616712271100821,1.0452127659574468,1.2236503856041132,0.9751295336787564,1.0289855072463767,-0.04521276595744681,-0.1647183846971307,,
2022,7514,0.0530777736822705,0.0029717682020802,0.0130694548170275,0.0617977528089888,0.0,0.0530777736822705,0.9934533551554828,1.155844155844156,0.9386920980926431,1.0352112676056338,0.006546644844517185,-0.11901306240928883,,
2022,7515,0.0648949320148331,-0.0025429116338206,0.0018575851393189,0.0293670886075949,0.0,0.0648949320148331,1.081841432225064,1.2397820163487738,1.048780487804878,0.929637526652452,-0.08184143222506395,-0.10570824524312897,,
2022,7516,0.0378575434660684,-0.0016910935738444,0.0059238363892806,0.0267900048053819,0.0,0.0378575434660684,1.025,1.1843373493975904,1.0115062761506277,0.9491124260355029,-0.025,-0.15201654601861428,,
2022,7517,0.0245879492029181,-0.014821497615672,-0.0005401026194976,0.0440199335548172,0.0,0.0245879492029181,0.9646153846153847,1.050880626223092,0.8975640224859462,0.9957142857142857,0.03538461538461538,-0.12734864300626306,,
2022,7518,0.0395174708818635,-0.0118717847249703,0.0016666666666667,0.0262891021140494,0.0,0.0395174708818635,1.1184510250569477,1.150943396226415,1.0075329566854991,0.9441448382126348,-0.11845102505694761,-0.08224299065420561,,
2022,7519,0.0308426073131955,0.0006163328197226,-0.0078864353312302,0.039208633093525,0.0,0.0308426073131955,0.8932874354561101,0.9950819672131147,0.8704512372634643,0.993127147766323,0.10671256454388985,-0.13210702341137123,,
2022,7520,0.0222502099076407,-0.0083983203359327,-0.0050125313283208,0.0245879492029181,0.0,0.0222502099076407,0.9960212201591512,1.044296788482835,0.8707692307692307,0.9646153846153847,0.003978779840848806,-0.1154299175500589,,
2022,7521,0.0387131952017447,-0.0095477386934673,-0.0081124932395889,0.0325220918441258,0.0,0.0387131952017447,0.984,1.1193415637860082,0.9832775919732442,0.9474120082815735,0.016,-0.16326530612244897,,
2022,7522,0.0245320311591674,0.00415964024733,-0.0038220986796386,0.0227414330218067,0.0,0.0245320311591674,0.9180704441041347,1.0526315789473684,0.8829452485840151,0.9887892376681614,0.08192955589586524,-0.14540270848182466,,
2022,7523,0.0357339197361188,-0.0064640111809922,-0.0054674685620558,0.0577403245942571,0.0,0.0357339197361188,0.9793253536452666,1.0417439703153988,0.9007832898172323,1.0113798008534851,0.020674646354733407,-0.13043478260869565,,
2022,7524,0.0328947368421053,-0.0057272242940863,-0.0063977746870653,0.0650166235685261,0.0,0.0328947368421053,0.9394736842105263,1.0883534136546185,0.8750862663906143,1.121167883211679,0.060526315789473685,-0.1553627760252366,,
2022,7525,0.0407593523171412,-0.0135795763172189,0.0056148231330712,0.0290404040404039,0.0,0.0407593523171412,0.9342105263157895,1.1306413301662708,0.9029535864978903,0.9819494584837545,0.06578947368421052,-0.1705607476635514,,
2022,7526,0.0604109928200049,0.0016977928692698,-0.0068846815834767,0.0364077669902913,0.0,0.0604109928200049,1.0674342105263157,1.3144329896907216,0.9595959595959596,0.9725738396624473,-0.06743421052631579,-0.14605263157894738,,
2022,7527,0.024633431085044,-0.0222101841820151,-0.0133101851851852,0.0369327073552425,0.0,0.024633431085044,0.9682539682539683,1.0676056338028168,0.8860103626943006,0.9061135371179039,0.031746031746031744,-0.10818713450292397,,
2022,7528,0.0271774721676489,-0.0091424968474148,-0.0035889070146818,0.0283413848631239,0.0,0.0271774721676489,1.0135823429541595,1.1350078492935636,0.9552447552447553,0.8130841121495327,-0.013582342954159592,-0.1259150805270864,,
2022,7529,0.0418873375060182,-0.0068119891008174,-0.0123632905373276,0.050514499532273,0.0,0.0418873375060182,1.023728813559322,1.2586206896551724,0.9438775510204082,0.9966216216216216,-0.023728813559322035,-0.1837837837837838,,
2022,7530,0.0335463258785941,-0.0094476744186046,-0.0079239302694136,0.0387131952017447,0.0,0.0335463258785941,1.05,1.1793893129770991,0.9150943396226415,0.984,-0.05,-0.13402061855670103,,
2022,7531,0.0185774946921444,-0.0218423551756885,-0.019771071800208,0.0293721973094169,0.0,0.0185774946921444,1.0,1.1387900355871887,0.9226361031518625,0.9735553379040157,0.0,-0.08385093167701864,,
2022,7532,0.0241362991008045,-0.0140845070422535,0.0004734848484848,0.0166570936243537,0.0,0.0241362991008045,0.9957627118644068,1.0699588477366255,0.9568480300187617,0.9307692307692308,0.00423728813559322,-0.0784313725490196,,
2022,7601,0.0650166235685261,0.0032882718304714,-0.012043795620438,0.0306180172535708,0.0,0.0650166235685261,1.121167883211679,1.2962962962962963,1.025516403402187,0.9488144523899135,-0.12116788321167883,-0.09004739336492891,,
2022,7602,0.0391566265060241,0.0012767315671879,0.0052589641434261,0.0325832161275199,0.0,0.0391566265060241,0.9822184589331076,1.066772655007949,0.9080056179775281,0.9290484140233722,0.017781541066892465,-0.102861562258314,,
2022,7603,0.0440199335548172,-0.005700325732899,-0.0026920687512942,0.0376569037656904,0.0,0.0440199335548172,0.9957142857142857,1.0792639773531494,0.9528005034612964,0.8957345971563981,0.004285714285714286,-0.07926023778071334,,
2022,7604,0.0356612184249629,-0.0097697138869504,-0.0078624078624078,0.0372807017543859,0.0,0.0356612184249629,0.9449838187702265,1.0667678300455234,0.9423631123919308,0.908256880733945,0.05501618122977346,-0.10703363914373089,,
2022,7605,0.0393258426966292,-0.0061162079510703,-0.0129390018484288,0.0389069013432143,0.0,0.0393258426966292,1.0212264150943395,1.1224018475750577,0.9530332681017613,0.9253333333333333,-0.02122641509433962,-0.11088295687885011,,
2022,7606,0.0417881438289602,-0.0006507239303725,0.0012974375608174,0.0145867098865477,0.0,0.0417881438289602,1.0227272727272727,1.145928338762215,0.9717129387113672,1.0507936507936508,-0.022727272727272728,-0.07816711590296496,,
2022,7607,0.029728565273589,-0.0012285012285012,-0.0093896713615023,0.0296242774566473,0.0,0.029728565273589,0.9865771812080537,1.1186046511627907,0.94106463878327,0.9334085778781038,0.013422818791946308,-0.10909090909090909,,
2022,7608,0.0361188288095746,-0.0037029417815264,0.0023564695801199,0.0380556443875919,0.0,0.0361188288095746,0.9696969696969697,1.06796875,0.9539622641509434,0.9093918080264791,0.030303030303030304,-0.08860759493670886,,
2022,7609,0.0267449445531637,-0.0146699266503667,-0.0064808813998703,0.0384016606123507,0.0,0.0267449445531637,0.9557692307692308,1.0835266821345708,1.0440613026819923,1.0513698630136987,0.04423076923076923,-0.08807339449541285,,
2022,7610,0.0299734106840705,-0.0011502185415228,-0.0031325301204819,0.0168350168350168,0.0,0.0299734106840705,0.972972972972973,1.0508083140877598,0.8882921589688507,0.9569471624266145,0.02702702702702703,-0.08585247883917775,,
2022,7611,0.0175438596491228,-0.0063745019920318,-0.0091264667535854,0.0329271294928605,0.0,0.0175438596491228,0.9547738693467337,1.103448275862069,0.9481641468682506,0.9504088630968083,0.04522613065326633,-0.13439635535307518,,
2022,7612,0.0442558351015458,-0.0055882352941176,-0.0036242826940501,0.020223523150612,0.0,0.0442558351015458,0.9586028460543338,1.0709838107098382,0.9232456140350878,0.9283154121863799,0.04139715394566624,-0.11995249406175772,,
2022,7613,0.0299727520435968,-0.0106518960374947,-0.0103370786516854,0.0378457059679766,0.0,0.0299727520435968,1.0432692307692308,1.2087378640776698,0.92578125,0.9061946902654867,-0.04326923076923077,-0.08438818565400844,,
2022,7614,0.0384016606123507,-0.0024740227610093,-0.0178389398572884,0.0381780381780381,0.0,0.0384016606123507,1.0513698630136987,1.1554054054054055,1.0,0.9261838440111421,-0.05136986301369863,-0.11781609195402298,,
2022,7615,0.047759932375317,0.0004313133491482,0.0042444821731748,0.04625015970359,0.0,0.047759932375317,0.9345794392523364,1.0447227191413238,0.9208400646203554,0.9923793395427604,0.06542056074766354,-0.12280701754385964,,
2022,7616,0.0569413383794943,0.0161066370452651,0.0178602696550516,0.0215427380125086,0.0,0.0569413383794943,0.9820618963138182,1.0998994974874372,0.936395175945812,0.9565217391304348,0.017938103686181747,-0.12103034580098801,,
2022,7617,0.0436471663619744,-0.0027347310847766,-0.0101786926034833,0.0342511752854264,0.0,0.0436471663619744,0.9911894273127754,1.1237668161434977,0.9585571757482733,0.9742033383915023,0.00881057268722467,-0.09927942353883107,,
2022,7618,0.0430659053517854,-0.002862783810464,0.0130392156862744,0.0357339197361188,0.0,0.0430659053517854,1.0289855072463767,1.1146521570151573,0.9692796610169492,0.9793253536452666,-0.028985507246376812,-0.0947176684881603,,
2022,7619,0.0439164866810655,-0.0168804861580013,-0.0232067510548523,0.0332954975406734,0.0,0.0439164866810655,1.0,1.2091836734693877,0.9215017064846417,1.0424929178470255,0.0,-0.13703703703703704,,
2022,7620,0.0508537490720117,-0.0034686346863468,0.0088376273217496,0.0273906775588659,0.0,0.0508537490720117,1.045179856115108,1.1834445118253487,0.9968003937976865,0.9359534206695779,-0.045179856115107914,-0.10320987654320987,,
2022,7621,0.024395702775291,0.0034527406128614,-0.0040124832813196,0.0334542523176137,0.0,0.024395702775291,0.9627192982456141,1.1662650602409639,0.9028776978417267,0.9466666666666667,0.03728070175438596,-0.1254980079681275,,
2022,7622,0.0205479452054795,-0.0072859744990892,-0.0103292446739832,0.0511502029769959,0.0,0.0205479452054795,0.9725829725829725,1.0532212885154062,0.9305912596401028,1.0813810110974107,0.027417027417027416,-0.06906077348066299,,
2022,7623,0.0513988288874429,0.0059563203176704,-0.0042112082928409,0.0194043321299639,0.0,0.0513988288874429,0.9673024523160763,1.1180285343709468,0.927023945267959,0.9260450160771704,0.0326975476839237,-0.12669126691266913,,
2022,7624,0.033612119299353,-0.0173581710414902,-0.0262753534111862,0.0494826810616284,0.0,0.033612119299353,0.906888720666162,1.115920763022744,0.8704156479217604,0.9045307443365695,0.093111279333838,-0.15870786516853932,,
2022,7625,0.0418765053645719,0.0059935454126325,0.0104820643305583,0.0467326421614828,0.0,0.0418765053645719,0.9380495603517186,1.062106703146375,0.9613168724279836,0.9700122399020807,0.061950439648281376,-0.13882093933463796,,
2022,8401,0.0360194174757282,0.0016947462865117,0.0044860542227422,0.0281065088757397,0.0,0.0360194174757282,0.8996108949416343,1.084063047285464,0.9102067183462532,0.9658344283837057,0.10038910505836576,-0.17955997161107168,,
2022,8402,0.0511502029769959,0.0015544041450776,-0.0032371189641219,0.0300751879699248,0.0,0.0511502029769959,1.0813810110974107,1.2172185430463576,0.9742268041237113,0.9565217391304348,-0.08138101109741061,-0.07195767195767196,,
2022,8403,0.0331877729257641,-0.0016488046166529,-0.0008726003490401,0.0395174708818635,0.0,0.0331877729257641,0.9126637554585153,1.0689655172413792,0.856687898089172,1.1184510250569477,0.08733624454148471,-0.22304832713754646,,
2022,8404,0.0365025466893038,-0.0103806228373702,0.0094258783204799,0.0298602287166454,0.0,0.0365025466893038,0.9411764705882353,1.0727272727272728,0.8804780876494024,0.9300209937018894,0.058823529411764705,-0.13122171945701358,,
2022,8405,0.029530804976765,-0.0003064194882794,0.0055773289116671,0.0278983261004339,0.0,0.029530804976765,0.9613478691774033,1.0787083753784057,0.8840349483717236,0.9394904458598726,0.03865213082259663,-0.12848158131176998,,
2022,8406,0.0311074918566776,0.0040650406504065,0.0197641587776116,0.0373781148429035,0.0,0.0311074918566776,0.9299065420560748,1.0889679715302492,0.8764215314632298,0.9350993377483444,0.07009345794392523,-0.13927335640138408,,
2022,8407,0.0376212023270847,-0.0002651113467656,0.0078175895765473,0.0186939820742637,0.0,0.0376212023270847,0.9185606060606061,1.052880075542965,0.9024960998439937,0.9381044487427466,0.08143939393939394,-0.1616248919619706,,
2022,8408,0.0337875977743731,8.008328661812669e-05,0.0013727390180877,0.0307716585134922,0.0,0.0337875977743731,0.9274952919020716,1.0721973094170403,0.8933177022274326,0.9276315789473685,0.07250470809792843,-0.13823272090988625,,
2022,8409,0.0298602287166454,0.0030624397436624,-0.0079074031629612,0.0245333333333332,0.0,0.0298602287166454,0.9300209937018894,1.065436825617821,0.9132622853759621,0.924187725631769,0.06997900629811056,-0.13841166936790925,,
2022,8410,0.0389069013432143,-0.0081337550835969,-0.0055274067250115,0.0370370370370369,0.0,0.0389069013432143,0.9253333333333333,1.061881188118812,0.8176100628930818,0.9520958083832335,0.07466666666666667,-0.11025641025641025,,
2022,8411,0.0150943396226415,-0.0108323831242873,-0.0197287299630086,0.0400555436872462,0.0,0.0150943396226415,0.8775510204081632,0.9862385321100917,0.9221311475409836,0.9748717948717949,0.12244897959183673,-0.23555555555555555,,
2022,8412,0.0284995808885164,-0.0076238881829733,0.0084530853761624,0.0175438596491228,0.0,0.0284995808885164,0.95578231292517,1.0701754385964912,0.8727272727272727,0.9547738693467337,0.04421768707482993,-0.1636904761904762,,
2022,8413,0.0347158779462817,-0.0048043925875085,-0.0197026688160487,0.0110635260528193,0.0,0.0347158779462817,0.7936507936507936,0.9407616361071932,0.8740068104426788,0.9633867276887872,0.20634920634920634,-0.2857142857142857,,
2022,8414,0.024,0.0051387461459404,-0.0075940628236106,0.0311074918566776,0.0,0.024,0.9670781893004116,1.0630081300813008,0.8302469135802469,0.9299065420560748,0.03292181069958848,-0.12639405204460966,,
2022,8415,0.0327077747989277,0.0058185665167944,-0.0204831932773109,0.0182394924662965,0.0,0.0327077747989277,0.9090909090909091,1.106115107913669,0.9481382978723404,0.9591078066914498,0.09090909090909091,-0.17251051893408134,,
2022,8416,0.0331543624161074,-0.0012142471667566,0.0022870980761469,0.0347158779462817,0.0,0.0331543624161074,0.8916934373565856,1.075394506136762,0.9632260760551609,0.7936507936507936,0.10830656264341441,-0.15704989154013016,,
2022,8417,0.023102310231023,-0.0172490048651039,-0.0166898470097357,0.0465783843799929,0.0,0.023102310231023,0.9674185463659147,1.048498845265589,0.8857142857142857,0.9579106913839338,0.03258145363408521,-0.11059907834101383,,
2022,8418,0.0283413848631239,-0.0061068702290076,-0.0158478605388272,0.0150943396226415,0.0,0.0283413848631239,0.8130841121495327,1.0168918918918919,0.9128329297820823,0.8775510204081632,0.18691588785046728,-0.3076923076923077,,
2022,8419,0.0227414330218067,-0.0107840279801807,-0.0113951339698182,0.0232323232323232,0.0,0.0227414330218067,0.9887892376681614,1.1199186991869918,0.8931860036832413,0.9433106575963719,0.011210762331838564,-0.09072164948453608,,
2022,8420,0.0296038310840225,0.0048140043763675,0.0114487010127697,0.0355400696864112,0.0,0.0296038310840225,0.9603960396039604,1.0736196319018405,0.9159891598915989,0.9461565710237336,0.039603960396039604,-0.1390532544378698,,
2022,8421,0.0407041606510041,0.0076110674696692,0.0142269996838444,0.0279554607912817,0.0,0.0407041606510041,0.9279991566519081,1.056260162601626,0.9111347141086918,0.9202127659574468,0.07200084334809193,-0.1448416553332038,,
2022,8422,0.034505422280644,-0.004971826317534,0.0072823568354849,0.0392952358873304,0.0,0.034505422280644,0.9758203799654577,1.0758064516129033,0.9394812680115274,0.9598384563607808,0.024179620034542316,-0.1334355828220859,,
2022,8423,0.0116185897435896,-0.0203935599284436,-0.005181347150259,0.0286077558804831,0.0,0.0116185897435896,0.9576988155668359,1.073208722741433,0.8994334277620396,0.9288956127080181,0.04230118443316413,-0.10866141732283464,,
2022,8424,0.0098085007006072,-0.018695652173913,-0.0097132284921369,0.0346671265953777,0.0,0.0098085007006072,0.9856801909307876,1.094298245614035,0.8613678373382625,0.934375,0.014319809069212411,-0.11373390557939914,,
2022,8425,0.0233592880978865,-0.0125067971723762,0.0033482142857141,0.0418240142932553,0.0,0.0233592880978865,0.9225589225589226,1.0962199312714778,0.7536585365853659,0.9173327724021876,0.07744107744107744,-0.11326860841423948,,
2022,8426,0.0378457059679766,-0.0133297062023939,-0.0069384215091067,0.0177935943060498,0.0,0.0378457059679766,0.9061946902654867,1.0410958904109588,0.8895184135977338,1.0039138943248533,0.09380530973451327,-0.18471337579617833,,
2022,8427,0.0314931456094849,-0.0044626255113424,0.0123780945236309,0.0257898130238556,0.0,0.0314931456094849,0.9702970297029703,1.080074487895717,0.8996655518394648,0.9545454545454546,0.0297029702970297,-0.08921933085501858,,
2022,8428,0.0306180172535708,-0.0108399236433051,0.0012035398230088,0.0306914605524462,0.0,0.0306180172535708,0.9488144523899135,1.0539964476021315,0.8916744042092232,0.9453287197231834,0.05118554761008656,-0.12495661228740021,,
2022,8429,0.0167714884696017,-0.0097181729834791,-0.0195272353545734,0.0120288692862871,0.0,0.0167714884696017,0.9354838709677419,1.125,0.8632478632478633,0.9951456310679612,0.06451612903225806,-0.13861386138613863,,
2022,8430,0.0372807017543859,-0.005420054200542,-0.0108459869848156,0.0393258426966292,0.0,0.0372807017543859,0.908256880733945,1.055084745762712,0.8647686832740213,1.0212264150943395,0.09174311926605505,-0.18518518518518517,,
2022,8431,0.0401867030965392,0.0036651013629596,0.0065314541079408,0.016047770106363,0.0,0.0401867030965392,0.9829652996845426,1.1322207958921695,0.9488296135002722,0.9316730523627076,0.017034700315457414,-0.10613884107860011,,
2022,8432,0.0295706568097811,-0.0150993377483443,-0.0039648824695553,0.0148185998978027,0.0,0.0295706568097811,0.9473684210526315,1.0896358543417366,0.8694117647058823,0.9918367346938776,0.05263157894736842,-0.12313937753721245,,
2022,8433,0.0386626525114879,0.0069598228408731,0.0047763095048558,0.0264725347452019,0.0,0.0386626525114879,0.987012987012987,1.1359927470534905,0.9540400296515937,0.9724517906336089,0.012987012987012988,-0.11421911421911422,,
2022,8434,0.0381780381780381,-0.0043868394815553,0.0124378109452736,0.0466175955134946,0.0,0.0381780381780381,0.9261838440111421,1.0953058321479374,0.8773690078037905,0.9848484848484849,0.07381615598885793,-0.15501905972045743,,
2022,8435,0.0317753177531774,0.0004161464835621,0.0047373841400617,0.0180722891566265,0.0,0.0317753177531774,0.94140625,1.0552220888355341,0.882229232386961,0.917910447761194,0.05859375,-0.13825983313468415,,
2022,9301,0.0479626193911908,0.0151470370917687,0.0140756741690475,0.0185774946921444,0.0,0.0479626193911908,0.9550561797752809,1.0651629072681705,0.9320557491289199,1.0,0.0449438202247191,-0.1261682242990654,,
2022,9302,0.0362273579013117,0.0005527915975678,-0.0273390036452004,0.0370147457117062,0.0,0.0362273579013117,0.8836206896551724,1.0663716814159292,0.9069767441860465,0.9641174338528452,0.11637931034482758,-0.2490842490842491,,
2022,9303,0.0577403245942571,0.0033112582781456,0.0129623774897249,0.0223540145985401,0.0,0.0577403245942571,1.0113798008534851,1.1287262872628727,0.9461722488038278,0.9443207126948775,-0.011379800853485065,-0.1011378002528445,,
2022,9304,0.0355400696864112,-0.0051128856207273,-0.0075499971183217,0.023102310231023,0.0,0.0355400696864112,0.9461565710237336,1.1662005593288054,0.9555288461538461,0.9674185463659147,0.053843428976266386,-0.160062893081761,,
2022,9305,0.0617977528089888,-0.0176736539251952,0.0080906148867314,0.0327077747989277,0.0,0.0617977528089888,1.0352112676056338,1.1879310344827587,1.0343283582089553,0.9090909090909091,-0.035211267605633804,-0.15151515151515152,,
2022,9306,0.0489236790606653,0.0002502502502501,0.0036827890989443,0.0375410605349602,0.0,0.0489236790606653,1.0037641154328734,1.152230971128609,0.9649122807017544,0.9119718309859155,-0.0037641154328732747,-0.09090909090909091,,
2022,9307,0.0364077669902913,-0.0038328861632809,-0.0076274588518667,0.0071485305798253,0.0,0.0364077669902913,0.9725738396624473,1.0781893004115226,0.9125,0.9467005076142132,0.027426160337552744,-0.09784735812133072,,
2022,9308,0.0584269662921348,-0.0067199999999999,-0.00096215522771,0.024,0.0,0.0584269662921348,1.0414110429447854,1.1904761904761905,0.9528662420382166,0.9670781893004116,-0.04141104294478527,-0.09224598930481283,,
2022,9309,0.0464493077266636,-0.0031581321903902,0.0140398550724638,0.0192991366175723,0.0,0.0464493077266636,1.0410557184750733,1.2768987341772151,1.0073891625615763,0.9312977099236641,-0.04105571847507331,-0.13202933985330073,,
2022,9310,0.039617870188255,-0.0032502708559046,-0.0072524407252441,0.019990913221263,0.0,0.039617870188255,0.9500924214417745,1.0817490494296578,0.9287974683544303,0.9388185654008439,0.04990757855822551,-0.12436115843270869,,
2022,9311,0.0466175955134946,0.0056120659417748,-0.006269592476489,0.0136363636363636,0.0,0.0466175955134946,0.9848484848484849,1.1521739130434783,0.9208074534161491,1.0053533190578159,0.015151515151515152,-0.12310286677908938,,
2022,9312,0.0465783843799929,0.0044994690067632,0.0133644346871568,0.0184453227931489,0.0,0.0465783843799929,0.9579106913839338,1.0537150970184572,0.922216573462125,0.9357638888888888,0.042089308616066225,-0.09415656008820286,,
2022,9313,0.0390173410404623,0.0015348123343099,0.0106213489113118,0.0508537490720117,0.0,0.0390173410404623,0.96843853820598,1.0871191876002138,0.9073482428115016,1.045179856115108,0.03156146179401993,-0.12022132796780684,,
2022,9314,0.0358705161854768,-0.0057636887608069,-0.0078125,0.0209549071618038,0.0,0.0358705161854768,0.8975409836065574,1.1768707482993197,0.9273356401384083,0.9592735277930655,0.10245901639344263,-0.1828358208955224,,
2022,9315,0.032434419074746,-0.0028712059064807,-0.0012846983253039,0.0302826379542395,0.0,0.032434419074746,0.9015768056968464,1.0951868781930627,0.9207161125319693,0.9478260869565217,0.0984231943031536,-0.17939814814814814,,
2022,9316,0.0418172431595249,-0.0119729307652264,0.0041472265422499,0.0376212023270847,0.0,0.0418172431595249,0.9788732394366197,1.1476997578692494,0.9854166666666667,0.9185606060606061,0.02112676056338028,-0.11839323467230443,,
2022,9317,0.0497162928938124,-0.0156128024980484,-0.0032318879612173,0.032434419074746,0.0,0.0497162928938124,1.2603092783505154,1.8604651162790697,1.0695187165775402,0.9015768056968464,-0.2603092783505155,-0.185,,
2022,9318,0.0450582281568197,-0.0021167221046265,0.0021385799828914,0.0275175644028102,0.0,0.0450582281568197,0.9843360626557494,1.149492966961073,0.935811792041824,0.9522546419098143,0.015663937344250624,-0.14183736809435132,,
2023,51,0.0117443868739206,-0.0081939228405598,0.0168598524762908,0.0224719101123596,0.0,0.0117443868739206,0.9629629629629629,1.0452261306532664,0.9603960396039604,0.8956521739130435,0.037037037037037035,-0.1422680412371134,,
2023,52,0.0262639527248851,0.0008530603540199,0.0513115508513575,0.0135951661631419,0.0,0.0262639527248851,1.2327127659574468,1.2950138504155124,1.0912052117263844,1.0410958904109588,-0.2327127659574468,-0.07761194029850746,,
2023,53,0.0194104960460099,-0.0057424944589965,0.0400555436872462,0.0160413971539457,0.0,0.0194104960460099,1.059245960502693,1.1116625310173698,0.9748717948717949,1.0523364485981308,-0.059245960502693,-0.06891109942135717,,
2023,54,0.0103345594675074,-0.0031206657420249,0.0306914605524462,0.0139358108108107,0.0,0.0103345594675074,0.9951961569255404,1.0420521446593776,0.9453287197231834,1.0664819944598338,0.004803843074459567,-0.09004392386530015,,
2023,55,0.0164670658682635,-0.0034364261168384,0.0372670807453416,0.0238095238095237,0.0,0.0164670658682635,1.0560975609756098,1.1319261213720317,0.9894957983193278,1.0738255033557047,-0.05609756097560976,-0.08067940552016985,,
2023,56,0.0191545574636724,-0.0129617627997408,0.0327421555252387,0.0359930615784909,0.0,0.0191545574636724,1.1,1.0878048780487806,0.9563492063492064,1.0522727272727272,-0.1,-0.04149377593360996,,
2023,57,0.0345323741007195,0.0180806675938804,0.0281065088757397,0.0238335576491699,0.0,0.0345323741007195,0.9895209580838323,1.0203761755485894,0.9658344283837057,1.0658492279745686,0.010479041916167664,-0.10068027210884353,,
2023,58,0.0199757869249395,0.002967359050445,0.0254500310366232,0.020536223616657,0.0,0.0199757869249395,1.0539568345323742,1.1220472440944882,0.9260273972602739,1.04,-0.0539568345323741,-0.13313609467455623,,
2023,59,0.0285714285714284,0.0091145833333332,0.0225975804610818,0.0146534653465346,0.0,0.0285714285714284,1.066287878787879,1.0857699805068226,0.9354330708661417,0.994263862332696,-0.06628787878787878,-0.05218855218855219,,
2023,60,0.0103458468814661,-0.0055588063194851,0.0195901145268233,0.0339271882261813,0.0,0.0103458468814661,1.0463320463320462,1.0612244897959184,0.9488054607508533,1.0627368421052632,-0.04633204633204633,-0.025179856115107913,,
2023,61,0.0091678420310297,-0.0013976240391334,0.0186781609195403,0.0239458615304528,0.0,0.0091678420310297,0.9770642201834863,1.0891089108910892,0.9245283018867925,0.9955156950672646,0.022935779816513763,-0.1306122448979592,,
2023,62,0.020536223616657,0.0044717719396309,0.0150550086855818,0.0099651220727454,0.0,0.020536223616657,1.04,1.0735785953177257,0.9416909620991254,1.0214067278287462,-0.04,-0.034055727554179564,,
2023,63,0.0135951661631419,0.0009935419771485,0.0148185998978027,0.0260589913767281,0.0,0.0135951661631419,1.0410958904109588,1.088235294117647,0.9918367346938776,0.97843631778058,-0.0410958904109589,-0.06172839506172839,,
2023,64,0.0217729393468117,0.0071029934043633,0.0495103373231773,0.0053007605439041,0.0,0.0217729393468117,1.1176470588235294,1.141263940520446,0.9943820224719101,1.0458135860979463,-0.11764705882352941,-0.08757062146892655,,
2023,1101,0.0263563717930743,0.0117470290943859,0.0397959183673468,0.0117443868739206,0.0,0.0263563717930743,0.989551735760027,1.0334996436208126,0.9228776978417266,0.9629629629629629,0.010448264239973037,-0.08450265045213595,,
2023,1102,0.0297901150981718,0.0006574621959236,0.0364912280701754,0.0295748613678372,0.0,0.0297901150981718,1.006825938566553,1.0465949820788532,0.9296187683284457,0.9995100440960314,-0.006825938566552901,-0.0694006309148265,,
2023,1103,0.0040160642570281,0.0026666666666665,0.0223540145985401,0.0325998370008149,0.0,0.0040160642570281,0.974937343358396,1.0434782608695652,0.9443207126948775,1.0201612903225807,0.02506265664160401,-0.08254716981132075,,
2023,1104,0.0308660700743212,0.0013977782682264,0.0401514553916542,0.0024676125848241,0.0,0.0308660700743212,0.9957234497505346,1.0276016411786646,0.922365988909427,0.9911054637865311,0.0042765502494654314,-0.06680026720106881,,
2023,1105,0.0265737312132432,-0.0059410142159983,0.0293721973094169,0.0220897140533946,0.0,0.0265737312132432,0.9988901220865705,1.0405244338498212,0.9735553379040157,1.0316122233930454,0.0011098779134295228,-0.09456740442655935,,
2023,1106,0.0295748613678372,0.0,0.0380556443875919,0.0127659574468084,0.0,0.0295748613678372,0.9995100440960314,1.0358239508700102,0.9093918080264791,1.0305555555555554,0.0004899559039686428,-0.0718835304822566,,
2023,1107,0.0134274010013655,-0.0002245677071637,0.0380344909047956,0.0328778821520068,0.0,0.0134274010013655,1.0,1.0306818181818183,0.9135913591359136,1.0634441087613293,0.0,-0.061083743842364535,,
2023,1108,0.0274563194917176,-0.0030918727915194,0.0279916025192441,0.0187032418952617,0.0,0.0274563194917176,0.9705583756345177,1.0384193194291986,0.9285091543156059,1.0114942528735633,0.029441624365482234,-0.10234741784037558,,
2023,1109,0.0176313794536961,0.0041091940212427,0.0289581049264004,0.0084763721127356,0.0,0.0176313794536961,0.982468085106383,1.0395560528623704,0.9142734574227221,1.012,0.01753191489361702,-0.09723163547260309,,
2023,1110,0.0115761353517365,-0.0228873239436619,0.050514499532273,0.0150250417362269,0.0,0.0115761353517365,1.0639097744360901,1.0431372549019609,0.9966216216216216,1.0537974683544304,-0.06390977443609022,-0.04067796610169491,,
2023,1111,0.0161711006781428,0.0035934291581107,0.020223523150612,0.030261348005502,0.0,0.0161711006781428,0.9788135593220338,1.0137614678899083,0.9283154121863799,1.2507122507122508,0.0211864406779661,-0.10810810810810811,,
2023,1112,0.0361536753275593,0.0118307685713061,0.0444403210094168,0.01885043263288,0.0,0.0361536753275593,0.981454807346057,1.0246538972122132,0.9218677762367082,0.9924812030075187,0.018545192653943103,-0.08876629889669008,,
2023,1113,0.0214150586454786,0.0038524225811231,0.0325832161275199,0.02892219627928,0.0,0.0214150586454786,0.9922779922779923,1.0241813602015113,0.9290484140233722,1.04321608040201,0.007722007722007722,-0.07637017070979335,,
2023,1114,0.0216372964532678,0.0032205240174671,0.0392952358873304,0.0058479532163742,0.0,0.0216372964532678,0.9975018735948039,1.0432033719704952,0.9598384563607808,1.0257234726688103,0.002498126405196103,-0.06661991584852735,,
2023,1115,0.0124063228162982,-0.0038566807663598,0.027766990291262,0.0253807106598984,0.0,0.0124063228162982,0.9884151992585728,1.0443227091633467,0.9362041467304625,1.1361256544502618,0.011584800741427247,-0.09156729131175469,,
2023,2401,0.0205799812909261,0.0034372135655362,0.0273906775588659,0.0203679369250986,0.0,0.0205799812909261,1.0486111111111112,1.1049723756906078,0.9359534206695779,1.1325581395348838,-0.04861111111111111,-0.060653188180404355,,
2023,2402,0.0192648361381753,-0.0049967412557028,0.0187232122715994,0.032576082297471,0.0,0.0192648361381753,1.0089399744572158,1.024045261669024,0.9354485776805251,1.050420168067227,-0.008939974457215836,-0.07602339181286549,,
2023,2403,0.0276910264418071,0.002836304700162,0.0313506549280653,0.0172994488671156,0.0,0.0276910264418071,1.0300957592339262,1.0472222222222223,0.923963133640553,0.9743458183683941,-0.030095759233926128,-0.06109725685785536,,
2023,2404,0.0352053646269907,-0.0186234817813765,0.0127334465195245,0.0086956521739129,0.0,0.0352053646269907,1.0257731958762886,1.0307692307692307,0.9490740740740741,1.0118110236220472,-0.02577319587628866,-0.02926829268292683,,
2023,2405,0.0084763721127356,-0.0035721790292078,0.0187823834196891,0.0332095709570956,0.0,0.0084763721127356,1.012,1.0416666666666667,0.9346110484780158,1.0316091954022988,-0.012,-0.08443908323281062,,
2023,2406,0.0356768100734523,0.0050658561296859,0.0106044538706255,0.0055617352614014,0.0,0.0356768100734523,1.1851851851851851,1.2380952380952381,1.0121951219512195,0.9913419913419913,-0.18518518518518517,-0.03614457831325301,,
2023,2407,0.0150250417362269,-0.0169956140350877,0.0146809712027102,0.015263644773358,0.0,0.0150250417362269,1.0537974683544304,1.1232394366197183,1.0110803324099722,1.0,-0.05379746835443038,-0.08767123287671233,,
2023,2408,0.0015661707126077,-0.0187646598905394,0.0191540303272146,0.0356817768068451,0.0,0.0015661707126077,1.0617977528089888,1.052325581395349,0.9074074074074074,0.9931972789115646,-0.06179775280898876,-0.03571428571428571,,
2023,2409,0.0149799050054804,-0.003959683225342,0.0250936329588014,0.0240169531433953,0.0,0.0149799050054804,0.9709035222052067,1.0389610389610389,0.9562243502051984,1.0087912087912088,0.02909647779479326,-0.09298998569384835,,
2023,2410,0.0227376080036381,0.0015117830146731,0.0277621985417835,0.0231053604436228,0.0,0.0227376080036381,0.9595307917888563,1.030826140567201,0.9021905247070809,1.0608272506082725,0.04046920821114369,-0.07622811970638058,,
2023,2411,0.0111199364575058,-0.0102120974076983,0.031122031122031,0.0227787307032589,0.0,0.0111199364575058,1.0240963855421688,1.0,0.9057971014492754,1.0188348664038547,-0.024096385542168676,0.02,,
2023,2412,0.0221579961464355,-0.0061262959472195,0.0121891760117016,0.0166498486377395,0.0,0.0221579961464355,1.0394736842105263,1.106761565836299,0.9725274725274725,0.9927953890489913,-0.039473684210526314,-0.10734463276836158,,
2023,2413,0.02892219627928,0.0040992606690579,0.0265986236758679,0.0299978103788045,0.0,0.02892219627928,1.04321608040201,1.0713178294573644,0.9335604770017035,1.0691099476439792,-0.04321608040201005,-0.05291970802919708,,
2023,2414,0.0190476190476189,0.0040053404539386,0.0301331464611072,0.0124999999999999,0.0,0.0190476190476189,1.0796019900497513,1.0612244897959184,0.9702127659574468,1.0252808988764044,-0.07960199004975124,-0.04824561403508772,,
2023,2415,0.0169660678642713,0.0078508341511285,0.0203665987780041,0.0181731229076995,0.0,0.0169660678642713,1.0198412698412698,1.0205761316872428,0.9614035087719298,1.00945179584121,-0.01984126984126984,-0.06204379562043796,,
2023,2701,0.0097402597402598,-0.0085744908896033,0.0370370370370369,0.027951452739978,0.0,0.0097402597402598,1.025974025974026,1.0536912751677852,0.9520958083832335,0.9855670103092784,-0.025974025974025976,-0.006289308176100629,,
2023,2702,0.0053007605439041,-0.0064190738193489,0.0279554607912817,0.0403800475059381,0.0,0.0053007605439041,1.0458135860979463,1.0812101910828025,0.9202127659574468,1.0207612456747406,-0.045813586097946286,-0.04335260115606936,,
2023,2703,0.0238095238095237,0.0088211708099439,0.0158465387823185,0.0402033271719037,0.0,0.0238095238095237,1.0738255033557047,1.0733333333333333,0.9491525423728814,1.2706422018348624,-0.0738255033557047,-0.047619047619047616,,
2023,2704,0.0353595550258243,0.0138142747505756,0.0223395613322501,0.0217729393468117,0.0,0.0353595550258243,1.1542553191489362,1.1318681318681318,0.950207468879668,1.1176470588235294,-0.15425531914893617,-0.05240174672489083,,
2023,2705,0.009049773755656,-0.0037369207772794,0.0186939820742637,0.0097402597402598,0.0,0.009049773755656,1.0046457607433217,1.0248520710059172,0.9381044487427466,1.025974025974026,-0.004645760743321719,-0.10824742268041238,,
2023,2706,0.0172794117647059,0.0046982291290205,0.0265442193986664,0.0047832585949176,0.0,0.0172794117647059,0.9945945945945946,1.0315186246418337,0.9277478862413528,1.0011600928074247,0.005405405405405406,-0.08533554266777134,,
2023,2707,0.0206410879067509,0.0052343564120866,0.027701522335912,0.0194484760522495,0.0,0.0206410879067509,1.0471204188481675,1.0665499124343258,0.9471228615863142,1.023021582733813,-0.04712041884816754,-0.014778325123152709,,
2023,2708,0.0182254196642686,0.0004710315591145,0.0170731707317073,0.0236080178173718,0.0,0.0182254196642686,1.105726872246696,1.0833333333333333,0.9372693726937269,0.9856459330143541,-0.10572687224669604,-0.011811023622047244,,
2023,2709,0.0167247386759581,-0.0116518163125428,0.0170092133238837,0.0337375621890547,0.0,0.0167247386759581,1.1055555555555556,1.0273224043715847,0.9174311926605505,1.0858895705521472,-0.10555555555555556,-0.005,,
2023,2710,0.0014807502467917,0.0,0.0232323232323232,0.0194704049844236,0.0,0.0014807502467917,1.0179487179487179,1.0578947368421052,0.9433106575963719,1.0542986425339367,-0.017948717948717947,-0.04567307692307692,,
2023,2711,0.0229817898529554,0.0074250356972869,0.0307136404697381,0.0219841848466153,0.0,0.0229817898529554,1.0254545454545454,1.0518134715025906,0.9226963512677798,0.980865224625624,-0.025454545454545455,-0.054959785522788206,,
2023,2712,0.0183727034120735,0.0103092783505154,0.0347637153720803,0.015597034006648,0.0,0.0183727034120735,1.0201612903225807,1.0502092050209204,0.9206896551724137,1.0264623955431755,-0.020161290322580645,-0.052434456928838954,,
2023,2713,0.0150742629128797,-0.0032758244158113,0.0259267682510802,0.0131654264453349,0.0,0.0150742629128797,1.1124121779859484,1.0776470588235294,0.9313725490196079,1.049056603773585,-0.11241217798594848,0.0,,
2023,2714,0.0024676125848241,-0.0052307692307692,0.0166196299780494,0.0233481204763017,0.0,0.0024676125848241,0.9911054637865311,0.9924337957124842,0.9379450661241099,1.2689804772234274,0.008894536213468869,-0.1540130151843818,,
2023,2715,0.0099964298464834,0.0017674089784376,0.0111913357400721,0.0235294117647058,0.0,0.0099964298464834,0.9343065693430657,1.0392670157068062,0.8574144486692015,1.0225988700564972,0.06569343065693431,-0.14855875831485588,,
2023,2716,0.0061633281972264,-0.0199081163859111,0.014855355746677,0.0077447335811648,0.0,0.0061633281972264,1.0384615384615385,1.0588235294117647,0.9292452830188679,0.970873786407767,-0.038461538461538464,-0.04060913705583756,,
2023,2717,0.0187032418952617,0.0012239902080783,0.0282051282051281,0.021604938271605,0.0,0.0187032418952617,1.0114942528735633,1.066350710900474,0.9348659003831418,1.1867469879518073,-0.011494252873563218,-0.09836065573770492,,
2023,2718,0.013980868285504,-0.0094339622641509,0.0168350168350168,0.0182254196642686,0.0,0.013980868285504,0.9797297297297297,1.0686274509803921,0.9569471624266145,1.105726872246696,0.02027027027027027,-0.11042944785276074,,
2023,2801,0.0011415525114155,0.0125427594070695,0.0057405281285878,0.0256665836032892,0.0,0.0011415525114155,1.0656934306569343,1.1076923076923078,1.031055900621118,0.9908571428571429,-0.06569343065693431,-0.12048192771084337,,
2023,2802,0.0247897299690127,0.0012958963282936,0.0194043321299639,0.0192307692307691,0.0,0.0247897299690127,1.0682730923694779,1.1350210970464134,0.9260450160771704,0.984263959390863,-0.06827309236947791,-0.0763888888888889,,
2023,2803,0.0151898734177216,-0.0124688279301745,0.032005225342913,0.029226201521618,0.0,0.0151898734177216,0.972,1.0973451327433628,0.9698996655518395,1.0796927508401344,0.028,-0.16206896551724137,,
2023,2804,0.0230796211855488,0.0064454196379593,0.0325220918441258,0.0308008213552362,0.0,0.0230796211855488,1.031015507753877,1.0943494038361845,0.9474120082815735,1.0,-0.031015507753876938,-0.09921328671328672,,
2023,2805,0.0160413971539457,-0.0081487140310669,0.0078226857887875,0.02555910543131,0.0,0.0160413971539457,1.0523364485981308,1.09765625,0.9748031496062992,1.1935483870967742,-0.052336448598130844,-0.09046849757673667,,
2023,2806,0.0080645161290322,0.0126666666666666,0.0376569037656904,0.0317124735729386,0.0,0.0080645161290322,1.0290697674418605,1.0613496932515338,0.8957345971563981,1.0271317829457365,-0.029069767441860465,-0.06349206349206349,,
2023,2807,0.01885043263288,-0.0057628146800121,0.0286077558804831,0.0337931034482759,0.0,0.01885043263288,0.9924812030075187,1.088659793814433,0.9288956127080181,1.1382978723404256,0.007518796992481203,-0.14006514657980457,,
2023,2808,0.0073837066207236,-0.0058636696799413,0.0239415322580645,0.0129310344827586,0.0,0.0073837066207236,0.95875,1.0351826792963463,0.9518828451882845,1.0350467289719627,0.04125,-0.15714285714285714,,
2023,2809,0.0099651220727454,-0.0152935372471633,0.0192991366175723,0.025474956822107,0.0,0.0099651220727454,1.0214067278287462,1.1103896103896105,0.9312977099236641,1.1417721518987343,-0.021406727828746176,-0.08743169398907104,,
2023,2810,0.0282708744247206,0.0102301790281329,0.0277027027027028,0.0251183858348775,0.0,0.0282708744247206,1.095808383233533,1.15527950310559,0.9523809523809523,1.0282087447108603,-0.09580838323353294,-0.085,,
2023,2811,0.0271657108361003,0.0061710255656772,0.0369327073552425,0.018494623655914,0.0,0.0271657108361003,1.033033033033033,1.167763157894737,0.9061135371179039,1.0058873002523128,-0.03303303303303303,-0.1710843373493976,,
2023,2812,0.0288153681963714,0.0020746887966804,0.0240437158469946,0.033982683982684,0.0,0.0288153681963714,1.0256410256410255,1.0616438356164384,0.9572192513368984,1.034608378870674,-0.02564102564102564,-0.10614525139664804,,
2023,2813,0.0236734693877551,-0.0053163211057948,0.0215427380125086,0.0243373493975904,0.0,0.0236734693877551,0.958886780518659,1.0514603616133518,0.9565217391304348,0.9544764795144158,0.041113219481340925,-0.15964523281596452,,
2023,2814,0.0099800399201597,0.0039525691699604,0.0292758089368259,0.0126730814362825,0.0,0.0099800399201597,1.0476190476190477,1.0590717299578059,0.9411764705882353,1.0507246376811594,-0.047619047619047616,-0.08333333333333333,,
2023,2815,0.0191264970505868,0.0047942001870906,0.0329271294928605,0.0267498885421311,0.0,0.0191264970505868,0.9666048237476809,1.058612829697167,0.9504088630968083,0.9683544303797469,0.03339517625231911,-0.13238967527060783,,
2023,2816,0.0144288577154307,0.0102726195179769,0.0237997537956504,0.0203010150507525,0.0,0.0144288577154307,1.023890784982935,1.12,0.9528023598820059,1.0666666666666667,-0.023890784982935155,-0.07120743034055728,,
2023,2817,0.0184782608695652,0.0341515474919957,0.0226009633197481,0.0352053646269907,0.0,0.0184782608695652,0.9716814159292035,1.073558648111332,0.9451038575667656,1.0257731958762886,0.02831858407079646,-0.13814756671899528,,
2023,2818,0.0079096045197739,0.0056053811659193,0.0091220068415052,0.0121477162293488,0.0,0.0079096045197739,1.0405405405405406,1.0638297872340425,0.9588235294117647,1.0098410295230886,-0.04054054054054054,-0.05521472392638037,,
2023,2819,0.0322291853178156,0.0039028620988725,0.0323475046210721,0.0073837066207236,0.0,0.0322291853178156,0.9828009828009828,1.0341207349081365,0.9308300395256917,0.95875,0.0171990171990172,-0.15074309978768577,,
2023,3201,0.0236104279390063,0.0014416146083613,0.0293670886075949,0.021838034576888,0.0,0.0236104279390063,1.058011049723757,1.0845481049562682,0.929637526652452,1.1209964412811388,-0.058011049723756904,-0.12155963302752294,,
2023,3202,0.0201918223119637,-0.001608114794656,0.0264248704663212,0.0223675154852029,0.0,0.0201918223119637,0.9794483504597079,1.0199771689497716,0.9256850905712959,1.0122950819672132,0.02055164954029205,-0.09131961866532864,,
2023,3203,0.0243373493975904,0.003293342742884,0.0323383084577113,0.0222222222222221,0.0,0.0243373493975904,0.9544764795144158,0.9873417721518988,0.9247730220492867,0.9697542533081286,0.04552352048558422,-0.11781206171107994,,
2023,3204,0.0257888349514563,-0.0050280981958,0.0296782255545142,0.0065494011976048,0.0,0.0257888349514563,1.087719298245614,1.1157407407407407,0.9545454545454546,0.969676994067238,-0.08771929824561403,-0.09157509157509157,,
2023,3205,0.018494623655914,-0.0063344594594594,0.0377147958045078,0.0099800399201597,0.0,0.018494623655914,1.0058873002523128,1.0569727891156462,0.9310589907604833,1.0476190476190477,-0.005887300252312868,-0.08702290076335878,,
2023,3206,0.015597034006648,0.0015105740181269,0.0238219895287958,0.0111214087117701,0.0,0.015597034006648,1.0264623955431755,1.0404040404040404,0.9150622876557192,0.9731182795698925,-0.026462395543175487,-0.08787128712871287,,
2023,3207,0.0242105263157894,-0.0058239122987324,0.0296242774566473,0.0307298335467349,0.0,0.0242105263157894,1.009433962264151,1.0790190735694822,0.9334085778781038,1.2026022304832713,-0.009433962264150943,-0.094316807738815,,
2023,3208,0.0077447335811648,-0.0187519213034121,0.0293367346938775,0.0091678420310297,0.0,0.0077447335811648,0.970873786407767,1.0100558659217878,0.933589990375361,0.9770642201834863,0.02912621359223301,-0.07216494845360824,,
2023,3209,0.0055467511885896,-0.0110323089046493,0.0120288692862871,0.010115963483839,0.0,0.0055467511885896,1.0345821325648414,1.0978593272171253,0.9951456310679612,0.975223675154852,-0.0345821325648415,-0.12439024390243902,,
2023,3210,0.0159080866106937,-0.0039147455415398,0.036409434394321,0.0294478527607362,0.0,0.0159080866106937,0.9800936768149883,1.0606435643564356,0.9658738366080661,1.0543933054393306,0.01990632318501171,-0.10385438972162742,,
2023,3211,0.0175262894341512,0.0006561679790026,0.0357883817427386,0.0272610272610271,0.0,0.0175262894341512,0.98,1.0177993527508091,0.9375410913872453,1.0322128851540617,0.02,-0.10659186535764376,,
2023,3212,0.010115963483839,0.0009770395701025,0.0278975399442049,0.0322291853178156,0.0,0.010115963483839,0.975223675154852,1.0260196905766525,0.938949938949939,0.9828009828009828,0.02477632484514797,-0.07867360208062418,,
2023,3213,0.0093663911845729,-0.0089155749636099,0.016047770106363,0.0356768100734523,0.0,0.0093663911845729,1.0278884462151394,1.05735056542811,0.9316730523627076,1.1851851851851851,-0.027888446215139442,-0.11583276216586703,,
2023,3214,0.0090395480225988,0.0011198208286673,0.0166570936243537,0.022877618522602,0.0,0.0090395480225988,1.0018018018018018,1.054003724394786,0.9307692307692308,1.0546623794212218,-0.0018018018018018018,-0.08099173553719008,,
2023,3215,0.0172994488671156,0.0049661399548532,0.0307716585134922,0.0187866927592954,0.0,0.0172994488671156,0.9743458183683941,1.0142480211081795,0.9276315789473685,0.9953271028037384,0.025654181631605953,-0.10212765957446808,,
2023,3216,0.0274389055618349,0.0060316376465232,0.0418240142932553,0.0222993062438057,0.0,0.0274389055618349,1.007334344967122,1.0466836734693878,0.9173327724021876,1.1048158640226629,-0.007334344967121902,-0.08667736757624397,,
2023,3217,0.0218238503507404,-0.0152555301296719,0.0209549071618038,0.0090395480225988,0.0,0.0218238503507404,0.9736358062538321,1.0159846547314577,0.9592735277930655,1.0018018018018018,0.026364193746167996,-0.0889271371199082,,
2023,3218,0.0270066574550935,-0.0051369863013698,0.038888163904476,0.0239605355884424,0.0,0.0270066574550935,0.981516408902301,1.0132547864506627,0.9243725231175693,1.0,0.01848359109769898,-0.07038227938549482,,
2023,3219,0.022877618522602,-0.0097008892481811,0.0237020316027087,0.0080645161290322,0.0,0.022877618522602,1.0546623794212218,1.078740157480315,0.9118421052631579,1.0290697674418605,-0.05466237942122187,-0.05339105339105339,,
2023,3220,0.0122897800776196,-0.0010649627263046,0.0184453227931489,0.0011415525114155,0.0,0.0122897800776196,0.96875,1.0042342978122794,0.9357638888888888,1.0656934306569343,0.03125,-0.09894867037724181,,
2023,3221,0.0238843494657448,-0.0033763044812769,0.0257898130238556,0.0213989875747813,0.0,0.0238843494657448,0.9766871165644172,1.0370860927152319,0.9545454545454546,1.0323450134770888,0.023312883435582823,-0.1184939091915836,,
2023,3222,0.0179918746372604,-0.0025655644241733,0.0370147457117062,0.0274389055618349,0.0,0.0179918746372604,0.9979863068868304,1.0144628099173554,0.9641174338528452,1.007334344967122,0.002013693113169553,-0.06842105263157895,,
2023,4401,0.0159611380985427,0.0013661202185792,0.0169371912491178,-0.0031331592689295,0.0,0.0159611380985427,1.0223880597014925,1.058139534883721,0.9605263157894737,0.9419354838709677,-0.022388059701492536,-0.06164383561643835,,
2023,4402,0.0236080178173718,-0.0073977371627502,0.019990913221263,0.0270066574550935,0.0,0.0236080178173718,0.9856459330143541,1.0443349753694582,0.9388185654008439,0.981516408902301,0.014354066985645933,-0.07415730337078652,,
2023,4403,0.0047832585949176,-0.0017851829812556,0.0136363636363636,0.0067729954118418,0.0,0.0047832585949176,1.0011600928074247,1.028301886792453,1.0053533190578159,1.0338541666666667,-0.001160092807424594,-0.08093716719914804,,
2023,4404,0.0144722908577479,-0.0097425191370911,0.0110635260528193,-0.0014646649578908,0.0,0.0144722908577479,1.0573770491803278,1.0389972144846797,0.9633867276887872,0.9491525423728814,-0.05737704918032787,-0.08076009501187649,,
2023,4405,0.0166498486377395,0.0016542597187758,0.0134651440259077,0.0349428208386277,0.0,0.0166498486377395,0.9927953890489913,1.0104790419161678,0.8707865168539326,1.0344827586206897,0.007204610951008645,-0.11096774193548387,,
2023,4406,0.02555910543131,-0.0062305295950155,0.0145867098865477,0.0319576039826561,0.0,0.02555910543131,1.1935483870967742,1.248945147679325,1.0507936507936508,1.0277203144393876,-0.1935483870967742,-0.10574018126888217,,
2023,4407,0.0213989875747813,-0.0049560711872043,0.0245167373880246,0.0207555970149253,0.0,0.0213989875747813,1.0323450134770888,1.0349462365591398,0.9644495412844036,1.1089258698940998,-0.03234501347708895,-0.089179548156956,,
2023,4408,-0.0031331592689295,-0.0183342063907805,0.0373781148429035,0.0169648365206662,-0.0031331592689295,0.0,0.9419354838709677,1.0159857904085257,0.9350993377483444,1.0078895463510849,0.05806451612903226,-0.17280453257790368,,
2023,4409,0.0155336819440172,0.0042404967439042,0.0263614838200474,0.0236734693877551,0.0,0.0155336819440172,0.9933510638297872,1.0689170182841068,0.9542920847268673,0.958886780518659,0.006648936170212766,-0.12733644859813084,,
2023,4410,0.0192307692307691,0.0010580144595309,0.0222303876538674,0.0353159851301114,0.0,0.0192307692307691,0.984263959390863,1.0132978723404256,0.9236022193768673,0.9470198675496688,0.015736040609137057,-0.10397412199630314,,
2023,4411,0.0120722519742215,-0.0071748878923766,0.0214166512145372,0.0239694656488549,0.0,0.0120722519742215,0.9995069033530573,1.0449775112443778,0.9096597575283535,1.0186393289841567,0.0004930966469428008,-0.12854686156491832,,
2023,4412,0.0203709334144117,0.0060339690107269,0.0262891021140494,0.0340136054421769,0.0,0.0203709334144117,1.0144861928474422,1.0278551532033426,0.9441448382126348,1.1831578947368422,-0.014486192847442281,-0.08567931456548347,,
2023,4413,0.0272610272610271,0.001138952164009,0.0267900048053819,0.0285714285714284,0.0,0.0272610272610271,1.0322128851540617,1.0543401552575864,0.9491124260355029,1.066287878787879,-0.03221288515406162,-0.08104738154613467,,
2023,4414,0.0142334282228548,0.0048115477145147,0.0203319502074688,0.0257888349514563,0.0,0.0142334282228548,1.0266666666666666,1.0338983050847457,0.8837209302325582,1.087719298245614,-0.02666666666666667,-0.09941520467836257,,
2023,4415,0.0117570215545395,-0.0083925112976113,0.0302826379542395,0.026252983293556,0.0,0.0117570215545395,1.0198511166253101,1.0207253886010363,0.9478260869565217,1.0506122448979591,-0.019851116625310174,-0.05733944954128441,,
2023,4416,0.0222222222222221,-0.0019762845849802,0.0261194029850746,0.0229817898529554,0.0,0.0222222222222221,0.9697542533081286,1.0117878192534382,0.9325842696629213,1.0254545454545454,0.030245746691871456,-0.11703958691910499,,
2023,4417,0.0206692913385826,-0.0106075216972034,0.0262626262626262,0.009049773755656,0.0,0.0206692913385826,1.0283687943262412,1.0211267605633803,0.9735772357723578,1.0046457607433217,-0.028368794326241134,-0.0918580375782881,,
2023,4418,0.0239458615304528,0.0,0.0245333333333332,0.0061633281972264,0.0,0.0239458615304528,0.9955156950672646,1.0403800475059382,0.924187725631769,1.0384615384615385,0.004484304932735426,-0.1328125,,
2023,4419,0.0127659574468084,-0.0022918258212375,0.0241679873217115,0.0424904101504868,0.0,0.0127659574468084,1.0305555555555554,1.0581717451523547,0.9444444444444444,1.0797962648556876,-0.030555555555555555,-0.09068627450980392,,
2023,4420,-0.0014646649578908,-0.0029336266960029,0.0197908887229276,0.0079096045197739,-0.0014646649578908,0.0,0.9491525423728814,1.016548463356974,0.9483985765124555,1.0405405405405406,0.05084745762711865,-0.15947467166979362,,
2023,4421,0.0055617352614014,-0.0038716814159291,0.0152456239412761,0.0234244283324038,0.0,0.0055617352614014,0.9913419913419913,1.038812785388128,0.9702380952380952,1.1359149582384207,0.008658008658008658,-0.06339468302658487,,
2023,4422,0.0200156985871271,-0.0100038476337053,0.0237042989152269,0.017561260210035,0.0,0.0200156985871271,0.9757575757575757,1.0359477124183007,0.883054892601432,1.1059135039717565,0.024242424242424242,-0.12972972972972974,,
2023,4423,0.0193041625987395,0.0020897731725368,0.0314459651210692,0.0152230971128608,0.0,0.0193041625987395,0.9887160719731626,1.0335949764521193,0.9197930142302717,1.058252427184466,0.011283928026837451,-0.0880450070323488,,
2023,4424,0.0065494011976048,0.0031604387432608,0.0249328730341389,0.0236104279390063,0.0,0.0065494011976048,0.969676994067238,1.034965034965035,0.9169398907103825,1.058011049723757,0.03032300593276203,-0.1233611442193087,,
2023,4425,0.0121477162293488,-0.0078412546007361,0.028143213988343,0.0179918746372604,0.0,0.0121477162293488,1.0098410295230886,1.0510774142059058,0.9528728211749515,0.9979863068868304,-0.00984102952308857,-0.09620596205962059,,
2023,4426,0.0058479532163742,-0.0032299741602067,0.0212342402123424,0.0191545574636724,0.0,0.0058479532163742,1.0257234726688103,1.0466666666666666,0.9327956989247311,1.1,-0.02572347266881029,-0.08069164265129683,,
2023,4427,0.0218531468531468,0.0008554319931566,0.0177935943060498,0.0175262894341512,0.0,0.0218531468531468,1.0684326710816776,1.082004555808656,1.0039138943248533,0.98,-0.0684326710816777,-0.056530214424951264,,
2023,5201,0.0403800475059381,-0.0034246575342465,0.0268292682926829,0.0014807502467917,0.0,0.0403800475059381,1.0207612456747406,1.0895522388059702,0.9603399433427762,1.0179487179487179,-0.020761245674740483,-0.12979351032448377,,
2023,5202,0.0286661466458657,0.0117535545023697,0.0334542523176137,0.0103345594675074,0.0,0.0286661466458657,0.9935710111046172,1.0610539845758356,0.9466666666666667,0.9951961569255404,0.006428988895382817,-0.11319770474700053,,
2023,5203,0.0323946644082151,0.0082034454470878,0.0366549604916592,0.0099964298464834,0.0,0.0323946644082151,1.25,1.3180778032036613,1.1,0.9343065693430657,-0.25,-0.10606060606060606,,
2023,5204,0.0224719101123596,0.017982017982018,0.028361344537815,0.0262639527248851,0.0,0.0224719101123596,0.8956521739130435,1.0421052631578946,0.9076923076923077,1.2327127659574468,0.10434782608695652,-0.1271186440677966,,
2023,5205,0.0235294117647058,-0.0352490421455938,0.0111022997620935,0.0192648361381753,0.0,0.0235294117647058,1.0225988700564972,1.0710059171597632,1.0,1.0089399744572158,-0.022598870056497175,-0.14622641509433962,,
2023,5206,0.0269400884599919,0.000391542678152,0.0278983261004339,0.0269400884599919,0.0,0.0269400884599919,1.0284090909090908,1.076,0.9394904458598726,1.0284090909090908,-0.028409090909090908,-0.07966101694915254,,
2023,5207,0.0179791441927363,0.0070646414694455,0.0303816228232678,0.0234935163996949,0.0,0.0179791441927363,1.1488250652741514,1.2044817927170868,1.0062370062370063,1.0507772020725388,-0.14882506527415143,-0.09090909090909091,,
2023,5208,0.0192307692307691,-0.0058055152394774,0.0180722891566265,0.0238843494657448,0.0,0.0192307692307691,1.0,1.0303030303030303,0.917910447761194,0.9766871165644172,0.0,-0.14634146341463414,,
2023,5209,0.0449533502968617,0.0113636363636364,0.0102827763496144,0.0133418043202033,0.0,0.0449533502968617,1.064516129032258,1.1243781094527363,0.98828125,1.1058823529411765,-0.06451612903225806,-0.08695652173913043,,
2023,5210,0.033982683982684,0.0087921289512247,0.0342511752854264,0.0265737312132432,0.0,0.033982683982684,1.034608378870674,1.1076923076923078,0.9742033383915023,0.9988901220865705,-0.03460837887067395,-0.11526479750778816,,
2023,5211,0.0240169531433953,0.0064382616693492,0.0300751879699248,0.0170575692963752,0.0,0.0240169531433953,1.0087912087912088,1.0492957746478873,0.9565217391304348,1.0151898734177216,-0.008791208791208791,-0.09288537549407115,,
2023,5212,0.0228905393887739,0.001309367932389,0.0293269833312446,0.0221579961464355,0.0,0.0228905393887739,0.9886291850915983,1.0815068493150686,0.9582441113490364,1.0394736842105263,0.011370814908401769,-0.12569832402234637,,
2023,5213,0.0373216245883645,0.016931216931217,0.0250351617440225,0.0161711006781428,0.0,0.0373216245883645,1.0321543408360128,1.1888111888111887,0.9481865284974094,0.9788135593220338,-0.03215434083601286,-0.12295081967213115,,
2023,5214,0.0296594653972903,0.0152916073968705,0.0332954975406734,0.0218531468531468,0.0,0.0296594653972903,1.1713286713286712,1.253787878787879,1.0424929178470255,1.0684326710816776,-0.17132867132867133,-0.08967391304347826,,
2023,5215,0.0012099213551119,-0.0138972809667673,0.0299065420560746,0.0181962025316455,0.0,0.0012099213551119,1.061611374407583,0.9950248756218906,0.9133858267716536,0.9910793933987511,-0.061611374407582936,-0.034482758620689655,,
2023,5216,0.0312148692198155,0.0010901558922926,0.035023077221425,0.0247897299690127,0.0,0.0312148692198155,1.0040780658316342,1.0785984848484849,0.9429866412213741,1.0682730923694779,-0.00407806583163414,-0.1280040475588161,,
2023,5217,0.0408366533864541,-0.0043062200956938,0.0458333333333333,0.0115761353517365,0.0,0.0408366533864541,1.108,1.1409691629955947,0.987220447284345,1.0639097744360901,-0.108,-0.10355987055016182,,
2023,5218,0.0111214087117701,0.0045829514207149,0.0084112149532711,0.0055467511885896,0.0,0.0111214087117701,0.9731182795698925,1.0731707317073171,1.0047619047619047,1.0345821325648414,0.026881720430107527,-0.14218009478672985,,
2023,5219,0.0359930615784909,0.0009766987581973,0.034699371821717,0.011475932419509,0.0,0.0359930615784909,1.0522727272727272,1.130050505050505,0.9901433691756273,1.0616302186878728,-0.05227272727272727,-0.16199095022624435,,
2023,5220,0.025474956822107,0.0016842105263157,0.0229681978798586,0.0184782608695652,0.0,0.025474956822107,1.1417721518987343,1.1675675675675676,1.0103305785123966,0.9716814159292035,-0.14177215189873418,-0.07770961145194274,,
2023,5221,0.0223463687150837,0.0127504553734061,0.0326923076923078,0.0253375562593765,0.0,0.0223463687150837,1.095808383233533,1.10828025477707,0.9897959183673469,1.0481770833333333,-0.09580838323353294,-0.05670103092783505,,
2023,5301,0.0325765054294175,0.0124282982791585,0.0559416261292564,0.027661150901457,0.0,0.0325765054294175,1.2371134020618557,1.3011152416356877,0.9951100244498777,1.011070110701107,-0.23711340206185566,-0.11547911547911548,,
2023,5302,0.0234244283324038,0.0088283378746594,0.0311709224752703,0.0150742629128797,0.0,0.0234244283324038,1.1359149582384207,1.1562021439509953,1.0213299874529485,1.1124121779859484,-0.13591495823842065,-0.08108108108108109,,
2023,5303,0.0038684719535784,-0.0006422607578676,0.0264725347452019,0.0230664857530529,0.0,0.0038684719535784,1.0188087774294672,1.0288461538461537,0.9724517906336089,1.0701754385964912,-0.018808777429467086,-0.07932011331444759,,
2023,5304,0.0328778821520068,0.0090946672178586,0.0249452954048139,0.0188911704312115,0.0,0.0328778821520068,1.0634441087613293,1.1185897435897436,0.9663461538461539,1.010886469673406,-0.0634441087613293,-0.12437810945273632,,
2023,5305,0.0117145899893502,-0.0052631578947368,0.0223189983669025,0.0199757869249395,0.0,0.0117145899893502,1.075221238938053,1.0669456066945606,0.9655172413793104,1.0539568345323742,-0.0752212389380531,-0.03571428571428571,,
2023,5306,0.0194704049844236,-0.0076394194041252,0.0182394924662965,0.0236240913811007,0.0,0.0194704049844236,1.0542986425339367,1.070754716981132,0.9591078066914498,1.031936127744511,-0.05429864253393665,-0.09689922480620156,,
2023,5307,0.0253807106598984,0.0049504950495049,0.024707412223667,0.0205799812909261,0.0,0.0253807106598984,1.1361256544502618,1.108695652173913,0.987012987012987,1.0486111111111112,-0.13612565445026178,-0.04824561403508772,,
2023,5308,0.030261348005502,0.0123497997329773,0.0370898716119829,0.0435287289611143,0.0,0.030261348005502,1.2507122507122508,1.238235294117647,1.03125,1.2232415902140672,-0.25071225071225073,-0.049783549783549784,,
2023,5309,0.0253375562593765,0.0055275564948789,0.0346671265953777,0.0251412806478885,0.0,0.0253375562593765,1.0481770833333333,1.0853333333333333,0.934375,1.0318764377259284,-0.048177083333333336,-0.10256410256410256,,
2023,5310,0.0203679369250986,0.0054732775273664,0.0280310705842621,0.0155336819440172,0.0,0.0203679369250986,1.1325581395348838,1.1359223300970873,1.0174081237911026,0.9933510638297872,-0.1325581395348837,-0.0741444866920152,,
2023,5311,0.0294478527607362,0.0053635280095352,0.0290404040404039,0.0089955022488754,0.0,0.0294478527607362,1.0543933054393306,1.1398305084745763,0.9819494584837545,1.0894941634241244,-0.05439330543933055,-0.07352941176470588,,
2023,5312,0.0231894398858365,0.0052301255230124,0.0301359794193312,0.0184975034044485,0.0,0.0231894398858365,1.0541237113402062,1.077127659574468,0.9566160520607375,1.006311992786294,-0.05412371134020619,-0.07256235827664399,,
2023,5313,0.0232237007280944,0.0053981106612686,0.0232498394348106,0.0111199364575058,0.0,0.0232237007280944,1.089808274470232,1.138655462184874,0.9951020408163266,1.0240963855421688,-0.08980827447023208,-0.1140278917145201,,
2023,5314,0.0246598639455781,-0.0024896265560165,0.0252833478639931,0.0218238503507404,0.0,0.0246598639455781,1.0909090909090908,1.0913705583756346,0.9572649572649573,0.9736358062538321,-0.09090909090909091,-0.03571428571428571,,
2023,5315,0.0339271882261813,0.0136350014983517,0.0396757221088801,0.0246598639455781,0.0,0.0339271882261813,1.0627368421052632,1.0795548227535037,0.9207017543859649,1.0909090909090908,-0.06273684210526316,-0.038109756097560975,,
2023,5316,0.0251183858348775,0.0090379594296043,0.0277190012695724,0.0263563717930743,0.0,0.0251183858348775,1.0282087447108603,1.069767441860465,0.9486581096849475,0.989551735760027,-0.028208744710860368,-0.1033210332103321,,
2023,5317,0.032576082297471,0.0232461602324616,0.0494826810616284,0.0172794117647059,0.0,0.032576082297471,1.050420168067227,1.141304347826087,0.9045307443365695,0.9945945945945946,-0.05042016806722689,-0.10554561717352415,,
2023,5318,0.0358071036673404,0.0132422637301365,0.0416604000601594,0.0159080866106937,0.0,0.0358071036673404,1.1184971098265897,1.1617210682492582,0.9965277777777778,0.9800936768149883,-0.11849710982658959,-0.10104529616724739,,
2023,5319,0.0230664857530529,0.0088417329796639,0.0375410605349602,0.0051546391752577,0.0,0.0230664857530529,1.0701754385964912,1.0865800865800865,0.9119718309859155,1.0972222222222223,-0.07017543859649122,-0.05791505791505792,,
2023,7501,0.027661150901457,-0.003604902667628,0.0358147863903812,0.0117570215545395,0.0,0.027661150901457,1.011070110701107,1.0795228628230615,0.952887537993921,1.0198511166253101,-0.01107011070110701,-0.12599681020733652,,
2023,7502,0.0223675154852029,-0.005385392123864,0.0312278211497516,0.0361536753275593,0.0,0.0223675154852029,1.0122950819672132,1.1103825136612022,0.9801381692573402,0.981454807346057,-0.012295081967213115,-0.12951541850220263,,
2023,7503,0.0390185338035566,0.0110493247634866,0.0467326421614828,0.0294473578055667,0.0,0.0390185338035566,1.0973101265822784,1.1984469370146678,0.9700122399020807,1.0087912087912088,-0.09731012658227849,-0.12492113564668769,,
2023,7504,0.0283835237106264,0.0047122181083809,0.039208633093525,0.0203709334144117,0.0,0.0283835237106264,1.0852713178294573,1.1174004192872118,0.993127147766323,1.0144861928474422,-0.08527131782945736,-0.031141868512110725,,
2023,7505,0.0319576039826561,0.0048500881834214,0.0459393633996809,0.0215900431800863,0.0,0.0319576039826561,1.0277203144393876,1.123269316659223,0.9463053358020536,1.0020120724346075,-0.02772031443938767,-0.11632870864461047,,
2023,7506,0.0201104100946372,0.0003865481252416,0.0071485305798253,0.0232237007280944,0.0,0.0201104100946372,0.9540229885057471,1.0490196078431373,0.9467005076142132,1.089808274470232,0.04597701149425287,-0.10991957104557641,,
2023,7507,0.0215900431800863,0.0022376926902039,0.033876050420168,0.0361734582697754,0.0,0.0215900431800863,1.0020120724346075,1.0503282275711159,0.958041958041958,1.1450858034321374,-0.002012072434607646,-0.09124087591240876,,
2023,7508,0.0074074074074073,0.0028280542986425,0.0275175644028102,0.0255007113932363,0.0,0.0074074074074073,1.0522875816993464,1.083916083916084,0.9522546419098143,1.0548872180451128,-0.05228758169934641,-0.10306406685236769,,
2023,7509,0.020126164013217,0.0020612485276796,0.026835286859963,0.0275418275418275,0.0,0.020126164013217,1.174496644295302,1.305084745762712,1.0397830018083183,1.793991416309013,-0.174496644295302,-0.08695652173913043,,
2023,7510,0.0361734582697754,0.0084121976866455,0.0391757246376811,0.0353595550258243,0.0,0.0361734582697754,1.1450858034321374,1.1813725490196079,0.9672955974842767,1.1542553191489362,-0.14508580343213728,-0.045513654096228866,,
2023,7511,0.0187866927592954,-0.0165194006915098,0.022818254603683,0.0390185338035566,0.0,0.0187866927592954,0.9953271028037384,1.0934343434343434,1.0043103448275863,1.0973101265822784,0.004672897196261682,-0.08583690987124463,,
2023,7512,0.0328489437049701,0.007566800662095,0.04625015970359,0.0144722908577479,0.0,0.0328489437049701,1.0881720430107527,1.2002314814814814,0.9923793395427604,1.0573770491803278,-0.08817204301075268,-0.13651877133105803,,
2023,7513,0.0307295796986517,0.0005770340450086,0.0616712271100821,0.0182793562487582,0.0,0.0307295796986517,1.169435215946844,1.2638376383763839,1.0452127659574468,0.978494623655914,-0.16943521594684385,-0.10432569974554708,,
2023,7514,0.0203010150507525,-0.0006861063464836,0.0530777736822705,0.0192307692307691,0.0,0.0203010150507525,1.0666666666666667,1.1791044776119404,0.9934533551554828,1.0,-0.06666666666666667,-0.10378912685337727,,
2023,7515,0.0435287289611143,0.003893214682981,0.0648949320148331,0.0345323741007195,0.0,0.0435287289611143,1.2232415902140672,1.3164983164983164,1.081841432225064,0.9895209580838323,-0.22324159021406728,-0.054373522458628844,,
2023,7516,0.021885976763037,0.0103120042305657,0.0378575434660684,0.0416233090530697,0.0,0.021885976763037,1.1158989598811293,1.213938411669368,1.025,1.249560632688928,-0.11589895988112928,-0.08414634146341464,,
2023,7517,0.0181962025316455,-0.0123025123025123,0.0245879492029181,0.0311123606035048,0.0,0.0181962025316455,0.9910793933987511,1.056949806949807,0.9646153846153847,1.0177165354330708,0.008920606601248885,-0.11403508771929824,,
2023,7518,0.0064025610244098,-0.0043737574552683,0.0395174708818635,0.0199063231850116,0.0,0.0064025610244098,1.1601049868766404,1.2238372093023255,1.1184510250569477,1.0384615384615385,-0.16010498687664043,-0.09979633401221996,,
2023,7519,0.0169648365206662,-0.0015165301789505,0.0308426073131955,0.0038684719535784,0.0,0.0169648365206662,1.0078895463510849,1.0555555555555556,0.8932874354561101,1.0188087774294672,-0.007889546351084813,-0.015414258188824663,,
2023,7520,0.0188911704312115,0.0038291011688835,0.0222502099076407,0.0254073460370063,0.0,0.0188911704312115,1.010886469673406,1.105785123966942,0.9960212201591512,1.0154639175257731,-0.01088646967340591,-0.13448735019973368,,
2023,7521,0.0152230971128608,0.0015511892450879,0.0387131952017447,0.021205186880244,0.0,0.0152230971128608,1.058252427184466,1.1122994652406417,0.984,1.0133843212237095,-0.05825242718446602,-0.11382113821138211,,
2023,7522,0.0184975034044485,-0.0023398328690807,0.0245320311591674,0.019656377402446,0.0,0.0184975034044485,1.006311992786294,1.067698259187621,0.9180704441041347,1.0158371040723981,-0.0063119927862939585,-0.06922435362802336,,
2023,7523,0.0194621372965322,-0.00208261020479,0.0357339197361188,0.0324324324324323,0.0,0.0194621372965322,1.0263819095477387,1.1032171581769437,0.9793253536452666,1.0767123287671232,-0.026381909547738693,-0.09222222222222222,,
2023,7524,0.0220897140533946,-0.0009281357730045,0.0328947368421053,0.0066945606694561,0.0,0.0220897140533946,1.0316122233930454,1.106359649122807,0.9394736842105263,1.0721649484536082,-0.03161222339304531,-0.08590102707749767,,
2023,7525,0.0284334763948497,0.0005216484089722,0.0407593523171412,0.0084530853761624,0.0,0.0284334763948497,1.0469798657718121,1.149812734082397,0.9342105263157895,0.9948453608247423,-0.04697986577181208,-0.12112676056338029,,
2023,7526,0.0233481204763017,-0.000684462696783,0.0604109928200049,0.0117145899893502,0.0,0.0233481204763017,1.2689804772234274,1.4,1.0674342105263157,1.075221238938053,-0.26898047722342733,-0.09861325115562404,,
2023,7527,0.0131654264453349,-0.011864406779661,0.024633431085044,0.0337727864583332,0.0,0.0131654264453349,1.049056603773585,1.0862745098039215,0.9682539682539683,1.0364298724954462,-0.04905660377358491,-0.08852459016393442,,
2023,7528,0.011475932419509,-0.0050425464859754,0.0271774721676489,0.0214150586454786,0.0,0.011475932419509,1.0616302186878728,1.1531728665207877,1.0135823429541595,0.9922779922779923,-0.061630218687872766,-0.10552763819095477,,
2023,7529,0.0402033271719037,0.0053309640159928,0.0418873375060182,0.0190476190476189,0.0,0.0402033271719037,1.2706422018348624,1.325,1.023728813559322,1.0796019900497513,-0.2706422018348624,-0.08278145695364239,,
2023,7530,0.0193199381761979,-0.0045489006823351,0.0335463258785941,0.0449533502968617,0.0,0.0193199381761979,1.051643192488263,1.1785714285714286,1.05,1.064516129032258,-0.051643192488262914,-0.1111111111111111,,
2023,7531,0.0119854090672224,-0.001544799176107,0.0185774946921444,0.0216372964532678,0.0,0.0119854090672224,1.0298507462686568,1.0772357723577235,1.0,0.9975018735948039,-0.029850746268656716,-0.06440677966101695,,
2023,7532,0.0231053604436228,0.0022583559168924,0.0241362991008045,0.0074074074074073,0.0,0.0231053604436228,1.0608272506082725,1.0534351145038168,0.9957627118644068,1.0522875816993464,-0.06082725060827251,-0.07234042553191489,,
2023,7601,0.0416233090530697,0.0053280053280053,0.0650166235685261,0.0308660700743212,0.0,0.0416233090530697,1.249560632688928,1.3833017077798861,1.121167883211679,0.9957234497505346,-0.24956063268892795,-0.07421875,,
2023,7602,0.021205186880244,0.0052285628921422,0.0391566265060241,0.0176313794536961,0.0,0.021205186880244,1.0133843212237095,1.0752797558494405,0.9822184589331076,0.982468085106383,-0.01338432122370937,-0.08620689655172414,,
2023,7603,0.026252983293556,-0.0087209302325581,0.0440199335548172,0.0296594653972903,0.0,0.026252983293556,1.0506122448979591,1.0511744966442953,0.9957142857142857,1.1713286713286712,-0.05061224489795919,-0.07675753228120516,,
2023,7604,0.0181731229076995,-0.012447158290277,0.0356612184249629,0.0271657108361003,0.0,0.0181731229076995,1.00945179584121,1.0661157024793388,0.9449838187702265,1.033033033033033,-0.00945179584120983,-0.08561643835616438,,
2023,7605,0.0324324324324323,-0.0034904013961605,0.0393258426966292,0.0122897800776196,0.0,0.0324324324324323,1.0767123287671232,1.087463556851312,1.0212264150943395,0.96875,-0.07671232876712329,-0.09237875288683603,,
2023,7606,0.0337375621890547,0.0006015942246955,0.0417881438289602,0.0201918223119637,0.0,0.0337375621890547,1.0858895705521472,1.1407142857142858,1.0227272727272727,0.9794483504597079,-0.08588957055214724,-0.06842105263157895,,
2023,7607,0.0066945606694561,-0.0012468827930174,0.029728565273589,0.0015661707126077,0.0,0.0066945606694561,1.0721649484536082,1.1147540983606556,0.9865771812080537,1.0617977528089888,-0.07216494845360824,-0.05668934240362812,,
2023,7608,0.0332095709570956,0.0017967658215212,0.0361188288095746,0.0312148692198155,0.0,0.0332095709570956,1.0316091954022988,1.0568070519098922,0.9696969696969697,1.0040780658316342,-0.031609195402298854,-0.06510416666666667,,
2023,7609,0.0133418043202033,-0.0144200626959247,0.0267449445531637,0.0358071036673404,0.0,0.0133418043202033,1.1058823529411765,1.1712846347607053,0.9557692307692308,1.1184971098265897,-0.10588235294117647,-0.05432595573440644,,
2023,7610,0.0126730814362825,-0.0076477404403244,0.0299734106840705,0.0012099213551119,0.0,0.0126730814362825,1.0507246376811594,1.047337278106509,0.972972972972973,1.061611374407583,-0.050724637681159424,-0.041005291005291,,
2023,7611,0.0124999999999999,-0.0029799914857385,0.0175438596491228,0.0286661466458657,0.0,0.0124999999999999,1.0252808988764044,1.0515151515151515,0.9547738693467337,0.9935710111046172,-0.025280898876404494,-0.039473684210526314,,
2023,7612,0.0194484760522495,-0.0065489749430523,0.0442558351015458,0.0363294707171939,0.0,0.0194484760522495,1.023021582733813,1.025297619047619,0.9586028460543338,0.9372197309417041,-0.02302158273381295,-0.04048582995951417,,
2023,7613,0.021604938271605,-0.0120845921450151,0.0299727520435968,0.0214944999367809,0.0,0.021604938271605,1.1867469879518073,1.1840490797546013,1.0432692307692308,1.0253004427577483,-0.18674698795180722,-0.09216589861751152,,
2023,7614,0.0089955022488754,0.0019811788013868,0.0384016606123507,0.0202764976958524,0.0,0.0089955022488754,1.0894941634241244,1.0991735537190082,1.0513698630136987,1.0263157894736843,-0.08949416342412451,-0.08794788273615635,,
2023,7615,0.0294473578055667,-0.0058777429467085,0.047759932375317,0.0282708744247206,0.0,0.0294473578055667,1.0087912087912088,1.0205714285714285,0.9345794392523364,1.095808383233533,-0.008791208791208791,-0.082,,
2023,7616,0.0337727864583332,0.0044871290246397,0.0569413383794943,0.0159611380985427,0.0,0.0337727864583332,1.0364298724954462,1.0928381962864722,0.9820618963138182,1.0223880597014925,-0.03642987249544627,-0.08631071858691289,,
2023,7617,0.0299978103788045,-0.009141156462585,0.0436471663619744,0.0297901150981718,0.0,0.0299978103788045,1.0691099476439792,1.139821029082774,0.9911894273127754,1.006825938566553,-0.06910994764397906,-0.09244444444444444,,
2023,7618,0.029226201521618,-0.002253673487785,0.0430659053517854,0.0151898734177216,0.0,0.029226201521618,1.0796927508401344,1.1232394366197183,1.0289855072463767,0.972,-0.07969275084013443,-0.09496981891348089,,
2023,7619,0.0337931034482759,-0.0073382254836558,0.0439164866810655,0.0040160642570281,0.0,0.0337931034482759,1.1382978723404256,1.177142857142857,1.0,0.974937343358396,-0.13829787234042554,-0.0815450643776824,,
2023,7620,0.0288237371953372,-0.0050813705967177,0.0508537490720117,0.0408366533864541,0.0,0.0288237371953372,1.1559879235155988,1.1899592944369064,1.045179856115108,1.108,-0.1559879235155988,-0.051211453744493395,,
2023,7621,0.0067729954118418,-0.0062934027777777,0.024395702775291,0.0307295796986517,0.0,0.0067729954118418,1.0338541666666667,1.0737704918032787,0.9627192982456141,1.169435215946844,-0.033854166666666664,-0.09567198177676538,,
2023,7622,0.0060722275487377,-0.0073062261753493,0.0205479452054795,0.0200156985871271,0.0,0.0060722275487377,0.9872611464968153,1.0241796200345423,0.9725829725829725,0.9757575757575757,0.012738853503184714,-0.08011869436201781,,
2023,7623,0.0077351485148515,0.0116671783850168,0.0513988288874429,0.0206410879067509,0.0,0.0077351485148515,1.0420875420875422,1.1146025878003696,0.9673024523160763,1.0471204188481675,-0.04208754208754209,-0.12816901408450704,,
2023,7624,0.0239694656488549,0.0004472938720738,0.033612119299353,0.0191264970505868,0.0,0.0239694656488549,1.0186393289841567,1.0934010152284264,0.906888720666162,0.9666048237476809,-0.01863932898415657,-0.08764607679465776,,
2023,7625,0.027951452739978,0.001942243802709,0.0418765053645719,0.0230796211855488,0.0,0.027951452739978,0.9855670103092784,1.0501514641534837,0.9380495603517186,1.031015507753877,0.01443298969072165,-0.11745490697344127,,
2023,8401,0.0311123606035048,0.0081795873852585,0.0360194174757282,0.021885976763037,0.0,0.0311123606035048,1.0177165354330708,1.0826446280991735,0.8996108949416343,1.1158989598811293,-0.017716535433070866,-0.10553633217993079,,
2023,8402,0.0278063851699279,0.006012024048096,0.0511502029769959,0.0328489437049701,0.0,0.0278063851699279,1.1371428571428572,1.1839258114374034,1.0813810110974107,1.0881720430107527,-0.13714285714285715,-0.09236031927023945,,
2023,8403,0.0084530853761624,-0.0075440067057837,0.0331877729257641,-0.0057330057330057,0.0,0.0084530853761624,0.9948453608247423,1.053191489361702,0.9126637554585153,0.9824561403508771,0.005154639175257732,-0.07655502392344497,,
2023,8404,-0.0057330057330057,-0.0082372322899505,0.0365025466893038,0.0120722519742215,-0.0057330057330057,0.0,0.9824561403508771,1.12,0.9411764705882353,0.9995069033530573,0.017543859649122806,-0.125,,
2023,8405,0.019656377402446,0.0005711837783806,0.029530804976765,0.0239054176952058,0.0,0.019656377402446,1.0158371040723981,1.0570749108204518,0.9613478691774033,0.9874213836477987,-0.01583710407239819,-0.07422680412371134,,
2023,8406,0.0308008213552362,0.0055163959546429,0.0311074918566776,0.0064025610244098,0.0,0.0308008213552362,1.0,1.0289351851851851,0.9299065420560748,1.1601049868766404,0.0,-0.10050251256281408,,
2023,8407,0.0256665836032892,0.0071671525753158,0.0376212023270847,0.0193041625987395,0.0,0.0256665836032892,0.9908571428571429,1.057108140947752,0.9185606060606061,0.9887160719731626,0.009142857142857144,-0.10618556701030928,,
2023,8408,0.0274570982839312,0.0014424536896446,0.0337875977743731,0.0206692913385826,0.0,0.0274570982839312,0.9927007299270073,1.0519859813084111,0.9274952919020716,1.0283687943262412,0.0072992700729927005,-0.10253807106598985,,
2023,8409,0.0219841848466153,-0.0031827909784338,0.0298602287166454,0.0288237371953372,0.0,0.0219841848466153,0.980865224625624,1.06216457960644,0.9300209937018894,1.1559879235155988,0.01913477537437604,-0.11286681715575621,,
2023,8410,0.0267498885421311,-0.0065132435953104,0.0389069013432143,0.0169660678642713,0.0,0.0267498885421311,0.9683544303797469,1.0132890365448506,0.9253333333333333,1.0198412698412698,0.03164556962025317,-0.11815561959654179,,
2023,8411,0.0353159851301114,-0.0017953321364452,0.0150943396226415,0.0197297297297296,0.0,0.0353159851301114,0.9470198675496688,1.0378787878787878,0.8775510204081632,1.0381165919282511,0.052980132450331126,-0.1686046511627907,,
2023,8412,0.0325998370008149,0.0,0.0284995808885164,0.0278063851699279,0.0,0.0325998370008149,1.0201612903225807,1.1125541125541125,0.95578231292517,1.1371428571428572,-0.020161290322580645,-0.099644128113879,,
2023,8413,0.0416740243687092,0.0032208848957451,0.0347158779462817,0.0271689911247963,0.0,0.0416740243687092,0.9880239520958084,1.0464135021097047,0.7936507936507936,1.0078363660512684,0.011976047904191617,-0.1,,
2023,8414,0.0210597826086955,0.0069860279441118,0.024,0.0194621372965322,0.0,0.0210597826086955,0.96875,1.0657142857142856,0.9670781893004116,1.0263819095477387,0.03125,-0.20851063829787234,,
2023,8415,0.0236240913811007,0.0071011919857975,0.0327077747989277,0.0134274010013655,0.0,0.0236240913811007,1.031936127744511,1.129511677282378,0.9090909090909091,1.0,-0.031936127744510975,-0.12372881355932204,,
2023,8416,0.0239054176952058,-0.0016495368608044,0.0331543624161074,0.0325765054294175,0.0,0.0239054176952058,0.9874213836477987,1.0952380952380953,0.8916934373565856,1.2371134020618557,0.012578616352201259,-0.11116829644879053,,
2023,8417,0.0202764976958524,-0.007226738934056,0.023102310231023,0.0210597826086955,0.0,0.0202764976958524,1.0263157894736843,1.0495626822157433,0.9674185463659147,0.96875,-0.02631578947368421,-0.09067357512953368,,
2023,8418,0.0363294707171939,0.0132970686007858,0.0283413848631239,0.0093663911845729,0.0,0.0363294707171939,0.9372197309417041,1.1122994652406417,0.8130841121495327,1.0278884462151394,0.06278026905829596,-0.19923371647509577,,
2023,8419,0.0170575692963752,0.0041928721174004,0.0227414330218067,0.0284334763948497,0.0,0.0170575692963752,1.0151898734177216,1.0683060109289617,0.9887892376681614,1.0469798657718121,-0.015189873417721518,-0.09070294784580499,,
2023,8420,0.0317124735729386,-0.0008196721311475,0.0296038310840225,0.0119854090672224,0.0,0.0317124735729386,1.0271317829457365,1.0833333333333333,0.9603960396039604,1.0298507462686568,-0.027131782945736434,-0.08934707903780069,,
2023,8421,0.0260589913767281,0.0031804074608978,0.0407041606510041,0.0194104960460099,0.0,0.0260589913767281,0.97843631778058,1.05349739200214,0.9279991566519081,1.059245960502693,0.021563682219419924,-0.11859593320458935,,
2023,8422,0.0349428208386277,0.0015346838551257,0.034505422280644,0.0274563194917176,0.0,0.0349428208386277,1.0344827586206897,1.0724637681159421,0.9758203799654577,0.9705583756345177,-0.034482758620689655,-0.09734513274336283,,
2023,8423,0.0146534653465346,-0.0144418423106947,0.0116185897435896,0.0154277699859748,0.0,0.0146534653465346,0.994263862332696,1.0575396825396826,0.9576988155668359,1.0257510729613735,0.0057361376673040155,-0.0812720848056537,,
2023,8424,0.015263644773358,-0.0022779043280182,0.0098085007006072,0.0183727034120735,0.0,0.015263644773358,1.0,1.0650887573964498,0.9856801909307876,1.0201612903225807,0.0,-0.12106537530266344,,
2023,8425,0.0086956521739129,-0.008081896551724,0.0233592880978865,0.0373216245883645,0.0,0.0086956521739129,1.0118110236220472,1.0672268907563025,0.9225589225589226,1.0321543408360128,-0.011811023622047244,-0.06204379562043796,,
2023,8426,0.0154277699859748,0.0088397790055247,0.0378457059679766,0.0164670658682635,0.0,0.0154277699859748,1.0257510729613735,1.053191489361702,0.9061946902654867,1.0560975609756098,-0.02575107296137339,-0.06640625,,
2023,8427,0.0129310344827586,-0.0056737588652482,0.0314931456094849,0.0314802411252512,0.0,0.0129310344827586,1.0350467289719627,1.099756690997567,0.9702970297029703,1.1168224299065421,-0.035046728971962614,-0.09591836734693877,,
2023,8428,0.0227787307032589,0.0040920372979136,0.0306180172535708,0.0361663652802892,0.0,0.0227787307032589,1.0188348664038547,1.0554561717352415,0.9488144523899135,1.0,-0.018834866403854577,-0.07735025783419278,,
2023,8429,0.0051546391752577,-0.002051282051282,0.0167714884696017,0.0288153681963714,0.0,0.0051546391752577,1.0972222222222223,1.125,0.9354838709677419,1.0256410256410255,-0.09722222222222222,-0.09195402298850575,,
2023,8430,0.0239605355884424,-0.007570543702684,0.0372807017543859,0.0201104100946372,0.0,0.0239605355884424,1.0,1.0718562874251496,0.908256880733945,0.9540229885057471,0.0,-0.12121212121212122,,
2023,8431,0.0255007113932363,-0.0002134471718249,0.0401867030965392,0.0283835237106264,0.0,0.0255007113932363,1.0548872180451128,1.1072279586973788,0.9829652996845426,1.0852713178294573,-0.05488721804511278,-0.09948652118100128,,
2023,8432,0.0254073460370063,0.0078103959062751,0.0295706568097811,0.0060722275487377,0.0,0.0254073460370063,1.0154639175257731,1.0535714285714286,0.9473684210526315,0.9872611464968153,-0.015463917525773196,-0.08796296296296297,,
2023,8433,0.0234935163996949,-0.00909226412282,0.0386626525114879,0.0323946644082151,0.0,0.0234935163996949,1.0507772020725388,1.117519042437432,0.987012987012987,1.25,-0.05077720207253886,-0.11052631578947368,,
2023,8434,0.0356817768068451,0.0036913341536297,0.0381780381780381,0.020126164013217,0.0,0.0356817768068451,0.9931972789115646,1.098148148148148,0.9261838440111421,1.174496644295302,0.006802721088435374,-0.12180451127819548,,
2023,8435,0.0182793562487582,0.0056585365853658,0.0317753177531774,0.0416740243687092,0.0,0.0182793562487582,0.978494623655914,1.0467741935483872,0.94140625,0.9880239520958084,0.021505376344086023,-0.11894882434301521,,
2023,9301,0.0289817061176316,0.0058624864589307,0.0479626193911908,0.0179791441927363,0.0,0.0289817061176316,1.007701421800948,1.0521571152607856,0.9550561797752809,1.1488250652741514,-0.007701421800947867,-0.09037433155080214,,
2023,9302,0.0361663652802892,0.0058173356602675,0.0362273579013117,0.0193199381761979,0.0,0.0361663652802892,1.0,1.0375,0.8836206896551724,1.051643192488263,0.0,-0.11707317073170732,,
2023,9303,0.0424904101504868,-0.0016982734220208,0.0577403245942571,0.0228905393887739,0.0,0.0424904101504868,1.0797962648556876,1.1154529307282415,1.0113798008534851,0.9886291850915983,-0.07979626485568761,-0.10548523206751055,,
2023,9304,0.0238335576491699,0.005860765733691,0.0355400696864112,0.0274570982839312,0.0,0.0238335576491699,1.0658492279745686,1.1248105103587671,0.9461565710237336,0.9927007299270073,-0.06584922797456857,-0.12130288281542494,,
2023,9305,0.0340136054421769,-0.0007309941520468,0.0617977528089888,0.0276910264418071,0.0,0.0340136054421769,1.1831578947368422,1.2025316455696202,1.0352112676056338,1.0300957592339262,-0.1831578947368421,-0.04421768707482993,,
2023,9306,0.0207555970149253,0.0098240804203793,0.0489236790606653,0.0167247386759581,0.0,0.0207555970149253,1.1089258698940998,1.1424050632911393,1.0037641154328734,1.1055555555555556,-0.10892586989409984,-0.08375,,
2023,9307,0.0199063231850116,-0.0057405281285878,0.0364077669902913,0.0142334282228548,0.0,0.0199063231850116,1.0384615384615385,1.0719794344473008,0.9725738396624473,1.0266666666666666,-0.038461538461538464,-0.06290672451193059,,
2023,9308,0.021838034576888,-0.0023745918670228,0.0584269662921348,0.0289817061176316,0.0,0.021838034576888,1.1209964412811388,1.13780260707635,1.0414110429447854,1.007701421800948,-0.12099644128113879,-0.07216494845360824,,
2023,9309,0.0307298335467349,0.0097308488612837,0.0464493077266636,0.0144288577154307,0.0,0.0307298335467349,1.2026022304832713,1.250485436893204,1.0410557184750733,1.023890784982935,-0.20260223048327136,-0.08873239436619719,,
2023,9310,0.0197297297297296,0.0029154518950438,0.039617870188255,0.0227376080036381,0.0,0.0197297297297296,1.0381165919282511,1.072289156626506,0.9500924214417745,0.9595307917888563,-0.03811659192825112,-0.09922178988326848,,
2023,9311,0.0314802411252512,-0.0016233766233766,0.0466175955134946,0.0124063228162982,0.0,0.0314802411252512,1.1168224299065421,1.1326781326781328,0.9848484848484849,0.9884151992585728,-0.11682242990654206,-0.08076923076923077,,
2023,9312,0.0271689911247963,0.0068770939869511,0.0465783843799929,0.0103458468814661,0.0,0.0271689911247963,1.0078363660512684,1.0311791383219955,0.9579106913839338,1.0463320463320462,-0.00783636605126843,-0.07643622200584226,,
2023,9313,0.0214944999367809,-0.0023517762099269,0.0390173410404623,0.0231894398858365,0.0,0.0214944999367809,1.0253004427577483,1.0675767918088737,0.96843853820598,1.0541237113402062,-0.02530044275774826,-0.07318467695826186,,
2023,9314,0.0139358108108107,-0.0062473969179508,0.0358705161854768,0.0242105263157894,0.0,0.0139358108108107,1.0664819944598338,1.1635220125786163,0.8975409836065574,1.009433962264151,-0.0664819944598338,-0.12100456621004566,,
2023,9315,0.0251412806478885,0.0031686778366177,0.032434419074746,0.0077351485148515,0.0,0.0251412806478885,1.0318764377259284,1.0687050359712231,0.9015768056968464,1.0420875420875422,-0.03187643772592836,-0.11424541607898449,,
2023,9316,0.0222993062438057,0.0053320407174017,0.0418172431595249,0.0149799050054804,0.0,0.0222993062438057,1.1048158640226629,1.128358208955224,0.9788732394366197,0.9709035222052067,-0.1048158640226629,-0.06474820143884892,,
2023,9317,0.0275418275418275,0.0067635270541082,0.0497162928938124,0.0223463687150837,0.0,0.0275418275418275,1.793991416309013,1.9342723004694835,1.2603092783505154,1.095808383233533,-0.7939914163090128,-0.14519427402862986,,
2023,9318,0.017561260210035,-0.0020641018290236,0.0450582281568197,0.013980868285504,0.0,0.017561260210035,1.1059135039717565,1.1328447091158955,0.9843360626557494,0.9797297297297297,-0.1059135039717564,-0.09367088607594937,,
2024,51,-0.0081939228405598,-0.0112189205579138,0.0117443868739206,0.0036913341536297,-0.0081939228405598,0.0,1.0452261306532664,1.1702586206896552,0.9629629629629629,1.098148148148148,-0.04522613065326633,0.0,,
2024,52,0.0008530603540199,0.0105189340813465,0.0262639527248851,-0.0002134471718249,0.0,0.0008530603540199,1.2950138504155124,1.2984084880636604,1.2327127659574468,1.1072279586973788,-0.2950138504155125,0.008629989212513484,,
2024,53,-0.0057424944589965,0.0091583078935892,0.0194104960460099,0.0081795873852585,-0.0057424944589965,0.0,1.1116625310173698,1.185846560846561,1.059245960502693,1.0826446280991735,-0.11166253101736973,0.012429378531073447,,
2024,54,-0.0031206657420249,-0.0019234131841231,0.0103345594675074,-0.003959683225342,-0.0031206657420249,0.0,1.0420521446593776,1.173044925124792,0.9951961569255404,1.0389610389610389,-0.04205214465937763,-0.003218020917135961,,
2024,55,-0.0034364261168384,0.0024987506246876,0.0164670658682635,0.0020897731725368,-0.0034364261168384,0.0,1.1319261213720317,1.1678657074340528,1.0560975609756098,1.0335949764521193,-0.13192612137203166,-0.009237875288683603,,
2024,56,-0.0129617627997408,-0.0134739308728764,0.0191545574636724,0.0132422637301365,-0.0129617627997408,0.0,1.0878048780487806,1.1226053639846743,1.1,1.1617210682492582,-0.08780487804878048,-0.03463203463203463,,
2024,57,0.0180806675938804,0.0175685172171469,0.0345323741007195,0.0038291011688835,0.0,0.0180806675938804,1.0203761755485894,1.1114245416078985,0.9895209580838323,1.105785123966942,-0.02037617554858934,-0.015128593040847202,,
2024,58,0.002967359050445,-0.0178474851270957,0.0199757869249395,-0.0073062261753493,0.0,0.002967359050445,1.1220472440944882,1.1629834254143647,1.0539568345323742,1.0241796200345423,-0.1220472440944882,-0.027303754266211604,,
2024,59,0.0091145833333332,-0.0015327348368732,0.0285714285714284,-0.0038566807663598,0.0,0.0091145833333332,1.0857699805068226,1.1802973977695168,1.066287878787879,1.0443227091633467,-0.08576998050682261,-0.010657193605683837,,
2024,60,-0.0055588063194851,-0.024621697871249,0.0103458468814661,-0.0020641018290236,-0.0055588063194851,0.0,1.0612244897959184,1.0899550224887555,1.0463320463320462,1.1328447091158955,-0.061224489795918366,-0.04059040590405904,,
2024,61,-0.0013976240391334,-0.0057989690721649,0.0091678420310297,0.0040992606690579,-0.0013976240391334,0.0,1.0891089108910892,1.2094017094017093,0.9770642201834863,1.0713178294573644,-0.0891089108910891,0.03286384976525822,,
2024,62,0.0044717719396309,-0.0078212290502793,0.020536223616657,0.0088211708099439,0.0,0.0044717719396309,1.0735785953177257,1.1677018633540373,1.04,1.0733333333333333,-0.07357859531772576,0.028846153846153848,,
2024,63,0.0009935419771485,-0.0135196034249661,0.0135951661631419,0.001942243802709,0.0,0.0009935419771485,1.088235294117647,1.2252252252252251,1.0410958904109588,1.0501514641534837,-0.08823529411764706,-0.02631578947368421,,
2024,64,0.0071029934043633,-0.0087313816127375,0.0217729393468117,0.0005216484089722,0.0,0.0071029934043633,1.141263940520446,1.2291666666666667,1.1176470588235294,1.149812734082397,-0.1412639405204461,-0.04953560371517028,,
2024,1101,0.0117470290943859,0.0088807104568364,0.0263563717930743,0.002967359050445,0.0,0.0117470290943859,1.0334996436208126,1.1211391897312475,0.989551735760027,1.1220472440944882,-0.03349964362081254,-0.01226158038147139,,
2024,1102,0.0006574621959236,0.0114401076716015,0.0297901150981718,-0.0038716814159291,0.0,0.0006574621959236,1.0465949820788532,1.13671875,1.006825938566553,1.038812785388128,-0.04659498207885305,-0.010169491525423728,,
2024,1103,0.0026666666666665,-0.0013550135501354,0.0040160642570281,-0.0199081163859111,0.0,0.0026666666666665,1.0434782608695652,1.128654970760234,0.974937343358396,1.0588235294117647,-0.043478260869565216,-0.012853470437017995,,
2024,1104,0.0013977782682264,0.0032112480472139,0.0308660700743212,-0.0076477404403244,0.0,0.0013977782682264,1.0276016411786646,1.114902807775378,0.9957234497505346,1.047337278106509,-0.027601641178664676,-0.01395848246241947,,
2024,1105,-0.0059410142159983,-0.0046542553191489,0.0265737312132432,0.0125427594070695,-0.0059410142159983,0.0,1.0405244338498212,1.108254397834912,0.9988901220865705,1.1076923076923078,-0.04052443384982122,-0.03,,
2024,1106,0.0,0.0131887985546521,0.0295748613678372,0.0019811788013868,0.0,0.0,1.0358239508700102,1.1164053075995175,0.9995100440960314,1.0991735537190082,-0.03582395087001024,-0.00784313725490196,,
2024,1107,-0.0002245677071637,0.0026901442895572,0.0134274010013655,0.0052343564120866,-0.0002245677071637,0.0,1.0306818181818183,1.1203703703703705,1.0,1.0665499124343258,-0.03068181818181818,-0.048268625393494226,,
2024,1108,-0.0030918727915194,-0.0103847061600188,0.0274563194917176,0.0090379594296043,-0.0030918727915194,0.0,1.0384193194291986,1.0805194805194804,0.9705583756345177,1.069767441860465,-0.038419319429198684,-0.010460251046025104,,
2024,1109,0.0041091940212427,0.0106615266462872,0.0176313794536961,0.0088283378746594,0.0,0.0041091940212427,1.0395560528623704,1.08475749850502,0.982468085106383,1.1562021439509953,-0.039556052862370336,-0.007420882420882421,,
2024,1110,-0.0228873239436619,-0.0009107468123861,0.0115761353517365,0.0071671525753158,-0.0228873239436619,0.0,1.0431372549019609,1.1753554502369667,1.0639097744360901,1.057108140947752,-0.043137254901960784,-0.06007067137809187,,
2024,1111,0.0035934291581107,0.0110314396028681,0.0161711006781428,0.0056585365853658,0.0,0.0035934291581107,1.0137614678899083,1.1313131313131313,0.9788135593220338,1.0467741935483872,-0.013761467889908258,-0.04329004329004329,,
2024,1112,0.0118307685713061,0.0141397849462365,0.0361536753275593,-0.0016982734220208,0.0,0.0118307685713061,1.0246538972122132,1.088235294117647,0.981454807346057,1.1154529307282415,-0.02465389721221316,-0.008805723720418272,,
2024,1113,0.0038524225811231,0.0064494229463678,0.0214150586454786,-0.0089155749636099,0.0,0.0038524225811231,1.0241813602015113,1.0925578486554097,0.9922779922779923,1.05735056542811,-0.024181360201511334,-0.011186770428015564,,
2024,1114,0.0032205240174671,0.0056650246305418,0.0216372964532678,0.0034372135655362,0.0,0.0032205240174671,1.0432033719704952,1.1241914618369988,0.9975018735948039,1.1049723756906078,-0.04320337197049526,-0.008264462809917356,,
2024,1115,-0.0038566807663598,-0.0011470211186829,0.0124063228162982,0.0071011919857975,-0.0038566807663598,0.0,1.0443227091633467,1.1332179930795847,0.9884151992585728,1.129511677282378,-0.044322709163346616,-0.016877637130801686,,
2024,2401,0.0034372135655362,-0.0043658088235294,0.0205799812909261,0.0038524225811231,0.0,0.0034372135655362,1.1049723756906078,1.1795275590551182,1.0486111111111112,1.0241813602015113,-0.10497237569060773,-0.006622516556291391,,
2024,2402,-0.0049967412557028,-0.0136299859691321,0.0192648361381753,0.0116671783850168,-0.0049967412557028,0.0,1.024045261669024,1.1236749116607774,1.0089399744572158,1.1146025878003696,-0.024045261669024046,-0.08354430379746836,,
2024,2403,0.002836304700162,0.0010464629552113,0.0276910264418071,0.0102726195179769,0.0,0.002836304700162,1.0472222222222223,1.1686121919584955,1.0300957592339262,1.12,-0.04722222222222222,0.0013280212483399733,,
2024,2404,-0.0186234817813765,0.0184442662389734,0.0352053646269907,-0.0094339622641509,-0.0186234817813765,0.0,1.0307692307692307,1.1408450704225352,1.0257731958762886,1.0686274509803921,-0.03076923076923077,0.010050251256281407,,
2024,2405,-0.0035721790292078,-0.0164430164430164,0.0084763721127356,0.0009770395701025,-0.0035721790292078,0.0,1.0416666666666667,1.1122448979591837,1.012,1.0260196905766525,-0.041666666666666664,-0.04479578392621871,,
2024,2406,0.0050658561296859,-0.0142993326978074,0.0356768100734523,-0.008081896551724,0.0,0.0050658561296859,1.2380952380952381,1.2857142857142858,1.1851851851851851,1.0672268907563025,-0.23809523809523808,-0.025,,
2024,2407,-0.0169956140350877,-0.014,0.0150250417362269,0.0117535545023697,-0.0169956140350877,0.0,1.1232394366197183,1.2457142857142858,1.0537974683544304,1.0610539845758356,-0.12323943661971831,-0.042042042042042045,,
2024,2408,-0.0187646598905394,-0.0057761732851985,0.0015661707126077,-0.0106075216972034,-0.0187646598905394,0.0,1.052325581395349,1.1639344262295082,1.0617977528089888,1.0211267605633803,-0.05232558139534884,-0.042328042328042326,,
2024,2409,-0.003959683225342,-0.0010842067220816,0.0149799050054804,-0.0039147455415398,-0.003959683225342,0.0,1.0389610389610389,1.0972222222222223,0.9709035222052067,1.0606435643564356,-0.03896103896103896,0.00946372239747634,,
2024,2410,0.0015117830146731,0.0010300589942877,0.0227376080036381,-0.0110323089046493,0.0,0.0015117830146731,1.030826140567201,1.0998817966903074,0.9595307917888563,1.0978593272171253,-0.030826140567200986,0.022004889975550123,,
2024,2411,-0.0102120974076983,-0.0073421439060205,0.0111199364575058,-0.0022779043280182,-0.0102120974076983,0.0,1.0,1.1102661596958174,1.0240963855421688,1.0650887573964498,0.0,-0.01568627450980392,,
2024,2412,-0.0061262959472195,-0.0094950366853689,0.0221579961464355,-0.0052307692307692,-0.0061262959472195,0.0,1.106761565836299,1.1939393939393939,1.0394736842105263,0.9924337957124842,-0.10676156583629894,-0.015822784810126583,,
2024,2413,0.0040992606690579,7.56887677868523e-05,0.02892219627928,0.0069860279441118,0.0,0.0040992606690579,1.0713178294573644,1.1825313807531381,1.04321608040201,1.0657142857142856,-0.07131782945736434,-0.001445086705202312,,
2024,2414,0.0040053404539386,-0.0065616797900261,0.0190476190476189,-0.0124688279301745,0.0,0.0040053404539386,1.0612244897959184,1.213389121338912,1.0796019900497513,1.0973451327433628,-0.061224489795918366,-0.041474654377880185,,
2024,2415,0.0078508341511285,-0.0208855472013367,0.0169660678642713,0.0113636363636364,0.0,0.0078508341511285,1.0205761316872428,1.1450980392156862,1.0198412698412698,1.1243781094527363,-0.0205761316872428,-0.03501945525291829,,
2024,2701,-0.0085744908896033,-0.008814887365328,0.0097402597402598,0.0082034454470878,-0.0085744908896033,0.0,1.0536912751677852,1.135135135135135,1.025974025974026,1.3180778032036613,-0.053691275167785234,-0.006329113924050633,,
2024,2702,-0.0064190738193489,-0.0073761854583772,0.0053007605439041,-0.0006861063464836,-0.0064190738193489,0.0,1.0812101910828025,1.1386666666666667,1.0458135860979463,1.1791044776119404,-0.08121019108280254,0.0256797583081571,,
2024,2703,0.0088211708099439,-0.023109243697479,0.0238095238095237,0.0123497997329773,0.0,0.0088211708099439,1.0733333333333333,1.1453488372093024,1.0738255033557047,1.238235294117647,-0.07333333333333333,0.00625,,
2024,2704,0.0138142747505756,0.0169002473206925,0.0353595550258243,-0.0116518163125428,0.0,0.0138142747505756,1.1318681318681318,1.21875,1.1542553191489362,1.0273224043715847,-0.13186813186813187,-0.05069124423963134,,
2024,2705,-0.0037369207772794,-0.0065233148103406,0.009049773755656,0.0039028620988725,-0.0037369207772794,0.0,1.0248520710059172,1.1964873765093305,1.0046457607433217,1.0341207349081365,-0.02485207100591716,0.0011560693641618498,,
2024,2706,0.0046982291290205,-0.004241396025206,0.0172794117647059,0.0067635270541082,0.0,0.0046982291290205,1.0315186246418337,1.1520417028670722,0.9945945945945946,1.9342723004694835,-0.03151862464183381,-0.021739130434782608,,
2024,2707,0.0052343564120866,-0.0087636191378493,0.0206410879067509,-0.0100038476337053,0.0,0.0052343564120866,1.0665499124343258,1.1261829652996846,1.0471204188481675,1.0359477124183007,-0.06654991243432574,0.015,,
2024,2708,0.0004710315591145,-0.0168888888888888,0.0182254196642686,0.0054732775273664,0.0,0.0004710315591145,1.0833333333333333,1.1521035598705502,1.105726872246696,1.1359223300970873,-0.08333333333333333,-0.01593625498007968,,
2024,2709,-0.0116518163125428,0.0038022813688212,0.0167247386759581,-0.0059410142159983,-0.0116518163125428,0.0,1.0273224043715847,1.1689497716894977,1.1055555555555556,1.0405244338498212,-0.0273224043715847,-0.05527638190954774,,
2024,2710,0.0,-0.0151447661469933,0.0014807502467917,0.0040920372979136,0.0,0.0,1.0578947368421052,1.08,1.0179487179487179,1.0554561717352415,-0.05789473684210526,0.012594458438287154,,
2024,2711,0.0074250356972869,-0.0088007736943906,0.0229817898529554,0.003293342742884,0.0,0.0074250356972869,1.0518134715025906,1.1810228802153433,1.0254545454545454,0.9873417721518988,-0.05181347150259067,0.007801418439716312,,
2024,2712,0.0103092783505154,-0.00416449765747,0.0183727034120735,-0.0017851829812556,0.0,0.0103092783505154,1.0502092050209204,1.1824817518248176,1.0201612903225807,1.028301886792453,-0.0502092050209205,-0.007905138339920948,,
2024,2713,-0.0032758244158113,-0.0080469769464984,0.0150742629128797,0.0052301255230124,-0.0032758244158113,0.0,1.0776470588235294,1.1693002257336342,1.1124121779859484,1.077127659574468,-0.07764705882352942,-0.035789473684210524,,
2024,2714,-0.0052307692307692,-0.0002937720329024,0.0024676125848241,0.001309367932389,-0.0052307692307692,0.0,0.9924337957124842,1.175418994413408,0.9911054637865311,1.0815068493150686,0.007566204287515763,0.008974358974358974,,
2024,2715,0.0017674089784376,0.0014367816091953,0.0099964298464834,-0.0008196721311475,0.0,0.0017674089784376,1.0392670157068062,1.1065573770491803,0.9343065693430657,1.0833333333333333,-0.03926701570680628,0.033854166666666664,,
2024,2716,-0.0199081163859111,-0.0175794455713319,0.0061633281972264,0.0017674089784376,-0.0199081163859111,0.0,1.0588235294117647,1.1871657754010696,1.0384615384615385,1.0392670157068062,-0.058823529411764705,0.047619047619047616,,
2024,2717,0.0012239902080783,0.0066033842344201,0.0187032418952617,-0.0073382254836558,0.0,0.0012239902080783,1.066350710900474,1.1467181467181466,1.0114942528735633,1.177142857142857,-0.06635071090047394,0.022727272727272728,,
2024,2718,-0.0094339622641509,-0.0151006711409396,0.013980868285504,-0.0037369207772794,-0.0094339622641509,0.0,1.0686274509803921,1.1764705882352942,0.9797297297297297,1.0248520710059172,-0.06862745098039216,0.0022988505747126436,,
2024,2801,0.0125427594070695,-0.0151515151515151,0.0011415525114155,0.0048500881834214,0.0,0.0125427594070695,1.1076923076923078,1.154320987654321,1.0656934306569343,1.123269316659223,-0.1076923076923077,-0.0136986301369863,,
2024,2802,0.0012958963282936,-0.0021748586341887,0.0247897299690127,-0.0152935372471633,0.0,0.0012958963282936,1.1350210970464134,1.2520325203252032,1.0682730923694779,1.1103896103896105,-0.1350210970464135,0.011278195488721804,,
2024,2803,-0.0124688279301745,-0.0089392133492253,0.0151898734177216,0.0009935419771485,-0.0124688279301745,0.0,1.0973451327433628,1.1906354515050168,0.972,1.088235294117647,-0.09734513274336283,0.0205761316872428,,
2024,2804,0.0064454196379593,0.0039457636846258,0.0230796211855488,-0.0034364261168384,0.0,0.0064454196379593,1.0943494038361845,1.1844300278035218,1.031015507753877,1.1319261213720317,-0.09434940383618455,0.024260067928190198,,
2024,2805,-0.0081487140310669,-0.0128805620608899,0.0160413971539457,0.0091145833333332,-0.0081487140310669,0.0,1.09765625,1.153103448275862,1.0523364485981308,1.0857699805068226,-0.09765625,-0.0017761989342806395,,
2024,2806,0.0126666666666666,-0.0057618437900127,0.0080645161290322,0.0117470290943859,0.0,0.0126666666666666,1.0613496932515338,1.1320754716981132,1.0290697674418605,1.0334996436208126,-0.06134969325153374,-0.022598870056497175,,
2024,2807,-0.0057628146800121,0.0026913875598086,0.01885043263288,-0.0056737588652482,-0.0057628146800121,0.0,1.088659793814433,1.1451612903225807,0.9924812030075187,1.099756690997567,-0.088659793814433,0.0,,
2024,2808,-0.0058636696799413,-0.0042543134010871,0.0073837066207236,0.001138952164009,-0.0058636696799413,0.0,1.0351826792963463,1.1300813008130082,0.95875,1.0543401552575864,-0.035182679296346414,-0.002607561929595828,,
2024,2809,-0.0152935372471633,-0.0157964019306713,0.0099651220727454,0.0088417329796639,-0.0152935372471633,0.0,1.1103896103896105,1.2123893805309736,1.0214067278287462,1.0865800865800865,-0.11038961038961038,0.023952095808383235,,
2024,2810,0.0102301790281329,0.0006640106241699,0.0282708744247206,0.002836304700162,0.0,0.0102301790281329,1.15527950310559,1.2469879518072289,1.095808383233533,1.0472222222222223,-0.15527950310559005,0.01639344262295082,,
2024,2811,0.0061710255656772,-0.0012277470841006,0.0271657108361003,0.0017967658215212,0.0,0.0061710255656772,1.167763157894737,1.2287104622871046,1.033033033033033,1.0568070519098922,-0.16776315789473684,0.03197674418604651,,
2024,2812,0.0020746887966804,-0.0048828125,0.0288153681963714,-0.0352490421455938,0.0,0.0020746887966804,1.0616438356164384,1.1375661375661377,1.0256410256410255,1.0710059171597632,-0.06164383561643835,-0.03125,,
2024,2813,-0.0053163211057948,0.001578739639521,0.0236734693877551,-0.0183342063907805,-0.0053163211057948,0.0,1.0514603616133518,1.1010608598548297,0.958886780518659,1.0159857904085257,-0.05146036161335188,-0.002638522427440633,,
2024,2814,0.0039525691699604,-0.0077257363592467,0.0099800399201597,-0.0144418423106947,0.0,0.0039525691699604,1.0590717299578059,1.1512345679012346,1.0476190476190477,1.0575396825396826,-0.05907172995780591,-0.04924242424242424,,
2024,2815,0.0047942001870906,-0.0046445999176906,0.0191264970505868,0.0041091940212427,0.0,0.0047942001870906,1.058612829697167,1.1431127012522362,0.9666048237476809,1.0395560528623704,-0.058612829697167045,0.0399872040946897,,
2024,2816,0.0102726195179769,-0.00685192234488,0.0144288577154307,0.0004710315591145,0.0,0.0102726195179769,1.12,1.155367231638418,1.023890784982935,1.0833333333333333,-0.12,0.02666666666666667,,
2024,2817,0.0341515474919957,-0.0142298114549982,0.0184782608695652,0.0232461602324616,0.0,0.0341515474919957,1.073558648111332,1.1078125,0.9716814159292035,1.141304347826087,-0.073558648111332,-0.01639344262295082,,
2024,2818,0.0056053811659193,0.0031512605042016,0.0079096045197739,-0.0050425464859754,0.0,0.0056053811659193,1.0638297872340425,1.1973684210526316,1.0405405405405406,1.1531728665207877,-0.06382978723404255,-0.025974025974025976,,
2024,2819,0.0039028620988725,0.0057142857142857,0.0322291853178156,0.0008554319931566,0.0,0.0039028620988725,1.0341207349081365,1.185589519650655,0.9828009828009828,1.082004555808656,-0.03412073490813648,-0.015,,
2024,3201,0.0014416146083613,-0.0181902985074626,0.0236104279390063,0.0003865481252416,0.0,0.0014416146083613,1.0845481049562682,1.1632183908045977,1.058011049723757,1.0490196078431373,-0.08454810495626822,-0.028720626631853787,,
2024,3202,-0.001608114794656,-0.0143575898883298,0.0201918223119637,-0.0017953321364452,-0.001608114794656,0.0,1.0199771689497716,1.0890132248219735,0.9794483504597079,1.0378787878787878,-0.01997716894977169,-0.013252346769740474,,
2024,3203,0.003293342742884,0.005540166204986,0.0243373493975904,0.0008530603540199,0.0,0.003293342742884,0.9873417721518988,1.0404411764705883,0.9544764795144158,1.2950138504155124,0.012658227848101266,-0.00794912559618442,,
2024,3204,-0.0050280981958,-0.0027124773960216,0.0257888349514563,0.0006574621959236,-0.0050280981958,0.0,1.1157407407407407,1.2073813708260106,1.087719298245614,1.0465949820788532,-0.11574074074074074,-0.028225806451612902,,
2024,3205,-0.0063344594594594,-0.0021848372296263,0.018494623655914,-0.0045489006823351,-0.0063344594594594,0.0,1.0569727891156462,1.1160651096956828,1.0058873002523128,1.1785714285714286,-0.05697278911564626,0.039297658862876256,,
2024,3206,0.0015105740181269,-0.0053340106680213,0.015597034006648,-0.005385392123864,0.0,0.0015105740181269,1.0404040404040404,1.1142263759086188,1.0264623955431755,1.1103825136612022,-0.04040404040404041,-0.021709633649932156,,
2024,3207,-0.0058239122987324,-0.0023632680621201,0.0242105263157894,-0.00208261020479,-0.0058239122987324,0.0,1.0790190735694822,1.122680412371134,1.009433962264151,1.1032171581769437,-0.07901907356948229,0.05740987983978638,,
2024,3208,-0.0187519213034121,0.0026881720430107,0.0077447335811648,-0.0012468827930174,-0.0187519213034121,0.0,1.0100558659217878,1.102536997885835,0.970873786407767,1.1147540983606556,-0.01005586592178771,0.0044444444444444444,,
2024,3209,-0.0110323089046493,-0.0163325909428359,0.0055467511885896,0.0136350014983517,-0.0110323089046493,0.0,1.0978593272171253,1.151098901098901,1.0345821325648414,1.0795548227535037,-0.09785932721712538,0.0,,
2024,3210,-0.0039147455415398,-0.0081767955801105,0.0159080866106937,-0.0023398328690807,-0.0039147455415398,0.0,1.0606435643564356,1.1114827201783724,0.9800936768149883,1.067698259187621,-0.06064356435643564,0.023894862604540025,,
2024,3211,0.0006561679790026,-0.0005142269454919,0.0175262894341512,0.0,0.0,0.0006561679790026,1.0177993527508091,1.1342086068563093,0.98,1.0403800475059382,-0.01779935275080906,-0.012558869701726845,,
2024,3212,0.0009770395701025,-0.0026271793647002,0.010115963483839,0.0053280053280053,0.0,0.0009770395701025,1.0260196905766525,1.127789046653144,0.975223675154852,1.3833017077798861,-0.026019690576652602,0.029640084685956247,,
2024,3213,-0.0089155749636099,0.0008775008775008,0.0093663911845729,-0.0053163211057948,-0.0089155749636099,0.0,1.05735056542811,1.1142857142857143,1.0278884462151394,1.0514603616133518,-0.05735056542810985,0.014728682170542635,,
2024,3214,0.0011198208286673,-0.017163048965169,0.0090395480225988,0.0,0.0,0.0011198208286673,1.054003724394786,1.0752,1.0018018018018018,1.0358239508700102,-0.054003724394785846,0.017985611510791366,,
2024,3215,0.0049661399548532,0.0039688839498333,0.0172994488671156,0.0078508341511285,0.0,0.0049661399548532,1.0142480211081795,1.1124531445231154,0.9743458183683941,1.0205761316872428,-0.01424802110817942,0.012111637704054766,,
2024,3216,0.0060316376465232,0.0083849492268148,0.0274389055618349,0.0152916073968705,0.0,0.0060316376465232,1.0466836734693878,1.0906648757555406,1.007334344967122,1.253787878787879,-0.04668367346938775,0.03012804418779814,,
2024,3217,-0.0152555301296719,-0.0039370078740157,0.0218238503507404,0.0132970686007858,-0.0152555301296719,0.0,1.0159846547314577,1.1112385321100917,0.9736358062538321,1.1122994652406417,-0.0159846547314578,0.0006297229219143577,,
2024,3218,-0.0051369863013698,-0.0023393252893375,0.0270066574550935,0.0014416146083613,-0.0051369863013698,0.0,1.0132547864506627,1.067363112391931,0.981516408902301,1.0845481049562682,-0.013254786450662739,0.05764796310530361,,
2024,3219,-0.0097008892481811,0.0085872576177286,0.022877618522602,-0.0031206657420249,-0.0097008892481811,0.0,1.078740157480315,1.0902348578491965,1.0546623794212218,1.0420521446593776,-0.07874015748031496,0.04420731707317073,,
2024,3220,-0.0010649627263046,-0.0123982952344052,0.0122897800776196,0.0078103959062751,-0.0010649627263046,0.0,1.0042342978122794,1.053658536585366,0.96875,1.0535714285714286,-0.004234297812279464,-0.023335621139327384,,
2024,3221,-0.0033763044812769,-0.0065730504929787,0.0238843494657448,0.0044717719396309,-0.0033763044812769,0.0,1.0370860927152319,1.0942028985507246,0.9766871165644172,1.0735785953177257,-0.03708609271523179,-0.016331658291457288,,
2024,3222,-0.0025655644241733,-0.0040868094701239,0.0179918746372604,0.0,-0.0025655644241733,0.0,1.0144628099173554,1.1478599221789882,0.9979863068868304,1.0578947368421052,-0.014462809917355372,-0.009281678773204197,,
2024,4401,0.0013661202185792,-0.0214987714987715,0.0159611380985427,-0.0076394194041252,0.0,0.0013661202185792,1.058139534883721,1.1014925373134328,1.0223880597014925,1.070754716981132,-0.05813953488372093,-0.0036496350364963502,,
2024,4402,-0.0073977371627502,-0.0212411495210329,0.0236080178173718,0.0049504950495049,-0.0073977371627502,0.0,1.0443349753694582,1.1730337078651685,0.9856459330143541,1.108695652173913,-0.04433497536945813,0.02912621359223301,,
2024,4403,-0.0017851829812556,-0.0074946466809421,0.0047832585949176,-0.0062473969179508,-0.0017851829812556,0.0,1.028301886792453,1.146482122260669,1.0011600928074247,1.1635220125786163,-0.02830188679245283,0.010428736964078795,,
2024,4404,-0.0097425191370911,-0.0230698246693324,0.0144722908577479,-0.0062934027777777,-0.0097425191370911,0.0,1.0389972144846797,1.1941964285714286,1.0573770491803278,1.0737704918032787,-0.03899721448467967,-0.03617571059431524,,
2024,4405,0.0016542597187758,0.001515661839003,0.0166498486377395,0.0005711837783806,0.0,0.0016542597187758,1.0104790419161678,1.0781841109709962,0.9927953890489913,1.0570749108204518,-0.010479041916167664,-0.020319303338171262,,
2024,4406,-0.0062305295950155,-0.0014591439688715,0.02555910543131,-0.0015165301789505,-0.0062305295950155,0.0,1.248945147679325,1.3321799307958477,1.1935483870967742,1.0555555555555556,-0.2489451476793249,0.0,,
2024,4407,-0.0049560711872043,-0.0037444933920705,0.0213989875747813,-0.0064190738193489,-0.0049560711872043,0.0,1.0349462365591398,1.1269487750556793,1.0323450134770888,1.0812101910828025,-0.03494623655913978,0.005221932114882507,,
2024,4408,-0.0183342063907805,-0.0019093078758949,-0.0031331592689295,0.0098240804203793,-0.0183342063907805,0.0,1.0159857904085257,1.1211656441717792,0.9419354838709677,1.1424050632911393,-0.015985790408525755,-0.02054794520547945,,
2024,4409,0.0042404967439042,0.0058939096267189,0.0155336819440172,0.0041928721174004,0.0,0.0042404967439042,1.0689170182841068,1.1596958174904943,0.9933510638297872,1.0683060109289617,-0.06891701828410689,0.01740294511378849,,
2024,4410,0.0010580144595309,0.0004529806124298,0.0192307692307691,-0.0050813705967177,0.0,0.0010580144595309,1.0132978723404256,1.104,0.984263959390863,1.1899592944369064,-0.013297872340425532,-0.017534811758638472,,
2024,4411,-0.0071748878923766,0.0042949830942153,0.0120722519742215,-0.0187646598905394,-0.0071748878923766,0.0,1.0449775112443778,1.1182994454713493,0.9995069033530573,1.052325581395349,-0.044977511244377814,0.031573754316724226,,
2024,4412,0.0060339690107269,-0.00655054339735,0.0203709334144117,0.0052285628921422,0.0,0.0060339690107269,1.0278551532033426,1.1066723331916701,1.0144861928474422,1.0752797558494405,-0.027855153203342618,-0.012048192771084338,,
2024,4413,0.001138952164009,0.0042976424361493,0.0272610272610271,-0.0120845921450151,0.0,0.001138952164009,1.0543401552575864,1.1526501766784452,1.0322128851540617,1.1840490797546013,-0.05434015525758645,0.013568521031207599,,
2024,4414,0.0048115477145147,-0.0031496062992125,0.0142334282228548,0.017982017982018,0.0,0.0048115477145147,1.0338983050847457,1.128787878787879,1.0266666666666666,1.0421052631578946,-0.03389830508474576,-0.00974025974025974,,
2024,4415,-0.0083925112976113,-0.0005963029218842,0.0117570215545395,0.0045829514207149,-0.0083925112976113,0.0,1.0207253886010363,1.1488250652741514,1.0198511166253101,1.0731707317073171,-0.02072538860103627,-0.0413625304136253,,
2024,4416,-0.0019762845849802,-0.001564945226917,0.0222222222222221,-0.0010649627263046,-0.0019762845849802,0.0,1.0117878192534382,1.151969981238274,0.9697542533081286,1.0042342978122794,-0.011787819253438114,0.003898635477582846,,
2024,4417,-0.0106075216972034,-0.0123231401186673,0.0206692913385826,0.0103092783505154,-0.0106075216972034,0.0,1.0211267605633803,1.1102514506769825,1.0283687943262412,1.0502092050209204,-0.02112676056338028,0.0,,
2024,4418,0.0,0.0038188761593016,0.0239458615304528,0.0047122181083809,0.0,0.0,1.0403800475059382,1.1449704142011834,0.9955156950672646,1.1174004192872118,-0.040380047505938245,-0.013513513513513514,,
2024,4419,-0.0022918258212375,-0.0007578628268283,0.0127659574468084,-0.0087209302325581,-0.0022918258212375,0.0,1.0581717451523547,1.1529126213592233,1.0305555555555554,1.0511744966442953,-0.05817174515235457,0.029649595687331536,,
2024,4420,-0.0029336266960029,-0.0017355085039916,-0.0014646649578908,0.0110493247634866,-0.0029336266960029,0.0,1.016548463356974,1.1274900398406376,0.9491525423728814,1.1984469370146678,-0.016548463356973995,-0.04017857142857143,,
2024,4421,-0.0038716814159291,-0.0168316831683168,0.0055617352614014,0.0012239902080783,-0.0038716814159291,0.0,1.038812785388128,1.1382765531062125,0.9913419913419913,1.066350710900474,-0.03881278538812785,-0.006550218340611353,,
2024,4422,-0.0100038476337053,0.0,0.0200156985871271,-0.0030918727915194,-0.0100038476337053,0.0,1.0359477124183007,1.126027397260274,0.9757575757575757,1.0384193194291986,-0.03594771241830065,-0.015527950310559006,,
2024,4423,0.0020897731725368,0.0041864622042429,0.0193041625987395,0.0097308488612837,0.0,0.0020897731725368,1.0335949764521193,1.0997466751108296,0.9887160719731626,1.250485436893204,-0.033594976452119306,0.015422578655151141,,
2024,4424,0.0031604387432608,-0.007971656333038,0.0065494011976048,0.0102301790281329,0.0,0.0031604387432608,1.034965034965035,1.124031007751938,0.969676994067238,1.15527950310559,-0.03496503496503497,0.006118286879673691,,
2024,4425,-0.0078412546007361,-0.0058006411234925,0.0121477162293488,0.0026666666666665,-0.0078412546007361,0.0,1.0510774142059058,1.1631973355537053,1.0098410295230886,1.0434782608695652,-0.05107741420590583,-0.012743628185907047,,
2024,4426,-0.0032299741602067,-0.0145896656534953,0.0058479532163742,0.0032208848957451,-0.0032299741602067,0.0,1.0466666666666666,1.1260744985673352,1.0257234726688103,1.0464135021097047,-0.04666666666666667,-0.01567398119122257,,
2024,4427,0.0008554319931566,-0.0070202808112324,0.0218531468531468,0.0050658561296859,0.0,0.0008554319931566,1.082004555808656,1.1892361111111112,1.0684326710816776,1.2380952380952381,-0.08200455580865604,-0.01859504132231405,,
2024,5201,-0.0034246575342465,-0.0012244897959183,0.0403800475059381,-0.000684462696783,-0.0034246575342465,0.0,1.0895522388059702,1.2,1.0207612456747406,1.4,-0.08955223880597014,-0.010169491525423728,,
2024,5202,0.0117535545023697,-0.003287108371854,0.0286661466458657,0.0127504553734061,0.0,0.0117535545023697,1.0610539845758356,1.176434299814929,0.9935710111046172,1.10828025477707,-0.061053984575835475,-0.028823529411764706,,
2024,5203,0.0082034454470878,-0.0025701434996787,0.0323946644082151,0.0103120042305657,0.0,0.0082034454470878,1.3180778032036613,1.530612244897959,1.25,1.213938411669368,-0.3180778032036613,-0.023728813559322035,,
2024,5204,0.017982017982018,0.0051546391752577,0.0224719101123596,0.0071029934043633,0.0,0.017982017982018,1.0421052631578946,1.1759259259259258,0.8956521739130435,1.141263940520446,-0.042105263157894736,-0.038834951456310676,,
2024,5205,-0.0352490421455938,0.0023382696804363,0.0235294117647058,0.0031604387432608,-0.0352490421455938,0.0,1.0710059171597632,1.2142857142857142,1.0225988700564972,1.034965034965035,-0.07100591715976332,0.0,,
2024,5206,0.000391542678152,-0.0098275170477336,0.0269400884599919,0.0064382616693492,0.0,0.000391542678152,1.076,1.2232142857142858,1.0284090909090908,1.0492957746478873,-0.076,-0.009208103130755065,,
2024,5207,0.0070646414694455,-0.0078848131642098,0.0179791441927363,-0.0169956140350877,0.0,0.0070646414694455,1.2044817927170868,1.307511737089202,1.1488250652741514,1.1232394366197183,-0.20448179271708683,-0.022727272727272728,,
2024,5208,-0.0058055152394774,-0.0153743315508021,0.0192307692307691,-0.0052631578947368,-0.0058055152394774,0.0,1.0303030303030303,1.2600896860986548,1.0,1.0669456066945606,-0.030303030303030304,-0.02857142857142857,,
2024,5209,0.0113636363636364,-0.0128593040847201,0.0449533502968617,0.0004472938720738,0.0,0.0113636363636364,1.1243781094527363,1.1598173515981736,1.064516129032258,1.0934010152284264,-0.12437810945273632,-0.021645021645021644,,
2024,5210,0.0087921289512247,-0.0006996268656715,0.033982683982684,-0.0002245677071637,0.0,0.0087921289512247,1.1076923076923078,1.2204301075268817,1.034608378870674,1.0306818181818183,-0.1076923076923077,0.014084507042253521,,
2024,5211,0.0064382616693492,-0.0024032684450853,0.0240169531433953,-0.0058636696799413,0.0,0.0064382616693492,1.0492957746478873,1.2017353579175705,1.0087912087912088,1.0351826792963463,-0.04929577464788732,-0.026143790849673203,,
2024,5212,0.001309367932389,-0.0062973760932945,0.0228905393887739,0.016931216931217,0.0,0.001309367932389,1.0815068493150686,1.1997363216875412,0.9886291850915983,1.1888111888111887,-0.08150684931506849,0.008945686900958467,,
2024,5213,0.016931216931217,-0.0059189109203906,0.0373216245883645,-0.0032758244158113,0.0,0.016931216931217,1.1888111888111887,1.2642642642642643,1.0321543408360128,1.0776470588235294,-0.1888111888111888,0.059190031152647975,,
2024,5214,0.0152916073968705,0.0058939096267189,0.0296594653972903,-0.0009281357730045,0.0,0.0152916073968705,1.253787878787879,1.2972972972972974,1.1713286713286712,1.106359649122807,-0.2537878787878788,-0.011940298507462687,,
2024,5215,-0.0138972809667673,-0.0111358574610245,0.0012099213551119,-0.0228873239436619,-0.0138972809667673,0.0,0.9950248756218906,1.2634146341463415,1.061611374407583,1.0431372549019609,0.004975124378109453,-0.10714285714285714,,
2024,5216,0.0010901558922926,0.0080476007020247,0.0312148692198155,-0.0165194006915098,0.0,0.0010901558922926,1.0785984848484849,1.190611216131065,1.0040780658316342,1.0934343434343434,-0.07859848484848485,-0.008703220191470844,,
2024,5217,-0.0043062200956938,0.0144124168514412,0.0408366533864541,0.0047942001870906,-0.0043062200956938,0.0,1.1409691629955947,1.3273542600896862,1.108,1.058612829697167,-0.14096916299559473,-0.06498194945848375,,
2024,5218,0.0045829514207149,0.0036330608537693,0.0111214087117701,-0.002253673487785,0.0,0.0045829514207149,1.0731707317073171,1.1978609625668448,0.9731182795698925,1.1232394366197183,-0.07317073170731707,-0.027624309392265192,,
2024,5219,0.0009766987581973,0.000615763546798,0.0359930615784909,-0.001544799176107,0.0,0.0009766987581973,1.130050505050505,1.2961222091656874,1.0522727272727272,1.0772357723577235,-0.13005050505050506,-0.03347732181425486,,
2024,5220,0.0016842105263157,-0.0131474103585657,0.025474956822107,-0.0075440067057837,0.0,0.0016842105263157,1.1675675675675676,1.2402912621359223,1.1417721518987343,1.053191489361702,-0.16756756756756758,-0.04212860310421286,,
2024,5221,0.0127504553734061,0.0045578851412944,0.0223463687150837,0.0010580144595309,0.0,0.0127504553734061,1.10828025477707,1.1676300578034682,1.095808383233533,1.0132978723404256,-0.10828025477707007,-0.04918032786885246,,
2024,5301,0.0124282982791585,0.0107564191533657,0.0325765054294175,0.0056053811659193,0.0,0.0124282982791585,1.3011152416356877,1.4322580645161291,1.2371134020618557,1.0638297872340425,-0.30111524163568776,-0.027777777777777776,,
2024,5302,0.0088283378746594,0.0035539760106619,0.0234244283324038,-0.0032299741602067,0.0,0.0088283378746594,1.1562021439509953,1.2746628814762242,1.1359149582384207,1.0466666666666666,-0.1562021439509954,0.009358288770053475,,
2024,5303,-0.0006422607578676,-0.0185406698564593,0.0038684719535784,0.0044871290246397,-0.0006422607578676,0.0,1.0288461538461537,1.0748299319727892,1.0188087774294672,1.0928381962864722,-0.028846153846153848,-0.012307692307692308,,
2024,5304,0.0090946672178586,0.0088087248322148,0.0328778821520068,0.0022583559168924,0.0,0.0090946672178586,1.1185897435897436,1.2134831460674158,1.0634441087613293,1.0534351145038168,-0.11858974358974358,-0.008522727272727272,,
2024,5305,-0.0052631578947368,-0.0041775456919059,0.0117145899893502,-0.0024896265560165,-0.0052631578947368,0.0,1.0669456066945606,1.1566265060240963,1.075221238938053,1.0913705583756346,-0.06694560669456066,0.04938271604938271,,
2024,5306,-0.0076394194041252,-0.0106761565836298,0.0194704049844236,0.0032205240174671,-0.0076394194041252,0.0,1.070754716981132,1.188118811881188,1.0542986425339367,1.0432033719704952,-0.07075471698113207,-0.02575107296137339,,
2024,5307,0.0049504950495049,0.0018703241895261,0.0253807106598984,0.0006015942246955,0.0,0.0049504950495049,1.108695652173913,1.2371134020618557,1.1361256544502618,1.1407142857142858,-0.10869565217391304,-0.059907834101382486,,
2024,5308,0.0123497997329773,-0.0019102196752626,0.030261348005502,-0.0187519213034121,0.0,0.0123497997329773,1.238235294117647,1.3315363881401616,1.2507122507122508,1.0100558659217878,-0.23823529411764705,-0.04100227790432802,,
2024,5309,0.0055275564948789,-0.0047369311453222,0.0253375562593765,-0.0065132435953104,0.0,0.0055275564948789,1.0853333333333333,1.1885964912280702,1.0481770833333333,1.0132890365448506,-0.08533333333333333,0.011180124223602485,,
2024,5310,0.0054732775273664,0.0012706480304955,0.0203679369250986,-0.0049560711872043,0.0,0.0054732775273664,1.1359223300970873,1.2285067873303168,1.1325581395348838,1.0349462365591398,-0.13592233009708737,-0.039014373716632446,,
2024,5311,0.0053635280095352,0.0031989763275752,0.0294478527607362,-0.0055588063194851,0.0,0.0053635280095352,1.1398305084745763,1.2169811320754718,1.0543933054393306,1.0612244897959184,-0.13983050847457626,0.06746031746031746,,
2024,5312,0.0052301255230124,-0.0081850533807829,0.0231894398858365,-0.0102120974076983,0.0,0.0052301255230124,1.077127659574468,1.2090395480225988,1.0541237113402062,1.0,-0.07712765957446809,-0.009779951100244499,,
2024,5313,0.0053981106612686,-0.0096758587324624,0.0232237007280944,-0.0138972809667673,0.0,0.0053981106612686,1.138655462184874,1.2402234636871508,1.089808274470232,0.9950248756218906,-0.13865546218487396,0.003703703703703704,,
2024,5314,-0.0024896265560165,-0.0048231511254018,0.0246598639455781,-0.0085744908896033,-0.0024896265560165,0.0,1.0913705583756346,1.2032967032967032,1.0909090909090908,1.0536912751677852,-0.09137055837563451,-0.004629629629629629,,
2024,5315,0.0136350014983517,0.0112822862379016,0.0339271882261813,0.0040053404539386,0.0,0.0136350014983517,1.0795548227535037,1.1954120645709432,1.0627368421052632,1.0612244897959184,-0.07955482275350372,0.03763866877971474,,
2024,5316,0.0090379594296043,-0.0099270664505672,0.0251183858348775,0.0341515474919957,0.0,0.0090379594296043,1.069767441860465,1.1630276564774382,1.0282087447108603,1.073558648111332,-0.06976744186046512,0.009602194787379973,,
2024,5317,0.0232461602324616,0.0081414282391254,0.032576082297471,-0.0062305295950155,0.0,0.0232461602324616,1.141304347826087,1.2417582417582418,1.050420168067227,1.248945147679325,-0.14130434782608695,0.05,,
2024,5318,0.0132422637301365,0.0078394481028536,0.0358071036673404,-0.0083925112976113,0.0,0.0132422637301365,1.1617210682492582,1.2585751978891822,1.1184971098265897,1.0207253886010363,-0.16172106824925817,0.011627906976744186,,
2024,5319,0.0088417329796639,0.006190476190476,0.0230664857530529,-0.0016233766233766,0.0,0.0088417329796639,1.0865800865800865,1.2837837837837838,1.0701754385964912,1.1326781326781328,-0.08658008658008658,0.028688524590163935,,
2024,7501,-0.003604902667628,-0.0065470417070805,0.027661150901457,0.0039525691699604,-0.003604902667628,0.0,1.0795228628230615,1.160427807486631,1.011070110701107,1.0590717299578059,-0.07952286282306163,-0.009124087591240875,,
2024,7502,-0.005385392123864,-0.0112396694214875,0.0223675154852029,-0.0023745918670228,-0.005385392123864,0.0,1.1103825136612022,1.1524822695035462,1.0122950819672132,1.13780260707635,-0.11038251366120219,0.02834008097165992,,
2024,7503,0.0110493247634866,0.0080760494658029,0.0390185338035566,-0.0043062200956938,0.0,0.0110493247634866,1.1984469370146678,1.2338957055214723,1.0973101265822784,1.1409691629955947,-0.1984469370146678,0.0014419610670511895,,
2024,7504,0.0047122181083809,-0.0088235294117646,0.0283835237106264,0.0014424536896446,0.0,0.0047122181083809,1.1174004192872118,1.1220825852782765,1.0852713178294573,1.0519859813084111,-0.11740041928721175,-0.048214285714285716,,
2024,7505,0.0048500881834214,0.0152228952344326,0.0319576039826561,0.0124282982791585,0.0,0.0048500881834214,1.123269316659223,1.1554543572759264,1.0277203144393876,1.3011152416356877,-0.12326931665922286,0.01247987117552335,,
2024,7506,0.0003865481252416,-0.0058543724844493,0.0201104100946372,0.0020746887966804,0.0,0.0003865481252416,1.0490196078431373,1.2,0.9540229885057471,1.0616438356164384,-0.049019607843137254,-0.03313253012048193,,
2024,7507,0.0022376926902039,-0.013732833957553,0.0215900431800863,-0.0063344594594594,0.0,0.0022376926902039,1.0503282275711159,1.1746641074856046,1.0020120724346075,1.0569727891156462,-0.05032822757111598,-0.03614457831325301,,
2024,7508,0.0028280542986425,-0.0044576523031203,0.0074074074074073,0.0055275564948789,0.0,0.0028280542986425,1.083916083916084,1.1620111731843576,1.0522875816993464,1.0853333333333333,-0.08391608391608392,-0.037267080745341616,,
2024,7509,0.0020612485276796,0.00210463018641,0.020126164013217,0.0035934291581107,0.0,0.0020612485276796,1.305084745762712,1.263157894736842,1.174496644295302,1.0137614678899083,-0.3050847457627119,0.02666666666666667,,
2024,7510,0.0084121976866455,-0.0037752609371529,0.0361734582697754,0.0048115477145147,0.0,0.0084121976866455,1.1813725490196079,1.228855721393035,1.1450858034321374,1.0338983050847457,-0.18137254901960784,-0.014986376021798364,,
2024,7511,-0.0165194006915098,-0.0206753962784286,0.0187866927592954,-0.0025655644241733,-0.0165194006915098,0.0,1.0934343434343434,1.1257995735607675,0.9953271028037384,1.0144628099173554,-0.09343434343434344,0.01643192488262911,,
2024,7512,0.007566800662095,-0.0014409221902017,0.0328489437049701,-0.0023517762099269,0.0,0.007566800662095,1.2002314814814814,1.2540816326530613,1.0881720430107527,1.0675767918088737,-0.20023148148148148,0.024703557312252964,,
2024,7513,0.0005770340450086,0.0110225140712945,0.0307295796986517,0.0015117830146731,0.0,0.0005770340450086,1.2638376383763839,1.3488773747841105,1.169435215946844,1.030826140567201,-0.26383763837638374,-0.026988636363636364,,
2024,7514,-0.0006861063464836,-0.0091575091575091,0.0203010150507525,0.0087921289512247,-0.0006861063464836,0.0,1.1791044776119404,1.1558704453441295,1.0666666666666667,1.1076923076923078,-0.1791044776119403,0.016544117647058824,,
2024,7515,0.003893214682981,0.0160153747597693,0.0435287289611143,-0.0016495368608044,0.0,0.003893214682981,1.3164983164983164,1.2876254180602007,1.2232415902140672,1.0952380952380953,-0.3164983164983165,-0.0225,,
2024,7516,0.0103120042305657,0.0113765642775882,0.021885976763037,-0.011864406779661,0.0,0.0103120042305657,1.213938411669368,1.1961932650073206,1.1158989598811293,1.0862745098039215,-0.21393841166936792,-0.002663115845539281,,
2024,7517,-0.0123025123025123,-0.0148231190832087,0.0181962025316455,0.0053981106612686,-0.0123025123025123,0.0,1.056949806949807,1.0921766072811774,0.9910793933987511,1.138655462184874,-0.05694980694980695,-0.0144014401440144,,
2024,7518,-0.0043737574552683,-0.0114591291061879,0.0064025610244098,-0.0081939228405598,-0.0043737574552683,0.0,1.2238372093023255,1.2046035805626598,1.1601049868766404,1.0452261306532664,-0.2238372093023256,-0.04751131221719457,,
2024,7519,-0.0015165301789505,-0.0138138138138138,0.0169648365206662,0.0020612485276796,-0.0015165301789505,0.0,1.0555555555555556,1.0920245398773005,1.0078895463510849,1.305084745762712,-0.05555555555555555,-0.033268101761252444,,
2024,7520,0.0038291011688835,-0.0132579450185221,0.0188911704312115,0.0031686778366177,0.0,0.0038291011688835,1.105785123966942,1.1646090534979423,1.010886469673406,1.0687050359712231,-0.10578512396694215,0.02923076923076923,,
2024,7521,0.0015511892450879,-0.0155869459327813,0.0152230971128608,0.0068770939869511,0.0,0.0015511892450879,1.1122994652406417,1.1886792452830188,1.058252427184466,1.0311791383219955,-0.11229946524064172,-0.045871559633027525,,
2024,7522,-0.0023398328690807,-0.0056712836732467,0.0184975034044485,-0.0058777429467085,-0.0023398328690807,0.0,1.067698259187621,1.1009490940465918,1.006311992786294,1.0205714285714285,-0.06769825918762089,-0.010752688172043012,,
2024,7523,-0.00208261020479,-0.0195549561699258,0.0194621372965322,0.0118307685713061,-0.00208261020479,0.0,1.1032171581769437,1.1240223463687151,1.0263819095477387,1.0246538972122132,-0.1032171581769437,0.0073439412484700125,,
2024,7524,-0.0009281357730045,-0.0036750229688935,0.0220897140533946,-0.0043737574552683,-0.0009281357730045,0.0,1.106359649122807,1.162162162162162,1.0316122233930454,1.2238372093023255,-0.10635964912280702,0.030643513789581207,,
2024,7525,0.0005216484089722,-0.0042530568846358,0.0284334763948497,-0.0057405281285878,0.0,0.0005216484089722,1.149812734082397,1.244186046511628,1.0469798657718121,1.0719794344473008,-0.149812734082397,-0.016025641025641024,,
2024,7526,-0.000684462696783,-0.0004705882352941,0.0233481204763017,0.0053309640159928,-0.000684462696783,0.0,1.4,1.46,1.2689804772234274,1.325,-0.4,-0.018803418803418803,,
2024,7527,-0.011864406779661,-0.0073684210526315,0.0131654264453349,0.0061710255656772,-0.011864406779661,0.0,1.0862745098039215,1.1457627118644067,1.049056603773585,1.167763157894737,-0.08627450980392157,-0.0035971223021582736,,
2024,7528,-0.0050425464859754,0.0015698587127157,0.011475932419509,0.0013661202185792,-0.0050425464859754,0.0,1.1531728665207877,1.1797323135755258,1.0616302186878728,1.058139534883721,-0.15317286652078774,-0.013108614232209739,,
2024,7529,0.0053309640159928,-0.0009062075215224,0.0402033271719037,0.0084121976866455,0.0,0.0053309640159928,1.325,1.285140562248996,1.2706422018348624,1.1813725490196079,-0.325,-0.04332129963898917,,
2024,7530,-0.0045489006823351,0.0,0.0193199381761979,-0.0065489749430523,-0.0045489006823351,0.0,1.1785714285714286,1.1981981981981982,1.051643192488263,1.025297619047619,-0.17857142857142858,0.03125,,
2024,7531,-0.001544799176107,-0.0114155251141552,0.0119854090672224,-0.0034904013961605,-0.001544799176107,0.0,1.0772357723577235,1.2523364485981308,1.0298507462686568,1.087463556851312,-0.07723577235772358,-0.03985507246376811,,
2024,7532,0.0022583559168924,-0.019174656106711,0.0231053604436228,-0.0006422607578676,0.0,0.0022583559168924,1.0534351145038168,1.0581113801452784,1.0608272506082725,1.0288461538461537,-0.05343511450381679,-0.05045871559633028,,
2024,7601,0.0053280053280053,0.0014534883720929,0.0416233090530697,-0.0051369863013698,0.0,0.0053280053280053,1.3833017077798861,1.4353182751540041,1.249560632688928,1.0132547864506627,-0.38330170777988615,0.02531645569620253,,
2024,7602,0.0052285628921422,-0.0055670431048194,0.021205186880244,0.000391542678152,0.0,0.0052285628921422,1.0752797558494405,1.1168091168091168,1.0133843212237095,1.076,-0.0752797558494405,-0.002830188679245283,,
2024,7603,-0.0087209302325581,0.0009922603691208,0.026252983293556,0.0126666666666666,-0.0087209302325581,0.0,1.0511744966442953,1.18005540166205,1.0506122448979591,1.0613496932515338,-0.051174496644295304,-0.02641802641802642,,
2024,7604,-0.012447158290277,-0.0132168458781362,0.0181731229076995,-0.0082372322899505,-0.012447158290277,0.0,1.0661157024793388,1.1583166332665331,1.00945179584121,1.12,-0.06611570247933884,-0.033707865168539325,,
2024,7605,-0.0034904013961605,-0.0089659294680215,0.0324324324324323,-0.0123025123025123,-0.0034904013961605,0.0,1.087463556851312,1.2258064516129032,1.0767123287671232,1.056949806949807,-0.08746355685131195,-0.05089058524173028,,
2024,7606,0.0006015942246955,0.0004808462894694,0.0337375621890547,0.006012024048096,0.0,0.0006015942246955,1.1407142857142858,1.2140077821011672,1.0858895705521472,1.1839258114374034,-0.1407142857142857,0.0025109855618330196,,
2024,7607,-0.0012468827930174,-0.0201550387596899,0.0066945606694561,0.0,-0.0012468827930174,0.0,1.1147540983606556,1.172872340425532,1.0721649484536082,1.1125541125541125,-0.11475409836065574,-0.019230769230769232,,
2024,7608,0.0017967658215212,-0.0032277587250353,0.0332095709570956,-0.007226738934056,0.0,0.0017967658215212,1.0568070519098922,1.1710398445092323,1.0316091954022988,1.0495626822157433,-0.05680705190989226,0.0018570102135561746,,
2024,7609,-0.0144200626959247,-0.0225563909774436,0.0133418043202033,-0.0033763044812769,-0.0144200626959247,0.0,1.1712846347607053,1.1140350877192982,1.1058823529411765,1.0370860927152319,-0.1712846347607053,-0.010638297872340425,,
2024,7610,-0.0076477404403244,-0.016873889875666,0.0126730814362825,-0.0186234817813765,-0.0076477404403244,0.0,1.047337278106509,1.1099050203527816,1.0507246376811594,1.0307692307692307,-0.047337278106508875,-0.023448275862068966,,
2024,7611,-0.0029799914857385,-0.010844306738962,0.0124999999999999,0.003893214682981,-0.0029799914857385,0.0,1.0515151515151515,1.1451104100946372,1.0252808988764044,1.3164983164983164,-0.051515151515151514,-0.049315068493150684,,
2024,7612,-0.0065489749430523,-0.0180878552971576,0.0194484760522495,-0.0061262959472195,-0.0065489749430523,0.0,1.025297619047619,1.1500765696784074,1.023021582733813,1.106761565836299,-0.025297619047619048,-0.030942334739803096,,
2024,7613,-0.0120845921450151,-0.0016694490818029,0.021604938271605,-0.0031827909784338,-0.0120845921450151,0.0,1.1840490797546013,1.3375796178343948,1.1867469879518073,1.06216457960644,-0.18404907975460122,-0.02030456852791878,,
2024,7614,0.0019811788013868,-0.0082364341085271,0.0089955022488754,0.0016542597187758,0.0,0.0019811788013868,1.0991735537190082,1.3318385650224216,1.0894941634241244,1.0104790419161678,-0.09917355371900827,-0.05,,
2024,7615,-0.0058777429467085,0.0025834230355221,0.0294473578055667,-0.0097008892481811,-0.0058777429467085,0.0,1.0205714285714285,1.1044600938967135,1.0087912087912088,1.078740157480315,-0.02057142857142857,-0.027233115468409588,,
2024,7616,0.0044871290246397,0.0068085106382977,0.0337727864583332,0.0011198208286673,0.0,0.0044871290246397,1.0928381962864722,1.1800492610837439,1.0364298724954462,1.054003724394786,-0.09283819628647215,-0.004393673110720563,,
2024,7617,-0.009141156462585,-0.0118727598566308,0.0299978103788045,0.0138142747505756,-0.009141156462585,0.0,1.139821029082774,1.2398609501738123,1.0691099476439792,1.1318681318681318,-0.13982102908277405,-0.0019588638589618022,,
2024,7618,-0.002253673487785,-0.0006778348019753,0.029226201521618,-0.012447158290277,-0.002253673487785,0.0,1.1232394366197183,1.2059565875820293,1.0796927508401344,1.0661157024793388,-0.12323943661971831,-0.007114273010226767,,
2024,7619,-0.0073382254836558,-0.0073235685752329,0.0337931034482759,-0.003604902667628,-0.0073382254836558,0.0,1.177142857142857,1.2514619883040936,1.1382978723404256,1.0795228628230615,-0.17714285714285713,-0.037383177570093455,,
2024,7620,-0.0050813705967177,-0.0043972150971051,0.0288237371953372,-0.0129617627997408,-0.0050813705967177,0.0,1.1899592944369064,1.2937201907790143,1.1559879235155988,1.0878048780487806,-0.18995929443690637,0.017991874637260593,,
2024,7621,-0.0062934027777777,-0.0050987890376035,0.0067729954118418,-0.0050280981958,-0.0062934027777777,0.0,1.0737704918032787,1.2774390243902438,1.0338541666666667,1.1157407407407407,-0.07377049180327869,-0.010075566750629723,,
2024,7622,-0.0073062261753493,-0.0155607751027598,0.0060722275487377,0.0013977782682264,-0.0073062261753493,0.0,1.0241796200345423,1.1109243697478992,0.9872611464968153,1.0276016411786646,-0.024179620034542316,-0.043548387096774194,,
2024,7623,0.0116671783850168,-0.0022690437601297,0.0077351485148515,-0.0049967412557028,0.0,0.0116671783850168,1.1146025878003696,1.1732283464566928,1.0420875420875422,1.024045261669024,-0.11460258780036968,-0.025848142164781908,,
2024,7624,0.0004472938720738,-0.0097326936257711,0.0239694656488549,-0.0019762845849802,0.0,0.0004472938720738,1.0934010152284264,1.2186088527551941,1.0186393289841567,1.0117878192534382,-0.09340101522842639,-0.01463860933211345,,
2024,7625,0.001942243802709,0.0058602291611999,0.027951452739978,-0.0007309941520468,0.0,0.001942243802709,1.0501514641534837,1.133250532292406,0.9855670103092784,1.2025316455696202,-0.05015146415348368,0.0041841004184100415,,
2024,8401,0.0081795873852585,0.0062418201953085,0.0311123606035048,0.0088397790055247,0.0,0.0081795873852585,1.0826446280991735,1.1686232657417288,1.0177165354330708,1.053191489361702,-0.08264462809917356,0.013539651837524178,,
2024,8402,0.006012024048096,0.0,0.0278063851699279,-0.001608114794656,0.0,0.006012024048096,1.1839258114374034,1.2777777777777777,1.1371428571428572,1.0199771689497716,-0.1839258114374034,-0.03768844221105527,,
2024,8403,-0.0075440067057837,-0.0177419354838709,0.0084530853761624,0.0064454196379593,-0.0075440067057837,0.0,1.053191489361702,1.1578947368421053,0.9948453608247423,1.0943494038361845,-0.05319148936170213,0.025906735751295335,,
2024,8404,-0.0082372322899505,-0.0008561643835616,-0.0057330057330057,0.0005770340450086,-0.0082372322899505,0.0,1.12,1.1590909090909092,0.9824561403508771,1.2638376383763839,-0.12,0.0,,
2024,8405,0.0005711837783806,0.0086379762455652,0.019656377402446,-0.00909226412282,0.0,0.0005711837783806,1.0570749108204518,1.1417910447761195,1.0158371040723981,1.117519042437432,-0.057074910820451845,-0.01002227171492205,,
2024,8406,0.0055163959546429,0.0124542124542124,0.0308008213552362,-0.0073977371627502,0.0,0.0055163959546429,1.0289351851851851,1.1360691144708424,1.0,1.0443349753694582,-0.028935185185185185,-0.0067039106145251395,,
2024,8407,0.0071671525753158,0.0054175475687103,0.0256665836032892,0.0009766987581973,0.0,0.0071671525753158,1.057108140947752,1.1356132075471699,0.9908571428571429,1.130050505050505,-0.05710814094775213,0.0034602076124567475,,
2024,8408,0.0014424536896446,8.105041335704222e-05,0.0274570982839312,0.0046982291290205,0.0,0.0014424536896446,1.0519859813084111,1.1317233809001097,0.9927007299270073,1.0315186246418337,-0.051985981308411214,0.018665158371040724,,
2024,8409,-0.0031827909784338,-0.0010225529739249,0.0219841848466153,0.0053320407174017,-0.0031827909784338,0.0,1.06216457960644,1.1489832007073386,0.980865224625624,1.128358208955224,-0.06216457960644007,0.00720949957591179,,
2024,8410,-0.0065132435953104,-0.0013736263736263,0.0267498885421311,-0.0022918258212375,-0.0065132435953104,0.0,1.0132890365448506,1.0948275862068966,0.9683544303797469,1.0581717451523547,-0.013289036544850499,-0.0032679738562091504,,
2024,8411,-0.0017953321364452,0.0131278538812784,0.0353159851301114,0.0055163959546429,-0.0017953321364452,0.0,1.0378787878787878,1.0852272727272727,0.9470198675496688,1.0289351851851851,-0.03787878787878788,-0.04195804195804196,,
2024,8412,0.0,0.0042319085907744,0.0325998370008149,-0.0035721790292078,0.0,0.0,1.1125541125541125,1.1928571428571428,1.0201612903225807,1.0416666666666667,-0.11255411255411256,0.015810276679841896,,
2024,8413,0.0032208848957451,0.0020736132711249,0.0416740243687092,0.0058624864589307,0.0,0.0032208848957451,1.0464135021097047,1.0373665480427046,0.9880239520958084,1.0521571152607856,-0.046413502109704644,0.00202020202020202,,
2024,8414,0.0069860279441118,0.0077834179357021,0.0210597826086955,0.0074250356972869,0.0,0.0069860279441118,1.0657142857142856,1.181609195402299,0.96875,1.0518134715025906,-0.06571428571428571,0.002688172043010753,,
2024,8415,0.0071011919857975,0.0168584426010167,0.0236240913811007,0.007566800662095,0.0,0.0071011919857975,1.129511677282378,1.1689497716894977,1.031936127744511,1.2002314814814814,-0.12951167728237792,0.029013539651837523,,
2024,8416,-0.0016495368608044,0.0201500833796552,0.0239054176952058,0.0028280542986425,-0.0016495368608044,0.0,1.0952380952380953,1.1370839936608559,0.9874213836477987,1.083916083916084,-0.09523809523809523,0.06543138390272148,,
2024,8417,-0.007226738934056,-0.0178260869565217,0.0202764976958524,-0.0097425191370911,-0.007226738934056,0.0,1.0495626822157433,1.13595166163142,1.0263157894736843,1.0389972144846797,-0.04956268221574344,0.02564102564102564,,
2024,8418,0.0132970686007858,0.0024691358024691,0.0363294707171939,0.0015346838551257,0.0,0.0132970686007858,1.1122994652406417,1.0995670995670996,0.9372197309417041,1.0724637681159421,-0.11229946524064172,-0.004784688995215311,,
2024,8419,0.0041928721174004,-0.0014338973329509,0.0170575692963752,0.0053635280095352,0.0,0.0041928721174004,1.0683060109289617,1.1896103896103896,1.0151898734177216,1.1398305084745763,-0.06830601092896176,-0.02493765586034913,,
2024,8420,-0.0008196721311475,0.0,0.0317124735729386,-0.0058055152394774,-0.0008196721311475,0.0,1.0833333333333333,1.220532319391635,1.0271317829457365,1.0303030303030303,-0.08333333333333333,-0.018867924528301886,,
2024,8421,0.0031804074608978,0.0130233058058506,0.0260589913767281,0.0029154518950438,0.0,0.0031804074608978,1.05349739200214,1.1289379237006514,0.97843631778058,1.072289156626506,-0.0534973920021399,0.015208145379559222,,
2024,8422,0.0015346838551257,0.0039682539682539,0.0349428208386277,0.0015511892450879,0.0,0.0015346838551257,1.0724637681159421,1.1712473572938689,1.0344827586206897,1.1122994652406417,-0.07246376811594203,0.01568627450980392,,
2024,8423,-0.0144418423106947,-0.0151828847481021,0.0146534653465346,-0.0071748878923766,-0.0144418423106947,0.0,1.0575396825396826,1.140952380952381,0.994263862332696,1.0449775112443778,-0.057539682539682536,0.025,,
2024,8424,-0.0022779043280182,-0.0139475908706677,0.015263644773358,-0.0057424944589965,-0.0022779043280182,0.0,1.0650887573964498,1.1465968586387434,1.0,1.1116625310173698,-0.0650887573964497,-0.008264462809917356,,
2024,8425,-0.008081896551724,0.0085790884718499,0.0086956521739129,0.0022376926902039,-0.008081896551724,0.0,1.0672268907563025,1.1317829457364341,1.0118110236220472,1.0503282275711159,-0.06722689075630252,-0.011673151750972763,,
2024,8426,0.0088397790055247,-0.0117955439056356,0.0154277699859748,0.0060316376465232,0.0,0.0088397790055247,1.053191489361702,1.1597845601436265,1.0257510729613735,1.0466836734693878,-0.05319148936170213,0.03556485355648536,,
2024,8427,-0.0056737588652482,-0.0047427946005107,0.0129310344827586,0.0006561679790026,-0.0056737588652482,0.0,1.099756690997567,1.1705607476635513,1.0350467289719627,1.0177993527508091,-0.09975669099756691,0.020316027088036117,,
2024,8428,0.0040920372979136,-0.0044728014207722,0.0227787307032589,-0.0058239122987324,0.0,0.0040920372979136,1.0554561717352415,1.158493870402802,1.0188348664038547,1.0790190735694822,-0.055456171735241505,0.014617368873602751,,
2024,8429,-0.002051282051282,0.0019175455417066,0.0051546391752577,-0.0034246575342465,-0.002051282051282,0.0,1.125,1.2291666666666667,1.0972222222222223,1.0895522388059702,-0.125,0.02531645569620253,,
2024,8430,-0.007570543702684,0.0033921302578019,0.0239605355884424,0.0180806675938804,-0.007570543702684,0.0,1.0718562874251496,1.150259067357513,1.0,1.0203761755485894,-0.0718562874251497,0.028735632183908046,,
2024,8431,-0.0002134471718249,0.0033379373848987,0.0255007113932363,-0.009141156462585,-0.0002134471718249,0.0,1.1072279586973788,1.202211690363349,1.0548872180451128,1.139821029082774,-0.10722795869737888,-0.006414825374198147,,
2024,8432,0.0078103959062751,-0.0034210526315789,0.0254073460370063,0.0016842105263157,0.0,0.0078103959062751,1.0535714285714286,1.1481481481481481,1.0154639175257731,1.1675675675675676,-0.05357142857142857,-0.001692047377326565,,
2024,8433,-0.00909226412282,0.0105078809106831,0.0234935163996949,-0.0057628146800121,-0.00909226412282,0.0,1.117519042437432,1.208695652173913,1.0507772020725388,1.088659793814433,-0.117519042437432,0.01282051282051282,,
2024,8434,0.0036913341536297,0.0082345852580838,0.0356817768068451,-0.0078412546007361,0.0,0.0036913341536297,1.098148148148148,1.1932021466905187,0.9931972789115646,1.0510774142059058,-0.09814814814814815,0.015410958904109588,,
2024,8435,0.0056585365853658,0.0122105263157894,0.0182793562487582,0.0060339690107269,0.0,0.0056585365853658,1.0467741935483872,1.1388888888888888,0.978494623655914,1.0278551532033426,-0.0467741935483871,0.018838304552590265,,
2024,9301,0.0058624864589307,0.011408280447265,0.0289817061176316,-0.0144200626959247,0.0,0.0058624864589307,1.0521571152607856,1.1479179614667496,1.007701421800948,1.1712846347607053,-0.05215711526078558,-0.0393885949441505,,
2024,9302,0.0058173356602675,-0.0021739130434782,0.0361663652802892,0.0070646414694455,0.0,0.0058173356602675,1.0375,1.1396648044692737,1.0,1.2044817927170868,-0.0375,-0.08287292817679558,,
2024,9303,-0.0016982734220208,0.0043117744610281,0.0424904101504868,0.0049661399548532,-0.0016982734220208,0.0,1.1154529307282415,1.1672354948805461,1.0797962648556876,1.0142480211081795,-0.11545293072824156,-0.012578616352201259,,
2024,9304,0.005860765733691,-0.0005705482969133,0.0238335576491699,0.005860765733691,0.0,0.005860765733691,1.1248105103587671,1.2241292276627966,1.0658492279745686,1.1248105103587671,-0.12481051035876706,-0.05155517682147422,,
2024,9305,-0.0007309941520468,0.0053017944535074,0.0340136054421769,-0.0013976240391334,-0.0007309941520468,0.0,1.2025316455696202,1.2641921397379912,1.1831578947368422,1.0891089108910892,-0.20253164556962025,0.014234875444839857,,
2024,9306,0.0098240804203793,0.001761006289308,0.0207555970149253,-0.002051282051282,0.0,0.0098240804203793,1.1424050632911393,1.1911764705882353,1.1089258698940998,1.125,-0.14240506329113925,-0.015006821282401092,,
2024,9307,-0.0057405281285878,-0.0086629001883239,0.0199063231850116,0.0031804074608978,-0.0057405281285878,0.0,1.0719794344473008,1.1640625,1.0384615384615385,1.05349739200214,-0.07197943444730077,-0.034722222222222224,,
2024,9308,-0.0023745918670228,-0.0080172679617638,0.021838034576888,-0.0152555301296719,-0.0023745918670228,0.0,1.13780260707635,1.2280373831775702,1.1209964412811388,1.0159846547314577,-0.1378026070763501,-0.03015873015873016,,
2024,9309,0.0097308488612837,0.0075119508308671,0.0307298335467349,-0.0029799914857385,0.0,0.0097308488612837,1.250485436893204,1.3247011952191234,1.2026022304832713,1.0515151515151515,-0.2504854368932039,-0.00463678516228748,,
2024,9310,0.0029154518950438,-0.0021516944593867,0.0197297297297296,-0.007570543702684,0.0,0.0029154518950438,1.072289156626506,1.148235294117647,1.0381165919282511,1.0718562874251496,-0.07228915662650602,-0.038876889848812095,,
2024,9311,-0.0016233766233766,0.0262024407753052,0.0314802411252512,0.0042404967439042,-0.0016233766233766,0.0,1.1326781326781328,1.2116788321167884,1.1168224299065421,1.0689170182841068,-0.13267813267813267,-0.03556485355648536,,
2024,9312,0.0068770939869511,0.0005586904296328,0.0271689911247963,0.0058173356602675,0.0,0.0068770939869511,1.0311791383219955,1.0962227736421284,1.0078363660512684,1.0375,-0.031179138321995464,-0.04111755403268318,,
2024,9313,-0.0023517762099269,0.0051951698960965,0.0214944999367809,0.0012958963282936,-0.0023517762099269,0.0,1.0675767918088737,1.140655105973025,1.0253004427577483,1.1350210970464134,-0.06757679180887372,-0.0351634793337446,,
2024,9314,-0.0062473969179508,-0.0088035214085634,0.0139358108108107,-0.0029336266960029,-0.0062473969179508,0.0,1.1635220125786163,1.2202380952380953,1.0664819944598338,1.016548463356974,-0.16352201257861634,-0.03896103896103896,,
2024,9315,0.0031686778366177,-0.0068731589752745,0.0251412806478885,0.0015105740181269,0.0,0.0031686778366177,1.0687050359712231,1.19068255687974,1.0318764377259284,1.0404040404040404,-0.06870503597122302,-0.053821656050955416,,
2024,9316,0.0053320407174017,0.0109318063508589,0.0222993062438057,-0.0081487140310669,0.0,0.0053320407174017,1.128358208955224,1.1921921921921923,1.1048158640226629,1.09765625,-0.12835820895522387,-0.03076923076923077,,
2024,9317,0.0067635270541082,0.0106072659771943,0.0275418275418275,0.0010901558922926,0.0,0.0067635270541082,1.9342723004694835,1.995744680851064,1.793991416309013,1.0785984848484849,-0.9342723004694836,-0.014354066985645933,,
2024,9318,-0.0020641018290236,0.0016758439071102,0.017561260210035,0.0090946672178586,-0.0020641018290236,0.0,1.1328447091158955,1.2067460317460317,1.1059135039717565,1.1185897435897436,-0.13284470911589555,-0.013168395849960097,,
2025,51,-0.0113597246127367,-0.005561348627042,-0.0081939228405598,-0.0017738359201774,-0.0113597246127367,0.0,1.0814814814814815,1.0357815442561205,1.0452261306532664,1.1345614737685221,-0.08148148148148149,0.052884615384615384,,
2025,52,0.0008523332623056,0.0058139534883721,0.0008530603540199,0.0094890510948906,0.0,0.0008523332623056,1.2924137931034483,1.2158693115519252,1.2950138504155124,1.1047120418848169,-0.2924137931034483,0.0021390374331550803,,
2025,53,-0.005876988550005,0.0122746035194438,-0.0057424944589965,-0.0004367765887748,-0.005876988550005,0.0,1.1128737034777303,1.0646551724137931,1.1116625310173698,1.1179775280898876,-0.11287370347773032,0.017857142857142856,,
2025,54,0.0003478260869564,0.0055946580039702,-0.0031206657420249,-0.0052539404553415,0.0,0.0003478260869564,1.0844709897610922,1.0252631578947369,1.0420521446593776,1.1047120418848169,-0.08447098976109214,0.0258272800645682,,
2025,55,-0.0088669950738916,0.0,-0.0034364261168384,0.0010405827263266,-0.0088669950738916,0.0,1.1536388140161724,1.0903225806451613,1.1319261213720317,1.0978260869565217,-0.15363881401617252,-0.002331002331002331,,
2025,56,-0.0085357846355876,-0.0079893475366178,-0.0129617627997408,-0.0224455611390285,-0.0085357846355876,0.0,1.1363636363636365,1.116182572614108,1.0878048780487806,1.1300639658848615,-0.13636363636363635,0.008968609865470852,,
2025,57,-0.0081967213114754,0.0055803571428572,0.0180806675938804,-0.0083107497741644,-0.0081967213114754,0.0,1.0611916264090178,1.017478152309613,1.0203761755485894,1.0444874274661509,-0.061191626409017714,0.01228878648233487,,
2025,58,-0.0059171597633136,-0.0168878166465621,0.002967359050445,-0.0084148727984344,-0.0059171597633136,0.0,1.125,1.0802139037433156,1.1220472440944882,1.1428571428571428,-0.125,0.042105263157894736,,
2025,59,-0.0008602150537634,0.0094535393128891,0.0091145833333332,0.003466366872775,-0.0008602150537634,0.0,1.091796875,1.0909090909090908,1.0857699805068226,1.0984555984555984,-0.091796875,0.003590664272890485,,
2025,60,-0.0058840835539865,-0.0165169516082295,-0.0055588063194851,0.0019295706705257,-0.0058840835539865,0.0,1.1077844311377245,1.026622296173045,1.0612244897959184,1.0745697896749522,-0.10778443113772455,0.0673076923076923,,
2025,61,-0.0251924422673197,-0.0035637918745545,-0.0013976240391334,-0.0071827613727054,-0.0251924422673197,0.0,1.107981220657277,1.014388489208633,1.0891089108910892,1.0484429065743945,-0.107981220657277,0.07272727272727272,,
2025,62,-0.0011129660545353,0.0023391812865496,0.0044717719396309,-0.0171835708298407,-0.0011129660545353,0.0,1.0862068965517242,1.0695652173913044,1.0735785953177257,1.174496644295302,-0.08620689655172414,-0.018691588785046728,,
2025,63,-0.0049627791563275,-0.0010106114199089,0.0009935419771485,-0.0049627791563275,-0.0049627791563275,0.0,1.1275510204081634,1.1008771929824561,1.088235294117647,1.1275510204081634,-0.12755102040816327,-0.0045045045045045045,,
2025,64,-0.0070528967254408,-0.0064585575888052,0.0071029934043633,-0.0032805429864253,-0.0070528967254408,0.0,1.1968503937007875,1.1297935103244838,1.141263940520446,1.0730238393977416,-0.1968503937007874,-0.009771986970684038,,
2025,1101,0.0030376670716889,0.022363251737685,0.0117470290943859,-0.0098173515981735,0.0,0.0030376670716889,1.094927536231884,1.0219672131147541,1.0334996436208126,1.4333333333333333,-0.09492753623188406,0.04206896551724138,,
2025,1102,0.0013140604467805,0.0106232294617563,0.0006574621959236,-0.0031347962382445,0.0,0.0013140604467805,1.0954063604240283,1.033112582781457,1.0465949820788532,1.205128205128205,-0.09540636042402827,0.06164383561643835,,
2025,1103,-0.0044326241134752,0.0018256503879507,0.0026666666666665,-0.0058840835539865,-0.0044326241134752,0.0,1.10752688172043,1.0394088669950738,1.0434782608695652,1.1077844311377245,-0.10752688172043011,0.07291666666666667,,
2025,1104,0.0055098442550689,0.0226920251408049,0.0013977782682264,-0.0035516969218626,0.0,0.0055098442550689,1.0886644219977553,1.016282225237449,1.0276016411786646,1.131687242798354,-0.08866442199775533,0.056261343012704176,,
2025,1105,-0.0119530416221984,-0.002004008016032,-0.0059410142159983,-0.0042126130591004,-0.0119530416221984,0.0,1.0837320574162679,1.0335861321776816,1.0405244338498212,1.0311764705882354,-0.08373205741626795,0.037800687285223365,,
2025,1106,0.0011220825852782,0.0240524176826739,0.0,-0.0123873873873874,0.0,0.0011220825852782,1.1070535267633816,1.02587890625,1.0358239508700102,1.1703703703703703,-0.10705352676338169,0.09337944664031621,,
2025,1107,-0.0053908355795148,0.0023826542768643,-0.0002245677071637,0.0055098442550689,-0.0053908355795148,0.0,1.087799315849487,1.0283114256825077,1.0306818181818183,1.0886644219977553,-0.08779931584948689,0.05181918412348401,,
2025,1108,-0.0110766504209127,0.0191938579654511,-0.0030918727915194,-0.0093436233642206,-0.0110766504209127,0.0,1.0761209593326382,1.0222897669706181,1.0384193194291986,1.136354056902002,-0.07612095933263817,0.09090909090909091,,
2025,1109,-0.0041436605753945,0.0142750168940515,0.0041091940212427,-0.0070094800344728,-0.0041436605753945,0.0,1.0896701441235,1.0185351428420553,1.0395560528623704,1.2176360225140712,-0.08967014412349997,0.05134545454545455,,
2025,1110,-0.0072072072072072,-0.0083333333333333,-0.0228873239436619,-0.0072276716572018,-0.0072072072072072,0.0,1.050387596899225,1.0299625468164795,1.0431372549019609,1.1428571428571428,-0.050387596899224806,0.018796992481203006,,
2025,1111,-0.0056265984654731,0.0016042780748664,0.0035934291581107,-0.0084068074636046,-0.0056265984654731,0.0,1.0976744186046512,1.0637450199203187,1.0137614678899083,1.3172690763052208,-0.09767441860465116,0.06787330316742081,,
2025,1112,0.0074136835416225,0.0288647810925997,0.0118307685713061,-0.0110766504209127,0.0,0.0074136835416225,1.062728497209929,1.0138193124892037,1.0246538972122132,1.0761209593326382,-0.0627284972099288,0.02220988339811216,,
2025,1113,-0.0055350553505535,0.0143740464145185,0.0038524225811231,0.0002994908655284,-0.0055350553505535,0.0,1.0947368421052632,1.0350287907869482,1.0241813602015113,1.0391534391534392,-0.09473684210526316,0.07427447122479094,,
2025,1114,-0.0078350291093095,0.02550958871065,0.0032205240174671,-0.0016920473773265,-0.0078350291093095,0.0,1.0795425006498571,1.0247685764323242,1.0432033719704952,1.1114754098360655,-0.07954250064985703,0.04873737373737374,,
2025,1115,-0.0088672411639815,0.0154090337940613,-0.0038566807663598,-0.0088669950738916,-0.0088672411639815,0.0,1.100836202656173,1.0419776119402986,1.0443227091633467,1.1536388140161724,-0.10083620265617314,0.06723891273247497,,
2025,2401,-0.0004567252797442,0.0073170731707317,0.0034372135655362,0.0071915215745648,-0.0004567252797442,0.0,1.1611721611721613,1.0378457059679767,1.1049723756906078,1.2131147540983607,-0.16117216117216118,0.056666666666666664,,
2025,2402,-0.0056768558951965,-0.0134154387508247,-0.0049967412557028,-0.0004954582989264,-0.0056768558951965,0.0,1.0924242424242425,1.0442105263157895,1.024045261669024,1.0465465465465464,-0.09242424242424242,-0.004143646408839779,,
2025,2403,-0.0024242424242424,-0.002129471890971,0.002836304700162,0.0006396588486141,-0.0024242424242424,0.0,1.0497237569060773,1.0153508771929824,1.0472222222222223,1.0210526315789474,-0.049723756906077346,0.007957559681697613,,
2025,2404,-0.0206270627062706,0.0118644067796609,-0.0186234817813765,-0.0059144676979071,-0.0206270627062706,0.0,1.12,0.9919678714859438,1.0307692307692307,1.06158357771261,-0.12,0.11442786069651742,,
2025,2405,-0.0075917334458034,-0.0125371865703357,-0.0035721790292078,-0.0047513462147608,-0.0075917334458034,0.0,1.0664697193500738,1.0425531914893618,1.0416666666666667,1.1105228325612178,-0.06646971935007386,-0.004137931034482759,,
2025,2406,-0.0050403225806451,-0.0146750524109015,0.0050658561296859,-0.0004798464491362,-0.0050403225806451,0.0,1.2635658914728682,1.2641509433962264,1.2380952380952381,1.1424242424242423,-0.26356589147286824,0.04487179487179487,,
2025,2407,-0.0089235917456775,-0.0066555740432612,-0.0169956140350877,-0.0105597349713575,-0.0089235917456775,0.0,1.1453287197231834,1.0513513513513513,1.1232394366197183,1.2350746268656716,-0.1453287197231834,0.03761755485893417,,
2025,2408,-0.0231075697211154,0.0063643595863165,-0.0187646598905394,-0.0035714285714285,-0.0231075697211154,0.0,1.079268292682927,1.0585585585585586,1.052325581395349,1.0614754098360655,-0.07926829268292683,-0.022099447513812154,,
2025,2409,-0.0061438380917961,0.001866368047779,-0.003959683225342,-0.0184921763869132,-0.0061438380917961,0.0,1.0537124802527646,1.0,1.0389610389610389,1.146953405017921,-0.053712480252764615,0.0421875,,
2025,2410,-0.0082578582844965,0.0048904354368475,0.0015117830146731,-0.0138102784695495,-0.0082578582844965,0.0,1.036751630112626,0.9672762271414822,1.030826140567201,1.076607387140903,-0.036751630112625965,0.046052631578947366,,
2025,2411,-0.0039682539682539,0.010612244897959,-0.0102120974076983,-0.0038803556992724,-0.0039682539682539,0.0,1.0489795918367346,0.97,1.0,1.1195652173913044,-0.04897959183673469,0.02390438247011952,,
2025,2412,-0.0184921763869132,-0.0117757889778614,-0.0061262959472195,-0.0149913983779798,-0.0184921763869132,0.0,1.146953405017921,1.0302197802197801,1.106761565836299,1.0728744939271255,-0.14695340501792115,0.028938906752411574,,
2025,2413,-0.0021870671429612,0.0075539288217427,0.0040992606690579,-0.0085740072202166,-0.0021870671429612,0.0,1.1015544041450778,1.0552763819095476,1.0713178294573644,1.1118279569892473,-0.10155440414507771,0.025566811384466957,,
2025,2414,-0.0079787234042553,0.0028011204481792,0.0040053404539386,-0.006547300908605,-0.0079787234042553,0.0,1.1464646464646464,1.0682730923694779,1.0612244897959184,1.0615796519410978,-0.14646464646464646,0.09134615384615384,,
2025,2415,-0.0029211295034079,-0.0099304865938431,0.0078508341511285,0.0075187969924812,-0.0029211295034079,0.0,1.0729613733905579,1.0304054054054055,1.0205761316872428,1.087248322147651,-0.07296137339055794,0.008064516129032258,,
2025,2701,-0.0335135135135135,-0.0077605321507761,-0.0085744908896033,-0.0019354838709677,-0.0335135135135135,0.0,1.1151079136690647,1.0467836257309941,1.0536912751677852,1.0547184773988898,-0.11510791366906475,-0.012738853503184714,,
2025,2702,-0.0085371481310567,0.0007038948850304,-0.0064190738193489,-0.0088672411639815,-0.0085371481310567,0.0,1.1059001512859303,1.0452781371280724,1.0812101910828025,1.100836202656173,-0.1059001512859304,0.07658321060382917,,
2025,2703,-0.0015898251192368,0.0082034454470878,0.0088211708099439,-0.0026369168356997,-0.0015898251192368,0.0,1.091503267973856,1.0432432432432432,1.0733333333333333,1.167728237791932,-0.0915032679738562,0.037267080745341616,,
2025,2704,0.0071915215745648,0.0081833060556464,0.0138142747505756,0.0002834734952281,0.0,0.0071915215745648,1.2131147540983607,1.116182572614108,1.1318681318681318,1.1043350477590008,-0.21311475409836064,0.07766990291262135,,
2025,2705,-0.0170042510627657,0.0005124263387137,-0.0037369207772794,-0.005591054313099,-0.0170042510627657,0.0,1.0794016110471807,1.0181451612903225,1.0248520710059172,1.271137026239067,-0.07940161104718067,0.08314087759815242,,
2025,2706,-0.0059952038369304,-0.002015875015749,0.0046982291290205,-0.0096432015429122,-0.0059952038369304,0.0,1.093484419263456,1.0294985250737463,1.0315186246418337,1.1636904761904763,-0.09348441926345609,0.07222222222222222,,
2025,2707,-0.0085207100591715,-0.0073764445537251,0.0052343564120866,-0.0231075697211154,-0.0085207100591715,0.0,1.0623916811091854,1.0430906389301635,1.0665499124343258,1.0943396226415094,-0.06239168110918544,0.006568144499178982,,
2025,2708,-0.0028248587570621,-0.0100671140939597,0.0004710315591145,-0.0089649551752241,-0.0028248587570621,0.0,1.1294642857142858,1.01628664495114,1.0833333333333333,1.08,-0.12946428571428573,0.024291497975708502,,
2025,2709,-0.0083217753120665,-0.0104748603351955,-0.0116518163125428,0.0030376670716889,-0.0083217753120665,0.0,1.0930232558139534,1.0299145299145298,1.0273224043715847,1.094927536231884,-0.09302325581395349,0.0,,
2025,2710,-0.019714144898965,-0.0118343195266271,0.0,0.0024077046548955,-0.019714144898965,0.0,1.0683544303797468,1.0633187772925765,1.0578947368421052,1.0809523809523809,-0.06835443037974684,0.04975124378109453,,
2025,2711,0.0002834734952281,0.0060673475578925,0.0074250356972869,-0.0047656870532168,0.0,0.0002834734952281,1.1043350477590008,1.0087260034904013,1.0518134715025906,1.1524390243902438,-0.10433504775900074,0.057705840957072485,,
2025,2712,-0.0035714285714285,0.0093099671412923,0.0103092783505154,-0.0231075697211154,-0.0035714285714285,0.0,1.0614754098360655,1.0198019801980198,1.0502092050209204,1.079268292682927,-0.06147540983606557,0.03187250996015936,,
2025,2713,-0.0013146362839614,0.0031796502384737,-0.0032758244158113,0.0008523332623056,-0.0013146362839614,0.0,1.1121951219512196,1.080373831775701,1.0776470588235294,1.2924137931034483,-0.11219512195121951,-0.004366812227074236,,
2025,2714,-0.0179399938137951,0.0050188205771644,-0.0052307692307692,0.0010319917440659,-0.0179399938137951,0.0,1.09375,1.0352673492605233,0.9924337957124842,1.0796812749003983,-0.09375,0.11181702668360864,,
2025,2715,-0.002470007057163,0.0046829971181556,0.0017674089784376,-0.0213313718278779,-0.002470007057163,0.0,1.1014150943396226,1.0062111801242235,1.0392670157068062,1.1016166281755195,-0.10141509433962265,0.17632241813602015,,
2025,2716,-0.0164062499999999,-0.0217391304347825,-0.0199081163859111,-0.0071599045346062,-0.0164062499999999,0.0,1.1047120418848169,1.058252427184466,1.0588235294117647,1.0749588138385502,-0.10471204188481675,0.06565656565656566,,
2025,2717,-0.0089649551752241,0.0017286084701815,0.0012239902080783,-0.0075917334458034,-0.0089649551752241,0.0,1.08,1.0406189555125724,1.066350710900474,1.0664697193500738,-0.08,0.02,,
2025,2718,-0.0139194139194138,0.0003713330857779,-0.0094339622641509,-0.0017482517482517,-0.0139194139194138,0.0,1.0956937799043063,0.9945750452079566,1.0686274509803921,1.006514657980456,-0.09569377990430622,0.05045871559633028,,
2025,2801,-0.0123873873873874,0.0022883295194509,0.0125427594070695,-0.0078350291093095,-0.0123873873873874,0.0,1.1703703703703703,1.0920245398773005,1.1076923076923078,1.0795425006498571,-0.17037037037037037,0.09722222222222222,,
2025,2802,-0.0051768766177739,0.0076404494382023,0.0012958963282936,-0.0088524590163934,-0.0051768766177739,0.0,1.1012145748987854,1.1386861313868613,1.1350210970464134,1.0960591133004927,-0.10121457489878542,0.011152416356877323,,
2025,2803,-0.0145202020202019,-0.0038436899423446,-0.0124688279301745,-0.0049833887043189,-0.0145202020202019,0.0,1.0836820083682008,1.0061349693251533,1.0973451327433628,1.1075949367088607,-0.08368200836820083,0.04435483870967742,,
2025,2804,0.0003406458645591,0.005406195207481,0.0064454196379593,-0.0202540336422931,0.0,0.0003406458645591,1.1375126390293226,1.0729431721798135,1.0943494038361845,1.1481481481481481,-0.13751263902932254,0.06584557081951682,,
2025,2805,-0.0071887034659819,-0.0038570326562098,-0.0081487140310669,-0.0098968497351547,-0.0071887034659819,0.0,1.1753371868978806,1.0700934579439252,1.09765625,1.233160621761658,-0.17533718689788053,0.08540925266903915,,
2025,2806,0.0052666227781434,-0.0115254237288136,0.0126666666666666,-0.0073717039977317,0.0,0.0052666227781434,1.103658536585366,1.0458715596330275,1.0613496932515338,1.155844155844156,-0.10365853658536585,0.046242774566473986,,
2025,2807,-0.0012202562538132,-0.0015959144589849,-0.0057628146800121,-0.0030649959433877,-0.0012202562538132,0.0,1.0675944333996024,1.0382916053019147,1.088659793814433,1.1068548387096775,-0.06759443339960239,0.017045454545454544,,
2025,2808,-0.0149913983779798,0.0010085728693898,-0.0058636696799413,-0.0047513462147608,-0.0149913983779798,0.0,1.0728744939271255,1.0170394036208732,1.0351826792963463,1.1702586206896552,-0.0728744939271255,0.0392156862745098,,
2025,2809,-0.0060120240480961,-0.0207202762703502,-0.0152935372471633,-0.0017378459399574,-0.0060120240480961,0.0,1.084375,1.0574412532637076,1.1103896103896105,1.0528742699047033,-0.084375,0.014619883040935672,,
2025,2810,0.0031645569620253,0.0218878248974008,0.0102301790281329,0.0005688282138793,0.0,0.0031645569620253,1.180722891566265,1.1822916666666667,1.15527950310559,1.0775681341719077,-0.18072289156626506,0.053763440860215055,,
2025,2811,0.004088785046729,0.0091743119266054,0.0061710255656772,-0.0072072072072072,0.0,0.004088785046729,1.1924290220820188,1.0809628008752736,1.167763157894737,1.050387596899225,-0.19242902208201892,0.0647887323943662,,
2025,2812,-0.0144927536231883,-0.0212765957446808,0.0020746887966804,-0.0031476235442241,-0.0144927536231883,0.0,1.1418918918918919,1.0364583333333333,1.0616438356164384,1.3297101449275361,-0.14189189189189189,0.09032258064516129,,
2025,2813,-0.006547300908605,0.0027812543457099,-0.0053163211057948,-0.0094637223974763,-0.006547300908605,0.0,1.0615796519410978,1.0307692307692307,1.0514603616133518,1.0966057441253263,-0.06157965194109773,0.04894179894179894,,
2025,2814,-0.0059055118110236,-0.0045569620253164,0.0039525691699604,-0.0186539868324798,-0.0059055118110236,0.0,1.1208333333333333,1.0550161812297734,1.0590717299578059,1.2536382536382535,-0.12083333333333333,0.07171314741035857,,
2025,2815,-0.0014546724077737,0.0051989849600793,0.0047942001870906,-0.0059360730593607,-0.0014546724077737,0.0,1.083918315252074,1.0454426057262938,1.058612829697167,1.1005747126436782,-0.08391831525207402,0.04490925868963396,,
2025,2816,0.0109503324208055,-0.0012300123001229,0.0102726195179769,0.0078508341511285,0.0,0.0109503324208055,1.132867132867133,1.024390243902439,1.12,1.0380952380952382,-0.13286713286713286,0.05194805194805195,,
2025,2817,0.0010319917440659,0.0041121495327103,0.0341515474919957,-0.005552470849528,0.0,0.0010319917440659,1.0796812749003983,1.0411392405063291,1.073558648111332,1.0429864253393666,-0.0796812749003984,0.003703703703703704,,
2025,2818,-0.0144927536231883,-0.0022522522522522,0.0056053811659193,-0.0128068303094983,-0.0144927536231883,0.0,1.089655172413793,1.0476190476190477,1.0638297872340425,1.0747028862478778,-0.0896551724137931,0.05333333333333334,,
2025,2819,0.0008639308855291,0.0046576618537494,0.0039028620988725,-0.0012202562538132,0.0,0.0008639308855291,1.0664893617021276,1.0222634508348794,1.0341207349081365,1.0675944333996024,-0.06648936170212766,0.017766497461928935,,
2025,3201,-0.0004798464491362,-0.0128015755785327,0.0014416146083613,-0.0021398002853066,-0.0004798464491362,0.0,1.1424242424242423,1.0743099787685775,1.0845481049562682,1.094062708472315,-0.14242424242424243,0.013440860215053764,,
2025,3202,-0.0042126130591004,0.0029785029785029,-0.001608114794656,-0.0026016260162601,-0.0042126130591004,0.0,1.0311764705882354,0.9698354661791591,1.0199771689497716,1.2030456852791878,-0.031176470588235295,-0.019026301063234472,,
2025,3203,-0.0032825322391558,0.0075757575757575,0.003293342742884,-0.0019167579408543,-0.0032825322391558,0.0,1.0159744408945688,0.9739952718676123,0.9873417721518988,1.0508130081300813,-0.01597444089456869,0.019230769230769232,,
2025,3204,-0.0002972651605231,-0.0003110419906687,-0.0050280981958,-0.0051768766177739,-0.0002972651605231,0.0,1.1223021582733812,1.0714285714285714,1.1157407407407407,1.1012145748987854,-0.1223021582733813,-0.029045643153526972,,
2025,3205,-0.0074373140671483,0.0099166103222898,-0.0063344594594594,-0.0085357846355876,-0.0074373140671483,0.0,1.026338147833475,1.0,1.0569727891156462,1.1363636363636365,-0.026338147833474938,-0.02815768302493966,,
2025,3206,0.0030165912518853,-0.001569448077426,0.0015105740181269,-0.0085207100591715,0.0,0.0030165912518853,1.053030303030303,0.9968652037617555,1.0404040404040404,1.0623916811091854,-0.05303030303030303,-0.036061026352288486,,
2025,3207,-0.0003445899379738,-0.0039725532683279,-0.0058239122987324,-0.0015898251192368,-0.0003445899379738,0.0,1.0609271523178807,0.9947423764458465,1.0790190735694822,1.091503267973856,-0.060927152317880796,0.011363636363636364,,
2025,3208,-0.0059523809523809,-0.0050600885515496,-0.0187519213034121,-0.0041436605753945,-0.0059523809523809,0.0,1.0136054421768708,0.98193315266486,1.0100558659217878,1.0896701441235,-0.013605442176870748,-0.011061946902654867,,
2025,3209,-0.0231075697211154,-0.0039904229848364,-0.0110323089046493,-0.0004203446826397,-0.0231075697211154,0.0,1.0943396226415094,1.072538860103627,1.0978593272171253,1.224,-0.09433962264150944,-0.03064066852367688,,
2025,3210,-0.0111353711790392,0.0041369800045967,-0.0039147455415398,-0.0127540852929454,-0.0111353711790392,0.0,1.07125,1.0094438614900314,1.0606435643564356,1.0948616600790513,-0.07125,0.0,,
2025,3211,-0.0088524590163934,0.0131949331456719,0.0006561679790026,-0.010545905707196,-0.0088524590163934,0.0,1.0960591133004927,1.0087542087542087,1.0177993527508091,1.1226027397260274,-0.0960591133004926,0.06120826709062003,,
2025,3212,-0.013909224011713,0.0040383644623926,0.0009770395701025,-0.0335135135135135,-0.013909224011713,0.0,0.9873772791023843,0.9892021595680864,1.0260196905766525,1.1151079136690647,0.012622720897615708,-0.03495544893762851,,
2025,3213,-0.0071599045346062,-0.0062592047128129,-0.0089155749636099,-0.01504,-0.0071599045346062,0.0,1.0749588138385502,1.034134007585335,1.05735056542811,1.0692167577413478,-0.07495881383855024,-0.0030557677616501145,,
2025,3214,-0.0078299776286353,-0.0078475336322869,0.0011198208286673,-0.0081477457903313,-0.0078299776286353,0.0,1.0135396518375241,0.9788519637462235,1.054003724394786,1.1330645161290323,-0.013539651837524178,-0.07420494699646643,,
2025,3215,0.0002994908655284,0.0115774240231547,0.0049661399548532,0.0011220825852782,0.0,0.0002994908655284,1.0391534391534392,0.9954973393368809,1.0142480211081795,1.1070535267633816,-0.039153439153439155,0.021852237252861603,,
2025,3216,-0.0032805429864253,0.0074802661486961,0.0060316376465232,0.0003502626970228,-0.0032805429864253,0.0,1.0730238393977416,1.0032064128256513,1.0466836734693878,1.2518518518518518,-0.07302383939774153,0.04216427004630758,,
2025,3217,-0.008262328943971,-0.0060240963855421,-0.0152555301296719,0.0040554241297736,-0.008262328943971,0.0,1.0456651224354732,0.9882413087934561,1.0159846547314577,1.051440329218107,-0.045665122435473195,-0.005663939584644431,,
2025,3218,-0.0030735185640521,0.0041994750656169,-0.0051369863013698,-0.0144927536231883,-0.0030735185640521,0.0,1.0237388724035608,0.9713457823567289,1.0132547864506627,1.089655172413793,-0.02373887240356083,0.0029069767441860465,,
2025,3219,0.0013605442176871,0.0031126202603282,-0.0097008892481811,-0.0071132187314759,0.0,0.0013605442176871,1.0693548387096774,1.0074906367041199,1.078740157480315,1.104602510460251,-0.06935483870967742,-0.032116788321167884,,
2025,3220,0.0006396588486141,-0.0019637791839406,-0.0010649627263046,-0.0052573121066271,0.0,0.0006396588486141,1.0210526315789474,0.9895833333333334,1.0042342978122794,1.040796963946869,-0.021052631578947368,0.022487702037947997,,
2025,3221,-0.0040036957191254,-0.0028726460261729,-0.0033763044812769,0.0083004772774435,-0.0040036957191254,0.0,1.0366847826086956,1.018888888888889,1.0370860927152319,1.1697080291970803,-0.036684782608695655,-0.02554278416347382,,
2025,3222,-0.0040011431837667,0.0021148036253777,-0.0025655644241733,-0.0017894422904861,-0.0040011431837667,0.0,1.0415078356628547,1.0075431034482758,1.0144628099173554,1.095959595959596,-0.04150783566285472,0.001629327902240326,,
2025,4401,-0.0122783083219645,-0.0130404941660947,0.0013661202185792,0.0,-0.0122783083219645,0.0,1.0566037735849056,0.9576547231270358,1.058139534883721,1.0460921843687374,-0.05660377358490566,0.02564102564102564,,
2025,4402,-0.0127137220517317,0.0,-0.0073977371627502,-0.0008442889880593,-0.0127137220517317,0.0,1.029126213592233,1.0063157894736843,1.0443349753694582,1.1097852028639619,-0.02912621359223301,0.0,,
2025,4403,-0.0083457526080477,-0.0071090047393365,-0.0017851829812556,-0.013909224011713,-0.0083457526080477,0.0,1.0552291421856639,1.0725274725274725,1.028301886792453,0.9873772791023843,-0.055229142185663924,0.02981651376146789,,
2025,4404,-0.016163035839775,-0.0129506475323766,-0.0097425191370911,-0.0059171597633136,-0.016163035839775,0.0,1.1235632183908046,1.060674157303371,1.0389972144846797,1.125,-0.1235632183908046,0.04825737265415549,,
2025,4405,-0.0004954582989264,0.0052649456521738,0.0016542597187758,-0.0005217391304347,-0.0004954582989264,0.0,1.0465465465465464,0.9880382775119617,1.0104790419161678,1.1030383091149274,-0.046546546546546545,0.03259259259259259,,
2025,4406,-0.0031347962382445,-0.0124740124740124,-0.0062305295950155,-0.0072259962788282,-0.0031347962382445,0.0,1.205128205128205,1.1993127147766323,1.248945147679325,1.1400304414003044,-0.20512820512820512,-0.0472972972972973,,
2025,4407,-0.0138102784695495,0.0007030700726504,-0.0049560711872043,-0.0100730294636112,-0.0138102784695495,0.0,1.076607387140903,1.0132304299889747,1.0349462365591398,1.1408450704225352,-0.07660738714090287,0.02207792207792208,,
2025,4408,-0.0128068303094983,-0.0031864046733934,-0.0183342063907805,-0.0002972651605231,-0.0128068303094983,0.0,1.0747028862478778,1.0225988700564972,1.0159857904085257,1.1223021582733812,-0.07470288624787776,0.10664335664335664,,
2025,4409,0.0003016136329361,0.0070864873570624,0.0042404967439042,-0.0055350553505535,0.0,0.0003016136329361,1.0759837177747626,1.0292792792792793,1.0689170182841068,1.0947368421052632,-0.07598371777476255,0.04342105263157895,,
2025,4410,-0.0034349128060595,0.0075841657417683,0.0010580144595309,-0.0089454931392616,-0.0034349128060595,0.0,1.0351250665247471,1.0031305903398926,1.0132978723404256,1.0869819030939871,-0.03512506652474721,0.02099737532808399,,
2025,4411,-0.0083107497741644,-0.0004650730164635,-0.0071748878923766,-0.0206270627062706,-0.0083107497741644,0.0,1.0444874274661509,1.0365699873896594,1.0449775112443778,1.12,-0.04448742746615087,0.03299856527977044,,
2025,4412,-0.0052573121066271,0.0020371386037765,0.0060339690107269,-0.0148845686512758,-0.0052573121066271,0.0,1.040796963946869,1.0276479750778815,1.0278551532033426,1.0826086956521739,-0.04079696394686907,-0.009033423667570008,,
2025,4413,0.0005688282138793,0.0079219987812308,0.001138952164009,-0.0034349128060595,0.0,0.0005688282138793,1.0775681341719077,1.0248033877797944,1.0543401552575864,1.0351250665247471,-0.07756813417190776,0.0321285140562249,,
2025,4414,-0.0071827613727054,-0.0045008183306055,0.0048115477145147,-0.0041966426858512,-0.0071827613727054,0.0,1.0484429065743945,1.0654911838790933,1.0338983050847457,1.0901639344262295,-0.04844290657439446,-0.006557377049180328,,
2025,4415,-0.001953125,-0.0060120240480961,-0.0083925112976113,-0.0003445899379738,-0.001953125,0.0,1.043956043956044,1.0386363636363636,1.0207253886010363,1.0609271523178807,-0.04395604395604396,-0.03553299492385787,,
2025,4416,0.0,-0.0065843621399176,-0.0019762845849802,-0.0044629574531389,0.0,0.0,1.0460921843687374,1.0488656195462478,1.0117878192534382,1.18359375,-0.04609218436873747,0.013592233009708738,,
2025,4417,-0.0068226120857699,-0.0096105209914011,-0.0106075216972034,-0.0053908355795148,-0.0068226120857699,0.0,1.0531400966183575,1.0059171597633136,1.0211267605633803,1.087799315849487,-0.05314009661835749,0.0022988505747126436,,
2025,4418,-0.0116929334011184,0.0032119914346895,0.0,-0.0061438380917961,-0.0116929334011184,0.0,1.0160919540229885,1.0354166666666667,1.0403800475059382,1.0537124802527646,-0.016091954022988506,0.0091324200913242,,
2025,4419,-0.0019142419601837,-0.0007889546351085,-0.0022918258212375,0.0005971337579617,-0.0019142419601837,0.0,1.0637119113573408,1.039906103286385,1.0581717451523547,1.0898550724637681,-0.06371191135734072,0.005235602094240838,,
2025,4420,-0.0213313718278779,-0.0055309734513274,-0.0029336266960029,-0.0170042510627657,-0.0213313718278779,0.0,1.1016166281755195,1.0330882352941178,1.016548463356974,1.0794016110471807,-0.10161662817551963,0.10930232558139535,,
2025,4421,-0.005552470849528,-0.0185893931109896,-0.0038716814159291,0.0074136835416225,-0.005552470849528,0.0,1.0429864253393666,1.0202839756592292,1.038812785388128,1.062728497209929,-0.042986425339366516,0.013186813186813187,,
2025,4422,-0.0023319082782743,-0.0052525252525252,-0.0100038476337053,0.0011884183232497,-0.0023319082782743,0.0,1.066006600660066,0.9975186104218362,1.0359477124183007,1.2177985948477752,-0.066006600660066,0.01892744479495268,,
2025,4423,-0.0017378459399574,0.0095130980833215,0.0020897731725368,-0.0008539709649871,-0.0017378459399574,0.0,1.0528742699047033,0.9889814565976888,1.0335949764521193,1.0864197530864197,-0.05287426990470335,0.04040097205346294,,
2025,4424,-0.0103780578206078,-0.0094679038060973,0.0031604387432608,-0.0145202020202019,-0.0103780578206078,0.0,1.0260631001371743,1.003003003003003,1.034965034965035,1.0836820083682008,-0.02606310013717421,0.010810810810810811,,
2025,4425,-0.0019354838709677,0.0004982561036372,-0.0078412546007361,-0.0233508464681844,-0.0019354838709677,0.0,1.0547184773988898,1.0134443021766966,1.0510774142059058,1.1306990881458967,-0.05471847739888977,0.009870918754745633,,
2025,4426,0.000648088139987,0.0052390307793057,-0.0032299741602067,-0.0024900398406374,0.0,0.000648088139987,1.080267558528428,1.0222841225626742,1.0466666666666666,1.2268370607028753,-0.0802675585284281,0.028662420382165606,,
2025,4427,-0.0038461538461538,-0.013548951048951,0.0008554319931566,0.0061525840853158,-0.0038461538461538,0.0,1.092760180995475,1.0315985130111525,1.082004555808656,1.1223628691983123,-0.09276018099547512,0.016842105263157894,,
2025,5201,-0.0064910271095838,0.0028877887788778,-0.0034246575342465,-0.0021870671429612,-0.0064910271095838,0.0,1.1529850746268657,1.1325301204819278,1.0895522388059702,1.1015544041450778,-0.15298507462686567,0.05821917808219178,,
2025,5202,0.003466366872775,0.0152079453755431,0.0117535545023697,-0.0111353711790392,0.0,0.003466366872775,1.0984555984555984,1.055879494655005,1.0610539845758356,1.07125,-0.09845559845559845,0.03391883706844337,,
2025,5203,-0.0004068348250609,0.0048235036176276,0.0082034454470878,0.0003016136329361,-0.0004068348250609,0.0,1.3777777777777778,1.324468085106383,1.3180778032036613,1.0759837177747626,-0.37777777777777777,0.0763888888888889,,
2025,5204,0.0078508341511285,-0.0125786163522012,0.017982017982018,0.0052666227781434,0.0,0.0078508341511285,1.0380952380952382,1.0564516129032258,1.0421052631578946,1.103658536585366,-0.0380952380952381,0.10101010101010101,,
2025,5205,-0.0047656870532168,0.0144346431435444,-0.0352490421455938,-0.0131571703826038,-0.0047656870532168,0.0,1.1524390243902438,1.0784313725490196,1.0710059171597632,1.0905096660808435,-0.1524390243902439,0.04419889502762431,,
2025,5206,-0.0084148727984344,-0.000621632822213,0.000391542678152,-0.0024807740014884,-0.0084148727984344,0.0,1.1428571428571428,1.0918032786885246,1.076,1.0897155361050328,-0.14285714285714285,0.08550185873605948,,
2025,5207,0.0003507541213609,0.0059325176121616,0.0070646414694455,-0.0078299776286353,0.0,0.0003507541213609,1.2249322493224932,1.1691331923890063,1.2044817927170868,1.0135396518375241,-0.22493224932249323,0.05116279069767442,,
2025,5208,0.0094890510948906,-0.0095729013254786,-0.0058055152394774,-0.0032825322391558,0.0,0.0094890510948906,1.1047120418848169,1.078740157480315,1.0303030303030303,1.0159744408945688,-0.10471204188481675,0.03431372549019608,,
2025,5209,0.0024077046548955,0.0119965724078834,0.0113636363636364,-0.0011464603038119,0.0,0.0024077046548955,1.0809523809523809,1.0867768595041323,1.1243781094527363,1.0958268933539412,-0.08095238095238096,0.004424778761061947,,
2025,5210,0.0083004772774435,0.005461993627674,0.0087921289512247,-0.016163035839775,0.0,0.0083004772774435,1.1697080291970803,1.091970802919708,1.1076923076923078,1.1235632183908046,-0.16970802919708028,0.11284722222222222,,
2025,5211,0.0034270047978066,0.0041605482134117,0.0064382616693492,0.0061664953751283,0.0,0.0034270047978066,1.1314031180400892,1.0925196850393701,1.0492957746478873,1.1126760563380282,-0.13140311804008908,0.13646532438478748,,
2025,5212,-0.0021398002853066,-0.0040958173017252,0.001309367932389,0.0019280205655527,-0.0021398002853066,0.0,1.094062708472315,1.0665212649945475,1.0815068493150686,1.0666666666666667,-0.09406270847231488,0.038632045598480054,,
2025,5213,0.0088449531737773,0.0100632547441057,0.016931216931217,-0.0056768558951965,0.0,0.0088449531737773,1.2178217821782178,1.1515957446808511,1.1888111888111887,1.0924242424242425,-0.21782178217821782,0.08529411764705883,,
2025,5214,0.0003502626970228,0.031363088057901,0.0152916073968705,0.0009910802775023,0.0,0.0003502626970228,1.2518518518518518,1.2412698412698413,1.253787878787879,1.1211267605633803,-0.2518518518518518,0.021148036253776436,,
2025,5215,-0.003063725490196,-0.0074487895716945,-0.0138972809667673,0.0012513034410843,-0.003063725490196,0.0,1.1515151515151516,1.1440677966101696,0.9950248756218906,1.2163934426229508,-0.15151515151515152,0.14,,
2025,5216,-0.005372245816545,0.0176902402824019,0.0010901558922926,-0.0073133179368745,-0.005372245816545,0.0,1.1386356491669287,1.086629944917376,1.0785984848484849,1.0677083333333333,-0.13863564916692864,0.05999414691249634,,
2025,5217,-0.0100913022585295,0.0117773019271949,-0.0043062200956938,-0.0113597246127367,-0.0100913022585295,0.0,1.2227272727272727,1.1433333333333333,1.1409691629955947,1.0814814814814815,-0.22272727272727272,0.03861003861003861,,
2025,5218,0.0045620437956204,-0.0081967213114754,0.0045829514207149,-0.0056265984654731,0.0,0.0045620437956204,1.1301775147928994,1.1298076923076923,1.0731707317073171,1.0976744186046512,-0.1301775147928994,0.08522727272727272,,
2025,5219,-0.0098968497351547,0.0085003035822708,0.0009766987581973,0.0098522167487684,-0.0098968497351547,0.0,1.233160621761658,1.1646825396825398,1.130050505050505,1.1758241758241759,-0.23316062176165803,0.06368715083798883,,
2025,5220,-0.0004203446826397,-0.0039473684210525,0.0016842105263157,-0.0156918687589158,-0.0004203446826397,0.0,1.224,1.1425531914893616,1.1675675675675676,1.1108374384236452,-0.224,0.0625,,
2025,5221,0.0098920863309353,0.0089285714285713,0.0127504553734061,-0.0038461538461538,0.0,0.0098920863309353,1.21656050955414,1.0964467005076142,1.10828025477707,1.092760180995475,-0.21656050955414013,0.09770114942528736,,
2025,5301,-0.0031476235442241,0.0090718771807396,0.0124282982791585,-0.0081967213114754,-0.0031476235442241,0.0,1.3297101449275361,1.2876712328767124,1.3011152416356877,1.0611916264090178,-0.32971014492753625,0.04857142857142857,,
2025,5302,0.0011884183232497,-0.0010275145564562,0.0088283378746594,0.0039895446416289,0.0,0.0011884183232497,1.2177985948477752,1.1151213441194774,1.1562021439509953,1.1736526946107784,-0.21779859484777517,0.033112582781456956,,
2025,5303,0.0019280205655527,0.0006443298969072,-0.0006422607578676,0.0036472859901308,0.0,0.0019280205655527,1.0666666666666667,1.0178571428571428,1.0288461538461537,1.165924276169265,-0.06666666666666667,-0.003115264797507788,,
2025,5304,0.0036870135190496,0.0087834870443566,0.0090946672178586,0.0003406458645591,0.0,0.0036870135190496,1.1442307692307692,1.0759493670886076,1.1185897435897436,1.1375126390293226,-0.14423076923076922,0.022922636103151862,,
2025,5305,0.0084656084656085,-0.001085776330076,-0.0052631578947368,0.0083194675540765,0.0,0.0084656084656085,1.1,1.0477941176470589,1.0669456066945606,1.0909090909090908,-0.1,0.03529411764705882,,
2025,5306,-0.0100076982294072,0.0047281323877068,-0.0076394194041252,-0.0070528967254408,-0.0100076982294072,0.0,1.0861244019138756,1.0452830188679245,1.070754716981132,1.1968503937007875,-0.0861244019138756,0.0,,
2025,5307,0.0098522167487684,0.0072655217965653,0.0049504950495049,-0.010948905109489,0.0,0.0098522167487684,1.1758241758241759,1.0881057268722467,1.108695652173913,1.1569343065693432,-0.17582417582417584,0.049019607843137254,,
2025,5308,-0.0003297065611606,-0.0017618040873854,0.0123497997329773,-0.0109971764006538,-0.0003297065611606,0.0,1.2822822822822824,1.1707865168539326,1.238235294117647,1.106295149638803,-0.2822822822822823,0.014251781472684086,,
2025,5309,-0.0038803556992724,0.0051786639047126,0.0055275564948789,-0.0066471163245356,-0.0038803556992724,0.0,1.1195652173913044,1.0414141414141413,1.0853333333333333,1.1346830985915493,-0.11956521739130435,0.012285012285012284,,
2025,5310,-0.0003202049311559,-0.0099370652533952,0.0054732775273664,-0.0116929334011184,-0.0003202049311559,0.0,1.2046632124352332,1.0968379446640317,1.1359223300970873,1.0160919540229885,-0.20466321243523317,-0.00641025641025641,,
2025,5311,-0.0071132187314759,0.0032030749519538,0.0053635280095352,-0.0050403225806451,-0.0071132187314759,0.0,1.104602510460251,1.1044776119402986,1.1398305084745763,1.2635658914728682,-0.10460251046025104,-0.01858736059479554,,
2025,5312,0.0010405827263266,0.0029695619896066,0.0052301255230124,-0.0089235917456775,0.0,0.0010405827263266,1.0978260869565217,1.0505494505494506,1.077127659574468,1.1453287197231834,-0.09782608695652174,-0.0024691358024691358,,
2025,5313,-0.0021964612568639,-0.006733578960742,0.0053981106612686,-0.0048183095763902,-0.0021964612568639,0.0,1.1982942430703625,1.1147679324894515,1.138655462184874,1.1543307086614174,-0.19829424307036247,0.03690036900369004,,
2025,5314,0.0083194675540765,-0.0008628127696289,-0.0024896265560165,-0.001953125,0.0,0.0083194675540765,1.0909090909090908,1.066079295154185,1.0913705583756346,1.043956043956044,-0.09090909090909091,0.004651162790697674,,
2025,5315,-0.0017738359201774,0.0159876509179117,0.0136350014983517,-0.0003297065611606,-0.0017738359201774,0.0,1.1345614737685221,1.069927536231884,1.0795548227535037,1.2822822822822824,-0.13456147376852223,0.08171057655593739,,
2025,5316,0.0005971337579617,-0.0016899028305872,0.0090379594296043,-0.0074373140671483,0.0,0.0005971337579617,1.0898550724637681,1.0363849765258215,1.069767441860465,1.026338147833475,-0.08985507246376812,0.021739130434782608,,
2025,5317,-0.0026369168356997,0.0130674002751032,0.0232461602324616,-0.0034924330616996,-0.0026369168356997,0.0,1.167728237791932,1.104026845637584,1.141304347826087,1.0678513731825525,-0.16772823779193205,0.047619047619047616,,
2025,5318,0.0039895446416289,0.011237684729064,0.0132422637301365,-0.0059055118110236,0.0,0.0039895446416289,1.1736526946107784,1.0957810718358039,1.1617210682492582,1.1208333333333333,-0.17365269461077845,0.001277139208173691,,
2025,5319,-0.0008764241893076,0.0146572104018911,0.0088417329796639,-0.0154569892473118,-0.0008764241893076,0.0,1.1324786324786325,1.0954063604240283,1.0865800865800865,1.223529411764706,-0.13247863247863248,0.055776892430278883,,
2025,7501,0.0019295706705257,-0.0063467885250063,-0.003604902667628,-0.0029211295034079,0.0,0.0019295706705257,1.0745697896749522,1.021472392638037,1.0795228628230615,1.0729613733905579,-0.0745697896749522,0.034990791896869246,,
2025,7502,-0.0081218274111675,-0.0035505059470974,-0.005385392123864,-0.0074733459164413,-0.0081218274111675,0.0,1.1325051759834368,1.0608919382504287,1.1103825136612022,1.1320971447325239,-0.13250517598343686,0.07677165354330709,,
2025,7503,-0.0007857142857142,0.012722035525684,0.0110493247634866,0.0003507541213609,-0.0007857142857142,0.0,1.2180257510729613,1.1404199475065617,1.1984469370146678,1.2249322493224932,-0.21802575107296138,0.02159827213822894,,
2025,7504,-0.0224455611390285,-0.0077958894401134,0.0047122181083809,-0.007330497873405,-0.0224455611390285,0.0,1.1300639658848615,1.0696864111498259,1.1174004192872118,1.088162672476398,-0.1300639658848614,-0.005628517823639775,,
2025,7505,-0.0093436233642206,0.0230069399895025,0.0048500881834214,0.0037322717093803,-0.0093436233642206,0.0,1.136354056902002,1.041930515146329,1.123269316659223,2.0886699507389164,-0.1363540569020021,0.07196819085487077,,
2025,7506,-0.0069551777434312,0.0051444400474871,0.0003865481252416,-0.0103806228373702,-0.0069551777434312,0.0,1.1262135922330097,1.032994923857868,1.0490196078431373,1.2857142857142858,-0.1262135922330097,0.08411214953271028,,
2025,7507,-0.0024807740014884,0.0042316847394869,0.0022376926902039,0.0030165912518853,-0.0024807740014884,0.0,1.0897155361050328,1.024390243902439,1.0503282275711159,1.053030303030303,-0.08971553610503283,0.0375,,
2025,7508,-0.0016920473773265,-0.0190582959641255,0.0028280542986425,-0.0058710503842869,-0.0016920473773265,0.0,1.1114754098360655,1.0811594202898551,1.083916083916084,1.1298387096774194,-0.11147540983606558,0.0935483870967742,,
2025,7509,-0.006758742286218,0.0106283213504219,0.0020612485276796,-0.0066141101015499,-0.006758742286218,0.0,1.2808219178082192,1.1853932584269662,1.305084745762712,1.093859649122807,-0.2808219178082192,0.04081632653061224,,
2025,7510,0.0012513034410843,0.0115593834995466,0.0084121976866455,-0.0079681274900398,0.0,0.0012513034410843,1.2163934426229508,1.1440559440559441,1.1813725490196079,1.1183932346723044,-0.21639344262295082,0.02627939142461964,,
2025,7511,-0.00703125,-0.0198135198135198,-0.0165194006915098,-0.0008602150537634,-0.00703125,0.0,1.0997506234413965,1.0205338809034907,1.0934343434343434,1.091796875,-0.09975062344139651,0.018475750577367205,,
2025,7512,0.0012907768129546,0.0172684458398744,0.007566800662095,-0.0068226120857699,0.0,0.0012907768129546,1.2354285714285713,1.1739910313901345,1.2002314814814814,1.0531400966183575,-0.23542857142857143,0.04243008678881389,,
2025,7513,-0.0103806228373702,0.0323851203501093,0.0005770340450086,-0.0007857142857142,-0.0103806228373702,0.0,1.2857142857142858,1.1803713527851458,1.2638376383763839,1.2180257510729613,-0.2857142857142857,0.03795620437956204,,
2025,7514,-0.0202540336422931,0.0071455434373823,-0.0006861063464836,0.000648088139987,-0.0202540336422931,0.0,1.1481481481481481,1.0818330605564648,1.1791044776119404,1.080267558528428,-0.14814814814814814,0.009041591320072333,,
2025,7515,-0.009972299168975,0.0189274447949527,0.003893214682981,-0.0028954587016153,-0.009972299168975,0.0,1.2653721682847896,1.1863013698630136,1.3164983164983164,1.0535714285714286,-0.26537216828478966,0.0,,
2025,7516,-0.0007851347814707,0.0102593331433455,0.0103120042305657,-0.0079787234042553,-0.0007851347814707,0.0,1.2104454685099846,1.125456760048721,1.213938411669368,1.1464646464646464,-0.21044546850998463,0.0520694259012016,,
2025,7517,-0.0180936147895633,0.000675584380489,-0.0123025123025123,-0.0058122205663189,-0.0180936147895633,0.0,1.088235294117647,1.010502625656414,1.056949806949807,1.1401869158878504,-0.08823529411764706,0.08127853881278539,,
2025,7518,-0.005591054313099,-0.0062111801242236,-0.0043737574552683,-0.0007851347814707,-0.005591054313099,0.0,1.271137026239067,1.1339285714285714,1.2238372093023255,1.2104454685099846,-0.27113702623906705,0.035629453681710214,,
2025,7519,-0.0148845686512758,0.0015797788309637,-0.0015165301789505,-0.009988109393579,-0.0148845686512758,0.0,1.0826086956521739,0.9825783972125436,1.0555555555555556,1.1367521367521367,-0.08260869565217391,0.008097165991902834,,
2025,7520,-0.0048183095763902,-0.0045738045738045,0.0038291011688835,-0.0062794348508634,-0.0048183095763902,0.0,1.1543307086614174,1.028169014084507,1.105785123966942,1.0901442307692308,-0.15433070866141732,0.09566517189835576,,
2025,7521,-0.0072276716572018,-0.0026968716289104,0.0015511892450879,-0.0040011431837667,-0.0072276716572018,0.0,1.1428571428571428,1.097457627118644,1.1122994652406417,1.0415078356628547,-0.14285714285714285,0.038461538461538464,,
2025,7522,-0.0108331471967835,-0.0056432108718185,-0.0023398328690807,0.0034270047978066,-0.0108331471967835,0.0,1.0755597014925373,0.9962121212121212,1.067698259187621,1.1314031180400892,-0.07555970149253731,0.044384057971014496,,
2025,7523,-0.0005217391304347,-0.0016375545851528,-0.00208261020479,-0.0173141891891891,-0.0005217391304347,0.0,1.1030383091149274,1.037344398340249,1.1032171581769437,1.173913043478261,-0.10303830911492734,0.014580801944106925,,
2025,7524,-0.0111479761114797,-0.0056700318074954,-0.0009281357730045,0.0003478260869564,-0.0111479761114797,0.0,1.1277719112988385,1.0306211723534557,1.106359649122807,1.0844709897610922,-0.12777191129883844,0.05847373637264618,,
2025,7525,-0.010948905109489,0.0067834934991519,0.0005216484089722,-0.0030735185640521,-0.010948905109489,0.0,1.1569343065693432,1.0735694822888284,1.149812734082397,1.0237388724035608,-0.15693430656934307,0.03257328990228013,,
2025,7526,-0.0098173515981735,0.001970928800197,-0.000684462696783,0.0088449531737773,-0.0098173515981735,0.0,1.4333333333333333,1.3101604278074865,1.4,1.2178217821782178,-0.43333333333333335,0.04878048780487805,,
2025,7527,-0.0108633504859919,-0.0086058519793459,-0.011864406779661,-0.0083217753120665,-0.0108633504859919,0.0,1.1098039215686275,1.034375,1.0862745098039215,1.0930232558139534,-0.10980392156862745,0.021660649819494584,,
2025,7528,-0.0047513462147608,-0.0064829821717989,-0.0050425464859754,-0.0127137220517317,-0.0047513462147608,0.0,1.1702586206896552,1.1243611584327087,1.1531728665207877,1.029126213592233,-0.17025862068965517,0.030360531309297913,,
2025,7529,-0.0057445868316393,0.0154514727184935,0.0053309640159928,-0.0069551777434312,-0.0057445868316393,0.0,1.4170854271356783,1.308550185873606,1.325,1.1262135922330097,-0.41708542713567837,0.06415094339622641,,
2025,7530,-0.0038080731150038,-0.0101960784313726,-0.0045489006823351,-0.0023319082782743,-0.0038080731150038,0.0,1.2019704433497538,1.1223628691983123,1.1785714285714286,1.066006600660066,-0.2019704433497537,0.05627705627705628,,
2025,7531,0.000515729757607,-0.0113168724279835,-0.001544799176107,0.0063348416289592,0.0,0.000515729757607,1.0411522633744856,1.075,1.0772357723577235,1.1666666666666667,-0.0411522633744856,-0.045283018867924525,,
2025,7532,-0.0094637223974763,-0.0121608980355472,0.0022583559168924,-0.0108633504859919,-0.0094637223974763,0.0,1.0966057441253263,0.9979166666666667,1.0534351145038168,1.1098039215686275,-0.09660574412532637,0.014492753623188406,,
2025,7601,-0.001987413050679,0.0073529411764705,0.0053280053280053,-0.005372245816545,-0.001987413050679,0.0,1.378228782287823,1.2901134521880064,1.3833017077798861,1.1386356491669287,-0.37822878228782286,0.024691358024691357,,
2025,7602,-0.0109971764006538,0.0138956212635321,0.0052285628921422,-0.0021964612568639,-0.0109971764006538,0.0,1.106295149638803,1.040133779264214,1.0752797558494405,1.1982942430703625,-0.10629514963880289,0.014191106906338695,,
2025,7603,-0.0066471163245356,0.0045766590389015,-0.0087209302325581,-0.0059523809523809,-0.0066471163245356,0.0,1.1346830985915493,1.0365591397849463,1.0511744966442953,1.0136054421768708,-0.13468309859154928,0.028731045490822026,,
2025,7604,-0.009988109393579,-0.00634765625,-0.012447158290277,-0.0064910271095838,-0.009988109393579,0.0,1.1367521367521367,1.0627177700348431,1.0661157024793388,1.1529850746268657,-0.13675213675213677,0.031007751937984496,,
2025,7605,-0.0233508464681844,-0.000615763546798,-0.0034904013961605,-0.0102948652770716,-0.0233508464681844,0.0,1.1306990881458967,1.056689342403628,1.087463556851312,1.0903047091412743,-0.13069908814589665,-0.002680965147453083,,
2025,7606,-0.0147301969036525,0.0121470781352592,0.0006015942246955,-0.0081942336874051,-0.0147301969036525,0.0,1.1827411167512691,1.0952978056426332,1.1407142857142858,1.1612903225806452,-0.18274111675126903,0.021289918597370068,,
2025,7607,-0.0074906367041198,-0.0008528784648187,-0.0012468827930174,0.0045620437956204,-0.0074906367041198,0.0,1.119891008174387,1.0762331838565022,1.1147540983606556,1.1301775147928994,-0.11989100817438691,0.007352941176470588,,
2025,7608,-0.0127540852929454,-0.0032030749519538,0.0017967658215212,-0.0079794158638751,-0.0127540852929454,0.0,1.0948616600790513,1.0199134199134199,1.0568070519098922,1.0956096270827824,-0.09486166007905138,0.026876737720111215,,
2025,7609,-0.010178117048346,0.0032509752925877,-0.0144200626959247,-0.0077066791219057,-0.010178117048346,0.0,1.1598062953995156,1.1108545034642032,1.1712846347607053,1.0605612998522895,-0.15980629539951574,0.030107526881720432,,
2025,7610,-0.0077066791219057,-0.0062260536398467,-0.0076477404403244,-0.0083457526080477,-0.0077066791219057,0.0,1.0605612998522895,1.0175219023779725,1.047337278106509,1.0552291421856639,-0.060561299852289516,0.014124293785310734,,
2025,7611,-0.0008539709649871,-0.0154043645699615,-0.0029799914857385,0.0013140604467805,-0.0008539709649871,0.0,1.0864197530864197,1.0394736842105263,1.0515151515151515,1.0954063604240283,-0.08641975308641975,0.01440922190201729,,
2025,7612,-0.0011464603038119,0.0018154311649016,-0.0065489749430523,-0.0180936147895633,-0.0011464603038119,0.0,1.0958268933539412,1.020356234096692,1.025297619047619,1.088235294117647,-0.09582689335394126,0.02902757619738752,,
2025,7613,-0.0087374399301004,-0.0053643272239606,-0.0120845921450151,-0.0100913022585295,-0.0087374399301004,0.0,1.2236024844720497,1.1776649746192893,1.1840490797546013,1.2227272727272727,-0.2236024844720497,0.02072538860103627,,
2025,7614,-0.0054374691052891,0.0123839009287924,0.0019811788013868,-0.0085371481310567,-0.0054374691052891,0.0,1.1697247706422018,1.1137931034482758,1.0991735537190082,1.1059001512859303,-0.16972477064220184,-0.041353383458646614,,
2025,7615,-0.0122191564840362,0.0102915951972555,-0.0058777429467085,-0.0082578582844965,-0.0122191564840362,0.0,1.0996483001172332,1.0170616113744075,1.0205714285714285,1.036751630112626,-0.09964830011723329,0.05039193729003359,,
2025,7616,-0.0059952978056426,0.0169612251257622,0.0044871290246397,-0.0164062499999999,-0.0059952978056426,0.0,1.1436450839328538,1.069247655158651,1.0928381962864722,1.1047120418848169,-0.14364508393285372,0.052294792586054725,,
2025,7617,0.0036472859901308,0.0137583123136895,-0.009141156462585,-0.0081218274111675,0.0,0.0036472859901308,1.165924276169265,1.0788757932910245,1.139821029082774,1.1325051759834368,-0.16592427616926503,0.02747791952894995,,
2025,7618,-0.0127394289844596,0.0126079618782883,-0.002253673487785,-0.0071887034659819,-0.0127394289844596,0.0,1.1349003576903423,1.0943856794141578,1.1232394366197183,1.1753371868978806,-0.13490035769034237,-0.005373936408419167,,
2025,7619,-0.0154569892473118,-0.0028050490883591,-0.0073382254836558,-0.001987413050679,-0.0154569892473118,0.0,1.223529411764706,1.1923076923076923,1.177142857142857,1.378228782287823,-0.2235294117647059,0.009708737864077669,,
2025,7620,-0.0105597349713575,0.0040607610166942,-0.0050813705967177,0.0031645569620253,-0.0105597349713575,0.0,1.2350746268656716,1.1468531468531469,1.1899592944369064,1.180722891566265,-0.23507462686567165,0.0379133409350057,,
2025,7621,-0.0004367765887748,0.0004460303300624,-0.0062934027777777,0.0012907768129546,-0.0004367765887748,0.0,1.1179775280898876,1.132387706855792,1.0737704918032787,1.2354285714285713,-0.11797752808988764,0.01272264631043257,,
2025,7622,-0.01504,0.0064977257959715,-0.0073062261753493,-0.0038080731150038,-0.01504,0.0,1.0692167577413478,1.0148809523809523,1.0241796200345423,1.2019704433497538,-0.0692167577413479,-0.01011804384485666,,
2025,7623,-0.0081942336874051,0.0052100293064147,0.0116671783850168,-0.0060120240480961,-0.0081942336874051,0.0,1.1612903225806452,1.0742296918767507,1.1146025878003696,1.084375,-0.16129032258064516,0.014925373134328358,,
2025,7624,-0.0058122205663189,-0.0045885591924136,0.0004472938720738,-0.0147301969036525,-0.0058122205663189,0.0,1.1401869158878504,1.100486223662885,1.0934010152284264,1.1827411167512691,-0.14018691588785046,0.019498607242339833,,
2025,7625,-0.0074733459164413,0.0136529296327445,0.001942243802709,-0.0139194139194138,-0.0074733459164413,0.0,1.1320971447325239,1.0570279928528887,1.0501514641534837,1.0956937799043063,-0.1320971447325238,0.10560897435897436,,
2025,8401,-0.0030649959433877,0.0125407326947764,0.0081795873852585,-0.0040036957191254,-0.0030649959433877,0.0,1.1068548387096775,1.0424028268551238,1.0826446280991735,1.0366847826086956,-0.10685483870967742,0.04770992366412214,,
2025,8402,-0.0024900398406374,-0.0053662463107057,0.006012024048096,-0.0038771249627199,-0.0024900398406374,0.0,1.2268370607028753,1.2,1.1839258114374034,1.1083333333333334,-0.2268370607028754,0.0026109660574412533,,
2025,8403,-0.0173141891891891,-0.015040825096691,-0.0075440067057837,-0.0059952978056426,-0.0173141891891891,0.0,1.173913043478261,1.0158730158730158,1.053191489361702,1.1436450839328538,-0.17391304347826086,0.09090909090909091,,
2025,8404,-0.0049833887043189,0.0263852242744062,-0.0082372322899505,-0.0039682539682539,-0.0049833887043189,0.0,1.1075949367088607,1.0418848167539267,1.12,1.0489795918367346,-0.10759493670886076,0.041666666666666664,,
2025,8405,-0.0062794348508634,0.0120518688024409,0.0005711837783806,-0.002470007057163,-0.0062794348508634,0.0,1.0901442307692308,1.0646817248459959,1.0570749108204518,1.1014150943396226,-0.09014423076923077,0.020247469066366704,,
2025,8406,-0.0028954587016153,0.0265984654731457,0.0055163959546429,-0.0074906367041198,-0.0028954587016153,0.0,1.0535714285714286,1.0253164556962024,1.0289351851851851,1.119891008174387,-0.05357142857142857,-0.0044994375703037125,,
2025,8407,-0.0008442889880593,0.0074822788133368,0.0071671525753158,-0.0059952038369304,-0.0008442889880593,0.0,1.1097852028639619,1.0331658291457286,1.057108140947752,1.093484419263456,-0.10978520286396182,0.06896551724137931,,
2025,8408,-0.0089454931392616,0.0049500933214314,0.0014424536896446,-0.0179399938137951,-0.0089454931392616,0.0,1.0869819030939871,1.03870343492985,1.0519859813084111,1.09375,-0.08698190309398715,0.03387007218212104,,
2025,8409,-0.0131571703826038,0.0030461520777056,-0.0031827909784338,-0.0127394289844596,-0.0131571703826038,0.0,1.0905096660808435,1.0314761215629522,1.06216457960644,1.1349003576903423,-0.09050966608084358,0.045052631578947365,,
2025,8410,-0.0017482517482517,0.0023084025854109,-0.0065132435953104,-0.0103780578206078,-0.0017482517482517,0.0,1.006514657980456,0.9715762273901809,1.0132890365448506,1.0260631001371743,-0.006514657980456026,0.013114754098360656,,
2025,8411,-0.0041966426858512,0.0049566294919454,-0.0017953321364452,-0.0027739251040221,-0.0041966426858512,0.0,1.0901639344262295,0.9540816326530612,1.0378787878787878,1.0818713450292399,-0.09016393442622951,-0.029197080291970802,,
2025,8412,-0.0035516969218626,0.015015015015015,0.0,-0.0013146362839614,-0.0035516969218626,0.0,1.131687242798354,1.0635451505016722,1.1125541125541125,1.1121951219512196,-0.13168724279835392,0.07003891050583658,,
2025,8413,0.0040554241297736,0.0121464829586657,0.0032208848957451,-0.009972299168975,0.0,0.0040554241297736,1.051440329218107,0.926829268292683,1.0464135021097047,1.2653721682847896,-0.051440329218107,0.03024193548387097,,
2025,8414,0.0009910802775023,0.0055536272127734,0.0069860279441118,-0.0057445868316393,0.0,0.0009910802775023,1.1211267605633803,1.0817757009345794,1.0657142857142856,1.4170854271356783,-0.12112676056338029,0.06702412868632708,,
2025,8415,-0.0100730294636112,0.0031612223393044,0.0071011919857975,-0.003063725490196,-0.0100730294636112,0.0,1.1408450704225352,1.0623853211009173,1.129511677282378,1.1515151515151516,-0.14084507042253522,0.06578947368421052,,
2025,8416,-0.0102948652770716,0.0078644067796609,-0.0016495368608044,0.0098920863309353,-0.0102948652770716,0.0,1.0903047091412743,1.0405105438401776,1.0952380952380953,1.21656050955414,-0.09030470914127424,0.06956521739130435,,
2025,8417,-0.0059144676979071,0.0041899441340782,-0.007226738934056,-0.00703125,-0.0059144676979071,0.0,1.06158357771261,1.0505050505050506,1.0495626822157433,1.0997506234413965,-0.06158357771260997,0.005555555555555556,,
2025,8418,-0.0017894422904861,0.0038180082723513,0.0132970686007858,-0.019009900990099,-0.0017894422904861,0.0,1.095959595959596,1.0074349442379182,1.1122994652406417,1.0769230769230769,-0.09595959595959595,0.04326923076923077,,
2025,8419,-0.0038771249627199,-0.007640586797066,0.0041928721174004,-0.0087374399301004,-0.0038771249627199,0.0,1.1083333333333334,1.0674157303370786,1.0683060109289617,1.2236024844720497,-0.10833333333333334,0.020460358056265986,,
2025,8420,0.0061525840853158,0.0,-0.0008196721311475,0.000515729757607,0.0,0.0061525840853158,1.1223628691983123,1.113879003558719,1.0833333333333333,1.0411522633744856,-0.12236286919831224,0.023076923076923078,,
2025,8421,-0.0079794158638751,0.0176101054913049,0.0031804074608978,0.0008639308855291,-0.0079794158638751,0.0,1.0956096270827824,1.0306585500830105,1.05349739200214,1.0664893617021276,-0.09560962708278234,0.05179636917608226,,
2025,8422,-0.0079681274900398,0.0103678929765886,0.0015346838551257,-0.0034740780331373,-0.0079681274900398,0.0,1.1183932346723044,1.06368330464716,1.0724637681159421,1.0969479353680431,-0.11839323467230443,0.021235521235521235,,
2025,8423,-0.019009900990099,-0.0039698292973402,-0.0144418423106947,0.0013605442176871,-0.019009900990099,0.0,1.0769230769230769,1.0449826989619377,1.0575396825396826,1.0693548387096774,-0.07692307692307693,0.024390243902439025,,
2025,8424,-0.0059360730593607,0.0,-0.0022779043280182,-0.0084566596194503,-0.0059360730593607,0.0,1.1005747126436782,1.0221729490022173,1.0650887573964498,1.1032745591939546,-0.10057471264367816,0.06388888888888888,,
2025,8425,-0.0081477457903313,0.0101465614430664,-0.008081896551724,-0.0077325201481158,-0.0081477457903313,0.0,1.1330645161290323,1.0874524714828897,1.0672268907563025,1.1956521739130435,-0.13306451612903225,0.1062992125984252,,
2025,8426,-0.0019167579408543,-0.0066053991958644,0.0088397790055247,-0.010178117048346,-0.0019167579408543,0.0,1.0508130081300813,1.0291595197255574,1.053191489361702,1.1598062953995156,-0.0508130081300813,0.044444444444444446,,
2025,8427,-0.0156918687589158,0.0102311481621826,-0.0056737588652482,-0.0100076982294072,-0.0156918687589158,0.0,1.1108374384236452,1.0614754098360655,1.099756690997567,1.0861244019138756,-0.11083743842364532,-0.0022123893805309734,,
2025,8428,-0.0066141101015499,0.0016309743298823,0.0040920372979136,0.0036870135190496,-0.0066141101015499,0.0,1.093859649122807,1.0523479599692072,1.0554561717352415,1.1442307692307692,-0.09385964912280702,0.05677966101694915,,
2025,8429,0.0061664953751283,0.0,-0.002051282051282,-0.0028248587570621,0.0,0.0061664953751283,1.1126760563380282,1.1176470588235294,1.125,1.1294642857142858,-0.11267605633802817,-0.024691358024691357,,
2025,8430,-0.0027739251040221,0.001448225923244,-0.007570543702684,-0.0004567252797442,-0.0027739251040221,0.0,1.0818713450292399,1.0502283105022832,1.0718562874251496,1.1611721611721613,-0.08187134502923976,0.0335195530726257,,
2025,8431,-0.0058710503842869,0.0106543138390271,-0.0002134471718249,-0.005876988550005,-0.0058710503842869,0.0,1.1298387096774194,1.1001317523056653,1.1072279586973788,1.1128737034777303,-0.12983870967741937,0.005021520803443328,,
2025,8432,-0.0034740780331373,-0.0117548278757346,0.0078103959062751,-0.0003202049311559,-0.0034740780331373,0.0,1.0969479353680431,1.0430906389301635,1.0535714285714286,1.2046632124352332,-0.09694793536804308,0.03559322033898305,,
2025,8433,-0.0085740072202166,0.0041566746602716,-0.00909226412282,-0.0251924422673197,-0.0085740072202166,0.0,1.1118279569892473,1.0940959409594095,1.117519042437432,1.107981220657277,-0.11182795698924732,0.006815968841285297,,
2025,8434,-0.0052539404553415,0.0151515151515151,0.0036913341536297,-0.0119530416221984,-0.0052539404553415,0.0,1.1047120418848169,1.0736377025036818,1.098148148148148,1.0837320574162679,-0.10471204188481675,0.06745362563237774,,
2025,8435,-0.0034924330616996,0.0139933166248955,0.0056585365853658,-0.0122783083219645,-0.0034924330616996,0.0,1.0678513731825525,1.0229419703103915,1.0467741935483872,1.0566037735849056,-0.06785137318255251,0.01848998459167951,,
2025,9301,-0.0047513462147608,0.021423487544484,0.0058624864589307,-0.006758742286218,-0.0047513462147608,0.0,1.1105228325612178,1.035620743844945,1.0521571152607856,1.2808219178082192,-0.11052283256121774,0.02692778457772338,,
2025,9302,0.0075187969924812,-0.0030284675953967,0.0058173356602675,-0.0011129660545353,0.0,0.0075187969924812,1.087248322147651,1.0299145299145298,1.0375,1.0862068965517242,-0.087248322147651,-0.024096385542168676,,
2025,9303,-0.0073717039977317,0.0190077319587629,-0.0016982734220208,-0.008262328943971,-0.0073717039977317,0.0,1.155844155844156,1.0918079096045197,1.1154529307282415,1.0456651224354732,-0.15584415584415584,-0.007961783439490446,,
2025,9304,-0.0077325201481158,0.0081929110981986,0.005860765733691,-0.0008764241893076,-0.0077325201481158,0.0,1.1956521739130435,1.1309620048504445,1.1248105103587671,1.1324786324786325,-0.1956521739130435,0.01302785265049416,,
2025,9305,-0.0186539868324798,0.0227554820024824,-0.0007309941520468,-0.0044326241134752,-0.0186539868324798,0.0,1.2536382536382535,1.157706093189964,1.2025316455696202,1.10752688172043,-0.25363825363825365,0.05789473684210526,,
2025,9306,0.0063348416289592,0.0124285359184688,0.0098240804203793,-0.0108331471967835,0.0,0.0063348416289592,1.1666666666666667,1.0948616600790513,1.1424050632911393,1.0755597014925373,-0.16666666666666666,-0.0110803324099723,,
2025,9307,-0.0073133179368745,0.0048406615570795,-0.0057405281285878,0.0109503324208055,-0.0073133179368745,0.0,1.0677083333333333,1.0340425531914894,1.0719794344473008,1.132867132867133,-0.06770833333333333,-0.016786570743405275,,
2025,9308,-0.0044629574531389,0.018954248366013,-0.0023745918670228,-0.0024242424242424,-0.0044629574531389,0.0,1.18359375,1.1180981595092025,1.13780260707635,1.0497237569060773,-0.18359375,-0.008183306055646482,,
2025,9309,-0.0084068074636046,0.0059225512528473,0.0097308488612837,-0.0144927536231883,-0.0084068074636046,0.0,1.3172690763052208,1.1943573667711598,1.250485436893204,1.1418918918918919,-0.3172690763052209,0.018633540372670808,,
2025,9310,-0.0084566596194503,-0.0036131183991106,0.0029154518950438,0.004088785046729,-0.0084566596194503,0.0,1.1032745591939546,1.0633663366336634,1.072289156626506,1.1924290220820188,-0.10327455919395466,-0.015730337078651686,,
2025,9311,-0.0026016260162601,0.0213447171824974,-0.0016233766233766,-0.0004068348250609,-0.0026016260162601,0.0,1.2030456852791878,1.0761904761904761,1.1326781326781328,1.3777777777777778,-0.20304568527918782,0.028199566160520606,,
2025,9312,-0.007330497873405,0.0183037585580549,0.0068770939869511,-0.019714144898965,-0.007330497873405,0.0,1.088162672476398,1.0177793476981043,1.0311791383219955,1.0683544303797468,-0.08816267247639796,0.029686641011544807,,
2025,9313,-0.010545905707196,0.0205962059620596,-0.0023517762099269,-0.0014546724077737,-0.010545905707196,0.0,1.1226027397260274,1.0382749326145553,1.0675767918088737,1.083918315252074,-0.1226027397260274,0.0479539641943734,,
2025,9314,-0.0171835708298407,-0.0043215211754538,-0.0062473969179508,-0.0111479761114797,-0.0171835708298407,0.0,1.174496644295302,1.1253263707571801,1.1635220125786163,1.1277719112988385,-0.174496644295302,-0.05405405405405406,,
2025,9315,-0.0072259962788282,0.008280903034789,0.0031686778366177,-0.0019142419601837,-0.0072259962788282,0.0,1.1400304414003044,1.0561735261401557,1.0687050359712231,1.0637119113573408,-0.1400304414003044,0.00841467519353753,,
2025,9316,-0.0096432015429122,0.0152631578947368,0.0053320407174017,-0.0122191564840362,-0.0096432015429122,0.0,1.1636904761904763,1.0870646766169154,1.128358208955224,1.0996483001172332,-0.1636904761904762,0.03439153439153439,,
2025,9317,0.0037322717093803,0.0158686730506156,0.0067635270541082,0.0084656084656085,0.0,0.0037322717093803,2.0886699507389164,1.8360655737704918,1.9342723004694835,1.1,-1.0886699507389161,0.02912621359223301,,
2025,9318,-0.0070094800344728,0.0055296141558123,-0.0020641018290236,-0.0054374691052891,-0.0070094800344728,0.0,1.2176360225140712,1.101628895184136,1.1328447091158955,1.1697247706422018,-0.2176360225140713,0.04973716134249899,,
