task_id,country,scenario,window_start,window_end,source_sector,target_sector,n_samples,beta,delta_r2,p_perm,bootstrap_sign_stability,panel_checksum,commit_sha,hostname,runtime_seconds,q_fdr,promoted,promoted_without_2020
0,PT,main,2006,2011,BE,FZ,520,0.03280742536649243,0.001066761413653028,0.465,0.69,19c4675bbf8323e0daab3ca1ca57e287ec7abd791cb9cedfce16c85db5008794,10a7890f5d56f412da68555ce3636d4e50fafe00,hpcnode06,1791.127,0.8096,False,False
0,PT,main,2006,2011,BE,GI,527,-0.05641879545500894,0.003175219169558874,0.193,0.84,19c4675bbf8323e0daab3ca1ca57e287ec7abd791cb9cedfce16c85db5008794,10a7890f5d56f412da68555ce3636d4e50fafe00,hpcnode06,1791.127,0.772,False,False
0,PT,main,2006,2011,BE,JZ,318,-0.03290845599332533,0.0010674108247624714,0.625,0.652,19c4675bbf8323e0daab3ca1ca57e287ec7abd791cb9cedfce16c85db5008794,10a7890f5d56f412da68555ce3636d4e50fafe00,hpcnode06,1791.127,0.8760888888888889,False,False
0,PT,main,2006,2011,BE,LZ,354,0.05879101983264361,0.0033697183746934645,0.269,0.768,19c4675bbf8323e0daab3ca1ca57e287ec7abd791cb9cedfce16c85db5008794,10a7890f5d56f412da68555ce3636d4e50fafe00,hpcnode06,1791.127,0.8096,False,False
0,PT,main,2006,2011,BE,MN,527,0.06457388355450311,0.004164158337194079,0.106,0.918,19c4675bbf8323e0daab3ca1ca57e287ec7abd791cb9cedfce16c85db5008794,10a7890f5d56f412da68555ce3636d4e50fafe00,hpcnode06,1791.127,0.672,False,False
0,PT,main,2006,2011,BE,OQ,527,0.10243754117988352,0.010423520034273048,0.088,0.946,19c4675bbf8323e0daab3ca1ca57e287ec7abd791cb9cedfce16c85db5008794,10a7890f5d56f412da68555ce3636d4e50fafe00,hpcnode06,1791.127,0.672,False,False
0,PT,main,2006,2011,BE,RU,505,-0.04633077514532957,0.00214654060646835,0.373,0.764,19c4675bbf8323e0daab3ca1ca57e287ec7abd791cb9cedfce16c85db5008794,10a7890f5d56f412da68555ce3636d4e50fafe00,hpcnode06,1791.127,0.8096,False,False
1,PT,main,2006,2011,FZ,BE,491,-0.033287781382408954,0.0011011868756304333,0.455,0.612,19c4675bbf8323e0daab3ca1ca57e287ec7abd791cb9cedfce16c85db5008794,10a7890f5d56f412da68555ce3636d4e50fafe00,hpcnode06,1724.3,0.8096,False,False
1,PT,main,2006,2011,FZ,GI,553,0.04321675107267653,0.001845582281120528,0.309,0.774,19c4675bbf8323e0daab3ca1ca57e287ec7abd791cb9cedfce16c85db5008794,10a7890f5d56f412da68555ce3636d4e50fafe00,hpcnode06,1724.3,0.8096,False,False
1,PT,main,2006,2011,FZ,JZ,321,-0.05632226973577373,0.0031397451778781837,0.434,0.866,19c4675bbf8323e0daab3ca1ca57e287ec7abd791cb9cedfce16c85db5008794,10a7890f5d56f412da68555ce3636d4e50fafe00,hpcnode06,1724.3,0.8096,False,False
1,PT,main,2006,2011,FZ,LZ,358,0.029363959618401422,0.0008578855930159168,0.575,0.598,19c4675bbf8323e0daab3ca1ca57e287ec7abd791cb9cedfce16c85db5008794,10a7890f5d56f412da68555ce3636d4e50fafe00,hpcnode06,1724.3,0.8760888888888889,False,False
1,PT,main,2006,2011,FZ,MN,553,-0.018081641452438235,0.00032661075912610027,0.65,0.654,19c4675bbf8323e0daab3ca1ca57e287ec7abd791cb9cedfce16c85db5008794,10a7890f5d56f412da68555ce3636d4e50fafe00,hpcnode06,1724.3,0.8760888888888889,False,False
1,PT,main,2006,2011,FZ,OQ,553,-0.04497651940718242,0.0020178089133494614,0.43,0.728,19c4675bbf8323e0daab3ca1ca57e287ec7abd791cb9cedfce16c85db5008794,10a7890f5d56f412da68555ce3636d4e50fafe00,hpcnode06,1724.3,0.8096,False,False
1,PT,main,2006,2011,FZ,RU,527,-0.06962415235863995,0.004740989640296789,0.178,0.834,19c4675bbf8323e0daab3ca1ca57e287ec7abd791cb9cedfce16c85db5008794,10a7890f5d56f412da68555ce3636d4e50fafe00,hpcnode06,1724.3,0.7667692307692308,False,False
2,PT,main,2006,2011,GI,BE,493,0.03885875537767092,0.0015049276393030997,0.374,0.76,19c4675bbf8323e0daab3ca1ca57e287ec7abd791cb9cedfce16c85db5008794,10a7890f5d56f412da68555ce3636d4e50fafe00,hpcnode06,1583.595,0.8096,False,False
2,PT,main,2006,2011,GI,FZ,543,-0.019633177297853743,0.0003850338402012765,0.682,0.612,19c4675bbf8323e0daab3ca1ca57e287ec7abd791cb9cedfce16c85db5008794,10a7890f5d56f412da68555ce3636d4e50fafe00,hpcnode06,1583.595,0.8760888888888889,False,False
2,PT,main,2006,2011,GI,JZ,321,-0.01259628362793593,0.00015720455829593138,0.872,0.558,19c4675bbf8323e0daab3ca1ca57e287ec7abd791cb9cedfce16c85db5008794,10a7890f5d56f412da68555ce3636d4e50fafe00,hpcnode06,1583.595,0.9689056603773586,False,False
2,PT,main,2006,2011,GI,LZ,358,-0.08350656565566411,0.006948129853252771,0.121,0.888,19c4675bbf8323e0daab3ca1ca57e287ec7abd791cb9cedfce16c85db5008794,10a7890f5d56f412da68555ce3636d4e50fafe00,hpcnode06,1583.595,0.672,False,False
2,PT,main,2006,2011,GI,MN,556,0.04017674790909942,0.0016025219123436685,0.288,0.634,19c4675bbf8323e0daab3ca1ca57e287ec7abd791cb9cedfce16c85db5008794,10a7890f5d56f412da68555ce3636d4e50fafe00,hpcnode06,1583.595,0.8096,False,False
2,PT,main,2006,2011,GI,OQ,556,0.1561154949612128,0.024293924935175126,0.01,0.99,19c4675bbf8323e0daab3ca1ca57e287ec7abd791cb9cedfce16c85db5008794,10a7890f5d56f412da68555ce3636d4e50fafe00,hpcnode06,1583.595,0.28,False,False
2,PT,main,2006,2011,GI,RU,529,0.013063968834155892,0.00016793024381944743,0.779,0.544,19c4675bbf8323e0daab3ca1ca57e287ec7abd791cb9cedfce16c85db5008794,10a7890f5d56f412da68555ce3636d4e50fafe00,hpcnode06,1583.595,0.9088333333333334,False,False
3,PT,main,2006,2011,JZ,BE,378,-0.039397173257961104,0.0015077088186599141,0.481,0.796,19c4675bbf8323e0daab3ca1ca57e287ec7abd791cb9cedfce16c85db5008794,10a7890f5d56f412da68555ce3636d4e50fafe00,hpcnode06,1608.223,0.8096,False,False
3,PT,main,2006,2011,JZ,FZ,398,-0.031773052840826654,0.001008147287982486,0.589,0.684,19c4675bbf8323e0daab3ca1ca57e287ec7abd791cb9cedfce16c85db5008794,10a7890f5d56f412da68555ce3636d4e50fafe00,hpcnode06,1608.223,0.8760888888888889,False,False
3,PT,main,2006,2011,JZ,GI,398,0.04970461168254159,0.0024342886436123923,0.413,0.774,19c4675bbf8323e0daab3ca1ca57e287ec7abd791cb9cedfce16c85db5008794,10a7890f5d56f412da68555ce3636d4e50fafe00,hpcnode06,1608.223,0.8096,False,False
3,PT,main,2006,2011,JZ,LZ,318,-0.019227970992696686,0.00036851862208631125,0.744,0.614,19c4675bbf8323e0daab3ca1ca57e287ec7abd791cb9cedfce16c85db5008794,10a7890f5d56f412da68555ce3636d4e50fafe00,hpcnode06,1608.223,0.8971914893617021,False,False
3,PT,main,2006,2011,JZ,MN,398,0.03933729584080986,0.0015461532009665158,0.487,0.702,19c4675bbf8323e0daab3ca1ca57e287ec7abd791cb9cedfce16c85db5008794,10a7890f5d56f412da68555ce3636d4e50fafe00,hpcnode06,1608.223,0.8096,False,False
3,PT,main,2006,2011,JZ,OQ,398,-0.04770033780251004,0.0022590033088180084,0.506,0.758,19c4675bbf8323e0daab3ca1ca57e287ec7abd791cb9cedfce16c85db5008794,10a7890f5d56f412da68555ce3636d4e50fafe00,hpcnode06,1608.223,0.8096,False,False
3,PT,main,2006,2011,JZ,RU,395,0.027396805482673647,0.0007437318442830021,0.648,0.674,19c4675bbf8323e0daab3ca1ca57e287ec7abd791cb9cedfce16c85db5008794,10a7890f5d56f412da68555ce3636d4e50fafe00,hpcnode06,1608.223,0.8760888888888889,False,False
4,PT,main,2006,2011,LZ,BE,404,0.048521408870664584,0.002294383240535658,0.45,0.79,19c4675bbf8323e0daab3ca1ca57e287ec7abd791cb9cedfce16c85db5008794,10a7890f5d56f412da68555ce3636d4e50fafe00,hpcnode38,1285.126,0.8096,False,False
4,PT,main,2006,2011,LZ,FZ,435,-0.0003180397372499755,9.928180655371932e-08,0.995,0.5,19c4675bbf8323e0daab3ca1ca57e287ec7abd791cb9cedfce16c85db5008794,10a7890f5d56f412da68555ce3636d4e50fafe00,hpcnode38,1285.126,0.995,False,False
4,PT,main,2006,2011,LZ,GI,437,-0.07413519502635305,0.005491686779998561,0.144,0.918,19c4675bbf8323e0daab3ca1ca57e287ec7abd791cb9cedfce16c85db5008794,10a7890f5d56f412da68555ce3636d4e50fafe00,hpcnode38,1285.126,0.672,False,False
4,PT,main,2006,2011,LZ,JZ,299,0.006927265444460526,4.783284670983878e-05,0.917,0.524,19c4675bbf8323e0daab3ca1ca57e287ec7abd791cb9cedfce16c85db5008794,10a7890f5d56f412da68555ce3636d4e50fafe00,hpcnode38,1285.126,0.9689056603773586,False,False
4,PT,main,2006,2011,LZ,MN,437,-0.07255426895871363,0.005248289211223112,0.144,0.898,19c4675bbf8323e0daab3ca1ca57e287ec7abd791cb9cedfce16c85db5008794,10a7890f5d56f412da68555ce3636d4e50fafe00,hpcnode38,1285.126,0.672,False,False
4,PT,main,2006,2011,LZ,OQ,437,-0.05571380433617757,0.0030979175524898928,0.427,0.828,19c4675bbf8323e0daab3ca1ca57e287ec7abd791cb9cedfce16c85db5008794,10a7890f5d56f412da68555ce3636d4e50fafe00,hpcnode38,1285.126,0.8096,False,False
4,PT,main,2006,2011,LZ,RU,427,-0.008662465796282909,7.499397682098063e-05,0.886,0.524,19c4675bbf8323e0daab3ca1ca57e287ec7abd791cb9cedfce16c85db5008794,10a7890f5d56f412da68555ce3636d4e50fafe00,hpcnode38,1285.126,0.9689056603773586,False,False
5,PT,main,2006,2011,MN,BE,493,0.002826288540993538,7.975013968652966e-06,0.954,0.538,19c4675bbf8323e0daab3ca1ca57e287ec7abd791cb9cedfce16c85db5008794,10a7890f5d56f412da68555ce3636d4e50fafe00,hpcnode38,1270.239,0.9893333333333333,False,False
5,PT,main,2006,2011,MN,FZ,543,-0.07391986624574895,0.005449781365884476,0.108,0.96,19c4675bbf8323e0daab3ca1ca57e287ec7abd791cb9cedfce16c85db5008794,10a7890f5d56f412da68555ce3636d4e50fafe00,hpcnode38,1270.239,0.672,False,False
5,PT,main,2006,2011,MN,GI,556,-0.11755438612912955,0.013719304406671906,0.009,0.972,19c4675bbf8323e0daab3ca1ca57e287ec7abd791cb9cedfce16c85db5008794,10a7890f5d56f412da68555ce3636d4e50fafe00,hpcnode38,1270.239,0.28,False,False
5,PT,main,2006,2011,MN,JZ,321,0.031544767417611974,0.0009947876963048996,0.688,0.724,19c4675bbf8323e0daab3ca1ca57e287ec7abd791cb9cedfce16c85db5008794,10a7890f5d56f412da68555ce3636d4e50fafe00,hpcnode38,1270.239,0.8760888888888889,False,False
5,PT,main,2006,2011,MN,LZ,358,0.0008420160517599307,7.084980540028596e-07,0.982,0.528,19c4675bbf8323e0daab3ca1ca57e287ec7abd791cb9cedfce16c85db5008794,10a7890f5d56f412da68555ce3636d4e50fafe00,hpcnode38,1270.239,0.995,False,False
5,PT,main,2006,2011,MN,OQ,556,-0.04743481298824394,0.002248633117690524,0.338,0.706,19c4675bbf8323e0daab3ca1ca57e287ec7abd791cb9cedfce16c85db5008794,10a7890f5d56f412da68555ce3636d4e50fafe00,hpcnode38,1270.239,0.8096,False,False
5,PT,main,2006,2011,MN,RU,529,0.05832602859478109,0.003384168707278201,0.311,0.744,19c4675bbf8323e0daab3ca1ca57e287ec7abd791cb9cedfce16c85db5008794,10a7890f5d56f412da68555ce3636d4e50fafe00,hpcnode38,1270.239,0.8096,False,False
6,PT,main,2006,2011,OQ,BE,493,0.09871268682810891,0.009667038489784341,0.04,0.96,19c4675bbf8323e0daab3ca1ca57e287ec7abd791cb9cedfce16c85db5008794,10a7890f5d56f412da68555ce3636d4e50fafe00,hpcnode38,1185.661,0.56,False,False
6,PT,main,2006,2011,OQ,FZ,543,0.09606029980479375,0.009226787951824966,0.038,0.94,19c4675bbf8323e0daab3ca1ca57e287ec7abd791cb9cedfce16c85db5008794,10a7890f5d56f412da68555ce3636d4e50fafe00,hpcnode38,1185.661,0.56,False,False
6,PT,main,2006,2011,OQ,GI,556,0.03320825524476792,0.001099253308741277,0.444,0.806,19c4675bbf8323e0daab3ca1ca57e287ec7abd791cb9cedfce16c85db5008794,10a7890f5d56f412da68555ce3636d4e50fafe00,hpcnode38,1185.661,0.8096,False,False
6,PT,main,2006,2011,OQ,JZ,321,-0.09173594212529368,0.008411333689834044,0.257,0.896,19c4675bbf8323e0daab3ca1ca57e287ec7abd791cb9cedfce16c85db5008794,10a7890f5d56f412da68555ce3636d4e50fafe00,hpcnode38,1185.661,0.8096,False,False
6,PT,main,2006,2011,OQ,LZ,358,0.08057751375511568,0.006472748913576076,0.123,0.926,19c4675bbf8323e0daab3ca1ca57e287ec7abd791cb9cedfce16c85db5008794,10a7890f5d56f412da68555ce3636d4e50fafe00,hpcnode38,1185.661,0.672,False,False
6,PT,main,2006,2011,OQ,MN,556,0.06515873871267286,0.004242966034855633,0.088,0.816,19c4675bbf8323e0daab3ca1ca57e287ec7abd791cb9cedfce16c85db5008794,10a7890f5d56f412da68555ce3636d4e50fafe00,hpcnode38,1185.661,0.672,False,False
6,PT,main,2006,2011,OQ,RU,529,0.022008810974389253,0.000483594335966675,0.66,0.57,19c4675bbf8323e0daab3ca1ca57e287ec7abd791cb9cedfce16c85db5008794,10a7890f5d56f412da68555ce3636d4e50fafe00,hpcnode38,1185.661,0.8760888888888889,False,False
7,PT,main,2006,2011,RU,BE,487,0.03168859525303003,0.001002841514289865,0.499,0.72,19c4675bbf8323e0daab3ca1ca57e287ec7abd791cb9cedfce16c85db5008794,10a7890f5d56f412da68555ce3636d4e50fafe00,hpcnode38,1436.491,0.8096,False,False
7,PT,main,2006,2011,RU,FZ,532,-0.0626859683282191,0.0038682322220457976,0.219,0.748,19c4675bbf8323e0daab3ca1ca57e287ec7abd791cb9cedfce16c85db5008794,10a7890f5d56f412da68555ce3636d4e50fafe00,hpcnode38,1436.491,0.8096,False,False
7,PT,main,2006,2011,RU,GI,544,0.00917652537980218,8.105329774732439e-05,0.829,0.572,19c4675bbf8323e0daab3ca1ca57e287ec7abd791cb9cedfce16c85db5008794,10a7890f5d56f412da68555ce3636d4e50fafe00,hpcnode38,1436.491,0.9474285714285714,False,False
7,PT,main,2006,2011,RU,JZ,321,-0.0071135308237776545,5.011323911663368e-05,0.917,0.52,19c4675bbf8323e0daab3ca1ca57e287ec7abd791cb9cedfce16c85db5008794,10a7890f5d56f412da68555ce3636d4e50fafe00,hpcnode38,1436.491,0.9689056603773586,False,False
7,PT,main,2006,2011,RU,LZ,358,-0.017964311308214076,0.0003224541702069317,0.753,0.624,19c4675bbf8323e0daab3ca1ca57e287ec7abd791cb9cedfce16c85db5008794,10a7890f5d56f412da68555ce3636d4e50fafe00,hpcnode38,1436.491,0.8971914893617021,False,False
7,PT,main,2006,2011,RU,MN,544,0.01705973693025964,0.0002904246192592108,0.704,0.558,19c4675bbf8323e0daab3ca1ca57e287ec7abd791cb9cedfce16c85db5008794,10a7890f5d56f412da68555ce3636d4e50fafe00,hpcnode38,1436.491,0.8760888888888889,False,False
7,PT,main,2006,2011,RU,OQ,544,-0.02377016882585615,0.0005650209020660046,0.702,0.686,19c4675bbf8323e0daab3ca1ca57e287ec7abd791cb9cedfce16c85db5008794,10a7890f5d56f412da68555ce3636d4e50fafe00,hpcnode38,1436.491,0.8760888888888889,False,False
8,PT,main,2007,2012,BE,FZ,766,0.07895623293118398,0.006218141510164976,0.035,0.944,19c4675bbf8323e0daab3ca1ca57e287ec7abd791cb9cedfce16c85db5008794,10a7890f5d56f412da68555ce3636d4e50fafe00,hpcnode35,1906.665,0.584,False,False
8,PT,main,2007,2012,BE,GI,780,-0.01822116592246456,0.0003290968541432848,0.624,0.7,19c4675bbf8323e0daab3ca1ca57e287ec7abd791cb9cedfce16c85db5008794,10a7890f5d56f412da68555ce3636d4e50fafe00,hpcnode35,1906.665,0.896,False,False
8,PT,main,2007,2012,BE,JZ,464,0.008524384561455933,7.252028166382374e-05,0.864,0.618,19c4675bbf8323e0daab3ca1ca57e287ec7abd791cb9cedfce16c85db5008794,10a7890f5d56f412da68555ce3636d4e50fafe00,hpcnode35,1906.665,0.9574901960784313,False,False
8,PT,main,2007,2012,BE,LZ,520,0.08448532444293944,0.0071100467804929846,0.067,0.88,19c4675bbf8323e0daab3ca1ca57e287ec7abd791cb9cedfce16c85db5008794,10a7890f5d56f412da68555ce3636d4e50fafe00,hpcnode35,1906.665,0.584,False,False
8,PT,main,2007,2012,BE,MN,780,0.04348513239176224,0.001887405069253889,0.192,0.884,19c4675bbf8323e0daab3ca1ca57e287ec7abd791cb9cedfce16c85db5008794,10a7890f5d56f412da68555ce3636d4e50fafe00,hpcnode35,1906.665,0.7435555555555555,False,False
8,PT,main,2007,2012,BE,OQ,780,0.06807124331755118,0.00462573127484367,0.065,0.932,19c4675bbf8323e0daab3ca1ca57e287ec7abd791cb9cedfce16c85db5008794,10a7890f5d56f412da68555ce3636d4e50fafe00,hpcnode35,1906.665,0.584,False,False
8,PT,main,2007,2012,BE,RU,747,-0.03824548754054968,0.0014594812577278793,0.344,0.806,19c4675bbf8323e0daab3ca1ca57e287ec7abd791cb9cedfce16c85db5008794,10a7890f5d56f412da68555ce3636d4e50fafe00,hpcnode35,1906.665,0.8026666666666666,False,False
9,PT,main,2007,2012,FZ,BE,736,-0.0066512595908397865,4.413475967524061e-05,0.855,0.588,19c4675bbf8323e0daab3ca1ca57e287ec7abd791cb9cedfce16c85db5008794,10a7890f5d56f412da68555ce3636d4e50fafe00,hpcnode35,1872.794,0.9574901960784313,False,False
9,PT,main,2007,2012,FZ,GI,824,0.0509850165834429,0.0025987576356311104,0.139,0.908,19c4675bbf8323e0daab3ca1ca57e287ec7abd791cb9cedfce16c85db5008794,10a7890f5d56f412da68555ce3636d4e50fafe00,hpcnode35,1872.794,0.7435555555555555,False,False
9,PT,main,2007,2012,FZ,JZ,472,0.007973330050198013,6.321788170282616e-05,0.872,0.6,19c4675bbf8323e0daab3ca1ca57e287ec7abd791cb9cedfce16c85db5008794,10a7890f5d56f412da68555ce3636d4e50fafe00,hpcnode35,1872.794,0.9574901960784313,False,False
9,PT,main,2007,2012,FZ,LZ,530,-0.00011429038301669081,1.3050742042608476e-08,0.998,0.5,19c4675bbf8323e0daab3ca1ca57e287ec7abd791cb9cedfce16c85db5008794,10a7890f5d56f412da68555ce3636d4e50fafe00,hpcnode35,1872.794,0.998,False,False
9,PT,main,2007,2012,FZ,MN,824,-0.04575381810910424,0.0020905777426861727,0.202,0.908,19c4675bbf8323e0daab3ca1ca57e287ec7abd791cb9cedfce16c85db5008794,10a7890f5d56f412da68555ce3636d4e50fafe00,hpcnode35,1872.794,0.7435555555555555,False,False
9,PT,main,2007,2012,FZ,OQ,824,0.004654640512992803,2.1660398715983575e-05,0.894,0.486,19c4675bbf8323e0daab3ca1ca57e287ec7abd791cb9cedfce16c85db5008794,10a7890f5d56f412da68555ce3636d4e50fafe00,hpcnode35,1872.794,0.9627692307692308,False,False
9,PT,main,2007,2012,FZ,RU,783,-0.08774856694203825,0.007698614640418877,0.026,0.954,19c4675bbf8323e0daab3ca1ca57e287ec7abd791cb9cedfce16c85db5008794,10a7890f5d56f412da68555ce3636d4e50fafe00,hpcnode35,1872.794,0.584,False,False
10,PT,main,2007,2012,GI,BE,743,0.0652860080147489,0.00421103370547804,0.073,0.918,19c4675bbf8323e0daab3ca1ca57e287ec7abd791cb9cedfce16c85db5008794,10a7890f5d56f412da68555ce3636d4e50fafe00,hpcnode35,1631.27,0.584,False,False
10,PT,main,2007,2012,GI,FZ,813,-0.010295212156167466,0.00010570382251173793,0.775,0.584,19c4675bbf8323e0daab3ca1ca57e287ec7abd791cb9cedfce16c85db5008794,10a7890f5d56f412da68555ce3636d4e50fafe00,hpcnode35,1631.27,0.9574901960784313,False,False
10,PT,main,2007,2012,GI,JZ,472,-0.020452702592035577,0.00041672402658765595,0.722,0.676,19c4675bbf8323e0daab3ca1ca57e287ec7abd791cb9cedfce16c85db5008794,10a7890f5d56f412da68555ce3636d4e50fafe00,hpcnode35,1631.27,0.9574901960784313,False,False
10,PT,main,2007,2012,GI,LZ,530,-0.028780732053717062,0.0008231513303706972,0.538,0.72,19c4675bbf8323e0daab3ca1ca57e287ec7abd791cb9cedfce16c85db5008794,10a7890f5d56f412da68555ce3636d4e50fafe00,hpcnode35,1631.27,0.8445405405405406,False,False
10,PT,main,2007,2012,GI,MN,834,0.0028435416736817265,8.085628267262557e-06,0.949,0.486,19c4675bbf8323e0daab3ca1ca57e287ec7abd791cb9cedfce16c85db5008794,10a7890f5d56f412da68555ce3636d4e50fafe00,hpcnode35,1631.27,0.9934814814814814,False,False
10,PT,main,2007,2012,GI,OQ,834,0.06155584059683883,0.0037859381899983946,0.116,0.93,19c4675bbf8323e0daab3ca1ca57e287ec7abd791cb9cedfce16c85db5008794,10a7890f5d56f412da68555ce3636d4e50fafe00,hpcnode35,1631.27,0.7217777777777779,False,False
10,PT,main,2007,2012,GI,RU,790,-0.009838501019637735,9.626744199375814e-05,0.809,0.588,19c4675bbf8323e0daab3ca1ca57e287ec7abd791cb9cedfce16c85db5008794,10a7890f5d56f412da68555ce3636d4e50fafe00,hpcnode35,1631.27,0.9574901960784313,False,False
11,PT,main,2007,2012,JZ,BE,552,0.04237825895518299,0.0017936837395526872,0.268,0.834,19c4675bbf8323e0daab3ca1ca57e287ec7abd791cb9cedfce16c85db5008794,10a7890f5d56f412da68555ce3636d4e50fafe00,hpcnode36,1720.932,0.7812000000000001,False,False
11,PT,main,2007,2012,JZ,FZ,582,0.034024607946815555,0.0011560994348756015,0.439,0.686,19c4675bbf8323e0daab3ca1ca57e287ec7abd791cb9cedfce16c85db5008794,10a7890f5d56f412da68555ce3636d4e50fafe00,hpcnode36,1720.932,0.8445405405405406,False,False
11,PT,main,2007,2012,JZ,GI,583,0.039746668909758975,0.0015569528259692378,0.343,0.826,19c4675bbf8323e0daab3ca1ca57e287ec7abd791cb9cedfce16c85db5008794,10a7890f5d56f412da68555ce3636d4e50fafe00,hpcnode36,1720.932,0.8026666666666666,False,False
11,PT,main,2007,2012,JZ,LZ,467,-0.008070594243511309,6.51008770847783e-05,0.872,0.544,19c4675bbf8323e0daab3ca1ca57e287ec7abd791cb9cedfce16c85db5008794,10a7890f5d56f412da68555ce3636d4e50fafe00,hpcnode36,1720.932,0.9574901960784313,False,False
11,PT,main,2007,2012,JZ,MN,583,0.02863286689567346,0.0008197910403656694,0.553,0.736,19c4675bbf8323e0daab3ca1ca57e287ec7abd791cb9cedfce16c85db5008794,10a7890f5d56f412da68555ce3636d4e50fafe00,hpcnode36,1720.932,0.8445405405405406,False,False
11,PT,main,2007,2012,JZ,OQ,583,-0.009286682221844311,8.624188392547527e-05,0.821,0.57,19c4675bbf8323e0daab3ca1ca57e287ec7abd791cb9cedfce16c85db5008794,10a7890f5d56f412da68555ce3636d4e50fafe00,hpcnode36,1720.932,0.9574901960784313,False,False
11,PT,main,2007,2012,JZ,RU,578,0.0012081177595292814,1.4583630462139396e-06,0.98,0.488,19c4675bbf8323e0daab3ca1ca57e287ec7abd791cb9cedfce16c85db5008794,10a7890f5d56f412da68555ce3636d4e50fafe00,hpcnode36,1720.932,0.9978181818181817,False,False
12,PT,main,2007,2012,LZ,BE,592,-0.02747325247804,0.00075096662482943,0.556,0.66,19c4675bbf8323e0daab3ca1ca57e287ec7abd791cb9cedfce16c85db5008794,10a7890f5d56f412da68555ce3636d4e50fafe00,hpcnode36,1821.494,0.8445405405405406,False,False
12,PT,main,2007,2012,LZ,FZ,633,-0.0706635588350773,0.004956230529582273,0.105,0.964,19c4675bbf8323e0daab3ca1ca57e287ec7abd791cb9cedfce16c85db5008794,10a7890f5d56f412da68555ce3636d4e50fafe00,hpcnode36,1821.494,0.7217777777777779,False,False
12,PT,main,2007,2012,LZ,GI,635,-0.02617577270471433,0.0006829223053208544,0.558,0.762,19c4675bbf8323e0daab3ca1ca57e287ec7abd791cb9cedfce16c85db5008794,10a7890f5d56f412da68555ce3636d4e50fafe00,hpcnode36,1821.494,0.8445405405405406,False,False
12,PT,main,2007,2012,LZ,JZ,440,0.008916770313369793,7.946898214905573e-05,0.87,0.558,19c4675bbf8323e0daab3ca1ca57e287ec7abd791cb9cedfce16c85db5008794,10a7890f5d56f412da68555ce3636d4e50fafe00,hpcnode36,1821.494,0.9574901960784313,False,False
12,PT,main,2007,2012,LZ,MN,635,-0.08667597687388837,0.007482219183220118,0.048,0.95,19c4675bbf8323e0daab3ca1ca57e287ec7abd791cb9cedfce16c85db5008794,10a7890f5d56f412da68555ce3636d4e50fafe00,hpcnode36,1821.494,0.584,False,False
12,PT,main,2007,2012,LZ,OQ,635,-0.0687304515258087,0.0046899846421114555,0.168,0.952,19c4675bbf8323e0daab3ca1ca57e287ec7abd791cb9cedfce16c85db5008794,10a7890f5d56f412da68555ce3636d4e50fafe00,hpcnode36,1821.494,0.7435555555555555,False,False
12,PT,main,2007,2012,LZ,RU,623,0.040679852564438186,0.0016544277172737543,0.368,0.764,19c4675bbf8323e0daab3ca1ca57e287ec7abd791cb9cedfce16c85db5008794,10a7890f5d56f412da68555ce3636d4e50fafe00,hpcnode36,1821.494,0.82432,False,False
13,PT,main,2007,2012,MN,BE,743,0.028020795922929664,0.0007810985757468192,0.454,0.762,19c4675bbf8323e0daab3ca1ca57e287ec7abd791cb9cedfce16c85db5008794,10a7890f5d56f412da68555ce3636d4e50fafe00,hpcnode36,1696.76,0.8445405405405406,False,False
13,PT,main,2007,2012,MN,FZ,813,-0.024600187552087066,0.0006042001400488051,0.491,0.786,19c4675bbf8323e0daab3ca1ca57e287ec7abd791cb9cedfce16c85db5008794,10a7890f5d56f412da68555ce3636d4e50fafe00,hpcnode36,1696.76,0.8445405405405406,False,False
13,PT,main,2007,2012,MN,GI,834,-0.0351825014611411,0.001237792950077643,0.315,0.824,19c4675bbf8323e0daab3ca1ca57e287ec7abd791cb9cedfce16c85db5008794,10a7890f5d56f412da68555ce3636d4e50fafe00,hpcnode36,1696.76,0.8018181818181819,False,False
13,PT,main,2007,2012,MN,JZ,472,0.03285730618691807,0.0010737473073696435,0.506,0.756,19c4675bbf8323e0daab3ca1ca57e287ec7abd791cb9cedfce16c85db5008794,10a7890f5d56f412da68555ce3636d4e50fafe00,hpcnode36,1696.76,0.8445405405405406,False,False
13,PT,main,2007,2012,MN,LZ,530,0.044957932404791234,0.0020210460293254018,0.31,0.814,19c4675bbf8323e0daab3ca1ca57e287ec7abd791cb9cedfce16c85db5008794,10a7890f5d56f412da68555ce3636d4e50fafe00,hpcnode36,1696.76,0.8018181818181819,False,False
13,PT,main,2007,2012,MN,OQ,834,-0.03990401816829908,0.0015920362097929797,0.279,0.748,19c4675bbf8323e0daab3ca1ca57e287ec7abd791cb9cedfce16c85db5008794,10a7890f5d56f412da68555ce3636d4e50fafe00,hpcnode36,1696.76,0.7812000000000001,False,False
13,PT,main,2007,2012,MN,RU,790,0.04777475613359678,0.002280520885341364,0.213,0.796,19c4675bbf8323e0daab3ca1ca57e287ec7abd791cb9cedfce16c85db5008794,10a7890f5d56f412da68555ce3636d4e50fafe00,hpcnode36,1696.76,0.7435555555555555,False,False
14,PT,main,2007,2012,OQ,BE,743,0.007060710999883285,4.972391341162563e-05,0.858,0.55,19c4675bbf8323e0daab3ca1ca57e287ec7abd791cb9cedfce16c85db5008794,10a7890f5d56f412da68555ce3636d4e50fafe00,hpcnode36,1728.264,0.9574901960784313,False,False
14,PT,main,2007,2012,OQ,FZ,813,0.11423453401843559,0.013047749560895716,0.01,0.994,19c4675bbf8323e0daab3ca1ca57e287ec7abd791cb9cedfce16c85db5008794,10a7890f5d56f412da68555ce3636d4e50fafe00,hpcnode36,1728.264,0.56,False,False
14,PT,main,2007,2012,OQ,GI,834,0.00957594487223945,9.162168215071098e-05,0.793,0.592,19c4675bbf8323e0daab3ca1ca57e287ec7abd791cb9cedfce16c85db5008794,10a7890f5d56f412da68555ce3636d4e50fafe00,hpcnode36,1728.264,0.9574901960784313,False,False
14,PT,main,2007,2012,OQ,JZ,472,-0.033750604148373387,0.0011390752176901886,0.479,0.736,19c4675bbf8323e0daab3ca1ca57e287ec7abd791cb9cedfce16c85db5008794,10a7890f5d56f412da68555ce3636d4e50fafe00,hpcnode36,1728.264,0.8445405405405406,False,False
14,PT,main,2007,2012,OQ,LZ,530,0.03382380458386469,0.001134355684492716,0.469,0.712,19c4675bbf8323e0daab3ca1ca57e287ec7abd791cb9cedfce16c85db5008794,10a7890f5d56f412da68555ce3636d4e50fafe00,hpcnode36,1728.264,0.8445405405405406,False,False
14,PT,main,2007,2012,OQ,MN,834,0.0478566019022674,0.002289830828352102,0.184,0.826,19c4675bbf8323e0daab3ca1ca57e287ec7abd791cb9cedfce16c85db5008794,10a7890f5d56f412da68555ce3636d4e50fafe00,hpcnode36,1728.264,0.7435555555555555,False,False
14,PT,main,2007,2012,OQ,RU,790,0.042864013873512935,0.0018252820046879004,0.233,0.758,19c4675bbf8323e0daab3ca1ca57e287ec7abd791cb9cedfce16c85db5008794,10a7890f5d56f412da68555ce3636d4e50fafe00,hpcnode36,1728.264,0.7435555555555555,False,False
15,PT,main,2007,2012,RU,BE,732,0.021264253814697015,0.0004519729396762484,0.601,0.696,19c4675bbf8323e0daab3ca1ca57e287ec7abd791cb9cedfce16c85db5008794,10a7890f5d56f412da68555ce3636d4e50fafe00,hpcnode36,2039.012,0.8856842105263157,False,False
15,PT,main,2007,2012,RU,FZ,793,-0.04482336063601161,0.0020091331210403407,0.22,0.748,19c4675bbf8323e0daab3ca1ca57e287ec7abd791cb9cedfce16c85db5008794,10a7890f5d56f412da68555ce3636d4e50fafe00,hpcnode36,2039.012,0.7435555555555555,False,False
15,PT,main,2007,2012,RU,GI,812,0.04450632183429534,0.0019637776587368982,0.239,0.836,19c4675bbf8323e0daab3ca1ca57e287ec7abd791cb9cedfce16c85db5008794,10a7890f5d56f412da68555ce3636d4e50fafe00,hpcnode36,2039.012,0.7435555555555555,False,False
15,PT,main,2007,2012,RU,JZ,472,0.03325145053583117,0.0011054447084076768,0.532,0.742,19c4675bbf8323e0daab3ca1ca57e287ec7abd791cb9cedfce16c85db5008794,10a7890f5d56f412da68555ce3636d4e50fafe00,hpcnode36,2039.012,0.8445405405405406,False,False
15,PT,main,2007,2012,RU,LZ,530,-0.03914915729238249,0.0015315069208600152,0.413,0.82,19c4675bbf8323e0daab3ca1ca57e287ec7abd791cb9cedfce16c85db5008794,10a7890f5d56f412da68555ce3636d4e50fafe00,hpcnode36,2039.012,0.8445405405405406,False,False
15,PT,main,2007,2012,RU,MN,812,-0.00964511671926105,9.299990456612672e-05,0.783,0.614,19c4675bbf8323e0daab3ca1ca57e287ec7abd791cb9cedfce16c85db5008794,10a7890f5d56f412da68555ce3636d4e50fafe00,hpcnode36,2039.012,0.9574901960784313,False,False
15,PT,main,2007,2012,RU,OQ,812,-0.0019322379623079866,3.712186045334853e-06,0.958,0.542,19c4675bbf8323e0daab3ca1ca57e287ec7abd791cb9cedfce16c85db5008794,10a7890f5d56f412da68555ce3636d4e50fafe00,hpcnode36,2039.012,0.9934814814814814,False,False
16,PT,main,2008,2013,BE,FZ,1029,0.056496975800493426,0.0031785762052473077,0.097,0.906,19c4675bbf8323e0daab3ca1ca57e287ec7abd791cb9cedfce16c85db5008794,10a7890f5d56f412da68555ce3636d4e50fafe00,hpcnode36,2185.34,0.5901538461538463,False,False
16,PT,main,2008,2013,BE,GI,1051,-0.04402103883665884,0.0019238092287904296,0.165,0.906,19c4675bbf8323e0daab3ca1ca57e287ec7abd791cb9cedfce16c85db5008794,10a7890f5d56f412da68555ce3636d4e50fafe00,hpcnode36,2185.34,0.616,False,False
16,PT,main,2008,2013,BE,JZ,613,0.006003041910130791,3.5983164348496466e-05,0.897,0.504,19c4675bbf8323e0daab3ca1ca57e287ec7abd791cb9cedfce16c85db5008794,10a7890f5d56f412da68555ce3636d4e50fafe00,hpcnode36,2185.34,0.9,False,False
16,PT,main,2008,2013,BE,LZ,694,0.11944770434585522,0.01426715127352507,0.009,0.97,19c4675bbf8323e0daab3ca1ca57e287ec7abd791cb9cedfce16c85db5008794,10a7890f5d56f412da68555ce3636d4e50fafe00,hpcnode36,2185.34,0.42,False,False
16,PT,main,2008,2013,BE,MN,1051,0.0046599651837330724,2.169040846988768e-05,0.861,0.514,19c4675bbf8323e0daab3ca1ca57e287ec7abd791cb9cedfce16c85db5008794,10a7890f5d56f412da68555ce3636d4e50fafe00,hpcnode36,2185.34,0.9,False,False
16,PT,main,2008,2013,BE,OQ,1051,-0.033156192281997884,0.001096237548840362,0.3,0.89,19c4675bbf8323e0daab3ca1ca57e287ec7abd791cb9cedfce16c85db5008794,10a7890f5d56f412da68555ce3636d4e50fafe00,hpcnode36,2185.34,0.7000000000000001,False,False
16,PT,main,2008,2013,BE,RU,1006,-0.05623014181226721,0.0031618262039717626,0.088,0.91,19c4675bbf8323e0daab3ca1ca57e287ec7abd791cb9cedfce16c85db5008794,10a7890f5d56f412da68555ce3636d4e50fafe00,hpcnode36,2185.34,0.5901538461538463,False,False
17,PT,main,2008,2013,FZ,BE,992,0.03296711549721226,0.0010829186685633596,0.341,0.778,19c4675bbf8323e0daab3ca1ca57e287ec7abd791cb9cedfce16c85db5008794,10a7890f5d56f412da68555ce3636d4e50fafe00,hpcnode36,2115.066,0.7072592592592593,False,False
17,PT,main,2008,2013,FZ,GI,1100,0.04050531338201535,0.0016406639010073665,0.208,0.842,19c4675bbf8323e0daab3ca1ca57e287ec7abd791cb9cedfce16c85db5008794,10a7890f5d56f412da68555ce3636d4e50fafe00,hpcnode36,2115.066,0.6719999999999999,False,False
17,PT,main,2008,2013,FZ,JZ,622,-0.007129561134063267,5.069448338901328e-05,0.869,0.604,19c4675bbf8323e0daab3ca1ca57e287ec7abd791cb9cedfce16c85db5008794,10a7890f5d56f412da68555ce3636d4e50fafe00,hpcnode36,2115.066,0.9,False,False
17,PT,main,2008,2013,FZ,LZ,705,0.025031965888262883,0.0006259048804707623,0.537,0.658,19c4675bbf8323e0daab3ca1ca57e287ec7abd791cb9cedfce16c85db5008794,10a7890f5d56f412da68555ce3636d4e50fafe00,hpcnode36,2115.066,0.7827272727272727,False,False
17,PT,main,2008,2013,FZ,MN,1100,-0.05673017524147923,0.0032111003518273673,0.07,0.966,19c4675bbf8323e0daab3ca1ca57e287ec7abd791cb9cedfce16c85db5008794,10a7890f5d56f412da68555ce3636d4e50fafe00,hpcnode36,2115.066,0.5901538461538463,False,False
17,PT,main,2008,2013,FZ,OQ,1100,0.040009609435659815,0.0015976436035640695,0.259,0.794,19c4675bbf8323e0daab3ca1ca57e287ec7abd791cb9cedfce16c85db5008794,10a7890f5d56f412da68555ce3636d4e50fafe00,hpcnode36,2115.066,0.6906666666666668,False,False
17,PT,main,2008,2013,FZ,RU,1047,-0.04661224204308338,0.0021721980337426894,0.15,0.842,19c4675bbf8323e0daab3ca1ca57e287ec7abd791cb9cedfce16c85db5008794,10a7890f5d56f412da68555ce3636d4e50fafe00,hpcnode36,2115.066,0.6,False,False
18,PT,main,2008,2013,GI,BE,1001,-0.007975122785954802,6.305615348090043e-05,0.816,0.614,19c4675bbf8323e0daab3ca1ca57e287ec7abd791cb9cedfce16c85db5008794,10a7890f5d56f412da68555ce3636d4e50fafe00,hpcnode36,1835.371,0.8787692307692307,False,False
18,PT,main,2008,2013,GI,FZ,1083,-0.03435959551246992,0.0011799451631960833,0.289,0.836,19c4675bbf8323e0daab3ca1ca57e287ec7abd791cb9cedfce16c85db5008794,10a7890f5d56f412da68555ce3636d4e50fafe00,hpcnode36,1835.371,0.7000000000000001,False,False
18,PT,main,2008,2013,GI,JZ,622,0.01040224961288827,0.00010801832784479437,0.808,0.61,19c4675bbf8323e0daab3ca1ca57e287ec7abd791cb9cedfce16c85db5008794,10a7890f5d56f412da68555ce3636d4e50fafe00,hpcnode36,1835.371,0.8787692307692307,False,False
18,PT,main,2008,2013,GI,LZ,705,-0.018078625494138245,0.00032640830893337913,0.661,0.684,19c4675bbf8323e0daab3ca1ca57e287ec7abd791cb9cedfce16c85db5008794,10a7890f5d56f412da68555ce3636d4e50fafe00,hpcnode36,1835.371,0.812,False,False
18,PT,main,2008,2013,GI,MN,1112,-0.027720959449290816,0.0007681006679268743,0.335,0.71,19c4675bbf8323e0daab3ca1ca57e287ec7abd791cb9cedfce16c85db5008794,10a7890f5d56f412da68555ce3636d4e50fafe00,hpcnode36,1835.371,0.7072592592592593,False,False
18,PT,main,2008,2013,GI,OQ,1112,-0.06194318281977683,0.0038369025020686953,0.067,0.97,19c4675bbf8323e0daab3ca1ca57e287ec7abd791cb9cedfce16c85db5008794,10a7890f5d56f412da68555ce3636d4e50fafe00,hpcnode36,1835.371,0.5901538461538463,False,False
18,PT,main,2008,2013,GI,RU,1054,-0.06676596254368353,0.004439825344743298,0.047,0.944,19c4675bbf8323e0daab3ca1ca57e287ec7abd791cb9cedfce16c85db5008794,10a7890f5d56f412da68555ce3636d4e50fafe00,hpcnode36,1835.371,0.5901538461538463,False,False
19,PT,main,2008,2013,JZ,BE,734,0.037520235961741366,0.0014075689990854512,0.297,0.842,19c4675bbf8323e0daab3ca1ca57e287ec7abd791cb9cedfce16c85db5008794,10a7890f5d56f412da68555ce3636d4e50fafe00,hpcnode36,2054.257,0.7000000000000001,False,False
19,PT,main,2008,2013,JZ,FZ,768,0.01994495738613261,0.000397018332264909,0.597,0.702,19c4675bbf8323e0daab3ca1ca57e287ec7abd791cb9cedfce16c85db5008794,10a7890f5d56f412da68555ce3636d4e50fafe00,hpcnode36,2054.257,0.7827272727272727,False,False
19,PT,main,2008,2013,JZ,GI,770,0.012435563847898679,0.00015343156791580714,0.725,0.614,19c4675bbf8323e0daab3ca1ca57e287ec7abd791cb9cedfce16c85db5008794,10a7890f5d56f412da68555ce3636d4e50fafe00,hpcnode36,2054.257,0.812,False,False
19,PT,main,2008,2013,JZ,LZ,614,0.016334996036899363,0.0002668248073365298,0.693,0.636,19c4675bbf8323e0daab3ca1ca57e287ec7abd791cb9cedfce16c85db5008794,10a7890f5d56f412da68555ce3636d4e50fafe00,hpcnode36,2054.257,0.812,False,False
19,PT,main,2008,2013,JZ,MN,770,0.02660481680684046,0.0007077801126795791,0.469,0.796,19c4675bbf8323e0daab3ca1ca57e287ec7abd791cb9cedfce16c85db5008794,10a7890f5d56f412da68555ce3636d4e50fafe00,hpcnode36,2054.257,0.7827272727272727,False,False
19,PT,main,2008,2013,JZ,OQ,770,-0.036188833684865834,0.001309552328997321,0.327,0.864,19c4675bbf8323e0daab3ca1ca57e287ec7abd791cb9cedfce16c85db5008794,10a7890f5d56f412da68555ce3636d4e50fafe00,hpcnode36,2054.257,0.7072592592592593,False,False
19,PT,main,2008,2013,JZ,RU,761,0.013787757156686009,0.0001899392618844864,0.722,0.652,19c4675bbf8323e0daab3ca1ca57e287ec7abd791cb9cedfce16c85db5008794,10a7890f5d56f412da68555ce3636d4e50fafe00,hpcnode36,2054.257,0.812,False,False
20,PT,main,2008,2013,LZ,BE,786,0.06221956045039978,0.003866203003744184,0.11,0.904,19c4675bbf8323e0daab3ca1ca57e287ec7abd791cb9cedfce16c85db5008794,10a7890f5d56f412da68555ce3636d4e50fafe00,hpcnode36,2097.316,0.5901538461538463,False,False
20,PT,main,2008,2013,LZ,FZ,832,-0.05742655737079411,0.0032872234414170753,0.134,0.956,19c4675bbf8323e0daab3ca1ca57e287ec7abd791cb9cedfce16c85db5008794,10a7890f5d56f412da68555ce3636d4e50fafe00,hpcnode36,2097.316,0.5901538461538463,False,False
20,PT,main,2008,2013,LZ,GI,838,-0.02924951489644928,0.0008550561106165366,0.414,0.812,19c4675bbf8323e0daab3ca1ca57e287ec7abd791cb9cedfce16c85db5008794,10a7890f5d56f412da68555ce3636d4e50fafe00,hpcnode36,2097.316,0.7827272727272727,False,False
20,PT,main,2008,2013,LZ,JZ,578,0.026356987521343023,0.0006946867381788513,0.574,0.688,19c4675bbf8323e0daab3ca1ca57e287ec7abd791cb9cedfce16c85db5008794,10a7890f5d56f412da68555ce3636d4e50fafe00,hpcnode36,2097.316,0.7827272727272727,False,False
20,PT,main,2008,2013,LZ,MN,838,-0.040627904472265275,0.0016462963178164314,0.24,0.86,19c4675bbf8323e0daab3ca1ca57e287ec7abd791cb9cedfce16c85db5008794,10a7890f5d56f412da68555ce3636d4e50fafe00,hpcnode36,2097.316,0.6719999999999999,False,False
20,PT,main,2008,2013,LZ,OQ,838,-0.01946535302931962,0.00037782941375952284,0.615,0.736,19c4675bbf8323e0daab3ca1ca57e287ec7abd791cb9cedfce16c85db5008794,10a7890f5d56f412da68555ce3636d4e50fafe00,hpcnode36,2097.316,0.7827272727272727,False,False
20,PT,main,2008,2013,LZ,RU,823,0.02246490442642446,0.0005046420874246227,0.57,0.692,19c4675bbf8323e0daab3ca1ca57e287ec7abd791cb9cedfce16c85db5008794,10a7890f5d56f412da68555ce3636d4e50fafe00,hpcnode36,2097.316,0.7827272727272727,False,False
21,PT,main,2008,2013,MN,BE,1001,0.04364732908902563,0.0018964737762638961,0.199,0.872,19c4675bbf8323e0daab3ca1ca57e287ec7abd791cb9cedfce16c85db5008794,10a7890f5d56f412da68555ce3636d4e50fafe00,hpcnode10,1841.555,0.6719999999999999,False,False
21,PT,main,2008,2013,MN,FZ,1083,-0.023143814093762538,0.0005342176292546519,0.449,0.786,19c4675bbf8323e0daab3ca1ca57e287ec7abd791cb9cedfce16c85db5008794,10a7890f5d56f412da68555ce3636d4e50fafe00,hpcnode10,1841.555,0.7827272727272727,False,False
21,PT,main,2008,2013,MN,GI,1112,-0.01374266473624141,0.00018877458794053226,0.613,0.67,19c4675bbf8323e0daab3ca1ca57e287ec7abd791cb9cedfce16c85db5008794,10a7890f5d56f412da68555ce3636d4e50fafe00,hpcnode10,1841.555,0.7827272727272727,False,False
21,PT,main,2008,2013,MN,JZ,622,0.027584154394119098,0.0007590805394023237,0.539,0.746,19c4675bbf8323e0daab3ca1ca57e287ec7abd791cb9cedfce16c85db5008794,10a7890f5d56f412da68555ce3636d4e50fafe00,hpcnode10,1841.555,0.7827272727272727,False,False
21,PT,main,2008,2013,MN,LZ,705,0.04743970332077925,0.0022497335268029106,0.235,0.87,19c4675bbf8323e0daab3ca1ca57e287ec7abd791cb9cedfce16c85db5008794,10a7890f5d56f412da68555ce3636d4e50fafe00,hpcnode10,1841.555,0.6719999999999999,False,False
21,PT,main,2008,2013,MN,OQ,1112,-0.045241351361675425,0.0020429367887683236,0.126,0.918,19c4675bbf8323e0daab3ca1ca57e287ec7abd791cb9cedfce16c85db5008794,10a7890f5d56f412da68555ce3636d4e50fafe00,hpcnode10,1841.555,0.5901538461538463,False,False
21,PT,main,2008,2013,MN,RU,1054,0.06474528530650958,0.004191657820946437,0.06,0.93,19c4675bbf8323e0daab3ca1ca57e287ec7abd791cb9cedfce16c85db5008794,10a7890f5d56f412da68555ce3636d4e50fafe00,hpcnode10,1841.555,0.5901538461538463,False,False
22,PT,main,2008,2013,OQ,BE,1001,-0.02542203053664327,0.0006447911593387978,0.431,0.716,19c4675bbf8323e0daab3ca1ca57e287ec7abd791cb9cedfce16c85db5008794,10a7890f5d56f412da68555ce3636d4e50fafe00,hpcnode10,1849.247,0.7827272727272727,False,False
22,PT,main,2008,2013,OQ,FZ,1083,0.011284568251660854,0.00012705885913688597,0.72,0.64,19c4675bbf8323e0daab3ca1ca57e287ec7abd791cb9cedfce16c85db5008794,10a7890f5d56f412da68555ce3636d4e50fafe00,hpcnode10,1849.247,0.812,False,False
22,PT,main,2008,2013,OQ,GI,1112,-0.07921681134703246,0.006275212600798774,0.015,0.986,19c4675bbf8323e0daab3ca1ca57e287ec7abd791cb9cedfce16c85db5008794,10a7890f5d56f412da68555ce3636d4e50fafe00,hpcnode10,1849.247,0.42,False,False
22,PT,main,2008,2013,OQ,JZ,622,-0.0726112512886928,0.005271343636042869,0.092,0.936,19c4675bbf8323e0daab3ca1ca57e287ec7abd791cb9cedfce16c85db5008794,10a7890f5d56f412da68555ce3636d4e50fafe00,hpcnode10,1849.247,0.5901538461538463,False,False
22,PT,main,2008,2013,OQ,LZ,705,0.030625296247036915,0.0009368340196662661,0.447,0.754,19c4675bbf8323e0daab3ca1ca57e287ec7abd791cb9cedfce16c85db5008794,10a7890f5d56f412da68555ce3636d4e50fafe00,hpcnode10,1849.247,0.7827272727272727,False,False
22,PT,main,2008,2013,OQ,MN,1112,0.045756736761752625,0.002089747815943621,0.137,0.912,19c4675bbf8323e0daab3ca1ca57e287ec7abd791cb9cedfce16c85db5008794,10a7890f5d56f412da68555ce3636d4e50fafe00,hpcnode10,1849.247,0.5901538461538463,False,False
22,PT,main,2008,2013,OQ,RU,1054,0.012244199258373528,0.0001493910790391073,0.699,0.648,19c4675bbf8323e0daab3ca1ca57e287ec7abd791cb9cedfce16c85db5008794,10a7890f5d56f412da68555ce3636d4e50fafe00,hpcnode10,1849.247,0.812,False,False
23,PT,main,2008,2013,RU,BE,985,0.019774614793460654,0.00039102466437956895,0.565,0.658,19c4675bbf8323e0daab3ca1ca57e287ec7abd791cb9cedfce16c85db5008794,10a7890f5d56f412da68555ce3636d4e50fafe00,hpcnode10,2181.022,0.7827272727272727,False,False
23,PT,main,2008,2013,RU,FZ,1057,-0.030600466843914098,0.0009363640571823373,0.358,0.718,19c4675bbf8323e0daab3ca1ca57e287ec7abd791cb9cedfce16c85db5008794,10a7890f5d56f412da68555ce3636d4e50fafe00,hpcnode10,2181.022,0.716,False,False
23,PT,main,2008,2013,RU,GI,1082,0.03899636778104529,0.0015164488315280167,0.218,0.734,19c4675bbf8323e0daab3ca1ca57e287ec7abd791cb9cedfce16c85db5008794,10a7890f5d56f412da68555ce3636d4e50fafe00,hpcnode10,2181.022,0.6719999999999999,False,False
23,PT,main,2008,2013,RU,JZ,621,0.029726462187018354,0.0008836610882202445,0.528,0.736,19c4675bbf8323e0daab3ca1ca57e287ec7abd791cb9cedfce16c85db5008794,10a7890f5d56f412da68555ce3636d4e50fafe00,hpcnode10,2181.022,0.7827272727272727,False,False
23,PT,main,2008,2013,RU,LZ,704,-0.026136036203401547,0.0006830830448373293,0.505,0.794,19c4675bbf8323e0daab3ca1ca57e287ec7abd791cb9cedfce16c85db5008794,10a7890f5d56f412da68555ce3636d4e50fafe00,hpcnode10,2181.022,0.7827272727272727,False,False
23,PT,main,2008,2013,RU,MN,1082,-0.01882255777775889,0.00035428000313397767,0.553,0.698,19c4675bbf8323e0daab3ca1ca57e287ec7abd791cb9cedfce16c85db5008794,10a7890f5d56f412da68555ce3636d4e50fafe00,hpcnode10,2181.022,0.7827272727272727,False,False
23,PT,main,2008,2013,RU,OQ,1082,0.003706062384835118,1.3665894991077288e-05,0.9,0.508,19c4675bbf8323e0daab3ca1ca57e287ec7abd791cb9cedfce16c85db5008794,10a7890f5d56f412da68555ce3636d4e50fafe00,hpcnode10,2181.022,0.9,False,False
24,PT,main,2009,2014,BE,FZ,1288,0.007640461544313082,5.831555680180234e-05,0.755,0.552,19c4675bbf8323e0daab3ca1ca57e287ec7abd791cb9cedfce16c85db5008794,10a7890f5d56f412da68555ce3636d4e50fafe00,hpcnode10,2428.147,0.8866666666666667,False,False
24,PT,main,2009,2014,BE,GI,1315,-0.037195373066695736,0.0013250240852671347,0.161,0.94,19c4675bbf8323e0daab3ca1ca57e287ec7abd791cb9cedfce16c85db5008794,10a7890f5d56f412da68555ce3636d4e50fafe00,hpcnode10,2428.147,0.3855384615384615,False,False
24,PT,main,2009,2014,BE,JZ,762,0.011344749394025966,0.00012866275220868584,0.76,0.594,19c4675bbf8323e0daab3ca1ca57e287ec7abd791cb9cedfce16c85db5008794,10a7890f5d56f412da68555ce3636d4e50fafe00,hpcnode10,2428.147,0.8866666666666667,False,False
24,PT,main,2009,2014,BE,LZ,873,0.06355766334257175,0.004039478113983974,0.067,0.876,19c4675bbf8323e0daab3ca1ca57e287ec7abd791cb9cedfce16c85db5008794,10a7890f5d56f412da68555ce3636d4e50fafe00,hpcnode10,2428.147,0.37672727272727274,False,False
24,PT,main,2009,2014,BE,MN,1315,-0.010311813733605263,0.00010632966296175717,0.693,0.694,19c4675bbf8323e0daab3ca1ca57e287ec7abd791cb9cedfce16c85db5008794,10a7890f5d56f412da68555ce3636d4e50fafe00,hpcnode10,2428.147,0.8728695652173913,False,False
24,PT,main,2009,2014,BE,OQ,1315,-0.010969357426284548,0.00011473180625509727,0.618,0.734,19c4675bbf8323e0daab3ca1ca57e287ec7abd791cb9cedfce16c85db5008794,10a7890f5d56f412da68555ce3636d4e50fafe00,hpcnode10,2428.147,0.8652,False,False
24,PT,main,2009,2014,BE,RU,1262,-0.03203935324328318,0.0010263532246768126,0.25,0.79,19c4675bbf8323e0daab3ca1ca57e287ec7abd791cb9cedfce16c85db5008794,10a7890f5d56f412da68555ce3636d4e50fafe00,hpcnode10,2428.147,0.5185185185185185,False,False
25,PT,main,2009,2014,FZ,BE,1247,0.00426438296852627,1.8176340557229942e-05,0.882,0.544,19c4675bbf8323e0daab3ca1ca57e287ec7abd791cb9cedfce16c85db5008794,10a7890f5d56f412da68555ce3636d4e50fafe00,hpcnode10,2337.128,0.9374814814814815,False,False
25,PT,main,2009,2014,FZ,GI,1371,0.04357896107956211,0.0018731527912956292,0.101,0.908,19c4675bbf8323e0daab3ca1ca57e287ec7abd791cb9cedfce16c85db5008794,10a7890f5d56f412da68555ce3636d4e50fafe00,hpcnode10,2337.128,0.3854117647058824,False,False
25,PT,main,2009,2014,FZ,JZ,773,-0.02132310063946044,0.00045249873176222977,0.574,0.78,19c4675bbf8323e0daab3ca1ca57e287ec7abd791cb9cedfce16c85db5008794,10a7890f5d56f412da68555ce3636d4e50fafe00,hpcnode10,2337.128,0.8458947368421053,False,False
25,PT,main,2009,2014,FZ,LZ,884,-0.002549686674238688,6.500884974558474e-06,0.927,0.556,19c4675bbf8323e0daab3ca1ca57e287ec7abd791cb9cedfce16c85db5008794,10a7890f5d56f412da68555ce3636d4e50fafe00,hpcnode10,2337.128,0.9438545454545456,False,False
25,PT,main,2009,2014,FZ,MN,1371,-0.055811143583120865,0.00310675847914077,0.053,0.988,19c4675bbf8323e0daab3ca1ca57e287ec7abd791cb9cedfce16c85db5008794,10a7890f5d56f412da68555ce3636d4e50fafe00,hpcnode10,2337.128,0.37672727272727274,False,False
25,PT,main,2009,2014,FZ,OQ,1371,0.03367835865224256,0.001095597325944997,0.178,0.798,19c4675bbf8323e0daab3ca1ca57e287ec7abd791cb9cedfce16c85db5008794,10a7890f5d56f412da68555ce3636d4e50fafe00,hpcnode10,2337.128,0.3855384615384615,False,False
25,PT,main,2009,2014,FZ,RU,1310,-0.04660332831979391,0.002171051487424802,0.115,0.882,19c4675bbf8323e0daab3ca1ca57e287ec7abd791cb9cedfce16c85db5008794,10a7890f5d56f412da68555ce3636d4e50fafe00,hpcnode10,2337.128,0.3854117647058824,False,False
26,PT,main,2009,2014,GI,BE,1261,-0.023729763092287193,0.0005367195868714036,0.397,0.808,19c4675bbf8323e0daab3ca1ca57e287ec7abd791cb9cedfce16c85db5008794,10a7890f5d56f412da68555ce3636d4e50fafe00,hpcnode10,2016.282,0.69475,False,False
26,PT,main,2009,2014,GI,FZ,1354,-0.04037827346054551,0.001602289190775541,0.111,0.916,19c4675bbf8323e0daab3ca1ca57e287ec7abd791cb9cedfce16c85db5008794,10a7890f5d56f412da68555ce3636d4e50fafe00,hpcnode10,2016.282,0.3854117647058824,False,False
26,PT,main,2009,2014,GI,JZ,773,-0.05745091158173171,0.003287911357241158,0.13,0.948,19c4675bbf8323e0daab3ca1ca57e287ec7abd791cb9cedfce16c85db5008794,10a7890f5d56f412da68555ce3636d4e50fafe00,hpcnode10,2016.282,0.3855384615384615,False,False
26,PT,main,2009,2014,GI,LZ,885,-0.05529448692077249,0.003053480139416531,0.117,0.966,19c4675bbf8323e0daab3ca1ca57e287ec7abd791cb9cedfce16c85db5008794,10a7890f5d56f412da68555ce3636d4e50fafe00,hpcnode10,2016.282,0.3854117647058824,False,False
26,PT,main,2009,2014,GI,MN,1390,-0.056738461109509086,0.0032144384109333846,0.058,0.946,19c4675bbf8323e0daab3ca1ca57e287ec7abd791cb9cedfce16c85db5008794,10a7890f5d56f412da68555ce3636d4e50fafe00,hpcnode10,2016.282,0.37672727272727274,False,False
26,PT,main,2009,2014,GI,OQ,1390,-0.04018125973579596,0.001367463672974245,0.071,0.94,19c4675bbf8323e0daab3ca1ca57e287ec7abd791cb9cedfce16c85db5008794,10a7890f5d56f412da68555ce3636d4e50fafe00,hpcnode10,2016.282,0.37672727272727274,False,False
26,PT,main,2009,2014,GI,RU,1321,-0.04815126892454202,0.002315516127603945,0.093,0.856,19c4675bbf8323e0daab3ca1ca57e287ec7abd791cb9cedfce16c85db5008794,10a7890f5d56f412da68555ce3636d4e50fafe00,hpcnode10,2016.282,0.3854117647058824,False,False
27,PT,main,2009,2014,JZ,BE,912,0.03658106584339388,0.0013369191670459246,0.275,0.846,19c4675bbf8323e0daab3ca1ca57e287ec7abd791cb9cedfce16c85db5008794,10a7890f5d56f412da68555ce3636d4e50fafe00,hpcnode10,2161.479,0.55,False,False
27,PT,main,2009,2014,JZ,FZ,950,0.02165564754272986,0.00046751586598403616,0.486,0.704,19c4675bbf8323e0daab3ca1ca57e287ec7abd791cb9cedfce16c85db5008794,10a7890f5d56f412da68555ce3636d4e50fafe00,hpcnode10,2161.479,0.756,False,False
27,PT,main,2009,2014,JZ,GI,952,0.004072083867988824,1.647275902560974e-05,0.903,0.558,19c4675bbf8323e0daab3ca1ca57e287ec7abd791cb9cedfce16c85db5008794,10a7890f5d56f412da68555ce3636d4e50fafe00,hpcnode10,2161.479,0.9374814814814815,False,False
27,PT,main,2009,2014,JZ,LZ,765,0.02537748012166563,0.0006437800741297961,0.485,0.69,19c4675bbf8323e0daab3ca1ca57e287ec7abd791cb9cedfce16c85db5008794,10a7890f5d56f412da68555ce3636d4e50fafe00,hpcnode10,2161.479,0.756,False,False
27,PT,main,2009,2014,JZ,MN,952,0.047939824512539586,0.0022980891152258875,0.178,0.954,19c4675bbf8323e0daab3ca1ca57e287ec7abd791cb9cedfce16c85db5008794,10a7890f5d56f412da68555ce3636d4e50fafe00,hpcnode10,2161.479,0.3855384615384615,False,False
27,PT,main,2009,2014,JZ,OQ,952,-0.031138097474889007,0.0009695766448274412,0.3,0.844,19c4675bbf8323e0daab3ca1ca57e287ec7abd791cb9cedfce16c85db5008794,10a7890f5d56f412da68555ce3636d4e50fafe00,hpcnode10,2161.479,0.56,False,False
27,PT,main,2009,2014,JZ,RU,942,0.03050359666263114,0.0009302382648920249,0.381,0.802,19c4675bbf8323e0daab3ca1ca57e287ec7abd791cb9cedfce16c85db5008794,10a7890f5d56f412da68555ce3636d4e50fafe00,hpcnode10,2161.479,0.688258064516129,False,False
28,PT,main,2009,2014,LZ,BE,997,0.014542837688682947,0.00021140899088578635,0.672,0.634,19c4675bbf8323e0daab3ca1ca57e287ec7abd791cb9cedfce16c85db5008794,10a7890f5d56f412da68555ce3636d4e50fafe00,hpcnode10,2306.797,0.8728695652173913,False,False
28,PT,main,2009,2014,LZ,FZ,1046,-0.04423170606572263,0.001956405419050844,0.162,0.932,19c4675bbf8323e0daab3ca1ca57e287ec7abd791cb9cedfce16c85db5008794,10a7890f5d56f412da68555ce3636d4e50fafe00,hpcnode10,2306.797,0.3855384615384615,False,False
28,PT,main,2009,2014,LZ,GI,1054,0.004181568495329024,1.7479981514578746e-05,0.904,0.558,19c4675bbf8323e0daab3ca1ca57e287ec7abd791cb9cedfce16c85db5008794,10a7890f5d56f412da68555ce3636d4e50fafe00,hpcnode10,2306.797,0.9374814814814815,False,False
28,PT,main,2009,2014,LZ,JZ,718,-0.015755228682256994,0.00024819654311158956,0.688,0.644,19c4675bbf8323e0daab3ca1ca57e287ec7abd791cb9cedfce16c85db5008794,10a7890f5d56f412da68555ce3636d4e50fafe00,hpcnode10,2306.797,0.8728695652173913,False,False
28,PT,main,2009,2014,LZ,MN,1054,-0.02533510729559879,0.000641855112182399,0.427,0.82,19c4675bbf8323e0daab3ca1ca57e287ec7abd791cb9cedfce16c85db5008794,10a7890f5d56f412da68555ce3636d4e50fafe00,hpcnode10,2306.797,0.7032941176470588,False,False
28,PT,main,2009,2014,LZ,OQ,1054,-0.010962413470270965,0.00012014629509349284,0.717,0.654,19c4675bbf8323e0daab3ca1ca57e287ec7abd791cb9cedfce16c85db5008794,10a7890f5d56f412da68555ce3636d4e50fafe00,hpcnode10,2306.797,0.8728695652173913,False,False
28,PT,main,2009,2014,LZ,RU,1034,0.0075545759548890645,5.706522539894454e-05,0.828,0.596,19c4675bbf8323e0daab3ca1ca57e287ec7abd791cb9cedfce16c85db5008794,10a7890f5d56f412da68555ce3636d4e50fafe00,hpcnode10,2306.797,0.9273599999999999,False,False
29,PT,main,2009,2014,MN,BE,1261,0.056287144902385566,0.0031658561756788828,0.053,0.912,19c4675bbf8323e0daab3ca1ca57e287ec7abd791cb9cedfce16c85db5008794,10a7890f5d56f412da68555ce3636d4e50fafe00,hpcnode10,2034.107,0.37672727272727274,False,False
29,PT,main,2009,2014,MN,FZ,1354,-0.003544583295611914,1.2527483885471646e-05,0.904,0.542,19c4675bbf8323e0daab3ca1ca57e287ec7abd791cb9cedfce16c85db5008794,10a7890f5d56f412da68555ce3636d4e50fafe00,hpcnode10,2034.107,0.9374814814814815,False,False
29,PT,main,2009,2014,MN,GI,1390,0.0009685706617418299,9.367261063486509e-07,0.979,0.524,19c4675bbf8323e0daab3ca1ca57e287ec7abd791cb9cedfce16c85db5008794,10a7890f5d56f412da68555ce3636d4e50fafe00,hpcnode10,2034.107,0.979,False,False
29,PT,main,2009,2014,MN,JZ,773,0.05516106898562696,0.003040798899000774,0.163,0.948,19c4675bbf8323e0daab3ca1ca57e287ec7abd791cb9cedfce16c85db5008794,10a7890f5d56f412da68555ce3636d4e50fafe00,hpcnode10,2034.107,0.3855384615384615,False,False
29,PT,main,2009,2014,MN,LZ,885,0.013187666180346225,0.00017389494079078638,0.704,0.646,19c4675bbf8323e0daab3ca1ca57e287ec7abd791cb9cedfce16c85db5008794,10a7890f5d56f412da68555ce3636d4e50fafe00,hpcnode10,2034.107,0.8728695652173913,False,False
29,PT,main,2009,2014,MN,OQ,1390,-0.03476844448639429,0.0012074917657560746,0.179,0.894,19c4675bbf8323e0daab3ca1ca57e287ec7abd791cb9cedfce16c85db5008794,10a7890f5d56f412da68555ce3636d4e50fafe00,hpcnode10,2034.107,0.3855384615384615,False,False
29,PT,main,2009,2014,MN,RU,1321,0.022887294871219543,0.0005236417866053555,0.424,0.76,19c4675bbf8323e0daab3ca1ca57e287ec7abd791cb9cedfce16c85db5008794,10a7890f5d56f412da68555ce3636d4e50fafe00,hpcnode10,2034.107,0.7032941176470588,False,False
30,PT,main,2009,2014,OQ,BE,1261,-0.03249004037584868,0.0010078157916889596,0.173,0.97,19c4675bbf8323e0daab3ca1ca57e287ec7abd791cb9cedfce16c85db5008794,10a7890f5d56f412da68555ce3636d4e50fafe00,hpcnode10,2185.234,0.3855384615384615,False,False
30,PT,main,2009,2014,OQ,FZ,1354,-0.05637104817417188,0.0030645901344555915,0.014,0.994,19c4675bbf8323e0daab3ca1ca57e287ec7abd791cb9cedfce16c85db5008794,10a7890f5d56f412da68555ce3636d4e50fafe00,hpcnode10,2185.234,0.37672727272727274,False,False
30,PT,main,2009,2014,OQ,GI,1390,-0.08371891025809258,0.005936299918676946,0.001,1.0,19c4675bbf8323e0daab3ca1ca57e287ec7abd791cb9cedfce16c85db5008794,10a7890f5d56f412da68555ce3636d4e50fafe00,hpcnode10,2185.234,0.056,False,False
30,PT,main,2009,2014,OQ,JZ,773,-0.06961830833393179,0.004846193265080068,0.066,0.982,19c4675bbf8323e0daab3ca1ca57e287ec7abd791cb9cedfce16c85db5008794,10a7890f5d56f412da68555ce3636d4e50fafe00,hpcnode10,2185.234,0.37672727272727274,False,False
30,PT,main,2009,2014,OQ,LZ,885,-0.0617983731171855,0.0038187229921464727,0.094,0.948,19c4675bbf8323e0daab3ca1ca57e287ec7abd791cb9cedfce16c85db5008794,10a7890f5d56f412da68555ce3636d4e50fafe00,hpcnode10,2185.234,0.3854117647058824,False,False
30,PT,main,2009,2014,OQ,MN,1390,-0.06057277598937039,0.00366495469514605,0.052,0.978,19c4675bbf8323e0daab3ca1ca57e287ec7abd791cb9cedfce16c85db5008794,10a7890f5d56f412da68555ce3636d4e50fafe00,hpcnode10,2185.234,0.37672727272727274,False,False
30,PT,main,2009,2014,OQ,RU,1321,-0.052445858353406316,0.002746351537033287,0.074,0.928,19c4675bbf8323e0daab3ca1ca57e287ec7abd791cb9cedfce16c85db5008794,10a7890f5d56f412da68555ce3636d4e50fafe00,hpcnode10,2185.234,0.37672727272727274,False,False
31,PT,main,2009,2014,RU,BE,1242,0.01405100330143172,0.00019737753289672533,0.609,0.668,19c4675bbf8323e0daab3ca1ca57e287ec7abd791cb9cedfce16c85db5008794,10a7890f5d56f412da68555ce3636d4e50fafe00,hpcnode10,2364.772,0.8652,False,False
31,PT,main,2009,2014,RU,FZ,1324,-0.027606336414163976,0.0007619075548774834,0.286,0.742,19c4675bbf8323e0daab3ca1ca57e287ec7abd791cb9cedfce16c85db5008794,10a7890f5d56f412da68555ce3636d4e50fafe00,hpcnode10,2364.772,0.5522758620689655,False,False
31,PT,main,2009,2014,RU,GI,1353,0.05011027227162368,0.0025080025908028603,0.065,0.898,19c4675bbf8323e0daab3ca1ca57e287ec7abd791cb9cedfce16c85db5008794,10a7890f5d56f412da68555ce3636d4e50fafe00,hpcnode10,2364.772,0.37672727272727274,False,False
31,PT,main,2009,2014,RU,JZ,772,0.02039633192645185,0.00041597714419527865,0.552,0.73,19c4675bbf8323e0daab3ca1ca57e287ec7abd791cb9cedfce16c85db5008794,10a7890f5d56f412da68555ce3636d4e50fafe00,hpcnode10,2364.772,0.8354594594594595,False,False
31,PT,main,2009,2014,RU,LZ,884,0.008531622158154062,7.27761464565102e-05,0.806,0.602,19c4675bbf8323e0daab3ca1ca57e287ec7abd791cb9cedfce16c85db5008794,10a7890f5d56f412da68555ce3636d4e50fafe00,hpcnode10,2364.772,0.9211428571428572,False,False
31,PT,main,2009,2014,RU,MN,1353,-0.039344924567344675,0.0015476961653800858,0.179,0.85,19c4675bbf8323e0daab3ca1ca57e287ec7abd791cb9cedfce16c85db5008794,10a7890f5d56f412da68555ce3636d4e50fafe00,hpcnode10,2364.772,0.3855384615384615,False,False
31,PT,main,2009,2014,RU,OQ,1353,-0.011999651945459794,0.00014374525847371533,0.635,0.634,19c4675bbf8323e0daab3ca1ca57e287ec7abd791cb9cedfce16c85db5008794,10a7890f5d56f412da68555ce3636d4e50fafe00,hpcnode10,2364.772,0.8673170731707318,False,False
32,PT,main,2010,2015,BE,FZ,1553,0.017415339699509647,0.0003026571957301938,0.48,0.708,19c4675bbf8323e0daab3ca1ca57e287ec7abd791cb9cedfce16c85db5008794,10a7890f5d56f412da68555ce3636d4e50fafe00,hpcnode10,2535.331,0.8997333333333333,False,False
32,PT,main,2010,2015,BE,GI,1586,-0.02181726755335689,0.0004547509950529882,0.377,0.834,19c4675bbf8323e0daab3ca1ca57e287ec7abd791cb9cedfce16c85db5008794,10a7890f5d56f412da68555ce3636d4e50fafe00,hpcnode10,2535.331,0.8444800000000001,False,False
32,PT,main,2010,2015,BE,JZ,910,-0.0028406721210958753,8.069110261743617e-06,0.939,0.574,19c4675bbf8323e0daab3ca1ca57e287ec7abd791cb9cedfce16c85db5008794,10a7890f5d56f412da68555ce3636d4e50fafe00,hpcnode10,2535.331,0.9880000000000001,False,False
32,PT,main,2010,2015,BE,LZ,1043,0.05789009500666331,0.0033510473592538448,0.067,0.862,19c4675bbf8323e0daab3ca1ca57e287ec7abd791cb9cedfce16c85db5008794,10a7890f5d56f412da68555ce3636d4e50fafe00,hpcnode10,2535.331,0.4915555555555556,False,False
32,PT,main,2010,2015,BE,MN,1586,-0.012633657561056166,0.00015960229113076707,0.631,0.69,19c4675bbf8323e0daab3ca1ca57e287ec7abd791cb9cedfce16c85db5008794,10a7890f5d56f412da68555ce3636d4e50fafe00,hpcnode10,2535.331,0.9815555555555555,False,False
32,PT,main,2010,2015,BE,OQ,1586,0.009585604306042245,8.74883778765323e-05,0.653,0.646,19c4675bbf8323e0daab3ca1ca57e287ec7abd791cb9cedfce16c85db5008794,10a7890f5d56f412da68555ce3636d4e50fafe00,hpcnode10,2535.331,0.9880000000000001,False,False
32,PT,main,2010,2015,BE,RU,1526,-0.0306556698467369,0.0009389107387619555,0.257,0.816,19c4675bbf8323e0daab3ca1ca57e287ec7abd791cb9cedfce16c85db5008794,10a7890f5d56f412da68555ce3636d4e50fafe00,hpcnode10,2535.331,0.6853333333333333,False,False
33,PT,main,2010,2015,FZ,BE,1507,0.017349029676247574,0.0003005989749127469,0.482,0.704,19c4675bbf8323e0daab3ca1ca57e287ec7abd791cb9cedfce16c85db5008794,10a7890f5d56f412da68555ce3636d4e50fafe00,hpcnode10,2443.231,0.8997333333333333,False,False
33,PT,main,2010,2015,FZ,GI,1648,0.06848783320393537,0.004594124674617728,0.006,0.988,19c4675bbf8323e0daab3ca1ca57e287ec7abd791cb9cedfce16c85db5008794,10a7890f5d56f412da68555ce3636d4e50fafe00,hpcnode10,2443.231,0.252,False,False
33,PT,main,2010,2015,FZ,JZ,921,0.0020262144157916218,4.098204051450338e-06,0.954,0.53,19c4675bbf8323e0daab3ca1ca57e287ec7abd791cb9cedfce16c85db5008794,10a7890f5d56f412da68555ce3636d4e50fafe00,hpcnode10,2443.231,0.9880000000000001,False,False
33,PT,main,2010,2015,FZ,LZ,1056,0.014892759389785043,0.00022174859478274467,0.621,0.624,19c4675bbf8323e0daab3ca1ca57e287ec7abd791cb9cedfce16c85db5008794,10a7890f5d56f412da68555ce3636d4e50fafe00,hpcnode10,2443.231,0.9815555555555555,False,False
33,PT,main,2010,2015,FZ,MN,1648,-0.029861096359957262,0.0008884790748395766,0.214,0.904,19c4675bbf8323e0daab3ca1ca57e287ec7abd791cb9cedfce16c85db5008794,10a7890f5d56f412da68555ce3636d4e50fafe00,hpcnode10,2443.231,0.5992,False,False
33,PT,main,2010,2015,FZ,OQ,1648,0.05632509300993101,0.0030466832989752834,0.023,0.946,19c4675bbf8323e0daab3ca1ca57e287ec7abd791cb9cedfce16c85db5008794,10a7890f5d56f412da68555ce3636d4e50fafe00,hpcnode10,2443.231,0.3266666666666667,False,False
33,PT,main,2010,2015,FZ,RU,1578,-0.044283584186279534,0.0019589516162710208,0.073,0.91,19c4675bbf8323e0daab3ca1ca57e287ec7abd791cb9cedfce16c85db5008794,10a7890f5d56f412da68555ce3636d4e50fafe00,hpcnode10,2443.231,0.4915555555555556,False,False
34,PT,main,2010,2015,GI,BE,1521,-0.001389712356449302,1.8413114470927638e-06,0.959,0.536,19c4675bbf8323e0daab3ca1ca57e287ec7abd791cb9cedfce16c85db5008794,10a7890f5d56f412da68555ce3636d4e50fafe00,hpcnode10,2101.41,0.9880000000000001,False,False
34,PT,main,2010,2015,GI,FZ,1626,0.002061480970494356,4.143414900292797e-06,0.931,0.494,19c4675bbf8323e0daab3ca1ca57e287ec7abd791cb9cedfce16c85db5008794,10a7890f5d56f412da68555ce3636d4e50fafe00,hpcnode10,2101.41,0.9880000000000001,False,False
34,PT,main,2010,2015,GI,JZ,921,-0.05175773303780956,0.002677335921662638,0.114,0.954,19c4675bbf8323e0daab3ca1ca57e287ec7abd791cb9cedfce16c85db5008794,10a7890f5d56f412da68555ce3636d4e50fafe00,hpcnode10,2101.41,0.532,False,False
34,PT,main,2010,2015,GI,LZ,1057,-0.017045755620680725,0.00028982046862302546,0.598,0.702,19c4675bbf8323e0daab3ca1ca57e287ec7abd791cb9cedfce16c85db5008794,10a7890f5d56f412da68555ce3636d4e50fafe00,hpcnode10,2101.41,0.9815555555555555,False,False
34,PT,main,2010,2015,GI,MN,1668,-0.03446815359507399,0.0011849950324922531,0.161,0.862,19c4675bbf8323e0daab3ca1ca57e287ec7abd791cb9cedfce16c85db5008794,10a7890f5d56f412da68555ce3636d4e50fafe00,hpcnode10,2101.41,0.5810000000000001,False,False
34,PT,main,2010,2015,GI,OQ,1668,0.015488800264008729,0.00020010422293015306,0.445,0.71,19c4675bbf8323e0daab3ca1ca57e287ec7abd791cb9cedfce16c85db5008794,10a7890f5d56f412da68555ce3636d4e50fafe00,hpcnode10,2101.41,0.89,False,False
34,PT,main,2010,2015,GI,RU,1590,-0.03394859537614231,0.001150714195033209,0.179,0.822,19c4675bbf8323e0daab3ca1ca57e287ec7abd791cb9cedfce16c85db5008794,10a7890f5d56f412da68555ce3636d4e50fafe00,hpcnode10,2101.41,0.5896470588235294,False,False
35,PT,main,2010,2015,JZ,BE,1094,0.06574683826625707,0.004322289205829888,0.03,0.974,19c4675bbf8323e0daab3ca1ca57e287ec7abd791cb9cedfce16c85db5008794,10a7890f5d56f412da68555ce3636d4e50fafe00,hpcnode09,2268.741,0.3266666666666667,False,False
35,PT,main,2010,2015,JZ,FZ,1132,0.036330865265688184,0.0013189466121372728,0.211,0.932,19c4675bbf8323e0daab3ca1ca57e287ec7abd791cb9cedfce16c85db5008794,10a7890f5d56f412da68555ce3636d4e50fafe00,hpcnode09,2268.741,0.5992,False,False
35,PT,main,2010,2015,JZ,GI,1135,0.020874157338693522,0.0004351837636775713,0.429,0.82,19c4675bbf8323e0daab3ca1ca57e287ec7abd791cb9cedfce16c85db5008794,10a7890f5d56f412da68555ce3636d4e50fafe00,hpcnode09,2268.741,0.89,False,False
35,PT,main,2010,2015,JZ,LZ,911,-0.009854871364754056,9.694488247435906e-05,0.75,0.6,19c4675bbf8323e0daab3ca1ca57e287ec7abd791cb9cedfce16c85db5008794,10a7890f5d56f412da68555ce3636d4e50fafe00,hpcnode09,2268.741,0.9880000000000001,False,False
35,PT,main,2010,2015,JZ,MN,1135,0.047085992728100934,0.0022157814004249987,0.127,0.97,19c4675bbf8323e0daab3ca1ca57e287ec7abd791cb9cedfce16c85db5008794,10a7890f5d56f412da68555ce3636d4e50fafe00,hpcnode09,2268.741,0.5470769230769231,False,False
35,PT,main,2010,2015,JZ,OQ,1135,-0.0062403968232195295,3.891442621317687e-05,0.82,0.596,19c4675bbf8323e0daab3ca1ca57e287ec7abd791cb9cedfce16c85db5008794,10a7890f5d56f412da68555ce3636d4e50fafe00,hpcnode09,2268.741,0.9880000000000001,False,False
35,PT,main,2010,2015,JZ,RU,1124,0.030527471944297647,0.0009318173949438568,0.329,0.878,19c4675bbf8323e0daab3ca1ca57e287ec7abd791cb9cedfce16c85db5008794,10a7890f5d56f412da68555ce3636d4e50fafe00,hpcnode09,2268.741,0.8180869565217392,False,False
36,PT,main,2010,2015,LZ,BE,1195,0.0021664051335454904,4.692371029291209e-06,0.937,0.51,19c4675bbf8323e0daab3ca1ca57e287ec7abd791cb9cedfce16c85db5008794,10a7890f5d56f412da68555ce3636d4e50fafe00,hpcnode09,2404.458,0.9880000000000001,False,False
36,PT,main,2010,2015,LZ,FZ,1249,-0.040175886508839465,0.0016132232502247268,0.165,0.95,19c4675bbf8323e0daab3ca1ca57e287ec7abd791cb9cedfce16c85db5008794,10a7890f5d56f412da68555ce3636d4e50fafe00,hpcnode09,2404.458,0.5810000000000001,False,False
36,PT,main,2010,2015,LZ,GI,1259,0.002859507321401167,8.164778154795549e-06,0.912,0.512,19c4675bbf8323e0daab3ca1ca57e287ec7abd791cb9cedfce16c85db5008794,10a7890f5d56f412da68555ce3636d4e50fafe00,hpcnode09,2404.458,0.9880000000000001,False,False
36,PT,main,2010,2015,LZ,JZ,854,-0.008895154800102723,7.904022804794408e-05,0.826,0.586,19c4675bbf8323e0daab3ca1ca57e287ec7abd791cb9cedfce16c85db5008794,10a7890f5d56f412da68555ce3636d4e50fafe00,hpcnode09,2404.458,0.9880000000000001,False,False
36,PT,main,2010,2015,LZ,MN,1259,0.00753215356867637,5.673305996323208e-05,0.79,0.608,19c4675bbf8323e0daab3ca1ca57e287ec7abd791cb9cedfce16c85db5008794,10a7890f5d56f412da68555ce3636d4e50fafe00,hpcnode09,2404.458,0.9880000000000001,False,False
36,PT,main,2010,2015,LZ,OQ,1259,0.0025732937161860384,6.619546066621851e-06,0.945,0.482,19c4675bbf8323e0daab3ca1ca57e287ec7abd791cb9cedfce16c85db5008794,10a7890f5d56f412da68555ce3636d4e50fafe00,hpcnode09,2404.458,0.9880000000000001,False,False
36,PT,main,2010,2015,LZ,RU,1235,0.007156446084330213,5.120568120420277e-05,0.799,0.596,19c4675bbf8323e0daab3ca1ca57e287ec7abd791cb9cedfce16c85db5008794,10a7890f5d56f412da68555ce3636d4e50fafe00,hpcnode09,2404.458,0.9880000000000001,False,False
37,PT,main,2010,2015,MN,BE,1521,0.0533384559147817,0.0028444948581036744,0.035,0.984,19c4675bbf8323e0daab3ca1ca57e287ec7abd791cb9cedfce16c85db5008794,10a7890f5d56f412da68555ce3636d4e50fafe00,hpcnode09,2182.113,0.3266666666666667,False,False
37,PT,main,2010,2015,MN,FZ,1626,0.013845641320914981,0.00019097743739471262,0.533,0.732,19c4675bbf8323e0daab3ca1ca57e287ec7abd791cb9cedfce16c85db5008794,10a7890f5d56f412da68555ce3636d4e50fafe00,hpcnode09,2182.113,0.95725,False,False
37,PT,main,2010,2015,MN,GI,1668,0.005292072857680612,2.7933935108470642e-05,0.834,0.592,19c4675bbf8323e0daab3ca1ca57e287ec7abd791cb9cedfce16c85db5008794,10a7890f5d56f412da68555ce3636d4e50fafe00,hpcnode09,2182.113,0.9880000000000001,False,False
37,PT,main,2010,2015,MN,JZ,921,0.0337243527246992,0.0011362215256500718,0.336,0.862,19c4675bbf8323e0daab3ca1ca57e287ec7abd791cb9cedfce16c85db5008794,10a7890f5d56f412da68555ce3636d4e50fafe00,hpcnode09,2182.113,0.8180869565217392,False,False
37,PT,main,2010,2015,MN,LZ,1057,-0.016046268315853117,0.0002573852502990581,0.629,0.692,19c4675bbf8323e0daab3ca1ca57e287ec7abd791cb9cedfce16c85db5008794,10a7890f5d56f412da68555ce3636d4e50fafe00,hpcnode09,2182.113,0.9815555555555555,False,False
37,PT,main,2010,2015,MN,OQ,1668,-0.013634607995291818,0.00018586140411880336,0.547,0.73,19c4675bbf8323e0daab3ca1ca57e287ec7abd791cb9cedfce16c85db5008794,10a7890f5d56f412da68555ce3636d4e50fafe00,hpcnode09,2182.113,0.95725,False,False
37,PT,main,2010,2015,MN,RU,1590,-0.0011533486161519261,1.3302005227311398e-06,0.963,0.52,19c4675bbf8323e0daab3ca1ca57e287ec7abd791cb9cedfce16c85db5008794,10a7890f5d56f412da68555ce3636d4e50fafe00,hpcnode09,2182.113,0.9880000000000001,False,False
38,PT,main,2010,2015,OQ,BE,1521,-0.01954137614537982,0.000364530220170467,0.366,0.904,19c4675bbf8323e0daab3ca1ca57e287ec7abd791cb9cedfce16c85db5008794,10a7890f5d56f412da68555ce3636d4e50fafe00,hpcnode09,2110.4,0.8444800000000001,False,False
38,PT,main,2010,2015,OQ,FZ,1626,-0.03509703716639706,0.0011806724753024023,0.079,0.966,19c4675bbf8323e0daab3ca1ca57e287ec7abd791cb9cedfce16c85db5008794,10a7890f5d56f412da68555ce3636d4e50fafe00,hpcnode09,2110.4,0.4915555555555556,False,False
38,PT,main,2010,2015,OQ,GI,1668,-0.050526009253936265,0.0021293678360079227,0.009,1.0,19c4675bbf8323e0daab3ca1ca57e287ec7abd791cb9cedfce16c85db5008794,10a7890f5d56f412da68555ce3636d4e50fafe00,hpcnode09,2110.4,0.252,False,False
38,PT,main,2010,2015,OQ,JZ,921,-0.05205420722126991,0.002709351049833497,0.112,0.928,19c4675bbf8323e0daab3ca1ca57e287ec7abd791cb9cedfce16c85db5008794,10a7890f5d56f412da68555ce3636d4e50fafe00,hpcnode09,2110.4,0.532,False,False
38,PT,main,2010,2015,OQ,LZ,1057,-0.022618464871844546,0.0005114040713227741,0.432,0.774,19c4675bbf8323e0daab3ca1ca57e287ec7abd791cb9cedfce16c85db5008794,10a7890f5d56f412da68555ce3636d4e50fafe00,hpcnode09,2110.4,0.89,False,False
38,PT,main,2010,2015,OQ,MN,1668,-0.042744128825792094,0.0018266563106451583,0.096,0.948,19c4675bbf8323e0daab3ca1ca57e287ec7abd791cb9cedfce16c85db5008794,10a7890f5d56f412da68555ce3636d4e50fafe00,hpcnode09,2110.4,0.532,False,False
38,PT,main,2010,2015,OQ,RU,1590,-0.06195925893086207,0.0038274985109918447,0.029,0.954,19c4675bbf8323e0daab3ca1ca57e287ec7abd791cb9cedfce16c85db5008794,10a7890f5d56f412da68555ce3636d4e50fafe00,hpcnode09,2110.4,0.3266666666666667,False,False
39,PT,main,2010,2015,RU,BE,1497,-0.0037704136902895757,1.4194412084500563e-05,0.882,0.574,19c4675bbf8323e0daab3ca1ca57e287ec7abd791cb9cedfce16c85db5008794,10a7890f5d56f412da68555ce3636d4e50fafe00,hpcnode09,2519.915,0.9880000000000001,False,False
39,PT,main,2010,2015,RU,FZ,1589,-0.0002547712911329062,6.489400883324947e-08,0.987,0.518,19c4675bbf8323e0daab3ca1ca57e287ec7abd791cb9cedfce16c85db5008794,10a7890f5d56f412da68555ce3636d4e50fafe00,hpcnode09,2519.915,0.9880000000000001,False,False
39,PT,main,2010,2015,RU,GI,1624,0.03264685477078564,0.0010638848910096144,0.195,0.778,19c4675bbf8323e0daab3ca1ca57e287ec7abd791cb9cedfce16c85db5008794,10a7890f5d56f412da68555ce3636d4e50fafe00,hpcnode09,2519.915,0.5992,False,False
39,PT,main,2010,2015,RU,JZ,919,0.00146592496946657,2.148645740329691e-06,0.968,0.512,19c4675bbf8323e0daab3ca1ca57e287ec7abd791cb9cedfce16c85db5008794,10a7890f5d56f412da68555ce3636d4e50fafe00,hpcnode09,2519.915,0.9880000000000001,False,False
39,PT,main,2010,2015,RU,LZ,1055,0.002173819818742595,4.724970530944894e-06,0.935,0.524,19c4675bbf8323e0daab3ca1ca57e287ec7abd791cb9cedfce16c85db5008794,10a7890f5d56f412da68555ce3636d4e50fafe00,hpcnode09,2519.915,0.9880000000000001,False,False
39,PT,main,2010,2015,RU,MN,1624,-0.034012007837683364,0.0011567588109924198,0.166,0.834,19c4675bbf8323e0daab3ca1ca57e287ec7abd791cb9cedfce16c85db5008794,10a7890f5d56f412da68555ce3636d4e50fafe00,hpcnode09,2519.915,0.5810000000000001,False,False
39,PT,main,2010,2015,RU,OQ,1624,-0.00033232213354546236,1.101542710379988e-07,0.988,0.556,19c4675bbf8323e0daab3ca1ca57e287ec7abd791cb9cedfce16c85db5008794,10a7890f5d56f412da68555ce3636d4e50fafe00,hpcnode09,2519.915,0.9880000000000001,False,False
40,PT,main,2011,2016,BE,FZ,1548,0.0025510676425486017,6.495070835721428e-06,0.924,0.564,19c4675bbf8323e0daab3ca1ca57e287ec7abd791cb9cedfce16c85db5008794,10a7890f5d56f412da68555ce3636d4e50fafe00,hpcnode09,2647.28,0.9582222222222222,False,False
40,PT,main,2011,2016,BE,GI,1587,-0.025961638227626288,0.0006436564303596848,0.263,0.882,19c4675bbf8323e0daab3ca1ca57e287ec7abd791cb9cedfce16c85db5008794,10a7890f5d56f412da68555ce3636d4e50fafe00,hpcnode09,2647.28,0.6136666666666667,False,False
40,PT,main,2011,2016,BE,JZ,901,-0.022980976263371023,0.0005280407759649108,0.488,0.782,19c4675bbf8323e0daab3ca1ca57e287ec7abd791cb9cedfce16c85db5008794,10a7890f5d56f412da68555ce3636d4e50fafe00,hpcnode09,2647.28,0.8242051282051281,False,False
40,PT,main,2011,2016,BE,LZ,1044,0.06970481594714772,0.004858744784043578,0.028,0.91,19c4675bbf8323e0daab3ca1ca57e287ec7abd791cb9cedfce16c85db5008794,10a7890f5d56f412da68555ce3636d4e50fafe00,hpcnode09,2647.28,0.33599999999999997,False,False
40,PT,main,2011,2016,BE,MN,1587,-0.015045631393931447,0.00022635711401486347,0.528,0.692,19c4675bbf8323e0daab3ca1ca57e287ec7abd791cb9cedfce16c85db5008794,10a7890f5d56f412da68555ce3636d4e50fafe00,hpcnode09,2647.28,0.8242051282051281,False,False
40,PT,main,2011,2016,BE,OQ,1587,0.010291668673242826,0.00010107201812536992,0.657,0.66,19c4675bbf8323e0daab3ca1ca57e287ec7abd791cb9cedfce16c85db5008794,10a7890f5d56f412da68555ce3636d4e50fafe00,hpcnode09,2647.28,0.8619130434782608,False,False
40,PT,main,2011,2016,BE,RU,1534,-0.036585405613402844,0.0013369763497859122,0.151,0.868,19c4675bbf8323e0daab3ca1ca57e287ec7abd791cb9cedfce16c85db5008794,10a7890f5d56f412da68555ce3636d4e50fafe00,hpcnode09,2647.28,0.5740000000000001,False,False
41,PT,main,2011,2016,FZ,BE,1511,0.008018084212777637,6.42230939718047e-05,0.752,0.616,19c4675bbf8323e0daab3ca1ca57e287ec7abd791cb9cedfce16c85db5008794,10a7890f5d56f412da68555ce3636d4e50fafe00,hpcnode09,2454.559,0.896,False,False
41,PT,main,2011,2016,FZ,GI,1642,0.06530679594932029,0.004191538939678829,0.006,0.986,19c4675bbf8323e0daab3ca1ca57e287ec7abd791cb9cedfce16c85db5008794,10a7890f5d56f412da68555ce3636d4e50fafe00,hpcnode09,2454.559,0.168,False,False
41,PT,main,2011,2016,FZ,JZ,911,0.02694753883381873,0.0007259317477530391,0.415,0.756,19c4675bbf8323e0daab3ca1ca57e287ec7abd791cb9cedfce16c85db5008794,10a7890f5d56f412da68555ce3636d4e50fafe00,hpcnode09,2454.559,0.8242051282051281,False,False
41,PT,main,2011,2016,FZ,LZ,1056,0.007133892526492602,5.0863718071281205e-05,0.833,0.616,19c4675bbf8323e0daab3ca1ca57e287ec7abd791cb9cedfce16c85db5008794,10a7890f5d56f412da68555ce3636d4e50fafe00,hpcnode09,2454.559,0.9329599999999999,False,False
41,PT,main,2011,2016,FZ,MN,1642,-0.031192351386739828,0.0009723560568249967,0.206,0.89,19c4675bbf8323e0daab3ca1ca57e287ec7abd791cb9cedfce16c85db5008794,10a7890f5d56f412da68555ce3636d4e50fafe00,hpcnode09,2454.559,0.5786666666666667,False,False
41,PT,main,2011,2016,FZ,OQ,1642,0.04855619652643195,0.0022773249634266968,0.06,0.918,19c4675bbf8323e0daab3ca1ca57e287ec7abd791cb9cedfce16c85db5008794,10a7890f5d56f412da68555ce3636d4e50fafe00,hpcnode09,2454.559,0.3808,False,False
41,PT,main,2011,2016,FZ,RU,1580,-0.05040859249570198,0.0025328921483709355,0.046,0.932,19c4675bbf8323e0daab3ca1ca57e287ec7abd791cb9cedfce16c85db5008794,10a7890f5d56f412da68555ce3636d4e50fafe00,hpcnode09,2454.559,0.368,False,False
42,PT,main,2011,2016,GI,BE,1528,-0.016568172966778483,0.0002620797538974706,0.531,0.758,19c4675bbf8323e0daab3ca1ca57e287ec7abd791cb9cedfce16c85db5008794,10a7890f5d56f412da68555ce3636d4e50fafe00,hpcnode09,2076.227,0.8242051282051281,False,False
42,PT,main,2011,2016,GI,FZ,1619,-0.01318252584547484,0.00017064985373738129,0.573,0.724,19c4675bbf8323e0daab3ca1ca57e287ec7abd791cb9cedfce16c85db5008794,10a7890f5d56f412da68555ce3636d4e50fafe00,hpcnode09,2076.227,0.8242051282051281,False,False
42,PT,main,2011,2016,GI,JZ,911,-0.05658557713705159,0.0032001442783405887,0.097,0.986,19c4675bbf8323e0daab3ca1ca57e287ec7abd791cb9cedfce16c85db5008794,10a7890f5d56f412da68555ce3636d4e50fafe00,hpcnode09,2076.227,0.4938181818181819,False,False
42,PT,main,2011,2016,GI,LZ,1057,-0.005069570153646882,2.5551301681248084e-05,0.853,0.572,19c4675bbf8323e0daab3ca1ca57e287ec7abd791cb9cedfce16c85db5008794,10a7890f5d56f412da68555ce3636d4e50fafe00,hpcnode09,2076.227,0.9366274509803921,False,False
42,PT,main,2011,2016,GI,MN,1668,-0.08174450288389612,0.006668172084680735,0.004,0.992,19c4675bbf8323e0daab3ca1ca57e287ec7abd791cb9cedfce16c85db5008794,10a7890f5d56f412da68555ce3636d4e50fafe00,hpcnode09,2076.227,0.168,False,False
42,PT,main,2011,2016,GI,OQ,1668,0.023292581262423243,0.00045599480537150683,0.248,0.83,19c4675bbf8323e0daab3ca1ca57e287ec7abd791cb9cedfce16c85db5008794,10a7890f5d56f412da68555ce3636d4e50fafe00,hpcnode09,2076.227,0.6038260869565217,False,False
42,PT,main,2011,2016,GI,RU,1598,-0.023721688519571293,0.0005620112554924894,0.352,0.762,19c4675bbf8323e0daab3ca1ca57e287ec7abd791cb9cedfce16c85db5008794,10a7890f5d56f412da68555ce3636d4e50fafe00,hpcnode09,2076.227,0.7581538461538462,False,False
43,PT,main,2011,2016,JZ,BE,1076,0.04047343688800553,0.001637976485079462,0.164,0.92,19c4675bbf8323e0daab3ca1ca57e287ec7abd791cb9cedfce16c85db5008794,10a7890f5d56f412da68555ce3636d4e50fafe00,hpcnode09,2284.181,0.5740000000000001,False,False
43,PT,main,2011,2016,JZ,FZ,1108,0.0411922056399211,0.0016967396697343817,0.155,0.936,19c4675bbf8323e0daab3ca1ca57e287ec7abd791cb9cedfce16c85db5008794,10a7890f5d56f412da68555ce3636d4e50fafe00,hpcnode09,2284.181,0.5740000000000001,False,False
43,PT,main,2011,2016,JZ,GI,1114,0.015644404370299347,0.00024474737611013264,0.568,0.764,19c4675bbf8323e0daab3ca1ca57e287ec7abd791cb9cedfce16c85db5008794,10a7890f5d56f412da68555ce3636d4e50fafe00,hpcnode09,2284.181,0.8242051282051281,False,False
43,PT,main,2011,2016,JZ,LZ,899,-0.004019202763163365,1.6116790030329398e-05,0.906,0.54,19c4675bbf8323e0daab3ca1ca57e287ec7abd791cb9cedfce16c85db5008794,10a7890f5d56f412da68555ce3636d4e50fafe00,hpcnode09,2284.181,0.9572830188679247,False,False
43,PT,main,2011,2016,JZ,MN,1114,0.03745776545291074,0.0014023352984967596,0.217,0.94,19c4675bbf8323e0daab3ca1ca57e287ec7abd791cb9cedfce16c85db5008794,10a7890f5d56f412da68555ce3636d4e50fafe00,hpcnode09,2284.181,0.5786666666666667,False,False
43,PT,main,2011,2016,JZ,OQ,1114,-0.0014244258679854127,2.0263990072599825e-06,0.951,0.52,19c4675bbf8323e0daab3ca1ca57e287ec7abd791cb9cedfce16c85db5008794,10a7890f5d56f412da68555ce3636d4e50fafe00,hpcnode09,2284.181,0.959,False,False
43,PT,main,2011,2016,JZ,RU,1104,0.05521901418976494,0.0030488316852077535,0.068,0.984,19c4675bbf8323e0daab3ca1ca57e287ec7abd791cb9cedfce16c85db5008794,10a7890f5d56f412da68555ce3636d4e50fafe00,hpcnode09,2284.181,0.3808,False,False
44,PT,main,2011,2016,LZ,BE,1182,0.03122956573414437,0.0009745458234251547,0.308,0.784,19c4675bbf8323e0daab3ca1ca57e287ec7abd791cb9cedfce16c85db5008794,10a7890f5d56f412da68555ce3636d4e50fafe00,hpcnode09,2398.798,0.6899200000000001,False,False
44,PT,main,2011,2016,LZ,FZ,1226,-0.04554508616752628,0.0020738769705549442,0.111,0.974,19c4675bbf8323e0daab3ca1ca57e287ec7abd791cb9cedfce16c85db5008794,10a7890f5d56f412da68555ce3636d4e50fafe00,hpcnode09,2398.798,0.518,False,False
44,PT,main,2011,2016,LZ,GI,1237,-0.018933050753626945,0.00035703290826871736,0.497,0.772,19c4675bbf8323e0daab3ca1ca57e287ec7abd791cb9cedfce16c85db5008794,10a7890f5d56f412da68555ce3636d4e50fafe00,hpcnode09,2398.798,0.8242051282051281,False,False
44,PT,main,2011,2016,LZ,JZ,838,-0.0190035623511364,0.0003604334388832564,0.574,0.72,19c4675bbf8323e0daab3ca1ca57e287ec7abd791cb9cedfce16c85db5008794,10a7890f5d56f412da68555ce3636d4e50fafe00,hpcnode09,2398.798,0.8242051282051281,False,False
44,PT,main,2011,2016,LZ,MN,1237,0.03840406156906828,0.0014741291665740786,0.19,0.92,19c4675bbf8323e0daab3ca1ca57e287ec7abd791cb9cedfce16c85db5008794,10a7890f5d56f412da68555ce3636d4e50fafe00,hpcnode09,2398.798,0.5786666666666667,False,False
44,PT,main,2011,2016,LZ,OQ,1237,0.0030266009952499492,9.154500966723766e-06,0.906,0.566,19c4675bbf8323e0daab3ca1ca57e287ec7abd791cb9cedfce16c85db5008794,10a7890f5d56f412da68555ce3636d4e50fafe00,hpcnode09,2398.798,0.9572830188679247,False,False
44,PT,main,2011,2016,LZ,RU,1218,0.019429735980913354,0.0003773516148565248,0.51,0.764,19c4675bbf8323e0daab3ca1ca57e287ec7abd791cb9cedfce16c85db5008794,10a7890f5d56f412da68555ce3636d4e50fafe00,hpcnode09,2398.798,0.8242051282051281,False,False
45,PT,main,2011,2016,MN,BE,1528,0.050373087129684024,0.002537377772205196,0.062,0.938,19c4675bbf8323e0daab3ca1ca57e287ec7abd791cb9cedfce16c85db5008794,10a7890f5d56f412da68555ce3636d4e50fafe00,hpcnode09,2145.063,0.3808,False,False
45,PT,main,2011,2016,MN,FZ,1619,0.005607352129687632,3.142098261221804e-05,0.825,0.606,19c4675bbf8323e0daab3ca1ca57e287ec7abd791cb9cedfce16c85db5008794,10a7890f5d56f412da68555ce3636d4e50fafe00,hpcnode09,2145.063,0.9329599999999999,False,False
45,PT,main,2011,2016,MN,GI,1668,0.014692859843612072,0.00021542810271457657,0.543,0.736,19c4675bbf8323e0daab3ca1ca57e287ec7abd791cb9cedfce16c85db5008794,10a7890f5d56f412da68555ce3636d4e50fafe00,hpcnode09,2145.063,0.8242051282051281,False,False
45,PT,main,2011,2016,MN,JZ,911,0.012457358636264126,0.0001550300272937788,0.704,0.642,19c4675bbf8323e0daab3ca1ca57e287ec7abd791cb9cedfce16c85db5008794,10a7890f5d56f412da68555ce3636d4e50fafe00,hpcnode09,2145.063,0.8619130434782608,False,False
45,PT,main,2011,2016,MN,LZ,1057,-0.02005368972689378,0.000401715475908615,0.551,0.774,19c4675bbf8323e0daab3ca1ca57e287ec7abd791cb9cedfce16c85db5008794,10a7890f5d56f412da68555ce3636d4e50fafe00,hpcnode09,2145.063,0.8242051282051281,False,False
45,PT,main,2011,2016,MN,OQ,1668,-0.01237783511241558,0.00015318357953353345,0.566,0.692,19c4675bbf8323e0daab3ca1ca57e287ec7abd791cb9cedfce16c85db5008794,10a7890f5d56f412da68555ce3636d4e50fafe00,hpcnode09,2145.063,0.8242051282051281,False,False
45,PT,main,2011,2016,MN,RU,1598,0.009107845514538818,8.293895171729293e-05,0.708,0.62,19c4675bbf8323e0daab3ca1ca57e287ec7abd791cb9cedfce16c85db5008794,10a7890f5d56f412da68555ce3636d4e50fafe00,hpcnode09,2145.063,0.8619130434782608,False,False
46,PT,main,2011,2016,OQ,BE,1528,-0.04705352270757901,0.002121277069811578,0.046,0.986,19c4675bbf8323e0daab3ca1ca57e287ec7abd791cb9cedfce16c85db5008794,10a7890f5d56f412da68555ce3636d4e50fafe00,hpcnode09,2194.824,0.368,False,False
46,PT,main,2011,2016,OQ,FZ,1619,-0.03276057861994867,0.0010352365927466245,0.123,0.954,19c4675bbf8323e0daab3ca1ca57e287ec7abd791cb9cedfce16c85db5008794,10a7890f5d56f412da68555ce3636d4e50fafe00,hpcnode09,2194.824,0.5298461538461539,False,False
46,PT,main,2011,2016,OQ,GI,1668,-0.04911496166069951,0.0020274599097152013,0.018,1.0,19c4675bbf8323e0daab3ca1ca57e287ec7abd791cb9cedfce16c85db5008794,10a7890f5d56f412da68555ce3636d4e50fafe00,hpcnode09,2194.824,0.33599999999999997,False,False
46,PT,main,2011,2016,OQ,JZ,911,-0.04722722419493486,0.0022301125537307342,0.176,0.906,19c4675bbf8323e0daab3ca1ca57e287ec7abd791cb9cedfce16c85db5008794,10a7890f5d56f412da68555ce3636d4e50fafe00,hpcnode09,2194.824,0.5786666666666667,False,False
46,PT,main,2011,2016,OQ,LZ,1057,-0.01991315342997435,0.0003961769820975958,0.547,0.734,19c4675bbf8323e0daab3ca1ca57e287ec7abd791cb9cedfce16c85db5008794,10a7890f5d56f412da68555ce3636d4e50fafe00,hpcnode09,2194.824,0.8242051282051281,False,False
46,PT,main,2011,2016,OQ,MN,1668,-0.029091742558751132,0.0008461791090542681,0.247,0.916,19c4675bbf8323e0daab3ca1ca57e287ec7abd791cb9cedfce16c85db5008794,10a7890f5d56f412da68555ce3636d4e50fafe00,hpcnode09,2194.824,0.6038260869565217,False,False
46,PT,main,2011,2016,OQ,RU,1598,-0.060464966783225105,0.0036521261179319753,0.03,0.906,19c4675bbf8323e0daab3ca1ca57e287ec7abd791cb9cedfce16c85db5008794,10a7890f5d56f412da68555ce3636d4e50fafe00,hpcnode09,2194.824,0.33599999999999997,False,False
47,PT,main,2011,2016,RU,BE,1502,-0.0013175540463137847,1.7318293018542263e-06,0.959,0.526,19c4675bbf8323e0daab3ca1ca57e287ec7abd791cb9cedfce16c85db5008794,10a7890f5d56f412da68555ce3636d4e50fafe00,hpcnode09,2455.214,0.959,False,False
47,PT,main,2011,2016,RU,FZ,1582,0.010218443462301496,0.00010416843983329649,0.672,0.612,19c4675bbf8323e0daab3ca1ca57e287ec7abd791cb9cedfce16c85db5008794,10a7890f5d56f412da68555ce3636d4e50fafe00,hpcnode09,2455.214,0.8619130434782608,False,False
47,PT,main,2011,2016,RU,GI,1624,-0.006575844893028482,4.317970263123527e-05,0.773,0.582,19c4675bbf8323e0daab3ca1ca57e287ec7abd791cb9cedfce16c85db5008794,10a7890f5d56f412da68555ce3636d4e50fafe00,hpcnode09,2455.214,0.9018333333333334,False,False
47,PT,main,2011,2016,RU,JZ,909,0.013204575821035403,0.00017435322188075197,0.7,0.682,19c4675bbf8323e0daab3ca1ca57e287ec7abd791cb9cedfce16c85db5008794,10a7890f5d56f412da68555ce3636d4e50fafe00,hpcnode09,2455.214,0.8619130434782608,False,False
47,PT,main,2011,2016,RU,LZ,1055,-0.012852705159374977,0.00016517778965996488,0.682,0.646,19c4675bbf8323e0daab3ca1ca57e287ec7abd791cb9cedfce16c85db5008794,10a7890f5d56f412da68555ce3636d4e50fafe00,hpcnode09,2455.214,0.8619130434782608,False,False
47,PT,main,2011,2016,RU,MN,1624,-0.03120607215360499,0.0009737565468559417,0.21,0.81,19c4675bbf8323e0daab3ca1ca57e287ec7abd791cb9cedfce16c85db5008794,10a7890f5d56f412da68555ce3636d4e50fafe00,hpcnode09,2455.214,0.5786666666666667,False,False
47,PT,main,2011,2016,RU,OQ,1624,-0.011472036609242762,0.0001315139929458642,0.608,0.638,19c4675bbf8323e0daab3ca1ca57e287ec7abd791cb9cedfce16c85db5008794,10a7890f5d56f412da68555ce3636d4e50fafe00,hpcnode09,2455.214,0.8512000000000001,False,False
48,PT,main,2012,2017,BE,FZ,1554,0.016752189477112267,0.00027980310680297826,0.493,0.65,19c4675bbf8323e0daab3ca1ca57e287ec7abd791cb9cedfce16c85db5008794,10a7890f5d56f412da68555ce3636d4e50fafe00,hpcnode09,2563.482,0.882,False,False
48,PT,main,2012,2017,BE,GI,1593,-0.010106591896095446,9.799191614601188e-05,0.664,0.692,19c4675bbf8323e0daab3ca1ca57e287ec7abd791cb9cedfce16c85db5008794,10a7890f5d56f412da68555ce3636d4e50fafe00,hpcnode09,2563.482,0.8881860465116279,False,False
48,PT,main,2012,2017,BE,JZ,913,0.019938147815598647,0.00039752972313178425,0.57,0.71,19c4675bbf8323e0daab3ca1ca57e287ec7abd791cb9cedfce16c85db5008794,10a7890f5d56f412da68555ce3636d4e50fafe00,hpcnode09,2563.482,0.882,False,False
48,PT,main,2012,2017,BE,LZ,1076,0.020996412540001202,0.0004408326199707435,0.487,0.774,19c4675bbf8323e0daab3ca1ca57e287ec7abd791cb9cedfce16c85db5008794,10a7890f5d56f412da68555ce3636d4e50fafe00,hpcnode09,2563.482,0.882,False,False
48,PT,main,2012,2017,BE,MN,1593,-0.022130564453065382,0.0004897555100276119,0.357,0.734,19c4675bbf8323e0daab3ca1ca57e287ec7abd791cb9cedfce16c85db5008794,10a7890f5d56f412da68555ce3636d4e50fafe00,hpcnode09,2563.482,0.8692173913043477,False,False
48,PT,main,2012,2017,BE,OQ,1593,-0.014149670711718895,0.0001925326809584238,0.504,0.718,19c4675bbf8323e0daab3ca1ca57e287ec7abd791cb9cedfce16c85db5008794,10a7890f5d56f412da68555ce3636d4e50fafe00,hpcnode09,2563.482,0.882,False,False
48,PT,main,2012,2017,BE,RU,1546,-0.041067936694641774,0.0016850335585516518,0.11,0.89,19c4675bbf8323e0daab3ca1ca57e287ec7abd791cb9cedfce16c85db5008794,10a7890f5d56f412da68555ce3636d4e50fafe00,hpcnode09,2563.482,0.4025,False,False
49,PT,main,2012,2017,FZ,BE,1534,0.0015037635514720815,2.257997973598158e-06,0.948,0.526,19c4675bbf8323e0daab3ca1ca57e287ec7abd791cb9cedfce16c85db5008794,10a7890f5d56f412da68555ce3636d4e50fafe00,hpcnode09,2510.329,0.9652363636363636,False,False
49,PT,main,2012,2017,FZ,GI,1641,0.05723165367264249,0.0032027402337777566,0.014,0.978,19c4675bbf8323e0daab3ca1ca57e287ec7abd791cb9cedfce16c85db5008794,10a7890f5d56f412da68555ce3636d4e50fafe00,hpcnode09,2510.329,0.24266666666666667,False,False
49,PT,main,2012,2017,FZ,JZ,922,0.02729856695101346,0.0007451419185192654,0.433,0.778,19c4675bbf8323e0daab3ca1ca57e287ec7abd791cb9cedfce16c85db5008794,10a7890f5d56f412da68555ce3636d4e50fafe00,hpcnode09,2510.329,0.882,False,False
49,PT,main,2012,2017,FZ,LZ,1086,-0.024010990080884975,0.0005763257518724973,0.458,0.78,19c4675bbf8323e0daab3ca1ca57e287ec7abd791cb9cedfce16c85db5008794,10a7890f5d56f412da68555ce3636d4e50fafe00,hpcnode09,2510.329,0.882,False,False
49,PT,main,2012,2017,FZ,MN,1641,-0.024925465868569807,0.0006210404174677997,0.301,0.85,19c4675bbf8323e0daab3ca1ca57e287ec7abd791cb9cedfce16c85db5008794,10a7890f5d56f412da68555ce3636d4e50fafe00,hpcnode09,2510.329,0.7712727272727272,False,False
49,PT,main,2012,2017,FZ,OQ,1641,0.06245674453035384,0.003751407136844631,0.022,0.976,19c4675bbf8323e0daab3ca1ca57e287ec7abd791cb9cedfce16c85db5008794,10a7890f5d56f412da68555ce3636d4e50fafe00,hpcnode09,2510.329,0.24266666666666667,False,False
49,PT,main,2012,2017,FZ,RU,1588,-0.040996298379253795,0.0016712008556913904,0.102,0.888,19c4675bbf8323e0daab3ca1ca57e287ec7abd791cb9cedfce16c85db5008794,10a7890f5d56f412da68555ce3636d4e50fafe00,hpcnode09,2510.329,0.4025,False,False
50,PT,main,2012,2017,GI,BE,1552,-0.005790562916341391,3.220348817301044e-05,0.788,0.53,19c4675bbf8323e0daab3ca1ca57e287ec7abd791cb9cedfce16c85db5008794,10a7890f5d56f412da68555ce3636d4e50fafe00,hpcnode13,2127.304,0.9131428571428571,False,False
50,PT,main,2012,2017,GI,FZ,1622,-0.01132531928823706,0.00012550396669464003,0.63,0.708,19c4675bbf8323e0daab3ca1ca57e287ec7abd791cb9cedfce16c85db5008794,10a7890f5d56f412da68555ce3636d4e50fafe00,hpcnode13,2127.304,0.882,False,False
50,PT,main,2012,2017,GI,JZ,922,-0.01950961088497749,0.00038029901863267934,0.603,0.73,19c4675bbf8323e0daab3ca1ca57e287ec7abd791cb9cedfce16c85db5008794,10a7890f5d56f412da68555ce3636d4e50fafe00,hpcnode13,2127.304,0.882,False,False
50,PT,main,2012,2017,GI,LZ,1089,-0.0025355134520410605,6.407098473992789e-06,0.941,0.492,19c4675bbf8323e0daab3ca1ca57e287ec7abd791cb9cedfce16c85db5008794,10a7890f5d56f412da68555ce3636d4e50fafe00,hpcnode13,2127.304,0.9652363636363636,False,False
50,PT,main,2012,2017,GI,MN,1668,-0.05954343540663609,0.0035238673360041828,0.016,0.978,19c4675bbf8323e0daab3ca1ca57e287ec7abd791cb9cedfce16c85db5008794,10a7890f5d56f412da68555ce3636d4e50fafe00,hpcnode13,2127.304,0.24266666666666667,False,False
50,PT,main,2012,2017,GI,OQ,1668,0.022777790363956635,0.0004339305789802239,0.268,0.83,19c4675bbf8323e0daab3ca1ca57e287ec7abd791cb9cedfce16c85db5008794,10a7890f5d56f412da68555ce3636d4e50fafe00,hpcnode13,2127.304,0.7504000000000001,False,False
50,PT,main,2012,2017,GI,RU,1608,0.008442748209215117,7.115691703873939e-05,0.725,0.594,19c4675bbf8323e0daab3ca1ca57e287ec7abd791cb9cedfce16c85db5008794,10a7890f5d56f412da68555ce3636d4e50fafe00,hpcnode13,2127.304,0.9034666666666666,False,False
51,PT,main,2012,2017,JZ,BE,1087,0.06376321108723076,0.004065700092506286,0.041,0.988,19c4675bbf8323e0daab3ca1ca57e287ec7abd791cb9cedfce16c85db5008794,10a7890f5d56f412da68555ce3636d4e50fafe00,hpcnode13,2271.762,0.2952727272727273,False,False
51,PT,main,2012,2017,JZ,FZ,1107,0.01525468452098816,0.00023267839861740303,0.623,0.7,19c4675bbf8323e0daab3ca1ca57e287ec7abd791cb9cedfce16c85db5008794,10a7890f5d56f412da68555ce3636d4e50fafe00,hpcnode13,2271.762,0.882,False,False
51,PT,main,2012,2017,JZ,GI,1116,0.003872140765235288,1.499103922864009e-05,0.884,0.546,19c4675bbf8323e0daab3ca1ca57e287ec7abd791cb9cedfce16c85db5008794,10a7890f5d56f412da68555ce3636d4e50fafe00,hpcnode13,2271.762,0.952,False,False
51,PT,main,2012,2017,JZ,LZ,913,0.042516762849556175,0.0018011364212573433,0.237,0.862,19c4675bbf8323e0daab3ca1ca57e287ec7abd791cb9cedfce16c85db5008794,10a7890f5d56f412da68555ce3636d4e50fafe00,hpcnode13,2271.762,0.7373333333333333,False,False
51,PT,main,2012,2017,JZ,MN,1116,0.01745849950303699,0.0003044363089219626,0.553,0.78,19c4675bbf8323e0daab3ca1ca57e287ec7abd791cb9cedfce16c85db5008794,10a7890f5d56f412da68555ce3636d4e50fafe00,hpcnode13,2271.762,0.882,False,False
51,PT,main,2012,2017,JZ,OQ,1116,0.008597800914076859,7.380276890955884e-05,0.762,0.666,19c4675bbf8323e0daab3ca1ca57e287ec7abd791cb9cedfce16c85db5008794,10a7890f5d56f412da68555ce3636d4e50fafe00,hpcnode13,2271.762,0.9079148936170213,False,False
51,PT,main,2012,2017,JZ,RU,1107,0.036971232759741735,0.001366802379008658,0.228,0.92,19c4675bbf8323e0daab3ca1ca57e287ec7abd791cb9cedfce16c85db5008794,10a7890f5d56f412da68555ce3636d4e50fafe00,hpcnode13,2271.762,0.7373333333333333,False,False
52,PT,main,2012,2017,LZ,BE,1207,0.02652083160173435,0.0007024599085546646,0.382,0.792,19c4675bbf8323e0daab3ca1ca57e287ec7abd791cb9cedfce16c85db5008794,10a7890f5d56f412da68555ce3636d4e50fafe00,hpcnode13,2416.418,0.882,False,False
52,PT,main,2012,2017,LZ,FZ,1237,-0.05442408901643675,0.002961925768099505,0.054,0.956,19c4675bbf8323e0daab3ca1ca57e287ec7abd791cb9cedfce16c85db5008794,10a7890f5d56f412da68555ce3636d4e50fafe00,hpcnode13,2416.418,0.2952727272727273,False,False
52,PT,main,2012,2017,LZ,GI,1249,-0.017169350803672156,0.0002942917013056823,0.537,0.69,19c4675bbf8323e0daab3ca1ca57e287ec7abd791cb9cedfce16c85db5008794,10a7890f5d56f412da68555ce3636d4e50fafe00,hpcnode13,2416.418,0.882,False,False
52,PT,main,2012,2017,LZ,JZ,852,-0.02263195320864053,0.0005112502543843656,0.525,0.78,19c4675bbf8323e0daab3ca1ca57e287ec7abd791cb9cedfce16c85db5008794,10a7890f5d56f412da68555ce3636d4e50fafe00,hpcnode13,2416.418,0.882,False,False
52,PT,main,2012,2017,LZ,MN,1249,0.04371288313627969,0.001909775738837105,0.115,0.948,19c4675bbf8323e0daab3ca1ca57e287ec7abd791cb9cedfce16c85db5008794,10a7890f5d56f412da68555ce3636d4e50fafe00,hpcnode13,2416.418,0.4025,False,False
52,PT,main,2012,2017,LZ,OQ,1249,0.0001858207479058932,3.450329955079212e-08,0.995,0.478,19c4675bbf8323e0daab3ca1ca57e287ec7abd791cb9cedfce16c85db5008794,10a7890f5d56f412da68555ce3636d4e50fafe00,hpcnode13,2416.418,0.995,False,False
52,PT,main,2012,2017,LZ,RU,1233,-0.006994780476744011,4.8906999565612175e-05,0.799,0.622,19c4675bbf8323e0daab3ca1ca57e287ec7abd791cb9cedfce16c85db5008794,10a7890f5d56f412da68555ce3636d4e50fafe00,hpcnode13,2416.418,0.9131428571428571,False,False
53,PT,main,2012,2017,MN,BE,1552,0.06841640550938075,0.004680588496715821,0.012,0.97,19c4675bbf8323e0daab3ca1ca57e287ec7abd791cb9cedfce16c85db5008794,10a7890f5d56f412da68555ce3636d4e50fafe00,hpcnode13,2150.213,0.24266666666666667,False,False
53,PT,main,2012,2017,MN,FZ,1622,0.04569889796530574,0.0020878682819505112,0.058,0.928,19c4675bbf8323e0daab3ca1ca57e287ec7abd791cb9cedfce16c85db5008794,10a7890f5d56f412da68555ce3636d4e50fafe00,hpcnode13,2150.213,0.2952727272727273,False,False
53,PT,main,2012,2017,MN,GI,1668,0.03754209044715909,0.0014008404617591452,0.115,0.944,19c4675bbf8323e0daab3ca1ca57e287ec7abd791cb9cedfce16c85db5008794,10a7890f5d56f412da68555ce3636d4e50fafe00,hpcnode13,2150.213,0.4025,False,False
53,PT,main,2012,2017,MN,JZ,922,-0.026977258617881084,0.0007273901418286544,0.427,0.806,19c4675bbf8323e0daab3ca1ca57e287ec7abd791cb9cedfce16c85db5008794,10a7890f5d56f412da68555ce3636d4e50fafe00,hpcnode13,2150.213,0.882,False,False
53,PT,main,2012,2017,MN,LZ,1089,-0.010752170161800412,0.00011553786913043318,0.726,0.68,19c4675bbf8323e0daab3ca1ca57e287ec7abd791cb9cedfce16c85db5008794,10a7890f5d56f412da68555ce3636d4e50fafe00,hpcnode13,2150.213,0.9034666666666666,False,False
53,PT,main,2012,2017,MN,OQ,1668,0.00678899815694517,4.609045774617293e-05,0.747,0.614,19c4675bbf8323e0daab3ca1ca57e287ec7abd791cb9cedfce16c85db5008794,10a7890f5d56f412da68555ce3636d4e50fafe00,hpcnode13,2150.213,0.9079148936170213,False,False
53,PT,main,2012,2017,MN,RU,1608,0.026978968920550846,0.0007273541113185233,0.263,0.814,19c4675bbf8323e0daab3ca1ca57e287ec7abd791cb9cedfce16c85db5008794,10a7890f5d56f412da68555ce3636d4e50fafe00,hpcnode13,2150.213,0.7504000000000001,False,False
54,PT,main,2012,2017,OQ,BE,1552,-0.05417156961773756,0.0028295415229746546,0.026,0.994,19c4675bbf8323e0daab3ca1ca57e287ec7abd791cb9cedfce16c85db5008794,10a7890f5d56f412da68555ce3636d4e50fafe00,hpcnode13,2158.087,0.24266666666666667,False,False
54,PT,main,2012,2017,OQ,FZ,1622,-0.04084815360344174,0.0016013685056073257,0.053,0.952,19c4675bbf8323e0daab3ca1ca57e287ec7abd791cb9cedfce16c85db5008794,10a7890f5d56f412da68555ce3636d4e50fafe00,hpcnode13,2158.087,0.2952727272727273,False,False
54,PT,main,2012,2017,OQ,GI,1668,-0.0488111709523428,0.0019926706547384043,0.019,0.998,19c4675bbf8323e0daab3ca1ca57e287ec7abd791cb9cedfce16c85db5008794,10a7890f5d56f412da68555ce3636d4e50fafe00,hpcnode13,2158.087,0.24266666666666667,False,False
54,PT,main,2012,2017,OQ,JZ,922,-0.0640046437142896,0.004094586900413089,0.074,0.976,19c4675bbf8323e0daab3ca1ca57e287ec7abd791cb9cedfce16c85db5008794,10a7890f5d56f412da68555ce3636d4e50fafe00,hpcnode13,2158.087,0.3453333333333333,False,False
54,PT,main,2012,2017,OQ,LZ,1089,-0.0187953811999807,0.0003528401778474244,0.504,0.704,19c4675bbf8323e0daab3ca1ca57e287ec7abd791cb9cedfce16c85db5008794,10a7890f5d56f412da68555ce3636d4e50fafe00,hpcnode13,2158.087,0.882,False,False
54,PT,main,2012,2017,OQ,MN,1668,-0.022734064530552323,0.0005168372613968408,0.303,0.908,19c4675bbf8323e0daab3ca1ca57e287ec7abd791cb9cedfce16c85db5008794,10a7890f5d56f412da68555ce3636d4e50fafe00,hpcnode13,2158.087,0.7712727272727272,False,False
54,PT,main,2012,2017,OQ,RU,1608,-0.05251087752006614,0.0027546146633207202,0.05,0.894,19c4675bbf8323e0daab3ca1ca57e287ec7abd791cb9cedfce16c85db5008794,10a7890f5d56f412da68555ce3636d4e50fafe00,hpcnode13,2158.087,0.2952727272727273,False,False
55,PT,main,2012,2017,RU,BE,1530,0.0034273410402440307,1.1730558793998647e-05,0.878,0.524,19c4675bbf8323e0daab3ca1ca57e287ec7abd791cb9cedfce16c85db5008794,10a7890f5d56f412da68555ce3636d4e50fafe00,hpcnode13,2467.387,0.952,False,False
55,PT,main,2012,2017,RU,FZ,1592,0.002767451858478473,7.628652163860217e-06,0.908,0.524,19c4675bbf8323e0daab3ca1ca57e287ec7abd791cb9cedfce16c85db5008794,10a7890f5d56f412da68555ce3636d4e50fafe00,hpcnode13,2467.387,0.9593962264150944,False,False
55,PT,main,2012,2017,RU,GI,1632,-0.017521493409833833,0.0003061773227607256,0.472,0.662,19c4675bbf8323e0daab3ca1ca57e287ec7abd791cb9cedfce16c85db5008794,10a7890f5d56f412da68555ce3636d4e50fafe00,hpcnode13,2467.387,0.882,False,False
55,PT,main,2012,2017,RU,JZ,920,-0.01753596573724736,0.0003074848978864564,0.62,0.696,19c4675bbf8323e0daab3ca1ca57e287ec7abd791cb9cedfce16c85db5008794,10a7890f5d56f412da68555ce3636d4e50fafe00,hpcnode13,2467.387,0.882,False,False
55,PT,main,2012,2017,RU,LZ,1087,-0.005185255753764606,2.6878118004391993e-05,0.883,0.576,19c4675bbf8323e0daab3ca1ca57e287ec7abd791cb9cedfce16c85db5008794,10a7890f5d56f412da68555ce3636d4e50fafe00,hpcnode13,2467.387,0.952,False,False
55,PT,main,2012,2017,RU,MN,1632,0.010553307453487315,0.000111334507480354,0.682,0.604,19c4675bbf8323e0daab3ca1ca57e287ec7abd791cb9cedfce16c85db5008794,10a7890f5d56f412da68555ce3636d4e50fafe00,hpcnode13,2467.387,0.8881860465116279,False,False
55,PT,main,2012,2017,RU,OQ,1632,-0.009296116662643156,8.63497507321842e-05,0.677,0.634,19c4675bbf8323e0daab3ca1ca57e287ec7abd791cb9cedfce16c85db5008794,10a7890f5d56f412da68555ce3636d4e50fafe00,hpcnode13,2467.387,0.8881860465116279,False,False
56,PT,main,2013,2018,BE,FZ,1579,0.02047114584485521,0.0004172968207289962,0.374,0.726,19c4675bbf8323e0daab3ca1ca57e287ec7abd791cb9cedfce16c85db5008794,10a7890f5d56f412da68555ce3636d4e50fafe00,hpcnode13,2518.831,0.666909090909091,False,False
56,PT,main,2013,2018,BE,GI,1615,-0.0041127961346575925,1.639200103742411e-05,0.835,0.598,19c4675bbf8323e0daab3ca1ca57e287ec7abd791cb9cedfce16c85db5008794,10a7890f5d56f412da68555ce3636d4e50fafe00,hpcnode13,2518.831,0.9542857142857143,False,False
56,PT,main,2013,2018,BE,JZ,946,0.02232995356437631,0.0004983094017069201,0.497,0.724,19c4675bbf8323e0daab3ca1ca57e287ec7abd791cb9cedfce16c85db5008794,10a7890f5d56f412da68555ce3636d4e50fafe00,hpcnode13,2518.831,0.7731111111111111,False,False
56,PT,main,2013,2018,BE,LZ,1111,-0.0006566922351290416,4.311491627051467e-07,0.985,0.5,19c4675bbf8323e0daab3ca1ca57e287ec7abd791cb9cedfce16c85db5008794,10a7890f5d56f412da68555ce3636d4e50fafe00,hpcnode13,2518.831,0.991,False,False
56,PT,main,2013,2018,BE,MN,1615,-0.02742510568484685,0.0007520061385251076,0.275,0.828,19c4675bbf8323e0daab3ca1ca57e287ec7abd791cb9cedfce16c85db5008794,10a7890f5d56f412da68555ce3636d4e50fafe00,hpcnode13,2518.831,0.614,False,False
56,PT,main,2013,2018,BE,OQ,1615,-0.02442358380718588,0.0005733718992958492,0.252,0.852,19c4675bbf8323e0daab3ca1ca57e287ec7abd791cb9cedfce16c85db5008794,10a7890f5d56f412da68555ce3636d4e50fafe00,hpcnode13,2518.831,0.614,False,False
56,PT,main,2013,2018,BE,RU,1572,-0.03420250520592805,0.0011687121022903035,0.187,0.834,19c4675bbf8323e0daab3ca1ca57e287ec7abd791cb9cedfce16c85db5008794,10a7890f5d56f412da68555ce3636d4e50fafe00,hpcnode13,2518.831,0.49866666666666665,False,False
57,PT,main,2013,2018,FZ,BE,1550,-0.004839211050236547,2.3350811656497328e-05,0.858,0.56,19c4675bbf8323e0daab3ca1ca57e287ec7abd791cb9cedfce16c85db5008794,10a7890f5d56f412da68555ce3636d4e50fafe00,hpcnode13,2463.15,0.956392156862745,False,False
57,PT,main,2013,2018,FZ,GI,1645,0.037328883163956744,0.0013665449507558325,0.118,0.914,19c4675bbf8323e0daab3ca1ca57e287ec7abd791cb9cedfce16c85db5008794,10a7890f5d56f412da68555ce3636d4e50fafe00,hpcnode13,2463.15,0.4666666666666667,False,False
57,PT,main,2013,2018,FZ,JZ,950,0.017140024677329755,0.00029375134412812365,0.604,0.7,19c4675bbf8323e0daab3ca1ca57e287ec7abd791cb9cedfce16c85db5008794,10a7890f5d56f412da68555ce3636d4e50fafe00,hpcnode13,2463.15,0.8249756097560975,False,False
57,PT,main,2013,2018,FZ,LZ,1115,-0.026244850889975968,0.0006887532931726392,0.393,0.81,19c4675bbf8323e0daab3ca1ca57e287ec7abd791cb9cedfce16c85db5008794,10a7890f5d56f412da68555ce3636d4e50fafe00,hpcnode13,2463.15,0.666909090909091,False,False
57,PT,main,2013,2018,FZ,MN,1645,-0.01444025035022263,0.00020841418051709137,0.524,0.76,19c4675bbf8323e0daab3ca1ca57e287ec7abd791cb9cedfce16c85db5008794,10a7890f5d56f412da68555ce3636d4e50fafe00,hpcnode13,2463.15,0.7930810810810811,False,False
57,PT,main,2013,2018,FZ,OQ,1645,0.05826681169236744,0.0032557978239062813,0.038,0.964,19c4675bbf8323e0daab3ca1ca57e287ec7abd791cb9cedfce16c85db5008794,10a7890f5d56f412da68555ce3636d4e50fafe00,hpcnode13,2463.15,0.3546666666666667,False,False
57,PT,main,2013,2018,FZ,RU,1599,-0.025213201848324,0.0006319735636535206,0.307,0.764,19c4675bbf8323e0daab3ca1ca57e287ec7abd791cb9cedfce16c85db5008794,10a7890f5d56f412da68555ce3636d4e50fafe00,hpcnode13,2463.15,0.614,False,False
58,PT,main,2013,2018,GI,BE,1565,-0.025578062034398275,0.0006357857393448629,0.292,0.8,19c4675bbf8323e0daab3ca1ca57e287ec7abd791cb9cedfce16c85db5008794,10a7890f5d56f412da68555ce3636d4e50fafe00,hpcnode13,2153.289,0.614,False,False
58,PT,main,2013,2018,GI,FZ,1626,-0.0032481670210389724,1.03575700486358e-05,0.897,0.546,19c4675bbf8323e0daab3ca1ca57e287ec7abd791cb9cedfce16c85db5008794,10a7890f5d56f412da68555ce3636d4e50fafe00,hpcnode13,2153.289,0.966,False,False
58,PT,main,2013,2018,GI,JZ,950,-0.00839308795368876,7.041618283931683e-05,0.806,0.638,19c4675bbf8323e0daab3ca1ca57e287ec7abd791cb9cedfce16c85db5008794,10a7890f5d56f412da68555ce3636d4e50fafe00,hpcnode13,2153.289,0.9403333333333334,False,False
58,PT,main,2013,2018,GI,LZ,1119,-0.0019209540949923776,3.683302047807757e-06,0.955,0.508,19c4675bbf8323e0daab3ca1ca57e287ec7abd791cb9cedfce16c85db5008794,10a7890f5d56f412da68555ce3636d4e50fafe00,hpcnode13,2153.289,0.9903703703703703,False,False
58,PT,main,2013,2018,GI,MN,1668,-0.04799200687850319,0.002299577648012252,0.07,0.944,19c4675bbf8323e0daab3ca1ca57e287ec7abd791cb9cedfce16c85db5008794,10a7890f5d56f412da68555ce3636d4e50fafe00,hpcnode13,2153.289,0.4144,False,False
58,PT,main,2013,2018,GI,OQ,1668,0.01780275630029464,0.0002651913424019936,0.39,0.85,19c4675bbf8323e0daab3ca1ca57e287ec7abd791cb9cedfce16c85db5008794,10a7890f5d56f412da68555ce3636d4e50fafe00,hpcnode13,2153.289,0.666909090909091,False,False
58,PT,main,2013,2018,GI,RU,1617,-0.02201138512495049,0.00048359139280385044,0.37,0.74,19c4675bbf8323e0daab3ca1ca57e287ec7abd791cb9cedfce16c85db5008794,10a7890f5d56f412da68555ce3636d4e50fafe00,hpcnode13,2153.289,0.666909090909091,False,False
59,PT,main,2013,2018,JZ,BE,1114,0.06584715967155447,0.004332601510324885,0.034,0.994,19c4675bbf8323e0daab3ca1ca57e287ec7abd791cb9cedfce16c85db5008794,10a7890f5d56f412da68555ce3636d4e50fafe00,hpcnode13,2330.605,0.3546666666666667,False,False
59,PT,main,2013,2018,JZ,FZ,1129,0.03424073829177371,0.0011724273730565615,0.291,0.934,19c4675bbf8323e0daab3ca1ca57e287ec7abd791cb9cedfce16c85db5008794,10a7890f5d56f412da68555ce3636d4e50fafe00,hpcnode13,2330.605,0.614,False,False
59,PT,main,2013,2018,JZ,GI,1137,0.029848355945038374,0.0008906542508935189,0.306,0.884,19c4675bbf8323e0daab3ca1ca57e287ec7abd791cb9cedfce16c85db5008794,10a7890f5d56f412da68555ce3636d4e50fafe00,hpcnode13,2330.605,0.614,False,False
59,PT,main,2013,2018,JZ,LZ,937,0.06494098463108411,0.00421393986790497,0.063,0.982,19c4675bbf8323e0daab3ca1ca57e287ec7abd791cb9cedfce16c85db5008794,10a7890f5d56f412da68555ce3636d4e50fafe00,hpcnode13,2330.605,0.4144,False,False
59,PT,main,2013,2018,JZ,MN,1137,0.04481550752679858,0.0020084297142884955,0.163,0.958,19c4675bbf8323e0daab3ca1ca57e287ec7abd791cb9cedfce16c85db5008794,10a7890f5d56f412da68555ce3636d4e50fafe00,hpcnode13,2330.605,0.4788,False,False
59,PT,main,2013,2018,JZ,OQ,1137,0.016406922396555113,0.0002688341157506269,0.539,0.776,19c4675bbf8323e0daab3ca1ca57e287ec7abd791cb9cedfce16c85db5008794,10a7890f5d56f412da68555ce3636d4e50fafe00,hpcnode13,2330.605,0.7943157894736842,False,False
59,PT,main,2013,2018,JZ,RU,1129,0.04966265159697841,0.0024663475633381893,0.116,0.984,19c4675bbf8323e0daab3ca1ca57e287ec7abd791cb9cedfce16c85db5008794,10a7890f5d56f412da68555ce3636d4e50fafe00,hpcnode13,2330.605,0.4666666666666667,False,False
60,PT,main,2013,2018,LZ,BE,1236,0.0409754602485628,0.0016782167089486322,0.166,0.89,19c4675bbf8323e0daab3ca1ca57e287ec7abd791cb9cedfce16c85db5008794,10a7890f5d56f412da68555ce3636d4e50fafe00,hpcnode13,2409.83,0.4788,False,False
60,PT,main,2013,2018,LZ,FZ,1262,-0.015146743202795021,0.00022942382826263152,0.593,0.718,19c4675bbf8323e0daab3ca1ca57e287ec7abd791cb9cedfce16c85db5008794,10a7890f5d56f412da68555ce3636d4e50fafe00,hpcnode13,2409.83,0.8249756097560975,False,False
60,PT,main,2013,2018,LZ,GI,1276,0.01921581821811133,0.0003691127682090567,0.475,0.72,19c4675bbf8323e0daab3ca1ca57e287ec7abd791cb9cedfce16c85db5008794,10a7890f5d56f412da68555ce3636d4e50fafe00,hpcnode13,2409.83,0.7599999999999999,False,False
60,PT,main,2013,2018,LZ,JZ,875,-0.048707677025363605,0.002370500115225216,0.171,0.972,19c4675bbf8323e0daab3ca1ca57e287ec7abd791cb9cedfce16c85db5008794,10a7890f5d56f412da68555ce3636d4e50fafe00,hpcnode13,2409.83,0.4788,False,False
60,PT,main,2013,2018,LZ,MN,1276,0.056609552438770264,0.003204584544784672,0.045,0.978,19c4675bbf8323e0daab3ca1ca57e287ec7abd791cb9cedfce16c85db5008794,10a7890f5d56f412da68555ce3636d4e50fafe00,hpcnode13,2409.83,0.36,False,False
60,PT,main,2013,2018,LZ,OQ,1276,0.0003474765421237827,1.206246470486505e-07,0.991,0.526,19c4675bbf8323e0daab3ca1ca57e287ec7abd791cb9cedfce16c85db5008794,10a7890f5d56f412da68555ce3636d4e50fafe00,hpcnode13,2409.83,0.991,False,False
60,PT,main,2013,2018,LZ,RU,1261,0.02128125952915841,0.0004525884027887228,0.448,0.796,19c4675bbf8323e0daab3ca1ca57e287ec7abd791cb9cedfce16c85db5008794,10a7890f5d56f412da68555ce3636d4e50fafe00,hpcnode13,2409.83,0.7378823529411765,False,False
61,PT,main,2013,2018,MN,BE,1565,0.0405591667073269,0.0016448424657852234,0.125,0.882,19c4675bbf8323e0daab3ca1ca57e287ec7abd791cb9cedfce16c85db5008794,10a7890f5d56f412da68555ce3636d4e50fafe00,hpcnode13,2139.75,0.4666666666666667,False,False
61,PT,main,2013,2018,MN,FZ,1626,0.04400149129619735,0.0019351858114128317,0.074,0.934,19c4675bbf8323e0daab3ca1ca57e287ec7abd791cb9cedfce16c85db5008794,10a7890f5d56f412da68555ce3636d4e50fafe00,hpcnode13,2139.75,0.4144,False,False
61,PT,main,2013,2018,MN,GI,1668,0.026261051967855165,0.0006885484334017145,0.285,0.828,19c4675bbf8323e0daab3ca1ca57e287ec7abd791cb9cedfce16c85db5008794,10a7890f5d56f412da68555ce3636d4e50fafe00,hpcnode13,2139.75,0.614,False,False
61,PT,main,2013,2018,MN,JZ,950,-0.04613241960903852,0.002128200066827901,0.162,0.962,19c4675bbf8323e0daab3ca1ca57e287ec7abd791cb9cedfce16c85db5008794,10a7890f5d56f412da68555ce3636d4e50fafe00,hpcnode13,2139.75,0.4788,False,False
61,PT,main,2013,2018,MN,LZ,1119,-0.014926879937768839,0.00022279203881458987,0.604,0.754,19c4675bbf8323e0daab3ca1ca57e287ec7abd791cb9cedfce16c85db5008794,10a7890f5d56f412da68555ce3636d4e50fafe00,hpcnode13,2139.75,0.8249756097560975,False,False
61,PT,main,2013,2018,MN,OQ,1668,0.00951216219610572,9.047859134347913e-05,0.651,0.67,19c4675bbf8323e0daab3ca1ca57e287ec7abd791cb9cedfce16c85db5008794,10a7890f5d56f412da68555ce3636d4e50fafe00,hpcnode13,2139.75,0.8478139534883722,False,False
61,PT,main,2013,2018,MN,RU,1617,-0.007353988588982174,5.398527578748258e-05,0.759,0.582,19c4675bbf8323e0daab3ca1ca57e287ec7abd791cb9cedfce16c85db5008794,10a7890f5d56f412da68555ce3636d4e50fafe00,hpcnode13,2139.75,0.9043404255319148,False,False
62,PT,main,2013,2018,OQ,BE,1565,-0.0746230993072019,0.005376620550760491,0.007,1.0,19c4675bbf8323e0daab3ca1ca57e287ec7abd791cb9cedfce16c85db5008794,10a7890f5d56f412da68555ce3636d4e50fafe00,hpcnode13,2236.117,0.13066666666666668,False,False
62,PT,main,2013,2018,OQ,FZ,1626,-0.05820436884963687,0.003242027047831053,0.005,0.998,19c4675bbf8323e0daab3ca1ca57e287ec7abd791cb9cedfce16c85db5008794,10a7890f5d56f412da68555ce3636d4e50fafe00,hpcnode13,2236.117,0.13066666666666668,False,False
62,PT,main,2013,2018,OQ,GI,1668,-0.09991614263893339,0.008353263218481177,0.001,1.0,19c4675bbf8323e0daab3ca1ca57e287ec7abd791cb9cedfce16c85db5008794,10a7890f5d56f412da68555ce3636d4e50fafe00,hpcnode13,2236.117,0.056,False,False
62,PT,main,2013,2018,OQ,JZ,950,-0.057975120705189676,0.0033604408314381606,0.1,0.978,19c4675bbf8323e0daab3ca1ca57e287ec7abd791cb9cedfce16c85db5008794,10a7890f5d56f412da68555ce3636d4e50fafe00,hpcnode13,2236.117,0.4666666666666667,False,False
62,PT,main,2013,2018,OQ,LZ,1119,-0.013368929709615784,0.0001785060887229406,0.624,0.664,19c4675bbf8323e0daab3ca1ca57e287ec7abd791cb9cedfce16c85db5008794,10a7890f5d56f412da68555ce3636d4e50fafe00,hpcnode13,2236.117,0.8320000000000001,False,False
62,PT,main,2013,2018,OQ,MN,1668,-0.03364764455021074,0.001132130971517209,0.166,0.966,19c4675bbf8323e0daab3ca1ca57e287ec7abd791cb9cedfce16c85db5008794,10a7890f5d56f412da68555ce3636d4e50fafe00,hpcnode13,2236.117,0.4788,False,False
62,PT,main,2013,2018,OQ,RU,1617,-0.06034542157481837,0.0036360317480946813,0.025,0.948,19c4675bbf8323e0daab3ca1ca57e287ec7abd791cb9cedfce16c85db5008794,10a7890f5d56f412da68555ce3636d4e50fafe00,hpcnode13,2236.117,0.35000000000000003,False,False
63,PT,main,2013,2018,RU,BE,1544,-0.009594066985402785,9.183414929525568e-05,0.707,0.596,19c4675bbf8323e0daab3ca1ca57e287ec7abd791cb9cedfce16c85db5008794,10a7890f5d56f412da68555ce3636d4e50fafe00,hpcnode13,2448.672,0.8798222222222222,False,False
63,PT,main,2013,2018,RU,FZ,1601,0.022619597992708684,0.0005087063571816985,0.358,0.742,19c4675bbf8323e0daab3ca1ca57e287ec7abd791cb9cedfce16c85db5008794,10a7890f5d56f412da68555ce3636d4e50fafe00,hpcnode13,2448.672,0.666909090909091,False,False
63,PT,main,2013,2018,RU,GI,1638,-0.010192637821879402,0.00010361648693835157,0.701,0.62,19c4675bbf8323e0daab3ca1ca57e287ec7abd791cb9cedfce16c85db5008794,10a7890f5d56f412da68555ce3636d4e50fafe00,hpcnode13,2448.672,0.8798222222222222,False,False
63,PT,main,2013,2018,RU,JZ,948,-0.011230914859877372,0.00012612070795003927,0.758,0.612,19c4675bbf8323e0daab3ca1ca57e287ec7abd791cb9cedfce16c85db5008794,10a7890f5d56f412da68555ce3636d4e50fafe00,hpcnode13,2448.672,0.9043404255319148,False,False
63,PT,main,2013,2018,RU,LZ,1117,0.005454446977213298,2.9721263251625274e-05,0.871,0.56,19c4675bbf8323e0daab3ca1ca57e287ec7abd791cb9cedfce16c85db5008794,10a7890f5d56f412da68555ce3636d4e50fafe00,hpcnode13,2448.672,0.956392156862745,False,False
63,PT,main,2013,2018,RU,MN,1638,0.04296080946519859,0.0018437161958949622,0.085,0.888,19c4675bbf8323e0daab3ca1ca57e287ec7abd791cb9cedfce16c85db5008794,10a7890f5d56f412da68555ce3636d4e50fafe00,hpcnode13,2448.672,0.4327272727272728,False,False
63,PT,main,2013,2018,RU,OQ,1638,-0.0020846389649350205,4.341233804994182e-06,0.93,0.522,19c4675bbf8323e0daab3ca1ca57e287ec7abd791cb9cedfce16c85db5008794,10a7890f5d56f412da68555ce3636d4e50fafe00,hpcnode13,2448.672,0.9826415094339623,False,False
64,PT,main,2014,2019,BE,FZ,1576,0.03322675662391855,0.0010886703888166593,0.141,0.856,19c4675bbf8323e0daab3ca1ca57e287ec7abd791cb9cedfce16c85db5008794,10a7890f5d56f412da68555ce3636d4e50fafe00,hpcnode11,2566.722,0.49349999999999994,False,False
64,PT,main,2014,2019,BE,GI,1609,0.00398543437745387,1.515921095052164e-05,0.874,0.538,19c4675bbf8323e0daab3ca1ca57e287ec7abd791cb9cedfce16c85db5008794,10a7890f5d56f412da68555ce3636d4e50fafe00,hpcnode11,2566.722,0.9234716981132076,False,False
64,PT,main,2014,2019,BE,JZ,973,-0.006815061759398944,4.642478568128716e-05,0.844,0.56,19c4675bbf8323e0daab3ca1ca57e287ec7abd791cb9cedfce16c85db5008794,10a7890f5d56f412da68555ce3636d4e50fafe00,hpcnode11,2566.722,0.9164615384615384,False,False
64,PT,main,2014,2019,BE,LZ,1147,-0.016363745093948612,0.00026777128909660775,0.568,0.684,19c4675bbf8323e0daab3ca1ca57e287ec7abd791cb9cedfce16c85db5008794,10a7890f5d56f412da68555ce3636d4e50fafe00,hpcnode11,2566.722,0.8185531914893617,False,False
64,PT,main,2014,2019,BE,MN,1609,-0.012369150395398452,0.0001529032376265116,0.628,0.64,19c4675bbf8323e0daab3ca1ca57e287ec7abd791cb9cedfce16c85db5008794,10a7890f5d56f412da68555ce3636d4e50fafe00,hpcnode11,2566.722,0.8185531914893617,False,False
64,PT,main,2014,2019,BE,OQ,1609,0.036589010649400004,0.0012990769217471332,0.218,0.746,19c4675bbf8323e0daab3ca1ca57e287ec7abd791cb9cedfce16c85db5008794,10a7890f5d56f412da68555ce3636d4e50fafe00,hpcnode11,2566.722,0.5973333333333334,False,False
64,PT,main,2014,2019,BE,RU,1573,-0.012704094968365442,0.0001613692450110893,0.623,0.602,19c4675bbf8323e0daab3ca1ca57e287ec7abd791cb9cedfce16c85db5008794,10a7890f5d56f412da68555ce3636d4e50fafe00,hpcnode11,2566.722,0.8185531914893617,False,False
65,PT,main,2014,2019,FZ,BE,1554,-0.01673390376799777,0.0002771281752294019,0.485,0.71,19c4675bbf8323e0daab3ca1ca57e287ec7abd791cb9cedfce16c85db5008794,10a7890f5d56f412da68555ce3636d4e50fafe00,hpcnode11,2522.793,0.8185531914893617,False,False
65,PT,main,2014,2019,FZ,GI,1645,-0.009248544475824648,8.117774941884814e-05,0.664,0.618,19c4675bbf8323e0daab3ca1ca57e287ec7abd791cb9cedfce16c85db5008794,10a7890f5d56f412da68555ce3636d4e50fafe00,hpcnode11,2522.793,0.8185531914893617,False,False
65,PT,main,2014,2019,FZ,JZ,976,0.005620837154924466,3.158751285869954e-05,0.834,0.544,19c4675bbf8323e0daab3ca1ca57e287ec7abd791cb9cedfce16c85db5008794,10a7890f5d56f412da68555ce3636d4e50fafe00,hpcnode11,2522.793,0.9164615384615384,False,False
65,PT,main,2014,2019,FZ,LZ,1154,-0.025800764347376604,0.0006653689909501548,0.369,0.834,19c4675bbf8323e0daab3ca1ca57e287ec7abd791cb9cedfce16c85db5008794,10a7890f5d56f412da68555ce3636d4e50fafe00,hpcnode11,2522.793,0.7380000000000001,False,False
65,PT,main,2014,2019,FZ,MN,1645,-0.02811978225594769,0.0007891046394168377,0.199,0.878,19c4675bbf8323e0daab3ca1ca57e287ec7abd791cb9cedfce16c85db5008794,10a7890f5d56f412da68555ce3636d4e50fafe00,hpcnode11,2522.793,0.5973333333333334,False,False
65,PT,main,2014,2019,FZ,OQ,1645,-0.0080503254829558,6.326129222045118e-05,0.757,0.596,19c4675bbf8323e0daab3ca1ca57e287ec7abd791cb9cedfce16c85db5008794,10a7890f5d56f412da68555ce3636d4e50fafe00,hpcnode11,2522.793,0.8831666666666668,False,False
65,PT,main,2014,2019,FZ,RU,1607,-0.05697013065236978,0.0032155853731848927,0.017,0.992,19c4675bbf8323e0daab3ca1ca57e287ec7abd791cb9cedfce16c85db5008794,10a7890f5d56f412da68555ce3636d4e50fafe00,hpcnode11,2522.793,0.252,False,False
66,PT,main,2014,2019,GI,BE,1569,-0.03162307930804431,0.0009596562992589819,0.212,0.828,19c4675bbf8323e0daab3ca1ca57e287ec7abd791cb9cedfce16c85db5008794,10a7890f5d56f412da68555ce3636d4e50fafe00,hpcnode11,2172.053,0.5973333333333334,False,False
66,PT,main,2014,2019,GI,FZ,1629,-0.014190880666083261,0.00019116357148230012,0.541,0.702,19c4675bbf8323e0daab3ca1ca57e287ec7abd791cb9cedfce16c85db5008794,10a7890f5d56f412da68555ce3636d4e50fafe00,hpcnode11,2172.053,0.8185531914893617,False,False
66,PT,main,2014,2019,GI,JZ,976,-0.026097000095391107,0.0006805660940635283,0.447,0.82,19c4675bbf8323e0daab3ca1ca57e287ec7abd791cb9cedfce16c85db5008794,10a7890f5d56f412da68555ce3636d4e50fafe00,hpcnode11,2172.053,0.8067500000000001,False,False
66,PT,main,2014,2019,GI,LZ,1158,0.013046063891871962,0.00017017445921840846,0.665,0.684,19c4675bbf8323e0daab3ca1ca57e287ec7abd791cb9cedfce16c85db5008794,10a7890f5d56f412da68555ce3636d4e50fafe00,hpcnode11,2172.053,0.8185531914893617,False,False
66,PT,main,2014,2019,GI,MN,1668,-0.06956648684764594,0.004816814008494208,0.006,0.994,19c4675bbf8323e0daab3ca1ca57e287ec7abd791cb9cedfce16c85db5008794,10a7890f5d56f412da68555ce3636d4e50fafe00,hpcnode11,2172.053,0.252,False,False
66,PT,main,2014,2019,GI,OQ,1668,0.04414406787822636,0.001763226948191754,0.109,0.958,19c4675bbf8323e0daab3ca1ca57e287ec7abd791cb9cedfce16c85db5008794,10a7890f5d56f412da68555ce3636d4e50fafe00,hpcnode11,2172.053,0.44,False,False
66,PT,main,2014,2019,GI,RU,1626,-0.01197935520485549,0.00014230855615127158,0.616,0.662,19c4675bbf8323e0daab3ca1ca57e287ec7abd791cb9cedfce16c85db5008794,10a7890f5d56f412da68555ce3636d4e50fafe00,hpcnode11,2172.053,0.8185531914893617,False,False
67,PT,main,2014,2019,JZ,BE,1140,0.0732612264837861,0.005366089946925001,0.018,0.994,19c4675bbf8323e0daab3ca1ca57e287ec7abd791cb9cedfce16c85db5008794,10a7890f5d56f412da68555ce3636d4e50fafe00,hpcnode11,2363.248,0.252,False,False
67,PT,main,2014,2019,JZ,FZ,1152,0.0536509887706228,0.0028777162071156326,0.086,0.996,19c4675bbf8323e0daab3ca1ca57e287ec7abd791cb9cedfce16c85db5008794,10a7890f5d56f412da68555ce3636d4e50fafe00,hpcnode11,2363.248,0.434,False,False
67,PT,main,2014,2019,JZ,GI,1162,0.01791430230406893,0.0003207224524689467,0.524,0.746,19c4675bbf8323e0daab3ca1ca57e287ec7abd791cb9cedfce16c85db5008794,10a7890f5d56f412da68555ce3636d4e50fafe00,hpcnode11,2363.248,0.8185531914893617,False,False
67,PT,main,2014,2019,JZ,LZ,972,0.03861545627763674,0.0014862666114762169,0.253,0.87,19c4675bbf8323e0daab3ca1ca57e287ec7abd791cb9cedfce16c85db5008794,10a7890f5d56f412da68555ce3636d4e50fafe00,hpcnode11,2363.248,0.5973333333333334,False,False
67,PT,main,2014,2019,JZ,MN,1162,0.05282949240601456,0.00279001247299826,0.085,0.986,19c4675bbf8323e0daab3ca1ca57e287ec7abd791cb9cedfce16c85db5008794,10a7890f5d56f412da68555ce3636d4e50fafe00,hpcnode11,2363.248,0.434,False,False
67,PT,main,2014,2019,JZ,OQ,1162,-0.014874010214207846,0.00022101119165429672,0.651,0.684,19c4675bbf8323e0daab3ca1ca57e287ec7abd791cb9cedfce16c85db5008794,10a7890f5d56f412da68555ce3636d4e50fafe00,hpcnode11,2363.248,0.8185531914893617,False,False
67,PT,main,2014,2019,JZ,RU,1158,0.034151030269960914,0.001165755074207464,0.256,0.946,19c4675bbf8323e0daab3ca1ca57e287ec7abd791cb9cedfce16c85db5008794,10a7890f5d56f412da68555ce3636d4e50fafe00,hpcnode11,2363.248,0.5973333333333334,False,False
68,PT,main,2014,2019,LZ,BE,1268,0.03417410596016133,0.0011677184664181661,0.248,0.846,19c4675bbf8323e0daab3ca1ca57e287ec7abd791cb9cedfce16c85db5008794,10a7890f5d56f412da68555ce3636d4e50fafe00,hpcnode11,2479.495,0.5973333333333334,False,False
68,PT,main,2014,2019,LZ,FZ,1292,-0.024603694036367474,0.0006051428446636198,0.368,0.86,19c4675bbf8323e0daab3ca1ca57e287ec7abd791cb9cedfce16c85db5008794,10a7890f5d56f412da68555ce3636d4e50fafe00,hpcnode11,2479.495,0.7380000000000001,False,False
68,PT,main,2014,2019,LZ,GI,1304,0.026069998081098028,0.0006795813225786151,0.333,0.79,19c4675bbf8323e0daab3ca1ca57e287ec7abd791cb9cedfce16c85db5008794,10a7890f5d56f412da68555ce3636d4e50fafe00,hpcnode11,2479.495,0.7172307692307692,False,False
68,PT,main,2014,2019,LZ,JZ,901,-0.027136257132534584,0.0007349295629142105,0.443,0.814,19c4675bbf8323e0daab3ca1ca57e287ec7abd791cb9cedfce16c85db5008794,10a7890f5d56f412da68555ce3636d4e50fafe00,hpcnode11,2479.495,0.8067500000000001,False,False
68,PT,main,2014,2019,LZ,MN,1304,0.046857138650929775,0.0021955908839170757,0.11,0.97,19c4675bbf8323e0daab3ca1ca57e287ec7abd791cb9cedfce16c85db5008794,10a7890f5d56f412da68555ce3636d4e50fafe00,hpcnode11,2479.495,0.44,False,False
68,PT,main,2014,2019,LZ,OQ,1304,0.020787417113753332,0.00043143038479831475,0.502,0.742,19c4675bbf8323e0daab3ca1ca57e287ec7abd791cb9cedfce16c85db5008794,10a7890f5d56f412da68555ce3636d4e50fafe00,hpcnode11,2479.495,0.8185531914893617,False,False
68,PT,main,2014,2019,LZ,RU,1289,0.013492343229200334,0.0001818076337563035,0.636,0.716,19c4675bbf8323e0daab3ca1ca57e287ec7abd791cb9cedfce16c85db5008794,10a7890f5d56f412da68555ce3636d4e50fafe00,hpcnode11,2479.495,0.8185531914893617,False,False
69,PT,main,2014,2019,MN,BE,1569,0.03583142709190154,0.0012831196869477202,0.185,0.854,19c4675bbf8323e0daab3ca1ca57e287ec7abd791cb9cedfce16c85db5008794,10a7890f5d56f412da68555ce3636d4e50fafe00,hpcnode11,2154.486,0.5973333333333334,False,False
69,PT,main,2014,2019,MN,FZ,1629,0.04228692768621731,0.0017855055154473165,0.086,0.92,19c4675bbf8323e0daab3ca1ca57e287ec7abd791cb9cedfce16c85db5008794,10a7890f5d56f412da68555ce3636d4e50fafe00,hpcnode11,2154.486,0.434,False,False
69,PT,main,2014,2019,MN,GI,1668,0.026021925201749396,0.0006739669220132694,0.333,0.782,19c4675bbf8323e0daab3ca1ca57e287ec7abd791cb9cedfce16c85db5008794,10a7890f5d56f412da68555ce3636d4e50fafe00,hpcnode11,2154.486,0.7172307692307692,False,False
69,PT,main,2014,2019,MN,JZ,976,-0.06685753591790355,0.004469361122571347,0.051,0.994,19c4675bbf8323e0daab3ca1ca57e287ec7abd791cb9cedfce16c85db5008794,10a7890f5d56f412da68555ce3636d4e50fafe00,hpcnode11,2154.486,0.434,False,False
69,PT,main,2014,2019,MN,LZ,1158,-0.025062678596306967,0.0006280655125611156,0.395,0.804,19c4675bbf8323e0daab3ca1ca57e287ec7abd791cb9cedfce16c85db5008794,10a7890f5d56f412da68555ce3636d4e50fafe00,hpcnode11,2154.486,0.7627586206896552,False,False
69,PT,main,2014,2019,MN,OQ,1668,-0.0050057456115296176,2.505744182390579e-05,0.824,0.534,19c4675bbf8323e0daab3ca1ca57e287ec7abd791cb9cedfce16c85db5008794,10a7890f5d56f412da68555ce3636d4e50fafe00,hpcnode11,2154.486,0.9164615384615384,False,False
69,PT,main,2014,2019,MN,RU,1626,-0.017810207491160177,0.0003170222852160176,0.461,0.706,19c4675bbf8323e0daab3ca1ca57e287ec7abd791cb9cedfce16c85db5008794,10a7890f5d56f412da68555ce3636d4e50fafe00,hpcnode11,2154.486,0.8067500000000001,False,False
70,PT,main,2014,2019,OQ,BE,1569,-0.04545180226671858,0.002015070576089406,0.075,0.982,19c4675bbf8323e0daab3ca1ca57e287ec7abd791cb9cedfce16c85db5008794,10a7890f5d56f412da68555ce3636d4e50fafe00,hpcnode11,2129.239,0.434,False,False
70,PT,main,2014,2019,OQ,FZ,1629,-0.03614063908172993,0.0012737077789194418,0.093,0.974,19c4675bbf8323e0daab3ca1ca57e287ec7abd791cb9cedfce16c85db5008794,10a7890f5d56f412da68555ce3636d4e50fafe00,hpcnode11,2129.239,0.434,False,False
70,PT,main,2014,2019,OQ,GI,1668,-0.057616104722146566,0.003003663656056088,0.009,1.0,19c4675bbf8323e0daab3ca1ca57e287ec7abd791cb9cedfce16c85db5008794,10a7890f5d56f412da68555ce3636d4e50fafe00,hpcnode11,2129.239,0.252,False,False
70,PT,main,2014,2019,OQ,JZ,976,-0.05104160408930497,0.002603885543140394,0.135,0.948,19c4675bbf8323e0daab3ca1ca57e287ec7abd791cb9cedfce16c85db5008794,10a7890f5d56f412da68555ce3636d4e50fafe00,hpcnode11,2129.239,0.49349999999999994,False,False
70,PT,main,2014,2019,OQ,LZ,1158,-0.014097598881510909,0.00019836155297936475,0.629,0.624,19c4675bbf8323e0daab3ca1ca57e287ec7abd791cb9cedfce16c85db5008794,10a7890f5d56f412da68555ce3636d4e50fafe00,hpcnode11,2129.239,0.8185531914893617,False,False
70,PT,main,2014,2019,OQ,MN,1668,-0.02870973335211935,0.0008242472331367878,0.225,0.948,19c4675bbf8323e0daab3ca1ca57e287ec7abd791cb9cedfce16c85db5008794,10a7890f5d56f412da68555ce3636d4e50fafe00,hpcnode11,2129.239,0.5973333333333334,False,False
70,PT,main,2014,2019,OQ,RU,1626,-0.044464895237818575,0.0019758004044662103,0.074,0.896,19c4675bbf8323e0daab3ca1ca57e287ec7abd791cb9cedfce16c85db5008794,10a7890f5d56f412da68555ce3636d4e50fafe00,hpcnode11,2129.239,0.434,False,False
71,PT,main,2014,2019,RU,BE,1550,-0.00206286862109914,4.25526732450443e-06,0.927,0.55,19c4675bbf8323e0daab3ca1ca57e287ec7abd791cb9cedfce16c85db5008794,10a7890f5d56f412da68555ce3636d4e50fafe00,hpcnode11,2424.479,0.9438545454545456,False,False
71,PT,main,2014,2019,RU,FZ,1608,0.010878591222508782,0.00011705601149469835,0.673,0.58,19c4675bbf8323e0daab3ca1ca57e287ec7abd791cb9cedfce16c85db5008794,10a7890f5d56f412da68555ce3636d4e50fafe00,hpcnode11,2424.479,0.8185531914893617,False,False
71,PT,main,2014,2019,RU,GI,1642,0.001875135894087776,3.478178207116933e-06,0.947,0.522,19c4675bbf8323e0daab3ca1ca57e287ec7abd791cb9cedfce16c85db5008794,10a7890f5d56f412da68555ce3636d4e50fafe00,hpcnode11,2424.479,0.947,False,False
71,PT,main,2014,2019,RU,JZ,975,0.012447516011777682,0.00015484249433062036,0.687,0.574,19c4675bbf8323e0daab3ca1ca57e287ec7abd791cb9cedfce16c85db5008794,10a7890f5d56f412da68555ce3636d4e50fafe00,hpcnode11,2424.479,0.8185531914893617,False,False
71,PT,main,2014,2019,RU,LZ,1157,0.005655912156544873,3.194678097484527e-05,0.851,0.564,19c4675bbf8323e0daab3ca1ca57e287ec7abd791cb9cedfce16c85db5008794,10a7890f5d56f412da68555ce3636d4e50fafe00,hpcnode11,2424.479,0.9164615384615384,False,False
71,PT,main,2014,2019,RU,MN,1642,0.06101228836078716,0.003721743989223758,0.028,0.95,19c4675bbf8323e0daab3ca1ca57e287ec7abd791cb9cedfce16c85db5008794,10a7890f5d56f412da68555ce3636d4e50fafe00,hpcnode11,2424.479,0.3136,False,False
71,PT,main,2014,2019,RU,OQ,1642,0.0032472066765513175,1.0539247125351814e-05,0.914,0.516,19c4675bbf8323e0daab3ca1ca57e287ec7abd791cb9cedfce16c85db5008794,10a7890f5d56f412da68555ce3636d4e50fafe00,hpcnode11,2424.479,0.9438545454545456,False,False
72,PT,main,2015,2020,BE,FZ,1586,0.048769935558666544,0.0023496075155239327,0.06,0.948,19c4675bbf8323e0daab3ca1ca57e287ec7abd791cb9cedfce16c85db5008794,10a7890f5d56f412da68555ce3636d4e50fafe00,hpcnode11,2517.878,0.24,False,False
72,PT,main,2015,2020,BE,GI,1620,0.049679575727434366,0.002379812153369354,0.044,0.928,19c4675bbf8323e0daab3ca1ca57e287ec7abd791cb9cedfce16c85db5008794,10a7890f5d56f412da68555ce3636d4e50fafe00,hpcnode11,2517.878,0.224,False,False
72,PT,main,2015,2020,BE,JZ,998,0.023087443078112335,0.0005330039015697396,0.478,0.702,19c4675bbf8323e0daab3ca1ca57e287ec7abd791cb9cedfce16c85db5008794,10a7890f5d56f412da68555ce3636d4e50fafe00,hpcnode11,2517.878,0.7309473684210527,False,False
72,PT,main,2015,2020,BE,LZ,1192,-0.06391969728176039,0.004075471340383885,0.023,0.998,19c4675bbf8323e0daab3ca1ca57e287ec7abd791cb9cedfce16c85db5008794,10a7890f5d56f412da68555ce3636d4e50fafe00,hpcnode11,2517.878,0.17500000000000002,False,False
72,PT,main,2015,2020,BE,MN,1620,-0.0076239561797553645,5.7925241846445985e-05,0.746,0.656,19c4675bbf8323e0daab3ca1ca57e287ec7abd791cb9cedfce16c85db5008794,10a7890f5d56f412da68555ce3636d4e50fafe00,hpcnode11,2517.878,0.8948333333333333,False,False
72,PT,main,2015,2020,BE,OQ,1620,0.061081447709424724,0.00370991334194426,0.016,0.996,19c4675bbf8323e0daab3ca1ca57e287ec7abd791cb9cedfce16c85db5008794,10a7890f5d56f412da68555ce3636d4e50fafe00,hpcnode11,2517.878,0.14933333333333335,False,False
72,PT,main,2015,2020,BE,RU,1588,-0.014910283631530519,0.00022208575387894225,0.546,0.706,19c4675bbf8323e0daab3ca1ca57e287ec7abd791cb9cedfce16c85db5008794,10a7890f5d56f412da68555ce3636d4e50fafe00,hpcnode11,2517.878,0.784,False,False
73,PT,main,2015,2020,FZ,BE,1561,0.0015453510769078693,2.361686970098198e-06,0.955,0.46,19c4675bbf8323e0daab3ca1ca57e287ec7abd791cb9cedfce16c85db5008794,10a7890f5d56f412da68555ce3636d4e50fafe00,hpcnode11,2451.287,0.9723636363636363,False,False
73,PT,main,2015,2020,FZ,GI,1649,0.0014392579181702198,1.9538147433273423e-06,0.931,0.512,19c4675bbf8323e0daab3ca1ca57e287ec7abd791cb9cedfce16c85db5008794,10a7890f5d56f412da68555ce3636d4e50fafe00,hpcnode11,2451.287,0.9675555555555556,False,False
73,PT,main,2015,2020,FZ,JZ,999,0.020414368532230873,0.00041672134025616536,0.496,0.728,19c4675bbf8323e0daab3ca1ca57e287ec7abd791cb9cedfce16c85db5008794,10a7890f5d56f412da68555ce3636d4e50fafe00,hpcnode11,2451.287,0.7309473684210527,False,False
73,PT,main,2015,2020,FZ,LZ,1200,-0.014840192381655293,0.00022019440167309057,0.622,0.726,19c4675bbf8323e0daab3ca1ca57e287ec7abd791cb9cedfce16c85db5008794,10a7890f5d56f412da68555ce3636d4e50fafe00,hpcnode11,2451.287,0.8373333333333333,False,False
73,PT,main,2015,2020,FZ,MN,1649,-0.016532732302310005,0.00027226595873997006,0.49,0.72,19c4675bbf8323e0daab3ca1ca57e287ec7abd791cb9cedfce16c85db5008794,10a7890f5d56f412da68555ce3636d4e50fafe00,hpcnode11,2451.287,0.7309473684210527,False,False
73,PT,main,2015,2020,FZ,OQ,1649,0.054270473776098685,0.002918317198803533,0.025,0.958,19c4675bbf8323e0daab3ca1ca57e287ec7abd791cb9cedfce16c85db5008794,10a7890f5d56f412da68555ce3636d4e50fafe00,hpcnode11,2451.287,0.17500000000000002,False,False
73,PT,main,2015,2020,FZ,RU,1615,-0.04325229806943492,0.0018464040831903672,0.079,0.954,19c4675bbf8323e0daab3ca1ca57e287ec7abd791cb9cedfce16c85db5008794,10a7890f5d56f412da68555ce3636d4e50fafe00,hpcnode11,2451.287,0.26023529411764706,False,False
74,PT,main,2015,2020,GI,BE,1573,0.0027066785799954862,7.062033891780395e-06,0.911,0.522,19c4675bbf8323e0daab3ca1ca57e287ec7abd791cb9cedfce16c85db5008794,10a7890f5d56f412da68555ce3636d4e50fafe00,hpcnode11,2232.77,0.9675555555555556,False,False
74,PT,main,2015,2020,GI,FZ,1629,0.008211051474673159,6.369732304711828e-05,0.734,0.644,19c4675bbf8323e0daab3ca1ca57e287ec7abd791cb9cedfce16c85db5008794,10a7890f5d56f412da68555ce3636d4e50fafe00,hpcnode11,2232.77,0.8948333333333333,False,False
74,PT,main,2015,2020,GI,JZ,999,-0.004742812376720751,2.2440625459196895e-05,0.891,0.588,19c4675bbf8323e0daab3ca1ca57e287ec7abd791cb9cedfce16c85db5008794,10a7890f5d56f412da68555ce3636d4e50fafe00,hpcnode11,2232.77,0.9675555555555556,False,False
74,PT,main,2015,2020,GI,LZ,1203,0.028819890655374325,0.000828790674021529,0.292,0.822,19c4675bbf8323e0daab3ca1ca57e287ec7abd791cb9cedfce16c85db5008794,10a7890f5d56f412da68555ce3636d4e50fafe00,hpcnode11,2232.77,0.6056296296296296,False,False
74,PT,main,2015,2020,GI,MN,1668,-0.045181558191492666,0.0020227208048918532,0.041,0.938,19c4675bbf8323e0daab3ca1ca57e287ec7abd791cb9cedfce16c85db5008794,10a7890f5d56f412da68555ce3636d4e50fafe00,hpcnode11,2232.77,0.224,False,False
74,PT,main,2015,2020,GI,OQ,1668,0.1302967198964387,0.016551631914195397,0.001,1.0,19c4675bbf8323e0daab3ca1ca57e287ec7abd791cb9cedfce16c85db5008794,10a7890f5d56f412da68555ce3636d4e50fafe00,hpcnode11,2232.77,0.028,True,True
74,PT,main,2015,2020,GI,RU,1633,-0.012089643456409865,0.00014472696743828006,0.628,0.644,19c4675bbf8323e0daab3ca1ca57e287ec7abd791cb9cedfce16c85db5008794,10a7890f5d56f412da68555ce3636d4e50fafe00,hpcnode11,2232.77,0.8373333333333333,False,False
75,PT,main,2015,2020,JZ,BE,1162,0.077678437761592,0.006033815466975789,0.015,0.998,19c4675bbf8323e0daab3ca1ca57e287ec7abd791cb9cedfce16c85db5008794,10a7890f5d56f412da68555ce3636d4e50fafe00,hpcnode11,2363.101,0.14933333333333335,False,False
75,PT,main,2015,2020,JZ,FZ,1169,0.06291919604085949,0.003954048266212151,0.059,0.998,19c4675bbf8323e0daab3ca1ca57e287ec7abd791cb9cedfce16c85db5008794,10a7890f5d56f412da68555ce3636d4e50fafe00,hpcnode11,2363.101,0.24,False,False
75,PT,main,2015,2020,JZ,GI,1182,0.037081260344411456,0.001372688107919462,0.23,0.914,19c4675bbf8323e0daab3ca1ca57e287ec7abd791cb9cedfce16c85db5008794,10a7890f5d56f412da68555ce3636d4e50fafe00,hpcnode11,2363.101,0.5697391304347826,False,False
75,PT,main,2015,2020,JZ,LZ,1003,0.04828470189664141,0.002330927464624044,0.149,0.94,19c4675bbf8323e0daab3ca1ca57e287ec7abd791cb9cedfce16c85db5008794,10a7890f5d56f412da68555ce3636d4e50fafe00,hpcnode11,2363.101,0.41719999999999996,False,False
75,PT,main,2015,2020,JZ,MN,1182,0.03694272749540929,0.0013632718436378255,0.234,0.944,19c4675bbf8323e0daab3ca1ca57e287ec7abd791cb9cedfce16c85db5008794,10a7890f5d56f412da68555ce3636d4e50fafe00,hpcnode11,2363.101,0.5697391304347826,False,False
75,PT,main,2015,2020,JZ,OQ,1182,0.0387629756870263,0.0014914165437409643,0.208,0.904,19c4675bbf8323e0daab3ca1ca57e287ec7abd791cb9cedfce16c85db5008794,10a7890f5d56f412da68555ce3636d4e50fafe00,hpcnode11,2363.101,0.5546666666666666,False,False
75,PT,main,2015,2020,JZ,RU,1178,0.010363637358652478,0.0001073349498393883,0.741,0.624,19c4675bbf8323e0daab3ca1ca57e287ec7abd791cb9cedfce16c85db5008794,10a7890f5d56f412da68555ce3636d4e50fafe00,hpcnode11,2363.101,0.8948333333333333,False,False
76,PT,main,2015,2020,LZ,BE,1294,0.05659202053328499,0.003193684603543079,0.057,0.97,19c4675bbf8323e0daab3ca1ca57e287ec7abd791cb9cedfce16c85db5008794,10a7890f5d56f412da68555ce3636d4e50fafe00,hpcnode11,2497.052,0.24,False,False
76,PT,main,2015,2020,LZ,FZ,1324,-0.03044057746314119,0.0009264036376612772,0.26,0.932,19c4675bbf8323e0daab3ca1ca57e287ec7abd791cb9cedfce16c85db5008794,10a7890f5d56f412da68555ce3636d4e50fafe00,hpcnode11,2497.052,0.5750769230769232,False,False
76,PT,main,2015,2020,LZ,GI,1335,-0.008970756287625753,8.034963039316168e-05,0.767,0.642,19c4675bbf8323e0daab3ca1ca57e287ec7abd791cb9cedfce16c85db5008794,10a7890f5d56f412da68555ce3636d4e50fafe00,hpcnode11,2497.052,0.8948333333333333,False,False
76,PT,main,2015,2020,LZ,JZ,931,-0.05205179680638772,0.0027087592882205636,0.141,0.93,19c4675bbf8323e0daab3ca1ca57e287ec7abd791cb9cedfce16c85db5008794,10a7890f5d56f412da68555ce3636d4e50fafe00,hpcnode11,2497.052,0.415578947368421,False,False
76,PT,main,2015,2020,LZ,MN,1335,0.03101422346160576,0.0009618461314411242,0.318,0.88,19c4675bbf8323e0daab3ca1ca57e287ec7abd791cb9cedfce16c85db5008794,10a7890f5d56f412da68555ce3636d4e50fafe00,hpcnode11,2497.052,0.6085333333333334,False,False
76,PT,main,2015,2020,LZ,OQ,1335,0.032668765926734955,0.0010672453852853536,0.267,0.838,19c4675bbf8323e0daab3ca1ca57e287ec7abd791cb9cedfce16c85db5008794,10a7890f5d56f412da68555ce3636d4e50fafe00,hpcnode11,2497.052,0.5750769230769232,False,False
76,PT,main,2015,2020,LZ,RU,1322,0.020375634056699787,0.000413964778706033,0.467,0.826,19c4675bbf8323e0daab3ca1ca57e287ec7abd791cb9cedfce16c85db5008794,10a7890f5d56f412da68555ce3636d4e50fafe00,hpcnode11,2497.052,0.7309473684210527,False,False
77,PT,main,2015,2020,MN,BE,1573,0.025810645111266933,0.0006645652150524262,0.326,0.762,19c4675bbf8323e0daab3ca1ca57e287ec7abd791cb9cedfce16c85db5008794,10a7890f5d56f412da68555ce3636d4e50fafe00,hpcnode11,2154.113,0.6085333333333334,False,False
77,PT,main,2015,2020,MN,FZ,1629,0.05149984401347607,0.00264319192510043,0.041,0.966,19c4675bbf8323e0daab3ca1ca57e287ec7abd791cb9cedfce16c85db5008794,10a7890f5d56f412da68555ce3636d4e50fafe00,hpcnode11,2154.113,0.224,False,False
77,PT,main,2015,2020,MN,GI,1668,0.04270965482638219,0.0018074473506114463,0.093,0.932,19c4675bbf8323e0daab3ca1ca57e287ec7abd791cb9cedfce16c85db5008794,10a7890f5d56f412da68555ce3636d4e50fafe00,hpcnode11,2154.113,0.28933333333333333,False,False
77,PT,main,2015,2020,MN,JZ,999,-0.10415372793056618,0.010831118813362184,0.002,1.0,19c4675bbf8323e0daab3ca1ca57e287ec7abd791cb9cedfce16c85db5008794,10a7890f5d56f412da68555ce3636d4e50fafe00,hpcnode11,2154.113,0.037333333333333336,True,True
77,PT,main,2015,2020,MN,LZ,1203,-0.02059696915829899,0.00042408865228849013,0.493,0.762,19c4675bbf8323e0daab3ca1ca57e287ec7abd791cb9cedfce16c85db5008794,10a7890f5d56f412da68555ce3636d4e50fafe00,hpcnode11,2154.113,0.7309473684210527,False,False
77,PT,main,2015,2020,MN,OQ,1668,0.047716927454150515,0.00226744489175168,0.067,0.964,19c4675bbf8323e0daab3ca1ca57e287ec7abd791cb9cedfce16c85db5008794,10a7890f5d56f412da68555ce3636d4e50fafe00,hpcnode11,2154.113,0.2501333333333334,False,False
77,PT,main,2015,2020,MN,RU,1633,0.021965226374259822,0.00048246899586645853,0.36,0.698,19c4675bbf8323e0daab3ca1ca57e287ec7abd791cb9cedfce16c85db5008794,10a7890f5d56f412da68555ce3636d4e50fafe00,hpcnode11,2154.113,0.63,False,False
78,PT,main,2015,2020,OQ,BE,1573,-0.007697305767146903,5.8987007617528064e-05,0.795,0.658,19c4675bbf8323e0daab3ca1ca57e287ec7abd791cb9cedfce16c85db5008794,10a7890f5d56f412da68555ce3636d4e50fafe00,hpcnode11,2134.351,0.9085714285714286,False,False
78,PT,main,2015,2020,OQ,FZ,1629,0.021296474859618386,0.0004486424436991321,0.38,0.808,19c4675bbf8323e0daab3ca1ca57e287ec7abd791cb9cedfce16c85db5008794,10a7890f5d56f412da68555ce3636d4e50fafe00,hpcnode11,2134.351,0.6448484848484849,False,False
78,PT,main,2015,2020,OQ,GI,1668,0.07645942618698529,0.005699489037921501,0.001,1.0,19c4675bbf8323e0daab3ca1ca57e287ec7abd791cb9cedfce16c85db5008794,10a7890f5d56f412da68555ce3636d4e50fafe00,hpcnode11,2134.351,0.028,False,False
78,PT,main,2015,2020,OQ,JZ,999,-0.0010716725472283417,1.1379624377250153e-06,0.985,0.602,19c4675bbf8323e0daab3ca1ca57e287ec7abd791cb9cedfce16c85db5008794,10a7890f5d56f412da68555ce3636d4e50fafe00,hpcnode11,2134.351,0.985,False,False
78,PT,main,2015,2020,OQ,LZ,1203,0.016819394338810467,0.000282889601804448,0.624,0.686,19c4675bbf8323e0daab3ca1ca57e287ec7abd791cb9cedfce16c85db5008794,10a7890f5d56f412da68555ce3636d4e50fafe00,hpcnode11,2134.351,0.8373333333333333,False,False
78,PT,main,2015,2020,OQ,MN,1668,0.028162507418998502,0.0007898314751939584,0.246,0.792,19c4675bbf8323e0daab3ca1ca57e287ec7abd791cb9cedfce16c85db5008794,10a7890f5d56f412da68555ce3636d4e50fafe00,hpcnode11,2134.351,0.574,False,False
78,PT,main,2015,2020,OQ,RU,1633,-0.024406398452412187,0.0005903637156887687,0.313,0.874,19c4675bbf8323e0daab3ca1ca57e287ec7abd791cb9cedfce16c85db5008794,10a7890f5d56f412da68555ce3636d4e50fafe00,hpcnode11,2134.351,0.6085333333333334,False,False
79,PT,main,2015,2020,RU,BE,1556,0.0023271509110653274,5.411841860425426e-06,0.933,0.522,19c4675bbf8323e0daab3ca1ca57e287ec7abd791cb9cedfce16c85db5008794,10a7890f5d56f412da68555ce3636d4e50fafe00,hpcnode12,2395.607,0.9675555555555556,False,False
79,PT,main,2015,2020,RU,FZ,1611,-0.0023611678595123935,5.494091082303143e-06,0.929,0.55,19c4675bbf8323e0daab3ca1ca57e287ec7abd791cb9cedfce16c85db5008794,10a7890f5d56f412da68555ce3636d4e50fafe00,hpcnode12,2395.607,0.9675555555555556,False,False
79,PT,main,2015,2020,RU,GI,1648,0.010320326781711164,0.00010531695547033593,0.68,0.598,19c4675bbf8323e0daab3ca1ca57e287ec7abd791cb9cedfce16c85db5008794,10a7890f5d56f412da68555ce3636d4e50fafe00,hpcnode12,2395.607,0.8855813953488373,False,False
79,PT,main,2015,2020,RU,JZ,998,0.05663926378131945,0.0032071686137166155,0.073,0.848,19c4675bbf8323e0daab3ca1ca57e287ec7abd791cb9cedfce16c85db5008794,10a7890f5d56f412da68555ce3636d4e50fafe00,hpcnode12,2395.607,0.2555,False,False
79,PT,main,2015,2020,RU,LZ,1202,-0.026722973310819756,0.000712858458491672,0.354,0.87,19c4675bbf8323e0daab3ca1ca57e287ec7abd791cb9cedfce16c85db5008794,10a7890f5d56f412da68555ce3636d4e50fafe00,hpcnode12,2395.607,0.63,False,False
79,PT,main,2015,2020,RU,MN,1648,0.08238450939606706,0.006786925958171763,0.004,0.988,19c4675bbf8323e0daab3ca1ca57e287ec7abd791cb9cedfce16c85db5008794,10a7890f5d56f412da68555ce3636d4e50fafe00,hpcnode12,2395.607,0.056,False,False
79,PT,main,2015,2020,RU,OQ,1648,-0.008423290300750752,7.027877722176612e-05,0.756,0.614,19c4675bbf8323e0daab3ca1ca57e287ec7abd791cb9cedfce16c85db5008794,10a7890f5d56f412da68555ce3636d4e50fafe00,hpcnode12,2395.607,0.8948333333333333,False,False
80,PT,main,2016,2021,BE,FZ,1580,0.04473056489500157,0.0019825594763902554,0.083,0.916,19c4675bbf8323e0daab3ca1ca57e287ec7abd791cb9cedfce16c85db5008794,10a7890f5d56f412da68555ce3636d4e50fafe00,hpcnode12,2593.333,0.33226666666666665,False,False
80,PT,main,2016,2021,BE,GI,1615,0.03223646395638205,0.0010103617791310526,0.156,0.816,19c4675bbf8323e0daab3ca1ca57e287ec7abd791cb9cedfce16c85db5008794,10a7890f5d56f412da68555ce3636d4e50fafe00,hpcnode12,2593.333,0.3944347826086957,False,False
80,PT,main,2016,2021,BE,JZ,1025,0.03485762236665152,0.001214999856392729,0.283,0.882,19c4675bbf8323e0daab3ca1ca57e287ec7abd791cb9cedfce16c85db5008794,10a7890f5d56f412da68555ce3636d4e50fafe00,hpcnode12,2593.333,0.566,False,False
80,PT,main,2016,2021,BE,LZ,1239,-0.053676669255829146,0.0028713263316630933,0.086,0.984,19c4675bbf8323e0daab3ca1ca57e287ec7abd791cb9cedfce16c85db5008794,10a7890f5d56f412da68555ce3636d4e50fafe00,hpcnode12,2593.333,0.33226666666666665,False,False
80,PT,main,2016,2021,BE,MN,1615,-0.021004521787421536,0.0004383882684563245,0.391,0.758,19c4675bbf8323e0daab3ca1ca57e287ec7abd791cb9cedfce16c85db5008794,10a7890f5d56f412da68555ce3636d4e50fafe00,hpcnode12,2593.333,0.6256,False,False
80,PT,main,2016,2021,BE,OQ,1615,0.05591758496353981,0.0031255874400826222,0.026,0.976,19c4675bbf8323e0daab3ca1ca57e287ec7abd791cb9cedfce16c85db5008794,10a7890f5d56f412da68555ce3636d4e50fafe00,hpcnode12,2593.333,0.182,False,False
80,PT,main,2016,2021,BE,RU,1583,0.014290731334399898,0.00020331951739760434,0.557,0.638,19c4675bbf8323e0daab3ca1ca57e287ec7abd791cb9cedfce16c85db5008794,10a7890f5d56f412da68555ce3636d4e50fafe00,hpcnode12,2593.333,0.7798,False,False
81,PT,main,2016,2021,FZ,BE,1558,-0.00266135710166443,7.028555217725163e-06,0.909,0.574,19c4675bbf8323e0daab3ca1ca57e287ec7abd791cb9cedfce16c85db5008794,10a7890f5d56f412da68555ce3636d4e50fafe00,hpcnode12,2440.499,0.963622641509434,False,False
81,PT,main,2016,2021,FZ,GI,1645,-0.019526788366370458,0.0003630800410513446,0.365,0.748,19c4675bbf8323e0daab3ca1ca57e287ec7abd791cb9cedfce16c85db5008794,10a7890f5d56f412da68555ce3636d4e50fafe00,hpcnode12,2440.499,0.6193939393939393,False,False
81,PT,main,2016,2021,FZ,JZ,1028,0.0034299903493197753,1.1762126969849795e-05,0.912,0.552,19c4675bbf8323e0daab3ca1ca57e287ec7abd791cb9cedfce16c85db5008794,10a7890f5d56f412da68555ce3636d4e50fafe00,hpcnode12,2440.499,0.963622641509434,False,False
81,PT,main,2016,2021,FZ,LZ,1251,-0.010514671941680626,0.0001104830992382233,0.686,0.656,19c4675bbf8323e0daab3ca1ca57e287ec7abd791cb9cedfce16c85db5008794,10a7890f5d56f412da68555ce3636d4e50fafe00,hpcnode12,2440.499,0.8933953488372094,False,False
81,PT,main,2016,2021,FZ,MN,1646,-0.01934141022206709,0.00037324776895142353,0.387,0.792,19c4675bbf8323e0daab3ca1ca57e287ec7abd791cb9cedfce16c85db5008794,10a7890f5d56f412da68555ce3636d4e50fafe00,hpcnode12,2440.499,0.6256,False,False
81,PT,main,2016,2021,FZ,OQ,1646,0.03605162237331283,0.0012921270794808981,0.126,0.87,19c4675bbf8323e0daab3ca1ca57e287ec7abd791cb9cedfce16c85db5008794,10a7890f5d56f412da68555ce3636d4e50fafe00,hpcnode12,2440.499,0.392,False,False
81,PT,main,2016,2021,FZ,RU,1613,-0.01552622648418786,0.00023608549883158414,0.532,0.714,19c4675bbf8323e0daab3ca1ca57e287ec7abd791cb9cedfce16c85db5008794,10a7890f5d56f412da68555ce3636d4e50fafe00,hpcnode12,2440.499,0.763897435897436,False,False
82,PT,main,2016,2021,GI,BE,1573,-0.020050928674356927,0.00039012873657529035,0.433,0.728,19c4675bbf8323e0daab3ca1ca57e287ec7abd791cb9cedfce16c85db5008794,10a7890f5d56f412da68555ce3636d4e50fafe00,hpcnode12,2190.923,0.6735555555555556,False,False
82,PT,main,2016,2021,GI,FZ,1628,-0.027927947228669536,0.0007448981583836334,0.243,0.83,19c4675bbf8323e0daab3ca1ca57e287ec7abd791cb9cedfce16c85db5008794,10a7890f5d56f412da68555ce3636d4e50fafe00,hpcnode12,2190.923,0.5233846153846154,False,False
82,PT,main,2016,2021,GI,JZ,1028,0.008238501192369768,6.783493344519886e-05,0.802,0.594,19c4675bbf8323e0daab3ca1ca57e287ec7abd791cb9cedfce16c85db5008794,10a7890f5d56f412da68555ce3636d4e50fafe00,hpcnode12,2190.923,0.9555744680851065,False,False
82,PT,main,2016,2021,GI,LZ,1254,0.048001082576007534,0.0022972308100666083,0.088,0.942,19c4675bbf8323e0daab3ca1ca57e287ec7abd791cb9cedfce16c85db5008794,10a7890f5d56f412da68555ce3636d4e50fafe00,hpcnode12,2190.923,0.33226666666666665,False,False
82,PT,main,2016,2021,GI,MN,1668,-0.03339267241966504,0.0011048825288457742,0.151,0.81,19c4675bbf8323e0daab3ca1ca57e287ec7abd791cb9cedfce16c85db5008794,10a7890f5d56f412da68555ce3636d4e50fafe00,hpcnode12,2190.923,0.3944347826086957,False,True
82,PT,main,2016,2021,GI,OQ,1668,0.06559244064060199,0.004251538397678556,0.012,0.982,19c4675bbf8323e0daab3ca1ca57e287ec7abd791cb9cedfce16c85db5008794,10a7890f5d56f412da68555ce3636d4e50fafe00,hpcnode12,2190.923,0.14933333333333335,False,False
82,PT,main,2016,2021,GI,RU,1634,-0.0015111244660050427,2.2673928410377187e-06,0.958,0.518,19c4675bbf8323e0daab3ca1ca57e287ec7abd791cb9cedfce16c85db5008794,10a7890f5d56f412da68555ce3636d4e50fafe00,hpcnode12,2190.923,0.9754181818181817,False,False
83,PT,main,2016,2021,JZ,BE,1179,0.06920990049571696,0.004786714562639238,0.022,0.986,19c4675bbf8323e0daab3ca1ca57e287ec7abd791cb9cedfce16c85db5008794,10a7890f5d56f412da68555ce3636d4e50fafe00,hpcnode12,2460.418,0.176,False,False
83,PT,main,2016,2021,JZ,FZ,1191,0.06068295963132175,0.0036774271650714674,0.053,0.99,19c4675bbf8323e0daab3ca1ca57e287ec7abd791cb9cedfce16c85db5008794,10a7890f5d56f412da68555ce3636d4e50fafe00,hpcnode12,2460.418,0.2968,False,False
83,PT,main,2016,2021,JZ,GI,1204,0.046341848661152166,0.0021464653259885003,0.123,0.958,19c4675bbf8323e0daab3ca1ca57e287ec7abd791cb9cedfce16c85db5008794,10a7890f5d56f412da68555ce3636d4e50fafe00,hpcnode12,2460.418,0.392,False,False
83,PT,main,2016,2021,JZ,LZ,1045,0.08366546056613705,0.006997638781370941,0.011,0.994,19c4675bbf8323e0daab3ca1ca57e287ec7abd791cb9cedfce16c85db5008794,10a7890f5d56f412da68555ce3636d4e50fafe00,hpcnode12,2460.418,0.14933333333333335,False,False
83,PT,main,2016,2021,JZ,MN,1204,0.02945137138955544,0.000863904141627736,0.328,0.828,19c4675bbf8323e0daab3ca1ca57e287ec7abd791cb9cedfce16c85db5008794,10a7890f5d56f412da68555ce3636d4e50fafe00,hpcnode12,2460.418,0.6122666666666667,False,False
83,PT,main,2016,2021,JZ,OQ,1204,0.04191618491620125,0.001756284740355829,0.133,0.912,19c4675bbf8323e0daab3ca1ca57e287ec7abd791cb9cedfce16c85db5008794,10a7890f5d56f412da68555ce3636d4e50fafe00,hpcnode12,2460.418,0.392,False,False
83,PT,main,2016,2021,JZ,RU,1199,0.005485498005961598,3.006202044730788e-05,0.877,0.592,19c4675bbf8323e0daab3ca1ca57e287ec7abd791cb9cedfce16c85db5008794,10a7890f5d56f412da68555ce3636d4e50fafe00,hpcnode12,2460.418,0.963622641509434,False,False
84,PT,main,2016,2021,LZ,BE,1325,0.07612068244999706,0.005769993219475467,0.012,0.99,19c4675bbf8323e0daab3ca1ca57e287ec7abd791cb9cedfce16c85db5008794,10a7890f5d56f412da68555ce3636d4e50fafe00,hpcnode12,2554.884,0.14933333333333335,False,False
84,PT,main,2016,2021,LZ,FZ,1361,-0.03451379170803215,0.0011904249578089665,0.196,0.884,19c4675bbf8323e0daab3ca1ca57e287ec7abd791cb9cedfce16c85db5008794,10a7890f5d56f412da68555ce3636d4e50fafe00,hpcnode12,2554.884,0.45733333333333337,False,False
84,PT,main,2016,2021,LZ,GI,1373,-0.005352374211590433,2.860058526921172e-05,0.85,0.524,19c4675bbf8323e0daab3ca1ca57e287ec7abd791cb9cedfce16c85db5008794,10a7890f5d56f412da68555ce3636d4e50fafe00,hpcnode12,2554.884,0.963622641509434,False,False
84,PT,main,2016,2021,LZ,JZ,968,-0.0022410709052336913,5.021568329599546e-06,0.956,0.544,19c4675bbf8323e0daab3ca1ca57e287ec7abd791cb9cedfce16c85db5008794,10a7890f5d56f412da68555ce3636d4e50fafe00,hpcnode12,2554.884,0.9754181818181817,False,False
84,PT,main,2016,2021,LZ,MN,1373,0.0028831286081697494,8.312178628622213e-06,0.91,0.572,19c4675bbf8323e0daab3ca1ca57e287ec7abd791cb9cedfce16c85db5008794,10a7890f5d56f412da68555ce3636d4e50fafe00,hpcnode12,2554.884,0.963622641509434,False,False
84,PT,main,2016,2021,LZ,OQ,1373,0.0004421152206300766,1.9542234441782824e-07,0.982,0.534,19c4675bbf8323e0daab3ca1ca57e287ec7abd791cb9cedfce16c85db5008794,10a7890f5d56f412da68555ce3636d4e50fafe00,hpcnode12,2554.884,0.982,False,False
84,PT,main,2016,2021,LZ,RU,1360,0.02735816111903344,0.0007483755627126776,0.315,0.858,19c4675bbf8323e0daab3ca1ca57e287ec7abd791cb9cedfce16c85db5008794,10a7890f5d56f412da68555ce3636d4e50fafe00,hpcnode12,2554.884,0.6082758620689656,False,False
85,PT,main,2016,2021,MN,BE,1573,0.007126551893923902,5.0546256573746895e-05,0.788,0.556,19c4675bbf8323e0daab3ca1ca57e287ec7abd791cb9cedfce16c85db5008794,10a7890f5d56f412da68555ce3636d4e50fafe00,hpcnode12,2229.003,0.9555744680851065,False,False
85,PT,main,2016,2021,MN,FZ,1628,0.04304919860705009,0.001848823815120193,0.098,0.908,19c4675bbf8323e0daab3ca1ca57e287ec7abd791cb9cedfce16c85db5008794,10a7890f5d56f412da68555ce3636d4e50fafe00,hpcnode12,2229.003,0.343,False,False
85,PT,main,2016,2021,MN,GI,1667,0.06495691485864952,0.004181724972567302,0.016,0.98,19c4675bbf8323e0daab3ca1ca57e287ec7abd791cb9cedfce16c85db5008794,10a7890f5d56f412da68555ce3636d4e50fafe00,hpcnode12,2229.003,0.14933333333333335,False,False
85,PT,main,2016,2021,MN,JZ,1028,-0.07473975176617612,0.005568860860082792,0.015,0.994,19c4675bbf8323e0daab3ca1ca57e287ec7abd791cb9cedfce16c85db5008794,10a7890f5d56f412da68555ce3636d4e50fafe00,hpcnode12,2229.003,0.14933333333333335,False,True
85,PT,main,2016,2021,MN,LZ,1254,-0.00734517673437024,5.3939296430272066e-05,0.769,0.638,19c4675bbf8323e0daab3ca1ca57e287ec7abd791cb9cedfce16c85db5008794,10a7890f5d56f412da68555ce3636d4e50fafe00,hpcnode12,2229.003,0.9555744680851065,False,False
85,PT,main,2016,2021,MN,OQ,1668,0.04695035987605335,0.0022035318216743205,0.059,0.96,19c4675bbf8323e0daab3ca1ca57e287ec7abd791cb9cedfce16c85db5008794,10a7890f5d56f412da68555ce3636d4e50fafe00,hpcnode12,2229.003,0.30036363636363633,False,False
85,PT,main,2016,2021,MN,RU,1634,0.022706957916638765,0.000515227247350758,0.357,0.708,19c4675bbf8323e0daab3ca1ca57e287ec7abd791cb9cedfce16c85db5008794,10a7890f5d56f412da68555ce3636d4e50fafe00,hpcnode12,2229.003,0.6193939393939393,False,False
86,PT,main,2016,2021,OQ,BE,1573,-0.0234725546742085,0.0005508512418802569,0.35,0.842,19c4675bbf8323e0daab3ca1ca57e287ec7abd791cb9cedfce16c85db5008794,10a7890f5d56f412da68555ce3636d4e50fafe00,hpcnode12,2232.788,0.6193939393939393,False,False
86,PT,main,2016,2021,OQ,FZ,1628,-0.026382936482549857,0.0006920530624433541,0.265,0.774,19c4675bbf8323e0daab3ca1ca57e287ec7abd791cb9cedfce16c85db5008794,10a7890f5d56f412da68555ce3636d4e50fafe00,hpcnode12,2232.788,0.5496296296296296,False,False
86,PT,main,2016,2021,OQ,GI,1667,0.014017624184744393,0.00019433854389383498,0.573,0.7,19c4675bbf8323e0daab3ca1ca57e287ec7abd791cb9cedfce16c85db5008794,10a7890f5d56f412da68555ce3636d4e50fafe00,hpcnode12,2232.788,0.7826341463414632,False,False
86,PT,main,2016,2021,OQ,JZ,1028,-0.021657844089809947,0.0004688904659205795,0.476,0.756,19c4675bbf8323e0daab3ca1ca57e287ec7abd791cb9cedfce16c85db5008794,10a7890f5d56f412da68555ce3636d4e50fafe00,hpcnode12,2232.788,0.7204324324324324,False,False
86,PT,main,2016,2021,OQ,LZ,1254,-0.012236595073042533,0.00014971902856131258,0.677,0.67,19c4675bbf8323e0daab3ca1ca57e287ec7abd791cb9cedfce16c85db5008794,10a7890f5d56f412da68555ce3636d4e50fafe00,hpcnode12,2232.788,0.8933953488372094,False,False
86,PT,main,2016,2021,OQ,MN,1668,0.05074326414979541,0.002573939156538474,0.043,0.91,19c4675bbf8323e0daab3ca1ca57e287ec7abd791cb9cedfce16c85db5008794,10a7890f5d56f412da68555ce3636d4e50fafe00,hpcnode12,2232.788,0.26755555555555555,False,False
86,PT,main,2016,2021,OQ,RU,1634,-0.04213877113914111,0.001756767628088629,0.089,0.956,19c4675bbf8323e0daab3ca1ca57e287ec7abd791cb9cedfce16c85db5008794,10a7890f5d56f412da68555ce3636d4e50fafe00,hpcnode12,2232.788,0.33226666666666665,False,False
87,PT,main,2016,2021,RU,BE,1559,0.032049984343686,0.0010234071595118799,0.225,0.842,19c4675bbf8323e0daab3ca1ca57e287ec7abd791cb9cedfce16c85db5008794,10a7890f5d56f412da68555ce3636d4e50fafe00,hpcnode12,2446.864,0.504,False,False
87,PT,main,2016,2021,RU,FZ,1614,0.008725416970273903,7.443015090469185e-05,0.745,0.568,19c4675bbf8323e0daab3ca1ca57e287ec7abd791cb9cedfce16c85db5008794,10a7890f5d56f412da68555ce3636d4e50fafe00,hpcnode12,2446.864,0.9481818181818181,False,False
87,PT,main,2016,2021,RU,GI,1651,0.004604927479776172,2.1034874244874047e-05,0.853,0.52,19c4675bbf8323e0daab3ca1ca57e287ec7abd791cb9cedfce16c85db5008794,10a7890f5d56f412da68555ce3636d4e50fafe00,hpcnode12,2446.864,0.963622641509434,False,False
87,PT,main,2016,2021,RU,JZ,1028,0.04468789767266422,0.001996608685231882,0.162,0.796,19c4675bbf8323e0daab3ca1ca57e287ec7abd791cb9cedfce16c85db5008794,10a7890f5d56f412da68555ce3636d4e50fafe00,hpcnode12,2446.864,0.3944347826086957,False,False
87,PT,main,2016,2021,RU,LZ,1252,-0.01921918638387149,0.000369376974604374,0.5,0.704,19c4675bbf8323e0daab3ca1ca57e287ec7abd791cb9cedfce16c85db5008794,10a7890f5d56f412da68555ce3636d4e50fafe00,hpcnode12,2446.864,0.7368421052631579,False,False
87,PT,main,2016,2021,RU,MN,1652,0.09366102681186905,0.00877083184790195,0.003,0.99,19c4675bbf8323e0daab3ca1ca57e287ec7abd791cb9cedfce16c85db5008794,10a7890f5d56f412da68555ce3636d4e50fafe00,hpcnode12,2446.864,0.14933333333333335,False,False
87,PT,main,2016,2021,RU,OQ,1652,0.0328926677079,0.0010711957547151485,0.147,0.812,19c4675bbf8323e0daab3ca1ca57e287ec7abd791cb9cedfce16c85db5008794,10a7890f5d56f412da68555ce3636d4e50fafe00,hpcnode12,2446.864,0.3944347826086957,False,False
88,PT,main,2017,2022,BE,FZ,1584,0.04566487664117558,0.002065501591778429,0.051,0.944,19c4675bbf8323e0daab3ca1ca57e287ec7abd791cb9cedfce16c85db5008794,10a7890f5d56f412da68555ce3636d4e50fafe00,hpcnode12,2590.179,0.3173333333333333,False,False
88,PT,main,2017,2022,BE,GI,1619,0.0672363122997818,0.0044211352200462795,0.008,0.98,19c4675bbf8323e0daab3ca1ca57e287ec7abd791cb9cedfce16c85db5008794,10a7890f5d56f412da68555ce3636d4e50fafe00,hpcnode12,2590.179,0.168,False,False
88,PT,main,2017,2022,BE,JZ,1064,0.07917136914552539,0.006265488606730485,0.009,0.982,19c4675bbf8323e0daab3ca1ca57e287ec7abd791cb9cedfce16c85db5008794,10a7890f5d56f412da68555ce3636d4e50fafe00,hpcnode12,2590.179,0.168,False,False
88,PT,main,2017,2022,BE,LZ,1273,-0.026753298264731176,0.000715247567127486,0.351,0.84,19c4675bbf8323e0daab3ca1ca57e287ec7abd791cb9cedfce16c85db5008794,10a7890f5d56f412da68555ce3636d4e50fafe00,hpcnode12,2590.179,0.5830588235294117,False,False
88,PT,main,2017,2022,BE,MN,1619,-0.003706538026365603,1.3688893686580883e-05,0.886,0.526,19c4675bbf8323e0daab3ca1ca57e287ec7abd791cb9cedfce16c85db5008794,10a7890f5d56f412da68555ce3636d4e50fafe00,hpcnode12,2590.179,0.9541538461538461,False,False
88,PT,main,2017,2022,BE,OQ,1619,0.04063653596318081,0.0016513102923906287,0.086,0.942,19c4675bbf8323e0daab3ca1ca57e287ec7abd791cb9cedfce16c85db5008794,10a7890f5d56f412da68555ce3636d4e50fafe00,hpcnode12,2590.179,0.37046153846153845,False,False
88,PT,main,2017,2022,BE,RU,1582,0.027533150612371327,0.0007571008052489336,0.291,0.824,19c4675bbf8323e0daab3ca1ca57e287ec7abd791cb9cedfce16c85db5008794,10a7890f5d56f412da68555ce3636d4e50fafe00,hpcnode12,2590.179,0.569655172413793,False,False
89,PT,main,2017,2022,FZ,BE,1557,-0.034676386581280305,0.0011933738057281484,0.157,0.946,19c4675bbf8323e0daab3ca1ca57e287ec7abd791cb9cedfce16c85db5008794,10a7890f5d56f412da68555ce3636d4e50fafe00,hpcnode12,2479.376,0.46273684210526317,False,False
89,PT,main,2017,2022,FZ,GI,1647,-0.021732958277884074,0.0004484065947077953,0.354,0.768,19c4675bbf8323e0daab3ca1ca57e287ec7abd791cb9cedfce16c85db5008794,10a7890f5d56f412da68555ce3636d4e50fafe00,hpcnode12,2479.376,0.5830588235294117,False,False
89,PT,main,2017,2022,FZ,JZ,1066,0.007660140028009743,5.867771933754096e-05,0.819,0.57,19c4675bbf8323e0daab3ca1ca57e287ec7abd791cb9cedfce16c85db5008794,10a7890f5d56f412da68555ce3636d4e50fafe00,hpcnode12,2479.376,0.8992941176470588,False,False
89,PT,main,2017,2022,FZ,LZ,1283,-0.0005969065401354445,3.5622690075509666e-07,0.984,0.464,19c4675bbf8323e0daab3ca1ca57e287ec7abd791cb9cedfce16c85db5008794,10a7890f5d56f412da68555ce3636d4e50fafe00,hpcnode12,2479.376,0.9959999999999999,False,False
89,PT,main,2017,2022,FZ,MN,1649,-0.006428766601565716,4.1077463911576295e-05,0.775,0.574,19c4675bbf8323e0daab3ca1ca57e287ec7abd791cb9cedfce16c85db5008794,10a7890f5d56f412da68555ce3636d4e50fafe00,hpcnode12,2479.376,0.8914285714285715,False,False
89,PT,main,2017,2022,FZ,OQ,1649,0.035971973713193994,0.0012889776616759052,0.114,0.884,19c4675bbf8323e0daab3ca1ca57e287ec7abd791cb9cedfce16c85db5008794,10a7890f5d56f412da68555ce3636d4e50fafe00,hpcnode12,2479.376,0.406,False,False
89,PT,main,2017,2022,FZ,RU,1609,0.006689508612442219,4.3905172869451725e-05,0.77,0.616,19c4675bbf8323e0daab3ca1ca57e287ec7abd791cb9cedfce16c85db5008794,10a7890f5d56f412da68555ce3636d4e50fafe00,hpcnode12,2479.376,0.8914285714285715,False,False
90,PT,main,2017,2022,GI,BE,1572,-0.04749509879549785,0.0022097986736978603,0.077,0.956,19c4675bbf8323e0daab3ca1ca57e287ec7abd791cb9cedfce16c85db5008794,10a7890f5d56f412da68555ce3636d4e50fafe00,hpcnode12,2405.518,0.35933333333333334,False,False
90,PT,main,2017,2022,GI,FZ,1629,-0.018914932316052235,0.00034086263132115935,0.426,0.764,19c4675bbf8323e0daab3ca1ca57e287ec7abd791cb9cedfce16c85db5008794,10a7890f5d56f412da68555ce3636d4e50fafe00,hpcnode12,2405.518,0.6432820512820513,False,False
90,PT,main,2017,2022,GI,JZ,1068,-0.009265466947629863,8.577450511237927e-05,0.771,0.616,19c4675bbf8323e0daab3ca1ca57e287ec7abd791cb9cedfce16c85db5008794,10a7890f5d56f412da68555ce3636d4e50fafe00,hpcnode12,2405.518,0.8914285714285715,False,False
90,PT,main,2017,2022,GI,LZ,1289,0.0406027309719883,0.00163770486336845,0.152,0.878,19c4675bbf8323e0daab3ca1ca57e287ec7abd791cb9cedfce16c85db5008794,10a7890f5d56f412da68555ce3636d4e50fafe00,hpcnode12,2405.518,0.46273684210526317,False,False
90,PT,main,2017,2022,GI,MN,1667,-0.006239120484430122,3.8580118355446835e-05,0.799,0.6,19c4675bbf8323e0daab3ca1ca57e287ec7abd791cb9cedfce16c85db5008794,10a7890f5d56f412da68555ce3636d4e50fafe00,hpcnode12,2405.518,0.89488,False,False
90,PT,main,2017,2022,GI,OQ,1667,0.05435708898891234,0.0029191746706678234,0.017,0.942,19c4675bbf8323e0daab3ca1ca57e287ec7abd791cb9cedfce16c85db5008794,10a7890f5d56f412da68555ce3636d4e50fafe00,hpcnode12,2405.518,0.17733333333333334,False,False
90,PT,main,2017,2022,GI,RU,1626,-0.04130505242315621,0.0016941013276502437,0.077,0.872,19c4675bbf8323e0daab3ca1ca57e287ec7abd791cb9cedfce16c85db5008794,10a7890f5d56f412da68555ce3636d4e50fafe00,hpcnode12,2405.518,0.35933333333333334,False,False
91,PT,main,2017,2022,JZ,BE,1208,0.06457280233791418,0.004161465200028469,0.036,0.99,19c4675bbf8323e0daab3ca1ca57e287ec7abd791cb9cedfce16c85db5008794,10a7890f5d56f412da68555ce3636d4e50fafe00,hpcnode12,2500.909,0.252,False,False
91,PT,main,2017,2022,JZ,FZ,1222,0.027385672176812703,0.0007498293664558453,0.348,0.874,19c4675bbf8323e0daab3ca1ca57e287ec7abd791cb9cedfce16c85db5008794,10a7890f5d56f412da68555ce3636d4e50fafe00,hpcnode12,2500.909,0.5830588235294117,False,False
91,PT,main,2017,2022,JZ,GI,1237,0.038327631303764986,0.0014689986239219133,0.203,0.91,19c4675bbf8323e0daab3ca1ca57e287ec7abd791cb9cedfce16c85db5008794,10a7890f5d56f412da68555ce3636d4e50fafe00,hpcnode12,2500.909,0.4736666666666667,False,False
91,PT,main,2017,2022,JZ,LZ,1081,0.05336201778512634,0.0028419897711717823,0.093,0.896,19c4675bbf8323e0daab3ca1ca57e287ec7abd791cb9cedfce16c85db5008794,10a7890f5d56f412da68555ce3636d4e50fafe00,hpcnode12,2500.909,0.372,False,False
91,PT,main,2017,2022,JZ,MN,1237,0.03724367266301648,0.0013838356186940404,0.214,0.944,19c4675bbf8323e0daab3ca1ca57e287ec7abd791cb9cedfce16c85db5008794,10a7890f5d56f412da68555ce3636d4e50fafe00,hpcnode12,2500.909,0.47936,False,False
91,PT,main,2017,2022,JZ,OQ,1237,0.02282205522679559,0.0005205914340241646,0.399,0.772,19c4675bbf8323e0daab3ca1ca57e287ec7abd791cb9cedfce16c85db5008794,10a7890f5d56f412da68555ce3636d4e50fafe00,hpcnode12,2500.909,0.6331111111111111,False,False
91,PT,main,2017,2022,JZ,RU,1230,0.0019391942709450216,3.7600725204534058e-06,0.962,0.536,19c4675bbf8323e0daab3ca1ca57e287ec7abd791cb9cedfce16c85db5008794,10a7890f5d56f412da68555ce3636d4e50fafe00,hpcnode12,2500.909,0.9959999999999999,False,False
92,PT,main,2017,2022,LZ,BE,1356,0.0673746747559108,0.004531968455299906,0.019,0.956,19c4675bbf8323e0daab3ca1ca57e287ec7abd791cb9cedfce16c85db5008794,10a7890f5d56f412da68555ce3636d4e50fafe00,hpcnode12,2789.64,0.17733333333333334,False,False
92,PT,main,2017,2022,LZ,FZ,1394,-0.03286179227318214,0.001079852014377214,0.229,0.846,19c4675bbf8323e0daab3ca1ca57e287ec7abd791cb9cedfce16c85db5008794,10a7890f5d56f412da68555ce3636d4e50fafe00,hpcnode12,2789.64,0.49323076923076925,False,False
92,PT,main,2017,2022,LZ,GI,1411,0.025968047176615272,0.0006709729466440884,0.344,0.788,19c4675bbf8323e0daab3ca1ca57e287ec7abd791cb9cedfce16c85db5008794,10a7890f5d56f412da68555ce3636d4e50fafe00,hpcnode12,2789.64,0.5830588235294117,False,False
92,PT,main,2017,2022,LZ,JZ,1018,0.00020906403567588772,4.3620937861810205e-08,0.996,0.492,19c4675bbf8323e0daab3ca1ca57e287ec7abd791cb9cedfce16c85db5008794,10a7890f5d56f412da68555ce3636d4e50fafe00,hpcnode12,2789.64,0.9959999999999999,False,False
92,PT,main,2017,2022,LZ,MN,1411,-0.024591811472865363,0.0006032740051354901,0.352,0.774,19c4675bbf8323e0daab3ca1ca57e287ec7abd791cb9cedfce16c85db5008794,10a7890f5d56f412da68555ce3636d4e50fafe00,hpcnode12,2789.64,0.5830588235294117,False,False
92,PT,main,2017,2022,LZ,OQ,1411,-0.013697973115192618,0.00018759477335728025,0.594,0.684,19c4675bbf8323e0daab3ca1ca57e287ec7abd791cb9cedfce16c85db5008794,10a7890f5d56f412da68555ce3636d4e50fafe00,hpcnode12,2789.64,0.7839999999999999,False,False
92,PT,main,2017,2022,LZ,RU,1393,0.026220280430832493,0.0006874472978357637,0.295,0.828,19c4675bbf8323e0daab3ca1ca57e287ec7abd791cb9cedfce16c85db5008794,10a7890f5d56f412da68555ce3636d4e50fafe00,hpcnode12,2789.64,0.569655172413793,False,False
93,PT,main,2017,2022,MN,BE,1572,-0.022247555238127548,0.0004936573369684893,0.407,0.754,19c4675bbf8323e0daab3ca1ca57e287ec7abd791cb9cedfce16c85db5008794,10a7890f5d56f412da68555ce3636d4e50fafe00,hpcnode12,2314.861,0.6331111111111111,False,False
93,PT,main,2017,2022,MN,FZ,1630,0.029629592621728068,0.0008730646211582149,0.202,0.826,19c4675bbf8323e0daab3ca1ca57e287ec7abd791cb9cedfce16c85db5008794,10a7890f5d56f412da68555ce3636d4e50fafe00,hpcnode12,2314.861,0.4736666666666667,False,False
93,PT,main,2017,2022,MN,GI,1666,0.07058748349491467,0.004938376015376167,0.014,0.996,19c4675bbf8323e0daab3ca1ca57e287ec7abd791cb9cedfce16c85db5008794,10a7890f5d56f412da68555ce3636d4e50fafe00,hpcnode12,2314.861,0.17733333333333334,False,False
93,PT,main,2017,2022,MN,JZ,1068,-0.0476885764314375,0.0022720463948693315,0.136,0.96,19c4675bbf8323e0daab3ca1ca57e287ec7abd791cb9cedfce16c85db5008794,10a7890f5d56f412da68555ce3636d4e50fafe00,hpcnode12,2314.861,0.448,False,False
93,PT,main,2017,2022,MN,LZ,1289,0.007246803582210415,5.2463351496445654e-05,0.78,0.624,19c4675bbf8323e0daab3ca1ca57e287ec7abd791cb9cedfce16c85db5008794,10a7890f5d56f412da68555ce3636d4e50fafe00,hpcnode12,2314.861,0.8914285714285715,False,False
93,PT,main,2017,2022,MN,OQ,1668,0.02817547270723647,0.0007938529260345106,0.201,0.84,19c4675bbf8323e0daab3ca1ca57e287ec7abd791cb9cedfce16c85db5008794,10a7890f5d56f412da68555ce3636d4e50fafe00,hpcnode12,2314.861,0.4736666666666667,False,False
93,PT,main,2017,2022,MN,RU,1626,-0.028510893498201406,0.000811991975527504,0.247,0.814,19c4675bbf8323e0daab3ca1ca57e287ec7abd791cb9cedfce16c85db5008794,10a7890f5d56f412da68555ce3636d4e50fafe00,hpcnode12,2314.861,0.5122962962962964,False,False
94,PT,main,2017,2022,OQ,BE,1572,-0.03332396478071692,0.001110413799181198,0.196,0.918,19c4675bbf8323e0daab3ca1ca57e287ec7abd791cb9cedfce16c85db5008794,10a7890f5d56f412da68555ce3636d4e50fafe00,hpcnode14,2343.656,0.4736666666666667,False,False
94,PT,main,2017,2022,OQ,FZ,1630,-0.03455206127653615,0.0011891734553437505,0.168,0.898,19c4675bbf8323e0daab3ca1ca57e287ec7abd791cb9cedfce16c85db5008794,10a7890f5d56f412da68555ce3636d4e50fafe00,hpcnode14,2343.656,0.47040000000000004,False,False
94,PT,main,2017,2022,OQ,GI,1666,0.007611315611255942,5.727823366485918e-05,0.734,0.612,19c4675bbf8323e0daab3ca1ca57e287ec7abd791cb9cedfce16c85db5008794,10a7890f5d56f412da68555ce3636d4e50fafe00,hpcnode14,2343.656,0.8914285714285715,False,False
94,PT,main,2017,2022,OQ,JZ,1068,-0.06171245669858531,0.003803165761168459,0.059,0.968,19c4675bbf8323e0daab3ca1ca57e287ec7abd791cb9cedfce16c85db5008794,10a7890f5d56f412da68555ce3636d4e50fafe00,hpcnode14,2343.656,0.33039999999999997,False,False
94,PT,main,2017,2022,OQ,LZ,1289,-0.01023084219698317,0.00010466790541585613,0.734,0.646,19c4675bbf8323e0daab3ca1ca57e287ec7abd791cb9cedfce16c85db5008794,10a7890f5d56f412da68555ce3636d4e50fafe00,hpcnode14,2343.656,0.8914285714285715,False,False
94,PT,main,2017,2022,OQ,MN,1668,0.017541238952463012,0.0003076933832819595,0.462,0.7,19c4675bbf8323e0daab3ca1ca57e287ec7abd791cb9cedfce16c85db5008794,10a7890f5d56f412da68555ce3636d4e50fafe00,hpcnode14,2343.656,0.6468,False,False
94,PT,main,2017,2022,OQ,RU,1626,-0.05603330704746179,0.003108773101227702,0.024,0.982,19c4675bbf8323e0daab3ca1ca57e287ec7abd791cb9cedfce16c85db5008794,10a7890f5d56f412da68555ce3636d4e50fafe00,hpcnode14,2343.656,0.192,False,False
95,PT,main,2017,2022,RU,BE,1560,0.015482560112329513,0.00023937595162781822,0.552,0.688,19c4675bbf8323e0daab3ca1ca57e287ec7abd791cb9cedfce16c85db5008794,10a7890f5d56f412da68555ce3636d4e50fafe00,hpcnode14,2524.309,0.7539512195121952,False,False
95,PT,main,2017,2022,RU,FZ,1615,0.013517721702910337,0.00017891878736076006,0.602,0.646,19c4675bbf8323e0daab3ca1ca57e287ec7abd791cb9cedfce16c85db5008794,10a7890f5d56f412da68555ce3636d4e50fafe00,hpcnode14,2524.309,0.7839999999999999,False,False
95,PT,main,2017,2022,RU,GI,1648,0.019720309437220973,0.00038586193430878435,0.446,0.744,19c4675bbf8323e0daab3ca1ca57e287ec7abd791cb9cedfce16c85db5008794,10a7890f5d56f412da68555ce3636d4e50fafe00,hpcnode14,2524.309,0.6432820512820513,False,False
95,PT,main,2017,2022,RU,JZ,1068,0.04961099777761374,0.002460667430836949,0.116,0.824,19c4675bbf8323e0daab3ca1ca57e287ec7abd791cb9cedfce16c85db5008794,10a7890f5d56f412da68555ce3636d4e50fafe00,hpcnode14,2524.309,0.406,False,False
95,PT,main,2017,2022,RU,LZ,1286,-0.0005351501416604454,2.862678780690686e-07,0.988,0.478,19c4675bbf8323e0daab3ca1ca57e287ec7abd791cb9cedfce16c85db5008794,10a7890f5d56f412da68555ce3636d4e50fafe00,hpcnode14,2524.309,0.9959999999999999,False,False
95,PT,main,2017,2022,RU,MN,1650,0.08918821556087815,0.007949199867336776,0.002,0.986,19c4675bbf8323e0daab3ca1ca57e287ec7abd791cb9cedfce16c85db5008794,10a7890f5d56f412da68555ce3636d4e50fafe00,hpcnode14,2524.309,0.112,False,False
95,PT,main,2017,2022,RU,OQ,1650,0.018578419058964957,0.00034251024351750203,0.448,0.728,19c4675bbf8323e0daab3ca1ca57e287ec7abd791cb9cedfce16c85db5008794,10a7890f5d56f412da68555ce3636d4e50fafe00,hpcnode14,2524.309,0.6432820512820513,False,False
96,PT,main,2018,2023,BE,FZ,1577,0.037596055741446976,0.0013839482726325514,0.11,0.872,19c4675bbf8323e0daab3ca1ca57e287ec7abd791cb9cedfce16c85db5008794,10a7890f5d56f412da68555ce3636d4e50fafe00,hpcnode14,2673.763,0.3623529411764706,False,False
96,PT,main,2018,2023,BE,GI,1613,0.06893007566635526,0.0046208469690071086,0.006,0.988,19c4675bbf8323e0daab3ca1ca57e287ec7abd791cb9cedfce16c85db5008794,10a7890f5d56f412da68555ce3636d4e50fafe00,hpcnode14,2673.763,0.084,False,False
96,PT,main,2018,2023,BE,JZ,1098,0.032089759410265956,0.0010292123698099065,0.286,0.786,19c4675bbf8323e0daab3ca1ca57e287ec7abd791cb9cedfce16c85db5008794,10a7890f5d56f412da68555ce3636d4e50fafe00,hpcnode14,2673.763,0.5005,False,False
96,PT,main,2018,2023,BE,LZ,1294,-0.05153144894569067,0.0026518165281786965,0.065,0.944,19c4675bbf8323e0daab3ca1ca57e287ec7abd791cb9cedfce16c85db5008794,10a7890f5d56f412da68555ce3636d4e50fafe00,hpcnode14,2673.763,0.322,False,False
96,PT,main,2018,2023,BE,MN,1613,0.0007663194030484988,5.818673959323561e-07,0.976,0.51,19c4675bbf8323e0daab3ca1ca57e287ec7abd791cb9cedfce16c85db5008794,10a7890f5d56f412da68555ce3636d4e50fafe00,hpcnode14,2673.763,0.986,False,False
96,PT,main,2018,2023,BE,OQ,1613,0.04020704336099773,0.0016136348776121245,0.094,0.956,19c4675bbf8323e0daab3ca1ca57e287ec7abd791cb9cedfce16c85db5008794,10a7890f5d56f412da68555ce3636d4e50fafe00,hpcnode14,2673.763,0.3623529411764706,False,False
96,PT,main,2018,2023,BE,RU,1576,0.043180257612054074,0.0018643922563567061,0.069,0.91,19c4675bbf8323e0daab3ca1ca57e287ec7abd791cb9cedfce16c85db5008794,10a7890f5d56f412da68555ce3636d4e50fafe00,hpcnode14,2673.763,0.322,False,False
97,PT,main,2018,2023,FZ,BE,1549,-0.03152900998612507,0.0009756594394353391,0.171,0.91,19c4675bbf8323e0daab3ca1ca57e287ec7abd791cb9cedfce16c85db5008794,10a7890f5d56f412da68555ce3636d4e50fafe00,hpcnode14,2519.875,0.41634782608695653,False,True
97,PT,main,2018,2023,FZ,GI,1646,-0.025175467063997592,0.0006055162947801174,0.275,0.814,19c4675bbf8323e0daab3ca1ca57e287ec7abd791cb9cedfce16c85db5008794,10a7890f5d56f412da68555ce3636d4e50fafe00,hpcnode14,2519.875,0.49677419354838714,False,False
97,PT,main,2018,2023,FZ,JZ,1103,-0.006492140542388447,4.214656495826752e-05,0.836,0.61,19c4675bbf8323e0daab3ca1ca57e287ec7abd791cb9cedfce16c85db5008794,10a7890f5d56f412da68555ce3636d4e50fafe00,hpcnode14,2519.875,0.9363199999999999,False,False
97,PT,main,2018,2023,FZ,LZ,1307,-0.0131336332649329,0.00017244193668786156,0.599,0.624,19c4675bbf8323e0daab3ca1ca57e287ec7abd791cb9cedfce16c85db5008794,10a7890f5d56f412da68555ce3636d4e50fafe00,hpcnode14,2519.875,0.7401739130434783,False,False
97,PT,main,2018,2023,FZ,MN,1648,-0.0031543503462136066,9.879400336476607e-06,0.874,0.48,19c4675bbf8323e0daab3ca1ca57e287ec7abd791cb9cedfce16c85db5008794,10a7890f5d56f412da68555ce3636d4e50fafe00,hpcnode14,2519.875,0.9412307692307693,False,False
97,PT,main,2018,2023,FZ,OQ,1648,0.03136352078951042,0.0009798827454812198,0.17,0.846,19c4675bbf8323e0daab3ca1ca57e287ec7abd791cb9cedfce16c85db5008794,10a7890f5d56f412da68555ce3636d4e50fafe00,hpcnode14,2519.875,0.41634782608695653,False,False
97,PT,main,2018,2023,FZ,RU,1605,-0.01723919642438035,0.0002946514513576526,0.501,0.754,19c4675bbf8323e0daab3ca1ca57e287ec7abd791cb9cedfce16c85db5008794,10a7890f5d56f412da68555ce3636d4e50fafe00,hpcnode14,2519.875,0.7265641025641025,False,False
98,PT,main,2018,2023,GI,BE,1562,-0.08350216713692554,0.006803069814103946,0.002,0.99,19c4675bbf8323e0daab3ca1ca57e287ec7abd791cb9cedfce16c85db5008794,10a7890f5d56f412da68555ce3636d4e50fafe00,hpcnode14,2410.007,0.056,False,True
98,PT,main,2018,2023,GI,FZ,1626,-0.011788250554565116,0.00013369794927409195,0.592,0.674,19c4675bbf8323e0daab3ca1ca57e287ec7abd791cb9cedfce16c85db5008794,10a7890f5d56f412da68555ce3636d4e50fafe00,hpcnode14,2410.007,0.7401739130434783,False,False
98,PT,main,2018,2023,GI,JZ,1105,-0.00123233187632249,1.518441444137153e-06,0.959,0.494,19c4675bbf8323e0daab3ca1ca57e287ec7abd791cb9cedfce16c85db5008794,10a7890f5d56f412da68555ce3636d4e50fafe00,hpcnode14,2410.007,0.986,False,False
98,PT,main,2018,2023,GI,LZ,1313,0.0329376608520337,0.0010785113078517483,0.254,0.844,19c4675bbf8323e0daab3ca1ca57e287ec7abd791cb9cedfce16c85db5008794,10a7890f5d56f412da68555ce3636d4e50fafe00,hpcnode14,2410.007,0.4904827586206897,False,False
98,PT,main,2018,2023,GI,MN,1667,-0.005316905085482548,2.804714669801811e-05,0.809,0.576,19c4675bbf8323e0daab3ca1ca57e287ec7abd791cb9cedfce16c85db5008794,10a7890f5d56f412da68555ce3636d4e50fafe00,hpcnode14,2410.007,0.9325714285714285,False,False
98,PT,main,2018,2023,GI,OQ,1667,0.0321464967038505,0.0010224324834519072,0.159,0.846,19c4675bbf8323e0daab3ca1ca57e287ec7abd791cb9cedfce16c85db5008794,10a7890f5d56f412da68555ce3636d4e50fafe00,hpcnode14,2410.007,0.41634782608695653,False,False
98,PT,main,2018,2023,GI,RU,1622,-0.029820391109273935,0.0008774766932287958,0.239,0.788,19c4675bbf8323e0daab3ca1ca57e287ec7abd791cb9cedfce16c85db5008794,10a7890f5d56f412da68555ce3636d4e50fafe00,hpcnode14,2410.007,0.47800000000000004,False,False
99,PT,main,2018,2023,JZ,BE,1237,0.05402406270872517,0.0029153906851387967,0.064,0.97,19c4675bbf8323e0daab3ca1ca57e287ec7abd791cb9cedfce16c85db5008794,10a7890f5d56f412da68555ce3636d4e50fafe00,hpcnode14,2485.039,0.322,False,False
99,PT,main,2018,2023,JZ,FZ,1255,0.016005535706220764,0.0002560482317297552,0.608,0.74,19c4675bbf8323e0daab3ca1ca57e287ec7abd791cb9cedfce16c85db5008794,10a7890f5d56f412da68555ce3636d4e50fafe00,hpcnode14,2485.039,0.7401739130434783,False,False
99,PT,main,2018,2023,JZ,GI,1273,0.04959278172180154,0.0024571834659079528,0.109,0.968,19c4675bbf8323e0daab3ca1ca57e287ec7abd791cb9cedfce16c85db5008794,10a7890f5d56f412da68555ce3636d4e50fafe00,hpcnode14,2485.039,0.3623529411764706,False,False
99,PT,main,2018,2023,JZ,LZ,1119,0.018913736921607693,0.00035693100588740645,0.555,0.688,19c4675bbf8323e0daab3ca1ca57e287ec7abd791cb9cedfce16c85db5008794,10a7890f5d56f412da68555ce3636d4e50fafe00,hpcnode14,2485.039,0.7371162790697674,False,False
99,PT,main,2018,2023,JZ,MN,1273,0.047933911686450004,0.00229332230978041,0.099,0.956,19c4675bbf8323e0daab3ca1ca57e287ec7abd791cb9cedfce16c85db5008794,10a7890f5d56f412da68555ce3636d4e50fafe00,hpcnode14,2485.039,0.3623529411764706,False,False
99,PT,main,2018,2023,JZ,OQ,1273,0.03499739547612335,0.0012246419225603322,0.203,0.866,19c4675bbf8323e0daab3ca1ca57e287ec7abd791cb9cedfce16c85db5008794,10a7890f5d56f412da68555ce3636d4e50fafe00,hpcnode14,2485.039,0.42103703703703704,False,False
99,PT,main,2018,2023,JZ,RU,1262,0.012465288561869181,0.0001553669606185748,0.678,0.652,19c4675bbf8323e0daab3ca1ca57e287ec7abd791cb9cedfce16c85db5008794,10a7890f5d56f412da68555ce3636d4e50fafe00,hpcnode14,2485.039,0.8078297872340426,False,False
100,PT,main,2018,2023,LZ,BE,1369,0.0748089535935391,0.005589471658892786,0.01,0.96,19c4675bbf8323e0daab3ca1ca57e287ec7abd791cb9cedfce16c85db5008794,10a7890f5d56f412da68555ce3636d4e50fafe00,hpcnode14,2616.798,0.11200000000000002,False,False
100,PT,main,2018,2023,LZ,FZ,1413,-0.018998262201206755,0.00036091914023439475,0.463,0.724,19c4675bbf8323e0daab3ca1ca57e287ec7abd791cb9cedfce16c85db5008794,10a7890f5d56f412da68555ce3636d4e50fafe00,hpcnode14,2616.798,0.7068108108108109,False,False
100,PT,main,2018,2023,LZ,GI,1432,0.04914686303374982,0.002407119669206037,0.069,0.93,19c4675bbf8323e0daab3ca1ca57e287ec7abd791cb9cedfce16c85db5008794,10a7890f5d56f412da68555ce3636d4e50fafe00,hpcnode14,2616.798,0.322,False,False
100,PT,main,2018,2023,LZ,JZ,1055,-0.019620653118456954,0.00038404361459665193,0.553,0.672,19c4675bbf8323e0daab3ca1ca57e287ec7abd791cb9cedfce16c85db5008794,10a7890f5d56f412da68555ce3636d4e50fafe00,hpcnode14,2616.798,0.7371162790697674,False,False
100,PT,main,2018,2023,LZ,MN,1432,-0.020059962810300702,0.00040224771898678124,0.454,0.722,19c4675bbf8323e0daab3ca1ca57e287ec7abd791cb9cedfce16c85db5008794,10a7890f5d56f412da68555ce3636d4e50fafe00,hpcnode14,2616.798,0.7068108108108109,False,False
100,PT,main,2018,2023,LZ,OQ,1432,0.004356649257160394,1.897848514931244e-05,0.862,0.534,19c4675bbf8323e0daab3ca1ca57e287ec7abd791cb9cedfce16c85db5008794,10a7890f5d56f412da68555ce3636d4e50fafe00,hpcnode14,2616.798,0.9412307692307693,False,False
100,PT,main,2018,2023,LZ,RU,1409,0.03285688158556582,0.0010794887725774638,0.195,0.754,19c4675bbf8323e0daab3ca1ca57e287ec7abd791cb9cedfce16c85db5008794,10a7890f5d56f412da68555ce3636d4e50fafe00,hpcnode14,2616.798,0.42103703703703704,False,False
101,PT,main,2018,2023,MN,BE,1562,-0.02891414787262725,0.0008307200337935861,0.272,0.836,19c4675bbf8323e0daab3ca1ca57e287ec7abd791cb9cedfce16c85db5008794,10a7890f5d56f412da68555ce3636d4e50fafe00,hpcnode14,2319.169,0.49677419354838714,False,False
101,PT,main,2018,2023,MN,FZ,1627,0.01927238802832969,0.0003687462068507896,0.422,0.67,19c4675bbf8323e0daab3ca1ca57e287ec7abd791cb9cedfce16c85db5008794,10a7890f5d56f412da68555ce3636d4e50fafe00,hpcnode14,2319.169,0.6950588235294117,False,False
101,PT,main,2018,2023,MN,GI,1666,0.07780968351982231,0.006007109739306404,0.004,0.996,19c4675bbf8323e0daab3ca1ca57e287ec7abd791cb9cedfce16c85db5008794,10a7890f5d56f412da68555ce3636d4e50fafe00,hpcnode14,2319.169,0.07466666666666667,False,False
101,PT,main,2018,2023,MN,JZ,1105,-0.0005274659091796751,2.777441912016343e-07,0.986,0.542,19c4675bbf8323e0daab3ca1ca57e287ec7abd791cb9cedfce16c85db5008794,10a7890f5d56f412da68555ce3636d4e50fafe00,hpcnode14,2319.169,0.986,False,False
101,PT,main,2018,2023,MN,LZ,1313,-0.014642803319108756,0.0002144071880950671,0.566,0.724,19c4675bbf8323e0daab3ca1ca57e287ec7abd791cb9cedfce16c85db5008794,10a7890f5d56f412da68555ce3636d4e50fafe00,hpcnode14,2319.169,0.7371162790697674,False,False
101,PT,main,2018,2023,MN,OQ,1668,0.02985130001739128,0.000891086278493658,0.185,0.854,19c4675bbf8323e0daab3ca1ca57e287ec7abd791cb9cedfce16c85db5008794,10a7890f5d56f412da68555ce3636d4e50fafe00,hpcnode14,2319.169,0.42103703703703704,False,False
101,PT,main,2018,2023,MN,RU,1622,-0.025405897854053228,0.0006453862644013597,0.304,0.768,19c4675bbf8323e0daab3ca1ca57e287ec7abd791cb9cedfce16c85db5008794,10a7890f5d56f412da68555ce3636d4e50fafe00,hpcnode14,2319.169,0.5158787878787879,False,False
102,PT,main,2018,2023,OQ,BE,1562,-0.03518745746399793,0.0012366164959548565,0.196,0.94,19c4675bbf8323e0daab3ca1ca57e287ec7abd791cb9cedfce16c85db5008794,10a7890f5d56f412da68555ce3636d4e50fafe00,hpcnode14,2264.191,0.42103703703703704,False,False
102,PT,main,2018,2023,OQ,FZ,1627,-0.05085320006748495,0.0025763155490805545,0.031,0.96,19c4675bbf8323e0daab3ca1ca57e287ec7abd791cb9cedfce16c85db5008794,10a7890f5d56f412da68555ce3636d4e50fafe00,hpcnode14,2264.191,0.28933333333333333,False,False
102,PT,main,2018,2023,OQ,GI,1666,-0.005468722428663475,2.9611819840513753e-05,0.816,0.564,19c4675bbf8323e0daab3ca1ca57e287ec7abd791cb9cedfce16c85db5008794,10a7890f5d56f412da68555ce3636d4e50fafe00,hpcnode14,2264.191,0.9325714285714285,False,False
102,PT,main,2018,2023,OQ,JZ,1105,-0.06265668961638127,0.003921801981696893,0.051,0.964,19c4675bbf8323e0daab3ca1ca57e287ec7abd791cb9cedfce16c85db5008794,10a7890f5d56f412da68555ce3636d4e50fafe00,hpcnode14,2264.191,0.322,False,False
102,PT,main,2018,2023,OQ,LZ,1313,0.018056621988482985,0.00032604119549084487,0.557,0.722,19c4675bbf8323e0daab3ca1ca57e287ec7abd791cb9cedfce16c85db5008794,10a7890f5d56f412da68555ce3636d4e50fafe00,hpcnode14,2264.191,0.7371162790697674,False,False
102,PT,main,2018,2023,OQ,MN,1668,0.0395712832121167,0.0015658621448325638,0.099,0.88,19c4675bbf8323e0daab3ca1ca57e287ec7abd791cb9cedfce16c85db5008794,10a7890f5d56f412da68555ce3636d4e50fafe00,hpcnode14,2264.191,0.3623529411764706,False,False
102,PT,main,2018,2023,OQ,RU,1622,-0.03576533419909833,0.001264175224531372,0.156,0.902,19c4675bbf8323e0daab3ca1ca57e287ec7abd791cb9cedfce16c85db5008794,10a7890f5d56f412da68555ce3636d4e50fafe00,hpcnode14,2264.191,0.41634782608695653,False,False
103,PT,main,2018,2023,RU,BE,1547,0.038049636080066784,0.0014474061281507522,0.136,0.91,19c4675bbf8323e0daab3ca1ca57e287ec7abd791cb9cedfce16c85db5008794,10a7890f5d56f412da68555ce3636d4e50fafe00,hpcnode14,2516.059,0.41634782608695653,False,False
103,PT,main,2018,2023,RU,FZ,1606,-0.017454963395425627,0.0003016079069996236,0.467,0.716,19c4675bbf8323e0daab3ca1ca57e287ec7abd791cb9cedfce16c85db5008794,10a7890f5d56f412da68555ce3636d4e50fafe00,hpcnode14,2516.059,0.7068108108108109,False,False
103,PT,main,2018,2023,RU,GI,1641,-0.017646937633385863,0.0003074558351155998,0.506,0.756,19c4675bbf8323e0daab3ca1ca57e287ec7abd791cb9cedfce16c85db5008794,10a7890f5d56f412da68555ce3636d4e50fafe00,hpcnode14,2516.059,0.7265641025641025,False,False
103,PT,main,2018,2023,RU,JZ,1103,0.04364695945278846,0.001904141550172711,0.148,0.79,19c4675bbf8323e0daab3ca1ca57e287ec7abd791cb9cedfce16c85db5008794,10a7890f5d56f412da68555ce3636d4e50fafe00,hpcnode14,2516.059,0.41634782608695653,False,False
103,PT,main,2018,2023,RU,LZ,1307,0.0015528598517960401,2.4105493541259904e-06,0.961,0.526,19c4675bbf8323e0daab3ca1ca57e287ec7abd791cb9cedfce16c85db5008794,10a7890f5d56f412da68555ce3636d4e50fafe00,hpcnode14,2516.059,0.986,False,False
103,PT,main,2018,2023,RU,MN,1643,0.07468645598739757,0.005577338163552215,0.002,0.984,19c4675bbf8323e0daab3ca1ca57e287ec7abd791cb9cedfce16c85db5008794,10a7890f5d56f412da68555ce3636d4e50fafe00,hpcnode14,2516.059,0.056,False,False
103,PT,main,2018,2023,RU,OQ,1643,0.041910253110793716,0.00173905522882023,0.063,0.938,19c4675bbf8323e0daab3ca1ca57e287ec7abd791cb9cedfce16c85db5008794,10a7890f5d56f412da68555ce3636d4e50fafe00,hpcnode14,2516.059,0.322,False,False
