fold,seed,control,source_sector_idx,target_sector_idx,source_sector,target_sector,rank,top_k,graph_mean_weight,graph_density,stability_fraction
2021,42,C10_ardeco_temporal_perm,0,3,AZ,DE,1,19,0.145042,0.5278,
2021,42,C10_ardeco_temporal_perm,0,5,AZ,GI,2,19,0.145042,0.5278,
2021,42,C10_ardeco_temporal_perm,0,7,AZ,JZ,3,19,0.145042,0.5278,
2021,42,C10_ardeco_temporal_perm,0,8,AZ,KZ,4,19,0.145042,0.5278,
2021,42,C10_ardeco_temporal_perm,1,2,BE,C,5,19,0.145042,0.5278,
2021,42,C10_ardeco_temporal_perm,1,5,BE,GI,6,19,0.145042,0.5278,
2021,42,C10_ardeco_temporal_perm,1,7,BE,JZ,7,19,0.145042,0.5278,
2021,42,C10_ardeco_temporal_perm,1,8,BE,KZ,8,19,0.145042,0.5278,
2021,42,C10_ardeco_temporal_perm,2,3,C,DE,9,19,0.145042,0.5278,
2021,42,C10_ardeco_temporal_perm,2,4,C,FZ,10,19,0.145042,0.5278,
2021,42,C10_ardeco_temporal_perm,2,5,C,GI,11,19,0.145042,0.5278,
2021,42,C10_ardeco_temporal_perm,2,6,C,HZ,12,19,0.145042,0.5278,
2021,42,C10_ardeco_temporal_perm,2,8,C,KZ,13,19,0.145042,0.5278,
2021,42,C10_ardeco_temporal_perm,3,7,DE,JZ,14,19,0.145042,0.5278,
2021,42,C10_ardeco_temporal_perm,4,5,FZ,GI,15,19,0.145042,0.5278,
2021,42,C10_ardeco_temporal_perm,4,6,FZ,HZ,16,19,0.145042,0.5278,
2021,42,C10_ardeco_temporal_perm,4,7,FZ,JZ,17,19,0.145042,0.5278,
2021,42,C10_ardeco_temporal_perm,5,6,GI,HZ,18,19,0.145042,0.5278,
2021,42,C10_ardeco_temporal_perm,5,7,GI,JZ,19,19,0.145042,0.5278,
2021,43,C10_ardeco_temporal_perm,0,3,AZ,DE,1,17,0.134656,0.4722,
2021,43,C10_ardeco_temporal_perm,0,4,AZ,FZ,2,17,0.134656,0.4722,
2021,43,C10_ardeco_temporal_perm,0,5,AZ,GI,3,17,0.134656,0.4722,
2021,43,C10_ardeco_temporal_perm,1,2,BE,C,4,17,0.134656,0.4722,
2021,43,C10_ardeco_temporal_perm,1,4,BE,FZ,5,17,0.134656,0.4722,
2021,43,C10_ardeco_temporal_perm,1,5,BE,GI,6,17,0.134656,0.4722,
2021,43,C10_ardeco_temporal_perm,2,5,C,GI,7,17,0.134656,0.4722,
2021,43,C10_ardeco_temporal_perm,2,6,C,HZ,8,17,0.134656,0.4722,
2021,43,C10_ardeco_temporal_perm,2,8,C,KZ,9,17,0.134656,0.4722,
2021,43,C10_ardeco_temporal_perm,3,6,DE,HZ,10,17,0.134656,0.4722,
2021,43,C10_ardeco_temporal_perm,3,7,DE,JZ,11,17,0.134656,0.4722,
2021,43,C10_ardeco_temporal_perm,4,6,FZ,HZ,12,17,0.134656,0.4722,
2021,43,C10_ardeco_temporal_perm,4,7,FZ,JZ,13,17,0.134656,0.4722,
2021,43,C10_ardeco_temporal_perm,4,8,FZ,KZ,14,17,0.134656,0.4722,
2021,43,C10_ardeco_temporal_perm,5,6,GI,HZ,15,17,0.134656,0.4722,
2021,43,C10_ardeco_temporal_perm,5,7,GI,JZ,16,17,0.134656,0.4722,
2021,43,C10_ardeco_temporal_perm,6,8,HZ,KZ,17,17,0.134656,0.4722,
2021,44,C10_ardeco_temporal_perm,0,2,AZ,C,1,18,0.129315,0.5,
2021,44,C10_ardeco_temporal_perm,0,4,AZ,FZ,2,18,0.129315,0.5,
2021,44,C10_ardeco_temporal_perm,0,5,AZ,GI,3,18,0.129315,0.5,
2021,44,C10_ardeco_temporal_perm,0,7,AZ,JZ,4,18,0.129315,0.5,
2021,44,C10_ardeco_temporal_perm,1,2,BE,C,5,18,0.129315,0.5,
2021,44,C10_ardeco_temporal_perm,1,3,BE,DE,6,18,0.129315,0.5,
2021,44,C10_ardeco_temporal_perm,1,4,BE,FZ,7,18,0.129315,0.5,
2021,44,C10_ardeco_temporal_perm,1,7,BE,JZ,8,18,0.129315,0.5,
2021,44,C10_ardeco_temporal_perm,2,3,C,DE,9,18,0.129315,0.5,
2021,44,C10_ardeco_temporal_perm,2,4,C,FZ,10,18,0.129315,0.5,
2021,44,C10_ardeco_temporal_perm,2,5,C,GI,11,18,0.129315,0.5,
2021,44,C10_ardeco_temporal_perm,2,8,C,KZ,12,18,0.129315,0.5,
2021,44,C10_ardeco_temporal_perm,3,6,DE,HZ,13,18,0.129315,0.5,
2021,44,C10_ardeco_temporal_perm,4,6,FZ,HZ,14,18,0.129315,0.5,
2021,44,C10_ardeco_temporal_perm,5,6,GI,HZ,15,18,0.129315,0.5,
2021,44,C10_ardeco_temporal_perm,6,7,HZ,JZ,16,18,0.129315,0.5,
2021,44,C10_ardeco_temporal_perm,6,8,HZ,KZ,17,18,0.129315,0.5,
2021,44,C10_ardeco_temporal_perm,7,8,JZ,KZ,18,18,0.129315,0.5,
2021,45,C10_ardeco_temporal_perm,0,2,AZ,C,1,15,0.152244,0.4167,
2021,45,C10_ardeco_temporal_perm,0,5,AZ,GI,2,15,0.152244,0.4167,
2021,45,C10_ardeco_temporal_perm,0,6,AZ,HZ,3,15,0.152244,0.4167,
2021,45,C10_ardeco_temporal_perm,1,2,BE,C,4,15,0.152244,0.4167,
2021,45,C10_ardeco_temporal_perm,1,6,BE,HZ,5,15,0.152244,0.4167,
2021,45,C10_ardeco_temporal_perm,1,7,BE,JZ,6,15,0.152244,0.4167,
2021,45,C10_ardeco_temporal_perm,2,7,C,JZ,7,15,0.152244,0.4167,
2021,45,C10_ardeco_temporal_perm,2,8,C,KZ,8,15,0.152244,0.4167,
2021,45,C10_ardeco_temporal_perm,3,4,DE,FZ,9,15,0.152244,0.4167,
2021,45,C10_ardeco_temporal_perm,3,5,DE,GI,10,15,0.152244,0.4167,
2021,45,C10_ardeco_temporal_perm,3,6,DE,HZ,11,15,0.152244,0.4167,
2021,45,C10_ardeco_temporal_perm,4,5,FZ,GI,12,15,0.152244,0.4167,
2021,45,C10_ardeco_temporal_perm,4,6,FZ,HZ,13,15,0.152244,0.4167,
2021,45,C10_ardeco_temporal_perm,6,8,HZ,KZ,14,15,0.152244,0.4167,
2021,45,C10_ardeco_temporal_perm,7,8,JZ,KZ,15,15,0.152244,0.4167,
2021,46,C10_ardeco_temporal_perm,0,2,AZ,C,1,20,0.151737,0.5556,
2021,46,C10_ardeco_temporal_perm,0,3,AZ,DE,2,20,0.151737,0.5556,
2021,46,C10_ardeco_temporal_perm,0,4,AZ,FZ,3,20,0.151737,0.5556,
2021,46,C10_ardeco_temporal_perm,1,2,BE,C,4,20,0.151737,0.5556,
2021,46,C10_ardeco_temporal_perm,1,3,BE,DE,5,20,0.151737,0.5556,
2021,46,C10_ardeco_temporal_perm,1,4,BE,FZ,6,20,0.151737,0.5556,
2021,46,C10_ardeco_temporal_perm,2,3,C,DE,7,20,0.151737,0.5556,
2021,46,C10_ardeco_temporal_perm,2,4,C,FZ,8,20,0.151737,0.5556,
2021,46,C10_ardeco_temporal_perm,2,6,C,HZ,9,20,0.151737,0.5556,
2021,46,C10_ardeco_temporal_perm,2,7,C,JZ,10,20,0.151737,0.5556,
2021,46,C10_ardeco_temporal_perm,2,8,C,KZ,11,20,0.151737,0.5556,
2021,46,C10_ardeco_temporal_perm,3,4,DE,FZ,12,20,0.151737,0.5556,
2021,46,C10_ardeco_temporal_perm,3,6,DE,HZ,13,20,0.151737,0.5556,
2021,46,C10_ardeco_temporal_perm,3,7,DE,JZ,14,20,0.151737,0.5556,
2021,46,C10_ardeco_temporal_perm,3,8,DE,KZ,15,20,0.151737,0.5556,
2021,46,C10_ardeco_temporal_perm,4,5,FZ,GI,16,20,0.151737,0.5556,
2021,46,C10_ardeco_temporal_perm,4,7,FZ,JZ,17,20,0.151737,0.5556,
2021,46,C10_ardeco_temporal_perm,5,6,GI,HZ,18,20,0.151737,0.5556,
2021,46,C10_ardeco_temporal_perm,5,7,GI,JZ,19,20,0.151737,0.5556,
2021,46,C10_ardeco_temporal_perm,6,8,HZ,KZ,20,20,0.151737,0.5556,
2022,42,C10_ardeco_temporal_perm,0,1,AZ,BE,1,16,0.131673,0.4444,
2022,42,C10_ardeco_temporal_perm,0,3,AZ,DE,2,16,0.131673,0.4444,
2022,42,C10_ardeco_temporal_perm,0,5,AZ,GI,3,16,0.131673,0.4444,
2022,42,C10_ardeco_temporal_perm,0,6,AZ,HZ,4,16,0.131673,0.4444,
2022,42,C10_ardeco_temporal_perm,0,8,AZ,KZ,5,16,0.131673,0.4444,
2022,42,C10_ardeco_temporal_perm,1,2,BE,C,6,16,0.131673,0.4444,
2022,42,C10_ardeco_temporal_perm,1,7,BE,JZ,7,16,0.131673,0.4444,
2022,42,C10_ardeco_temporal_perm,2,3,C,DE,8,16,0.131673,0.4444,
2022,42,C10_ardeco_temporal_perm,2,4,C,FZ,9,16,0.131673,0.4444,
2022,42,C10_ardeco_temporal_perm,2,5,C,GI,10,16,0.131673,0.4444,
2022,42,C10_ardeco_temporal_perm,2,8,C,KZ,11,16,0.131673,0.4444,
2022,42,C10_ardeco_temporal_perm,3,6,DE,HZ,12,16,0.131673,0.4444,
2022,42,C10_ardeco_temporal_perm,4,6,FZ,HZ,13,16,0.131673,0.4444,
2022,42,C10_ardeco_temporal_perm,4,7,FZ,JZ,14,16,0.131673,0.4444,
2022,42,C10_ardeco_temporal_perm,5,7,GI,JZ,15,16,0.131673,0.4444,
2022,42,C10_ardeco_temporal_perm,6,8,HZ,KZ,16,16,0.131673,0.4444,
2022,43,C10_ardeco_temporal_perm,0,4,AZ,FZ,1,18,0.127885,0.5,
2022,43,C10_ardeco_temporal_perm,0,5,AZ,GI,2,18,0.127885,0.5,
2022,43,C10_ardeco_temporal_perm,0,6,AZ,HZ,3,18,0.127885,0.5,
2022,43,C10_ardeco_temporal_perm,1,3,BE,DE,4,18,0.127885,0.5,
2022,43,C10_ardeco_temporal_perm,1,5,BE,GI,5,18,0.127885,0.5,
2022,43,C10_ardeco_temporal_perm,1,8,BE,KZ,6,18,0.127885,0.5,
2022,43,C10_ardeco_temporal_perm,2,3,C,DE,7,18,0.127885,0.5,
2022,43,C10_ardeco_temporal_perm,2,6,C,HZ,8,18,0.127885,0.5,
2022,43,C10_ardeco_temporal_perm,2,7,C,JZ,9,18,0.127885,0.5,
2022,43,C10_ardeco_temporal_perm,3,4,DE,FZ,10,18,0.127885,0.5,
2022,43,C10_ardeco_temporal_perm,3,5,DE,GI,11,18,0.127885,0.5,
2022,43,C10_ardeco_temporal_perm,3,6,DE,HZ,12,18,0.127885,0.5,
2022,43,C10_ardeco_temporal_perm,3,8,DE,KZ,13,18,0.127885,0.5,
2022,43,C10_ardeco_temporal_perm,4,7,FZ,JZ,14,18,0.127885,0.5,
2022,43,C10_ardeco_temporal_perm,4,8,FZ,KZ,15,18,0.127885,0.5,
2022,43,C10_ardeco_temporal_perm,5,7,GI,JZ,16,18,0.127885,0.5,
2022,43,C10_ardeco_temporal_perm,5,8,GI,KZ,17,18,0.127885,0.5,
2022,43,C10_ardeco_temporal_perm,6,7,HZ,JZ,18,18,0.127885,0.5,
2022,44,C10_ardeco_temporal_perm,0,2,AZ,C,1,18,0.131608,0.5,
2022,44,C10_ardeco_temporal_perm,0,4,AZ,FZ,2,18,0.131608,0.5,
2022,44,C10_ardeco_temporal_perm,0,5,AZ,GI,3,18,0.131608,0.5,
2022,44,C10_ardeco_temporal_perm,1,4,BE,FZ,4,18,0.131608,0.5,
2022,44,C10_ardeco_temporal_perm,1,5,BE,GI,5,18,0.131608,0.5,
2022,44,C10_ardeco_temporal_perm,1,7,BE,JZ,6,18,0.131608,0.5,
2022,44,C10_ardeco_temporal_perm,2,3,C,DE,7,18,0.131608,0.5,
2022,44,C10_ardeco_temporal_perm,2,4,C,FZ,8,18,0.131608,0.5,
2022,44,C10_ardeco_temporal_perm,2,5,C,GI,9,18,0.131608,0.5,
2022,44,C10_ardeco_temporal_perm,3,6,DE,HZ,10,18,0.131608,0.5,
2022,44,C10_ardeco_temporal_perm,3,8,DE,KZ,11,18,0.131608,0.5,
2022,44,C10_ardeco_temporal_perm,4,6,FZ,HZ,12,18,0.131608,0.5,
2022,44,C10_ardeco_temporal_perm,4,8,FZ,KZ,13,18,0.131608,0.5,
2022,44,C10_ardeco_temporal_perm,5,6,GI,HZ,14,18,0.131608,0.5,
2022,44,C10_ardeco_temporal_perm,5,7,GI,JZ,15,18,0.131608,0.5,
2022,44,C10_ardeco_temporal_perm,5,8,GI,KZ,16,18,0.131608,0.5,
2022,44,C10_ardeco_temporal_perm,6,7,HZ,JZ,17,18,0.131608,0.5,
2022,44,C10_ardeco_temporal_perm,7,8,JZ,KZ,18,18,0.131608,0.5,
2022,45,C10_ardeco_temporal_perm,0,2,AZ,C,1,16,0.148341,0.4444,
2022,45,C10_ardeco_temporal_perm,0,5,AZ,GI,2,16,0.148341,0.4444,
2022,45,C10_ardeco_temporal_perm,0,6,AZ,HZ,3,16,0.148341,0.4444,
2022,45,C10_ardeco_temporal_perm,0,7,AZ,JZ,4,16,0.148341,0.4444,
2022,45,C10_ardeco_temporal_perm,1,2,BE,C,5,16,0.148341,0.4444,
2022,45,C10_ardeco_temporal_perm,1,6,BE,HZ,6,16,0.148341,0.4444,
2022,45,C10_ardeco_temporal_perm,1,7,BE,JZ,7,16,0.148341,0.4444,
2022,45,C10_ardeco_temporal_perm,1,8,BE,KZ,8,16,0.148341,0.4444,
2022,45,C10_ardeco_temporal_perm,2,7,C,JZ,9,16,0.148341,0.4444,
2022,45,C10_ardeco_temporal_perm,2,8,C,KZ,10,16,0.148341,0.4444,
2022,45,C10_ardeco_temporal_perm,3,4,DE,FZ,11,16,0.148341,0.4444,
2022,45,C10_ardeco_temporal_perm,3,5,DE,GI,12,16,0.148341,0.4444,
2022,45,C10_ardeco_temporal_perm,3,6,DE,HZ,13,16,0.148341,0.4444,
2022,45,C10_ardeco_temporal_perm,4,5,FZ,GI,14,16,0.148341,0.4444,
2022,45,C10_ardeco_temporal_perm,4,6,FZ,HZ,15,16,0.148341,0.4444,
2022,45,C10_ardeco_temporal_perm,6,8,HZ,KZ,16,16,0.148341,0.4444,
2022,46,C10_ardeco_temporal_perm,0,3,AZ,DE,1,16,0.135,0.4444,
2022,46,C10_ardeco_temporal_perm,0,4,AZ,FZ,2,16,0.135,0.4444,
2022,46,C10_ardeco_temporal_perm,0,7,AZ,JZ,3,16,0.135,0.4444,
2022,46,C10_ardeco_temporal_perm,1,2,BE,C,4,16,0.135,0.4444,
2022,46,C10_ardeco_temporal_perm,1,3,BE,DE,5,16,0.135,0.4444,
2022,46,C10_ardeco_temporal_perm,1,4,BE,FZ,6,16,0.135,0.4444,
2022,46,C10_ardeco_temporal_perm,2,6,C,HZ,7,16,0.135,0.4444,
2022,46,C10_ardeco_temporal_perm,2,8,C,KZ,8,16,0.135,0.4444,
2022,46,C10_ardeco_temporal_perm,3,6,DE,HZ,9,16,0.135,0.4444,
2022,46,C10_ardeco_temporal_perm,3,7,DE,JZ,10,16,0.135,0.4444,
2022,46,C10_ardeco_temporal_perm,4,5,FZ,GI,11,16,0.135,0.4444,
2022,46,C10_ardeco_temporal_perm,4,7,FZ,JZ,12,16,0.135,0.4444,
2022,46,C10_ardeco_temporal_perm,4,8,FZ,KZ,13,16,0.135,0.4444,
2022,46,C10_ardeco_temporal_perm,5,6,GI,HZ,14,16,0.135,0.4444,
2022,46,C10_ardeco_temporal_perm,5,7,GI,JZ,15,16,0.135,0.4444,
2022,46,C10_ardeco_temporal_perm,6,8,HZ,KZ,16,16,0.135,0.4444,
2023,42,C10_ardeco_temporal_perm,0,1,AZ,BE,1,19,0.152067,0.5278,
2023,42,C10_ardeco_temporal_perm,0,3,AZ,DE,2,19,0.152067,0.5278,
2023,42,C10_ardeco_temporal_perm,0,5,AZ,GI,3,19,0.152067,0.5278,
2023,42,C10_ardeco_temporal_perm,0,7,AZ,JZ,4,19,0.152067,0.5278,
2023,42,C10_ardeco_temporal_perm,0,8,AZ,KZ,5,19,0.152067,0.5278,
2023,42,C10_ardeco_temporal_perm,1,3,BE,DE,6,19,0.152067,0.5278,
2023,42,C10_ardeco_temporal_perm,1,4,BE,FZ,7,19,0.152067,0.5278,
2023,42,C10_ardeco_temporal_perm,1,5,BE,GI,8,19,0.152067,0.5278,
2023,42,C10_ardeco_temporal_perm,1,8,BE,KZ,9,19,0.152067,0.5278,
2023,42,C10_ardeco_temporal_perm,2,4,C,FZ,10,19,0.152067,0.5278,
2023,42,C10_ardeco_temporal_perm,2,6,C,HZ,11,19,0.152067,0.5278,
2023,42,C10_ardeco_temporal_perm,2,7,C,JZ,12,19,0.152067,0.5278,
2023,42,C10_ardeco_temporal_perm,2,8,C,KZ,13,19,0.152067,0.5278,
2023,42,C10_ardeco_temporal_perm,3,7,DE,JZ,14,19,0.152067,0.5278,
2023,42,C10_ardeco_temporal_perm,4,5,FZ,GI,15,19,0.152067,0.5278,
2023,42,C10_ardeco_temporal_perm,4,6,FZ,HZ,16,19,0.152067,0.5278,
2023,42,C10_ardeco_temporal_perm,4,7,FZ,JZ,17,19,0.152067,0.5278,
2023,42,C10_ardeco_temporal_perm,5,7,GI,JZ,18,19,0.152067,0.5278,
2023,42,C10_ardeco_temporal_perm,6,7,HZ,JZ,19,19,0.152067,0.5278,
2023,43,C10_ardeco_temporal_perm,0,3,AZ,DE,1,18,0.140489,0.5,
2023,43,C10_ardeco_temporal_perm,0,5,AZ,GI,2,18,0.140489,0.5,
2023,43,C10_ardeco_temporal_perm,0,8,AZ,KZ,3,18,0.140489,0.5,
2023,43,C10_ardeco_temporal_perm,1,2,BE,C,4,18,0.140489,0.5,
2023,43,C10_ardeco_temporal_perm,1,4,BE,FZ,5,18,0.140489,0.5,
2023,43,C10_ardeco_temporal_perm,1,5,BE,GI,6,18,0.140489,0.5,
2023,43,C10_ardeco_temporal_perm,2,3,C,DE,7,18,0.140489,0.5,
2023,43,C10_ardeco_temporal_perm,2,5,C,GI,8,18,0.140489,0.5,
2023,43,C10_ardeco_temporal_perm,2,6,C,HZ,9,18,0.140489,0.5,
2023,43,C10_ardeco_temporal_perm,2,7,C,JZ,10,18,0.140489,0.5,
2023,43,C10_ardeco_temporal_perm,2,8,C,KZ,11,18,0.140489,0.5,
2023,43,C10_ardeco_temporal_perm,3,7,DE,JZ,12,18,0.140489,0.5,
2023,43,C10_ardeco_temporal_perm,4,5,FZ,GI,13,18,0.140489,0.5,
2023,43,C10_ardeco_temporal_perm,4,6,FZ,HZ,14,18,0.140489,0.5,
2023,43,C10_ardeco_temporal_perm,4,8,FZ,KZ,15,18,0.140489,0.5,
2023,43,C10_ardeco_temporal_perm,5,6,GI,HZ,16,18,0.140489,0.5,
2023,43,C10_ardeco_temporal_perm,5,7,GI,JZ,17,18,0.140489,0.5,
2023,43,C10_ardeco_temporal_perm,6,8,HZ,KZ,18,18,0.140489,0.5,
2023,44,C10_ardeco_temporal_perm,0,3,AZ,DE,1,19,0.138177,0.5278,
2023,44,C10_ardeco_temporal_perm,0,4,AZ,FZ,2,19,0.138177,0.5278,
2023,44,C10_ardeco_temporal_perm,0,5,AZ,GI,3,19,0.138177,0.5278,
2023,44,C10_ardeco_temporal_perm,0,8,AZ,KZ,4,19,0.138177,0.5278,
2023,44,C10_ardeco_temporal_perm,1,4,BE,FZ,5,19,0.138177,0.5278,
2023,44,C10_ardeco_temporal_perm,1,5,BE,GI,6,19,0.138177,0.5278,
2023,44,C10_ardeco_temporal_perm,1,8,BE,KZ,7,19,0.138177,0.5278,
2023,44,C10_ardeco_temporal_perm,2,3,C,DE,8,19,0.138177,0.5278,
2023,44,C10_ardeco_temporal_perm,2,4,C,FZ,9,19,0.138177,0.5278,
2023,44,C10_ardeco_temporal_perm,2,7,C,JZ,10,19,0.138177,0.5278,
2023,44,C10_ardeco_temporal_perm,3,6,DE,HZ,11,19,0.138177,0.5278,
2023,44,C10_ardeco_temporal_perm,4,6,FZ,HZ,12,19,0.138177,0.5278,
2023,44,C10_ardeco_temporal_perm,4,7,FZ,JZ,13,19,0.138177,0.5278,
2023,44,C10_ardeco_temporal_perm,4,8,FZ,KZ,14,19,0.138177,0.5278,
2023,44,C10_ardeco_temporal_perm,5,6,GI,HZ,15,19,0.138177,0.5278,
2023,44,C10_ardeco_temporal_perm,5,7,GI,JZ,16,19,0.138177,0.5278,
2023,44,C10_ardeco_temporal_perm,5,8,GI,KZ,17,19,0.138177,0.5278,
2023,44,C10_ardeco_temporal_perm,6,7,HZ,JZ,18,19,0.138177,0.5278,
2023,44,C10_ardeco_temporal_perm,7,8,JZ,KZ,19,19,0.138177,0.5278,
2023,45,C10_ardeco_temporal_perm,0,2,AZ,C,1,15,0.151987,0.4167,
2023,45,C10_ardeco_temporal_perm,0,5,AZ,GI,2,15,0.151987,0.4167,
2023,45,C10_ardeco_temporal_perm,0,6,AZ,HZ,3,15,0.151987,0.4167,
2023,45,C10_ardeco_temporal_perm,0,7,AZ,JZ,4,15,0.151987,0.4167,
2023,45,C10_ardeco_temporal_perm,1,2,BE,C,5,15,0.151987,0.4167,
2023,45,C10_ardeco_temporal_perm,1,7,BE,JZ,6,15,0.151987,0.4167,
2023,45,C10_ardeco_temporal_perm,1,8,BE,KZ,7,15,0.151987,0.4167,
2023,45,C10_ardeco_temporal_perm,2,7,C,JZ,8,15,0.151987,0.4167,
2023,45,C10_ardeco_temporal_perm,2,8,C,KZ,9,15,0.151987,0.4167,
2023,45,C10_ardeco_temporal_perm,3,4,DE,FZ,10,15,0.151987,0.4167,
2023,45,C10_ardeco_temporal_perm,3,5,DE,GI,11,15,0.151987,0.4167,
2023,45,C10_ardeco_temporal_perm,3,6,DE,HZ,12,15,0.151987,0.4167,
2023,45,C10_ardeco_temporal_perm,4,5,FZ,GI,13,15,0.151987,0.4167,
2023,45,C10_ardeco_temporal_perm,4,6,FZ,HZ,14,15,0.151987,0.4167,
2023,45,C10_ardeco_temporal_perm,6,8,HZ,KZ,15,15,0.151987,0.4167,
2023,46,C10_ardeco_temporal_perm,0,2,AZ,C,1,17,0.132733,0.4722,
2023,46,C10_ardeco_temporal_perm,0,3,AZ,DE,2,17,0.132733,0.4722,
2023,46,C10_ardeco_temporal_perm,0,4,AZ,FZ,3,17,0.132733,0.4722,
2023,46,C10_ardeco_temporal_perm,0,7,AZ,JZ,4,17,0.132733,0.4722,
2023,46,C10_ardeco_temporal_perm,1,2,BE,C,5,17,0.132733,0.4722,
2023,46,C10_ardeco_temporal_perm,1,3,BE,DE,6,17,0.132733,0.4722,
2023,46,C10_ardeco_temporal_perm,1,4,BE,FZ,7,17,0.132733,0.4722,
2023,46,C10_ardeco_temporal_perm,1,7,BE,JZ,8,17,0.132733,0.4722,
2023,46,C10_ardeco_temporal_perm,2,6,C,HZ,9,17,0.132733,0.4722,
2023,46,C10_ardeco_temporal_perm,2,8,C,KZ,10,17,0.132733,0.4722,
2023,46,C10_ardeco_temporal_perm,3,6,DE,HZ,11,17,0.132733,0.4722,
2023,46,C10_ardeco_temporal_perm,4,7,FZ,JZ,12,17,0.132733,0.4722,
2023,46,C10_ardeco_temporal_perm,4,8,FZ,KZ,13,17,0.132733,0.4722,
2023,46,C10_ardeco_temporal_perm,5,6,GI,HZ,14,17,0.132733,0.4722,
2023,46,C10_ardeco_temporal_perm,5,7,GI,JZ,15,17,0.132733,0.4722,
2023,46,C10_ardeco_temporal_perm,5,8,GI,KZ,16,17,0.132733,0.4722,
2023,46,C10_ardeco_temporal_perm,6,8,HZ,KZ,17,17,0.132733,0.4722,
2024,42,C10_ardeco_temporal_perm,0,1,AZ,BE,1,19,0.137417,0.5278,
2024,42,C10_ardeco_temporal_perm,0,3,AZ,DE,2,19,0.137417,0.5278,
2024,42,C10_ardeco_temporal_perm,0,5,AZ,GI,3,19,0.137417,0.5278,
2024,42,C10_ardeco_temporal_perm,0,8,AZ,KZ,4,19,0.137417,0.5278,
2024,42,C10_ardeco_temporal_perm,1,5,BE,GI,5,19,0.137417,0.5278,
2024,42,C10_ardeco_temporal_perm,1,6,BE,HZ,6,19,0.137417,0.5278,
2024,42,C10_ardeco_temporal_perm,1,7,BE,JZ,7,19,0.137417,0.5278,
2024,42,C10_ardeco_temporal_perm,2,3,C,DE,8,19,0.137417,0.5278,
2024,42,C10_ardeco_temporal_perm,2,4,C,FZ,9,19,0.137417,0.5278,
2024,42,C10_ardeco_temporal_perm,2,5,C,GI,10,19,0.137417,0.5278,
2024,42,C10_ardeco_temporal_perm,2,6,C,HZ,11,19,0.137417,0.5278,
2024,42,C10_ardeco_temporal_perm,2,7,C,JZ,12,19,0.137417,0.5278,
2024,42,C10_ardeco_temporal_perm,2,8,C,KZ,13,19,0.137417,0.5278,
2024,42,C10_ardeco_temporal_perm,3,7,DE,JZ,14,19,0.137417,0.5278,
2024,42,C10_ardeco_temporal_perm,4,5,FZ,GI,15,19,0.137417,0.5278,
2024,42,C10_ardeco_temporal_perm,4,6,FZ,HZ,16,19,0.137417,0.5278,
2024,42,C10_ardeco_temporal_perm,4,7,FZ,JZ,17,19,0.137417,0.5278,
2024,42,C10_ardeco_temporal_perm,5,7,GI,JZ,18,19,0.137417,0.5278,
2024,42,C10_ardeco_temporal_perm,7,8,JZ,KZ,19,19,0.137417,0.5278,
2024,43,C10_ardeco_temporal_perm,0,3,AZ,DE,1,18,0.137614,0.5,
2024,43,C10_ardeco_temporal_perm,0,4,AZ,FZ,2,18,0.137614,0.5,
2024,43,C10_ardeco_temporal_perm,0,5,AZ,GI,3,18,0.137614,0.5,
2024,43,C10_ardeco_temporal_perm,1,2,BE,C,4,18,0.137614,0.5,
2024,43,C10_ardeco_temporal_perm,1,4,BE,FZ,5,18,0.137614,0.5,
2024,43,C10_ardeco_temporal_perm,1,5,BE,GI,6,18,0.137614,0.5,
2024,43,C10_ardeco_temporal_perm,2,3,C,DE,7,18,0.137614,0.5,
2024,43,C10_ardeco_temporal_perm,2,4,C,FZ,8,18,0.137614,0.5,
2024,43,C10_ardeco_temporal_perm,2,5,C,GI,9,18,0.137614,0.5,
2024,43,C10_ardeco_temporal_perm,2,6,C,HZ,10,18,0.137614,0.5,
2024,43,C10_ardeco_temporal_perm,2,7,C,JZ,11,18,0.137614,0.5,
2024,43,C10_ardeco_temporal_perm,2,8,C,KZ,12,18,0.137614,0.5,
2024,43,C10_ardeco_temporal_perm,3,7,DE,JZ,13,18,0.137614,0.5,
2024,43,C10_ardeco_temporal_perm,4,6,FZ,HZ,14,18,0.137614,0.5,
2024,43,C10_ardeco_temporal_perm,4,7,FZ,JZ,15,18,0.137614,0.5,
2024,43,C10_ardeco_temporal_perm,4,8,FZ,KZ,16,18,0.137614,0.5,
2024,43,C10_ardeco_temporal_perm,5,6,GI,HZ,17,18,0.137614,0.5,
2024,43,C10_ardeco_temporal_perm,6,8,HZ,KZ,18,18,0.137614,0.5,
2024,44,C10_ardeco_temporal_perm,0,2,AZ,C,1,18,0.129111,0.5,
2024,44,C10_ardeco_temporal_perm,0,4,AZ,FZ,2,18,0.129111,0.5,
2024,44,C10_ardeco_temporal_perm,0,5,AZ,GI,3,18,0.129111,0.5,
2024,44,C10_ardeco_temporal_perm,0,7,AZ,JZ,4,18,0.129111,0.5,
2024,44,C10_ardeco_temporal_perm,1,2,BE,C,5,18,0.129111,0.5,
2024,44,C10_ardeco_temporal_perm,1,4,BE,FZ,6,18,0.129111,0.5,
2024,44,C10_ardeco_temporal_perm,1,7,BE,JZ,7,18,0.129111,0.5,
2024,44,C10_ardeco_temporal_perm,2,3,C,DE,8,18,0.129111,0.5,
2024,44,C10_ardeco_temporal_perm,2,5,C,GI,9,18,0.129111,0.5,
2024,44,C10_ardeco_temporal_perm,2,6,C,HZ,10,18,0.129111,0.5,
2024,44,C10_ardeco_temporal_perm,2,8,C,KZ,11,18,0.129111,0.5,
2024,44,C10_ardeco_temporal_perm,3,6,DE,HZ,12,18,0.129111,0.5,
2024,44,C10_ardeco_temporal_perm,3,8,DE,KZ,13,18,0.129111,0.5,
2024,44,C10_ardeco_temporal_perm,4,6,FZ,HZ,14,18,0.129111,0.5,
2024,44,C10_ardeco_temporal_perm,5,6,GI,HZ,15,18,0.129111,0.5,
2024,44,C10_ardeco_temporal_perm,6,7,HZ,JZ,16,18,0.129111,0.5,
2024,44,C10_ardeco_temporal_perm,6,8,HZ,KZ,17,18,0.129111,0.5,
2024,44,C10_ardeco_temporal_perm,7,8,JZ,KZ,18,18,0.129111,0.5,
2024,45,C10_ardeco_temporal_perm,0,2,AZ,C,1,19,0.13475,0.5278,
2024,45,C10_ardeco_temporal_perm,0,3,AZ,DE,2,19,0.13475,0.5278,
2024,45,C10_ardeco_temporal_perm,0,4,AZ,FZ,3,19,0.13475,0.5278,
2024,45,C10_ardeco_temporal_perm,0,6,AZ,HZ,4,19,0.13475,0.5278,
2024,45,C10_ardeco_temporal_perm,0,7,AZ,JZ,5,19,0.13475,0.5278,
2024,45,C10_ardeco_temporal_perm,1,5,BE,GI,6,19,0.13475,0.5278,
2024,45,C10_ardeco_temporal_perm,1,6,BE,HZ,7,19,0.13475,0.5278,
2024,45,C10_ardeco_temporal_perm,1,8,BE,KZ,8,19,0.13475,0.5278,
2024,45,C10_ardeco_temporal_perm,2,5,C,GI,9,19,0.13475,0.5278,
2024,45,C10_ardeco_temporal_perm,2,6,C,HZ,10,19,0.13475,0.5278,
2024,45,C10_ardeco_temporal_perm,3,5,DE,GI,11,19,0.13475,0.5278,
2024,45,C10_ardeco_temporal_perm,3,6,DE,HZ,12,19,0.13475,0.5278,
2024,45,C10_ardeco_temporal_perm,4,5,FZ,GI,13,19,0.13475,0.5278,
2024,45,C10_ardeco_temporal_perm,4,6,FZ,HZ,14,19,0.13475,0.5278,
2024,45,C10_ardeco_temporal_perm,5,6,GI,HZ,15,19,0.13475,0.5278,
2024,45,C10_ardeco_temporal_perm,5,7,GI,JZ,16,19,0.13475,0.5278,
2024,45,C10_ardeco_temporal_perm,5,8,GI,KZ,17,19,0.13475,0.5278,
2024,45,C10_ardeco_temporal_perm,6,7,HZ,JZ,18,19,0.13475,0.5278,
2024,45,C10_ardeco_temporal_perm,6,8,HZ,KZ,19,19,0.13475,0.5278,
2024,46,C10_ardeco_temporal_perm,0,2,AZ,C,1,16,0.130662,0.4444,
2024,46,C10_ardeco_temporal_perm,0,3,AZ,DE,2,16,0.130662,0.4444,
2024,46,C10_ardeco_temporal_perm,0,4,AZ,FZ,3,16,0.130662,0.4444,
2024,46,C10_ardeco_temporal_perm,0,7,AZ,JZ,4,16,0.130662,0.4444,
2024,46,C10_ardeco_temporal_perm,0,8,AZ,KZ,5,16,0.130662,0.4444,
2024,46,C10_ardeco_temporal_perm,1,2,BE,C,6,16,0.130662,0.4444,
2024,46,C10_ardeco_temporal_perm,1,3,BE,DE,7,16,0.130662,0.4444,
2024,46,C10_ardeco_temporal_perm,1,4,BE,FZ,8,16,0.130662,0.4444,
2024,46,C10_ardeco_temporal_perm,2,6,C,HZ,9,16,0.130662,0.4444,
2024,46,C10_ardeco_temporal_perm,2,8,C,KZ,10,16,0.130662,0.4444,
2024,46,C10_ardeco_temporal_perm,3,7,DE,JZ,11,16,0.130662,0.4444,
2024,46,C10_ardeco_temporal_perm,4,7,FZ,JZ,12,16,0.130662,0.4444,
2024,46,C10_ardeco_temporal_perm,5,6,GI,HZ,13,16,0.130662,0.4444,
2024,46,C10_ardeco_temporal_perm,5,7,GI,JZ,14,16,0.130662,0.4444,
2024,46,C10_ardeco_temporal_perm,5,8,GI,KZ,15,16,0.130662,0.4444,
2024,46,C10_ardeco_temporal_perm,6,8,HZ,KZ,16,16,0.130662,0.4444,
2025,42,C10_ardeco_temporal_perm,0,1,AZ,BE,1,20,0.141662,0.5556,
2025,42,C10_ardeco_temporal_perm,0,3,AZ,DE,2,20,0.141662,0.5556,
2025,42,C10_ardeco_temporal_perm,0,5,AZ,GI,3,20,0.141662,0.5556,
2025,42,C10_ardeco_temporal_perm,0,7,AZ,JZ,4,20,0.141662,0.5556,
2025,42,C10_ardeco_temporal_perm,0,8,AZ,KZ,5,20,0.141662,0.5556,
2025,42,C10_ardeco_temporal_perm,1,3,BE,DE,6,20,0.141662,0.5556,
2025,42,C10_ardeco_temporal_perm,1,4,BE,FZ,7,20,0.141662,0.5556,
2025,42,C10_ardeco_temporal_perm,1,5,BE,GI,8,20,0.141662,0.5556,
2025,42,C10_ardeco_temporal_perm,1,7,BE,JZ,9,20,0.141662,0.5556,
2025,42,C10_ardeco_temporal_perm,1,8,BE,KZ,10,20,0.141662,0.5556,
2025,42,C10_ardeco_temporal_perm,2,3,C,DE,11,20,0.141662,0.5556,
2025,42,C10_ardeco_temporal_perm,2,4,C,FZ,12,20,0.141662,0.5556,
2025,42,C10_ardeco_temporal_perm,2,5,C,GI,13,20,0.141662,0.5556,
2025,42,C10_ardeco_temporal_perm,2,6,C,HZ,14,20,0.141662,0.5556,
2025,42,C10_ardeco_temporal_perm,2,7,C,JZ,15,20,0.141662,0.5556,
2025,42,C10_ardeco_temporal_perm,2,8,C,KZ,16,20,0.141662,0.5556,
2025,42,C10_ardeco_temporal_perm,4,6,FZ,HZ,17,20,0.141662,0.5556,
2025,42,C10_ardeco_temporal_perm,4,7,FZ,JZ,18,20,0.141662,0.5556,
2025,42,C10_ardeco_temporal_perm,5,6,GI,HZ,19,20,0.141662,0.5556,
2025,42,C10_ardeco_temporal_perm,5,7,GI,JZ,20,20,0.141662,0.5556,
2025,43,C10_ardeco_temporal_perm,0,3,AZ,DE,1,18,0.137209,0.5,
2025,43,C10_ardeco_temporal_perm,0,4,AZ,FZ,2,18,0.137209,0.5,
2025,43,C10_ardeco_temporal_perm,0,5,AZ,GI,3,18,0.137209,0.5,
2025,43,C10_ardeco_temporal_perm,1,2,BE,C,4,18,0.137209,0.5,
2025,43,C10_ardeco_temporal_perm,1,4,BE,FZ,5,18,0.137209,0.5,
2025,43,C10_ardeco_temporal_perm,1,5,BE,GI,6,18,0.137209,0.5,
2025,43,C10_ardeco_temporal_perm,2,3,C,DE,7,18,0.137209,0.5,
2025,43,C10_ardeco_temporal_perm,2,4,C,FZ,8,18,0.137209,0.5,
2025,43,C10_ardeco_temporal_perm,2,5,C,GI,9,18,0.137209,0.5,
2025,43,C10_ardeco_temporal_perm,2,6,C,HZ,10,18,0.137209,0.5,
2025,43,C10_ardeco_temporal_perm,2,7,C,JZ,11,18,0.137209,0.5,
2025,43,C10_ardeco_temporal_perm,2,8,C,KZ,12,18,0.137209,0.5,
2025,43,C10_ardeco_temporal_perm,3,7,DE,JZ,13,18,0.137209,0.5,
2025,43,C10_ardeco_temporal_perm,4,6,FZ,HZ,14,18,0.137209,0.5,
2025,43,C10_ardeco_temporal_perm,4,7,FZ,JZ,15,18,0.137209,0.5,
2025,43,C10_ardeco_temporal_perm,4,8,FZ,KZ,16,18,0.137209,0.5,
2025,43,C10_ardeco_temporal_perm,5,6,GI,HZ,17,18,0.137209,0.5,
2025,43,C10_ardeco_temporal_perm,6,8,HZ,KZ,18,18,0.137209,0.5,
2025,44,C10_ardeco_temporal_perm,0,3,AZ,DE,1,18,0.132735,0.5,
2025,44,C10_ardeco_temporal_perm,0,4,AZ,FZ,2,18,0.132735,0.5,
2025,44,C10_ardeco_temporal_perm,0,5,AZ,GI,3,18,0.132735,0.5,
2025,44,C10_ardeco_temporal_perm,0,8,AZ,KZ,4,18,0.132735,0.5,
2025,44,C10_ardeco_temporal_perm,1,4,BE,FZ,5,18,0.132735,0.5,
2025,44,C10_ardeco_temporal_perm,1,5,BE,GI,6,18,0.132735,0.5,
2025,44,C10_ardeco_temporal_perm,1,7,BE,JZ,7,18,0.132735,0.5,
2025,44,C10_ardeco_temporal_perm,2,3,C,DE,8,18,0.132735,0.5,
2025,44,C10_ardeco_temporal_perm,2,4,C,FZ,9,18,0.132735,0.5,
2025,44,C10_ardeco_temporal_perm,2,7,C,JZ,10,18,0.132735,0.5,
2025,44,C10_ardeco_temporal_perm,3,6,DE,HZ,11,18,0.132735,0.5,
2025,44,C10_ardeco_temporal_perm,4,6,FZ,HZ,12,18,0.132735,0.5,
2025,44,C10_ardeco_temporal_perm,4,7,FZ,JZ,13,18,0.132735,0.5,
2025,44,C10_ardeco_temporal_perm,5,6,GI,HZ,14,18,0.132735,0.5,
2025,44,C10_ardeco_temporal_perm,5,7,GI,JZ,15,18,0.132735,0.5,
2025,44,C10_ardeco_temporal_perm,5,8,GI,KZ,16,18,0.132735,0.5,
2025,44,C10_ardeco_temporal_perm,6,8,HZ,KZ,17,18,0.132735,0.5,
2025,44,C10_ardeco_temporal_perm,7,8,JZ,KZ,18,18,0.132735,0.5,
2025,45,C10_ardeco_temporal_perm,0,2,AZ,C,1,16,0.151262,0.4444,
2025,45,C10_ardeco_temporal_perm,0,5,AZ,GI,2,16,0.151262,0.4444,
2025,45,C10_ardeco_temporal_perm,0,6,AZ,HZ,3,16,0.151262,0.4444,
2025,45,C10_ardeco_temporal_perm,0,7,AZ,JZ,4,16,0.151262,0.4444,
2025,45,C10_ardeco_temporal_perm,1,2,BE,C,5,16,0.151262,0.4444,
2025,45,C10_ardeco_temporal_perm,1,6,BE,HZ,6,16,0.151262,0.4444,
2025,45,C10_ardeco_temporal_perm,1,7,BE,JZ,7,16,0.151262,0.4444,
2025,45,C10_ardeco_temporal_perm,1,8,BE,KZ,8,16,0.151262,0.4444,
2025,45,C10_ardeco_temporal_perm,2,8,C,KZ,9,16,0.151262,0.4444,
2025,45,C10_ardeco_temporal_perm,3,4,DE,FZ,10,16,0.151262,0.4444,
2025,45,C10_ardeco_temporal_perm,3,5,DE,GI,11,16,0.151262,0.4444,
2025,45,C10_ardeco_temporal_perm,3,6,DE,HZ,12,16,0.151262,0.4444,
2025,45,C10_ardeco_temporal_perm,4,5,FZ,GI,13,16,0.151262,0.4444,
2025,45,C10_ardeco_temporal_perm,4,6,FZ,HZ,14,16,0.151262,0.4444,
2025,45,C10_ardeco_temporal_perm,6,8,HZ,KZ,15,16,0.151262,0.4444,
2025,45,C10_ardeco_temporal_perm,7,8,JZ,KZ,16,16,0.151262,0.4444,
2025,46,C10_ardeco_temporal_perm,0,2,AZ,C,1,19,0.152528,0.5278,
2025,46,C10_ardeco_temporal_perm,0,3,AZ,DE,2,19,0.152528,0.5278,
2025,46,C10_ardeco_temporal_perm,0,4,AZ,FZ,3,19,0.152528,0.5278,
2025,46,C10_ardeco_temporal_perm,1,3,BE,DE,4,19,0.152528,0.5278,
2025,46,C10_ardeco_temporal_perm,1,4,BE,FZ,5,19,0.152528,0.5278,
2025,46,C10_ardeco_temporal_perm,1,8,BE,KZ,6,19,0.152528,0.5278,
2025,46,C10_ardeco_temporal_perm,2,3,C,DE,7,19,0.152528,0.5278,
2025,46,C10_ardeco_temporal_perm,2,4,C,FZ,8,19,0.152528,0.5278,
2025,46,C10_ardeco_temporal_perm,2,5,C,GI,9,19,0.152528,0.5278,
2025,46,C10_ardeco_temporal_perm,2,6,C,HZ,10,19,0.152528,0.5278,
2025,46,C10_ardeco_temporal_perm,2,8,C,KZ,11,19,0.152528,0.5278,
2025,46,C10_ardeco_temporal_perm,3,4,DE,FZ,12,19,0.152528,0.5278,
2025,46,C10_ardeco_temporal_perm,3,6,DE,HZ,13,19,0.152528,0.5278,
2025,46,C10_ardeco_temporal_perm,3,7,DE,JZ,14,19,0.152528,0.5278,
2025,46,C10_ardeco_temporal_perm,3,8,DE,KZ,15,19,0.152528,0.5278,
2025,46,C10_ardeco_temporal_perm,4,5,FZ,GI,16,19,0.152528,0.5278,
2025,46,C10_ardeco_temporal_perm,4,7,FZ,JZ,17,19,0.152528,0.5278,
2025,46,C10_ardeco_temporal_perm,5,7,GI,JZ,18,19,0.152528,0.5278,
2025,46,C10_ardeco_temporal_perm,6,8,HZ,KZ,19,19,0.152528,0.5278,
2021,42,C2_no_graph,0,1,AZ,BE,1,21,0.152378,0.5833,
2021,42,C2_no_graph,0,2,AZ,C,2,21,0.152378,0.5833,
2021,42,C2_no_graph,0,3,AZ,DE,3,21,0.152378,0.5833,
2021,42,C2_no_graph,0,4,AZ,FZ,4,21,0.152378,0.5833,
2021,42,C2_no_graph,0,5,AZ,GI,5,21,0.152378,0.5833,
2021,42,C2_no_graph,0,6,AZ,HZ,6,21,0.152378,0.5833,
2021,42,C2_no_graph,0,7,AZ,JZ,7,21,0.152378,0.5833,
2021,42,C2_no_graph,0,8,AZ,KZ,8,21,0.152378,0.5833,
2021,42,C2_no_graph,1,2,BE,C,9,21,0.152378,0.5833,
2021,42,C2_no_graph,1,3,BE,DE,10,21,0.152378,0.5833,
2021,42,C2_no_graph,1,4,BE,FZ,11,21,0.152378,0.5833,
2021,42,C2_no_graph,1,5,BE,GI,12,21,0.152378,0.5833,
2021,42,C2_no_graph,1,6,BE,HZ,13,21,0.152378,0.5833,
2021,42,C2_no_graph,1,7,BE,JZ,14,21,0.152378,0.5833,
2021,42,C2_no_graph,1,8,BE,KZ,15,21,0.152378,0.5833,
2021,42,C2_no_graph,2,3,C,DE,16,21,0.152378,0.5833,
2021,42,C2_no_graph,2,4,C,FZ,17,21,0.152378,0.5833,
2021,42,C2_no_graph,2,5,C,GI,18,21,0.152378,0.5833,
2021,42,C2_no_graph,2,6,C,HZ,19,21,0.152378,0.5833,
2021,42,C2_no_graph,2,7,C,JZ,20,21,0.152378,0.5833,
2021,42,C2_no_graph,2,8,C,KZ,21,21,0.152378,0.5833,
2021,43,C2_no_graph,0,1,AZ,BE,1,21,0.138003,0.5833,
2021,43,C2_no_graph,0,2,AZ,C,2,21,0.138003,0.5833,
2021,43,C2_no_graph,0,3,AZ,DE,3,21,0.138003,0.5833,
2021,43,C2_no_graph,0,4,AZ,FZ,4,21,0.138003,0.5833,
2021,43,C2_no_graph,0,5,AZ,GI,5,21,0.138003,0.5833,
2021,43,C2_no_graph,0,6,AZ,HZ,6,21,0.138003,0.5833,
2021,43,C2_no_graph,0,7,AZ,JZ,7,21,0.138003,0.5833,
2021,43,C2_no_graph,0,8,AZ,KZ,8,21,0.138003,0.5833,
2021,43,C2_no_graph,1,2,BE,C,9,21,0.138003,0.5833,
2021,43,C2_no_graph,1,3,BE,DE,10,21,0.138003,0.5833,
2021,43,C2_no_graph,1,4,BE,FZ,11,21,0.138003,0.5833,
2021,43,C2_no_graph,1,5,BE,GI,12,21,0.138003,0.5833,
2021,43,C2_no_graph,1,6,BE,HZ,13,21,0.138003,0.5833,
2021,43,C2_no_graph,1,7,BE,JZ,14,21,0.138003,0.5833,
2021,43,C2_no_graph,1,8,BE,KZ,15,21,0.138003,0.5833,
2021,43,C2_no_graph,2,3,C,DE,16,21,0.138003,0.5833,
2021,43,C2_no_graph,2,4,C,FZ,17,21,0.138003,0.5833,
2021,43,C2_no_graph,2,5,C,GI,18,21,0.138003,0.5833,
2021,43,C2_no_graph,2,6,C,HZ,19,21,0.138003,0.5833,
2021,43,C2_no_graph,2,7,C,JZ,20,21,0.138003,0.5833,
2021,43,C2_no_graph,2,8,C,KZ,21,21,0.138003,0.5833,
2021,44,C2_no_graph,0,1,AZ,BE,1,21,0.137119,0.5833,
2021,44,C2_no_graph,0,2,AZ,C,2,21,0.137119,0.5833,
2021,44,C2_no_graph,0,3,AZ,DE,3,21,0.137119,0.5833,
2021,44,C2_no_graph,0,4,AZ,FZ,4,21,0.137119,0.5833,
2021,44,C2_no_graph,0,5,AZ,GI,5,21,0.137119,0.5833,
2021,44,C2_no_graph,0,6,AZ,HZ,6,21,0.137119,0.5833,
2021,44,C2_no_graph,0,7,AZ,JZ,7,21,0.137119,0.5833,
2021,44,C2_no_graph,0,8,AZ,KZ,8,21,0.137119,0.5833,
2021,44,C2_no_graph,1,2,BE,C,9,21,0.137119,0.5833,
2021,44,C2_no_graph,1,3,BE,DE,10,21,0.137119,0.5833,
2021,44,C2_no_graph,1,4,BE,FZ,11,21,0.137119,0.5833,
2021,44,C2_no_graph,1,5,BE,GI,12,21,0.137119,0.5833,
2021,44,C2_no_graph,1,6,BE,HZ,13,21,0.137119,0.5833,
2021,44,C2_no_graph,1,7,BE,JZ,14,21,0.137119,0.5833,
2021,44,C2_no_graph,1,8,BE,KZ,15,21,0.137119,0.5833,
2021,44,C2_no_graph,2,3,C,DE,16,21,0.137119,0.5833,
2021,44,C2_no_graph,2,4,C,FZ,17,21,0.137119,0.5833,
2021,44,C2_no_graph,2,5,C,GI,18,21,0.137119,0.5833,
2021,44,C2_no_graph,2,6,C,HZ,19,21,0.137119,0.5833,
2021,44,C2_no_graph,2,7,C,JZ,20,21,0.137119,0.5833,
2021,44,C2_no_graph,2,8,C,KZ,21,21,0.137119,0.5833,
2021,45,C2_no_graph,0,1,AZ,BE,1,21,0.145993,0.5833,
2021,45,C2_no_graph,0,2,AZ,C,2,21,0.145993,0.5833,
2021,45,C2_no_graph,0,3,AZ,DE,3,21,0.145993,0.5833,
2021,45,C2_no_graph,0,4,AZ,FZ,4,21,0.145993,0.5833,
2021,45,C2_no_graph,0,5,AZ,GI,5,21,0.145993,0.5833,
2021,45,C2_no_graph,0,6,AZ,HZ,6,21,0.145993,0.5833,
2021,45,C2_no_graph,0,7,AZ,JZ,7,21,0.145993,0.5833,
2021,45,C2_no_graph,0,8,AZ,KZ,8,21,0.145993,0.5833,
2021,45,C2_no_graph,1,2,BE,C,9,21,0.145993,0.5833,
2021,45,C2_no_graph,1,3,BE,DE,10,21,0.145993,0.5833,
2021,45,C2_no_graph,1,4,BE,FZ,11,21,0.145993,0.5833,
2021,45,C2_no_graph,1,5,BE,GI,12,21,0.145993,0.5833,
2021,45,C2_no_graph,1,6,BE,HZ,13,21,0.145993,0.5833,
2021,45,C2_no_graph,1,7,BE,JZ,14,21,0.145993,0.5833,
2021,45,C2_no_graph,1,8,BE,KZ,15,21,0.145993,0.5833,
2021,45,C2_no_graph,2,3,C,DE,16,21,0.145993,0.5833,
2021,45,C2_no_graph,2,4,C,FZ,17,21,0.145993,0.5833,
2021,45,C2_no_graph,2,5,C,GI,18,21,0.145993,0.5833,
2021,45,C2_no_graph,2,6,C,HZ,19,21,0.145993,0.5833,
2021,45,C2_no_graph,2,7,C,JZ,20,21,0.145993,0.5833,
2021,45,C2_no_graph,2,8,C,KZ,21,21,0.145993,0.5833,
2021,46,C2_no_graph,0,1,AZ,BE,1,21,0.152378,0.5833,
2021,46,C2_no_graph,0,2,AZ,C,2,21,0.152378,0.5833,
2021,46,C2_no_graph,0,3,AZ,DE,3,21,0.152378,0.5833,
2021,46,C2_no_graph,0,4,AZ,FZ,4,21,0.152378,0.5833,
2021,46,C2_no_graph,0,5,AZ,GI,5,21,0.152378,0.5833,
2021,46,C2_no_graph,0,6,AZ,HZ,6,21,0.152378,0.5833,
2021,46,C2_no_graph,0,7,AZ,JZ,7,21,0.152378,0.5833,
2021,46,C2_no_graph,0,8,AZ,KZ,8,21,0.152378,0.5833,
2021,46,C2_no_graph,1,2,BE,C,9,21,0.152378,0.5833,
2021,46,C2_no_graph,1,3,BE,DE,10,21,0.152378,0.5833,
2021,46,C2_no_graph,1,4,BE,FZ,11,21,0.152378,0.5833,
2021,46,C2_no_graph,1,5,BE,GI,12,21,0.152378,0.5833,
2021,46,C2_no_graph,1,6,BE,HZ,13,21,0.152378,0.5833,
2021,46,C2_no_graph,1,7,BE,JZ,14,21,0.152378,0.5833,
2021,46,C2_no_graph,1,8,BE,KZ,15,21,0.152378,0.5833,
2021,46,C2_no_graph,2,3,C,DE,16,21,0.152378,0.5833,
2021,46,C2_no_graph,2,4,C,FZ,17,21,0.152378,0.5833,
2021,46,C2_no_graph,2,5,C,GI,18,21,0.152378,0.5833,
2021,46,C2_no_graph,2,6,C,HZ,19,21,0.152378,0.5833,
2021,46,C2_no_graph,2,7,C,JZ,20,21,0.152378,0.5833,
2021,46,C2_no_graph,2,8,C,KZ,21,21,0.152378,0.5833,
2022,42,C2_no_graph,0,1,AZ,BE,1,21,0.133744,0.5833,
2022,42,C2_no_graph,0,2,AZ,C,2,21,0.133744,0.5833,
2022,42,C2_no_graph,0,3,AZ,DE,3,21,0.133744,0.5833,
2022,42,C2_no_graph,0,4,AZ,FZ,4,21,0.133744,0.5833,
2022,42,C2_no_graph,0,5,AZ,GI,5,21,0.133744,0.5833,
2022,42,C2_no_graph,0,6,AZ,HZ,6,21,0.133744,0.5833,
2022,42,C2_no_graph,0,7,AZ,JZ,7,21,0.133744,0.5833,
2022,42,C2_no_graph,0,8,AZ,KZ,8,21,0.133744,0.5833,
2022,42,C2_no_graph,1,2,BE,C,9,21,0.133744,0.5833,
2022,42,C2_no_graph,1,3,BE,DE,10,21,0.133744,0.5833,
2022,42,C2_no_graph,1,4,BE,FZ,11,21,0.133744,0.5833,
2022,42,C2_no_graph,1,5,BE,GI,12,21,0.133744,0.5833,
2022,42,C2_no_graph,1,6,BE,HZ,13,21,0.133744,0.5833,
2022,42,C2_no_graph,1,7,BE,JZ,14,21,0.133744,0.5833,
2022,42,C2_no_graph,1,8,BE,KZ,15,21,0.133744,0.5833,
2022,42,C2_no_graph,2,3,C,DE,16,21,0.133744,0.5833,
2022,42,C2_no_graph,2,4,C,FZ,17,21,0.133744,0.5833,
2022,42,C2_no_graph,2,5,C,GI,18,21,0.133744,0.5833,
2022,42,C2_no_graph,2,6,C,HZ,19,21,0.133744,0.5833,
2022,42,C2_no_graph,2,7,C,JZ,20,21,0.133744,0.5833,
2022,42,C2_no_graph,2,8,C,KZ,21,21,0.133744,0.5833,
2022,43,C2_no_graph,0,1,AZ,BE,1,21,0.129574,0.5833,
2022,43,C2_no_graph,0,2,AZ,C,2,21,0.129574,0.5833,
2022,43,C2_no_graph,0,3,AZ,DE,3,21,0.129574,0.5833,
2022,43,C2_no_graph,0,4,AZ,FZ,4,21,0.129574,0.5833,
2022,43,C2_no_graph,0,5,AZ,GI,5,21,0.129574,0.5833,
2022,43,C2_no_graph,0,6,AZ,HZ,6,21,0.129574,0.5833,
2022,43,C2_no_graph,0,7,AZ,JZ,7,21,0.129574,0.5833,
2022,43,C2_no_graph,0,8,AZ,KZ,8,21,0.129574,0.5833,
2022,43,C2_no_graph,1,2,BE,C,9,21,0.129574,0.5833,
2022,43,C2_no_graph,1,3,BE,DE,10,21,0.129574,0.5833,
2022,43,C2_no_graph,1,4,BE,FZ,11,21,0.129574,0.5833,
2022,43,C2_no_graph,1,5,BE,GI,12,21,0.129574,0.5833,
2022,43,C2_no_graph,1,6,BE,HZ,13,21,0.129574,0.5833,
2022,43,C2_no_graph,1,7,BE,JZ,14,21,0.129574,0.5833,
2022,43,C2_no_graph,1,8,BE,KZ,15,21,0.129574,0.5833,
2022,43,C2_no_graph,2,3,C,DE,16,21,0.129574,0.5833,
2022,43,C2_no_graph,2,4,C,FZ,17,21,0.129574,0.5833,
2022,43,C2_no_graph,2,5,C,GI,18,21,0.129574,0.5833,
2022,43,C2_no_graph,2,6,C,HZ,19,21,0.129574,0.5833,
2022,43,C2_no_graph,2,7,C,JZ,20,21,0.129574,0.5833,
2022,43,C2_no_graph,2,8,C,KZ,21,21,0.129574,0.5833,
2022,44,C2_no_graph,0,1,AZ,BE,1,21,0.146256,0.5833,
2022,44,C2_no_graph,0,2,AZ,C,2,21,0.146256,0.5833,
2022,44,C2_no_graph,0,3,AZ,DE,3,21,0.146256,0.5833,
2022,44,C2_no_graph,0,4,AZ,FZ,4,21,0.146256,0.5833,
2022,44,C2_no_graph,0,5,AZ,GI,5,21,0.146256,0.5833,
2022,44,C2_no_graph,0,6,AZ,HZ,6,21,0.146256,0.5833,
2022,44,C2_no_graph,0,7,AZ,JZ,7,21,0.146256,0.5833,
2022,44,C2_no_graph,0,8,AZ,KZ,8,21,0.146256,0.5833,
2022,44,C2_no_graph,1,2,BE,C,9,21,0.146256,0.5833,
2022,44,C2_no_graph,1,3,BE,DE,10,21,0.146256,0.5833,
2022,44,C2_no_graph,1,4,BE,FZ,11,21,0.146256,0.5833,
2022,44,C2_no_graph,1,5,BE,GI,12,21,0.146256,0.5833,
2022,44,C2_no_graph,1,6,BE,HZ,13,21,0.146256,0.5833,
2022,44,C2_no_graph,1,7,BE,JZ,14,21,0.146256,0.5833,
2022,44,C2_no_graph,1,8,BE,KZ,15,21,0.146256,0.5833,
2022,44,C2_no_graph,2,3,C,DE,16,21,0.146256,0.5833,
2022,44,C2_no_graph,2,4,C,FZ,17,21,0.146256,0.5833,
2022,44,C2_no_graph,2,5,C,GI,18,21,0.146256,0.5833,
2022,44,C2_no_graph,2,6,C,HZ,19,21,0.146256,0.5833,
2022,44,C2_no_graph,2,7,C,JZ,20,21,0.146256,0.5833,
2022,44,C2_no_graph,2,8,C,KZ,21,21,0.146256,0.5833,
2022,45,C2_no_graph,0,1,AZ,BE,1,21,0.151436,0.5833,
2022,45,C2_no_graph,0,2,AZ,C,2,21,0.151436,0.5833,
2022,45,C2_no_graph,0,3,AZ,DE,3,21,0.151436,0.5833,
2022,45,C2_no_graph,0,4,AZ,FZ,4,21,0.151436,0.5833,
2022,45,C2_no_graph,0,5,AZ,GI,5,21,0.151436,0.5833,
2022,45,C2_no_graph,0,6,AZ,HZ,6,21,0.151436,0.5833,
2022,45,C2_no_graph,0,7,AZ,JZ,7,21,0.151436,0.5833,
2022,45,C2_no_graph,0,8,AZ,KZ,8,21,0.151436,0.5833,
2022,45,C2_no_graph,1,2,BE,C,9,21,0.151436,0.5833,
2022,45,C2_no_graph,1,3,BE,DE,10,21,0.151436,0.5833,
2022,45,C2_no_graph,1,4,BE,FZ,11,21,0.151436,0.5833,
2022,45,C2_no_graph,1,5,BE,GI,12,21,0.151436,0.5833,
2022,45,C2_no_graph,1,6,BE,HZ,13,21,0.151436,0.5833,
2022,45,C2_no_graph,1,7,BE,JZ,14,21,0.151436,0.5833,
2022,45,C2_no_graph,1,8,BE,KZ,15,21,0.151436,0.5833,
2022,45,C2_no_graph,2,3,C,DE,16,21,0.151436,0.5833,
2022,45,C2_no_graph,2,4,C,FZ,17,21,0.151436,0.5833,
2022,45,C2_no_graph,2,5,C,GI,18,21,0.151436,0.5833,
2022,45,C2_no_graph,2,6,C,HZ,19,21,0.151436,0.5833,
2022,45,C2_no_graph,2,7,C,JZ,20,21,0.151436,0.5833,
2022,45,C2_no_graph,2,8,C,KZ,21,21,0.151436,0.5833,
2022,46,C2_no_graph,0,1,AZ,BE,1,21,0.139527,0.5833,
2022,46,C2_no_graph,0,2,AZ,C,2,21,0.139527,0.5833,
2022,46,C2_no_graph,0,3,AZ,DE,3,21,0.139527,0.5833,
2022,46,C2_no_graph,0,4,AZ,FZ,4,21,0.139527,0.5833,
2022,46,C2_no_graph,0,5,AZ,GI,5,21,0.139527,0.5833,
2022,46,C2_no_graph,0,6,AZ,HZ,6,21,0.139527,0.5833,
2022,46,C2_no_graph,0,7,AZ,JZ,7,21,0.139527,0.5833,
2022,46,C2_no_graph,0,8,AZ,KZ,8,21,0.139527,0.5833,
2022,46,C2_no_graph,1,2,BE,C,9,21,0.139527,0.5833,
2022,46,C2_no_graph,1,3,BE,DE,10,21,0.139527,0.5833,
2022,46,C2_no_graph,1,4,BE,FZ,11,21,0.139527,0.5833,
2022,46,C2_no_graph,1,5,BE,GI,12,21,0.139527,0.5833,
2022,46,C2_no_graph,1,6,BE,HZ,13,21,0.139527,0.5833,
2022,46,C2_no_graph,1,7,BE,JZ,14,21,0.139527,0.5833,
2022,46,C2_no_graph,1,8,BE,KZ,15,21,0.139527,0.5833,
2022,46,C2_no_graph,2,3,C,DE,16,21,0.139527,0.5833,
2022,46,C2_no_graph,2,4,C,FZ,17,21,0.139527,0.5833,
2022,46,C2_no_graph,2,5,C,GI,18,21,0.139527,0.5833,
2022,46,C2_no_graph,2,6,C,HZ,19,21,0.139527,0.5833,
2022,46,C2_no_graph,2,7,C,JZ,20,21,0.139527,0.5833,
2022,46,C2_no_graph,2,8,C,KZ,21,21,0.139527,0.5833,
2023,42,C2_no_graph,0,1,AZ,BE,1,21,0.152378,0.5833,
2023,42,C2_no_graph,0,2,AZ,C,2,21,0.152378,0.5833,
2023,42,C2_no_graph,0,3,AZ,DE,3,21,0.152378,0.5833,
2023,42,C2_no_graph,0,4,AZ,FZ,4,21,0.152378,0.5833,
2023,42,C2_no_graph,0,5,AZ,GI,5,21,0.152378,0.5833,
2023,42,C2_no_graph,0,6,AZ,HZ,6,21,0.152378,0.5833,
2023,42,C2_no_graph,0,7,AZ,JZ,7,21,0.152378,0.5833,
2023,42,C2_no_graph,0,8,AZ,KZ,8,21,0.152378,0.5833,
2023,42,C2_no_graph,1,2,BE,C,9,21,0.152378,0.5833,
2023,42,C2_no_graph,1,3,BE,DE,10,21,0.152378,0.5833,
2023,42,C2_no_graph,1,4,BE,FZ,11,21,0.152378,0.5833,
2023,42,C2_no_graph,1,5,BE,GI,12,21,0.152378,0.5833,
2023,42,C2_no_graph,1,6,BE,HZ,13,21,0.152378,0.5833,
2023,42,C2_no_graph,1,7,BE,JZ,14,21,0.152378,0.5833,
2023,42,C2_no_graph,1,8,BE,KZ,15,21,0.152378,0.5833,
2023,42,C2_no_graph,2,3,C,DE,16,21,0.152378,0.5833,
2023,42,C2_no_graph,2,4,C,FZ,17,21,0.152378,0.5833,
2023,42,C2_no_graph,2,5,C,GI,18,21,0.152378,0.5833,
2023,42,C2_no_graph,2,6,C,HZ,19,21,0.152378,0.5833,
2023,42,C2_no_graph,2,7,C,JZ,20,21,0.152378,0.5833,
2023,42,C2_no_graph,2,8,C,KZ,21,21,0.152378,0.5833,
2023,43,C2_no_graph,0,1,AZ,BE,1,21,0.150765,0.5833,
2023,43,C2_no_graph,0,2,AZ,C,2,21,0.150765,0.5833,
2023,43,C2_no_graph,0,3,AZ,DE,3,21,0.150765,0.5833,
2023,43,C2_no_graph,0,4,AZ,FZ,4,21,0.150765,0.5833,
2023,43,C2_no_graph,0,5,AZ,GI,5,21,0.150765,0.5833,
2023,43,C2_no_graph,0,6,AZ,HZ,6,21,0.150765,0.5833,
2023,43,C2_no_graph,0,7,AZ,JZ,7,21,0.150765,0.5833,
2023,43,C2_no_graph,0,8,AZ,KZ,8,21,0.150765,0.5833,
2023,43,C2_no_graph,1,2,BE,C,9,21,0.150765,0.5833,
2023,43,C2_no_graph,1,3,BE,DE,10,21,0.150765,0.5833,
2023,43,C2_no_graph,1,4,BE,FZ,11,21,0.150765,0.5833,
2023,43,C2_no_graph,1,5,BE,GI,12,21,0.150765,0.5833,
2023,43,C2_no_graph,1,6,BE,HZ,13,21,0.150765,0.5833,
2023,43,C2_no_graph,1,7,BE,JZ,14,21,0.150765,0.5833,
2023,43,C2_no_graph,1,8,BE,KZ,15,21,0.150765,0.5833,
2023,43,C2_no_graph,2,3,C,DE,16,21,0.150765,0.5833,
2023,43,C2_no_graph,2,4,C,FZ,17,21,0.150765,0.5833,
2023,43,C2_no_graph,2,5,C,GI,18,21,0.150765,0.5833,
2023,43,C2_no_graph,2,6,C,HZ,19,21,0.150765,0.5833,
2023,43,C2_no_graph,2,7,C,JZ,20,21,0.150765,0.5833,
2023,43,C2_no_graph,2,8,C,KZ,21,21,0.150765,0.5833,
2023,44,C2_no_graph,0,1,AZ,BE,1,21,0.152378,0.5833,
2023,44,C2_no_graph,0,2,AZ,C,2,21,0.152378,0.5833,
2023,44,C2_no_graph,0,3,AZ,DE,3,21,0.152378,0.5833,
2023,44,C2_no_graph,0,4,AZ,FZ,4,21,0.152378,0.5833,
2023,44,C2_no_graph,0,5,AZ,GI,5,21,0.152378,0.5833,
2023,44,C2_no_graph,0,6,AZ,HZ,6,21,0.152378,0.5833,
2023,44,C2_no_graph,0,7,AZ,JZ,7,21,0.152378,0.5833,
2023,44,C2_no_graph,0,8,AZ,KZ,8,21,0.152378,0.5833,
2023,44,C2_no_graph,1,2,BE,C,9,21,0.152378,0.5833,
2023,44,C2_no_graph,1,3,BE,DE,10,21,0.152378,0.5833,
2023,44,C2_no_graph,1,4,BE,FZ,11,21,0.152378,0.5833,
2023,44,C2_no_graph,1,5,BE,GI,12,21,0.152378,0.5833,
2023,44,C2_no_graph,1,6,BE,HZ,13,21,0.152378,0.5833,
2023,44,C2_no_graph,1,7,BE,JZ,14,21,0.152378,0.5833,
2023,44,C2_no_graph,1,8,BE,KZ,15,21,0.152378,0.5833,
2023,44,C2_no_graph,2,3,C,DE,16,21,0.152378,0.5833,
2023,44,C2_no_graph,2,4,C,FZ,17,21,0.152378,0.5833,
2023,44,C2_no_graph,2,5,C,GI,18,21,0.152378,0.5833,
2023,44,C2_no_graph,2,6,C,HZ,19,21,0.152378,0.5833,
2023,44,C2_no_graph,2,7,C,JZ,20,21,0.152378,0.5833,
2023,44,C2_no_graph,2,8,C,KZ,21,21,0.152378,0.5833,
2023,45,C2_no_graph,0,1,AZ,BE,1,21,0.140549,0.5833,
2023,45,C2_no_graph,0,2,AZ,C,2,21,0.140549,0.5833,
2023,45,C2_no_graph,0,3,AZ,DE,3,21,0.140549,0.5833,
2023,45,C2_no_graph,0,4,AZ,FZ,4,21,0.140549,0.5833,
2023,45,C2_no_graph,0,5,AZ,GI,5,21,0.140549,0.5833,
2023,45,C2_no_graph,0,6,AZ,HZ,6,21,0.140549,0.5833,
2023,45,C2_no_graph,0,7,AZ,JZ,7,21,0.140549,0.5833,
2023,45,C2_no_graph,0,8,AZ,KZ,8,21,0.140549,0.5833,
2023,45,C2_no_graph,1,2,BE,C,9,21,0.140549,0.5833,
2023,45,C2_no_graph,1,3,BE,DE,10,21,0.140549,0.5833,
2023,45,C2_no_graph,1,4,BE,FZ,11,21,0.140549,0.5833,
2023,45,C2_no_graph,1,5,BE,GI,12,21,0.140549,0.5833,
2023,45,C2_no_graph,1,6,BE,HZ,13,21,0.140549,0.5833,
2023,45,C2_no_graph,1,7,BE,JZ,14,21,0.140549,0.5833,
2023,45,C2_no_graph,1,8,BE,KZ,15,21,0.140549,0.5833,
2023,45,C2_no_graph,2,3,C,DE,16,21,0.140549,0.5833,
2023,45,C2_no_graph,2,4,C,FZ,17,21,0.140549,0.5833,
2023,45,C2_no_graph,2,5,C,GI,18,21,0.140549,0.5833,
2023,45,C2_no_graph,2,6,C,HZ,19,21,0.140549,0.5833,
2023,45,C2_no_graph,2,7,C,JZ,20,21,0.140549,0.5833,
2023,45,C2_no_graph,2,8,C,KZ,21,21,0.140549,0.5833,
2023,46,C2_no_graph,0,1,AZ,BE,1,21,0.134241,0.5833,
2023,46,C2_no_graph,0,2,AZ,C,2,21,0.134241,0.5833,
2023,46,C2_no_graph,0,3,AZ,DE,3,21,0.134241,0.5833,
2023,46,C2_no_graph,0,4,AZ,FZ,4,21,0.134241,0.5833,
2023,46,C2_no_graph,0,5,AZ,GI,5,21,0.134241,0.5833,
2023,46,C2_no_graph,0,6,AZ,HZ,6,21,0.134241,0.5833,
2023,46,C2_no_graph,0,7,AZ,JZ,7,21,0.134241,0.5833,
2023,46,C2_no_graph,0,8,AZ,KZ,8,21,0.134241,0.5833,
2023,46,C2_no_graph,1,2,BE,C,9,21,0.134241,0.5833,
2023,46,C2_no_graph,1,3,BE,DE,10,21,0.134241,0.5833,
2023,46,C2_no_graph,1,4,BE,FZ,11,21,0.134241,0.5833,
2023,46,C2_no_graph,1,5,BE,GI,12,21,0.134241,0.5833,
2023,46,C2_no_graph,1,6,BE,HZ,13,21,0.134241,0.5833,
2023,46,C2_no_graph,1,7,BE,JZ,14,21,0.134241,0.5833,
2023,46,C2_no_graph,1,8,BE,KZ,15,21,0.134241,0.5833,
2023,46,C2_no_graph,2,3,C,DE,16,21,0.134241,0.5833,
2023,46,C2_no_graph,2,4,C,FZ,17,21,0.134241,0.5833,
2023,46,C2_no_graph,2,5,C,GI,18,21,0.134241,0.5833,
2023,46,C2_no_graph,2,6,C,HZ,19,21,0.134241,0.5833,
2023,46,C2_no_graph,2,7,C,JZ,20,21,0.134241,0.5833,
2023,46,C2_no_graph,2,8,C,KZ,21,21,0.134241,0.5833,
2024,42,C2_no_graph,0,1,AZ,BE,1,21,0.149031,0.5833,
2024,42,C2_no_graph,0,2,AZ,C,2,21,0.149031,0.5833,
2024,42,C2_no_graph,0,3,AZ,DE,3,21,0.149031,0.5833,
2024,42,C2_no_graph,0,4,AZ,FZ,4,21,0.149031,0.5833,
2024,42,C2_no_graph,0,5,AZ,GI,5,21,0.149031,0.5833,
2024,42,C2_no_graph,0,6,AZ,HZ,6,21,0.149031,0.5833,
2024,42,C2_no_graph,0,7,AZ,JZ,7,21,0.149031,0.5833,
2024,42,C2_no_graph,0,8,AZ,KZ,8,21,0.149031,0.5833,
2024,42,C2_no_graph,1,2,BE,C,9,21,0.149031,0.5833,
2024,42,C2_no_graph,1,3,BE,DE,10,21,0.149031,0.5833,
2024,42,C2_no_graph,1,4,BE,FZ,11,21,0.149031,0.5833,
2024,42,C2_no_graph,1,5,BE,GI,12,21,0.149031,0.5833,
2024,42,C2_no_graph,1,6,BE,HZ,13,21,0.149031,0.5833,
2024,42,C2_no_graph,1,7,BE,JZ,14,21,0.149031,0.5833,
2024,42,C2_no_graph,1,8,BE,KZ,15,21,0.149031,0.5833,
2024,42,C2_no_graph,2,3,C,DE,16,21,0.149031,0.5833,
2024,42,C2_no_graph,2,4,C,FZ,17,21,0.149031,0.5833,
2024,42,C2_no_graph,2,5,C,GI,18,21,0.149031,0.5833,
2024,42,C2_no_graph,2,6,C,HZ,19,21,0.149031,0.5833,
2024,42,C2_no_graph,2,7,C,JZ,20,21,0.149031,0.5833,
2024,42,C2_no_graph,2,8,C,KZ,21,21,0.149031,0.5833,
2024,43,C2_no_graph,0,1,AZ,BE,1,21,0.140677,0.5833,
2024,43,C2_no_graph,0,2,AZ,C,2,21,0.140677,0.5833,
2024,43,C2_no_graph,0,3,AZ,DE,3,21,0.140677,0.5833,
2024,43,C2_no_graph,0,4,AZ,FZ,4,21,0.140677,0.5833,
2024,43,C2_no_graph,0,5,AZ,GI,5,21,0.140677,0.5833,
2024,43,C2_no_graph,0,6,AZ,HZ,6,21,0.140677,0.5833,
2024,43,C2_no_graph,0,7,AZ,JZ,7,21,0.140677,0.5833,
2024,43,C2_no_graph,0,8,AZ,KZ,8,21,0.140677,0.5833,
2024,43,C2_no_graph,1,2,BE,C,9,21,0.140677,0.5833,
2024,43,C2_no_graph,1,3,BE,DE,10,21,0.140677,0.5833,
2024,43,C2_no_graph,1,4,BE,FZ,11,21,0.140677,0.5833,
2024,43,C2_no_graph,1,5,BE,GI,12,21,0.140677,0.5833,
2024,43,C2_no_graph,1,6,BE,HZ,13,21,0.140677,0.5833,
2024,43,C2_no_graph,1,7,BE,JZ,14,21,0.140677,0.5833,
2024,43,C2_no_graph,1,8,BE,KZ,15,21,0.140677,0.5833,
2024,43,C2_no_graph,2,3,C,DE,16,21,0.140677,0.5833,
2024,43,C2_no_graph,2,4,C,FZ,17,21,0.140677,0.5833,
2024,43,C2_no_graph,2,5,C,GI,18,21,0.140677,0.5833,
2024,43,C2_no_graph,2,6,C,HZ,19,21,0.140677,0.5833,
2024,43,C2_no_graph,2,7,C,JZ,20,21,0.140677,0.5833,
2024,43,C2_no_graph,2,8,C,KZ,21,21,0.140677,0.5833,
2024,44,C2_no_graph,0,1,AZ,BE,1,21,0.136113,0.5833,
2024,44,C2_no_graph,0,2,AZ,C,2,21,0.136113,0.5833,
2024,44,C2_no_graph,0,3,AZ,DE,3,21,0.136113,0.5833,
2024,44,C2_no_graph,0,4,AZ,FZ,4,21,0.136113,0.5833,
2024,44,C2_no_graph,0,5,AZ,GI,5,21,0.136113,0.5833,
2024,44,C2_no_graph,0,6,AZ,HZ,6,21,0.136113,0.5833,
2024,44,C2_no_graph,0,7,AZ,JZ,7,21,0.136113,0.5833,
2024,44,C2_no_graph,0,8,AZ,KZ,8,21,0.136113,0.5833,
2024,44,C2_no_graph,1,2,BE,C,9,21,0.136113,0.5833,
2024,44,C2_no_graph,1,3,BE,DE,10,21,0.136113,0.5833,
2024,44,C2_no_graph,1,4,BE,FZ,11,21,0.136113,0.5833,
2024,44,C2_no_graph,1,5,BE,GI,12,21,0.136113,0.5833,
2024,44,C2_no_graph,1,6,BE,HZ,13,21,0.136113,0.5833,
2024,44,C2_no_graph,1,7,BE,JZ,14,21,0.136113,0.5833,
2024,44,C2_no_graph,1,8,BE,KZ,15,21,0.136113,0.5833,
2024,44,C2_no_graph,2,3,C,DE,16,21,0.136113,0.5833,
2024,44,C2_no_graph,2,4,C,FZ,17,21,0.136113,0.5833,
2024,44,C2_no_graph,2,5,C,GI,18,21,0.136113,0.5833,
2024,44,C2_no_graph,2,6,C,HZ,19,21,0.136113,0.5833,
2024,44,C2_no_graph,2,7,C,JZ,20,21,0.136113,0.5833,
2024,44,C2_no_graph,2,8,C,KZ,21,21,0.136113,0.5833,
2024,45,C2_no_graph,0,1,AZ,BE,1,21,0.134988,0.5833,
2024,45,C2_no_graph,0,2,AZ,C,2,21,0.134988,0.5833,
2024,45,C2_no_graph,0,3,AZ,DE,3,21,0.134988,0.5833,
2024,45,C2_no_graph,0,4,AZ,FZ,4,21,0.134988,0.5833,
2024,45,C2_no_graph,0,5,AZ,GI,5,21,0.134988,0.5833,
2024,45,C2_no_graph,0,6,AZ,HZ,6,21,0.134988,0.5833,
2024,45,C2_no_graph,0,7,AZ,JZ,7,21,0.134988,0.5833,
2024,45,C2_no_graph,0,8,AZ,KZ,8,21,0.134988,0.5833,
2024,45,C2_no_graph,1,2,BE,C,9,21,0.134988,0.5833,
2024,45,C2_no_graph,1,3,BE,DE,10,21,0.134988,0.5833,
2024,45,C2_no_graph,1,4,BE,FZ,11,21,0.134988,0.5833,
2024,45,C2_no_graph,1,5,BE,GI,12,21,0.134988,0.5833,
2024,45,C2_no_graph,1,6,BE,HZ,13,21,0.134988,0.5833,
2024,45,C2_no_graph,1,7,BE,JZ,14,21,0.134988,0.5833,
2024,45,C2_no_graph,1,8,BE,KZ,15,21,0.134988,0.5833,
2024,45,C2_no_graph,2,3,C,DE,16,21,0.134988,0.5833,
2024,45,C2_no_graph,2,4,C,FZ,17,21,0.134988,0.5833,
2024,45,C2_no_graph,2,5,C,GI,18,21,0.134988,0.5833,
2024,45,C2_no_graph,2,6,C,HZ,19,21,0.134988,0.5833,
2024,45,C2_no_graph,2,7,C,JZ,20,21,0.134988,0.5833,
2024,45,C2_no_graph,2,8,C,KZ,21,21,0.134988,0.5833,
2024,46,C2_no_graph,0,1,AZ,BE,1,21,0.132016,0.5833,
2024,46,C2_no_graph,0,2,AZ,C,2,21,0.132016,0.5833,
2024,46,C2_no_graph,0,3,AZ,DE,3,21,0.132016,0.5833,
2024,46,C2_no_graph,0,4,AZ,FZ,4,21,0.132016,0.5833,
2024,46,C2_no_graph,0,5,AZ,GI,5,21,0.132016,0.5833,
2024,46,C2_no_graph,0,6,AZ,HZ,6,21,0.132016,0.5833,
2024,46,C2_no_graph,0,7,AZ,JZ,7,21,0.132016,0.5833,
2024,46,C2_no_graph,0,8,AZ,KZ,8,21,0.132016,0.5833,
2024,46,C2_no_graph,1,2,BE,C,9,21,0.132016,0.5833,
2024,46,C2_no_graph,1,3,BE,DE,10,21,0.132016,0.5833,
2024,46,C2_no_graph,1,4,BE,FZ,11,21,0.132016,0.5833,
2024,46,C2_no_graph,1,5,BE,GI,12,21,0.132016,0.5833,
2024,46,C2_no_graph,1,6,BE,HZ,13,21,0.132016,0.5833,
2024,46,C2_no_graph,1,7,BE,JZ,14,21,0.132016,0.5833,
2024,46,C2_no_graph,1,8,BE,KZ,15,21,0.132016,0.5833,
2024,46,C2_no_graph,2,3,C,DE,16,21,0.132016,0.5833,
2024,46,C2_no_graph,2,4,C,FZ,17,21,0.132016,0.5833,
2024,46,C2_no_graph,2,5,C,GI,18,21,0.132016,0.5833,
2024,46,C2_no_graph,2,6,C,HZ,19,21,0.132016,0.5833,
2024,46,C2_no_graph,2,7,C,JZ,20,21,0.132016,0.5833,
2024,46,C2_no_graph,2,8,C,KZ,21,21,0.132016,0.5833,
2025,42,C2_no_graph,0,1,AZ,BE,1,21,0.1485,0.5833,
2025,42,C2_no_graph,0,2,AZ,C,2,21,0.1485,0.5833,
2025,42,C2_no_graph,0,3,AZ,DE,3,21,0.1485,0.5833,
2025,42,C2_no_graph,0,4,AZ,FZ,4,21,0.1485,0.5833,
2025,42,C2_no_graph,0,5,AZ,GI,5,21,0.1485,0.5833,
2025,42,C2_no_graph,0,6,AZ,HZ,6,21,0.1485,0.5833,
2025,42,C2_no_graph,0,7,AZ,JZ,7,21,0.1485,0.5833,
2025,42,C2_no_graph,0,8,AZ,KZ,8,21,0.1485,0.5833,
2025,42,C2_no_graph,1,2,BE,C,9,21,0.1485,0.5833,
2025,42,C2_no_graph,1,3,BE,DE,10,21,0.1485,0.5833,
2025,42,C2_no_graph,1,4,BE,FZ,11,21,0.1485,0.5833,
2025,42,C2_no_graph,1,5,BE,GI,12,21,0.1485,0.5833,
2025,42,C2_no_graph,1,6,BE,HZ,13,21,0.1485,0.5833,
2025,42,C2_no_graph,1,7,BE,JZ,14,21,0.1485,0.5833,
2025,42,C2_no_graph,1,8,BE,KZ,15,21,0.1485,0.5833,
2025,42,C2_no_graph,2,3,C,DE,16,21,0.1485,0.5833,
2025,42,C2_no_graph,2,4,C,FZ,17,21,0.1485,0.5833,
2025,42,C2_no_graph,2,5,C,GI,18,21,0.1485,0.5833,
2025,42,C2_no_graph,2,6,C,HZ,19,21,0.1485,0.5833,
2025,42,C2_no_graph,2,7,C,JZ,20,21,0.1485,0.5833,
2025,42,C2_no_graph,2,8,C,KZ,21,21,0.1485,0.5833,
2025,43,C2_no_graph,0,1,AZ,BE,1,21,0.141576,0.5833,
2025,43,C2_no_graph,0,2,AZ,C,2,21,0.141576,0.5833,
2025,43,C2_no_graph,0,3,AZ,DE,3,21,0.141576,0.5833,
2025,43,C2_no_graph,0,4,AZ,FZ,4,21,0.141576,0.5833,
2025,43,C2_no_graph,0,5,AZ,GI,5,21,0.141576,0.5833,
2025,43,C2_no_graph,0,6,AZ,HZ,6,21,0.141576,0.5833,
2025,43,C2_no_graph,0,7,AZ,JZ,7,21,0.141576,0.5833,
2025,43,C2_no_graph,0,8,AZ,KZ,8,21,0.141576,0.5833,
2025,43,C2_no_graph,1,2,BE,C,9,21,0.141576,0.5833,
2025,43,C2_no_graph,1,3,BE,DE,10,21,0.141576,0.5833,
2025,43,C2_no_graph,1,4,BE,FZ,11,21,0.141576,0.5833,
2025,43,C2_no_graph,1,5,BE,GI,12,21,0.141576,0.5833,
2025,43,C2_no_graph,1,6,BE,HZ,13,21,0.141576,0.5833,
2025,43,C2_no_graph,1,7,BE,JZ,14,21,0.141576,0.5833,
2025,43,C2_no_graph,1,8,BE,KZ,15,21,0.141576,0.5833,
2025,43,C2_no_graph,2,3,C,DE,16,21,0.141576,0.5833,
2025,43,C2_no_graph,2,4,C,FZ,17,21,0.141576,0.5833,
2025,43,C2_no_graph,2,5,C,GI,18,21,0.141576,0.5833,
2025,43,C2_no_graph,2,6,C,HZ,19,21,0.141576,0.5833,
2025,43,C2_no_graph,2,7,C,JZ,20,21,0.141576,0.5833,
2025,43,C2_no_graph,2,8,C,KZ,21,21,0.141576,0.5833,
2025,44,C2_no_graph,0,1,AZ,BE,1,21,0.152378,0.5833,
2025,44,C2_no_graph,0,2,AZ,C,2,21,0.152378,0.5833,
2025,44,C2_no_graph,0,3,AZ,DE,3,21,0.152378,0.5833,
2025,44,C2_no_graph,0,4,AZ,FZ,4,21,0.152378,0.5833,
2025,44,C2_no_graph,0,5,AZ,GI,5,21,0.152378,0.5833,
2025,44,C2_no_graph,0,6,AZ,HZ,6,21,0.152378,0.5833,
2025,44,C2_no_graph,0,7,AZ,JZ,7,21,0.152378,0.5833,
2025,44,C2_no_graph,0,8,AZ,KZ,8,21,0.152378,0.5833,
2025,44,C2_no_graph,1,2,BE,C,9,21,0.152378,0.5833,
2025,44,C2_no_graph,1,3,BE,DE,10,21,0.152378,0.5833,
2025,44,C2_no_graph,1,4,BE,FZ,11,21,0.152378,0.5833,
2025,44,C2_no_graph,1,5,BE,GI,12,21,0.152378,0.5833,
2025,44,C2_no_graph,1,6,BE,HZ,13,21,0.152378,0.5833,
2025,44,C2_no_graph,1,7,BE,JZ,14,21,0.152378,0.5833,
2025,44,C2_no_graph,1,8,BE,KZ,15,21,0.152378,0.5833,
2025,44,C2_no_graph,2,3,C,DE,16,21,0.152378,0.5833,
2025,44,C2_no_graph,2,4,C,FZ,17,21,0.152378,0.5833,
2025,44,C2_no_graph,2,5,C,GI,18,21,0.152378,0.5833,
2025,44,C2_no_graph,2,6,C,HZ,19,21,0.152378,0.5833,
2025,44,C2_no_graph,2,7,C,JZ,20,21,0.152378,0.5833,
2025,44,C2_no_graph,2,8,C,KZ,21,21,0.152378,0.5833,
2025,45,C2_no_graph,0,1,AZ,BE,1,21,0.15023,0.5833,
2025,45,C2_no_graph,0,2,AZ,C,2,21,0.15023,0.5833,
2025,45,C2_no_graph,0,3,AZ,DE,3,21,0.15023,0.5833,
2025,45,C2_no_graph,0,4,AZ,FZ,4,21,0.15023,0.5833,
2025,45,C2_no_graph,0,5,AZ,GI,5,21,0.15023,0.5833,
2025,45,C2_no_graph,0,6,AZ,HZ,6,21,0.15023,0.5833,
2025,45,C2_no_graph,0,7,AZ,JZ,7,21,0.15023,0.5833,
2025,45,C2_no_graph,0,8,AZ,KZ,8,21,0.15023,0.5833,
2025,45,C2_no_graph,1,2,BE,C,9,21,0.15023,0.5833,
2025,45,C2_no_graph,1,3,BE,DE,10,21,0.15023,0.5833,
2025,45,C2_no_graph,1,4,BE,FZ,11,21,0.15023,0.5833,
2025,45,C2_no_graph,1,5,BE,GI,12,21,0.15023,0.5833,
2025,45,C2_no_graph,1,6,BE,HZ,13,21,0.15023,0.5833,
2025,45,C2_no_graph,1,7,BE,JZ,14,21,0.15023,0.5833,
2025,45,C2_no_graph,1,8,BE,KZ,15,21,0.15023,0.5833,
2025,45,C2_no_graph,2,3,C,DE,16,21,0.15023,0.5833,
2025,45,C2_no_graph,2,4,C,FZ,17,21,0.15023,0.5833,
2025,45,C2_no_graph,2,5,C,GI,18,21,0.15023,0.5833,
2025,45,C2_no_graph,2,6,C,HZ,19,21,0.15023,0.5833,
2025,45,C2_no_graph,2,7,C,JZ,20,21,0.15023,0.5833,
2025,45,C2_no_graph,2,8,C,KZ,21,21,0.15023,0.5833,
2025,46,C2_no_graph,0,1,AZ,BE,1,21,0.152378,0.5833,
2025,46,C2_no_graph,0,2,AZ,C,2,21,0.152378,0.5833,
2025,46,C2_no_graph,0,3,AZ,DE,3,21,0.152378,0.5833,
2025,46,C2_no_graph,0,4,AZ,FZ,4,21,0.152378,0.5833,
2025,46,C2_no_graph,0,5,AZ,GI,5,21,0.152378,0.5833,
2025,46,C2_no_graph,0,6,AZ,HZ,6,21,0.152378,0.5833,
2025,46,C2_no_graph,0,7,AZ,JZ,7,21,0.152378,0.5833,
2025,46,C2_no_graph,0,8,AZ,KZ,8,21,0.152378,0.5833,
2025,46,C2_no_graph,1,2,BE,C,9,21,0.152378,0.5833,
2025,46,C2_no_graph,1,3,BE,DE,10,21,0.152378,0.5833,
2025,46,C2_no_graph,1,4,BE,FZ,11,21,0.152378,0.5833,
2025,46,C2_no_graph,1,5,BE,GI,12,21,0.152378,0.5833,
2025,46,C2_no_graph,1,6,BE,HZ,13,21,0.152378,0.5833,
2025,46,C2_no_graph,1,7,BE,JZ,14,21,0.152378,0.5833,
2025,46,C2_no_graph,1,8,BE,KZ,15,21,0.152378,0.5833,
2025,46,C2_no_graph,2,3,C,DE,16,21,0.152378,0.5833,
2025,46,C2_no_graph,2,4,C,FZ,17,21,0.152378,0.5833,
2025,46,C2_no_graph,2,5,C,GI,18,21,0.152378,0.5833,
2025,46,C2_no_graph,2,6,C,HZ,19,21,0.152378,0.5833,
2025,46,C2_no_graph,2,7,C,JZ,20,21,0.152378,0.5833,
2025,46,C2_no_graph,2,8,C,KZ,21,21,0.152378,0.5833,
2021,42,C3_territory_only,0,1,AZ,BE,1,21,0.149164,0.5833,
2021,42,C3_territory_only,0,2,AZ,C,2,21,0.149164,0.5833,
2021,42,C3_territory_only,0,3,AZ,DE,3,21,0.149164,0.5833,
2021,42,C3_territory_only,0,4,AZ,FZ,4,21,0.149164,0.5833,
2021,42,C3_territory_only,0,5,AZ,GI,5,21,0.149164,0.5833,
2021,42,C3_territory_only,0,6,AZ,HZ,6,21,0.149164,0.5833,
2021,42,C3_territory_only,0,7,AZ,JZ,7,21,0.149164,0.5833,
2021,42,C3_territory_only,0,8,AZ,KZ,8,21,0.149164,0.5833,
2021,42,C3_territory_only,1,2,BE,C,9,21,0.149164,0.5833,
2021,42,C3_territory_only,1,3,BE,DE,10,21,0.149164,0.5833,
2021,42,C3_territory_only,1,4,BE,FZ,11,21,0.149164,0.5833,
2021,42,C3_territory_only,1,5,BE,GI,12,21,0.149164,0.5833,
2021,42,C3_territory_only,1,6,BE,HZ,13,21,0.149164,0.5833,
2021,42,C3_territory_only,1,7,BE,JZ,14,21,0.149164,0.5833,
2021,42,C3_territory_only,1,8,BE,KZ,15,21,0.149164,0.5833,
2021,42,C3_territory_only,2,3,C,DE,16,21,0.149164,0.5833,
2021,42,C3_territory_only,2,4,C,FZ,17,21,0.149164,0.5833,
2021,42,C3_territory_only,2,5,C,GI,18,21,0.149164,0.5833,
2021,42,C3_territory_only,2,6,C,HZ,19,21,0.149164,0.5833,
2021,42,C3_territory_only,2,7,C,JZ,20,21,0.149164,0.5833,
2021,42,C3_territory_only,2,8,C,KZ,21,21,0.149164,0.5833,
2021,43,C3_territory_only,0,1,AZ,BE,1,21,0.135362,0.5833,
2021,43,C3_territory_only,0,2,AZ,C,2,21,0.135362,0.5833,
2021,43,C3_territory_only,0,3,AZ,DE,3,21,0.135362,0.5833,
2021,43,C3_territory_only,0,4,AZ,FZ,4,21,0.135362,0.5833,
2021,43,C3_territory_only,0,5,AZ,GI,5,21,0.135362,0.5833,
2021,43,C3_territory_only,0,6,AZ,HZ,6,21,0.135362,0.5833,
2021,43,C3_territory_only,0,7,AZ,JZ,7,21,0.135362,0.5833,
2021,43,C3_territory_only,0,8,AZ,KZ,8,21,0.135362,0.5833,
2021,43,C3_territory_only,1,2,BE,C,9,21,0.135362,0.5833,
2021,43,C3_territory_only,1,3,BE,DE,10,21,0.135362,0.5833,
2021,43,C3_territory_only,1,4,BE,FZ,11,21,0.135362,0.5833,
2021,43,C3_territory_only,1,5,BE,GI,12,21,0.135362,0.5833,
2021,43,C3_territory_only,1,6,BE,HZ,13,21,0.135362,0.5833,
2021,43,C3_territory_only,1,7,BE,JZ,14,21,0.135362,0.5833,
2021,43,C3_territory_only,1,8,BE,KZ,15,21,0.135362,0.5833,
2021,43,C3_territory_only,2,3,C,DE,16,21,0.135362,0.5833,
2021,43,C3_territory_only,2,4,C,FZ,17,21,0.135362,0.5833,
2021,43,C3_territory_only,2,5,C,GI,18,21,0.135362,0.5833,
2021,43,C3_territory_only,2,6,C,HZ,19,21,0.135362,0.5833,
2021,43,C3_territory_only,2,7,C,JZ,20,21,0.135362,0.5833,
2021,43,C3_territory_only,2,8,C,KZ,21,21,0.135362,0.5833,
2021,44,C3_territory_only,0,1,AZ,BE,1,21,0.133992,0.5833,
2021,44,C3_territory_only,0,2,AZ,C,2,21,0.133992,0.5833,
2021,44,C3_territory_only,0,3,AZ,DE,3,21,0.133992,0.5833,
2021,44,C3_territory_only,0,4,AZ,FZ,4,21,0.133992,0.5833,
2021,44,C3_territory_only,0,5,AZ,GI,5,21,0.133992,0.5833,
2021,44,C3_territory_only,0,6,AZ,HZ,6,21,0.133992,0.5833,
2021,44,C3_territory_only,0,7,AZ,JZ,7,21,0.133992,0.5833,
2021,44,C3_territory_only,0,8,AZ,KZ,8,21,0.133992,0.5833,
2021,44,C3_territory_only,1,2,BE,C,9,21,0.133992,0.5833,
2021,44,C3_territory_only,1,3,BE,DE,10,21,0.133992,0.5833,
2021,44,C3_territory_only,1,4,BE,FZ,11,21,0.133992,0.5833,
2021,44,C3_territory_only,1,5,BE,GI,12,21,0.133992,0.5833,
2021,44,C3_territory_only,1,6,BE,HZ,13,21,0.133992,0.5833,
2021,44,C3_territory_only,1,7,BE,JZ,14,21,0.133992,0.5833,
2021,44,C3_territory_only,1,8,BE,KZ,15,21,0.133992,0.5833,
2021,44,C3_territory_only,2,3,C,DE,16,21,0.133992,0.5833,
2021,44,C3_territory_only,2,4,C,FZ,17,21,0.133992,0.5833,
2021,44,C3_territory_only,2,5,C,GI,18,21,0.133992,0.5833,
2021,44,C3_territory_only,2,6,C,HZ,19,21,0.133992,0.5833,
2021,44,C3_territory_only,2,7,C,JZ,20,21,0.133992,0.5833,
2021,44,C3_territory_only,2,8,C,KZ,21,21,0.133992,0.5833,
2021,45,C3_territory_only,0,1,AZ,BE,1,21,0.15023,0.5833,
2021,45,C3_territory_only,0,2,AZ,C,2,21,0.15023,0.5833,
2021,45,C3_territory_only,0,3,AZ,DE,3,21,0.15023,0.5833,
2021,45,C3_territory_only,0,4,AZ,FZ,4,21,0.15023,0.5833,
2021,45,C3_territory_only,0,5,AZ,GI,5,21,0.15023,0.5833,
2021,45,C3_territory_only,0,6,AZ,HZ,6,21,0.15023,0.5833,
2021,45,C3_territory_only,0,7,AZ,JZ,7,21,0.15023,0.5833,
2021,45,C3_territory_only,0,8,AZ,KZ,8,21,0.15023,0.5833,
2021,45,C3_territory_only,1,2,BE,C,9,21,0.15023,0.5833,
2021,45,C3_territory_only,1,3,BE,DE,10,21,0.15023,0.5833,
2021,45,C3_territory_only,1,4,BE,FZ,11,21,0.15023,0.5833,
2021,45,C3_territory_only,1,5,BE,GI,12,21,0.15023,0.5833,
2021,45,C3_territory_only,1,6,BE,HZ,13,21,0.15023,0.5833,
2021,45,C3_territory_only,1,7,BE,JZ,14,21,0.15023,0.5833,
2021,45,C3_territory_only,1,8,BE,KZ,15,21,0.15023,0.5833,
2021,45,C3_territory_only,2,3,C,DE,16,21,0.15023,0.5833,
2021,45,C3_territory_only,2,4,C,FZ,17,21,0.15023,0.5833,
2021,45,C3_territory_only,2,5,C,GI,18,21,0.15023,0.5833,
2021,45,C3_territory_only,2,6,C,HZ,19,21,0.15023,0.5833,
2021,45,C3_territory_only,2,7,C,JZ,20,21,0.15023,0.5833,
2021,45,C3_territory_only,2,8,C,KZ,21,21,0.15023,0.5833,
2021,46,C3_territory_only,0,1,AZ,BE,1,21,0.152378,0.5833,
2021,46,C3_territory_only,0,2,AZ,C,2,21,0.152378,0.5833,
2021,46,C3_territory_only,0,3,AZ,DE,3,21,0.152378,0.5833,
2021,46,C3_territory_only,0,4,AZ,FZ,4,21,0.152378,0.5833,
2021,46,C3_territory_only,0,5,AZ,GI,5,21,0.152378,0.5833,
2021,46,C3_territory_only,0,6,AZ,HZ,6,21,0.152378,0.5833,
2021,46,C3_territory_only,0,7,AZ,JZ,7,21,0.152378,0.5833,
2021,46,C3_territory_only,0,8,AZ,KZ,8,21,0.152378,0.5833,
2021,46,C3_territory_only,1,2,BE,C,9,21,0.152378,0.5833,
2021,46,C3_territory_only,1,3,BE,DE,10,21,0.152378,0.5833,
2021,46,C3_territory_only,1,4,BE,FZ,11,21,0.152378,0.5833,
2021,46,C3_territory_only,1,5,BE,GI,12,21,0.152378,0.5833,
2021,46,C3_territory_only,1,6,BE,HZ,13,21,0.152378,0.5833,
2021,46,C3_territory_only,1,7,BE,JZ,14,21,0.152378,0.5833,
2021,46,C3_territory_only,1,8,BE,KZ,15,21,0.152378,0.5833,
2021,46,C3_territory_only,2,3,C,DE,16,21,0.152378,0.5833,
2021,46,C3_territory_only,2,4,C,FZ,17,21,0.152378,0.5833,
2021,46,C3_territory_only,2,5,C,GI,18,21,0.152378,0.5833,
2021,46,C3_territory_only,2,6,C,HZ,19,21,0.152378,0.5833,
2021,46,C3_territory_only,2,7,C,JZ,20,21,0.152378,0.5833,
2021,46,C3_territory_only,2,8,C,KZ,21,21,0.152378,0.5833,
2022,42,C3_territory_only,0,1,AZ,BE,1,21,0.132755,0.5833,
2022,42,C3_territory_only,0,2,AZ,C,2,21,0.132755,0.5833,
2022,42,C3_territory_only,0,3,AZ,DE,3,21,0.132755,0.5833,
2022,42,C3_territory_only,0,4,AZ,FZ,4,21,0.132755,0.5833,
2022,42,C3_territory_only,0,5,AZ,GI,5,21,0.132755,0.5833,
2022,42,C3_territory_only,0,6,AZ,HZ,6,21,0.132755,0.5833,
2022,42,C3_territory_only,0,7,AZ,JZ,7,21,0.132755,0.5833,
2022,42,C3_territory_only,0,8,AZ,KZ,8,21,0.132755,0.5833,
2022,42,C3_territory_only,1,2,BE,C,9,21,0.132755,0.5833,
2022,42,C3_territory_only,1,3,BE,DE,10,21,0.132755,0.5833,
2022,42,C3_territory_only,1,4,BE,FZ,11,21,0.132755,0.5833,
2022,42,C3_territory_only,1,5,BE,GI,12,21,0.132755,0.5833,
2022,42,C3_territory_only,1,6,BE,HZ,13,21,0.132755,0.5833,
2022,42,C3_territory_only,1,7,BE,JZ,14,21,0.132755,0.5833,
2022,42,C3_territory_only,1,8,BE,KZ,15,21,0.132755,0.5833,
2022,42,C3_territory_only,2,3,C,DE,16,21,0.132755,0.5833,
2022,42,C3_territory_only,2,4,C,FZ,17,21,0.132755,0.5833,
2022,42,C3_territory_only,2,5,C,GI,18,21,0.132755,0.5833,
2022,42,C3_territory_only,2,6,C,HZ,19,21,0.132755,0.5833,
2022,42,C3_territory_only,2,7,C,JZ,20,21,0.132755,0.5833,
2022,42,C3_territory_only,2,8,C,KZ,21,21,0.132755,0.5833,
2022,43,C3_territory_only,0,1,AZ,BE,1,21,0.128727,0.5833,
2022,43,C3_territory_only,0,2,AZ,C,2,21,0.128727,0.5833,
2022,43,C3_territory_only,0,3,AZ,DE,3,21,0.128727,0.5833,
2022,43,C3_territory_only,0,4,AZ,FZ,4,21,0.128727,0.5833,
2022,43,C3_territory_only,0,5,AZ,GI,5,21,0.128727,0.5833,
2022,43,C3_territory_only,0,6,AZ,HZ,6,21,0.128727,0.5833,
2022,43,C3_territory_only,0,7,AZ,JZ,7,21,0.128727,0.5833,
2022,43,C3_territory_only,0,8,AZ,KZ,8,21,0.128727,0.5833,
2022,43,C3_territory_only,1,2,BE,C,9,21,0.128727,0.5833,
2022,43,C3_territory_only,1,3,BE,DE,10,21,0.128727,0.5833,
2022,43,C3_territory_only,1,4,BE,FZ,11,21,0.128727,0.5833,
2022,43,C3_territory_only,1,5,BE,GI,12,21,0.128727,0.5833,
2022,43,C3_territory_only,1,6,BE,HZ,13,21,0.128727,0.5833,
2022,43,C3_territory_only,1,7,BE,JZ,14,21,0.128727,0.5833,
2022,43,C3_territory_only,1,8,BE,KZ,15,21,0.128727,0.5833,
2022,43,C3_territory_only,2,3,C,DE,16,21,0.128727,0.5833,
2022,43,C3_territory_only,2,4,C,FZ,17,21,0.128727,0.5833,
2022,43,C3_territory_only,2,5,C,GI,18,21,0.128727,0.5833,
2022,43,C3_territory_only,2,6,C,HZ,19,21,0.128727,0.5833,
2022,43,C3_territory_only,2,7,C,JZ,20,21,0.128727,0.5833,
2022,43,C3_territory_only,2,8,C,KZ,21,21,0.128727,0.5833,
2022,44,C3_territory_only,0,1,AZ,BE,1,21,0.146125,0.5833,
2022,44,C3_territory_only,0,2,AZ,C,2,21,0.146125,0.5833,
2022,44,C3_territory_only,0,3,AZ,DE,3,21,0.146125,0.5833,
2022,44,C3_territory_only,0,4,AZ,FZ,4,21,0.146125,0.5833,
2022,44,C3_territory_only,0,5,AZ,GI,5,21,0.146125,0.5833,
2022,44,C3_territory_only,0,6,AZ,HZ,6,21,0.146125,0.5833,
2022,44,C3_territory_only,0,7,AZ,JZ,7,21,0.146125,0.5833,
2022,44,C3_territory_only,0,8,AZ,KZ,8,21,0.146125,0.5833,
2022,44,C3_territory_only,1,2,BE,C,9,21,0.146125,0.5833,
2022,44,C3_territory_only,1,3,BE,DE,10,21,0.146125,0.5833,
2022,44,C3_territory_only,1,4,BE,FZ,11,21,0.146125,0.5833,
2022,44,C3_territory_only,1,5,BE,GI,12,21,0.146125,0.5833,
2022,44,C3_territory_only,1,6,BE,HZ,13,21,0.146125,0.5833,
2022,44,C3_territory_only,1,7,BE,JZ,14,21,0.146125,0.5833,
2022,44,C3_territory_only,1,8,BE,KZ,15,21,0.146125,0.5833,
2022,44,C3_territory_only,2,3,C,DE,16,21,0.146125,0.5833,
2022,44,C3_territory_only,2,4,C,FZ,17,21,0.146125,0.5833,
2022,44,C3_territory_only,2,5,C,GI,18,21,0.146125,0.5833,
2022,44,C3_territory_only,2,6,C,HZ,19,21,0.146125,0.5833,
2022,44,C3_territory_only,2,7,C,JZ,20,21,0.146125,0.5833,
2022,44,C3_territory_only,2,8,C,KZ,21,21,0.146125,0.5833,
2022,45,C3_territory_only,0,1,AZ,BE,1,21,0.143904,0.5833,
2022,45,C3_territory_only,0,2,AZ,C,2,21,0.143904,0.5833,
2022,45,C3_territory_only,0,3,AZ,DE,3,21,0.143904,0.5833,
2022,45,C3_territory_only,0,4,AZ,FZ,4,21,0.143904,0.5833,
2022,45,C3_territory_only,0,5,AZ,GI,5,21,0.143904,0.5833,
2022,45,C3_territory_only,0,6,AZ,HZ,6,21,0.143904,0.5833,
2022,45,C3_territory_only,0,7,AZ,JZ,7,21,0.143904,0.5833,
2022,45,C3_territory_only,0,8,AZ,KZ,8,21,0.143904,0.5833,
2022,45,C3_territory_only,1,2,BE,C,9,21,0.143904,0.5833,
2022,45,C3_territory_only,1,3,BE,DE,10,21,0.143904,0.5833,
2022,45,C3_territory_only,1,4,BE,FZ,11,21,0.143904,0.5833,
2022,45,C3_territory_only,1,5,BE,GI,12,21,0.143904,0.5833,
2022,45,C3_territory_only,1,6,BE,HZ,13,21,0.143904,0.5833,
2022,45,C3_territory_only,1,7,BE,JZ,14,21,0.143904,0.5833,
2022,45,C3_territory_only,1,8,BE,KZ,15,21,0.143904,0.5833,
2022,45,C3_territory_only,2,3,C,DE,16,21,0.143904,0.5833,
2022,45,C3_territory_only,2,4,C,FZ,17,21,0.143904,0.5833,
2022,45,C3_territory_only,2,5,C,GI,18,21,0.143904,0.5833,
2022,45,C3_territory_only,2,6,C,HZ,19,21,0.143904,0.5833,
2022,45,C3_territory_only,2,7,C,JZ,20,21,0.143904,0.5833,
2022,45,C3_territory_only,2,8,C,KZ,21,21,0.143904,0.5833,
2022,46,C3_territory_only,0,1,AZ,BE,1,21,0.13991,0.5833,
2022,46,C3_territory_only,0,2,AZ,C,2,21,0.13991,0.5833,
2022,46,C3_territory_only,0,3,AZ,DE,3,21,0.13991,0.5833,
2022,46,C3_territory_only,0,4,AZ,FZ,4,21,0.13991,0.5833,
2022,46,C3_territory_only,0,5,AZ,GI,5,21,0.13991,0.5833,
2022,46,C3_territory_only,0,6,AZ,HZ,6,21,0.13991,0.5833,
2022,46,C3_territory_only,0,7,AZ,JZ,7,21,0.13991,0.5833,
2022,46,C3_territory_only,0,8,AZ,KZ,8,21,0.13991,0.5833,
2022,46,C3_territory_only,1,2,BE,C,9,21,0.13991,0.5833,
2022,46,C3_territory_only,1,3,BE,DE,10,21,0.13991,0.5833,
2022,46,C3_territory_only,1,4,BE,FZ,11,21,0.13991,0.5833,
2022,46,C3_territory_only,1,5,BE,GI,12,21,0.13991,0.5833,
2022,46,C3_territory_only,1,6,BE,HZ,13,21,0.13991,0.5833,
2022,46,C3_territory_only,1,7,BE,JZ,14,21,0.13991,0.5833,
2022,46,C3_territory_only,1,8,BE,KZ,15,21,0.13991,0.5833,
2022,46,C3_territory_only,2,3,C,DE,16,21,0.13991,0.5833,
2022,46,C3_territory_only,2,4,C,FZ,17,21,0.13991,0.5833,
2022,46,C3_territory_only,2,5,C,GI,18,21,0.13991,0.5833,
2022,46,C3_territory_only,2,6,C,HZ,19,21,0.13991,0.5833,
2022,46,C3_territory_only,2,7,C,JZ,20,21,0.13991,0.5833,
2022,46,C3_territory_only,2,8,C,KZ,21,21,0.13991,0.5833,
2023,42,C3_territory_only,0,1,AZ,BE,1,21,0.152378,0.5833,
2023,42,C3_territory_only,0,2,AZ,C,2,21,0.152378,0.5833,
2023,42,C3_territory_only,0,3,AZ,DE,3,21,0.152378,0.5833,
2023,42,C3_territory_only,0,4,AZ,FZ,4,21,0.152378,0.5833,
2023,42,C3_territory_only,0,5,AZ,GI,5,21,0.152378,0.5833,
2023,42,C3_territory_only,0,6,AZ,HZ,6,21,0.152378,0.5833,
2023,42,C3_territory_only,0,7,AZ,JZ,7,21,0.152378,0.5833,
2023,42,C3_territory_only,0,8,AZ,KZ,8,21,0.152378,0.5833,
2023,42,C3_territory_only,1,2,BE,C,9,21,0.152378,0.5833,
2023,42,C3_territory_only,1,3,BE,DE,10,21,0.152378,0.5833,
2023,42,C3_territory_only,1,4,BE,FZ,11,21,0.152378,0.5833,
2023,42,C3_territory_only,1,5,BE,GI,12,21,0.152378,0.5833,
2023,42,C3_territory_only,1,6,BE,HZ,13,21,0.152378,0.5833,
2023,42,C3_territory_only,1,7,BE,JZ,14,21,0.152378,0.5833,
2023,42,C3_territory_only,1,8,BE,KZ,15,21,0.152378,0.5833,
2023,42,C3_territory_only,2,3,C,DE,16,21,0.152378,0.5833,
2023,42,C3_territory_only,2,4,C,FZ,17,21,0.152378,0.5833,
2023,42,C3_territory_only,2,5,C,GI,18,21,0.152378,0.5833,
2023,42,C3_territory_only,2,6,C,HZ,19,21,0.152378,0.5833,
2023,42,C3_territory_only,2,7,C,JZ,20,21,0.152378,0.5833,
2023,42,C3_territory_only,2,8,C,KZ,21,21,0.152378,0.5833,
2023,43,C3_territory_only,0,1,AZ,BE,1,21,0.143125,0.5833,
2023,43,C3_territory_only,0,2,AZ,C,2,21,0.143125,0.5833,
2023,43,C3_territory_only,0,3,AZ,DE,3,21,0.143125,0.5833,
2023,43,C3_territory_only,0,4,AZ,FZ,4,21,0.143125,0.5833,
2023,43,C3_territory_only,0,5,AZ,GI,5,21,0.143125,0.5833,
2023,43,C3_territory_only,0,6,AZ,HZ,6,21,0.143125,0.5833,
2023,43,C3_territory_only,0,7,AZ,JZ,7,21,0.143125,0.5833,
2023,43,C3_territory_only,0,8,AZ,KZ,8,21,0.143125,0.5833,
2023,43,C3_territory_only,1,2,BE,C,9,21,0.143125,0.5833,
2023,43,C3_territory_only,1,3,BE,DE,10,21,0.143125,0.5833,
2023,43,C3_territory_only,1,4,BE,FZ,11,21,0.143125,0.5833,
2023,43,C3_territory_only,1,5,BE,GI,12,21,0.143125,0.5833,
2023,43,C3_territory_only,1,6,BE,HZ,13,21,0.143125,0.5833,
2023,43,C3_territory_only,1,7,BE,JZ,14,21,0.143125,0.5833,
2023,43,C3_territory_only,1,8,BE,KZ,15,21,0.143125,0.5833,
2023,43,C3_territory_only,2,3,C,DE,16,21,0.143125,0.5833,
2023,43,C3_territory_only,2,4,C,FZ,17,21,0.143125,0.5833,
2023,43,C3_territory_only,2,5,C,GI,18,21,0.143125,0.5833,
2023,43,C3_territory_only,2,6,C,HZ,19,21,0.143125,0.5833,
2023,43,C3_territory_only,2,7,C,JZ,20,21,0.143125,0.5833,
2023,43,C3_territory_only,2,8,C,KZ,21,21,0.143125,0.5833,
2023,44,C3_territory_only,0,1,AZ,BE,1,21,0.134738,0.5833,
2023,44,C3_territory_only,0,2,AZ,C,2,21,0.134738,0.5833,
2023,44,C3_territory_only,0,3,AZ,DE,3,21,0.134738,0.5833,
2023,44,C3_territory_only,0,4,AZ,FZ,4,21,0.134738,0.5833,
2023,44,C3_territory_only,0,5,AZ,GI,5,21,0.134738,0.5833,
2023,44,C3_territory_only,0,6,AZ,HZ,6,21,0.134738,0.5833,
2023,44,C3_territory_only,0,7,AZ,JZ,7,21,0.134738,0.5833,
2023,44,C3_territory_only,0,8,AZ,KZ,8,21,0.134738,0.5833,
2023,44,C3_territory_only,1,2,BE,C,9,21,0.134738,0.5833,
2023,44,C3_territory_only,1,3,BE,DE,10,21,0.134738,0.5833,
2023,44,C3_territory_only,1,4,BE,FZ,11,21,0.134738,0.5833,
2023,44,C3_territory_only,1,5,BE,GI,12,21,0.134738,0.5833,
2023,44,C3_territory_only,1,6,BE,HZ,13,21,0.134738,0.5833,
2023,44,C3_territory_only,1,7,BE,JZ,14,21,0.134738,0.5833,
2023,44,C3_territory_only,1,8,BE,KZ,15,21,0.134738,0.5833,
2023,44,C3_territory_only,2,3,C,DE,16,21,0.134738,0.5833,
2023,44,C3_territory_only,2,4,C,FZ,17,21,0.134738,0.5833,
2023,44,C3_territory_only,2,5,C,GI,18,21,0.134738,0.5833,
2023,44,C3_territory_only,2,6,C,HZ,19,21,0.134738,0.5833,
2023,44,C3_territory_only,2,7,C,JZ,20,21,0.134738,0.5833,
2023,44,C3_territory_only,2,8,C,KZ,21,21,0.134738,0.5833,
2023,45,C3_territory_only,0,1,AZ,BE,1,21,0.152378,0.5833,
2023,45,C3_territory_only,0,2,AZ,C,2,21,0.152378,0.5833,
2023,45,C3_territory_only,0,3,AZ,DE,3,21,0.152378,0.5833,
2023,45,C3_territory_only,0,4,AZ,FZ,4,21,0.152378,0.5833,
2023,45,C3_territory_only,0,5,AZ,GI,5,21,0.152378,0.5833,
2023,45,C3_territory_only,0,6,AZ,HZ,6,21,0.152378,0.5833,
2023,45,C3_territory_only,0,7,AZ,JZ,7,21,0.152378,0.5833,
2023,45,C3_territory_only,0,8,AZ,KZ,8,21,0.152378,0.5833,
2023,45,C3_territory_only,1,2,BE,C,9,21,0.152378,0.5833,
2023,45,C3_territory_only,1,3,BE,DE,10,21,0.152378,0.5833,
2023,45,C3_territory_only,1,4,BE,FZ,11,21,0.152378,0.5833,
2023,45,C3_territory_only,1,5,BE,GI,12,21,0.152378,0.5833,
2023,45,C3_territory_only,1,6,BE,HZ,13,21,0.152378,0.5833,
2023,45,C3_territory_only,1,7,BE,JZ,14,21,0.152378,0.5833,
2023,45,C3_territory_only,1,8,BE,KZ,15,21,0.152378,0.5833,
2023,45,C3_territory_only,2,3,C,DE,16,21,0.152378,0.5833,
2023,45,C3_territory_only,2,4,C,FZ,17,21,0.152378,0.5833,
2023,45,C3_territory_only,2,5,C,GI,18,21,0.152378,0.5833,
2023,45,C3_territory_only,2,6,C,HZ,19,21,0.152378,0.5833,
2023,45,C3_territory_only,2,7,C,JZ,20,21,0.152378,0.5833,
2023,45,C3_territory_only,2,8,C,KZ,21,21,0.152378,0.5833,
2023,46,C3_territory_only,0,1,AZ,BE,1,21,0.134116,0.5833,
2023,46,C3_territory_only,0,2,AZ,C,2,21,0.134116,0.5833,
2023,46,C3_territory_only,0,3,AZ,DE,3,21,0.134116,0.5833,
2023,46,C3_territory_only,0,4,AZ,FZ,4,21,0.134116,0.5833,
2023,46,C3_territory_only,0,5,AZ,GI,5,21,0.134116,0.5833,
2023,46,C3_territory_only,0,6,AZ,HZ,6,21,0.134116,0.5833,
2023,46,C3_territory_only,0,7,AZ,JZ,7,21,0.134116,0.5833,
2023,46,C3_territory_only,0,8,AZ,KZ,8,21,0.134116,0.5833,
2023,46,C3_territory_only,1,2,BE,C,9,21,0.134116,0.5833,
2023,46,C3_territory_only,1,3,BE,DE,10,21,0.134116,0.5833,
2023,46,C3_territory_only,1,4,BE,FZ,11,21,0.134116,0.5833,
2023,46,C3_territory_only,1,5,BE,GI,12,21,0.134116,0.5833,
2023,46,C3_territory_only,1,6,BE,HZ,13,21,0.134116,0.5833,
2023,46,C3_territory_only,1,7,BE,JZ,14,21,0.134116,0.5833,
2023,46,C3_territory_only,1,8,BE,KZ,15,21,0.134116,0.5833,
2023,46,C3_territory_only,2,3,C,DE,16,21,0.134116,0.5833,
2023,46,C3_territory_only,2,4,C,FZ,17,21,0.134116,0.5833,
2023,46,C3_territory_only,2,5,C,GI,18,21,0.134116,0.5833,
2023,46,C3_territory_only,2,6,C,HZ,19,21,0.134116,0.5833,
2023,46,C3_territory_only,2,7,C,JZ,20,21,0.134116,0.5833,
2023,46,C3_territory_only,2,8,C,KZ,21,21,0.134116,0.5833,
2024,42,C3_territory_only,0,1,AZ,BE,1,21,0.143774,0.5833,
2024,42,C3_territory_only,0,2,AZ,C,2,21,0.143774,0.5833,
2024,42,C3_territory_only,0,3,AZ,DE,3,21,0.143774,0.5833,
2024,42,C3_territory_only,0,4,AZ,FZ,4,21,0.143774,0.5833,
2024,42,C3_territory_only,0,5,AZ,GI,5,21,0.143774,0.5833,
2024,42,C3_territory_only,0,6,AZ,HZ,6,21,0.143774,0.5833,
2024,42,C3_territory_only,0,7,AZ,JZ,7,21,0.143774,0.5833,
2024,42,C3_territory_only,0,8,AZ,KZ,8,21,0.143774,0.5833,
2024,42,C3_territory_only,1,2,BE,C,9,21,0.143774,0.5833,
2024,42,C3_territory_only,1,3,BE,DE,10,21,0.143774,0.5833,
2024,42,C3_territory_only,1,4,BE,FZ,11,21,0.143774,0.5833,
2024,42,C3_territory_only,1,5,BE,GI,12,21,0.143774,0.5833,
2024,42,C3_territory_only,1,6,BE,HZ,13,21,0.143774,0.5833,
2024,42,C3_territory_only,1,7,BE,JZ,14,21,0.143774,0.5833,
2024,42,C3_territory_only,1,8,BE,KZ,15,21,0.143774,0.5833,
2024,42,C3_territory_only,2,3,C,DE,16,21,0.143774,0.5833,
2024,42,C3_territory_only,2,4,C,FZ,17,21,0.143774,0.5833,
2024,42,C3_territory_only,2,5,C,GI,18,21,0.143774,0.5833,
2024,42,C3_territory_only,2,6,C,HZ,19,21,0.143774,0.5833,
2024,42,C3_territory_only,2,7,C,JZ,20,21,0.143774,0.5833,
2024,42,C3_territory_only,2,8,C,KZ,21,21,0.143774,0.5833,
2024,43,C3_territory_only,0,1,AZ,BE,1,21,0.135362,0.5833,
2024,43,C3_territory_only,0,2,AZ,C,2,21,0.135362,0.5833,
2024,43,C3_territory_only,0,3,AZ,DE,3,21,0.135362,0.5833,
2024,43,C3_territory_only,0,4,AZ,FZ,4,21,0.135362,0.5833,
2024,43,C3_territory_only,0,5,AZ,GI,5,21,0.135362,0.5833,
2024,43,C3_territory_only,0,6,AZ,HZ,6,21,0.135362,0.5833,
2024,43,C3_territory_only,0,7,AZ,JZ,7,21,0.135362,0.5833,
2024,43,C3_territory_only,0,8,AZ,KZ,8,21,0.135362,0.5833,
2024,43,C3_territory_only,1,2,BE,C,9,21,0.135362,0.5833,
2024,43,C3_territory_only,1,3,BE,DE,10,21,0.135362,0.5833,
2024,43,C3_territory_only,1,4,BE,FZ,11,21,0.135362,0.5833,
2024,43,C3_territory_only,1,5,BE,GI,12,21,0.135362,0.5833,
2024,43,C3_territory_only,1,6,BE,HZ,13,21,0.135362,0.5833,
2024,43,C3_territory_only,1,7,BE,JZ,14,21,0.135362,0.5833,
2024,43,C3_territory_only,1,8,BE,KZ,15,21,0.135362,0.5833,
2024,43,C3_territory_only,2,3,C,DE,16,21,0.135362,0.5833,
2024,43,C3_territory_only,2,4,C,FZ,17,21,0.135362,0.5833,
2024,43,C3_territory_only,2,5,C,GI,18,21,0.135362,0.5833,
2024,43,C3_territory_only,2,6,C,HZ,19,21,0.135362,0.5833,
2024,43,C3_territory_only,2,7,C,JZ,20,21,0.135362,0.5833,
2024,43,C3_territory_only,2,8,C,KZ,21,21,0.135362,0.5833,
2024,44,C3_territory_only,0,1,AZ,BE,1,21,0.133249,0.5833,
2024,44,C3_territory_only,0,2,AZ,C,2,21,0.133249,0.5833,
2024,44,C3_territory_only,0,3,AZ,DE,3,21,0.133249,0.5833,
2024,44,C3_territory_only,0,4,AZ,FZ,4,21,0.133249,0.5833,
2024,44,C3_territory_only,0,5,AZ,GI,5,21,0.133249,0.5833,
2024,44,C3_territory_only,0,6,AZ,HZ,6,21,0.133249,0.5833,
2024,44,C3_territory_only,0,7,AZ,JZ,7,21,0.133249,0.5833,
2024,44,C3_territory_only,0,8,AZ,KZ,8,21,0.133249,0.5833,
2024,44,C3_territory_only,1,2,BE,C,9,21,0.133249,0.5833,
2024,44,C3_territory_only,1,3,BE,DE,10,21,0.133249,0.5833,
2024,44,C3_territory_only,1,4,BE,FZ,11,21,0.133249,0.5833,
2024,44,C3_territory_only,1,5,BE,GI,12,21,0.133249,0.5833,
2024,44,C3_territory_only,1,6,BE,HZ,13,21,0.133249,0.5833,
2024,44,C3_territory_only,1,7,BE,JZ,14,21,0.133249,0.5833,
2024,44,C3_territory_only,1,8,BE,KZ,15,21,0.133249,0.5833,
2024,44,C3_territory_only,2,3,C,DE,16,21,0.133249,0.5833,
2024,44,C3_territory_only,2,4,C,FZ,17,21,0.133249,0.5833,
2024,44,C3_territory_only,2,5,C,GI,18,21,0.133249,0.5833,
2024,44,C3_territory_only,2,6,C,HZ,19,21,0.133249,0.5833,
2024,44,C3_territory_only,2,7,C,JZ,20,21,0.133249,0.5833,
2024,44,C3_territory_only,2,8,C,KZ,21,21,0.133249,0.5833,
2024,45,C3_territory_only,0,1,AZ,BE,1,21,0.141319,0.5833,
2024,45,C3_territory_only,0,2,AZ,C,2,21,0.141319,0.5833,
2024,45,C3_territory_only,0,3,AZ,DE,3,21,0.141319,0.5833,
2024,45,C3_territory_only,0,4,AZ,FZ,4,21,0.141319,0.5833,
2024,45,C3_territory_only,0,5,AZ,GI,5,21,0.141319,0.5833,
2024,45,C3_territory_only,0,6,AZ,HZ,6,21,0.141319,0.5833,
2024,45,C3_territory_only,0,7,AZ,JZ,7,21,0.141319,0.5833,
2024,45,C3_territory_only,0,8,AZ,KZ,8,21,0.141319,0.5833,
2024,45,C3_territory_only,1,2,BE,C,9,21,0.141319,0.5833,
2024,45,C3_territory_only,1,3,BE,DE,10,21,0.141319,0.5833,
2024,45,C3_territory_only,1,4,BE,FZ,11,21,0.141319,0.5833,
2024,45,C3_territory_only,1,5,BE,GI,12,21,0.141319,0.5833,
2024,45,C3_territory_only,1,6,BE,HZ,13,21,0.141319,0.5833,
2024,45,C3_territory_only,1,7,BE,JZ,14,21,0.141319,0.5833,
2024,45,C3_territory_only,1,8,BE,KZ,15,21,0.141319,0.5833,
2024,45,C3_territory_only,2,3,C,DE,16,21,0.141319,0.5833,
2024,45,C3_territory_only,2,4,C,FZ,17,21,0.141319,0.5833,
2024,45,C3_territory_only,2,5,C,GI,18,21,0.141319,0.5833,
2024,45,C3_territory_only,2,6,C,HZ,19,21,0.141319,0.5833,
2024,45,C3_territory_only,2,7,C,JZ,20,21,0.141319,0.5833,
2024,45,C3_territory_only,2,8,C,KZ,21,21,0.141319,0.5833,
2024,46,C3_territory_only,0,1,AZ,BE,1,21,0.131525,0.5833,
2024,46,C3_territory_only,0,2,AZ,C,2,21,0.131525,0.5833,
2024,46,C3_territory_only,0,3,AZ,DE,3,21,0.131525,0.5833,
2024,46,C3_territory_only,0,4,AZ,FZ,4,21,0.131525,0.5833,
2024,46,C3_territory_only,0,5,AZ,GI,5,21,0.131525,0.5833,
2024,46,C3_territory_only,0,6,AZ,HZ,6,21,0.131525,0.5833,
2024,46,C3_territory_only,0,7,AZ,JZ,7,21,0.131525,0.5833,
2024,46,C3_territory_only,0,8,AZ,KZ,8,21,0.131525,0.5833,
2024,46,C3_territory_only,1,2,BE,C,9,21,0.131525,0.5833,
2024,46,C3_territory_only,1,3,BE,DE,10,21,0.131525,0.5833,
2024,46,C3_territory_only,1,4,BE,FZ,11,21,0.131525,0.5833,
2024,46,C3_territory_only,1,5,BE,GI,12,21,0.131525,0.5833,
2024,46,C3_territory_only,1,6,BE,HZ,13,21,0.131525,0.5833,
2024,46,C3_territory_only,1,7,BE,JZ,14,21,0.131525,0.5833,
2024,46,C3_territory_only,1,8,BE,KZ,15,21,0.131525,0.5833,
2024,46,C3_territory_only,2,3,C,DE,16,21,0.131525,0.5833,
2024,46,C3_territory_only,2,4,C,FZ,17,21,0.131525,0.5833,
2024,46,C3_territory_only,2,5,C,GI,18,21,0.131525,0.5833,
2024,46,C3_territory_only,2,6,C,HZ,19,21,0.131525,0.5833,
2024,46,C3_territory_only,2,7,C,JZ,20,21,0.131525,0.5833,
2024,46,C3_territory_only,2,8,C,KZ,21,21,0.131525,0.5833,
2025,42,C3_territory_only,0,1,AZ,BE,1,21,0.149164,0.5833,
2025,42,C3_territory_only,0,2,AZ,C,2,21,0.149164,0.5833,
2025,42,C3_territory_only,0,3,AZ,DE,3,21,0.149164,0.5833,
2025,42,C3_territory_only,0,4,AZ,FZ,4,21,0.149164,0.5833,
2025,42,C3_territory_only,0,5,AZ,GI,5,21,0.149164,0.5833,
2025,42,C3_territory_only,0,6,AZ,HZ,6,21,0.149164,0.5833,
2025,42,C3_territory_only,0,7,AZ,JZ,7,21,0.149164,0.5833,
2025,42,C3_territory_only,0,8,AZ,KZ,8,21,0.149164,0.5833,
2025,42,C3_territory_only,1,2,BE,C,9,21,0.149164,0.5833,
2025,42,C3_territory_only,1,3,BE,DE,10,21,0.149164,0.5833,
2025,42,C3_territory_only,1,4,BE,FZ,11,21,0.149164,0.5833,
2025,42,C3_territory_only,1,5,BE,GI,12,21,0.149164,0.5833,
2025,42,C3_territory_only,1,6,BE,HZ,13,21,0.149164,0.5833,
2025,42,C3_territory_only,1,7,BE,JZ,14,21,0.149164,0.5833,
2025,42,C3_territory_only,1,8,BE,KZ,15,21,0.149164,0.5833,
2025,42,C3_territory_only,2,3,C,DE,16,21,0.149164,0.5833,
2025,42,C3_territory_only,2,4,C,FZ,17,21,0.149164,0.5833,
2025,42,C3_territory_only,2,5,C,GI,18,21,0.149164,0.5833,
2025,42,C3_territory_only,2,6,C,HZ,19,21,0.149164,0.5833,
2025,42,C3_territory_only,2,7,C,JZ,20,21,0.149164,0.5833,
2025,42,C3_territory_only,2,8,C,KZ,21,21,0.149164,0.5833,
2025,43,C3_territory_only,0,1,AZ,BE,1,21,0.1394,0.5833,
2025,43,C3_territory_only,0,2,AZ,C,2,21,0.1394,0.5833,
2025,43,C3_territory_only,0,3,AZ,DE,3,21,0.1394,0.5833,
2025,43,C3_territory_only,0,4,AZ,FZ,4,21,0.1394,0.5833,
2025,43,C3_territory_only,0,5,AZ,GI,5,21,0.1394,0.5833,
2025,43,C3_territory_only,0,6,AZ,HZ,6,21,0.1394,0.5833,
2025,43,C3_territory_only,0,7,AZ,JZ,7,21,0.1394,0.5833,
2025,43,C3_territory_only,0,8,AZ,KZ,8,21,0.1394,0.5833,
2025,43,C3_territory_only,1,2,BE,C,9,21,0.1394,0.5833,
2025,43,C3_territory_only,1,3,BE,DE,10,21,0.1394,0.5833,
2025,43,C3_territory_only,1,4,BE,FZ,11,21,0.1394,0.5833,
2025,43,C3_territory_only,1,5,BE,GI,12,21,0.1394,0.5833,
2025,43,C3_territory_only,1,6,BE,HZ,13,21,0.1394,0.5833,
2025,43,C3_territory_only,1,7,BE,JZ,14,21,0.1394,0.5833,
2025,43,C3_territory_only,1,8,BE,KZ,15,21,0.1394,0.5833,
2025,43,C3_territory_only,2,3,C,DE,16,21,0.1394,0.5833,
2025,43,C3_territory_only,2,4,C,FZ,17,21,0.1394,0.5833,
2025,43,C3_territory_only,2,5,C,GI,18,21,0.1394,0.5833,
2025,43,C3_territory_only,2,6,C,HZ,19,21,0.1394,0.5833,
2025,43,C3_territory_only,2,7,C,JZ,20,21,0.1394,0.5833,
2025,43,C3_territory_only,2,8,C,KZ,21,21,0.1394,0.5833,
2025,44,C3_territory_only,0,1,AZ,BE,1,21,0.152378,0.5833,
2025,44,C3_territory_only,0,2,AZ,C,2,21,0.152378,0.5833,
2025,44,C3_territory_only,0,3,AZ,DE,3,21,0.152378,0.5833,
2025,44,C3_territory_only,0,4,AZ,FZ,4,21,0.152378,0.5833,
2025,44,C3_territory_only,0,5,AZ,GI,5,21,0.152378,0.5833,
2025,44,C3_territory_only,0,6,AZ,HZ,6,21,0.152378,0.5833,
2025,44,C3_territory_only,0,7,AZ,JZ,7,21,0.152378,0.5833,
2025,44,C3_territory_only,0,8,AZ,KZ,8,21,0.152378,0.5833,
2025,44,C3_territory_only,1,2,BE,C,9,21,0.152378,0.5833,
2025,44,C3_territory_only,1,3,BE,DE,10,21,0.152378,0.5833,
2025,44,C3_territory_only,1,4,BE,FZ,11,21,0.152378,0.5833,
2025,44,C3_territory_only,1,5,BE,GI,12,21,0.152378,0.5833,
2025,44,C3_territory_only,1,6,BE,HZ,13,21,0.152378,0.5833,
2025,44,C3_territory_only,1,7,BE,JZ,14,21,0.152378,0.5833,
2025,44,C3_territory_only,1,8,BE,KZ,15,21,0.152378,0.5833,
2025,44,C3_territory_only,2,3,C,DE,16,21,0.152378,0.5833,
2025,44,C3_territory_only,2,4,C,FZ,17,21,0.152378,0.5833,
2025,44,C3_territory_only,2,5,C,GI,18,21,0.152378,0.5833,
2025,44,C3_territory_only,2,6,C,HZ,19,21,0.152378,0.5833,
2025,44,C3_territory_only,2,7,C,JZ,20,21,0.152378,0.5833,
2025,44,C3_territory_only,2,8,C,KZ,21,21,0.152378,0.5833,
2025,45,C3_territory_only,0,1,AZ,BE,1,21,0.152378,0.5833,
2025,45,C3_territory_only,0,2,AZ,C,2,21,0.152378,0.5833,
2025,45,C3_territory_only,0,3,AZ,DE,3,21,0.152378,0.5833,
2025,45,C3_territory_only,0,4,AZ,FZ,4,21,0.152378,0.5833,
2025,45,C3_territory_only,0,5,AZ,GI,5,21,0.152378,0.5833,
2025,45,C3_territory_only,0,6,AZ,HZ,6,21,0.152378,0.5833,
2025,45,C3_territory_only,0,7,AZ,JZ,7,21,0.152378,0.5833,
2025,45,C3_territory_only,0,8,AZ,KZ,8,21,0.152378,0.5833,
2025,45,C3_territory_only,1,2,BE,C,9,21,0.152378,0.5833,
2025,45,C3_territory_only,1,3,BE,DE,10,21,0.152378,0.5833,
2025,45,C3_territory_only,1,4,BE,FZ,11,21,0.152378,0.5833,
2025,45,C3_territory_only,1,5,BE,GI,12,21,0.152378,0.5833,
2025,45,C3_territory_only,1,6,BE,HZ,13,21,0.152378,0.5833,
2025,45,C3_territory_only,1,7,BE,JZ,14,21,0.152378,0.5833,
2025,45,C3_territory_only,1,8,BE,KZ,15,21,0.152378,0.5833,
2025,45,C3_territory_only,2,3,C,DE,16,21,0.152378,0.5833,
2025,45,C3_territory_only,2,4,C,FZ,17,21,0.152378,0.5833,
2025,45,C3_territory_only,2,5,C,GI,18,21,0.152378,0.5833,
2025,45,C3_territory_only,2,6,C,HZ,19,21,0.152378,0.5833,
2025,45,C3_territory_only,2,7,C,JZ,20,21,0.152378,0.5833,
2025,45,C3_territory_only,2,8,C,KZ,21,21,0.152378,0.5833,
2025,46,C3_territory_only,0,1,AZ,BE,1,21,0.152378,0.5833,
2025,46,C3_territory_only,0,2,AZ,C,2,21,0.152378,0.5833,
2025,46,C3_territory_only,0,3,AZ,DE,3,21,0.152378,0.5833,
2025,46,C3_territory_only,0,4,AZ,FZ,4,21,0.152378,0.5833,
2025,46,C3_territory_only,0,5,AZ,GI,5,21,0.152378,0.5833,
2025,46,C3_territory_only,0,6,AZ,HZ,6,21,0.152378,0.5833,
2025,46,C3_territory_only,0,7,AZ,JZ,7,21,0.152378,0.5833,
2025,46,C3_territory_only,0,8,AZ,KZ,8,21,0.152378,0.5833,
2025,46,C3_territory_only,1,2,BE,C,9,21,0.152378,0.5833,
2025,46,C3_territory_only,1,3,BE,DE,10,21,0.152378,0.5833,
2025,46,C3_territory_only,1,4,BE,FZ,11,21,0.152378,0.5833,
2025,46,C3_territory_only,1,5,BE,GI,12,21,0.152378,0.5833,
2025,46,C3_territory_only,1,6,BE,HZ,13,21,0.152378,0.5833,
2025,46,C3_territory_only,1,7,BE,JZ,14,21,0.152378,0.5833,
2025,46,C3_territory_only,1,8,BE,KZ,15,21,0.152378,0.5833,
2025,46,C3_territory_only,2,3,C,DE,16,21,0.152378,0.5833,
2025,46,C3_territory_only,2,4,C,FZ,17,21,0.152378,0.5833,
2025,46,C3_territory_only,2,5,C,GI,18,21,0.152378,0.5833,
2025,46,C3_territory_only,2,6,C,HZ,19,21,0.152378,0.5833,
2025,46,C3_territory_only,2,7,C,JZ,20,21,0.152378,0.5833,
2025,46,C3_territory_only,2,8,C,KZ,21,21,0.152378,0.5833,
2021,42,C4_sector_only,0,1,AZ,BE,1,19,0.151899,0.5278,
2021,42,C4_sector_only,0,2,AZ,C,2,19,0.151899,0.5278,
2021,42,C4_sector_only,0,3,AZ,DE,3,19,0.151899,0.5278,
2021,42,C4_sector_only,0,5,AZ,GI,4,19,0.151899,0.5278,
2021,42,C4_sector_only,0,7,AZ,JZ,5,19,0.151899,0.5278,
2021,42,C4_sector_only,0,8,AZ,KZ,6,19,0.151899,0.5278,
2021,42,C4_sector_only,1,3,BE,DE,7,19,0.151899,0.5278,
2021,42,C4_sector_only,1,5,BE,GI,8,19,0.151899,0.5278,
2021,42,C4_sector_only,1,6,BE,HZ,9,19,0.151899,0.5278,
2021,42,C4_sector_only,1,8,BE,KZ,10,19,0.151899,0.5278,
2021,42,C4_sector_only,2,4,C,FZ,11,19,0.151899,0.5278,
2021,42,C4_sector_only,2,5,C,GI,12,19,0.151899,0.5278,
2021,42,C4_sector_only,3,6,DE,HZ,13,19,0.151899,0.5278,
2021,42,C4_sector_only,3,7,DE,JZ,14,19,0.151899,0.5278,
2021,42,C4_sector_only,4,5,FZ,GI,15,19,0.151899,0.5278,
2021,42,C4_sector_only,4,7,FZ,JZ,16,19,0.151899,0.5278,
2021,42,C4_sector_only,5,6,GI,HZ,17,19,0.151899,0.5278,
2021,42,C4_sector_only,5,7,GI,JZ,18,19,0.151899,0.5278,
2021,42,C4_sector_only,6,8,HZ,KZ,19,19,0.151899,0.5278,
2021,43,C4_sector_only,0,3,AZ,DE,1,16,0.13857,0.4444,
2021,43,C4_sector_only,0,4,AZ,FZ,2,16,0.13857,0.4444,
2021,43,C4_sector_only,0,5,AZ,GI,3,16,0.13857,0.4444,
2021,43,C4_sector_only,1,2,BE,C,4,16,0.13857,0.4444,
2021,43,C4_sector_only,1,5,BE,GI,5,16,0.13857,0.4444,
2021,43,C4_sector_only,1,6,BE,HZ,6,16,0.13857,0.4444,
2021,43,C4_sector_only,2,3,C,DE,7,16,0.13857,0.4444,
2021,43,C4_sector_only,2,6,C,HZ,8,16,0.13857,0.4444,
2021,43,C4_sector_only,2,8,C,KZ,9,16,0.13857,0.4444,
2021,43,C4_sector_only,3,7,DE,JZ,10,16,0.13857,0.4444,
2021,43,C4_sector_only,4,6,FZ,HZ,11,16,0.13857,0.4444,
2021,43,C4_sector_only,4,7,FZ,JZ,12,16,0.13857,0.4444,
2021,43,C4_sector_only,5,6,GI,HZ,13,16,0.13857,0.4444,
2021,43,C4_sector_only,5,7,GI,JZ,14,16,0.13857,0.4444,
2021,43,C4_sector_only,6,8,HZ,KZ,15,16,0.13857,0.4444,
2021,43,C4_sector_only,7,8,JZ,KZ,16,16,0.13857,0.4444,
2021,44,C4_sector_only,0,3,AZ,DE,1,16,0.148306,0.4444,
2021,44,C4_sector_only,0,4,AZ,FZ,2,16,0.148306,0.4444,
2021,44,C4_sector_only,0,5,AZ,GI,3,16,0.148306,0.4444,
2021,44,C4_sector_only,1,3,BE,DE,4,16,0.148306,0.4444,
2021,44,C4_sector_only,1,5,BE,GI,5,16,0.148306,0.4444,
2021,44,C4_sector_only,1,7,BE,JZ,6,16,0.148306,0.4444,
2021,44,C4_sector_only,2,3,C,DE,7,16,0.148306,0.4444,
2021,44,C4_sector_only,2,4,C,FZ,8,16,0.148306,0.4444,
2021,44,C4_sector_only,2,5,C,GI,9,16,0.148306,0.4444,
2021,44,C4_sector_only,4,6,FZ,HZ,10,16,0.148306,0.4444,
2021,44,C4_sector_only,4,8,FZ,KZ,11,16,0.148306,0.4444,
2021,44,C4_sector_only,5,6,GI,HZ,12,16,0.148306,0.4444,
2021,44,C4_sector_only,5,7,GI,JZ,13,16,0.148306,0.4444,
2021,44,C4_sector_only,5,8,GI,KZ,14,16,0.148306,0.4444,
2021,44,C4_sector_only,6,7,HZ,JZ,15,16,0.148306,0.4444,
2021,44,C4_sector_only,7,8,JZ,KZ,16,16,0.148306,0.4444,
2021,45,C4_sector_only,0,2,AZ,C,1,15,0.15094,0.4167,
2021,45,C4_sector_only,0,4,AZ,FZ,2,15,0.15094,0.4167,
2021,45,C4_sector_only,0,5,AZ,GI,3,15,0.15094,0.4167,
2021,45,C4_sector_only,0,6,AZ,HZ,4,15,0.15094,0.4167,
2021,45,C4_sector_only,1,2,BE,C,5,15,0.15094,0.4167,
2021,45,C4_sector_only,1,6,BE,HZ,6,15,0.15094,0.4167,
2021,45,C4_sector_only,1,7,BE,JZ,7,15,0.15094,0.4167,
2021,45,C4_sector_only,2,7,C,JZ,8,15,0.15094,0.4167,
2021,45,C4_sector_only,2,8,C,KZ,9,15,0.15094,0.4167,
2021,45,C4_sector_only,3,4,DE,FZ,10,15,0.15094,0.4167,
2021,45,C4_sector_only,3,5,DE,GI,11,15,0.15094,0.4167,
2021,45,C4_sector_only,3,6,DE,HZ,12,15,0.15094,0.4167,
2021,45,C4_sector_only,4,5,FZ,GI,13,15,0.15094,0.4167,
2021,45,C4_sector_only,6,8,HZ,KZ,14,15,0.15094,0.4167,
2021,45,C4_sector_only,7,8,JZ,KZ,15,15,0.15094,0.4167,
2021,46,C4_sector_only,0,2,AZ,C,1,19,0.151655,0.5278,
2021,46,C4_sector_only,0,3,AZ,DE,2,19,0.151655,0.5278,
2021,46,C4_sector_only,0,4,AZ,FZ,3,19,0.151655,0.5278,
2021,46,C4_sector_only,0,6,AZ,HZ,4,19,0.151655,0.5278,
2021,46,C4_sector_only,0,8,AZ,KZ,5,19,0.151655,0.5278,
2021,46,C4_sector_only,1,2,BE,C,6,19,0.151655,0.5278,
2021,46,C4_sector_only,1,6,BE,HZ,7,19,0.151655,0.5278,
2021,46,C4_sector_only,1,8,BE,KZ,8,19,0.151655,0.5278,
2021,46,C4_sector_only,2,4,C,FZ,9,19,0.151655,0.5278,
2021,46,C4_sector_only,2,6,C,HZ,10,19,0.151655,0.5278,
2021,46,C4_sector_only,2,8,C,KZ,11,19,0.151655,0.5278,
2021,46,C4_sector_only,3,4,DE,FZ,12,19,0.151655,0.5278,
2021,46,C4_sector_only,3,7,DE,JZ,13,19,0.151655,0.5278,
2021,46,C4_sector_only,4,7,FZ,JZ,14,19,0.151655,0.5278,
2021,46,C4_sector_only,5,6,GI,HZ,15,19,0.151655,0.5278,
2021,46,C4_sector_only,5,7,GI,JZ,16,19,0.151655,0.5278,
2021,46,C4_sector_only,5,8,GI,KZ,17,19,0.151655,0.5278,
2021,46,C4_sector_only,6,7,HZ,JZ,18,19,0.151655,0.5278,
2021,46,C4_sector_only,7,8,JZ,KZ,19,19,0.151655,0.5278,
2022,42,C4_sector_only,0,1,AZ,BE,1,19,0.133126,0.5278,
2022,42,C4_sector_only,0,2,AZ,C,2,19,0.133126,0.5278,
2022,42,C4_sector_only,0,3,AZ,DE,3,19,0.133126,0.5278,
2022,42,C4_sector_only,0,5,AZ,GI,4,19,0.133126,0.5278,
2022,42,C4_sector_only,0,6,AZ,HZ,5,19,0.133126,0.5278,
2022,42,C4_sector_only,0,7,AZ,JZ,6,19,0.133126,0.5278,
2022,42,C4_sector_only,0,8,AZ,KZ,7,19,0.133126,0.5278,
2022,42,C4_sector_only,1,5,BE,GI,8,19,0.133126,0.5278,
2022,42,C4_sector_only,1,7,BE,JZ,9,19,0.133126,0.5278,
2022,42,C4_sector_only,2,3,C,DE,10,19,0.133126,0.5278,
2022,42,C4_sector_only,2,4,C,FZ,11,19,0.133126,0.5278,
2022,42,C4_sector_only,2,5,C,GI,12,19,0.133126,0.5278,
2022,42,C4_sector_only,2,8,C,KZ,13,19,0.133126,0.5278,
2022,42,C4_sector_only,3,6,DE,HZ,14,19,0.133126,0.5278,
2022,42,C4_sector_only,4,5,FZ,GI,15,19,0.133126,0.5278,
2022,42,C4_sector_only,4,6,FZ,HZ,16,19,0.133126,0.5278,
2022,42,C4_sector_only,4,7,FZ,JZ,17,19,0.133126,0.5278,
2022,42,C4_sector_only,5,7,GI,JZ,18,19,0.133126,0.5278,
2022,42,C4_sector_only,6,8,HZ,KZ,19,19,0.133126,0.5278,
2022,43,C4_sector_only,0,4,AZ,FZ,1,17,0.128323,0.4722,
2022,43,C4_sector_only,0,5,AZ,GI,2,17,0.128323,0.4722,
2022,43,C4_sector_only,0,6,AZ,HZ,3,17,0.128323,0.4722,
2022,43,C4_sector_only,1,2,BE,C,4,17,0.128323,0.4722,
2022,43,C4_sector_only,1,7,BE,JZ,5,17,0.128323,0.4722,
2022,43,C4_sector_only,1,8,BE,KZ,6,17,0.128323,0.4722,
2022,43,C4_sector_only,2,3,C,DE,7,17,0.128323,0.4722,
2022,43,C4_sector_only,2,6,C,HZ,8,17,0.128323,0.4722,
2022,43,C4_sector_only,2,8,C,KZ,9,17,0.128323,0.4722,
2022,43,C4_sector_only,3,4,DE,FZ,10,17,0.128323,0.4722,
2022,43,C4_sector_only,3,5,DE,GI,11,17,0.128323,0.4722,
2022,43,C4_sector_only,3,6,DE,HZ,12,17,0.128323,0.4722,
2022,43,C4_sector_only,4,7,FZ,JZ,13,17,0.128323,0.4722,
2022,43,C4_sector_only,5,7,GI,JZ,14,17,0.128323,0.4722,
2022,43,C4_sector_only,5,8,GI,KZ,15,17,0.128323,0.4722,
2022,43,C4_sector_only,6,7,HZ,JZ,16,17,0.128323,0.4722,
2022,43,C4_sector_only,6,8,HZ,KZ,17,17,0.128323,0.4722,
2022,44,C4_sector_only,0,3,AZ,DE,1,16,0.133232,0.4444,
2022,44,C4_sector_only,0,4,AZ,FZ,2,16,0.133232,0.4444,
2022,44,C4_sector_only,0,7,AZ,JZ,3,16,0.133232,0.4444,
2022,44,C4_sector_only,1,3,BE,DE,4,16,0.133232,0.4444,
2022,44,C4_sector_only,1,4,BE,FZ,5,16,0.133232,0.4444,
2022,44,C4_sector_only,1,7,BE,JZ,6,16,0.133232,0.4444,
2022,44,C4_sector_only,2,3,C,DE,7,16,0.133232,0.4444,
2022,44,C4_sector_only,2,4,C,FZ,8,16,0.133232,0.4444,
2022,44,C4_sector_only,2,5,C,GI,9,16,0.133232,0.4444,
2022,44,C4_sector_only,2,8,C,KZ,10,16,0.133232,0.4444,
2022,44,C4_sector_only,4,6,FZ,HZ,11,16,0.133232,0.4444,
2022,44,C4_sector_only,4,8,FZ,KZ,12,16,0.133232,0.4444,
2022,44,C4_sector_only,5,6,GI,HZ,13,16,0.133232,0.4444,
2022,44,C4_sector_only,5,8,GI,KZ,14,16,0.133232,0.4444,
2022,44,C4_sector_only,6,7,HZ,JZ,15,16,0.133232,0.4444,
2022,44,C4_sector_only,7,8,JZ,KZ,16,16,0.133232,0.4444,
2022,45,C4_sector_only,0,2,AZ,C,1,16,0.152523,0.4444,
2022,45,C4_sector_only,0,5,AZ,GI,2,16,0.152523,0.4444,
2022,45,C4_sector_only,0,6,AZ,HZ,3,16,0.152523,0.4444,
2022,45,C4_sector_only,1,2,BE,C,4,16,0.152523,0.4444,
2022,45,C4_sector_only,1,6,BE,HZ,5,16,0.152523,0.4444,
2022,45,C4_sector_only,1,7,BE,JZ,6,16,0.152523,0.4444,
2022,45,C4_sector_only,1,8,BE,KZ,7,16,0.152523,0.4444,
2022,45,C4_sector_only,2,7,C,JZ,8,16,0.152523,0.4444,
2022,45,C4_sector_only,2,8,C,KZ,9,16,0.152523,0.4444,
2022,45,C4_sector_only,3,4,DE,FZ,10,16,0.152523,0.4444,
2022,45,C4_sector_only,3,5,DE,GI,11,16,0.152523,0.4444,
2022,45,C4_sector_only,3,6,DE,HZ,12,16,0.152523,0.4444,
2022,45,C4_sector_only,4,5,FZ,GI,13,16,0.152523,0.4444,
2022,45,C4_sector_only,4,8,FZ,KZ,14,16,0.152523,0.4444,
2022,45,C4_sector_only,6,8,HZ,KZ,15,16,0.152523,0.4444,
2022,45,C4_sector_only,7,8,JZ,KZ,16,16,0.152523,0.4444,
2022,46,C4_sector_only,0,2,AZ,C,1,18,0.135742,0.5,
2022,46,C4_sector_only,0,3,AZ,DE,2,18,0.135742,0.5,
2022,46,C4_sector_only,0,4,AZ,FZ,3,18,0.135742,0.5,
2022,46,C4_sector_only,0,6,AZ,HZ,4,18,0.135742,0.5,
2022,46,C4_sector_only,0,8,AZ,KZ,5,18,0.135742,0.5,
2022,46,C4_sector_only,1,2,BE,C,6,18,0.135742,0.5,
2022,46,C4_sector_only,1,3,BE,DE,7,18,0.135742,0.5,
2022,46,C4_sector_only,1,4,BE,FZ,8,18,0.135742,0.5,
2022,46,C4_sector_only,1,8,BE,KZ,9,18,0.135742,0.5,
2022,46,C4_sector_only,2,6,C,HZ,10,18,0.135742,0.5,
2022,46,C4_sector_only,2,8,C,KZ,11,18,0.135742,0.5,
2022,46,C4_sector_only,3,7,DE,JZ,12,18,0.135742,0.5,
2022,46,C4_sector_only,4,7,FZ,JZ,13,18,0.135742,0.5,
2022,46,C4_sector_only,5,6,GI,HZ,14,18,0.135742,0.5,
2022,46,C4_sector_only,5,7,GI,JZ,15,18,0.135742,0.5,
2022,46,C4_sector_only,5,8,GI,KZ,16,18,0.135742,0.5,
2022,46,C4_sector_only,6,7,HZ,JZ,17,18,0.135742,0.5,
2022,46,C4_sector_only,7,8,JZ,KZ,18,18,0.135742,0.5,
2023,42,C4_sector_only,0,2,AZ,C,1,18,0.152382,0.5,
2023,42,C4_sector_only,0,3,AZ,DE,2,18,0.152382,0.5,
2023,42,C4_sector_only,0,5,AZ,GI,3,18,0.152382,0.5,
2023,42,C4_sector_only,0,6,AZ,HZ,4,18,0.152382,0.5,
2023,42,C4_sector_only,0,7,AZ,JZ,5,18,0.152382,0.5,
2023,42,C4_sector_only,0,8,AZ,KZ,6,18,0.152382,0.5,
2023,42,C4_sector_only,1,3,BE,DE,7,18,0.152382,0.5,
2023,42,C4_sector_only,1,4,BE,FZ,8,18,0.152382,0.5,
2023,42,C4_sector_only,1,5,BE,GI,9,18,0.152382,0.5,
2023,42,C4_sector_only,1,8,BE,KZ,10,18,0.152382,0.5,
2023,42,C4_sector_only,2,4,C,FZ,11,18,0.152382,0.5,
2023,42,C4_sector_only,2,6,C,HZ,12,18,0.152382,0.5,
2023,42,C4_sector_only,2,8,C,KZ,13,18,0.152382,0.5,
2023,42,C4_sector_only,3,6,DE,HZ,14,18,0.152382,0.5,
2023,42,C4_sector_only,3,7,DE,JZ,15,18,0.152382,0.5,
2023,42,C4_sector_only,4,5,FZ,GI,16,18,0.152382,0.5,
2023,42,C4_sector_only,4,7,FZ,JZ,17,18,0.152382,0.5,
2023,42,C4_sector_only,5,7,GI,JZ,18,18,0.152382,0.5,
2023,43,C4_sector_only,0,3,AZ,DE,1,16,0.147597,0.4444,
2023,43,C4_sector_only,0,4,AZ,FZ,2,16,0.147597,0.4444,
2023,43,C4_sector_only,0,5,AZ,GI,3,16,0.147597,0.4444,
2023,43,C4_sector_only,1,2,BE,C,4,16,0.147597,0.4444,
2023,43,C4_sector_only,1,5,BE,GI,5,16,0.147597,0.4444,
2023,43,C4_sector_only,1,6,BE,HZ,6,16,0.147597,0.4444,
2023,43,C4_sector_only,2,3,C,DE,7,16,0.147597,0.4444,
2023,43,C4_sector_only,2,4,C,FZ,8,16,0.147597,0.4444,
2023,43,C4_sector_only,2,7,C,JZ,9,16,0.147597,0.4444,
2023,43,C4_sector_only,2,8,C,KZ,10,16,0.147597,0.4444,
2023,43,C4_sector_only,3,7,DE,JZ,11,16,0.147597,0.4444,
2023,43,C4_sector_only,4,6,FZ,HZ,12,16,0.147597,0.4444,
2023,43,C4_sector_only,5,6,GI,HZ,13,16,0.147597,0.4444,
2023,43,C4_sector_only,5,7,GI,JZ,14,16,0.147597,0.4444,
2023,43,C4_sector_only,6,8,HZ,KZ,15,16,0.147597,0.4444,
2023,43,C4_sector_only,7,8,JZ,KZ,16,16,0.147597,0.4444,
2023,44,C4_sector_only,0,3,AZ,DE,1,17,0.141896,0.4722,
2023,44,C4_sector_only,0,4,AZ,FZ,2,17,0.141896,0.4722,
2023,44,C4_sector_only,0,5,AZ,GI,3,17,0.141896,0.4722,
2023,44,C4_sector_only,1,3,BE,DE,4,17,0.141896,0.4722,
2023,44,C4_sector_only,1,4,BE,FZ,5,17,0.141896,0.4722,
2023,44,C4_sector_only,1,7,BE,JZ,6,17,0.141896,0.4722,
2023,44,C4_sector_only,2,3,C,DE,7,17,0.141896,0.4722,
2023,44,C4_sector_only,2,4,C,FZ,8,17,0.141896,0.4722,
2023,44,C4_sector_only,2,5,C,GI,9,17,0.141896,0.4722,
2023,44,C4_sector_only,2,8,C,KZ,10,17,0.141896,0.4722,
2023,44,C4_sector_only,4,6,FZ,HZ,11,17,0.141896,0.4722,
2023,44,C4_sector_only,4,8,FZ,KZ,12,17,0.141896,0.4722,
2023,44,C4_sector_only,5,6,GI,HZ,13,17,0.141896,0.4722,
2023,44,C4_sector_only,5,7,GI,JZ,14,17,0.141896,0.4722,
2023,44,C4_sector_only,5,8,GI,KZ,15,17,0.141896,0.4722,
2023,44,C4_sector_only,6,7,HZ,JZ,16,17,0.141896,0.4722,
2023,44,C4_sector_only,7,8,JZ,KZ,17,17,0.141896,0.4722,
2023,45,C4_sector_only,0,2,AZ,C,1,16,0.133309,0.4444,
2023,45,C4_sector_only,0,6,AZ,HZ,2,16,0.133309,0.4444,
2023,45,C4_sector_only,0,7,AZ,JZ,3,16,0.133309,0.4444,
2023,45,C4_sector_only,1,2,BE,C,4,16,0.133309,0.4444,
2023,45,C4_sector_only,1,6,BE,HZ,5,16,0.133309,0.4444,
2023,45,C4_sector_only,1,7,BE,JZ,6,16,0.133309,0.4444,
2023,45,C4_sector_only,2,7,C,JZ,7,16,0.133309,0.4444,
2023,45,C4_sector_only,2,8,C,KZ,8,16,0.133309,0.4444,
2023,45,C4_sector_only,3,4,DE,FZ,9,16,0.133309,0.4444,
2023,45,C4_sector_only,3,5,DE,GI,10,16,0.133309,0.4444,
2023,45,C4_sector_only,3,6,DE,HZ,11,16,0.133309,0.4444,
2023,45,C4_sector_only,4,5,FZ,GI,12,16,0.133309,0.4444,
2023,45,C4_sector_only,4,6,FZ,HZ,13,16,0.133309,0.4444,
2023,45,C4_sector_only,5,6,GI,HZ,14,16,0.133309,0.4444,
2023,45,C4_sector_only,6,8,HZ,KZ,15,16,0.133309,0.4444,
2023,45,C4_sector_only,7,8,JZ,KZ,16,16,0.133309,0.4444,
2023,46,C4_sector_only,0,2,AZ,C,1,17,0.132641,0.4722,
2023,46,C4_sector_only,0,3,AZ,DE,2,17,0.132641,0.4722,
2023,46,C4_sector_only,0,4,AZ,FZ,3,17,0.132641,0.4722,
2023,46,C4_sector_only,0,6,AZ,HZ,4,17,0.132641,0.4722,
2023,46,C4_sector_only,0,8,AZ,KZ,5,17,0.132641,0.4722,
2023,46,C4_sector_only,1,2,BE,C,6,17,0.132641,0.4722,
2023,46,C4_sector_only,1,3,BE,DE,7,17,0.132641,0.4722,
2023,46,C4_sector_only,1,4,BE,FZ,8,17,0.132641,0.4722,
2023,46,C4_sector_only,1,8,BE,KZ,9,17,0.132641,0.4722,
2023,46,C4_sector_only,2,6,C,HZ,10,17,0.132641,0.4722,
2023,46,C4_sector_only,3,6,DE,HZ,11,17,0.132641,0.4722,
2023,46,C4_sector_only,4,7,FZ,JZ,12,17,0.132641,0.4722,
2023,46,C4_sector_only,5,6,GI,HZ,13,17,0.132641,0.4722,
2023,46,C4_sector_only,5,7,GI,JZ,14,17,0.132641,0.4722,
2023,46,C4_sector_only,5,8,GI,KZ,15,17,0.132641,0.4722,
2023,46,C4_sector_only,6,7,HZ,JZ,16,17,0.132641,0.4722,
2023,46,C4_sector_only,7,8,JZ,KZ,17,17,0.132641,0.4722,
2024,42,C4_sector_only,0,1,AZ,BE,1,20,0.13811,0.5556,
2024,42,C4_sector_only,0,2,AZ,C,2,20,0.13811,0.5556,
2024,42,C4_sector_only,0,3,AZ,DE,3,20,0.13811,0.5556,
2024,42,C4_sector_only,0,5,AZ,GI,4,20,0.13811,0.5556,
2024,42,C4_sector_only,0,7,AZ,JZ,5,20,0.13811,0.5556,
2024,42,C4_sector_only,0,8,AZ,KZ,6,20,0.13811,0.5556,
2024,42,C4_sector_only,1,5,BE,GI,7,20,0.13811,0.5556,
2024,42,C4_sector_only,1,6,BE,HZ,8,20,0.13811,0.5556,
2024,42,C4_sector_only,1,7,BE,JZ,9,20,0.13811,0.5556,
2024,42,C4_sector_only,2,3,C,DE,10,20,0.13811,0.5556,
2024,42,C4_sector_only,2,4,C,FZ,11,20,0.13811,0.5556,
2024,42,C4_sector_only,2,5,C,GI,12,20,0.13811,0.5556,
2024,42,C4_sector_only,2,8,C,KZ,13,20,0.13811,0.5556,
2024,42,C4_sector_only,3,6,DE,HZ,14,20,0.13811,0.5556,
2024,42,C4_sector_only,3,7,DE,JZ,15,20,0.13811,0.5556,
2024,42,C4_sector_only,4,5,FZ,GI,16,20,0.13811,0.5556,
2024,42,C4_sector_only,4,6,FZ,HZ,17,20,0.13811,0.5556,
2024,42,C4_sector_only,4,7,FZ,JZ,18,20,0.13811,0.5556,
2024,42,C4_sector_only,5,7,GI,JZ,19,20,0.13811,0.5556,
2024,42,C4_sector_only,6,8,HZ,KZ,20,20,0.13811,0.5556,
2024,43,C4_sector_only,0,3,AZ,DE,1,17,0.132743,0.4722,
2024,43,C4_sector_only,0,4,AZ,FZ,2,17,0.132743,0.4722,
2024,43,C4_sector_only,0,5,AZ,GI,3,17,0.132743,0.4722,
2024,43,C4_sector_only,0,6,AZ,HZ,4,17,0.132743,0.4722,
2024,43,C4_sector_only,1,2,BE,C,5,17,0.132743,0.4722,
2024,43,C4_sector_only,1,5,BE,GI,6,17,0.132743,0.4722,
2024,43,C4_sector_only,1,6,BE,HZ,7,17,0.132743,0.4722,
2024,43,C4_sector_only,2,3,C,DE,8,17,0.132743,0.4722,
2024,43,C4_sector_only,2,4,C,FZ,9,17,0.132743,0.4722,
2024,43,C4_sector_only,2,6,C,HZ,10,17,0.132743,0.4722,
2024,43,C4_sector_only,2,8,C,KZ,11,17,0.132743,0.4722,
2024,43,C4_sector_only,3,7,DE,JZ,12,17,0.132743,0.4722,
2024,43,C4_sector_only,4,7,FZ,JZ,13,17,0.132743,0.4722,
2024,43,C4_sector_only,4,8,FZ,KZ,14,17,0.132743,0.4722,
2024,43,C4_sector_only,5,6,GI,HZ,15,17,0.132743,0.4722,
2024,43,C4_sector_only,5,7,GI,JZ,16,17,0.132743,0.4722,
2024,43,C4_sector_only,6,8,HZ,KZ,17,17,0.132743,0.4722,
2024,44,C4_sector_only,0,2,AZ,C,1,18,0.130155,0.5,
2024,44,C4_sector_only,0,3,AZ,DE,2,18,0.130155,0.5,
2024,44,C4_sector_only,0,4,AZ,FZ,3,18,0.130155,0.5,
2024,44,C4_sector_only,0,7,AZ,JZ,4,18,0.130155,0.5,
2024,44,C4_sector_only,1,2,BE,C,5,18,0.130155,0.5,
2024,44,C4_sector_only,1,3,BE,DE,6,18,0.130155,0.5,
2024,44,C4_sector_only,1,7,BE,JZ,7,18,0.130155,0.5,
2024,44,C4_sector_only,2,3,C,DE,8,18,0.130155,0.5,
2024,44,C4_sector_only,2,4,C,FZ,9,18,0.130155,0.5,
2024,44,C4_sector_only,2,5,C,GI,10,18,0.130155,0.5,
2024,44,C4_sector_only,2,6,C,HZ,11,18,0.130155,0.5,
2024,44,C4_sector_only,2,8,C,KZ,12,18,0.130155,0.5,
2024,44,C4_sector_only,4,6,FZ,HZ,13,18,0.130155,0.5,
2024,44,C4_sector_only,4,8,FZ,KZ,14,18,0.130155,0.5,
2024,44,C4_sector_only,5,6,GI,HZ,15,18,0.130155,0.5,
2024,44,C4_sector_only,5,8,GI,KZ,16,18,0.130155,0.5,
2024,44,C4_sector_only,6,7,HZ,JZ,17,18,0.130155,0.5,
2024,44,C4_sector_only,7,8,JZ,KZ,18,18,0.130155,0.5,
2024,45,C4_sector_only,0,2,AZ,C,1,16,0.133183,0.4444,
2024,45,C4_sector_only,0,6,AZ,HZ,2,16,0.133183,0.4444,
2024,45,C4_sector_only,0,7,AZ,JZ,3,16,0.133183,0.4444,
2024,45,C4_sector_only,1,2,BE,C,4,16,0.133183,0.4444,
2024,45,C4_sector_only,1,6,BE,HZ,5,16,0.133183,0.4444,
2024,45,C4_sector_only,1,7,BE,JZ,6,16,0.133183,0.4444,
2024,45,C4_sector_only,2,7,C,JZ,7,16,0.133183,0.4444,
2024,45,C4_sector_only,2,8,C,KZ,8,16,0.133183,0.4444,
2024,45,C4_sector_only,3,4,DE,FZ,9,16,0.133183,0.4444,
2024,45,C4_sector_only,3,5,DE,GI,10,16,0.133183,0.4444,
2024,45,C4_sector_only,3,6,DE,HZ,11,16,0.133183,0.4444,
2024,45,C4_sector_only,4,5,FZ,GI,12,16,0.133183,0.4444,
2024,45,C4_sector_only,4,6,FZ,HZ,13,16,0.133183,0.4444,
2024,45,C4_sector_only,5,6,GI,HZ,14,16,0.133183,0.4444,
2024,45,C4_sector_only,6,8,HZ,KZ,15,16,0.133183,0.4444,
2024,45,C4_sector_only,7,8,JZ,KZ,16,16,0.133183,0.4444,
2024,46,C4_sector_only,0,2,AZ,C,1,17,0.130888,0.4722,
2024,46,C4_sector_only,0,3,AZ,DE,2,17,0.130888,0.4722,
2024,46,C4_sector_only,0,4,AZ,FZ,3,17,0.130888,0.4722,
2024,46,C4_sector_only,0,6,AZ,HZ,4,17,0.130888,0.4722,
2024,46,C4_sector_only,0,8,AZ,KZ,5,17,0.130888,0.4722,
2024,46,C4_sector_only,1,2,BE,C,6,17,0.130888,0.4722,
2024,46,C4_sector_only,1,3,BE,DE,7,17,0.130888,0.4722,
2024,46,C4_sector_only,1,4,BE,FZ,8,17,0.130888,0.4722,
2024,46,C4_sector_only,1,8,BE,KZ,9,17,0.130888,0.4722,
2024,46,C4_sector_only,2,6,C,HZ,10,17,0.130888,0.4722,
2024,46,C4_sector_only,3,7,DE,JZ,11,17,0.130888,0.4722,
2024,46,C4_sector_only,4,7,FZ,JZ,12,17,0.130888,0.4722,
2024,46,C4_sector_only,5,6,GI,HZ,13,17,0.130888,0.4722,
2024,46,C4_sector_only,5,7,GI,JZ,14,17,0.130888,0.4722,
2024,46,C4_sector_only,5,8,GI,KZ,15,17,0.130888,0.4722,
2024,46,C4_sector_only,6,7,HZ,JZ,16,17,0.130888,0.4722,
2024,46,C4_sector_only,7,8,JZ,KZ,17,17,0.130888,0.4722,
2025,42,C4_sector_only,0,1,AZ,BE,1,19,0.143882,0.5278,
2025,42,C4_sector_only,0,2,AZ,C,2,19,0.143882,0.5278,
2025,42,C4_sector_only,0,3,AZ,DE,3,19,0.143882,0.5278,
2025,42,C4_sector_only,0,5,AZ,GI,4,19,0.143882,0.5278,
2025,42,C4_sector_only,0,7,AZ,JZ,5,19,0.143882,0.5278,
2025,42,C4_sector_only,0,8,AZ,KZ,6,19,0.143882,0.5278,
2025,42,C4_sector_only,1,3,BE,DE,7,19,0.143882,0.5278,
2025,42,C4_sector_only,1,5,BE,GI,8,19,0.143882,0.5278,
2025,42,C4_sector_only,1,6,BE,HZ,9,19,0.143882,0.5278,
2025,42,C4_sector_only,2,4,C,FZ,10,19,0.143882,0.5278,
2025,42,C4_sector_only,2,5,C,GI,11,19,0.143882,0.5278,
2025,42,C4_sector_only,2,8,C,KZ,12,19,0.143882,0.5278,
2025,42,C4_sector_only,3,5,DE,GI,13,19,0.143882,0.5278,
2025,42,C4_sector_only,3,6,DE,HZ,14,19,0.143882,0.5278,
2025,42,C4_sector_only,4,5,FZ,GI,15,19,0.143882,0.5278,
2025,42,C4_sector_only,4,6,FZ,HZ,16,19,0.143882,0.5278,
2025,42,C4_sector_only,4,7,FZ,JZ,17,19,0.143882,0.5278,
2025,42,C4_sector_only,5,7,GI,JZ,18,19,0.143882,0.5278,
2025,42,C4_sector_only,6,8,HZ,KZ,19,19,0.143882,0.5278,
2025,43,C4_sector_only,0,3,AZ,DE,1,17,0.140875,0.4722,
2025,43,C4_sector_only,0,4,AZ,FZ,2,17,0.140875,0.4722,
2025,43,C4_sector_only,0,5,AZ,GI,3,17,0.140875,0.4722,
2025,43,C4_sector_only,1,2,BE,C,4,17,0.140875,0.4722,
2025,43,C4_sector_only,1,4,BE,FZ,5,17,0.140875,0.4722,
2025,43,C4_sector_only,1,6,BE,HZ,6,17,0.140875,0.4722,
2025,43,C4_sector_only,2,3,C,DE,7,17,0.140875,0.4722,
2025,43,C4_sector_only,2,6,C,HZ,8,17,0.140875,0.4722,
2025,43,C4_sector_only,2,7,C,JZ,9,17,0.140875,0.4722,
2025,43,C4_sector_only,2,8,C,KZ,10,17,0.140875,0.4722,
2025,43,C4_sector_only,3,7,DE,JZ,11,17,0.140875,0.4722,
2025,43,C4_sector_only,4,6,FZ,HZ,12,17,0.140875,0.4722,
2025,43,C4_sector_only,4,7,FZ,JZ,13,17,0.140875,0.4722,
2025,43,C4_sector_only,5,6,GI,HZ,14,17,0.140875,0.4722,
2025,43,C4_sector_only,5,7,GI,JZ,15,17,0.140875,0.4722,
2025,43,C4_sector_only,6,8,HZ,KZ,16,17,0.140875,0.4722,
2025,43,C4_sector_only,7,8,JZ,KZ,17,17,0.140875,0.4722,
2025,44,C4_sector_only,0,3,AZ,DE,1,15,0.134139,0.4167,
2025,44,C4_sector_only,0,4,AZ,FZ,2,15,0.134139,0.4167,
2025,44,C4_sector_only,0,7,AZ,JZ,3,15,0.134139,0.4167,
2025,44,C4_sector_only,1,3,BE,DE,4,15,0.134139,0.4167,
2025,44,C4_sector_only,1,4,BE,FZ,5,15,0.134139,0.4167,
2025,44,C4_sector_only,1,7,BE,JZ,6,15,0.134139,0.4167,
2025,44,C4_sector_only,2,3,C,DE,7,15,0.134139,0.4167,
2025,44,C4_sector_only,2,4,C,FZ,8,15,0.134139,0.4167,
2025,44,C4_sector_only,2,5,C,GI,9,15,0.134139,0.4167,
2025,44,C4_sector_only,4,6,FZ,HZ,10,15,0.134139,0.4167,
2025,44,C4_sector_only,4,8,FZ,KZ,11,15,0.134139,0.4167,
2025,44,C4_sector_only,5,6,GI,HZ,12,15,0.134139,0.4167,
2025,44,C4_sector_only,5,8,GI,KZ,13,15,0.134139,0.4167,
2025,44,C4_sector_only,6,7,HZ,JZ,14,15,0.134139,0.4167,
2025,44,C4_sector_only,7,8,JZ,KZ,15,15,0.134139,0.4167,
2025,45,C4_sector_only,0,2,AZ,C,1,16,0.15028,0.4444,
2025,45,C4_sector_only,0,3,AZ,DE,2,16,0.15028,0.4444,
2025,45,C4_sector_only,0,4,AZ,FZ,3,16,0.15028,0.4444,
2025,45,C4_sector_only,0,5,AZ,GI,4,16,0.15028,0.4444,
2025,45,C4_sector_only,0,6,AZ,HZ,5,16,0.15028,0.4444,
2025,45,C4_sector_only,1,2,BE,C,6,16,0.15028,0.4444,
2025,45,C4_sector_only,1,6,BE,HZ,7,16,0.15028,0.4444,
2025,45,C4_sector_only,1,7,BE,JZ,8,16,0.15028,0.4444,
2025,45,C4_sector_only,2,7,C,JZ,9,16,0.15028,0.4444,
2025,45,C4_sector_only,2,8,C,KZ,10,16,0.15028,0.4444,
2025,45,C4_sector_only,3,4,DE,FZ,11,16,0.15028,0.4444,
2025,45,C4_sector_only,3,5,DE,GI,12,16,0.15028,0.4444,
2025,45,C4_sector_only,4,5,FZ,GI,13,16,0.15028,0.4444,
2025,45,C4_sector_only,6,7,HZ,JZ,14,16,0.15028,0.4444,
2025,45,C4_sector_only,6,8,HZ,KZ,15,16,0.15028,0.4444,
2025,45,C4_sector_only,7,8,JZ,KZ,16,16,0.15028,0.4444,
2025,46,C4_sector_only,0,2,AZ,C,1,19,0.152401,0.5278,
2025,46,C4_sector_only,0,3,AZ,DE,2,19,0.152401,0.5278,
2025,46,C4_sector_only,0,4,AZ,FZ,3,19,0.152401,0.5278,
2025,46,C4_sector_only,0,6,AZ,HZ,4,19,0.152401,0.5278,
2025,46,C4_sector_only,0,8,AZ,KZ,5,19,0.152401,0.5278,
2025,46,C4_sector_only,1,2,BE,C,6,19,0.152401,0.5278,
2025,46,C4_sector_only,1,6,BE,HZ,7,19,0.152401,0.5278,
2025,46,C4_sector_only,1,8,BE,KZ,8,19,0.152401,0.5278,
2025,46,C4_sector_only,2,3,C,DE,9,19,0.152401,0.5278,
2025,46,C4_sector_only,2,4,C,FZ,10,19,0.152401,0.5278,
2025,46,C4_sector_only,2,8,C,KZ,11,19,0.152401,0.5278,
2025,46,C4_sector_only,3,7,DE,JZ,12,19,0.152401,0.5278,
2025,46,C4_sector_only,4,7,FZ,JZ,13,19,0.152401,0.5278,
2025,46,C4_sector_only,5,6,GI,HZ,14,19,0.152401,0.5278,
2025,46,C4_sector_only,5,7,GI,JZ,15,19,0.152401,0.5278,
2025,46,C4_sector_only,5,8,GI,KZ,16,19,0.152401,0.5278,
2025,46,C4_sector_only,6,7,HZ,JZ,17,19,0.152401,0.5278,
2025,46,C4_sector_only,6,8,HZ,KZ,18,19,0.152401,0.5278,
2025,46,C4_sector_only,7,8,JZ,KZ,19,19,0.152401,0.5278,
2021,42,C5_dual,0,3,AZ,DE,1,20,0.145033,0.5556,0.72
2021,42,C5_dual,0,5,AZ,GI,2,20,0.145033,0.5556,0.72
2021,42,C5_dual,0,7,AZ,JZ,3,20,0.145033,0.5556,0.52
2021,42,C5_dual,0,8,AZ,KZ,4,20,0.145033,0.5556,0.4
2021,42,C5_dual,1,3,BE,DE,5,20,0.145033,0.5556,0.32
2021,42,C5_dual,1,5,BE,GI,6,20,0.145033,0.5556,0.52
2021,42,C5_dual,1,7,BE,JZ,7,20,0.145033,0.5556,0.44
2021,42,C5_dual,1,8,BE,KZ,8,20,0.145033,0.5556,0.36
2021,42,C5_dual,2,3,C,DE,9,20,0.145033,0.5556,0.64
2021,42,C5_dual,2,4,C,FZ,10,20,0.145033,0.5556,0.6
2021,42,C5_dual,2,5,C,GI,11,20,0.145033,0.5556,0.48
2021,42,C5_dual,2,6,C,HZ,12,20,0.145033,0.5556,0.64
2021,42,C5_dual,2,7,C,JZ,13,20,0.145033,0.5556,0.48
2021,42,C5_dual,2,8,C,KZ,14,20,0.145033,0.5556,0.8
2021,42,C5_dual,3,7,DE,JZ,15,20,0.145033,0.5556,0.52
2021,42,C5_dual,4,5,FZ,GI,16,20,0.145033,0.5556,0.4
2021,42,C5_dual,4,6,FZ,HZ,17,20,0.145033,0.5556,0.76
2021,42,C5_dual,4,7,FZ,JZ,18,20,0.145033,0.5556,0.56
2021,42,C5_dual,5,6,GI,HZ,19,20,0.145033,0.5556,0.68
2021,42,C5_dual,5,7,GI,JZ,20,20,0.145033,0.5556,0.68
2021,43,C5_dual,0,3,AZ,DE,1,17,0.135916,0.4722,0.72
2021,43,C5_dual,0,4,AZ,FZ,2,17,0.135916,0.4722,0.64
2021,43,C5_dual,0,5,AZ,GI,3,17,0.135916,0.4722,0.72
2021,43,C5_dual,1,2,BE,C,4,17,0.135916,0.4722,0.64
2021,43,C5_dual,1,4,BE,FZ,5,17,0.135916,0.4722,0.6
2021,43,C5_dual,1,5,BE,GI,6,17,0.135916,0.4722,0.52
2021,43,C5_dual,2,3,C,DE,7,17,0.135916,0.4722,0.64
2021,43,C5_dual,2,5,C,GI,8,17,0.135916,0.4722,0.48
2021,43,C5_dual,2,6,C,HZ,9,17,0.135916,0.4722,0.64
2021,43,C5_dual,2,8,C,KZ,10,17,0.135916,0.4722,0.8
2021,43,C5_dual,3,7,DE,JZ,11,17,0.135916,0.4722,0.52
2021,43,C5_dual,4,6,FZ,HZ,12,17,0.135916,0.4722,0.76
2021,43,C5_dual,4,7,FZ,JZ,13,17,0.135916,0.4722,0.56
2021,43,C5_dual,5,6,GI,HZ,14,17,0.135916,0.4722,0.68
2021,43,C5_dual,5,7,GI,JZ,15,17,0.135916,0.4722,0.68
2021,43,C5_dual,6,8,HZ,KZ,16,17,0.135916,0.4722,0.76
2021,43,C5_dual,7,8,JZ,KZ,17,17,0.135916,0.4722,0.48
2021,44,C5_dual,0,2,AZ,C,1,18,0.129389,0.5,0.56
2021,44,C5_dual,0,4,AZ,FZ,2,18,0.129389,0.5,0.64
2021,44,C5_dual,0,5,AZ,GI,3,18,0.129389,0.5,0.72
2021,44,C5_dual,0,7,AZ,JZ,4,18,0.129389,0.5,0.52
2021,44,C5_dual,1,2,BE,C,5,18,0.129389,0.5,0.64
2021,44,C5_dual,1,3,BE,DE,6,18,0.129389,0.5,0.32
2021,44,C5_dual,1,4,BE,FZ,7,18,0.129389,0.5,0.6
2021,44,C5_dual,1,7,BE,JZ,8,18,0.129389,0.5,0.44
2021,44,C5_dual,2,3,C,DE,9,18,0.129389,0.5,0.64
2021,44,C5_dual,2,4,C,FZ,10,18,0.129389,0.5,0.6
2021,44,C5_dual,2,5,C,GI,11,18,0.129389,0.5,0.48
2021,44,C5_dual,2,8,C,KZ,12,18,0.129389,0.5,0.8
2021,44,C5_dual,3,6,DE,HZ,13,18,0.129389,0.5,0.6
2021,44,C5_dual,4,6,FZ,HZ,14,18,0.129389,0.5,0.76
2021,44,C5_dual,5,6,GI,HZ,15,18,0.129389,0.5,0.68
2021,44,C5_dual,6,7,HZ,JZ,16,18,0.129389,0.5,0.28
2021,44,C5_dual,6,8,HZ,KZ,17,18,0.129389,0.5,0.76
2021,44,C5_dual,7,8,JZ,KZ,18,18,0.129389,0.5,0.48
2021,45,C5_dual,0,2,AZ,C,1,15,0.152288,0.4167,0.56
2021,45,C5_dual,0,5,AZ,GI,2,15,0.152288,0.4167,0.72
2021,45,C5_dual,0,6,AZ,HZ,3,15,0.152288,0.4167,0.24
2021,45,C5_dual,1,2,BE,C,4,15,0.152288,0.4167,0.64
2021,45,C5_dual,1,6,BE,HZ,5,15,0.152288,0.4167,0.28
2021,45,C5_dual,1,7,BE,JZ,6,15,0.152288,0.4167,0.44
2021,45,C5_dual,2,7,C,JZ,7,15,0.152288,0.4167,0.48
2021,45,C5_dual,2,8,C,KZ,8,15,0.152288,0.4167,0.8
2021,45,C5_dual,3,4,DE,FZ,9,15,0.152288,0.4167,0.28
2021,45,C5_dual,3,5,DE,GI,10,15,0.152288,0.4167,0.24
2021,45,C5_dual,3,6,DE,HZ,11,15,0.152288,0.4167,0.6
2021,45,C5_dual,4,5,FZ,GI,12,15,0.152288,0.4167,0.4
2021,45,C5_dual,4,6,FZ,HZ,13,15,0.152288,0.4167,0.76
2021,45,C5_dual,6,8,HZ,KZ,14,15,0.152288,0.4167,0.76
2021,45,C5_dual,7,8,JZ,KZ,15,15,0.152288,0.4167,0.48
2021,46,C5_dual,0,2,AZ,C,1,20,0.151876,0.5556,0.56
2021,46,C5_dual,0,3,AZ,DE,2,20,0.151876,0.5556,0.72
2021,46,C5_dual,0,4,AZ,FZ,3,20,0.151876,0.5556,0.64
2021,46,C5_dual,1,2,BE,C,4,20,0.151876,0.5556,0.64
2021,46,C5_dual,1,3,BE,DE,5,20,0.151876,0.5556,0.32
2021,46,C5_dual,1,4,BE,FZ,6,20,0.151876,0.5556,0.6
2021,46,C5_dual,2,3,C,DE,7,20,0.151876,0.5556,0.64
2021,46,C5_dual,2,4,C,FZ,8,20,0.151876,0.5556,0.6
2021,46,C5_dual,2,6,C,HZ,9,20,0.151876,0.5556,0.64
2021,46,C5_dual,2,7,C,JZ,10,20,0.151876,0.5556,0.48
2021,46,C5_dual,2,8,C,KZ,11,20,0.151876,0.5556,0.8
2021,46,C5_dual,3,4,DE,FZ,12,20,0.151876,0.5556,0.28
2021,46,C5_dual,3,6,DE,HZ,13,20,0.151876,0.5556,0.6
2021,46,C5_dual,3,7,DE,JZ,14,20,0.151876,0.5556,0.52
2021,46,C5_dual,3,8,DE,KZ,15,20,0.151876,0.5556,0.12
2021,46,C5_dual,4,5,FZ,GI,16,20,0.151876,0.5556,0.4
2021,46,C5_dual,4,7,FZ,JZ,17,20,0.151876,0.5556,0.56
2021,46,C5_dual,5,6,GI,HZ,18,20,0.151876,0.5556,0.68
2021,46,C5_dual,5,7,GI,JZ,19,20,0.151876,0.5556,0.68
2021,46,C5_dual,6,8,HZ,KZ,20,20,0.151876,0.5556,0.76
2022,42,C5_dual,0,1,AZ,BE,1,16,0.131923,0.4444,0.16
2022,42,C5_dual,0,3,AZ,DE,2,16,0.131923,0.4444,0.72
2022,42,C5_dual,0,5,AZ,GI,3,16,0.131923,0.4444,0.72
2022,42,C5_dual,0,8,AZ,KZ,4,16,0.131923,0.4444,0.4
2022,42,C5_dual,1,2,BE,C,5,16,0.131923,0.4444,0.64
2022,42,C5_dual,1,7,BE,JZ,6,16,0.131923,0.4444,0.44
2022,42,C5_dual,2,3,C,DE,7,16,0.131923,0.4444,0.64
2022,42,C5_dual,2,4,C,FZ,8,16,0.131923,0.4444,0.6
2022,42,C5_dual,2,5,C,GI,9,16,0.131923,0.4444,0.48
2022,42,C5_dual,2,8,C,KZ,10,16,0.131923,0.4444,0.8
2022,42,C5_dual,3,6,DE,HZ,11,16,0.131923,0.4444,0.6
2022,42,C5_dual,4,6,FZ,HZ,12,16,0.131923,0.4444,0.76
2022,42,C5_dual,4,7,FZ,JZ,13,16,0.131923,0.4444,0.56
2022,42,C5_dual,5,6,GI,HZ,14,16,0.131923,0.4444,0.68
2022,42,C5_dual,5,7,GI,JZ,15,16,0.131923,0.4444,0.68
2022,42,C5_dual,6,8,HZ,KZ,16,16,0.131923,0.4444,0.76
2022,43,C5_dual,0,2,AZ,C,1,18,0.128098,0.5,0.56
2022,43,C5_dual,0,4,AZ,FZ,2,18,0.128098,0.5,0.64
2022,43,C5_dual,0,6,AZ,HZ,3,18,0.128098,0.5,0.24
2022,43,C5_dual,1,2,BE,C,4,18,0.128098,0.5,0.64
2022,43,C5_dual,1,5,BE,GI,5,18,0.128098,0.5,0.52
2022,43,C5_dual,1,8,BE,KZ,6,18,0.128098,0.5,0.36
2022,43,C5_dual,2,3,C,DE,7,18,0.128098,0.5,0.64
2022,43,C5_dual,2,4,C,FZ,8,18,0.128098,0.5,0.6
2022,43,C5_dual,2,6,C,HZ,9,18,0.128098,0.5,0.64
2022,43,C5_dual,3,4,DE,FZ,10,18,0.128098,0.5,0.28
2022,43,C5_dual,3,5,DE,GI,11,18,0.128098,0.5,0.24
2022,43,C5_dual,3,7,DE,JZ,12,18,0.128098,0.5,0.52
2022,43,C5_dual,4,7,FZ,JZ,13,18,0.128098,0.5,0.56
2022,43,C5_dual,4,8,FZ,KZ,14,18,0.128098,0.5,0.24
2022,43,C5_dual,5,7,GI,JZ,15,18,0.128098,0.5,0.68
2022,43,C5_dual,5,8,GI,KZ,16,18,0.128098,0.5,0.28
2022,43,C5_dual,6,7,HZ,JZ,17,18,0.128098,0.5,0.28
2022,43,C5_dual,6,8,HZ,KZ,18,18,0.128098,0.5,0.76
2022,44,C5_dual,0,2,AZ,C,1,18,0.131613,0.5,0.56
2022,44,C5_dual,0,3,AZ,DE,2,18,0.131613,0.5,0.72
2022,44,C5_dual,0,4,AZ,FZ,3,18,0.131613,0.5,0.64
2022,44,C5_dual,0,5,AZ,GI,4,18,0.131613,0.5,0.72
2022,44,C5_dual,1,4,BE,FZ,5,18,0.131613,0.5,0.6
2022,44,C5_dual,1,5,BE,GI,6,18,0.131613,0.5,0.52
2022,44,C5_dual,1,7,BE,JZ,7,18,0.131613,0.5,0.44
2022,44,C5_dual,2,3,C,DE,8,18,0.131613,0.5,0.64
2022,44,C5_dual,2,4,C,FZ,9,18,0.131613,0.5,0.6
2022,44,C5_dual,2,5,C,GI,10,18,0.131613,0.5,0.48
2022,44,C5_dual,3,6,DE,HZ,11,18,0.131613,0.5,0.6
2022,44,C5_dual,4,6,FZ,HZ,12,18,0.131613,0.5,0.76
2022,44,C5_dual,5,6,GI,HZ,13,18,0.131613,0.5,0.68
2022,44,C5_dual,5,7,GI,JZ,14,18,0.131613,0.5,0.68
2022,44,C5_dual,5,8,GI,KZ,15,18,0.131613,0.5,0.28
2022,44,C5_dual,6,7,HZ,JZ,16,18,0.131613,0.5,0.28
2022,44,C5_dual,6,8,HZ,KZ,17,18,0.131613,0.5,0.76
2022,44,C5_dual,7,8,JZ,KZ,18,18,0.131613,0.5,0.48
2022,45,C5_dual,0,2,AZ,C,1,16,0.14836,0.4444,0.56
2022,45,C5_dual,0,5,AZ,GI,2,16,0.14836,0.4444,0.72
2022,45,C5_dual,0,6,AZ,HZ,3,16,0.14836,0.4444,0.24
2022,45,C5_dual,0,7,AZ,JZ,4,16,0.14836,0.4444,0.52
2022,45,C5_dual,1,2,BE,C,5,16,0.14836,0.4444,0.64
2022,45,C5_dual,1,6,BE,HZ,6,16,0.14836,0.4444,0.28
2022,45,C5_dual,1,8,BE,KZ,7,16,0.14836,0.4444,0.36
2022,45,C5_dual,2,7,C,JZ,8,16,0.14836,0.4444,0.48
2022,45,C5_dual,2,8,C,KZ,9,16,0.14836,0.4444,0.8
2022,45,C5_dual,3,4,DE,FZ,10,16,0.14836,0.4444,0.28
2022,45,C5_dual,3,5,DE,GI,11,16,0.14836,0.4444,0.24
2022,45,C5_dual,3,6,DE,HZ,12,16,0.14836,0.4444,0.6
2022,45,C5_dual,4,5,FZ,GI,13,16,0.14836,0.4444,0.4
2022,45,C5_dual,4,6,FZ,HZ,14,16,0.14836,0.4444,0.76
2022,45,C5_dual,6,8,HZ,KZ,15,16,0.14836,0.4444,0.76
2022,45,C5_dual,7,8,JZ,KZ,16,16,0.14836,0.4444,0.48
2022,46,C5_dual,0,2,AZ,C,1,17,0.134992,0.4722,0.56
2022,46,C5_dual,0,3,AZ,DE,2,17,0.134992,0.4722,0.72
2022,46,C5_dual,0,4,AZ,FZ,3,17,0.134992,0.4722,0.64
2022,46,C5_dual,0,7,AZ,JZ,4,17,0.134992,0.4722,0.52
2022,46,C5_dual,1,2,BE,C,5,17,0.134992,0.4722,0.64
2022,46,C5_dual,1,3,BE,DE,6,17,0.134992,0.4722,0.32
2022,46,C5_dual,1,4,BE,FZ,7,17,0.134992,0.4722,0.6
2022,46,C5_dual,2,6,C,HZ,8,17,0.134992,0.4722,0.64
2022,46,C5_dual,2,8,C,KZ,9,17,0.134992,0.4722,0.8
2022,46,C5_dual,3,6,DE,HZ,10,17,0.134992,0.4722,0.6
2022,46,C5_dual,3,7,DE,JZ,11,17,0.134992,0.4722,0.52
2022,46,C5_dual,4,5,FZ,GI,12,17,0.134992,0.4722,0.4
2022,46,C5_dual,4,7,FZ,JZ,13,17,0.134992,0.4722,0.56
2022,46,C5_dual,4,8,FZ,KZ,14,17,0.134992,0.4722,0.24
2022,46,C5_dual,5,6,GI,HZ,15,17,0.134992,0.4722,0.68
2022,46,C5_dual,5,7,GI,JZ,16,17,0.134992,0.4722,0.68
2022,46,C5_dual,6,8,HZ,KZ,17,17,0.134992,0.4722,0.76
2023,42,C5_dual,0,1,AZ,BE,1,19,0.152062,0.5278,0.16
2023,42,C5_dual,0,3,AZ,DE,2,19,0.152062,0.5278,0.72
2023,42,C5_dual,0,4,AZ,FZ,3,19,0.152062,0.5278,0.64
2023,42,C5_dual,0,5,AZ,GI,4,19,0.152062,0.5278,0.72
2023,42,C5_dual,0,7,AZ,JZ,5,19,0.152062,0.5278,0.52
2023,42,C5_dual,0,8,AZ,KZ,6,19,0.152062,0.5278,0.4
2023,42,C5_dual,1,3,BE,DE,7,19,0.152062,0.5278,0.32
2023,42,C5_dual,1,4,BE,FZ,8,19,0.152062,0.5278,0.6
2023,42,C5_dual,1,5,BE,GI,9,19,0.152062,0.5278,0.52
2023,42,C5_dual,1,8,BE,KZ,10,19,0.152062,0.5278,0.36
2023,42,C5_dual,2,4,C,FZ,11,19,0.152062,0.5278,0.6
2023,42,C5_dual,2,6,C,HZ,12,19,0.152062,0.5278,0.64
2023,42,C5_dual,2,7,C,JZ,13,19,0.152062,0.5278,0.48
2023,42,C5_dual,2,8,C,KZ,14,19,0.152062,0.5278,0.8
2023,42,C5_dual,3,7,DE,JZ,15,19,0.152062,0.5278,0.52
2023,42,C5_dual,4,5,FZ,GI,16,19,0.152062,0.5278,0.4
2023,42,C5_dual,4,6,FZ,HZ,17,19,0.152062,0.5278,0.76
2023,42,C5_dual,5,7,GI,JZ,18,19,0.152062,0.5278,0.68
2023,42,C5_dual,6,7,HZ,JZ,19,19,0.152062,0.5278,0.28
2023,43,C5_dual,0,3,AZ,DE,1,17,0.1405,0.4722,0.72
2023,43,C5_dual,0,5,AZ,GI,2,17,0.1405,0.4722,0.72
2023,43,C5_dual,0,8,AZ,KZ,3,17,0.1405,0.4722,0.4
2023,43,C5_dual,1,2,BE,C,4,17,0.1405,0.4722,0.64
2023,43,C5_dual,1,4,BE,FZ,5,17,0.1405,0.4722,0.6
2023,43,C5_dual,1,5,BE,GI,6,17,0.1405,0.4722,0.52
2023,43,C5_dual,2,3,C,DE,7,17,0.1405,0.4722,0.64
2023,43,C5_dual,2,4,C,FZ,8,17,0.1405,0.4722,0.6
2023,43,C5_dual,2,5,C,GI,9,17,0.1405,0.4722,0.48
2023,43,C5_dual,2,6,C,HZ,10,17,0.1405,0.4722,0.64
2023,43,C5_dual,2,7,C,JZ,11,17,0.1405,0.4722,0.48
2023,43,C5_dual,2,8,C,KZ,12,17,0.1405,0.4722,0.8
2023,43,C5_dual,3,7,DE,JZ,13,17,0.1405,0.4722,0.52
2023,43,C5_dual,4,6,FZ,HZ,14,17,0.1405,0.4722,0.76
2023,43,C5_dual,5,6,GI,HZ,15,17,0.1405,0.4722,0.68
2023,43,C5_dual,5,7,GI,JZ,16,17,0.1405,0.4722,0.68
2023,43,C5_dual,6,8,HZ,KZ,17,17,0.1405,0.4722,0.76
2023,44,C5_dual,0,3,AZ,DE,1,19,0.142728,0.5278,0.72
2023,44,C5_dual,0,4,AZ,FZ,2,19,0.142728,0.5278,0.64
2023,44,C5_dual,0,5,AZ,GI,3,19,0.142728,0.5278,0.72
2023,44,C5_dual,0,8,AZ,KZ,4,19,0.142728,0.5278,0.4
2023,44,C5_dual,1,4,BE,FZ,5,19,0.142728,0.5278,0.6
2023,44,C5_dual,1,5,BE,GI,6,19,0.142728,0.5278,0.52
2023,44,C5_dual,1,8,BE,KZ,7,19,0.142728,0.5278,0.36
2023,44,C5_dual,2,3,C,DE,8,19,0.142728,0.5278,0.64
2023,44,C5_dual,2,4,C,FZ,9,19,0.142728,0.5278,0.6
2023,44,C5_dual,2,7,C,JZ,10,19,0.142728,0.5278,0.48
2023,44,C5_dual,3,6,DE,HZ,11,19,0.142728,0.5278,0.6
2023,44,C5_dual,4,6,FZ,HZ,12,19,0.142728,0.5278,0.76
2023,44,C5_dual,4,7,FZ,JZ,13,19,0.142728,0.5278,0.56
2023,44,C5_dual,4,8,FZ,KZ,14,19,0.142728,0.5278,0.24
2023,44,C5_dual,5,6,GI,HZ,15,19,0.142728,0.5278,0.68
2023,44,C5_dual,5,7,GI,JZ,16,19,0.142728,0.5278,0.68
2023,44,C5_dual,5,8,GI,KZ,17,19,0.142728,0.5278,0.28
2023,44,C5_dual,6,7,HZ,JZ,18,19,0.142728,0.5278,0.28
2023,44,C5_dual,7,8,JZ,KZ,19,19,0.142728,0.5278,0.48
2023,45,C5_dual,0,2,AZ,C,1,16,0.152108,0.4444,0.56
2023,45,C5_dual,0,5,AZ,GI,2,16,0.152108,0.4444,0.72
2023,45,C5_dual,0,6,AZ,HZ,3,16,0.152108,0.4444,0.24
2023,45,C5_dual,0,7,AZ,JZ,4,16,0.152108,0.4444,0.52
2023,45,C5_dual,1,2,BE,C,5,16,0.152108,0.4444,0.64
2023,45,C5_dual,1,6,BE,HZ,6,16,0.152108,0.4444,0.28
2023,45,C5_dual,1,8,BE,KZ,7,16,0.152108,0.4444,0.36
2023,45,C5_dual,2,7,C,JZ,8,16,0.152108,0.4444,0.48
2023,45,C5_dual,2,8,C,KZ,9,16,0.152108,0.4444,0.8
2023,45,C5_dual,3,4,DE,FZ,10,16,0.152108,0.4444,0.28
2023,45,C5_dual,3,5,DE,GI,11,16,0.152108,0.4444,0.24
2023,45,C5_dual,3,6,DE,HZ,12,16,0.152108,0.4444,0.6
2023,45,C5_dual,4,5,FZ,GI,13,16,0.152108,0.4444,0.4
2023,45,C5_dual,4,6,FZ,HZ,14,16,0.152108,0.4444,0.76
2023,45,C5_dual,6,8,HZ,KZ,15,16,0.152108,0.4444,0.76
2023,45,C5_dual,7,8,JZ,KZ,16,16,0.152108,0.4444,0.48
2023,46,C5_dual,0,2,AZ,C,1,17,0.132103,0.4722,0.56
2023,46,C5_dual,0,3,AZ,DE,2,17,0.132103,0.4722,0.72
2023,46,C5_dual,0,4,AZ,FZ,3,17,0.132103,0.4722,0.64
2023,46,C5_dual,0,7,AZ,JZ,4,17,0.132103,0.4722,0.52
2023,46,C5_dual,1,2,BE,C,5,17,0.132103,0.4722,0.64
2023,46,C5_dual,1,3,BE,DE,6,17,0.132103,0.4722,0.32
2023,46,C5_dual,1,4,BE,FZ,7,17,0.132103,0.4722,0.6
2023,46,C5_dual,1,7,BE,JZ,8,17,0.132103,0.4722,0.44
2023,46,C5_dual,2,6,C,HZ,9,17,0.132103,0.4722,0.64
2023,46,C5_dual,2,8,C,KZ,10,17,0.132103,0.4722,0.8
2023,46,C5_dual,3,6,DE,HZ,11,17,0.132103,0.4722,0.6
2023,46,C5_dual,4,7,FZ,JZ,12,17,0.132103,0.4722,0.56
2023,46,C5_dual,4,8,FZ,KZ,13,17,0.132103,0.4722,0.24
2023,46,C5_dual,5,6,GI,HZ,14,17,0.132103,0.4722,0.68
2023,46,C5_dual,5,7,GI,JZ,15,17,0.132103,0.4722,0.68
2023,46,C5_dual,5,8,GI,KZ,16,17,0.132103,0.4722,0.28
2023,46,C5_dual,6,8,HZ,KZ,17,17,0.132103,0.4722,0.76
2024,42,C5_dual,0,1,AZ,BE,1,19,0.137161,0.5278,0.16
2024,42,C5_dual,0,3,AZ,DE,2,19,0.137161,0.5278,0.72
2024,42,C5_dual,0,5,AZ,GI,3,19,0.137161,0.5278,0.72
2024,42,C5_dual,0,7,AZ,JZ,4,19,0.137161,0.5278,0.52
2024,42,C5_dual,0,8,AZ,KZ,5,19,0.137161,0.5278,0.4
2024,42,C5_dual,1,5,BE,GI,6,19,0.137161,0.5278,0.52
2024,42,C5_dual,1,6,BE,HZ,7,19,0.137161,0.5278,0.28
2024,42,C5_dual,1,7,BE,JZ,8,19,0.137161,0.5278,0.44
2024,42,C5_dual,2,3,C,DE,9,19,0.137161,0.5278,0.64
2024,42,C5_dual,2,4,C,FZ,10,19,0.137161,0.5278,0.6
2024,42,C5_dual,2,5,C,GI,11,19,0.137161,0.5278,0.48
2024,42,C5_dual,2,6,C,HZ,12,19,0.137161,0.5278,0.64
2024,42,C5_dual,2,7,C,JZ,13,19,0.137161,0.5278,0.48
2024,42,C5_dual,2,8,C,KZ,14,19,0.137161,0.5278,0.8
2024,42,C5_dual,3,7,DE,JZ,15,19,0.137161,0.5278,0.52
2024,42,C5_dual,4,5,FZ,GI,16,19,0.137161,0.5278,0.4
2024,42,C5_dual,4,6,FZ,HZ,17,19,0.137161,0.5278,0.76
2024,42,C5_dual,4,7,FZ,JZ,18,19,0.137161,0.5278,0.56
2024,42,C5_dual,7,8,JZ,KZ,19,19,0.137161,0.5278,0.48
2024,43,C5_dual,0,3,AZ,DE,1,18,0.13581,0.5,0.72
2024,43,C5_dual,0,4,AZ,FZ,2,18,0.13581,0.5,0.64
2024,43,C5_dual,0,5,AZ,GI,3,18,0.13581,0.5,0.72
2024,43,C5_dual,1,2,BE,C,4,18,0.13581,0.5,0.64
2024,43,C5_dual,1,4,BE,FZ,5,18,0.13581,0.5,0.6
2024,43,C5_dual,1,5,BE,GI,6,18,0.13581,0.5,0.52
2024,43,C5_dual,2,3,C,DE,7,18,0.13581,0.5,0.64
2024,43,C5_dual,2,4,C,FZ,8,18,0.13581,0.5,0.6
2024,43,C5_dual,2,5,C,GI,9,18,0.13581,0.5,0.48
2024,43,C5_dual,2,6,C,HZ,10,18,0.13581,0.5,0.64
2024,43,C5_dual,2,8,C,KZ,11,18,0.13581,0.5,0.8
2024,43,C5_dual,3,7,DE,JZ,12,18,0.13581,0.5,0.52
2024,43,C5_dual,4,6,FZ,HZ,13,18,0.13581,0.5,0.76
2024,43,C5_dual,4,7,FZ,JZ,14,18,0.13581,0.5,0.56
2024,43,C5_dual,4,8,FZ,KZ,15,18,0.13581,0.5,0.24
2024,43,C5_dual,5,6,GI,HZ,16,18,0.13581,0.5,0.68
2024,43,C5_dual,5,7,GI,JZ,17,18,0.13581,0.5,0.68
2024,43,C5_dual,6,8,HZ,KZ,18,18,0.13581,0.5,0.76
2024,44,C5_dual,0,2,AZ,C,1,18,0.129052,0.5,0.56
2024,44,C5_dual,0,4,AZ,FZ,2,18,0.129052,0.5,0.64
2024,44,C5_dual,0,5,AZ,GI,3,18,0.129052,0.5,0.72
2024,44,C5_dual,0,7,AZ,JZ,4,18,0.129052,0.5,0.52
2024,44,C5_dual,1,2,BE,C,5,18,0.129052,0.5,0.64
2024,44,C5_dual,1,4,BE,FZ,6,18,0.129052,0.5,0.6
2024,44,C5_dual,1,7,BE,JZ,7,18,0.129052,0.5,0.44
2024,44,C5_dual,2,3,C,DE,8,18,0.129052,0.5,0.64
2024,44,C5_dual,2,5,C,GI,9,18,0.129052,0.5,0.48
2024,44,C5_dual,2,6,C,HZ,10,18,0.129052,0.5,0.64
2024,44,C5_dual,2,8,C,KZ,11,18,0.129052,0.5,0.8
2024,44,C5_dual,3,6,DE,HZ,12,18,0.129052,0.5,0.6
2024,44,C5_dual,3,8,DE,KZ,13,18,0.129052,0.5,0.12
2024,44,C5_dual,4,6,FZ,HZ,14,18,0.129052,0.5,0.76
2024,44,C5_dual,5,6,GI,HZ,15,18,0.129052,0.5,0.68
2024,44,C5_dual,6,7,HZ,JZ,16,18,0.129052,0.5,0.28
2024,44,C5_dual,6,8,HZ,KZ,17,18,0.129052,0.5,0.76
2024,44,C5_dual,7,8,JZ,KZ,18,18,0.129052,0.5,0.48
2024,45,C5_dual,0,2,AZ,C,1,19,0.134784,0.5278,0.56
2024,45,C5_dual,0,3,AZ,DE,2,19,0.134784,0.5278,0.72
2024,45,C5_dual,0,4,AZ,FZ,3,19,0.134784,0.5278,0.64
2024,45,C5_dual,0,6,AZ,HZ,4,19,0.134784,0.5278,0.24
2024,45,C5_dual,0,7,AZ,JZ,5,19,0.134784,0.5278,0.52
2024,45,C5_dual,1,5,BE,GI,6,19,0.134784,0.5278,0.52
2024,45,C5_dual,1,6,BE,HZ,7,19,0.134784,0.5278,0.28
2024,45,C5_dual,1,8,BE,KZ,8,19,0.134784,0.5278,0.36
2024,45,C5_dual,2,5,C,GI,9,19,0.134784,0.5278,0.48
2024,45,C5_dual,2,6,C,HZ,10,19,0.134784,0.5278,0.64
2024,45,C5_dual,3,5,DE,GI,11,19,0.134784,0.5278,0.24
2024,45,C5_dual,3,6,DE,HZ,12,19,0.134784,0.5278,0.6
2024,45,C5_dual,4,5,FZ,GI,13,19,0.134784,0.5278,0.4
2024,45,C5_dual,4,6,FZ,HZ,14,19,0.134784,0.5278,0.76
2024,45,C5_dual,5,6,GI,HZ,15,19,0.134784,0.5278,0.68
2024,45,C5_dual,5,7,GI,JZ,16,19,0.134784,0.5278,0.68
2024,45,C5_dual,5,8,GI,KZ,17,19,0.134784,0.5278,0.28
2024,45,C5_dual,6,7,HZ,JZ,18,19,0.134784,0.5278,0.28
2024,45,C5_dual,6,8,HZ,KZ,19,19,0.134784,0.5278,0.76
2024,46,C5_dual,0,2,AZ,C,1,16,0.130295,0.4444,0.56
2024,46,C5_dual,0,3,AZ,DE,2,16,0.130295,0.4444,0.72
2024,46,C5_dual,0,4,AZ,FZ,3,16,0.130295,0.4444,0.64
2024,46,C5_dual,0,7,AZ,JZ,4,16,0.130295,0.4444,0.52
2024,46,C5_dual,0,8,AZ,KZ,5,16,0.130295,0.4444,0.4
2024,46,C5_dual,1,2,BE,C,6,16,0.130295,0.4444,0.64
2024,46,C5_dual,1,3,BE,DE,7,16,0.130295,0.4444,0.32
2024,46,C5_dual,1,4,BE,FZ,8,16,0.130295,0.4444,0.6
2024,46,C5_dual,2,6,C,HZ,9,16,0.130295,0.4444,0.64
2024,46,C5_dual,2,8,C,KZ,10,16,0.130295,0.4444,0.8
2024,46,C5_dual,3,7,DE,JZ,11,16,0.130295,0.4444,0.52
2024,46,C5_dual,4,7,FZ,JZ,12,16,0.130295,0.4444,0.56
2024,46,C5_dual,5,6,GI,HZ,13,16,0.130295,0.4444,0.68
2024,46,C5_dual,5,7,GI,JZ,14,16,0.130295,0.4444,0.68
2024,46,C5_dual,5,8,GI,KZ,15,16,0.130295,0.4444,0.28
2024,46,C5_dual,6,8,HZ,KZ,16,16,0.130295,0.4444,0.76
2025,42,C5_dual,0,1,AZ,BE,1,18,0.138197,0.5,0.16
2025,42,C5_dual,0,3,AZ,DE,2,18,0.138197,0.5,0.72
2025,42,C5_dual,0,5,AZ,GI,3,18,0.138197,0.5,0.72
2025,42,C5_dual,0,7,AZ,JZ,4,18,0.138197,0.5,0.52
2025,42,C5_dual,0,8,AZ,KZ,5,18,0.138197,0.5,0.4
2025,42,C5_dual,1,5,BE,GI,6,18,0.138197,0.5,0.52
2025,42,C5_dual,1,6,BE,HZ,7,18,0.138197,0.5,0.28
2025,42,C5_dual,1,7,BE,JZ,8,18,0.138197,0.5,0.44
2025,42,C5_dual,2,3,C,DE,9,18,0.138197,0.5,0.64
2025,42,C5_dual,2,4,C,FZ,10,18,0.138197,0.5,0.6
2025,42,C5_dual,2,5,C,GI,11,18,0.138197,0.5,0.48
2025,42,C5_dual,2,6,C,HZ,12,18,0.138197,0.5,0.64
2025,42,C5_dual,2,7,C,JZ,13,18,0.138197,0.5,0.48
2025,42,C5_dual,2,8,C,KZ,14,18,0.138197,0.5,0.8
2025,42,C5_dual,3,7,DE,JZ,15,18,0.138197,0.5,0.52
2025,42,C5_dual,4,6,FZ,HZ,16,18,0.138197,0.5,0.76
2025,42,C5_dual,4,7,FZ,JZ,17,18,0.138197,0.5,0.56
2025,42,C5_dual,7,8,JZ,KZ,18,18,0.138197,0.5,0.48
2025,43,C5_dual,0,3,AZ,DE,1,17,0.138996,0.4722,0.72
2025,43,C5_dual,0,4,AZ,FZ,2,17,0.138996,0.4722,0.64
2025,43,C5_dual,0,5,AZ,GI,3,17,0.138996,0.4722,0.72
2025,43,C5_dual,0,8,AZ,KZ,4,17,0.138996,0.4722,0.4
2025,43,C5_dual,1,2,BE,C,5,17,0.138996,0.4722,0.64
2025,43,C5_dual,1,4,BE,FZ,6,17,0.138996,0.4722,0.6
2025,43,C5_dual,1,5,BE,GI,7,17,0.138996,0.4722,0.52
2025,43,C5_dual,2,3,C,DE,8,17,0.138996,0.4722,0.64
2025,43,C5_dual,2,4,C,FZ,9,17,0.138996,0.4722,0.6
2025,43,C5_dual,2,6,C,HZ,10,17,0.138996,0.4722,0.64
2025,43,C5_dual,2,7,C,JZ,11,17,0.138996,0.4722,0.48
2025,43,C5_dual,2,8,C,KZ,12,17,0.138996,0.4722,0.8
2025,43,C5_dual,3,7,DE,JZ,13,17,0.138996,0.4722,0.52
2025,43,C5_dual,4,6,FZ,HZ,14,17,0.138996,0.4722,0.76
2025,43,C5_dual,5,6,GI,HZ,15,17,0.138996,0.4722,0.68
2025,43,C5_dual,5,7,GI,JZ,16,17,0.138996,0.4722,0.68
2025,43,C5_dual,6,8,HZ,KZ,17,17,0.138996,0.4722,0.76
2025,44,C5_dual,0,3,AZ,DE,1,18,0.132394,0.5,0.72
2025,44,C5_dual,0,4,AZ,FZ,2,18,0.132394,0.5,0.64
2025,44,C5_dual,0,5,AZ,GI,3,18,0.132394,0.5,0.72
2025,44,C5_dual,0,8,AZ,KZ,4,18,0.132394,0.5,0.4
2025,44,C5_dual,1,4,BE,FZ,5,18,0.132394,0.5,0.6
2025,44,C5_dual,1,5,BE,GI,6,18,0.132394,0.5,0.52
2025,44,C5_dual,1,7,BE,JZ,7,18,0.132394,0.5,0.44
2025,44,C5_dual,2,3,C,DE,8,18,0.132394,0.5,0.64
2025,44,C5_dual,2,4,C,FZ,9,18,0.132394,0.5,0.6
2025,44,C5_dual,2,7,C,JZ,10,18,0.132394,0.5,0.48
2025,44,C5_dual,3,6,DE,HZ,11,18,0.132394,0.5,0.6
2025,44,C5_dual,4,6,FZ,HZ,12,18,0.132394,0.5,0.76
2025,44,C5_dual,4,7,FZ,JZ,13,18,0.132394,0.5,0.56
2025,44,C5_dual,4,8,FZ,KZ,14,18,0.132394,0.5,0.24
2025,44,C5_dual,5,6,GI,HZ,15,18,0.132394,0.5,0.68
2025,44,C5_dual,5,7,GI,JZ,16,18,0.132394,0.5,0.68
2025,44,C5_dual,5,8,GI,KZ,17,18,0.132394,0.5,0.28
2025,44,C5_dual,7,8,JZ,KZ,18,18,0.132394,0.5,0.48
2025,45,C5_dual,0,2,AZ,C,1,16,0.151582,0.4444,0.56
2025,45,C5_dual,0,5,AZ,GI,2,16,0.151582,0.4444,0.72
2025,45,C5_dual,0,6,AZ,HZ,3,16,0.151582,0.4444,0.24
2025,45,C5_dual,0,7,AZ,JZ,4,16,0.151582,0.4444,0.52
2025,45,C5_dual,1,2,BE,C,5,16,0.151582,0.4444,0.64
2025,45,C5_dual,1,6,BE,HZ,6,16,0.151582,0.4444,0.28
2025,45,C5_dual,1,7,BE,JZ,7,16,0.151582,0.4444,0.44
2025,45,C5_dual,1,8,BE,KZ,8,16,0.151582,0.4444,0.36
2025,45,C5_dual,2,8,C,KZ,9,16,0.151582,0.4444,0.8
2025,45,C5_dual,3,4,DE,FZ,10,16,0.151582,0.4444,0.28
2025,45,C5_dual,3,5,DE,GI,11,16,0.151582,0.4444,0.24
2025,45,C5_dual,3,6,DE,HZ,12,16,0.151582,0.4444,0.6
2025,45,C5_dual,4,5,FZ,GI,13,16,0.151582,0.4444,0.4
2025,45,C5_dual,4,6,FZ,HZ,14,16,0.151582,0.4444,0.76
2025,45,C5_dual,6,8,HZ,KZ,15,16,0.151582,0.4444,0.76
2025,45,C5_dual,7,8,JZ,KZ,16,16,0.151582,0.4444,0.48
2025,46,C5_dual,0,2,AZ,C,1,19,0.152517,0.5278,0.56
2025,46,C5_dual,0,3,AZ,DE,2,19,0.152517,0.5278,0.72
2025,46,C5_dual,0,4,AZ,FZ,3,19,0.152517,0.5278,0.64
2025,46,C5_dual,1,3,BE,DE,4,19,0.152517,0.5278,0.32
2025,46,C5_dual,1,4,BE,FZ,5,19,0.152517,0.5278,0.6
2025,46,C5_dual,1,8,BE,KZ,6,19,0.152517,0.5278,0.36
2025,46,C5_dual,2,3,C,DE,7,19,0.152517,0.5278,0.64
2025,46,C5_dual,2,4,C,FZ,8,19,0.152517,0.5278,0.6
2025,46,C5_dual,2,5,C,GI,9,19,0.152517,0.5278,0.48
2025,46,C5_dual,2,6,C,HZ,10,19,0.152517,0.5278,0.64
2025,46,C5_dual,2,8,C,KZ,11,19,0.152517,0.5278,0.8
2025,46,C5_dual,3,4,DE,FZ,12,19,0.152517,0.5278,0.28
2025,46,C5_dual,3,6,DE,HZ,13,19,0.152517,0.5278,0.6
2025,46,C5_dual,3,7,DE,JZ,14,19,0.152517,0.5278,0.52
2025,46,C5_dual,3,8,DE,KZ,15,19,0.152517,0.5278,0.12
2025,46,C5_dual,4,7,FZ,JZ,16,19,0.152517,0.5278,0.56
2025,46,C5_dual,5,6,GI,HZ,17,19,0.152517,0.5278,0.68
2025,46,C5_dual,5,7,GI,JZ,18,19,0.152517,0.5278,0.68
2025,46,C5_dual,6,8,HZ,KZ,19,19,0.152517,0.5278,0.76
2021,42,C6_territory_temporal_perm,0,3,AZ,DE,1,18,0.151939,0.5,
2021,42,C6_territory_temporal_perm,0,5,AZ,GI,2,18,0.151939,0.5,
2021,42,C6_territory_temporal_perm,0,7,AZ,JZ,3,18,0.151939,0.5,
2021,42,C6_territory_temporal_perm,0,8,AZ,KZ,4,18,0.151939,0.5,
2021,42,C6_territory_temporal_perm,1,3,BE,DE,5,18,0.151939,0.5,
2021,42,C6_territory_temporal_perm,1,4,BE,FZ,6,18,0.151939,0.5,
2021,42,C6_territory_temporal_perm,1,5,BE,GI,7,18,0.151939,0.5,
2021,42,C6_territory_temporal_perm,1,8,BE,KZ,8,18,0.151939,0.5,
2021,42,C6_territory_temporal_perm,2,4,C,FZ,9,18,0.151939,0.5,
2021,42,C6_territory_temporal_perm,2,5,C,GI,10,18,0.151939,0.5,
2021,42,C6_territory_temporal_perm,2,7,C,JZ,11,18,0.151939,0.5,
2021,42,C6_territory_temporal_perm,2,8,C,KZ,12,18,0.151939,0.5,
2021,42,C6_territory_temporal_perm,3,6,DE,HZ,13,18,0.151939,0.5,
2021,42,C6_territory_temporal_perm,3,7,DE,JZ,14,18,0.151939,0.5,
2021,42,C6_territory_temporal_perm,4,6,FZ,HZ,15,18,0.151939,0.5,
2021,42,C6_territory_temporal_perm,4,7,FZ,JZ,16,18,0.151939,0.5,
2021,42,C6_territory_temporal_perm,5,6,GI,HZ,17,18,0.151939,0.5,
2021,42,C6_territory_temporal_perm,5,7,GI,JZ,18,18,0.151939,0.5,
2021,43,C6_territory_temporal_perm,0,3,AZ,DE,1,17,0.136166,0.4722,
2021,43,C6_territory_temporal_perm,0,4,AZ,FZ,2,17,0.136166,0.4722,
2021,43,C6_territory_temporal_perm,0,5,AZ,GI,3,17,0.136166,0.4722,
2021,43,C6_territory_temporal_perm,1,2,BE,C,4,17,0.136166,0.4722,
2021,43,C6_territory_temporal_perm,1,4,BE,FZ,5,17,0.136166,0.4722,
2021,43,C6_territory_temporal_perm,1,5,BE,GI,6,17,0.136166,0.4722,
2021,43,C6_territory_temporal_perm,2,3,C,DE,7,17,0.136166,0.4722,
2021,43,C6_territory_temporal_perm,2,5,C,GI,8,17,0.136166,0.4722,
2021,43,C6_territory_temporal_perm,2,6,C,HZ,9,17,0.136166,0.4722,
2021,43,C6_territory_temporal_perm,2,8,C,KZ,10,17,0.136166,0.4722,
2021,43,C6_territory_temporal_perm,3,7,DE,JZ,11,17,0.136166,0.4722,
2021,43,C6_territory_temporal_perm,4,6,FZ,HZ,12,17,0.136166,0.4722,
2021,43,C6_territory_temporal_perm,4,7,FZ,JZ,13,17,0.136166,0.4722,
2021,43,C6_territory_temporal_perm,5,6,GI,HZ,14,17,0.136166,0.4722,
2021,43,C6_territory_temporal_perm,5,7,GI,JZ,15,17,0.136166,0.4722,
2021,43,C6_territory_temporal_perm,6,8,HZ,KZ,16,17,0.136166,0.4722,
2021,43,C6_territory_temporal_perm,7,8,JZ,KZ,17,17,0.136166,0.4722,
2021,44,C6_territory_temporal_perm,0,2,AZ,C,1,17,0.129611,0.4722,
2021,44,C6_territory_temporal_perm,0,3,AZ,DE,2,17,0.129611,0.4722,
2021,44,C6_territory_temporal_perm,0,4,AZ,FZ,3,17,0.129611,0.4722,
2021,44,C6_territory_temporal_perm,0,7,AZ,JZ,4,17,0.129611,0.4722,
2021,44,C6_territory_temporal_perm,1,2,BE,C,5,17,0.129611,0.4722,
2021,44,C6_territory_temporal_perm,1,4,BE,FZ,6,17,0.129611,0.4722,
2021,44,C6_territory_temporal_perm,1,7,BE,JZ,7,17,0.129611,0.4722,
2021,44,C6_territory_temporal_perm,2,3,C,DE,8,17,0.129611,0.4722,
2021,44,C6_territory_temporal_perm,2,4,C,FZ,9,17,0.129611,0.4722,
2021,44,C6_territory_temporal_perm,2,5,C,GI,10,17,0.129611,0.4722,
2021,44,C6_territory_temporal_perm,2,8,C,KZ,11,17,0.129611,0.4722,
2021,44,C6_territory_temporal_perm,3,6,DE,HZ,12,17,0.129611,0.4722,
2021,44,C6_territory_temporal_perm,4,6,FZ,HZ,13,17,0.129611,0.4722,
2021,44,C6_territory_temporal_perm,5,6,GI,HZ,14,17,0.129611,0.4722,
2021,44,C6_territory_temporal_perm,5,8,GI,KZ,15,17,0.129611,0.4722,
2021,44,C6_territory_temporal_perm,6,7,HZ,JZ,16,17,0.129611,0.4722,
2021,44,C6_territory_temporal_perm,7,8,JZ,KZ,17,17,0.129611,0.4722,
2021,45,C6_territory_temporal_perm,0,2,AZ,C,1,15,0.150861,0.4167,
2021,45,C6_territory_temporal_perm,0,5,AZ,GI,2,15,0.150861,0.4167,
2021,45,C6_territory_temporal_perm,0,6,AZ,HZ,3,15,0.150861,0.4167,
2021,45,C6_territory_temporal_perm,1,2,BE,C,4,15,0.150861,0.4167,
2021,45,C6_territory_temporal_perm,1,6,BE,HZ,5,15,0.150861,0.4167,
2021,45,C6_territory_temporal_perm,1,7,BE,JZ,6,15,0.150861,0.4167,
2021,45,C6_territory_temporal_perm,2,7,C,JZ,7,15,0.150861,0.4167,
2021,45,C6_territory_temporal_perm,2,8,C,KZ,8,15,0.150861,0.4167,
2021,45,C6_territory_temporal_perm,3,4,DE,FZ,9,15,0.150861,0.4167,
2021,45,C6_territory_temporal_perm,3,5,DE,GI,10,15,0.150861,0.4167,
2021,45,C6_territory_temporal_perm,3,6,DE,HZ,11,15,0.150861,0.4167,
2021,45,C6_territory_temporal_perm,4,5,FZ,GI,12,15,0.150861,0.4167,
2021,45,C6_territory_temporal_perm,4,6,FZ,HZ,13,15,0.150861,0.4167,
2021,45,C6_territory_temporal_perm,6,8,HZ,KZ,14,15,0.150861,0.4167,
2021,45,C6_territory_temporal_perm,7,8,JZ,KZ,15,15,0.150861,0.4167,
2021,46,C6_territory_temporal_perm,0,2,AZ,C,1,17,0.131713,0.4722,
2021,46,C6_territory_temporal_perm,0,3,AZ,DE,2,17,0.131713,0.4722,
2021,46,C6_territory_temporal_perm,0,4,AZ,FZ,3,17,0.131713,0.4722,
2021,46,C6_territory_temporal_perm,0,8,AZ,KZ,4,17,0.131713,0.4722,
2021,46,C6_territory_temporal_perm,1,2,BE,C,5,17,0.131713,0.4722,
2021,46,C6_territory_temporal_perm,1,3,BE,DE,6,17,0.131713,0.4722,
2021,46,C6_territory_temporal_perm,1,4,BE,FZ,7,17,0.131713,0.4722,
2021,46,C6_territory_temporal_perm,1,7,BE,JZ,8,17,0.131713,0.4722,
2021,46,C6_territory_temporal_perm,2,6,C,HZ,9,17,0.131713,0.4722,
2021,46,C6_territory_temporal_perm,2,8,C,KZ,10,17,0.131713,0.4722,
2021,46,C6_territory_temporal_perm,3,7,DE,JZ,11,17,0.131713,0.4722,
2021,46,C6_territory_temporal_perm,4,7,FZ,JZ,12,17,0.131713,0.4722,
2021,46,C6_territory_temporal_perm,5,6,GI,HZ,13,17,0.131713,0.4722,
2021,46,C6_territory_temporal_perm,5,7,GI,JZ,14,17,0.131713,0.4722,
2021,46,C6_territory_temporal_perm,5,8,GI,KZ,15,17,0.131713,0.4722,
2021,46,C6_territory_temporal_perm,6,7,HZ,JZ,16,17,0.131713,0.4722,
2021,46,C6_territory_temporal_perm,7,8,JZ,KZ,17,17,0.131713,0.4722,
2022,42,C6_territory_temporal_perm,0,1,AZ,BE,1,16,0.132182,0.4444,
2022,42,C6_territory_temporal_perm,0,3,AZ,DE,2,16,0.132182,0.4444,
2022,42,C6_territory_temporal_perm,0,5,AZ,GI,3,16,0.132182,0.4444,
2022,42,C6_territory_temporal_perm,0,8,AZ,KZ,4,16,0.132182,0.4444,
2022,42,C6_territory_temporal_perm,1,2,BE,C,5,16,0.132182,0.4444,
2022,42,C6_territory_temporal_perm,1,7,BE,JZ,6,16,0.132182,0.4444,
2022,42,C6_territory_temporal_perm,2,3,C,DE,7,16,0.132182,0.4444,
2022,42,C6_territory_temporal_perm,2,4,C,FZ,8,16,0.132182,0.4444,
2022,42,C6_territory_temporal_perm,2,5,C,GI,9,16,0.132182,0.4444,
2022,42,C6_territory_temporal_perm,2,8,C,KZ,10,16,0.132182,0.4444,
2022,42,C6_territory_temporal_perm,3,6,DE,HZ,11,16,0.132182,0.4444,
2022,42,C6_territory_temporal_perm,4,6,FZ,HZ,12,16,0.132182,0.4444,
2022,42,C6_territory_temporal_perm,4,7,FZ,JZ,13,16,0.132182,0.4444,
2022,42,C6_territory_temporal_perm,5,6,GI,HZ,14,16,0.132182,0.4444,
2022,42,C6_territory_temporal_perm,5,7,GI,JZ,15,16,0.132182,0.4444,
2022,42,C6_territory_temporal_perm,6,8,HZ,KZ,16,16,0.132182,0.4444,
2022,43,C6_territory_temporal_perm,0,1,AZ,BE,1,19,0.127667,0.5278,
2022,43,C6_territory_temporal_perm,0,4,AZ,FZ,2,19,0.127667,0.5278,
2022,43,C6_territory_temporal_perm,0,6,AZ,HZ,3,19,0.127667,0.5278,
2022,43,C6_territory_temporal_perm,1,2,BE,C,4,19,0.127667,0.5278,
2022,43,C6_territory_temporal_perm,1,5,BE,GI,5,19,0.127667,0.5278,
2022,43,C6_territory_temporal_perm,1,7,BE,JZ,6,19,0.127667,0.5278,
2022,43,C6_territory_temporal_perm,1,8,BE,KZ,7,19,0.127667,0.5278,
2022,43,C6_territory_temporal_perm,2,3,C,DE,8,19,0.127667,0.5278,
2022,43,C6_territory_temporal_perm,2,6,C,HZ,9,19,0.127667,0.5278,
2022,43,C6_territory_temporal_perm,2,7,C,JZ,10,19,0.127667,0.5278,
2022,43,C6_territory_temporal_perm,3,4,DE,FZ,11,19,0.127667,0.5278,
2022,43,C6_territory_temporal_perm,3,5,DE,GI,12,19,0.127667,0.5278,
2022,43,C6_territory_temporal_perm,3,6,DE,HZ,13,19,0.127667,0.5278,
2022,43,C6_territory_temporal_perm,4,5,FZ,GI,14,19,0.127667,0.5278,
2022,43,C6_territory_temporal_perm,4,7,FZ,JZ,15,19,0.127667,0.5278,
2022,43,C6_territory_temporal_perm,4,8,FZ,KZ,16,19,0.127667,0.5278,
2022,43,C6_territory_temporal_perm,5,7,GI,JZ,17,19,0.127667,0.5278,
2022,43,C6_territory_temporal_perm,5,8,GI,KZ,18,19,0.127667,0.5278,
2022,43,C6_territory_temporal_perm,6,7,HZ,JZ,19,19,0.127667,0.5278,
2022,44,C6_territory_temporal_perm,0,3,AZ,DE,1,17,0.132438,0.4722,
2022,44,C6_territory_temporal_perm,0,4,AZ,FZ,2,17,0.132438,0.4722,
2022,44,C6_territory_temporal_perm,0,5,AZ,GI,3,17,0.132438,0.4722,
2022,44,C6_territory_temporal_perm,1,4,BE,FZ,4,17,0.132438,0.4722,
2022,44,C6_territory_temporal_perm,1,5,BE,GI,5,17,0.132438,0.4722,
2022,44,C6_territory_temporal_perm,1,7,BE,JZ,6,17,0.132438,0.4722,
2022,44,C6_territory_temporal_perm,2,3,C,DE,7,17,0.132438,0.4722,
2022,44,C6_territory_temporal_perm,2,4,C,FZ,8,17,0.132438,0.4722,
2022,44,C6_territory_temporal_perm,2,5,C,GI,9,17,0.132438,0.4722,
2022,44,C6_territory_temporal_perm,3,6,DE,HZ,10,17,0.132438,0.4722,
2022,44,C6_territory_temporal_perm,4,6,FZ,HZ,11,17,0.132438,0.4722,
2022,44,C6_territory_temporal_perm,4,8,FZ,KZ,12,17,0.132438,0.4722,
2022,44,C6_territory_temporal_perm,5,6,GI,HZ,13,17,0.132438,0.4722,
2022,44,C6_territory_temporal_perm,5,7,GI,JZ,14,17,0.132438,0.4722,
2022,44,C6_territory_temporal_perm,5,8,GI,KZ,15,17,0.132438,0.4722,
2022,44,C6_territory_temporal_perm,6,7,HZ,JZ,16,17,0.132438,0.4722,
2022,44,C6_territory_temporal_perm,7,8,JZ,KZ,17,17,0.132438,0.4722,
2022,45,C6_territory_temporal_perm,0,2,AZ,C,1,16,0.148463,0.4444,
2022,45,C6_territory_temporal_perm,0,5,AZ,GI,2,16,0.148463,0.4444,
2022,45,C6_territory_temporal_perm,0,6,AZ,HZ,3,16,0.148463,0.4444,
2022,45,C6_territory_temporal_perm,0,7,AZ,JZ,4,16,0.148463,0.4444,
2022,45,C6_territory_temporal_perm,1,2,BE,C,5,16,0.148463,0.4444,
2022,45,C6_territory_temporal_perm,1,6,BE,HZ,6,16,0.148463,0.4444,
2022,45,C6_territory_temporal_perm,1,8,BE,KZ,7,16,0.148463,0.4444,
2022,45,C6_territory_temporal_perm,2,7,C,JZ,8,16,0.148463,0.4444,
2022,45,C6_territory_temporal_perm,2,8,C,KZ,9,16,0.148463,0.4444,
2022,45,C6_territory_temporal_perm,3,4,DE,FZ,10,16,0.148463,0.4444,
2022,45,C6_territory_temporal_perm,3,5,DE,GI,11,16,0.148463,0.4444,
2022,45,C6_territory_temporal_perm,3,6,DE,HZ,12,16,0.148463,0.4444,
2022,45,C6_territory_temporal_perm,4,5,FZ,GI,13,16,0.148463,0.4444,
2022,45,C6_territory_temporal_perm,4,6,FZ,HZ,14,16,0.148463,0.4444,
2022,45,C6_territory_temporal_perm,6,8,HZ,KZ,15,16,0.148463,0.4444,
2022,45,C6_territory_temporal_perm,7,8,JZ,KZ,16,16,0.148463,0.4444,
2022,46,C6_territory_temporal_perm,0,2,AZ,C,1,16,0.134881,0.4444,
2022,46,C6_territory_temporal_perm,0,3,AZ,DE,2,16,0.134881,0.4444,
2022,46,C6_territory_temporal_perm,0,4,AZ,FZ,3,16,0.134881,0.4444,
2022,46,C6_territory_temporal_perm,0,6,AZ,HZ,4,16,0.134881,0.4444,
2022,46,C6_territory_temporal_perm,1,2,BE,C,5,16,0.134881,0.4444,
2022,46,C6_territory_temporal_perm,1,3,BE,DE,6,16,0.134881,0.4444,
2022,46,C6_territory_temporal_perm,1,4,BE,FZ,7,16,0.134881,0.4444,
2022,46,C6_territory_temporal_perm,2,6,C,HZ,8,16,0.134881,0.4444,
2022,46,C6_territory_temporal_perm,2,8,C,KZ,9,16,0.134881,0.4444,
2022,46,C6_territory_temporal_perm,3,7,DE,JZ,10,16,0.134881,0.4444,
2022,46,C6_territory_temporal_perm,4,7,FZ,JZ,11,16,0.134881,0.4444,
2022,46,C6_territory_temporal_perm,5,6,GI,HZ,12,16,0.134881,0.4444,
2022,46,C6_territory_temporal_perm,5,7,GI,JZ,13,16,0.134881,0.4444,
2022,46,C6_territory_temporal_perm,5,8,GI,KZ,14,16,0.134881,0.4444,
2022,46,C6_territory_temporal_perm,6,8,HZ,KZ,15,16,0.134881,0.4444,
2022,46,C6_territory_temporal_perm,7,8,JZ,KZ,16,16,0.134881,0.4444,
2023,42,C6_territory_temporal_perm,0,1,AZ,BE,1,19,0.151908,0.5278,
2023,42,C6_territory_temporal_perm,0,3,AZ,DE,2,19,0.151908,0.5278,
2023,42,C6_territory_temporal_perm,0,4,AZ,FZ,3,19,0.151908,0.5278,
2023,42,C6_territory_temporal_perm,0,5,AZ,GI,4,19,0.151908,0.5278,
2023,42,C6_territory_temporal_perm,0,7,AZ,JZ,5,19,0.151908,0.5278,
2023,42,C6_territory_temporal_perm,0,8,AZ,KZ,6,19,0.151908,0.5278,
2023,42,C6_territory_temporal_perm,1,3,BE,DE,7,19,0.151908,0.5278,
2023,42,C6_territory_temporal_perm,1,4,BE,FZ,8,19,0.151908,0.5278,
2023,42,C6_territory_temporal_perm,1,5,BE,GI,9,19,0.151908,0.5278,
2023,42,C6_territory_temporal_perm,1,8,BE,KZ,10,19,0.151908,0.5278,
2023,42,C6_territory_temporal_perm,2,4,C,FZ,11,19,0.151908,0.5278,
2023,42,C6_territory_temporal_perm,2,6,C,HZ,12,19,0.151908,0.5278,
2023,42,C6_territory_temporal_perm,2,7,C,JZ,13,19,0.151908,0.5278,
2023,42,C6_territory_temporal_perm,2,8,C,KZ,14,19,0.151908,0.5278,
2023,42,C6_territory_temporal_perm,3,6,DE,HZ,15,19,0.151908,0.5278,
2023,42,C6_territory_temporal_perm,3,7,DE,JZ,16,19,0.151908,0.5278,
2023,42,C6_territory_temporal_perm,4,5,FZ,GI,17,19,0.151908,0.5278,
2023,42,C6_territory_temporal_perm,5,7,GI,JZ,18,19,0.151908,0.5278,
2023,42,C6_territory_temporal_perm,6,7,HZ,JZ,19,19,0.151908,0.5278,
2023,43,C6_territory_temporal_perm,0,3,AZ,DE,1,16,0.144424,0.4444,
2023,43,C6_territory_temporal_perm,0,4,AZ,FZ,2,16,0.144424,0.4444,
2023,43,C6_territory_temporal_perm,0,5,AZ,GI,3,16,0.144424,0.4444,
2023,43,C6_territory_temporal_perm,0,8,AZ,KZ,4,16,0.144424,0.4444,
2023,43,C6_territory_temporal_perm,1,2,BE,C,5,16,0.144424,0.4444,
2023,43,C6_territory_temporal_perm,1,4,BE,FZ,6,16,0.144424,0.4444,
2023,43,C6_territory_temporal_perm,1,6,BE,HZ,7,16,0.144424,0.4444,
2023,43,C6_territory_temporal_perm,2,3,C,DE,8,16,0.144424,0.4444,
2023,43,C6_territory_temporal_perm,2,4,C,FZ,9,16,0.144424,0.4444,
2023,43,C6_territory_temporal_perm,2,7,C,JZ,10,16,0.144424,0.4444,
2023,43,C6_territory_temporal_perm,2,8,C,KZ,11,16,0.144424,0.4444,
2023,43,C6_territory_temporal_perm,3,7,DE,JZ,12,16,0.144424,0.4444,
2023,43,C6_territory_temporal_perm,4,6,FZ,HZ,13,16,0.144424,0.4444,
2023,43,C6_territory_temporal_perm,5,6,GI,HZ,14,16,0.144424,0.4444,
2023,43,C6_territory_temporal_perm,5,7,GI,JZ,15,16,0.144424,0.4444,
2023,43,C6_territory_temporal_perm,6,8,HZ,KZ,16,16,0.144424,0.4444,
2023,44,C6_territory_temporal_perm,0,2,AZ,C,1,18,0.129956,0.5,
2023,44,C6_territory_temporal_perm,0,3,AZ,DE,2,18,0.129956,0.5,
2023,44,C6_territory_temporal_perm,0,4,AZ,FZ,3,18,0.129956,0.5,
2023,44,C6_territory_temporal_perm,0,7,AZ,JZ,4,18,0.129956,0.5,
2023,44,C6_territory_temporal_perm,1,2,BE,C,5,18,0.129956,0.5,
2023,44,C6_territory_temporal_perm,1,4,BE,FZ,6,18,0.129956,0.5,
2023,44,C6_territory_temporal_perm,1,5,BE,GI,7,18,0.129956,0.5,
2023,44,C6_territory_temporal_perm,1,7,BE,JZ,8,18,0.129956,0.5,
2023,44,C6_territory_temporal_perm,2,3,C,DE,9,18,0.129956,0.5,
2023,44,C6_territory_temporal_perm,2,4,C,FZ,10,18,0.129956,0.5,
2023,44,C6_territory_temporal_perm,2,5,C,GI,11,18,0.129956,0.5,
2023,44,C6_territory_temporal_perm,2,8,C,KZ,12,18,0.129956,0.5,
2023,44,C6_territory_temporal_perm,3,6,DE,HZ,13,18,0.129956,0.5,
2023,44,C6_territory_temporal_perm,4,6,FZ,HZ,14,18,0.129956,0.5,
2023,44,C6_territory_temporal_perm,5,6,GI,HZ,15,18,0.129956,0.5,
2023,44,C6_territory_temporal_perm,6,7,HZ,JZ,16,18,0.129956,0.5,
2023,44,C6_territory_temporal_perm,6,8,HZ,KZ,17,18,0.129956,0.5,
2023,44,C6_territory_temporal_perm,7,8,JZ,KZ,18,18,0.129956,0.5,
2023,45,C6_territory_temporal_perm,0,2,AZ,C,1,16,0.134953,0.4444,
2023,45,C6_territory_temporal_perm,0,6,AZ,HZ,2,16,0.134953,0.4444,
2023,45,C6_territory_temporal_perm,0,7,AZ,JZ,3,16,0.134953,0.4444,
2023,45,C6_territory_temporal_perm,1,2,BE,C,4,16,0.134953,0.4444,
2023,45,C6_territory_temporal_perm,1,6,BE,HZ,5,16,0.134953,0.4444,
2023,45,C6_territory_temporal_perm,1,8,BE,KZ,6,16,0.134953,0.4444,
2023,45,C6_territory_temporal_perm,2,7,C,JZ,7,16,0.134953,0.4444,
2023,45,C6_territory_temporal_perm,2,8,C,KZ,8,16,0.134953,0.4444,
2023,45,C6_territory_temporal_perm,3,4,DE,FZ,9,16,0.134953,0.4444,
2023,45,C6_territory_temporal_perm,3,5,DE,GI,10,16,0.134953,0.4444,
2023,45,C6_territory_temporal_perm,3,6,DE,HZ,11,16,0.134953,0.4444,
2023,45,C6_territory_temporal_perm,4,5,FZ,GI,12,16,0.134953,0.4444,
2023,45,C6_territory_temporal_perm,4,6,FZ,HZ,13,16,0.134953,0.4444,
2023,45,C6_territory_temporal_perm,5,6,GI,HZ,14,16,0.134953,0.4444,
2023,45,C6_territory_temporal_perm,6,8,HZ,KZ,15,16,0.134953,0.4444,
2023,45,C6_territory_temporal_perm,7,8,JZ,KZ,16,16,0.134953,0.4444,
2023,46,C6_territory_temporal_perm,0,2,AZ,C,1,17,0.131812,0.4722,
2023,46,C6_territory_temporal_perm,0,3,AZ,DE,2,17,0.131812,0.4722,
2023,46,C6_territory_temporal_perm,0,4,AZ,FZ,3,17,0.131812,0.4722,
2023,46,C6_territory_temporal_perm,0,7,AZ,JZ,4,17,0.131812,0.4722,
2023,46,C6_territory_temporal_perm,0,8,AZ,KZ,5,17,0.131812,0.4722,
2023,46,C6_territory_temporal_perm,1,2,BE,C,6,17,0.131812,0.4722,
2023,46,C6_territory_temporal_perm,1,3,BE,DE,7,17,0.131812,0.4722,
2023,46,C6_territory_temporal_perm,1,4,BE,FZ,8,17,0.131812,0.4722,
2023,46,C6_territory_temporal_perm,1,7,BE,JZ,9,17,0.131812,0.4722,
2023,46,C6_territory_temporal_perm,2,6,C,HZ,10,17,0.131812,0.4722,
2023,46,C6_territory_temporal_perm,2,8,C,KZ,11,17,0.131812,0.4722,
2023,46,C6_territory_temporal_perm,3,6,DE,HZ,12,17,0.131812,0.4722,
2023,46,C6_territory_temporal_perm,4,7,FZ,JZ,13,17,0.131812,0.4722,
2023,46,C6_territory_temporal_perm,5,6,GI,HZ,14,17,0.131812,0.4722,
2023,46,C6_territory_temporal_perm,5,7,GI,JZ,15,17,0.131812,0.4722,
2023,46,C6_territory_temporal_perm,5,8,GI,KZ,16,17,0.131812,0.4722,
2023,46,C6_territory_temporal_perm,7,8,JZ,KZ,17,17,0.131812,0.4722,
2024,42,C6_territory_temporal_perm,0,1,AZ,BE,1,19,0.136624,0.5278,
2024,42,C6_territory_temporal_perm,0,3,AZ,DE,2,19,0.136624,0.5278,
2024,42,C6_territory_temporal_perm,0,5,AZ,GI,3,19,0.136624,0.5278,
2024,42,C6_territory_temporal_perm,0,8,AZ,KZ,4,19,0.136624,0.5278,
2024,42,C6_territory_temporal_perm,1,5,BE,GI,5,19,0.136624,0.5278,
2024,42,C6_territory_temporal_perm,1,6,BE,HZ,6,19,0.136624,0.5278,
2024,42,C6_territory_temporal_perm,1,7,BE,JZ,7,19,0.136624,0.5278,
2024,42,C6_territory_temporal_perm,2,3,C,DE,8,19,0.136624,0.5278,
2024,42,C6_territory_temporal_perm,2,4,C,FZ,9,19,0.136624,0.5278,
2024,42,C6_territory_temporal_perm,2,5,C,GI,10,19,0.136624,0.5278,
2024,42,C6_territory_temporal_perm,2,7,C,JZ,11,19,0.136624,0.5278,
2024,42,C6_territory_temporal_perm,2,8,C,KZ,12,19,0.136624,0.5278,
2024,42,C6_territory_temporal_perm,3,6,DE,HZ,13,19,0.136624,0.5278,
2024,42,C6_territory_temporal_perm,3,7,DE,JZ,14,19,0.136624,0.5278,
2024,42,C6_territory_temporal_perm,4,5,FZ,GI,15,19,0.136624,0.5278,
2024,42,C6_territory_temporal_perm,4,6,FZ,HZ,16,19,0.136624,0.5278,
2024,42,C6_territory_temporal_perm,4,7,FZ,JZ,17,19,0.136624,0.5278,
2024,42,C6_territory_temporal_perm,5,7,GI,JZ,18,19,0.136624,0.5278,
2024,42,C6_territory_temporal_perm,6,8,HZ,KZ,19,19,0.136624,0.5278,
2024,43,C6_territory_temporal_perm,0,3,AZ,DE,1,18,0.137715,0.5,
2024,43,C6_territory_temporal_perm,0,4,AZ,FZ,2,18,0.137715,0.5,
2024,43,C6_territory_temporal_perm,0,5,AZ,GI,3,18,0.137715,0.5,
2024,43,C6_territory_temporal_perm,1,2,BE,C,4,18,0.137715,0.5,
2024,43,C6_territory_temporal_perm,1,4,BE,FZ,5,18,0.137715,0.5,
2024,43,C6_territory_temporal_perm,1,5,BE,GI,6,18,0.137715,0.5,
2024,43,C6_territory_temporal_perm,2,3,C,DE,7,18,0.137715,0.5,
2024,43,C6_territory_temporal_perm,2,4,C,FZ,8,18,0.137715,0.5,
2024,43,C6_territory_temporal_perm,2,5,C,GI,9,18,0.137715,0.5,
2024,43,C6_territory_temporal_perm,2,6,C,HZ,10,18,0.137715,0.5,
2024,43,C6_territory_temporal_perm,2,7,C,JZ,11,18,0.137715,0.5,
2024,43,C6_territory_temporal_perm,2,8,C,KZ,12,18,0.137715,0.5,
2024,43,C6_territory_temporal_perm,3,7,DE,JZ,13,18,0.137715,0.5,
2024,43,C6_territory_temporal_perm,4,6,FZ,HZ,14,18,0.137715,0.5,
2024,43,C6_territory_temporal_perm,4,8,FZ,KZ,15,18,0.137715,0.5,
2024,43,C6_territory_temporal_perm,5,6,GI,HZ,16,18,0.137715,0.5,
2024,43,C6_territory_temporal_perm,5,7,GI,JZ,17,18,0.137715,0.5,
2024,43,C6_territory_temporal_perm,6,8,HZ,KZ,18,18,0.137715,0.5,
2024,44,C6_territory_temporal_perm,0,2,AZ,C,1,18,0.128978,0.5,
2024,44,C6_territory_temporal_perm,0,3,AZ,DE,2,18,0.128978,0.5,
2024,44,C6_territory_temporal_perm,0,4,AZ,FZ,3,18,0.128978,0.5,
2024,44,C6_territory_temporal_perm,0,7,AZ,JZ,4,18,0.128978,0.5,
2024,44,C6_territory_temporal_perm,1,2,BE,C,5,18,0.128978,0.5,
2024,44,C6_territory_temporal_perm,1,4,BE,FZ,6,18,0.128978,0.5,
2024,44,C6_territory_temporal_perm,1,7,BE,JZ,7,18,0.128978,0.5,
2024,44,C6_territory_temporal_perm,2,3,C,DE,8,18,0.128978,0.5,
2024,44,C6_territory_temporal_perm,2,4,C,FZ,9,18,0.128978,0.5,
2024,44,C6_territory_temporal_perm,2,5,C,GI,10,18,0.128978,0.5,
2024,44,C6_territory_temporal_perm,2,6,C,HZ,11,18,0.128978,0.5,
2024,44,C6_territory_temporal_perm,2,8,C,KZ,12,18,0.128978,0.5,
2024,44,C6_territory_temporal_perm,3,6,DE,HZ,13,18,0.128978,0.5,
2024,44,C6_territory_temporal_perm,4,6,FZ,HZ,14,18,0.128978,0.5,
2024,44,C6_territory_temporal_perm,5,6,GI,HZ,15,18,0.128978,0.5,
2024,44,C6_territory_temporal_perm,5,8,GI,KZ,16,18,0.128978,0.5,
2024,44,C6_territory_temporal_perm,6,7,HZ,JZ,17,18,0.128978,0.5,
2024,44,C6_territory_temporal_perm,7,8,JZ,KZ,18,18,0.128978,0.5,
2024,45,C6_territory_temporal_perm,0,2,AZ,C,1,18,0.134827,0.5,
2024,45,C6_territory_temporal_perm,0,3,AZ,DE,2,18,0.134827,0.5,
2024,45,C6_territory_temporal_perm,0,4,AZ,FZ,3,18,0.134827,0.5,
2024,45,C6_territory_temporal_perm,0,6,AZ,HZ,4,18,0.134827,0.5,
2024,45,C6_territory_temporal_perm,0,7,AZ,JZ,5,18,0.134827,0.5,
2024,45,C6_territory_temporal_perm,1,5,BE,GI,6,18,0.134827,0.5,
2024,45,C6_territory_temporal_perm,1,6,BE,HZ,7,18,0.134827,0.5,
2024,45,C6_territory_temporal_perm,1,8,BE,KZ,8,18,0.134827,0.5,
2024,45,C6_territory_temporal_perm,2,5,C,GI,9,18,0.134827,0.5,
2024,45,C6_territory_temporal_perm,2,6,C,HZ,10,18,0.134827,0.5,
2024,45,C6_territory_temporal_perm,3,5,DE,GI,11,18,0.134827,0.5,
2024,45,C6_territory_temporal_perm,3,6,DE,HZ,12,18,0.134827,0.5,
2024,45,C6_territory_temporal_perm,4,5,FZ,GI,13,18,0.134827,0.5,
2024,45,C6_territory_temporal_perm,4,6,FZ,HZ,14,18,0.134827,0.5,
2024,45,C6_territory_temporal_perm,5,6,GI,HZ,15,18,0.134827,0.5,
2024,45,C6_territory_temporal_perm,6,7,HZ,JZ,16,18,0.134827,0.5,
2024,45,C6_territory_temporal_perm,6,8,HZ,KZ,17,18,0.134827,0.5,
2024,45,C6_territory_temporal_perm,7,8,JZ,KZ,18,18,0.134827,0.5,
2024,46,C6_territory_temporal_perm,0,2,AZ,C,1,17,0.13022,0.4722,
2024,46,C6_territory_temporal_perm,0,4,AZ,FZ,2,17,0.13022,0.4722,
2024,46,C6_territory_temporal_perm,0,6,AZ,HZ,3,17,0.13022,0.4722,
2024,46,C6_territory_temporal_perm,0,8,AZ,KZ,4,17,0.13022,0.4722,
2024,46,C6_territory_temporal_perm,1,2,BE,C,5,17,0.13022,0.4722,
2024,46,C6_territory_temporal_perm,1,3,BE,DE,6,17,0.13022,0.4722,
2024,46,C6_territory_temporal_perm,1,4,BE,FZ,7,17,0.13022,0.4722,
2024,46,C6_territory_temporal_perm,1,8,BE,KZ,8,17,0.13022,0.4722,
2024,46,C6_territory_temporal_perm,2,6,C,HZ,9,17,0.13022,0.4722,
2024,46,C6_territory_temporal_perm,3,6,DE,HZ,10,17,0.13022,0.4722,
2024,46,C6_territory_temporal_perm,3,7,DE,JZ,11,17,0.13022,0.4722,
2024,46,C6_territory_temporal_perm,4,7,FZ,JZ,12,17,0.13022,0.4722,
2024,46,C6_territory_temporal_perm,5,6,GI,HZ,13,17,0.13022,0.4722,
2024,46,C6_territory_temporal_perm,5,7,GI,JZ,14,17,0.13022,0.4722,
2024,46,C6_territory_temporal_perm,5,8,GI,KZ,15,17,0.13022,0.4722,
2024,46,C6_territory_temporal_perm,6,7,HZ,JZ,16,17,0.13022,0.4722,
2024,46,C6_territory_temporal_perm,7,8,JZ,KZ,17,17,0.13022,0.4722,
2025,42,C6_territory_temporal_perm,0,1,AZ,BE,1,18,0.137423,0.5,
2025,42,C6_territory_temporal_perm,0,3,AZ,DE,2,18,0.137423,0.5,
2025,42,C6_territory_temporal_perm,0,5,AZ,GI,3,18,0.137423,0.5,
2025,42,C6_territory_temporal_perm,0,7,AZ,JZ,4,18,0.137423,0.5,
2025,42,C6_territory_temporal_perm,0,8,AZ,KZ,5,18,0.137423,0.5,
2025,42,C6_territory_temporal_perm,1,5,BE,GI,6,18,0.137423,0.5,
2025,42,C6_territory_temporal_perm,1,6,BE,HZ,7,18,0.137423,0.5,
2025,42,C6_territory_temporal_perm,1,7,BE,JZ,8,18,0.137423,0.5,
2025,42,C6_territory_temporal_perm,2,3,C,DE,9,18,0.137423,0.5,
2025,42,C6_territory_temporal_perm,2,4,C,FZ,10,18,0.137423,0.5,
2025,42,C6_territory_temporal_perm,2,5,C,GI,11,18,0.137423,0.5,
2025,42,C6_territory_temporal_perm,2,7,C,JZ,12,18,0.137423,0.5,
2025,42,C6_territory_temporal_perm,2,8,C,KZ,13,18,0.137423,0.5,
2025,42,C6_territory_temporal_perm,3,7,DE,JZ,14,18,0.137423,0.5,
2025,42,C6_territory_temporal_perm,4,6,FZ,HZ,15,18,0.137423,0.5,
2025,42,C6_territory_temporal_perm,4,7,FZ,JZ,16,18,0.137423,0.5,
2025,42,C6_territory_temporal_perm,5,6,GI,HZ,17,18,0.137423,0.5,
2025,42,C6_territory_temporal_perm,6,8,HZ,KZ,18,18,0.137423,0.5,
2025,43,C6_territory_temporal_perm,0,3,AZ,DE,1,19,0.135709,0.5278,
2025,43,C6_territory_temporal_perm,0,4,AZ,FZ,2,19,0.135709,0.5278,
2025,43,C6_territory_temporal_perm,0,5,AZ,GI,3,19,0.135709,0.5278,
2025,43,C6_territory_temporal_perm,1,2,BE,C,4,19,0.135709,0.5278,
2025,43,C6_territory_temporal_perm,1,4,BE,FZ,5,19,0.135709,0.5278,
2025,43,C6_territory_temporal_perm,1,5,BE,GI,6,19,0.135709,0.5278,
2025,43,C6_territory_temporal_perm,2,3,C,DE,7,19,0.135709,0.5278,
2025,43,C6_territory_temporal_perm,2,4,C,FZ,8,19,0.135709,0.5278,
2025,43,C6_territory_temporal_perm,2,5,C,GI,9,19,0.135709,0.5278,
2025,43,C6_territory_temporal_perm,2,6,C,HZ,10,19,0.135709,0.5278,
2025,43,C6_territory_temporal_perm,2,7,C,JZ,11,19,0.135709,0.5278,
2025,43,C6_territory_temporal_perm,2,8,C,KZ,12,19,0.135709,0.5278,
2025,43,C6_territory_temporal_perm,3,7,DE,JZ,13,19,0.135709,0.5278,
2025,43,C6_territory_temporal_perm,4,6,FZ,HZ,14,19,0.135709,0.5278,
2025,43,C6_territory_temporal_perm,4,7,FZ,JZ,15,19,0.135709,0.5278,
2025,43,C6_territory_temporal_perm,4,8,FZ,KZ,16,19,0.135709,0.5278,
2025,43,C6_territory_temporal_perm,5,6,GI,HZ,17,19,0.135709,0.5278,
2025,43,C6_territory_temporal_perm,5,7,GI,JZ,18,19,0.135709,0.5278,
2025,43,C6_territory_temporal_perm,6,8,HZ,KZ,19,19,0.135709,0.5278,
2025,44,C6_territory_temporal_perm,0,3,AZ,DE,1,17,0.133064,0.4722,
2025,44,C6_territory_temporal_perm,0,4,AZ,FZ,2,17,0.133064,0.4722,
2025,44,C6_territory_temporal_perm,0,5,AZ,GI,3,17,0.133064,0.4722,
2025,44,C6_territory_temporal_perm,0,7,AZ,JZ,4,17,0.133064,0.4722,
2025,44,C6_territory_temporal_perm,1,4,BE,FZ,5,17,0.133064,0.4722,
2025,44,C6_territory_temporal_perm,1,5,BE,GI,6,17,0.133064,0.4722,
2025,44,C6_territory_temporal_perm,1,7,BE,JZ,7,17,0.133064,0.4722,
2025,44,C6_territory_temporal_perm,2,3,C,DE,8,17,0.133064,0.4722,
2025,44,C6_territory_temporal_perm,2,4,C,FZ,9,17,0.133064,0.4722,
2025,44,C6_territory_temporal_perm,2,7,C,JZ,10,17,0.133064,0.4722,
2025,44,C6_territory_temporal_perm,3,6,DE,HZ,11,17,0.133064,0.4722,
2025,44,C6_territory_temporal_perm,4,6,FZ,HZ,12,17,0.133064,0.4722,
2025,44,C6_territory_temporal_perm,4,7,FZ,JZ,13,17,0.133064,0.4722,
2025,44,C6_territory_temporal_perm,4,8,FZ,KZ,14,17,0.133064,0.4722,
2025,44,C6_territory_temporal_perm,5,6,GI,HZ,15,17,0.133064,0.4722,
2025,44,C6_territory_temporal_perm,5,8,GI,KZ,16,17,0.133064,0.4722,
2025,44,C6_territory_temporal_perm,7,8,JZ,KZ,17,17,0.133064,0.4722,
2025,45,C6_territory_temporal_perm,0,2,AZ,C,1,15,0.152144,0.4167,
2025,45,C6_territory_temporal_perm,0,3,AZ,DE,2,15,0.152144,0.4167,
2025,45,C6_territory_temporal_perm,0,5,AZ,GI,3,15,0.152144,0.4167,
2025,45,C6_territory_temporal_perm,0,6,AZ,HZ,4,15,0.152144,0.4167,
2025,45,C6_territory_temporal_perm,0,7,AZ,JZ,5,15,0.152144,0.4167,
2025,45,C6_territory_temporal_perm,1,2,BE,C,6,15,0.152144,0.4167,
2025,45,C6_territory_temporal_perm,1,6,BE,HZ,7,15,0.152144,0.4167,
2025,45,C6_territory_temporal_perm,1,7,BE,JZ,8,15,0.152144,0.4167,
2025,45,C6_territory_temporal_perm,2,8,C,KZ,9,15,0.152144,0.4167,
2025,45,C6_territory_temporal_perm,3,4,DE,FZ,10,15,0.152144,0.4167,
2025,45,C6_territory_temporal_perm,3,5,DE,GI,11,15,0.152144,0.4167,
2025,45,C6_territory_temporal_perm,4,5,FZ,GI,12,15,0.152144,0.4167,
2025,45,C6_territory_temporal_perm,4,6,FZ,HZ,13,15,0.152144,0.4167,
2025,45,C6_territory_temporal_perm,6,8,HZ,KZ,14,15,0.152144,0.4167,
2025,45,C6_territory_temporal_perm,7,8,JZ,KZ,15,15,0.152144,0.4167,
2025,46,C6_territory_temporal_perm,0,2,AZ,C,1,18,0.152533,0.5,
2025,46,C6_territory_temporal_perm,0,3,AZ,DE,2,18,0.152533,0.5,
2025,46,C6_territory_temporal_perm,0,8,AZ,KZ,3,18,0.152533,0.5,
2025,46,C6_territory_temporal_perm,1,2,BE,C,4,18,0.152533,0.5,
2025,46,C6_territory_temporal_perm,1,6,BE,HZ,5,18,0.152533,0.5,
2025,46,C6_territory_temporal_perm,1,8,BE,KZ,6,18,0.152533,0.5,
2025,46,C6_territory_temporal_perm,2,3,C,DE,7,18,0.152533,0.5,
2025,46,C6_territory_temporal_perm,2,4,C,FZ,8,18,0.152533,0.5,
2025,46,C6_territory_temporal_perm,2,6,C,HZ,9,18,0.152533,0.5,
2025,46,C6_territory_temporal_perm,2,8,C,KZ,10,18,0.152533,0.5,
2025,46,C6_territory_temporal_perm,3,4,DE,FZ,11,18,0.152533,0.5,
2025,46,C6_territory_temporal_perm,3,6,DE,HZ,12,18,0.152533,0.5,
2025,46,C6_territory_temporal_perm,3,7,DE,JZ,13,18,0.152533,0.5,
2025,46,C6_territory_temporal_perm,4,7,FZ,JZ,14,18,0.152533,0.5,
2025,46,C6_territory_temporal_perm,5,6,GI,HZ,15,18,0.152533,0.5,
2025,46,C6_territory_temporal_perm,5,7,GI,JZ,16,18,0.152533,0.5,
2025,46,C6_territory_temporal_perm,5,8,GI,KZ,17,18,0.152533,0.5,
2025,46,C6_territory_temporal_perm,6,8,HZ,KZ,18,18,0.152533,0.5,
2021,42,C7_territory_graph_perm,0,3,AZ,DE,1,19,0.145033,0.5278,
2021,42,C7_territory_graph_perm,0,5,AZ,GI,2,19,0.145033,0.5278,
2021,42,C7_territory_graph_perm,0,7,AZ,JZ,3,19,0.145033,0.5278,
2021,42,C7_territory_graph_perm,0,8,AZ,KZ,4,19,0.145033,0.5278,
2021,42,C7_territory_graph_perm,1,3,BE,DE,5,19,0.145033,0.5278,
2021,42,C7_territory_graph_perm,1,5,BE,GI,6,19,0.145033,0.5278,
2021,42,C7_territory_graph_perm,1,7,BE,JZ,7,19,0.145033,0.5278,
2021,42,C7_territory_graph_perm,1,8,BE,KZ,8,19,0.145033,0.5278,
2021,42,C7_territory_graph_perm,2,3,C,DE,9,19,0.145033,0.5278,
2021,42,C7_territory_graph_perm,2,4,C,FZ,10,19,0.145033,0.5278,
2021,42,C7_territory_graph_perm,2,6,C,HZ,11,19,0.145033,0.5278,
2021,42,C7_territory_graph_perm,2,7,C,JZ,12,19,0.145033,0.5278,
2021,42,C7_territory_graph_perm,2,8,C,KZ,13,19,0.145033,0.5278,
2021,42,C7_territory_graph_perm,3,7,DE,JZ,14,19,0.145033,0.5278,
2021,42,C7_territory_graph_perm,4,5,FZ,GI,15,19,0.145033,0.5278,
2021,42,C7_territory_graph_perm,4,6,FZ,HZ,16,19,0.145033,0.5278,
2021,42,C7_territory_graph_perm,4,7,FZ,JZ,17,19,0.145033,0.5278,
2021,42,C7_territory_graph_perm,5,6,GI,HZ,18,19,0.145033,0.5278,
2021,42,C7_territory_graph_perm,5,7,GI,JZ,19,19,0.145033,0.5278,
2021,43,C7_territory_graph_perm,0,3,AZ,DE,1,17,0.135923,0.4722,
2021,43,C7_territory_graph_perm,0,4,AZ,FZ,2,17,0.135923,0.4722,
2021,43,C7_territory_graph_perm,0,5,AZ,GI,3,17,0.135923,0.4722,
2021,43,C7_territory_graph_perm,1,2,BE,C,4,17,0.135923,0.4722,
2021,43,C7_territory_graph_perm,1,4,BE,FZ,5,17,0.135923,0.4722,
2021,43,C7_territory_graph_perm,1,5,BE,GI,6,17,0.135923,0.4722,
2021,43,C7_territory_graph_perm,2,3,C,DE,7,17,0.135923,0.4722,
2021,43,C7_territory_graph_perm,2,5,C,GI,8,17,0.135923,0.4722,
2021,43,C7_territory_graph_perm,2,6,C,HZ,9,17,0.135923,0.4722,
2021,43,C7_territory_graph_perm,2,8,C,KZ,10,17,0.135923,0.4722,
2021,43,C7_territory_graph_perm,3,7,DE,JZ,11,17,0.135923,0.4722,
2021,43,C7_territory_graph_perm,4,6,FZ,HZ,12,17,0.135923,0.4722,
2021,43,C7_territory_graph_perm,4,7,FZ,JZ,13,17,0.135923,0.4722,
2021,43,C7_territory_graph_perm,5,6,GI,HZ,14,17,0.135923,0.4722,
2021,43,C7_territory_graph_perm,5,7,GI,JZ,15,17,0.135923,0.4722,
2021,43,C7_territory_graph_perm,6,8,HZ,KZ,16,17,0.135923,0.4722,
2021,43,C7_territory_graph_perm,7,8,JZ,KZ,17,17,0.135923,0.4722,
2021,44,C7_territory_graph_perm,0,2,AZ,C,1,18,0.129481,0.5,
2021,44,C7_territory_graph_perm,0,4,AZ,FZ,2,18,0.129481,0.5,
2021,44,C7_territory_graph_perm,0,5,AZ,GI,3,18,0.129481,0.5,
2021,44,C7_territory_graph_perm,0,7,AZ,JZ,4,18,0.129481,0.5,
2021,44,C7_territory_graph_perm,1,2,BE,C,5,18,0.129481,0.5,
2021,44,C7_territory_graph_perm,1,3,BE,DE,6,18,0.129481,0.5,
2021,44,C7_territory_graph_perm,1,4,BE,FZ,7,18,0.129481,0.5,
2021,44,C7_territory_graph_perm,1,7,BE,JZ,8,18,0.129481,0.5,
2021,44,C7_territory_graph_perm,2,3,C,DE,9,18,0.129481,0.5,
2021,44,C7_territory_graph_perm,2,4,C,FZ,10,18,0.129481,0.5,
2021,44,C7_territory_graph_perm,2,5,C,GI,11,18,0.129481,0.5,
2021,44,C7_territory_graph_perm,2,8,C,KZ,12,18,0.129481,0.5,
2021,44,C7_territory_graph_perm,3,6,DE,HZ,13,18,0.129481,0.5,
2021,44,C7_territory_graph_perm,4,6,FZ,HZ,14,18,0.129481,0.5,
2021,44,C7_territory_graph_perm,5,6,GI,HZ,15,18,0.129481,0.5,
2021,44,C7_territory_graph_perm,6,7,HZ,JZ,16,18,0.129481,0.5,
2021,44,C7_territory_graph_perm,6,8,HZ,KZ,17,18,0.129481,0.5,
2021,44,C7_territory_graph_perm,7,8,JZ,KZ,18,18,0.129481,0.5,
2021,45,C7_territory_graph_perm,0,2,AZ,C,1,15,0.150529,0.4167,
2021,45,C7_territory_graph_perm,0,5,AZ,GI,2,15,0.150529,0.4167,
2021,45,C7_territory_graph_perm,0,6,AZ,HZ,3,15,0.150529,0.4167,
2021,45,C7_territory_graph_perm,0,7,AZ,JZ,4,15,0.150529,0.4167,
2021,45,C7_territory_graph_perm,1,2,BE,C,5,15,0.150529,0.4167,
2021,45,C7_territory_graph_perm,1,6,BE,HZ,6,15,0.150529,0.4167,
2021,45,C7_territory_graph_perm,1,7,BE,JZ,7,15,0.150529,0.4167,
2021,45,C7_territory_graph_perm,2,8,C,KZ,8,15,0.150529,0.4167,
2021,45,C7_territory_graph_perm,3,4,DE,FZ,9,15,0.150529,0.4167,
2021,45,C7_territory_graph_perm,3,5,DE,GI,10,15,0.150529,0.4167,
2021,45,C7_territory_graph_perm,3,6,DE,HZ,11,15,0.150529,0.4167,
2021,45,C7_territory_graph_perm,4,5,FZ,GI,12,15,0.150529,0.4167,
2021,45,C7_territory_graph_perm,4,6,FZ,HZ,13,15,0.150529,0.4167,
2021,45,C7_territory_graph_perm,6,8,HZ,KZ,14,15,0.150529,0.4167,
2021,45,C7_territory_graph_perm,7,8,JZ,KZ,15,15,0.150529,0.4167,
2021,46,C7_territory_graph_perm,0,2,AZ,C,1,19,0.151736,0.5278,
2021,46,C7_territory_graph_perm,0,3,AZ,DE,2,19,0.151736,0.5278,
2021,46,C7_territory_graph_perm,0,4,AZ,FZ,3,19,0.151736,0.5278,
2021,46,C7_territory_graph_perm,1,2,BE,C,4,19,0.151736,0.5278,
2021,46,C7_territory_graph_perm,1,3,BE,DE,5,19,0.151736,0.5278,
2021,46,C7_territory_graph_perm,1,4,BE,FZ,6,19,0.151736,0.5278,
2021,46,C7_territory_graph_perm,2,3,C,DE,7,19,0.151736,0.5278,
2021,46,C7_territory_graph_perm,2,4,C,FZ,8,19,0.151736,0.5278,
2021,46,C7_territory_graph_perm,2,6,C,HZ,9,19,0.151736,0.5278,
2021,46,C7_territory_graph_perm,2,7,C,JZ,10,19,0.151736,0.5278,
2021,46,C7_territory_graph_perm,2,8,C,KZ,11,19,0.151736,0.5278,
2021,46,C7_territory_graph_perm,3,4,DE,FZ,12,19,0.151736,0.5278,
2021,46,C7_territory_graph_perm,3,6,DE,HZ,13,19,0.151736,0.5278,
2021,46,C7_territory_graph_perm,3,7,DE,JZ,14,19,0.151736,0.5278,
2021,46,C7_territory_graph_perm,3,8,DE,KZ,15,19,0.151736,0.5278,
2021,46,C7_territory_graph_perm,4,5,FZ,GI,16,19,0.151736,0.5278,
2021,46,C7_territory_graph_perm,5,6,GI,HZ,17,19,0.151736,0.5278,
2021,46,C7_territory_graph_perm,5,7,GI,JZ,18,19,0.151736,0.5278,
2021,46,C7_territory_graph_perm,6,8,HZ,KZ,19,19,0.151736,0.5278,
2022,42,C7_territory_graph_perm,0,1,AZ,BE,1,16,0.131921,0.4444,
2022,42,C7_territory_graph_perm,0,3,AZ,DE,2,16,0.131921,0.4444,
2022,42,C7_territory_graph_perm,0,5,AZ,GI,3,16,0.131921,0.4444,
2022,42,C7_territory_graph_perm,0,8,AZ,KZ,4,16,0.131921,0.4444,
2022,42,C7_territory_graph_perm,1,2,BE,C,5,16,0.131921,0.4444,
2022,42,C7_territory_graph_perm,1,7,BE,JZ,6,16,0.131921,0.4444,
2022,42,C7_territory_graph_perm,2,3,C,DE,7,16,0.131921,0.4444,
2022,42,C7_territory_graph_perm,2,4,C,FZ,8,16,0.131921,0.4444,
2022,42,C7_territory_graph_perm,2,5,C,GI,9,16,0.131921,0.4444,
2022,42,C7_territory_graph_perm,2,8,C,KZ,10,16,0.131921,0.4444,
2022,42,C7_territory_graph_perm,3,6,DE,HZ,11,16,0.131921,0.4444,
2022,42,C7_territory_graph_perm,4,6,FZ,HZ,12,16,0.131921,0.4444,
2022,42,C7_territory_graph_perm,4,7,FZ,JZ,13,16,0.131921,0.4444,
2022,42,C7_territory_graph_perm,5,6,GI,HZ,14,16,0.131921,0.4444,
2022,42,C7_territory_graph_perm,5,7,GI,JZ,15,16,0.131921,0.4444,
2022,42,C7_territory_graph_perm,6,8,HZ,KZ,16,16,0.131921,0.4444,
2022,43,C7_territory_graph_perm,0,3,AZ,DE,1,18,0.128098,0.5,
2022,43,C7_territory_graph_perm,0,4,AZ,FZ,2,18,0.128098,0.5,
2022,43,C7_territory_graph_perm,0,6,AZ,HZ,3,18,0.128098,0.5,
2022,43,C7_territory_graph_perm,1,2,BE,C,4,18,0.128098,0.5,
2022,43,C7_territory_graph_perm,1,5,BE,GI,5,18,0.128098,0.5,
2022,43,C7_territory_graph_perm,1,8,BE,KZ,6,18,0.128098,0.5,
2022,43,C7_territory_graph_perm,2,3,C,DE,7,18,0.128098,0.5,
2022,43,C7_territory_graph_perm,2,4,C,FZ,8,18,0.128098,0.5,
2022,43,C7_territory_graph_perm,2,6,C,HZ,9,18,0.128098,0.5,
2022,43,C7_territory_graph_perm,3,4,DE,FZ,10,18,0.128098,0.5,
2022,43,C7_territory_graph_perm,3,5,DE,GI,11,18,0.128098,0.5,
2022,43,C7_territory_graph_perm,3,7,DE,JZ,12,18,0.128098,0.5,
2022,43,C7_territory_graph_perm,4,7,FZ,JZ,13,18,0.128098,0.5,
2022,43,C7_territory_graph_perm,4,8,FZ,KZ,14,18,0.128098,0.5,
2022,43,C7_territory_graph_perm,5,7,GI,JZ,15,18,0.128098,0.5,
2022,43,C7_territory_graph_perm,5,8,GI,KZ,16,18,0.128098,0.5,
2022,43,C7_territory_graph_perm,6,7,HZ,JZ,17,18,0.128098,0.5,
2022,43,C7_territory_graph_perm,6,8,HZ,KZ,18,18,0.128098,0.5,
2022,44,C7_territory_graph_perm,0,2,AZ,C,1,18,0.131631,0.5,
2022,44,C7_territory_graph_perm,0,3,AZ,DE,2,18,0.131631,0.5,
2022,44,C7_territory_graph_perm,0,4,AZ,FZ,3,18,0.131631,0.5,
2022,44,C7_territory_graph_perm,0,5,AZ,GI,4,18,0.131631,0.5,
2022,44,C7_territory_graph_perm,1,4,BE,FZ,5,18,0.131631,0.5,
2022,44,C7_territory_graph_perm,1,5,BE,GI,6,18,0.131631,0.5,
2022,44,C7_territory_graph_perm,1,7,BE,JZ,7,18,0.131631,0.5,
2022,44,C7_territory_graph_perm,2,3,C,DE,8,18,0.131631,0.5,
2022,44,C7_territory_graph_perm,2,4,C,FZ,9,18,0.131631,0.5,
2022,44,C7_territory_graph_perm,2,5,C,GI,10,18,0.131631,0.5,
2022,44,C7_territory_graph_perm,3,6,DE,HZ,11,18,0.131631,0.5,
2022,44,C7_territory_graph_perm,4,6,FZ,HZ,12,18,0.131631,0.5,
2022,44,C7_territory_graph_perm,5,6,GI,HZ,13,18,0.131631,0.5,
2022,44,C7_territory_graph_perm,5,7,GI,JZ,14,18,0.131631,0.5,
2022,44,C7_territory_graph_perm,5,8,GI,KZ,15,18,0.131631,0.5,
2022,44,C7_territory_graph_perm,6,7,HZ,JZ,16,18,0.131631,0.5,
2022,44,C7_territory_graph_perm,6,8,HZ,KZ,17,18,0.131631,0.5,
2022,44,C7_territory_graph_perm,7,8,JZ,KZ,18,18,0.131631,0.5,
2022,45,C7_territory_graph_perm,0,2,AZ,C,1,16,0.14845,0.4444,
2022,45,C7_territory_graph_perm,0,5,AZ,GI,2,16,0.14845,0.4444,
2022,45,C7_territory_graph_perm,0,6,AZ,HZ,3,16,0.14845,0.4444,
2022,45,C7_territory_graph_perm,0,7,AZ,JZ,4,16,0.14845,0.4444,
2022,45,C7_territory_graph_perm,1,2,BE,C,5,16,0.14845,0.4444,
2022,45,C7_territory_graph_perm,1,6,BE,HZ,6,16,0.14845,0.4444,
2022,45,C7_territory_graph_perm,1,8,BE,KZ,7,16,0.14845,0.4444,
2022,45,C7_territory_graph_perm,2,7,C,JZ,8,16,0.14845,0.4444,
2022,45,C7_territory_graph_perm,2,8,C,KZ,9,16,0.14845,0.4444,
2022,45,C7_territory_graph_perm,3,4,DE,FZ,10,16,0.14845,0.4444,
2022,45,C7_territory_graph_perm,3,5,DE,GI,11,16,0.14845,0.4444,
2022,45,C7_territory_graph_perm,3,6,DE,HZ,12,16,0.14845,0.4444,
2022,45,C7_territory_graph_perm,4,5,FZ,GI,13,16,0.14845,0.4444,
2022,45,C7_territory_graph_perm,4,6,FZ,HZ,14,16,0.14845,0.4444,
2022,45,C7_territory_graph_perm,6,8,HZ,KZ,15,16,0.14845,0.4444,
2022,45,C7_territory_graph_perm,7,8,JZ,KZ,16,16,0.14845,0.4444,
2022,46,C7_territory_graph_perm,0,2,AZ,C,1,17,0.134985,0.4722,
2022,46,C7_territory_graph_perm,0,3,AZ,DE,2,17,0.134985,0.4722,
2022,46,C7_territory_graph_perm,0,4,AZ,FZ,3,17,0.134985,0.4722,
2022,46,C7_territory_graph_perm,0,7,AZ,JZ,4,17,0.134985,0.4722,
2022,46,C7_territory_graph_perm,1,2,BE,C,5,17,0.134985,0.4722,
2022,46,C7_territory_graph_perm,1,3,BE,DE,6,17,0.134985,0.4722,
2022,46,C7_territory_graph_perm,1,4,BE,FZ,7,17,0.134985,0.4722,
2022,46,C7_territory_graph_perm,2,6,C,HZ,8,17,0.134985,0.4722,
2022,46,C7_territory_graph_perm,2,8,C,KZ,9,17,0.134985,0.4722,
2022,46,C7_territory_graph_perm,3,6,DE,HZ,10,17,0.134985,0.4722,
2022,46,C7_territory_graph_perm,3,7,DE,JZ,11,17,0.134985,0.4722,
2022,46,C7_territory_graph_perm,4,7,FZ,JZ,12,17,0.134985,0.4722,
2022,46,C7_territory_graph_perm,4,8,FZ,KZ,13,17,0.134985,0.4722,
2022,46,C7_territory_graph_perm,5,6,GI,HZ,14,17,0.134985,0.4722,
2022,46,C7_territory_graph_perm,5,7,GI,JZ,15,17,0.134985,0.4722,
2022,46,C7_territory_graph_perm,5,8,GI,KZ,16,17,0.134985,0.4722,
2022,46,C7_territory_graph_perm,6,8,HZ,KZ,17,17,0.134985,0.4722,
2023,42,C7_territory_graph_perm,0,1,AZ,BE,1,19,0.152066,0.5278,
2023,42,C7_territory_graph_perm,0,3,AZ,DE,2,19,0.152066,0.5278,
2023,42,C7_territory_graph_perm,0,5,AZ,GI,3,19,0.152066,0.5278,
2023,42,C7_territory_graph_perm,0,7,AZ,JZ,4,19,0.152066,0.5278,
2023,42,C7_territory_graph_perm,0,8,AZ,KZ,5,19,0.152066,0.5278,
2023,42,C7_territory_graph_perm,1,3,BE,DE,6,19,0.152066,0.5278,
2023,42,C7_territory_graph_perm,1,4,BE,FZ,7,19,0.152066,0.5278,
2023,42,C7_territory_graph_perm,1,5,BE,GI,8,19,0.152066,0.5278,
2023,42,C7_territory_graph_perm,1,8,BE,KZ,9,19,0.152066,0.5278,
2023,42,C7_territory_graph_perm,2,4,C,FZ,10,19,0.152066,0.5278,
2023,42,C7_territory_graph_perm,2,6,C,HZ,11,19,0.152066,0.5278,
2023,42,C7_territory_graph_perm,2,7,C,JZ,12,19,0.152066,0.5278,
2023,42,C7_territory_graph_perm,2,8,C,KZ,13,19,0.152066,0.5278,
2023,42,C7_territory_graph_perm,3,6,DE,HZ,14,19,0.152066,0.5278,
2023,42,C7_territory_graph_perm,3,7,DE,JZ,15,19,0.152066,0.5278,
2023,42,C7_territory_graph_perm,4,5,FZ,GI,16,19,0.152066,0.5278,
2023,42,C7_territory_graph_perm,4,6,FZ,HZ,17,19,0.152066,0.5278,
2023,42,C7_territory_graph_perm,4,7,FZ,JZ,18,19,0.152066,0.5278,
2023,42,C7_territory_graph_perm,5,7,GI,JZ,19,19,0.152066,0.5278,
2023,43,C7_territory_graph_perm,0,3,AZ,DE,1,17,0.14051,0.4722,
2023,43,C7_territory_graph_perm,0,5,AZ,GI,2,17,0.14051,0.4722,
2023,43,C7_territory_graph_perm,0,8,AZ,KZ,3,17,0.14051,0.4722,
2023,43,C7_territory_graph_perm,1,2,BE,C,4,17,0.14051,0.4722,
2023,43,C7_territory_graph_perm,1,4,BE,FZ,5,17,0.14051,0.4722,
2023,43,C7_territory_graph_perm,1,5,BE,GI,6,17,0.14051,0.4722,
2023,43,C7_territory_graph_perm,2,3,C,DE,7,17,0.14051,0.4722,
2023,43,C7_territory_graph_perm,2,5,C,GI,8,17,0.14051,0.4722,
2023,43,C7_territory_graph_perm,2,6,C,HZ,9,17,0.14051,0.4722,
2023,43,C7_territory_graph_perm,2,7,C,JZ,10,17,0.14051,0.4722,
2023,43,C7_territory_graph_perm,2,8,C,KZ,11,17,0.14051,0.4722,
2023,43,C7_territory_graph_perm,3,7,DE,JZ,12,17,0.14051,0.4722,
2023,43,C7_territory_graph_perm,4,6,FZ,HZ,13,17,0.14051,0.4722,
2023,43,C7_territory_graph_perm,4,8,FZ,KZ,14,17,0.14051,0.4722,
2023,43,C7_territory_graph_perm,5,6,GI,HZ,15,17,0.14051,0.4722,
2023,43,C7_territory_graph_perm,5,7,GI,JZ,16,17,0.14051,0.4722,
2023,43,C7_territory_graph_perm,6,8,HZ,KZ,17,17,0.14051,0.4722,
2023,44,C7_territory_graph_perm,0,3,AZ,DE,1,19,0.138124,0.5278,
2023,44,C7_territory_graph_perm,0,4,AZ,FZ,2,19,0.138124,0.5278,
2023,44,C7_territory_graph_perm,0,5,AZ,GI,3,19,0.138124,0.5278,
2023,44,C7_territory_graph_perm,0,8,AZ,KZ,4,19,0.138124,0.5278,
2023,44,C7_territory_graph_perm,1,4,BE,FZ,5,19,0.138124,0.5278,
2023,44,C7_territory_graph_perm,1,5,BE,GI,6,19,0.138124,0.5278,
2023,44,C7_territory_graph_perm,1,8,BE,KZ,7,19,0.138124,0.5278,
2023,44,C7_territory_graph_perm,2,3,C,DE,8,19,0.138124,0.5278,
2023,44,C7_territory_graph_perm,2,4,C,FZ,9,19,0.138124,0.5278,
2023,44,C7_territory_graph_perm,2,7,C,JZ,10,19,0.138124,0.5278,
2023,44,C7_territory_graph_perm,3,6,DE,HZ,11,19,0.138124,0.5278,
2023,44,C7_territory_graph_perm,4,6,FZ,HZ,12,19,0.138124,0.5278,
2023,44,C7_territory_graph_perm,4,7,FZ,JZ,13,19,0.138124,0.5278,
2023,44,C7_territory_graph_perm,4,8,FZ,KZ,14,19,0.138124,0.5278,
2023,44,C7_territory_graph_perm,5,6,GI,HZ,15,19,0.138124,0.5278,
2023,44,C7_territory_graph_perm,5,7,GI,JZ,16,19,0.138124,0.5278,
2023,44,C7_territory_graph_perm,5,8,GI,KZ,17,19,0.138124,0.5278,
2023,44,C7_territory_graph_perm,6,7,HZ,JZ,18,19,0.138124,0.5278,
2023,44,C7_territory_graph_perm,7,8,JZ,KZ,19,19,0.138124,0.5278,
2023,45,C7_territory_graph_perm,0,2,AZ,C,1,16,0.152074,0.4444,
2023,45,C7_territory_graph_perm,0,5,AZ,GI,2,16,0.152074,0.4444,
2023,45,C7_territory_graph_perm,0,6,AZ,HZ,3,16,0.152074,0.4444,
2023,45,C7_territory_graph_perm,0,7,AZ,JZ,4,16,0.152074,0.4444,
2023,45,C7_territory_graph_perm,1,2,BE,C,5,16,0.152074,0.4444,
2023,45,C7_territory_graph_perm,1,6,BE,HZ,6,16,0.152074,0.4444,
2023,45,C7_territory_graph_perm,1,8,BE,KZ,7,16,0.152074,0.4444,
2023,45,C7_territory_graph_perm,2,7,C,JZ,8,16,0.152074,0.4444,
2023,45,C7_territory_graph_perm,2,8,C,KZ,9,16,0.152074,0.4444,
2023,45,C7_territory_graph_perm,3,4,DE,FZ,10,16,0.152074,0.4444,
2023,45,C7_territory_graph_perm,3,5,DE,GI,11,16,0.152074,0.4444,
2023,45,C7_territory_graph_perm,3,6,DE,HZ,12,16,0.152074,0.4444,
2023,45,C7_territory_graph_perm,4,5,FZ,GI,13,16,0.152074,0.4444,
2023,45,C7_territory_graph_perm,4,6,FZ,HZ,14,16,0.152074,0.4444,
2023,45,C7_territory_graph_perm,6,8,HZ,KZ,15,16,0.152074,0.4444,
2023,45,C7_territory_graph_perm,7,8,JZ,KZ,16,16,0.152074,0.4444,
2023,46,C7_territory_graph_perm,0,2,AZ,C,1,16,0.132096,0.4444,
2023,46,C7_territory_graph_perm,0,3,AZ,DE,2,16,0.132096,0.4444,
2023,46,C7_territory_graph_perm,0,4,AZ,FZ,3,16,0.132096,0.4444,
2023,46,C7_territory_graph_perm,0,7,AZ,JZ,4,16,0.132096,0.4444,
2023,46,C7_territory_graph_perm,1,2,BE,C,5,16,0.132096,0.4444,
2023,46,C7_territory_graph_perm,1,3,BE,DE,6,16,0.132096,0.4444,
2023,46,C7_territory_graph_perm,1,4,BE,FZ,7,16,0.132096,0.4444,
2023,46,C7_territory_graph_perm,2,6,C,HZ,8,16,0.132096,0.4444,
2023,46,C7_territory_graph_perm,2,8,C,KZ,9,16,0.132096,0.4444,
2023,46,C7_territory_graph_perm,3,6,DE,HZ,10,16,0.132096,0.4444,
2023,46,C7_territory_graph_perm,4,7,FZ,JZ,11,16,0.132096,0.4444,
2023,46,C7_territory_graph_perm,4,8,FZ,KZ,12,16,0.132096,0.4444,
2023,46,C7_territory_graph_perm,5,6,GI,HZ,13,16,0.132096,0.4444,
2023,46,C7_territory_graph_perm,5,7,GI,JZ,14,16,0.132096,0.4444,
2023,46,C7_territory_graph_perm,5,8,GI,KZ,15,16,0.132096,0.4444,
2023,46,C7_territory_graph_perm,6,8,HZ,KZ,16,16,0.132096,0.4444,
2024,42,C7_territory_graph_perm,0,1,AZ,BE,1,19,0.137159,0.5278,
2024,42,C7_territory_graph_perm,0,3,AZ,DE,2,19,0.137159,0.5278,
2024,42,C7_territory_graph_perm,0,5,AZ,GI,3,19,0.137159,0.5278,
2024,42,C7_territory_graph_perm,0,8,AZ,KZ,4,19,0.137159,0.5278,
2024,42,C7_territory_graph_perm,1,5,BE,GI,5,19,0.137159,0.5278,
2024,42,C7_territory_graph_perm,1,6,BE,HZ,6,19,0.137159,0.5278,
2024,42,C7_territory_graph_perm,1,7,BE,JZ,7,19,0.137159,0.5278,
2024,42,C7_territory_graph_perm,2,3,C,DE,8,19,0.137159,0.5278,
2024,42,C7_territory_graph_perm,2,4,C,FZ,9,19,0.137159,0.5278,
2024,42,C7_territory_graph_perm,2,5,C,GI,10,19,0.137159,0.5278,
2024,42,C7_territory_graph_perm,2,6,C,HZ,11,19,0.137159,0.5278,
2024,42,C7_territory_graph_perm,2,7,C,JZ,12,19,0.137159,0.5278,
2024,42,C7_territory_graph_perm,2,8,C,KZ,13,19,0.137159,0.5278,
2024,42,C7_territory_graph_perm,3,7,DE,JZ,14,19,0.137159,0.5278,
2024,42,C7_territory_graph_perm,4,5,FZ,GI,15,19,0.137159,0.5278,
2024,42,C7_territory_graph_perm,4,6,FZ,HZ,16,19,0.137159,0.5278,
2024,42,C7_territory_graph_perm,4,7,FZ,JZ,17,19,0.137159,0.5278,
2024,42,C7_territory_graph_perm,5,7,GI,JZ,18,19,0.137159,0.5278,
2024,42,C7_territory_graph_perm,7,8,JZ,KZ,19,19,0.137159,0.5278,
2024,43,C7_territory_graph_perm,0,3,AZ,DE,1,18,0.135814,0.5,
2024,43,C7_territory_graph_perm,0,4,AZ,FZ,2,18,0.135814,0.5,
2024,43,C7_territory_graph_perm,0,5,AZ,GI,3,18,0.135814,0.5,
2024,43,C7_territory_graph_perm,1,2,BE,C,4,18,0.135814,0.5,
2024,43,C7_territory_graph_perm,1,4,BE,FZ,5,18,0.135814,0.5,
2024,43,C7_territory_graph_perm,1,5,BE,GI,6,18,0.135814,0.5,
2024,43,C7_territory_graph_perm,2,3,C,DE,7,18,0.135814,0.5,
2024,43,C7_territory_graph_perm,2,4,C,FZ,8,18,0.135814,0.5,
2024,43,C7_territory_graph_perm,2,5,C,GI,9,18,0.135814,0.5,
2024,43,C7_territory_graph_perm,2,6,C,HZ,10,18,0.135814,0.5,
2024,43,C7_territory_graph_perm,2,8,C,KZ,11,18,0.135814,0.5,
2024,43,C7_territory_graph_perm,3,7,DE,JZ,12,18,0.135814,0.5,
2024,43,C7_territory_graph_perm,4,6,FZ,HZ,13,18,0.135814,0.5,
2024,43,C7_territory_graph_perm,4,7,FZ,JZ,14,18,0.135814,0.5,
2024,43,C7_territory_graph_perm,4,8,FZ,KZ,15,18,0.135814,0.5,
2024,43,C7_territory_graph_perm,5,6,GI,HZ,16,18,0.135814,0.5,
2024,43,C7_territory_graph_perm,5,7,GI,JZ,17,18,0.135814,0.5,
2024,43,C7_territory_graph_perm,6,8,HZ,KZ,18,18,0.135814,0.5,
2024,44,C7_territory_graph_perm,0,2,AZ,C,1,18,0.129099,0.5,
2024,44,C7_territory_graph_perm,0,4,AZ,FZ,2,18,0.129099,0.5,
2024,44,C7_territory_graph_perm,0,5,AZ,GI,3,18,0.129099,0.5,
2024,44,C7_territory_graph_perm,0,7,AZ,JZ,4,18,0.129099,0.5,
2024,44,C7_territory_graph_perm,1,2,BE,C,5,18,0.129099,0.5,
2024,44,C7_territory_graph_perm,1,4,BE,FZ,6,18,0.129099,0.5,
2024,44,C7_territory_graph_perm,1,7,BE,JZ,7,18,0.129099,0.5,
2024,44,C7_territory_graph_perm,2,3,C,DE,8,18,0.129099,0.5,
2024,44,C7_territory_graph_perm,2,5,C,GI,9,18,0.129099,0.5,
2024,44,C7_territory_graph_perm,2,6,C,HZ,10,18,0.129099,0.5,
2024,44,C7_territory_graph_perm,2,8,C,KZ,11,18,0.129099,0.5,
2024,44,C7_territory_graph_perm,3,6,DE,HZ,12,18,0.129099,0.5,
2024,44,C7_territory_graph_perm,3,8,DE,KZ,13,18,0.129099,0.5,
2024,44,C7_territory_graph_perm,4,6,FZ,HZ,14,18,0.129099,0.5,
2024,44,C7_territory_graph_perm,5,6,GI,HZ,15,18,0.129099,0.5,
2024,44,C7_territory_graph_perm,6,7,HZ,JZ,16,18,0.129099,0.5,
2024,44,C7_territory_graph_perm,6,8,HZ,KZ,17,18,0.129099,0.5,
2024,44,C7_territory_graph_perm,7,8,JZ,KZ,18,18,0.129099,0.5,
2024,45,C7_territory_graph_perm,0,2,AZ,C,1,19,0.13474,0.5278,
2024,45,C7_territory_graph_perm,0,3,AZ,DE,2,19,0.13474,0.5278,
2024,45,C7_territory_graph_perm,0,4,AZ,FZ,3,19,0.13474,0.5278,
2024,45,C7_territory_graph_perm,0,6,AZ,HZ,4,19,0.13474,0.5278,
2024,45,C7_territory_graph_perm,0,7,AZ,JZ,5,19,0.13474,0.5278,
2024,45,C7_territory_graph_perm,1,5,BE,GI,6,19,0.13474,0.5278,
2024,45,C7_territory_graph_perm,1,6,BE,HZ,7,19,0.13474,0.5278,
2024,45,C7_territory_graph_perm,1,8,BE,KZ,8,19,0.13474,0.5278,
2024,45,C7_territory_graph_perm,2,5,C,GI,9,19,0.13474,0.5278,
2024,45,C7_territory_graph_perm,2,6,C,HZ,10,19,0.13474,0.5278,
2024,45,C7_territory_graph_perm,3,5,DE,GI,11,19,0.13474,0.5278,
2024,45,C7_territory_graph_perm,3,6,DE,HZ,12,19,0.13474,0.5278,
2024,45,C7_territory_graph_perm,4,5,FZ,GI,13,19,0.13474,0.5278,
2024,45,C7_territory_graph_perm,4,6,FZ,HZ,14,19,0.13474,0.5278,
2024,45,C7_territory_graph_perm,5,6,GI,HZ,15,19,0.13474,0.5278,
2024,45,C7_territory_graph_perm,5,7,GI,JZ,16,19,0.13474,0.5278,
2024,45,C7_territory_graph_perm,5,8,GI,KZ,17,19,0.13474,0.5278,
2024,45,C7_territory_graph_perm,6,7,HZ,JZ,18,19,0.13474,0.5278,
2024,45,C7_territory_graph_perm,6,8,HZ,KZ,19,19,0.13474,0.5278,
2024,46,C7_territory_graph_perm,0,2,AZ,C,1,16,0.130295,0.4444,
2024,46,C7_territory_graph_perm,0,3,AZ,DE,2,16,0.130295,0.4444,
2024,46,C7_territory_graph_perm,0,4,AZ,FZ,3,16,0.130295,0.4444,
2024,46,C7_territory_graph_perm,0,7,AZ,JZ,4,16,0.130295,0.4444,
2024,46,C7_territory_graph_perm,0,8,AZ,KZ,5,16,0.130295,0.4444,
2024,46,C7_territory_graph_perm,1,2,BE,C,6,16,0.130295,0.4444,
2024,46,C7_territory_graph_perm,1,3,BE,DE,7,16,0.130295,0.4444,
2024,46,C7_territory_graph_perm,1,4,BE,FZ,8,16,0.130295,0.4444,
2024,46,C7_territory_graph_perm,2,6,C,HZ,9,16,0.130295,0.4444,
2024,46,C7_territory_graph_perm,2,8,C,KZ,10,16,0.130295,0.4444,
2024,46,C7_territory_graph_perm,3,7,DE,JZ,11,16,0.130295,0.4444,
2024,46,C7_territory_graph_perm,4,7,FZ,JZ,12,16,0.130295,0.4444,
2024,46,C7_territory_graph_perm,5,6,GI,HZ,13,16,0.130295,0.4444,
2024,46,C7_territory_graph_perm,5,7,GI,JZ,14,16,0.130295,0.4444,
2024,46,C7_territory_graph_perm,5,8,GI,KZ,15,16,0.130295,0.4444,
2024,46,C7_territory_graph_perm,6,8,HZ,KZ,16,16,0.130295,0.4444,
2025,42,C7_territory_graph_perm,0,1,AZ,BE,1,18,0.137683,0.5,
2025,42,C7_territory_graph_perm,0,3,AZ,DE,2,18,0.137683,0.5,
2025,42,C7_territory_graph_perm,0,5,AZ,GI,3,18,0.137683,0.5,
2025,42,C7_territory_graph_perm,0,7,AZ,JZ,4,18,0.137683,0.5,
2025,42,C7_territory_graph_perm,0,8,AZ,KZ,5,18,0.137683,0.5,
2025,42,C7_territory_graph_perm,1,5,BE,GI,6,18,0.137683,0.5,
2025,42,C7_territory_graph_perm,1,6,BE,HZ,7,18,0.137683,0.5,
2025,42,C7_territory_graph_perm,1,7,BE,JZ,8,18,0.137683,0.5,
2025,42,C7_territory_graph_perm,2,3,C,DE,9,18,0.137683,0.5,
2025,42,C7_territory_graph_perm,2,4,C,FZ,10,18,0.137683,0.5,
2025,42,C7_territory_graph_perm,2,5,C,GI,11,18,0.137683,0.5,
2025,42,C7_territory_graph_perm,2,6,C,HZ,12,18,0.137683,0.5,
2025,42,C7_territory_graph_perm,2,7,C,JZ,13,18,0.137683,0.5,
2025,42,C7_territory_graph_perm,2,8,C,KZ,14,18,0.137683,0.5,
2025,42,C7_territory_graph_perm,3,7,DE,JZ,15,18,0.137683,0.5,
2025,42,C7_territory_graph_perm,4,6,FZ,HZ,16,18,0.137683,0.5,
2025,42,C7_territory_graph_perm,4,7,FZ,JZ,17,18,0.137683,0.5,
2025,42,C7_territory_graph_perm,7,8,JZ,KZ,18,18,0.137683,0.5,
2025,43,C7_territory_graph_perm,0,3,AZ,DE,1,17,0.137717,0.4722,
2025,43,C7_territory_graph_perm,0,4,AZ,FZ,2,17,0.137717,0.4722,
2025,43,C7_territory_graph_perm,0,5,AZ,GI,3,17,0.137717,0.4722,
2025,43,C7_territory_graph_perm,1,2,BE,C,4,17,0.137717,0.4722,
2025,43,C7_territory_graph_perm,1,4,BE,FZ,5,17,0.137717,0.4722,
2025,43,C7_territory_graph_perm,1,5,BE,GI,6,17,0.137717,0.4722,
2025,43,C7_territory_graph_perm,2,3,C,DE,7,17,0.137717,0.4722,
2025,43,C7_territory_graph_perm,2,4,C,FZ,8,17,0.137717,0.4722,
2025,43,C7_territory_graph_perm,2,6,C,HZ,9,17,0.137717,0.4722,
2025,43,C7_territory_graph_perm,2,7,C,JZ,10,17,0.137717,0.4722,
2025,43,C7_territory_graph_perm,2,8,C,KZ,11,17,0.137717,0.4722,
2025,43,C7_territory_graph_perm,3,7,DE,JZ,12,17,0.137717,0.4722,
2025,43,C7_territory_graph_perm,4,6,FZ,HZ,13,17,0.137717,0.4722,
2025,43,C7_territory_graph_perm,4,8,FZ,KZ,14,17,0.137717,0.4722,
2025,43,C7_territory_graph_perm,5,6,GI,HZ,15,17,0.137717,0.4722,
2025,43,C7_territory_graph_perm,5,7,GI,JZ,16,17,0.137717,0.4722,
2025,43,C7_territory_graph_perm,6,8,HZ,KZ,17,17,0.137717,0.4722,
2025,44,C7_territory_graph_perm,0,3,AZ,DE,1,18,0.132309,0.5,
2025,44,C7_territory_graph_perm,0,4,AZ,FZ,2,18,0.132309,0.5,
2025,44,C7_territory_graph_perm,0,5,AZ,GI,3,18,0.132309,0.5,
2025,44,C7_territory_graph_perm,0,8,AZ,KZ,4,18,0.132309,0.5,
2025,44,C7_territory_graph_perm,1,4,BE,FZ,5,18,0.132309,0.5,
2025,44,C7_territory_graph_perm,1,5,BE,GI,6,18,0.132309,0.5,
2025,44,C7_territory_graph_perm,1,7,BE,JZ,7,18,0.132309,0.5,
2025,44,C7_territory_graph_perm,2,3,C,DE,8,18,0.132309,0.5,
2025,44,C7_territory_graph_perm,2,4,C,FZ,9,18,0.132309,0.5,
2025,44,C7_territory_graph_perm,2,7,C,JZ,10,18,0.132309,0.5,
2025,44,C7_territory_graph_perm,3,6,DE,HZ,11,18,0.132309,0.5,
2025,44,C7_territory_graph_perm,4,6,FZ,HZ,12,18,0.132309,0.5,
2025,44,C7_territory_graph_perm,4,7,FZ,JZ,13,18,0.132309,0.5,
2025,44,C7_territory_graph_perm,4,8,FZ,KZ,14,18,0.132309,0.5,
2025,44,C7_territory_graph_perm,5,6,GI,HZ,15,18,0.132309,0.5,
2025,44,C7_territory_graph_perm,5,7,GI,JZ,16,18,0.132309,0.5,
2025,44,C7_territory_graph_perm,5,8,GI,KZ,17,18,0.132309,0.5,
2025,44,C7_territory_graph_perm,7,8,JZ,KZ,18,18,0.132309,0.5,
2025,45,C7_territory_graph_perm,0,2,AZ,C,1,16,0.14967,0.4444,
2025,45,C7_territory_graph_perm,0,5,AZ,GI,2,16,0.14967,0.4444,
2025,45,C7_territory_graph_perm,0,6,AZ,HZ,3,16,0.14967,0.4444,
2025,45,C7_territory_graph_perm,0,7,AZ,JZ,4,16,0.14967,0.4444,
2025,45,C7_territory_graph_perm,1,2,BE,C,5,16,0.14967,0.4444,
2025,45,C7_territory_graph_perm,1,6,BE,HZ,6,16,0.14967,0.4444,
2025,45,C7_territory_graph_perm,1,7,BE,JZ,7,16,0.14967,0.4444,
2025,45,C7_territory_graph_perm,1,8,BE,KZ,8,16,0.14967,0.4444,
2025,45,C7_territory_graph_perm,2,8,C,KZ,9,16,0.14967,0.4444,
2025,45,C7_territory_graph_perm,3,4,DE,FZ,10,16,0.14967,0.4444,
2025,45,C7_territory_graph_perm,3,5,DE,GI,11,16,0.14967,0.4444,
2025,45,C7_territory_graph_perm,3,6,DE,HZ,12,16,0.14967,0.4444,
2025,45,C7_territory_graph_perm,4,5,FZ,GI,13,16,0.14967,0.4444,
2025,45,C7_territory_graph_perm,4,6,FZ,HZ,14,16,0.14967,0.4444,
2025,45,C7_territory_graph_perm,6,8,HZ,KZ,15,16,0.14967,0.4444,
2025,45,C7_territory_graph_perm,7,8,JZ,KZ,16,16,0.14967,0.4444,
2025,46,C7_territory_graph_perm,0,2,AZ,C,1,19,0.152517,0.5278,
2025,46,C7_territory_graph_perm,0,3,AZ,DE,2,19,0.152517,0.5278,
2025,46,C7_territory_graph_perm,0,4,AZ,FZ,3,19,0.152517,0.5278,
2025,46,C7_territory_graph_perm,1,2,BE,C,4,19,0.152517,0.5278,
2025,46,C7_territory_graph_perm,1,3,BE,DE,5,19,0.152517,0.5278,
2025,46,C7_territory_graph_perm,1,4,BE,FZ,6,19,0.152517,0.5278,
2025,46,C7_territory_graph_perm,2,3,C,DE,7,19,0.152517,0.5278,
2025,46,C7_territory_graph_perm,2,4,C,FZ,8,19,0.152517,0.5278,
2025,46,C7_territory_graph_perm,2,5,C,GI,9,19,0.152517,0.5278,
2025,46,C7_territory_graph_perm,2,6,C,HZ,10,19,0.152517,0.5278,
2025,46,C7_territory_graph_perm,2,8,C,KZ,11,19,0.152517,0.5278,
2025,46,C7_territory_graph_perm,3,4,DE,FZ,12,19,0.152517,0.5278,
2025,46,C7_territory_graph_perm,3,6,DE,HZ,13,19,0.152517,0.5278,
2025,46,C7_territory_graph_perm,3,7,DE,JZ,14,19,0.152517,0.5278,
2025,46,C7_territory_graph_perm,3,8,DE,KZ,15,19,0.152517,0.5278,
2025,46,C7_territory_graph_perm,4,7,FZ,JZ,16,19,0.152517,0.5278,
2025,46,C7_territory_graph_perm,5,7,GI,JZ,17,19,0.152517,0.5278,
2025,46,C7_territory_graph_perm,5,8,GI,KZ,18,19,0.152517,0.5278,
2025,46,C7_territory_graph_perm,6,8,HZ,KZ,19,19,0.152517,0.5278,
2021,42,C8_sector_identity_perm,0,2,AZ,C,1,18,0.152246,0.5,
2021,42,C8_sector_identity_perm,0,3,AZ,DE,2,18,0.152246,0.5,
2021,42,C8_sector_identity_perm,0,4,AZ,FZ,3,18,0.152246,0.5,
2021,42,C8_sector_identity_perm,0,6,AZ,HZ,4,18,0.152246,0.5,
2021,42,C8_sector_identity_perm,0,7,AZ,JZ,5,18,0.152246,0.5,
2021,42,C8_sector_identity_perm,0,8,AZ,KZ,6,18,0.152246,0.5,
2021,42,C8_sector_identity_perm,1,3,BE,DE,7,18,0.152246,0.5,
2021,42,C8_sector_identity_perm,1,4,BE,FZ,8,18,0.152246,0.5,
2021,42,C8_sector_identity_perm,1,5,BE,GI,9,18,0.152246,0.5,
2021,42,C8_sector_identity_perm,1,7,BE,JZ,10,18,0.152246,0.5,
2021,42,C8_sector_identity_perm,2,4,C,FZ,11,18,0.152246,0.5,
2021,42,C8_sector_identity_perm,2,5,C,GI,12,18,0.152246,0.5,
2021,42,C8_sector_identity_perm,2,6,C,HZ,13,18,0.152246,0.5,
2021,42,C8_sector_identity_perm,3,5,DE,GI,14,18,0.152246,0.5,
2021,42,C8_sector_identity_perm,4,5,FZ,GI,15,18,0.152246,0.5,
2021,42,C8_sector_identity_perm,5,7,GI,JZ,16,18,0.152246,0.5,
2021,42,C8_sector_identity_perm,5,8,GI,KZ,17,18,0.152246,0.5,
2021,42,C8_sector_identity_perm,6,8,HZ,KZ,18,18,0.152246,0.5,
2021,43,C8_sector_identity_perm,0,3,AZ,DE,1,14,0.134085,0.3889,
2021,43,C8_sector_identity_perm,0,6,AZ,HZ,2,14,0.134085,0.3889,
2021,43,C8_sector_identity_perm,0,8,AZ,KZ,3,14,0.134085,0.3889,
2021,43,C8_sector_identity_perm,1,2,BE,C,4,14,0.134085,0.3889,
2021,43,C8_sector_identity_perm,1,4,BE,FZ,5,14,0.134085,0.3889,
2021,43,C8_sector_identity_perm,1,5,BE,GI,6,14,0.134085,0.3889,
2021,43,C8_sector_identity_perm,2,3,C,DE,7,14,0.134085,0.3889,
2021,43,C8_sector_identity_perm,2,5,C,GI,8,14,0.134085,0.3889,
2021,43,C8_sector_identity_perm,3,5,DE,GI,9,14,0.134085,0.3889,
2021,43,C8_sector_identity_perm,3,7,DE,JZ,10,14,0.134085,0.3889,
2021,43,C8_sector_identity_perm,4,6,FZ,HZ,11,14,0.134085,0.3889,
2021,43,C8_sector_identity_perm,4,8,FZ,KZ,12,14,0.134085,0.3889,
2021,43,C8_sector_identity_perm,6,7,HZ,JZ,13,14,0.134085,0.3889,
2021,43,C8_sector_identity_perm,7,8,JZ,KZ,14,14,0.134085,0.3889,
2021,44,C8_sector_identity_perm,0,3,AZ,DE,1,17,0.12903,0.4722,
2021,44,C8_sector_identity_perm,0,4,AZ,FZ,2,17,0.12903,0.4722,
2021,44,C8_sector_identity_perm,0,7,AZ,JZ,3,17,0.12903,0.4722,
2021,44,C8_sector_identity_perm,0,8,AZ,KZ,4,17,0.12903,0.4722,
2021,44,C8_sector_identity_perm,1,2,BE,C,5,17,0.12903,0.4722,
2021,44,C8_sector_identity_perm,1,5,BE,GI,6,17,0.12903,0.4722,
2021,44,C8_sector_identity_perm,1,6,BE,HZ,7,17,0.12903,0.4722,
2021,44,C8_sector_identity_perm,1,8,BE,KZ,8,17,0.12903,0.4722,
2021,44,C8_sector_identity_perm,2,3,C,DE,9,17,0.12903,0.4722,
2021,44,C8_sector_identity_perm,2,6,C,HZ,10,17,0.12903,0.4722,
2021,44,C8_sector_identity_perm,3,5,DE,GI,11,17,0.12903,0.4722,
2021,44,C8_sector_identity_perm,3,6,DE,HZ,12,17,0.12903,0.4722,
2021,44,C8_sector_identity_perm,3,8,DE,KZ,13,17,0.12903,0.4722,
2021,44,C8_sector_identity_perm,4,5,FZ,GI,14,17,0.12903,0.4722,
2021,44,C8_sector_identity_perm,4,6,FZ,HZ,15,17,0.12903,0.4722,
2021,44,C8_sector_identity_perm,4,7,FZ,JZ,16,17,0.12903,0.4722,
2021,44,C8_sector_identity_perm,5,7,GI,JZ,17,17,0.12903,0.4722,
2021,45,C8_sector_identity_perm,0,3,AZ,DE,1,16,0.146038,0.4444,
2021,45,C8_sector_identity_perm,0,4,AZ,FZ,2,16,0.146038,0.4444,
2021,45,C8_sector_identity_perm,0,5,AZ,GI,3,16,0.146038,0.4444,
2021,45,C8_sector_identity_perm,1,2,BE,C,4,16,0.146038,0.4444,
2021,45,C8_sector_identity_perm,1,3,BE,DE,5,16,0.146038,0.4444,
2021,45,C8_sector_identity_perm,1,5,BE,GI,6,16,0.146038,0.4444,
2021,45,C8_sector_identity_perm,1,7,BE,JZ,7,16,0.146038,0.4444,
2021,45,C8_sector_identity_perm,2,5,C,GI,8,16,0.146038,0.4444,
2021,45,C8_sector_identity_perm,2,7,C,JZ,9,16,0.146038,0.4444,
2021,45,C8_sector_identity_perm,3,6,DE,HZ,10,16,0.146038,0.4444,
2021,45,C8_sector_identity_perm,3,7,DE,JZ,11,16,0.146038,0.4444,
2021,45,C8_sector_identity_perm,4,6,FZ,HZ,12,16,0.146038,0.4444,
2021,45,C8_sector_identity_perm,4,8,FZ,KZ,13,16,0.146038,0.4444,
2021,45,C8_sector_identity_perm,5,6,GI,HZ,14,16,0.146038,0.4444,
2021,45,C8_sector_identity_perm,5,8,GI,KZ,15,16,0.146038,0.4444,
2021,45,C8_sector_identity_perm,7,8,JZ,KZ,16,16,0.146038,0.4444,
2021,46,C8_sector_identity_perm,0,3,AZ,DE,1,19,0.140996,0.5278,
2021,46,C8_sector_identity_perm,0,4,AZ,FZ,2,19,0.140996,0.5278,
2021,46,C8_sector_identity_perm,0,7,AZ,JZ,3,19,0.140996,0.5278,
2021,46,C8_sector_identity_perm,1,3,BE,DE,4,19,0.140996,0.5278,
2021,46,C8_sector_identity_perm,1,4,BE,FZ,5,19,0.140996,0.5278,
2021,46,C8_sector_identity_perm,1,7,BE,JZ,6,19,0.140996,0.5278,
2021,46,C8_sector_identity_perm,1,8,BE,KZ,7,19,0.140996,0.5278,
2021,46,C8_sector_identity_perm,2,4,C,FZ,8,19,0.140996,0.5278,
2021,46,C8_sector_identity_perm,2,7,C,JZ,9,19,0.140996,0.5278,
2021,46,C8_sector_identity_perm,2,8,C,KZ,10,19,0.140996,0.5278,
2021,46,C8_sector_identity_perm,3,5,DE,GI,11,19,0.140996,0.5278,
2021,46,C8_sector_identity_perm,3,6,DE,HZ,12,19,0.140996,0.5278,
2021,46,C8_sector_identity_perm,3,8,DE,KZ,13,19,0.140996,0.5278,
2021,46,C8_sector_identity_perm,4,5,FZ,GI,14,19,0.140996,0.5278,
2021,46,C8_sector_identity_perm,4,6,FZ,HZ,15,19,0.140996,0.5278,
2021,46,C8_sector_identity_perm,4,8,FZ,KZ,16,19,0.140996,0.5278,
2021,46,C8_sector_identity_perm,5,7,GI,JZ,17,19,0.140996,0.5278,
2021,46,C8_sector_identity_perm,6,8,HZ,KZ,18,19,0.140996,0.5278,
2021,46,C8_sector_identity_perm,7,8,JZ,KZ,19,19,0.140996,0.5278,
2022,42,C8_sector_identity_perm,0,2,AZ,C,1,19,0.131605,0.5278,
2022,42,C8_sector_identity_perm,0,3,AZ,DE,2,19,0.131605,0.5278,
2022,42,C8_sector_identity_perm,0,6,AZ,HZ,3,19,0.131605,0.5278,
2022,42,C8_sector_identity_perm,0,7,AZ,JZ,4,19,0.131605,0.5278,
2022,42,C8_sector_identity_perm,0,8,AZ,KZ,5,19,0.131605,0.5278,
2022,42,C8_sector_identity_perm,1,2,BE,C,6,19,0.131605,0.5278,
2022,42,C8_sector_identity_perm,1,5,BE,GI,7,19,0.131605,0.5278,
2022,42,C8_sector_identity_perm,1,6,BE,HZ,8,19,0.131605,0.5278,
2022,42,C8_sector_identity_perm,1,7,BE,JZ,9,19,0.131605,0.5278,
2022,42,C8_sector_identity_perm,2,3,C,DE,10,19,0.131605,0.5278,
2022,42,C8_sector_identity_perm,2,4,C,FZ,11,19,0.131605,0.5278,
2022,42,C8_sector_identity_perm,2,7,C,JZ,12,19,0.131605,0.5278,
2022,42,C8_sector_identity_perm,2,8,C,KZ,13,19,0.131605,0.5278,
2022,42,C8_sector_identity_perm,3,5,DE,GI,14,19,0.131605,0.5278,
2022,42,C8_sector_identity_perm,4,5,FZ,GI,15,19,0.131605,0.5278,
2022,42,C8_sector_identity_perm,4,6,FZ,HZ,16,19,0.131605,0.5278,
2022,42,C8_sector_identity_perm,5,7,GI,JZ,17,19,0.131605,0.5278,
2022,42,C8_sector_identity_perm,5,8,GI,KZ,18,19,0.131605,0.5278,
2022,42,C8_sector_identity_perm,6,7,HZ,JZ,19,19,0.131605,0.5278,
2022,43,C8_sector_identity_perm,0,2,AZ,C,1,16,0.133559,0.4444,
2022,43,C8_sector_identity_perm,0,3,AZ,DE,2,16,0.133559,0.4444,
2022,43,C8_sector_identity_perm,0,6,AZ,HZ,3,16,0.133559,0.4444,
2022,43,C8_sector_identity_perm,1,2,BE,C,4,16,0.133559,0.4444,
2022,43,C8_sector_identity_perm,1,4,BE,FZ,5,16,0.133559,0.4444,
2022,43,C8_sector_identity_perm,1,5,BE,GI,6,16,0.133559,0.4444,
2022,43,C8_sector_identity_perm,2,5,C,GI,7,16,0.133559,0.4444,
2022,43,C8_sector_identity_perm,2,6,C,HZ,8,16,0.133559,0.4444,
2022,43,C8_sector_identity_perm,3,7,DE,JZ,9,16,0.133559,0.4444,
2022,43,C8_sector_identity_perm,3,8,DE,KZ,10,16,0.133559,0.4444,
2022,43,C8_sector_identity_perm,4,5,FZ,GI,11,16,0.133559,0.4444,
2022,43,C8_sector_identity_perm,4,8,FZ,KZ,12,16,0.133559,0.4444,
2022,43,C8_sector_identity_perm,5,6,GI,HZ,13,16,0.133559,0.4444,
2022,43,C8_sector_identity_perm,6,7,HZ,JZ,14,16,0.133559,0.4444,
2022,43,C8_sector_identity_perm,6,8,HZ,KZ,15,16,0.133559,0.4444,
2022,43,C8_sector_identity_perm,7,8,JZ,KZ,16,16,0.133559,0.4444,
2022,44,C8_sector_identity_perm,0,1,AZ,BE,1,16,0.131062,0.4444,
2022,44,C8_sector_identity_perm,0,3,AZ,DE,2,16,0.131062,0.4444,
2022,44,C8_sector_identity_perm,0,4,AZ,FZ,3,16,0.131062,0.4444,
2022,44,C8_sector_identity_perm,0,7,AZ,JZ,4,16,0.131062,0.4444,
2022,44,C8_sector_identity_perm,0,8,AZ,KZ,5,16,0.131062,0.4444,
2022,44,C8_sector_identity_perm,1,5,BE,GI,6,16,0.131062,0.4444,
2022,44,C8_sector_identity_perm,1,7,BE,JZ,7,16,0.131062,0.4444,
2022,44,C8_sector_identity_perm,2,3,C,DE,8,16,0.131062,0.4444,
2022,44,C8_sector_identity_perm,2,6,C,HZ,9,16,0.131062,0.4444,
2022,44,C8_sector_identity_perm,2,7,C,JZ,10,16,0.131062,0.4444,
2022,44,C8_sector_identity_perm,3,5,DE,GI,11,16,0.131062,0.4444,
2022,44,C8_sector_identity_perm,3,6,DE,HZ,12,16,0.131062,0.4444,
2022,44,C8_sector_identity_perm,4,5,FZ,GI,13,16,0.131062,0.4444,
2022,44,C8_sector_identity_perm,4,7,FZ,JZ,14,16,0.131062,0.4444,
2022,44,C8_sector_identity_perm,6,8,HZ,KZ,15,16,0.131062,0.4444,
2022,44,C8_sector_identity_perm,7,8,JZ,KZ,16,16,0.131062,0.4444,
2022,45,C8_sector_identity_perm,0,3,AZ,DE,1,17,0.147778,0.4722,
2022,45,C8_sector_identity_perm,0,4,AZ,FZ,2,17,0.147778,0.4722,
2022,45,C8_sector_identity_perm,0,5,AZ,GI,3,17,0.147778,0.4722,
2022,45,C8_sector_identity_perm,0,7,AZ,JZ,4,17,0.147778,0.4722,
2022,45,C8_sector_identity_perm,1,2,BE,C,5,17,0.147778,0.4722,
2022,45,C8_sector_identity_perm,1,5,BE,GI,6,17,0.147778,0.4722,
2022,45,C8_sector_identity_perm,1,6,BE,HZ,7,17,0.147778,0.4722,
2022,45,C8_sector_identity_perm,2,3,C,DE,8,17,0.147778,0.4722,
2022,45,C8_sector_identity_perm,2,4,C,FZ,9,17,0.147778,0.4722,
2022,45,C8_sector_identity_perm,2,5,C,GI,10,17,0.147778,0.4722,
2022,45,C8_sector_identity_perm,2,6,C,HZ,11,17,0.147778,0.4722,
2022,45,C8_sector_identity_perm,2,7,C,JZ,12,17,0.147778,0.4722,
2022,45,C8_sector_identity_perm,3,4,DE,FZ,13,17,0.147778,0.4722,
2022,45,C8_sector_identity_perm,4,8,FZ,KZ,14,17,0.147778,0.4722,
2022,45,C8_sector_identity_perm,5,7,GI,JZ,15,17,0.147778,0.4722,
2022,45,C8_sector_identity_perm,5,8,GI,KZ,16,17,0.147778,0.4722,
2022,45,C8_sector_identity_perm,6,8,HZ,KZ,17,17,0.147778,0.4722,
2022,46,C8_sector_identity_perm,0,3,AZ,DE,1,18,0.135008,0.5,
2022,46,C8_sector_identity_perm,0,4,AZ,FZ,2,18,0.135008,0.5,
2022,46,C8_sector_identity_perm,0,8,AZ,KZ,3,18,0.135008,0.5,
2022,46,C8_sector_identity_perm,1,3,BE,DE,4,18,0.135008,0.5,
2022,46,C8_sector_identity_perm,1,4,BE,FZ,5,18,0.135008,0.5,
2022,46,C8_sector_identity_perm,1,8,BE,KZ,6,18,0.135008,0.5,
2022,46,C8_sector_identity_perm,2,3,C,DE,7,18,0.135008,0.5,
2022,46,C8_sector_identity_perm,2,4,C,FZ,8,18,0.135008,0.5,
2022,46,C8_sector_identity_perm,2,5,C,GI,9,18,0.135008,0.5,
2022,46,C8_sector_identity_perm,2,6,C,HZ,10,18,0.135008,0.5,
2022,46,C8_sector_identity_perm,3,4,DE,FZ,11,18,0.135008,0.5,
2022,46,C8_sector_identity_perm,3,5,DE,GI,12,18,0.135008,0.5,
2022,46,C8_sector_identity_perm,3,6,DE,HZ,13,18,0.135008,0.5,
2022,46,C8_sector_identity_perm,3,7,DE,JZ,14,18,0.135008,0.5,
2022,46,C8_sector_identity_perm,3,8,DE,KZ,15,18,0.135008,0.5,
2022,46,C8_sector_identity_perm,4,7,FZ,JZ,16,18,0.135008,0.5,
2022,46,C8_sector_identity_perm,5,6,GI,HZ,17,18,0.135008,0.5,
2022,46,C8_sector_identity_perm,7,8,JZ,KZ,18,18,0.135008,0.5,
2023,42,C8_sector_identity_perm,0,1,AZ,BE,1,20,0.134984,0.5556,
2023,42,C8_sector_identity_perm,0,2,AZ,C,2,20,0.134984,0.5556,
2023,42,C8_sector_identity_perm,0,3,AZ,DE,3,20,0.134984,0.5556,
2023,42,C8_sector_identity_perm,0,4,AZ,FZ,4,20,0.134984,0.5556,
2023,42,C8_sector_identity_perm,0,5,AZ,GI,5,20,0.134984,0.5556,
2023,42,C8_sector_identity_perm,0,6,AZ,HZ,6,20,0.134984,0.5556,
2023,42,C8_sector_identity_perm,0,7,AZ,JZ,7,20,0.134984,0.5556,
2023,42,C8_sector_identity_perm,0,8,AZ,KZ,8,20,0.134984,0.5556,
2023,42,C8_sector_identity_perm,1,4,BE,FZ,9,20,0.134984,0.5556,
2023,42,C8_sector_identity_perm,1,5,BE,GI,10,20,0.134984,0.5556,
2023,42,C8_sector_identity_perm,1,6,BE,HZ,11,20,0.134984,0.5556,
2023,42,C8_sector_identity_perm,1,7,BE,JZ,12,20,0.134984,0.5556,
2023,42,C8_sector_identity_perm,1,8,BE,KZ,13,20,0.134984,0.5556,
2023,42,C8_sector_identity_perm,2,3,C,DE,14,20,0.134984,0.5556,
2023,42,C8_sector_identity_perm,2,4,C,FZ,15,20,0.134984,0.5556,
2023,42,C8_sector_identity_perm,2,5,C,GI,16,20,0.134984,0.5556,
2023,42,C8_sector_identity_perm,3,4,DE,FZ,17,20,0.134984,0.5556,
2023,42,C8_sector_identity_perm,3,6,DE,HZ,18,20,0.134984,0.5556,
2023,42,C8_sector_identity_perm,3,7,DE,JZ,19,20,0.134984,0.5556,
2023,42,C8_sector_identity_perm,3,8,DE,KZ,20,20,0.134984,0.5556,
2023,43,C8_sector_identity_perm,0,1,AZ,BE,1,18,0.139506,0.5,
2023,43,C8_sector_identity_perm,0,2,AZ,C,2,18,0.139506,0.5,
2023,43,C8_sector_identity_perm,0,6,AZ,HZ,3,18,0.139506,0.5,
2023,43,C8_sector_identity_perm,1,4,BE,FZ,4,18,0.139506,0.5,
2023,43,C8_sector_identity_perm,1,5,BE,GI,5,18,0.139506,0.5,
2023,43,C8_sector_identity_perm,1,6,BE,HZ,6,18,0.139506,0.5,
2023,43,C8_sector_identity_perm,2,4,C,FZ,7,18,0.139506,0.5,
2023,43,C8_sector_identity_perm,2,5,C,GI,8,18,0.139506,0.5,
2023,43,C8_sector_identity_perm,2,6,C,HZ,9,18,0.139506,0.5,
2023,43,C8_sector_identity_perm,2,8,C,KZ,10,18,0.139506,0.5,
2023,43,C8_sector_identity_perm,3,4,DE,FZ,11,18,0.139506,0.5,
2023,43,C8_sector_identity_perm,3,7,DE,JZ,12,18,0.139506,0.5,
2023,43,C8_sector_identity_perm,3,8,DE,KZ,13,18,0.139506,0.5,
2023,43,C8_sector_identity_perm,4,5,FZ,GI,14,18,0.139506,0.5,
2023,43,C8_sector_identity_perm,4,6,FZ,HZ,15,18,0.139506,0.5,
2023,43,C8_sector_identity_perm,4,7,FZ,JZ,16,18,0.139506,0.5,
2023,43,C8_sector_identity_perm,5,8,GI,KZ,17,18,0.139506,0.5,
2023,43,C8_sector_identity_perm,6,7,HZ,JZ,18,18,0.139506,0.5,
2023,44,C8_sector_identity_perm,0,4,AZ,FZ,1,16,0.130055,0.4444,
2023,44,C8_sector_identity_perm,0,6,AZ,HZ,2,16,0.130055,0.4444,
2023,44,C8_sector_identity_perm,0,8,AZ,KZ,3,16,0.130055,0.4444,
2023,44,C8_sector_identity_perm,1,2,BE,C,4,16,0.130055,0.4444,
2023,44,C8_sector_identity_perm,1,6,BE,HZ,5,16,0.130055,0.4444,
2023,44,C8_sector_identity_perm,1,8,BE,KZ,6,16,0.130055,0.4444,
2023,44,C8_sector_identity_perm,2,4,C,FZ,7,16,0.130055,0.4444,
2023,44,C8_sector_identity_perm,2,5,C,GI,8,16,0.130055,0.4444,
2023,44,C8_sector_identity_perm,3,6,DE,HZ,9,16,0.130055,0.4444,
2023,44,C8_sector_identity_perm,3,7,DE,JZ,10,16,0.130055,0.4444,
2023,44,C8_sector_identity_perm,3,8,DE,KZ,11,16,0.130055,0.4444,
2023,44,C8_sector_identity_perm,4,6,FZ,HZ,12,16,0.130055,0.4444,
2023,44,C8_sector_identity_perm,4,7,FZ,JZ,13,16,0.130055,0.4444,
2023,44,C8_sector_identity_perm,5,6,GI,HZ,14,16,0.130055,0.4444,
2023,44,C8_sector_identity_perm,5,8,GI,KZ,15,16,0.130055,0.4444,
2023,44,C8_sector_identity_perm,6,7,HZ,JZ,16,16,0.130055,0.4444,
2023,45,C8_sector_identity_perm,0,1,AZ,BE,1,16,0.13506,0.4444,
2023,45,C8_sector_identity_perm,0,4,AZ,FZ,2,16,0.13506,0.4444,
2023,45,C8_sector_identity_perm,0,6,AZ,HZ,3,16,0.13506,0.4444,
2023,45,C8_sector_identity_perm,1,3,BE,DE,4,16,0.13506,0.4444,
2023,45,C8_sector_identity_perm,1,6,BE,HZ,5,16,0.13506,0.4444,
2023,45,C8_sector_identity_perm,2,3,C,DE,6,16,0.13506,0.4444,
2023,45,C8_sector_identity_perm,2,5,C,GI,7,16,0.13506,0.4444,
2023,45,C8_sector_identity_perm,2,6,C,HZ,8,16,0.13506,0.4444,
2023,45,C8_sector_identity_perm,3,7,DE,JZ,9,16,0.13506,0.4444,
2023,45,C8_sector_identity_perm,4,6,FZ,HZ,10,16,0.13506,0.4444,
2023,45,C8_sector_identity_perm,4,8,FZ,KZ,11,16,0.13506,0.4444,
2023,45,C8_sector_identity_perm,5,6,GI,HZ,12,16,0.13506,0.4444,
2023,45,C8_sector_identity_perm,5,7,GI,JZ,13,16,0.13506,0.4444,
2023,45,C8_sector_identity_perm,5,8,GI,KZ,14,16,0.13506,0.4444,
2023,45,C8_sector_identity_perm,6,7,HZ,JZ,15,16,0.13506,0.4444,
2023,45,C8_sector_identity_perm,6,8,HZ,KZ,16,16,0.13506,0.4444,
2023,46,C8_sector_identity_perm,0,1,AZ,BE,1,20,0.137935,0.5556,
2023,46,C8_sector_identity_perm,0,2,AZ,C,2,20,0.137935,0.5556,
2023,46,C8_sector_identity_perm,0,5,AZ,GI,3,20,0.137935,0.5556,
2023,46,C8_sector_identity_perm,0,7,AZ,JZ,4,20,0.137935,0.5556,
2023,46,C8_sector_identity_perm,0,8,AZ,KZ,5,20,0.137935,0.5556,
2023,46,C8_sector_identity_perm,1,3,BE,DE,6,20,0.137935,0.5556,
2023,46,C8_sector_identity_perm,1,4,BE,FZ,7,20,0.137935,0.5556,
2023,46,C8_sector_identity_perm,2,3,C,DE,8,20,0.137935,0.5556,
2023,46,C8_sector_identity_perm,2,4,C,FZ,9,20,0.137935,0.5556,
2023,46,C8_sector_identity_perm,2,5,C,GI,10,20,0.137935,0.5556,
2023,46,C8_sector_identity_perm,2,6,C,HZ,11,20,0.137935,0.5556,
2023,46,C8_sector_identity_perm,2,7,C,JZ,12,20,0.137935,0.5556,
2023,46,C8_sector_identity_perm,2,8,C,KZ,13,20,0.137935,0.5556,
2023,46,C8_sector_identity_perm,3,4,DE,FZ,14,20,0.137935,0.5556,
2023,46,C8_sector_identity_perm,3,5,DE,GI,15,20,0.137935,0.5556,
2023,46,C8_sector_identity_perm,3,6,DE,HZ,16,20,0.137935,0.5556,
2023,46,C8_sector_identity_perm,3,8,DE,KZ,17,20,0.137935,0.5556,
2023,46,C8_sector_identity_perm,4,7,FZ,JZ,18,20,0.137935,0.5556,
2023,46,C8_sector_identity_perm,4,8,FZ,KZ,19,20,0.137935,0.5556,
2023,46,C8_sector_identity_perm,6,8,HZ,KZ,20,20,0.137935,0.5556,
2024,42,C8_sector_identity_perm,0,1,AZ,BE,1,19,0.136045,0.5278,
2024,42,C8_sector_identity_perm,0,2,AZ,C,2,19,0.136045,0.5278,
2024,42,C8_sector_identity_perm,0,3,AZ,DE,3,19,0.136045,0.5278,
2024,42,C8_sector_identity_perm,0,5,AZ,GI,4,19,0.136045,0.5278,
2024,42,C8_sector_identity_perm,0,6,AZ,HZ,5,19,0.136045,0.5278,
2024,42,C8_sector_identity_perm,0,7,AZ,JZ,6,19,0.136045,0.5278,
2024,42,C8_sector_identity_perm,0,8,AZ,KZ,7,19,0.136045,0.5278,
2024,42,C8_sector_identity_perm,1,3,BE,DE,8,19,0.136045,0.5278,
2024,42,C8_sector_identity_perm,1,4,BE,FZ,9,19,0.136045,0.5278,
2024,42,C8_sector_identity_perm,1,6,BE,HZ,10,19,0.136045,0.5278,
2024,42,C8_sector_identity_perm,1,7,BE,JZ,11,19,0.136045,0.5278,
2024,42,C8_sector_identity_perm,1,8,BE,KZ,12,19,0.136045,0.5278,
2024,42,C8_sector_identity_perm,2,4,C,FZ,13,19,0.136045,0.5278,
2024,42,C8_sector_identity_perm,2,5,C,GI,14,19,0.136045,0.5278,
2024,42,C8_sector_identity_perm,3,7,DE,JZ,15,19,0.136045,0.5278,
2024,42,C8_sector_identity_perm,4,7,FZ,JZ,16,19,0.136045,0.5278,
2024,42,C8_sector_identity_perm,5,7,GI,JZ,17,19,0.136045,0.5278,
2024,42,C8_sector_identity_perm,6,7,HZ,JZ,18,19,0.136045,0.5278,
2024,42,C8_sector_identity_perm,7,8,JZ,KZ,19,19,0.136045,0.5278,
2024,43,C8_sector_identity_perm,0,2,AZ,C,1,16,0.132909,0.4444,
2024,43,C8_sector_identity_perm,0,4,AZ,FZ,2,16,0.132909,0.4444,
2024,43,C8_sector_identity_perm,0,8,AZ,KZ,3,16,0.132909,0.4444,
2024,43,C8_sector_identity_perm,1,3,BE,DE,4,16,0.132909,0.4444,
2024,43,C8_sector_identity_perm,1,5,BE,GI,5,16,0.132909,0.4444,
2024,43,C8_sector_identity_perm,1,6,BE,HZ,6,16,0.132909,0.4444,
2024,43,C8_sector_identity_perm,2,4,C,FZ,7,16,0.132909,0.4444,
2024,43,C8_sector_identity_perm,2,6,C,HZ,8,16,0.132909,0.4444,
2024,43,C8_sector_identity_perm,2,7,C,JZ,9,16,0.132909,0.4444,
2024,43,C8_sector_identity_perm,3,5,DE,GI,10,16,0.132909,0.4444,
2024,43,C8_sector_identity_perm,3,6,DE,HZ,11,16,0.132909,0.4444,
2024,43,C8_sector_identity_perm,3,7,DE,JZ,12,16,0.132909,0.4444,
2024,43,C8_sector_identity_perm,4,7,FZ,JZ,13,16,0.132909,0.4444,
2024,43,C8_sector_identity_perm,4,8,FZ,KZ,14,16,0.132909,0.4444,
2024,43,C8_sector_identity_perm,5,6,GI,HZ,15,16,0.132909,0.4444,
2024,43,C8_sector_identity_perm,6,8,HZ,KZ,16,16,0.132909,0.4444,
2024,44,C8_sector_identity_perm,0,2,AZ,C,1,17,0.128929,0.4722,
2024,44,C8_sector_identity_perm,0,6,AZ,HZ,2,17,0.128929,0.4722,
2024,44,C8_sector_identity_perm,0,7,AZ,JZ,3,17,0.128929,0.4722,
2024,44,C8_sector_identity_perm,0,8,AZ,KZ,4,17,0.128929,0.4722,
2024,44,C8_sector_identity_perm,1,3,BE,DE,5,17,0.128929,0.4722,
2024,44,C8_sector_identity_perm,1,4,BE,FZ,6,17,0.128929,0.4722,
2024,44,C8_sector_identity_perm,1,7,BE,JZ,7,17,0.128929,0.4722,
2024,44,C8_sector_identity_perm,1,8,BE,KZ,8,17,0.128929,0.4722,
2024,44,C8_sector_identity_perm,2,4,C,FZ,9,17,0.128929,0.4722,
2024,44,C8_sector_identity_perm,2,5,C,GI,10,17,0.128929,0.4722,
2024,44,C8_sector_identity_perm,3,4,DE,FZ,11,17,0.128929,0.4722,
2024,44,C8_sector_identity_perm,3,5,DE,GI,12,17,0.128929,0.4722,
2024,44,C8_sector_identity_perm,4,5,FZ,GI,13,17,0.128929,0.4722,
2024,44,C8_sector_identity_perm,4,6,FZ,HZ,14,17,0.128929,0.4722,
2024,44,C8_sector_identity_perm,4,8,FZ,KZ,15,17,0.128929,0.4722,
2024,44,C8_sector_identity_perm,5,6,GI,HZ,16,17,0.128929,0.4722,
2024,44,C8_sector_identity_perm,5,7,GI,JZ,17,17,0.128929,0.4722,
2024,45,C8_sector_identity_perm,0,1,AZ,BE,1,17,0.136518,0.4722,
2024,45,C8_sector_identity_perm,0,3,AZ,DE,2,17,0.136518,0.4722,
2024,45,C8_sector_identity_perm,0,4,AZ,FZ,3,17,0.136518,0.4722,
2024,45,C8_sector_identity_perm,0,5,AZ,GI,4,17,0.136518,0.4722,
2024,45,C8_sector_identity_perm,0,7,AZ,JZ,5,17,0.136518,0.4722,
2024,45,C8_sector_identity_perm,1,2,BE,C,6,17,0.136518,0.4722,
2024,45,C8_sector_identity_perm,1,5,BE,GI,7,17,0.136518,0.4722,
2024,45,C8_sector_identity_perm,1,7,BE,JZ,8,17,0.136518,0.4722,
2024,45,C8_sector_identity_perm,2,3,C,DE,9,17,0.136518,0.4722,
2024,45,C8_sector_identity_perm,2,5,C,GI,10,17,0.136518,0.4722,
2024,45,C8_sector_identity_perm,3,4,DE,FZ,11,17,0.136518,0.4722,
2024,45,C8_sector_identity_perm,3,6,DE,HZ,12,17,0.136518,0.4722,
2024,45,C8_sector_identity_perm,3,8,DE,KZ,13,17,0.136518,0.4722,
2024,45,C8_sector_identity_perm,4,6,FZ,HZ,14,17,0.136518,0.4722,
2024,45,C8_sector_identity_perm,5,8,GI,KZ,15,17,0.136518,0.4722,
2024,45,C8_sector_identity_perm,6,7,HZ,JZ,16,17,0.136518,0.4722,
2024,45,C8_sector_identity_perm,6,8,HZ,KZ,17,17,0.136518,0.4722,
2024,46,C8_sector_identity_perm,0,2,AZ,C,1,17,0.129749,0.4722,
2024,46,C8_sector_identity_perm,0,5,AZ,GI,2,17,0.129749,0.4722,
2024,46,C8_sector_identity_perm,0,7,AZ,JZ,3,17,0.129749,0.4722,
2024,46,C8_sector_identity_perm,0,8,AZ,KZ,4,17,0.129749,0.4722,
2024,46,C8_sector_identity_perm,1,3,BE,DE,5,17,0.129749,0.4722,
2024,46,C8_sector_identity_perm,1,4,BE,FZ,6,17,0.129749,0.4722,
2024,46,C8_sector_identity_perm,1,5,BE,GI,7,17,0.129749,0.4722,
2024,46,C8_sector_identity_perm,2,3,C,DE,8,17,0.129749,0.4722,
2024,46,C8_sector_identity_perm,2,4,C,FZ,9,17,0.129749,0.4722,
2024,46,C8_sector_identity_perm,3,6,DE,HZ,10,17,0.129749,0.4722,
2024,46,C8_sector_identity_perm,3,7,DE,JZ,11,17,0.129749,0.4722,
2024,46,C8_sector_identity_perm,4,5,FZ,GI,12,17,0.129749,0.4722,
2024,46,C8_sector_identity_perm,4,6,FZ,HZ,13,17,0.129749,0.4722,
2024,46,C8_sector_identity_perm,5,6,GI,HZ,14,17,0.129749,0.4722,
2024,46,C8_sector_identity_perm,5,7,GI,JZ,15,17,0.129749,0.4722,
2024,46,C8_sector_identity_perm,5,8,GI,KZ,16,17,0.129749,0.4722,
2024,46,C8_sector_identity_perm,7,8,JZ,KZ,17,17,0.129749,0.4722,
2025,42,C8_sector_identity_perm,0,1,AZ,BE,1,19,0.152343,0.5278,
2025,42,C8_sector_identity_perm,0,2,AZ,C,2,19,0.152343,0.5278,
2025,42,C8_sector_identity_perm,0,3,AZ,DE,3,19,0.152343,0.5278,
2025,42,C8_sector_identity_perm,0,5,AZ,GI,4,19,0.152343,0.5278,
2025,42,C8_sector_identity_perm,0,7,AZ,JZ,5,19,0.152343,0.5278,
2025,42,C8_sector_identity_perm,0,8,AZ,KZ,6,19,0.152343,0.5278,
2025,42,C8_sector_identity_perm,1,2,BE,C,7,19,0.152343,0.5278,
2025,42,C8_sector_identity_perm,1,3,BE,DE,8,19,0.152343,0.5278,
2025,42,C8_sector_identity_perm,1,4,BE,FZ,9,19,0.152343,0.5278,
2025,42,C8_sector_identity_perm,1,5,BE,GI,10,19,0.152343,0.5278,
2025,42,C8_sector_identity_perm,1,8,BE,KZ,11,19,0.152343,0.5278,
2025,42,C8_sector_identity_perm,2,5,C,GI,12,19,0.152343,0.5278,
2025,42,C8_sector_identity_perm,3,6,DE,HZ,13,19,0.152343,0.5278,
2025,42,C8_sector_identity_perm,4,5,FZ,GI,14,19,0.152343,0.5278,
2025,42,C8_sector_identity_perm,4,6,FZ,HZ,15,19,0.152343,0.5278,
2025,42,C8_sector_identity_perm,5,6,GI,HZ,16,19,0.152343,0.5278,
2025,42,C8_sector_identity_perm,5,7,GI,JZ,17,19,0.152343,0.5278,
2025,42,C8_sector_identity_perm,6,7,HZ,JZ,18,19,0.152343,0.5278,
2025,42,C8_sector_identity_perm,6,8,HZ,KZ,19,19,0.152343,0.5278,
2025,43,C8_sector_identity_perm,0,2,AZ,C,1,17,0.137599,0.4722,
2025,43,C8_sector_identity_perm,0,3,AZ,DE,2,17,0.137599,0.4722,
2025,43,C8_sector_identity_perm,0,8,AZ,KZ,3,17,0.137599,0.4722,
2025,43,C8_sector_identity_perm,1,4,BE,FZ,4,17,0.137599,0.4722,
2025,43,C8_sector_identity_perm,1,5,BE,GI,5,17,0.137599,0.4722,
2025,43,C8_sector_identity_perm,1,6,BE,HZ,6,17,0.137599,0.4722,
2025,43,C8_sector_identity_perm,2,4,C,FZ,7,17,0.137599,0.4722,
2025,43,C8_sector_identity_perm,2,6,C,HZ,8,17,0.137599,0.4722,
2025,43,C8_sector_identity_perm,2,7,C,JZ,9,17,0.137599,0.4722,
2025,43,C8_sector_identity_perm,3,5,DE,GI,10,17,0.137599,0.4722,
2025,43,C8_sector_identity_perm,3,6,DE,HZ,11,17,0.137599,0.4722,
2025,43,C8_sector_identity_perm,3,7,DE,JZ,12,17,0.137599,0.4722,
2025,43,C8_sector_identity_perm,4,5,FZ,GI,13,17,0.137599,0.4722,
2025,43,C8_sector_identity_perm,4,6,FZ,HZ,14,17,0.137599,0.4722,
2025,43,C8_sector_identity_perm,5,8,GI,KZ,15,17,0.137599,0.4722,
2025,43,C8_sector_identity_perm,6,8,HZ,KZ,16,17,0.137599,0.4722,
2025,43,C8_sector_identity_perm,7,8,JZ,KZ,17,17,0.137599,0.4722,
2025,44,C8_sector_identity_perm,0,3,AZ,DE,1,18,0.130586,0.5,
2025,44,C8_sector_identity_perm,0,7,AZ,JZ,2,18,0.130586,0.5,
2025,44,C8_sector_identity_perm,0,8,AZ,KZ,3,18,0.130586,0.5,
2025,44,C8_sector_identity_perm,1,2,BE,C,4,18,0.130586,0.5,
2025,44,C8_sector_identity_perm,1,6,BE,HZ,5,18,0.130586,0.5,
2025,44,C8_sector_identity_perm,1,7,BE,JZ,6,18,0.130586,0.5,
2025,44,C8_sector_identity_perm,1,8,BE,KZ,7,18,0.130586,0.5,
2025,44,C8_sector_identity_perm,2,4,C,FZ,8,18,0.130586,0.5,
2025,44,C8_sector_identity_perm,2,5,C,GI,9,18,0.130586,0.5,
2025,44,C8_sector_identity_perm,2,6,C,HZ,10,18,0.130586,0.5,
2025,44,C8_sector_identity_perm,3,4,DE,FZ,11,18,0.130586,0.5,
2025,44,C8_sector_identity_perm,3,5,DE,GI,12,18,0.130586,0.5,
2025,44,C8_sector_identity_perm,4,5,FZ,GI,13,18,0.130586,0.5,
2025,44,C8_sector_identity_perm,4,6,FZ,HZ,14,18,0.130586,0.5,
2025,44,C8_sector_identity_perm,4,7,FZ,JZ,15,18,0.130586,0.5,
2025,44,C8_sector_identity_perm,4,8,FZ,KZ,16,18,0.130586,0.5,
2025,44,C8_sector_identity_perm,5,8,GI,KZ,17,18,0.130586,0.5,
2025,44,C8_sector_identity_perm,6,8,HZ,KZ,18,18,0.130586,0.5,
2025,45,C8_sector_identity_perm,0,1,AZ,BE,1,17,0.146641,0.4722,
2025,45,C8_sector_identity_perm,0,3,AZ,DE,2,17,0.146641,0.4722,
2025,45,C8_sector_identity_perm,0,4,AZ,FZ,3,17,0.146641,0.4722,
2025,45,C8_sector_identity_perm,0,5,AZ,GI,4,17,0.146641,0.4722,
2025,45,C8_sector_identity_perm,0,7,AZ,JZ,5,17,0.146641,0.4722,
2025,45,C8_sector_identity_perm,1,3,BE,DE,6,17,0.146641,0.4722,
2025,45,C8_sector_identity_perm,1,5,BE,GI,7,17,0.146641,0.4722,
2025,45,C8_sector_identity_perm,2,3,C,DE,8,17,0.146641,0.4722,
2025,45,C8_sector_identity_perm,2,4,C,FZ,9,17,0.146641,0.4722,
2025,45,C8_sector_identity_perm,2,5,C,GI,10,17,0.146641,0.4722,
2025,45,C8_sector_identity_perm,2,6,C,HZ,11,17,0.146641,0.4722,
2025,45,C8_sector_identity_perm,3,7,DE,JZ,12,17,0.146641,0.4722,
2025,45,C8_sector_identity_perm,3,8,DE,KZ,13,17,0.146641,0.4722,
2025,45,C8_sector_identity_perm,4,6,FZ,HZ,14,17,0.146641,0.4722,
2025,45,C8_sector_identity_perm,5,6,GI,HZ,15,17,0.146641,0.4722,
2025,45,C8_sector_identity_perm,5,8,GI,KZ,16,17,0.146641,0.4722,
2025,45,C8_sector_identity_perm,7,8,JZ,KZ,17,17,0.146641,0.4722,
2025,46,C8_sector_identity_perm,0,2,AZ,C,1,18,0.144526,0.5,
2025,46,C8_sector_identity_perm,0,3,AZ,DE,2,18,0.144526,0.5,
2025,46,C8_sector_identity_perm,0,6,AZ,HZ,3,18,0.144526,0.5,
2025,46,C8_sector_identity_perm,0,7,AZ,JZ,4,18,0.144526,0.5,
2025,46,C8_sector_identity_perm,0,8,AZ,KZ,5,18,0.144526,0.5,
2025,46,C8_sector_identity_perm,1,3,BE,DE,6,18,0.144526,0.5,
2025,46,C8_sector_identity_perm,1,4,BE,FZ,7,18,0.144526,0.5,
2025,46,C8_sector_identity_perm,1,8,BE,KZ,8,18,0.144526,0.5,
2025,46,C8_sector_identity_perm,2,4,C,FZ,9,18,0.144526,0.5,
2025,46,C8_sector_identity_perm,2,8,C,KZ,10,18,0.144526,0.5,
2025,46,C8_sector_identity_perm,3,4,DE,FZ,11,18,0.144526,0.5,
2025,46,C8_sector_identity_perm,3,5,DE,GI,12,18,0.144526,0.5,
2025,46,C8_sector_identity_perm,3,6,DE,HZ,13,18,0.144526,0.5,
2025,46,C8_sector_identity_perm,4,5,FZ,GI,14,18,0.144526,0.5,
2025,46,C8_sector_identity_perm,4,7,FZ,JZ,15,18,0.144526,0.5,
2025,46,C8_sector_identity_perm,4,8,FZ,KZ,16,18,0.144526,0.5,
2025,46,C8_sector_identity_perm,5,7,GI,JZ,17,18,0.144526,0.5,
2025,46,C8_sector_identity_perm,6,8,HZ,KZ,18,18,0.144526,0.5,
2021,42,C9_no_ardeco,0,1,AZ,BE,1,19,0.14335,0.5278,
2021,42,C9_no_ardeco,0,3,AZ,DE,2,19,0.14335,0.5278,
2021,42,C9_no_ardeco,0,5,AZ,GI,3,19,0.14335,0.5278,
2021,42,C9_no_ardeco,0,8,AZ,KZ,4,19,0.14335,0.5278,
2021,42,C9_no_ardeco,1,2,BE,C,5,19,0.14335,0.5278,
2021,42,C9_no_ardeco,1,4,BE,FZ,6,19,0.14335,0.5278,
2021,42,C9_no_ardeco,1,5,BE,GI,7,19,0.14335,0.5278,
2021,42,C9_no_ardeco,1,6,BE,HZ,8,19,0.14335,0.5278,
2021,42,C9_no_ardeco,1,7,BE,JZ,9,19,0.14335,0.5278,
2021,42,C9_no_ardeco,1,8,BE,KZ,10,19,0.14335,0.5278,
2021,42,C9_no_ardeco,2,3,C,DE,11,19,0.14335,0.5278,
2021,42,C9_no_ardeco,2,4,C,FZ,12,19,0.14335,0.5278,
2021,42,C9_no_ardeco,2,5,C,GI,13,19,0.14335,0.5278,
2021,42,C9_no_ardeco,2,6,C,HZ,14,19,0.14335,0.5278,
2021,42,C9_no_ardeco,2,8,C,KZ,15,19,0.14335,0.5278,
2021,42,C9_no_ardeco,3,7,DE,JZ,16,19,0.14335,0.5278,
2021,42,C9_no_ardeco,4,6,FZ,HZ,17,19,0.14335,0.5278,
2021,42,C9_no_ardeco,4,7,FZ,JZ,18,19,0.14335,0.5278,
2021,42,C9_no_ardeco,5,7,GI,JZ,19,19,0.14335,0.5278,
2021,43,C9_no_ardeco,0,2,AZ,C,1,19,0.133405,0.5278,
2021,43,C9_no_ardeco,0,3,AZ,DE,2,19,0.133405,0.5278,
2021,43,C9_no_ardeco,0,5,AZ,GI,3,19,0.133405,0.5278,
2021,43,C9_no_ardeco,1,4,BE,FZ,4,19,0.133405,0.5278,
2021,43,C9_no_ardeco,1,5,BE,GI,5,19,0.133405,0.5278,
2021,43,C9_no_ardeco,1,6,BE,HZ,6,19,0.133405,0.5278,
2021,43,C9_no_ardeco,2,3,C,DE,7,19,0.133405,0.5278,
2021,43,C9_no_ardeco,2,4,C,FZ,8,19,0.133405,0.5278,
2021,43,C9_no_ardeco,2,6,C,HZ,9,19,0.133405,0.5278,
2021,43,C9_no_ardeco,3,5,DE,GI,10,19,0.133405,0.5278,
2021,43,C9_no_ardeco,3,7,DE,JZ,11,19,0.133405,0.5278,
2021,43,C9_no_ardeco,3,8,DE,KZ,12,19,0.133405,0.5278,
2021,43,C9_no_ardeco,4,5,FZ,GI,13,19,0.133405,0.5278,
2021,43,C9_no_ardeco,4,6,FZ,HZ,14,19,0.133405,0.5278,
2021,43,C9_no_ardeco,4,7,FZ,JZ,15,19,0.133405,0.5278,
2021,43,C9_no_ardeco,4,8,FZ,KZ,16,19,0.133405,0.5278,
2021,43,C9_no_ardeco,5,6,GI,HZ,17,19,0.133405,0.5278,
2021,43,C9_no_ardeco,5,7,GI,JZ,18,19,0.133405,0.5278,
2021,43,C9_no_ardeco,6,8,HZ,KZ,19,19,0.133405,0.5278,
2021,44,C9_no_ardeco,0,2,AZ,C,1,17,0.129781,0.4722,
2021,44,C9_no_ardeco,0,4,AZ,FZ,2,17,0.129781,0.4722,
2021,44,C9_no_ardeco,0,8,AZ,KZ,3,17,0.129781,0.4722,
2021,44,C9_no_ardeco,1,3,BE,DE,4,17,0.129781,0.4722,
2021,44,C9_no_ardeco,1,4,BE,FZ,5,17,0.129781,0.4722,
2021,44,C9_no_ardeco,1,7,BE,JZ,6,17,0.129781,0.4722,
2021,44,C9_no_ardeco,2,3,C,DE,7,17,0.129781,0.4722,
2021,44,C9_no_ardeco,2,4,C,FZ,8,17,0.129781,0.4722,
2021,44,C9_no_ardeco,2,5,C,GI,9,17,0.129781,0.4722,
2021,44,C9_no_ardeco,2,8,C,KZ,10,17,0.129781,0.4722,
2021,44,C9_no_ardeco,3,6,DE,HZ,11,17,0.129781,0.4722,
2021,44,C9_no_ardeco,4,6,FZ,HZ,12,17,0.129781,0.4722,
2021,44,C9_no_ardeco,4,8,FZ,KZ,13,17,0.129781,0.4722,
2021,44,C9_no_ardeco,5,6,GI,HZ,14,17,0.129781,0.4722,
2021,44,C9_no_ardeco,5,8,GI,KZ,15,17,0.129781,0.4722,
2021,44,C9_no_ardeco,6,7,HZ,JZ,16,17,0.129781,0.4722,
2021,44,C9_no_ardeco,7,8,JZ,KZ,17,17,0.129781,0.4722,
2021,45,C9_no_ardeco,0,3,AZ,DE,1,16,0.146717,0.4444,
2021,45,C9_no_ardeco,0,4,AZ,FZ,2,16,0.146717,0.4444,
2021,45,C9_no_ardeco,0,5,AZ,GI,3,16,0.146717,0.4444,
2021,45,C9_no_ardeco,0,6,AZ,HZ,4,16,0.146717,0.4444,
2021,45,C9_no_ardeco,1,2,BE,C,5,16,0.146717,0.4444,
2021,45,C9_no_ardeco,1,6,BE,HZ,6,16,0.146717,0.4444,
2021,45,C9_no_ardeco,1,7,BE,JZ,7,16,0.146717,0.4444,
2021,45,C9_no_ardeco,2,5,C,GI,8,16,0.146717,0.4444,
2021,45,C9_no_ardeco,2,8,C,KZ,9,16,0.146717,0.4444,
2021,45,C9_no_ardeco,3,4,DE,FZ,10,16,0.146717,0.4444,
2021,45,C9_no_ardeco,3,7,DE,JZ,11,16,0.146717,0.4444,
2021,45,C9_no_ardeco,4,6,FZ,HZ,12,16,0.146717,0.4444,
2021,45,C9_no_ardeco,5,7,GI,JZ,13,16,0.146717,0.4444,
2021,45,C9_no_ardeco,5,8,GI,KZ,14,16,0.146717,0.4444,
2021,45,C9_no_ardeco,6,8,HZ,KZ,15,16,0.146717,0.4444,
2021,45,C9_no_ardeco,7,8,JZ,KZ,16,16,0.146717,0.4444,
2021,46,C9_no_ardeco,0,2,AZ,C,1,20,0.14444,0.5556,
2021,46,C9_no_ardeco,0,4,AZ,FZ,2,20,0.14444,0.5556,
2021,46,C9_no_ardeco,0,7,AZ,JZ,3,20,0.14444,0.5556,
2021,46,C9_no_ardeco,1,2,BE,C,4,20,0.14444,0.5556,
2021,46,C9_no_ardeco,1,3,BE,DE,5,20,0.14444,0.5556,
2021,46,C9_no_ardeco,1,4,BE,FZ,6,20,0.14444,0.5556,
2021,46,C9_no_ardeco,2,3,C,DE,7,20,0.14444,0.5556,
2021,46,C9_no_ardeco,2,4,C,FZ,8,20,0.14444,0.5556,
2021,46,C9_no_ardeco,2,5,C,GI,9,20,0.14444,0.5556,
2021,46,C9_no_ardeco,2,6,C,HZ,10,20,0.14444,0.5556,
2021,46,C9_no_ardeco,2,7,C,JZ,11,20,0.14444,0.5556,
2021,46,C9_no_ardeco,2,8,C,KZ,12,20,0.14444,0.5556,
2021,46,C9_no_ardeco,3,4,DE,FZ,13,20,0.14444,0.5556,
2021,46,C9_no_ardeco,3,6,DE,HZ,14,20,0.14444,0.5556,
2021,46,C9_no_ardeco,3,7,DE,JZ,15,20,0.14444,0.5556,
2021,46,C9_no_ardeco,3,8,DE,KZ,16,20,0.14444,0.5556,
2021,46,C9_no_ardeco,4,5,FZ,GI,17,20,0.14444,0.5556,
2021,46,C9_no_ardeco,4,7,FZ,JZ,18,20,0.14444,0.5556,
2021,46,C9_no_ardeco,5,7,GI,JZ,19,20,0.14444,0.5556,
2021,46,C9_no_ardeco,6,8,HZ,KZ,20,20,0.14444,0.5556,
2022,42,C9_no_ardeco,0,1,AZ,BE,1,18,0.131497,0.5,
2022,42,C9_no_ardeco,0,3,AZ,DE,2,18,0.131497,0.5,
2022,42,C9_no_ardeco,0,5,AZ,GI,3,18,0.131497,0.5,
2022,42,C9_no_ardeco,0,7,AZ,JZ,4,18,0.131497,0.5,
2022,42,C9_no_ardeco,0,8,AZ,KZ,5,18,0.131497,0.5,
2022,42,C9_no_ardeco,1,2,BE,C,6,18,0.131497,0.5,
2022,42,C9_no_ardeco,1,5,BE,GI,7,18,0.131497,0.5,
2022,42,C9_no_ardeco,1,7,BE,JZ,8,18,0.131497,0.5,
2022,42,C9_no_ardeco,2,3,C,DE,9,18,0.131497,0.5,
2022,42,C9_no_ardeco,2,4,C,FZ,10,18,0.131497,0.5,
2022,42,C9_no_ardeco,2,5,C,GI,11,18,0.131497,0.5,
2022,42,C9_no_ardeco,2,7,C,JZ,12,18,0.131497,0.5,
2022,42,C9_no_ardeco,2,8,C,KZ,13,18,0.131497,0.5,
2022,42,C9_no_ardeco,3,6,DE,HZ,14,18,0.131497,0.5,
2022,42,C9_no_ardeco,4,6,FZ,HZ,15,18,0.131497,0.5,
2022,42,C9_no_ardeco,4,7,FZ,JZ,16,18,0.131497,0.5,
2022,42,C9_no_ardeco,5,6,GI,HZ,17,18,0.131497,0.5,
2022,42,C9_no_ardeco,6,8,HZ,KZ,18,18,0.131497,0.5,
2022,43,C9_no_ardeco,0,3,AZ,DE,1,18,0.127945,0.5,
2022,43,C9_no_ardeco,0,4,AZ,FZ,2,18,0.127945,0.5,
2022,43,C9_no_ardeco,0,5,AZ,GI,3,18,0.127945,0.5,
2022,43,C9_no_ardeco,1,3,BE,DE,4,18,0.127945,0.5,
2022,43,C9_no_ardeco,1,4,BE,FZ,5,18,0.127945,0.5,
2022,43,C9_no_ardeco,1,8,BE,KZ,6,18,0.127945,0.5,
2022,43,C9_no_ardeco,2,3,C,DE,7,18,0.127945,0.5,
2022,43,C9_no_ardeco,2,4,C,FZ,8,18,0.127945,0.5,
2022,43,C9_no_ardeco,2,6,C,HZ,9,18,0.127945,0.5,
2022,43,C9_no_ardeco,3,5,DE,GI,10,18,0.127945,0.5,
2022,43,C9_no_ardeco,3,7,DE,JZ,11,18,0.127945,0.5,
2022,43,C9_no_ardeco,4,5,FZ,GI,12,18,0.127945,0.5,
2022,43,C9_no_ardeco,4,6,FZ,HZ,13,18,0.127945,0.5,
2022,43,C9_no_ardeco,4,7,FZ,JZ,14,18,0.127945,0.5,
2022,43,C9_no_ardeco,4,8,FZ,KZ,15,18,0.127945,0.5,
2022,43,C9_no_ardeco,5,8,GI,KZ,16,18,0.127945,0.5,
2022,43,C9_no_ardeco,6,7,HZ,JZ,17,18,0.127945,0.5,
2022,43,C9_no_ardeco,6,8,HZ,KZ,18,18,0.127945,0.5,
2022,44,C9_no_ardeco,0,4,AZ,FZ,1,17,0.131984,0.4722,
2022,44,C9_no_ardeco,0,5,AZ,GI,2,17,0.131984,0.4722,
2022,44,C9_no_ardeco,0,7,AZ,JZ,3,17,0.131984,0.4722,
2022,44,C9_no_ardeco,1,3,BE,DE,4,17,0.131984,0.4722,
2022,44,C9_no_ardeco,1,4,BE,FZ,5,17,0.131984,0.4722,
2022,44,C9_no_ardeco,1,7,BE,JZ,6,17,0.131984,0.4722,
2022,44,C9_no_ardeco,2,3,C,DE,7,17,0.131984,0.4722,
2022,44,C9_no_ardeco,2,4,C,FZ,8,17,0.131984,0.4722,
2022,44,C9_no_ardeco,2,7,C,JZ,9,17,0.131984,0.4722,
2022,44,C9_no_ardeco,3,6,DE,HZ,10,17,0.131984,0.4722,
2022,44,C9_no_ardeco,4,6,FZ,HZ,11,17,0.131984,0.4722,
2022,44,C9_no_ardeco,4,8,FZ,KZ,12,17,0.131984,0.4722,
2022,44,C9_no_ardeco,5,6,GI,HZ,13,17,0.131984,0.4722,
2022,44,C9_no_ardeco,5,7,GI,JZ,14,17,0.131984,0.4722,
2022,44,C9_no_ardeco,5,8,GI,KZ,15,17,0.131984,0.4722,
2022,44,C9_no_ardeco,6,7,HZ,JZ,16,17,0.131984,0.4722,
2022,44,C9_no_ardeco,7,8,JZ,KZ,17,17,0.131984,0.4722,
2022,45,C9_no_ardeco,0,2,AZ,C,1,18,0.13119,0.5,
2022,45,C9_no_ardeco,0,6,AZ,HZ,2,18,0.13119,0.5,
2022,45,C9_no_ardeco,0,7,AZ,JZ,3,18,0.13119,0.5,
2022,45,C9_no_ardeco,1,2,BE,C,4,18,0.13119,0.5,
2022,45,C9_no_ardeco,1,6,BE,HZ,5,18,0.13119,0.5,
2022,45,C9_no_ardeco,1,7,BE,JZ,6,18,0.13119,0.5,
2022,45,C9_no_ardeco,2,3,C,DE,7,18,0.13119,0.5,
2022,45,C9_no_ardeco,2,4,C,FZ,8,18,0.13119,0.5,
2022,45,C9_no_ardeco,2,5,C,GI,9,18,0.13119,0.5,
2022,45,C9_no_ardeco,2,7,C,JZ,10,18,0.13119,0.5,
2022,45,C9_no_ardeco,2,8,C,KZ,11,18,0.13119,0.5,
2022,45,C9_no_ardeco,3,4,DE,FZ,12,18,0.13119,0.5,
2022,45,C9_no_ardeco,3,6,DE,HZ,13,18,0.13119,0.5,
2022,45,C9_no_ardeco,4,6,FZ,HZ,14,18,0.13119,0.5,
2022,45,C9_no_ardeco,5,6,GI,HZ,15,18,0.13119,0.5,
2022,45,C9_no_ardeco,5,7,GI,JZ,16,18,0.13119,0.5,
2022,45,C9_no_ardeco,6,8,HZ,KZ,17,18,0.13119,0.5,
2022,45,C9_no_ardeco,7,8,JZ,KZ,18,18,0.13119,0.5,
2022,46,C9_no_ardeco,0,2,AZ,C,1,19,0.134272,0.5278,
2022,46,C9_no_ardeco,0,3,AZ,DE,2,19,0.134272,0.5278,
2022,46,C9_no_ardeco,0,4,AZ,FZ,3,19,0.134272,0.5278,
2022,46,C9_no_ardeco,1,2,BE,C,4,19,0.134272,0.5278,
2022,46,C9_no_ardeco,1,3,BE,DE,5,19,0.134272,0.5278,
2022,46,C9_no_ardeco,1,4,BE,FZ,6,19,0.134272,0.5278,
2022,46,C9_no_ardeco,2,5,C,GI,7,19,0.134272,0.5278,
2022,46,C9_no_ardeco,2,6,C,HZ,8,19,0.134272,0.5278,
2022,46,C9_no_ardeco,2,7,C,JZ,9,19,0.134272,0.5278,
2022,46,C9_no_ardeco,2,8,C,KZ,10,19,0.134272,0.5278,
2022,46,C9_no_ardeco,3,4,DE,FZ,11,19,0.134272,0.5278,
2022,46,C9_no_ardeco,3,6,DE,HZ,12,19,0.134272,0.5278,
2022,46,C9_no_ardeco,3,7,DE,JZ,13,19,0.134272,0.5278,
2022,46,C9_no_ardeco,3,8,DE,KZ,14,19,0.134272,0.5278,
2022,46,C9_no_ardeco,4,5,FZ,GI,15,19,0.134272,0.5278,
2022,46,C9_no_ardeco,4,7,FZ,JZ,16,19,0.134272,0.5278,
2022,46,C9_no_ardeco,4,8,FZ,KZ,17,19,0.134272,0.5278,
2022,46,C9_no_ardeco,5,7,GI,JZ,18,19,0.134272,0.5278,
2022,46,C9_no_ardeco,6,8,HZ,KZ,19,19,0.134272,0.5278,
2023,42,C9_no_ardeco,0,1,AZ,BE,1,19,0.148059,0.5278,
2023,42,C9_no_ardeco,0,3,AZ,DE,2,19,0.148059,0.5278,
2023,42,C9_no_ardeco,0,5,AZ,GI,3,19,0.148059,0.5278,
2023,42,C9_no_ardeco,0,7,AZ,JZ,4,19,0.148059,0.5278,
2023,42,C9_no_ardeco,0,8,AZ,KZ,5,19,0.148059,0.5278,
2023,42,C9_no_ardeco,1,2,BE,C,6,19,0.148059,0.5278,
2023,42,C9_no_ardeco,1,3,BE,DE,7,19,0.148059,0.5278,
2023,42,C9_no_ardeco,1,4,BE,FZ,8,19,0.148059,0.5278,
2023,42,C9_no_ardeco,1,5,BE,GI,9,19,0.148059,0.5278,
2023,42,C9_no_ardeco,1,7,BE,JZ,10,19,0.148059,0.5278,
2023,42,C9_no_ardeco,1,8,BE,KZ,11,19,0.148059,0.5278,
2023,42,C9_no_ardeco,2,4,C,FZ,12,19,0.148059,0.5278,
2023,42,C9_no_ardeco,2,5,C,GI,13,19,0.148059,0.5278,
2023,42,C9_no_ardeco,2,6,C,HZ,14,19,0.148059,0.5278,
2023,42,C9_no_ardeco,2,8,C,KZ,15,19,0.148059,0.5278,
2023,42,C9_no_ardeco,3,6,DE,HZ,16,19,0.148059,0.5278,
2023,42,C9_no_ardeco,4,6,FZ,HZ,17,19,0.148059,0.5278,
2023,42,C9_no_ardeco,4,7,FZ,JZ,18,19,0.148059,0.5278,
2023,42,C9_no_ardeco,5,6,GI,HZ,19,19,0.148059,0.5278,
2023,43,C9_no_ardeco,0,3,AZ,DE,1,18,0.139827,0.5,
2023,43,C9_no_ardeco,0,5,AZ,GI,2,18,0.139827,0.5,
2023,43,C9_no_ardeco,0,8,AZ,KZ,3,18,0.139827,0.5,
2023,43,C9_no_ardeco,1,3,BE,DE,4,18,0.139827,0.5,
2023,43,C9_no_ardeco,1,4,BE,FZ,5,18,0.139827,0.5,
2023,43,C9_no_ardeco,1,5,BE,GI,6,18,0.139827,0.5,
2023,43,C9_no_ardeco,1,6,BE,HZ,7,18,0.139827,0.5,
2023,43,C9_no_ardeco,2,3,C,DE,8,18,0.139827,0.5,
2023,43,C9_no_ardeco,2,4,C,FZ,9,18,0.139827,0.5,
2023,43,C9_no_ardeco,2,6,C,HZ,10,18,0.139827,0.5,
2023,43,C9_no_ardeco,3,7,DE,JZ,11,18,0.139827,0.5,
2023,43,C9_no_ardeco,3,8,DE,KZ,12,18,0.139827,0.5,
2023,43,C9_no_ardeco,4,5,FZ,GI,13,18,0.139827,0.5,
2023,43,C9_no_ardeco,4,6,FZ,HZ,14,18,0.139827,0.5,
2023,43,C9_no_ardeco,4,7,FZ,JZ,15,18,0.139827,0.5,
2023,43,C9_no_ardeco,5,6,GI,HZ,16,18,0.139827,0.5,
2023,43,C9_no_ardeco,5,7,GI,JZ,17,18,0.139827,0.5,
2023,43,C9_no_ardeco,6,8,HZ,KZ,18,18,0.139827,0.5,
2023,44,C9_no_ardeco,0,2,AZ,C,1,18,0.130146,0.5,
2023,44,C9_no_ardeco,0,4,AZ,FZ,2,18,0.130146,0.5,
2023,44,C9_no_ardeco,0,8,AZ,KZ,3,18,0.130146,0.5,
2023,44,C9_no_ardeco,1,2,BE,C,4,18,0.130146,0.5,
2023,44,C9_no_ardeco,1,3,BE,DE,5,18,0.130146,0.5,
2023,44,C9_no_ardeco,1,4,BE,FZ,6,18,0.130146,0.5,
2023,44,C9_no_ardeco,1,7,BE,JZ,7,18,0.130146,0.5,
2023,44,C9_no_ardeco,2,3,C,DE,8,18,0.130146,0.5,
2023,44,C9_no_ardeco,2,4,C,FZ,9,18,0.130146,0.5,
2023,44,C9_no_ardeco,2,5,C,GI,10,18,0.130146,0.5,
2023,44,C9_no_ardeco,2,7,C,JZ,11,18,0.130146,0.5,
2023,44,C9_no_ardeco,3,6,DE,HZ,12,18,0.130146,0.5,
2023,44,C9_no_ardeco,4,6,FZ,HZ,13,18,0.130146,0.5,
2023,44,C9_no_ardeco,4,8,FZ,KZ,14,18,0.130146,0.5,
2023,44,C9_no_ardeco,5,6,GI,HZ,15,18,0.130146,0.5,
2023,44,C9_no_ardeco,5,8,GI,KZ,16,18,0.130146,0.5,
2023,44,C9_no_ardeco,6,7,HZ,JZ,17,18,0.130146,0.5,
2023,44,C9_no_ardeco,7,8,JZ,KZ,18,18,0.130146,0.5,
2023,45,C9_no_ardeco,0,2,AZ,C,1,17,0.152488,0.4722,
2023,45,C9_no_ardeco,0,3,AZ,DE,2,17,0.152488,0.4722,
2023,45,C9_no_ardeco,0,5,AZ,GI,3,17,0.152488,0.4722,
2023,45,C9_no_ardeco,0,6,AZ,HZ,4,17,0.152488,0.4722,
2023,45,C9_no_ardeco,1,2,BE,C,5,17,0.152488,0.4722,
2023,45,C9_no_ardeco,1,7,BE,JZ,6,17,0.152488,0.4722,
2023,45,C9_no_ardeco,1,8,BE,KZ,7,17,0.152488,0.4722,
2023,45,C9_no_ardeco,2,4,C,FZ,8,17,0.152488,0.4722,
2023,45,C9_no_ardeco,2,5,C,GI,9,17,0.152488,0.4722,
2023,45,C9_no_ardeco,2,8,C,KZ,10,17,0.152488,0.4722,
2023,45,C9_no_ardeco,3,4,DE,FZ,11,17,0.152488,0.4722,
2023,45,C9_no_ardeco,3,5,DE,GI,12,17,0.152488,0.4722,
2023,45,C9_no_ardeco,4,6,FZ,HZ,13,17,0.152488,0.4722,
2023,45,C9_no_ardeco,5,7,GI,JZ,14,17,0.152488,0.4722,
2023,45,C9_no_ardeco,6,7,HZ,JZ,15,17,0.152488,0.4722,
2023,45,C9_no_ardeco,6,8,HZ,KZ,16,17,0.152488,0.4722,
2023,45,C9_no_ardeco,7,8,JZ,KZ,17,17,0.152488,0.4722,
2023,46,C9_no_ardeco,0,2,AZ,C,1,19,0.133153,0.5278,
2023,46,C9_no_ardeco,0,3,AZ,DE,2,19,0.133153,0.5278,
2023,46,C9_no_ardeco,0,4,AZ,FZ,3,19,0.133153,0.5278,
2023,46,C9_no_ardeco,1,2,BE,C,4,19,0.133153,0.5278,
2023,46,C9_no_ardeco,1,3,BE,DE,5,19,0.133153,0.5278,
2023,46,C9_no_ardeco,1,4,BE,FZ,6,19,0.133153,0.5278,
2023,46,C9_no_ardeco,2,5,C,GI,7,19,0.133153,0.5278,
2023,46,C9_no_ardeco,2,6,C,HZ,8,19,0.133153,0.5278,
2023,46,C9_no_ardeco,2,7,C,JZ,9,19,0.133153,0.5278,
2023,46,C9_no_ardeco,2,8,C,KZ,10,19,0.133153,0.5278,
2023,46,C9_no_ardeco,3,4,DE,FZ,11,19,0.133153,0.5278,
2023,46,C9_no_ardeco,3,5,DE,GI,12,19,0.133153,0.5278,
2023,46,C9_no_ardeco,3,6,DE,HZ,13,19,0.133153,0.5278,
2023,46,C9_no_ardeco,3,7,DE,JZ,14,19,0.133153,0.5278,
2023,46,C9_no_ardeco,3,8,DE,KZ,15,19,0.133153,0.5278,
2023,46,C9_no_ardeco,4,5,FZ,GI,16,19,0.133153,0.5278,
2023,46,C9_no_ardeco,4,7,FZ,JZ,17,19,0.133153,0.5278,
2023,46,C9_no_ardeco,4,8,FZ,KZ,18,19,0.133153,0.5278,
2023,46,C9_no_ardeco,6,8,HZ,KZ,19,19,0.133153,0.5278,
2024,42,C9_no_ardeco,0,1,AZ,BE,1,18,0.136551,0.5,
2024,42,C9_no_ardeco,0,3,AZ,DE,2,18,0.136551,0.5,
2024,42,C9_no_ardeco,0,5,AZ,GI,3,18,0.136551,0.5,
2024,42,C9_no_ardeco,0,7,AZ,JZ,4,18,0.136551,0.5,
2024,42,C9_no_ardeco,0,8,AZ,KZ,5,18,0.136551,0.5,
2024,42,C9_no_ardeco,1,2,BE,C,6,18,0.136551,0.5,
2024,42,C9_no_ardeco,1,5,BE,GI,7,18,0.136551,0.5,
2024,42,C9_no_ardeco,1,6,BE,HZ,8,18,0.136551,0.5,
2024,42,C9_no_ardeco,1,7,BE,JZ,9,18,0.136551,0.5,
2024,42,C9_no_ardeco,2,3,C,DE,10,18,0.136551,0.5,
2024,42,C9_no_ardeco,2,4,C,FZ,11,18,0.136551,0.5,
2024,42,C9_no_ardeco,2,5,C,GI,12,18,0.136551,0.5,
2024,42,C9_no_ardeco,2,8,C,KZ,13,18,0.136551,0.5,
2024,42,C9_no_ardeco,3,6,DE,HZ,14,18,0.136551,0.5,
2024,42,C9_no_ardeco,4,6,FZ,HZ,15,18,0.136551,0.5,
2024,42,C9_no_ardeco,4,7,FZ,JZ,16,18,0.136551,0.5,
2024,42,C9_no_ardeco,5,6,GI,HZ,17,18,0.136551,0.5,
2024,42,C9_no_ardeco,6,8,HZ,KZ,18,18,0.136551,0.5,
2024,43,C9_no_ardeco,0,2,AZ,C,1,17,0.132965,0.4722,
2024,43,C9_no_ardeco,0,3,AZ,DE,2,17,0.132965,0.4722,
2024,43,C9_no_ardeco,0,5,AZ,GI,3,17,0.132965,0.4722,
2024,43,C9_no_ardeco,1,3,BE,DE,4,17,0.132965,0.4722,
2024,43,C9_no_ardeco,1,4,BE,FZ,5,17,0.132965,0.4722,
2024,43,C9_no_ardeco,1,6,BE,HZ,6,17,0.132965,0.4722,
2024,43,C9_no_ardeco,2,3,C,DE,7,17,0.132965,0.4722,
2024,43,C9_no_ardeco,2,4,C,FZ,8,17,0.132965,0.4722,
2024,43,C9_no_ardeco,2,6,C,HZ,9,17,0.132965,0.4722,
2024,43,C9_no_ardeco,3,7,DE,JZ,10,17,0.132965,0.4722,
2024,43,C9_no_ardeco,3,8,DE,KZ,11,17,0.132965,0.4722,
2024,43,C9_no_ardeco,4,5,FZ,GI,12,17,0.132965,0.4722,
2024,43,C9_no_ardeco,4,8,FZ,KZ,13,17,0.132965,0.4722,
2024,43,C9_no_ardeco,5,6,GI,HZ,14,17,0.132965,0.4722,
2024,43,C9_no_ardeco,5,7,GI,JZ,15,17,0.132965,0.4722,
2024,43,C9_no_ardeco,6,7,HZ,JZ,16,17,0.132965,0.4722,
2024,43,C9_no_ardeco,6,8,HZ,KZ,17,17,0.132965,0.4722,
2024,44,C9_no_ardeco,0,2,AZ,C,1,18,0.12932,0.5,
2024,44,C9_no_ardeco,0,4,AZ,FZ,2,18,0.12932,0.5,
2024,44,C9_no_ardeco,0,8,AZ,KZ,3,18,0.12932,0.5,
2024,44,C9_no_ardeco,1,2,BE,C,4,18,0.12932,0.5,
2024,44,C9_no_ardeco,1,3,BE,DE,5,18,0.12932,0.5,
2024,44,C9_no_ardeco,1,4,BE,FZ,6,18,0.12932,0.5,
2024,44,C9_no_ardeco,1,7,BE,JZ,7,18,0.12932,0.5,
2024,44,C9_no_ardeco,2,3,C,DE,8,18,0.12932,0.5,
2024,44,C9_no_ardeco,2,4,C,FZ,9,18,0.12932,0.5,
2024,44,C9_no_ardeco,2,5,C,GI,10,18,0.12932,0.5,
2024,44,C9_no_ardeco,2,7,C,JZ,11,18,0.12932,0.5,
2024,44,C9_no_ardeco,3,6,DE,HZ,12,18,0.12932,0.5,
2024,44,C9_no_ardeco,4,6,FZ,HZ,13,18,0.12932,0.5,
2024,44,C9_no_ardeco,4,8,FZ,KZ,14,18,0.12932,0.5,
2024,44,C9_no_ardeco,5,6,GI,HZ,15,18,0.12932,0.5,
2024,44,C9_no_ardeco,5,8,GI,KZ,16,18,0.12932,0.5,
2024,44,C9_no_ardeco,6,7,HZ,JZ,17,18,0.12932,0.5,
2024,44,C9_no_ardeco,7,8,JZ,KZ,18,18,0.12932,0.5,
2024,45,C9_no_ardeco,0,2,AZ,C,1,17,0.15251,0.4722,
2024,45,C9_no_ardeco,0,3,AZ,DE,2,17,0.15251,0.4722,
2024,45,C9_no_ardeco,0,5,AZ,GI,3,17,0.15251,0.4722,
2024,45,C9_no_ardeco,0,6,AZ,HZ,4,17,0.15251,0.4722,
2024,45,C9_no_ardeco,1,2,BE,C,5,17,0.15251,0.4722,
2024,45,C9_no_ardeco,1,6,BE,HZ,6,17,0.15251,0.4722,
2024,45,C9_no_ardeco,1,7,BE,JZ,7,17,0.15251,0.4722,
2024,45,C9_no_ardeco,2,4,C,FZ,8,17,0.15251,0.4722,
2024,45,C9_no_ardeco,2,8,C,KZ,9,17,0.15251,0.4722,
2024,45,C9_no_ardeco,3,4,DE,FZ,10,17,0.15251,0.4722,
2024,45,C9_no_ardeco,3,7,DE,JZ,11,17,0.15251,0.4722,
2024,45,C9_no_ardeco,4,6,FZ,HZ,12,17,0.15251,0.4722,
2024,45,C9_no_ardeco,5,7,GI,JZ,13,17,0.15251,0.4722,
2024,45,C9_no_ardeco,5,8,GI,KZ,14,17,0.15251,0.4722,
2024,45,C9_no_ardeco,6,7,HZ,JZ,15,17,0.15251,0.4722,
2024,45,C9_no_ardeco,6,8,HZ,KZ,16,17,0.15251,0.4722,
2024,45,C9_no_ardeco,7,8,JZ,KZ,17,17,0.15251,0.4722,
2024,46,C9_no_ardeco,0,2,AZ,C,1,19,0.130553,0.5278,
2024,46,C9_no_ardeco,0,3,AZ,DE,2,19,0.130553,0.5278,
2024,46,C9_no_ardeco,0,4,AZ,FZ,3,19,0.130553,0.5278,
2024,46,C9_no_ardeco,1,2,BE,C,4,19,0.130553,0.5278,
2024,46,C9_no_ardeco,1,3,BE,DE,5,19,0.130553,0.5278,
2024,46,C9_no_ardeco,1,4,BE,FZ,6,19,0.130553,0.5278,
2024,46,C9_no_ardeco,2,5,C,GI,7,19,0.130553,0.5278,
2024,46,C9_no_ardeco,2,6,C,HZ,8,19,0.130553,0.5278,
2024,46,C9_no_ardeco,2,7,C,JZ,9,19,0.130553,0.5278,
2024,46,C9_no_ardeco,2,8,C,KZ,10,19,0.130553,0.5278,
2024,46,C9_no_ardeco,3,4,DE,FZ,11,19,0.130553,0.5278,
2024,46,C9_no_ardeco,3,5,DE,GI,12,19,0.130553,0.5278,
2024,46,C9_no_ardeco,3,6,DE,HZ,13,19,0.130553,0.5278,
2024,46,C9_no_ardeco,3,7,DE,JZ,14,19,0.130553,0.5278,
2024,46,C9_no_ardeco,4,5,FZ,GI,15,19,0.130553,0.5278,
2024,46,C9_no_ardeco,4,7,FZ,JZ,16,19,0.130553,0.5278,
2024,46,C9_no_ardeco,4,8,FZ,KZ,17,19,0.130553,0.5278,
2024,46,C9_no_ardeco,6,8,HZ,KZ,18,19,0.130553,0.5278,
2024,46,C9_no_ardeco,7,8,JZ,KZ,19,19,0.130553,0.5278,
2025,42,C9_no_ardeco,0,1,AZ,BE,1,18,0.152251,0.5,
2025,42,C9_no_ardeco,0,3,AZ,DE,2,18,0.152251,0.5,
2025,42,C9_no_ardeco,0,5,AZ,GI,3,18,0.152251,0.5,
2025,42,C9_no_ardeco,0,7,AZ,JZ,4,18,0.152251,0.5,
2025,42,C9_no_ardeco,0,8,AZ,KZ,5,18,0.152251,0.5,
2025,42,C9_no_ardeco,1,3,BE,DE,6,18,0.152251,0.5,
2025,42,C9_no_ardeco,1,4,BE,FZ,7,18,0.152251,0.5,
2025,42,C9_no_ardeco,1,5,BE,GI,8,18,0.152251,0.5,
2025,42,C9_no_ardeco,1,7,BE,JZ,9,18,0.152251,0.5,
2025,42,C9_no_ardeco,1,8,BE,KZ,10,18,0.152251,0.5,
2025,42,C9_no_ardeco,2,4,C,FZ,11,18,0.152251,0.5,
2025,42,C9_no_ardeco,2,5,C,GI,12,18,0.152251,0.5,
2025,42,C9_no_ardeco,2,6,C,HZ,13,18,0.152251,0.5,
2025,42,C9_no_ardeco,2,8,C,KZ,14,18,0.152251,0.5,
2025,42,C9_no_ardeco,3,6,DE,HZ,15,18,0.152251,0.5,
2025,42,C9_no_ardeco,4,6,FZ,HZ,16,18,0.152251,0.5,
2025,42,C9_no_ardeco,4,7,FZ,JZ,17,18,0.152251,0.5,
2025,42,C9_no_ardeco,5,6,GI,HZ,18,18,0.152251,0.5,
2025,43,C9_no_ardeco,0,3,AZ,DE,1,17,0.143865,0.4722,
2025,43,C9_no_ardeco,0,5,AZ,GI,2,17,0.143865,0.4722,
2025,43,C9_no_ardeco,0,8,AZ,KZ,3,17,0.143865,0.4722,
2025,43,C9_no_ardeco,1,3,BE,DE,4,17,0.143865,0.4722,
2025,43,C9_no_ardeco,1,4,BE,FZ,5,17,0.143865,0.4722,
2025,43,C9_no_ardeco,1,6,BE,HZ,6,17,0.143865,0.4722,
2025,43,C9_no_ardeco,2,3,C,DE,7,17,0.143865,0.4722,
2025,43,C9_no_ardeco,2,4,C,FZ,8,17,0.143865,0.4722,
2025,43,C9_no_ardeco,2,6,C,HZ,9,17,0.143865,0.4722,
2025,43,C9_no_ardeco,3,7,DE,JZ,10,17,0.143865,0.4722,
2025,43,C9_no_ardeco,3,8,DE,KZ,11,17,0.143865,0.4722,
2025,43,C9_no_ardeco,4,5,FZ,GI,12,17,0.143865,0.4722,
2025,43,C9_no_ardeco,4,6,FZ,HZ,13,17,0.143865,0.4722,
2025,43,C9_no_ardeco,4,7,FZ,JZ,14,17,0.143865,0.4722,
2025,43,C9_no_ardeco,5,6,GI,HZ,15,17,0.143865,0.4722,
2025,43,C9_no_ardeco,5,7,GI,JZ,16,17,0.143865,0.4722,
2025,43,C9_no_ardeco,6,8,HZ,KZ,17,17,0.143865,0.4722,
2025,44,C9_no_ardeco,0,4,AZ,FZ,1,17,0.132494,0.4722,
2025,44,C9_no_ardeco,0,5,AZ,GI,2,17,0.132494,0.4722,
2025,44,C9_no_ardeco,0,7,AZ,JZ,3,17,0.132494,0.4722,
2025,44,C9_no_ardeco,1,3,BE,DE,4,17,0.132494,0.4722,
2025,44,C9_no_ardeco,1,4,BE,FZ,5,17,0.132494,0.4722,
2025,44,C9_no_ardeco,1,7,BE,JZ,6,17,0.132494,0.4722,
2025,44,C9_no_ardeco,1,8,BE,KZ,7,17,0.132494,0.4722,
2025,44,C9_no_ardeco,2,3,C,DE,8,17,0.132494,0.4722,
2025,44,C9_no_ardeco,2,4,C,FZ,9,17,0.132494,0.4722,
2025,44,C9_no_ardeco,2,7,C,JZ,10,17,0.132494,0.4722,
2025,44,C9_no_ardeco,3,6,DE,HZ,11,17,0.132494,0.4722,
2025,44,C9_no_ardeco,4,6,FZ,HZ,12,17,0.132494,0.4722,
2025,44,C9_no_ardeco,4,8,FZ,KZ,13,17,0.132494,0.4722,
2025,44,C9_no_ardeco,5,7,GI,JZ,14,17,0.132494,0.4722,
2025,44,C9_no_ardeco,5,8,GI,KZ,15,17,0.132494,0.4722,
2025,44,C9_no_ardeco,6,7,HZ,JZ,16,17,0.132494,0.4722,
2025,44,C9_no_ardeco,7,8,JZ,KZ,17,17,0.132494,0.4722,
2025,45,C9_no_ardeco,0,2,AZ,C,1,17,0.152486,0.4722,
2025,45,C9_no_ardeco,0,3,AZ,DE,2,17,0.152486,0.4722,
2025,45,C9_no_ardeco,0,5,AZ,GI,3,17,0.152486,0.4722,
2025,45,C9_no_ardeco,0,6,AZ,HZ,4,17,0.152486,0.4722,
2025,45,C9_no_ardeco,1,2,BE,C,5,17,0.152486,0.4722,
2025,45,C9_no_ardeco,1,5,BE,GI,6,17,0.152486,0.4722,
2025,45,C9_no_ardeco,1,6,BE,HZ,7,17,0.152486,0.4722,
2025,45,C9_no_ardeco,1,7,BE,JZ,8,17,0.152486,0.4722,
2025,45,C9_no_ardeco,2,4,C,FZ,9,17,0.152486,0.4722,
2025,45,C9_no_ardeco,2,8,C,KZ,10,17,0.152486,0.4722,
2025,45,C9_no_ardeco,3,4,DE,FZ,11,17,0.152486,0.4722,
2025,45,C9_no_ardeco,3,7,DE,JZ,12,17,0.152486,0.4722,
2025,45,C9_no_ardeco,4,6,FZ,HZ,13,17,0.152486,0.4722,
2025,45,C9_no_ardeco,5,8,GI,KZ,14,17,0.152486,0.4722,
2025,45,C9_no_ardeco,6,7,HZ,JZ,15,17,0.152486,0.4722,
2025,45,C9_no_ardeco,6,8,HZ,KZ,16,17,0.152486,0.4722,
2025,45,C9_no_ardeco,7,8,JZ,KZ,17,17,0.152486,0.4722,
2025,46,C9_no_ardeco,0,2,AZ,C,1,21,0.151881,0.5833,
2025,46,C9_no_ardeco,0,6,AZ,HZ,2,21,0.151881,0.5833,
2025,46,C9_no_ardeco,0,8,AZ,KZ,3,21,0.151881,0.5833,
2025,46,C9_no_ardeco,1,2,BE,C,4,21,0.151881,0.5833,
2025,46,C9_no_ardeco,1,3,BE,DE,5,21,0.151881,0.5833,
2025,46,C9_no_ardeco,1,6,BE,HZ,6,21,0.151881,0.5833,
2025,46,C9_no_ardeco,2,3,C,DE,7,21,0.151881,0.5833,
2025,46,C9_no_ardeco,2,4,C,FZ,8,21,0.151881,0.5833,
2025,46,C9_no_ardeco,2,5,C,GI,9,21,0.151881,0.5833,
2025,46,C9_no_ardeco,2,6,C,HZ,10,21,0.151881,0.5833,
2025,46,C9_no_ardeco,2,7,C,JZ,11,21,0.151881,0.5833,
2025,46,C9_no_ardeco,2,8,C,KZ,12,21,0.151881,0.5833,
2025,46,C9_no_ardeco,3,4,DE,FZ,13,21,0.151881,0.5833,
2025,46,C9_no_ardeco,3,5,DE,GI,14,21,0.151881,0.5833,
2025,46,C9_no_ardeco,3,6,DE,HZ,15,21,0.151881,0.5833,
2025,46,C9_no_ardeco,3,8,DE,KZ,16,21,0.151881,0.5833,
2025,46,C9_no_ardeco,4,5,FZ,GI,17,21,0.151881,0.5833,
2025,46,C9_no_ardeco,4,7,FZ,JZ,18,21,0.151881,0.5833,
2025,46,C9_no_ardeco,4,8,FZ,KZ,19,21,0.151881,0.5833,
2025,46,C9_no_ardeco,6,8,HZ,KZ,20,21,0.151881,0.5833,
2025,46,C9_no_ardeco,7,8,JZ,KZ,21,21,0.151881,0.5833,
