ZE2020,libze2020,opportunity_score,opportunity_tier,risk_score,risk_tier,score_status,opp_c_local_trend,opp_c_national_diff,opp_c_vs_baseline,opp_c_reliability,opp_c_low_uncertainty,risk_c_deceleration,risk_c_volatility,risk_c_concentration,risk_c_graph_dep,risk_c_uncertainty,risk_c_herald_error,herald_wmape_all,herald_wmape_aligned,herald_n_years,ridge_wmape,ridge_n_years,herald_vs_ridge_pct,comparison_years,herald_only_years,baseline_ridge_ar_status,baseline_arima_status,baseline_lstm_status,baseline_stgnn_ext_status,learned_graph_status,fc_2026_mean,fc_2026_std,fc_2026_ridge,fc_2026_percentile,fc_growth_2025_2026_pct,explication_fr
8407,Chambéry,100.0,très élevée,2.142857142857143,faible,exploratoire_poids_non_calibres,0.9392857142857143,0.8535714285714285,0.9464285714285714,0.7178571428571429,0.9428571428571428,0.125,0.8607142857142858,0.12142857142857143,0.4392857142857143,0.05714285714285714,0.28214285714285714,1.9494994954805474,1.3984289005516155,5,4.9513110981530275,4,-71.75639193680907,"[2021, 2022, 2023, 2024]",[2025],disponible_2021_2024,pending_hpc_battery,pending_hpc_battery,pending_hpc_battery,pending_npz_extraction,5985.015525013107,13.706740652428218,5965.066930619526,85.35714285714285,9.635748763749907,"HERALD prévoit 5985 créations en 2026 (p85 national). Le signal sectoriel est porté principalement par GI et MN. La zone présente une forte dépendance au pôle Annecy (concentration mobilité top3 = 0.70). HERALD est 0.3% au-dessus de la baseline Ridge AR. → Score d'opportunité très élevée, risque faible: zone candidate à l'opportunité. Note: baselines ARIMA/LSTM pending_hpc_battery — comparaison actuelle limitée à Ridge AR."
2815,Rouen,99.64285714285714,très élevée,11.428571428571429,faible,exploratoire_poids_non_calibres,0.8857142857142857,0.9357142857142857,0.9857142857142858,0.7,0.8928571428571429,0.1785714285714286,0.9357142857142857,0.7428571428571429,0.017857142857142856,0.10714285714285714,0.3,1.983840244568317,1.7476592088543588,5,5.32603585221663,4,-67.18649184220183,"[2021, 2022, 2023, 2024]",[2025],disponible_2021_2024,pending_hpc_battery,pending_hpc_battery,pending_hpc_battery,pending_npz_extraction,12252.195958928018,32.69553986281163,12130.311198643594,93.57142857142857,8.869699297387752,"HERALD prévoit 12252 créations en 2026 (p94 national). Le signal sectoriel est porté principalement par GI et MN. HERALD est 1.0% au-dessus de la baseline Ridge AR. → Score d'opportunité très élevée, risque faible: zone candidate à l'opportunité. Note: baselines ARIMA/LSTM pending_hpc_battery — comparaison actuelle limitée à Ridge AR."
5315,Rennes,99.28571428571429,très élevée,5.0,faible,exploratoire_poids_non_calibres,0.9357142857142857,0.95,0.9607142857142857,0.6821428571428572,0.7357142857142858,0.22857142857142854,0.9392857142857143,0.08214285714285714,0.02857142857142857,0.2642857142857143,0.31785714285714284,2.0193408903164687,1.8846560513092372,5,6.9454727742023845,4,-72.86497100227032,"[2021, 2022, 2023, 2024]",[2025],disponible_2021_2024,pending_hpc_battery,pending_hpc_battery,pending_hpc_battery,pending_npz_extraction,14120.410452712338,50.16153523049975,14077.461011279385,95.0,7.830549467066347,"HERALD prévoit 14120 créations en 2026 (p95 national). Le signal sectoriel est porté principalement par GI et MN. HERALD est 0.3% au-dessus de la baseline Ridge AR. → Score d'opportunité très élevée, risque faible: zone candidate à l'opportunité. Note: baselines ARIMA/LSTM pending_hpc_battery — comparaison actuelle limitée à Ridge AR."
3215,Lens,98.92857142857143,très élevée,46.785714285714285,modéré,exploratoire_poids_non_calibres,0.975,0.8285714285714286,0.8714285714285714,0.8857142857142857,0.625,0.17500000000000004,0.7928571428571428,0.9857142857142858,0.6071428571428571,0.375,0.11428571428571428,1.627083114714658,1.292823234220221,5,5.060446419940468,4,-74.45238765643467,"[2021, 2022, 2023, 2024]",[2025],disponible_2021_2024,pending_hpc_battery,pending_hpc_battery,pending_hpc_battery,pending_npz_extraction,5188.279375229884,21.47152678795931,5211.462072096872,82.85714285714286,8.883092869462413,"HERALD prévoit 5188 créations en 2026 (p83 national). Le signal sectoriel est porté principalement par GI et MN. La zone présente une forte dépendance au pôle Lille (concentration mobilité top3 = 0.77). HERALD est 0.4% en dessous de la baseline Ridge AR. → Score d'opportunité très élevée, risque modéré: zone candidate à l'opportunité. Note: baselines ARIMA/LSTM pending_hpc_battery — comparaison actuelle limitée à Ridge AR."
9313,Martigues-Salon,98.57142857142858,très élevée,22.142857142857142,faible,exploratoire_poids_non_calibres,0.7857142857142857,0.8607142857142858,0.9321428571428572,0.8,0.9964285714285714,0.1964285714285714,0.8285714285714286,0.7357142857142858,0.8,0.0035714285714285713,0.2,1.772247778802314,1.5387556851886302,5,5.151286003534571,4,-70.1287079744202,"[2021, 2022, 2023, 2024]",[2025],disponible_2021_2024,pending_hpc_battery,pending_hpc_battery,pending_hpc_battery,pending_npz_extraction,6753.341671048898,10.945176765971757,6746.705738031167,86.07142857142858,8.679460428852561,"HERALD prévoit 6753 créations en 2026 (p86 national). Le signal sectoriel est porté principalement par GI et MN. La zone présente une forte dépendance au pôle Marseille (concentration mobilité top3 = 0.84). HERALD est 0.1% au-dessus de la baseline Ridge AR. → Score d'opportunité très élevée, risque faible: zone candidate à l'opportunité. Note: baselines ARIMA/LSTM pending_hpc_battery — comparaison actuelle limitée à Ridge AR."
4424,Thionville,98.21428571428571,très élevée,33.92857142857143,modéré,exploratoire_poids_non_calibres,0.9821428571428571,0.7928571428571428,0.8857142857142857,0.5928571428571429,0.9357142857142857,0.12857142857142856,0.7464285714285714,0.875,0.9,0.06428571428571428,0.40714285714285714,2.2768908089028357,1.6622213910152432,5,3.4719437182558766,4,-52.12418386061118,"[2021, 2022, 2023, 2024]",[2025],disponible_2021_2024,pending_hpc_battery,pending_hpc_battery,pending_hpc_battery,pending_npz_extraction,4601.605082802649,11.09086774176186,4619.271864609595,79.28571428571428,9.535945793921664,"HERALD prévoit 4602 créations en 2026 (p79 national). Le signal sectoriel est porté principalement par GI et MN. La zone présente une forte dépendance au pôle Metz (concentration mobilité top3 = 0.88). HERALD est 0.4% en dessous de la baseline Ridge AR. → Score d'opportunité très élevée, risque modéré: zone candidate à l'opportunité. Note: baselines ARIMA/LSTM pending_hpc_battery — comparaison actuelle limitée à Ridge AR."
8433,Vienne-Annonay,97.85714285714285,très élevée,3.9285714285714284,faible,exploratoire_poids_non_calibres,0.8285714285714286,0.8,0.725,0.9071428571428571,0.9107142857142857,0.25,0.7678571428571429,0.17857142857142858,0.5785714285714286,0.08928571428571429,0.09285714285714286,1.5801492447667964,1.2811173014874826,5,3.4877230442247997,4,-63.26780294069392,"[2021, 2022, 2023, 2024]",[2025],disponible_2021_2024,pending_hpc_battery,pending_hpc_battery,pending_hpc_battery,pending_npz_extraction,4634.954172208512,11.979157787323988,4690.962355497087,80.0,7.489660765503532,"HERALD prévoit 4635 créations en 2026 (p80 national). Le signal sectoriel est porté principalement par GI et MN. La zone présente une forte dépendance au pôle Lyon (concentration mobilité top3 = 0.75). HERALD est 1.2% en dessous de la baseline Ridge AR. → Score d'opportunité très élevée, risque faible: zone candidate à l'opportunité. Note: baselines ARIMA/LSTM pending_hpc_battery — comparaison actuelle limitée à Ridge AR."
4410,Metz,97.5,très élevée,30.357142857142854,modéré,exploratoire_poids_non_calibres,0.9321428571428572,0.8892857142857142,0.9785714285714285,0.4214285714285714,0.9142857142857143,0.11428571428571432,0.8178571428571428,0.7321428571428571,0.7571428571428571,0.08571428571428572,0.5785714285714286,2.8626962287033444,2.702469745219887,5,6.830810067664134,4,-60.437053315053966,"[2021, 2022, 2023, 2024]",[2025],disponible_2021_2024,pending_hpc_battery,pending_hpc_battery,pending_hpc_battery,pending_npz_extraction,8005.886980284697,20.61283388711864,7930.032793272978,88.92857142857142,9.820123186347004,"HERALD prévoit 8006 créations en 2026 (p89 national). Le signal sectoriel est porté principalement par GI et MN. La zone présente une forte dépendance au pôle Thionville (concentration mobilité top3 = 0.83). HERALD est 1.0% au-dessus de la baseline Ridge AR. → Score d'opportunité très élevée, risque modéré: zone candidate à l'opportunité. Note: baselines ARIMA/LSTM pending_hpc_battery — comparaison actuelle limitée à Ridge AR."
9315,Nice,97.14285714285714,très élevée,30.714285714285715,modéré,exploratoire_poids_non_calibres,0.7357142857142858,0.975,0.9964285714285714,0.6321428571428571,0.8571428571428572,0.1071428571428571,0.95,0.5821428571428572,0.9071428571428571,0.14285714285714285,0.3678571428571429,2.121714665558942,1.8058553146080294,5,6.8321079006972765,4,-73.56810898106971,"[2021, 2022, 2023, 2024]",[2025],disponible_2021_2024,pending_hpc_battery,pending_hpc_battery,pending_hpc_battery,pending_npz_extraction,20869.57172147762,61.265337596047246,20385.04936124813,97.5,9.94980096663832,"HERALD prévoit 20870 créations en 2026 (p98 national). Le signal sectoriel est porté principalement par GI et MN. La zone présente une forte dépendance au pôle Cannes (concentration mobilité top3 = 0.88). HERALD est 2.4% au-dessus de la baseline Ridge AR. → Score d'opportunité très élevée, risque modéré: zone candidate à l'opportunité. Note: baselines ARIMA/LSTM pending_hpc_battery — comparaison actuelle limitée à Ridge AR."
9312,Marseille,96.78571428571429,très élevée,54.285714285714285,élevé,exploratoire_poids_non_calibres,0.8571428571428571,0.9928571428571429,0.9928571428571429,0.43214285714285716,0.825,0.24285714285714288,0.9857142857142858,0.6678571428571428,0.875,0.175,0.5678571428571428,2.794190757845612,2.8289561059825714,5,11.172515540629828,4,-74.67932717842436,"[2021, 2022, 2023, 2024]",[2025],disponible_2021_2024,pending_hpc_battery,pending_hpc_battery,pending_hpc_battery,pending_npz_extraction,34225.68909098215,106.5504967429589,34034.91661249704,99.28571428571429,7.644878411643818,HERALD prévoit 34226 créations en 2026 (p99 national). Le signal sectoriel est porté principalement par GI et MN. La zone présente une forte dépendance au pôle Aix-en-Provence (concentration mobilité top3 = 0.88). HERALD est 0.6% au-dessus de la baseline Ridge AR. → Score de risque élevé: zone à surveiller. Note: baselines ARIMA/LSTM pending_hpc_battery — comparaison actuelle limitée à Ridge AR.
8408,Clermont-Ferrand,96.42857142857143,très élevée,7.5,faible,exploratoire_poids_non_calibres,0.8464285714285714,0.9,0.9535714285714286,0.5214285714285714,0.8678571428571429,0.19285714285714284,0.8857142857142857,0.33214285714285713,0.24642857142857144,0.13214285714285715,0.4785714285714286,2.4641433011761036,2.323599658681242,5,7.8022008992286915,4,-70.21866408347742,"[2021, 2022, 2023, 2024]",[2025],disponible_2021_2024,pending_hpc_battery,pending_hpc_battery,pending_hpc_battery,pending_npz_extraction,8588.042957231639,24.697846621846526,8552.152787706493,90.0,8.69564557944107,"HERALD prévoit 8588 créations en 2026 (p90 national). Le signal sectoriel est porté principalement par GI et MN. La zone présente une forte dépendance au pôle Issoire (concentration mobilité top3 = 0.62). HERALD est 0.4% au-dessus de la baseline Ridge AR. → Score d'opportunité très élevée, risque faible: zone candidate à l'opportunité. Note: baselines ARIMA/LSTM pending_hpc_battery — comparaison actuelle limitée à Ridge AR."
2714,Montbéliard,96.07142857142857,très élevée,13.928571428571429,faible,exploratoire_poids_non_calibres,0.9892857142857143,0.6392857142857142,0.6928571428571428,0.7071428571428571,0.8642857142857143,0.014285714285714235,0.4928571428571429,0.9892857142857143,0.8357142857142857,0.1357142857142857,0.29285714285714287,1.9790348440716383,1.1268799557250953,5,6.838339294975836,4,-83.52114589352097,"[2021, 2022, 2023, 2024]",[2025],disponible_2021_2024,pending_hpc_battery,pending_hpc_battery,pending_hpc_battery,pending_npz_extraction,2833.624321456061,8.20482019491604,2893.3091210318667,63.92857142857142,15.422579285379262,"HERALD prévoit 2834 créations en 2026 (p64 national). Le signal sectoriel est porté principalement par GI et MN. La zone présente une forte dépendance au pôle Belfort (concentration mobilité top3 = 0.85). HERALD est 2.1% en dessous de la baseline Ridge AR. → Score d'opportunité très élevée, risque faible: zone candidate à l'opportunité. Note: baselines ARIMA/LSTM pending_hpc_battery — comparaison actuelle limitée à Ridge AR."
4407,Épinal,95.71428571428572,très élevée,1.4285714285714286,faible,exploratoire_poids_non_calibres,0.7678571428571429,0.625,0.6964285714285714,0.9607142857142857,0.9821428571428571,0.07499999999999996,0.49642857142857144,0.7285714285714285,0.5142857142857142,0.017857142857142856,0.039285714285714285,1.332349823215381,0.7612334334106073,5,6.216187307514839,4,-87.75401390350092,"[2021, 2022, 2023, 2024]",[2025],disponible_2021_2024,pending_hpc_battery,pending_hpc_battery,pending_hpc_battery,pending_npz_extraction,2743.22936108965,4.972022851632238,2802.2429345454607,62.5,10.614087140711693,"HERALD prévoit 2743 créations en 2026 (p62 national). Le signal sectoriel est porté principalement par GI et MN. La zone présente une forte dépendance au pôle Nancy (concentration mobilité top3 = 0.73). HERALD est 2.1% en dessous de la baseline Ridge AR. → Score d'opportunité très élevée, risque faible: zone candidate à l'opportunité. Note: baselines ARIMA/LSTM pending_hpc_battery — comparaison actuelle limitée à Ridge AR."
2410,Orléans,95.35714285714286,très élevée,33.214285714285715,modéré,exploratoire_poids_non_calibres,0.9285714285714286,0.8857142857142857,0.6285714285714286,0.6535714285714286,0.775,0.2857142857142857,0.8821428571428571,0.8321428571428572,0.010714285714285714,0.225,0.3464285714285714,2.0790936750127726,2.054217812487714,5,5.808994941462299,4,-64.63729383157967,"[2021, 2022, 2023, 2024]",[2025],disponible_2021_2024,pending_hpc_battery,pending_hpc_battery,pending_hpc_battery,pending_npz_extraction,7938.497376785077,27.525226221544134,8006.361088046826,88.57142857142857,6.886998475630497,"HERALD prévoit 7938 créations en 2026 (p89 national). Le signal sectoriel est porté principalement par GI et MN. HERALD est 0.8% en dessous de la baseline Ridge AR. → Score d'opportunité très élevée, risque modéré: zone candidate à l'opportunité. Note: baselines ARIMA/LSTM pending_hpc_battery — comparaison actuelle limitée à Ridge AR."
1114,Seine-Yvelinoise,95.0,très élevée,51.78571428571429,élevé,exploratoire_poids_non_calibres,0.85,0.9678571428571429,0.09285714285714286,0.9392857142857143,0.95,0.37142857142857144,0.9785714285714285,0.775,0.9607142857142857,0.05,0.060714285714285714,1.4148369386044386,1.3963703012200668,5,3.848057690885599,4,-63.71233454925922,"[2021, 2022, 2023, 2024]",[2025],disponible_2021_2024,pending_hpc_battery,pending_hpc_battery,pending_hpc_battery,pending_npz_extraction,18675.864422910956,42.12432116487557,18853.65018874958,96.78571428571429,6.161121094309663,HERALD prévoit 18676 créations en 2026 (p97 national). Le signal sectoriel est porté principalement par GI et MN. La zone présente une forte dépendance au pôle Paris (concentration mobilité top3 = 0.90). HERALD est 0.9% en dessous de la baseline Ridge AR. → Score de risque élevé: zone à surveiller. Note: baselines ARIMA/LSTM pending_hpc_battery — comparaison actuelle limitée à Ridge AR.
8416,Le Genevois Français,94.64285714285714,très élevée,36.07142857142857,modéré,exploratoire_poids_non_calibres,1.0,0.8821428571428571,0.9892857142857143,0.4892857142857143,0.42500000000000004,0.046428571428571375,0.8892857142857142,0.32142857142857145,0.725,0.575,0.5107142857142857,2.6349900500542405,2.1242211434798715,5,6.50192226093925,4,-67.32933649112852,"[2021, 2022, 2023, 2024]",[2025],disponible_2021_2024,pending_hpc_battery,pending_hpc_battery,pending_hpc_battery,pending_npz_extraction,7835.079566881131,43.241892067774565,7679.595568010281,88.21428571428571,11.817890208093772,"HERALD prévoit 7835 créations en 2026 (p88 national). Le signal sectoriel est porté principalement par GI et MN. La zone présente une forte dépendance au pôle Annecy (concentration mobilité top3 = 0.80). HERALD est 2.0% au-dessus de la baseline Ridge AR. → Score d'opportunité très élevée, risque modéré: zone candidate à l'opportunité. Note: baselines ARIMA/LSTM pending_hpc_battery — comparaison actuelle limitée à Ridge AR."
2706,Besançon,94.28571428571428,très élevée,5.357142857142857,faible,exploratoire_poids_non_calibres,0.6857142857142857,0.8357142857142857,0.9285714285714286,0.6071428571428572,0.9607142857142857,0.11785714285714288,0.8107142857142857,0.6392857142857142,0.11071428571428571,0.039285714285714285,0.39285714285714285,2.179316708285122,1.7028930642383502,5,5.101742911516906,4,-66.62134698331893,"[2021, 2022, 2023, 2024]",[2025],disponible_2021_2024,pending_hpc_battery,pending_hpc_battery,pending_hpc_battery,pending_npz_extraction,5443.4731291045455,11.814711273261235,5438.017833589485,83.57142857142857,9.747442119043255,"HERALD prévoit 5443 créations en 2026 (p84 national). Le signal sectoriel est porté principalement par GI et MN. HERALD est 0.1% au-dessus de la baseline Ridge AR. → Score d'opportunité très élevée, risque faible: zone candidate à l'opportunité. Note: baselines ARIMA/LSTM pending_hpc_battery — comparaison actuelle limitée à Ridge AR."
4411,Mulhouse,93.92857142857143,très élevée,38.21428571428571,modéré,exploratoire_poids_non_calibres,0.6928571428571428,0.8678571428571429,0.95,0.525,0.975,0.18214285714285716,0.8642857142857143,0.8821428571428571,0.7285714285714285,0.025,0.475,2.456300948930538,2.154925730856759,5,5.506419126361846,4,-60.86520692658309,"[2021, 2022, 2023, 2024]",[2025],disponible_2021_2024,pending_hpc_battery,pending_hpc_battery,pending_hpc_battery,pending_npz_extraction,7185.313712863133,13.191099444663472,7164.488337900744,86.78571428571429,8.868389588835353,"HERALD prévoit 7185 créations en 2026 (p87 national). Le signal sectoriel est porté principalement par GI et MN. La zone présente une forte dépendance au pôle Saint-Louis (concentration mobilité top3 = 0.81). HERALD est 0.3% au-dessus de la baseline Ridge AR. → Score d'opportunité très élevée, risque modéré: zone candidate à l'opportunité. Note: baselines ARIMA/LSTM pending_hpc_battery — comparaison actuelle limitée à Ridge AR."
2403,Chartres,93.57142857142857,très élevée,4.642857142857143,faible,exploratoire_poids_non_calibres,0.8392857142857143,0.7035714285714286,0.7178571428571429,0.7142857142857143,0.8785714285714286,0.2142857142857143,0.7321428571428571,0.4642857142857143,0.125,0.12142857142857143,0.2857142857142857,1.9612362315651186,1.4431596959200774,5,4.9625856532861325,4,-70.91919824165768,"[2021, 2022, 2023, 2024]",[2025],disponible_2021_2024,pending_hpc_battery,pending_hpc_battery,pending_hpc_battery,pending_npz_extraction,3365.394282530238,9.392789504328546,3421.667213819911,70.35714285714286,8.107750804055184,"HERALD prévoit 3365 créations en 2026 (p70 national). Le signal sectoriel est porté principalement par GI et MN. HERALD est 1.6% en dessous de la baseline Ridge AR. → Score d'opportunité très élevée, risque faible: zone candidate à l'opportunité. Note: baselines ARIMA/LSTM pending_hpc_battery — comparaison actuelle limitée à Ridge AR."
9303,Brignoles,93.21428571428572,très élevée,3.214285714285714,faible,exploratoire_poids_non_calibres,0.7964285714285714,0.7321428571428571,0.8428571428571429,0.5678571428571428,0.9714285714285714,0.06428571428571428,0.6857142857142857,0.45714285714285713,0.525,0.02857142857142857,0.43214285714285716,2.319328655760897,1.5102669888163174,5,5.1355957397647005,4,-70.59217537076792,"[2021, 2022, 2023, 2024]",[2025],disponible_2021_2024,pending_hpc_battery,pending_hpc_battery,pending_hpc_battery,pending_npz_extraction,3575.482858791432,6.663344998552837,3605.6843535805556,73.21428571428571,11.212530600044545,"HERALD prévoit 3575 créations en 2026 (p73 national). Le signal sectoriel est porté principalement par GI et MN. La zone présente une forte dépendance au pôle Toulon (concentration mobilité top3 = 0.73). HERALD est 0.8% en dessous de la baseline Ridge AR. → Score d'opportunité très élevée, risque faible: zone candidate à l'opportunité. Note: baselines ARIMA/LSTM pending_hpc_battery — comparaison actuelle limitée à Ridge AR."
5202,Angers,92.85714285714286,très élevée,7.857142857142857,faible,exploratoire_poids_non_calibres,0.8821428571428571,0.875,0.44642857142857145,0.55,0.9892857142857143,0.31785714285714284,0.875,0.4392857142857143,0.014285714285714285,0.010714285714285714,0.45,2.3532637269336028,2.2970296156201733,5,5.938902567871878,4,-61.32232193795223,"[2021, 2022, 2023, 2024]",[2025],disponible_2021_2024,pending_hpc_battery,pending_hpc_battery,pending_hpc_battery,pending_npz_extraction,7259.822663397346,12.213481392516297,7341.718416113411,87.5,6.589673519268042,"HERALD prévoit 7260 créations en 2026 (p88 national). Le signal sectoriel est porté principalement par GI et MN. HERALD est 1.1% en dessous de la baseline Ridge AR. → Score d'opportunité très élevée, risque faible: zone candidate à l'opportunité. Note: baselines ARIMA/LSTM pending_hpc_battery — comparaison actuelle limitée à Ridge AR."
4405,Colmar,92.5,très élevée,8.214285714285714,faible,exploratoire_poids_non_calibres,0.6428571428571429,0.7,0.7678571428571429,0.8714285714285714,0.9464285714285714,0.1428571428571429,0.6357142857142857,0.6178571428571429,0.8714285714285714,0.05357142857142857,0.12857142857142856,1.6500860391745202,1.1298830380211131,5,5.190386483616875,4,-78.23123496511258,"[2021, 2022, 2023, 2024]",[2025],disponible_2021_2024,pending_hpc_battery,pending_hpc_battery,pending_hpc_battery,pending_npz_extraction,3301.4031031788572,7.514170179978316,3350.576713484644,70.0,9.354193546831972,"HERALD prévoit 3301 créations en 2026 (p70 national). Le signal sectoriel est porté principalement par GI et MN. La zone présente une forte dépendance au pôle Mulhouse (concentration mobilité top3 = 0.88). HERALD est 1.5% en dessous de la baseline Ridge AR. → Score d'opportunité très élevée, risque faible: zone candidate à l'opportunité. Note: baselines ARIMA/LSTM pending_hpc_battery — comparaison actuelle limitée à Ridge AR."
2804,Caen,92.14285714285714,très élevée,8.571428571428571,faible,exploratoire_poids_non_calibres,0.6392857142857142,0.9107142857142857,0.9714285714285714,0.5178571428571428,0.9178571428571428,0.1607142857142857,0.9142857142857143,0.6142857142857143,0.025,0.08214285714285714,0.48214285714285715,2.4728853082905484,2.15108958214849,5,5.764614291055833,4,-62.68458783988301,"[2021, 2022, 2023, 2024]",[2025],disponible_2021_2024,pending_hpc_battery,pending_hpc_battery,pending_hpc_battery,pending_npz_extraction,9547.737340103939,23.705162440168312,9478.459957062556,91.07142857142857,8.992435389314366,"HERALD prévoit 9548 créations en 2026 (p91 national). Le signal sectoriel est porté principalement par GI et MN. HERALD est 0.7% au-dessus de la baseline Ridge AR. → Score d'opportunité très élevée, risque faible: zone candidate à l'opportunité. Note: baselines ARIMA/LSTM pending_hpc_battery — comparaison actuelle limitée à Ridge AR."
3222,Valenciennes,91.78571428571428,très élevée,25.0,faible,exploratoire_poids_non_calibres,0.6571428571428571,0.8142857142857143,0.5642857142857143,0.8428571428571429,0.9321428571428572,0.3142857142857143,0.8535714285714285,0.6892857142857143,0.46785714285714286,0.06785714285714285,0.15714285714285714,1.6920411317223993,1.3429439755487684,5,4.747395547536148,4,-71.71198476929644,"[2021, 2022, 2023, 2024]",[2025],disponible_2021_2024,pending_hpc_battery,pending_hpc_battery,pending_hpc_battery,pending_npz_extraction,4971.514238524786,12.03835649497306,5044.409133696905,81.42857142857143,6.593358458936244,"HERALD prévoit 4972 créations en 2026 (p81 national). Le signal sectoriel est porté principalement par GI et MN. La zone présente une forte dépendance au pôle Lille (concentration mobilité top3 = 0.71). HERALD est 1.4% en dessous de la baseline Ridge AR. → Score d'opportunité très élevée, risque faible: zone candidate à l'opportunité. Note: baselines ARIMA/LSTM pending_hpc_battery — comparaison actuelle limitée à Ridge AR."
9318,Toulon,91.42857142857143,très élevée,10.357142857142858,faible,exploratoire_poids_non_calibres,0.5785714285714286,0.9571428571428572,0.7357142857142858,0.7428571428571429,0.8285714285714285,0.28214285714285714,0.9214285714285714,0.36428571428571427,0.17857142857142858,0.17142857142857143,0.2571428571428571,1.8985711850796296,2.06190940638472,5,6.887568419671087,4,-70.06331871062291,"[2021, 2022, 2023, 2024]",[2025],disponible_2021_2024,pending_hpc_battery,pending_hpc_battery,pending_hpc_battery,pending_npz_extraction,14283.562575460917,43.39528781124975,14337.796910788067,95.71428571428572,7.000993149006797,"HERALD prévoit 14284 créations en 2026 (p96 national). Le signal sectoriel est porté principalement par GI et MN. HERALD est 0.4% en dessous de la baseline Ridge AR. → Score d'opportunité très élevée, risque faible: zone candidate à l'opportunité. Note: baselines ARIMA/LSTM pending_hpc_battery — comparaison actuelle limitée à Ridge AR."
3212,Douai,91.07142857142857,très élevée,40.35714285714286,modéré,exploratoire_poids_non_calibres,0.8071428571428572,0.6607142857142857,0.5,0.8785714285714286,0.7928571428571428,0.2964285714285714,0.7,0.9678571428571429,0.5571428571428572,0.20714285714285716,0.12142857142857143,1.6446500064322187,1.1081757502703407,5,5.43881058624328,4,-79.62466732940989,"[2021, 2022, 2023, 2024]",[2025],disponible_2021_2024,pending_hpc_battery,pending_hpc_battery,pending_hpc_battery,pending_npz_extraction,2941.0175687888163,9.811727221468749,3018.2246557333965,66.07142857142857,6.829552080959547,"HERALD prévoit 2941 créations en 2026 (p66 national). Le signal sectoriel est porté principalement par GI et MN. La zone présente une forte dépendance au pôle Lille (concentration mobilité top3 = 0.74). HERALD est 2.6% en dessous de la baseline Ridge AR. → Score d'opportunité très élevée, risque modéré: zone candidate à l'opportunité. Note: baselines ARIMA/LSTM pending_hpc_battery — comparaison actuelle limitée à Ridge AR."
3220,Saint-Quentin,90.53571428571429,très élevée,9.642857142857144,faible,exploratoire_poids_non_calibres,0.65,0.6642857142857143,0.6535714285714286,0.9571428571428572,0.8178571428571428,0.24642857142857144,0.6,0.9464285714285714,0.08214285714285714,0.18214285714285713,0.04285714285714286,1.3392622427839558,0.787783638692366,5,5.798810348522198,4,-86.41473696595149,"[2021, 2022, 2023, 2024]",[2025],disponible_2021_2024,pending_hpc_battery,pending_hpc_battery,pending_hpc_battery,pending_npz_extraction,2953.0292765764307,9.27404379510724,3018.767328563125,66.42857142857143,7.539303589819034,"HERALD prévoit 2953 créations en 2026 (p66 national). Le signal sectoriel est porté principalement par GI et MN. HERALD est 2.2% en dessous de la baseline Ridge AR. → Score d'opportunité très élevée, risque faible: zone candidate à l'opportunité. Note: baselines ARIMA/LSTM pending_hpc_battery — comparaison actuelle limitée à Ridge AR."
7520,Niort,90.53571428571429,très élevée,1.0714285714285714,faible,exploratoire_poids_non_calibres,0.6714285714285714,0.6785714285714286,0.5964285714285714,0.9642857142857143,0.8035714285714286,0.2928571428571428,0.6464285714285715,0.14642857142857144,0.1357142857142857,0.19642857142857142,0.03571428571428571,1.325097050029088,0.7484838740138807,5,5.131927885982213,4,-85.41515214860377,"[2021, 2022, 2023, 2024]",[2025],disponible_2021_2024,pending_hpc_battery,pending_hpc_battery,pending_hpc_battery,pending_npz_extraction,3057.947923512869,9.950075977108606,3128.8808687643336,67.85714285714286,6.846538207996813,"HERALD prévoit 3058 créations en 2026 (p68 national). Le signal sectoriel est porté principalement par GI et MN. HERALD est 2.3% en dessous de la baseline Ridge AR. → Score d'opportunité très élevée, risque faible: zone candidate à l'opportunité. Note: baselines ARIMA/LSTM pending_hpc_battery — comparaison actuelle limitée à Ridge AR."
1101,Cergy-Vexin,90.0,très élevée,72.85714285714285,élevé,exploratoire_poids_non_calibres,0.8642857142857143,0.9535714285714286,0.04642857142857143,0.7392857142857143,0.8714285714285714,0.49642857142857144,0.9642857142857143,0.9142857142857143,0.9428571428571428,0.12857142857142856,0.26071428571428573,1.9162356589025087,1.8084786879030101,5,4.603392440701333,4,-60.71421867244744,"[2021, 2022, 2023, 2024]",[2025],disponible_2021_2024,pending_hpc_battery,pending_hpc_battery,pending_hpc_battery,pending_npz_extraction,14189.495139446935,40.049410648362155,14472.575341168125,95.35714285714286,5.045122441863602,HERALD prévoit 14189 créations en 2026 (p95 national). Le signal sectoriel est porté principalement par GI et MN. La zone présente une forte dépendance au pôle Paris (concentration mobilité top3 = 0.90). HERALD est 2.0% en dessous de la baseline Ridge AR. → Score de risque élevé: zone à surveiller. Note: baselines ARIMA/LSTM pending_hpc_battery — comparaison actuelle limitée à Ridge AR.
8428,Saint-Étienne,89.64285714285715,très élevée,36.42857142857142,modéré,exploratoire_poids_non_calibres,0.725,0.9142857142857143,0.33214285714285713,0.8642857142857143,0.7107142857142856,0.32499999999999996,0.9178571428571428,0.425,0.6428571428571429,0.2892857142857143,0.1357142857142857,1.6669618424065855,1.662498918688577,5,6.30776824009066,4,-73.64362710535029,"[2021, 2022, 2023, 2024]",[2025],disponible_2021_2024,pending_hpc_battery,pending_hpc_battery,pending_hpc_battery,pending_npz_extraction,9901.05414325964,35.907300600836734,9992.702864954586,91.42857142857143,6.554607654537668,"HERALD prévoit 9901 créations en 2026 (p91 national). Le signal sectoriel est porté principalement par GI et MN. La zone présente une forte dépendance au pôle Lyon (concentration mobilité top3 = 0.77). HERALD est 0.9% en dessous de la baseline Ridge AR. → Score d'opportunité très élevée, risque modéré: zone candidate à l'opportunité. Note: baselines ARIMA/LSTM pending_hpc_battery — comparaison actuelle limitée à Ridge AR."
5309,Lorient,89.28571428571429,très élevée,3.571428571428571,faible,exploratoire_poids_non_calibres,0.7642857142857142,0.7357142857142858,0.5892857142857143,0.7785714285714286,0.7035714285714285,0.3107142857142857,0.7107142857142857,0.02142857142857143,0.09285714285714286,0.29642857142857143,0.22142857142857142,1.8139638689495097,1.3534800552101296,5,4.220641929688293,4,-67.93189098346261,"[2021, 2022, 2023, 2024]",[2025],disponible_2021_2024,pending_hpc_battery,pending_hpc_battery,pending_hpc_battery,pending_npz_extraction,3607.2351858043708,13.24763883261354,3678.4765199565927,73.57142857142858,6.65982217044266,"HERALD prévoit 3607 créations en 2026 (p74 national). Le signal sectoriel est porté principalement par GI et MN. HERALD est 1.9% en dessous de la baseline Ridge AR. → Score d'opportunité très élevée, risque faible: zone candidate à l'opportunité. Note: baselines ARIMA/LSTM pending_hpc_battery — comparaison actuelle limitée à Ridge AR."
2707,Chalon-sur-Saône,88.92857142857142,très élevée,18.571428571428573,faible,exploratoire_poids_non_calibres,0.875,0.6035714285714285,0.575,0.7035714285714285,0.7321428571428572,0.2607142857142857,0.6607142857142857,0.6928571428571428,0.2,0.26785714285714285,0.29642857142857143,1.9837369267205514,1.1705793373033866,5,6.115076083500063,4,-80.85748531466535,"[2021, 2022, 2023, 2024]",[2025],disponible_2021_2024,pending_hpc_battery,pending_hpc_battery,pending_hpc_battery,pending_npz_extraction,2597.5083222254707,9.23240246725581,2669.49444168653,60.357142857142854,7.379426301176961,"HERALD prévoit 2598 créations en 2026 (p60 national). Le signal sectoriel est porté principalement par GI et MN. HERALD est 2.7% en dessous de la baseline Ridge AR. → Score d'opportunité très élevée, risque faible: zone candidate à l'opportunité. Note: baselines ARIMA/LSTM pending_hpc_battery — comparaison actuelle limitée à Ridge AR."
1113,Saclay,88.57142857142857,très élevée,67.5,élevé,exploratoire_poids_non_calibres,0.7321428571428571,0.925,0.05,0.8571428571428572,0.9071428571428571,0.5285714285714286,0.9535714285714286,0.8928571428571429,0.9285714285714286,0.09285714285714286,0.14285714285714285,1.6789777224509326,1.4138882522654415,5,4.306188673246805,4,-67.16613322008973,"[2021, 2022, 2023, 2024]",[2025],disponible_2021_2024,pending_hpc_battery,pending_hpc_battery,pending_hpc_battery,pending_npz_extraction,11339.275043264895,29.425952298860757,11612.634332815676,92.5,4.509447403363091,HERALD prévoit 11339 créations en 2026 (p92 national). Le signal sectoriel est porté principalement par GI et MN. La zone présente une forte dépendance au pôle Paris (concentration mobilité top3 = 0.89). HERALD est 2.4% en dessous de la baseline Ridge AR. → Score de risque élevé: zone à surveiller. Note: baselines ARIMA/LSTM pending_hpc_battery — comparaison actuelle limitée à Ridge AR.
9309,Fréjus,88.21428571428571,très élevée,10.0,faible,exploratoire_poids_non_calibres,0.5857142857142857,0.7464285714285714,0.6214285714285714,0.7535714285714286,0.9928571428571429,0.3321428571428572,0.6964285714285714,0.5214285714285715,0.4642857142857143,0.007142857142857143,0.24642857142857144,1.879143866369144,1.5211420388034367,5,4.088249375603187,4,-62.7923372805749,"[2021, 2022, 2023, 2024]",[2025],disponible_2021_2024,pending_hpc_battery,pending_hpc_battery,pending_hpc_battery,pending_npz_extraction,3759.559457629307,6.259931997674292,3828.754004519566,74.64285714285714,6.472938477182298,"HERALD prévoit 3760 créations en 2026 (p75 national). Le signal sectoriel est porté principalement par GI et MN. La zone présente une forte dépendance au pôle Cannes (concentration mobilité top3 = 0.71). HERALD est 1.8% en dessous de la baseline Ridge AR. → Score d'opportunité très élevée, risque faible: zone candidate à l'opportunité. Note: baselines ARIMA/LSTM pending_hpc_battery — comparaison actuelle limitée à Ridge AR."
1104,Évry-Courcouronnes,87.85714285714286,très élevée,77.5,très élevé,exploratoire_poids_non_calibres,0.8214285714285714,0.9464285714285714,0.02857142857142857,0.7571428571428571,0.8392857142857143,0.5785714285714285,0.9607142857142857,0.9714285714285714,0.7714285714285715,0.16071428571428573,0.24285714285714285,1.8705114864892205,1.5845941907035008,5,4.253301867434206,4,-62.74437507396098,"[2021, 2022, 2023, 2024]",[2025],disponible_2021_2024,pending_hpc_battery,pending_hpc_battery,pending_hpc_battery,pending_npz_extraction,12960.063367262066,39.08527510604242,13324.192917432962,94.64285714285714,4.105256384143836,HERALD prévoit 12960 créations en 2026 (p95 national). Le signal sectoriel est porté principalement par GI et MN. La zone présente une forte dépendance au pôle Paris (concentration mobilité top3 = 0.83). HERALD est 2.7% en dessous de la baseline Ridge AR. → Score de risque très élevé: zone à surveiller. Note: baselines ARIMA/LSTM pending_hpc_battery — comparaison actuelle limitée à Ridge AR.
3205,Béthune,87.5,très élevée,45.89285714285714,modéré,exploratoire_poids_non_calibres,0.6821428571428572,0.6821428571428572,0.3964285714285714,0.9714285714285714,0.8,0.44285714285714284,0.65,0.9214285714285714,0.5357142857142857,0.2,0.02857142857142857,1.2821121249243586,0.8060242852440049,5,5.113022909898915,4,-84.23585617651887,"[2021, 2022, 2023, 2024]",[2025],disponible_2021_2024,pending_hpc_battery,pending_hpc_battery,pending_hpc_battery,pending_npz_extraction,3068.5680346837285,10.066827227475189,3154.290542923475,68.21428571428572,5.412849010090294,"HERALD prévoit 3069 créations en 2026 (p68 national). Le signal sectoriel est porté principalement par GI et MN. La zone présente une forte dépendance au pôle Lille (concentration mobilité top3 = 0.73). HERALD est 2.7% en dessous de la baseline Ridge AR. → Score d'opportunité très élevée, risque modéré: zone candidate à l'opportunité. Note: baselines ARIMA/LSTM pending_hpc_battery — comparaison actuelle limitée à Ridge AR."
1109,Paris,87.14285714285714,très élevée,67.85714285714286,élevé,exploratoire_poids_non_calibres,0.8535714285714285,1.0,1.0,0.4,0.18571428571428572,0.13571428571428568,1.0,0.8857142857142857,0.15,0.8142857142857143,0.6,2.9275916730429095,2.065202855734062,5,3.5272851312220235,4,-41.45064039610047,"[2021, 2022, 2023, 2024]",[2025],disponible_2021_2024,pending_hpc_battery,pending_hpc_battery,pending_hpc_battery,pending_npz_extraction,269578.35172535654,2220.2365875932906,262905.63119313,100.0,9.384158199949091,HERALD prévoit 269578 créations en 2026 (p100 national). Le signal sectoriel est porté principalement par MN et GI. HERALD est 2.5% au-dessus de la baseline Ridge AR. → Score de risque élevé: zone à surveiller. Note: baselines ARIMA/LSTM pending_hpc_battery — comparaison actuelle limitée à Ridge AR.
3211,Creil,86.78571428571429,très élevée,51.42857142857142,élevé,exploratoire_poids_non_calibres,0.7,0.8178571428571428,0.2857142857142857,0.9678571428571429,0.6607142857142857,0.42500000000000004,0.7857142857142857,0.8357142857142857,0.44642857142857145,0.3392857142857143,0.03214285714285714,1.3213888199400958,1.3971983465266873,5,4.23094135610228,4,-66.97665533672523,"[2021, 2022, 2023, 2024]",[2025],disponible_2021_2024,pending_hpc_battery,pending_hpc_battery,pending_hpc_battery,pending_npz_extraction,5038.417109503562,20.22238588940464,5137.20362149697,81.78571428571428,5.5386910243728895,HERALD prévoit 5038 créations en 2026 (p82 national). Le signal sectoriel est porté principalement par GI et MN. La zone présente une forte dépendance au pôle Roissy (concentration mobilité top3 = 0.70). HERALD est 1.9% en dessous de la baseline Ridge AR. → Score de risque élevé: zone à surveiller. Note: baselines ARIMA/LSTM pending_hpc_battery — comparaison actuelle limitée à Ridge AR.
3210,Compiègne,86.42857142857143,très élevée,20.357142857142858,faible,exploratoire_poids_non_calibres,0.6535714285714286,0.6571428571428571,0.7214285714285714,0.8964285714285715,0.5678571428571428,0.18928571428571428,0.6107142857142858,0.8285714285714286,0.225,0.43214285714285716,0.10357142857142858,1.6076163403948946,1.0451761143075315,5,5.85343769505192,4,-82.14423440107598,"[2021, 2022, 2023, 2024]",[2025],disponible_2021_2024,pending_hpc_battery,pending_hpc_battery,pending_hpc_battery,pending_npz_extraction,2889.050769584009,12.873402136650734,2945.3197923348635,65.71428571428571,8.733563025367285,"HERALD prévoit 2889 créations en 2026 (p66 national). Le signal sectoriel est porté principalement par GI et MN. La zone présente une forte dépendance au pôle Creil (concentration mobilité top3 = 0.61). HERALD est 1.9% en dessous de la baseline Ridge AR. → Score d'opportunité très élevée, risque faible: zone candidate à l'opportunité. Note: baselines ARIMA/LSTM pending_hpc_battery — comparaison actuelle limitée à Ridge AR."
2409,Montargis,86.07142857142858,très élevée,2.857142857142857,faible,exploratoire_poids_non_calibres,0.925,0.5285714285714286,0.42142857142857143,0.5321428571428571,0.9785714285714285,0.15714285714285714,0.2857142857142857,0.9321428571428572,0.06785714285714285,0.02142857142857143,0.46785714285714286,2.397821877797461,2.064956306658808,5,9.077751904481344,4,-77.25255847056785,"[2021, 2022, 2023, 2024]",[2025],disponible_2021_2024,pending_hpc_battery,pending_hpc_battery,pending_hpc_battery,pending_npz_extraction,2211.3123892965023,4.051675508113264,2294.8001624288263,52.85714285714286,9.039072450517862,"HERALD prévoit 2211 créations en 2026 (p53 national). Le signal sectoriel est porté principalement par GI et MN. HERALD est 3.6% en dessous de la baseline Ridge AR. → Score d'opportunité très élevée, risque faible: zone candidate à l'opportunité. Note: baselines ARIMA/LSTM pending_hpc_battery — comparaison actuelle limitée à Ridge AR."
5210,La Roche-sur-Yon,85.71428571428571,très élevée,6.071428571428571,faible,exploratoire_poids_non_calibres,0.8714285714285714,0.6535714285714286,0.675,0.5785714285714285,0.5821428571428571,0.12142857142857144,0.7035714285714286,0.11428571428571428,0.3964285714285714,0.41785714285714287,0.42142857142857143,2.300373245700169,1.5544250831895103,5,5.629172125489219,4,-72.38625772072267,"[2021, 2022, 2023, 2024]",[2025],disponible_2021_2024,pending_hpc_battery,pending_hpc_battery,pending_hpc_battery,pending_npz_extraction,2883.8569004604865,12.63946597417398,2946.4362392971566,65.35714285714286,9.652353629676293,"HERALD prévoit 2884 créations en 2026 (p65 national). Le signal sectoriel est porté principalement par GI et MN. La zone présente une forte dépendance au pôle Les Herbiers-Montaigu (concentration mobilité top3 = 0.67). HERALD est 2.1% en dessous de la baseline Ridge AR. → Score d'opportunité très élevée, risque faible: zone candidate à l'opportunité. Note: baselines ARIMA/LSTM pending_hpc_battery — comparaison actuelle limitée à Ridge AR."
2711,Dijon,85.35714285714285,très élevée,26.071428571428573,modéré,exploratoire_poids_non_calibres,0.49642857142857144,0.8714285714285714,0.6178571428571429,0.6714285714285715,0.9642857142857143,0.3035714285714286,0.8964285714285715,0.8785714285714286,0.09642857142857143,0.03571428571428571,0.32857142857142857,2.047674382303301,1.8101942570151963,5,5.109260513755267,4,-64.57032769924825,"[2021, 2022, 2023, 2024]",[2025],disponible_2021_2024,pending_hpc_battery,pending_hpc_battery,pending_hpc_battery,pending_npz_extraction,7195.8440337434495,15.234215394858214,7265.732415701457,87.14285714285714,6.74742669846387,"HERALD prévoit 7196 créations en 2026 (p87 national). Le signal sectoriel est porté principalement par GI et MN. HERALD est 1.0% en dessous de la baseline Ridge AR. → Score d'opportunité très élevée, risque modéré: zone candidate à l'opportunité. Note: baselines ARIMA/LSTM pending_hpc_battery — comparaison actuelle limitée à Ridge AR."
8405,Bourg-en-Bresse,85.0,très élevée,43.92857142857143,modéré,exploratoire_poids_non_calibres,0.7571428571428571,0.7892857142857143,0.4035714285714286,0.8357142857142857,0.5214285714285714,0.35357142857142854,0.8071428571428572,0.44285714285714284,0.5214285714285715,0.4785714285714286,0.16428571428571428,1.716327877100144,1.5805548795850446,5,4.804105593326266,4,-67.09991383660034,"[2021, 2022, 2023, 2024]",[2025],disponible_2021_2024,pending_hpc_battery,pending_hpc_battery,pending_hpc_battery,pending_npz_extraction,4572.401002617248,21.226759554324918,4657.8799473956915,78.92857142857143,6.236082774564316,"HERALD prévoit 4572 créations en 2026 (p79 national). Le signal sectoriel est porté principalement par GI et MN. La zone présente une forte dépendance au pôle Lyon (concentration mobilité top3 = 0.73). HERALD est 1.8% en dessous de la baseline Ridge AR. → Score d'opportunité très élevée, risque modéré: zone candidate à l'opportunité. Note: baselines ARIMA/LSTM pending_hpc_battery — comparaison actuelle limitée à Ridge AR."
2817,Vernon-Gisors,84.64285714285714,très élevée,6.785714285714286,faible,exploratoire_poids_non_calibres,0.9142857142857143,0.5357142857142857,0.6142857142857143,0.65,0.575,0.09285714285714286,0.55,0.5321428571428571,0.21071428571428572,0.425,0.35,2.0861896600026073,1.466885588285887,5,7.108808207589934,4,-79.36523893386627,"[2021, 2022, 2023, 2024]",[2025],disponible_2021_2024,pending_hpc_battery,pending_hpc_battery,pending_hpc_battery,pending_npz_extraction,2230.849903813824,9.801309665509866,2300.7383185782282,53.57142857142857,10.165427348830807,"HERALD prévoit 2231 créations en 2026 (p54 national). Le signal sectoriel est porté principalement par GI et MN. HERALD est 3.0% en dessous de la baseline Ridge AR. → Score d'opportunité très élevée, risque faible: zone candidate à l'opportunité. Note: baselines ARIMA/LSTM pending_hpc_battery — comparaison actuelle limitée à Ridge AR."
7516,Libourne,84.28571428571429,très élevée,15.357142857142858,faible,exploratoire_poids_non_calibres,0.6285714285714286,0.6857142857142857,0.5928571428571429,0.7964285714285715,0.7714285714285715,0.23571428571428577,0.675,0.325,0.8642857142857143,0.22857142857142856,0.20357142857142857,1.7724686497460396,1.2811182763335598,5,5.172917225932151,4,-75.23412379553967,"[2021, 2022, 2023, 2024]",[2025],disponible_2021_2024,pending_hpc_battery,pending_hpc_battery,pending_hpc_battery,pending_npz_extraction,3158.571565991031,10.967081559975608,3229.6337878996005,68.57142857142857,7.690813705797174,"HERALD prévoit 3159 créations en 2026 (p69 national). Le signal sectoriel est porté principalement par GI et MN. La zone présente une forte dépendance au pôle Bordeaux (concentration mobilité top3 = 0.87). HERALD est 2.2% en dessous de la baseline Ridge AR. → Score d'opportunité très élevée, risque faible: zone candidate à l'opportunité. Note: baselines ARIMA/LSTM pending_hpc_battery — comparaison actuelle limitée à Ridge AR."
5302,Brest,83.92857142857143,très élevée,19.28571428571429,faible,exploratoire_poids_non_calibres,0.7714285714285715,0.8428571428571429,0.3607142857142857,0.5571428571428572,0.8214285714285714,0.3642857142857143,0.7964285714285714,0.1392857142857143,0.5678571428571428,0.17857142857142858,0.44285714285714284,2.3323039940050854,2.130588541449958,5,5.749254779134818,4,-62.94148331741558,"[2021, 2022, 2023, 2024]",[2025],disponible_2021_2024,pending_hpc_battery,pending_hpc_battery,pending_hpc_battery,pending_npz_extraction,5651.485035437785,17.695837029877502,5739.392499655924,84.28571428571429,6.1710508254327445,"HERALD prévoit 5651 créations en 2026 (p84 national). Le signal sectoriel est porté principalement par GI et MN. La zone présente une forte dépendance au pôle Morlaix (concentration mobilité top3 = 0.75). HERALD est 1.5% en dessous de la baseline Ridge AR. → Score d'opportunité très élevée, risque faible: zone candidate à l'opportunité. Note: baselines ARIMA/LSTM pending_hpc_battery — comparaison actuelle limitée à Ridge AR."
3213,Dunkerque,83.57142857142857,très élevée,61.42857142857143,élevé,exploratoire_poids_non_calibres,0.9642857142857143,0.7071428571428572,0.8357142857142857,0.39642857142857146,0.33571428571428574,0.03214285714285714,0.7785714285714286,0.9785714285714285,0.6285714285714286,0.6642857142857143,0.6035714285714285,2.93937111842742,2.062546753334353,5,5.922394799635293,4,-65.17377136928853,"[2021, 2022, 2023, 2024]",[2025],disponible_2021_2024,pending_hpc_battery,pending_hpc_battery,pending_hpc_battery,pending_npz_extraction,3374.914914837259,21.26616570792138,3408.2660894063893,70.71428571428572,12.347367338124466,HERALD prévoit 3375 créations en 2026 (p71 national). Le signal sectoriel est porté principalement par GI et MN. La zone présente une forte dépendance au pôle Lille (concentration mobilité top3 = 0.77). HERALD est 1.0% en dessous de la baseline Ridge AR. → Score de risque élevé: zone à surveiller. Note: baselines ARIMA/LSTM pending_hpc_battery — comparaison actuelle limitée à Ridge AR.
7502,Angoulême,83.21428571428572,très élevée,10.714285714285714,faible,exploratoire_poids_non_calibres,0.575,0.7535714285714286,0.40714285714285714,0.8821428571428571,0.8142857142857143,0.4392857142857143,0.7535714285714286,0.20714285714285716,0.31785714285714284,0.18571428571428572,0.11785714285714285,1.6370979219917714,1.0920576802303246,5,4.205925278668551,4,-74.03525721750263,"[2021, 2022, 2023, 2024]",[2025],disponible_2021_2024,pending_hpc_battery,pending_hpc_battery,pending_hpc_battery,pending_npz_extraction,3870.4827457380898,12.304821776789849,3955.7243118239044,75.35714285714286,5.462745115479286,"HERALD prévoit 3870 créations en 2026 (p75 national). Le signal sectoriel est porté principalement par GI et MN. La zone présente une forte dépendance au pôle Cognac (concentration mobilité top3 = 0.64). HERALD est 2.2% en dessous de la baseline Ridge AR. → Score d'opportunité très élevée, risque faible: zone candidate à l'opportunité. Note: baselines ARIMA/LSTM pending_hpc_battery — comparaison actuelle limitée à Ridge AR."
1106,Marne-la-Vallée,82.85714285714286,très élevée,83.21428571428572,très élevé,exploratoire_poids_non_calibres,0.9,0.9285714285714286,0.12857142857142856,0.7321428571428572,0.4,0.39642857142857146,0.9464285714285714,0.9392857142857143,0.8142857142857143,0.6,0.26785714285714285,1.9198273010322189,1.9601907443245503,5,4.904095391955389,4,-60.02951436181236,"[2021, 2022, 2023, 2024]",[2025],disponible_2021_2024,pending_hpc_battery,pending_hpc_battery,pending_hpc_battery,pending_npz_extraction,11446.60703010992,65.84681500727223,11601.891366200009,92.85714285714286,5.820532773503936,HERALD prévoit 11447 créations en 2026 (p93 national). Le signal sectoriel est porté principalement par GI et MN. La zone présente une forte dépendance au pôle Paris (concentration mobilité top3 = 0.84). HERALD est 1.3% en dessous de la baseline Ridge AR. → Score de risque très élevé: zone à surveiller. Note: baselines ARIMA/LSTM pending_hpc_battery — comparaison actuelle limitée à Ridge AR.
2813,Le Havre,82.5,très élevée,73.92857142857143,élevé,exploratoire_poids_non_calibres,0.8607142857142858,0.7857142857142857,0.39285714285714285,0.6571428571428571,0.46785714285714286,0.4107142857142857,0.8464285714285714,0.9071428571428571,0.5464285714285714,0.5321428571428571,0.34285714285714286,2.064890432598864,1.625864497257727,5,4.268341471424883,4,-61.90875289284268,"[2021, 2022, 2023, 2024]",[2025],disponible_2021_2024,pending_hpc_battery,pending_hpc_battery,pending_hpc_battery,pending_npz_extraction,4431.957064297265,22.38734815022523,4517.696051647728,78.57142857142857,5.698952165448721,HERALD prévoit 4432 créations en 2026 (p79 national). Le signal sectoriel est porté principalement par GI et MN. La zone présente une forte dépendance au pôle Yvetot-Vallée du Commerce (concentration mobilité top3 = 0.74). HERALD est 1.9% en dessous de la baseline Ridge AR. → Score de risque élevé: zone à surveiller. Note: baselines ARIMA/LSTM pending_hpc_battery — comparaison actuelle limitée à Ridge AR.
8409,Grenoble,82.14285714285714,très élevée,24.285714285714285,faible,exploratoire_poids_non_calibres,0.275,0.9392857142857143,0.85,0.9,0.6464285714285714,0.27142857142857146,0.9321428571428572,0.37857142857142856,0.40714285714285714,0.3535714285714286,0.1,1.5975402584398974,1.4592122343346863,5,6.65961846404771,4,-78.08865114101778,"[2021, 2022, 2023, 2024]",[2025],disponible_2021_2024,pending_hpc_battery,pending_hpc_battery,pending_hpc_battery,pending_npz_extraction,12461.90170216971,50.8542993411401,12490.766308502487,93.92857142857143,7.319167259470453,"HERALD prévoit 12462 créations en 2026 (p94 national). Le signal sectoriel est porté principalement par GI et MN. La zone présente une forte dépendance au pôle Voiron (concentration mobilité top3 = 0.68). HERALD est 0.2% en dessous de la baseline Ridge AR. → Score d'opportunité très élevée, risque faible: zone candidate à l'opportunité. Note: baselines ARIMA/LSTM pending_hpc_battery — comparaison actuelle limitée à Ridge AR."
8413,La Tarentaise,81.78571428571428,très élevée,0.7142857142857143,faible,exploratoire_poids_non_calibres,0.24642857142857144,0.7107142857142857,0.7392857142857143,0.9785714285714285,0.9678571428571429,0.19999999999999996,0.6571428571428571,0.2357142857142857,0.6,0.03214285714285714,0.02142857142857143,1.2277697557543754,0.9598845463484765,5,4.83627634273888,4,-80.15240490155956,"[2021, 2022, 2023, 2024]",[2025],disponible_2021_2024,pending_hpc_battery,pending_hpc_battery,pending_hpc_battery,pending_npz_extraction,3385.6200189197407,6.8600670362634,3438.668997343813,71.07142857142857,8.513462144863484,"HERALD prévoit 3386 créations en 2026 (p71 national). Le signal sectoriel est porté principalement par GI et OQ. La zone présente une forte dépendance au pôle Chambéry (concentration mobilité top3 = 0.77). HERALD est 1.5% en dessous de la baseline Ridge AR. → Score d'opportunité très élevée, risque faible: zone candidate à l'opportunité. Note: baselines ARIMA/LSTM pending_hpc_battery — comparaison actuelle limitée à Ridge AR."
2705,Belfort,81.42857142857143,très élevée,52.85714285714286,élevé,exploratoire_poids_non_calibres,0.8964285714285715,0.675,0.7428571428571429,0.36071428571428577,0.5285714285714286,0.02857142857142858,0.7071428571428572,0.8607142857142858,0.8857142857142857,0.4714285714285714,0.6392857142857142,3.2102189005160624,2.4994904466587577,5,5.943735628660051,4,-57.94748281524359,"[2021, 2022, 2023, 2024]",[2025],disponible_2021_2024,pending_hpc_battery,pending_hpc_battery,pending_hpc_battery,pending_npz_extraction,3000.3454471466944,13.908224618061322,3053.2948015091815,67.5,13.348902423373419,HERALD prévoit 3000 créations en 2026 (p68 national). Le signal sectoriel est porté principalement par GI et MN. La zone présente une forte dépendance au pôle Montbéliard (concentration mobilité top3 = 0.88). HERALD est 1.7% en dessous de la baseline Ridge AR. → Score de risque élevé: zone à surveiller. Note: baselines ARIMA/LSTM pending_hpc_battery — comparaison actuelle limitée à Ridge AR.
2405,Châteauroux,81.07142857142857,très élevée,2.5,faible,exploratoire_poids_non_calibres,0.75,0.6142857142857143,0.6785714285714286,0.4464285714285714,0.8321428571428572,0.11071428571428577,0.5035714285714286,0.5678571428571428,0.02142857142857143,0.16785714285714284,0.5535714285714286,2.756625098536589,2.2140588529519216,5,6.289144662638188,4,-64.79554897019713,"[2021, 2022, 2023, 2024]",[2025],disponible_2021_2024,pending_hpc_battery,pending_hpc_battery,pending_hpc_battery,pending_npz_extraction,2689.4582606053727,8.140139412783686,2751.4334456181905,61.42857142857143,9.908388255225695,"HERALD prévoit 2689 créations en 2026 (p61 national). Le signal sectoriel est porté principalement par GI et MN. HERALD est 2.3% en dessous de la baseline Ridge AR. → Score d'opportunité très élevée, risque faible: zone candidate à l'opportunité. Note: baselines ARIMA/LSTM pending_hpc_battery — comparaison actuelle limitée à Ridge AR."
8406,Bourgoin-Jallieu,80.71428571428572,très élevée,56.785714285714285,élevé,exploratoire_poids_non_calibres,0.6071428571428571,0.8035714285714286,0.16785714285714284,0.9178571428571428,0.7392857142857143,0.5607142857142857,0.8357142857142857,0.6428571428571429,0.5928571428571429,0.26071428571428573,0.08214285714285714,1.5361267013460078,1.4687239916639574,5,4.2087291904215265,4,-65.10291051734653,"[2021, 2022, 2023, 2024]",[2025],disponible_2021_2024,pending_hpc_battery,pending_hpc_battery,pending_hpc_battery,pending_npz_extraction,4728.226048585193,16.743800297047287,4858.591247864979,80.35714285714286,4.283768164649161,HERALD prévoit 4728 créations en 2026 (p80 national). Le signal sectoriel est porté principalement par GI et MN. La zone présente une forte dépendance au pôle Lyon (concentration mobilité top3 = 0.76). HERALD est 2.7% en dessous de la baseline Ridge AR. → Score de risque élevé: zone à surveiller. Note: baselines ARIMA/LSTM pending_hpc_battery — comparaison actuelle limitée à Ridge AR.
1108,Melun,80.35714285714286,très élevée,91.78571428571428,très élevé,exploratoire_poids_non_calibres,0.8035714285714286,0.7678571428571429,0.08928571428571429,0.9928571428571429,0.3392857142857143,0.7928571428571428,0.8321428571428572,0.9357142857142857,0.7142857142857143,0.6607142857142857,0.007142857142857143,0.9092318219155221,0.971924155836969,5,3.637179975868621,4,-73.27808460715896,"[2021, 2022, 2023, 2024]",[2025],disponible_2021_2024,pending_hpc_battery,pending_hpc_battery,pending_hpc_battery,pending_npz_extraction,3980.5254731659866,25.03168934447842,4158.825087118623,76.78571428571429,1.0542135863413702,HERALD prévoit 3981 créations en 2026 (p77 national). Le signal sectoriel est porté principalement par GI et MN. La zone présente une forte dépendance au pôle Évry-Courcouronnes (concentration mobilité top3 = 0.80). HERALD est 4.3% en dessous de la baseline Ridge AR. → Score de risque très élevé: zone à surveiller. Note: baselines ARIMA/LSTM pending_hpc_battery — comparaison actuelle limitée à Ridge AR.
9308,Draguignan,80.0,très élevée,14.642857142857144,faible,exploratoire_poids_non_calibres,0.5821428571428572,0.6678571428571428,0.5678571428571428,0.6214285714285714,0.9285714285714286,0.375,0.5714285714285714,0.5571428571428572,0.35714285714285715,0.07142857142857142,0.37857142857142856,2.169176823918101,1.6641448719984757,5,5.478500321679,4,-69.6240800531985,"[2021, 2022, 2023, 2024]",[2025],disponible_2021_2024,pending_hpc_battery,pending_hpc_battery,pending_hpc_battery,pending_npz_extraction,2966.914933731308,7.225155625264504,3039.185818817368,66.78571428571428,6.150802637971659,"HERALD prévoit 2967 créations en 2026 (p67 national). Le signal sectoriel est porté principalement par GI et MN. La zone présente une forte dépendance au pôle Fréjus (concentration mobilité top3 = 0.66). HERALD est 2.4% en dessous de la baseline Ridge AR. → Score d'opportunité très élevée, risque faible: zone candidate à l'opportunité. Note: baselines ARIMA/LSTM pending_hpc_battery — comparaison actuelle limitée à Ridge AR."
3202,Amiens,79.64285714285714,très élevée,31.785714285714285,modéré,exploratoire_poids_non_calibres,0.6142857142857143,0.8321428571428572,0.31785714285714284,0.5714285714285714,0.9571428571428572,0.3928571428571429,0.8714285714285714,0.7785714285714286,0.04285714285714286,0.04285714285714286,0.42857142857142855,2.3142667160921366,2.0946861896250275,5,4.118674373691327,4,-49.14173834656216,"[2021, 2022, 2023, 2024]",[2025],disponible_2021_2024,pending_hpc_battery,pending_hpc_battery,pending_hpc_battery,pending_npz_extraction,5402.003454548018,12.068595924712632,5495.417642170089,83.21428571428572,5.880114750059162,"HERALD prévoit 5402 créations en 2026 (p83 national). Le signal sectoriel est porté principalement par GI et MN. HERALD est 1.7% en dessous de la baseline Ridge AR. → Score d'opportunité très élevée, risque modéré: zone candidate à l'opportunité. Note: baselines ARIMA/LSTM pending_hpc_battery — comparaison actuelle limitée à Ridge AR."
1107,Meaux,79.28571428571428,très élevée,81.78571428571428,très élevé,exploratoire_poids_non_calibres,0.5535714285714286,0.7607142857142857,0.1392857142857143,0.9892857142857143,0.7678571428571428,0.7428571428571429,0.8214285714285714,0.9428571428571428,0.8821428571428571,0.23214285714285715,0.010714285714285714,1.024343905601285,1.0184777712800779,5,4.388800148193301,4,-76.79370814596454,"[2021, 2022, 2023, 2024]",[2025],disponible_2021_2024,pending_hpc_battery,pending_hpc_battery,pending_hpc_battery,pending_npz_extraction,3890.139142812135,13.552815948352702,4040.624740041139,76.07142857142857,1.8094515260961817,HERALD prévoit 3890 créations en 2026 (p76 national). Le signal sectoriel est porté principalement par GI et MN. La zone présente une forte dépendance au pôle Marne-la-Vallée (concentration mobilité top3 = 0.88). HERALD est 3.7% en dessous de la baseline Ridge AR. → Score de risque très élevé: zone à surveiller. Note: baselines ARIMA/LSTM pending_hpc_battery — comparaison actuelle limitée à Ridge AR.
57,Dreux,78.92857142857143,très élevée,66.42857142857143,élevé,exploratoire_poids_non_calibres,0.7071428571428572,0.55,0.48928571428571427,0.9107142857142857,0.4928571428571429,0.6607142857142857,0.5785714285714286,0.7964285714285714,0.4035714285714286,0.5071428571428571,0.08928571428571429,1.5572968367213533,1.0209534698434917,5,6.579682215796181,4,-84.483240430785,"[2021, 2022, 2023, 2024]",[2025],disponible_2021_2024,pending_hpc_battery,pending_hpc_battery,pending_hpc_battery,pending_npz_extraction,2279.4204314256936,11.170448116560127,2357.057022764805,55.00000000000001,2.9548523679175047,HERALD prévoit 2279 créations en 2026 (p55 national). Le signal sectoriel est porté principalement par GI et MN. La zone présente une forte dépendance au pôle Versailles-Saint-Quentin (concentration mobilité top3 = 0.68). HERALD est 3.3% en dessous de la baseline Ridge AR. → Score de risque élevé: zone à surveiller. Note: baselines ARIMA/LSTM pending_hpc_battery — comparaison actuelle limitée à Ridge AR.
5317,Saint-Malo,78.57142857142857,très élevée,40.0,modéré,exploratoire_poids_non_calibres,0.775,0.6285714285714286,0.3535714285714286,0.7928571428571428,0.5321428571428571,0.4821428571428571,0.6821428571428572,0.15357142857142858,0.6392857142857142,0.46785714285714286,0.20714285714285716,1.7732071162030068,0.9704553008409562,5,5.6290626088983355,4,-82.75991282621594,"[2021, 2022, 2023, 2024]",[2025],disponible_2021_2024,pending_hpc_battery,pending_hpc_battery,pending_hpc_battery,pending_npz_extraction,2744.0010513189554,12.718601415590662,2832.5449905279397,62.857142857142854,5.134139897277986,"HERALD prévoit 2744 créations en 2026 (p63 national). Le signal sectoriel est porté principalement par GI et MN. La zone présente une forte dépendance au pôle Rennes (concentration mobilité top3 = 0.77). HERALD est 3.1% en dessous de la baseline Ridge AR. → Score d'opportunité très élevée, risque modéré: zone candidate à l'opportunité. Note: baselines ARIMA/LSTM pending_hpc_battery — comparaison actuelle limitée à Ridge AR."
54,Beauvais,78.21428571428571,très élevée,53.57142857142857,élevé,exploratoire_poids_non_calibres,0.6035714285714285,0.7714285714285715,0.20714285714285716,0.95,0.6142857142857143,0.6142857142857143,0.7214285714285714,0.5964285714285714,0.2857142857142857,0.38571428571428573,0.05,1.3899245688411779,1.3825517229485444,5,3.5824479475357296,4,-61.4076256460456,"[2021, 2022, 2023, 2024]",[2025],disponible_2021_2024,pending_hpc_battery,pending_hpc_battery,pending_hpc_battery,pending_npz_extraction,4011.6466666988103,17.147737434963087,4127.312081127521,77.14285714285715,3.6333419452030573,HERALD prévoit 4012 créations en 2026 (p77 national). Le signal sectoriel est porté principalement par GI et MN. La zone présente une forte dépendance au pôle Cergy-Vexin (concentration mobilité top3 = 0.62). HERALD est 2.8% en dessous de la baseline Ridge AR. → Score de risque élevé: zone à surveiller. Note: baselines ARIMA/LSTM pending_hpc_battery — comparaison actuelle limitée à Ridge AR.
9304,Cannes,77.85714285714286,très élevée,16.071428571428573,faible,exploratoire_poids_non_calibres,0.32142857142857145,0.9607142857142857,0.23214285714285715,0.9321428571428572,0.8892857142857142,0.3285714285714286,0.925,0.15714285714285714,0.8535714285714285,0.11071428571428571,0.06785714285714285,1.45237134138632,1.606574714801111,5,5.23183789423766,4,-69.2923453043033,"[2021, 2022, 2023, 2024]",[2025],disponible_2021_2024,pending_hpc_battery,pending_hpc_battery,pending_hpc_battery,pending_npz_extraction,14539.499748989921,39.80773804938236,14646.262130734307,96.07142857142857,6.477478938044097,"HERALD prévoit 14539 créations en 2026 (p96 national). Le signal sectoriel est porté principalement par GI et MN. La zone présente une forte dépendance au pôle Nice (concentration mobilité top3 = 0.86). HERALD est 0.7% en dessous de la baseline Ridge AR. → Score d'opportunité très élevée, risque faible: zone candidate à l'opportunité. Note: baselines ARIMA/LSTM pending_hpc_battery — comparaison actuelle limitée à Ridge AR."
8432,Vichy,77.32142857142857,très élevée,32.142857142857146,modéré,exploratoire_poids_non_calibres,0.8892857142857142,0.5535714285714286,0.46785714285714286,0.3928571428571429,0.7428571428571429,0.3464285714285714,0.42857142857142855,0.5107142857142857,0.65,0.2571428571428571,0.6071428571428571,2.9421268521589923,2.1774711731428007,5,8.034829309799271,4,-72.89959637988628,"[2021, 2022, 2023, 2024]",[2025],disponible_2021_2024,pending_hpc_battery,pending_hpc_battery,pending_hpc_battery,pending_npz_extraction,2282.1532494253042,8.046914578183985,2361.2515373891715,55.35714285714286,6.245495783300942,"HERALD prévoit 2282 créations en 2026 (p55 national). Le signal sectoriel est porté principalement par GI et MN. La zone présente une forte dépendance au pôle Clermont-Ferrand (concentration mobilité top3 = 0.78). HERALD est 3.3% en dessous de la baseline Ridge AR. → Score d'opportunité très élevée, risque modéré: zone candidate à l'opportunité. Note: baselines ARIMA/LSTM pending_hpc_battery — comparaison actuelle limitée à Ridge AR."
60,Nevers,77.32142857142857,très élevée,4.285714285714286,faible,exploratoire_poids_non_calibres,0.95,0.5321428571428571,0.3107142857142857,0.42500000000000004,0.7642857142857142,0.0357142857142857,0.45357142857142857,0.6821428571428572,0.18571428571428572,0.2357142857142857,0.575,2.8074474769914124,2.0799615825068565,5,8.09595509358553,4,-74.30863241626895,"[2021, 2022, 2023, 2024]",[2025],disponible_2021_2024,pending_hpc_battery,pending_hpc_battery,pending_hpc_battery,pending_npz_extraction,2222.9891795966932,7.7485279354330014,2316.5788738105607,53.214285714285715,12.158888980660608,"HERALD prévoit 2223 créations en 2026 (p53 national). Le signal sectoriel est porté principalement par GI et MN. HERALD est 4.0% en dessous de la baseline Ridge AR. → Score d'opportunité très élevée, risque faible: zone candidate à l'opportunité. Note: baselines ARIMA/LSTM pending_hpc_battery — comparaison actuelle limitée à Ridge AR."
7618,Nîmes,76.78571428571429,très élevée,44.642857142857146,modéré,exploratoire_poids_non_calibres,0.5285714285714286,0.8964285714285715,0.06428571428571428,0.8392857142857143,0.8107142857142857,0.5214285714285714,0.8678571428571429,0.5357142857142857,0.4357142857142857,0.18928571428571428,0.16071428571428573,1.7138565302288904,1.844037297259122,5,3.9323038294169,4,-53.105421725956404,"[2021, 2022, 2023, 2024]",[2025],disponible_2021_2024,pending_hpc_battery,pending_hpc_battery,pending_hpc_battery,pending_npz_extraction,8423.599247681826,26.802865053067638,8620.615321290225,89.64285714285715,4.719035898580637,"HERALD prévoit 8424 créations en 2026 (p90 national). Le signal sectoriel est porté principalement par GI et MN. La zone présente une forte dépendance au pôle Montpellier (concentration mobilité top3 = 0.70). HERALD est 2.3% en dessous de la baseline Ridge AR. → Score d'opportunité très élevée, risque modéré: zone candidate à l'opportunité. Note: baselines ARIMA/LSTM pending_hpc_battery — comparaison actuelle limitée à Ridge AR."
1112,Roissy,76.42857142857142,très élevée,97.14285714285714,très élevé,exploratoire_poids_non_calibres,0.8357142857142857,0.9785714285714285,0.007142857142857143,0.7357142857142858,0.275,0.6714285714285715,0.9821428571428571,1.0,0.8607142857142858,0.725,0.2642857142857143,1.9178026035783255,1.5229918131234217,5,4.267643264905435,4,-64.313047773988,"[2021, 2022, 2023, 2024]",[2025],disponible_2021_2024,pending_hpc_battery,pending_hpc_battery,pending_hpc_battery,pending_npz_extraction,22012.2372652783,152.52069020963424,22908.098684956036,97.85714285714285,2.899388861622576,HERALD prévoit 22012 créations en 2026 (p98 national). Le signal sectoriel est porté principalement par GI et MN. La zone présente une forte dépendance au pôle Paris (concentration mobilité top3 = 0.87). HERALD est 3.9% en dessous de la baseline Ridge AR. → Score de risque très élevé: zone à surveiller. Note: baselines ARIMA/LSTM pending_hpc_battery — comparaison actuelle limitée à Ridge AR.
2808,Évreux,75.89285714285714,très élevée,23.57142857142857,faible,exploratoire_poids_non_calibres,0.5928571428571429,0.6464285714285715,0.75,0.6857142857142857,0.48571428571428577,0.16785714285714282,0.6678571428571428,0.6535714285714286,0.15357142857142858,0.5142857142857142,0.3142857142857143,2.0030366628777623,1.3441215679044496,5,5.565648617851096,4,-75.84968688836456,"[2021, 2022, 2023, 2024]",[2025],disponible_2021_2024,pending_hpc_battery,pending_hpc_battery,pending_hpc_battery,pending_npz_extraction,2868.114602547709,14.209464093275583,2920.4467303095503,64.64285714285715,8.929532949020476,"HERALD prévoit 2868 créations en 2026 (p65 national). Le signal sectoriel est porté principalement par GI et MN. HERALD est 1.8% en dessous de la baseline Ridge AR. → Score d'opportunité très élevée, risque faible: zone candidate à l'opportunité. Note: baselines ARIMA/LSTM pending_hpc_battery — comparaison actuelle limitée à Ridge AR."
7501,Agen,75.89285714285714,très élevée,39.285714285714285,modéré,exploratoire_poids_non_calibres,0.7392857142857143,0.5964285714285714,0.45714285714285713,0.6285714285714286,0.6285714285714286,0.4642857142857143,0.5892857142857143,0.575,0.20357142857142857,0.37142857142857144,0.37142857142857144,2.1391546629744993,1.2873425245446644,5,6.430037966656298,4,-79.97923913948367,"[2021, 2022, 2023, 2024]",[2025],disponible_2021_2024,pending_hpc_battery,pending_hpc_battery,pending_hpc_battery,pending_npz_extraction,2537.4537417750935,10.477084412137089,2617.921079574166,59.64285714285714,5.288537003115912,"HERALD prévoit 2537 créations en 2026 (p60 national). Le signal sectoriel est porté principalement par GI et MN. HERALD est 3.1% en dessous de la baseline Ridge AR. → Score d'opportunité très élevée, risque modéré: zone candidate à l'opportunité. Note: baselines ARIMA/LSTM pending_hpc_battery — comparaison actuelle limitée à Ridge AR."
7601,Agde-Pézenas,75.35714285714286,très élevée,12.5,faible,exploratoire_poids_non_calibres,0.3678571428571429,0.5571428571428572,0.5535714285714286,0.875,0.9857142857142858,0.25357142857142856,0.2571428571428571,0.925,0.95,0.014285714285714285,0.125,1.6456347194432457,1.5605144709766208,5,8.475133832835109,4,-81.58714066637228,"[2021, 2022, 2023, 2024]",[2025],disponible_2021_2024,pending_hpc_battery,pending_hpc_battery,pending_hpc_battery,pending_npz_extraction,2286.130395848484,3.997635889828671,2359.524498326511,55.714285714285715,7.481447853713405,"HERALD prévoit 2286 créations en 2026 (p56 national). Le signal sectoriel est porté principalement par GI et MN. La zone présente une forte dépendance au pôle Béziers (concentration mobilité top3 = 0.90). HERALD est 3.1% en dessous de la baseline Ridge AR. → Score d'opportunité très élevée, risque faible: zone candidate à l'opportunité. Note: baselines ARIMA/LSTM pending_hpc_battery — comparaison actuelle limitée à Ridge AR."
7624,Tarbes-Lourdes,75.0,élevée,11.071428571428571,faible,exploratoire_poids_non_calibres,0.48928571428571427,0.775,0.5357142857142857,0.5535714285714286,0.8857142857142857,0.33571428571428574,0.7607142857142857,0.24642857142857144,0.3892857142857143,0.11428571428571428,0.44642857142857145,2.336167359421925,2.030030051104085,5,4.201522419199784,4,-51.68346497861312,"[2021, 2022, 2023, 2024]",[2025],disponible_2021_2024,pending_hpc_battery,pending_hpc_battery,pending_hpc_battery,pending_npz_extraction,4221.086397607798,11.648632399579764,4295.114122827525,77.5,6.405001200095742,"HERALD prévoit 4221 créations en 2026 (p78 national). Le signal sectoriel est porté principalement par GI et MN. La zone présente une forte dépendance au pôle Pau (concentration mobilité top3 = 0.67). HERALD est 1.7% en dessous de la baseline Ridge AR. → Score d'opportunité élevée, risque faible: zone candidate à l'opportunité. Note: baselines ARIMA/LSTM pending_hpc_battery — comparaison actuelle limitée à Ridge AR."
3221,Soissons,74.64285714285714,élevée,37.5,modéré,exploratoire_poids_non_calibres,0.6107142857142858,0.525,0.45,0.925,0.5607142857142857,0.5035714285714286,0.44285714285714284,0.7178571428571429,0.175,0.4392857142857143,0.075,1.481432139936541,1.308039275612408,5,7.956743825852123,4,-83.56062097459417,"[2021, 2022, 2023, 2024]",[2025],disponible_2021_2024,pending_hpc_battery,pending_hpc_battery,pending_hpc_battery,pending_npz_extraction,2207.852261171202,9.890346779510226,2289.6319921587506,52.5,5.035787876841194,"HERALD prévoit 2208 créations en 2026 (p52 national). Le signal sectoriel est porté principalement par GI et MN. HERALD est 3.6% en dessous de la baseline Ridge AR. → Score d'opportunité élevée, risque modéré: zone candidate à l'opportunité. Note: baselines ARIMA/LSTM pending_hpc_battery — comparaison actuelle limitée à Ridge AR."
7523,Périgueux,74.28571428571429,élevée,11.785714285714285,faible,exploratoire_poids_non_calibres,0.44642857142857145,0.7428571428571429,0.43214285714285716,0.7107142857142856,0.9,0.43214285714285716,0.7357142857142858,0.4357142857142857,0.05,0.1,0.2892857142857143,1.9787622420942554,1.4355172826507085,5,4.6701164111927795,4,-69.26163812083503,"[2021, 2022, 2023, 2024]",[2025],disponible_2021_2024,pending_hpc_battery,pending_hpc_battery,pending_hpc_battery,pending_npz_extraction,3643.5089782280716,9.677078366896957,3726.8332011742386,74.28571428571429,5.517201802145136,"HERALD prévoit 3644 créations en 2026 (p74 national). Le signal sectoriel est porté principalement par GI et MN. HERALD est 2.2% en dessous de la baseline Ridge AR. → Score d'opportunité élevée, risque faible: zone candidate à l'opportunité. Note: baselines ARIMA/LSTM pending_hpc_battery — comparaison actuelle limitée à Ridge AR."
7526,Royan,73.92857142857143,élevée,5.714285714285714,faible,exploratoire_poids_non_calibres,0.4785714285714286,0.6178571428571429,0.6107142857142858,0.6892857142857143,0.85,0.16428571428571426,0.5678571428571428,0.46785714285714286,0.4928571428571429,0.15,0.3107142857142857,2.0021797844802256,1.300483654425355,5,5.965950277967804,4,-78.201567330723,"[2021, 2022, 2023, 2024]",[2025],disponible_2021_2024,pending_hpc_battery,pending_hpc_battery,pending_hpc_battery,pending_npz_extraction,2690.0190534069857,8.00357208396582,2759.9120126202424,61.78571428571429,8.951764010003469,"HERALD prévoit 2690 créations en 2026 (p62 national). Le signal sectoriel est porté principalement par GI et MN. La zone présente une forte dépendance au pôle Saintes (concentration mobilité top3 = 0.72). HERALD est 2.5% en dessous de la baseline Ridge AR. → Score d'opportunité élevée, risque faible: zone candidate à l'opportunité. Note: baselines ARIMA/LSTM pending_hpc_battery — comparaison actuelle limitée à Ridge AR."
8401,Annecy,73.57142857142858,élevée,35.714285714285715,modéré,exploratoire_poids_non_calibres,0.5428571428571428,0.8785714285714286,0.075,0.9035714285714286,0.6178571428571429,0.5357142857142857,0.8928571428571429,0.05357142857142857,0.45,0.3821428571428571,0.09642857142857143,1.5918349188290182,1.4172590923531367,5,5.636790492012954,4,-74.85698476178385,"[2021, 2022, 2023, 2024]",[2025],disponible_2021_2024,pending_hpc_battery,pending_hpc_battery,pending_hpc_battery,pending_npz_extraction,7265.680082063422,30.52208512636066,7460.354503755317,87.85714285714286,4.436971137895956,"HERALD prévoit 7266 créations en 2026 (p88 national). Le signal sectoriel est porté principalement par GI et MN. La zone présente une forte dépendance au pôle Le Genevois Français (concentration mobilité top3 = 0.70). HERALD est 2.6% en dessous de la baseline Ridge AR. → Score d'opportunité élevée, risque modéré: zone candidate à l'opportunité. Note: baselines ARIMA/LSTM pending_hpc_battery — comparaison actuelle limitée à Ridge AR."
7615,Montauban,73.21428571428571,élevée,35.0,modéré,exploratoire_poids_non_calibres,0.39285714285714285,0.7392857142857143,0.37142857142857144,0.8035714285714286,0.925,0.4535714285714286,0.7142857142857143,0.42857142857142855,0.8928571428571429,0.075,0.19642857142857142,1.7647415435736544,1.3407665019338757,5,4.429725505759174,4,-69.73251502399599,"[2021, 2022, 2023, 2024]",[2025],disponible_2021_2024,pending_hpc_battery,pending_hpc_battery,pending_hpc_battery,pending_npz_extraction,3609.76937059638,8.806843019773535,3697.0344104218193,73.92857142857143,5.333217700507156,"HERALD prévoit 3610 créations en 2026 (p74 national). Le signal sectoriel est porté principalement par GI et MN. La zone présente une forte dépendance au pôle Toulouse (concentration mobilité top3 = 0.88). HERALD est 2.4% en dessous de la baseline Ridge AR. → Score d'opportunité élevée, risque modéré: zone candidate à l'opportunité. Note: baselines ARIMA/LSTM pending_hpc_battery — comparaison actuelle limitée à Ridge AR."
1115,Versailles-Saint-Quentin,72.85714285714285,élevée,59.64285714285714,élevé,exploratoire_poids_non_calibres,0.4392857142857143,0.9428571428571428,0.1357142857142857,0.8285714285714285,0.7607142857142857,0.3857142857142857,0.9571428571428572,0.7642857142857142,0.8678571428571429,0.2392857142857143,0.17142857142857143,1.718210608881661,1.7532665921063861,5,5.805693759848151,4,-69.80091157697848,"[2021, 2022, 2023, 2024]",[2025],disponible_2021_2024,pending_hpc_battery,pending_hpc_battery,pending_hpc_battery,pending_npz_extraction,12856.302537075107,44.84349279455249,13008.359515682288,94.28571428571428,6.013874305888574,HERALD prévoit 12856 créations en 2026 (p94 national). Le signal sectoriel est porté principalement par GI et MN. La zone présente une forte dépendance au pôle Paris (concentration mobilité top3 = 0.87). HERALD est 1.2% en dessous de la baseline Ridge AR. → Score de risque élevé: zone à surveiller. Note: baselines ARIMA/LSTM pending_hpc_battery — comparaison actuelle limitée à Ridge AR.
7522,0Pau,72.5,élevée,32.5,modéré,exploratoire_poids_non_calibres,0.55,0.8464285714285714,0.18928571428571428,0.7464285714285714,0.6857142857142857,0.475,0.8392857142857143,0.20357142857142857,0.3535714285714286,0.3142857142857143,0.25357142857142856,1.8971566650606455,1.6808988804973264,5,4.829817596489471,4,-65.1974666347839,"[2021, 2022, 2023, 2024]",[2025],disponible_2021_2024,pending_hpc_battery,pending_hpc_battery,pending_hpc_battery,pending_npz_extraction,5688.962968983947,21.46628689931804,5810.78817345172,84.64285714285714,5.175872970677513,"HERALD prévoit 5689 créations en 2026 (p85 national). Le signal sectoriel est porté principalement par GI et MN. La zone présente une forte dépendance au pôle Tarbes-Lourdes (concentration mobilité top3 = 0.65). HERALD est 2.1% en dessous de la baseline Ridge AR. → Score d'opportunité élevée, risque modéré: zone candidate à l'opportunité. Note: baselines ARIMA/LSTM pending_hpc_battery — comparaison actuelle limitée à Ridge AR."
1103,Étampes,72.14285714285714,élevée,45.0,modéré,exploratoire_poids_non_calibres,0.9857142857142858,0.5642857142857143,0.45357142857142857,0.4821428571428571,0.2678571428571429,0.0071428571428571175,0.6535714285714286,0.5607142857142857,0.8214285714285714,0.7321428571428571,0.5178571428571429,2.6507365323801837,2.4213697840739847,5,7.404953168887201,4,-67.30067390233256,"[2021, 2022, 2023, 2024]",[2025],disponible_2021_2024,pending_hpc_battery,pending_hpc_battery,pending_hpc_battery,pending_npz_extraction,2304.1069065634933,16.49012240773531,2385.692846352312,56.42857142857143,16.075914688337196,"HERALD prévoit 2304 créations en 2026 (p56 national). Le signal sectoriel est porté principalement par GI et MN. La zone présente une forte dépendance au pôle Saclay (concentration mobilité top3 = 0.85). HERALD est 3.4% en dessous de la baseline Ridge AR. → Score d'opportunité élevée, risque modéré: zone candidate à l'opportunité. Note: baselines ARIMA/LSTM pending_hpc_battery — comparaison actuelle limitée à Ridge AR."
59,Mâcon,71.78571428571429,élevée,57.14285714285714,élevé,exploratoire_poids_non_calibres,0.7214285714285714,0.6357142857142857,0.36428571428571427,0.6142857142857143,0.5928571428571429,0.575,0.6714285714285714,0.5464285714285714,0.3607142857142857,0.40714285714285714,0.38571428571428573,2.1761046684145113,1.598006065134088,5,5.600078718139729,4,-71.46457852533679,"[2021, 2022, 2023, 2024]",[2025],disponible_2021_2024,pending_hpc_battery,pending_hpc_battery,pending_hpc_battery,pending_npz_extraction,2822.8127796869435,12.298022701788513,2910.5496296625292,63.57142857142857,4.124410906932626,HERALD prévoit 2823 créations en 2026 (p64 national). Le signal sectoriel est porté principalement par GI et MN. La zone présente une forte dépendance au pôle Bourg-en-Bresse (concentration mobilité top3 = 0.66). HERALD est 3.0% en dessous de la baseline Ridge AR. → Score de risque élevé: zone à surveiller. Note: baselines ARIMA/LSTM pending_hpc_battery — comparaison actuelle limitée à Ridge AR.
8419,Le Puy-en-Velay,71.42857142857143,élevée,0.35714285714285715,faible,exploratoire_poids_non_calibres,0.9535714285714286,0.45714285714285713,0.29285714285714287,0.3321428571428572,0.7821428571428571,0.15357142857142858,0.375,0.06785714285714285,0.25,0.21785714285714286,0.6678571428571428,3.487889240967509,3.101521690773662,5,10.157243163413117,4,-69.46492625139177,"[2021, 2022, 2023, 2024]",[2025],disponible_2021_2024,pending_hpc_battery,pending_hpc_battery,pending_hpc_battery,pending_npz_extraction,1872.3006109745243,6.427547083576629,1970.571731427405,45.714285714285715,9.235741597113433,"HERALD prévoit 1872 créations en 2026 (p46 national). Le signal sectoriel est porté principalement par GI et MN. La zone présente une forte dépendance au pôle Les Sources de la Loire (concentration mobilité top3 = 0.62). HERALD est 5.0% en dessous de la baseline Ridge AR. → Score d'opportunité élevée, risque faible: zone candidate à l'opportunité. Note: baselines ARIMA/LSTM pending_hpc_battery — comparaison actuelle limitée à Ridge AR."
2413,Tours,71.07142857142857,élevée,34.64285714285714,modéré,exploratoire_poids_non_calibres,0.5892857142857143,0.9071428571428571,0.09642857142857143,0.5857142857142856,0.7535714285714286,0.46785714285714286,0.9107142857142857,0.375,0.039285714285714285,0.24642857142857144,0.4142857142857143,2.2827590052750413,2.3918444201844924,5,8.305672329821236,4,-71.20227809136347,"[2021, 2022, 2023, 2024]",[2025],disponible_2021_2024,pending_hpc_battery,pending_hpc_battery,pending_hpc_battery,pending_npz_extraction,9020.922189422807,31.52803265620575,9196.064376159868,90.71428571428571,5.200258768779086,"HERALD prévoit 9021 créations en 2026 (p91 national). Le signal sectoriel est porté principalement par GI et MN. HERALD est 1.9% en dessous de la baseline Ridge AR. → Score d'opportunité élevée, risque modéré: zone candidate à l'opportunité. Note: baselines ARIMA/LSTM pending_hpc_battery — comparaison actuelle limitée à Ridge AR."
7507,Brive-la-Gaillarde,70.71428571428572,élevée,14.285714285714285,faible,exploratoire_poids_non_calibres,0.675,0.5464285714285714,0.4392857142857143,0.6035714285714286,0.6714285714285715,0.3571428571428571,0.5285714285714286,0.23214285714285715,0.4142857142857143,0.32857142857142857,0.3964285714285714,2.1988062637620596,1.4195136643511779,5,7.693081008781579,4,-81.54817734623077,"[2021, 2022, 2023, 2024]",[2025],disponible_2021_2024,pending_hpc_battery,pending_hpc_battery,pending_hpc_battery,pending_npz_extraction,2277.5457931475053,8.812481957928318,2360.019639583052,54.64285714285714,6.228814978894835,"HERALD prévoit 2278 créations en 2026 (p55 national). Le signal sectoriel est porté principalement par GI et MN. La zone présente une forte dépendance au pôle Tulle (concentration mobilité top3 = 0.68). HERALD est 3.5% en dessous de la baseline Ridge AR. → Score d'opportunité élevée, risque faible: zone candidate à l'opportunité. Note: baselines ARIMA/LSTM pending_hpc_battery — comparaison actuelle limitée à Ridge AR."
9314,Menton,70.35714285714286,élevée,19.642857142857142,faible,exploratoire_poids_non_calibres,0.9035714285714286,0.5214285714285715,0.425,0.5392857142857144,0.34285714285714286,0.042857142857142816,0.4785714285714286,0.19642857142857142,0.9714285714285714,0.6571428571428571,0.4607142857142857,2.3848719414856445,1.2706575001924154,5,7.251556601971008,4,-82.47745180880138,"[2021, 2022, 2023, 2024]",[2025],disponible_2021_2024,pending_hpc_battery,pending_hpc_battery,pending_hpc_battery,pending_npz_extraction,2205.262187889339,13.834173919741911,2288.6412848742025,52.142857142857146,11.9990953727445,"HERALD prévoit 2205 créations en 2026 (p52 national). Le signal sectoriel est porté principalement par GI et MN. La zone présente une forte dépendance au pôle Nice (concentration mobilité top3 = 0.91). HERALD est 3.6% en dessous de la baseline Ridge AR. → Score d'opportunité élevée, risque faible: zone candidate à l'opportunité. Note: baselines ARIMA/LSTM pending_hpc_battery — comparaison actuelle limitée à Ridge AR."
7509,Cognac,70.0,élevée,16.428571428571427,faible,exploratoire_poids_non_calibres,0.7035714285714286,0.5142857142857142,0.5464285714285714,0.5035714285714286,0.675,0.22499999999999998,0.5107142857142857,0.34285714285714286,0.6821428571428572,0.325,0.49642857142857144,2.543216087831079,1.9144379146888821,5,7.047978553965223,4,-72.83706384702587,"[2021, 2022, 2023, 2024]",[2025],disponible_2021_2024,pending_hpc_battery,pending_hpc_battery,pending_hpc_battery,pending_npz_extraction,2163.9925417180325,8.356989327297633,2237.5286131139064,51.42857142857142,7.8759990886357185,"HERALD prévoit 2164 créations en 2026 (p51 national). Le signal sectoriel est porté principalement par GI et MN. La zone présente une forte dépendance au pôle Angoulême (concentration mobilité top3 = 0.79). HERALD est 3.3% en dessous de la baseline Ridge AR. → Score d'opportunité élevée, risque faible: zone candidate à l'opportunité. Note: baselines ARIMA/LSTM pending_hpc_battery — comparaison actuelle limitée à Ridge AR."
7625,Toulouse,69.64285714285714,élevée,62.142857142857146,élevé,exploratoire_poids_non_calibres,0.7428571428571429,0.9857142857142858,0.07857142857142857,0.6785714285714286,0.19285714285714284,0.3214285714285714,0.9928571428571429,0.65,0.007142857142857143,0.8071428571428572,0.32142857142857145,2.0323822998673275,2.031579260221686,5,8.53503688596506,4,-76.19718242152653,"[2021, 2022, 2023, 2024]",[2025],disponible_2021_2024,pending_hpc_battery,pending_hpc_battery,pending_hpc_battery,pending_npz_extraction,33031.828087522044,267.04763502360083,33213.951386167064,98.57142857142858,6.564596856218487,HERALD prévoit 33032 créations en 2026 (p99 national). Le signal sectoriel est porté principalement par GI et MN. HERALD est 0.5% en dessous de la baseline Ridge AR. → Score de risque élevé: zone à surveiller. Note: baselines ARIMA/LSTM pending_hpc_battery — comparaison actuelle limitée à Ridge AR.
4425,Troyes,69.28571428571428,élevée,41.42857142857143,modéré,exploratoire_poids_non_calibres,0.475,0.7571428571428571,0.4107142857142857,0.5071428571428571,0.9214285714285715,0.4214285714285714,0.7821428571428571,0.9285714285714286,0.05714285714285714,0.07857142857142857,0.4928571428571429,2.508704187973983,1.91941617023412,5,4.866043234609551,4,-60.55488869103455,"[2021, 2022, 2023, 2024]",[2025],disponible_2021_2024,pending_hpc_battery,pending_hpc_battery,pending_hpc_battery,pending_npz_extraction,3878.101330629136,9.57610839601802,3963.23691336229,75.71428571428571,5.584027515086744,"HERALD prévoit 3878 créations en 2026 (p76 national). Le signal sectoriel est porté principalement par GI et MN. HERALD est 2.1% en dessous de la baseline Ridge AR. → Score d'opportunité élevée, risque modéré: zone candidate à l'opportunité. Note: baselines ARIMA/LSTM pending_hpc_battery — comparaison actuelle limitée à Ridge AR."
5316,Saint-Brieuc,68.92857142857143,élevée,63.57142857142857,élevé,exploratoire_poids_non_calibres,0.8428571428571429,0.65,0.18571428571428572,0.7285714285714286,0.2571428571428571,0.7607142857142857,0.5464285714285714,0.2,0.29642857142857143,0.7428571428571429,0.2714285714285714,1.92869613710511,1.6822875003502364,5,5.634016099694216,4,-70.14052727961601,"[2021, 2022, 2023, 2024]",[2025],disponible_2021_2024,pending_hpc_battery,pending_hpc_battery,pending_hpc_battery,pending_npz_extraction,2874.3775675912157,20.955922699963725,2998.882078089263,65.0,1.4605565686980468,HERALD prévoit 2874 créations en 2026 (p65 national). Le signal sectoriel est porté principalement par GI et MN. La zone présente une forte dépendance au pôle Lamballe-Armor (concentration mobilité top3 = 0.63). HERALD est 4.2% en dessous de la baseline Ridge AR. → Score de risque élevé: zone à surveiller. Note: baselines ARIMA/LSTM pending_hpc_battery — comparaison actuelle limitée à Ridge AR.
7503,Bayonne,68.57142857142857,élevée,8.928571428571429,faible,exploratoire_poids_non_calibres,0.43214285714285716,0.9035714285714286,0.26785714285714285,0.5464285714285715,0.8607142857142858,0.35,0.9071428571428571,0.04642857142857143,0.26071428571428573,0.1392857142857143,0.45357142857142857,2.359216728738802,2.374399569927313,5,6.52096008063319,4,-63.588190380445376,"[2021, 2022, 2023, 2024]",[2025],disponible_2021_2024,pending_hpc_battery,pending_hpc_battery,pending_hpc_battery,pending_npz_extraction,8900.65202331729,26.035633480398438,9001.470292665435,90.35714285714286,6.238386528017313,"HERALD prévoit 8901 créations en 2026 (p90 national). Le signal sectoriel est porté principalement par GI et MN. La zone présente une forte dépendance au pôle Dax (concentration mobilité top3 = 0.62). HERALD est 1.1% en dessous de la baseline Ridge AR. → Score d'opportunité élevée, risque faible: zone candidate à l'opportunité. Note: baselines ARIMA/LSTM pending_hpc_battery — comparaison actuelle limitée à Ridge AR."
7616,Montpellier,68.21428571428572,élevée,31.071428571428573,modéré,exploratoire_poids_non_calibres,0.5214285714285715,0.9821428571428571,0.1,0.6642857142857144,0.55,0.3392857142857143,0.9678571428571429,0.17142857142857143,0.21785714285714286,0.45,0.3357142857142857,2.0592660803468044,2.0799115531757786,5,6.652670659711145,4,-68.73569037812423,"[2021, 2022, 2023, 2024]",[2025],disponible_2021_2024,pending_hpc_battery,pending_hpc_battery,pending_hpc_battery,pending_npz_extraction,22177.81144856809,99.9395040735712,22351.142740529758,98.21428571428571,6.337799427349871,"HERALD prévoit 22178 créations en 2026 (p98 national). Le signal sectoriel est porté principalement par GI et MN. La zone présente une forte dépendance au pôle Nîmes (concentration mobilité top3 = 0.60). HERALD est 0.8% en dessous de la baseline Ridge AR. → Score d'opportunité élevée, risque modéré: zone candidate à l'opportunité. Note: baselines ARIMA/LSTM pending_hpc_battery — comparaison actuelle limitée à Ridge AR."
5206,Cholet,67.85714285714286,élevée,24.642857142857146,faible,exploratoire_poids_non_calibres,0.6964285714285714,0.5857142857142857,0.6678571428571428,0.5285714285714286,0.3214285714285714,0.2321428571428571,0.5642857142857143,0.18214285714285713,0.36428571428571427,0.6785714285714286,0.4714285714285714,2.414236315996722,1.6133982196563017,5,6.887518399748715,4,-76.57504305592614,"[2021, 2022, 2023, 2024]",[2025],disponible_2021_2024,pending_hpc_battery,pending_hpc_battery,pending_hpc_battery,pending_npz_extraction,2490.6565490840476,15.871122653735839,2554.550422680239,58.57142857142858,7.773974430291977,"HERALD prévoit 2491 créations en 2026 (p59 national). Le signal sectoriel est porté principalement par GI et MN. La zone présente une forte dépendance au pôle Nantes (concentration mobilité top3 = 0.66). HERALD est 2.5% en dessous de la baseline Ridge AR. → Score d'opportunité élevée, risque faible: zone candidate à l'opportunité. Note: baselines ARIMA/LSTM pending_hpc_battery — comparaison actuelle limitée à Ridge AR."
7505,Bordeaux,67.5,élevée,66.07142857142857,élevé,exploratoire_poids_non_calibres,0.6464285714285715,0.9892857142857143,0.017857142857142856,0.8142857142857143,0.13571428571428568,0.4285714285714286,0.9892857142857143,0.525,0.07857142857142857,0.8642857142857143,0.18571428571428572,1.7458207817209677,1.8866551551409567,5,9.19274530067678,4,-79.47669500859487,"[2021, 2022, 2023, 2024]",[2025],disponible_2021_2024,pending_hpc_battery,pending_hpc_battery,pending_hpc_battery,pending_npz_extraction,33172.3251986295,309.0224959025223,33692.248985555765,98.92857142857143,5.523365563778788,HERALD prévoit 33172 créations en 2026 (p99 national). Le signal sectoriel est porté principalement par GI et MN. HERALD est 1.5% en dessous de la baseline Ridge AR. → Score de risque élevé: zone à surveiller. Note: baselines ARIMA/LSTM pending_hpc_battery — comparaison actuelle limitée à Ridge AR.
9317,Sainte-Maxime,67.14285714285714,élevée,28.57142857142857,modéré,exploratoire_poids_non_calibres,0.3821428571428571,0.5714285714285714,0.5142857142857142,0.675,0.9035714285714286,0.4928571428571429,0.45,0.75,0.32142857142857145,0.09642857142857143,0.325,2.0406969808014437,1.7185101857406693,5,7.102616855417681,4,-75.80454893283682,"[2021, 2022, 2023, 2024]",[2025],disponible_2021_2024,pending_hpc_battery,pending_hpc_battery,pending_hpc_battery,pending_npz_extraction,2385.6754855944746,6.21778177005541,2461.9761302783127,57.14285714285714,5.049559031020458,"HERALD prévoit 2386 créations en 2026 (p57 national). Le signal sectoriel est porté principalement par GI et MN. La zone présente une forte dépendance au pôle Fréjus (concentration mobilité top3 = 0.64). HERALD est 3.1% en dessous de la baseline Ridge AR. → Score d'opportunité élevée, risque modéré: zone candidate à l'opportunité. Note: baselines ARIMA/LSTM pending_hpc_battery — comparaison actuelle limitée à Ridge AR."
5207,Fontenay-le-Comte,66.78571428571428,élevée,16.785714285714285,faible,exploratoire_poids_non_calibres,0.42857142857142855,0.4035714285714286,0.5071428571428571,0.8607142857142858,0.7892857142857143,0.5107142857142857,0.35,0.55,0.35,0.21071428571428572,0.1392857142857143,1.6749952065707148,0.9974338532920504,5,9.534727140111624,4,-89.53893657747216,"[2021, 2022, 2023, 2024]",[2025],disponible_2021_2024,pending_hpc_battery,pending_hpc_battery,pending_hpc_battery,pending_npz_extraction,1652.4586978024945,5.548654742935618,1729.3252909726605,40.35714285714286,4.91801255888854,"HERALD prévoit 1652 créations en 2026 (p40 national). Le signal sectoriel est porté principalement par GI et MN. La zone présente une forte dépendance au pôle La Roche-sur-Yon (concentration mobilité top3 = 0.65). HERALD est 4.4% en dessous de la baseline Ridge AR. → Score d'opportunité élevée, risque faible: zone candidate à l'opportunité. Note: baselines ARIMA/LSTM pending_hpc_battery — comparaison actuelle limitée à Ridge AR."
7511,Guéret,66.42857142857143,élevée,1.7857142857142856,faible,exploratoire_poids_non_calibres,0.6607142857142857,0.44642857142857145,0.32857142857142857,0.625,0.7571428571428571,0.2785714285714286,0.3357142857142857,0.16071428571428573,0.2357142857142857,0.24285714285714285,0.375,2.1651208815175016,1.5924408545640438,5,9.212295305446647,4,-82.71396213685709,"[2021, 2022, 2023, 2024]",[2025],disponible_2021_2024,pending_hpc_battery,pending_hpc_battery,pending_hpc_battery,pending_npz_extraction,1803.42187254099,6.293737088367306,1895.8465284552967,44.642857142857146,7.155191475994657,"HERALD prévoit 1803 créations en 2026 (p45 national). Le signal sectoriel est porté principalement par GI et BE. La zone présente une forte dépendance au pôle Limoges (concentration mobilité top3 = 0.61). HERALD est 4.9% en dessous de la baseline Ridge AR. → Score d'opportunité élevée, risque faible: zone candidate à l'opportunité. Note: baselines ARIMA/LSTM pending_hpc_battery — comparaison actuelle limitée à Ridge AR."
8434,Villefranche-sur-Saône,66.07142857142857,élevée,77.85714285714286,très élevé,exploratoire_poids_non_calibres,0.5142857142857142,0.7142857142857143,0.19642857142857142,0.9214285714285715,0.4178571428571428,0.625,0.775,0.5035714285714286,0.9535714285714286,0.5821428571428572,0.07857142857142857,1.525149764052537,1.3282137373311258,5,4.5764337257488,4,-70.97710101518399,"[2021, 2022, 2023, 2024]",[2025],disponible_2021_2024,pending_hpc_battery,pending_hpc_battery,pending_hpc_battery,pending_npz_extraction,3476.872674292334,19.304771935159632,3596.849653357276,71.42857142857143,3.4475654356540932,HERALD prévoit 3477 créations en 2026 (p71 national). Le signal sectoriel est porté principalement par GI et MN. La zone présente une forte dépendance au pôle Lyon (concentration mobilité top3 = 0.90). HERALD est 3.3% en dessous de la baseline Ridge AR. → Score de risque très élevé: zone à surveiller. Note: baselines ARIMA/LSTM pending_hpc_battery — comparaison actuelle limitée à Ridge AR.
2402,Bourges,65.71428571428571,élevée,50.71428571428571,élevé,exploratoire_poids_non_calibres,0.6178571428571429,0.6214285714285714,0.5857142857142857,0.4178571428571428,0.5964285714285714,0.37857142857142856,0.6428571428571429,0.8142857142857143,0.10714285714285714,0.4035714285714286,0.5821428571428572,2.8690926714733145,1.9676357613267101,5,6.072969713605031,4,-67.60010581118667,"[2021, 2022, 2023, 2024]",[2025],disponible_2021_2024,pending_hpc_battery,pending_hpc_battery,pending_hpc_battery,pending_npz_extraction,2690.2999866872115,11.698102663051761,2761.693586769609,62.142857142857146,6.126232216458045,HERALD prévoit 2690 créations en 2026 (p62 national). Le signal sectoriel est porté principalement par GI et MN. HERALD est 2.6% en dessous de la baseline Ridge AR. → Score de risque élevé: zone à surveiller. Note: baselines ARIMA/LSTM pending_hpc_battery — comparaison actuelle limitée à Ridge AR.
5318,Vannes,65.35714285714286,élevée,22.857142857142858,faible,exploratoire_poids_non_calibres,0.4357142857142857,0.7642857142857142,0.225,0.9142857142857143,0.4464285714285714,0.525,0.75,0.0035714285714285713,0.06428571428571428,0.5535714285714286,0.08571428571428572,1.5493428200257264,1.2849768390752943,5,4.547441108585909,4,-71.74285915106935,"[2021, 2022, 2023, 2024]",[2025],disponible_2021_2024,pending_hpc_battery,pending_hpc_battery,pending_hpc_battery,pending_npz_extraction,3931.990329812192,20.314472489980314,4040.180558846616,76.42857142857142,4.629865082815118,"HERALD prévoit 3932 créations en 2026 (p76 national). Le signal sectoriel est porté principalement par GI et MN. HERALD est 2.7% en dessous de la baseline Ridge AR. → Score d'opportunité élevée, risque faible: zone candidate à l'opportunité. Note: baselines ARIMA/LSTM pending_hpc_battery — comparaison actuelle limitée à Ridge AR."
2718,Vesoul,65.0,élevée,17.857142857142858,faible,exploratoire_poids_non_calibres,0.6642857142857143,0.40714285714285714,0.35,0.5357142857142857,0.8357142857142857,0.17142857142857137,0.39285714285714285,0.8892857142857142,0.5964285714285714,0.16428571428571428,0.4642857142857143,2.392078661222651,1.8649098570873435,5,8.132743961033873,4,-77.06911878668971,"[2021, 2022, 2023, 2024]",[2025],disponible_2021_2024,pending_hpc_battery,pending_hpc_battery,pending_hpc_battery,pending_npz_extraction,1664.1744923303481,5.0264991382918085,1753.1822262475846,40.714285714285715,8.911943215336919,"HERALD prévoit 1664 créations en 2026 (p41 national). Le signal sectoriel est porté principalement par GI et MN. La zone présente une forte dépendance au pôle Besançon (concentration mobilité top3 = 0.76). HERALD est 5.1% en dessous de la baseline Ridge AR. → Score d'opportunité élevée, risque faible: zone candidate à l'opportunité. Note: baselines ARIMA/LSTM pending_hpc_battery — comparaison actuelle limitée à Ridge AR."
8431,Valence,64.64285714285715,élevée,6.428571428571428,faible,exploratoire_poids_non_calibres,0.19285714285714287,0.8392857142857143,0.25,0.8321428571428572,0.8964285714285715,0.4357142857142857,0.825,0.10357142857142858,0.22857142857142856,0.10357142857142858,0.16785714285714284,1.7172769629591733,1.5693027347044095,5,4.553792693141334,4,-65.53855565124857,"[2021, 2022, 2023, 2024]",[2025],disponible_2021_2024,pending_hpc_battery,pending_hpc_battery,pending_hpc_battery,pending_npz_extraction,5448.2264487744405,14.491770516972359,5552.913549757106,83.92857142857143,5.463152318514141,"HERALD prévoit 5448 créations en 2026 (p84 national). Le signal sectoriel est porté principalement par GI et MN. La zone présente une forte dépendance au pôle Romans-sur-Isère (concentration mobilité top3 = 0.61). HERALD est 1.9% en dessous de la baseline Ridge AR. → Score d'opportunité élevée, risque faible: zone candidate à l'opportunité. Note: baselines ARIMA/LSTM pending_hpc_battery — comparaison actuelle limitée à Ridge AR."
7623,Sète,64.28571428571429,élevée,35.35714285714286,modéré,exploratoire_poids_non_calibres,0.2714285714285714,0.5392857142857143,0.5821428571428572,0.7214285714285714,0.9392857142857143,0.6357142857142857,0.44642857142857145,0.2571428571428571,0.9678571428571429,0.060714285714285714,0.2785714285714286,1.9402930586627263,1.2851464203753062,5,7.059582051236878,4,-81.79571522721885,"[2021, 2022, 2023, 2024]",[2025],disponible_2021_2024,pending_hpc_battery,pending_hpc_battery,pending_hpc_battery,pending_npz_extraction,2248.2716349892426,5.317583991743489,2320.0452876381682,53.92857142857142,3.368810804103106,"HERALD prévoit 2248 créations en 2026 (p54 national). Le signal sectoriel est porté principalement par GI et MN. La zone présente une forte dépendance au pôle Montpellier (concentration mobilité top3 = 0.91). HERALD est 3.1% en dessous de la baseline Ridge AR. → Score d'opportunité élevée, risque modéré: zone candidate à l'opportunité. Note: baselines ARIMA/LSTM pending_hpc_battery — comparaison actuelle limitée à Ridge AR."
8426,Roanne,63.92857142857142,élevée,23.214285714285715,faible,exploratoire_poids_non_calibres,0.6785714285714286,0.5035714285714286,0.5214285714285715,0.4357142857142857,0.6071428571428572,0.23928571428571432,0.5964285714285714,0.5428571428571428,0.19642857142857142,0.39285714285714285,0.5642857142857143,2.7798044742106045,1.972674692009432,5,6.460648252309962,4,-69.46630407708521,"[2021, 2022, 2023, 2024]",[2025],disponible_2021_2024,pending_hpc_battery,pending_hpc_battery,pending_hpc_battery,pending_npz_extraction,2155.708041241417,9.286219331628612,2231.899937680016,50.357142857142854,7.677724337733119,"HERALD prévoit 2156 créations en 2026 (p50 national). Le signal sectoriel est porté principalement par GI et MN. HERALD est 3.4% en dessous de la baseline Ridge AR. → Score d'opportunité élevée, risque faible: zone candidate à l'opportunité. Note: baselines ARIMA/LSTM pending_hpc_battery — comparaison actuelle limitée à Ridge AR."
2401,Blois,63.57142857142857,élevée,50.357142857142854,élevé,exploratoire_poids_non_calibres,0.525,0.6071428571428571,0.6,0.4285714285714286,0.6892857142857143,0.30000000000000004,0.6892857142857143,0.7857142857142857,0.5035714285714286,0.3107142857142857,0.5714285714285714,2.802379461083168,2.261049179082035,5,5.556009503223375,4,-59.30444003434003,"[2021, 2022, 2023, 2024]",[2025],disponible_2021_2024,pending_hpc_battery,pending_hpc_battery,pending_hpc_battery,pending_npz_extraction,2647.852556596602,9.965821036443591,2718.2298347338087,60.71428571428571,6.7682482498629835,HERALD prévoit 2648 créations en 2026 (p61 national). Le signal sectoriel est porté principalement par GI et MN. La zone présente une forte dépendance au pôle Tours (concentration mobilité top3 = 0.72). HERALD est 2.6% en dessous de la baseline Ridge AR. → Score de risque élevé: zone à surveiller. Note: baselines ARIMA/LSTM pending_hpc_battery — comparaison actuelle limitée à Ridge AR.
7608,Carcassonne-Limoux,63.21428571428571,élevée,38.92857142857143,modéré,exploratoire_poids_non_calibres,0.325,0.725,0.29642857142857143,0.9464285714285714,0.5357142857142857,0.5142857142857142,0.6785714285714286,0.26785714285714285,0.49642857142857144,0.4642857142857143,0.05357142857142857,1.399149963507368,1.2240166026690402,5,4.604985051185871,4,-73.41974861886179,"[2021, 2022, 2023, 2024]",[2025],disponible_2021_2024,pending_hpc_battery,pending_hpc_battery,pending_hpc_battery,pending_npz_extraction,3554.9327111235007,16.434261065732517,3653.14921579269,72.5,4.8034407760466,"HERALD prévoit 3555 créations en 2026 (p72 national). Le signal sectoriel est porté principalement par GI et MN. La zone présente une forte dépendance au pôle Toulouse (concentration mobilité top3 = 0.72). HERALD est 2.7% en dessous de la baseline Ridge AR. → Score d'opportunité élevée, risque modéré: zone candidate à l'opportunité. Note: baselines ARIMA/LSTM pending_hpc_battery — comparaison actuelle limitée à Ridge AR."
7621,Rodez,62.857142857142854,élevée,27.500000000000004,modéré,exploratoire_poids_non_calibres,0.5392857142857143,0.575,0.5285714285714286,0.46071428571428574,0.7214285714285714,0.5678571428571428,0.5928571428571429,0.05,0.33214285714285713,0.2785714285714286,0.5392857142857143,2.7279968895753415,1.8939097758030354,5,6.166923426566852,4,-69.28922827800731,"[2021, 2022, 2023, 2024]",[2025],disponible_2021_2024,pending_hpc_battery,pending_hpc_battery,pending_hpc_battery,pending_npz_extraction,2401.4432952058096,8.593906262861118,2477.076095117309,57.49999999999999,4.229309687752152,"HERALD prévoit 2401 créations en 2026 (p57 national). Le signal sectoriel est porté principalement par GI et BE. La zone présente une forte dépendance au pôle Figeac-Villefranche (concentration mobilité top3 = 0.64). HERALD est 3.1% en dessous de la baseline Ridge AR. → Score d'opportunité élevée, risque modéré: zone candidate à l'opportunité. Note: baselines ARIMA/LSTM pending_hpc_battery — comparaison actuelle limitée à Ridge AR."
3217,Maubeuge,62.5,élevée,67.14285714285714,élevé,exploratoire_poids_non_calibres,0.42142857142857143,0.5892857142857143,0.4607142857142857,0.6964285714285714,0.6678571428571429,0.5892857142857143,0.6642857142857143,0.9964285714285714,0.3464285714285714,0.33214285714285713,0.30357142857142855,1.9905020818487855,1.5543846206475687,5,5.802107821767825,4,-73.21000111690499,"[2021, 2022, 2023, 2024]",[2025],disponible_2021_2024,pending_hpc_battery,pending_hpc_battery,pending_hpc_battery,pending_npz_extraction,2504.6122476249493,9.705740042526466,2584.9592740684307,58.92857142857143,4.055348883462788,HERALD prévoit 2505 créations en 2026 (p59 national). Le signal sectoriel est porté principalement par GI et MN. La zone présente une forte dépendance au pôle Valenciennes (concentration mobilité top3 = 0.65). HERALD est 3.1% en dessous de la baseline Ridge AR. → Score de risque élevé: zone à surveiller. Note: baselines ARIMA/LSTM pending_hpc_battery — comparaison actuelle limitée à Ridge AR.
5310,Morlaix,62.142857142857146,élevée,12.142857142857142,faible,exploratoire_poids_non_calibres,0.8785714285714286,0.43214285714285716,0.2714285714285714,0.4714285714285714,0.43214285714285716,0.08214285714285718,0.3607142857142857,0.30357142857142855,0.6964285714285714,0.5678571428571428,0.5285714285714286,2.7045856851744823,2.3320058742305316,5,10.894544536496204,4,-78.59473733465016,"[2021, 2022, 2023, 2024]",[2025],disponible_2021_2024,pending_hpc_battery,pending_hpc_battery,pending_hpc_battery,pending_npz_extraction,1742.7997110087242,9.451705934466913,1843.05144669598,43.214285714285715,10.373635909355555,"HERALD prévoit 1743 créations en 2026 (p43 national). Le signal sectoriel est porté principalement par GI et MN. La zone présente une forte dépendance au pôle Brest (concentration mobilité top3 = 0.80). HERALD est 5.4% en dessous de la baseline Ridge AR. → Score d'opportunité élevée, risque faible: zone candidate à l'opportunité. Note: baselines ARIMA/LSTM pending_hpc_battery — comparaison actuelle limitée à Ridge AR."
1105,Fontainebleau-Nemours,61.78571428571429,élevée,43.57142857142857,modéré,exploratoire_poids_non_calibres,0.20714285714285716,0.7178571428571429,0.3,0.8178571428571428,0.8821428571428571,0.5928571428571429,0.7642857142857142,0.44642857142857145,0.5642857142857143,0.11785714285714285,0.18214285714285713,1.732009598319466,1.6081930152111488,5,4.614633943022424,4,-65.15014982623218,"[2021, 2022, 2023, 2024]",[2025],disponible_2021_2024,pending_hpc_battery,pending_hpc_battery,pending_hpc_battery,pending_npz_extraction,3514.5567900855203,9.71789150130958,3612.1881316382555,71.78571428571429,3.950215619210894,"HERALD prévoit 3515 créations en 2026 (p72 national). Le signal sectoriel est porté principalement par GI et MN. La zone présente une forte dépendance au pôle Melun (concentration mobilité top3 = 0.75). HERALD est 2.7% en dessous de la baseline Ridge AR. → Score d'opportunité élevée, risque modéré: zone candidate à l'opportunité. Note: baselines ARIMA/LSTM pending_hpc_battery — comparaison actuelle limitée à Ridge AR."
7510,0Dax,61.42857142857143,élevée,59.285714285714285,élevé,exploratoire_poids_non_calibres,0.4107142857142857,0.6964285714285714,0.19285714285714287,0.7714285714285715,0.65,0.7071428571428571,0.7428571428571429,0.22857142857142856,0.7464285714285714,0.35,0.22857142857142856,1.8341165552670275,1.375128996270937,5,4.339841478117218,4,-68.31384272433107,"[2021, 2022, 2023, 2024]",[2025],disponible_2021_2024,pending_hpc_battery,pending_hpc_battery,pending_hpc_battery,pending_npz_extraction,3300.6708969069937,13.420164037562897,3421.5402008010365,69.64285714285714,2.3463844002168583,HERALD prévoit 3301 créations en 2026 (p70 national). Le signal sectoriel est porté principalement par GI et MN. La zone présente une forte dépendance au pôle Bayonne (concentration mobilité top3 = 0.82). HERALD est 3.5% en dessous de la baseline Ridge AR. → Score de risque élevé: zone à surveiller. Note: baselines ARIMA/LSTM pending_hpc_battery — comparaison actuelle limitée à Ridge AR.
8435,Voiron,61.07142857142858,élevée,49.28571428571429,modéré,exploratoire_poids_non_calibres,0.37857142857142856,0.7285714285714285,0.30714285714285716,0.8535714285714285,0.4357142857142857,0.5,0.7392857142857143,0.06428571428571428,0.7821428571428571,0.5642857142857143,0.14642857142857144,1.6824814197639817,1.3670536646418499,5,4.899706115827974,4,-72.09927223541571,"[2021, 2022, 2023, 2024]",[2025],disponible_2021_2024,pending_hpc_battery,pending_hpc_battery,pending_hpc_battery,pending_npz_extraction,3563.9825972311382,19.2160042370406,3658.3142859213235,72.85714285714285,5.0392748962905465,"HERALD prévoit 3564 créations en 2026 (p73 national). Le signal sectoriel est porté principalement par GI et MN. La zone présente une forte dépendance au pôle Grenoble (concentration mobilité top3 = 0.83). HERALD est 2.6% en dessous de la baseline Ridge AR. → Score d'opportunité élevée, risque modéré: zone candidate à l'opportunité. Note: baselines ARIMA/LSTM pending_hpc_battery — comparaison actuelle limitée à Ridge AR."
7604,Auch,60.71428571428571,élevée,22.5,faible,exploratoire_poids_non_calibres,0.32857142857142857,0.6321428571428571,0.4142857142857143,0.6178571428571429,0.8535714285714285,0.5535714285714286,0.6321428571428571,0.09285714285714286,0.5285714285714286,0.14642857142857144,0.3821428571428571,2.171081480104793,1.6756029592559187,5,5.6899532896878044,4,-70.55155158667647,"[2021, 2022, 2023, 2024]",[2025],disponible_2021_2024,pending_hpc_battery,pending_hpc_battery,pending_hpc_battery,pending_npz_extraction,2764.721197401698,8.172585698880342,2849.1075034014543,63.21428571428571,4.289747167170811,"HERALD prévoit 2765 créations en 2026 (p63 national). Le signal sectoriel est porté principalement par GI et MN. La zone présente une forte dépendance au pôle Toulouse (concentration mobilité top3 = 0.73). HERALD est 3.0% en dessous de la baseline Ridge AR. → Score d'opportunité élevée, risque faible: zone candidate à l'opportunité. Note: baselines ARIMA/LSTM pending_hpc_battery — comparaison actuelle limitée à Ridge AR."
8415,Le Chablais,60.357142857142854,élevée,31.428571428571427,modéré,exploratoire_poids_non_calibres,0.6,0.6107142857142858,0.30357142857142855,0.44285714285714284,0.6821428571428572,0.30714285714285716,0.6928571428571428,0.1357142857142857,0.8285714285714286,0.31785714285714284,0.5571428571428572,2.7747956494583854,2.378066032690241,5,5.710447917214695,4,-58.355875630678064,"[2021, 2022, 2023, 2024]",[2025],disponible_2021_2024,pending_hpc_battery,pending_hpc_battery,pending_hpc_battery,pending_npz_extraction,2654.1388188157393,10.128666525622608,2749.7225201402025,61.07142857142858,6.720499349245651,"HERALD prévoit 2654 créations en 2026 (p61 national). Le signal sectoriel est porté principalement par GI et MN. La zone présente une forte dépendance au pôle Le Genevois Français (concentration mobilité top3 = 0.85). HERALD est 3.5% en dessous de la baseline Ridge AR. → Score d'opportunité élevée, risque modéré: zone candidate à l'opportunité. Note: baselines ARIMA/LSTM pending_hpc_battery — comparaison actuelle limitée à Ridge AR."
3219,Saint-Omer,60.0,élevée,73.21428571428571,élevé,exploratoire_poids_non_calibres,0.5571428571428572,0.4714285714285714,0.5428571428571428,0.5892857142857143,0.5107142857142857,0.5964285714285714,0.5821428571428572,0.9178571428571428,0.34285714285714286,0.48928571428571427,0.4107142857142857,2.2771657639440006,1.5251735405423779,5,7.640361194432865,4,-80.03793928415725,"[2021, 2022, 2023, 2024]",[2025],disponible_2021_2024,pending_hpc_battery,pending_hpc_battery,pending_hpc_battery,pending_npz_extraction,1936.5452702421728,9.015695174320687,2010.221658410508,47.14285714285714,3.8919136396015466,HERALD prévoit 1937 créations en 2026 (p47 national). Le signal sectoriel est porté principalement par GI et MN. La zone présente une forte dépendance au pôle Lille (concentration mobilité top3 = 0.65). HERALD est 3.7% en dessous de la baseline Ridge AR. → Score de risque élevé: zone à surveiller. Note: baselines ARIMA/LSTM pending_hpc_battery — comparaison actuelle limitée à Ridge AR.
2805,Cherbourg-en-Cotentin,59.64285714285714,élevée,78.92857142857143,très élevé,exploratoire_poids_non_calibres,0.8321428571428572,0.4928571428571429,0.3357142857142857,0.575,0.15714285714285714,0.5464285714285715,0.5071428571428571,0.7928571428571428,0.37142857142857144,0.8428571428571429,0.425,2.3045956865623483,2.012338801223656,5,8.158421629863259,4,-75.33421423259557,"[2021, 2022, 2023, 2024]",[2025],disponible_2021_2024,pending_hpc_battery,pending_hpc_battery,pending_hpc_battery,pending_npz_extraction,2050.006284684704,18.193868103803624,2141.311979264782,49.28571428571429,4.326019576829722,HERALD prévoit 2050 créations en 2026 (p49 national). Le signal sectoriel est porté principalement par GI et MN. La zone présente une forte dépendance au pôle Saint-Lô (concentration mobilité top3 = 0.66). HERALD est 4.3% en dessous de la baseline Ridge AR. → Score de risque très élevé: zone à surveiller. Note: baselines ARIMA/LSTM pending_hpc_battery — comparaison actuelle limitée à Ridge AR.
5216,Nantes,59.285714285714285,élevée,15.714285714285714,faible,exploratoire_poids_non_calibres,0.23214285714285715,0.9642857142857143,0.02142857142857143,0.6392857142857142,0.9535714285714285,0.55,0.9714285714285714,0.11785714285714285,0.0035714285714285713,0.04642857142857143,0.3607142857142857,2.101495588024298,2.1952966270275156,5,8.090898163498592,4,-72.86708369496712,"[2021, 2022, 2023, 2024]",[2025],disponible_2021_2024,pending_hpc_battery,pending_hpc_battery,pending_hpc_battery,pending_npz_extraction,18083.986098639198,40.72280034156625,18562.015621344275,96.42857142857143,4.302607559344779,"HERALD prévoit 18084 créations en 2026 (p96 national). Le signal sectoriel est porté principalement par GI et MN. HERALD est 2.6% en dessous de la baseline Ridge AR. → Score d'opportunité élevée, risque faible: zone candidate à l'opportunité. Note: baselines ARIMA/LSTM pending_hpc_battery — comparaison actuelle limitée à Ridge AR."
5313,Quimper,58.92857142857143,élevée,47.14285714285714,modéré,exploratoire_poids_non_calibres,0.46785714285714286,0.7785714285714286,0.17142857142857143,0.775,0.3857142857142857,0.6071428571428572,0.7178571428571429,0.007142857142857143,0.30714285714285716,0.6142857142857143,0.225,1.827949720069632,1.754407609405372,5,4.904427951301918,4,-64.22808884490492,"[2021, 2022, 2023, 2024]",[2025],disponible_2021_2024,pending_hpc_battery,pending_hpc_battery,pending_hpc_battery,pending_npz_extraction,4222.53764743674,24.7542294434572,4352.399205969456,77.85714285714286,3.67143745241199,"HERALD prévoit 4223 créations en 2026 (p78 national). Le signal sectoriel est porté principalement par GI et MN. La zone présente une forte dépendance au pôle Brest (concentration mobilité top3 = 0.63). HERALD est 3.0% en dessous de la baseline Ridge AR. → Score d'opportunité élevée, risque modéré: zone candidate à l'opportunité. Note: baselines ARIMA/LSTM pending_hpc_battery — comparaison actuelle limitée à Ridge AR."
7524,Poitiers,58.57142857142858,élevée,43.214285714285715,modéré,exploratoire_poids_non_calibres,0.3535714285714286,0.8107142857142857,0.13214285714285715,0.75,0.6321428571428571,0.6321428571428571,0.8142857142857143,0.22142857142857142,0.13214285714285715,0.3678571428571429,0.25,1.8936657331926667,1.773029419273008,5,3.9520391698641726,4,-55.13633992312011,"[2021, 2022, 2023, 2024]",[2025],disponible_2021_2024,pending_hpc_battery,pending_hpc_battery,pending_hpc_battery,pending_npz_extraction,4828.519163008148,19.933437690735364,4982.651834364349,81.07142857142857,3.3722792337432685,"HERALD prévoit 4829 créations en 2026 (p81 national). Le signal sectoriel est porté principalement par GI et MN. HERALD est 3.1% en dessous de la baseline Ridge AR. → Score d'opportunité élevée, risque modéré: zone candidate à l'opportunité. Note: baselines ARIMA/LSTM pending_hpc_battery — comparaison actuelle limitée à Ridge AR."
5212,Le Mans,58.214285714285715,élevée,85.71428571428571,très élevé,exploratoire_poids_non_calibres,0.5035714285714286,0.8071428571428572,0.04285714285714286,0.9535714285714285,0.15357142857142858,0.8928571428571429,0.8,0.5142857142857142,0.08571428571428572,0.8464285714285714,0.04642857142857143,1.352566714485806,1.4799801999337772,5,4.474478154395825,4,-66.92395964700795,"[2021, 2022, 2023, 2024]",[2025],disponible_2021_2024,pending_hpc_battery,pending_hpc_battery,pending_hpc_battery,pending_npz_extraction,4757.461881434976,42.48957690368825,5070.250599086343,80.71428571428572,-1.2564989324413445,HERALD prévoit 4757 créations en 2026 (p81 national). Le signal sectoriel est porté principalement par GI et MN. HERALD est 6.2% en dessous de la baseline Ridge AR. → Score de risque très élevé: zone à surveiller. Note: baselines ARIMA/LSTM pending_hpc_battery — comparaison actuelle limitée à Ridge AR.
5319,Vitré,57.85714285714286,élevée,48.57142857142857,modéré,exploratoire_poids_non_calibres,0.9071428571428571,0.29642857142857143,0.38571428571428573,0.3285714285714286,0.5,0.47857142857142854,0.4035714285714286,0.060714285714285714,0.9357142857142857,0.5,0.6714285714285714,3.5115810442034174,3.315793400189426,5,12.29985431824165,4,-73.0420107881128,"[2021, 2022, 2023, 2024]",[2025],disponible_2021_2024,pending_hpc_battery,pending_hpc_battery,pending_hpc_battery,pending_npz_extraction,1308.0716582121827,6.342337463661189,1394.0268591704346,29.642857142857142,5.150454840207611,"HERALD prévoit 1308 créations en 2026 (p30 national). Le signal sectoriel est porté principalement par GI et MN. La zone présente une forte dépendance au pôle Rennes (concentration mobilité top3 = 0.89). HERALD est 6.2% en dessous de la baseline Ridge AR. → Score d'opportunité élevée, risque modéré: zone candidate à l'opportunité. Note: baselines ARIMA/LSTM pending_hpc_battery — comparaison actuelle limitée à Ridge AR."
9301,Aix-en-Provence,57.49999999999999,élevée,47.5,modéré,exploratoire_poids_non_calibres,0.10357142857142858,0.9178571428571428,0.039285714285714285,0.9857142857142858,0.7464285714285714,0.6035714285714286,0.9285714285714286,0.21785714285714286,0.6535714285714286,0.25357142857142856,0.014285714285714285,1.1201737030228758,1.2908914289262854,5,6.107775670452564,4,-78.8647864856727,"[2021, 2022, 2023, 2024]",[2025],disponible_2021_2024,pending_hpc_battery,pending_hpc_battery,pending_hpc_battery,pending_npz_extraction,10617.908647061467,37.32934988317493,10943.828761197208,91.78571428571428,3.680389093462235,"HERALD prévoit 10618 créations en 2026 (p92 national). Le signal sectoriel est porté principalement par GI et MN. La zone présente une forte dépendance au pôle Marseille (concentration mobilité top3 = 0.78). HERALD est 3.0% en dessous de la baseline Ridge AR. → Score d'opportunité élevée, risque modéré: zone candidate à l'opportunité. Note: baselines ARIMA/LSTM pending_hpc_battery — comparaison actuelle limitée à Ridge AR."
4417,Saint-Dié-des-Vosges,57.14285714285714,élevée,18.928571428571427,faible,exploratoire_poids_non_calibres,0.9607142857142857,0.34285714285714286,0.16071428571428573,0.6428571428571428,0.11785714285714288,0.050000000000000044,0.2392857142857143,0.6714285714285714,0.21428571428571427,0.8821428571428571,0.35714285714285715,2.0982408660027874,2.2175360830435182,5,13.1290900186384,4,-83.10975033383544,"[2021, 2022, 2023, 2024]",[2025],disponible_2021_2024,pending_hpc_battery,pending_hpc_battery,pending_hpc_battery,pending_npz_extraction,1455.7746706682765,14.825388385714737,1597.8299395281397,34.285714285714285,11.810650588961327,"HERALD prévoit 1456 créations en 2026 (p34 national). Le signal sectoriel est porté principalement par GI et MN. La zone présente une forte dépendance au pôle Nancy (concentration mobilité top3 = 0.60). HERALD est 8.9% en dessous de la baseline Ridge AR. → Score d'opportunité élevée, risque faible: zone candidate à l'opportunité. Note: baselines ARIMA/LSTM pending_hpc_battery — comparaison actuelle limitée à Ridge AR."
5213,Les Herbiers-Montaigu,56.785714285714285,élevée,61.78571428571429,élevé,exploratoire_poids_non_calibres,0.6321428571428571,0.44285714285714284,0.65,0.40714285714285714,0.4642857142857143,0.65,0.5392857142857143,0.15,0.7107142857142857,0.5357142857142857,0.5928571428571429,2.9226984787605703,2.172433596380862,5,8.08328526614061,4,-73.12437301352229,"[2021, 2022, 2023, 2024]",[2025],disponible_2021_2024,pending_hpc_battery,pending_hpc_battery,pending_hpc_battery,pending_npz_extraction,1787.526766714963,9.058908282780791,1853.4888989781462,44.285714285714285,3.1463800758778455,HERALD prévoit 1788 créations en 2026 (p44 national). Le signal sectoriel est porté principalement par GI et MN. La zone présente une forte dépendance au pôle La Roche-sur-Yon (concentration mobilité top3 = 0.80). HERALD est 3.6% en dessous de la baseline Ridge AR. → Score de risque élevé: zone à surveiller. Note: baselines ARIMA/LSTM pending_hpc_battery — comparaison actuelle limitée à Ridge AR.
9311,Manosque,56.42857142857143,élevée,20.0,faible,exploratoire_poids_non_calibres,0.16071428571428573,0.4642857142857143,0.6607142857142857,0.7678571428571428,0.875,0.5428571428571429,0.4142857142857143,0.43214285714285716,0.5071428571428571,0.125,0.23214285714285715,1.8349038600322198,1.2564851884860158,5,7.523954368492631,4,-83.30020190250379,"[2021, 2022, 2023, 2024]",[2025],disponible_2021_2024,pending_hpc_battery,pending_hpc_battery,pending_hpc_battery,pending_npz_extraction,1894.006486640087,5.304715841851704,1958.0109555579336,46.42857142857143,4.3529744705282045,"HERALD prévoit 1894 créations en 2026 (p46 national). Le signal sectoriel est porté principalement par GI et MN. La zone présente une forte dépendance au pôle Aix-en-Provence (concentration mobilité top3 = 0.73). HERALD est 3.3% en dessous de la baseline Ridge AR. → Score d'opportunité élevée, risque faible: zone candidate à l'opportunité. Note: baselines ARIMA/LSTM pending_hpc_battery — comparaison actuelle limitée à Ridge AR."
2713,Lons-le-Saunier,56.07142857142857,élevée,29.642857142857142,modéré,exploratoire_poids_non_calibres,0.40714285714285714,0.5607142857142857,0.4785714285714286,0.6357142857142857,0.6107142857142858,0.5178571428571428,0.4714285714285714,0.4785714285714286,0.03571428571428571,0.3892857142857143,0.36428571428571427,2.116694438183211,1.5713110726378625,5,6.72226508132512,4,-76.62527357031688,"[2021, 2022, 2023, 2024]",[2025],disponible_2021_2024,pending_hpc_battery,pending_hpc_battery,pending_hpc_battery,pending_npz_extraction,2303.5612884060874,9.870417259957192,2381.966938735677,56.07142857142857,4.754947176265914,"HERALD prévoit 2304 créations en 2026 (p56 national). Le signal sectoriel est porté principalement par GI et MN. HERALD est 3.3% en dessous de la baseline Ridge AR. → Score d'opportunité élevée, risque modéré: zone candidate à l'opportunité. Note: baselines ARIMA/LSTM pending_hpc_battery — comparaison actuelle limitée à Ridge AR."
4408,Forbach,55.53571428571429,élevée,60.71428571428571,élevé,exploratoire_poids_non_calibres,0.8107142857142857,0.3464285714285714,0.28214285714285714,0.6464285714285714,0.25357142857142856,0.21785714285714286,0.24285714285714285,0.9642857142857143,0.9571428571428572,0.7464285714285714,0.3535714285714286,2.096131426937173,1.9253892653460545,5,14.308561089943359,4,-86.54379533173817,"[2021, 2022, 2023, 2024]",[2025],disponible_2021_2024,pending_hpc_battery,pending_hpc_battery,pending_hpc_battery,pending_npz_extraction,1456.081134433523,10.623828469775177,1555.7209934423122,34.64285714285714,7.937815747481316,HERALD prévoit 1456 créations en 2026 (p35 national). Le signal sectoriel est porté principalement par GI et MN. La zone présente une forte dépendance au pôle Saint-Avold (concentration mobilité top3 = 0.90). HERALD est 6.4% en dessous de la baseline Ridge AR. → Score de risque élevé: zone à surveiller. Note: baselines ARIMA/LSTM pending_hpc_battery — comparaison actuelle limitée à Ridge AR.
4412,Nancy,55.53571428571429,élevée,77.14285714285715,très élevé,exploratoire_poids_non_calibres,0.24285714285714285,0.8928571428571429,0.025,0.8928571428571429,0.5892857142857143,0.75,0.9,0.8035714285714286,0.23214285714285715,0.4107142857142857,0.10714285714285714,1.6101789253775913,1.853501147873782,5,3.830508693027073,4,-51.61214093449698,"[2021, 2022, 2023, 2024]",[2025],disponible_2021_2024,pending_hpc_battery,pending_hpc_battery,pending_hpc_battery,pending_npz_extraction,8302.224357258478,36.30187731599024,8691.434550129572,89.28571428571429,1.6681895329228207,HERALD prévoit 8302 créations en 2026 (p89 national). Le signal sectoriel est porté principalement par GI et MN. La zone présente une forte dépendance au pôle Metz (concentration mobilité top3 = 0.61). HERALD est 4.5% en dessous de la baseline Ridge AR. → Score de risque très élevé: zone à surveiller. Note: baselines ARIMA/LSTM pending_hpc_battery — comparaison actuelle limitée à Ridge AR.
2715,Pontarlier,55.00000000000001,élevée,48.92857142857142,modéré,exploratoire_poids_non_calibres,0.7892857142857143,0.4607142857142857,0.24285714285714285,0.28928571428571426,0.6571428571428571,0.36071428571428577,0.5571428571428572,0.42142857142857143,0.8035714285714286,0.34285714285714286,0.7107142857142857,3.790657441052095,3.0075120776294475,5,7.666340247786068,4,-60.769911321142125,"[2021, 2022, 2023, 2024]",[2025],disponible_2021_2024,pending_hpc_battery,pending_hpc_battery,pending_hpc_battery,pending_npz_extraction,1880.9374455580503,7.626703334916729,1985.9721020827085,46.07142857142857,6.207647970527966,"HERALD prévoit 1881 créations en 2026 (p46 national). Le signal sectoriel est porté principalement par GI et MN. La zone présente une forte dépendance au pôle Besançon (concentration mobilité top3 = 0.84). HERALD est 5.3% en dessous de la baseline Ridge AR. → Score d'opportunité élevée, risque modéré: zone candidate à l'opportunité. Note: baselines ARIMA/LSTM pending_hpc_battery — comparaison actuelle limitée à Ridge AR."
8421,Lyon,54.64285714285714,élevée,64.46428571428572,élevé,exploratoire_poids_non_calibres,0.3392857142857143,0.9964285714285714,0.010714285714285714,0.8464285714285714,0.32499999999999996,0.4571428571428572,0.9964285714285714,0.7035714285714286,0.08928571428571429,0.675,0.15357142857142858,1.688938429157303,1.4870848251074842,5,6.281153979579544,4,-76.32465578869588,"[2021, 2022, 2023, 2024]",[2025],disponible_2021_2024,pending_hpc_battery,pending_hpc_battery,pending_hpc_battery,pending_npz_extraction,48574.44908345033,308.6869345897101,49393.687849929825,99.64285714285714,5.324159421172034,HERALD prévoit 48574 créations en 2026 (p100 national). Le signal sectoriel est porté principalement par GI et MN. HERALD est 1.7% en dessous de la baseline Ridge AR. → Score de risque élevé: zone à surveiller. Note: baselines ARIMA/LSTM pending_hpc_battery — comparaison actuelle limitée à Ridge AR.
3203,Arras,54.285714285714285,élevée,53.214285714285715,élevé,exploratoire_poids_non_calibres,0.3142857142857143,0.5678571428571428,0.3678571428571429,0.8071428571428572,0.6357142857142857,0.5321428571428571,0.6178571428571429,0.8571428571428571,0.19285714285714287,0.36428571428571427,0.19285714285714287,1.757329883993058,1.425126341370918,5,6.113341621553597,4,-76.68825939079865,"[2021, 2022, 2023, 2024]",[2025],disponible_2021_2024,pending_hpc_battery,pending_hpc_battery,pending_hpc_battery,pending_npz_extraction,2367.599717766374,9.747319557620845,2454.9982422414714,56.785714285714285,4.483659212990906,HERALD prévoit 2368 créations en 2026 (p57 national). Le signal sectoriel est porté principalement par GI et MN. HERALD est 3.6% en dessous de la baseline Ridge AR. → Score de risque élevé: zone à surveiller. Note: baselines ARIMA/LSTM pending_hpc_battery — comparaison actuelle limitée à Ridge AR.
7606,Béziers,53.92857142857142,élevée,68.21428571428572,élevé,exploratoire_poids_non_calibres,0.44285714285714284,0.825,0.11785714285714285,0.5964285714285714,0.5535714285714286,0.6285714285714286,0.7285714285714285,0.48214285714285715,0.6214285714285714,0.44642857142857145,0.4035714285714286,2.259990181695447,2.4327908349938077,5,4.222086209836254,4,-42.37941353906748,"[2021, 2022, 2023, 2024]",[2025],disponible_2021_2024,pending_hpc_battery,pending_hpc_battery,pending_hpc_battery,pending_npz_extraction,5147.809179669018,23.14429306485769,5312.668989544506,82.5,3.390423371540827,HERALD prévoit 5148 créations en 2026 (p82 national). Le signal sectoriel est porté principalement par GI et MN. La zone présente une forte dépendance au pôle Agde-Pézenas (concentration mobilité top3 = 0.77). HERALD est 3.1% en dessous de la baseline Ridge AR. → Score de risque élevé: zone à surveiller. Note: baselines ARIMA/LSTM pending_hpc_battery — comparaison actuelle limitée à Ridge AR.
5203,Challans,53.57142857142857,élevée,71.78571428571429,élevé,exploratoire_poids_non_calibres,0.36428571428571427,0.5928571428571429,0.22142857142857142,0.9428571428571428,0.4214285714285714,0.8107142857142857,0.6035714285714285,0.2785714285714286,0.75,0.5785714285714286,0.05714285714285714,1.405711306006384,0.8938477681106565,5,5.799322949906439,4,-84.58703238582227,"[2021, 2022, 2023, 2024]",[2025],disponible_2021_2024,pending_hpc_battery,pending_hpc_battery,pending_hpc_battery,pending_npz_extraction,2519.358621306953,13.937043504910266,2628.019139190254,59.285714285714285,0.7743448522781182,HERALD prévoit 2519 créations en 2026 (p59 national). Le signal sectoriel est porté principalement par GI et MN. La zone présente une forte dépendance au pôle Nantes (concentration mobilité top3 = 0.82). HERALD est 4.1% en dessous de la baseline Ridge AR. → Score de risque élevé: zone à surveiller. Note: baselines ARIMA/LSTM pending_hpc_battery — comparaison actuelle limitée à Ridge AR.
7504,Bergerac,53.214285714285715,élevée,12.857142857142856,faible,exploratoire_poids_non_calibres,0.5178571428571429,0.5178571428571429,0.5321428571428571,0.44999999999999996,0.5428571428571429,0.20714285714285718,0.5321428571428571,0.3142857142857143,0.2892857142857143,0.45714285714285713,0.55,2.7351428515582628,1.8906222566046944,5,6.800492260971404,4,-72.1987440901134,"[2021, 2022, 2023, 2024]",[2025],disponible_2021_2024,pending_hpc_battery,pending_hpc_battery,pending_hpc_battery,pending_npz_extraction,2175.175073706253,9.889828767953034,2249.385065924271,51.78571428571429,8.163852496581452,"HERALD prévoit 2175 créations en 2026 (p52 national). Le signal sectoriel est porté principalement par GI et MN. La zone présente une forte dépendance au pôle Périgueux (concentration mobilité top3 = 0.63). HERALD est 3.3% en dessous de la baseline Ridge AR. → Score d'opportunité élevée, risque faible: zone candidate à l'opportunité. Note: baselines ARIMA/LSTM pending_hpc_battery — comparaison actuelle limitée à Ridge AR."
3208,Cambrai,52.85714285714286,élevée,45.357142857142854,modéré,exploratoire_poids_non_calibres,0.33214285714285713,0.4392857142857143,0.6642857142857143,0.47857142857142854,0.8464285714285714,0.46071428571428574,0.48214285714285715,0.9571428571428572,0.2785714285714286,0.15357142857142858,0.5214285714285715,2.6842364996037498,2.0490418753578425,5,7.05161987183951,4,-70.94225280717914,"[2021, 2022, 2023, 2024]",[2025],disponible_2021_2024,pending_hpc_battery,pending_hpc_battery,pending_hpc_battery,pending_npz_extraction,1770.3450308112594,5.290888617142763,1834.2577043799852,43.92857142857143,5.314992909652555,"HERALD prévoit 1770 créations en 2026 (p44 national). Le signal sectoriel est porté principalement par GI et MN. La zone présente une forte dépendance au pôle Valenciennes (concentration mobilité top3 = 0.62). HERALD est 3.5% en dessous de la baseline Ridge AR. → Score d'opportunité élevée, risque modéré: zone candidate à l'opportunité. Note: baselines ARIMA/LSTM pending_hpc_battery — comparaison actuelle limitée à Ridge AR."
7532,Villeneuve-sur-Lot,52.5,élevée,13.571428571428571,faible,exploratoire_poids_non_calibres,0.9178571428571428,0.4107142857142857,0.2,0.25,0.475,0.18571428571428572,0.3,0.24285714285714285,0.48928571428571427,0.525,0.75,4.415762857891223,3.7328549849688315,5,11.803689605438706,4,-68.37552401201002,"[2021, 2022, 2023, 2024]",[2025],disponible_2021_2024,pending_hpc_battery,pending_hpc_battery,pending_hpc_battery,pending_npz_extraction,1677.4797265765694,8.412756003807088,1794.716883253816,41.07142857142857,8.785974486158848,"HERALD prévoit 1677 créations en 2026 (p41 national). Le signal sectoriel est porté principalement par GI et MN. La zone présente une forte dépendance au pôle Agen (concentration mobilité top3 = 0.72). HERALD est 6.5% en dessous de la baseline Ridge AR. → Score d'opportunité élevée, risque faible: zone candidate à l'opportunité. Note: baselines ARIMA/LSTM pending_hpc_battery — comparaison actuelle limitée à Ridge AR."
7602,Albi,52.142857142857146,élevée,58.92857142857143,élevé,exploratoire_poids_non_calibres,0.2785714285714286,0.7821428571428571,0.10714285714285714,0.7607142857142857,0.6642857142857144,0.7321428571428572,0.8035714285714286,0.07142857142857142,0.825,0.3357142857142857,0.2392857142857143,1.857375483982726,1.734571306196741,5,4.307464866311434,4,-59.7310399496749,"[2021, 2022, 2023, 2024]",[2025],disponible_2021_2024,pending_hpc_battery,pending_hpc_battery,pending_hpc_battery,pending_npz_extraction,4239.4401443013285,16.60234938854219,4408.4531585225195,78.21428571428571,2.0077031833813397,HERALD prévoit 4239 créations en 2026 (p78 national). Le signal sectoriel est porté principalement par GI et MN. La zone présente une forte dépendance au pôle Toulouse (concentration mobilité top3 = 0.85). HERALD est 3.8% en dessous de la baseline Ridge AR. → Score de risque élevé: zone à surveiller. Note: baselines ARIMA/LSTM pending_hpc_battery — comparaison actuelle limitée à Ridge AR.
53,Avignon,51.78571428571429,élevée,66.78571428571428,élevé,exploratoire_poids_non_calibres,0.29642857142857143,0.8642857142857143,0.05714285714285714,0.8678571428571429,0.41428571428571426,0.6392857142857142,0.8571428571428571,0.6321428571428571,0.1,0.5857142857142857,0.13214285714285715,1.6608379308484558,1.9025357156207046,5,5.433115359010193,4,-64.9826004068629,"[2021, 2022, 2023, 2024]",[2025],disponible_2021_2024,pending_hpc_battery,pending_hpc_battery,pending_hpc_battery,pending_npz_extraction,6761.593262353752,37.956441277721396,6987.828316369865,86.42857142857143,3.340872113002475,HERALD prévoit 6762 créations en 2026 (p86 national). Le signal sectoriel est porté principalement par GI et MN. HERALD est 3.2% en dessous de la baseline Ridge AR. → Score de risque élevé: zone à surveiller. Note: baselines ARIMA/LSTM pending_hpc_battery — comparaison actuelle limitée à Ridge AR.
5304,Dinan,51.42857142857142,élevée,68.57142857142857,élevé,exploratoire_poids_non_calibres,0.7464285714285714,0.3535714285714286,0.8107142857142857,0.18214285714285716,0.35357142857142854,0.7107142857142856,0.19642857142857142,0.21071428571428572,0.7678571428571429,0.6464285714285715,0.8178571428571428,5.732221060770119,5.840321313727601,5,14.962010829004647,4,-60.96566577531257,"[2021, 2022, 2023, 2024]",[2025],disponible_2021_2024,pending_hpc_battery,pending_hpc_battery,pending_hpc_battery,pending_npz_extraction,1477.3561271545639,9.189891894708754,1516.100093066429,35.35714285714286,2.3099811048866945,HERALD prévoit 1477 créations en 2026 (p35 national). Le signal sectoriel est porté principalement par GI et MN. La zone présente une forte dépendance au pôle Saint-Malo (concentration mobilité top3 = 0.83). HERALD est 2.6% en dessous de la baseline Ridge AR. → Score de risque élevé: zone à surveiller. Note: baselines ARIMA/LSTM pending_hpc_battery — comparaison actuelle limitée à Ridge AR.
5219,Saint-Nazaire,51.07142857142857,élevée,65.35714285714286,élevé,exploratoire_poids_non_calibres,0.3607142857142857,0.75,0.15714285714285714,0.7642857142857142,0.4714285714285714,0.7142857142857143,0.7571428571428571,0.12857142857142856,0.7642857142857142,0.5285714285714286,0.2357142857142857,1.8512747365445246,1.6793194496266985,5,5.1696774443896825,4,-67.51597236595185,"[2021, 2022, 2023, 2024]",[2025],disponible_2021_2024,pending_hpc_battery,pending_hpc_battery,pending_hpc_battery,pending_npz_extraction,3847.731735181321,19.32304128951326,3991.2132476324928,75.0,2.306081764991247,HERALD prévoit 3848 créations en 2026 (p75 national). Le signal sectoriel est porté principalement par GI et MN. La zone présente une forte dépendance au pôle Nantes (concentration mobilité top3 = 0.83). HERALD est 3.6% en dessous de la baseline Ridge AR. → Score de risque élevé: zone à surveiller. Note: baselines ARIMA/LSTM pending_hpc_battery — comparaison actuelle limitée à Ridge AR.
2819,Yvetot-Vallée du Commerce,50.71428571428571,élevée,51.07142857142857,élevé,exploratoire_poids_non_calibres,0.7785714285714286,0.30357142857142855,0.4,0.28214285714285714,0.6,0.2678571428571429,0.3678571428571429,0.6607142857142857,0.9785714285714285,0.4,0.7178571428571429,3.9121933615374047,3.848497766590381,5,11.61840407589887,4,-66.87584851198561,"[2021, 2022, 2023, 2024]",[2025],disponible_2021_2024,pending_hpc_battery,pending_hpc_battery,pending_hpc_battery,pending_npz_extraction,1320.32623838453,5.700894151745798,1405.8435578730553,30.357142857142854,7.343596616628448,HERALD prévoit 1320 créations en 2026 (p30 national). Le signal sectoriel est porté principalement par GI et MN. La zone présente une forte dépendance au pôle Le Havre (concentration mobilité top3 = 0.92). HERALD est 6.1% en dessous de la baseline Ridge AR. → Score de risque élevé: zone à surveiller. Note: baselines ARIMA/LSTM pending_hpc_battery — comparaison actuelle limitée à Ridge AR.
7517,Limoges,50.357142857142854,élevée,64.46428571428572,élevé,exploratoire_poids_non_calibres,0.4714285714285714,0.7964285714285714,0.15357142857142858,0.4535714285714286,0.5571428571428572,0.6178571428571429,0.7892857142857143,0.48928571428571427,0.3107142857142857,0.44285714285714284,0.5464285714285714,2.7311725653576397,2.712333046047751,5,6.029557361998352,4,-55.01605037971123,"[2021, 2022, 2023, 2024]",[2025],disponible_2021_2024,pending_hpc_battery,pending_hpc_battery,pending_hpc_battery,pending_npz_extraction,4624.151579230125,20.769978152301814,4768.1391471317365,79.64285714285714,3.5644250667441257,HERALD prévoit 4624 créations en 2026 (p80 national). Le signal sectoriel est porté principalement par GI et MN. La zone présente une forte dépendance au pôle Saint-Junien (concentration mobilité top3 = 0.63). HERALD est 3.0% en dessous de la baseline Ridge AR. → Score de risque élevé: zone à surveiller. Note: baselines ARIMA/LSTM pending_hpc_battery — comparaison actuelle limitée à Ridge AR.
4420,Sarreguemines,50.0,modérée,13.214285714285715,faible,exploratoire_poids_non_calibres,0.7285714285714285,0.39285714285714285,0.3142857142857143,0.3821428571428571,0.5142857142857142,0.09642857142857142,0.26785714285714285,0.7214285714285714,0.29285714285714287,0.4857142857142857,0.6178571428571429,2.9893405152893258,2.9535618087038857,5,9.775281779840597,4,-69.7854049098107,"[2021, 2022, 2023, 2024]",[2025],disponible_2021_2024,pending_hpc_battery,pending_hpc_battery,pending_hpc_battery,pending_npz_extraction,1584.7204038136472,7.373895341443183,1678.2286359303464,39.285714285714285,10.126504782046364,"HERALD prévoit 1585 créations en 2026 (p39 national). Le signal sectoriel est porté principalement par GI et MN. La zone présente une forte dépendance au pôle Forbach (concentration mobilité top3 = 0.63). HERALD est 5.6% en dessous de la baseline Ridge AR. → Score d'opportunité modérée, risque faible. Note: baselines ARIMA/LSTM pending_hpc_battery — comparaison actuelle limitée à Ridge AR."
3206,Boulogne-sur-Mer,49.642857142857146,modérée,60.357142857142854,élevé,exploratoire_poids_non_calibres,0.4,0.4785714285714286,0.525,0.49642857142857144,0.6928571428571428,0.4714285714285714,0.5535714285714286,0.9535714285714286,0.4714285714285714,0.30714285714285716,0.5035714285714286,2.5939858347236138,1.932033009376275,5,6.618986059839927,4,-70.81074061934194,"[2021, 2022, 2023, 2024]",[2025],disponible_2021_2024,pending_hpc_battery,pending_hpc_battery,pending_hpc_battery,pending_npz_extraction,1966.823222099732,7.362116532844765,2042.9255414356692,47.85714285714286,5.177712411750374,HERALD prévoit 1967 créations en 2026 (p48 national). Le signal sectoriel est porté principalement par GI et MN. La zone présente une forte dépendance au pôle Calais (concentration mobilité top3 = 0.71). HERALD est 3.7% en dessous de la baseline Ridge AR. → Score de risque élevé: zone à surveiller. Note: baselines ARIMA/LSTM pending_hpc_battery — comparaison actuelle limitée à Ridge AR.
4413,Reims,49.28571428571429,modérée,93.21428571428572,très élevé,exploratoire_poids_non_calibres,0.625,0.85,0.03571428571428571,0.4571428571428572,0.23571428571428577,0.8285714285714285,0.8785714285714286,0.7892857142857143,0.16071428571428573,0.7642857142857142,0.5428571428571428,2.7291382172170513,3.0419888486853828,5,8.696365112381383,4,-65.01999617800803,"[2021, 2022, 2023, 2024]",[2025],disponible_2021_2024,pending_hpc_battery,pending_hpc_battery,pending_hpc_battery,pending_npz_extraction,5960.420752752776,44.802123941437976,6296.90570758676,85.0,0.428319338715687,HERALD prévoit 5960 créations en 2026 (p85 national). Le signal sectoriel est porté principalement par GI et MN. HERALD est 5.3% en dessous de la baseline Ridge AR. → Score de risque très élevé: zone à surveiller. Note: baselines ARIMA/LSTM pending_hpc_battery — comparaison actuelle limitée à Ridge AR.
52,Arles,48.92857142857142,modérée,61.07142857142858,élevé,exploratoire_poids_non_calibres,0.19642857142857142,0.6714285714285714,0.2785714285714286,0.7821428571428571,0.6428571428571428,0.6857142857142857,0.6142857142857143,0.5071428571428571,0.6035714285714285,0.35714285714285715,0.21785714285714286,1.8086759019788474,1.439333201270888,5,4.934859468946629,4,-70.83334975741222,"[2021, 2022, 2023, 2024]",[2025],disponible_2021_2024,pending_hpc_battery,pending_hpc_battery,pending_hpc_battery,pending_npz_extraction,2971.6910939268582,12.169859464878776,3071.5860158018577,67.14285714285714,2.7555703294211007,HERALD prévoit 2972 créations en 2026 (p67 national). Le signal sectoriel est porté principalement par GI et MN. La zone présente une forte dépendance au pôle Martigues-Salon (concentration mobilité top3 = 0.77). HERALD est 3.3% en dessous de la baseline Ridge AR. → Score de risque élevé: zone à surveiller. Note: baselines ARIMA/LSTM pending_hpc_battery — comparaison actuelle limitée à Ridge AR.
5308,Lannion,48.57142857142857,modérée,44.285714285714285,modéré,exploratoire_poids_non_calibres,0.37142857142857144,0.3964285714285714,0.6357142857142857,0.5107142857142857,0.6535714285714286,0.5857142857142856,0.35714285714285715,0.3607142857142857,0.6107142857142858,0.3464285714285714,0.48928571428571427,2.4819124539526967,1.9308226607930983,5,10.406264175122507,4,-81.4455732787471,"[2021, 2022, 2023, 2024]",[2025],disponible_2021_2024,pending_hpc_battery,pending_hpc_battery,pending_hpc_battery,pending_npz_extraction,1609.1549169908765,6.529827675374343,1676.5557630907301,39.64285714285714,4.085052845464196,"HERALD prévoit 1609 créations en 2026 (p40 national). Le signal sectoriel est porté principalement par GI et MN. La zone présente une forte dépendance au pôle Guingamp (concentration mobilité top3 = 0.77). HERALD est 4.0% en dessous de la baseline Ridge AR. → Score d'opportunité modérée, risque modéré. Note: baselines ARIMA/LSTM pending_hpc_battery — comparaison actuelle limitée à Ridge AR."
3216,Lille,48.214285714285715,modérée,89.64285714285715,très élevé,exploratoire_poids_non_calibres,0.3107142857142857,0.9714285714285714,0.014285714285714285,0.8214285714285714,0.1964285714285714,0.6821428571428572,0.975,0.8428571428571429,0.38571428571428573,0.8035714285714286,0.17857142857142858,1.72566761198529,1.827993478914667,5,7.708090082487068,4,-76.28474162402559,"[2021, 2022, 2023, 2024]",[2025],disponible_2021_2024,pending_hpc_battery,pending_hpc_battery,pending_hpc_battery,pending_npz_extraction,19158.51854596086,153.45811763149132,19947.239746522384,97.14285714285714,2.8148467637697667,HERALD prévoit 19159 créations en 2026 (p97 national). Le signal sectoriel est porté principalement par GI et MN. La zone présente une forte dépendance au pôle Roubaix-Tourcoing (concentration mobilité top3 = 0.67). HERALD est 4.0% en dessous de la baseline Ridge AR. → Score de risque très élevé: zone à surveiller. Note: baselines ARIMA/LSTM pending_hpc_battery — comparaison actuelle limitée à Ridge AR.
8414,La Vallée de l'Arve,47.85714285714286,modérée,71.42857142857143,élevé,exploratoire_poids_non_calibres,0.825,0.4357142857142857,0.2392857142857143,0.3107142857142857,0.3107142857142857,0.5821428571428571,0.45714285714285713,0.16785714285714284,0.9464285714285714,0.6892857142857143,0.6892857142857143,3.588670065999241,3.2831511124032002,5,10.000791245328141,4,-67.17108644841556,"[2021, 2022, 2023, 2024]",[2025],disponible_2021_2024,pending_hpc_battery,pending_hpc_battery,pending_hpc_battery,pending_npz_extraction,1769.5366895356026,11.448104114978372,1874.8716039337955,43.57142857142857,4.09039350209427,HERALD prévoit 1770 créations en 2026 (p44 national). Le signal sectoriel est porté principalement par GI et MN. La zone présente une forte dépendance au pôle Le Genevois Français (concentration mobilité top3 = 0.90). HERALD est 5.6% en dessous de la baseline Ridge AR. → Score de risque élevé: zone à surveiller. Note: baselines ARIMA/LSTM pending_hpc_battery — comparaison actuelle limitée à Ridge AR.
2807,Dieppe-Caux maritime,47.5,modérée,54.64285714285714,élevé,exploratoire_poids_non_calibres,0.17857142857142858,0.4,0.7035714285714286,0.6607142857142857,0.7178571428571429,0.6535714285714286,0.40714285714285714,0.5785714285714286,0.6607142857142857,0.28214285714285714,0.3392857142857143,2.061993083973081,1.5695781724730518,5,8.504509003313187,4,-81.54416472648126,"[2021, 2022, 2023, 2024]",[2025],disponible_2021_2024,pending_hpc_battery,pending_hpc_battery,pending_hpc_battery,pending_npz_extraction,1619.83276406705,5.805607031260563,1678.6863533157073,40.0,3.042796696377226,HERALD prévoit 1620 créations en 2026 (p40 national). Le signal sectoriel est porté principalement par GI et MN. La zone présente une forte dépendance au pôle Rouen (concentration mobilité top3 = 0.78). HERALD est 3.5% en dessous de la baseline Ridge AR. → Score de risque élevé: zone à surveiller. Note: baselines ARIMA/LSTM pending_hpc_battery — comparaison actuelle limitée à Ridge AR.
8412,La Plaine du Forez,47.14285714285714,modérée,18.21428571428571,faible,exploratoire_poids_non_calibres,0.8,0.3392857142857143,0.2357142857142857,0.4642857142857143,0.2857142857142857,0.09999999999999998,0.3535714285714286,0.08928571428571429,0.9107142857142857,0.7142857142857143,0.5357142857142857,2.7181574094288408,2.277610955880328,5,10.418354848583672,4,-78.1384778212852,"[2021, 2022, 2023, 2024]",[2025],disponible_2021_2024,pending_hpc_battery,pending_hpc_battery,pending_hpc_battery,pending_npz_extraction,1453.6484961500107,9.857051208438458,1560.2661894788682,33.92857142857143,9.958282613465258,"HERALD prévoit 1454 créations en 2026 (p34 national). Le signal sectoriel est porté principalement par GI et MN. La zone présente une forte dépendance au pôle Saint-Étienne (concentration mobilité top3 = 0.88). HERALD est 6.8% en dessous de la baseline Ridge AR. → Score d'opportunité modérée, risque faible. Note: baselines ARIMA/LSTM pending_hpc_battery — comparaison actuelle limitée à Ridge AR."
5211,Laval,46.785714285714285,modérée,83.57142857142857,très élevé,exploratoire_poids_non_calibres,0.425,0.5428571428571428,0.475,0.46785714285714286,0.5071428571428571,0.7214285714285714,0.725,0.8214285714285714,0.32857142857142857,0.4928571428571429,0.5321428571428571,2.71638887552196,2.1498618154598357,5,6.265118579706004,4,-65.68521747659054,"[2021, 2022, 2023, 2024]",[2025],disponible_2021_2024,pending_hpc_battery,pending_hpc_battery,pending_hpc_battery,pending_npz_extraction,2275.7465449837455,10.69728410844353,2354.4627074745904,54.285714285714285,2.280743594775078,HERALD prévoit 2276 créations en 2026 (p54 national). Le signal sectoriel est porté principalement par GI et MN. La zone présente une forte dépendance au pôle Mayenne (concentration mobilité top3 = 0.64). HERALD est 3.3% en dessous de la baseline Ridge AR. → Score de risque très élevé: zone à surveiller. Note: baselines ARIMA/LSTM pending_hpc_battery — comparaison actuelle limitée à Ridge AR.
8423,Montluçon,46.42857142857143,modérée,47.85714285714286,modéré,exploratoire_poids_non_calibres,0.25357142857142856,0.3357142857142857,0.8071428571428572,0.475,0.75,0.725,0.20714285714285716,0.6214285714285714,0.26785714285714285,0.25,0.525,2.687510270783421,2.2045188975493586,5,11.575755975365727,4,-80.9557241683327,"[2021, 2022, 2023, 2024]",[2025],disponible_2021_2024,pending_hpc_battery,pending_hpc_battery,pending_hpc_battery,pending_npz_extraction,1438.9426270329704,5.052193679598008,1478.9571011388057,33.57142857142857,2.270264892179847,"HERALD prévoit 1439 créations en 2026 (p34 national). Le signal sectoriel est porté principalement par GI et MN. La zone présente une forte dépendance au pôle Clermont-Ferrand (concentration mobilité top3 = 0.62). HERALD est 2.7% en dessous de la baseline Ridge AR. → Score d'opportunité modérée, risque modéré. Note: baselines ARIMA/LSTM pending_hpc_battery — comparaison actuelle limitée à Ridge AR."
7528,Saintes,46.07142857142857,modérée,21.428571428571427,faible,exploratoire_poids_non_calibres,0.41785714285714287,0.5,0.41785714285714287,0.3678571428571429,0.7285714285714286,0.34285714285714286,0.6071428571428571,0.26071428571428573,0.43214285714285716,0.2714285714285714,0.6321428571428571,3.1106119992081083,2.6178118390463587,5,6.1349101978076455,4,-57.32925577326539,"[2021, 2022, 2023, 2024]",[2025],disponible_2021_2024,pending_hpc_battery,pending_hpc_battery,pending_hpc_battery,pending_npz_extraction,2141.6768582067057,7.62916424687364,2225.567712851481,50.0,6.286692714972986,"HERALD prévoit 2142 créations en 2026 (p50 national). Le signal sectoriel est porté principalement par GI et MN. La zone présente une forte dépendance au pôle Cognac (concentration mobilité top3 = 0.69). HERALD est 3.8% en dessous de la baseline Ridge AR. → Score d'opportunité modérée, risque faible. Note: baselines ARIMA/LSTM pending_hpc_battery — comparaison actuelle limitée à Ridge AR."
4416,Saint-Avold,45.714285714285715,modérée,69.64285714285714,élevé,exploratoire_poids_non_calibres,0.3464285714285714,0.37142857142857144,0.7821428571428571,0.34285714285714286,0.6964285714285714,0.7535714285714286,0.2,0.7464285714285714,0.7321428571428571,0.30357142857142855,0.6571428571428571,3.3904723984076854,3.2407561637262186,5,11.293807807174112,4,-71.30501758966,"[2021, 2022, 2023, 2024]",[2025],disponible_2021_2024,pending_hpc_battery,pending_hpc_battery,pending_hpc_battery,pending_npz_extraction,1558.8565352485157,5.800788862027924,1604.1845355079151,37.142857142857146,1.5541716774277319,HERALD prévoit 1559 créations en 2026 (p37 national). Le signal sectoriel est porté principalement par GI et MN. La zone présente une forte dépendance au pôle Metz (concentration mobilité top3 = 0.81). HERALD est 2.8% en dessous de la baseline Ridge AR. → Score de risque élevé: zone à surveiller. Note: baselines ARIMA/LSTM pending_hpc_battery — comparaison actuelle limitée à Ridge AR.
9306,Cavaillon,45.357142857142854,modérée,55.00000000000001,élevé,exploratoire_poids_non_calibres,0.11785714285714285,0.6428571428571429,0.26071428571428573,0.9821428571428571,0.4571428571428572,0.7,0.625,0.32857142857142857,0.42857142857142855,0.5428571428571428,0.017857142857142856,1.1868941191020226,0.8355933437122853,5,5.255229630816059,4,-84.09977484499511,"[2021, 2022, 2023, 2024]",[2025],disponible_2021_2024,pending_hpc_battery,pending_hpc_battery,pending_hpc_battery,pending_npz_extraction,2850.039167970065,14.480293790259346,2951.6622644361296,64.28571428571429,2.519394531297307,HERALD prévoit 2850 créations en 2026 (p64 national). Le signal sectoriel est porté principalement par GI et MN. La zone présente une forte dépendance au pôle Avignon (concentration mobilité top3 = 0.68). HERALD est 3.4% en dessous de la baseline Ridge AR. → Score de risque élevé: zone à surveiller. Note: baselines ARIMA/LSTM pending_hpc_battery — comparaison actuelle limitée à Ridge AR.
51,Alençon,45.0,modérée,39.64285714285714,modéré,exploratoire_poids_non_calibres,0.5678571428571428,0.3607142857142857,0.37857142857142856,0.5,0.4392857142857143,0.4892857142857143,0.3142857142857143,0.5714285714285714,0.060714285714285714,0.5607142857142857,0.5,2.5582910533288716,2.292846310121127,5,10.533036037139555,4,-78.23185734828463,"[2021, 2022, 2023, 2024]",[2025],disponible_2021_2024,pending_hpc_battery,pending_hpc_battery,pending_hpc_battery,pending_npz_extraction,1521.2490391324322,8.190349982208883,1607.43404508336,36.07142857142857,5.058635299201121,"HERALD prévoit 1521 créations en 2026 (p36 national). Le signal sectoriel est porté principalement par GI et MN. HERALD est 5.4% en dessous de la baseline Ridge AR. → Score d'opportunité modérée, risque modéré. Note: baselines ARIMA/LSTM pending_hpc_battery — comparaison actuelle limitée à Ridge AR."
9305,Carpentras,44.642857142857146,modérée,69.28571428571428,élevé,exploratoire_poids_non_calibres,0.18928571428571428,0.4857142857142857,0.42857142857142855,0.9285714285714286,0.40714285714285714,0.8071428571428572,0.475,0.31785714285714284,0.8071428571428572,0.5928571428571429,0.07142857142857142,1.4662719516716032,0.8471848185642938,5,7.697164831068759,4,-88.99354714160822,"[2021, 2022, 2023, 2024]",[2025],disponible_2021_2024,pending_hpc_battery,pending_hpc_battery,pending_hpc_battery,pending_npz_extraction,2027.0006814965,11.452900138109548,2110.3435274132476,48.57142857142857,0.7956579560666317,HERALD prévoit 2027 créations en 2026 (p49 national). Le signal sectoriel est porté principalement par GI et MN. La zone présente une forte dépendance au pôle Avignon (concentration mobilité top3 = 0.84). HERALD est 3.9% en dessous de la baseline Ridge AR. → Score de risque élevé: zone à surveiller. Note: baselines ARIMA/LSTM pending_hpc_battery — comparaison actuelle limitée à Ridge AR.
7610,Castres-Mazamet,44.285714285714285,modérée,83.92857142857143,très élevé,exploratoire_poids_non_calibres,0.2857142857142857,0.5821428571428572,0.21785714285714286,0.9357142857142857,0.26428571428571423,0.8857142857142857,0.6285714285714286,0.29642857142857143,0.7928571428571428,0.7357142857142858,0.06428571428571428,1.4296315002175486,0.9192622799501671,5,5.648949287235434,4,-83.72684488374918,"[2021, 2022, 2023, 2024]",[2025],disponible_2021_2024,pending_hpc_battery,pending_hpc_battery,pending_hpc_battery,pending_npz_extraction,2456.0504478495936,17.80225511040481,2564.76913299974,58.214285714285715,-1.0056248347604337,HERALD prévoit 2456 créations en 2026 (p58 national). Le signal sectoriel est porté principalement par GI et MN. La zone présente une forte dépendance au pôle Toulouse (concentration mobilité top3 = 0.84). HERALD est 4.2% en dessous de la baseline Ridge AR. → Score de risque très élevé: zone à surveiller. Note: baselines ARIMA/LSTM pending_hpc_battery — comparaison actuelle limitée à Ridge AR.
4403,Charleville-Mézières,43.92857142857143,modérée,73.57142857142858,élevé,exploratoire_poids_non_calibres,0.1,0.45357142857142857,0.7607142857142857,0.6,0.7071428571428571,0.7035714285714285,0.42142857142857143,0.8714285714285714,0.7607142857142857,0.29285714285714287,0.4,2.2186798533197334,1.8245289171885313,5,7.306218383726566,4,-75.02772540645134,"[2021, 2022, 2023, 2024]",[2025],disponible_2021_2024,pending_hpc_battery,pending_hpc_battery,pending_hpc_battery,pending_npz_extraction,1842.1407488390257,6.711996945120312,1892.644541029577,45.357142857142854,2.39804051356452,HERALD prévoit 1842 créations en 2026 (p45 national). Le signal sectoriel est porté principalement par GI et MN. La zone présente une forte dépendance au pôle Sedan (concentration mobilité top3 = 0.83). HERALD est 2.7% en dessous de la baseline Ridge AR. → Score de risque élevé: zone à surveiller. Note: baselines ARIMA/LSTM pending_hpc_battery — comparaison actuelle limitée à Ridge AR.
8422,Montélimar,43.57142857142857,modérée,52.5,élevé,exploratoire_poids_non_calibres,0.05,0.45,0.7071428571428572,0.8107142857142857,0.5785714285714285,0.8571428571428572,0.4357142857142857,0.039285714285714285,0.5892857142857143,0.42142857142857143,0.18928571428571428,1.755322123493351,1.1075543928156537,5,7.118791514921099,4,-84.4418200688389,"[2021, 2022, 2023, 2024]",[2025],disponible_2021_2024,pending_hpc_battery,pending_hpc_battery,pending_hpc_battery,pending_npz_extraction,1831.8042018063643,8.03950906552619,1890.4344096310717,45.0,0.09859026264285738,HERALD prévoit 1832 créations en 2026 (p45 national). Le signal sectoriel est porté principalement par GI et MN. La zone présente une forte dépendance au pôle Valence (concentration mobilité top3 = 0.76). HERALD est 3.1% en dessous de la baseline Ridge AR. → Score de risque élevé: zone à surveiller. Note: baselines ARIMA/LSTM pending_hpc_battery — comparaison actuelle limitée à Ridge AR.
7617,Narbonne,43.214285714285715,modérée,75.35714285714286,très élevé,exploratoire_poids_non_calibres,0.17142857142857143,0.6892857142857143,0.18214285714285713,0.975,0.3035714285714286,0.7464285714285714,0.4857142857142857,0.7107142857142857,0.48214285714285715,0.6964285714285714,0.025,1.2782859976860912,1.2800983976627607,5,4.18147626296358,4,-69.3864482981543,"[2021, 2022, 2023, 2024]",[2025],disponible_2021_2024,pending_hpc_battery,pending_hpc_battery,pending_hpc_battery,pending_npz_extraction,3262.8076436986635,21.385084585655875,3387.9888372411433,68.92857142857143,1.7401822169835819,HERALD prévoit 3263 créations en 2026 (p69 national). Le signal sectoriel est porté principalement par GI et MN. La zone présente une forte dépendance au pôle Béziers (concentration mobilité top3 = 0.72). HERALD est 3.7% en dessous de la baseline Ridge AR. → Score de risque très élevé: zone à surveiller. Note: baselines ARIMA/LSTM pending_hpc_battery — comparaison actuelle limitée à Ridge AR.
7622,Saint-Gaudens,42.857142857142854,modérée,65.71428571428571,élevé,exploratoire_poids_non_calibres,0.2357142857142857,0.5107142857142857,0.35714285714285715,0.825,0.4285714285714286,0.7392857142857143,0.575,0.16428571428571428,0.8892857142857142,0.5714285714285714,0.175,1.7182385131361577,1.1249727442439987,5,6.277673037073813,4,-82.07978119280361,"[2021, 2022, 2023, 2024]",[2025],disponible_2021_2024,pending_hpc_battery,pending_hpc_battery,pending_hpc_battery,pending_npz_extraction,2161.929092368761,11.761417927097488,2250.106327018419,51.07142857142857,1.9297073252598231,HERALD prévoit 2162 créations en 2026 (p51 national). Le signal sectoriel est porté principalement par GI et MN. La zone présente une forte dépendance au pôle Toulouse (concentration mobilité top3 = 0.88). HERALD est 3.9% en dessous de la baseline Ridge AR. → Score de risque élevé: zone à surveiller. Note: baselines ARIMA/LSTM pending_hpc_battery — comparaison actuelle limitée à Ridge AR.
3218,Roubaix-Tourcoing,42.5,modérée,98.92857142857143,très élevé,exploratoire_poids_non_calibres,0.21071428571428572,0.8571428571428571,0.03214285714285714,0.7857142857142857,0.38928571428571423,0.7964285714285715,0.9035714285714286,0.9821428571428571,0.9892857142857143,0.6107142857142858,0.21428571428571427,1.802862072413624,2.0546653907966252,5,7.197578757295912,4,-71.45338092043954,"[2021, 2022, 2023, 2024]",[2025],disponible_2021_2024,pending_hpc_battery,pending_hpc_battery,pending_hpc_battery,pending_npz_extraction,6638.671168614092,38.8808371744093,6983.476750279131,85.71428571428571,1.0144730464712657,HERALD prévoit 6639 créations en 2026 (p86 national). Le signal sectoriel est porté principalement par GI et MN. La zone présente une forte dépendance au pôle Lille (concentration mobilité top3 = 0.94). HERALD est 4.9% en dessous de la baseline Ridge AR. → Score de risque très élevé: zone à surveiller. Note: baselines ARIMA/LSTM pending_hpc_battery — comparaison actuelle limitée à Ridge AR.
7620,Perpignan,42.142857142857146,modérée,50.0,modéré,exploratoire_poids_non_calibres,0.375,0.9214285714285714,0.11428571428571428,0.41428571428571426,0.3821428571428571,0.4,0.8428571428571429,0.30714285714285716,0.04642857142857143,0.6178571428571429,0.5857142857142857,2.905407490120267,3.47986790721315,5,8.300512945466219,4,-58.07647153765514,"[2021, 2022, 2023, 2024]",[2025],disponible_2021_2024,pending_hpc_battery,pending_hpc_battery,pending_hpc_battery,pending_npz_extraction,10972.983185302375,64.55293152960502,11138.533092605232,92.14285714285714,5.773888425895269,"HERALD prévoit 10973 créations en 2026 (p92 national). Le signal sectoriel est porté principalement par GI et MN. HERALD est 1.5% en dessous de la baseline Ridge AR. → Score d'opportunité modérée, risque modéré. Note: baselines ARIMA/LSTM pending_hpc_battery — comparaison actuelle limitée à Ridge AR."
8420,Les Sources de la Loire,41.785714285714285,modérée,33.57142857142857,modéré,exploratoire_poids_non_calibres,0.8928571428571429,0.30714285714285716,0.2571428571428571,0.26428571428571423,0.22142857142857142,0.20357142857142863,0.275,0.014285714285714285,0.9142857142857143,0.7785714285714286,0.7357142857142858,4.149718295488246,4.237302086140501,5,14.202964231537871,4,-70.16607225742698,"[2021, 2022, 2023, 2024]",[2025],disponible_2021_2024,pending_hpc_battery,pending_hpc_battery,pending_hpc_battery,pending_npz_extraction,1323.8106983703105,10.165162455317393,1426.1068783324688,30.714285714285715,8.42020461673305,"HERALD prévoit 1324 créations en 2026 (p31 national). Le signal sectoriel est porté principalement par GI et MN. La zone présente une forte dépendance au pôle Saint-Étienne (concentration mobilité top3 = 0.88). HERALD est 7.2% en dessous de la baseline Ridge AR. → Score d'opportunité modérée, risque modéré. Note: baselines ARIMA/LSTM pending_hpc_battery — comparaison actuelle limitée à Ridge AR."
2412,Romorantin-Lanthenay,41.42857142857143,modérée,41.785714285714285,modéré,exploratoire_poids_non_calibres,0.6892857142857143,0.29285714285714287,0.4357142857142857,0.23928571428571432,0.4892857142857143,0.3821428571428571,0.125,0.6071428571428571,0.5321428571428571,0.5107142857142857,0.7607142857142857,4.5873877777371375,4.86530118073727,5,16.19092606983989,4,-69.9504453312263,"[2021, 2022, 2023, 2024]",[2025],disponible_2021_2024,pending_hpc_battery,pending_hpc_battery,pending_hpc_battery,pending_npz_extraction,1306.1461773451051,6.46112392119849,1389.4009625013553,29.28571428571429,6.018358550739052,"HERALD prévoit 1306 créations en 2026 (p29 national). Le signal sectoriel est porté principalement par GI et MN. La zone présente une forte dépendance au pôle Blois (concentration mobilité top3 = 0.73). HERALD est 6.0% en dessous de la baseline Ridge AR. → Score d'opportunité modérée, risque modéré. Note: baselines ARIMA/LSTM pending_hpc_battery — comparaison actuelle limitée à Ridge AR."
5301,Auray,41.07142857142857,modérée,23.92857142857143,faible,exploratoire_poids_non_calibres,0.3892857142857143,0.425,0.4928571428571429,0.2857142857142857,0.7857142857142857,0.44999999999999996,0.3892857142857143,0.017857142857142856,0.8785714285714286,0.21428571428571427,0.7142857142857143,3.9080432425174108,3.4378221875189023,5,9.544635756080984,4,-63.981630358930865,"[2021, 2022, 2023, 2024]",[2025],disponible_2021_2024,pending_hpc_battery,pending_hpc_battery,pending_hpc_battery,pending_npz_extraction,1725.9520132354398,5.9026831403982065,1803.5206892303129,42.5,5.369475777499379,"HERALD prévoit 1726 créations en 2026 (p42 national). Le signal sectoriel est porté principalement par GI et MN. La zone présente une forte dépendance au pôle Vannes (concentration mobilité top3 = 0.88). HERALD est 4.3% en dessous de la baseline Ridge AR. → Score d'opportunité modérée, risque faible. Note: baselines ARIMA/LSTM pending_hpc_battery — comparaison actuelle limitée à Ridge AR."
4422,Sélestat,40.714285714285715,modérée,42.5,modéré,exploratoire_poids_non_calibres,0.6214285714285714,0.35714285714285715,0.3464285714285714,0.2964285714285714,0.5392857142857144,0.28928571428571426,0.2642857142857143,0.45,1.0,0.4607142857142857,0.7035714285714286,3.71627144673307,3.7226655999836558,5,11.390437246869634,4,-67.31762337739288,"[2021, 2022, 2023, 2024]",[2025],disponible_2021_2024,pending_hpc_battery,pending_hpc_battery,pending_hpc_battery,pending_npz_extraction,1504.8442582089817,6.871780221895455,1593.9537545163548,35.714285714285715,6.878143338706089,"HERALD prévoit 1505 créations en 2026 (p36 national). Le signal sectoriel est porté principalement par GI et MN. La zone présente une forte dépendance au pôle Strasbourg (concentration mobilité top3 = 0.96). HERALD est 5.6% en dessous de la baseline Ridge AR. → Score d'opportunité modérée, risque modéré. Note: baselines ARIMA/LSTM pending_hpc_battery — comparaison actuelle limitée à Ridge AR."
4404,Chaumont,40.35714285714286,modérée,26.785714285714285,modéré,exploratoire_poids_non_calibres,0.7107142857142857,0.3892857142857143,0.24642857142857144,0.35357142857142854,0.3321428571428572,0.07857142857142863,0.32142857142857145,0.8392857142857143,0.11785714285714285,0.6678571428571428,0.6464285714285715,3.2609520148270166,3.2566573034943542,5,8.954010181914816,4,-63.629064102784874,"[2021, 2022, 2023, 2024]",[2025],disponible_2021_2024,pending_hpc_battery,pending_hpc_battery,pending_hpc_battery,pending_npz_extraction,1577.0250243620694,9.984585641863438,1681.8858046965422,38.92857142857143,10.590815172655638,"HERALD prévoit 1577 créations en 2026 (p39 national). Le signal sectoriel est porté principalement par GI et MN. HERALD est 6.2% en dessous de la baseline Ridge AR. → Score d'opportunité modérée, risque modéré. Note: baselines ARIMA/LSTM pending_hpc_battery — comparaison actuelle limitée à Ridge AR."
4418,Saint-Louis,40.0,modérée,60.0,élevé,exploratoire_poids_non_calibres,0.9571428571428572,0.33214285714285713,0.14642857142857144,0.21071428571428574,0.16428571428571426,0.05714285714285716,0.4607142857142857,0.6357142857142857,0.9857142857142858,0.8357142857142857,0.7892857142857143,4.863091168554521,4.729789433947832,5,8.32483191673581,4,-43.18456539117255,"[2021, 2022, 2023, 2024]",[2025],disponible_2021_2024,pending_hpc_battery,pending_hpc_battery,pending_hpc_battery,pending_npz_extraction,1419.7666734798456,12.24718727212188,1565.1582353694942,33.214285714285715,11.7046950023482,HERALD prévoit 1420 créations en 2026 (p33 national). Le signal sectoriel est porté principalement par GI et MN. La zone présente une forte dépendance au pôle Mulhouse (concentration mobilité top3 = 0.94). HERALD est 9.3% en dessous de la baseline Ridge AR. → Score de risque élevé: zone à surveiller. Note: baselines ARIMA/LSTM pending_hpc_battery — comparaison actuelle limitée à Ridge AR.
4419,Sarrebourg,39.64285714285714,modérée,36.78571428571429,modéré,exploratoire_poids_non_calibres,0.7607142857142857,0.36428571428571427,0.2642857142857143,0.3214285714285714,0.18928571428571428,0.06071428571428572,0.19285714285714287,0.7714285714285715,0.42142857142857143,0.8107142857142857,0.6785714285714286,3.557100085869488,3.7049620795956715,5,11.026591721094324,4,-66.3997527675943,"[2021, 2022, 2023, 2024]",[2025],disponible_2021_2024,pending_hpc_battery,pending_hpc_battery,pending_hpc_battery,pending_npz_extraction,1532.6887789841849,12.572654949114964,1633.7279284592826,36.42857142857142,11.387265914548319,"HERALD prévoit 1533 créations en 2026 (p36 national). Le signal sectoriel est porté principalement par GI et MN. La zone présente une forte dépendance au pôle Strasbourg (concentration mobilité top3 = 0.68). HERALD est 6.2% en dessous de la baseline Ridge AR. → Score d'opportunité modérée, risque modéré. Note: baselines ARIMA/LSTM pending_hpc_battery — comparaison actuelle limitée à Ridge AR."
2710,Creusot-Montceau,39.285714285714285,modérée,55.714285714285715,élevé,exploratoire_poids_non_calibres,0.9714285714285714,0.32142857142857145,0.10357142857142858,0.24285714285714288,0.07499999999999996,0.021428571428571463,0.3464285714285714,0.9,0.5392857142857143,0.925,0.7571428571428571,4.539121688520018,4.2413092499479115,5,8.943909740082011,4,-52.578800846563325,"[2021, 2022, 2023, 2024]",[2025],disponible_2021_2024,pending_hpc_battery,pending_hpc_battery,pending_hpc_battery,pending_npz_extraction,1392.461302698267,18.982632437092352,1562.753037012232,32.142857142857146,14.22980333866013,HERALD prévoit 1392 créations en 2026 (p32 national). Le signal sectoriel est porté principalement par GI et MN. La zone présente une forte dépendance au pôle Chalon-sur-Saône (concentration mobilité top3 = 0.73). HERALD est 10.9% en dessous de la baseline Ridge AR. → Score de risque élevé: zone à surveiller. Note: baselines ARIMA/LSTM pending_hpc_battery — comparaison actuelle limitée à Ridge AR.
7603,Alès-Le Vigan,38.92857142857143,modérée,71.07142857142857,élevé,exploratoire_poids_non_calibres,0.12142857142857143,0.6928571428571428,0.175,0.6107142857142858,0.7142857142857143,0.8,0.6214285714285714,0.5,0.6464285714285715,0.2857142857142857,0.3892857142857143,2.177027548562489,2.165205787469255,5,4.356460780514669,4,-50.29897211163556,"[2021, 2022, 2023, 2024]",[2025],disponible_2021_2024,pending_hpc_battery,pending_hpc_battery,pending_hpc_battery,pending_npz_extraction,3266.262644070326,11.826673851649291,3395.8146368681773,69.28571428571428,0.8416994155704272,HERALD prévoit 3266 créations en 2026 (p69 national). Le signal sectoriel est porté principalement par GI et MN. La zone présente une forte dépendance au pôle Nîmes (concentration mobilité top3 = 0.78). HERALD est 3.8% en dessous de la baseline Ridge AR. → Score de risque élevé: zone à surveiller. Note: baselines ARIMA/LSTM pending_hpc_battery — comparaison actuelle limitée à Ridge AR.
1111,Rambouillet,38.57142857142858,modérée,21.785714285714285,faible,exploratoire_poids_non_calibres,0.5607142857142857,0.3821428571428571,0.44285714285714284,0.3857142857142857,0.27142857142857146,0.08571428571428574,0.425,0.11071428571428571,0.8107142857142857,0.7285714285714285,0.6142857142857143,2.9838822650390107,3.1102552458824113,5,9.424367231481082,4,-66.99772865924686,"[2021, 2022, 2023, 2024]",[2025],disponible_2021_2024,pending_hpc_battery,pending_hpc_battery,pending_hpc_battery,pending_npz_extraction,1569.3248323923303,11.092568197321867,1651.5763269907188,38.21428571428571,10.360396089474708,"HERALD prévoit 1569 créations en 2026 (p38 national). Le signal sectoriel est porté principalement par MN et GI. La zone présente une forte dépendance au pôle Versailles-Saint-Quentin (concentration mobilité top3 = 0.84). HERALD est 5.0% en dessous de la baseline Ridge AR. → Score d'opportunité modérée, risque faible. Note: baselines ARIMA/LSTM pending_hpc_battery — comparaison actuelle limitée à Ridge AR."
62,Redon,38.21428571428571,modérée,70.71428571428572,élevé,exploratoire_poids_non_calibres,0.7928571428571428,0.21785714285714286,0.6321428571428571,0.14642857142857146,0.15000000000000002,0.8464285714285714,0.17857142857142858,0.025,0.28214285714285714,0.85,0.8535714285714285,7.195321229575301,8.117023718520024,5,18.33792783367495,4,-55.736418028572,"[2021, 2022, 2023, 2024]",[2025],disponible_2021_2024,pending_hpc_battery,pending_hpc_battery,pending_hpc_battery,pending_npz_extraction,1137.1672990891154,10.216679492070394,1204.5866800400431,21.785714285714285,0.19095146159607324,HERALD prévoit 1137 créations en 2026 (p22 national). Le signal sectoriel est porté principalement par GI et MN. La zone présente une forte dépendance au pôle Rennes (concentration mobilité top3 = 0.62). HERALD est 5.6% en dessous de la baseline Ridge AR. → Score de risque élevé: zone à surveiller. Note: baselines ARIMA/LSTM pending_hpc_battery — comparaison actuelle limitée à Ridge AR.
5214,Les Sables-d'Olonne,37.857142857142854,modérée,58.214285714285715,élevé,exploratoire_poids_non_calibres,0.2642857142857143,0.3678571428571429,0.7892857142857143,0.38928571428571423,0.525,0.6964285714285714,0.46785714285714286,0.07857142857142857,0.7178571428571429,0.475,0.6107142857142858,2.969079710483327,2.1932452090125345,5,9.497364417077156,4,-76.90680158519692,"[2021, 2022, 2023, 2024]",[2025],disponible_2021_2024,pending_hpc_battery,pending_hpc_battery,pending_hpc_battery,pending_npz_extraction,1558.4615234707478,7.231936387149564,1602.6596046780235,36.78571428571429,2.597861979641067,HERALD prévoit 1558 créations en 2026 (p37 national). Le signal sectoriel est porté principalement par GI et MN. La zone présente une forte dépendance au pôle La Roche-sur-Yon (concentration mobilité top3 = 0.80). HERALD est 2.8% en dessous de la baseline Ridge AR. → Score de risque élevé: zone à surveiller. Note: baselines ARIMA/LSTM pending_hpc_battery — comparaison actuelle limitée à Ridge AR.
7515,Lesparre-Médoc,37.5,modérée,76.42857142857142,très élevé,exploratoire_poids_non_calibres,0.225,0.325,0.7285714285714285,0.48571428571428577,0.5857142857142856,0.6785714285714286,0.3392857142857143,0.7071428571428572,0.9964285714285714,0.4142857142857143,0.5142857142857142,2.6500464744836227,2.0641957423595487,5,8.730083847930901,4,-76.35537323219663,"[2021, 2022, 2023, 2024]",[2025],disponible_2021_2024,pending_hpc_battery,pending_hpc_battery,pending_hpc_battery,pending_npz_extraction,1395.5500056053527,6.109914457055635,1450.845240666998,32.5,2.840825763106314,HERALD prévoit 1396 créations en 2026 (p32 national). Le signal sectoriel est porté principalement par GI et MN. La zone présente une forte dépendance au pôle Bordeaux (concentration mobilité top3 = 0.95). HERALD est 3.8% en dessous de la baseline Ridge AR. → Score de risque très élevé: zone à surveiller. Note: baselines ARIMA/LSTM pending_hpc_battery — comparaison actuelle limitée à Ridge AR.
4427,Vitry-le-François Saint-Dizier,37.142857142857146,modérée,75.71428571428571,très élevé,exploratoire_poids_non_calibres,0.4857142857142857,0.2892857142857143,0.6857142857142857,0.18571428571428572,0.5464285714285715,0.6892857142857143,0.29285714285714287,0.8964285714285715,0.3678571428571429,0.45357142857142857,0.8142857142857143,5.5677631815022295,5.345206098708704,5,13.30702050021209,4,-59.831683594208705,"[2021, 2022, 2023, 2024]",[2025],disponible_2021_2024,pending_hpc_battery,pending_hpc_battery,pending_hpc_battery,pending_npz_extraction,1305.8462580782395,5.9344536534045496,1366.1848357302174,28.92857142857143,2.7416410761793504,HERALD prévoit 1306 créations en 2026 (p29 national). Le signal sectoriel est porté principalement par GI et MN. La zone présente une forte dépendance au pôle Bar-le-Duc (concentration mobilité top3 = 0.66). HERALD est 4.4% en dessous de la baseline Ridge AR. → Score de risque très élevé: zone à surveiller. Note: baselines ARIMA/LSTM pending_hpc_battery — comparaison actuelle limitée à Ridge AR.
2802,Avranches,36.78571428571429,modérée,27.857142857142858,modéré,exploratoire_poids_non_calibres,0.9107142857142857,0.2571428571428571,0.12142857142857143,0.33571428571428574,0.09285714285714286,0.03928571428571426,0.32857142857142857,0.6,0.12142857142857143,0.9071428571428571,0.6642857142857143,3.402283042944597,3.7467099164651154,5,9.880853862672033,4,-62.081111930827504,"[2021, 2022, 2023, 2024]",[2025],disponible_2021_2024,pending_hpc_battery,pending_hpc_battery,pending_hpc_battery,pending_npz_extraction,1226.473912604762,15.306714013815474,1391.1161611399184,25.71428571428571,12.00675000956731,"HERALD prévoit 1226 créations en 2026 (p26 national). Le signal sectoriel est porté principalement par GI et MN. HERALD est 11.8% en dessous de la baseline Ridge AR. → Score d'opportunité modérée, risque modéré. Note: baselines ARIMA/LSTM pending_hpc_battery — comparaison actuelle limitée à Ridge AR."
2811,Honfleur Pont-Audemer,36.42857142857142,modérée,68.92857142857143,élevé,exploratoire_poids_non_calibres,0.10714285714285714,0.42142857142857143,0.7535714285714286,0.5428571428571429,0.5714285714285714,0.7642857142857142,0.48928571428571427,0.6107142857142858,0.37857142857142856,0.42857142857142855,0.45714285714285713,2.3792311428427273,1.5377057725898338,5,7.604454551110189,4,-79.77888141411351,"[2021, 2022, 2023, 2024]",[2025],disponible_2021_2024,pending_hpc_battery,pending_hpc_battery,pending_hpc_battery,pending_npz_extraction,1719.477748999519,7.608737632913995,1771.7960835789868,42.142857142857146,1.4441149852223603,HERALD prévoit 1719 créations en 2026 (p42 national). Le signal sectoriel est porté principalement par GI et MN. La zone présente une forte dépendance au pôle Rouen (concentration mobilité top3 = 0.67). HERALD est 3.0% en dessous de la baseline Ridge AR. → Score de risque élevé: zone à surveiller. Note: baselines ARIMA/LSTM pending_hpc_battery — comparaison actuelle limitée à Ridge AR.
4402,Châlons-en-Champagne,36.07142857142857,modérée,55.35714285714286,élevé,exploratoire_poids_non_calibres,0.3357142857142857,0.31785714285714284,0.4714285714285714,0.35,0.7785714285714286,0.5071428571428571,0.4,0.8535714285714285,0.5714285714285714,0.22142857142857142,0.65,3.2623485421808596,2.9617514306270065,5,8.303389417920569,4,-64.33081382122239,"[2021, 2022, 2023, 2024]",[2025],disponible_2021_2024,pending_hpc_battery,pending_hpc_battery,pending_hpc_battery,pending_npz_extraction,1374.8647422103052,4.755141212378485,1453.9389891890648,31.785714285714285,4.951507038954593,HERALD prévoit 1375 créations en 2026 (p32 national). Le signal sectoriel est porté principalement par GI et MN. La zone présente une forte dépendance au pôle Reims (concentration mobilité top3 = 0.75). HERALD est 5.4% en dessous de la baseline Ridge AR. → Score de risque élevé: zone à surveiller. Note: baselines ARIMA/LSTM pending_hpc_battery — comparaison actuelle limitée à Ridge AR.
7609,Castelsarrasin-Moissac,35.714285714285715,modérée,48.214285714285715,modéré,exploratoire_poids_non_calibres,0.45714285714285713,0.22857142857142856,0.7142857142857143,0.3392857142857143,0.4107142857142857,0.38928571428571423,0.22142857142857142,0.4035714285714286,0.7857142857142857,0.5892857142857143,0.6607142857142857,3.395524349224801,3.089468696646722,5,11.923801287761698,4,-74.08990118094572,"[2021, 2022, 2023, 2024]",[2025],disponible_2021_2024,pending_hpc_battery,pending_hpc_battery,pending_hpc_battery,pending_npz_extraction,1172.7545569287126,6.599912489348835,1229.3101572857681,22.857142857142858,5.9398877081041235,"HERALD prévoit 1173 créations en 2026 (p23 national). Le signal sectoriel est porté principalement par GI et MN. La zone présente une forte dépendance au pôle Montauban (concentration mobilité top3 = 0.83). HERALD est 4.6% en dessous de la baseline Ridge AR. → Score d'opportunité modérée, risque modéré. Note: baselines ARIMA/LSTM pending_hpc_battery — comparaison actuelle limitée à Ridge AR."
4414,Remiremont,35.35714285714286,modérée,9.285714285714286,faible,exploratoire_poids_non_calibres,0.30714285714285716,0.2857142857142857,0.32142857142857145,0.725,0.5035714285714286,0.13928571428571423,0.21785714285714286,0.5928571428571429,0.575,0.49642857142857144,0.275,1.936586334045692,1.7827429881003636,5,9.634193285715021,4,-81.49566927680698,"[2021, 2022, 2023, 2024]",[2025],disponible_2021_2024,pending_hpc_battery,pending_hpc_battery,pending_hpc_battery,pending_npz_extraction,1296.0092887558376,6.259168891395307,1389.2182662643825,28.57142857142857,9.367872468847054,"HERALD prévoit 1296 créations en 2026 (p29 national). Le signal sectoriel est porté principalement par GI et MN. La zone présente une forte dépendance au pôle Épinal (concentration mobilité top3 = 0.75). HERALD est 6.7% en dessous de la baseline Ridge AR. → Score d'opportunité modérée, risque faible. Note: baselines ARIMA/LSTM pending_hpc_battery — comparaison actuelle limitée à Ridge AR."
5305,Fougères,35.0,modérée,20.714285714285715,faible,exploratoire_poids_non_calibres,0.9928571428571429,0.20714285714285716,0.14285714285714285,0.15000000000000002,0.1785714285714286,0.0714285714285714,0.20357142857142857,0.13214285714285715,0.7214285714285714,0.8214285714285714,0.85,6.842506675352988,7.603571063991556,5,19.3159233491745,4,-60.63573598558255,"[2021, 2022, 2023, 2024]",[2025],disponible_2021_2024,pending_hpc_battery,pending_hpc_battery,pending_hpc_battery,pending_npz_extraction,1098.4586175633324,9.165335018225754,1246.8957986546409,20.714285714285715,10.620203178583322,"HERALD prévoit 1098 créations en 2026 (p21 national). Le signal sectoriel est porté principalement par GI et MN. La zone présente une forte dépendance au pôle Rennes (concentration mobilité top3 = 0.80). HERALD est 11.9% en dessous de la baseline Ridge AR. → Score d'opportunité modérée, risque faible. Note: baselines ARIMA/LSTM pending_hpc_battery — comparaison actuelle limitée à Ridge AR."
5201,Ancenis,34.64285714285714,modérée,57.49999999999999,élevé,exploratoire_poids_non_calibres,0.28214285714285714,0.3107142857142857,0.7642857142857142,0.22499999999999998,0.725,0.7571428571428571,0.37857142857142856,0.02857142857142857,0.925,0.275,0.775,4.786291313575977,4.340406517414559,5,10.685273120931802,4,-59.37954539587794,"[2021, 2022, 2023, 2024]",[2025],disponible_2021_2024,pending_hpc_battery,pending_hpc_battery,pending_hpc_battery,pending_npz_extraction,1353.5607443131407,4.8315142276902225,1403.7386232651675,31.071428571428573,1.5424414338440158,HERALD prévoit 1354 créations en 2026 (p31 national). Le signal sectoriel est porté principalement par GI et MN. La zone présente une forte dépendance au pôle Nantes (concentration mobilité top3 = 0.89). HERALD est 3.6% en dessous de la baseline Ridge AR. → Score de risque élevé: zone à surveiller. Note: baselines ARIMA/LSTM pending_hpc_battery — comparaison actuelle limitée à Ridge AR.
1102,Coulommiers,34.285714285714285,modérée,91.42857142857143,très élevé,exploratoire_poids_non_calibres,0.30357142857142855,0.2714285714285714,0.8964285714285715,0.5142857142857142,0.2142857142857143,0.825,0.43214285714285716,0.7678571428571429,0.7392857142857143,0.7857142857142857,0.4857142857142857,2.473011928815809,1.8382504614471222,5,10.635783998177839,4,-82.71636146651663,"[2021, 2022, 2023, 2024]",[2025],disponible_2021_2024,pending_hpc_battery,pending_hpc_battery,pending_hpc_battery,pending_npz_extraction,1246.8238198279062,9.760626654906071,1259.4685060976662,27.142857142857142,0.4692844341584338,HERALD prévoit 1247 créations en 2026 (p27 national). Le signal sectoriel est porté principalement par GI et MN. La zone présente une forte dépendance au pôle Marne-la-Vallée (concentration mobilité top3 = 0.81). HERALD est 1.0% en dessous de la baseline Ridge AR. → Score de risque très élevé: zone à surveiller. Note: baselines ARIMA/LSTM pending_hpc_battery — comparaison actuelle limitée à Ridge AR.
7512,La Rochelle,33.92857142857143,modérée,62.857142857142854,élevé,exploratoire_poids_non_calibres,0.08571428571428572,0.8214285714285714,0.06785714285714285,0.6928571428571428,0.49642857142857144,0.7178571428571429,0.85,0.25,0.325,0.5035714285714286,0.30714285714285716,1.9943489364776572,2.114513306306165,5,7.368784725384787,4,-71.3044499858727,"[2021, 2022, 2023, 2024]",[2025],disponible_2021_2024,pending_hpc_battery,pending_hpc_battery,pending_hpc_battery,pending_npz_extraction,5101.182549040148,24.81888715543648,5297.544856779406,82.14285714285714,2.289603951075756,HERALD prévoit 5101 créations en 2026 (p82 national). Le signal sectoriel est porté principalement par GI et MN. La zone présente une forte dépendance au pôle Rochefort (concentration mobilité top3 = 0.64). HERALD est 3.7% en dessous de la baseline Ridge AR. → Score de risque élevé: zone à surveiller. Note: baselines ARIMA/LSTM pending_hpc_battery — comparaison actuelle limitée à Ridge AR.
7531,Tulle,33.57142857142857,modérée,37.142857142857146,modéré,exploratoire_poids_non_calibres,0.5642857142857143,0.24642857142857144,0.5392857142857143,0.21785714285714286,0.44285714285714284,0.48571428571428577,0.13214285714285715,0.125,0.6321428571428571,0.5571428571428572,0.7821428571428571,4.85636014007044,4.757481607056219,5,14.976730316771372,4,-68.23417724409009,"[2021, 2022, 2023, 2024]",[2025],disponible_2021_2024,pending_hpc_battery,pending_hpc_battery,pending_hpc_battery,pending_npz_extraction,1208.801587765579,6.416392590930951,1282.752515499954,24.642857142857146,5.1131815448329485,"HERALD prévoit 1209 créations en 2026 (p25 national). Le signal sectoriel est porté principalement par GI et MN. La zone présente une forte dépendance au pôle Brive-la-Gaillarde (concentration mobilité top3 = 0.77). HERALD est 5.8% en dessous de la baseline Ridge AR. → Score d'opportunité modérée, risque modéré. Note: baselines ARIMA/LSTM pending_hpc_battery — comparaison actuelle limitée à Ridge AR."
7530,Thouars,33.214285714285715,modérée,21.071428571428573,faible,exploratoire_poids_non_calibres,0.8178571428571428,0.09642857142857143,0.21071428571428572,0.4392857142857143,0.16785714285714282,0.15000000000000002,0.09642857142857143,0.5178571428571429,0.3357142857142857,0.8321428571428572,0.5607142857142857,2.7780800315643095,2.9700080835945637,5,18.08012620879741,4,-83.57307880876728,"[2021, 2022, 2023, 2024]",[2025],disponible_2021_2024,pending_hpc_battery,pending_hpc_battery,pending_hpc_battery,pending_npz_extraction,841.5433854515568,7.2518413091090625,956.8668748314396,9.642857142857144,9.29134875994244,"HERALD prévoit 842 créations en 2026 (p10 national). Le signal sectoriel est porté principalement par GI et MN. La zone présente une forte dépendance au pôle Bressuire (concentration mobilité top3 = 0.64). HERALD est 12.1% en dessous de la baseline Ridge AR. → Score d'opportunité modérée, risque faible. Note: baselines ARIMA/LSTM pending_hpc_battery — comparaison actuelle limitée à Ridge AR."
7518,Marmande,32.857142857142854,modérée,15.0,faible,exploratoire_poids_non_calibres,0.7142857142857143,0.42857142857142855,0.20357142857142857,0.25357142857142856,0.17142857142857137,0.0535714285714286,0.38571428571428573,0.19285714285714287,0.275,0.8285714285714286,0.7464285714285714,4.39527746501668,3.8690418551036996,5,8.397973895313877,4,-53.92886542237707,"[2021, 2022, 2023, 2024]",[2025],disponible_2021_2024,pending_hpc_battery,pending_hpc_battery,pending_hpc_battery,pending_npz_extraction,1729.534136795451,14.796448040424867,1845.9926656955972,42.857142857142854,11.799233147734396,"HERALD prévoit 1730 créations en 2026 (p43 national). Le signal sectoriel est porté principalement par GI et MN. La zone présente une forte dépendance au pôle Agen (concentration mobilité top3 = 0.62). HERALD est 6.3% en dessous de la baseline Ridge AR. → Score d'opportunité modérée, risque faible. Note: baselines ARIMA/LSTM pending_hpc_battery — comparaison actuelle limitée à Ridge AR."
2717,Sens,32.5,modérée,90.35714285714286,très élevé,exploratoire_poids_non_calibres,0.34285714285714286,0.4142857142857143,0.55,0.4928571428571429,0.24285714285714288,0.9142857142857143,0.5178571428571429,0.8071428571428572,0.2571428571428571,0.7571428571428571,0.5071428571428571,2.603123309782928,2.3433309228623056,5,8.51185451666812,4,-72.46979587969298,"[2021, 2022, 2023, 2024]",[2025],disponible_2021_2024,pending_hpc_battery,pending_hpc_battery,pending_hpc_battery,pending_npz_extraction,1691.5930642658052,12.587434106967075,1765.0289704852876,41.42857142857143,-2.2200540886817803,HERALD prévoit 1692 créations en 2026 (p41 national). Le signal sectoriel est porté principalement par GI et MN. La zone présente une forte dépendance au pôle Fontainebleau-Nemours (concentration mobilité top3 = 0.62). HERALD est 4.2% en dessous de la baseline Ridge AR. → Score de risque très élevé: zone à surveiller. Note: baselines ARIMA/LSTM pending_hpc_battery — comparaison actuelle limitée à Ridge AR.
7513,La Teste-de-Buch,32.142857142857146,modérée,86.78571428571429,très élevé,exploratoire_poids_non_calibres,0.060714285714285714,0.7214285714285714,0.07142857142857142,0.8892857142857142,0.3464285714285714,0.9,0.7714285714285715,0.225,0.9178571428571428,0.6535714285714286,0.11071428571428571,1.6144147910929223,1.8661959947773235,5,4.36586957414983,4,-57.254884437524,"[2021, 2022, 2023, 2024]",[2025],disponible_2021_2024,pending_hpc_battery,pending_hpc_battery,pending_hpc_battery,pending_npz_extraction,3541.3640644108323,22.127801518867926,3737.635647967961,72.14285714285714,-1.4371259557241227,HERALD prévoit 3541 créations en 2026 (p72 national). Le signal sectoriel est porté principalement par GI et MN. La zone présente une forte dépendance au pôle Bordeaux (concentration mobilité top3 = 0.88). HERALD est 5.3% en dessous de la baseline Ridge AR. → Score de risque très élevé: zone à surveiller. Note: baselines ARIMA/LSTM pending_hpc_battery — comparaison actuelle limitée à Ridge AR.
2704,Beaune,31.785714285714285,modérée,49.642857142857146,modéré,exploratoire_poids_non_calibres,0.48214285714285715,0.32857142857142857,0.4642857142857143,0.24642857142857144,0.4821428571428571,0.22142857142857142,0.3107142857142857,0.675,0.8321428571428572,0.5178571428571429,0.7535714285714286,4.441081797845228,4.301008828359187,5,11.785061794642184,4,-63.50457126737727,"[2021, 2022, 2023, 2024]",[2025],disponible_2021_2024,pending_hpc_battery,pending_hpc_battery,pending_hpc_battery,pending_npz_extraction,1405.6716383964058,6.966797069585313,1485.608318999433,32.857142857142854,7.879634566109424,"HERALD prévoit 1406 créations en 2026 (p33 national). Le signal sectoriel est porté principalement par GI et MN. La zone présente une forte dépendance au pôle Dijon (concentration mobilité top3 = 0.85). HERALD est 5.4% en dessous de la baseline Ridge AR. → Score d'opportunité modérée, risque modéré. Note: baselines ARIMA/LSTM pending_hpc_battery — comparaison actuelle limitée à Ridge AR."
7612,Foix-Pamiers,31.428571428571427,modérée,79.28571428571428,très élevé,exploratoire_poids_non_calibres,0.02857142857142857,0.49642857142857144,0.5035714285714286,0.85,0.30000000000000004,0.8964285714285715,0.5357142857142857,0.075,0.9214285714285714,0.7,0.15,1.6825976244084764,1.3093453845688348,5,6.15553566262089,4,-78.7289773574093,"[2021, 2022, 2023, 2024]",[2025],disponible_2021_2024,pending_hpc_battery,pending_hpc_battery,pending_hpc_battery,pending_npz_extraction,2089.741801842726,13.704660869760492,2166.7633480158215,49.642857142857146,-1.287586119852334,HERALD prévoit 2090 créations en 2026 (p50 national). Le signal sectoriel est porté principalement par GI et MN. La zone présente une forte dépendance au pôle Toulouse (concentration mobilité top3 = 0.89). HERALD est 3.6% en dessous de la baseline Ridge AR. → Score de risque très élevé: zone à surveiller. Note: baselines ARIMA/LSTM pending_hpc_battery — comparaison actuelle limitée à Ridge AR.
7519,Mont-de-Marsan,31.071428571428573,modérée,79.64285714285714,très élevé,exploratoire_poids_non_calibres,0.2571428571428571,0.48214285714285715,0.34285714285714286,0.5821428571428571,0.3571428571428571,0.8785714285714286,0.5607142857142857,0.475,0.20714285714285716,0.6428571428571429,0.41785714285714287,2.28648099783564,1.9809957890916163,5,7.196047055678924,4,-72.47105565369715,"[2021, 2022, 2023, 2024]",[2025],disponible_2021_2024,pending_hpc_battery,pending_hpc_battery,pending_hpc_battery,pending_npz_extraction,2021.4547396057885,12.525793046701912,2111.789650189285,48.214285714285715,-0.7631448401674757,HERALD prévoit 2021 créations en 2026 (p48 national). Le signal sectoriel est porté principalement par GI et MN. HERALD est 4.3% en dessous de la baseline Ridge AR. → Score de risque très élevé: zone à surveiller. Note: baselines ARIMA/LSTM pending_hpc_battery — comparaison actuelle limitée à Ridge AR.
8404,Belley,30.53571428571429,modérée,17.142857142857142,faible,exploratoire_poids_non_calibres,0.9428571428571428,0.18214285714285713,0.125,0.19285714285714284,0.1071428571428571,0.06785714285714284,0.18214285714285713,0.28214285714285714,0.30357142857142855,0.8928571428571429,0.8071428571428572,5.381274822692351,6.250378815781639,5,17.207246886091188,4,-63.67589273776335,"[2021, 2022, 2023, 2024]",[2025],disponible_2021_2024,pending_hpc_battery,pending_hpc_battery,pending_hpc_battery,pending_npz_extraction,1000.5538784498218,11.165251480592566,1165.0021740430836,18.21428571428571,10.80330879842988,"HERALD prévoit 1001 créations en 2026 (p18 national). Le signal sectoriel est porté principalement par GI et MN. La zone présente une forte dépendance au pôle Chambéry (concentration mobilité top3 = 0.63). HERALD est 14.1% en dessous de la baseline Ridge AR. → Score d'opportunité modérée, risque faible. Note: baselines ARIMA/LSTM pending_hpc_battery — comparaison actuelle limitée à Ridge AR."
5220,Saumur,30.53571428571429,modérée,65.0,élevé,exploratoire_poids_non_calibres,0.3964285714285714,0.26785714285714285,0.5785714285714286,0.2142857142857143,0.6035714285714286,0.7357142857142858,0.2785714285714286,0.5642857142857143,0.475,0.3964285714285714,0.7857142857142857,4.861910131355499,4.695001311455522,5,12.704162296245741,4,-63.043597822715455,"[2021, 2022, 2023, 2024]",[2025],disponible_2021_2024,pending_hpc_battery,pending_hpc_battery,pending_hpc_battery,pending_npz_extraction,1246.4756870811639,5.372879697064526,1318.2946011131464,26.785714285714285,2.0029203830739664,HERALD prévoit 1246 créations en 2026 (p27 national). Le signal sectoriel est porté principalement par GI et MN. La zone présente une forte dépendance au pôle Angers (concentration mobilité top3 = 0.71). HERALD est 5.4% en dessous de la baseline Ridge AR. → Score de risque élevé: zone à surveiller. Note: baselines ARIMA/LSTM pending_hpc_battery — comparaison actuelle limitée à Ridge AR.
9307,Digne-les-Bains,30.0,modérée,52.142857142857146,élevé,exploratoire_poids_non_calibres,0.09285714285714286,0.35,0.7964285714285714,0.2785714285714286,0.7964285714285715,0.6678571428571429,0.3821428571428571,0.40714285714285714,0.5535714285714286,0.20357142857142857,0.7214285714285714,3.9376059961735437,3.476075151595439,5,8.397583257281912,4,-58.60624366443545,"[2021, 2022, 2023, 2024]",[2025],disponible_2021_2024,pending_hpc_battery,pending_hpc_battery,pending_hpc_battery,pending_npz_extraction,1474.6339794089522,4.90407957506925,1517.0477279593674,35.0,2.9053719057189253,HERALD prévoit 1475 créations en 2026 (p35 national). Le signal sectoriel est porté principalement par GI et MN. La zone présente une forte dépendance au pôle Manosque (concentration mobilité top3 = 0.74). HERALD est 2.8% en dessous de la baseline Ridge AR. → Score de risque élevé: zone à surveiller. Note: baselines ARIMA/LSTM pending_hpc_battery — comparaison actuelle limitée à Ridge AR.
5306,Guingamp,29.642857142857142,modérée,98.57142857142858,très élevé,exploratoire_poids_non_calibres,0.7535714285714286,0.05357142857142857,0.9178571428571428,0.014285714285714235,0.0892857142857143,0.925,0.014285714285714285,0.8178571428571428,0.775,0.9107142857142857,0.9857142857142858,20.438063668676524,24.28224746703775,5,47.76074198678248,4,-49.158563169396054,"[2021, 2022, 2023, 2024]",[2025],disponible_2021_2024,pending_hpc_battery,pending_hpc_battery,pending_hpc_battery,pending_npz_extraction,699.6492701868763,8.887155467111125,702.62090629146,5.357142857142857,-2.41990652902702,HERALD prévoit 700 créations en 2026 (p5 national). Le signal sectoriel est porté principalement par GI et MN. La zone présente une forte dépendance au pôle Saint-Brieuc (concentration mobilité top3 = 0.83). HERALD est 0.4% en dessous de la baseline Ridge AR. → Score de risque très élevé: zone à surveiller. Note: baselines ARIMA/LSTM pending_hpc_battery — comparaison actuelle limitée à Ridge AR.
2708,Charolais,29.28571428571429,modérée,32.857142857142854,modéré,exploratoire_poids_non_calibres,0.6357142857142857,0.2357142857142857,0.3892857142857143,0.17500000000000004,0.3928571428571429,0.41428571428571426,0.21071428571428572,0.3107142857142857,0.16428571428571428,0.6071428571428571,0.825,6.004804230502648,5.944068800755617,5,15.580160989142755,4,-61.84847637391025,"[2021, 2022, 2023, 2024]",[2025],disponible_2021_2024,pending_hpc_battery,pending_hpc_battery,pending_hpc_battery,pending_npz_extraction,1178.4767758798507,6.842842544346623,1264.3898099374678,23.57142857142857,5.598277408588774,"HERALD prévoit 1178 créations en 2026 (p24 national). Le signal sectoriel est porté principalement par GI et MN. HERALD est 6.8% en dessous de la baseline Ridge AR. → Score d'opportunité modérée, risque modéré. Note: baselines ARIMA/LSTM pending_hpc_battery — comparaison actuelle limitée à Ridge AR."
5314,Quimperlé,28.92857142857143,modérée,56.07142857142857,élevé,exploratoire_poids_non_calibres,0.9464285714285714,0.11428571428571428,0.325,0.06785714285714284,0.12857142857142856,0.4178571428571428,0.08571428571428572,0.05714285714285714,0.9392857142857143,0.8714285714285714,0.9321428571428572,10.190216265667786,12.310166143143773,5,32.73681847123713,4,-62.39657145070587,"[2021, 2022, 2023, 2024]",[2025],disponible_2021_2024,pending_hpc_battery,pending_hpc_battery,pending_hpc_battery,pending_npz_extraction,854.2336391472858,8.602169769443613,946.6933071160356,11.428571428571429,5.59130273761258,HERALD prévoit 854 créations en 2026 (p11 national). Le signal sectoriel est porté principalement par GI et MN. La zone présente une forte dépendance au pôle Lorient (concentration mobilité top3 = 0.89). HERALD est 9.8% en dessous de la baseline Ridge AR. → Score de risque élevé: zone à surveiller. Note: baselines ARIMA/LSTM pending_hpc_battery — comparaison actuelle limitée à Ridge AR.
7508,Châtellerault,28.57142857142857,modérée,90.0,très élevé,exploratoire_poids_non_calibres,0.35714285714285715,0.22142857142857142,0.7785714285714286,0.375,0.28928571428571426,0.7678571428571428,0.28214285714285714,0.9035714285714286,0.8178571428571428,0.7107142857142857,0.625,3.070640755225982,2.4793140708634547,5,11.8107964943941,4,-79.00807052225275,"[2021, 2022, 2023, 2024]",[2025],disponible_2021_2024,pending_hpc_battery,pending_hpc_battery,pending_hpc_battery,pending_npz_extraction,1165.043218191489,7.844113321329641,1210.6722358306492,22.142857142857142,1.396276605003386,HERALD prévoit 1165 créations en 2026 (p22 national). Le signal sectoriel est porté principalement par GI et MN. La zone présente une forte dépendance au pôle Poitiers (concentration mobilité top3 = 0.84). HERALD est 3.8% en dessous de la baseline Ridge AR. → Score de risque très élevé: zone à surveiller. Note: baselines ARIMA/LSTM pending_hpc_battery — comparaison actuelle limitée à Ridge AR.
2702,Auxerre,28.214285714285715,modérée,86.07142857142858,très élevé,exploratoire_poids_non_calibres,0.14642857142857144,0.5785714285714286,0.25357142857142856,0.6678571428571429,0.36071428571428577,0.8535714285714285,0.6392857142857142,0.825,0.11428571428571428,0.6392857142857142,0.33214285714285713,2.0481182360310806,1.748643305680632,5,5.743950689358713,4,-69.55678416738182,"[2021, 2022, 2023, 2024]",[2025],disponible_2021_2024,pending_hpc_battery,pending_hpc_battery,pending_hpc_battery,pending_npz_extraction,2429.0113909101105,14.964293123618265,2532.0321169232943,57.85714285714286,0.1241298808784233,HERALD prévoit 2429 créations en 2026 (p58 national). Le signal sectoriel est porté principalement par GI et MN. HERALD est 4.1% en dessous de la baseline Ridge AR. → Score de risque très élevé: zone à surveiller. Note: baselines ARIMA/LSTM pending_hpc_battery — comparaison actuelle limitée à Ridge AR.
56,Cosne-Cours-sur-Loire,27.857142857142858,modérée,29.28571428571429,modéré,exploratoire_poids_non_calibres,0.9678571428571429,0.2,0.060714285714285714,0.1964285714285714,0.03214285714285714,0.017857142857142905,0.1392857142857143,0.6035714285714285,0.24285714285714285,0.9678571428571429,0.8035714285714286,5.292093775234134,6.501003848160749,5,16.959801964185466,4,-61.66816179876912,"[2021, 2022, 2023, 2024]",[2025],disponible_2021_2024,pending_hpc_battery,pending_hpc_battery,pending_hpc_battery,pending_npz_extraction,1092.0104879210876,20.829839707305915,1298.6845128844664,20.0,14.82760125353182,"HERALD prévoit 1092 créations en 2026 (p20 national). Le signal sectoriel est porté principalement par GI et MN. La zone présente une forte dépendance au pôle Nevers (concentration mobilité top3 = 0.62). HERALD est 15.9% en dessous de la baseline Ridge AR. → Score d'opportunité modérée, risque modéré. Note: baselines ARIMA/LSTM pending_hpc_battery — comparaison actuelle limitée à Ridge AR."
8430,Tarare,27.500000000000004,modérée,82.85714285714286,très élevé,exploratoire_poids_non_calibres,0.5714285714285714,0.09285714285714286,0.6821428571428572,0.3571428571428571,0.12142857142857144,0.6,0.18928571428571428,0.6285714285714286,0.8571428571428571,0.8785714285714286,0.6428571428571429,3.2608154377035774,3.2698919198453376,5,18.097649119801797,4,-81.93195205521175,"[2021, 2022, 2023, 2024]",[2025],disponible_2021_2024,pending_hpc_battery,pending_hpc_battery,pending_hpc_battery,pending_npz_extraction,834.9770053203663,8.436121780571357,896.6146876628957,9.285714285714286,3.7238515925920854,HERALD prévoit 835 créations en 2026 (p9 national). Le signal sectoriel est porté principalement par GI et MN. La zone présente une forte dépendance au pôle Lyon (concentration mobilité top3 = 0.87). HERALD est 6.9% en dessous de la baseline Ridge AR. → Score de risque très élevé: zone à surveiller. Note: baselines ARIMA/LSTM pending_hpc_battery — comparaison actuelle limitée à Ridge AR.
9310,0Gap,27.142857142857142,modérée,25.71428571428571,modéré,exploratoire_poids_non_calibres,0.075,0.48928571428571427,0.5178571428571429,0.3142857142857143,0.8071428571428572,0.6214285714285714,0.5,0.010714285714285714,0.3392857142857143,0.19285714285714287,0.6857142857142857,3.5585638078685236,2.965198876714454,5,6.76585921652385,4,-56.17409730499967,"[2021, 2022, 2023, 2024]",[2025],disponible_2021_2024,pending_hpc_battery,pending_hpc_battery,pending_hpc_battery,pending_npz_extraction,2042.7573911665029,6.571893181425932,2118.9785230634757,48.92857142857142,3.4831505150204096,"HERALD prévoit 2043 créations en 2026 (p49 national). Le signal sectoriel est porté principalement par GI et MN. La zone présente une forte dépendance au pôle Digne-les-Bains (concentration mobilité top3 = 0.65). HERALD est 3.6% en dessous de la baseline Ridge AR. → Score d'opportunité modérée, risque modéré. Note: baselines ARIMA/LSTM pending_hpc_battery — comparaison actuelle limitée à Ridge AR."
8427,Romans-sur-Isère,26.785714285714285,modérée,70.0,élevé,exploratoire_poids_non_calibres,0.15714285714285714,0.41785714285714287,0.6071428571428571,0.4107142857142857,0.5178571428571428,0.7821428571428571,0.5214285714285715,0.09642857142857143,0.85,0.48214285714285715,0.5892857142857143,2.920153452264293,2.298255928007652,5,7.745240643126509,4,-70.3268622125094,"[2021, 2022, 2023, 2024]",[2025],disponible_2021_2024,pending_hpc_battery,pending_hpc_battery,pending_hpc_battery,pending_npz_extraction,1719.4691580741987,7.989037630155732,1789.3924616783247,41.785714285714285,1.0857823676777618,HERALD prévoit 1719 créations en 2026 (p42 national). Le signal sectoriel est porté principalement par GI et MN. La zone présente une forte dépendance au pôle Valence (concentration mobilité top3 = 0.86). HERALD est 3.9% en dessous de la baseline Ridge AR. → Score de risque élevé: zone à surveiller. Note: baselines ARIMA/LSTM pending_hpc_battery — comparaison actuelle limitée à Ridge AR.
8424,Moulins,26.42857142857143,modérée,62.5,élevé,exploratoire_poids_non_calibres,0.31785714285714284,0.24285714285714285,0.8392857142857143,0.22142857142857142,0.44999999999999996,0.7785714285714286,0.18571428571428572,0.4,0.3,0.55,0.7785714285714286,4.803591438204124,4.4734072868356005,5,14.150907073973107,4,-68.3878406984718,"[2021, 2022, 2023, 2024]",[2025],disponible_2021_2024,pending_hpc_battery,pending_hpc_battery,pending_hpc_battery,pending_npz_extraction,1207.1572757543627,6.14473442810523,1239.627460843474,24.285714285714285,1.101949393162703,HERALD prévoit 1207 créations en 2026 (p24 national). Le signal sectoriel est porté principalement par GI et BE. La zone présente une forte dépendance au pôle Charolais (concentration mobilité top3 = 0.63). HERALD est 2.6% en dessous de la baseline Ridge AR. → Score de risque élevé: zone à surveiller. Note: baselines ARIMA/LSTM pending_hpc_battery — comparaison actuelle limitée à Ridge AR.
4426,Verdun,26.071428571428573,modérée,53.92857142857142,élevé,exploratoire_poids_non_calibres,0.7178571428571429,0.14285714285714285,0.3821428571428571,0.20357142857142863,0.24642857142857144,0.3678571428571429,0.11071428571428571,0.8,0.22142857142857142,0.7535714285714286,0.7964285714285714,5.115839423629193,5.712016588791137,5,19.595274218521098,4,-70.85002983325315,"[2021, 2022, 2023, 2024]",[2025],disponible_2021_2024,pending_hpc_battery,pending_hpc_battery,pending_hpc_battery,pending_npz_extraction,961.8628377505032,7.07289002544904,1048.027293927261,14.285714285714285,6.165876131402121,HERALD prévoit 962 créations en 2026 (p14 national). Le signal sectoriel est porté principalement par GI et MN. La zone présente une forte dépendance au pôle Metz (concentration mobilité top3 = 0.61). HERALD est 8.2% en dessous de la baseline Ridge AR. → Score de risque élevé: zone à surveiller. Note: baselines ARIMA/LSTM pending_hpc_battery — comparaison actuelle limitée à Ridge AR.
2814,Lisieux,25.71428571428571,modérée,56.42857142857143,élevé,exploratoire_poids_non_calibres,0.2892857142857143,0.21071428571428572,0.6428571428571429,0.2571428571428571,0.6785714285714286,0.5714285714285714,0.325,0.5892857142857143,0.6178571428571429,0.32142857142857145,0.7428571428571429,4.270504885240863,3.932489624614226,5,10.073276335631252,4,-60.96116602396581,"[2021, 2022, 2023, 2024]",[2025],disponible_2021_2024,pending_hpc_battery,pending_hpc_battery,pending_hpc_battery,pending_npz_extraction,1115.196010148697,4.272546580485638,1181.8403190018466,21.071428571428573,4.223926182121219,HERALD prévoit 1115 créations en 2026 (p21 national). Le signal sectoriel est porté principalement par GI et MN. La zone présente une forte dépendance au pôle Honfleur Pont-Audemer (concentration mobilité top3 = 0.77). HERALD est 5.6% en dessous de la baseline Ridge AR. → Score de risque élevé: zone à surveiller. Note: baselines ARIMA/LSTM pending_hpc_battery — comparaison actuelle limitée à Ridge AR.
5205,Châteaubriant,25.357142857142854,modérée,26.42857142857143,modéré,exploratoire_poids_non_calibres,0.9214285714285714,0.08928571428571429,0.275,0.02857142857142858,0.2321428571428571,0.2571428571428571,0.03571428571428571,0.03571428571428571,0.6892857142857143,0.7678571428571429,0.9714285714285714,13.682316591806416,16.853466002807245,5,32.394737266725734,4,-47.97467914605287,"[2021, 2022, 2023, 2024]",[2025],disponible_2021_2024,pending_hpc_battery,pending_hpc_battery,pending_hpc_battery,pending_npz_extraction,830.540353796631,6.261256093846901,930.6753933168948,8.928571428571429,7.443771513147614,"HERALD prévoit 831 créations en 2026 (p9 national). Le signal sectoriel est porté principalement par GI et MN. La zone présente une forte dépendance au pôle Nantes (concentration mobilité top3 = 0.80). HERALD est 10.8% en dessous de la baseline Ridge AR. → Score d'opportunité modérée, risque modéré. Note: baselines ARIMA/LSTM pending_hpc_battery — comparaison actuelle limitée à Ridge AR."
2404,Châteaudun,25.0,faible,40.714285714285715,modéré,exploratoire_poids_non_calibres,0.7821428571428571,0.060714285714285714,0.48214285714285715,0.15357142857142858,0.17500000000000004,0.275,0.04285714285714286,0.3964285714285714,0.5178571428571429,0.825,0.8464285714285714,6.75312996283229,8.050105860401272,5,26.316154297487067,4,-69.41002180865775,"[2021, 2022, 2023, 2024]",[2025],disponible_2021_2024,pending_hpc_battery,pending_hpc_battery,pending_hpc_battery,pending_npz_extraction,735.9953585831753,6.219701603886322,814.2207911698453,6.071428571428571,7.287953146235465,"HERALD prévoit 736 créations en 2026 (p6 national). Le signal sectoriel est porté principalement par GI et MN. La zone présente une forte dépendance au pôle Chartres (concentration mobilité top3 = 0.73). HERALD est 9.6% en dessous de la baseline Ridge AR. → Score d'opportunité faible, risque modéré. Note: baselines ARIMA/LSTM pending_hpc_battery — comparaison actuelle limitée à Ridge AR."
7525,Rochefort,24.642857142857146,faible,78.21428571428571,très élevé,exploratoire_poids_non_calibres,0.29285714285714287,0.2785714285714286,0.6714285714285714,0.37857142857142856,0.3678571428571429,0.6642857142857144,0.29642857142857143,0.5285714285714286,0.9035714285714286,0.6321428571428571,0.6214285714285714,3.040650078745986,2.613039511116837,5,12.190680027518086,4,-78.56526867066965,"[2021, 2022, 2023, 2024]",[2025],disponible_2021_2024,pending_hpc_battery,pending_hpc_battery,pending_hpc_battery,pending_npz_extraction,1271.3558059886684,7.7460983974919415,1334.7435707286586,27.857142857142858,2.943789958596632,HERALD prévoit 1271 créations en 2026 (p28 national). Le signal sectoriel est porté principalement par GI et MN. La zone présente une forte dépendance au pôle La Rochelle (concentration mobilité top3 = 0.88). HERALD est 4.7% en dessous de la baseline Ridge AR. → Score de risque très élevé: zone à surveiller. Note: baselines ARIMA/LSTM pending_hpc_battery — comparaison actuelle limitée à Ridge AR.
3204,Berck,24.285714285714285,faible,38.57142857142858,modéré,exploratoire_poids_non_calibres,0.1357142857142857,0.375,0.5107142857142857,0.2607142857142857,0.8428571428571429,0.5642857142857143,0.36428571428571427,0.7142857142857143,0.07142857142857142,0.15714285714285714,0.7392857142857143,4.1773359843087645,4.096598022781003,5,8.693953884083472,4,-52.87992002947147,"[2021, 2022, 2023, 2024]",[2025],disponible_2021_2024,pending_hpc_battery,pending_hpc_battery,pending_hpc_battery,pending_npz_extraction,1559.8519791521028,4.684195414432126,1636.1968918718294,37.5,4.268180424605801,"HERALD prévoit 1560 créations en 2026 (p38 national). Le signal sectoriel est porté principalement par GI et MN. HERALD est 4.7% en dessous de la baseline Ridge AR. → Score d'opportunité faible, risque modéré. Note: baselines ARIMA/LSTM pending_hpc_battery — comparaison actuelle limitée à Ridge AR."
4423,Strasbourg,23.92857142857143,faible,94.28571428571428,très élevé,exploratoire_poids_non_calibres,0.03571428571428571,0.9321428571428572,0.0035714285714285713,0.7892857142857143,0.08214285714285718,0.8821428571428571,0.9428571428571428,0.45357142857142857,0.4857142857142857,0.9178571428571428,0.21071428571428572,1.8019465251820972,2.0269385463976377,5,9.170007733414792,4,-77.89599959647109,"[2021, 2022, 2023, 2024]",[2025],disponible_2021_2024,pending_hpc_battery,pending_hpc_battery,pending_hpc_battery,pending_npz_extraction,12072.21861630637,156.1440401559044,12981.943231784888,93.21428571428572,-0.9662131558132021,HERALD prévoit 12072 créations en 2026 (p93 national). Le signal sectoriel est porté principalement par GI et MN. La zone présente une forte dépendance au pôle Haguenau (concentration mobilité top3 = 0.72). HERALD est 7.0% en dessous de la baseline Ridge AR. → Score de risque très élevé: zone à surveiller. Note: baselines ARIMA/LSTM pending_hpc_battery — comparaison actuelle limitée à Ridge AR.
8418,Le Mont Blanc,23.57142857142857,faible,34.285714285714285,modéré,exploratoire_poids_non_calibres,0.13214285714285715,0.46785714285714286,0.5714285714285714,0.4035714285714286,0.4535714285714286,0.26428571428571423,0.5428571428571428,0.18571428571428572,0.7035714285714286,0.5464285714285714,0.5964285714285714,2.9229667190795605,2.495045161925911,5,6.1921899062487755,4,-59.70657877582104,"[2021, 2022, 2023, 2024]",[2025],disponible_2021_2024,pending_hpc_battery,pending_hpc_battery,pending_hpc_battery,pending_npz_extraction,1931.510560181642,9.830849859838752,2003.610956528688,46.785714285714285,7.365789893365311,"HERALD prévoit 1932 créations en 2026 (p47 national). Le signal sectoriel est porté principalement par MN et GI. La zone présente une forte dépendance au pôle La Vallée de l'Arve (concentration mobilité top3 = 0.80). HERALD est 3.6% en dessous de la baseline Ridge AR. → Score d'opportunité faible, risque modéré. Note: baselines ARIMA/LSTM pending_hpc_battery — comparaison actuelle limitée à Ridge AR."
2411,Pithiviers,23.214285714285715,faible,80.0,très élevé,exploratoire_poids_non_calibres,0.45,0.12142857142857143,0.8285714285714286,0.13571428571428568,0.37142857142857144,0.7285714285714286,0.08928571428571429,0.9607142857142857,0.2392857142857143,0.6285714285714286,0.8642857142857143,7.324794930313506,8.086288151438739,5,23.26907971574268,4,-65.24878400769771,"[2021, 2022, 2023, 2024]",[2025],disponible_2021_2024,pending_hpc_battery,pending_hpc_battery,pending_hpc_battery,pending_npz_extraction,870.5753607693147,5.267381456531879,905.8185721340608,12.142857142857142,2.060417440716843,HERALD prévoit 871 créations en 2026 (p12 national). Le signal sectoriel est porté principalement par GI et MN. La zone présente une forte dépendance au pôle Orléans (concentration mobilité top3 = 0.62). HERALD est 3.9% en dessous de la baseline Ridge AR. → Score de risque très élevé: zone à surveiller. Note: baselines ARIMA/LSTM pending_hpc_battery — comparaison actuelle limitée à Ridge AR.
2414,Vendôme,22.857142857142858,faible,70.35714285714286,élevé,exploratoire_poids_non_calibres,0.5107142857142857,0.1,0.7857142857142857,0.10357142857142854,0.3642857142857143,0.7892857142857143,0.08214285714285714,0.41785714285714287,0.39285714285714285,0.6357142857142857,0.8964285714285715,8.822618705405876,10.253770116444526,5,24.716816071761503,4,-58.51500417094876,"[2021, 2022, 2023, 2024]",[2025],disponible_2021_2024,pending_hpc_battery,pending_hpc_battery,pending_hpc_battery,pending_npz_extraction,841.9010232351972,5.132795955868204,886.2841733359052,10.0,1.0685502083069818,HERALD prévoit 842 créations en 2026 (p10 national). Le signal sectoriel est porté principalement par GI et MN. La zone présente une forte dépendance au pôle Blois (concentration mobilité top3 = 0.67). HERALD est 5.0% en dessous de la baseline Ridge AR. → Score de risque élevé: zone à surveiller. Note: baselines ARIMA/LSTM pending_hpc_battery — comparaison actuelle limitée à Ridge AR.
4401,Bar-le-Duc,22.5,faible,46.42857142857143,modéré,exploratoire_poids_non_calibres,0.9964285714285714,0.17142857142857143,0.05357142857142857,0.08571428571428574,0.0071428571428571175,0.0,0.05357142857142857,0.6964285714285714,0.6357142857142857,0.9928571428571429,0.9142857142857143,9.540791614774898,10.173112788729084,5,26.03281416778705,4,-60.921962861328794,"[2021, 2022, 2023, 2024]",[2025],disponible_2021_2024,pending_hpc_battery,pending_hpc_battery,pending_hpc_battery,pending_npz_extraction,989.869255447404,40.91256719241683,1237.450586318986,17.142857142857142,21.45635036164467,"HERALD prévoit 990 créations en 2026 (p17 national). Le signal sectoriel est porté principalement par GI et MN. La zone présente une forte dépendance au pôle Vitry-le-François Saint-Dizier (concentration mobilité top3 = 0.77). HERALD est 20.0% en dessous de la baseline Ridge AR. → Score d'opportunité faible, risque modéré. Note: baselines ARIMA/LSTM pending_hpc_battery — comparaison actuelle limitée à Ridge AR."
3207,Calais,22.142857142857142,faible,76.78571428571429,très élevé,exploratoire_poids_non_calibres,0.15357142857142858,0.37857142857142856,0.625,0.18928571428571428,0.7,0.5392857142857144,0.525,0.9928571428571429,0.6571428571428571,0.3,0.8107142857142857,5.391832897386812,4.9175691049305215,5,7.090536568103885,4,-30.646022939198343,"[2021, 2022, 2023, 2024]",[2025],disponible_2021_2024,pending_hpc_battery,pending_hpc_battery,pending_hpc_battery,pending_npz_extraction,1561.3794861555502,5.759462390941406,1629.5467221022056,37.857142857142854,4.370286507723947,HERALD prévoit 1561 créations en 2026 (p38 national). Le signal sectoriel est porté principalement par GI et MN. La zone présente une forte dépendance au pôle Dunkerque (concentration mobilité top3 = 0.78). HERALD est 4.2% en dessous de la baseline Ridge AR. → Score de risque très élevé: zone à surveiller. Note: baselines ARIMA/LSTM pending_hpc_battery — comparaison actuelle limitée à Ridge AR.
8402,Aubenas,21.785714285714285,faible,75.0,élevé,exploratoire_poids_non_calibres,0.03214285714285714,0.5071428571428571,0.49642857142857144,0.5642857142857143,0.39642857142857146,0.8892857142857142,0.5142857142857142,0.275,0.375,0.6035714285714285,0.4357142857142857,2.3268333458114765,2.1099257270932146,5,6.128214913846342,4,-65.57030461960528,"[2021, 2022, 2023, 2024]",[2025],disponible_2021_2024,pending_hpc_battery,pending_hpc_battery,pending_hpc_battery,pending_npz_extraction,2159.0443998363066,12.465251151686745,2236.5939397838165,50.71428571428571,-1.142655685150795,HERALD prévoit 2159 créations en 2026 (p51 national). Le signal sectoriel est porté principalement par GI et MN. La zone présente une forte dépendance au pôle Valence (concentration mobilité top3 = 0.67). HERALD est 3.5% en dessous de la baseline Ridge AR. → Score de risque élevé: zone à surveiller. Note: baselines ARIMA/LSTM pending_hpc_battery — comparaison actuelle limitée à Ridge AR.
7614,Millau,21.428571428571427,faible,37.857142857142854,modéré,exploratoire_poids_non_calibres,0.11428571428571428,0.18571428571428572,0.875,0.2928571428571428,0.6392857142857142,0.6928571428571428,0.225,0.10714285714285714,0.3821428571428571,0.3607142857142857,0.7071428571428572,3.735472402828614,3.0763302806552764,5,11.828097204944472,4,-73.99133413133193,"[2021, 2022, 2023, 2024]",[2025],disponible_2021_2024,pending_hpc_battery,pending_hpc_battery,pending_hpc_battery,pending_npz_extraction,1003.4373885505713,4.111327403127491,1023.770285164646,18.571428571428573,2.6009599744960443,"HERALD prévoit 1003 créations en 2026 (p19 national). Le signal sectoriel est porté principalement par GI et BE. La zone présente une forte dépendance au pôle Rodez (concentration mobilité top3 = 0.67). HERALD est 2.0% en dessous de la baseline Ridge AR. → Score d'opportunité faible, risque modéré. Note: baselines ARIMA/LSTM pending_hpc_battery — comparaison actuelle limitée à Ridge AR."
8425,Oyonnax,21.071428571428573,faible,84.28571428571429,très élevé,exploratoire_poids_non_calibres,0.5357142857142857,0.125,0.6892857142857143,0.1428571428571429,0.22857142857142854,0.775,0.21428571428571427,0.5857142857142857,0.4607142857142857,0.7714285714285715,0.8571428571428571,7.251714184335114,7.984005628700066,5,18.76832915195754,4,-57.46022161025809,"[2021, 2022, 2023, 2024]",[2025],disponible_2021_2024,pending_hpc_battery,pending_hpc_battery,pending_hpc_battery,pending_npz_extraction,881.3939935908387,6.664130243289229,941.7096723780702,12.5,1.1933402515314242,HERALD prévoit 881 créations en 2026 (p12 national). Le signal sectoriel est porté principalement par GI et MN. La zone présente une forte dépendance au pôle Le Genevois Français (concentration mobilité top3 = 0.71). HERALD est 6.4% en dessous de la baseline Ridge AR. → Score de risque très élevé: zone à surveiller. Note: baselines ARIMA/LSTM pending_hpc_battery — comparaison actuelle limitée à Ridge AR.
7607,Cahors,20.714285714285715,faible,58.57142857142858,élevé,exploratoire_poids_non_calibres,0.06785714285714285,0.3142857142857143,0.7928571428571428,0.32499999999999996,0.5642857142857143,0.8714285714285714,0.30714285714285716,0.3464285714285714,0.05357142857142857,0.4357142857142857,0.675,3.5433914825280626,3.0629237839636483,5,9.816028523759332,4,-68.79671063964459,"[2021, 2022, 2023, 2024]",[2025],disponible_2021_2024,pending_hpc_battery,pending_hpc_battery,pending_hpc_battery,pending_npz_extraction,1358.5568864774768,6.06626074332792,1401.1836267423696,31.428571428571427,-0.6902860762078336,HERALD prévoit 1359 créations en 2026 (p31 national). Le signal sectoriel est porté principalement par GI et MN. HERALD est 3.0% en dessous de la baseline Ridge AR. → Score de risque élevé: zone à surveiller. Note: baselines ARIMA/LSTM pending_hpc_battery — comparaison actuelle limitée à Ridge AR.
7506,Bressuire,20.357142857142858,faible,74.28571428571429,élevé,exploratoire_poids_non_calibres,0.14285714285714285,0.275,0.8035714285714286,0.3035714285714286,0.46071428571428574,0.8428571428571429,0.3964285714285714,0.35,0.41785714285714287,0.5392857142857143,0.6964285714285714,3.6622317783040628,2.953389896154372,5,9.499040596062835,4,-68.90854538111466,"[2021, 2022, 2023, 2024]",[2025],disponible_2021_2024,pending_hpc_battery,pending_hpc_battery,pending_hpc_battery,pending_npz_extraction,1263.5261734745798,6.416512453668148,1303.6535116932687,27.500000000000004,0.20033096547024298,HERALD prévoit 1264 créations en 2026 (p28 national). Le signal sectoriel est porté principalement par GI et MN. La zone présente une forte dépendance au pôle Cholet (concentration mobilité top3 = 0.68). HERALD est 3.1% en dessous de la baseline Ridge AR. → Score de risque élevé: zone à surveiller. Note: baselines ARIMA/LSTM pending_hpc_battery — comparaison actuelle limitée à Ridge AR.
4409,Haguenau,20.0,faible,96.42857142857143,très élevé,exploratoire_poids_non_calibres,0.017857142857142856,0.6,0.08571428571428572,0.9964285714285714,0.06785714285714284,0.9785714285714285,0.5857142857142857,0.4714285714285714,0.9928571428571429,0.9321428571428572,0.0035714285714285713,0.8985085667839711,1.0644920890563057,5,4.72450804201263,4,-77.46872098448509,"[2021, 2022, 2023, 2024]",[2025],disponible_2021_2024,pending_hpc_battery,pending_hpc_battery,pending_hpc_battery,pending_npz_extraction,2573.625188597561,37.065179666573684,2752.641417845608,60.0,-7.423554366994202,HERALD prévoit 2574 créations en 2026 (p60 national). Le signal sectoriel est porté principalement par GI et MN. La zone présente une forte dépendance au pôle Strasbourg (concentration mobilité top3 = 0.94). HERALD est 6.5% en dessous de la baseline Ridge AR. → Score de risque très élevé: zone à surveiller. Note: baselines ARIMA/LSTM pending_hpc_battery — comparaison actuelle limitée à Ridge AR.
7613,Mende,19.642857142857142,faible,30.0,modéré,exploratoire_poids_non_calibres,0.5071428571428571,0.15714285714285714,0.6464285714285715,0.09285714285714286,0.2785714285714286,0.40714285714285714,0.07142857142857142,0.3,0.03214285714285714,0.7214285714285714,0.9071428571428571,9.089117408080691,10.061335874364426,5,21.231387339125167,4,-52.611029540102585,"[2021, 2022, 2023, 2024]",[2025],disponible_2021_2024,pending_hpc_battery,pending_hpc_battery,pending_hpc_battery,pending_npz_extraction,974.6440980333527,6.712243700058831,1040.6172528642853,15.714285714285714,5.709772020971013,"HERALD prévoit 975 créations en 2026 (p16 national). Le signal sectoriel est porté principalement par GI et BE. HERALD est 6.3% en dessous de la baseline Ridge AR. → Score d'opportunité faible, risque modéré. Note: baselines ARIMA/LSTM pending_hpc_battery — comparaison actuelle limitée à Ridge AR."
5312,Pontivy-Loudéac,19.28571428571429,faible,87.5,très élevé,exploratoire_poids_non_calibres,0.20357142857142857,0.26071428571428573,0.9035714285714286,0.3642857142857143,0.09999999999999998,0.9642857142857143,0.33214285714285713,0.4142857142857143,0.18214285714285713,0.9,0.6357142857142857,3.112909911477626,2.360933185954755,5,12.832153589422735,4,-81.60142668569038,"[2021, 2022, 2023, 2024]",[2025],disponible_2021_2024,pending_hpc_battery,pending_hpc_battery,pending_hpc_battery,pending_npz_extraction,1236.737095706053,13.958980037800318,1245.4254123492908,26.071428571428573,-5.375891682780951,HERALD prévoit 1237 créations en 2026 (p26 national). Le signal sectoriel est porté principalement par GI et MN. HERALD est 0.7% en dessous de la baseline Ridge AR. → Score de risque très élevé: zone à surveiller. Note: baselines ARIMA/LSTM pending_hpc_battery — comparaison actuelle limitée à Ridge AR.
5217,Pornic,18.928571428571427,faible,81.42857142857143,très élevé,exploratoire_poids_non_calibres,0.175,0.25,0.7464285714285714,0.30000000000000004,0.4035714285714286,0.8642857142857143,0.4642857142857143,0.04285714285714286,0.9821428571428571,0.5964285714285714,0.7,3.6715518162950858,2.8213131060718264,5,8.507687815275293,4,-66.83807437073273,"[2021, 2022, 2023, 2024]",[2025],disponible_2021_2024,pending_hpc_battery,pending_hpc_battery,pending_hpc_battery,pending_npz_extraction,1219.2560285180446,6.910520455173423,1272.0628511041039,25.0,-0.306130129350404,HERALD prévoit 1219 créations en 2026 (p25 national). Le signal sectoriel est porté principalement par GI et MN. La zone présente une forte dépendance au pôle Nantes (concentration mobilité top3 = 0.93). HERALD est 4.2% en dessous de la baseline Ridge AR. → Score de risque très élevé: zone à surveiller. Note: baselines ARIMA/LSTM pending_hpc_battery — comparaison actuelle limitée à Ridge AR.
7611,Figeac-Villefranche,18.571428571428573,faible,27.142857142857142,modéré,exploratoire_poids_non_calibres,0.45357142857142857,0.38571428571428573,0.22857142857142856,0.275,0.20714285714285718,0.13214285714285712,0.4107142857142857,0.18928571428571428,0.4785714285714286,0.7928571428571428,0.725,3.9773375545470797,3.061074988367243,5,7.921801461306913,4,-61.358852486789836,"[2021, 2022, 2023, 2024]",[2025],disponible_2021_2024,pending_hpc_battery,pending_hpc_battery,pending_hpc_battery,pending_npz_extraction,1570.1768553176512,12.383904212105092,1678.259676209985,38.57142857142858,9.419989917606355,"HERALD prévoit 1570 créations en 2026 (p39 national). Le signal sectoriel est porté principalement par GI et BE. La zone présente une forte dépendance au pôle Rodez (concentration mobilité top3 = 0.71). HERALD est 6.4% en dessous de la baseline Ridge AR. → Score d'opportunité faible, risque modéré. Note: baselines ARIMA/LSTM pending_hpc_battery — comparaison actuelle limitée à Ridge AR."
7514,Langon,18.21428571428571,faible,89.28571428571429,très élevé,exploratoire_poids_non_calibres,0.04285714285714286,0.475,0.4857142857142857,0.5607142857142857,0.25,0.9285714285714286,0.4392857142857143,0.3678571428571429,0.9642857142857143,0.75,0.4392857142857143,2.3285457518858115,2.119280951612994,5,7.256772756781529,4,-70.79582036474129,"[2021, 2022, 2023, 2024]",[2025],disponible_2021_2024,pending_hpc_battery,pending_hpc_battery,pending_hpc_battery,pending_npz_extraction,1958.0634753348834,14.359892057338845,2036.2023802878862,47.5,-2.438292210519015,HERALD prévoit 1958 créations en 2026 (p48 national). Le signal sectoriel est porté principalement par GI et MN. La zone présente une forte dépendance au pôle Bordeaux (concentration mobilité top3 = 0.91). HERALD est 3.8% en dessous de la baseline Ridge AR. → Score de risque très élevé: zone à surveiller. Note: baselines ARIMA/LSTM pending_hpc_battery — comparaison actuelle limitée à Ridge AR.
2712,Dole,17.857142857142858,faible,85.35714285714285,très élevé,exploratoire_poids_non_calibres,0.18571428571428572,0.225,0.7321428571428571,0.3464285714285714,0.30714285714285716,0.6428571428571428,0.34285714285714286,0.7821428571428571,0.7892857142857143,0.6928571428571428,0.6535714285714286,3.387546895776245,3.02562826782752,5,9.65147561016159,4,-68.65113284188403,"[2021, 2022, 2023, 2024]",[2025],disponible_2021_2024,pending_hpc_battery,pending_hpc_battery,pending_hpc_battery,pending_npz_extraction,1168.7951045334244,7.570662977756787,1223.8138762771987,22.5,3.2504509305145204,HERALD prévoit 1169 créations en 2026 (p22 national). Le signal sectoriel est porté principalement par GI et FZ. La zone présente une forte dépendance au pôle Dijon (concentration mobilité top3 = 0.84). HERALD est 4.5% en dessous de la baseline Ridge AR. → Score de risque très élevé: zone à surveiller. Note: baselines ARIMA/LSTM pending_hpc_battery — comparaison actuelle limitée à Ridge AR.
7605,Bagnols-sur-Cèze,17.5,faible,87.85714285714286,très élevé,exploratoire_poids_non_calibres,0.21428571428571427,0.23214285714285715,0.8607142857142858,0.30714285714285716,0.1607142857142857,0.9035714285714286,0.2714285714285714,0.4928571428571429,0.55,0.8392857142857143,0.6928571428571428,3.6336085858961185,3.1836014939910786,5,13.463348350941196,4,-76.35356813917305,"[2021, 2022, 2023, 2024]",[2025],disponible_2021_2024,pending_hpc_battery,pending_hpc_battery,pending_hpc_battery,pending_npz_extraction,1174.779405261132,10.36793844205185,1201.6242167483301,23.214285714285715,-1.9382800282861379,HERALD prévoit 1175 créations en 2026 (p23 national). Le signal sectoriel est porté principalement par GI et MN. La zone présente une forte dépendance au pôle Avignon (concentration mobilité top3 = 0.74). HERALD est 2.2% en dessous de la baseline Ridge AR. → Score de risque très élevé: zone à surveiller. Note: baselines ARIMA/LSTM pending_hpc_battery — comparaison actuelle limitée à Ridge AR.
7521,Oloron-Sainte-Marie,17.142857142857142,faible,25.357142857142854,modéré,exploratoire_poids_non_calibres,0.4928571428571429,0.19642857142857142,0.21428571428571427,0.37142857142857144,0.19999999999999996,0.14642857142857146,0.175,0.08571428571428572,0.975,0.8,0.6285714285714286,3.0773022876807388,3.547456778166493,5,10.942866538845259,4,-67.58201550230332,"[2021, 2022, 2023, 2024]",[2025],disponible_2021_2024,pending_hpc_battery,pending_hpc_battery,pending_hpc_battery,pending_npz_extraction,1053.7930457359269,8.376689037917368,1164.4502951866107,19.642857142857142,9.314631300407349,"HERALD prévoit 1054 créations en 2026 (p20 national). Le signal sectoriel est porté principalement par GI et MN. La zone présente une forte dépendance au pôle Pau (concentration mobilité top3 = 0.92). HERALD est 9.5% en dessous de la baseline Ridge AR. → Score d'opportunité faible, risque modéré. Note: baselines ARIMA/LSTM pending_hpc_battery — comparaison actuelle limitée à Ridge AR."
5215,Mayenne,16.785714285714285,faible,92.5,très élevé,exploratoire_poids_non_calibres,0.4607142857142857,0.10714285714285714,0.775,0.09642857142857142,0.18214285714285716,0.8142857142857143,0.23214285714285715,0.7392857142857143,0.6857142857142857,0.8178571428571428,0.9035714285714286,8.992725142358712,9.67199742402214,5,19.668911860318303,4,-50.82596590645551,"[2021, 2022, 2023, 2024]",[2025],disponible_2021_2024,pending_hpc_battery,pending_hpc_battery,pending_hpc_battery,pending_npz_extraction,842.3441746360328,6.9375311467717005,891.4381699210669,10.714285714285714,0.6384915933133559,HERALD prévoit 842 créations en 2026 (p11 national). Le signal sectoriel est porté principalement par GI et MN. La zone présente une forte dépendance au pôle Laval (concentration mobilité top3 = 0.79). HERALD est 5.5% en dessous de la baseline Ridge AR. → Score de risque très élevé: zone à surveiller. Note: baselines ARIMA/LSTM pending_hpc_battery — comparaison actuelle limitée à Ridge AR.
8417,Le Livradois,16.428571428571427,faible,80.35714285714286,très élevé,exploratoire_poids_non_calibres,0.3,0.21428571428571427,0.8,0.12857142857142856,0.2928571428571428,0.8392857142857143,0.15,0.2642857142857143,0.7071428571428572,0.7071428571428572,0.8714285714285714,7.7238093937641095,8.185618384794875,5,16.945340666071868,4,-51.69398747359383,"[2021, 2022, 2023, 2024]",[2025],disponible_2021_2024,pending_hpc_battery,pending_hpc_battery,pending_hpc_battery,pending_npz_extraction,1131.3155559475322,7.507996292418045,1171.8648483211894,21.428571428571427,0.2050979581516541,HERALD prévoit 1131 créations en 2026 (p21 national). Le signal sectoriel est porté principalement par GI et MN. La zone présente une forte dépendance au pôle Clermont-Ferrand (concentration mobilité top3 = 0.80). HERALD est 3.5% en dessous de la baseline Ridge AR. → Score de risque très élevé: zone à surveiller. Note: baselines ARIMA/LSTM pending_hpc_battery — comparaison actuelle limitée à Ridge AR.
55,Bollène-Pierrelatte,16.071428571428573,faible,81.07142857142857,très élevé,exploratoire_poids_non_calibres,0.15,0.3,0.8535714285714285,0.2678571428571429,0.22499999999999998,0.8607142857142858,0.2892857142857143,0.35714285714285715,0.3142857142857143,0.775,0.7321428571428571,4.031572543440789,3.77441226072844,5,11.884141616978011,4,-68.23992525184815,"[2021, 2022, 2023, 2024]",[2025],disponible_2021_2024,pending_hpc_battery,pending_hpc_battery,pending_hpc_battery,pending_npz_extraction,1316.9470618255982,9.973081624408092,1345.6841081627258,30.0,-0.004019603219573901,HERALD prévoit 1317 créations en 2026 (p30 national). Le signal sectoriel est porté principalement par GI et MN. La zone présente une forte dépendance au pôle Montélimar (concentration mobilité top3 = 0.63). HERALD est 2.1% en dessous de la baseline Ridge AR. → Score de risque très élevé: zone à surveiller. Note: baselines ARIMA/LSTM pending_hpc_battery — comparaison actuelle limitée à Ridge AR.
5303,Carhaix-Plouguer,15.714285714285714,faible,74.64285714285714,élevé,exploratoire_poids_non_calibres,0.25,0.15357142857142858,0.8928571428571429,0.22857142857142854,0.21071428571428574,0.85,0.24642857142857144,0.2857142857142857,0.14642857142857144,0.7892857142857143,0.7714285714285715,4.782451328583976,4.243910245840257,5,18.477142515993073,4,-77.03156620583026,"[2021, 2022, 2023, 2024]",[2025],disponible_2021_2024,pending_hpc_battery,pending_hpc_battery,pending_hpc_battery,pending_npz_extraction,965.6311352588739,7.61475614570283,978.4907242335881,15.357142857142858,0.1692049023728094,HERALD prévoit 966 créations en 2026 (p15 national). Le signal sectoriel est porté principalement par GI et MN. HERALD est 1.3% en dessous de la baseline Ridge AR. → Score de risque élevé: zone à surveiller. Note: baselines ARIMA/LSTM pending_hpc_battery — comparaison actuelle limitée à Ridge AR.
8429,Saint-Flour,15.357142857142858,faible,17.5,faible,exploratoire_poids_non_calibres,0.9785714285714285,0.025,0.08214285714285714,0.0,0.014285714285714235,0.0035714285714285587,0.0035714285714285713,0.4607142857142857,0.14285714285714285,0.9857142857142858,1.0,27.979225138805816,32.24355308402636,5,59.49031943734478,4,-45.80033627490389,"[2021, 2022, 2023, 2024]",[2025],disponible_2021_2024,pending_hpc_battery,pending_hpc_battery,pending_hpc_battery,pending_npz_extraction,600.4470566000127,20.777314404851865,780.4016449178838,2.5,21.057874314518696,"HERALD prévoit 600 créations en 2026 (p2 national). Le signal sectoriel est porté principalement par GI et BE. HERALD est 23.1% en dessous de la baseline Ridge AR. → Score d'opportunité faible, risque faible. Note: baselines ARIMA/LSTM pending_hpc_battery — comparaison actuelle limitée à Ridge AR."
2701,Autun,15.0,faible,42.142857142857146,modéré,exploratoire_poids_non_calibres,0.8142857142857143,0.03214285714285714,0.15,0.1607142857142857,0.025000000000000022,0.10357142857142854,0.11785714285714285,0.5535714285714286,0.45357142857142857,0.975,0.8392857142857143,6.38543452333652,7.642599609775414,5,16.442930645019032,4,-53.52045341083681,"[2021, 2022, 2023, 2024]",[2025],disponible_2021_2024,pending_hpc_battery,pending_hpc_battery,pending_hpc_battery,pending_npz_extraction,605.8550818032666,15.192396991979939,750.3661291665478,3.214285714285714,9.955550236527506,"HERALD prévoit 606 créations en 2026 (p3 national). Le signal sectoriel est porté principalement par GI et MN. La zone présente une forte dépendance au pôle Creusot-Montceau (concentration mobilité top3 = 0.70). HERALD est 19.3% en dessous de la baseline Ridge AR. → Score d'opportunité faible, risque modéré. Note: baselines ARIMA/LSTM pending_hpc_battery — comparaison actuelle limitée à Ridge AR."
7529,Sarlat-la-Canéda,14.642857142857144,faible,42.857142857142854,modéré,exploratoire_poids_non_calibres,0.1392857142857143,0.28214285714285714,0.5571428571428572,0.27142857142857146,0.47857142857142854,0.4464285714285714,0.31785714285714284,0.5392857142857143,0.16785714285714284,0.5214285714285715,0.7285714285714285,3.995920921558286,3.6106282870470547,5,9.154473986709073,4,-60.55886671053796,"[2021, 2022, 2023, 2024]",[2025],disponible_2021_2024,pending_hpc_battery,pending_hpc_battery,pending_hpc_battery,pending_npz_extraction,1272.0462406763552,6.378094667435667,1345.197539962244,28.214285714285715,5.389083734577895,"HERALD prévoit 1272 créations en 2026 (p28 national). Le signal sectoriel est porté principalement par GI et MN. HERALD est 5.4% en dessous de la baseline Ridge AR. → Score d'opportunité faible, risque modéré. Note: baselines ARIMA/LSTM pending_hpc_battery — comparaison actuelle limitée à Ridge AR."
5221,Segré-en-Anjou Bleu,14.285714285714285,faible,87.14285714285714,très élevé,exploratoire_poids_non_calibres,0.5464285714285714,0.04642857142857143,0.6571428571428571,0.07499999999999996,0.13928571428571423,0.8678571428571429,0.14642857142857144,0.29285714285714287,0.6642857142857143,0.8607142857142858,0.925,10.132331669169377,11.639119565149505,5,23.811359074804045,4,-51.119465593774436,"[2021, 2022, 2023, 2024]",[2025],disponible_2021_2024,pending_hpc_battery,pending_hpc_battery,pending_hpc_battery,pending_npz_extraction,654.4352619976632,6.044458977735829,718.6508759350411,4.642857142857143,-0.5417534957958592,HERALD prévoit 654 créations en 2026 (p5 national). Le signal sectoriel est porté principalement par GI et MN. La zone présente une forte dépendance au pôle Angers (concentration mobilité top3 = 0.78). HERALD est 8.9% en dessous de la baseline Ridge AR. → Score de risque très élevé: zone à surveiller. Note: baselines ARIMA/LSTM pending_hpc_battery — comparaison actuelle limitée à Ridge AR.
3209,Château-Thierry,13.928571428571429,faible,63.21428571428571,élevé,exploratoire_poids_non_calibres,0.26785714285714285,0.1357142857142857,0.7714285714285715,0.13928571428571423,0.3285714285714286,0.7857142857142857,0.16785714285714284,0.3535714285714286,0.10357142857142858,0.6714285714285714,0.8607142857142858,7.279933169021954,8.161538924542564,5,17.09436212405177,4,-52.25596096938138,"[2021, 2022, 2023, 2024]",[2025],disponible_2021_2024,pending_hpc_battery,pending_hpc_battery,pending_hpc_battery,pending_npz_extraction,951.0924133346109,6.034840725461145,1000.2059749648599,13.571428571428571,1.0725200143050915,HERALD prévoit 951 créations en 2026 (p14 national). Le signal sectoriel est porté principalement par GI et MN. HERALD est 4.9% en dessous de la baseline Ridge AR. → Score de risque élevé: zone à surveiller. Note: baselines ARIMA/LSTM pending_hpc_battery — comparaison actuelle limitée à Ridge AR.
2806,Coutances,13.571428571428571,faible,97.85714285714285,très élevé,exploratoire_poids_non_calibres,0.5,0.07142857142857142,0.8214285714285714,0.025000000000000022,0.03928571428571426,0.9357142857142857,0.07857142857142857,0.6857142857142857,0.7357142857142858,0.9607142857142857,0.975,14.04873543819373,16.507872567657724,5,33.59726177522725,4,-50.86542267016026,"[2021, 2022, 2023, 2024]",[2025],disponible_2021_2024,pending_hpc_battery,pending_hpc_battery,pending_hpc_battery,pending_npz_extraction,765.6243655241276,14.275973055658373,803.6649779356266,7.142857142857142,-2.7160907847360103,HERALD prévoit 766 créations en 2026 (p7 national). Le signal sectoriel est porté principalement par GI et MN. La zone présente une forte dépendance au pôle Saint-Lô (concentration mobilité top3 = 0.81). HERALD est 4.7% en dessous de la baseline Ridge AR. → Score de risque très élevé: zone à surveiller. Note: baselines ARIMA/LSTM pending_hpc_battery — comparaison actuelle limitée à Ridge AR.
5307,Lamballe-Armor,13.214285714285715,faible,94.64285714285714,très élevé,exploratoire_poids_non_calibres,0.38571428571428573,0.11785714285714285,0.925,0.06428571428571428,0.042857142857142816,0.9714285714285714,0.15714285714285714,0.39285714285714285,0.6928571428571428,0.9571428571428572,0.9357142857142857,10.42648142801314,11.342867468649516,5,26.625901478090142,4,-57.39912326355107,"[2021, 2022, 2023, 2024]",[2025],disponible_2021_2024,pending_hpc_battery,pending_hpc_battery,pending_hpc_battery,pending_npz_extraction,870.1499458300896,15.012772556863148,865.0410081612893,11.785714285714285,-5.623650126888333,HERALD prévoit 870 créations en 2026 (p12 national). Le signal sectoriel est porté principalement par GI et MN. La zone présente une forte dépendance au pôle Saint-Brieuc (concentration mobilité top3 = 0.80). HERALD est 0.6% au-dessus de la baseline Ridge AR. → Score de risque très élevé: zone à surveiller. Note: baselines ARIMA/LSTM pending_hpc_battery — comparaison actuelle limitée à Ridge AR.
2816,Saint-Lô,12.857142857142856,faible,88.92857142857142,très élevé,exploratoire_poids_non_calibres,0.4642857142857143,0.2642857142857143,0.3392857142857143,0.11428571428571432,0.20357142857142863,0.7714285714285715,0.30357142857142855,0.7571428571428571,0.44285714285714284,0.7964285714285714,0.8857142857142857,8.2643804265833,9.26361160852978,5,15.950209246838398,4,-41.921692278952484,"[2021, 2022, 2023, 2024]",[2025],disponible_2021_2024,pending_hpc_battery,pending_hpc_battery,pending_hpc_battery,pending_npz_extraction,1240.3430737184765,9.815816114377704,1331.2732060121775,26.42857142857143,1.252495813753183,HERALD prévoit 1240 créations en 2026 (p26 national). Le signal sectoriel est porté principalement par GI et MN. La zone présente une forte dépendance au pôle Caen (concentration mobilité top3 = 0.70). HERALD est 6.8% en dessous de la baseline Ridge AR. → Score de risque très élevé: zone à surveiller. Note: baselines ARIMA/LSTM pending_hpc_battery — comparaison actuelle limitée à Ridge AR.
2408,Loches,12.5,faible,63.92857142857142,élevé,exploratoire_poids_non_calibres,0.4035714285714286,0.06428571428571428,0.6035714285714285,0.0892857142857143,0.35,0.6464285714285714,0.15357142857142858,0.175,0.8392857142857143,0.65,0.9107142857142857,9.319139546198517,9.813771973225112,5,25.52763589159453,4,-61.55628349252472,"[2021, 2022, 2023, 2024]",[2025],disponible_2021_2024,pending_hpc_battery,pending_hpc_battery,pending_hpc_battery,pending_npz_extraction,743.0958928685327,4.6284373384142725,813.1862722020288,6.428571428571428,3.2077628984073194,HERALD prévoit 743 créations en 2026 (p6 national). Le signal sectoriel est porté principalement par GI et MN. La zone présente une forte dépendance au pôle Tours (concentration mobilité top3 = 0.85). HERALD est 8.6% en dessous de la baseline Ridge AR. → Score de risque élevé: zone à surveiller. Note: baselines ARIMA/LSTM pending_hpc_battery — comparaison actuelle limitée à Ridge AR.
2406,Chinon,12.142857142857142,faible,41.07142857142857,modéré,exploratoire_poids_non_calibres,0.6678571428571428,0.03571428571428571,0.375,0.08214285714285718,0.09642857142857142,0.0892857142857143,0.06785714285714285,0.38571428571428573,0.8428571428571429,0.9035714285714286,0.9178571428571428,9.626693627840435,11.411190389649473,5,24.594232672147207,4,-53.60216949328708,"[2021, 2022, 2023, 2024]",[2025],disponible_2021_2024,pending_hpc_battery,pending_hpc_battery,pending_hpc_battery,pending_npz_extraction,627.1902939281289,7.419964714750064,714.0871246776406,3.571428571428571,10.226765189477835,"HERALD prévoit 627 créations en 2026 (p4 national). Le signal sectoriel est porté principalement par GI et MN. La zone présente une forte dépendance au pôle Tours (concentration mobilité top3 = 0.86). HERALD est 12.2% en dessous de la baseline Ridge AR. → Score d'opportunité faible, risque modéré. Note: baselines ARIMA/LSTM pending_hpc_battery — comparaison actuelle limitée à Ridge AR."
4406,Épernay,11.607142857142858,faible,78.57142857142857,très élevé,exploratoire_poids_non_calibres,0.05357142857142857,0.175,0.8642857142857143,0.09999999999999998,0.6214285714285714,0.8035714285714286,0.1357142857142857,0.6571428571428571,0.7785714285714286,0.37857142857142856,0.9,8.85727119759714,9.705117000942776,5,16.474000764388283,4,-41.0882812272156,"[2021, 2022, 2023, 2024]",[2025],disponible_2021_2024,pending_hpc_battery,pending_hpc_battery,pending_hpc_battery,pending_npz_extraction,995.9278675069742,4.163556944939804,1020.3448865880898,17.5,0.8024157395722841,HERALD prévoit 996 créations en 2026 (p18 national). Le signal sectoriel est porté principalement par GI et MN. La zone présente une forte dépendance au pôle Reims (concentration mobilité top3 = 0.83). HERALD est 2.4% en dessous de la baseline Ridge AR. → Score de risque très élevé: zone à surveiller. Note: baselines ARIMA/LSTM pending_hpc_battery — comparaison actuelle limitée à Ridge AR.
2716,Saint-Claude,11.607142857142858,faible,84.64285714285714,très élevé,exploratoire_poids_non_calibres,0.2392857142857143,0.05714285714285714,0.8678571428571429,0.12142857142857144,0.375,0.9107142857142857,0.16071428571428573,0.4107142857142857,0.675,0.625,0.8785714285714286,8.018691550649976,7.756088123746758,5,21.934099260791527,4,-64.63913091881,"[2021, 2022, 2023, 2024]",[2025],disponible_2021_2024,pending_hpc_battery,pending_hpc_battery,pending_hpc_battery,pending_npz_extraction,725.4822942778442,4.299036934745422,749.0407116934631,5.714285714285714,-2.0941573174299357,HERALD prévoit 725 créations en 2026 (p6 national). Le signal sectoriel est porté principalement par GI et MN. La zone présente une forte dépendance au pôle Oyonnax (concentration mobilité top3 = 0.79). HERALD est 3.1% en dessous de la baseline Ridge AR. → Score de risque très élevé: zone à surveiller. Note: baselines ARIMA/LSTM pending_hpc_battery — comparaison actuelle limitée à Ridge AR.
61,Nogent-le-Rotrou,11.071428571428571,faible,57.85714285714286,élevé,exploratoire_poids_non_calibres,0.4142857142857143,0.11071428571428571,0.5607142857142857,0.1071428571428571,0.2607142857142857,0.6571428571428571,0.09285714285714286,0.3892857142857143,0.075,0.7392857142857143,0.8928571428571429,8.58898613173005,9.500264628985752,5,22.957327206373513,4,-58.61772346761583,"[2021, 2022, 2023, 2024]",[2025],disponible_2021_2024,pending_hpc_battery,pending_hpc_battery,pending_hpc_battery,pending_npz_extraction,843.764868871426,6.130275938797081,916.9056044976466,11.071428571428571,3.0237935129946227,HERALD prévoit 844 créations en 2026 (p11 national). Le signal sectoriel est porté principalement par GI et MN. HERALD est 8.0% en dessous de la baseline Ridge AR. → Score de risque élevé: zone à surveiller. Note: baselines ARIMA/LSTM pending_hpc_battery — comparaison actuelle limitée à Ridge AR.
7527,Saint-Junien,10.714285714285714,faible,88.57142857142857,très élevé,exploratoire_poids_non_calibres,0.08214285714285714,0.2392857142857143,0.8178571428571428,0.23571428571428577,0.31785714285714284,0.875,0.41785714285714287,0.3392857142857143,0.8964285714285715,0.6821428571428572,0.7642857142857142,4.589153983693019,4.09538326683922,5,8.055429064366574,4,-49.15996113782111,"[2021, 2022, 2023, 2024]",[2025],disponible_2021_2024,pending_hpc_battery,pending_hpc_battery,pending_hpc_battery,pending_npz_extraction,1185.081859172562,7.5992271855763,1223.5326692235262,23.92857142857143,-0.7469129671221136,HERALD prévoit 1185 créations en 2026 (p24 national). Le signal sectoriel est porté principalement par GI et BE. La zone présente une forte dépendance au pôle Limoges (concentration mobilité top3 = 0.88). HERALD est 3.1% en dessous de la baseline Ridge AR. → Score de risque très élevé: zone à surveiller. Note: baselines ARIMA/LSTM pending_hpc_battery — comparaison actuelle limitée à Ridge AR.
63,Ussel,10.357142857142858,faible,72.5,élevé,exploratoire_poids_non_calibres,0.22857142857142856,0.14642857142857144,0.825,0.11785714285714288,0.2964285714285714,0.8357142857142857,0.2357142857142857,0.21428571428571427,0.2642857142857143,0.7035714285714286,0.8821428571428571,8.226142811322465,8.363637071508814,5,18.10613218838495,4,-53.80771009241791,"[2021, 2022, 2023, 2024]",[2025],disponible_2021_2024,pending_hpc_battery,pending_hpc_battery,pending_hpc_battery,pending_npz_extraction,962.9824667999907,6.349874420506715,998.658647830264,14.642857142857144,0.20629207075865508,HERALD prévoit 963 créations en 2026 (p15 national). Le signal sectoriel est porté principalement par GI et BE. La zone présente une forte dépendance au pôle Clermont-Ferrand (concentration mobilité top3 = 0.62). HERALD est 3.6% en dessous de la baseline Ridge AR. → Score de risque élevé: zone à surveiller. Note: baselines ARIMA/LSTM pending_hpc_battery — comparaison actuelle limitée à Ridge AR.
2812,L'Aigle,10.0,faible,28.214285714285715,modéré,exploratoire_poids_non_calibres,0.8678571428571429,0.04285714285714286,0.11071428571428571,0.010714285714285676,0.0,0.010714285714285676,0.060714285714285714,0.4857142857142857,0.2714285714285714,1.0,0.9892857142857143,21.586893502715885,25.172560364478098,5,45.269694561744856,4,-44.39423413792996,"[2021, 2022, 2023, 2024]",[2025],disponible_2021_2024,pending_hpc_battery,pending_hpc_battery,pending_hpc_battery,pending_npz_extraction,651.097516118164,34.447868889104626,819.4284411059568,4.285714285714286,15.442822006766663,"HERALD prévoit 651 créations en 2026 (p4 national). Le signal sectoriel est porté principalement par GI et MN. La zone présente une forte dépendance au pôle Évreux (concentration mobilité top3 = 0.62). HERALD est 20.5% en dessous de la baseline Ridge AR. → Score d'opportunité faible, risque modéré. Note: baselines ARIMA/LSTM pending_hpc_battery — comparaison actuelle limitée à Ridge AR."
2809,Flers,9.642857142857144,faible,82.5,très élevé,exploratoire_poids_non_calibres,0.5321428571428571,0.16071428571428573,0.2892857142857143,0.13214285714285712,0.10357142857142854,0.675,0.16428571428571428,0.8107142857142857,0.12857142857142856,0.8964285714285715,0.8678571428571429,7.62959679193158,8.918966921638571,5,18.457179013392842,4,-51.677518459528315,"[2021, 2022, 2023, 2024]",[2025],disponible_2021_2024,pending_hpc_battery,pending_hpc_battery,pending_hpc_battery,pending_npz_extraction,983.1890417448316,11.070464735749445,1081.6829397550855,16.071428571428573,2.8440420235179467,HERALD prévoit 983 créations en 2026 (p16 national). Le signal sectoriel est porté principalement par GI et MN. HERALD est 9.1% en dessous de la baseline Ridge AR. → Score de risque très élevé: zone à surveiller. Note: baselines ARIMA/LSTM pending_hpc_battery — comparaison actuelle limitée à Ridge AR.
2407,Gien,9.285714285714286,faible,95.71428571428572,très élevé,exploratoire_poids_non_calibres,0.26071428571428573,0.13214285714285715,0.8892857142857142,0.06071428571428572,0.11428571428571432,0.9178571428571428,0.007142857142857143,0.8642857142857143,0.5428571428571428,0.8857142857142857,0.9392857142857143,10.533041861423508,11.738640461655963,5,24.27733496223619,4,-51.64773860098063,"[2021, 2022, 2023, 2024]",[2025],disponible_2021_2024,pending_hpc_battery,pending_hpc_battery,pending_hpc_battery,pending_npz_extraction,921.7465095438841,9.686598073295071,936.2506616034392,13.214285714285715,-2.2538165913166335,HERALD prévoit 922 créations en 2026 (p13 national). Le signal sectoriel est porté principalement par GI et MN. La zone présente une forte dépendance au pôle Orléans (concentration mobilité top3 = 0.74). HERALD est 1.5% en dessous de la baseline Ridge AR. → Score de risque très élevé: zone à surveiller. Note: baselines ARIMA/LSTM pending_hpc_battery — comparaison actuelle limitée à Ridge AR.
9316,Orange,8.928571428571429,faible,90.89285714285714,très élevé,exploratoire_poids_non_calibres,0.06428571428571428,0.25357142857142856,0.8571428571428571,0.2321428571428571,0.14642857142857146,0.9428571428571428,0.25,0.625,0.425,0.8535714285714285,0.7678571428571429,4.655521917744463,4.244389811647403,5,12.19466943121422,4,-65.19471203718567,"[2021, 2022, 2023, 2024]",[2025],disponible_2021_2024,pending_hpc_battery,pending_hpc_battery,pending_hpc_battery,pending_npz_extraction,1224.832422152178,11.03019992825609,1252.0780240446495,25.357142857142854,-3.3281434765447537,HERALD prévoit 1225 créations en 2026 (p25 national). Le signal sectoriel est porté principalement par GI et MN. La zone présente une forte dépendance au pôle Avignon (concentration mobilité top3 = 0.68). HERALD est 2.2% en dessous de la baseline Ridge AR. → Score de risque très élevé: zone à surveiller. Note: baselines ARIMA/LSTM pending_hpc_battery — comparaison actuelle limitée à Ridge AR.
8410,Issoire,8.571428571428571,faible,88.21428571428571,très élevé,exploratoire_poids_non_calibres,0.11071428571428571,0.20357142857142857,0.8321428571428572,0.15714285714285714,0.23928571428571432,0.9214285714285715,0.22857142857142856,0.25357142857142856,0.9321428571428572,0.7607142857142857,0.8428571428571429,6.555766771353229,6.325342637027932,5,14.994092533582968,4,-57.81443509928482,"[2021, 2022, 2023, 2024]",[2025],disponible_2021_2024,pending_hpc_battery,pending_hpc_battery,pending_hpc_battery,pending_npz_extraction,1095.601532367246,8.206831096333447,1130.368126681821,20.357142857142858,-2.352804601849741,HERALD prévoit 1096 créations en 2026 (p20 national). Le signal sectoriel est porté principalement par GI et MN. La zone présente une forte dépendance au pôle Clermont-Ferrand (concentration mobilité top3 = 0.89). HERALD est 3.1% en dessous de la baseline Ridge AR. → Score de risque très élevé: zone à surveiller. Note: baselines ARIMA/LSTM pending_hpc_battery — comparaison actuelle limitée à Ridge AR.
5311,Ploërmel,8.035714285714286,faible,86.42857142857143,très élevé,exploratoire_poids_non_calibres,0.16785714285714284,0.12857142857142856,0.9214285714285714,0.16785714285714282,0.08571428571428574,0.9535714285714285,0.12857142857142856,0.14285714285714285,0.5607142857142857,0.9142857142857143,0.8321428571428572,6.289789903140431,6.237479200585634,5,20.118409950389385,4,-68.99616214220295,"[2021, 2022, 2023, 2024]",[2025],disponible_2021_2024,pending_hpc_battery,pending_hpc_battery,pending_hpc_battery,pending_npz_extraction,898.2160585559379,11.433759202903339,899.5192719540962,12.857142857142856,-4.445100153623624,HERALD prévoit 898 créations en 2026 (p13 national). Le signal sectoriel est porté principalement par GI et MN. La zone présente une forte dépendance au pôle Rennes (concentration mobilité top3 = 0.74). HERALD est 0.1% en dessous de la baseline Ridge AR. → Score de risque très élevé: zone à surveiller. Note: baselines ARIMA/LSTM pending_hpc_battery — comparaison actuelle limitée à Ridge AR.
4421,Sedan,8.035714285714286,faible,100.0,très élevé,exploratoire_poids_non_calibres,0.05714285714285714,0.15,0.9392857142857143,0.31785714285714284,0.06071428571428572,0.9607142857142857,0.25357142857142856,0.975,0.7964285714285714,0.9392857142857143,0.6821428571428572,3.557649683891083,2.8338304931292844,5,15.101648663445165,4,-81.23495946512904,"[2021, 2022, 2023, 2024]",[2025],disponible_2021_2024,pending_hpc_battery,pending_hpc_battery,pending_hpc_battery,pending_npz_extraction,964.6682595244804,14.483064484788175,956.8044677010932,15.0,-5.052336660976339,HERALD prévoit 965 créations en 2026 (p15 national). Le signal sectoriel est porté principalement par GI et MN. La zone présente une forte dépendance au pôle Charleville-Mézières (concentration mobilité top3 = 0.84). HERALD est 0.8% au-dessus de la baseline Ridge AR. → Score de risque très élevé: zone à surveiller. Note: baselines ARIMA/LSTM pending_hpc_battery — comparaison actuelle limitée à Ridge AR.
4415,Romilly-sur-Seine,7.5,faible,92.85714285714286,très élevé,exploratoire_poids_non_calibres,0.21785714285714286,0.18928571428571428,0.9071428571428571,0.05714285714285716,0.0357142857142857,0.8178571428571428,0.26071428571428573,0.8678571428571429,0.17142857142857143,0.9642857142857143,0.9428571428571428,10.595952319686088,10.475744947389837,5,24.309569431713392,4,-56.90690871010017,"[2021, 2022, 2023, 2024]",[2025],disponible_2021_2024,pending_hpc_battery,pending_hpc_battery,pending_hpc_battery,pending_npz_extraction,1008.2101370496023,19.001997460609818,1015.631883899616,18.928571428571427,0.6197741566469342,HERALD prévoit 1008 créations en 2026 (p19 national). Le signal sectoriel est porté principalement par GI et MN. HERALD est 0.7% en dessous de la baseline Ridge AR. → Score de risque très élevé: zone à surveiller. Note: baselines ARIMA/LSTM pending_hpc_battery — comparaison actuelle limitée à Ridge AR.
8403,Aurillac,7.142857142857142,faible,72.14285714285714,élevé,exploratoire_poids_non_calibres,0.18214285714285713,0.19285714285714287,0.7107142857142857,0.03214285714285714,0.28214285714285714,0.8214285714285714,0.075,0.37142857142857144,0.18928571428571428,0.7178571428571429,0.9678571428571429,13.524453247638807,15.47993226032504,5,24.204663422774686,4,-36.045661986939095,"[2021, 2022, 2023, 2024]",[2025],disponible_2021_2024,pending_hpc_battery,pending_hpc_battery,pending_hpc_battery,pending_npz_extraction,1022.8602903724695,7.0439519298100475,1080.1754328132654,19.28571428571429,0.5762330749724223,HERALD prévoit 1023 créations en 2026 (p19 national). Le signal sectoriel est porté principalement par GI et BE. HERALD est 5.3% en dessous de la baseline Ridge AR. → Score de risque élevé: zone à surveiller. Note: baselines ARIMA/LSTM pending_hpc_battery — comparaison actuelle limitée à Ridge AR.
2415,Vierzon,6.785714285714286,faible,82.14285714285714,très élevé,exploratoire_poids_non_calibres,0.35,0.02857142857142857,0.7571428571428571,0.017857142857142905,0.13214285714285712,0.5571428571428572,0.025,0.725,0.7535714285714286,0.8678571428571429,0.9821428571428571,17.110756730290973,19.160365477713924,5,31.992708792469976,4,-40.11021197985073,"[2021, 2022, 2023, 2024]",[2025],disponible_2021_2024,pending_hpc_battery,pending_hpc_battery,pending_hpc_battery,pending_npz_extraction,603.8071536259617,5.909004996560941,654.4168631749119,2.857142857142857,4.284482491530526,HERALD prévoit 604 créations en 2026 (p3 national). Le signal sectoriel est porté principalement par GI et MN. La zone présente une forte dépendance au pôle Bourges (concentration mobilité top3 = 0.82). HERALD est 7.7% en dessous de la baseline Ridge AR. → Score de risque très élevé: zone à surveiller. Note: baselines ARIMA/LSTM pending_hpc_battery — comparaison actuelle limitée à Ridge AR.
3201,Abbeville,6.428571428571428,faible,97.5,très élevé,exploratoire_poids_non_calibres,0.025,0.1392857142857143,0.8821428571428571,0.20714285714285718,0.21785714285714286,0.9464285714285714,0.37142857142857144,0.6464285714285715,0.8464285714285714,0.7821428571428571,0.7928571428571428,5.001417752180694,4.291258275608127,5,12.700198537773915,4,-66.21109297744651,"[2021, 2022, 2023, 2024]",[2025],disponible_2021_2024,pending_hpc_battery,pending_hpc_battery,pending_hpc_battery,pending_npz_extraction,960.9479034769636,7.415531543471577,979.6574946272473,13.928571428571429,-3.7126349221479384,HERALD prévoit 961 créations en 2026 (p14 national). Le signal sectoriel est porté principalement par GI et FZ. La zone présente une forte dépendance au pôle Amiens (concentration mobilité top3 = 0.86). HERALD est 1.9% en dessous de la baseline Ridge AR. → Score de risque très élevé: zone à surveiller. Note: baselines ARIMA/LSTM pending_hpc_battery — comparaison actuelle limitée à Ridge AR.
2810,Granville,6.071428571428571,faible,45.89285714285714,modéré,exploratoire_poids_non_calibres,0.5964285714285714,0.08571428571428572,0.17857142857142858,0.0357142857142857,0.06428571428571428,0.21071428571428574,0.10357142857142858,0.2392857142857143,0.6678571428571428,0.9357142857142857,0.9642857142857143,13.21647458054349,15.542409639204926,5,23.046548455828898,4,-32.56079248051582,"[2021, 2022, 2023, 2024]",[2025],disponible_2021_2024,pending_hpc_battery,pending_hpc_battery,pending_hpc_battery,pending_npz_extraction,829.439032981556,12.192353186810454,957.3486963726693,8.571428571428571,8.140682266174187,"HERALD prévoit 829 créations en 2026 (p9 national). Le signal sectoriel est porté principalement par GI et MN. La zone présente une forte dépendance au pôle Avranches (concentration mobilité top3 = 0.78). HERALD est 13.4% en dessous de la baseline Ridge AR. → Score d'opportunité faible, risque modéré. Note: baselines ARIMA/LSTM pending_hpc_battery — comparaison actuelle limitée à Ridge AR."
8411,La Maurienne,5.714285714285714,faible,28.92857142857143,modéré,exploratoire_poids_non_calibres,0.16428571428571428,0.06785714285714285,0.7,0.0714285714285714,0.37857142857142856,0.4035714285714286,0.010714285714285714,0.1,0.5821428571428572,0.6214285714285714,0.9285714285714286,10.180010105858164,12.043902134005315,5,24.745985855676675,4,-51.329875462438004,"[2021, 2022, 2023, 2024]",[2025],disponible_2021_2024,pending_hpc_battery,pending_hpc_battery,pending_hpc_battery,pending_npz_extraction,763.5917102508648,4.494912321424436,822.5264911346537,6.785714285714286,5.760624688485432,"HERALD prévoit 764 créations en 2026 (p7 national). Le signal sectoriel est porté principalement par GI et OQ. La zone présente une forte dépendance au pôle Chambéry (concentration mobilité top3 = 0.75). HERALD est 7.2% en dessous de la baseline Ridge AR. → Score d'opportunité faible, risque modéré. Note: baselines ARIMA/LSTM pending_hpc_battery — comparaison actuelle limitée à Ridge AR."
2709,Châtillon-Montbard,5.357142857142857,faible,76.07142857142857,très élevé,exploratoire_poids_non_calibres,0.125,0.08214285714285714,0.6392857142857142,0.19999999999999996,0.3142857142857143,0.6107142857142858,0.17142857142857143,0.8464285714285714,0.4107142857142857,0.6857142857142857,0.8,5.262526807611574,5.092395525271156,5,15.365888723905332,4,-66.85908887685285,"[2021, 2022, 2023, 2024]",[2025],disponible_2021_2024,pending_hpc_battery,pending_hpc_battery,pending_hpc_battery,pending_npz_extraction,795.1464305605452,5.115568456667716,862.1142211641829,8.214285714285714,3.6696780391845167,HERALD prévoit 795 créations en 2026 (p8 national). Le signal sectoriel est porté principalement par GI et MN. La zone présente une forte dépendance au pôle Dijon (concentration mobilité top3 = 0.68). HERALD est 7.8% en dessous de la baseline Ridge AR. → Score de risque très élevé: zone à surveiller. Note: baselines ARIMA/LSTM pending_hpc_battery — comparaison actuelle limitée à Ridge AR.
5208,La Ferté-Bernard,5.0,faible,96.07142857142857,très élevé,exploratoire_poids_non_calibres,0.22142857142857142,0.039285714285714285,0.9428571428571428,0.050000000000000044,0.0714285714285714,0.9392857142857143,0.02857142857142857,0.6642857142857143,0.7,0.9285714285714286,0.95,11.014230396755556,11.77420217972449,5,31.747751266900767,4,-62.91327193305841,"[2021, 2022, 2023, 2024]",[2025],disponible_2021_2024,pending_hpc_battery,pending_hpc_battery,pending_hpc_battery,pending_npz_extraction,642.8483876650901,9.09103334688378,628.2204023783775,3.9285714285714284,-2.892992799835339,HERALD prévoit 643 créations en 2026 (p4 national). Le signal sectoriel est porté principalement par GI et MN. La zone présente une forte dépendance au pôle Le Mans (concentration mobilité top3 = 0.80). HERALD est 2.3% au-dessus de la baseline Ridge AR. → Score de risque très élevé: zone à surveiller. Note: baselines ARIMA/LSTM pending_hpc_battery — comparaison actuelle limitée à Ridge AR.
2803,Bernay,4.642857142857143,faible,95.35714285714286,très élevé,exploratoire_poids_non_calibres,0.07857142857142857,0.10357142857142858,0.9,0.17142857142857137,0.1428571428571429,0.9321428571428572,0.12142857142857143,0.85,0.5,0.8571428571428571,0.8285714285714286,6.284176662985559,6.396517177101891,5,17.53935169208555,4,-63.53048111813475,"[2021, 2022, 2023, 2024]",[2025],disponible_2021_2024,pending_hpc_battery,pending_hpc_battery,pending_hpc_battery,pending_npz_extraction,842.0068310598874,7.761640291483912,852.7500409732604,10.357142857142858,-2.545505664364882,HERALD prévoit 842 créations en 2026 (p10 national). Le signal sectoriel est porté principalement par GI et MN. La zone présente une forte dépendance au pôle Rouen (concentration mobilité top3 = 0.72). HERALD est 1.3% en dessous de la baseline Ridge AR. → Score de risque très élevé: zone à surveiller. Note: baselines ARIMA/LSTM pending_hpc_battery — comparaison actuelle limitée à Ridge AR.
1110,Provins,4.285714285714286,faible,93.92857142857143,très élevé,exploratoire_poids_non_calibres,0.07142857142857142,0.075,0.9357142857142857,0.1785714285714286,0.07857142857142863,0.95,0.14285714285714285,0.9107142857142857,0.15714285714285714,0.9214285714285714,0.8214285714285714,5.765207680120627,5.12052225080658,5,17.445574979789033,4,-70.64858993332817,"[2021, 2022, 2023, 2024]",[2025],disponible_2021_2024,pending_hpc_battery,pending_hpc_battery,pending_hpc_battery,pending_npz_extraction,774.171870914384,10.414123605287045,766.749796238824,7.5,-3.9488993902749328,HERALD prévoit 774 créations en 2026 (p8 national). Le signal sectoriel est porté principalement par GI et MN. HERALD est 1.0% au-dessus de la baseline Ridge AR. → Score de risque très élevé: zone à surveiller. Note: baselines ARIMA/LSTM pending_hpc_battery — comparaison actuelle limitée à Ridge AR.
3214,Laon,3.9285714285714284,faible,98.21428571428571,très élevé,exploratoire_poids_non_calibres,0.04642857142857143,0.17857142857142858,0.9107142857142857,0.11071428571428577,0.05714285714285716,0.9821428571428571,0.11428571428571428,0.6785714285714286,0.6785714285714286,0.9428571428571428,0.8892857142857142,8.494829598187467,9.099634141743099,5,17.454348931819002,4,-47.86609241462676,"[2021, 2022, 2023, 2024]",[2025],disponible_2021_2024,pending_hpc_battery,pending_hpc_battery,pending_hpc_battery,pending_npz_extraction,1000.0239827336702,15.40821459656719,1007.2699567498597,17.857142857142858,-7.661682111387792,HERALD prévoit 1000 créations en 2026 (p18 national). Le signal sectoriel est porté principalement par GI et MN. La zone présente une forte dépendance au pôle Reims (concentration mobilité top3 = 0.79). HERALD est 0.7% en dessous de la baseline Ridge AR. → Score de risque très élevé: zone à surveiller. Note: baselines ARIMA/LSTM pending_hpc_battery — comparaison actuelle limitée à Ridge AR.
64,Valréas,3.571428571428571,faible,80.71428571428572,très élevé,exploratoire_poids_non_calibres,0.007142857142857143,0.16785714285714284,0.9142857142857143,0.125,0.11071428571428577,0.9571428571428572,0.05,0.2714285714285714,0.1392857142857143,0.8892857142857142,0.875,7.827342840644421,8.099009257929158,5,14.732494617954444,4,-45.026219469587176,"[2021, 2022, 2023, 2024]",[2025],disponible_2021_2024,pending_hpc_battery,pending_hpc_battery,pending_hpc_battery,pending_npz_extraction,989.8072043248994,10.779375244509112,994.1831157991273,16.785714285714285,-4.734629035139612,HERALD prévoit 990 créations en 2026 (p17 national). Le signal sectoriel est porté principalement par GI et MN. HERALD est 0.4% en dessous de la baseline Ridge AR. → Score de risque très élevé: zone à surveiller. Note: baselines ARIMA/LSTM pending_hpc_battery — comparaison actuelle limitée à Ridge AR.
5218,Sablé-sur-Sarthe,3.214285714285714,faible,99.64285714285714,très élevé,exploratoire_poids_non_calibres,0.12857142857142856,0.017857142857142856,0.9571428571428572,0.0535714285714286,0.02857142857142858,0.975,0.06428571428571428,0.95,0.625,0.9714285714285714,0.9464285714285714,10.926656278713972,11.102468450238522,5,36.269430970206834,4,-69.38890919088713,"[2021, 2022, 2023, 2024]",[2025],disponible_2021_2024,pending_hpc_battery,pending_hpc_battery,pending_hpc_battery,pending_npz_extraction,512.15989489778,12.184949441918953,474.6293174289079,1.7857142857142856,-7.385190796061488,HERALD prévoit 512 créations en 2026 (p2 national). Le signal sectoriel est porté principalement par GI et MN. La zone présente une forte dépendance au pôle Le Mans (concentration mobilité top3 = 0.77). HERALD est 7.9% au-dessus de la baseline Ridge AR. → Score de risque très élevé: zone à surveiller. Note: baselines ARIMA/LSTM pending_hpc_battery — comparaison actuelle limitée à Ridge AR.
58,La Vallée de la Bresle-Vimeu,2.857142857142857,faible,99.28571428571429,très élevé,exploratoire_poids_non_calibres,0.09642857142857143,0.05,0.8785714285714286,0.046428571428571375,0.050000000000000044,0.9678571428571429,0.10714285714285714,0.7535714285714286,0.6142857142857143,0.95,0.9535714285714286,11.31019990095595,12.599987637049953,5,24.728074879842616,4,-49.04582059753878,"[2021, 2022, 2023, 2024]",[2025],disponible_2021_2024,pending_hpc_battery,pending_hpc_battery,pending_hpc_battery,pending_npz_extraction,691.1377833478119,11.186566498344646,710.2283650033143,5.0,-5.582270034451922,HERALD prévoit 691 créations en 2026 (p5 national). Le signal sectoriel est porté principalement par GI et MN. La zone présente une forte dépendance au pôle Abbeville (concentration mobilité top3 = 0.77). HERALD est 2.7% en dessous de la baseline Ridge AR. → Score de risque très élevé: zone à surveiller. Note: baselines ARIMA/LSTM pending_hpc_battery — comparaison actuelle limitée à Ridge AR.
7619,Nord-du-Lot,2.5,faible,85.0,très élevé,exploratoire_poids_non_calibres,0.039285714285714285,0.07857142857142857,0.8464285714285714,0.03928571428571426,0.125,0.9071428571428571,0.1,0.3821428571428571,0.25357142857142856,0.875,0.9607142857142857,12.147525689159675,13.410904454635329,5,27.456534729069816,4,-51.155873867664624,"[2021, 2022, 2023, 2024]",[2025],disponible_2021_2024,pending_hpc_battery,pending_hpc_battery,pending_hpc_battery,pending_npz_extraction,789.273539432476,7.960077850007759,818.4130812491874,7.857142857142857,-2.0752432465910653,HERALD prévoit 789 créations en 2026 (p8 national). Le signal sectoriel est porté principalement par GI et BE. La zone présente une forte dépendance au pôle Brive-la-Gaillarde (concentration mobilité top3 = 0.62). HERALD est 3.6% en dessous de la baseline Ridge AR. → Score de risque très élevé: zone à surveiller. Note: baselines ARIMA/LSTM pending_hpc_battery — comparaison actuelle limitée à Ridge AR.
2703,Avallon,2.142857142857143,faible,96.78571428571429,très élevé,exploratoire_poids_non_calibres,0.02142857142857143,0.02142857142857143,0.975,0.07857142857142863,0.017857142857142905,0.9857142857142858,0.017857142857142856,0.7607142857142857,0.4,0.9821428571428571,0.9214285714285714,10.117276280878622,10.218219474641423,5,35.04089826748926,4,-70.8391622936167,"[2021, 2022, 2023, 2024]",[2025],disponible_2021_2024,pending_hpc_battery,pending_hpc_battery,pending_hpc_battery,pending_npz_extraction,558.4404583489071,17.518069569558055,483.5276955162655,2.142857142857143,-14.741914755892047,HERALD prévoit 558 créations en 2026 (p2 national). Le signal sectoriel est porté principalement par GI et MN. La zone présente une forte dépendance au pôle Auxerre (concentration mobilité top3 = 0.68). HERALD est 15.5% au-dessus de la baseline Ridge AR. → Score de risque très élevé: zone à surveiller. Note: baselines ARIMA/LSTM pending_hpc_battery — comparaison actuelle limitée à Ridge AR.
5209,La Flèche,1.7857142857142856,faible,93.57142857142857,très élevé,exploratoire_poids_non_calibres,0.014285714285714285,0.014285714285714285,0.9821428571428571,0.042857142857142816,0.010714285714285676,0.9928571428571429,0.05714285714285714,0.3357142857142857,0.7428571428571429,0.9892857142857143,0.9571428571428572,12.012313713252334,10.797315972754712,5,34.239107921136984,4,-68.46496118524993,"[2021, 2022, 2023, 2024]",[2025],disponible_2021_2024,pending_hpc_battery,pending_hpc_battery,pending_hpc_battery,pending_npz_extraction,500.246799201615,19.965785185825453,419.2701840587927,1.4285714285714286,-20.088370734566297,HERALD prévoit 500 créations en 2026 (p1 national). Le signal sectoriel est porté principalement par GI et MN. La zone présente une forte dépendance au pôle Angers (concentration mobilité top3 = 0.82). HERALD est 19.3% au-dessus de la baseline Ridge AR. → Score de risque très élevé: zone à surveiller. Note: baselines ARIMA/LSTM pending_hpc_battery — comparaison actuelle limitée à Ridge AR.
2818,Vire Normandie,1.4285714285714286,faible,92.14285714285714,très élevé,exploratoire_poids_non_calibres,0.08928571428571429,0.010714285714285714,0.8142857142857143,0.0035714285714285587,0.046428571428571375,0.8321428571428572,0.04642857142857143,0.7,0.5857142857142857,0.9535714285714286,0.9964285714285714,24.189564268271788,28.04774622610591,5,37.27993606458582,4,-24.764500192504496,"[2021, 2022, 2023, 2024]",[2025],disponible_2021_2024,pending_hpc_battery,pending_hpc_battery,pending_hpc_battery,pending_npz_extraction,420.5381543672668,7.229790768597054,459.1964490450012,1.0714285714285714,0.3671012809706031,HERALD prévoit 421 créations en 2026 (p1 national). Le signal sectoriel est porté principalement par GI et MN. La zone présente une forte dépendance au pôle Caen (concentration mobilité top3 = 0.75). HERALD est 8.4% en dessous de la baseline Ridge AR. → Score de risque très élevé: zone à surveiller. Note: baselines ARIMA/LSTM pending_hpc_battery — comparaison actuelle limitée à Ridge AR.
9302,Briançon,1.0714285714285714,faible,7.142857142857142,faible,exploratoire_poids_non_calibres,0.2,0.16428571428571428,0.16428571428571428,0.16428571428571426,0.0535714285714286,0.025000000000000022,0.03214285714285714,0.03214285714285714,0.45714285714285713,0.9464285714285714,0.8357142857142857,6.358598485369231,6.922105065561215,5,12.731696121827381,4,-45.630927730878916,"[2021, 2022, 2023, 2024]",[2025],disponible_2021_2024,pending_hpc_battery,pending_hpc_battery,pending_hpc_battery,pending_npz_extraction,987.4374424306723,15.844049448913301,1121.7907093374106,16.428571428571427,13.498556601226696,"HERALD prévoit 987 créations en 2026 (p16 national). Le signal sectoriel est porté principalement par GI et OQ. La zone présente une forte dépendance au pôle Gap (concentration mobilité top3 = 0.70). HERALD est 12.0% en dessous de la baseline Ridge AR. → Score d'opportunité faible, risque faible. Note: baselines ARIMA/LSTM pending_hpc_battery — comparaison actuelle limitée à Ridge AR."
5204,Château-Gontier-sur-Mayenne,0.7142857142857143,faible,90.89285714285714,très élevé,exploratoire_poids_non_calibres,0.010714285714285714,0.007142857142857143,0.9642857142857143,0.021428571428571463,0.021428571428571463,0.9892857142857143,0.02142857142857143,0.2892857142857143,0.6714285714285714,0.9785714285714285,0.9785714285714285,14.705428754972576,13.758588703393807,5,31.62025071796662,4,-56.48804677068491,"[2021, 2022, 2023, 2024]",[2025],disponible_2021_2024,pending_hpc_battery,pending_hpc_battery,pending_hpc_battery,pending_npz_extraction,382.81061663342007,10.691438191186531,330.05869211864956,0.7142857142857143,-16.598994197511967,HERALD prévoit 383 créations en 2026 (p1 national). Le signal sectoriel est porté principalement par GI et MN. La zone présente une forte dépendance au pôle Laval (concentration mobilité top3 = 0.78). HERALD est 16.0% au-dessus de la baseline Ridge AR. → Score de risque très élevé: zone à surveiller. Note: baselines ARIMA/LSTM pending_hpc_battery — comparaison actuelle limitée à Ridge AR.
2801,Argentan,0.35714285714285715,faible,95.0,très élevé,exploratoire_poids_non_calibres,0.0035714285714285713,0.0035714285714285713,0.9678571428571429,0.0071428571428571175,0.0035714285714285587,0.9964285714285714,0.039285714285714285,0.49642857142857144,0.5107142857142857,0.9964285714285714,0.9928571428571429,23.558149825982362,20.88763831629724,5,35.653323244982374,4,-41.41461043400256,"[2021, 2022, 2023, 2024]",[2025],disponible_2021_2024,pending_hpc_battery,pending_hpc_battery,pending_hpc_battery,pending_npz_extraction,275.45079480453916,11.59597682205568,218.4843721513409,0.35714285714285715,-34.416477427490676,HERALD prévoit 275 créations en 2026 (p0 national). Le signal sectoriel est porté principalement par GI et MN. La zone présente une forte dépendance au pôle Caen (concentration mobilité top3 = 0.73). HERALD est 26.1% au-dessus de la baseline Ridge AR. → Score de risque très élevé: zone à surveiller. Note: baselines ARIMA/LSTM pending_hpc_battery — comparaison actuelle limitée à Ridge AR.
