ze2020,sector_code,year,y_true,fold,persistence
0051,BE,2013,54.0,0,57.0
0051,FZ,2013,147.0,0,154.0
0051,GI,2013,240.0,0,232.0
0051,JZ,2013,29.0,0,20.0
0051,KZ,2013,21.0,0,26.0
0051,LZ,2013,17.0,0,34.0
0051,MN,2013,81.0,0,109.0
0051,OQ,2013,77.0,0,85.0
0051,RU,2013,89.0,0,108.0
0056,BE,2013,30.0,0,39.0
0056,FZ,2013,83.0,0,78.0
0056,GI,2013,180.0,0,161.0
0056,JZ,2013,7.0,0,10.0
0056,KZ,2013,21.0,0,7.0
0056,LZ,2013,9.0,0,21.0
0056,MN,2013,73.0,0,58.0
0056,OQ,2013,42.0,0,41.0
0056,RU,2013,50.0,0,72.0
0061,BE,2013,34.0,0,37.0
0061,FZ,2013,61.0,0,89.0
0061,GI,2013,118.0,0,139.0
0061,JZ,2013,14.0,0,13.0
0061,KZ,2013,18.0,0,17.0
0061,LZ,2013,11.0,0,10.0
0061,MN,2013,81.0,0,56.0
0061,OQ,2013,35.0,0,37.0
0061,RU,2013,44.0,0,51.0
1102,BE,2013,36.0,0,35.0
1102,FZ,2013,121.0,0,103.0
1102,GI,2013,183.0,0,171.0
1102,JZ,2013,14.0,0,21.0
1102,KZ,2013,14.0,0,12.0
1102,LZ,2013,10.0,0,14.0
1102,MN,2013,114.0,0,103.0
1102,OQ,2013,68.0,0,56.0
1102,RU,2013,84.0,0,88.0
1107,BE,2013,66.0,0,87.0
1107,FZ,2013,272.0,0,308.0
1107,GI,2013,529.0,0,547.0
1107,JZ,2013,63.0,0,79.0
1107,KZ,2013,45.0,0,41.0
1107,LZ,2013,38.0,0,35.0
1107,MN,2013,307.0,0,297.0
1107,OQ,2013,154.0,0,137.0
1107,RU,2013,191.0,0,198.0
1112,BE,2013,258.0,0,264.0
1112,FZ,2013,1548.0,0,1492.0
1112,GI,2013,3048.0,0,2647.0
1112,JZ,2013,412.0,0,401.0
1112,KZ,2013,130.0,0,186.0
1112,LZ,2013,134.0,0,130.0
1112,MN,2013,1423.0,0,1441.0
1112,OQ,2013,653.0,0,628.0
1112,RU,2013,610.0,0,721.0
2402,BE,2013,98.0,0,100.0
2402,FZ,2013,168.0,0,194.0
2402,GI,2013,447.0,0,390.0
2402,JZ,2013,36.0,0,32.0
2402,KZ,2013,41.0,0,56.0
2402,LZ,2013,48.0,0,59.0
2402,MN,2013,180.0,0,195.0
2402,OQ,2013,147.0,0,151.0
2402,RU,2013,118.0,0,174.0
2407,BE,2013,28.0,0,30.0
2407,FZ,2013,56.0,0,87.0
2407,GI,2013,165.0,0,185.0
2407,JZ,2013,18.0,0,9.0
2407,KZ,2013,10.0,0,11.0
2407,LZ,2013,15.0,0,22.0
2407,MN,2013,90.0,0,75.0
2407,OQ,2013,52.0,0,49.0
2407,RU,2013,80.0,0,75.0
2412,BE,2013,37.0,0,52.0
2412,FZ,2013,103.0,0,142.0
2412,GI,2013,217.0,0,221.0
2412,JZ,2013,12.0,0,11.0
2412,KZ,2013,30.0,0,16.0
2412,LZ,2013,25.0,0,25.0
2412,MN,2013,74.0,0,75.0
2412,OQ,2013,63.0,0,54.0
2412,RU,2013,64.0,0,73.0
2702,BE,2013,69.0,0,100.0
2702,FZ,2013,168.0,0,182.0
2702,GI,2013,465.0,0,425.0
2702,JZ,2013,30.0,0,32.0
2702,KZ,2013,57.0,0,50.0
2702,LZ,2013,34.0,0,46.0
2702,MN,2013,240.0,0,204.0
2702,OQ,2013,143.0,0,135.0
2702,RU,2013,133.0,0,158.0
2707,BE,2013,70.0,0,57.0
2707,FZ,2013,145.0,0,137.0
2707,GI,2013,388.0,0,344.0
2707,JZ,2013,31.0,0,37.0
2707,KZ,2013,38.0,0,33.0
2707,LZ,2013,35.0,0,34.0
2707,MN,2013,201.0,0,194.0
2707,OQ,2013,140.0,0,125.0
2707,RU,2013,132.0,0,139.0
2712,BE,2013,42.0,0,58.0
2712,FZ,2013,92.0,0,106.0
2712,GI,2013,223.0,0,187.0
2712,JZ,2013,17.0,0,12.0
2712,KZ,2013,13.0,0,12.0
2712,LZ,2013,28.0,0,24.0
2712,MN,2013,86.0,0,78.0
2712,OQ,2013,79.0,0,66.0
2712,RU,2013,74.0,0,89.0
2717,BE,2013,45.0,0,58.0
2717,FZ,2013,111.0,0,142.0
2717,GI,2013,293.0,0,306.0
2717,JZ,2013,28.0,0,31.0
2717,KZ,2013,26.0,0,25.0
2717,LZ,2013,23.0,0,29.0
2717,MN,2013,132.0,0,121.0
2717,OQ,2013,72.0,0,85.0
2717,RU,2013,115.0,0,106.0
2804,BE,2013,191.0,0,217.0
2804,FZ,2013,594.0,0,684.0
2804,GI,2013,1353.0,0,1318.0
2804,JZ,2013,162.0,0,176.0
2804,KZ,2013,146.0,0,147.0
2804,LZ,2013,113.0,0,134.0
2804,MN,2013,718.0,0,812.0
2804,OQ,2013,539.0,0,513.0
2804,RU,2013,456.0,0,560.0
2809,BE,2013,25.0,0,35.0
2809,FZ,2013,65.0,0,71.0
2809,GI,2013,184.0,0,145.0
2809,JZ,2013,13.0,0,9.0
2809,KZ,2013,9.0,0,14.0
2809,LZ,2013,21.0,0,21.0
2809,MN,2013,46.0,0,61.0
2809,OQ,2013,50.0,0,46.0
2809,RU,2013,63.0,0,54.0
2814,BE,2013,29.0,0,34.0
2814,FZ,2013,84.0,0,121.0
2814,GI,2013,196.0,0,202.0
2814,JZ,2013,7.0,0,14.0
2814,KZ,2013,12.0,0,16.0
2814,LZ,2013,18.0,0,27.0
2814,MN,2013,85.0,0,114.0
2814,OQ,2013,46.0,0,62.0
2814,RU,2013,62.0,0,82.0
2819,BE,2013,30.0,0,39.0
2819,FZ,2013,72.0,0,70.0
2819,GI,2013,207.0,0,152.0
2819,JZ,2013,19.0,0,23.0
2819,KZ,2013,12.0,0,18.0
2819,LZ,2013,22.0,0,21.0
2819,MN,2013,88.0,0,104.0
2819,OQ,2013,75.0,0,59.0
2819,RU,2013,64.0,0,100.0
3205,BE,2013,91.0,0,78.0
3205,FZ,2013,241.0,0,276.0
3205,GI,2013,474.0,0,498.0
3205,JZ,2013,38.0,0,35.0
3205,KZ,2013,45.0,0,40.0
3205,LZ,2013,30.0,0,37.0
3205,MN,2013,189.0,0,227.0
3205,OQ,2013,199.0,0,163.0
3205,RU,2013,193.0,0,248.0
3210,BE,2013,84.0,0,77.0
3210,FZ,2013,194.0,0,186.0
3210,GI,2013,432.0,0,407.0
3210,JZ,2013,41.0,0,68.0
3210,KZ,2013,34.0,0,32.0
3210,LZ,2013,50.0,0,54.0
3210,MN,2013,254.0,0,225.0
3210,OQ,2013,172.0,0,179.0
3210,RU,2013,137.0,0,202.0
3215,BE,2013,110.0,0,97.0
3215,FZ,2013,332.0,0,369.0
3215,GI,2013,795.0,0,838.0
3215,JZ,2013,57.0,0,66.0
3215,KZ,2013,45.0,0,61.0
3215,LZ,2013,39.0,0,52.0
3215,MN,2013,264.0,0,281.0
3215,OQ,2013,245.0,0,245.0
3215,RU,2013,265.0,0,313.0
3220,BE,2013,86.0,0,72.0
3220,FZ,2013,218.0,0,243.0
3220,GI,2013,531.0,0,476.0
3220,JZ,2013,41.0,0,25.0
3220,KZ,2013,41.0,0,41.0
3220,LZ,2013,50.0,0,34.0
3220,MN,2013,177.0,0,213.0
3220,OQ,2013,153.0,0,120.0
3220,RU,2013,200.0,0,193.0
4403,BE,2013,84.0,0,60.0
4403,FZ,2013,171.0,0,182.0
4403,GI,2013,462.0,0,371.0
4403,JZ,2013,31.0,0,32.0
4403,KZ,2013,34.0,0,12.0
4403,LZ,2013,20.0,0,15.0
4403,MN,2013,128.0,0,134.0
4403,OQ,2013,114.0,0,94.0
4403,RU,2013,141.0,0,148.0
4408,BE,2013,43.0,0,46.0
4408,FZ,2013,156.0,0,166.0
4408,GI,2013,264.0,0,242.0
4408,JZ,2013,7.0,0,17.0
4408,KZ,2013,12.0,0,12.0
4408,LZ,2013,11.0,0,9.0
4408,MN,2013,90.0,0,107.0
4408,OQ,2013,56.0,0,68.0
4408,RU,2013,97.0,0,126.0
4413,BE,2013,108.0,0,119.0
4413,FZ,2013,350.0,0,329.0
4413,GI,2013,769.0,0,733.0
4413,JZ,2013,102.0,0,125.0
4413,KZ,2013,111.0,0,131.0
4413,LZ,2013,99.0,0,120.0
4413,MN,2013,474.0,0,462.0
4413,OQ,2013,353.0,0,326.0
4413,RU,2013,279.0,0,304.0
4418,BE,2013,53.0,0,38.0
4418,FZ,2013,59.0,0,77.0
4418,GI,2013,237.0,0,205.0
4418,JZ,2013,21.0,0,15.0
4418,KZ,2013,14.0,0,8.0
4418,LZ,2013,25.0,0,22.0
4418,MN,2013,92.0,0,86.0
4418,OQ,2013,75.0,0,68.0
4418,RU,2013,76.0,0,96.0
4423,BE,2013,335.0,0,285.0
4423,FZ,2013,771.0,0,804.0
4423,GI,2013,2015.0,0,1674.0
4423,JZ,2013,385.0,0,365.0
4423,KZ,2013,219.0,0,230.0
4423,LZ,2013,242.0,0,280.0
4423,MN,2013,1476.0,0,1354.0
4423,OQ,2013,952.0,0,938.0
4423,RU,2013,687.0,0,737.0
5201,BE,2013,80.0,0,72.0
5201,FZ,2013,78.0,0,98.0
5201,GI,2013,205.0,0,161.0
5201,JZ,2013,20.0,0,19.0
5201,KZ,2013,25.0,0,22.0
5201,LZ,2013,36.0,0,34.0
5201,MN,2013,121.0,0,117.0
5201,OQ,2013,76.0,0,74.0
5201,RU,2013,81.0,0,86.0
5206,BE,2013,78.0,0,103.0
5206,FZ,2013,151.0,0,164.0
5206,GI,2013,380.0,0,318.0
5206,JZ,2013,29.0,0,29.0
5206,KZ,2013,57.0,0,53.0
5206,LZ,2013,49.0,0,63.0
5206,MN,2013,177.0,0,191.0
5206,OQ,2013,110.0,0,109.0
5206,RU,2013,110.0,0,138.0
5211,BE,2013,76.0,0,88.0
5211,FZ,2013,97.0,0,113.0
5211,GI,2013,273.0,0,280.0
5211,JZ,2013,39.0,0,44.0
5211,KZ,2013,43.0,0,35.0
5211,LZ,2013,44.0,0,55.0
5211,MN,2013,216.0,0,212.0
5211,OQ,2013,140.0,0,113.0
5211,RU,2013,98.0,0,109.0
5216,BE,2013,437.0,0,472.0
5216,FZ,2013,1010.0,0,1010.0
5216,GI,2013,1833.0,0,1761.0
5216,JZ,2013,526.0,0,501.0
5216,KZ,2013,344.0,0,364.0
5216,LZ,2013,399.0,0,396.0
5216,MN,2013,1769.0,0,2048.0
5216,OQ,2013,1190.0,0,1165.0
5216,RU,2013,834.0,0,923.0
5221,BE,2013,42.0,0,22.0
5221,FZ,2013,46.0,0,53.0
5221,GI,2013,85.0,0,83.0
5221,JZ,2013,11.0,0,7.0
5221,KZ,2013,16.0,0,7.0
5221,LZ,2013,18.0,0,15.0
5221,MN,2013,55.0,0,51.0
5221,OQ,2013,36.0,0,33.0
5221,RU,2013,33.0,0,26.0
5305,BE,2013,38.0,0,23.0
5305,FZ,2013,45.0,0,48.0
5305,GI,2013,141.0,0,104.0
5305,JZ,2013,14.0,0,10.0
5305,KZ,2013,16.0,0,12.0
5305,LZ,2013,18.0,0,18.0
5305,MN,2013,72.0,0,67.0
5305,OQ,2013,51.0,0,39.0
5305,RU,2013,32.0,0,47.0
5310,BE,2013,50.0,0,62.0
5310,FZ,2013,88.0,0,99.0
5310,GI,2013,194.0,0,230.0
5310,JZ,2013,12.0,0,22.0
5310,KZ,2013,19.0,0,30.0
5310,LZ,2013,28.0,0,26.0
5310,MN,2013,120.0,0,112.0
5310,OQ,2013,91.0,0,118.0
5310,RU,2013,106.0,0,81.0
5315,BE,2013,323.0,0,330.0
5315,FZ,2013,519.0,0,616.0
5315,GI,2013,1378.0,0,1173.0
5315,JZ,2013,312.0,0,317.0
5315,KZ,2013,381.0,0,291.0
5315,LZ,2013,186.0,0,239.0
5315,MN,2013,1117.0,0,1242.0
5315,OQ,2013,845.0,0,818.0
5315,RU,2013,625.0,0,634.0
7501,BE,2013,121.0,0,167.0
7501,FZ,2013,159.0,0,155.0
7501,GI,2013,404.0,0,324.0
7501,JZ,2013,27.0,0,20.0
7501,KZ,2013,38.0,0,42.0
7501,LZ,2013,31.0,0,37.0
7501,MN,2013,184.0,0,207.0
7501,OQ,2013,132.0,0,116.0
7501,RU,2013,133.0,0,146.0
7506,BE,2013,122.0,0,97.0
7506,FZ,2013,66.0,0,79.0
7506,GI,2013,237.0,0,204.0
7506,JZ,2013,17.0,0,18.0
7506,KZ,2013,23.0,0,34.0
7506,LZ,2013,32.0,0,31.0
7506,MN,2013,89.0,0,116.0
7506,OQ,2013,65.0,0,55.0
7506,RU,2013,79.0,0,54.0
7511,BE,2013,185.0,0,229.0
7511,FZ,2013,117.0,0,147.0
7511,GI,2013,238.0,0,243.0
7511,JZ,2013,16.0,0,23.0
7511,KZ,2013,19.0,0,14.0
7511,LZ,2013,29.0,0,29.0
7511,MN,2013,105.0,0,115.0
7511,OQ,2013,70.0,0,80.0
7511,RU,2013,105.0,0,118.0
7516,BE,2013,132.0,0,87.0
7516,FZ,2013,270.0,0,248.0
7516,GI,2013,497.0,0,481.0
7516,JZ,2013,40.0,0,26.0
7516,KZ,2013,48.0,0,38.0
7516,LZ,2013,62.0,0,49.0
7516,MN,2013,260.0,0,248.0
7516,OQ,2013,145.0,0,117.0
7516,RU,2013,190.0,0,182.0
7521,BE,2013,53.0,0,64.0
7521,FZ,2013,67.0,0,82.0
7521,GI,2013,136.0,0,146.0
7521,JZ,2013,17.0,0,7.0
7521,KZ,2013,15.0,0,12.0
7521,LZ,2013,17.0,0,11.0
7521,MN,2013,79.0,0,79.0
7521,OQ,2013,100.0,0,71.0
7521,RU,2013,83.0,0,67.0
7526,BE,2013,76.0,0,86.0
7526,FZ,2013,184.0,0,192.0
7526,GI,2013,464.0,0,470.0
7526,JZ,2013,30.0,0,22.0
7526,KZ,2013,39.0,0,26.0
7526,LZ,2013,69.0,0,89.0
7526,MN,2013,198.0,0,186.0
7526,OQ,2013,157.0,0,119.0
7526,RU,2013,158.0,0,185.0
7531,BE,2013,125.0,0,77.0
7531,FZ,2013,100.0,0,100.0
7531,GI,2013,179.0,0,186.0
7531,JZ,2013,7.0,0,13.0
7531,KZ,2013,14.0,0,14.0
7531,LZ,2013,13.0,0,14.0
7531,MN,2013,76.0,0,79.0
7531,OQ,2013,68.0,0,71.0
7531,RU,2013,67.0,0,70.0
7604,BE,2013,181.0,0,146.0
7604,FZ,2013,236.0,0,271.0
7604,GI,2013,385.0,0,409.0
7604,JZ,2013,26.0,0,47.0
7604,KZ,2013,41.0,0,35.0
7604,LZ,2013,56.0,0,70.0
7604,MN,2013,208.0,0,217.0
7604,OQ,2013,166.0,0,161.0
7604,RU,2013,132.0,0,180.0
7609,BE,2013,64.0,0,40.0
7609,FZ,2013,103.0,0,118.0
7609,GI,2013,188.0,0,221.0
7609,JZ,2013,11.0,0,15.0
7609,KZ,2013,9.0,0,10.0
7609,LZ,2013,13.0,0,18.0
7609,MN,2013,103.0,0,100.0
7609,OQ,2013,58.0,0,49.0
7609,RU,2013,75.0,0,85.0
7614,BE,2013,86.0,0,66.0
7614,FZ,2013,48.0,0,80.0
7614,GI,2013,145.0,0,167.0
7614,JZ,2013,10.0,0,15.0
7614,KZ,2013,17.0,0,24.0
7614,LZ,2013,20.0,0,19.0
7614,MN,2013,58.0,0,82.0
7614,OQ,2013,57.0,0,78.0
7614,RU,2013,65.0,0,77.0
7619,BE,2013,237.0,0,63.0
7619,FZ,2013,56.0,0,63.0
7619,GI,2013,141.0,0,138.0
7619,JZ,2013,14.0,0,11.0
7619,KZ,2013,6.0,0,12.0
7619,LZ,2013,15.0,0,26.0
7619,MN,2013,42.0,0,59.0
7619,OQ,2013,32.0,0,37.0
7619,RU,2013,42.0,0,50.0
7624,BE,2013,155.0,0,159.0
7624,FZ,2013,331.0,0,370.0
7624,GI,2013,618.0,0,605.0
7624,JZ,2013,36.0,0,36.0
7624,KZ,2013,52.0,0,62.0
7624,LZ,2013,91.0,0,108.0
7624,MN,2013,293.0,0,308.0
7624,OQ,2013,331.0,0,323.0
7624,RU,2013,234.0,0,313.0
8404,BE,2013,53.0,0,36.0
8404,FZ,2013,90.0,0,87.0
8404,GI,2013,134.0,0,116.0
8404,JZ,2013,11.0,0,15.0
8404,KZ,2013,8.0,0,6.0
8404,LZ,2013,13.0,0,17.0
8404,MN,2013,62.0,0,76.0
8404,OQ,2013,66.0,0,57.0
8404,RU,2013,55.0,0,44.0
8409,BE,2013,355.0,0,297.0
8409,FZ,2013,871.0,0,842.0
8409,GI,2013,1415.0,0,1399.0
8409,JZ,2013,331.0,0,349.0
8409,KZ,2013,190.0,0,151.0
8409,LZ,2013,181.0,0,228.0
8409,MN,2013,1267.0,0,1363.0
8409,OQ,2013,1015.0,0,952.0
8409,RU,2013,593.0,0,665.0
8414,BE,2013,51.0,0,42.0
8414,FZ,2013,112.0,0,134.0
8414,GI,2013,210.0,0,196.0
8414,JZ,2013,16.0,0,25.0
8414,KZ,2013,18.0,0,18.0
8414,LZ,2013,43.0,0,32.0
8414,MN,2013,124.0,0,124.0
8414,OQ,2013,118.0,0,106.0
8414,RU,2013,84.0,0,113.0
8419,BE,2013,93.0,0,71.0
8419,FZ,2013,135.0,0,130.0
8419,GI,2013,255.0,0,269.0
8419,JZ,2013,21.0,0,22.0
8419,KZ,2013,30.0,0,36.0
8419,LZ,2013,28.0,0,35.0
8419,MN,2013,106.0,0,96.0
8419,OQ,2013,103.0,0,94.0
8419,RU,2013,99.0,0,87.0
8424,BE,2013,91.0,0,67.0
8424,FZ,2013,102.0,0,88.0
8424,GI,2013,257.0,0,188.0
8424,JZ,2013,15.0,0,14.0
8424,KZ,2013,13.0,0,19.0
8424,LZ,2013,17.0,0,33.0
8424,MN,2013,86.0,0,94.0
8424,OQ,2013,84.0,0,90.0
8424,RU,2013,79.0,0,87.0
8429,BE,2013,132.0,0,97.0
8429,FZ,2013,20.0,0,26.0
8429,GI,2013,61.0,0,78.0
8429,JZ,2013,3.0,0,8.0
8429,KZ,2013,12.0,0,4.0
8429,LZ,2013,13.0,0,18.0
8429,MN,2013,35.0,0,25.0
8429,OQ,2013,21.0,0,19.0
8429,RU,2013,19.0,0,28.0
8434,BE,2013,94.0,0,92.0
8434,FZ,2013,234.0,0,211.0
8434,GI,2013,486.0,0,480.0
8434,JZ,2013,42.0,0,59.0
8434,KZ,2013,51.0,0,51.0
8434,LZ,2013,53.0,0,71.0
8434,MN,2013,256.0,0,332.0
8434,OQ,2013,177.0,0,205.0
8434,RU,2013,153.0,0,167.0
9304,BE,2013,307.0,0,354.0
9304,FZ,2013,1232.0,0,1367.0
9304,GI,2013,1949.0,0,1999.0
9304,JZ,2013,295.0,0,378.0
9304,KZ,2013,210.0,0,216.0
9304,LZ,2013,468.0,0,515.0
9304,MN,2013,1595.0,0,1840.0
9304,OQ,2013,726.0,0,708.0
9304,RU,2013,762.0,0,983.0
9309,BE,2013,76.0,0,95.0
9309,FZ,2013,319.0,0,345.0
9309,GI,2013,633.0,0,625.0
9309,JZ,2013,32.0,0,43.0
9309,KZ,2013,57.0,0,28.0
9309,LZ,2013,80.0,0,92.0
9309,MN,2013,373.0,0,349.0
9309,OQ,2013,187.0,0,177.0
9309,RU,2013,155.0,0,193.0
9314,BE,2013,45.0,0,37.0
9314,FZ,2013,169.0,0,166.0
9314,GI,2013,276.0,0,256.0
9314,JZ,2013,25.0,0,31.0
9314,KZ,2013,25.0,0,14.0
9314,LZ,2013,89.0,0,84.0
9314,MN,2013,150.0,0,185.0
9314,OQ,2013,107.0,0,99.0
9314,RU,2013,111.0,0,138.0
0052,BE,2013,150.0,1,298.0
0052,FZ,2013,209.0,1,271.0
0052,GI,2013,570.0,1,524.0
0052,JZ,2013,33.0,1,46.0
0052,KZ,2013,40.0,1,27.0
0052,LZ,2013,40.0,1,55.0
0052,MN,2013,284.0,1,273.0
0052,OQ,2013,127.0,1,128.0
0052,RU,2013,196.0,1,210.0
0057,BE,2013,56.0,1,63.0
0057,FZ,2013,175.0,1,185.0
0057,GI,2013,354.0,1,369.0
0057,JZ,2013,32.0,1,26.0
0057,KZ,2013,25.0,1,24.0
0057,LZ,2013,31.0,1,19.0
0057,MN,2013,145.0,1,209.0
0057,OQ,2013,116.0,1,77.0
0057,RU,2013,104.0,1,121.0
0062,BE,2013,52.0,1,46.0
0062,FZ,2013,74.0,1,84.0
0062,GI,2013,158.0,1,154.0
0062,JZ,2013,18.0,1,14.0
0062,KZ,2013,19.0,1,16.0
0062,LZ,2013,19.0,1,22.0
0062,MN,2013,92.0,1,80.0
0062,OQ,2013,76.0,1,58.0
0062,RU,2013,60.0,1,76.0
1103,BE,2013,41.0,1,45.0
1103,FZ,2013,136.0,1,135.0
1103,GI,2013,213.0,1,229.0
1103,JZ,2013,38.0,1,39.0
1103,KZ,2013,21.0,1,17.0
1103,LZ,2013,29.0,1,25.0
1103,MN,2013,138.0,1,157.0
1103,OQ,2013,97.0,1,74.0
1103,RU,2013,96.0,1,117.0
1108,BE,2013,56.0,1,61.0
1108,FZ,2013,280.0,1,285.0
1108,GI,2013,487.0,1,423.0
1108,JZ,2013,75.0,1,94.0
1108,KZ,2013,41.0,1,26.0
1108,LZ,2013,41.0,1,57.0
1108,MN,2013,300.0,1,306.0
1108,OQ,2013,178.0,1,151.0
1108,RU,2013,208.0,1,214.0
1113,BE,2013,146.0,1,157.0
1113,FZ,2013,575.0,1,555.0
1113,GI,2013,1178.0,1,1156.0
1113,JZ,2013,298.0,1,356.0
1113,KZ,2013,148.0,1,108.0
1113,LZ,2013,85.0,1,133.0
1113,MN,2013,984.0,1,1094.0
1113,OQ,2013,525.0,1,463.0
1113,RU,2013,487.0,1,496.0
2403,BE,2013,65.0,1,70.0
2403,FZ,2013,159.0,1,187.0
2403,GI,2013,458.0,1,416.0
2403,JZ,2013,55.0,1,77.0
2403,KZ,2013,70.0,1,51.0
2403,LZ,2013,36.0,1,38.0
2403,MN,2013,270.0,1,271.0
2403,OQ,2013,151.0,1,149.0
2403,RU,2013,158.0,1,181.0
2408,BE,2013,42.0,1,37.0
2408,FZ,2013,65.0,1,71.0
2408,GI,2013,112.0,1,105.0
2408,JZ,2013,6.0,1,8.0
2408,KZ,2013,9.0,1,8.0
2408,LZ,2013,16.0,1,20.0
2408,MN,2013,46.0,1,60.0
2408,OQ,2013,35.0,1,44.0
2408,RU,2013,31.0,1,40.0
2413,BE,2013,197.0,1,227.0
2413,FZ,2013,476.0,1,576.0
2413,GI,2013,1187.0,1,1191.0
2413,JZ,2013,145.0,1,168.0
2413,KZ,2013,142.0,1,144.0
2413,LZ,2013,160.0,1,184.0
2413,MN,2013,702.0,1,759.0
2413,OQ,2013,566.0,1,543.0
2413,RU,2013,427.0,1,486.0
2703,BE,2013,26.0,1,29.0
2703,FZ,2013,53.0,1,41.0
2703,GI,2013,157.0,1,134.0
2703,JZ,2013,7.0,1,5.0
2703,KZ,2013,15.0,1,16.0
2703,LZ,2013,13.0,1,8.0
2703,MN,2013,49.0,1,48.0
2703,OQ,2013,28.0,1,35.0
2703,RU,2013,50.0,1,59.0
2708,BE,2013,60.0,1,36.0
2708,FZ,2013,37.0,1,57.0
2708,GI,2013,195.0,1,214.0
2708,JZ,2013,10.0,1,13.0
2708,KZ,2013,15.0,1,22.0
2708,LZ,2013,26.0,1,33.0
2708,MN,2013,91.0,1,85.0
2708,OQ,2013,65.0,1,59.0
2708,RU,2013,75.0,1,90.0
2713,BE,2013,95.0,1,96.0
2713,FZ,2013,129.0,1,180.0
2713,GI,2013,430.0,1,380.0
2713,JZ,2013,35.0,1,21.0
2713,KZ,2013,31.0,1,39.0
2713,LZ,2013,39.0,1,59.0
2713,MN,2013,158.0,1,188.0
2713,OQ,2013,126.0,1,151.0
2713,RU,2013,136.0,1,150.0
2718,BE,2013,55.0,1,78.0
2718,FZ,2013,108.0,1,104.0
2718,GI,2013,269.0,1,289.0
2718,JZ,2013,12.0,1,13.0
2718,KZ,2013,18.0,1,27.0
2718,LZ,2013,18.0,1,24.0
2718,MN,2013,95.0,1,110.0
2718,OQ,2013,106.0,1,98.0
2718,RU,2013,94.0,1,98.0
2805,BE,2013,51.0,1,39.0
2805,FZ,2013,77.0,1,98.0
2805,GI,2013,338.0,1,292.0
2805,JZ,2013,27.0,1,25.0
2805,KZ,2013,29.0,1,28.0
2805,LZ,2013,27.0,1,40.0
2805,MN,2013,126.0,1,154.0
2805,OQ,2013,123.0,1,141.0
2805,RU,2013,136.0,1,142.0
2810,BE,2013,24.0,1,26.0
2810,FZ,2013,34.0,1,38.0
2810,GI,2013,130.0,1,129.0
2810,JZ,2013,11.0,1,5.0
2810,KZ,2013,15.0,1,18.0
2810,LZ,2013,15.0,1,13.0
2810,MN,2013,66.0,1,72.0
2810,OQ,2013,40.0,1,44.0
2810,RU,2013,41.0,1,63.0
2815,BE,2013,195.0,1,245.0
2815,FZ,2013,658.0,1,701.0
2815,GI,2013,1393.0,1,1473.0
2815,JZ,2013,203.0,1,192.0
2815,KZ,2013,159.0,1,180.0
2815,LZ,2013,139.0,1,158.0
2815,MN,2013,928.0,1,919.0
2815,OQ,2013,619.0,1,569.0
2815,RU,2013,580.0,1,577.0
3201,BE,2013,30.0,1,36.0
3201,FZ,2013,88.0,1,88.0
3201,GI,2013,205.0,1,189.0
3201,JZ,2013,6.0,1,14.0
3201,KZ,2013,10.0,1,11.0
3201,LZ,2013,20.0,1,24.0
3201,MN,2013,48.0,1,73.0
3201,OQ,2013,41.0,1,51.0
3201,RU,2013,78.0,1,101.0
3206,BE,2013,52.0,1,62.0
3206,FZ,2013,141.0,1,130.0
3206,GI,2013,342.0,1,334.0
3206,JZ,2013,23.0,1,27.0
3206,KZ,2013,33.0,1,18.0
3206,LZ,2013,44.0,1,51.0
3206,MN,2013,122.0,1,157.0
3206,OQ,2013,111.0,1,116.0
3206,RU,2013,83.0,1,120.0
3211,BE,2013,84.0,1,95.0
3211,FZ,2013,308.0,1,326.0
3211,GI,2013,781.0,1,720.0
3211,JZ,2013,79.0,1,114.0
3211,KZ,2013,64.0,1,52.0
3211,LZ,2013,59.0,1,73.0
3211,MN,2013,406.0,1,413.0
3211,OQ,2013,236.0,1,235.0
3211,RU,2013,274.0,1,283.0
3216,BE,2013,392.0,1,355.0
3216,FZ,2013,756.0,1,928.0
3216,GI,2013,2158.0,1,2090.0
3216,JZ,2013,500.0,1,550.0
3216,KZ,2013,294.0,1,334.0
3216,LZ,2013,259.0,1,257.0
3216,MN,2013,1818.0,1,1958.0
3216,OQ,2013,1450.0,1,1283.0
3216,RU,2013,800.0,1,885.0
3221,BE,2013,66.0,1,69.0
3221,FZ,2013,144.0,1,196.0
3221,GI,2013,353.0,1,377.0
3221,JZ,2013,26.0,1,31.0
3221,KZ,2013,32.0,1,27.0
3221,LZ,2013,25.0,1,27.0
3221,MN,2013,201.0,1,168.0
3221,OQ,2013,96.0,1,110.0
3221,RU,2013,127.0,1,143.0
4404,BE,2013,86.0,1,68.0
4404,FZ,2013,114.0,1,107.0
4404,GI,2013,276.0,1,263.0
4404,JZ,2013,17.0,1,23.0
4404,KZ,2013,21.0,1,30.0
4404,LZ,2013,17.0,1,21.0
4404,MN,2013,107.0,1,126.0
4404,OQ,2013,81.0,1,61.0
4404,RU,2013,93.0,1,114.0
4409,BE,2013,142.0,1,126.0
4409,FZ,2013,255.0,1,233.0
4409,GI,2013,564.0,1,611.0
4409,JZ,2013,36.0,1,55.0
4409,KZ,2013,39.0,1,62.0
4409,LZ,2013,64.0,1,66.0
4409,MN,2013,285.0,1,246.0
4409,OQ,2013,239.0,1,195.0
4409,RU,2013,184.0,1,199.0
4414,BE,2013,90.0,1,59.0
4414,FZ,2013,94.0,1,107.0
4414,GI,2013,286.0,1,222.0
4414,JZ,2013,14.0,1,13.0
4414,KZ,2013,22.0,1,26.0
4414,LZ,2013,36.0,1,32.0
4414,MN,2013,90.0,1,90.0
4414,OQ,2013,82.0,1,69.0
4414,RU,2013,87.0,1,76.0
4419,BE,2013,59.0,1,41.0
4419,FZ,2013,107.0,1,104.0
4419,GI,2013,257.0,1,206.0
4419,JZ,2013,18.0,1,13.0
4419,KZ,2013,20.0,1,15.0
4419,LZ,2013,14.0,1,18.0
4419,MN,2013,101.0,1,109.0
4419,OQ,2013,78.0,1,86.0
4419,RU,2013,101.0,1,97.0
4424,BE,2013,105.0,1,105.0
4424,FZ,2013,293.0,1,318.0
4424,GI,2013,707.0,1,619.0
4424,JZ,2013,58.0,1,60.0
4424,KZ,2013,49.0,1,45.0
4424,LZ,2013,43.0,1,52.0
4424,MN,2013,262.0,1,302.0
4424,OQ,2013,188.0,1,213.0
4424,RU,2013,204.0,1,274.0
5202,BE,2013,193.0,1,210.0
5202,FZ,2013,342.0,1,338.0
5202,GI,2013,796.0,1,837.0
5202,JZ,2013,104.0,1,115.0
5202,KZ,2013,132.0,1,123.0
5202,LZ,2013,85.0,1,131.0
5202,MN,2013,555.0,1,595.0
5202,OQ,2013,476.0,1,412.0
5202,RU,2013,287.0,1,349.0
5207,BE,2013,127.0,1,125.0
5207,FZ,2013,86.0,1,125.0
5207,GI,2013,298.0,1,234.0
5207,JZ,2013,14.0,1,27.0
5207,KZ,2013,33.0,1,16.0
5207,LZ,2013,35.0,1,31.0
5207,MN,2013,126.0,1,107.0
5207,OQ,2013,62.0,1,60.0
5207,RU,2013,99.0,1,109.0
5212,BE,2013,119.0,1,141.0
5212,FZ,2013,264.0,1,288.0
5212,GI,2013,741.0,1,655.0
5212,JZ,2013,81.0,1,91.0
5212,KZ,2013,96.0,1,74.0
5212,LZ,2013,74.0,1,70.0
5212,MN,2013,376.0,1,400.0
5212,OQ,2013,318.0,1,216.0
5212,RU,2013,249.0,1,275.0
5217,BE,2013,34.0,1,48.0
5217,FZ,2013,78.0,1,110.0
5217,GI,2013,174.0,1,179.0
5217,JZ,2013,14.0,1,13.0
5217,KZ,2013,23.0,1,21.0
5217,LZ,2013,22.0,1,42.0
5217,MN,2013,121.0,1,115.0
5217,OQ,2013,63.0,1,52.0
5217,RU,2013,81.0,1,107.0
5301,BE,2013,74.0,1,67.0
5301,FZ,2013,91.0,1,106.0
5301,GI,2013,268.0,1,245.0
5301,JZ,2013,24.0,1,19.0
5301,KZ,2013,19.0,1,28.0
5301,LZ,2013,37.0,1,60.0
5301,MN,2013,139.0,1,133.0
5301,OQ,2013,117.0,1,125.0
5301,RU,2013,121.0,1,113.0
5306,BE,2013,15.0,1,35.0
5306,FZ,2013,43.0,1,55.0
5306,GI,2013,99.0,1,97.0
5306,JZ,2013,4.0,1,7.0
5306,KZ,2013,9.0,1,10.0
5306,LZ,2013,7.0,1,12.0
5306,MN,2013,38.0,1,51.0
5306,OQ,2013,45.0,1,45.0
5306,RU,2013,44.0,1,46.0
5311,BE,2013,51.0,1,62.0
5311,FZ,2013,45.0,1,58.0
5311,GI,2013,162.0,1,142.0
5311,JZ,2013,16.0,1,14.0
5311,KZ,2013,19.0,1,13.0
5311,LZ,2013,20.0,1,24.0
5311,MN,2013,65.0,1,69.0
5311,OQ,2013,57.0,1,64.0
5311,RU,2013,69.0,1,75.0
5316,BE,2013,77.0,1,68.0
5316,FZ,2013,188.0,1,219.0
5316,GI,2013,412.0,1,383.0
5316,JZ,2013,35.0,1,51.0
5316,KZ,2013,63.0,1,54.0
5316,LZ,2013,48.0,1,42.0
5316,MN,2013,180.0,1,217.0
5316,OQ,2013,160.0,1,154.0
5316,RU,2013,120.0,1,149.0
7502,BE,2013,206.0,1,146.0
7502,FZ,2013,309.0,1,301.0
7502,GI,2013,584.0,1,596.0
7502,JZ,2013,47.0,1,58.0
7502,KZ,2013,71.0,1,52.0
7502,LZ,2013,55.0,1,57.0
7502,MN,2013,299.0,1,296.0
7502,OQ,2013,187.0,1,166.0
7502,RU,2013,255.0,1,232.0
7507,BE,2013,110.0,1,104.0
7507,FZ,2013,168.0,1,174.0
7507,GI,2013,318.0,1,326.0
7507,JZ,2013,28.0,1,26.0
7507,KZ,2013,23.0,1,28.0
7507,LZ,2013,26.0,1,35.0
7507,MN,2013,156.0,1,163.0
7507,OQ,2013,121.0,1,133.0
7507,RU,2013,125.0,1,133.0
7512,BE,2013,195.0,1,183.0
7512,FZ,2013,382.0,1,367.0
7512,GI,2013,733.0,1,728.0
7512,JZ,2013,83.0,1,108.0
7512,KZ,2013,77.0,1,98.0
7512,LZ,2013,107.0,1,186.0
7512,MN,2013,487.0,1,574.0
7512,OQ,2013,297.0,1,318.0
7512,RU,2013,310.0,1,359.0
7517,BE,2013,174.0,1,195.0
7517,FZ,2013,323.0,1,312.0
7517,GI,2013,670.0,1,621.0
7517,JZ,2013,71.0,1,78.0
7517,KZ,2013,74.0,1,84.0
7517,LZ,2013,84.0,1,90.0
7517,MN,2013,340.0,1,330.0
7517,OQ,2013,321.0,1,288.0
7517,RU,2013,260.0,1,256.0
7522,BE,2013,174.0,1,191.0
7522,FZ,2013,329.0,1,359.0
7522,GI,2013,682.0,1,627.0
7522,JZ,2013,99.0,1,87.0
7522,KZ,2013,89.0,1,79.0
7522,LZ,2013,114.0,1,111.0
7522,MN,2013,471.0,1,488.0
7522,OQ,2013,350.0,1,417.0
7522,RU,2013,307.0,1,382.0
7527,BE,2013,124.0,1,96.0
7527,FZ,2013,91.0,1,101.0
7527,GI,2013,212.0,1,193.0
7527,JZ,2013,13.0,1,18.0
7527,KZ,2013,19.0,1,11.0
7527,LZ,2013,27.0,1,25.0
7527,MN,2013,75.0,1,95.0
7527,OQ,2013,52.0,1,64.0
7527,RU,2013,92.0,1,90.0
7532,BE,2013,78.0,1,70.0
7532,FZ,2013,127.0,1,115.0
7532,GI,2013,256.0,1,256.0
7532,JZ,2013,15.0,1,17.0
7532,KZ,2013,25.0,1,18.0
7532,LZ,2013,30.0,1,32.0
7532,MN,2013,109.0,1,106.0
7532,OQ,2013,67.0,1,79.0
7532,RU,2013,84.0,1,108.0
7605,BE,2013,53.0,1,60.0
7605,FZ,2013,96.0,1,105.0
7605,GI,2013,200.0,1,224.0
7605,JZ,2013,17.0,1,15.0
7605,KZ,2013,10.0,1,19.0
7605,LZ,2013,15.0,1,15.0
7605,MN,2013,96.0,1,122.0
7605,OQ,2013,71.0,1,74.0
7605,RU,2013,77.0,1,89.0
7610,BE,2013,152.0,1,111.0
7610,FZ,2013,159.0,1,190.0
7610,GI,2013,414.0,1,362.0
7610,JZ,2013,28.0,1,34.0
7610,KZ,2013,23.0,1,38.0
7610,LZ,2013,30.0,1,54.0
7610,MN,2013,148.0,1,196.0
7610,OQ,2013,153.0,1,185.0
7610,RU,2013,148.0,1,153.0
7615,BE,2013,165.0,1,152.0
7615,FZ,2013,344.0,1,357.0
7615,GI,2013,550.0,1,616.0
7615,JZ,2013,44.0,1,40.0
7615,KZ,2013,33.0,1,38.0
7615,LZ,2013,59.0,1,49.0
7615,MN,2013,293.0,1,291.0
7615,OQ,2013,193.0,1,207.0
7615,RU,2013,181.0,1,241.0
7620,BE,2013,834.0,1,527.0
7620,FZ,2013,929.0,1,1012.0
7620,GI,2013,1979.0,1,1871.0
7620,JZ,2013,153.0,1,126.0
7620,KZ,2013,115.0,1,148.0
7620,LZ,2013,180.0,1,195.0
7620,MN,2013,809.0,1,807.0
7620,OQ,2013,619.0,1,648.0
7620,RU,2013,656.0,1,715.0
7625,BE,2013,734.0,1,614.0
7625,FZ,2013,1963.0,1,2230.0
7625,GI,2013,2905.0,1,2938.0
7625,JZ,2013,664.0,1,737.0
7625,KZ,2013,409.0,1,388.0
7625,LZ,2013,510.0,1,554.0
7625,MN,2013,2903.0,1,3035.0
7625,OQ,2013,2067.0,1,2076.0
7625,RU,2013,1268.0,1,1413.0
8405,BE,2013,133.0,1,133.0
8405,FZ,2013,313.0,1,330.0
8405,GI,2013,637.0,1,548.0
8405,JZ,2013,49.0,1,53.0
8405,KZ,2013,73.0,1,48.0
8405,LZ,2013,33.0,1,62.0
8405,MN,2013,302.0,1,320.0
8405,OQ,2013,251.0,1,263.0
8405,RU,2013,240.0,1,242.0
8410,BE,2013,59.0,1,66.0
8410,FZ,2013,80.0,1,98.0
8410,GI,2013,203.0,1,188.0
8410,JZ,2013,21.0,1,13.0
8410,KZ,2013,20.0,1,24.0
8410,LZ,2013,15.0,1,22.0
8410,MN,2013,76.0,1,69.0
8410,OQ,2013,82.0,1,67.0
8410,RU,2013,68.0,1,92.0
8415,BE,2013,57.0,1,53.0
8415,FZ,2013,188.0,1,171.0
8415,GI,2013,374.0,1,314.0
8415,JZ,2013,31.0,1,42.0
8415,KZ,2013,26.0,1,22.0
8415,LZ,2013,58.0,1,63.0
8415,MN,2013,179.0,1,195.0
8415,OQ,2013,175.0,1,214.0
8415,RU,2013,147.0,1,165.0
8420,BE,2013,63.0,1,53.0
8420,FZ,2013,86.0,1,75.0
8420,GI,2013,154.0,1,165.0
8420,JZ,2013,18.0,1,12.0
8420,KZ,2013,24.0,1,38.0
8420,LZ,2013,23.0,1,30.0
8420,MN,2013,80.0,1,79.0
8420,OQ,2013,70.0,1,83.0
8420,RU,2013,62.0,1,89.0
8425,BE,2013,46.0,1,49.0
8425,FZ,2013,52.0,1,67.0
8425,GI,2013,134.0,1,136.0
8425,JZ,2013,7.0,1,11.0
8425,KZ,2013,10.0,1,10.0
8425,LZ,2013,15.0,1,18.0
8425,MN,2013,66.0,1,74.0
8425,OQ,2013,46.0,1,37.0
8425,RU,2013,42.0,1,55.0
8430,BE,2013,36.0,1,22.0
8430,FZ,2013,48.0,1,62.0
8430,GI,2013,114.0,1,110.0
8430,JZ,2013,7.0,1,9.0
8430,KZ,2013,14.0,1,18.0
8430,LZ,2013,9.0,1,16.0
8430,MN,2013,54.0,1,64.0
8430,OQ,2013,34.0,1,42.0
8430,RU,2013,39.0,1,44.0
8435,BE,2013,131.0,1,129.0
8435,FZ,2013,354.0,1,381.0
8435,GI,2013,494.0,1,412.0
8435,JZ,2013,57.0,1,48.0
8435,KZ,2013,41.0,1,29.0
8435,LZ,2013,54.0,1,74.0
8435,MN,2013,292.0,1,309.0
8435,OQ,2013,235.0,1,246.0
8435,RU,2013,206.0,1,200.0
9305,BE,2013,68.0,1,76.0
9305,FZ,2013,232.0,1,240.0
9305,GI,2013,351.0,1,339.0
9305,JZ,2013,20.0,1,35.0
9305,KZ,2013,20.0,1,21.0
9305,LZ,2013,23.0,1,32.0
9305,MN,2013,172.0,1,174.0
9305,OQ,2013,110.0,1,110.0
9305,RU,2013,135.0,1,156.0
9310,BE,2013,160.0,1,95.0
9310,FZ,2013,132.0,1,177.0
9310,GI,2013,341.0,1,298.0
9310,JZ,2013,40.0,1,41.0
9310,KZ,2013,15.0,1,35.0
9310,LZ,2013,31.0,1,41.0
9310,MN,2013,157.0,1,177.0
9310,OQ,2013,220.0,1,202.0
9310,RU,2013,134.0,1,173.0
9315,BE,2013,294.0,1,356.0
9315,FZ,2013,1829.0,1,2090.0
9315,GI,2013,2364.0,1,2444.0
9315,JZ,2013,375.0,1,401.0
9315,KZ,2013,256.0,1,252.0
9315,LZ,2013,420.0,1,456.0
9315,MN,2013,2092.0,1,2173.0
9315,OQ,2013,1055.0,1,985.0
9315,RU,2013,975.0,1,1146.0
0053,BE,2013,176.0,2,231.0
0053,FZ,2013,558.0,2,633.0
0053,GI,2013,1091.0,2,1125.0
0053,JZ,2013,99.0,2,120.0
0053,KZ,2013,110.0,2,91.0
0053,LZ,2013,84.0,2,109.0
0053,MN,2013,596.0,2,614.0
0053,OQ,2013,354.0,2,379.0
0053,RU,2013,366.0,2,460.0
0058,BE,2013,41.0,2,35.0
0058,FZ,2013,46.0,2,57.0
0058,GI,2013,145.0,2,127.0
0058,JZ,2013,6.0,2,9.0
0058,KZ,2013,11.0,2,9.0
0058,LZ,2013,11.0,2,17.0
0058,MN,2013,40.0,2,58.0
0058,OQ,2013,33.0,2,23.0
0058,RU,2013,65.0,2,66.0
0063,BE,2013,174.0,2,92.0
0063,FZ,2013,60.0,2,48.0
0063,GI,2013,138.0,2,154.0
0063,JZ,2013,2.0,2,7.0
0063,KZ,2013,8.0,2,9.0
0063,LZ,2013,19.0,2,29.0
0063,MN,2013,64.0,2,59.0
0063,OQ,2013,52.0,2,58.0
0063,RU,2013,52.0,2,43.0
1104,BE,2013,171.0,2,177.0
1104,FZ,2013,817.0,2,870.0
1104,GI,2013,1489.0,2,1447.0
1104,JZ,2013,287.0,2,346.0
1104,KZ,2013,116.0,2,86.0
1104,LZ,2013,126.0,2,160.0
1104,MN,2013,1002.0,2,1027.0
1104,OQ,2013,511.0,2,496.0
1104,RU,2013,497.0,2,571.0
1109,BE,2013,2931.0,2,2995.0
1109,FZ,2013,9804.0,2,10344.0
1109,GI,2013,22851.0,2,21583.0
1109,JZ,2013,9265.0,2,9908.0
1109,KZ,2013,3914.0,2,3711.0
1109,LZ,2013,2735.0,2,2996.0
1109,MN,2013,30088.0,2,31945.0
1109,OQ,2013,9384.0,2,9208.0
1109,RU,2013,9418.0,2,9468.0
1114,BE,2013,231.0,2,248.0
1114,FZ,2013,943.0,2,950.0
1114,GI,2013,1835.0,2,1914.0
1114,JZ,2013,526.0,2,561.0
1114,KZ,2013,202.0,2,188.0
1114,LZ,2013,203.0,2,169.0
1114,MN,2013,1721.0,2,1859.0
1114,OQ,2013,762.0,2,766.0
1114,RU,2013,689.0,2,714.0
2404,BE,2013,36.0,2,30.0
2404,FZ,2013,61.0,2,61.0
2404,GI,2013,118.0,2,100.0
2404,JZ,2013,3.0,2,11.0
2404,KZ,2013,16.0,2,9.0
2404,LZ,2013,11.0,2,13.0
2404,MN,2013,43.0,2,42.0
2404,OQ,2013,32.0,2,28.0
2404,RU,2013,40.0,2,48.0
2409,BE,2013,64.0,2,61.0
2409,FZ,2013,177.0,2,193.0
2409,GI,2013,393.0,2,350.0
2409,JZ,2013,33.0,2,30.0
2409,KZ,2013,21.0,2,22.0
2409,LZ,2013,26.0,2,35.0
2409,MN,2013,155.0,2,126.0
2409,OQ,2013,93.0,2,90.0
2409,RU,2013,110.0,2,126.0
2414,BE,2013,36.0,2,58.0
2414,FZ,2013,51.0,2,79.0
2414,GI,2013,132.0,2,124.0
2414,JZ,2013,12.0,2,13.0
2414,KZ,2013,18.0,2,9.0
2414,LZ,2013,24.0,2,25.0
2414,MN,2013,68.0,2,68.0
2414,OQ,2013,41.0,2,34.0
2414,RU,2013,39.0,2,45.0
2704,BE,2013,39.0,2,40.0
2704,FZ,2013,57.0,2,68.0
2704,GI,2013,250.0,2,257.0
2704,JZ,2013,13.0,2,15.0
2704,KZ,2013,20.0,2,34.0
2704,LZ,2013,30.0,2,41.0
2704,MN,2013,138.0,2,140.0
2704,OQ,2013,54.0,2,72.0
2704,RU,2013,50.0,2,68.0
2709,BE,2013,38.0,2,40.0
2709,FZ,2013,60.0,2,75.0
2709,GI,2013,152.0,2,138.0
2709,JZ,2013,6.0,2,13.0
2709,KZ,2013,4.0,2,14.0
2709,LZ,2013,9.0,2,16.0
2709,MN,2013,64.0,2,78.0
2709,OQ,2013,26.0,2,46.0
2709,RU,2013,42.0,2,58.0
2714,BE,2013,87.0,2,72.0
2714,FZ,2013,139.0,2,159.0
2714,GI,2013,479.0,2,404.0
2714,JZ,2013,42.0,2,34.0
2714,KZ,2013,24.0,2,20.0
2714,LZ,2013,21.0,2,13.0
2714,MN,2013,175.0,2,128.0
2714,OQ,2013,110.0,2,105.0
2714,RU,2013,156.0,2,138.0
2801,BE,2013,30.0,2,19.0
2801,FZ,2013,27.0,2,38.0
2801,GI,2013,69.0,2,84.0
2801,JZ,2013,5.0,2,3.0
2801,KZ,2013,7.0,2,11.0
2801,LZ,2013,3.0,2,10.0
2801,MN,2013,34.0,2,38.0
2801,OQ,2013,16.0,2,22.0
2801,RU,2013,32.0,2,48.0
2806,BE,2013,30.0,2,36.0
2806,FZ,2013,45.0,2,52.0
2806,GI,2013,128.0,2,130.0
2806,JZ,2013,13.0,2,8.0
2806,KZ,2013,8.0,2,11.0
2806,LZ,2013,8.0,2,15.0
2806,MN,2013,53.0,2,47.0
2806,OQ,2013,40.0,2,42.0
2806,RU,2013,42.0,2,56.0
2811,BE,2013,30.0,2,38.0
2811,FZ,2013,138.0,2,127.0
2811,GI,2013,339.0,2,340.0
2811,JZ,2013,23.0,2,31.0
2811,KZ,2013,25.0,2,28.0
2811,LZ,2013,40.0,2,48.0
2811,MN,2013,163.0,2,172.0
2811,OQ,2013,82.0,2,85.0
2811,RU,2013,115.0,2,126.0
2816,BE,2013,39.0,2,26.0
2816,FZ,2013,63.0,2,75.0
2816,GI,2013,196.0,2,204.0
2816,JZ,2013,25.0,2,28.0
2816,KZ,2013,20.0,2,20.0
2816,LZ,2013,15.0,2,26.0
2816,MN,2013,91.0,2,96.0
2816,OQ,2013,69.0,2,56.0
2816,RU,2013,71.0,2,88.0
3202,BE,2013,147.0,2,133.0
3202,FZ,2013,290.0,2,300.0
3202,GI,2013,652.0,2,685.0
3202,JZ,2013,84.0,2,84.0
3202,KZ,2013,61.0,2,58.0
3202,LZ,2013,88.0,2,91.0
3202,MN,2013,337.0,2,372.0
3202,OQ,2013,326.0,2,337.0
3202,RU,2013,295.0,2,371.0
3207,BE,2013,43.0,2,44.0
3207,FZ,2013,115.0,2,141.0
3207,GI,2013,346.0,2,315.0
3207,JZ,2013,24.0,2,33.0
3207,KZ,2013,22.0,2,25.0
3207,LZ,2013,30.0,2,28.0
3207,MN,2013,109.0,2,119.0
3207,OQ,2013,67.0,2,94.0
3207,RU,2013,111.0,2,125.0
3212,BE,2013,87.0,2,53.0
3212,FZ,2013,190.0,2,176.0
3212,GI,2013,522.0,2,448.0
3212,JZ,2013,45.0,2,40.0
3212,KZ,2013,36.0,2,38.0
3212,LZ,2013,38.0,2,41.0
3212,MN,2013,162.0,2,193.0
3212,OQ,2013,154.0,2,167.0
3212,RU,2013,147.0,2,163.0
3217,BE,2013,68.0,2,77.0
3217,FZ,2013,172.0,2,203.0
3217,GI,2013,426.0,2,466.0
3217,JZ,2013,22.0,2,32.0
3217,KZ,2013,16.0,2,30.0
3217,LZ,2013,23.0,2,26.0
3217,MN,2013,164.0,2,156.0
3217,OQ,2013,111.0,2,122.0
3217,RU,2013,170.0,2,198.0
3222,BE,2013,113.0,2,108.0
3222,FZ,2013,313.0,2,361.0
3222,GI,2013,767.0,2,729.0
3222,JZ,2013,56.0,2,84.0
3222,KZ,2013,46.0,2,56.0
3222,LZ,2013,55.0,2,54.0
3222,MN,2013,297.0,2,337.0
3222,OQ,2013,265.0,2,246.0
3222,RU,2013,285.0,2,317.0
4405,BE,2013,120.0,2,105.0
4405,FZ,2013,178.0,2,219.0
4405,GI,2013,489.0,2,510.0
4405,JZ,2013,43.0,2,55.0
4405,KZ,2013,58.0,2,42.0
4405,LZ,2013,60.0,2,77.0
4405,MN,2013,283.0,2,286.0
4405,OQ,2013,208.0,2,167.0
4405,RU,2013,152.0,2,201.0
4410,BE,2013,149.0,2,178.0
4410,FZ,2013,573.0,2,622.0
4410,GI,2013,1140.0,2,1027.0
4410,JZ,2013,122.0,2,121.0
4410,KZ,2013,94.0,2,100.0
4410,LZ,2013,71.0,2,101.0
4410,MN,2013,566.0,2,633.0
4410,OQ,2013,435.0,2,454.0
4410,RU,2013,371.0,2,451.0
4415,BE,2013,54.0,2,48.0
4415,FZ,2013,75.0,2,89.0
4415,GI,2013,172.0,2,155.0
4415,JZ,2013,15.0,2,13.0
4415,KZ,2013,24.0,2,14.0
4415,LZ,2013,24.0,2,17.0
4415,MN,2013,70.0,2,78.0
4415,OQ,2013,49.0,2,36.0
4415,RU,2013,73.0,2,72.0
4420,BE,2013,70.0,2,59.0
4420,FZ,2013,133.0,2,143.0
4420,GI,2013,271.0,2,254.0
4420,JZ,2013,18.0,2,13.0
4420,KZ,2013,18.0,2,18.0
4420,LZ,2013,20.0,2,19.0
4420,MN,2013,87.0,2,106.0
4420,OQ,2013,106.0,2,77.0
4420,RU,2013,93.0,2,120.0
4425,BE,2013,120.0,2,125.0
4425,FZ,2013,237.0,2,281.0
4425,GI,2013,688.0,2,566.0
4425,JZ,2013,57.0,2,78.0
4425,KZ,2013,49.0,2,58.0
4425,LZ,2013,51.0,2,78.0
4425,MN,2013,303.0,2,342.0
4425,OQ,2013,193.0,2,196.0
4425,RU,2013,216.0,2,274.0
5203,BE,2013,132.0,2,122.0
5203,FZ,2013,141.0,2,167.0
5203,GI,2013,405.0,2,461.0
5203,JZ,2013,29.0,2,24.0
5203,KZ,2013,37.0,2,34.0
5203,LZ,2013,78.0,2,79.0
5203,MN,2013,181.0,2,198.0
5203,OQ,2013,117.0,2,129.0
5203,RU,2013,151.0,2,143.0
5208,BE,2013,33.0,2,43.0
5208,FZ,2013,46.0,2,49.0
5208,GI,2013,111.0,2,117.0
5208,JZ,2013,7.0,2,7.0
5208,KZ,2013,23.0,2,11.0
5208,LZ,2013,13.0,2,10.0
5208,MN,2013,46.0,2,39.0
5208,OQ,2013,40.0,2,24.0
5208,RU,2013,54.0,2,41.0
5213,BE,2013,72.0,2,82.0
5213,FZ,2013,83.0,2,77.0
5213,GI,2013,219.0,2,224.0
5213,JZ,2013,29.0,2,20.0
5213,KZ,2013,37.0,2,49.0
5213,LZ,2013,41.0,2,37.0
5213,MN,2013,126.0,2,131.0
5213,OQ,2013,79.0,2,93.0
5213,RU,2013,96.0,2,93.0
5218,BE,2013,29.0,2,32.0
5218,FZ,2013,35.0,2,42.0
5218,GI,2013,90.0,2,85.0
5218,JZ,2013,6.0,2,5.0
5218,KZ,2013,9.0,2,7.0
5218,LZ,2013,17.0,2,15.0
5218,MN,2013,41.0,2,38.0
5218,OQ,2013,30.0,2,28.0
5218,RU,2013,26.0,2,29.0
5302,BE,2013,152.0,2,180.0
5302,FZ,2013,318.0,2,338.0
5302,GI,2013,644.0,2,629.0
5302,JZ,2013,98.0,2,105.0
5302,KZ,2013,75.0,2,78.0
5302,LZ,2013,61.0,2,90.0
5302,MN,2013,432.0,2,486.0
5302,OQ,2013,471.0,2,443.0
5302,RU,2013,297.0,2,310.0
5307,BE,2013,41.0,2,31.0
5307,FZ,2013,40.0,2,48.0
5307,GI,2013,139.0,2,132.0
5307,JZ,2013,10.0,2,10.0
5307,KZ,2013,19.0,2,20.0
5307,LZ,2013,14.0,2,26.0
5307,MN,2013,61.0,2,92.0
5307,OQ,2013,37.0,2,48.0
5307,RU,2013,50.0,2,59.0
5312,BE,2013,52.0,2,52.0
5312,FZ,2013,71.0,2,75.0
5312,GI,2013,194.0,2,217.0
5312,JZ,2013,15.0,2,21.0
5312,KZ,2013,34.0,2,21.0
5312,LZ,2013,27.0,2,28.0
5312,MN,2013,101.0,2,102.0
5312,OQ,2013,75.0,2,60.0
5312,RU,2013,79.0,2,83.0
5317,BE,2013,64.0,2,86.0
5317,FZ,2013,142.0,2,134.0
5317,GI,2013,364.0,2,323.0
5317,JZ,2013,37.0,2,32.0
5317,KZ,2013,66.0,2,49.0
5317,LZ,2013,59.0,2,54.0
5317,MN,2013,217.0,2,228.0
5317,OQ,2013,143.0,2,136.0
5317,RU,2013,136.0,2,120.0
7503,BE,2013,233.0,2,225.0
7503,FZ,2013,519.0,2,521.0
7503,GI,2013,1033.0,2,1057.0
7503,JZ,2013,141.0,2,154.0
7503,KZ,2013,135.0,2,106.0
7503,LZ,2013,178.0,2,204.0
7503,MN,2013,769.0,2,827.0
7503,OQ,2013,604.0,2,660.0
7503,RU,2013,450.0,2,472.0
7508,BE,2013,63.0,2,45.0
7508,FZ,2013,83.0,2,76.0
7508,GI,2013,234.0,2,222.0
7508,JZ,2013,20.0,2,15.0
7508,KZ,2013,14.0,2,22.0
7508,LZ,2013,8.0,2,28.0
7508,MN,2013,98.0,2,76.0
7508,OQ,2013,60.0,2,48.0
7508,RU,2013,66.0,2,85.0
7513,BE,2013,139.0,2,106.0
7513,FZ,2013,288.0,2,276.0
7513,GI,2013,617.0,2,577.0
7513,JZ,2013,48.0,2,32.0
7513,KZ,2013,64.0,2,48.0
7513,LZ,2013,79.0,2,64.0
7513,MN,2013,351.0,2,278.0
7513,OQ,2013,206.0,2,169.0
7513,RU,2013,260.0,2,283.0
7518,BE,2013,129.0,2,99.0
7518,FZ,2013,124.0,2,126.0
7518,GI,2013,240.0,2,269.0
7518,JZ,2013,17.0,2,16.0
7518,KZ,2013,28.0,2,27.0
7518,LZ,2013,25.0,2,38.0
7518,MN,2013,118.0,2,113.0
7518,OQ,2013,88.0,2,87.0
7518,RU,2013,81.0,2,99.0
7523,BE,2013,146.0,2,166.0
7523,FZ,2013,244.0,2,291.0
7523,GI,2013,590.0,2,596.0
7523,JZ,2013,30.0,2,50.0
7523,KZ,2013,40.0,2,53.0
7523,LZ,2013,44.0,2,47.0
7523,MN,2013,258.0,2,300.0
7523,OQ,2013,171.0,2,185.0
7523,RU,2013,198.0,2,228.0
7528,BE,2013,90.0,2,55.0
7528,FZ,2013,142.0,2,170.0
7528,GI,2013,338.0,2,293.0
7528,JZ,2013,14.0,2,24.0
7528,KZ,2013,32.0,2,22.0
7528,LZ,2013,51.0,2,63.0
7528,MN,2013,170.0,2,141.0
7528,OQ,2013,116.0,2,129.0
7528,RU,2013,154.0,2,152.0
7601,BE,2013,54.0,2,48.0
7601,FZ,2013,187.0,2,193.0
7601,GI,2013,539.0,2,513.0
7601,JZ,2013,28.0,2,25.0
7601,KZ,2013,25.0,2,38.0
7601,LZ,2013,46.0,2,40.0
7601,MN,2013,170.0,2,163.0
7601,OQ,2013,107.0,2,100.0
7601,RU,2013,129.0,2,137.0
7606,BE,2013,163.0,2,159.0
7606,FZ,2013,468.0,2,549.0
7606,GI,2013,937.0,2,870.0
7606,JZ,2013,49.0,2,66.0
7606,KZ,2013,55.0,2,74.0
7606,LZ,2013,81.0,2,85.0
7606,MN,2013,401.0,2,406.0
7606,OQ,2013,239.0,2,234.0
7606,RU,2013,262.0,2,285.0
7611,BE,2013,252.0,2,113.0
7611,FZ,2013,117.0,2,117.0
7611,GI,2013,246.0,2,206.0
7611,JZ,2013,15.0,2,15.0
7611,KZ,2013,15.0,2,23.0
7611,LZ,2013,24.0,2,26.0
7611,MN,2013,100.0,2,108.0
7611,OQ,2013,78.0,2,87.0
7611,RU,2013,85.0,2,86.0
7616,BE,2013,478.0,2,499.0
7616,FZ,2013,1593.0,2,1744.0
7616,GI,2013,2548.0,2,2616.0
7616,JZ,2013,473.0,2,533.0
7616,KZ,2013,239.0,2,257.0
7616,LZ,2013,283.0,2,356.0
7616,MN,2013,2084.0,2,2223.0
7616,OQ,2013,1424.0,2,1477.0
7616,RU,2013,929.0,2,1019.0
7621,BE,2013,201.0,2,194.0
7621,FZ,2013,140.0,2,192.0
7621,GI,2013,319.0,2,310.0
7621,JZ,2013,21.0,2,26.0
7621,KZ,2013,22.0,2,34.0
7621,LZ,2013,67.0,2,70.0
7621,MN,2013,155.0,2,176.0
7621,OQ,2013,128.0,2,136.0
7621,RU,2013,119.0,2,134.0
8401,BE,2013,181.0,2,172.0
8401,FZ,2013,434.0,2,490.0
8401,GI,2013,724.0,2,652.0
8401,JZ,2013,137.0,2,152.0
8401,KZ,2013,108.0,2,104.0
8401,LZ,2013,146.0,2,145.0
8401,MN,2013,702.0,2,703.0
8401,OQ,2013,469.0,2,513.0
8401,RU,2013,356.0,2,385.0
8406,BE,2013,141.0,2,120.0
8406,FZ,2013,386.0,2,369.0
8406,GI,2013,651.0,2,623.0
8406,JZ,2013,68.0,2,59.0
8406,KZ,2013,68.0,2,44.0
8406,LZ,2013,61.0,2,48.0
8406,MN,2013,361.0,2,374.0
8406,OQ,2013,224.0,2,245.0
8406,RU,2013,213.0,2,251.0
8411,BE,2013,29.0,2,18.0
8411,FZ,2013,48.0,2,48.0
8411,GI,2013,133.0,2,117.0
8411,JZ,2013,5.0,2,9.0
8411,KZ,2013,6.0,2,8.0
8411,LZ,2013,29.0,2,28.0
8411,MN,2013,79.0,2,71.0
8411,OQ,2013,77.0,2,65.0
8411,RU,2013,37.0,2,66.0
8416,BE,2013,133.0,2,122.0
8416,FZ,2013,381.0,2,462.0
8416,GI,2013,697.0,2,677.0
8416,JZ,2013,94.0,2,103.0
8416,KZ,2013,77.0,2,58.0
8416,LZ,2013,109.0,2,120.0
8416,MN,2013,497.0,2,516.0
8416,OQ,2013,386.0,2,374.0
8416,RU,2013,327.0,2,336.0
8421,BE,2013,979.0,2,897.0
8421,FZ,2013,2613.0,2,2720.0
8421,GI,2013,5154.0,2,4935.0
8421,JZ,2013,1067.0,2,1199.0
8421,KZ,2013,774.0,2,777.0
8421,LZ,2013,625.0,2,676.0
8421,MN,2013,5089.0,2,5131.0
8421,OQ,2013,2692.0,2,3003.0
8421,RU,2013,1807.0,2,1919.0
8426,BE,2013,82.0,2,73.0
8426,FZ,2013,127.0,2,115.0
8426,GI,2013,322.0,2,334.0
8426,JZ,2013,22.0,2,20.0
8426,KZ,2013,42.0,2,36.0
8426,LZ,2013,47.0,2,52.0
8426,MN,2013,136.0,2,133.0
8426,OQ,2013,118.0,2,104.0
8426,RU,2013,116.0,2,144.0
8431,BE,2013,261.0,2,204.0
8431,FZ,2013,448.0,2,461.0
8431,GI,2013,827.0,2,789.0
8431,JZ,2013,95.0,2,96.0
8431,KZ,2013,84.0,2,87.0
8431,LZ,2013,68.0,2,82.0
8431,MN,2013,439.0,2,414.0
8431,OQ,2013,356.0,2,411.0
8431,RU,2013,319.0,2,375.0
9301,BE,2013,352.0,2,309.0
9301,FZ,2013,742.0,2,840.0
9301,GI,2013,1400.0,2,1388.0
9301,JZ,2013,285.0,2,285.0
9301,KZ,2013,198.0,2,164.0
9301,LZ,2013,202.0,2,228.0
9301,MN,2013,1310.0,2,1330.0
9301,OQ,2013,677.0,2,736.0
9301,RU,2013,570.0,2,594.0
9306,BE,2013,144.0,2,145.0
9306,FZ,2013,264.0,2,280.0
9306,GI,2013,499.0,2,520.0
9306,JZ,2013,32.0,2,39.0
9306,KZ,2013,23.0,2,35.0
9306,LZ,2013,60.0,2,70.0
9306,MN,2013,255.0,2,268.0
9306,OQ,2013,148.0,2,185.0
9306,RU,2013,185.0,2,225.0
9311,BE,2013,110.0,2,78.0
9311,FZ,2013,182.0,2,183.0
9311,GI,2013,289.0,2,318.0
9311,JZ,2013,25.0,2,28.0
9311,KZ,2013,21.0,2,21.0
9311,LZ,2013,30.0,2,23.0
9311,MN,2013,164.0,2,188.0
9311,OQ,2013,129.0,2,115.0
9311,RU,2013,105.0,2,146.0
9316,BE,2013,54.0,2,87.0
9316,FZ,2013,108.0,2,117.0
9316,GI,2013,221.0,2,234.0
9316,JZ,2013,13.0,2,22.0
9316,KZ,2013,19.0,2,22.0
9316,LZ,2013,19.0,2,21.0
9316,MN,2013,118.0,2,100.0
9316,OQ,2013,81.0,2,80.0
9316,RU,2013,85.0,2,99.0
0054,BE,2013,110.0,3,114.0
0054,FZ,2013,332.0,3,365.0
0054,GI,2013,569.0,3,550.0
0054,JZ,2013,61.0,3,54.0
0054,KZ,2013,41.0,3,28.0
0054,LZ,2013,40.0,3,75.0
0054,MN,2013,309.0,3,333.0
0054,OQ,2013,154.0,3,175.0
0054,RU,2013,235.0,3,229.0
0059,BE,2013,73.0,3,69.0
0059,FZ,2013,181.0,3,200.0
0059,GI,2013,466.0,3,397.0
0059,JZ,2013,31.0,3,52.0
0059,KZ,2013,54.0,3,35.0
0059,LZ,2013,35.0,3,50.0
0059,MN,2013,234.0,3,237.0
0059,OQ,2013,148.0,3,164.0
0059,RU,2013,149.0,3,169.0
0064,BE,2013,57.0,3,54.0
0064,FZ,2013,91.0,3,125.0
0064,GI,2013,240.0,3,224.0
0064,JZ,2013,19.0,3,18.0
0064,KZ,2013,19.0,3,23.0
0064,LZ,2013,24.0,3,31.0
0064,MN,2013,91.0,3,92.0
0064,OQ,2013,64.0,3,83.0
0064,RU,2013,85.0,3,91.0
1105,BE,2013,93.0,3,75.0
1105,FZ,2013,246.0,3,263.0
1105,GI,2013,495.0,3,465.0
1105,JZ,2013,89.0,3,82.0
1105,KZ,2013,54.0,3,45.0
1105,LZ,2013,44.0,3,51.0
1105,MN,2013,373.0,3,368.0
1105,OQ,2013,234.0,3,194.0
1105,RU,2013,218.0,3,260.0
1110,BE,2013,28.0,3,26.0
1110,FZ,2013,75.0,3,74.0
1110,GI,2013,119.0,3,143.0
1110,JZ,2013,14.0,3,18.0
1110,KZ,2013,15.0,3,12.0
1110,LZ,2013,10.0,3,13.0
1110,MN,2013,73.0,3,76.0
1110,OQ,2013,46.0,3,46.0
1110,RU,2013,79.0,3,68.0
1115,BE,2013,154.0,3,155.0
1115,FZ,2013,520.0,3,526.0
1115,GI,2013,1316.0,3,1224.0
1115,JZ,2013,408.0,3,454.0
1115,KZ,2013,137.0,3,163.0
1115,LZ,2013,188.0,3,164.0
1115,MN,2013,1513.0,3,1659.0
1115,OQ,2013,689.0,3,655.0
1115,RU,2013,551.0,3,599.0
2405,BE,2013,95.0,3,139.0
2405,FZ,2013,145.0,3,184.0
2405,GI,2013,379.0,3,407.0
2405,JZ,2013,27.0,3,31.0
2405,KZ,2013,44.0,3,35.0
2405,LZ,2013,44.0,3,43.0
2405,MN,2013,164.0,3,199.0
2405,OQ,2013,120.0,3,146.0
2405,RU,2013,158.0,3,161.0
2410,BE,2013,173.0,3,160.0
2410,FZ,2013,428.0,3,455.0
2410,GI,2013,1037.0,3,948.0
2410,JZ,2013,128.0,3,141.0
2410,KZ,2013,109.0,3,102.0
2410,LZ,2013,106.0,3,126.0
2410,MN,2013,617.0,3,617.0
2410,OQ,2013,390.0,3,358.0
2410,RU,2013,387.0,3,401.0
2415,BE,2013,41.0,3,19.0
2415,FZ,2013,62.0,3,72.0
2415,GI,2013,115.0,3,116.0
2415,JZ,2013,3.0,3,8.0
2415,KZ,2013,4.0,3,5.0
2415,LZ,2013,11.0,3,15.0
2415,MN,2013,47.0,3,49.0
2415,OQ,2013,29.0,3,29.0
2415,RU,2013,37.0,3,50.0
2705,BE,2013,71.0,3,84.0
2705,FZ,2013,209.0,3,215.0
2705,GI,2013,537.0,3,393.0
2705,JZ,2013,42.0,3,52.0
2705,KZ,2013,40.0,3,30.0
2705,LZ,2013,28.0,3,34.0
2705,MN,2013,194.0,3,212.0
2705,OQ,2013,139.0,3,150.0
2705,RU,2013,177.0,3,167.0
2710,BE,2013,59.0,3,44.0
2710,FZ,2013,62.0,3,78.0
2710,GI,2013,179.0,3,196.0
2710,JZ,2013,22.0,3,17.0
2710,KZ,2013,12.0,3,18.0
2710,LZ,2013,9.0,3,11.0
2710,MN,2013,78.0,3,92.0
2710,OQ,2013,76.0,3,63.0
2710,RU,2013,75.0,3,80.0
2715,BE,2013,52.0,3,43.0
2715,FZ,2013,101.0,3,110.0
2715,GI,2013,322.0,3,225.0
2715,JZ,2013,8.0,3,21.0
2715,KZ,2013,29.0,3,24.0
2715,LZ,2013,41.0,3,47.0
2715,MN,2013,85.0,3,102.0
2715,OQ,2013,111.0,3,99.0
2715,RU,2013,95.0,3,94.0
2802,BE,2013,30.0,3,32.0
2802,FZ,2013,51.0,3,64.0
2802,GI,2013,169.0,3,174.0
2802,JZ,2013,14.0,3,18.0
2802,KZ,2013,26.0,3,18.0
2802,LZ,2013,16.0,3,22.0
2802,MN,2013,73.0,3,91.0
2802,OQ,2013,69.0,3,67.0
2802,RU,2013,60.0,3,61.0
2807,BE,2013,54.0,3,70.0
2807,FZ,2013,123.0,3,134.0
2807,GI,2013,291.0,3,332.0
2807,JZ,2013,16.0,3,20.0
2807,KZ,2013,21.0,3,19.0
2807,LZ,2013,36.0,3,33.0
2807,MN,2013,110.0,3,142.0
2807,OQ,2013,81.0,3,89.0
2807,RU,2013,93.0,3,100.0
2812,BE,2013,27.0,3,23.0
2812,FZ,2013,66.0,3,56.0
2812,GI,2013,101.0,3,72.0
2812,JZ,2013,5.0,3,4.0
2812,KZ,2013,10.0,3,11.0
2812,LZ,2013,14.0,3,13.0
2812,MN,2013,33.0,3,41.0
2812,OQ,2013,27.0,3,26.0
2812,RU,2013,39.0,3,40.0
2817,BE,2013,42.0,3,40.0
2817,FZ,2013,139.0,3,173.0
2817,GI,2013,274.0,3,250.0
2817,JZ,2013,32.0,3,36.0
2817,KZ,2013,16.0,3,24.0
2817,LZ,2013,26.0,3,24.0
2817,MN,2013,174.0,3,188.0
2817,OQ,2013,90.0,3,69.0
2817,RU,2013,129.0,3,133.0
3203,BE,2013,63.0,3,62.0
3203,FZ,2013,175.0,3,162.0
3203,GI,2013,393.0,3,361.0
3203,JZ,2013,36.0,3,52.0
3203,KZ,2013,46.0,3,37.0
3203,LZ,2013,39.0,3,38.0
3203,MN,2013,214.0,3,226.0
3203,OQ,2013,149.0,3,179.0
3203,RU,2013,164.0,3,170.0
3208,BE,2013,48.0,3,34.0
3208,FZ,2013,154.0,3,158.0
3208,GI,2013,357.0,3,339.0
3208,JZ,2013,14.0,3,26.0
3208,KZ,2013,30.0,3,30.0
3208,LZ,2013,27.0,3,27.0
3208,MN,2013,142.0,3,124.0
3208,OQ,2013,131.0,3,112.0
3208,RU,2013,121.0,3,137.0
3213,BE,2013,77.0,3,64.0
3213,FZ,2013,132.0,3,154.0
3213,GI,2013,503.0,3,486.0
3213,JZ,2013,41.0,3,47.0
3213,KZ,2013,31.0,3,46.0
3213,LZ,2013,45.0,3,58.0
3213,MN,2013,208.0,3,223.0
3213,OQ,2013,149.0,3,146.0
3213,RU,2013,179.0,3,196.0
3218,BE,2013,139.0,3,115.0
3218,FZ,2013,536.0,3,564.0
3218,GI,2013,1032.0,3,1036.0
3218,JZ,2013,146.0,3,176.0
3218,KZ,2013,119.0,3,107.0
3218,LZ,2013,121.0,3,109.0
3218,MN,2013,608.0,3,653.0
3218,OQ,2013,383.0,3,360.0
3218,RU,2013,300.0,3,330.0
4401,BE,2013,32.0,3,45.0
4401,FZ,2013,46.0,3,67.0
4401,GI,2013,139.0,3,121.0
4401,JZ,2013,6.0,3,13.0
4401,KZ,2013,13.0,3,10.0
4401,LZ,2013,11.0,3,8.0
4401,MN,2013,55.0,3,76.0
4401,OQ,2013,37.0,3,47.0
4401,RU,2013,47.0,3,58.0
4406,BE,2013,57.0,3,42.0
4406,FZ,2013,75.0,3,82.0
4406,GI,2013,192.0,3,154.0
4406,JZ,2013,13.0,3,13.0
4406,KZ,2013,24.0,3,17.0
4406,LZ,2013,65.0,3,67.0
4406,MN,2013,78.0,3,103.0
4406,OQ,2013,78.0,3,37.0
4406,RU,2013,75.0,3,96.0
4411,BE,2013,220.0,3,190.0
4411,FZ,2013,429.0,3,510.0
4411,GI,2013,1196.0,3,1113.0
4411,JZ,2013,94.0,3,95.0
4411,KZ,2013,69.0,3,92.0
4411,LZ,2013,91.0,3,107.0
4411,MN,2013,557.0,3,545.0
4411,OQ,2013,397.0,3,391.0
4411,RU,2013,452.0,3,468.0
4416,BE,2013,55.0,3,41.0
4416,FZ,2013,181.0,3,186.0
4416,GI,2013,312.0,3,242.0
4416,JZ,2013,15.0,3,18.0
4416,KZ,2013,10.0,3,18.0
4416,LZ,2013,19.0,3,12.0
4416,MN,2013,129.0,3,124.0
4416,OQ,2013,95.0,3,91.0
4416,RU,2013,94.0,3,133.0
4421,BE,2013,55.0,3,49.0
4421,FZ,2013,94.0,3,98.0
4421,GI,2013,300.0,3,200.0
4421,JZ,2013,12.0,3,14.0
4421,KZ,2013,20.0,3,21.0
4421,LZ,2013,6.0,3,12.0
4421,MN,2013,70.0,3,70.0
4421,OQ,2013,43.0,3,36.0
4421,RU,2013,101.0,3,81.0
4426,BE,2013,27.0,3,42.0
4426,FZ,2013,88.0,3,86.0
4426,GI,2013,176.0,3,152.0
4426,JZ,2013,13.0,3,10.0
4426,KZ,2013,12.0,3,15.0
4426,LZ,2013,5.0,3,7.0
4426,MN,2013,64.0,3,61.0
4426,OQ,2013,38.0,3,51.0
4426,RU,2013,55.0,3,71.0
5204,BE,2013,27.0,3,22.0
5204,FZ,2013,25.0,3,37.0
5204,GI,2013,78.0,3,60.0
5204,JZ,2013,5.0,3,2.0
5204,KZ,2013,7.0,3,20.0
5204,LZ,2013,14.0,3,16.0
5204,MN,2013,35.0,3,23.0
5204,OQ,2013,28.0,3,26.0
5204,RU,2013,32.0,3,30.0
5209,BE,2013,20.0,3,27.0
5209,FZ,2013,50.0,3,35.0
5209,GI,2013,142.0,3,107.0
5209,JZ,2013,8.0,3,4.0
5209,KZ,2013,7.0,3,12.0
5209,LZ,2013,11.0,3,17.0
5209,MN,2013,44.0,3,38.0
5209,OQ,2013,34.0,3,29.0
5209,RU,2013,39.0,3,36.0
5214,BE,2013,36.0,3,59.0
5214,FZ,2013,96.0,3,102.0
5214,GI,2013,243.0,3,243.0
5214,JZ,2013,20.0,3,19.0
5214,KZ,2013,36.0,3,26.0
5214,LZ,2013,45.0,3,53.0
5214,MN,2013,120.0,3,143.0
5214,OQ,2013,89.0,3,89.0
5214,RU,2013,70.0,3,103.0
5219,BE,2013,122.0,3,141.0
5219,FZ,2013,222.0,3,299.0
5219,GI,2013,571.0,3,534.0
5219,JZ,2013,50.0,3,48.0
5219,KZ,2013,48.0,3,50.0
5219,LZ,2013,63.0,3,97.0
5219,MN,2013,354.0,3,345.0
5219,OQ,2013,226.0,3,240.0
5219,RU,2013,164.0,3,219.0
5303,BE,2013,41.0,3,62.0
5303,FZ,2013,63.0,3,63.0
5303,GI,2013,154.0,3,173.0
5303,JZ,2013,3.0,3,13.0
5303,KZ,2013,11.0,3,19.0
5303,LZ,2013,12.0,3,17.0
5303,MN,2013,63.0,3,52.0
5303,OQ,2013,62.0,3,87.0
5303,RU,2013,50.0,3,99.0
5308,BE,2013,46.0,3,62.0
5308,FZ,2013,89.0,3,110.0
5308,GI,2013,202.0,3,214.0
5308,JZ,2013,30.0,3,33.0
5308,KZ,2013,28.0,3,28.0
5308,LZ,2013,22.0,3,22.0
5308,MN,2013,120.0,3,130.0
5308,OQ,2013,117.0,3,111.0
5308,RU,2013,118.0,3,107.0
5313,BE,2013,151.0,3,154.0
5313,FZ,2013,255.0,3,288.0
5313,GI,2013,621.0,3,550.0
5313,JZ,2013,60.0,3,54.0
5313,KZ,2013,80.0,3,68.0
5313,LZ,2013,69.0,3,69.0
5313,MN,2013,295.0,3,313.0
5313,OQ,2013,307.0,3,299.0
5313,RU,2013,254.0,3,262.0
5318,BE,2013,118.0,3,127.0
5318,FZ,2013,236.0,3,255.0
5318,GI,2013,527.0,3,476.0
5318,JZ,2013,69.0,3,83.0
5318,KZ,2013,73.0,3,58.0
5318,LZ,2013,70.0,3,88.0
5318,MN,2013,329.0,3,356.0
5318,OQ,2013,272.0,3,237.0
5318,RU,2013,203.0,3,253.0
7504,BE,2013,72.0,3,70.0
7504,FZ,2013,182.0,3,169.0
7504,GI,2013,337.0,3,337.0
7504,JZ,2013,17.0,3,27.0
7504,KZ,2013,23.0,3,30.0
7504,LZ,2013,50.0,3,46.0
7504,MN,2013,160.0,3,167.0
7504,OQ,2013,104.0,3,112.0
7504,RU,2013,119.0,3,152.0
7509,BE,2013,101.0,3,91.0
7509,FZ,2013,135.0,3,161.0
7509,GI,2013,373.0,3,323.0
7509,JZ,2013,28.0,3,23.0
7509,KZ,2013,35.0,3,31.0
7509,LZ,2013,57.0,3,58.0
7509,MN,2013,151.0,3,142.0
7509,OQ,2013,103.0,3,96.0
7509,RU,2013,107.0,3,156.0
7514,BE,2013,140.0,3,83.0
7514,FZ,2013,193.0,3,202.0
7514,GI,2013,322.0,3,331.0
7514,JZ,2013,22.0,3,15.0
7514,KZ,2013,22.0,3,29.0
7514,LZ,2013,31.0,3,33.0
7514,MN,2013,182.0,3,161.0
7514,OQ,2013,146.0,3,118.0
7514,RU,2013,155.0,3,176.0
7519,BE,2013,119.0,3,148.0
7519,FZ,2013,102.0,3,131.0
7519,GI,2013,344.0,3,310.0
7519,JZ,2013,25.0,3,22.0
7519,KZ,2013,42.0,3,33.0
7519,LZ,2013,27.0,3,34.0
7519,MN,2013,150.0,3,145.0
7519,OQ,2013,146.0,3,127.0
7519,RU,2013,124.0,3,128.0
7524,BE,2013,242.0,3,260.0
7524,FZ,2013,267.0,3,291.0
7524,GI,2013,692.0,3,551.0
7524,JZ,2013,84.0,3,101.0
7524,KZ,2013,98.0,3,89.0
7524,LZ,2013,89.0,3,81.0
7524,MN,2013,424.0,3,404.0
7524,OQ,2013,293.0,3,312.0
7524,RU,2013,274.0,3,271.0
7529,BE,2013,46.0,3,48.0
7529,FZ,2013,89.0,3,99.0
7529,GI,2013,279.0,3,267.0
7529,JZ,2013,19.0,3,8.0
7529,KZ,2013,9.0,3,9.0
7529,LZ,2013,37.0,3,39.0
7529,MN,2013,97.0,3,114.0
7529,OQ,2013,57.0,3,72.0
7529,RU,2013,68.0,3,93.0
7602,BE,2013,294.0,3,187.0
7602,FZ,2013,279.0,3,338.0
7602,GI,2013,643.0,3,622.0
7602,JZ,2013,56.0,3,54.0
7602,KZ,2013,68.0,3,66.0
7602,LZ,2013,49.0,3,69.0
7602,MN,2013,280.0,3,343.0
7602,OQ,2013,269.0,3,278.0
7602,RU,2013,245.0,3,254.0
7607,BE,2013,83.0,3,87.0
7607,FZ,2013,127.0,3,123.0
7607,GI,2013,258.0,3,255.0
7607,JZ,2013,15.0,3,15.0
7607,KZ,2013,17.0,3,9.0
7607,LZ,2013,8.0,3,32.0
7607,MN,2013,131.0,3,147.0
7607,OQ,2013,75.0,3,87.0
7607,RU,2013,86.0,3,109.0
7612,BE,2013,163.0,3,153.0
7612,FZ,2013,241.0,3,275.0
7612,GI,2013,392.0,3,367.0
7612,JZ,2013,20.0,3,37.0
7612,KZ,2013,37.0,3,24.0
7612,LZ,2013,44.0,3,47.0
7612,MN,2013,176.0,3,216.0
7612,OQ,2013,167.0,3,160.0
7612,RU,2013,126.0,3,171.0
7617,BE,2013,120.0,3,152.0
7617,FZ,2013,295.0,3,312.0
7617,GI,2013,695.0,3,641.0
7617,JZ,2013,29.0,3,48.0
7617,KZ,2013,41.0,3,52.0
7617,LZ,2013,48.0,3,57.0
7617,MN,2013,255.0,3,296.0
7617,OQ,2013,238.0,3,173.0
7617,RU,2013,187.0,3,235.0
7622,BE,2013,107.0,3,113.0
7622,FZ,2013,206.0,3,270.0
7622,GI,2013,303.0,3,309.0
7622,JZ,2013,29.0,3,26.0
7622,KZ,2013,18.0,3,26.0
7622,LZ,2013,29.0,3,43.0
7622,MN,2013,157.0,3,203.0
7622,OQ,2013,169.0,3,139.0
7622,RU,2013,119.0,3,160.0
8402,BE,2013,135.0,3,134.0
8402,FZ,2013,235.0,3,252.0
8402,GI,2013,444.0,3,465.0
8402,JZ,2013,34.0,3,32.0
8402,KZ,2013,23.0,3,28.0
8402,LZ,2013,32.0,3,31.0
8402,MN,2013,178.0,3,179.0
8402,OQ,2013,137.0,3,165.0
8402,RU,2013,151.0,3,180.0
8407,BE,2013,113.0,3,139.0
8407,FZ,2013,356.0,3,391.0
8407,GI,2013,603.0,3,588.0
8407,JZ,2013,88.0,3,104.0
8407,KZ,2013,69.0,3,55.0
8407,LZ,2013,98.0,3,110.0
8407,MN,2013,483.0,3,557.0
8407,OQ,2013,313.0,3,338.0
8407,RU,2013,273.0,3,265.0
8412,BE,2013,50.0,3,61.0
8412,FZ,2013,102.0,3,103.0
8412,GI,2013,222.0,3,190.0
8412,JZ,2013,15.0,3,14.0
8412,KZ,2013,29.0,3,22.0
8412,LZ,2013,25.0,3,47.0
8412,MN,2013,92.0,3,74.0
8412,OQ,2013,81.0,3,75.0
8412,RU,2013,76.0,3,79.0
8417,BE,2013,64.0,3,66.0
8417,FZ,2013,109.0,3,106.0
8417,GI,2013,201.0,3,222.0
8417,JZ,2013,9.0,3,12.0
8417,KZ,2013,15.0,3,22.0
8417,LZ,2013,16.0,3,22.0
8417,MN,2013,71.0,3,78.0
8417,OQ,2013,54.0,3,57.0
8417,RU,2013,60.0,3,79.0
8422,BE,2013,115.0,3,77.0
8422,FZ,2013,178.0,3,211.0
8422,GI,2013,324.0,3,334.0
8422,JZ,2013,22.0,3,20.0
8422,KZ,2013,22.0,3,28.0
8422,LZ,2013,34.0,3,43.0
8422,MN,2013,166.0,3,179.0
8422,OQ,2013,129.0,3,137.0
8422,RU,2013,127.0,3,141.0
8427,BE,2013,76.0,3,57.0
8427,FZ,2013,149.0,3,160.0
8427,GI,2013,281.0,3,301.0
8427,JZ,2013,21.0,3,39.0
8427,KZ,2013,19.0,3,27.0
8427,LZ,2013,17.0,3,16.0
8427,MN,2013,140.0,3,143.0
8427,OQ,2013,111.0,3,119.0
8427,RU,2013,81.0,3,110.0
8432,BE,2013,103.0,3,58.0
8432,FZ,2013,139.0,3,153.0
8432,GI,2013,392.0,3,317.0
8432,JZ,2013,32.0,3,34.0
8432,KZ,2013,26.0,3,31.0
8432,LZ,2013,32.0,3,45.0
8432,MN,2013,161.0,3,157.0
8432,OQ,2013,107.0,3,105.0
8432,RU,2013,106.0,3,152.0
9302,BE,2013,33.0,3,27.0
9302,FZ,2013,62.0,3,57.0
9302,GI,2013,180.0,3,131.0
9302,JZ,2013,11.0,3,11.0
9302,KZ,2013,6.0,3,8.0
9302,LZ,2013,21.0,3,23.0
9302,MN,2013,78.0,3,72.0
9302,OQ,2013,144.0,3,140.0
9302,RU,2013,73.0,3,75.0
9307,BE,2013,81.0,3,108.0
9307,FZ,2013,152.0,3,164.0
9307,GI,2013,262.0,3,270.0
9307,JZ,2013,17.0,3,19.0
9307,KZ,2013,18.0,3,22.0
9307,LZ,2013,16.0,3,27.0
9307,MN,2013,112.0,3,106.0
9307,OQ,2013,132.0,3,138.0
9307,RU,2013,110.0,3,124.0
9312,BE,2013,654.0,3,725.0
9312,FZ,2013,2180.0,3,2420.0
9312,GI,2013,4039.0,3,4067.0
9312,JZ,2013,532.0,3,641.0
9312,KZ,2013,384.0,3,369.0
9312,LZ,2013,453.0,3,464.0
9312,MN,2013,2900.0,3,3028.0
9312,OQ,2013,1699.0,3,1885.0
9312,RU,2013,1324.0,3,1419.0
9317,BE,2013,55.0,3,67.0
9317,FZ,2013,170.0,3,206.0
9317,GI,2013,475.0,3,505.0
9317,JZ,2013,16.0,3,27.0
9317,KZ,2013,19.0,3,31.0
9317,LZ,2013,43.0,3,99.0
9317,MN,2013,241.0,3,254.0
9317,OQ,2013,68.0,3,71.0
9317,RU,2013,147.0,3,150.0
0055,BE,2013,97.0,4,53.0
0055,FZ,2013,115.0,4,147.0
0055,GI,2013,260.0,4,201.0
0055,JZ,2013,20.0,4,21.0
0055,KZ,2013,9.0,4,18.0
0055,LZ,2013,20.0,4,21.0
0055,MN,2013,112.0,4,105.0
0055,OQ,2013,84.0,4,89.0
0055,RU,2013,83.0,4,95.0
0060,BE,2013,47.0,4,69.0
0060,FZ,2013,136.0,4,138.0
0060,GI,2013,299.0,4,294.0
0060,JZ,2013,26.0,4,25.0
0060,KZ,2013,19.0,4,15.0
0060,LZ,2013,37.0,4,51.0
0060,MN,2013,146.0,4,125.0
0060,OQ,2013,115.0,4,111.0
0060,RU,2013,110.0,4,162.0
1101,BE,2013,223.0,4,218.0
1101,FZ,2013,765.0,4,768.0
1101,GI,2013,1422.0,4,1437.0
1101,JZ,2013,347.0,4,407.0
1101,KZ,2013,102.0,4,113.0
1101,LZ,2013,142.0,4,119.0
1101,MN,2013,1118.0,4,1192.0
1101,OQ,2013,591.0,4,544.0
1101,RU,2013,546.0,4,617.0
1106,BE,2013,148.0,4,145.0
1106,FZ,2013,542.0,4,630.0
1106,GI,2013,1345.0,4,1245.0
1106,JZ,2013,305.0,4,324.0
1106,KZ,2013,134.0,4,129.0
1106,LZ,2013,107.0,4,115.0
1106,MN,2013,892.0,4,899.0
1106,OQ,2013,466.0,4,411.0
1106,RU,2013,443.0,4,514.0
1111,BE,2013,28.0,4,21.0
1111,FZ,2013,93.0,4,81.0
1111,GI,2013,166.0,4,168.0
1111,JZ,2013,37.0,4,55.0
1111,KZ,2013,26.0,4,19.0
1111,LZ,2013,24.0,4,16.0
1111,MN,2013,172.0,4,173.0
1111,OQ,2013,94.0,4,92.0
1111,RU,2013,78.0,4,94.0
2401,BE,2013,68.0,4,86.0
2401,FZ,2013,163.0,4,182.0
2401,GI,2013,409.0,4,407.0
2401,JZ,2013,38.0,4,39.0
2401,KZ,2013,39.0,4,47.0
2401,LZ,2013,38.0,4,52.0
2401,MN,2013,191.0,4,193.0
2401,OQ,2013,159.0,4,140.0
2401,RU,2013,151.0,4,145.0
2406,BE,2013,22.0,4,26.0
2406,FZ,2013,42.0,4,53.0
2406,GI,2013,108.0,4,87.0
2406,JZ,2013,4.0,4,4.0
2406,KZ,2013,10.0,4,8.0
2406,LZ,2013,5.0,4,12.0
2406,MN,2013,48.0,4,57.0
2406,OQ,2013,40.0,4,33.0
2406,RU,2013,20.0,4,40.0
2411,BE,2013,32.0,4,27.0
2411,FZ,2013,68.0,4,72.0
2411,GI,2013,147.0,4,131.0
2411,JZ,2013,8.0,4,12.0
2411,KZ,2013,7.0,4,9.0
2411,LZ,2013,26.0,4,15.0
2411,MN,2013,66.0,4,65.0
2411,OQ,2013,41.0,4,26.0
2411,RU,2013,51.0,4,52.0
2701,BE,2013,16.0,4,17.0
2701,FZ,2013,30.0,4,35.0
2701,GI,2013,83.0,4,77.0
2701,JZ,2013,9.0,4,8.0
2701,KZ,2013,5.0,4,9.0
2701,LZ,2013,12.0,4,10.0
2701,MN,2013,40.0,4,39.0
2701,OQ,2013,38.0,4,39.0
2701,RU,2013,39.0,4,40.0
2706,BE,2013,150.0,4,143.0
2706,FZ,2013,299.0,4,356.0
2706,GI,2013,780.0,4,761.0
2706,JZ,2013,87.0,4,91.0
2706,KZ,2013,99.0,4,107.0
2706,LZ,2013,82.0,4,101.0
2706,MN,2013,402.0,4,441.0
2706,OQ,2013,357.0,4,392.0
2706,RU,2013,283.0,4,317.0
2711,BE,2013,186.0,4,160.0
2711,FZ,2013,375.0,4,449.0
2711,GI,2013,1031.0,4,908.0
2711,JZ,2013,109.0,4,134.0
2711,KZ,2013,125.0,4,80.0
2711,LZ,2013,81.0,4,118.0
2711,MN,2013,586.0,4,620.0
2711,OQ,2013,455.0,4,460.0
2711,RU,2013,364.0,4,378.0
2716,BE,2013,35.0,4,42.0
2716,FZ,2013,67.0,4,63.0
2716,GI,2013,126.0,4,95.0
2716,JZ,2013,7.0,4,10.0
2716,KZ,2013,10.0,4,17.0
2716,LZ,2013,4.0,4,9.0
2716,MN,2013,50.0,4,53.0
2716,OQ,2013,43.0,4,58.0
2716,RU,2013,38.0,4,40.0
2803,BE,2013,30.0,4,31.0
2803,FZ,2013,93.0,4,110.0
2803,GI,2013,138.0,4,177.0
2803,JZ,2013,9.0,4,12.0
2803,KZ,2013,18.0,4,19.0
2803,LZ,2013,13.0,4,17.0
2803,MN,2013,73.0,4,82.0
2803,OQ,2013,43.0,4,40.0
2803,RU,2013,70.0,4,78.0
2808,BE,2013,89.0,4,89.0
2808,FZ,2013,218.0,4,214.0
2808,GI,2013,371.0,4,386.0
2808,JZ,2013,47.0,4,46.0
2808,KZ,2013,44.0,4,51.0
2808,LZ,2013,30.0,4,55.0
2808,MN,2013,244.0,4,261.0
2808,OQ,2013,134.0,4,133.0
2808,RU,2013,160.0,4,194.0
2813,BE,2013,99.0,4,82.0
2813,FZ,2013,187.0,4,225.0
2813,GI,2013,594.0,4,550.0
2813,JZ,2013,59.0,4,56.0
2813,KZ,2013,58.0,4,54.0
2813,LZ,2013,87.0,4,83.0
2813,MN,2013,300.0,4,303.0
2813,OQ,2013,218.0,4,208.0
2813,RU,2013,218.0,4,256.0
2818,BE,2013,15.0,4,26.0
2818,FZ,2013,24.0,4,39.0
2818,GI,2013,79.0,4,89.0
2818,JZ,2013,2.0,4,9.0
2818,KZ,2013,10.0,4,6.0
2818,LZ,2013,12.0,4,12.0
2818,MN,2013,30.0,4,28.0
2818,OQ,2013,22.0,4,15.0
2818,RU,2013,29.0,4,30.0
3204,BE,2013,43.0,4,49.0
3204,FZ,2013,116.0,4,105.0
3204,GI,2013,286.0,4,301.0
3204,JZ,2013,21.0,4,23.0
3204,KZ,2013,26.0,4,17.0
3204,LZ,2013,36.0,4,47.0
3204,MN,2013,114.0,4,121.0
3204,OQ,2013,93.0,4,102.0
3204,RU,2013,103.0,4,114.0
3209,BE,2013,45.0,4,26.0
3209,FZ,2013,68.0,4,115.0
3209,GI,2013,153.0,4,156.0
3209,JZ,2013,18.0,4,17.0
3209,KZ,2013,6.0,4,12.0
3209,LZ,2013,14.0,4,21.0
3209,MN,2013,63.0,4,94.0
3209,OQ,2013,53.0,4,32.0
3209,RU,2013,53.0,4,74.0
3214,BE,2013,54.0,4,51.0
3214,FZ,2013,111.0,4,111.0
3214,GI,2013,225.0,4,168.0
3214,JZ,2013,14.0,4,17.0
3214,KZ,2013,19.0,4,18.0
3214,LZ,2013,10.0,4,24.0
3214,MN,2013,94.0,4,85.0
3214,OQ,2013,64.0,4,70.0
3214,RU,2013,78.0,4,121.0
3219,BE,2013,66.0,4,48.0
3219,FZ,2013,110.0,4,143.0
3219,GI,2013,284.0,4,314.0
3219,JZ,2013,26.0,4,21.0
3219,KZ,2013,38.0,4,30.0
3219,LZ,2013,20.0,4,36.0
3219,MN,2013,123.0,4,154.0
3219,OQ,2013,102.0,4,98.0
3219,RU,2013,110.0,4,131.0
4402,BE,2013,51.0,4,55.0
4402,FZ,2013,96.0,4,82.0
4402,GI,2013,235.0,4,196.0
4402,JZ,2013,20.0,4,20.0
4402,KZ,2013,39.0,4,32.0
4402,LZ,2013,18.0,4,24.0
4402,MN,2013,105.0,4,101.0
4402,OQ,2013,75.0,4,68.0
4402,RU,2013,91.0,4,113.0
4407,BE,2013,127.0,4,105.0
4407,FZ,2013,196.0,4,221.0
4407,GI,2013,471.0,4,412.0
4407,JZ,2013,41.0,4,31.0
4407,KZ,2013,31.0,4,39.0
4407,LZ,2013,38.0,4,50.0
4407,MN,2013,193.0,4,193.0
4407,OQ,2013,99.0,4,124.0
4407,RU,2013,160.0,4,157.0
4412,BE,2013,236.0,4,213.0
4412,FZ,2013,639.0,4,687.0
4412,GI,2013,1213.0,4,1125.0
4412,JZ,2013,191.0,4,178.0
4412,KZ,2013,122.0,4,126.0
4412,LZ,2013,86.0,4,91.0
4412,MN,2013,728.0,4,749.0
4412,OQ,2013,618.0,4,637.0
4412,RU,2013,421.0,4,471.0
4417,BE,2013,60.0,4,58.0
4417,FZ,2013,99.0,4,153.0
4417,GI,2013,200.0,4,214.0
4417,JZ,2013,17.0,4,21.0
4417,KZ,2013,20.0,4,14.0
4417,LZ,2013,13.0,4,12.0
4417,MN,2013,75.0,4,85.0
4417,OQ,2013,68.0,4,73.0
4417,RU,2013,64.0,4,90.0
4422,BE,2013,86.0,4,52.0
4422,FZ,2013,115.0,4,139.0
4422,GI,2013,256.0,4,216.0
4422,JZ,2013,20.0,4,30.0
4422,KZ,2013,20.0,4,15.0
4422,LZ,2013,25.0,4,34.0
4422,MN,2013,103.0,4,87.0
4422,OQ,2013,109.0,4,85.0
4422,RU,2013,91.0,4,92.0
4427,BE,2013,47.0,4,49.0
4427,FZ,2013,114.0,4,91.0
4427,GI,2013,260.0,4,228.0
4427,JZ,2013,14.0,4,17.0
4427,KZ,2013,25.0,4,20.0
4427,LZ,2013,19.0,4,19.0
4427,MN,2013,70.0,4,86.0
4427,OQ,2013,54.0,4,62.0
4427,RU,2013,91.0,4,110.0
5205,BE,2013,26.0,4,26.0
5205,FZ,2013,71.0,4,65.0
5205,GI,2013,93.0,4,110.0
5205,JZ,2013,6.0,4,8.0
5205,KZ,2013,20.0,4,14.0
5205,LZ,2013,25.0,4,17.0
5205,MN,2013,59.0,4,63.0
5205,OQ,2013,33.0,4,34.0
5205,RU,2013,39.0,4,38.0
5210,BE,2013,100.0,4,128.0
5210,FZ,2013,131.0,4,159.0
5210,GI,2013,352.0,4,331.0
5210,JZ,2013,34.0,4,35.0
5210,KZ,2013,53.0,4,36.0
5210,LZ,2013,58.0,4,52.0
5210,MN,2013,222.0,4,217.0
5210,OQ,2013,139.0,4,133.0
5210,RU,2013,115.0,4,149.0
5215,BE,2013,32.0,4,39.0
5215,FZ,2013,70.0,4,62.0
5215,GI,2013,135.0,4,127.0
5215,JZ,2013,11.0,4,13.0
5215,KZ,2013,19.0,4,11.0
5215,LZ,2013,14.0,4,25.0
5215,MN,2013,55.0,4,71.0
5215,OQ,2013,44.0,4,43.0
5215,RU,2013,43.0,4,45.0
5220,BE,2013,62.0,4,44.0
5220,FZ,2013,78.0,4,89.0
5220,GI,2013,247.0,4,197.0
5220,JZ,2013,6.0,4,22.0
5220,KZ,2013,23.0,4,14.0
5220,LZ,2013,28.0,4,31.0
5220,MN,2013,77.0,4,91.0
5220,OQ,2013,46.0,4,66.0
5220,RU,2013,71.0,4,84.0
5304,BE,2013,38.0,4,63.0
5304,FZ,2013,95.0,4,101.0
5304,GI,2013,226.0,4,189.0
5304,JZ,2013,16.0,4,24.0
5304,KZ,2013,27.0,4,28.0
5304,LZ,2013,32.0,4,26.0
5304,MN,2013,131.0,4,113.0
5304,OQ,2013,87.0,4,71.0
5304,RU,2013,63.0,4,100.0
5309,BE,2013,115.0,4,104.0
5309,FZ,2013,237.0,4,260.0
5309,GI,2013,375.0,4,399.0
5309,JZ,2013,52.0,4,53.0
5309,KZ,2013,68.0,4,48.0
5309,LZ,2013,66.0,4,74.0
5309,MN,2013,288.0,4,299.0
5309,OQ,2013,235.0,4,254.0
5309,RU,2013,178.0,4,204.0
5314,BE,2013,27.0,4,41.0
5314,FZ,2013,46.0,4,55.0
5314,GI,2013,94.0,4,106.0
5314,JZ,2013,11.0,4,14.0
5314,KZ,2013,5.0,4,6.0
5314,LZ,2013,13.0,4,11.0
5314,MN,2013,71.0,4,45.0
5314,OQ,2013,64.0,4,55.0
5314,RU,2013,41.0,4,58.0
5319,BE,2013,76.0,4,49.0
5319,FZ,2013,54.0,4,58.0
5319,GI,2013,163.0,4,177.0
5319,JZ,2013,16.0,4,15.0
5319,KZ,2013,44.0,4,25.0
5319,LZ,2013,26.0,4,26.0
5319,MN,2013,76.0,4,75.0
5319,OQ,2013,58.0,4,71.0
5319,RU,2013,61.0,4,49.0
7505,BE,2013,680.0,4,722.0
7505,FZ,2013,2044.0,4,1873.0
7505,GI,2013,3485.0,4,3331.0
7505,JZ,2013,659.0,4,625.0
7505,KZ,2013,453.0,4,377.0
7505,LZ,2013,420.0,4,465.0
7505,MN,2013,2801.0,4,2647.0
7505,OQ,2013,1790.0,4,1521.0
7505,RU,2013,1479.0,4,1445.0
7510,BE,2013,144.0,4,163.0
7510,FZ,2013,250.0,4,254.0
7510,GI,2013,449.0,4,470.0
7510,JZ,2013,42.0,4,31.0
7510,KZ,2013,35.0,4,32.0
7510,LZ,2013,73.0,4,72.0
7510,MN,2013,243.0,4,251.0
7510,OQ,2013,173.0,4,203.0
7510,RU,2013,175.0,4,187.0
7515,BE,2013,70.0,4,52.0
7515,FZ,2013,131.0,4,117.0
7515,GI,2013,252.0,4,285.0
7515,JZ,2013,11.0,4,11.0
7515,KZ,2013,18.0,4,11.0
7515,LZ,2013,22.0,4,21.0
7515,MN,2013,100.0,4,98.0
7515,OQ,2013,88.0,4,77.0
7515,RU,2013,88.0,4,115.0
7520,BE,2013,175.0,4,140.0
7520,FZ,2013,195.0,4,182.0
7520,GI,2013,467.0,4,402.0
7520,JZ,2013,44.0,4,57.0
7520,KZ,2013,39.0,4,46.0
7520,LZ,2013,40.0,4,47.0
7520,MN,2013,236.0,4,232.0
7520,OQ,2013,164.0,4,163.0
7520,RU,2013,157.0,4,189.0
7525,BE,2013,39.0,4,47.0
7525,FZ,2013,102.0,4,117.0
7525,GI,2013,199.0,4,206.0
7525,JZ,2013,16.0,4,16.0
7525,KZ,2013,16.0,4,18.0
7525,LZ,2013,18.0,4,16.0
7525,MN,2013,93.0,4,98.0
7525,OQ,2013,94.0,4,84.0
7525,RU,2013,82.0,4,112.0
7530,BE,2013,57.0,4,36.0
7530,FZ,2013,52.0,4,36.0
7530,GI,2013,159.0,4,113.0
7530,JZ,2013,9.0,4,17.0
7530,KZ,2013,11.0,4,20.0
7530,LZ,2013,16.0,4,11.0
7530,MN,2013,47.0,4,40.0
7530,OQ,2013,35.0,4,34.0
7530,RU,2013,41.0,4,47.0
7603,BE,2013,146.0,4,181.0
7603,FZ,2013,319.0,4,405.0
7603,GI,2013,624.0,4,670.0
7603,JZ,2013,47.0,4,44.0
7603,KZ,2013,40.0,4,36.0
7603,LZ,2013,31.0,4,41.0
7603,MN,2013,248.0,4,280.0
7603,OQ,2013,178.0,4,226.0
7603,RU,2013,209.0,4,260.0
7608,BE,2013,167.0,4,153.0
7608,FZ,2013,278.0,4,300.0
7608,GI,2013,658.0,4,592.0
7608,JZ,2013,34.0,4,50.0
7608,KZ,2013,40.0,4,35.0
7608,LZ,2013,33.0,4,71.0
7608,MN,2013,254.0,4,280.0
7608,OQ,2013,266.0,4,167.0
7608,RU,2013,197.0,4,242.0
7613,BE,2013,83.0,4,71.0
7613,FZ,2013,55.0,4,78.0
7613,GI,2013,149.0,4,148.0
7613,JZ,2013,11.0,4,13.0
7613,KZ,2013,9.0,4,11.0
7613,LZ,2013,19.0,4,14.0
7613,MN,2013,53.0,4,64.0
7613,OQ,2013,58.0,4,75.0
7613,RU,2013,52.0,4,75.0
7618,BE,2013,339.0,4,283.0
7618,FZ,2013,773.0,4,843.0
7618,GI,2013,1234.0,4,1154.0
7618,JZ,2013,109.0,4,149.0
7618,KZ,2013,122.0,4,83.0
7618,LZ,2013,93.0,4,104.0
7618,MN,2013,679.0,4,706.0
7618,OQ,2013,461.0,4,499.0
7618,RU,2013,417.0,4,439.0
7623,BE,2013,57.0,4,60.0
7623,FZ,2013,223.0,4,211.0
7623,GI,2013,410.0,4,445.0
7623,JZ,2013,30.0,4,31.0
7623,KZ,2013,28.0,4,20.0
7623,LZ,2013,34.0,4,42.0
7623,MN,2013,173.0,4,215.0
7623,OQ,2013,137.0,4,135.0
7623,RU,2013,127.0,4,165.0
8403,BE,2013,137.0,4,127.0
8403,FZ,2013,75.0,4,80.0
8403,GI,2013,143.0,4,153.0
8403,JZ,2013,15.0,4,8.0
8403,KZ,2013,17.0,4,18.0
8403,LZ,2013,16.0,4,23.0
8403,MN,2013,67.0,4,76.0
8403,OQ,2013,63.0,4,70.0
8403,RU,2013,42.0,4,57.0
8408,BE,2013,224.0,4,215.0
8408,FZ,2013,586.0,4,561.0
8408,GI,2013,1003.0,4,913.0
8408,JZ,2013,144.0,4,156.0
8408,KZ,2013,144.0,4,109.0
8408,LZ,2013,96.0,4,125.0
8408,MN,2013,678.0,4,663.0
8408,OQ,2013,548.0,4,500.0
8408,RU,2013,420.0,4,507.0
8413,BE,2013,77.0,4,69.0
8413,FZ,2013,211.0,4,241.0
8413,GI,2013,573.0,4,584.0
8413,JZ,2013,30.0,4,43.0
8413,KZ,2013,38.0,4,37.0
8413,LZ,2013,101.0,4,88.0
8413,MN,2013,257.0,4,312.0
8413,OQ,2013,378.0,4,365.0
8413,RU,2013,153.0,4,198.0
8418,BE,2013,32.0,4,37.0
8418,FZ,2013,125.0,4,124.0
8418,GI,2013,234.0,4,196.0
8418,JZ,2013,30.0,4,38.0
8418,KZ,2013,12.0,4,15.0
8418,LZ,2013,59.0,4,74.0
8418,MN,2013,232.0,4,229.0
8418,OQ,2013,193.0,4,198.0
8418,RU,2013,125.0,4,159.0
8423,BE,2013,118.0,4,94.0
8423,FZ,2013,94.0,4,111.0
8423,GI,2013,289.0,4,263.0
8423,JZ,2013,12.0,4,15.0
8423,KZ,2013,18.0,4,14.0
8423,LZ,2013,14.0,4,20.0
8423,MN,2013,90.0,4,96.0
8423,OQ,2013,71.0,4,81.0
8423,RU,2013,71.0,4,110.0
8428,BE,2013,251.0,4,271.0
8428,FZ,2013,708.0,4,729.0
8428,GI,2013,1258.0,4,1167.0
8428,JZ,2013,124.0,4,146.0
8428,KZ,2013,184.0,4,182.0
8428,LZ,2013,214.0,4,198.0
8428,MN,2013,677.0,4,716.0
8428,OQ,2013,526.0,4,584.0
8428,RU,2013,468.0,4,500.0
8433,BE,2013,150.0,4,145.0
8433,FZ,2013,446.0,4,444.0
8433,GI,2013,581.0,4,592.0
8433,JZ,2013,45.0,4,47.0
8433,KZ,2013,49.0,4,56.0
8433,LZ,2013,74.0,4,54.0
8433,MN,2013,301.0,4,277.0
8433,OQ,2013,238.0,4,223.0
8433,RU,2013,225.0,4,226.0
9303,BE,2013,122.0,4,137.0
9303,FZ,2013,308.0,4,349.0
9303,GI,2013,503.0,4,523.0
9303,JZ,2013,38.0,4,60.0
9303,KZ,2013,30.0,4,32.0
9303,LZ,2013,39.0,4,29.0
9303,MN,2013,231.0,4,280.0
9303,OQ,2013,164.0,4,147.0
9303,RU,2013,193.0,4,239.0
9308,BE,2013,71.0,4,89.0
9308,FZ,2013,309.0,4,362.0
9308,GI,2013,430.0,4,442.0
9308,JZ,2013,26.0,4,33.0
9308,KZ,2013,19.0,4,32.0
9308,LZ,2013,28.0,4,56.0
9308,MN,2013,254.0,4,233.0
9308,OQ,2013,124.0,4,120.0
9308,RU,2013,179.0,4,193.0
9313,BE,2013,311.0,4,348.0
9313,FZ,2013,517.0,4,554.0
9313,GI,2013,944.0,4,946.0
9313,JZ,2013,77.0,4,91.0
9313,KZ,2013,71.0,4,49.0
9313,LZ,2013,85.0,4,83.0
9313,MN,2013,512.0,4,525.0
9313,OQ,2013,354.0,4,371.0
9313,RU,2013,343.0,4,366.0
9318,BE,2013,268.0,4,345.0
9318,FZ,2013,1212.0,4,1364.0
9318,GI,2013,2123.0,4,2059.0
9318,JZ,2013,201.0,4,220.0
9318,KZ,2013,152.0,4,149.0
9318,LZ,2013,202.0,4,250.0
9318,MN,2013,1183.0,4,1195.0
9318,OQ,2013,770.0,4,875.0
9318,RU,2013,731.0,4,900.0
0051,BE,2014,59.0,0,54.0
0051,FZ,2014,125.0,0,147.0
0051,GI,2014,216.0,0,240.0
0051,JZ,2014,11.0,0,29.0
0051,KZ,2014,32.0,0,21.0
0051,LZ,2014,25.0,0,17.0
0051,MN,2014,102.0,0,81.0
0051,OQ,2014,81.0,0,77.0
0051,RU,2014,90.0,0,89.0
0056,BE,2014,54.0,0,30.0
0056,FZ,2014,75.0,0,83.0
0056,GI,2014,187.0,0,180.0
0056,JZ,2014,8.0,0,7.0
0056,KZ,2014,10.0,0,21.0
0056,LZ,2014,13.0,0,9.0
0056,MN,2014,62.0,0,73.0
0056,OQ,2014,55.0,0,42.0
0056,RU,2014,46.0,0,50.0
0061,BE,2014,31.0,0,34.0
0061,FZ,2014,62.0,0,61.0
0061,GI,2014,148.0,0,118.0
0061,JZ,2014,13.0,0,14.0
0061,KZ,2014,14.0,0,18.0
0061,LZ,2014,10.0,0,11.0
0061,MN,2014,65.0,0,81.0
0061,OQ,2014,43.0,0,35.0
0061,RU,2014,58.0,0,44.0
1102,BE,2014,42.0,0,36.0
1102,FZ,2014,102.0,0,121.0
1102,GI,2014,177.0,0,183.0
1102,JZ,2014,23.0,0,14.0
1102,KZ,2014,11.0,0,14.0
1102,LZ,2014,17.0,0,10.0
1102,MN,2014,102.0,0,114.0
1102,OQ,2014,60.0,0,68.0
1102,RU,2014,69.0,0,84.0
1107,BE,2014,84.0,0,66.0
1107,FZ,2014,290.0,0,272.0
1107,GI,2014,555.0,0,529.0
1107,JZ,2014,64.0,0,63.0
1107,KZ,2014,36.0,0,45.0
1107,LZ,2014,38.0,0,38.0
1107,MN,2014,309.0,0,307.0
1107,OQ,2014,158.0,0,154.0
1107,RU,2014,197.0,0,191.0
1112,BE,2014,313.0,0,258.0
1112,FZ,2014,1552.0,0,1548.0
1112,GI,2014,3225.0,0,3048.0
1112,JZ,2014,406.0,0,412.0
1112,KZ,2014,141.0,0,130.0
1112,LZ,2014,162.0,0,134.0
1112,MN,2014,1580.0,0,1423.0
1112,OQ,2014,663.0,0,653.0
1112,RU,2014,658.0,0,610.0
2402,BE,2014,114.0,0,98.0
2402,FZ,2014,192.0,0,168.0
2402,GI,2014,425.0,0,447.0
2402,JZ,2014,26.0,0,36.0
2402,KZ,2014,41.0,0,41.0
2402,LZ,2014,57.0,0,48.0
2402,MN,2014,213.0,0,180.0
2402,OQ,2014,133.0,0,147.0
2402,RU,2014,172.0,0,118.0
2407,BE,2014,30.0,0,28.0
2407,FZ,2014,72.0,0,56.0
2407,GI,2014,175.0,0,165.0
2407,JZ,2014,5.0,0,18.0
2407,KZ,2014,19.0,0,10.0
2407,LZ,2014,16.0,0,15.0
2407,MN,2014,77.0,0,90.0
2407,OQ,2014,56.0,0,52.0
2407,RU,2014,67.0,0,80.0
2412,BE,2014,48.0,0,37.0
2412,FZ,2014,96.0,0,103.0
2412,GI,2014,253.0,0,217.0
2412,JZ,2014,4.0,0,12.0
2412,KZ,2014,17.0,0,30.0
2412,LZ,2014,21.0,0,25.0
2412,MN,2014,67.0,0,74.0
2412,OQ,2014,49.0,0,63.0
2412,RU,2014,71.0,0,64.0
2702,BE,2014,99.0,0,69.0
2702,FZ,2014,142.0,0,168.0
2702,GI,2014,513.0,0,465.0
2702,JZ,2014,26.0,0,30.0
2702,KZ,2014,57.0,0,57.0
2702,LZ,2014,42.0,0,34.0
2702,MN,2014,181.0,0,240.0
2702,OQ,2014,145.0,0,143.0
2702,RU,2014,142.0,0,133.0
2707,BE,2014,80.0,0,70.0
2707,FZ,2014,121.0,0,145.0
2707,GI,2014,393.0,0,388.0
2707,JZ,2014,30.0,0,31.0
2707,KZ,2014,31.0,0,38.0
2707,LZ,2014,43.0,0,35.0
2707,MN,2014,187.0,0,201.0
2707,OQ,2014,154.0,0,140.0
2707,RU,2014,123.0,0,132.0
2712,BE,2014,64.0,0,42.0
2712,FZ,2014,71.0,0,92.0
2712,GI,2014,217.0,0,223.0
2712,JZ,2014,10.0,0,17.0
2712,KZ,2014,22.0,0,13.0
2712,LZ,2014,15.0,0,28.0
2712,MN,2014,69.0,0,86.0
2712,OQ,2014,70.0,0,79.0
2712,RU,2014,85.0,0,74.0
2717,BE,2014,48.0,0,45.0
2717,FZ,2014,136.0,0,111.0
2717,GI,2014,313.0,0,293.0
2717,JZ,2014,32.0,0,28.0
2717,KZ,2014,28.0,0,26.0
2717,LZ,2014,27.0,0,23.0
2717,MN,2014,126.0,0,132.0
2717,OQ,2014,97.0,0,72.0
2717,RU,2014,83.0,0,115.0
2804,BE,2014,228.0,0,191.0
2804,FZ,2014,544.0,0,594.0
2804,GI,2014,1322.0,0,1353.0
2804,JZ,2014,135.0,0,162.0
2804,KZ,2014,158.0,0,146.0
2804,LZ,2014,110.0,0,113.0
2804,MN,2014,872.0,0,718.0
2804,OQ,2014,639.0,0,539.0
2804,RU,2014,462.0,0,456.0
2809,BE,2014,27.0,0,25.0
2809,FZ,2014,68.0,0,65.0
2809,GI,2014,180.0,0,184.0
2809,JZ,2014,12.0,0,13.0
2809,KZ,2014,7.0,0,9.0
2809,LZ,2014,13.0,0,21.0
2809,MN,2014,56.0,0,46.0
2809,OQ,2014,72.0,0,50.0
2809,RU,2014,62.0,0,63.0
2814,BE,2014,41.0,0,29.0
2814,FZ,2014,93.0,0,84.0
2814,GI,2014,204.0,0,196.0
2814,JZ,2014,16.0,0,7.0
2814,KZ,2014,15.0,0,12.0
2814,LZ,2014,21.0,0,18.0
2814,MN,2014,109.0,0,85.0
2814,OQ,2014,45.0,0,46.0
2814,RU,2014,77.0,0,62.0
2819,BE,2014,38.0,0,30.0
2819,FZ,2014,89.0,0,72.0
2819,GI,2014,211.0,0,207.0
2819,JZ,2014,13.0,0,19.0
2819,KZ,2014,28.0,0,12.0
2819,LZ,2014,13.0,0,22.0
2819,MN,2014,78.0,0,88.0
2819,OQ,2014,62.0,0,75.0
2819,RU,2014,61.0,0,64.0
3205,BE,2014,84.0,0,91.0
3205,FZ,2014,270.0,0,241.0
3205,GI,2014,482.0,0,474.0
3205,JZ,2014,31.0,0,38.0
3205,KZ,2014,37.0,0,45.0
3205,LZ,2014,46.0,0,30.0
3205,MN,2014,223.0,0,189.0
3205,OQ,2014,168.0,0,199.0
3205,RU,2014,203.0,0,193.0
3210,BE,2014,78.0,0,84.0
3210,FZ,2014,183.0,0,194.0
3210,GI,2014,478.0,0,432.0
3210,JZ,2014,42.0,0,41.0
3210,KZ,2014,39.0,0,34.0
3210,LZ,2014,50.0,0,50.0
3210,MN,2014,224.0,0,254.0
3210,OQ,2014,141.0,0,172.0
3210,RU,2014,132.0,0,137.0
3215,BE,2014,96.0,0,110.0
3215,FZ,2014,306.0,0,332.0
3215,GI,2014,841.0,0,795.0
3215,JZ,2014,44.0,0,57.0
3215,KZ,2014,50.0,0,45.0
3215,LZ,2014,50.0,0,39.0
3215,MN,2014,272.0,0,264.0
3215,OQ,2014,239.0,0,245.0
3215,RU,2014,271.0,0,265.0
3220,BE,2014,83.0,0,86.0
3220,FZ,2014,201.0,0,218.0
3220,GI,2014,453.0,0,531.0
3220,JZ,2014,31.0,0,41.0
3220,KZ,2014,50.0,0,41.0
3220,LZ,2014,25.0,0,50.0
3220,MN,2014,213.0,0,177.0
3220,OQ,2014,140.0,0,153.0
3220,RU,2014,181.0,0,200.0
4403,BE,2014,67.0,0,84.0
4403,FZ,2014,153.0,0,171.0
4403,GI,2014,452.0,0,462.0
4403,JZ,2014,27.0,0,31.0
4403,KZ,2014,31.0,0,34.0
4403,LZ,2014,19.0,0,20.0
4403,MN,2014,113.0,0,128.0
4403,OQ,2014,98.0,0,114.0
4403,RU,2014,154.0,0,141.0
4408,BE,2014,44.0,0,43.0
4408,FZ,2014,140.0,0,156.0
4408,GI,2014,263.0,0,264.0
4408,JZ,2014,15.0,0,7.0
4408,KZ,2014,22.0,0,12.0
4408,LZ,2014,9.0,0,11.0
4408,MN,2014,98.0,0,90.0
4408,OQ,2014,74.0,0,56.0
4408,RU,2014,107.0,0,97.0
4413,BE,2014,136.0,0,108.0
4413,FZ,2014,306.0,0,350.0
4413,GI,2014,689.0,0,769.0
4413,JZ,2014,103.0,0,102.0
4413,KZ,2014,145.0,0,111.0
4413,LZ,2014,88.0,0,99.0
4413,MN,2014,507.0,0,474.0
4413,OQ,2014,377.0,0,353.0
4413,RU,2014,293.0,0,279.0
4418,BE,2014,41.0,0,53.0
4418,FZ,2014,59.0,0,59.0
4418,GI,2014,213.0,0,237.0
4418,JZ,2014,17.0,0,21.0
4418,KZ,2014,11.0,0,14.0
4418,LZ,2014,27.0,0,25.0
4418,MN,2014,111.0,0,92.0
4418,OQ,2014,67.0,0,75.0
4418,RU,2014,75.0,0,76.0
4423,BE,2014,371.0,0,335.0
4423,FZ,2014,808.0,0,771.0
4423,GI,2014,1892.0,0,2015.0
4423,JZ,2014,350.0,0,385.0
4423,KZ,2014,224.0,0,219.0
4423,LZ,2014,242.0,0,242.0
4423,MN,2014,1381.0,0,1476.0
4423,OQ,2014,1009.0,0,952.0
4423,RU,2014,776.0,0,687.0
5201,BE,2014,73.0,0,80.0
5201,FZ,2014,86.0,0,78.0
5201,GI,2014,203.0,0,205.0
5201,JZ,2014,18.0,0,20.0
5201,KZ,2014,22.0,0,25.0
5201,LZ,2014,32.0,0,36.0
5201,MN,2014,130.0,0,121.0
5201,OQ,2014,78.0,0,76.0
5201,RU,2014,93.0,0,81.0
5206,BE,2014,102.0,0,78.0
5206,FZ,2014,178.0,0,151.0
5206,GI,2014,333.0,0,380.0
5206,JZ,2014,31.0,0,29.0
5206,KZ,2014,51.0,0,57.0
5206,LZ,2014,55.0,0,49.0
5206,MN,2014,195.0,0,177.0
5206,OQ,2014,138.0,0,110.0
5206,RU,2014,103.0,0,110.0
5211,BE,2014,75.0,0,76.0
5211,FZ,2014,102.0,0,97.0
5211,GI,2014,322.0,0,273.0
5211,JZ,2014,32.0,0,39.0
5211,KZ,2014,44.0,0,43.0
5211,LZ,2014,33.0,0,44.0
5211,MN,2014,275.0,0,216.0
5211,OQ,2014,138.0,0,140.0
5211,RU,2014,123.0,0,98.0
5216,BE,2014,591.0,0,437.0
5216,FZ,2014,946.0,0,1010.0
5216,GI,2014,2125.0,0,1833.0
5216,JZ,2014,524.0,0,526.0
5216,KZ,2014,370.0,0,344.0
5216,LZ,2014,328.0,0,399.0
5216,MN,2014,2070.0,0,1769.0
5216,OQ,2014,1213.0,0,1190.0
5216,RU,2014,1024.0,0,834.0
5221,BE,2014,27.0,0,42.0
5221,FZ,2014,27.0,0,46.0
5221,GI,2014,101.0,0,85.0
5221,JZ,2014,10.0,0,11.0
5221,KZ,2014,9.0,0,16.0
5221,LZ,2014,13.0,0,18.0
5221,MN,2014,46.0,0,55.0
5221,OQ,2014,38.0,0,36.0
5221,RU,2014,43.0,0,33.0
5305,BE,2014,21.0,0,38.0
5305,FZ,2014,61.0,0,45.0
5305,GI,2014,147.0,0,141.0
5305,JZ,2014,18.0,0,14.0
5305,KZ,2014,19.0,0,16.0
5305,LZ,2014,24.0,0,18.0
5305,MN,2014,63.0,0,72.0
5305,OQ,2014,50.0,0,51.0
5305,RU,2014,59.0,0,32.0
5310,BE,2014,68.0,0,50.0
5310,FZ,2014,83.0,0,88.0
5310,GI,2014,263.0,0,194.0
5310,JZ,2014,15.0,0,12.0
5310,KZ,2014,30.0,0,19.0
5310,LZ,2014,20.0,0,28.0
5310,MN,2014,131.0,0,120.0
5310,OQ,2014,111.0,0,91.0
5310,RU,2014,112.0,0,106.0
5315,BE,2014,320.0,0,323.0
5315,FZ,2014,540.0,0,519.0
5315,GI,2014,1312.0,0,1378.0
5315,JZ,2014,351.0,0,312.0
5315,KZ,2014,344.0,0,381.0
5315,LZ,2014,191.0,0,186.0
5315,MN,2014,1242.0,0,1117.0
5315,OQ,2014,821.0,0,845.0
5315,RU,2014,717.0,0,625.0
7501,BE,2014,110.0,0,121.0
7501,FZ,2014,120.0,0,159.0
7501,GI,2014,380.0,0,404.0
7501,JZ,2014,16.0,0,27.0
7501,KZ,2014,58.0,0,38.0
7501,LZ,2014,34.0,0,31.0
7501,MN,2014,184.0,0,184.0
7501,OQ,2014,149.0,0,132.0
7501,RU,2014,126.0,0,133.0
7506,BE,2014,87.0,0,122.0
7506,FZ,2014,65.0,0,66.0
7506,GI,2014,215.0,0,237.0
7506,JZ,2014,14.0,0,17.0
7506,KZ,2014,19.0,0,23.0
7506,LZ,2014,26.0,0,32.0
7506,MN,2014,98.0,0,89.0
7506,OQ,2014,71.0,0,65.0
7506,RU,2014,69.0,0,79.0
7511,BE,2014,134.0,0,185.0
7511,FZ,2014,113.0,0,117.0
7511,GI,2014,242.0,0,238.0
7511,JZ,2014,17.0,0,16.0
7511,KZ,2014,25.0,0,19.0
7511,LZ,2014,26.0,0,29.0
7511,MN,2014,125.0,0,105.0
7511,OQ,2014,96.0,0,70.0
7511,RU,2014,115.0,0,105.0
7516,BE,2014,135.0,0,132.0
7516,FZ,2014,242.0,0,270.0
7516,GI,2014,493.0,0,497.0
7516,JZ,2014,19.0,0,40.0
7516,KZ,2014,41.0,0,48.0
7516,LZ,2014,62.0,0,62.0
7516,MN,2014,234.0,0,260.0
7516,OQ,2014,116.0,0,145.0
7516,RU,2014,176.0,0,190.0
7521,BE,2014,63.0,0,53.0
7521,FZ,2014,52.0,0,67.0
7521,GI,2014,147.0,0,136.0
7521,JZ,2014,12.0,0,17.0
7521,KZ,2014,12.0,0,15.0
7521,LZ,2014,21.0,0,17.0
7521,MN,2014,83.0,0,79.0
7521,OQ,2014,78.0,0,100.0
7521,RU,2014,51.0,0,83.0
7526,BE,2014,88.0,0,76.0
7526,FZ,2014,152.0,0,184.0
7526,GI,2014,477.0,0,464.0
7526,JZ,2014,20.0,0,30.0
7526,KZ,2014,40.0,0,39.0
7526,LZ,2014,65.0,0,69.0
7526,MN,2014,200.0,0,198.0
7526,OQ,2014,162.0,0,157.0
7526,RU,2014,174.0,0,158.0
7531,BE,2014,78.0,0,125.0
7531,FZ,2014,82.0,0,100.0
7531,GI,2014,192.0,0,179.0
7531,JZ,2014,14.0,0,7.0
7531,KZ,2014,8.0,0,14.0
7531,LZ,2014,14.0,0,13.0
7531,MN,2014,72.0,0,76.0
7531,OQ,2014,81.0,0,68.0
7531,RU,2014,78.0,0,67.0
7604,BE,2014,171.0,0,181.0
7604,FZ,2014,224.0,0,236.0
7604,GI,2014,412.0,0,385.0
7604,JZ,2014,33.0,0,26.0
7604,KZ,2014,37.0,0,41.0
7604,LZ,2014,70.0,0,56.0
7604,MN,2014,231.0,0,208.0
7604,OQ,2014,173.0,0,166.0
7604,RU,2014,137.0,0,132.0
7609,BE,2014,42.0,0,64.0
7609,FZ,2014,99.0,0,103.0
7609,GI,2014,213.0,0,188.0
7609,JZ,2014,6.0,0,11.0
7609,KZ,2014,16.0,0,9.0
7609,LZ,2014,13.0,0,13.0
7609,MN,2014,97.0,0,103.0
7609,OQ,2014,70.0,0,58.0
7609,RU,2014,56.0,0,75.0
7614,BE,2014,75.0,0,86.0
7614,FZ,2014,79.0,0,48.0
7614,GI,2014,160.0,0,145.0
7614,JZ,2014,8.0,0,10.0
7614,KZ,2014,14.0,0,17.0
7614,LZ,2014,11.0,0,20.0
7614,MN,2014,79.0,0,58.0
7614,OQ,2014,93.0,0,57.0
7614,RU,2014,54.0,0,65.0
7619,BE,2014,47.0,0,237.0
7619,FZ,2014,60.0,0,56.0
7619,GI,2014,135.0,0,141.0
7619,JZ,2014,6.0,0,14.0
7619,KZ,2014,11.0,0,6.0
7619,LZ,2014,14.0,0,15.0
7619,MN,2014,58.0,0,42.0
7619,OQ,2014,59.0,0,32.0
7619,RU,2014,56.0,0,42.0
7624,BE,2014,174.0,0,155.0
7624,FZ,2014,310.0,0,331.0
7624,GI,2014,600.0,0,618.0
7624,JZ,2014,35.0,0,36.0
7624,KZ,2014,50.0,0,52.0
7624,LZ,2014,94.0,0,91.0
7624,MN,2014,258.0,0,293.0
7624,OQ,2014,304.0,0,331.0
7624,RU,2014,214.0,0,234.0
8404,BE,2014,33.0,0,53.0
8404,FZ,2014,78.0,0,90.0
8404,GI,2014,122.0,0,134.0
8404,JZ,2014,9.0,0,11.0
8404,KZ,2014,6.0,0,8.0
8404,LZ,2014,13.0,0,13.0
8404,MN,2014,67.0,0,62.0
8404,OQ,2014,73.0,0,66.0
8404,RU,2014,54.0,0,55.0
8409,BE,2014,351.0,0,355.0
8409,FZ,2014,880.0,0,871.0
8409,GI,2014,1473.0,0,1415.0
8409,JZ,2014,357.0,0,331.0
8409,KZ,2014,181.0,0,190.0
8409,LZ,2014,206.0,0,181.0
8409,MN,2014,1401.0,0,1267.0
8409,OQ,2014,1005.0,0,1015.0
8409,RU,2014,640.0,0,593.0
8414,BE,2014,69.0,0,51.0
8414,FZ,2014,127.0,0,112.0
8414,GI,2014,259.0,0,210.0
8414,JZ,2014,17.0,0,16.0
8414,KZ,2014,28.0,0,18.0
8414,LZ,2014,35.0,0,43.0
8414,MN,2014,148.0,0,124.0
8414,OQ,2014,128.0,0,118.0
8414,RU,2014,87.0,0,84.0
8419,BE,2014,84.0,0,93.0
8419,FZ,2014,108.0,0,135.0
8419,GI,2014,227.0,0,255.0
8419,JZ,2014,18.0,0,21.0
8419,KZ,2014,27.0,0,30.0
8419,LZ,2014,24.0,0,28.0
8419,MN,2014,103.0,0,106.0
8419,OQ,2014,114.0,0,103.0
8419,RU,2014,117.0,0,99.0
8424,BE,2014,51.0,0,91.0
8424,FZ,2014,75.0,0,102.0
8424,GI,2014,213.0,0,257.0
8424,JZ,2014,11.0,0,15.0
8424,KZ,2014,17.0,0,13.0
8424,LZ,2014,19.0,0,17.0
8424,MN,2014,97.0,0,86.0
8424,OQ,2014,70.0,0,84.0
8424,RU,2014,78.0,0,79.0
8429,BE,2014,41.0,0,132.0
8429,FZ,2014,37.0,0,20.0
8429,GI,2014,73.0,0,61.0
8429,JZ,2014,3.0,0,3.0
8429,KZ,2014,7.0,0,12.0
8429,LZ,2014,13.0,0,13.0
8429,MN,2014,17.0,0,35.0
8429,OQ,2014,23.0,0,21.0
8429,RU,2014,20.0,0,19.0
8434,BE,2014,94.0,0,94.0
8434,FZ,2014,238.0,0,234.0
8434,GI,2014,502.0,0,486.0
8434,JZ,2014,52.0,0,42.0
8434,KZ,2014,46.0,0,51.0
8434,LZ,2014,48.0,0,53.0
8434,MN,2014,291.0,0,256.0
8434,OQ,2014,191.0,0,177.0
8434,RU,2014,154.0,0,153.0
9304,BE,2014,330.0,0,307.0
9304,FZ,2014,1111.0,0,1232.0
9304,GI,2014,1885.0,0,1949.0
9304,JZ,2014,293.0,0,295.0
9304,KZ,2014,203.0,0,210.0
9304,LZ,2014,471.0,0,468.0
9304,MN,2014,1659.0,0,1595.0
9304,OQ,2014,721.0,0,726.0
9304,RU,2014,777.0,0,762.0
9309,BE,2014,63.0,0,76.0
9309,FZ,2014,320.0,0,319.0
9309,GI,2014,567.0,0,633.0
9309,JZ,2014,37.0,0,32.0
9309,KZ,2014,42.0,0,57.0
9309,LZ,2014,75.0,0,80.0
9309,MN,2014,349.0,0,373.0
9309,OQ,2014,214.0,0,187.0
9309,RU,2014,184.0,0,155.0
9314,BE,2014,40.0,0,45.0
9314,FZ,2014,133.0,0,169.0
9314,GI,2014,252.0,0,276.0
9314,JZ,2014,17.0,0,25.0
9314,KZ,2014,20.0,0,25.0
9314,LZ,2014,92.0,0,89.0
9314,MN,2014,184.0,0,150.0
9314,OQ,2014,86.0,0,107.0
9314,RU,2014,106.0,0,111.0
0052,BE,2014,133.0,1,150.0
0052,FZ,2014,258.0,1,209.0
0052,GI,2014,517.0,1,570.0
0052,JZ,2014,32.0,1,33.0
0052,KZ,2014,39.0,1,40.0
0052,LZ,2014,40.0,1,40.0
0052,MN,2014,230.0,1,284.0
0052,OQ,2014,129.0,1,127.0
0052,RU,2014,174.0,1,196.0
0057,BE,2014,84.0,1,56.0
0057,FZ,2014,164.0,1,175.0
0057,GI,2014,353.0,1,354.0
0057,JZ,2014,29.0,1,32.0
0057,KZ,2014,33.0,1,25.0
0057,LZ,2014,27.0,1,31.0
0057,MN,2014,206.0,1,145.0
0057,OQ,2014,87.0,1,116.0
0057,RU,2014,112.0,1,104.0
0062,BE,2014,56.0,1,52.0
0062,FZ,2014,71.0,1,74.0
0062,GI,2014,167.0,1,158.0
0062,JZ,2014,8.0,1,18.0
0062,KZ,2014,22.0,1,19.0
0062,LZ,2014,15.0,1,19.0
0062,MN,2014,83.0,1,92.0
0062,OQ,2014,59.0,1,76.0
0062,RU,2014,44.0,1,60.0
1103,BE,2014,39.0,1,41.0
1103,FZ,2014,125.0,1,136.0
1103,GI,2014,220.0,1,213.0
1103,JZ,2014,38.0,1,38.0
1103,KZ,2014,21.0,1,21.0
1103,LZ,2014,28.0,1,29.0
1103,MN,2014,185.0,1,138.0
1103,OQ,2014,107.0,1,97.0
1103,RU,2014,85.0,1,96.0
1108,BE,2014,75.0,1,56.0
1108,FZ,2014,303.0,1,280.0
1108,GI,2014,504.0,1,487.0
1108,JZ,2014,64.0,1,75.0
1108,KZ,2014,37.0,1,41.0
1108,LZ,2014,35.0,1,41.0
1108,MN,2014,304.0,1,300.0
1108,OQ,2014,173.0,1,178.0
1108,RU,2014,190.0,1,208.0
1113,BE,2014,182.0,1,146.0
1113,FZ,2014,582.0,1,575.0
1113,GI,2014,1227.0,1,1178.0
1113,JZ,2014,327.0,1,298.0
1113,KZ,2014,145.0,1,148.0
1113,LZ,2014,118.0,1,85.0
1113,MN,2014,1063.0,1,984.0
1113,OQ,2014,572.0,1,525.0
1113,RU,2014,491.0,1,487.0
2403,BE,2014,99.0,1,65.0
2403,FZ,2014,198.0,1,159.0
2403,GI,2014,466.0,1,458.0
2403,JZ,2014,69.0,1,55.0
2403,KZ,2014,68.0,1,70.0
2403,LZ,2014,45.0,1,36.0
2403,MN,2014,250.0,1,270.0
2403,OQ,2014,168.0,1,151.0
2403,RU,2014,191.0,1,158.0
2408,BE,2014,45.0,1,42.0
2408,FZ,2014,48.0,1,65.0
2408,GI,2014,121.0,1,112.0
2408,JZ,2014,7.0,1,6.0
2408,KZ,2014,6.0,1,9.0
2408,LZ,2014,18.0,1,16.0
2408,MN,2014,60.0,1,46.0
2408,OQ,2014,39.0,1,35.0
2408,RU,2014,47.0,1,31.0
2413,BE,2014,243.0,1,197.0
2413,FZ,2014,449.0,1,476.0
2413,GI,2014,1151.0,1,1187.0
2413,JZ,2014,169.0,1,145.0
2413,KZ,2014,129.0,1,142.0
2413,LZ,2014,186.0,1,160.0
2413,MN,2014,777.0,1,702.0
2413,OQ,2014,576.0,1,566.0
2413,RU,2014,478.0,1,427.0
2703,BE,2014,33.0,1,26.0
2703,FZ,2014,35.0,1,53.0
2703,GI,2014,135.0,1,157.0
2703,JZ,2014,8.0,1,7.0
2703,KZ,2014,15.0,1,15.0
2703,LZ,2014,12.0,1,13.0
2703,MN,2014,41.0,1,49.0
2703,OQ,2014,38.0,1,28.0
2703,RU,2014,24.0,1,50.0
2708,BE,2014,54.0,1,60.0
2708,FZ,2014,60.0,1,37.0
2708,GI,2014,202.0,1,195.0
2708,JZ,2014,7.0,1,10.0
2708,KZ,2014,16.0,1,15.0
2708,LZ,2014,26.0,1,26.0
2708,MN,2014,87.0,1,91.0
2708,OQ,2014,65.0,1,65.0
2708,RU,2014,73.0,1,75.0
2713,BE,2014,119.0,1,95.0
2713,FZ,2014,146.0,1,129.0
2713,GI,2014,410.0,1,430.0
2713,JZ,2014,29.0,1,35.0
2713,KZ,2014,38.0,1,31.0
2713,LZ,2014,42.0,1,39.0
2713,MN,2014,163.0,1,158.0
2713,OQ,2014,149.0,1,126.0
2713,RU,2014,127.0,1,136.0
2718,BE,2014,79.0,1,55.0
2718,FZ,2014,125.0,1,108.0
2718,GI,2014,300.0,1,269.0
2718,JZ,2014,20.0,1,12.0
2718,KZ,2014,17.0,1,18.0
2718,LZ,2014,17.0,1,18.0
2718,MN,2014,115.0,1,95.0
2718,OQ,2014,97.0,1,106.0
2718,RU,2014,81.0,1,94.0
2805,BE,2014,73.0,1,51.0
2805,FZ,2014,70.0,1,77.0
2805,GI,2014,293.0,1,338.0
2805,JZ,2014,21.0,1,27.0
2805,KZ,2014,30.0,1,29.0
2805,LZ,2014,27.0,1,27.0
2805,MN,2014,151.0,1,126.0
2805,OQ,2014,153.0,1,123.0
2805,RU,2014,111.0,1,136.0
2810,BE,2014,32.0,1,24.0
2810,FZ,2014,42.0,1,34.0
2810,GI,2014,127.0,1,130.0
2810,JZ,2014,6.0,1,11.0
2810,KZ,2014,18.0,1,15.0
2810,LZ,2014,14.0,1,15.0
2810,MN,2014,82.0,1,66.0
2810,OQ,2014,60.0,1,40.0
2810,RU,2014,38.0,1,41.0
2815,BE,2014,229.0,1,195.0
2815,FZ,2014,711.0,1,658.0
2815,GI,2014,1548.0,1,1393.0
2815,JZ,2014,218.0,1,203.0
2815,KZ,2014,163.0,1,159.0
2815,LZ,2014,151.0,1,139.0
2815,MN,2014,1015.0,1,928.0
2815,OQ,2014,635.0,1,619.0
2815,RU,2014,577.0,1,580.0
3201,BE,2014,36.0,1,30.0
3201,FZ,2014,92.0,1,88.0
3201,GI,2014,189.0,1,205.0
3201,JZ,2014,6.0,1,6.0
3201,KZ,2014,14.0,1,10.0
3201,LZ,2014,24.0,1,20.0
3201,MN,2014,53.0,1,48.0
3201,OQ,2014,52.0,1,41.0
3201,RU,2014,64.0,1,78.0
3206,BE,2014,49.0,1,52.0
3206,FZ,2014,134.0,1,141.0
3206,GI,2014,445.0,1,342.0
3206,JZ,2014,29.0,1,23.0
3206,KZ,2014,33.0,1,33.0
3206,LZ,2014,29.0,1,44.0
3206,MN,2014,152.0,1,122.0
3206,OQ,2014,112.0,1,111.0
3206,RU,2014,97.0,1,83.0
3211,BE,2014,125.0,1,84.0
3211,FZ,2014,311.0,1,308.0
3211,GI,2014,855.0,1,781.0
3211,JZ,2014,76.0,1,79.0
3211,KZ,2014,60.0,1,64.0
3211,LZ,2014,65.0,1,59.0
3211,MN,2014,427.0,1,406.0
3211,OQ,2014,232.0,1,236.0
3211,RU,2014,270.0,1,274.0
3216,BE,2014,376.0,1,392.0
3216,FZ,2014,1444.0,1,756.0
3216,GI,2014,2239.0,1,2158.0
3216,JZ,2014,539.0,1,500.0
3216,KZ,2014,305.0,1,294.0
3216,LZ,2014,372.0,1,259.0
3216,MN,2014,1775.0,1,1818.0
3216,OQ,2014,1439.0,1,1450.0
3216,RU,2014,889.0,1,800.0
3221,BE,2014,65.0,1,66.0
3221,FZ,2014,158.0,1,144.0
3221,GI,2014,364.0,1,353.0
3221,JZ,2014,25.0,1,26.0
3221,KZ,2014,28.0,1,32.0
3221,LZ,2014,29.0,1,25.0
3221,MN,2014,185.0,1,201.0
3221,OQ,2014,118.0,1,96.0
3221,RU,2014,132.0,1,127.0
4404,BE,2014,80.0,1,86.0
4404,FZ,2014,83.0,1,114.0
4404,GI,2014,265.0,1,276.0
4404,JZ,2014,20.0,1,17.0
4404,KZ,2014,25.0,1,21.0
4404,LZ,2014,16.0,1,17.0
4404,MN,2014,91.0,1,107.0
4404,OQ,2014,91.0,1,81.0
4404,RU,2014,102.0,1,93.0
4409,BE,2014,172.0,1,142.0
4409,FZ,2014,223.0,1,255.0
4409,GI,2014,581.0,1,564.0
4409,JZ,2014,47.0,1,36.0
4409,KZ,2014,58.0,1,39.0
4409,LZ,2014,55.0,1,64.0
4409,MN,2014,272.0,1,285.0
4409,OQ,2014,217.0,1,239.0
4409,RU,2014,176.0,1,184.0
4414,BE,2014,72.0,1,90.0
4414,FZ,2014,90.0,1,94.0
4414,GI,2014,266.0,1,286.0
4414,JZ,2014,13.0,1,14.0
4414,KZ,2014,16.0,1,22.0
4414,LZ,2014,27.0,1,36.0
4414,MN,2014,100.0,1,90.0
4414,OQ,2014,87.0,1,82.0
4414,RU,2014,60.0,1,87.0
4419,BE,2014,44.0,1,59.0
4419,FZ,2014,94.0,1,107.0
4419,GI,2014,273.0,1,257.0
4419,JZ,2014,27.0,1,18.0
4419,KZ,2014,18.0,1,20.0
4419,LZ,2014,22.0,1,14.0
4419,MN,2014,115.0,1,101.0
4419,OQ,2014,94.0,1,78.0
4419,RU,2014,86.0,1,101.0
4424,BE,2014,97.0,1,105.0
4424,FZ,2014,276.0,1,293.0
4424,GI,2014,640.0,1,707.0
4424,JZ,2014,50.0,1,58.0
4424,KZ,2014,37.0,1,49.0
4424,LZ,2014,39.0,1,43.0
4424,MN,2014,274.0,1,262.0
4424,OQ,2014,226.0,1,188.0
4424,RU,2014,228.0,1,204.0
5202,BE,2014,172.0,1,193.0
5202,FZ,2014,336.0,1,342.0
5202,GI,2014,892.0,1,796.0
5202,JZ,2014,104.0,1,104.0
5202,KZ,2014,112.0,1,132.0
5202,LZ,2014,125.0,1,85.0
5202,MN,2014,600.0,1,555.0
5202,OQ,2014,466.0,1,476.0
5202,RU,2014,340.0,1,287.0
5207,BE,2014,82.0,1,127.0
5207,FZ,2014,94.0,1,86.0
5207,GI,2014,284.0,1,298.0
5207,JZ,2014,18.0,1,14.0
5207,KZ,2014,28.0,1,33.0
5207,LZ,2014,29.0,1,35.0
5207,MN,2014,118.0,1,126.0
5207,OQ,2014,91.0,1,62.0
5207,RU,2014,99.0,1,99.0
5212,BE,2014,129.0,1,119.0
5212,FZ,2014,239.0,1,264.0
5212,GI,2014,708.0,1,741.0
5212,JZ,2014,84.0,1,81.0
5212,KZ,2014,104.0,1,96.0
5212,LZ,2014,59.0,1,74.0
5212,MN,2014,406.0,1,376.0
5212,OQ,2014,283.0,1,318.0
5212,RU,2014,258.0,1,249.0
5217,BE,2014,51.0,1,34.0
5217,FZ,2014,62.0,1,78.0
5217,GI,2014,189.0,1,174.0
5217,JZ,2014,20.0,1,14.0
5217,KZ,2014,24.0,1,23.0
5217,LZ,2014,31.0,1,22.0
5217,MN,2014,106.0,1,121.0
5217,OQ,2014,69.0,1,63.0
5217,RU,2014,71.0,1,81.0
5301,BE,2014,71.0,1,74.0
5301,FZ,2014,83.0,1,91.0
5301,GI,2014,259.0,1,268.0
5301,JZ,2014,25.0,1,24.0
5301,KZ,2014,41.0,1,19.0
5301,LZ,2014,38.0,1,37.0
5301,MN,2014,136.0,1,139.0
5301,OQ,2014,122.0,1,117.0
5301,RU,2014,101.0,1,121.0
5306,BE,2014,38.0,1,15.0
5306,FZ,2014,53.0,1,43.0
5306,GI,2014,115.0,1,99.0
5306,JZ,2014,7.0,1,4.0
5306,KZ,2014,14.0,1,9.0
5306,LZ,2014,7.0,1,7.0
5306,MN,2014,64.0,1,38.0
5306,OQ,2014,36.0,1,45.0
5306,RU,2014,38.0,1,44.0
5311,BE,2014,48.0,1,51.0
5311,FZ,2014,58.0,1,45.0
5311,GI,2014,159.0,1,162.0
5311,JZ,2014,9.0,1,16.0
5311,KZ,2014,26.0,1,19.0
5311,LZ,2014,14.0,1,20.0
5311,MN,2014,57.0,1,65.0
5311,OQ,2014,63.0,1,57.0
5311,RU,2014,40.0,1,69.0
5316,BE,2014,77.0,1,77.0
5316,FZ,2014,233.0,1,188.0
5316,GI,2014,386.0,1,412.0
5316,JZ,2014,35.0,1,35.0
5316,KZ,2014,74.0,1,63.0
5316,LZ,2014,31.0,1,48.0
5316,MN,2014,190.0,1,180.0
5316,OQ,2014,142.0,1,160.0
5316,RU,2014,135.0,1,120.0
7502,BE,2014,163.0,1,206.0
7502,FZ,2014,282.0,1,309.0
7502,GI,2014,511.0,1,584.0
7502,JZ,2014,62.0,1,47.0
7502,KZ,2014,50.0,1,71.0
7502,LZ,2014,53.0,1,55.0
7502,MN,2014,323.0,1,299.0
7502,OQ,2014,184.0,1,187.0
7502,RU,2014,250.0,1,255.0
7507,BE,2014,85.0,1,110.0
7507,FZ,2014,143.0,1,168.0
7507,GI,2014,338.0,1,318.0
7507,JZ,2014,27.0,1,28.0
7507,KZ,2014,46.0,1,23.0
7507,LZ,2014,39.0,1,26.0
7507,MN,2014,163.0,1,156.0
7507,OQ,2014,137.0,1,121.0
7507,RU,2014,108.0,1,125.0
7512,BE,2014,199.0,1,195.0
7512,FZ,2014,339.0,1,382.0
7512,GI,2014,776.0,1,733.0
7512,JZ,2014,77.0,1,83.0
7512,KZ,2014,96.0,1,77.0
7512,LZ,2014,123.0,1,107.0
7512,MN,2014,525.0,1,487.0
7512,OQ,2014,362.0,1,297.0
7512,RU,2014,344.0,1,310.0
7517,BE,2014,234.0,1,174.0
7517,FZ,2014,261.0,1,323.0
7517,GI,2014,659.0,1,670.0
7517,JZ,2014,52.0,1,71.0
7517,KZ,2014,61.0,1,74.0
7517,LZ,2014,64.0,1,84.0
7517,MN,2014,330.0,1,340.0
7517,OQ,2014,309.0,1,321.0
7517,RU,2014,302.0,1,260.0
7522,BE,2014,240.0,1,174.0
7522,FZ,2014,326.0,1,329.0
7522,GI,2014,689.0,1,682.0
7522,JZ,2014,80.0,1,99.0
7522,KZ,2014,92.0,1,89.0
7522,LZ,2014,111.0,1,114.0
7522,MN,2014,458.0,1,471.0
7522,OQ,2014,448.0,1,350.0
7522,RU,2014,236.0,1,307.0
7527,BE,2014,101.0,1,124.0
7527,FZ,2014,83.0,1,91.0
7527,GI,2014,220.0,1,212.0
7527,JZ,2014,12.0,1,13.0
7527,KZ,2014,17.0,1,19.0
7527,LZ,2014,18.0,1,27.0
7527,MN,2014,96.0,1,75.0
7527,OQ,2014,82.0,1,52.0
7527,RU,2014,68.0,1,92.0
7532,BE,2014,69.0,1,78.0
7532,FZ,2014,117.0,1,127.0
7532,GI,2014,255.0,1,256.0
7532,JZ,2014,18.0,1,15.0
7532,KZ,2014,12.0,1,25.0
7532,LZ,2014,28.0,1,30.0
7532,MN,2014,105.0,1,109.0
7532,OQ,2014,78.0,1,67.0
7532,RU,2014,101.0,1,84.0
7605,BE,2014,64.0,1,53.0
7605,FZ,2014,113.0,1,96.0
7605,GI,2014,191.0,1,200.0
7605,JZ,2014,10.0,1,17.0
7605,KZ,2014,16.0,1,10.0
7605,LZ,2014,16.0,1,15.0
7605,MN,2014,107.0,1,96.0
7605,OQ,2014,87.0,1,71.0
7605,RU,2014,81.0,1,77.0
7610,BE,2014,164.0,1,152.0
7610,FZ,2014,169.0,1,159.0
7610,GI,2014,378.0,1,414.0
7610,JZ,2014,31.0,1,28.0
7610,KZ,2014,44.0,1,23.0
7610,LZ,2014,31.0,1,30.0
7610,MN,2014,192.0,1,148.0
7610,OQ,2014,194.0,1,153.0
7610,RU,2014,142.0,1,148.0
7615,BE,2014,141.0,1,165.0
7615,FZ,2014,298.0,1,344.0
7615,GI,2014,574.0,1,550.0
7615,JZ,2014,30.0,1,44.0
7615,KZ,2014,39.0,1,33.0
7615,LZ,2014,67.0,1,59.0
7615,MN,2014,277.0,1,293.0
7615,OQ,2014,205.0,1,193.0
7615,RU,2014,191.0,1,181.0
7620,BE,2014,335.0,1,834.0
7620,FZ,2014,840.0,1,929.0
7620,GI,2014,1982.0,1,1979.0
7620,JZ,2014,145.0,1,153.0
7620,KZ,2014,116.0,1,115.0
7620,LZ,2014,185.0,1,180.0
7620,MN,2014,782.0,1,809.0
7620,OQ,2014,680.0,1,619.0
7620,RU,2014,629.0,1,656.0
7625,BE,2014,674.0,1,734.0
7625,FZ,2014,1972.0,1,1963.0
7625,GI,2014,3037.0,1,2905.0
7625,JZ,2014,688.0,1,664.0
7625,KZ,2014,404.0,1,409.0
7625,LZ,2014,561.0,1,510.0
7625,MN,2014,3070.0,1,2903.0
7625,OQ,2014,2338.0,1,2067.0
7625,RU,2014,1285.0,1,1268.0
8405,BE,2014,152.0,1,133.0
8405,FZ,2014,340.0,1,313.0
8405,GI,2014,616.0,1,637.0
8405,JZ,2014,48.0,1,49.0
8405,KZ,2014,64.0,1,73.0
8405,LZ,2014,38.0,1,33.0
8405,MN,2014,341.0,1,302.0
8405,OQ,2014,304.0,1,251.0
8405,RU,2014,244.0,1,240.0
8410,BE,2014,67.0,1,59.0
8410,FZ,2014,92.0,1,80.0
8410,GI,2014,214.0,1,203.0
8410,JZ,2014,15.0,1,21.0
8410,KZ,2014,17.0,1,20.0
8410,LZ,2014,18.0,1,15.0
8410,MN,2014,91.0,1,76.0
8410,OQ,2014,59.0,1,82.0
8410,RU,2014,78.0,1,68.0
8415,BE,2014,49.0,1,57.0
8415,FZ,2014,151.0,1,188.0
8415,GI,2014,337.0,1,374.0
8415,JZ,2014,27.0,1,31.0
8415,KZ,2014,27.0,1,26.0
8415,LZ,2014,60.0,1,58.0
8415,MN,2014,208.0,1,179.0
8415,OQ,2014,223.0,1,175.0
8415,RU,2014,134.0,1,147.0
8420,BE,2014,62.0,1,63.0
8420,FZ,2014,77.0,1,86.0
8420,GI,2014,176.0,1,154.0
8420,JZ,2014,11.0,1,18.0
8420,KZ,2014,25.0,1,24.0
8420,LZ,2014,24.0,1,23.0
8420,MN,2014,67.0,1,80.0
8420,OQ,2014,71.0,1,70.0
8420,RU,2014,63.0,1,62.0
8425,BE,2014,56.0,1,46.0
8425,FZ,2014,65.0,1,52.0
8425,GI,2014,157.0,1,134.0
8425,JZ,2014,10.0,1,7.0
8425,KZ,2014,25.0,1,10.0
8425,LZ,2014,16.0,1,15.0
8425,MN,2014,59.0,1,66.0
8425,OQ,2014,40.0,1,46.0
8425,RU,2014,31.0,1,42.0
8430,BE,2014,50.0,1,36.0
8430,FZ,2014,72.0,1,48.0
8430,GI,2014,142.0,1,114.0
8430,JZ,2014,10.0,1,7.0
8430,KZ,2014,12.0,1,14.0
8430,LZ,2014,7.0,1,9.0
8430,MN,2014,58.0,1,54.0
8430,OQ,2014,47.0,1,34.0
8430,RU,2014,52.0,1,39.0
8435,BE,2014,155.0,1,131.0
8435,FZ,2014,346.0,1,354.0
8435,GI,2014,461.0,1,494.0
8435,JZ,2014,60.0,1,57.0
8435,KZ,2014,57.0,1,41.0
8435,LZ,2014,71.0,1,54.0
8435,MN,2014,334.0,1,292.0
8435,OQ,2014,214.0,1,235.0
8435,RU,2014,181.0,1,206.0
9305,BE,2014,87.0,1,68.0
9305,FZ,2014,199.0,1,232.0
9305,GI,2014,328.0,1,351.0
9305,JZ,2014,28.0,1,20.0
9305,KZ,2014,22.0,1,20.0
9305,LZ,2014,33.0,1,23.0
9305,MN,2014,176.0,1,172.0
9305,OQ,2014,133.0,1,110.0
9305,RU,2014,126.0,1,135.0
9310,BE,2014,138.0,1,160.0
9310,FZ,2014,156.0,1,132.0
9310,GI,2014,293.0,1,341.0
9310,JZ,2014,47.0,1,40.0
9310,KZ,2014,33.0,1,15.0
9310,LZ,2014,27.0,1,31.0
9310,MN,2014,156.0,1,157.0
9310,OQ,2014,205.0,1,220.0
9310,RU,2014,136.0,1,134.0
9315,BE,2014,344.0,1,294.0
9315,FZ,2014,1745.0,1,1829.0
9315,GI,2014,2457.0,1,2364.0
9315,JZ,2014,365.0,1,375.0
9315,KZ,2014,279.0,1,256.0
9315,LZ,2014,461.0,1,420.0
9315,MN,2014,1963.0,1,2092.0
9315,OQ,2014,1057.0,1,1055.0
9315,RU,2014,859.0,1,975.0
0053,BE,2014,212.0,2,176.0
0053,FZ,2014,574.0,2,558.0
0053,GI,2014,1093.0,2,1091.0
0053,JZ,2014,81.0,2,99.0
0053,KZ,2014,95.0,2,110.0
0053,LZ,2014,83.0,2,84.0
0053,MN,2014,651.0,2,596.0
0053,OQ,2014,374.0,2,354.0
0053,RU,2014,400.0,2,366.0
0058,BE,2014,40.0,2,41.0
0058,FZ,2014,52.0,2,46.0
0058,GI,2014,156.0,2,145.0
0058,JZ,2014,6.0,2,6.0
0058,KZ,2014,12.0,2,11.0
0058,LZ,2014,20.0,2,11.0
0058,MN,2014,46.0,2,40.0
0058,OQ,2014,37.0,2,33.0
0058,RU,2014,56.0,2,65.0
0063,BE,2014,112.0,2,174.0
0063,FZ,2014,42.0,2,60.0
0063,GI,2014,163.0,2,138.0
0063,JZ,2014,7.0,2,2.0
0063,KZ,2014,6.0,2,8.0
0063,LZ,2014,19.0,2,19.0
0063,MN,2014,49.0,2,64.0
0063,OQ,2014,56.0,2,52.0
0063,RU,2014,51.0,2,52.0
1104,BE,2014,194.0,2,171.0
1104,FZ,2014,790.0,2,817.0
1104,GI,2014,1678.0,2,1489.0
1104,JZ,2014,288.0,2,287.0
1104,KZ,2014,111.0,2,116.0
1104,LZ,2014,166.0,2,126.0
1104,MN,2014,1065.0,2,1002.0
1104,OQ,2014,583.0,2,511.0
1104,RU,2014,523.0,2,497.0
1109,BE,2014,3107.0,2,2931.0
1109,FZ,2014,10332.0,2,9804.0
1109,GI,2014,25660.0,2,22851.0
1109,JZ,2014,9569.0,2,9265.0
1109,KZ,2014,4294.0,2,3914.0
1109,LZ,2014,3233.0,2,2735.0
1109,MN,2014,32503.0,2,30088.0
1109,OQ,2014,9642.0,2,9384.0
1109,RU,2014,9877.0,2,9418.0
1114,BE,2014,261.0,2,231.0
1114,FZ,2014,970.0,2,943.0
1114,GI,2014,2067.0,2,1835.0
1114,JZ,2014,494.0,2,526.0
1114,KZ,2014,233.0,2,202.0
1114,LZ,2014,278.0,2,203.0
1114,MN,2014,1848.0,2,1721.0
1114,OQ,2014,815.0,2,762.0
1114,RU,2014,719.0,2,689.0
2404,BE,2014,22.0,2,36.0
2404,FZ,2014,52.0,2,61.0
2404,GI,2014,134.0,2,118.0
2404,JZ,2014,9.0,2,3.0
2404,KZ,2014,16.0,2,16.0
2404,LZ,2014,12.0,2,11.0
2404,MN,2014,49.0,2,43.0
2404,OQ,2014,29.0,2,32.0
2404,RU,2014,40.0,2,40.0
2409,BE,2014,60.0,2,64.0
2409,FZ,2014,148.0,2,177.0
2409,GI,2014,363.0,2,393.0
2409,JZ,2014,32.0,2,33.0
2409,KZ,2014,16.0,2,21.0
2409,LZ,2014,24.0,2,26.0
2409,MN,2014,146.0,2,155.0
2409,OQ,2014,76.0,2,93.0
2409,RU,2014,125.0,2,110.0
2414,BE,2014,35.0,2,36.0
2414,FZ,2014,53.0,2,51.0
2414,GI,2014,140.0,2,132.0
2414,JZ,2014,15.0,2,12.0
2414,KZ,2014,16.0,2,18.0
2414,LZ,2014,24.0,2,24.0
2414,MN,2014,43.0,2,68.0
2414,OQ,2014,36.0,2,41.0
2414,RU,2014,39.0,2,39.0
2704,BE,2014,46.0,2,39.0
2704,FZ,2014,72.0,2,57.0
2704,GI,2014,275.0,2,250.0
2704,JZ,2014,13.0,2,13.0
2704,KZ,2014,41.0,2,20.0
2704,LZ,2014,33.0,2,30.0
2704,MN,2014,113.0,2,138.0
2704,OQ,2014,65.0,2,54.0
2704,RU,2014,50.0,2,50.0
2709,BE,2014,41.0,2,38.0
2709,FZ,2014,52.0,2,60.0
2709,GI,2014,163.0,2,152.0
2709,JZ,2014,10.0,2,6.0
2709,KZ,2014,11.0,2,4.0
2709,LZ,2014,7.0,2,9.0
2709,MN,2014,70.0,2,64.0
2709,OQ,2014,51.0,2,26.0
2709,RU,2014,45.0,2,42.0
2714,BE,2014,72.0,2,87.0
2714,FZ,2014,130.0,2,139.0
2714,GI,2014,476.0,2,479.0
2714,JZ,2014,32.0,2,42.0
2714,KZ,2014,21.0,2,24.0
2714,LZ,2014,26.0,2,21.0
2714,MN,2014,190.0,2,175.0
2714,OQ,2014,115.0,2,110.0
2714,RU,2014,131.0,2,156.0
2801,BE,2014,23.0,2,30.0
2801,FZ,2014,36.0,2,27.0
2801,GI,2014,70.0,2,69.0
2801,JZ,2014,7.0,2,5.0
2801,KZ,2014,6.0,2,7.0
2801,LZ,2014,10.0,2,3.0
2801,MN,2014,41.0,2,34.0
2801,OQ,2014,25.0,2,16.0
2801,RU,2014,26.0,2,32.0
2806,BE,2014,18.0,2,30.0
2806,FZ,2014,44.0,2,45.0
2806,GI,2014,138.0,2,128.0
2806,JZ,2014,6.0,2,13.0
2806,KZ,2014,13.0,2,8.0
2806,LZ,2014,7.0,2,8.0
2806,MN,2014,68.0,2,53.0
2806,OQ,2014,49.0,2,40.0
2806,RU,2014,50.0,2,42.0
2811,BE,2014,44.0,2,30.0
2811,FZ,2014,111.0,2,138.0
2811,GI,2014,325.0,2,339.0
2811,JZ,2014,28.0,2,23.0
2811,KZ,2014,22.0,2,25.0
2811,LZ,2014,32.0,2,40.0
2811,MN,2014,190.0,2,163.0
2811,OQ,2014,95.0,2,82.0
2811,RU,2014,132.0,2,115.0
2816,BE,2014,39.0,2,39.0
2816,FZ,2014,70.0,2,63.0
2816,GI,2014,213.0,2,196.0
2816,JZ,2014,26.0,2,25.0
2816,KZ,2014,28.0,2,20.0
2816,LZ,2014,21.0,2,15.0
2816,MN,2014,92.0,2,91.0
2816,OQ,2014,70.0,2,69.0
2816,RU,2014,78.0,2,71.0
3202,BE,2014,162.0,2,147.0
3202,FZ,2014,310.0,2,290.0
3202,GI,2014,708.0,2,652.0
3202,JZ,2014,81.0,2,84.0
3202,KZ,2014,57.0,2,61.0
3202,LZ,2014,79.0,2,88.0
3202,MN,2014,387.0,2,337.0
3202,OQ,2014,349.0,2,326.0
3202,RU,2014,314.0,2,295.0
3207,BE,2014,48.0,2,43.0
3207,FZ,2014,97.0,2,115.0
3207,GI,2014,359.0,2,346.0
3207,JZ,2014,17.0,2,24.0
3207,KZ,2014,15.0,2,22.0
3207,LZ,2014,19.0,2,30.0
3207,MN,2014,121.0,2,109.0
3207,OQ,2014,77.0,2,67.0
3207,RU,2014,108.0,2,111.0
3212,BE,2014,77.0,2,87.0
3212,FZ,2014,182.0,2,190.0
3212,GI,2014,477.0,2,522.0
3212,JZ,2014,33.0,2,45.0
3212,KZ,2014,46.0,2,36.0
3212,LZ,2014,24.0,2,38.0
3212,MN,2014,202.0,2,162.0
3212,OQ,2014,153.0,2,154.0
3212,RU,2014,138.0,2,147.0
3217,BE,2014,101.0,2,68.0
3217,FZ,2014,177.0,2,172.0
3217,GI,2014,575.0,2,426.0
3217,JZ,2014,15.0,2,22.0
3217,KZ,2014,17.0,2,16.0
3217,LZ,2014,24.0,2,23.0
3217,MN,2014,164.0,2,164.0
3217,OQ,2014,114.0,2,111.0
3217,RU,2014,154.0,2,170.0
3222,BE,2014,176.0,2,113.0
3222,FZ,2014,310.0,2,313.0
3222,GI,2014,849.0,2,767.0
3222,JZ,2014,71.0,2,56.0
3222,KZ,2014,53.0,2,46.0
3222,LZ,2014,90.0,2,55.0
3222,MN,2014,321.0,2,297.0
3222,OQ,2014,262.0,2,265.0
3222,RU,2014,265.0,2,285.0
4405,BE,2014,101.0,2,120.0
4405,FZ,2014,158.0,2,178.0
4405,GI,2014,535.0,2,489.0
4405,JZ,2014,43.0,2,43.0
4405,KZ,2014,56.0,2,58.0
4405,LZ,2014,58.0,2,60.0
4405,MN,2014,303.0,2,283.0
4405,OQ,2014,184.0,2,208.0
4405,RU,2014,171.0,2,152.0
4410,BE,2014,176.0,2,149.0
4410,FZ,2014,542.0,2,573.0
4410,GI,2014,1131.0,2,1140.0
4410,JZ,2014,126.0,2,122.0
4410,KZ,2014,113.0,2,94.0
4410,LZ,2014,70.0,2,71.0
4410,MN,2014,634.0,2,566.0
4410,OQ,2014,492.0,2,435.0
4410,RU,2014,387.0,2,371.0
4415,BE,2014,53.0,2,54.0
4415,FZ,2014,90.0,2,75.0
4415,GI,2014,193.0,2,172.0
4415,JZ,2014,9.0,2,15.0
4415,KZ,2014,20.0,2,24.0
4415,LZ,2014,21.0,2,24.0
4415,MN,2014,67.0,2,70.0
4415,OQ,2014,56.0,2,49.0
4415,RU,2014,84.0,2,73.0
4420,BE,2014,51.0,2,70.0
4420,FZ,2014,125.0,2,133.0
4420,GI,2014,278.0,2,271.0
4420,JZ,2014,9.0,2,18.0
4420,KZ,2014,20.0,2,18.0
4420,LZ,2014,20.0,2,20.0
4420,MN,2014,110.0,2,87.0
4420,OQ,2014,103.0,2,106.0
4420,RU,2014,113.0,2,93.0
4425,BE,2014,143.0,2,120.0
4425,FZ,2014,241.0,2,237.0
4425,GI,2014,689.0,2,688.0
4425,JZ,2014,67.0,2,57.0
4425,KZ,2014,63.0,2,49.0
4425,LZ,2014,53.0,2,51.0
4425,MN,2014,316.0,2,303.0
4425,OQ,2014,227.0,2,193.0
4425,RU,2014,218.0,2,216.0
5203,BE,2014,96.0,2,132.0
5203,FZ,2014,126.0,2,141.0
5203,GI,2014,494.0,2,405.0
5203,JZ,2014,27.0,2,29.0
5203,KZ,2014,38.0,2,37.0
5203,LZ,2014,58.0,2,78.0
5203,MN,2014,171.0,2,181.0
5203,OQ,2014,165.0,2,117.0
5203,RU,2014,143.0,2,151.0
5208,BE,2014,20.0,2,33.0
5208,FZ,2014,41.0,2,46.0
5208,GI,2014,116.0,2,111.0
5208,JZ,2014,10.0,2,7.0
5208,KZ,2014,10.0,2,23.0
5208,LZ,2014,11.0,2,13.0
5208,MN,2014,47.0,2,46.0
5208,OQ,2014,42.0,2,40.0
5208,RU,2014,40.0,2,54.0
5213,BE,2014,72.0,2,72.0
5213,FZ,2014,78.0,2,83.0
5213,GI,2014,236.0,2,219.0
5213,JZ,2014,16.0,2,29.0
5213,KZ,2014,36.0,2,37.0
5213,LZ,2014,29.0,2,41.0
5213,MN,2014,136.0,2,126.0
5213,OQ,2014,80.0,2,79.0
5213,RU,2014,95.0,2,96.0
5218,BE,2014,24.0,2,29.0
5218,FZ,2014,31.0,2,35.0
5218,GI,2014,93.0,2,90.0
5218,JZ,2014,5.0,2,6.0
5218,KZ,2014,13.0,2,9.0
5218,LZ,2014,9.0,2,17.0
5218,MN,2014,37.0,2,41.0
5218,OQ,2014,21.0,2,30.0
5218,RU,2014,40.0,2,26.0
5302,BE,2014,139.0,2,152.0
5302,FZ,2014,330.0,2,318.0
5302,GI,2014,656.0,2,644.0
5302,JZ,2014,97.0,2,98.0
5302,KZ,2014,99.0,2,75.0
5302,LZ,2014,74.0,2,61.0
5302,MN,2014,463.0,2,432.0
5302,OQ,2014,472.0,2,471.0
5302,RU,2014,284.0,2,297.0
5307,BE,2014,25.0,2,41.0
5307,FZ,2014,42.0,2,40.0
5307,GI,2014,151.0,2,139.0
5307,JZ,2014,8.0,2,10.0
5307,KZ,2014,26.0,2,19.0
5307,LZ,2014,7.0,2,14.0
5307,MN,2014,76.0,2,61.0
5307,OQ,2014,33.0,2,37.0
5307,RU,2014,55.0,2,50.0
5312,BE,2014,51.0,2,52.0
5312,FZ,2014,91.0,2,71.0
5312,GI,2014,222.0,2,194.0
5312,JZ,2014,16.0,2,15.0
5312,KZ,2014,32.0,2,34.0
5312,LZ,2014,26.0,2,27.0
5312,MN,2014,91.0,2,101.0
5312,OQ,2014,74.0,2,75.0
5312,RU,2014,84.0,2,79.0
5317,BE,2014,72.0,2,64.0
5317,FZ,2014,119.0,2,142.0
5317,GI,2014,348.0,2,364.0
5317,JZ,2014,38.0,2,37.0
5317,KZ,2014,82.0,2,66.0
5317,LZ,2014,36.0,2,59.0
5317,MN,2014,212.0,2,217.0
5317,OQ,2014,165.0,2,143.0
5317,RU,2014,131.0,2,136.0
7503,BE,2014,248.0,2,233.0
7503,FZ,2014,473.0,2,519.0
7503,GI,2014,1035.0,2,1033.0
7503,JZ,2014,129.0,2,141.0
7503,KZ,2014,127.0,2,135.0
7503,LZ,2014,222.0,2,178.0
7503,MN,2014,803.0,2,769.0
7503,OQ,2014,712.0,2,604.0
7503,RU,2014,452.0,2,450.0
7508,BE,2014,44.0,2,63.0
7508,FZ,2014,63.0,2,83.0
7508,GI,2014,217.0,2,234.0
7508,JZ,2014,16.0,2,20.0
7508,KZ,2014,20.0,2,14.0
7508,LZ,2014,18.0,2,8.0
7508,MN,2014,90.0,2,98.0
7508,OQ,2014,52.0,2,60.0
7508,RU,2014,77.0,2,66.0
7513,BE,2014,158.0,2,139.0
7513,FZ,2014,255.0,2,288.0
7513,GI,2014,661.0,2,617.0
7513,JZ,2014,32.0,2,48.0
7513,KZ,2014,68.0,2,64.0
7513,LZ,2014,58.0,2,79.0
7513,MN,2014,342.0,2,351.0
7513,OQ,2014,220.0,2,206.0
7513,RU,2014,256.0,2,260.0
7518,BE,2014,84.0,2,129.0
7518,FZ,2014,130.0,2,124.0
7518,GI,2014,260.0,2,240.0
7518,JZ,2014,13.0,2,17.0
7518,KZ,2014,35.0,2,28.0
7518,LZ,2014,17.0,2,25.0
7518,MN,2014,117.0,2,118.0
7518,OQ,2014,86.0,2,88.0
7518,RU,2014,86.0,2,81.0
7523,BE,2014,148.0,2,146.0
7523,FZ,2014,245.0,2,244.0
7523,GI,2014,577.0,2,590.0
7523,JZ,2014,28.0,2,30.0
7523,KZ,2014,61.0,2,40.0
7523,LZ,2014,39.0,2,44.0
7523,MN,2014,264.0,2,258.0
7523,OQ,2014,231.0,2,171.0
7523,RU,2014,238.0,2,198.0
7528,BE,2014,96.0,2,90.0
7528,FZ,2014,159.0,2,142.0
7528,GI,2014,324.0,2,338.0
7528,JZ,2014,25.0,2,14.0
7528,KZ,2014,39.0,2,32.0
7528,LZ,2014,53.0,2,51.0
7528,MN,2014,167.0,2,170.0
7528,OQ,2014,137.0,2,116.0
7528,RU,2014,114.0,2,154.0
7601,BE,2014,68.0,2,54.0
7601,FZ,2014,156.0,2,187.0
7601,GI,2014,546.0,2,539.0
7601,JZ,2014,13.0,2,28.0
7601,KZ,2014,19.0,2,25.0
7601,LZ,2014,54.0,2,46.0
7601,MN,2014,153.0,2,170.0
7601,OQ,2014,91.0,2,107.0
7601,RU,2014,121.0,2,129.0
7606,BE,2014,216.0,2,163.0
7606,FZ,2014,438.0,2,468.0
7606,GI,2014,941.0,2,937.0
7606,JZ,2014,56.0,2,49.0
7606,KZ,2014,60.0,2,55.0
7606,LZ,2014,79.0,2,81.0
7606,MN,2014,427.0,2,401.0
7606,OQ,2014,306.0,2,239.0
7606,RU,2014,246.0,2,262.0
7611,BE,2014,92.0,2,252.0
7611,FZ,2014,114.0,2,117.0
7611,GI,2014,225.0,2,246.0
7611,JZ,2014,21.0,2,15.0
7611,KZ,2014,14.0,2,15.0
7611,LZ,2014,27.0,2,24.0
7611,MN,2014,102.0,2,100.0
7611,OQ,2014,107.0,2,78.0
7611,RU,2014,81.0,2,85.0
7616,BE,2014,535.0,2,478.0
7616,FZ,2014,1558.0,2,1593.0
7616,GI,2014,2580.0,2,2548.0
7616,JZ,2014,470.0,2,473.0
7616,KZ,2014,261.0,2,239.0
7616,LZ,2014,295.0,2,283.0
7616,MN,2014,2229.0,2,2084.0
7616,OQ,2014,1522.0,2,1424.0
7616,RU,2014,979.0,2,929.0
7621,BE,2014,188.0,2,201.0
7621,FZ,2014,136.0,2,140.0
7621,GI,2014,308.0,2,319.0
7621,JZ,2014,21.0,2,21.0
7621,KZ,2014,35.0,2,22.0
7621,LZ,2014,56.0,2,67.0
7621,MN,2014,182.0,2,155.0
7621,OQ,2014,160.0,2,128.0
7621,RU,2014,102.0,2,119.0
8401,BE,2014,226.0,2,181.0
8401,FZ,2014,442.0,2,434.0
8401,GI,2014,808.0,2,724.0
8401,JZ,2014,128.0,2,137.0
8401,KZ,2014,117.0,2,108.0
8401,LZ,2014,132.0,2,146.0
8401,MN,2014,760.0,2,702.0
8401,OQ,2014,499.0,2,469.0
8401,RU,2014,369.0,2,356.0
8406,BE,2014,190.0,2,141.0
8406,FZ,2014,345.0,2,386.0
8406,GI,2014,674.0,2,651.0
8406,JZ,2014,50.0,2,68.0
8406,KZ,2014,47.0,2,68.0
8406,LZ,2014,69.0,2,61.0
8406,MN,2014,386.0,2,361.0
8406,OQ,2014,254.0,2,224.0
8406,RU,2014,219.0,2,213.0
8411,BE,2014,39.0,2,29.0
8411,FZ,2014,39.0,2,48.0
8411,GI,2014,128.0,2,133.0
8411,JZ,2014,5.0,2,5.0
8411,KZ,2014,4.0,2,6.0
8411,LZ,2014,34.0,2,29.0
8411,MN,2014,51.0,2,79.0
8411,OQ,2014,83.0,2,77.0
8411,RU,2014,64.0,2,37.0
8416,BE,2014,172.0,2,133.0
8416,FZ,2014,371.0,2,381.0
8416,GI,2014,768.0,2,697.0
8416,JZ,2014,107.0,2,94.0
8416,KZ,2014,69.0,2,77.0
8416,LZ,2014,100.0,2,109.0
8416,MN,2014,540.0,2,497.0
8416,OQ,2014,426.0,2,386.0
8416,RU,2014,301.0,2,327.0
8421,BE,2014,931.0,2,979.0
8421,FZ,2014,2599.0,2,2613.0
8421,GI,2014,5398.0,2,5154.0
8421,JZ,2014,1147.0,2,1067.0
8421,KZ,2014,879.0,2,774.0
8421,LZ,2014,636.0,2,625.0
8421,MN,2014,5334.0,2,5089.0
8421,OQ,2014,2815.0,2,2692.0
8421,RU,2014,1851.0,2,1807.0
8426,BE,2014,79.0,2,82.0
8426,FZ,2014,142.0,2,127.0
8426,GI,2014,284.0,2,322.0
8426,JZ,2014,17.0,2,22.0
8426,KZ,2014,36.0,2,42.0
8426,LZ,2014,49.0,2,47.0
8426,MN,2014,160.0,2,136.0
8426,OQ,2014,124.0,2,118.0
8426,RU,2014,132.0,2,116.0
8431,BE,2014,212.0,2,261.0
8431,FZ,2014,431.0,2,448.0
8431,GI,2014,847.0,2,827.0
8431,JZ,2014,82.0,2,95.0
8431,KZ,2014,77.0,2,84.0
8431,LZ,2014,85.0,2,68.0
8431,MN,2014,525.0,2,439.0
8431,OQ,2014,375.0,2,356.0
8431,RU,2014,286.0,2,319.0
9301,BE,2014,328.0,2,352.0
9301,FZ,2014,720.0,2,742.0
9301,GI,2014,1385.0,2,1400.0
9301,JZ,2014,257.0,2,285.0
9301,KZ,2014,213.0,2,198.0
9301,LZ,2014,206.0,2,202.0
9301,MN,2014,1308.0,2,1310.0
9301,OQ,2014,709.0,2,677.0
9301,RU,2014,547.0,2,570.0
9306,BE,2014,169.0,2,144.0
9306,FZ,2014,251.0,2,264.0
9306,GI,2014,501.0,2,499.0
9306,JZ,2014,41.0,2,32.0
9306,KZ,2014,39.0,2,23.0
9306,LZ,2014,71.0,2,60.0
9306,MN,2014,289.0,2,255.0
9306,OQ,2014,164.0,2,148.0
9306,RU,2014,172.0,2,185.0
9311,BE,2014,79.0,2,110.0
9311,FZ,2014,142.0,2,182.0
9311,GI,2014,362.0,2,289.0
9311,JZ,2014,24.0,2,25.0
9311,KZ,2014,14.0,2,21.0
9311,LZ,2014,28.0,2,30.0
9311,MN,2014,183.0,2,164.0
9311,OQ,2014,109.0,2,129.0
9311,RU,2014,114.0,2,105.0
9316,BE,2014,55.0,2,54.0
9316,FZ,2014,143.0,2,108.0
9316,GI,2014,229.0,2,221.0
9316,JZ,2014,15.0,2,13.0
9316,KZ,2014,14.0,2,19.0
9316,LZ,2014,10.0,2,19.0
9316,MN,2014,115.0,2,118.0
9316,OQ,2014,94.0,2,81.0
9316,RU,2014,69.0,2,85.0
0054,BE,2014,119.0,3,110.0
0054,FZ,2014,389.0,3,332.0
0054,GI,2014,603.0,3,569.0
0054,JZ,2014,53.0,3,61.0
0054,KZ,2014,46.0,3,41.0
0054,LZ,2014,55.0,3,40.0
0054,MN,2014,302.0,3,309.0
0054,OQ,2014,182.0,3,154.0
0054,RU,2014,200.0,3,235.0
0059,BE,2014,96.0,3,73.0
0059,FZ,2014,146.0,3,181.0
0059,GI,2014,394.0,3,466.0
0059,JZ,2014,36.0,3,31.0
0059,KZ,2014,39.0,3,54.0
0059,LZ,2014,43.0,3,35.0
0059,MN,2014,216.0,3,234.0
0059,OQ,2014,161.0,3,148.0
0059,RU,2014,137.0,3,149.0
0064,BE,2014,48.0,3,57.0
0064,FZ,2014,88.0,3,91.0
0064,GI,2014,239.0,3,240.0
0064,JZ,2014,17.0,3,19.0
0064,KZ,2014,17.0,3,19.0
0064,LZ,2014,19.0,3,24.0
0064,MN,2014,98.0,3,91.0
0064,OQ,2014,96.0,3,64.0
0064,RU,2014,101.0,3,85.0
1105,BE,2014,79.0,3,93.0
1105,FZ,2014,244.0,3,246.0
1105,GI,2014,479.0,3,495.0
1105,JZ,2014,78.0,3,89.0
1105,KZ,2014,53.0,3,54.0
1105,LZ,2014,35.0,3,44.0
1105,MN,2014,383.0,3,373.0
1105,OQ,2014,210.0,3,234.0
1105,RU,2014,236.0,3,218.0
1110,BE,2014,31.0,3,28.0
1110,FZ,2014,69.0,3,75.0
1110,GI,2014,147.0,3,119.0
1110,JZ,2014,5.0,3,14.0
1110,KZ,2014,3.0,3,15.0
1110,LZ,2014,15.0,3,10.0
1110,MN,2014,68.0,3,73.0
1110,OQ,2014,32.0,3,46.0
1110,RU,2014,49.0,3,79.0
1115,BE,2014,178.0,3,154.0
1115,FZ,2014,565.0,3,520.0
1115,GI,2014,1407.0,3,1316.0
1115,JZ,2014,391.0,3,408.0
1115,KZ,2014,182.0,3,137.0
1115,LZ,2014,208.0,3,188.0
1115,MN,2014,1650.0,3,1513.0
1115,OQ,2014,679.0,3,689.0
1115,RU,2014,527.0,3,551.0
2405,BE,2014,143.0,3,95.0
2405,FZ,2014,145.0,3,145.0
2405,GI,2014,455.0,3,379.0
2405,JZ,2014,33.0,3,27.0
2405,KZ,2014,46.0,3,44.0
2405,LZ,2014,44.0,3,44.0
2405,MN,2014,169.0,3,164.0
2405,OQ,2014,150.0,3,120.0
2405,RU,2014,150.0,3,158.0
2410,BE,2014,172.0,3,173.0
2410,FZ,2014,422.0,3,428.0
2410,GI,2014,1029.0,3,1037.0
2410,JZ,2014,126.0,3,128.0
2410,KZ,2014,126.0,3,109.0
2410,LZ,2014,119.0,3,106.0
2410,MN,2014,621.0,3,617.0
2410,OQ,2014,363.0,3,390.0
2410,RU,2014,401.0,3,387.0
2415,BE,2014,22.0,3,41.0
2415,FZ,2014,77.0,3,62.0
2415,GI,2014,99.0,3,115.0
2415,JZ,2014,4.0,3,3.0
2415,KZ,2014,6.0,3,4.0
2415,LZ,2014,10.0,3,11.0
2415,MN,2014,35.0,3,47.0
2415,OQ,2014,11.0,3,29.0
2415,RU,2014,41.0,3,37.0
2705,BE,2014,108.0,3,71.0
2705,FZ,2014,197.0,3,209.0
2705,GI,2014,496.0,3,537.0
2705,JZ,2014,36.0,3,42.0
2705,KZ,2014,29.0,3,40.0
2705,LZ,2014,21.0,3,28.0
2705,MN,2014,206.0,3,194.0
2705,OQ,2014,123.0,3,139.0
2705,RU,2014,146.0,3,177.0
2710,BE,2014,44.0,3,59.0
2710,FZ,2014,82.0,3,62.0
2710,GI,2014,245.0,3,179.0
2710,JZ,2014,17.0,3,22.0
2710,KZ,2014,4.0,3,12.0
2710,LZ,2014,12.0,3,9.0
2710,MN,2014,105.0,3,78.0
2710,OQ,2014,75.0,3,76.0
2710,RU,2014,61.0,3,75.0
2715,BE,2014,85.0,3,52.0
2715,FZ,2014,98.0,3,101.0
2715,GI,2014,251.0,3,322.0
2715,JZ,2014,18.0,3,8.0
2715,KZ,2014,25.0,3,29.0
2715,LZ,2014,28.0,3,41.0
2715,MN,2014,103.0,3,85.0
2715,OQ,2014,110.0,3,111.0
2715,RU,2014,99.0,3,95.0
2802,BE,2014,42.0,3,30.0
2802,FZ,2014,67.0,3,51.0
2802,GI,2014,180.0,3,169.0
2802,JZ,2014,11.0,3,14.0
2802,KZ,2014,25.0,3,26.0
2802,LZ,2014,20.0,3,16.0
2802,MN,2014,97.0,3,73.0
2802,OQ,2014,65.0,3,69.0
2802,RU,2014,46.0,3,60.0
2807,BE,2014,83.0,3,54.0
2807,FZ,2014,121.0,3,123.0
2807,GI,2014,315.0,3,291.0
2807,JZ,2014,17.0,3,16.0
2807,KZ,2014,31.0,3,21.0
2807,LZ,2014,27.0,3,36.0
2807,MN,2014,137.0,3,110.0
2807,OQ,2014,75.0,3,81.0
2807,RU,2014,111.0,3,93.0
2812,BE,2014,22.0,3,27.0
2812,FZ,2014,63.0,3,66.0
2812,GI,2014,102.0,3,101.0
2812,JZ,2014,7.0,3,5.0
2812,KZ,2014,8.0,3,10.0
2812,LZ,2014,12.0,3,14.0
2812,MN,2014,48.0,3,33.0
2812,OQ,2014,19.0,3,27.0
2812,RU,2014,35.0,3,39.0
2817,BE,2014,54.0,3,42.0
2817,FZ,2014,165.0,3,139.0
2817,GI,2014,326.0,3,274.0
2817,JZ,2014,40.0,3,32.0
2817,KZ,2014,23.0,3,16.0
2817,LZ,2014,33.0,3,26.0
2817,MN,2014,161.0,3,174.0
2817,OQ,2014,93.0,3,90.0
2817,RU,2014,119.0,3,129.0
3203,BE,2014,56.0,3,63.0
3203,FZ,2014,156.0,3,175.0
3203,GI,2014,418.0,3,393.0
3203,JZ,2014,25.0,3,36.0
3203,KZ,2014,31.0,3,46.0
3203,LZ,2014,26.0,3,39.0
3203,MN,2014,205.0,3,214.0
3203,OQ,2014,165.0,3,149.0
3203,RU,2014,147.0,3,164.0
3208,BE,2014,69.0,3,48.0
3208,FZ,2014,154.0,3,154.0
3208,GI,2014,332.0,3,357.0
3208,JZ,2014,12.0,3,14.0
3208,KZ,2014,41.0,3,30.0
3208,LZ,2014,19.0,3,27.0
3208,MN,2014,108.0,3,142.0
3208,OQ,2014,104.0,3,131.0
3208,RU,2014,119.0,3,121.0
3213,BE,2014,62.0,3,77.0
3213,FZ,2014,135.0,3,132.0
3213,GI,2014,469.0,3,503.0
3213,JZ,2014,33.0,3,41.0
3213,KZ,2014,35.0,3,31.0
3213,LZ,2014,57.0,3,45.0
3213,MN,2014,218.0,3,208.0
3213,OQ,2014,168.0,3,149.0
3213,RU,2014,164.0,3,179.0
3218,BE,2014,140.0,3,139.0
3218,FZ,2014,468.0,3,536.0
3218,GI,2014,1077.0,3,1032.0
3218,JZ,2014,140.0,3,146.0
3218,KZ,2014,103.0,3,119.0
3218,LZ,2014,109.0,3,121.0
3218,MN,2014,609.0,3,608.0
3218,OQ,2014,360.0,3,383.0
3218,RU,2014,340.0,3,300.0
4401,BE,2014,39.0,3,32.0
4401,FZ,2014,41.0,3,46.0
4401,GI,2014,133.0,3,139.0
4401,JZ,2014,10.0,3,6.0
4401,KZ,2014,7.0,3,13.0
4401,LZ,2014,16.0,3,11.0
4401,MN,2014,56.0,3,55.0
4401,OQ,2014,47.0,3,37.0
4401,RU,2014,38.0,3,47.0
4406,BE,2014,51.0,3,57.0
4406,FZ,2014,63.0,3,75.0
4406,GI,2014,192.0,3,192.0
4406,JZ,2014,14.0,3,13.0
4406,KZ,2014,24.0,3,24.0
4406,LZ,2014,56.0,3,65.0
4406,MN,2014,96.0,3,78.0
4406,OQ,2014,64.0,3,78.0
4406,RU,2014,65.0,3,75.0
4411,BE,2014,284.0,3,220.0
4411,FZ,2014,379.0,3,429.0
4411,GI,2014,1207.0,3,1196.0
4411,JZ,2014,101.0,3,94.0
4411,KZ,2014,103.0,3,69.0
4411,LZ,2014,65.0,3,91.0
4411,MN,2014,601.0,3,557.0
4411,OQ,2014,360.0,3,397.0
4411,RU,2014,405.0,3,452.0
4416,BE,2014,69.0,3,55.0
4416,FZ,2014,156.0,3,181.0
4416,GI,2014,271.0,3,312.0
4416,JZ,2014,14.0,3,15.0
4416,KZ,2014,12.0,3,10.0
4416,LZ,2014,17.0,3,19.0
4416,MN,2014,110.0,3,129.0
4416,OQ,2014,81.0,3,95.0
4416,RU,2014,113.0,3,94.0
4421,BE,2014,56.0,3,55.0
4421,FZ,2014,79.0,3,94.0
4421,GI,2014,279.0,3,300.0
4421,JZ,2014,9.0,3,12.0
4421,KZ,2014,16.0,3,20.0
4421,LZ,2014,11.0,3,6.0
4421,MN,2014,57.0,3,70.0
4421,OQ,2014,53.0,3,43.0
4421,RU,2014,67.0,3,101.0
4426,BE,2014,33.0,3,27.0
4426,FZ,2014,67.0,3,88.0
4426,GI,2014,167.0,3,176.0
4426,JZ,2014,10.0,3,13.0
4426,KZ,2014,12.0,3,12.0
4426,LZ,2014,11.0,3,5.0
4426,MN,2014,73.0,3,64.0
4426,OQ,2014,41.0,3,38.0
4426,RU,2014,59.0,3,55.0
5204,BE,2014,21.0,3,27.0
5204,FZ,2014,36.0,3,25.0
5204,GI,2014,81.0,3,78.0
5204,JZ,2014,5.0,3,5.0
5204,KZ,2014,8.0,3,7.0
5204,LZ,2014,10.0,3,14.0
5204,MN,2014,41.0,3,35.0
5204,OQ,2014,31.0,3,28.0
5204,RU,2014,28.0,3,32.0
5209,BE,2014,26.0,3,20.0
5209,FZ,2014,40.0,3,50.0
5209,GI,2014,123.0,3,142.0
5209,JZ,2014,12.0,3,8.0
5209,KZ,2014,11.0,3,7.0
5209,LZ,2014,17.0,3,11.0
5209,MN,2014,41.0,3,44.0
5209,OQ,2014,36.0,3,34.0
5209,RU,2014,41.0,3,39.0
5214,BE,2014,37.0,3,36.0
5214,FZ,2014,92.0,3,96.0
5214,GI,2014,256.0,3,243.0
5214,JZ,2014,21.0,3,20.0
5214,KZ,2014,27.0,3,36.0
5214,LZ,2014,32.0,3,45.0
5214,MN,2014,160.0,3,120.0
5214,OQ,2014,81.0,3,89.0
5214,RU,2014,103.0,3,70.0
5219,BE,2014,137.0,3,122.0
5219,FZ,2014,198.0,3,222.0
5219,GI,2014,648.0,3,571.0
5219,JZ,2014,53.0,3,50.0
5219,KZ,2014,66.0,3,48.0
5219,LZ,2014,60.0,3,63.0
5219,MN,2014,373.0,3,354.0
5219,OQ,2014,255.0,3,226.0
5219,RU,2014,196.0,3,164.0
5303,BE,2014,51.0,3,41.0
5303,FZ,2014,68.0,3,63.0
5303,GI,2014,149.0,3,154.0
5303,JZ,2014,8.0,3,3.0
5303,KZ,2014,14.0,3,11.0
5303,LZ,2014,21.0,3,12.0
5303,MN,2014,68.0,3,63.0
5303,OQ,2014,77.0,3,62.0
5303,RU,2014,61.0,3,50.0
5308,BE,2014,63.0,3,46.0
5308,FZ,2014,89.0,3,89.0
5308,GI,2014,248.0,3,202.0
5308,JZ,2014,33.0,3,30.0
5308,KZ,2014,22.0,3,28.0
5308,LZ,2014,22.0,3,22.0
5308,MN,2014,136.0,3,120.0
5308,OQ,2014,128.0,3,117.0
5308,RU,2014,118.0,3,118.0
5313,BE,2014,169.0,3,151.0
5313,FZ,2014,245.0,3,255.0
5313,GI,2014,607.0,3,621.0
5313,JZ,2014,64.0,3,60.0
5313,KZ,2014,77.0,3,80.0
5313,LZ,2014,75.0,3,69.0
5313,MN,2014,337.0,3,295.0
5313,OQ,2014,319.0,3,307.0
5313,RU,2014,291.0,3,254.0
5318,BE,2014,111.0,3,118.0
5318,FZ,2014,223.0,3,236.0
5318,GI,2014,537.0,3,527.0
5318,JZ,2014,60.0,3,69.0
5318,KZ,2014,84.0,3,73.0
5318,LZ,2014,92.0,3,70.0
5318,MN,2014,356.0,3,329.0
5318,OQ,2014,297.0,3,272.0
5318,RU,2014,227.0,3,203.0
7504,BE,2014,92.0,3,72.0
7504,FZ,2014,157.0,3,182.0
7504,GI,2014,345.0,3,337.0
7504,JZ,2014,23.0,3,17.0
7504,KZ,2014,27.0,3,23.0
7504,LZ,2014,38.0,3,50.0
7504,MN,2014,166.0,3,160.0
7504,OQ,2014,94.0,3,104.0
7504,RU,2014,115.0,3,119.0
7509,BE,2014,105.0,3,101.0
7509,FZ,2014,117.0,3,135.0
7509,GI,2014,303.0,3,373.0
7509,JZ,2014,20.0,3,28.0
7509,KZ,2014,41.0,3,35.0
7509,LZ,2014,54.0,3,57.0
7509,MN,2014,146.0,3,151.0
7509,OQ,2014,125.0,3,103.0
7509,RU,2014,136.0,3,107.0
7514,BE,2014,126.0,3,140.0
7514,FZ,2014,208.0,3,193.0
7514,GI,2014,366.0,3,322.0
7514,JZ,2014,26.0,3,22.0
7514,KZ,2014,39.0,3,22.0
7514,LZ,2014,29.0,3,31.0
7514,MN,2014,178.0,3,182.0
7514,OQ,2014,126.0,3,146.0
7514,RU,2014,172.0,3,155.0
7519,BE,2014,109.0,3,119.0
7519,FZ,2014,92.0,3,102.0
7519,GI,2014,404.0,3,344.0
7519,JZ,2014,26.0,3,25.0
7519,KZ,2014,34.0,3,42.0
7519,LZ,2014,23.0,3,27.0
7519,MN,2014,144.0,3,150.0
7519,OQ,2014,132.0,3,146.0
7519,RU,2014,109.0,3,124.0
7524,BE,2014,185.0,3,242.0
7524,FZ,2014,272.0,3,267.0
7524,GI,2014,656.0,3,692.0
7524,JZ,2014,66.0,3,84.0
7524,KZ,2014,88.0,3,98.0
7524,LZ,2014,75.0,3,89.0
7524,MN,2014,419.0,3,424.0
7524,OQ,2014,304.0,3,293.0
7524,RU,2014,304.0,3,274.0
7529,BE,2014,48.0,3,46.0
7529,FZ,2014,97.0,3,89.0
7529,GI,2014,270.0,3,279.0
7529,JZ,2014,11.0,3,19.0
7529,KZ,2014,14.0,3,9.0
7529,LZ,2014,25.0,3,37.0
7529,MN,2014,104.0,3,97.0
7529,OQ,2014,71.0,3,57.0
7529,RU,2014,83.0,3,68.0
7602,BE,2014,308.0,3,294.0
7602,FZ,2014,249.0,3,279.0
7602,GI,2014,544.0,3,643.0
7602,JZ,2014,63.0,3,56.0
7602,KZ,2014,61.0,3,68.0
7602,LZ,2014,69.0,3,49.0
7602,MN,2014,342.0,3,280.0
7602,OQ,2014,308.0,3,269.0
7602,RU,2014,244.0,3,245.0
7607,BE,2014,77.0,3,83.0
7607,FZ,2014,124.0,3,127.0
7607,GI,2014,253.0,3,258.0
7607,JZ,2014,22.0,3,15.0
7607,KZ,2014,17.0,3,17.0
7607,LZ,2014,21.0,3,8.0
7607,MN,2014,132.0,3,131.0
7607,OQ,2014,102.0,3,75.0
7607,RU,2014,100.0,3,86.0
7612,BE,2014,142.0,3,163.0
7612,FZ,2014,205.0,3,241.0
7612,GI,2014,434.0,3,392.0
7612,JZ,2014,33.0,3,20.0
7612,KZ,2014,24.0,3,37.0
7612,LZ,2014,36.0,3,44.0
7612,MN,2014,165.0,3,176.0
7612,OQ,2014,204.0,3,167.0
7612,RU,2014,136.0,3,126.0
7617,BE,2014,110.0,3,120.0
7617,FZ,2014,236.0,3,295.0
7617,GI,2014,679.0,3,695.0
7617,JZ,2014,38.0,3,29.0
7617,KZ,2014,33.0,3,41.0
7617,LZ,2014,57.0,3,48.0
7617,MN,2014,259.0,3,255.0
7617,OQ,2014,221.0,3,238.0
7617,RU,2014,199.0,3,187.0
7622,BE,2014,103.0,3,107.0
7622,FZ,2014,199.0,3,206.0
7622,GI,2014,335.0,3,303.0
7622,JZ,2014,18.0,3,29.0
7622,KZ,2014,18.0,3,18.0
7622,LZ,2014,29.0,3,29.0
7622,MN,2014,173.0,3,157.0
7622,OQ,2014,170.0,3,169.0
7622,RU,2014,125.0,3,119.0
8402,BE,2014,138.0,3,135.0
8402,FZ,2014,241.0,3,235.0
8402,GI,2014,417.0,3,444.0
8402,JZ,2014,26.0,3,34.0
8402,KZ,2014,19.0,3,23.0
8402,LZ,2014,30.0,3,32.0
8402,MN,2014,176.0,3,178.0
8402,OQ,2014,176.0,3,137.0
8402,RU,2014,166.0,3,151.0
8407,BE,2014,177.0,3,113.0
8407,FZ,2014,356.0,3,356.0
8407,GI,2014,601.0,3,603.0
8407,JZ,2014,73.0,3,88.0
8407,KZ,2014,91.0,3,69.0
8407,LZ,2014,106.0,3,98.0
8407,MN,2014,488.0,3,483.0
8407,OQ,2014,385.0,3,313.0
8407,RU,2014,295.0,3,273.0
8412,BE,2014,48.0,3,50.0
8412,FZ,2014,91.0,3,102.0
8412,GI,2014,186.0,3,222.0
8412,JZ,2014,16.0,3,15.0
8412,KZ,2014,23.0,3,29.0
8412,LZ,2014,19.0,3,25.0
8412,MN,2014,104.0,3,92.0
8412,OQ,2014,72.0,3,81.0
8412,RU,2014,74.0,3,76.0
8417,BE,2014,72.0,3,64.0
8417,FZ,2014,116.0,3,109.0
8417,GI,2014,209.0,3,201.0
8417,JZ,2014,6.0,3,9.0
8417,KZ,2014,15.0,3,15.0
8417,LZ,2014,16.0,3,16.0
8417,MN,2014,80.0,3,71.0
8417,OQ,2014,63.0,3,54.0
8417,RU,2014,72.0,3,60.0
8422,BE,2014,74.0,3,115.0
8422,FZ,2014,189.0,3,178.0
8422,GI,2014,339.0,3,324.0
8422,JZ,2014,24.0,3,22.0
8422,KZ,2014,29.0,3,22.0
8422,LZ,2014,31.0,3,34.0
8422,MN,2014,191.0,3,166.0
8422,OQ,2014,148.0,3,129.0
8422,RU,2014,129.0,3,127.0
8427,BE,2014,78.0,3,76.0
8427,FZ,2014,173.0,3,149.0
8427,GI,2014,304.0,3,281.0
8427,JZ,2014,20.0,3,21.0
8427,KZ,2014,27.0,3,19.0
8427,LZ,2014,23.0,3,17.0
8427,MN,2014,139.0,3,140.0
8427,OQ,2014,147.0,3,111.0
8427,RU,2014,103.0,3,81.0
8432,BE,2014,90.0,3,103.0
8432,FZ,2014,145.0,3,139.0
8432,GI,2014,363.0,3,392.0
8432,JZ,2014,21.0,3,32.0
8432,KZ,2014,33.0,3,26.0
8432,LZ,2014,25.0,3,32.0
8432,MN,2014,167.0,3,161.0
8432,OQ,2014,126.0,3,107.0
8432,RU,2014,119.0,3,106.0
9302,BE,2014,35.0,3,33.0
9302,FZ,2014,50.0,3,62.0
9302,GI,2014,169.0,3,180.0
9302,JZ,2014,9.0,3,11.0
9302,KZ,2014,11.0,3,6.0
9302,LZ,2014,16.0,3,21.0
9302,MN,2014,74.0,3,78.0
9302,OQ,2014,148.0,3,144.0
9302,RU,2014,62.0,3,73.0
9307,BE,2014,72.0,3,81.0
9307,FZ,2014,128.0,3,152.0
9307,GI,2014,248.0,3,262.0
9307,JZ,2014,14.0,3,17.0
9307,KZ,2014,13.0,3,18.0
9307,LZ,2014,14.0,3,16.0
9307,MN,2014,104.0,3,112.0
9307,OQ,2014,146.0,3,132.0
9307,RU,2014,88.0,3,110.0
9312,BE,2014,618.0,3,654.0
9312,FZ,2014,2141.0,3,2180.0
9312,GI,2014,4229.0,3,4039.0
9312,JZ,2014,550.0,3,532.0
9312,KZ,2014,412.0,3,384.0
9312,LZ,2014,462.0,3,453.0
9312,MN,2014,2837.0,3,2900.0
9312,OQ,2014,1646.0,3,1699.0
9312,RU,2014,1239.0,3,1324.0
9317,BE,2014,51.0,3,55.0
9317,FZ,2014,156.0,3,170.0
9317,GI,2014,441.0,3,475.0
9317,JZ,2014,13.0,3,16.0
9317,KZ,2014,34.0,3,19.0
9317,LZ,2014,61.0,3,43.0
9317,MN,2014,297.0,3,241.0
9317,OQ,2014,72.0,3,68.0
9317,RU,2014,122.0,3,147.0
0055,BE,2014,71.0,4,97.0
0055,FZ,2014,130.0,4,115.0
0055,GI,2014,215.0,4,260.0
0055,JZ,2014,10.0,4,20.0
0055,KZ,2014,17.0,4,9.0
0055,LZ,2014,13.0,4,20.0
0055,MN,2014,107.0,4,112.0
0055,OQ,2014,85.0,4,84.0
0055,RU,2014,87.0,4,83.0
0060,BE,2014,76.0,4,47.0
0060,FZ,2014,122.0,4,136.0
0060,GI,2014,372.0,4,299.0
0060,JZ,2014,19.0,4,26.0
0060,KZ,2014,31.0,4,19.0
0060,LZ,2014,27.0,4,37.0
0060,MN,2014,153.0,4,146.0
0060,OQ,2014,102.0,4,115.0
0060,RU,2014,128.0,4,110.0
1101,BE,2014,211.0,4,223.0
1101,FZ,2014,743.0,4,765.0
1101,GI,2014,1637.0,4,1422.0
1101,JZ,2014,322.0,4,347.0
1101,KZ,2014,111.0,4,102.0
1101,LZ,2014,126.0,4,142.0
1101,MN,2014,1139.0,4,1118.0
1101,OQ,2014,618.0,4,591.0
1101,RU,2014,495.0,4,546.0
1106,BE,2014,186.0,4,148.0
1106,FZ,2014,601.0,4,542.0
1106,GI,2014,1330.0,4,1345.0
1106,JZ,2014,279.0,4,305.0
1106,KZ,2014,145.0,4,134.0
1106,LZ,2014,91.0,4,107.0
1106,MN,2014,931.0,4,892.0
1106,OQ,2014,433.0,4,466.0
1106,RU,2014,488.0,4,443.0
1111,BE,2014,34.0,4,28.0
1111,FZ,2014,81.0,4,93.0
1111,GI,2014,188.0,4,166.0
1111,JZ,2014,57.0,4,37.0
1111,KZ,2014,19.0,4,26.0
1111,LZ,2014,31.0,4,24.0
1111,MN,2014,188.0,4,172.0
1111,OQ,2014,93.0,4,94.0
1111,RU,2014,74.0,4,78.0
2401,BE,2014,64.0,4,68.0
2401,FZ,2014,149.0,4,163.0
2401,GI,2014,463.0,4,409.0
2401,JZ,2014,26.0,4,38.0
2401,KZ,2014,42.0,4,39.0
2401,LZ,2014,37.0,4,38.0
2401,MN,2014,205.0,4,191.0
2401,OQ,2014,136.0,4,159.0
2401,RU,2014,128.0,4,151.0
2406,BE,2014,23.0,4,22.0
2406,FZ,2014,36.0,4,42.0
2406,GI,2014,108.0,4,108.0
2406,JZ,2014,5.0,4,4.0
2406,KZ,2014,18.0,4,10.0
2406,LZ,2014,9.0,4,5.0
2406,MN,2014,54.0,4,48.0
2406,OQ,2014,40.0,4,40.0
2406,RU,2014,33.0,4,20.0
2411,BE,2014,32.0,4,32.0
2411,FZ,2014,90.0,4,68.0
2411,GI,2014,135.0,4,147.0
2411,JZ,2014,11.0,4,8.0
2411,KZ,2014,9.0,4,7.0
2411,LZ,2014,12.0,4,26.0
2411,MN,2014,91.0,4,66.0
2411,OQ,2014,31.0,4,41.0
2411,RU,2014,64.0,4,51.0
2701,BE,2014,18.0,4,16.0
2701,FZ,2014,24.0,4,30.0
2701,GI,2014,103.0,4,83.0
2701,JZ,2014,5.0,4,9.0
2701,KZ,2014,13.0,4,5.0
2701,LZ,2014,6.0,4,12.0
2701,MN,2014,44.0,4,40.0
2701,OQ,2014,23.0,4,38.0
2701,RU,2014,26.0,4,39.0
2706,BE,2014,173.0,4,150.0
2706,FZ,2014,289.0,4,299.0
2706,GI,2014,786.0,4,780.0
2706,JZ,2014,66.0,4,87.0
2706,KZ,2014,81.0,4,99.0
2706,LZ,2014,89.0,4,82.0
2706,MN,2014,416.0,4,402.0
2706,OQ,2014,411.0,4,357.0
2706,RU,2014,256.0,4,283.0
2711,BE,2014,180.0,4,186.0
2711,FZ,2014,439.0,4,375.0
2711,GI,2014,1114.0,4,1031.0
2711,JZ,2014,107.0,4,109.0
2711,KZ,2014,113.0,4,125.0
2711,LZ,2014,94.0,4,81.0
2711,MN,2014,632.0,4,586.0
2711,OQ,2014,556.0,4,455.0
2711,RU,2014,316.0,4,364.0
2716,BE,2014,51.0,4,35.0
2716,FZ,2014,44.0,4,67.0
2716,GI,2014,118.0,4,126.0
2716,JZ,2014,8.0,4,7.0
2716,KZ,2014,15.0,4,10.0
2716,LZ,2014,11.0,4,4.0
2716,MN,2014,51.0,4,50.0
2716,OQ,2014,46.0,4,43.0
2716,RU,2014,37.0,4,38.0
2803,BE,2014,32.0,4,30.0
2803,FZ,2014,84.0,4,93.0
2803,GI,2014,154.0,4,138.0
2803,JZ,2014,8.0,4,9.0
2803,KZ,2014,22.0,4,18.0
2803,LZ,2014,14.0,4,13.0
2803,MN,2014,73.0,4,73.0
2803,OQ,2014,40.0,4,43.0
2803,RU,2014,69.0,4,70.0
2808,BE,2014,82.0,4,89.0
2808,FZ,2014,246.0,4,218.0
2808,GI,2014,430.0,4,371.0
2808,JZ,2014,41.0,4,47.0
2808,KZ,2014,54.0,4,44.0
2808,LZ,2014,45.0,4,30.0
2808,MN,2014,265.0,4,244.0
2808,OQ,2014,120.0,4,134.0
2808,RU,2014,168.0,4,160.0
2813,BE,2014,112.0,4,99.0
2813,FZ,2014,200.0,4,187.0
2813,GI,2014,647.0,4,594.0
2813,JZ,2014,51.0,4,59.0
2813,KZ,2014,72.0,4,58.0
2813,LZ,2014,110.0,4,87.0
2813,MN,2014,318.0,4,300.0
2813,OQ,2014,247.0,4,218.0
2813,RU,2014,202.0,4,218.0
2818,BE,2014,24.0,4,15.0
2818,FZ,2014,35.0,4,24.0
2818,GI,2014,98.0,4,79.0
2818,JZ,2014,1.0,4,2.0
2818,KZ,2014,2.0,4,10.0
2818,LZ,2014,6.0,4,12.0
2818,MN,2014,36.0,4,30.0
2818,OQ,2014,27.0,4,22.0
2818,RU,2014,22.0,4,29.0
3204,BE,2014,39.0,4,43.0
3204,FZ,2014,107.0,4,116.0
3204,GI,2014,331.0,4,286.0
3204,JZ,2014,13.0,4,21.0
3204,KZ,2014,27.0,4,26.0
3204,LZ,2014,22.0,4,36.0
3204,MN,2014,133.0,4,114.0
3204,OQ,2014,101.0,4,93.0
3204,RU,2014,103.0,4,103.0
3209,BE,2014,37.0,4,45.0
3209,FZ,2014,73.0,4,68.0
3209,GI,2014,133.0,4,153.0
3209,JZ,2014,11.0,4,18.0
3209,KZ,2014,11.0,4,6.0
3209,LZ,2014,22.0,4,14.0
3209,MN,2014,72.0,4,63.0
3209,OQ,2014,50.0,4,53.0
3209,RU,2014,59.0,4,53.0
3214,BE,2014,54.0,4,54.0
3214,FZ,2014,96.0,4,111.0
3214,GI,2014,195.0,4,225.0
3214,JZ,2014,14.0,4,14.0
3214,KZ,2014,31.0,4,19.0
3214,LZ,2014,10.0,4,10.0
3214,MN,2014,81.0,4,94.0
3214,OQ,2014,59.0,4,64.0
3214,RU,2014,89.0,4,78.0
3219,BE,2014,53.0,4,66.0
3219,FZ,2014,139.0,4,110.0
3219,GI,2014,324.0,4,284.0
3219,JZ,2014,29.0,4,26.0
3219,KZ,2014,42.0,4,38.0
3219,LZ,2014,44.0,4,20.0
3219,MN,2014,148.0,4,123.0
3219,OQ,2014,93.0,4,102.0
3219,RU,2014,116.0,4,110.0
4402,BE,2014,63.0,4,51.0
4402,FZ,2014,108.0,4,96.0
4402,GI,2014,232.0,4,235.0
4402,JZ,2014,16.0,4,20.0
4402,KZ,2014,38.0,4,39.0
4402,LZ,2014,16.0,4,18.0
4402,MN,2014,108.0,4,105.0
4402,OQ,2014,70.0,4,75.0
4402,RU,2014,92.0,4,91.0
4407,BE,2014,108.0,4,127.0
4407,FZ,2014,213.0,4,196.0
4407,GI,2014,448.0,4,471.0
4407,JZ,2014,23.0,4,41.0
4407,KZ,2014,59.0,4,31.0
4407,LZ,2014,40.0,4,38.0
4407,MN,2014,202.0,4,193.0
4407,OQ,2014,120.0,4,99.0
4407,RU,2014,157.0,4,160.0
4412,BE,2014,296.0,4,236.0
4412,FZ,2014,614.0,4,639.0
4412,GI,2014,1287.0,4,1213.0
4412,JZ,2014,178.0,4,191.0
4412,KZ,2014,136.0,4,122.0
4412,LZ,2014,102.0,4,86.0
4412,MN,2014,750.0,4,728.0
4412,OQ,2014,678.0,4,618.0
4412,RU,2014,449.0,4,421.0
4417,BE,2014,69.0,4,60.0
4417,FZ,2014,94.0,4,99.0
4417,GI,2014,227.0,4,200.0
4417,JZ,2014,9.0,4,17.0
4417,KZ,2014,14.0,4,20.0
4417,LZ,2014,22.0,4,13.0
4417,MN,2014,95.0,4,75.0
4417,OQ,2014,60.0,4,68.0
4417,RU,2014,76.0,4,64.0
4422,BE,2014,80.0,4,86.0
4422,FZ,2014,108.0,4,115.0
4422,GI,2014,232.0,4,256.0
4422,JZ,2014,19.0,4,20.0
4422,KZ,2014,21.0,4,20.0
4422,LZ,2014,29.0,4,25.0
4422,MN,2014,111.0,4,103.0
4422,OQ,2014,82.0,4,109.0
4422,RU,2014,83.0,4,91.0
4427,BE,2014,75.0,4,47.0
4427,FZ,2014,87.0,4,114.0
4427,GI,2014,252.0,4,260.0
4427,JZ,2014,19.0,4,14.0
4427,KZ,2014,17.0,4,25.0
4427,LZ,2014,12.0,4,19.0
4427,MN,2014,94.0,4,70.0
4427,OQ,2014,63.0,4,54.0
4427,RU,2014,71.0,4,91.0
5205,BE,2014,34.0,4,26.0
5205,FZ,2014,65.0,4,71.0
5205,GI,2014,104.0,4,93.0
5205,JZ,2014,14.0,4,6.0
5205,KZ,2014,11.0,4,20.0
5205,LZ,2014,25.0,4,25.0
5205,MN,2014,59.0,4,59.0
5205,OQ,2014,38.0,4,33.0
5205,RU,2014,35.0,4,39.0
5210,BE,2014,89.0,4,100.0
5210,FZ,2014,140.0,4,131.0
5210,GI,2014,365.0,4,352.0
5210,JZ,2014,37.0,4,34.0
5210,KZ,2014,60.0,4,53.0
5210,LZ,2014,42.0,4,58.0
5210,MN,2014,217.0,4,222.0
5210,OQ,2014,124.0,4,139.0
5210,RU,2014,141.0,4,115.0
5215,BE,2014,37.0,4,32.0
5215,FZ,2014,48.0,4,70.0
5215,GI,2014,139.0,4,135.0
5215,JZ,2014,7.0,4,11.0
5215,KZ,2014,14.0,4,19.0
5215,LZ,2014,10.0,4,14.0
5215,MN,2014,61.0,4,55.0
5215,OQ,2014,55.0,4,44.0
5215,RU,2014,51.0,4,43.0
5220,BE,2014,43.0,4,62.0
5220,FZ,2014,58.0,4,78.0
5220,GI,2014,234.0,4,247.0
5220,JZ,2014,20.0,4,6.0
5220,KZ,2014,23.0,4,23.0
5220,LZ,2014,23.0,4,28.0
5220,MN,2014,106.0,4,77.0
5220,OQ,2014,85.0,4,46.0
5220,RU,2014,77.0,4,71.0
5304,BE,2014,60.0,4,38.0
5304,FZ,2014,87.0,4,95.0
5304,GI,2014,211.0,4,226.0
5304,JZ,2014,28.0,4,16.0
5304,KZ,2014,16.0,4,27.0
5304,LZ,2014,20.0,4,32.0
5304,MN,2014,112.0,4,131.0
5304,OQ,2014,89.0,4,87.0
5304,RU,2014,88.0,4,63.0
5309,BE,2014,113.0,4,115.0
5309,FZ,2014,243.0,4,237.0
5309,GI,2014,453.0,4,375.0
5309,JZ,2014,54.0,4,52.0
5309,KZ,2014,70.0,4,68.0
5309,LZ,2014,67.0,4,66.0
5309,MN,2014,291.0,4,288.0
5309,OQ,2014,217.0,4,235.0
5309,RU,2014,167.0,4,178.0
5314,BE,2014,25.0,4,27.0
5314,FZ,2014,45.0,4,46.0
5314,GI,2014,90.0,4,94.0
5314,JZ,2014,8.0,4,11.0
5314,KZ,2014,15.0,4,5.0
5314,LZ,2014,9.0,4,13.0
5314,MN,2014,52.0,4,71.0
5314,OQ,2014,66.0,4,64.0
5314,RU,2014,48.0,4,41.0
5319,BE,2014,44.0,4,76.0
5319,FZ,2014,51.0,4,54.0
5319,GI,2014,142.0,4,163.0
5319,JZ,2014,24.0,4,16.0
5319,KZ,2014,46.0,4,44.0
5319,LZ,2014,21.0,4,26.0
5319,MN,2014,84.0,4,76.0
5319,OQ,2014,66.0,4,58.0
5319,RU,2014,63.0,4,61.0
7505,BE,2014,790.0,4,680.0
7505,FZ,2014,1959.0,4,2044.0
7505,GI,2014,3619.0,4,3485.0
7505,JZ,2014,616.0,4,659.0
7505,KZ,2014,508.0,4,453.0
7505,LZ,2014,425.0,4,420.0
7505,MN,2014,3038.0,4,2801.0
7505,OQ,2014,1894.0,4,1790.0
7505,RU,2014,1525.0,4,1479.0
7510,BE,2014,162.0,4,144.0
7510,FZ,2014,230.0,4,250.0
7510,GI,2014,508.0,4,449.0
7510,JZ,2014,32.0,4,42.0
7510,KZ,2014,38.0,4,35.0
7510,LZ,2014,45.0,4,73.0
7510,MN,2014,253.0,4,243.0
7510,OQ,2014,206.0,4,173.0
7510,RU,2014,185.0,4,175.0
7515,BE,2014,53.0,4,70.0
7515,FZ,2014,127.0,4,131.0
7515,GI,2014,291.0,4,252.0
7515,JZ,2014,10.0,4,11.0
7515,KZ,2014,20.0,4,18.0
7515,LZ,2014,22.0,4,22.0
7515,MN,2014,100.0,4,100.0
7515,OQ,2014,66.0,4,88.0
7515,RU,2014,103.0,4,88.0
7520,BE,2014,123.0,4,175.0
7520,FZ,2014,147.0,4,195.0
7520,GI,2014,465.0,4,467.0
7520,JZ,2014,57.0,4,44.0
7520,KZ,2014,60.0,4,39.0
7520,LZ,2014,57.0,4,40.0
7520,MN,2014,200.0,4,236.0
7520,OQ,2014,170.0,4,164.0
7520,RU,2014,149.0,4,157.0
7525,BE,2014,41.0,4,39.0
7525,FZ,2014,91.0,4,102.0
7525,GI,2014,225.0,4,199.0
7525,JZ,2014,10.0,4,16.0
7525,KZ,2014,15.0,4,16.0
7525,LZ,2014,19.0,4,18.0
7525,MN,2014,106.0,4,93.0
7525,OQ,2014,98.0,4,94.0
7525,RU,2014,80.0,4,82.0
7530,BE,2014,51.0,4,57.0
7530,FZ,2014,47.0,4,52.0
7530,GI,2014,127.0,4,159.0
7530,JZ,2014,10.0,4,9.0
7530,KZ,2014,11.0,4,11.0
7530,LZ,2014,15.0,4,16.0
7530,MN,2014,48.0,4,47.0
7530,OQ,2014,43.0,4,35.0
7530,RU,2014,45.0,4,41.0
7603,BE,2014,171.0,4,146.0
7603,FZ,2014,311.0,4,319.0
7603,GI,2014,597.0,4,624.0
7603,JZ,2014,35.0,4,47.0
7603,KZ,2014,30.0,4,40.0
7603,LZ,2014,23.0,4,31.0
7603,MN,2014,270.0,4,248.0
7603,OQ,2014,233.0,4,178.0
7603,RU,2014,212.0,4,209.0
7608,BE,2014,152.0,4,167.0
7608,FZ,2014,294.0,4,278.0
7608,GI,2014,645.0,4,658.0
7608,JZ,2014,35.0,4,34.0
7608,KZ,2014,30.0,4,40.0
7608,LZ,2014,38.0,4,33.0
7608,MN,2014,263.0,4,254.0
7608,OQ,2014,216.0,4,266.0
7608,RU,2014,190.0,4,197.0
7613,BE,2014,79.0,4,83.0
7613,FZ,2014,69.0,4,55.0
7613,GI,2014,158.0,4,149.0
7613,JZ,2014,9.0,4,11.0
7613,KZ,2014,13.0,4,9.0
7613,LZ,2014,17.0,4,19.0
7613,MN,2014,71.0,4,53.0
7613,OQ,2014,81.0,4,58.0
7613,RU,2014,57.0,4,52.0
7618,BE,2014,250.0,4,339.0
7618,FZ,2014,713.0,4,773.0
7618,GI,2014,1261.0,4,1234.0
7618,JZ,2014,138.0,4,109.0
7618,KZ,2014,122.0,4,122.0
7618,LZ,2014,89.0,4,93.0
7618,MN,2014,666.0,4,679.0
7618,OQ,2014,498.0,4,461.0
7618,RU,2014,426.0,4,417.0
7623,BE,2014,47.0,4,57.0
7623,FZ,2014,186.0,4,223.0
7623,GI,2014,433.0,4,410.0
7623,JZ,2014,28.0,4,30.0
7623,KZ,2014,32.0,4,28.0
7623,LZ,2014,33.0,4,34.0
7623,MN,2014,200.0,4,173.0
7623,OQ,2014,130.0,4,137.0
7623,RU,2014,114.0,4,127.0
8403,BE,2014,65.0,4,137.0
8403,FZ,2014,78.0,4,75.0
8403,GI,2014,167.0,4,143.0
8403,JZ,2014,13.0,4,15.0
8403,KZ,2014,24.0,4,17.0
8403,LZ,2014,19.0,4,16.0
8403,MN,2014,66.0,4,67.0
8403,OQ,2014,84.0,4,63.0
8403,RU,2014,46.0,4,42.0
8408,BE,2014,222.0,4,224.0
8408,FZ,2014,487.0,4,586.0
8408,GI,2014,993.0,4,1003.0
8408,JZ,2014,154.0,4,144.0
8408,KZ,2014,132.0,4,144.0
8408,LZ,2014,114.0,4,96.0
8408,MN,2014,649.0,4,678.0
8408,OQ,2014,588.0,4,548.0
8408,RU,2014,465.0,4,420.0
8413,BE,2014,95.0,4,77.0
8413,FZ,2014,237.0,4,211.0
8413,GI,2014,505.0,4,573.0
8413,JZ,2014,32.0,4,30.0
8413,KZ,2014,41.0,4,38.0
8413,LZ,2014,98.0,4,101.0
8413,MN,2014,286.0,4,257.0
8413,OQ,2014,418.0,4,378.0
8413,RU,2014,169.0,4,153.0
8418,BE,2014,53.0,4,32.0
8418,FZ,2014,132.0,4,125.0
8418,GI,2014,269.0,4,234.0
8418,JZ,2014,17.0,4,30.0
8418,KZ,2014,28.0,4,12.0
8418,LZ,2014,58.0,4,59.0
8418,MN,2014,250.0,4,232.0
8418,OQ,2014,194.0,4,193.0
8418,RU,2014,139.0,4,125.0
8423,BE,2014,101.0,4,118.0
8423,FZ,2014,83.0,4,94.0
8423,GI,2014,327.0,4,289.0
8423,JZ,2014,11.0,4,12.0
8423,KZ,2014,23.0,4,18.0
8423,LZ,2014,26.0,4,14.0
8423,MN,2014,103.0,4,90.0
8423,OQ,2014,101.0,4,71.0
8423,RU,2014,98.0,4,71.0
8428,BE,2014,309.0,4,251.0
8428,FZ,2014,720.0,4,708.0
8428,GI,2014,1328.0,4,1258.0
8428,JZ,2014,117.0,4,124.0
8428,KZ,2014,196.0,4,184.0
8428,LZ,2014,168.0,4,214.0
8428,MN,2014,731.0,4,677.0
8428,OQ,2014,608.0,4,526.0
8428,RU,2014,410.0,4,468.0
8433,BE,2014,184.0,4,150.0
8433,FZ,2014,436.0,4,446.0
8433,GI,2014,708.0,4,581.0
8433,JZ,2014,56.0,4,45.0
8433,KZ,2014,57.0,4,49.0
8433,LZ,2014,66.0,4,74.0
8433,MN,2014,378.0,4,301.0
8433,OQ,2014,241.0,4,238.0
8433,RU,2014,226.0,4,225.0
9303,BE,2014,115.0,4,122.0
9303,FZ,2014,299.0,4,308.0
9303,GI,2014,530.0,4,503.0
9303,JZ,2014,32.0,4,38.0
9303,KZ,2014,26.0,4,30.0
9303,LZ,2014,40.0,4,39.0
9303,MN,2014,250.0,4,231.0
9303,OQ,2014,135.0,4,164.0
9303,RU,2014,185.0,4,193.0
9308,BE,2014,85.0,4,71.0
9308,FZ,2014,309.0,4,309.0
9308,GI,2014,456.0,4,430.0
9308,JZ,2014,24.0,4,26.0
9308,KZ,2014,25.0,4,19.0
9308,LZ,2014,28.0,4,28.0
9308,MN,2014,287.0,4,254.0
9308,OQ,2014,130.0,4,124.0
9308,RU,2014,152.0,4,179.0
9313,BE,2014,196.0,4,311.0
9313,FZ,2014,459.0,4,517.0
9313,GI,2014,973.0,4,944.0
9313,JZ,2014,91.0,4,77.0
9313,KZ,2014,66.0,4,71.0
9313,LZ,2014,74.0,4,85.0
9313,MN,2014,493.0,4,512.0
9313,OQ,2014,355.0,4,354.0
9313,RU,2014,304.0,4,343.0
9318,BE,2014,321.0,4,268.0
9318,FZ,2014,1159.0,4,1212.0
9318,GI,2014,2087.0,4,2123.0
9318,JZ,2014,167.0,4,201.0
9318,KZ,2014,144.0,4,152.0
9318,LZ,2014,265.0,4,202.0
9318,MN,2014,1174.0,4,1183.0
9318,OQ,2014,860.0,4,770.0
9318,RU,2014,796.0,4,731.0
0051,BE,2015,56.0,0,59.0
0051,FZ,2015,107.0,0,125.0
0051,GI,2015,226.0,0,216.0
0051,JZ,2015,17.0,0,11.0
0051,KZ,2015,22.0,0,32.0
0051,LZ,2015,28.0,0,25.0
0051,MN,2015,117.0,0,102.0
0051,OQ,2015,82.0,0,81.0
0051,RU,2015,78.0,0,90.0
0056,BE,2015,42.0,0,54.0
0056,FZ,2015,58.0,0,75.0
0056,GI,2015,167.0,0,187.0
0056,JZ,2015,9.0,0,8.0
0056,KZ,2015,12.0,0,10.0
0056,LZ,2015,9.0,0,13.0
0056,MN,2015,74.0,0,62.0
0056,OQ,2015,49.0,0,55.0
0056,RU,2015,42.0,0,46.0
0061,BE,2015,35.0,0,31.0
0061,FZ,2015,56.0,0,62.0
0061,GI,2015,119.0,0,148.0
0061,JZ,2015,16.0,0,13.0
0061,KZ,2015,10.0,0,14.0
0061,LZ,2015,11.0,0,10.0
0061,MN,2015,65.0,0,65.0
0061,OQ,2015,40.0,0,43.0
0061,RU,2015,41.0,0,58.0
1102,BE,2015,39.0,0,42.0
1102,FZ,2015,90.0,0,102.0
1102,GI,2015,176.0,0,177.0
1102,JZ,2015,13.0,0,23.0
1102,KZ,2015,10.0,0,11.0
1102,LZ,2015,15.0,0,17.0
1102,MN,2015,127.0,0,102.0
1102,OQ,2015,53.0,0,60.0
1102,RU,2015,80.0,0,69.0
1107,BE,2015,61.0,0,84.0
1107,FZ,2015,208.0,0,290.0
1107,GI,2015,649.0,0,555.0
1107,JZ,2015,53.0,0,64.0
1107,KZ,2015,43.0,0,36.0
1107,LZ,2015,46.0,0,38.0
1107,MN,2015,329.0,0,309.0
1107,OQ,2015,177.0,0,158.0
1107,RU,2015,167.0,0,197.0
1112,BE,2015,228.0,0,313.0
1112,FZ,2015,1245.0,0,1552.0
1112,GI,2015,3741.0,0,3225.0
1112,JZ,2015,353.0,0,406.0
1112,KZ,2015,161.0,0,141.0
1112,LZ,2015,177.0,0,162.0
1112,MN,2015,1450.0,0,1580.0
1112,OQ,2015,749.0,0,663.0
1112,RU,2015,647.0,0,658.0
2402,BE,2015,134.0,0,114.0
2402,FZ,2015,145.0,0,192.0
2402,GI,2015,367.0,0,425.0
2402,JZ,2015,31.0,0,26.0
2402,KZ,2015,33.0,0,41.0
2402,LZ,2015,47.0,0,57.0
2402,MN,2015,200.0,0,213.0
2402,OQ,2015,161.0,0,133.0
2402,RU,2015,168.0,0,172.0
2407,BE,2015,52.0,0,30.0
2407,FZ,2015,69.0,0,72.0
2407,GI,2015,179.0,0,175.0
2407,JZ,2015,7.0,0,5.0
2407,KZ,2015,13.0,0,19.0
2407,LZ,2015,14.0,0,16.0
2407,MN,2015,85.0,0,77.0
2407,OQ,2015,54.0,0,56.0
2407,RU,2015,61.0,0,67.0
2412,BE,2015,39.0,0,48.0
2412,FZ,2015,86.0,0,96.0
2412,GI,2015,277.0,0,253.0
2412,JZ,2015,9.0,0,4.0
2412,KZ,2015,13.0,0,17.0
2412,LZ,2015,23.0,0,21.0
2412,MN,2015,96.0,0,67.0
2412,OQ,2015,65.0,0,49.0
2412,RU,2015,59.0,0,71.0
2702,BE,2015,84.0,0,99.0
2702,FZ,2015,132.0,0,142.0
2702,GI,2015,433.0,0,513.0
2702,JZ,2015,22.0,0,26.0
2702,KZ,2015,46.0,0,57.0
2702,LZ,2015,56.0,0,42.0
2702,MN,2015,180.0,0,181.0
2702,OQ,2015,130.0,0,145.0
2702,RU,2015,139.0,0,142.0
2707,BE,2015,65.0,0,80.0
2707,FZ,2015,118.0,0,121.0
2707,GI,2015,369.0,0,393.0
2707,JZ,2015,27.0,0,30.0
2707,KZ,2015,38.0,0,31.0
2707,LZ,2015,35.0,0,43.0
2707,MN,2015,188.0,0,187.0
2707,OQ,2015,140.0,0,154.0
2707,RU,2015,128.0,0,123.0
2712,BE,2015,47.0,0,64.0
2712,FZ,2015,57.0,0,71.0
2712,GI,2015,214.0,0,217.0
2712,JZ,2015,11.0,0,10.0
2712,KZ,2015,19.0,0,22.0
2712,LZ,2015,17.0,0,15.0
2712,MN,2015,68.0,0,69.0
2712,OQ,2015,69.0,0,70.0
2712,RU,2015,76.0,0,85.0
2717,BE,2015,45.0,0,48.0
2717,FZ,2015,99.0,0,136.0
2717,GI,2015,307.0,0,313.0
2717,JZ,2015,13.0,0,32.0
2717,KZ,2015,28.0,0,28.0
2717,LZ,2015,27.0,0,27.0
2717,MN,2015,122.0,0,126.0
2717,OQ,2015,81.0,0,97.0
2717,RU,2015,91.0,0,83.0
2804,BE,2015,189.0,0,228.0
2804,FZ,2015,502.0,0,544.0
2804,GI,2015,1293.0,0,1322.0
2804,JZ,2015,123.0,0,135.0
2804,KZ,2015,177.0,0,158.0
2804,LZ,2015,120.0,0,110.0
2804,MN,2015,893.0,0,872.0
2804,OQ,2015,617.0,0,639.0
2804,RU,2015,433.0,0,462.0
2809,BE,2015,42.0,0,27.0
2809,FZ,2015,55.0,0,68.0
2809,GI,2015,171.0,0,180.0
2809,JZ,2015,14.0,0,12.0
2809,KZ,2015,17.0,0,7.0
2809,LZ,2015,9.0,0,13.0
2809,MN,2015,64.0,0,56.0
2809,OQ,2015,55.0,0,72.0
2809,RU,2015,51.0,0,62.0
2814,BE,2015,25.0,0,41.0
2814,FZ,2015,86.0,0,93.0
2814,GI,2015,175.0,0,204.0
2814,JZ,2015,10.0,0,16.0
2814,KZ,2015,22.0,0,15.0
2814,LZ,2015,19.0,0,21.0
2814,MN,2015,87.0,0,109.0
2814,OQ,2015,58.0,0,45.0
2814,RU,2015,60.0,0,77.0
2819,BE,2015,33.0,0,38.0
2819,FZ,2015,79.0,0,89.0
2819,GI,2015,199.0,0,211.0
2819,JZ,2015,13.0,0,13.0
2819,KZ,2015,19.0,0,28.0
2819,LZ,2015,26.0,0,13.0
2819,MN,2015,98.0,0,78.0
2819,OQ,2015,58.0,0,62.0
2819,RU,2015,85.0,0,61.0
3205,BE,2015,75.0,0,84.0
3205,FZ,2015,179.0,0,270.0
3205,GI,2015,476.0,0,482.0
3205,JZ,2015,31.0,0,31.0
3205,KZ,2015,51.0,0,37.0
3205,LZ,2015,41.0,0,46.0
3205,MN,2015,199.0,0,223.0
3205,OQ,2015,181.0,0,168.0
3205,RU,2015,177.0,0,203.0
3210,BE,2015,68.0,0,78.0
3210,FZ,2015,176.0,0,183.0
3210,GI,2015,411.0,0,478.0
3210,JZ,2015,47.0,0,42.0
3210,KZ,2015,46.0,0,39.0
3210,LZ,2015,56.0,0,50.0
3210,MN,2015,232.0,0,224.0
3210,OQ,2015,142.0,0,141.0
3210,RU,2015,160.0,0,132.0
3215,BE,2015,82.0,0,96.0
3215,FZ,2015,245.0,0,306.0
3215,GI,2015,772.0,0,841.0
3215,JZ,2015,51.0,0,44.0
3215,KZ,2015,42.0,0,50.0
3215,LZ,2015,40.0,0,50.0
3215,MN,2015,257.0,0,272.0
3215,OQ,2015,234.0,0,239.0
3215,RU,2015,217.0,0,271.0
3220,BE,2015,105.0,0,83.0
3220,FZ,2015,182.0,0,201.0
3220,GI,2015,490.0,0,453.0
3220,JZ,2015,36.0,0,31.0
3220,KZ,2015,30.0,0,50.0
3220,LZ,2015,19.0,0,25.0
3220,MN,2015,181.0,0,213.0
3220,OQ,2015,154.0,0,140.0
3220,RU,2015,161.0,0,181.0
4403,BE,2015,68.0,0,67.0
4403,FZ,2015,110.0,0,153.0
4403,GI,2015,408.0,0,452.0
4403,JZ,2015,11.0,0,27.0
4403,KZ,2015,24.0,0,31.0
4403,LZ,2015,25.0,0,19.0
4403,MN,2015,110.0,0,113.0
4403,OQ,2015,119.0,0,98.0
4403,RU,2015,100.0,0,154.0
4408,BE,2015,31.0,0,44.0
4408,FZ,2015,99.0,0,140.0
4408,GI,2015,235.0,0,263.0
4408,JZ,2015,17.0,0,15.0
4408,KZ,2015,8.0,0,22.0
4408,LZ,2015,8.0,0,9.0
4408,MN,2015,82.0,0,98.0
4408,OQ,2015,62.0,0,74.0
4408,RU,2015,93.0,0,107.0
4413,BE,2015,133.0,0,136.0
4413,FZ,2015,241.0,0,306.0
4413,GI,2015,740.0,0,689.0
4413,JZ,2015,74.0,0,103.0
4413,KZ,2015,146.0,0,145.0
4413,LZ,2015,98.0,0,88.0
4413,MN,2015,470.0,0,507.0
4413,OQ,2015,389.0,0,377.0
4413,RU,2015,259.0,0,293.0
4418,BE,2015,30.0,0,41.0
4418,FZ,2015,36.0,0,59.0
4418,GI,2015,182.0,0,213.0
4418,JZ,2015,5.0,0,17.0
4418,KZ,2015,7.0,0,11.0
4418,LZ,2015,18.0,0,27.0
4418,MN,2015,96.0,0,111.0
4418,OQ,2015,57.0,0,67.0
4418,RU,2015,62.0,0,75.0
4423,BE,2015,307.0,0,371.0
4423,FZ,2015,598.0,0,808.0
4423,GI,2015,1852.0,0,1892.0
4423,JZ,2015,304.0,0,350.0
4423,KZ,2015,236.0,0,224.0
4423,LZ,2015,286.0,0,242.0
4423,MN,2015,1291.0,0,1381.0
4423,OQ,2015,1026.0,0,1009.0
4423,RU,2015,650.0,0,776.0
5201,BE,2015,62.0,0,73.0
5201,FZ,2015,68.0,0,86.0
5201,GI,2015,197.0,0,203.0
5201,JZ,2015,17.0,0,18.0
5201,KZ,2015,24.0,0,22.0
5201,LZ,2015,38.0,0,32.0
5201,MN,2015,112.0,0,130.0
5201,OQ,2015,70.0,0,78.0
5201,RU,2015,64.0,0,93.0
5206,BE,2015,95.0,0,102.0
5206,FZ,2015,126.0,0,178.0
5206,GI,2015,385.0,0,333.0
5206,JZ,2015,26.0,0,31.0
5206,KZ,2015,64.0,0,51.0
5206,LZ,2015,60.0,0,55.0
5206,MN,2015,152.0,0,195.0
5206,OQ,2015,142.0,0,138.0
5206,RU,2015,119.0,0,103.0
5211,BE,2015,85.0,0,75.0
5211,FZ,2015,90.0,0,102.0
5211,GI,2015,364.0,0,322.0
5211,JZ,2015,44.0,0,32.0
5211,KZ,2015,62.0,0,44.0
5211,LZ,2015,41.0,0,33.0
5211,MN,2015,186.0,0,275.0
5211,OQ,2015,107.0,0,138.0
5211,RU,2015,95.0,0,123.0
5216,BE,2015,492.0,0,591.0
5216,FZ,2015,756.0,0,946.0
5216,GI,2015,2095.0,0,2125.0
5216,JZ,2015,533.0,0,524.0
5216,KZ,2015,426.0,0,370.0
5216,LZ,2015,415.0,0,328.0
5216,MN,2015,2101.0,0,2070.0
5216,OQ,2015,1377.0,0,1213.0
5216,RU,2015,920.0,0,1024.0
5221,BE,2015,34.0,0,27.0
5221,FZ,2015,37.0,0,27.0
5221,GI,2015,88.0,0,101.0
5221,JZ,2015,5.0,0,10.0
5221,KZ,2015,11.0,0,9.0
5221,LZ,2015,19.0,0,13.0
5221,MN,2015,33.0,0,46.0
5221,OQ,2015,36.0,0,38.0
5221,RU,2015,26.0,0,43.0
5305,BE,2015,34.0,0,21.0
5305,FZ,2015,45.0,0,61.0
5305,GI,2015,127.0,0,147.0
5305,JZ,2015,7.0,0,18.0
5305,KZ,2015,17.0,0,19.0
5305,LZ,2015,15.0,0,24.0
5305,MN,2015,67.0,0,63.0
5305,OQ,2015,59.0,0,50.0
5305,RU,2015,49.0,0,59.0
5310,BE,2015,90.0,0,68.0
5310,FZ,2015,69.0,0,83.0
5310,GI,2015,283.0,0,263.0
5310,JZ,2015,18.0,0,15.0
5310,KZ,2015,30.0,0,30.0
5310,LZ,2015,31.0,0,20.0
5310,MN,2015,115.0,0,131.0
5310,OQ,2015,134.0,0,111.0
5310,RU,2015,107.0,0,112.0
5315,BE,2015,304.0,0,320.0
5315,FZ,2015,424.0,0,540.0
5315,GI,2015,1265.0,0,1312.0
5315,JZ,2015,315.0,0,351.0
5315,KZ,2015,393.0,0,344.0
5315,LZ,2015,217.0,0,191.0
5315,MN,2015,1199.0,0,1242.0
5315,OQ,2015,827.0,0,821.0
5315,RU,2015,596.0,0,717.0
7501,BE,2015,86.0,0,110.0
7501,FZ,2015,101.0,0,120.0
7501,GI,2015,360.0,0,380.0
7501,JZ,2015,21.0,0,16.0
7501,KZ,2015,37.0,0,58.0
7501,LZ,2015,41.0,0,34.0
7501,MN,2015,175.0,0,184.0
7501,OQ,2015,165.0,0,149.0
7501,RU,2015,96.0,0,126.0
7506,BE,2015,64.0,0,87.0
7506,FZ,2015,63.0,0,65.0
7506,GI,2015,205.0,0,215.0
7506,JZ,2015,16.0,0,14.0
7506,KZ,2015,25.0,0,19.0
7506,LZ,2015,38.0,0,26.0
7506,MN,2015,78.0,0,98.0
7506,OQ,2015,82.0,0,71.0
7506,RU,2015,61.0,0,69.0
7511,BE,2015,245.0,0,134.0
7511,FZ,2015,56.0,0,113.0
7511,GI,2015,222.0,0,242.0
7511,JZ,2015,15.0,0,17.0
7511,KZ,2015,18.0,0,25.0
7511,LZ,2015,32.0,0,26.0
7511,MN,2015,110.0,0,125.0
7511,OQ,2015,116.0,0,96.0
7511,RU,2015,82.0,0,115.0
7516,BE,2015,112.0,0,135.0
7516,FZ,2015,234.0,0,242.0
7516,GI,2015,481.0,0,493.0
7516,JZ,2015,34.0,0,19.0
7516,KZ,2015,46.0,0,41.0
7516,LZ,2015,42.0,0,62.0
7516,MN,2015,233.0,0,234.0
7516,OQ,2015,155.0,0,116.0
7516,RU,2015,137.0,0,176.0
7521,BE,2015,46.0,0,63.0
7521,FZ,2015,58.0,0,52.0
7521,GI,2015,127.0,0,147.0
7521,JZ,2015,6.0,0,12.0
7521,KZ,2015,12.0,0,12.0
7521,LZ,2015,21.0,0,21.0
7521,MN,2015,75.0,0,83.0
7521,OQ,2015,97.0,0,78.0
7521,RU,2015,60.0,0,51.0
7526,BE,2015,87.0,0,88.0
7526,FZ,2015,140.0,0,152.0
7526,GI,2015,502.0,0,477.0
7526,JZ,2015,16.0,0,20.0
7526,KZ,2015,42.0,0,40.0
7526,LZ,2015,60.0,0,65.0
7526,MN,2015,178.0,0,200.0
7526,OQ,2015,150.0,0,162.0
7526,RU,2015,148.0,0,174.0
7531,BE,2015,120.0,0,78.0
7531,FZ,2015,74.0,0,82.0
7531,GI,2015,151.0,0,192.0
7531,JZ,2015,6.0,0,14.0
7531,KZ,2015,11.0,0,8.0
7531,LZ,2015,14.0,0,14.0
7531,MN,2015,69.0,0,72.0
7531,OQ,2015,72.0,0,81.0
7531,RU,2015,66.0,0,78.0
7604,BE,2015,124.0,0,171.0
7604,FZ,2015,219.0,0,224.0
7604,GI,2015,406.0,0,412.0
7604,JZ,2015,36.0,0,33.0
7604,KZ,2015,38.0,0,37.0
7604,LZ,2015,49.0,0,70.0
7604,MN,2015,210.0,0,231.0
7604,OQ,2015,174.0,0,173.0
7604,RU,2015,141.0,0,137.0
7609,BE,2015,42.0,0,42.0
7609,FZ,2015,83.0,0,99.0
7609,GI,2015,200.0,0,213.0
7609,JZ,2015,13.0,0,6.0
7609,KZ,2015,8.0,0,16.0
7609,LZ,2015,7.0,0,13.0
7609,MN,2015,70.0,0,97.0
7609,OQ,2015,64.0,0,70.0
7609,RU,2015,61.0,0,56.0
7614,BE,2015,61.0,0,75.0
7614,FZ,2015,49.0,0,79.0
7614,GI,2015,161.0,0,160.0
7614,JZ,2015,14.0,0,8.0
7614,KZ,2015,18.0,0,14.0
7614,LZ,2015,21.0,0,11.0
7614,MN,2015,56.0,0,79.0
7614,OQ,2015,84.0,0,93.0
7614,RU,2015,83.0,0,54.0
7619,BE,2015,170.0,0,47.0
7619,FZ,2015,48.0,0,60.0
7619,GI,2015,134.0,0,135.0
7619,JZ,2015,10.0,0,6.0
7619,KZ,2015,8.0,0,11.0
7619,LZ,2015,9.0,0,14.0
7619,MN,2015,52.0,0,58.0
7619,OQ,2015,48.0,0,59.0
7619,RU,2015,40.0,0,56.0
7624,BE,2015,137.0,0,174.0
7624,FZ,2015,277.0,0,310.0
7624,GI,2015,580.0,0,600.0
7624,JZ,2015,33.0,0,35.0
7624,KZ,2015,52.0,0,50.0
7624,LZ,2015,74.0,0,94.0
7624,MN,2015,304.0,0,258.0
7624,OQ,2015,345.0,0,304.0
7624,RU,2015,221.0,0,214.0
8404,BE,2015,22.0,0,33.0
8404,FZ,2015,59.0,0,78.0
8404,GI,2015,116.0,0,122.0
8404,JZ,2015,6.0,0,9.0
8404,KZ,2015,3.0,0,6.0
8404,LZ,2015,4.0,0,13.0
8404,MN,2015,61.0,0,67.0
8404,OQ,2015,48.0,0,73.0
8404,RU,2015,55.0,0,54.0
8409,BE,2015,276.0,0,351.0
8409,FZ,2015,678.0,0,880.0
8409,GI,2015,1413.0,0,1473.0
8409,JZ,2015,306.0,0,357.0
8409,KZ,2015,160.0,0,181.0
8409,LZ,2015,259.0,0,206.0
8409,MN,2015,1289.0,0,1401.0
8409,OQ,2015,1024.0,0,1005.0
8409,RU,2015,619.0,0,640.0
8414,BE,2015,43.0,0,69.0
8414,FZ,2015,107.0,0,127.0
8414,GI,2015,253.0,0,259.0
8414,JZ,2015,14.0,0,17.0
8414,KZ,2015,27.0,0,28.0
8414,LZ,2015,35.0,0,35.0
8414,MN,2015,113.0,0,148.0
8414,OQ,2015,128.0,0,128.0
8414,RU,2015,66.0,0,87.0
8419,BE,2015,73.0,0,84.0
8419,FZ,2015,121.0,0,108.0
8419,GI,2015,232.0,0,227.0
8419,JZ,2015,18.0,0,18.0
8419,KZ,2015,31.0,0,27.0
8419,LZ,2015,26.0,0,24.0
8419,MN,2015,90.0,0,103.0
8419,OQ,2015,129.0,0,114.0
8419,RU,2015,83.0,0,117.0
8424,BE,2015,74.0,0,51.0
8424,FZ,2015,56.0,0,75.0
8424,GI,2015,221.0,0,213.0
8424,JZ,2015,8.0,0,11.0
8424,KZ,2015,13.0,0,17.0
8424,LZ,2015,16.0,0,19.0
8424,MN,2015,90.0,0,97.0
8424,OQ,2015,83.0,0,70.0
8424,RU,2015,67.0,0,78.0
8429,BE,2015,63.0,0,41.0
8429,FZ,2015,18.0,0,37.0
8429,GI,2015,79.0,0,73.0
8429,JZ,2015,4.0,0,3.0
8429,KZ,2015,8.0,0,7.0
8429,LZ,2015,16.0,0,13.0
8429,MN,2015,24.0,0,17.0
8429,OQ,2015,35.0,0,23.0
8429,RU,2015,25.0,0,20.0
8434,BE,2015,92.0,0,94.0
8434,FZ,2015,225.0,0,238.0
8434,GI,2015,528.0,0,502.0
8434,JZ,2015,40.0,0,52.0
8434,KZ,2015,41.0,0,46.0
8434,LZ,2015,41.0,0,48.0
8434,MN,2015,263.0,0,291.0
8434,OQ,2015,176.0,0,191.0
8434,RU,2015,131.0,0,154.0
9304,BE,2015,267.0,0,330.0
9304,FZ,2015,1002.0,0,1111.0
9304,GI,2015,1856.0,0,1885.0
9304,JZ,2015,276.0,0,293.0
9304,KZ,2015,208.0,0,203.0
9304,LZ,2015,445.0,0,471.0
9304,MN,2015,1620.0,0,1659.0
9304,OQ,2015,763.0,0,721.0
9304,RU,2015,728.0,0,777.0
9309,BE,2015,61.0,0,63.0
9309,FZ,2015,256.0,0,320.0
9309,GI,2015,594.0,0,567.0
9309,JZ,2015,36.0,0,37.0
9309,KZ,2015,41.0,0,42.0
9309,LZ,2015,69.0,0,75.0
9309,MN,2015,346.0,0,349.0
9309,OQ,2015,178.0,0,214.0
9309,RU,2015,160.0,0,184.0
9314,BE,2015,26.0,0,40.0
9314,FZ,2015,131.0,0,133.0
9314,GI,2015,264.0,0,252.0
9314,JZ,2015,34.0,0,17.0
9314,KZ,2015,15.0,0,20.0
9314,LZ,2015,78.0,0,92.0
9314,MN,2015,171.0,0,184.0
9314,OQ,2015,109.0,0,86.0
9314,RU,2015,134.0,0,106.0
0052,BE,2015,111.0,1,133.0
0052,FZ,2015,180.0,1,258.0
0052,GI,2015,500.0,1,517.0
0052,JZ,2015,42.0,1,32.0
0052,KZ,2015,50.0,1,39.0
0052,LZ,2015,41.0,1,40.0
0052,MN,2015,278.0,1,230.0
0052,OQ,2015,170.0,1,129.0
0052,RU,2015,175.0,1,174.0
0057,BE,2015,54.0,1,84.0
0057,FZ,2015,186.0,1,164.0
0057,GI,2015,352.0,1,353.0
0057,JZ,2015,28.0,1,29.0
0057,KZ,2015,25.0,1,33.0
0057,LZ,2015,39.0,1,27.0
0057,MN,2015,178.0,1,206.0
0057,OQ,2015,91.0,1,87.0
0057,RU,2015,99.0,1,112.0
0062,BE,2015,65.0,1,56.0
0062,FZ,2015,49.0,1,71.0
0062,GI,2015,145.0,1,167.0
0062,JZ,2015,12.0,1,8.0
0062,KZ,2015,20.0,1,22.0
0062,LZ,2015,23.0,1,15.0
0062,MN,2015,62.0,1,83.0
0062,OQ,2015,72.0,1,59.0
0062,RU,2015,58.0,1,44.0
1103,BE,2015,37.0,1,39.0
1103,FZ,2015,119.0,1,125.0
1103,GI,2015,238.0,1,220.0
1103,JZ,2015,41.0,1,38.0
1103,KZ,2015,22.0,1,21.0
1103,LZ,2015,38.0,1,28.0
1103,MN,2015,180.0,1,185.0
1103,OQ,2015,89.0,1,107.0
1103,RU,2015,96.0,1,85.0
1108,BE,2015,75.0,1,75.0
1108,FZ,2015,204.0,1,303.0
1108,GI,2015,546.0,1,504.0
1108,JZ,2015,62.0,1,64.0
1108,KZ,2015,36.0,1,37.0
1108,LZ,2015,44.0,1,35.0
1108,MN,2015,305.0,1,304.0
1108,OQ,2015,176.0,1,173.0
1108,RU,2015,179.0,1,190.0
1113,BE,2015,150.0,1,182.0
1113,FZ,2015,503.0,1,582.0
1113,GI,2015,1378.0,1,1227.0
1113,JZ,2015,324.0,1,327.0
1113,KZ,2015,144.0,1,145.0
1113,LZ,2015,139.0,1,118.0
1113,MN,2015,1032.0,1,1063.0
1113,OQ,2015,535.0,1,572.0
1113,RU,2015,416.0,1,491.0
2403,BE,2015,88.0,1,99.0
2403,FZ,2015,136.0,1,198.0
2403,GI,2015,477.0,1,466.0
2403,JZ,2015,45.0,1,69.0
2403,KZ,2015,63.0,1,68.0
2403,LZ,2015,61.0,1,45.0
2403,MN,2015,291.0,1,250.0
2403,OQ,2015,174.0,1,168.0
2403,RU,2015,137.0,1,191.0
2408,BE,2015,27.0,1,45.0
2408,FZ,2015,49.0,1,48.0
2408,GI,2015,92.0,1,121.0
2408,JZ,2015,6.0,1,7.0
2408,KZ,2015,11.0,1,6.0
2408,LZ,2015,16.0,1,18.0
2408,MN,2015,58.0,1,60.0
2408,OQ,2015,54.0,1,39.0
2408,RU,2015,29.0,1,47.0
2413,BE,2015,202.0,1,243.0
2413,FZ,2015,397.0,1,449.0
2413,GI,2015,1171.0,1,1151.0
2413,JZ,2015,144.0,1,169.0
2413,KZ,2015,153.0,1,129.0
2413,LZ,2015,241.0,1,186.0
2413,MN,2015,780.0,1,777.0
2413,OQ,2015,578.0,1,576.0
2413,RU,2015,441.0,1,478.0
2703,BE,2015,40.0,1,33.0
2703,FZ,2015,54.0,1,35.0
2703,GI,2015,122.0,1,135.0
2703,JZ,2015,8.0,1,8.0
2703,KZ,2015,7.0,1,15.0
2703,LZ,2015,9.0,1,12.0
2703,MN,2015,39.0,1,41.0
2703,OQ,2015,29.0,1,38.0
2703,RU,2015,25.0,1,24.0
2708,BE,2015,46.0,1,54.0
2708,FZ,2015,46.0,1,60.0
2708,GI,2015,185.0,1,202.0
2708,JZ,2015,10.0,1,7.0
2708,KZ,2015,14.0,1,16.0
2708,LZ,2015,24.0,1,26.0
2708,MN,2015,92.0,1,87.0
2708,OQ,2015,68.0,1,65.0
2708,RU,2015,67.0,1,73.0
2713,BE,2015,73.0,1,119.0
2713,FZ,2015,118.0,1,146.0
2713,GI,2015,402.0,1,410.0
2713,JZ,2015,27.0,1,29.0
2713,KZ,2015,32.0,1,38.0
2713,LZ,2015,51.0,1,42.0
2713,MN,2015,156.0,1,163.0
2713,OQ,2015,127.0,1,149.0
2713,RU,2015,113.0,1,127.0
2718,BE,2015,51.0,1,79.0
2718,FZ,2015,98.0,1,125.0
2718,GI,2015,323.0,1,300.0
2718,JZ,2015,12.0,1,20.0
2718,KZ,2015,26.0,1,17.0
2718,LZ,2015,18.0,1,17.0
2718,MN,2015,118.0,1,115.0
2718,OQ,2015,100.0,1,97.0
2718,RU,2015,81.0,1,81.0
2805,BE,2015,62.0,1,73.0
2805,FZ,2015,63.0,1,70.0
2805,GI,2015,273.0,1,293.0
2805,JZ,2015,22.0,1,21.0
2805,KZ,2015,26.0,1,30.0
2805,LZ,2015,21.0,1,27.0
2805,MN,2015,141.0,1,151.0
2805,OQ,2015,126.0,1,153.0
2805,RU,2015,94.0,1,111.0
2810,BE,2015,29.0,1,32.0
2810,FZ,2015,36.0,1,42.0
2810,GI,2015,133.0,1,127.0
2810,JZ,2015,7.0,1,6.0
2810,KZ,2015,9.0,1,18.0
2810,LZ,2015,21.0,1,14.0
2810,MN,2015,70.0,1,82.0
2810,OQ,2015,54.0,1,60.0
2810,RU,2015,45.0,1,38.0
2815,BE,2015,202.0,1,229.0
2815,FZ,2015,578.0,1,711.0
2815,GI,2015,1520.0,1,1548.0
2815,JZ,2015,201.0,1,218.0
2815,KZ,2015,196.0,1,163.0
2815,LZ,2015,170.0,1,151.0
2815,MN,2015,850.0,1,1015.0
2815,OQ,2015,674.0,1,635.0
2815,RU,2015,477.0,1,577.0
3201,BE,2015,39.0,1,36.0
3201,FZ,2015,97.0,1,92.0
3201,GI,2015,182.0,1,189.0
3201,JZ,2015,8.0,1,6.0
3201,KZ,2015,9.0,1,14.0
3201,LZ,2015,21.0,1,24.0
3201,MN,2015,66.0,1,53.0
3201,OQ,2015,69.0,1,52.0
3201,RU,2015,69.0,1,64.0
3206,BE,2015,42.0,1,49.0
3206,FZ,2015,94.0,1,134.0
3206,GI,2015,399.0,1,445.0
3206,JZ,2015,18.0,1,29.0
3206,KZ,2015,36.0,1,33.0
3206,LZ,2015,40.0,1,29.0
3206,MN,2015,140.0,1,152.0
3206,OQ,2015,135.0,1,112.0
3206,RU,2015,115.0,1,97.0
3211,BE,2015,91.0,1,125.0
3211,FZ,2015,290.0,1,311.0
3211,GI,2015,790.0,1,855.0
3211,JZ,2015,71.0,1,76.0
3211,KZ,2015,69.0,1,60.0
3211,LZ,2015,79.0,1,65.0
3211,MN,2015,439.0,1,427.0
3211,OQ,2015,243.0,1,232.0
3211,RU,2015,248.0,1,270.0
3216,BE,2015,307.0,1,376.0
3216,FZ,2015,1540.0,1,1444.0
3216,GI,2015,2617.0,1,2239.0
3216,JZ,2015,483.0,1,539.0
3216,KZ,2015,331.0,1,305.0
3216,LZ,2015,338.0,1,372.0
3216,MN,2015,1842.0,1,1775.0
3216,OQ,2015,1466.0,1,1439.0
3216,RU,2015,812.0,1,889.0
3221,BE,2015,50.0,1,65.0
3221,FZ,2015,167.0,1,158.0
3221,GI,2015,324.0,1,364.0
3221,JZ,2015,38.0,1,25.0
3221,KZ,2015,33.0,1,28.0
3221,LZ,2015,39.0,1,29.0
3221,MN,2015,202.0,1,185.0
3221,OQ,2015,119.0,1,118.0
3221,RU,2015,108.0,1,132.0
4404,BE,2015,63.0,1,80.0
4404,FZ,2015,76.0,1,83.0
4404,GI,2015,255.0,1,265.0
4404,JZ,2015,18.0,1,20.0
4404,KZ,2015,18.0,1,25.0
4404,LZ,2015,29.0,1,16.0
4404,MN,2015,91.0,1,91.0
4404,OQ,2015,63.0,1,91.0
4404,RU,2015,75.0,1,102.0
4409,BE,2015,95.0,1,172.0
4409,FZ,2015,164.0,1,223.0
4409,GI,2015,556.0,1,581.0
4409,JZ,2015,35.0,1,47.0
4409,KZ,2015,48.0,1,58.0
4409,LZ,2015,53.0,1,55.0
4409,MN,2015,229.0,1,272.0
4409,OQ,2015,270.0,1,217.0
4409,RU,2015,159.0,1,176.0
4414,BE,2015,52.0,1,72.0
4414,FZ,2015,67.0,1,90.0
4414,GI,2015,248.0,1,266.0
4414,JZ,2015,23.0,1,13.0
4414,KZ,2015,19.0,1,16.0
4414,LZ,2015,24.0,1,27.0
4414,MN,2015,92.0,1,100.0
4414,OQ,2015,99.0,1,87.0
4414,RU,2015,61.0,1,60.0
4419,BE,2015,47.0,1,44.0
4419,FZ,2015,86.0,1,94.0
4419,GI,2015,258.0,1,273.0
4419,JZ,2015,18.0,1,27.0
4419,KZ,2015,11.0,1,18.0
4419,LZ,2015,19.0,1,22.0
4419,MN,2015,110.0,1,115.0
4419,OQ,2015,111.0,1,94.0
4419,RU,2015,78.0,1,86.0
4424,BE,2015,90.0,1,97.0
4424,FZ,2015,185.0,1,276.0
4424,GI,2015,708.0,1,640.0
4424,JZ,2015,36.0,1,50.0
4424,KZ,2015,40.0,1,37.0
4424,LZ,2015,57.0,1,39.0
4424,MN,2015,207.0,1,274.0
4424,OQ,2015,233.0,1,226.0
4424,RU,2015,194.0,1,228.0
5202,BE,2015,170.0,1,172.0
5202,FZ,2015,269.0,1,336.0
5202,GI,2015,859.0,1,892.0
5202,JZ,2015,110.0,1,104.0
5202,KZ,2015,160.0,1,112.0
5202,LZ,2015,139.0,1,125.0
5202,MN,2015,577.0,1,600.0
5202,OQ,2015,524.0,1,466.0
5202,RU,2015,321.0,1,340.0
5207,BE,2015,104.0,1,82.0
5207,FZ,2015,76.0,1,94.0
5207,GI,2015,276.0,1,284.0
5207,JZ,2015,14.0,1,18.0
5207,KZ,2015,34.0,1,28.0
5207,LZ,2015,34.0,1,29.0
5207,MN,2015,117.0,1,118.0
5207,OQ,2015,78.0,1,91.0
5207,RU,2015,96.0,1,99.0
5212,BE,2015,129.0,1,129.0
5212,FZ,2015,202.0,1,239.0
5212,GI,2015,763.0,1,708.0
5212,JZ,2015,84.0,1,84.0
5212,KZ,2015,118.0,1,104.0
5212,LZ,2015,104.0,1,59.0
5212,MN,2015,408.0,1,406.0
5212,OQ,2015,283.0,1,283.0
5212,RU,2015,252.0,1,258.0
5217,BE,2015,50.0,1,51.0
5217,FZ,2015,62.0,1,62.0
5217,GI,2015,196.0,1,189.0
5217,JZ,2015,17.0,1,20.0
5217,KZ,2015,30.0,1,24.0
5217,LZ,2015,32.0,1,31.0
5217,MN,2015,95.0,1,106.0
5217,OQ,2015,65.0,1,69.0
5217,RU,2015,84.0,1,71.0
5301,BE,2015,41.0,1,71.0
5301,FZ,2015,91.0,1,83.0
5301,GI,2015,273.0,1,259.0
5301,JZ,2015,19.0,1,25.0
5301,KZ,2015,41.0,1,41.0
5301,LZ,2015,45.0,1,38.0
5301,MN,2015,150.0,1,136.0
5301,OQ,2015,129.0,1,122.0
5301,RU,2015,104.0,1,101.0
5306,BE,2015,26.0,1,38.0
5306,FZ,2015,33.0,1,53.0
5306,GI,2015,126.0,1,115.0
5306,JZ,2015,5.0,1,7.0
5306,KZ,2015,8.0,1,14.0
5306,LZ,2015,8.0,1,7.0
5306,MN,2015,38.0,1,64.0
5306,OQ,2015,37.0,1,36.0
5306,RU,2015,39.0,1,38.0
5311,BE,2015,30.0,1,48.0
5311,FZ,2015,49.0,1,58.0
5311,GI,2015,132.0,1,159.0
5311,JZ,2015,17.0,1,9.0
5311,KZ,2015,18.0,1,26.0
5311,LZ,2015,14.0,1,14.0
5311,MN,2015,83.0,1,57.0
5311,OQ,2015,73.0,1,63.0
5311,RU,2015,53.0,1,40.0
5316,BE,2015,68.0,1,77.0
5316,FZ,2015,174.0,1,233.0
5316,GI,2015,394.0,1,386.0
5316,JZ,2015,29.0,1,35.0
5316,KZ,2015,91.0,1,74.0
5316,LZ,2015,41.0,1,31.0
5316,MN,2015,203.0,1,190.0
5316,OQ,2015,159.0,1,142.0
5316,RU,2015,132.0,1,135.0
7502,BE,2015,149.0,1,163.0
7502,FZ,2015,191.0,1,282.0
7502,GI,2015,576.0,1,511.0
7502,JZ,2015,43.0,1,62.0
7502,KZ,2015,56.0,1,50.0
7502,LZ,2015,74.0,1,53.0
7502,MN,2015,294.0,1,323.0
7502,OQ,2015,179.0,1,184.0
7502,RU,2015,194.0,1,250.0
7507,BE,2015,123.0,1,85.0
7507,FZ,2015,129.0,1,143.0
7507,GI,2015,306.0,1,338.0
7507,JZ,2015,17.0,1,27.0
7507,KZ,2015,35.0,1,46.0
7507,LZ,2015,38.0,1,39.0
7507,MN,2015,175.0,1,163.0
7507,OQ,2015,142.0,1,137.0
7507,RU,2015,105.0,1,108.0
7512,BE,2015,169.0,1,199.0
7512,FZ,2015,291.0,1,339.0
7512,GI,2015,776.0,1,776.0
7512,JZ,2015,86.0,1,77.0
7512,KZ,2015,98.0,1,96.0
7512,LZ,2015,118.0,1,123.0
7512,MN,2015,514.0,1,525.0
7512,OQ,2015,347.0,1,362.0
7512,RU,2015,313.0,1,344.0
7517,BE,2015,178.0,1,234.0
7517,FZ,2015,221.0,1,261.0
7517,GI,2015,654.0,1,659.0
7517,JZ,2015,51.0,1,52.0
7517,KZ,2015,66.0,1,61.0
7517,LZ,2015,75.0,1,64.0
7517,MN,2015,348.0,1,330.0
7517,OQ,2015,330.0,1,309.0
7517,RU,2015,227.0,1,302.0
7522,BE,2015,187.0,1,240.0
7522,FZ,2015,317.0,1,326.0
7522,GI,2015,639.0,1,689.0
7522,JZ,2015,69.0,1,80.0
7522,KZ,2015,112.0,1,92.0
7522,LZ,2015,137.0,1,111.0
7522,MN,2015,513.0,1,458.0
7522,OQ,2015,441.0,1,448.0
7522,RU,2015,309.0,1,236.0
7527,BE,2015,125.0,1,101.0
7527,FZ,2015,70.0,1,83.0
7527,GI,2015,211.0,1,220.0
7527,JZ,2015,9.0,1,12.0
7527,KZ,2015,7.0,1,17.0
7527,LZ,2015,13.0,1,18.0
7527,MN,2015,76.0,1,96.0
7527,OQ,2015,45.0,1,82.0
7527,RU,2015,56.0,1,68.0
7532,BE,2015,55.0,1,69.0
7532,FZ,2015,83.0,1,117.0
7532,GI,2015,236.0,1,255.0
7532,JZ,2015,11.0,1,18.0
7532,KZ,2015,20.0,1,12.0
7532,LZ,2015,35.0,1,28.0
7532,MN,2015,116.0,1,105.0
7532,OQ,2015,101.0,1,78.0
7532,RU,2015,62.0,1,101.0
7605,BE,2015,50.0,1,64.0
7605,FZ,2015,85.0,1,113.0
7605,GI,2015,207.0,1,191.0
7605,JZ,2015,14.0,1,10.0
7605,KZ,2015,10.0,1,16.0
7605,LZ,2015,12.0,1,16.0
7605,MN,2015,96.0,1,107.0
7605,OQ,2015,70.0,1,87.0
7605,RU,2015,71.0,1,81.0
7610,BE,2015,184.0,1,164.0
7610,FZ,2015,118.0,1,169.0
7610,GI,2015,358.0,1,378.0
7610,JZ,2015,39.0,1,31.0
7610,KZ,2015,43.0,1,44.0
7610,LZ,2015,29.0,1,31.0
7610,MN,2015,206.0,1,192.0
7610,OQ,2015,162.0,1,194.0
7610,RU,2015,142.0,1,142.0
7615,BE,2015,143.0,1,141.0
7615,FZ,2015,273.0,1,298.0
7615,GI,2015,567.0,1,574.0
7615,JZ,2015,49.0,1,30.0
7615,KZ,2015,48.0,1,39.0
7615,LZ,2015,58.0,1,67.0
7615,MN,2015,268.0,1,277.0
7615,OQ,2015,225.0,1,205.0
7615,RU,2015,187.0,1,191.0
7620,BE,2015,616.0,1,335.0
7620,FZ,2015,739.0,1,840.0
7620,GI,2015,1817.0,1,1982.0
7620,JZ,2015,104.0,1,145.0
7620,KZ,2015,136.0,1,116.0
7620,LZ,2015,252.0,1,185.0
7620,MN,2015,805.0,1,782.0
7620,OQ,2015,688.0,1,680.0
7620,RU,2015,594.0,1,629.0
7625,BE,2015,609.0,1,674.0
7625,FZ,2015,1627.0,1,1972.0
7625,GI,2015,2989.0,1,3037.0
7625,JZ,2015,661.0,1,688.0
7625,KZ,2015,498.0,1,404.0
7625,LZ,2015,678.0,1,561.0
7625,MN,2015,2963.0,1,3070.0
7625,OQ,2015,2217.0,1,2338.0
7625,RU,2015,1307.0,1,1285.0
8405,BE,2015,136.0,1,152.0
8405,FZ,2015,265.0,1,340.0
8405,GI,2015,606.0,1,616.0
8405,JZ,2015,47.0,1,48.0
8405,KZ,2015,66.0,1,64.0
8405,LZ,2015,53.0,1,38.0
8405,MN,2015,294.0,1,341.0
8405,OQ,2015,296.0,1,304.0
8405,RU,2015,202.0,1,244.0
8410,BE,2015,59.0,1,67.0
8410,FZ,2015,73.0,1,92.0
8410,GI,2015,189.0,1,214.0
8410,JZ,2015,16.0,1,15.0
8410,KZ,2015,18.0,1,17.0
8410,LZ,2015,19.0,1,18.0
8410,MN,2015,77.0,1,91.0
8410,OQ,2015,86.0,1,59.0
8410,RU,2015,69.0,1,78.0
8415,BE,2015,51.0,1,49.0
8415,FZ,2015,157.0,1,151.0
8415,GI,2015,321.0,1,337.0
8415,JZ,2015,36.0,1,27.0
8415,KZ,2015,29.0,1,27.0
8415,LZ,2015,81.0,1,60.0
8415,MN,2015,197.0,1,208.0
8415,OQ,2015,228.0,1,223.0
8415,RU,2015,143.0,1,134.0
8420,BE,2015,64.0,1,62.0
8420,FZ,2015,68.0,1,77.0
8420,GI,2015,161.0,1,176.0
8420,JZ,2015,15.0,1,11.0
8420,KZ,2015,19.0,1,25.0
8420,LZ,2015,16.0,1,24.0
8420,MN,2015,72.0,1,67.0
8420,OQ,2015,75.0,1,71.0
8420,RU,2015,55.0,1,63.0
8425,BE,2015,30.0,1,56.0
8425,FZ,2015,36.0,1,65.0
8425,GI,2015,171.0,1,157.0
8425,JZ,2015,7.0,1,10.0
8425,KZ,2015,27.0,1,25.0
8425,LZ,2015,15.0,1,16.0
8425,MN,2015,43.0,1,59.0
8425,OQ,2015,40.0,1,40.0
8425,RU,2015,30.0,1,31.0
8430,BE,2015,44.0,1,50.0
8430,FZ,2015,52.0,1,72.0
8430,GI,2015,144.0,1,142.0
8430,JZ,2015,5.0,1,10.0
8430,KZ,2015,17.0,1,12.0
8430,LZ,2015,13.0,1,7.0
8430,MN,2015,68.0,1,58.0
8430,OQ,2015,40.0,1,47.0
8430,RU,2015,33.0,1,52.0
8435,BE,2015,110.0,1,155.0
8435,FZ,2015,274.0,1,346.0
8435,GI,2015,421.0,1,461.0
8435,JZ,2015,56.0,1,60.0
8435,KZ,2015,42.0,1,57.0
8435,LZ,2015,87.0,1,71.0
8435,MN,2015,321.0,1,334.0
8435,OQ,2015,227.0,1,214.0
8435,RU,2015,144.0,1,181.0
9305,BE,2015,62.0,1,87.0
9305,FZ,2015,161.0,1,199.0
9305,GI,2015,298.0,1,328.0
9305,JZ,2015,27.0,1,28.0
9305,KZ,2015,32.0,1,22.0
9305,LZ,2015,30.0,1,33.0
9305,MN,2015,186.0,1,176.0
9305,OQ,2015,120.0,1,133.0
9305,RU,2015,104.0,1,126.0
9310,BE,2015,124.0,1,138.0
9310,FZ,2015,125.0,1,156.0
9310,GI,2015,288.0,1,293.0
9310,JZ,2015,19.0,1,47.0
9310,KZ,2015,38.0,1,33.0
9310,LZ,2015,39.0,1,27.0
9310,MN,2015,138.0,1,156.0
9310,OQ,2015,184.0,1,205.0
9310,RU,2015,132.0,1,136.0
9315,BE,2015,310.0,1,344.0
9315,FZ,2015,1595.0,1,1745.0
9315,GI,2015,2580.0,1,2457.0
9315,JZ,2015,361.0,1,365.0
9315,KZ,2015,248.0,1,279.0
9315,LZ,2015,445.0,1,461.0
9315,MN,2015,2141.0,1,1963.0
9315,OQ,2015,1072.0,1,1057.0
9315,RU,2015,918.0,1,859.0
0053,BE,2015,184.0,2,212.0
0053,FZ,2015,471.0,2,574.0
0053,GI,2015,1109.0,2,1093.0
0053,JZ,2015,89.0,2,81.0
0053,KZ,2015,118.0,2,95.0
0053,LZ,2015,67.0,2,83.0
0053,MN,2015,617.0,2,651.0
0053,OQ,2015,417.0,2,374.0
0053,RU,2015,363.0,2,400.0
0058,BE,2015,41.0,2,40.0
0058,FZ,2015,40.0,2,52.0
0058,GI,2015,131.0,2,156.0
0058,JZ,2015,3.0,2,6.0
0058,KZ,2015,9.0,2,12.0
0058,LZ,2015,14.0,2,20.0
0058,MN,2015,61.0,2,46.0
0058,OQ,2015,42.0,2,37.0
0058,RU,2015,69.0,2,56.0
0063,BE,2015,128.0,2,112.0
0063,FZ,2015,55.0,2,42.0
0063,GI,2015,152.0,2,163.0
0063,JZ,2015,7.0,2,7.0
0063,KZ,2015,10.0,2,6.0
0063,LZ,2015,13.0,2,19.0
0063,MN,2015,61.0,2,49.0
0063,OQ,2015,73.0,2,56.0
0063,RU,2015,49.0,2,51.0
1104,BE,2015,140.0,2,194.0
1104,FZ,2015,643.0,2,790.0
1104,GI,2015,1706.0,2,1678.0
1104,JZ,2015,268.0,2,288.0
1104,KZ,2015,132.0,2,111.0
1104,LZ,2015,185.0,2,166.0
1104,MN,2015,1022.0,2,1065.0
1104,OQ,2015,573.0,2,583.0
1104,RU,2015,480.0,2,523.0
1109,BE,2015,2881.0,2,3107.0
1109,FZ,2015,8854.0,2,10332.0
1109,GI,2015,28633.0,2,25660.0
1109,JZ,2015,9669.0,2,9569.0
1109,KZ,2015,4509.0,2,4294.0
1109,LZ,2015,3431.0,2,3233.0
1109,MN,2015,33306.0,2,32503.0
1109,OQ,2015,10364.0,2,9642.0
1109,RU,2015,10114.0,2,9877.0
1114,BE,2015,213.0,2,261.0
1114,FZ,2015,822.0,2,970.0
1114,GI,2015,2301.0,2,2067.0
1114,JZ,2015,521.0,2,494.0
1114,KZ,2015,213.0,2,233.0
1114,LZ,2015,247.0,2,278.0
1114,MN,2015,1888.0,2,1848.0
1114,OQ,2015,866.0,2,815.0
1114,RU,2015,691.0,2,719.0
2404,BE,2015,22.0,2,22.0
2404,FZ,2015,48.0,2,52.0
2404,GI,2015,119.0,2,134.0
2404,JZ,2015,5.0,2,9.0
2404,KZ,2015,22.0,2,16.0
2404,LZ,2015,5.0,2,12.0
2404,MN,2015,70.0,2,49.0
2404,OQ,2015,21.0,2,29.0
2404,RU,2015,38.0,2,40.0
2409,BE,2015,62.0,2,60.0
2409,FZ,2015,164.0,2,148.0
2409,GI,2015,386.0,2,363.0
2409,JZ,2015,12.0,2,32.0
2409,KZ,2015,19.0,2,16.0
2409,LZ,2015,10.0,2,24.0
2409,MN,2015,156.0,2,146.0
2409,OQ,2015,81.0,2,76.0
2409,RU,2015,108.0,2,125.0
2414,BE,2015,26.0,2,35.0
2414,FZ,2015,49.0,2,53.0
2414,GI,2015,123.0,2,140.0
2414,JZ,2015,18.0,2,15.0
2414,KZ,2015,8.0,2,16.0
2414,LZ,2015,21.0,2,24.0
2414,MN,2015,76.0,2,43.0
2414,OQ,2015,37.0,2,36.0
2414,RU,2015,49.0,2,39.0
2704,BE,2015,36.0,2,46.0
2704,FZ,2015,62.0,2,72.0
2704,GI,2015,315.0,2,275.0
2704,JZ,2015,14.0,2,13.0
2704,KZ,2015,36.0,2,41.0
2704,LZ,2015,42.0,2,33.0
2704,MN,2015,119.0,2,113.0
2704,OQ,2015,57.0,2,65.0
2704,RU,2015,58.0,2,50.0
2709,BE,2015,28.0,2,41.0
2709,FZ,2015,41.0,2,52.0
2709,GI,2015,153.0,2,163.0
2709,JZ,2015,6.0,2,10.0
2709,KZ,2015,10.0,2,11.0
2709,LZ,2015,11.0,2,7.0
2709,MN,2015,59.0,2,70.0
2709,OQ,2015,40.0,2,51.0
2709,RU,2015,34.0,2,45.0
2714,BE,2015,80.0,2,72.0
2714,FZ,2015,101.0,2,130.0
2714,GI,2015,439.0,2,476.0
2714,JZ,2015,24.0,2,32.0
2714,KZ,2015,28.0,2,21.0
2714,LZ,2015,27.0,2,26.0
2714,MN,2015,176.0,2,190.0
2714,OQ,2015,92.0,2,115.0
2714,RU,2015,139.0,2,131.0
2801,BE,2015,24.0,2,23.0
2801,FZ,2015,32.0,2,36.0
2801,GI,2015,68.0,2,70.0
2801,JZ,2015,2.0,2,7.0
2801,KZ,2015,3.0,2,6.0
2801,LZ,2015,3.0,2,10.0
2801,MN,2015,38.0,2,41.0
2801,OQ,2015,22.0,2,25.0
2801,RU,2015,30.0,2,26.0
2806,BE,2015,25.0,2,18.0
2806,FZ,2015,28.0,2,44.0
2806,GI,2015,123.0,2,138.0
2806,JZ,2015,9.0,2,6.0
2806,KZ,2015,11.0,2,13.0
2806,LZ,2015,9.0,2,7.0
2806,MN,2015,51.0,2,68.0
2806,OQ,2015,61.0,2,49.0
2806,RU,2015,35.0,2,50.0
2811,BE,2015,35.0,2,44.0
2811,FZ,2015,101.0,2,111.0
2811,GI,2015,301.0,2,325.0
2811,JZ,2015,16.0,2,28.0
2811,KZ,2015,33.0,2,22.0
2811,LZ,2015,29.0,2,32.0
2811,MN,2015,139.0,2,190.0
2811,OQ,2015,97.0,2,95.0
2811,RU,2015,93.0,2,132.0
2816,BE,2015,40.0,2,39.0
2816,FZ,2015,47.0,2,70.0
2816,GI,2015,200.0,2,213.0
2816,JZ,2015,19.0,2,26.0
2816,KZ,2015,36.0,2,28.0
2816,LZ,2015,29.0,2,21.0
2816,MN,2015,77.0,2,92.0
2816,OQ,2015,72.0,2,70.0
2816,RU,2015,62.0,2,78.0
3202,BE,2015,159.0,2,162.0
3202,FZ,2015,277.0,2,310.0
3202,GI,2015,701.0,2,708.0
3202,JZ,2015,89.0,2,81.0
3202,KZ,2015,89.0,2,57.0
3202,LZ,2015,90.0,2,79.0
3202,MN,2015,373.0,2,387.0
3202,OQ,2015,418.0,2,349.0
3202,RU,2015,266.0,2,314.0
3207,BE,2015,37.0,2,48.0
3207,FZ,2015,89.0,2,97.0
3207,GI,2015,327.0,2,359.0
3207,JZ,2015,12.0,2,17.0
3207,KZ,2015,28.0,2,15.0
3207,LZ,2015,19.0,2,19.0
3207,MN,2015,101.0,2,121.0
3207,OQ,2015,100.0,2,77.0
3207,RU,2015,107.0,2,108.0
3212,BE,2015,60.0,2,77.0
3212,FZ,2015,127.0,2,182.0
3212,GI,2015,471.0,2,477.0
3212,JZ,2015,27.0,2,33.0
3212,KZ,2015,50.0,2,46.0
3212,LZ,2015,26.0,2,24.0
3212,MN,2015,192.0,2,202.0
3212,OQ,2015,156.0,2,153.0
3212,RU,2015,160.0,2,138.0
3217,BE,2015,79.0,2,101.0
3217,FZ,2015,138.0,2,177.0
3217,GI,2015,468.0,2,575.0
3217,JZ,2015,17.0,2,15.0
3217,KZ,2015,18.0,2,17.0
3217,LZ,2015,30.0,2,24.0
3217,MN,2015,137.0,2,164.0
3217,OQ,2015,136.0,2,114.0
3217,RU,2015,117.0,2,154.0
3222,BE,2015,187.0,2,176.0
3222,FZ,2015,259.0,2,310.0
3222,GI,2015,802.0,2,849.0
3222,JZ,2015,50.0,2,71.0
3222,KZ,2015,54.0,2,53.0
3222,LZ,2015,60.0,2,90.0
3222,MN,2015,328.0,2,321.0
3222,OQ,2015,250.0,2,262.0
3222,RU,2015,225.0,2,265.0
4405,BE,2015,90.0,2,101.0
4405,FZ,2015,108.0,2,158.0
4405,GI,2015,489.0,2,535.0
4405,JZ,2015,46.0,2,43.0
4405,KZ,2015,46.0,2,56.0
4405,LZ,2015,59.0,2,58.0
4405,MN,2015,331.0,2,303.0
4405,OQ,2015,208.0,2,184.0
4405,RU,2015,140.0,2,171.0
4410,BE,2015,150.0,2,176.0
4410,FZ,2015,481.0,2,542.0
4410,GI,2015,1109.0,2,1131.0
4410,JZ,2015,115.0,2,126.0
4410,KZ,2015,101.0,2,113.0
4410,LZ,2015,96.0,2,70.0
4410,MN,2015,574.0,2,634.0
4410,OQ,2015,441.0,2,492.0
4410,RU,2015,329.0,2,387.0
4415,BE,2015,37.0,2,53.0
4415,FZ,2015,48.0,2,90.0
4415,GI,2015,170.0,2,193.0
4415,JZ,2015,7.0,2,9.0
4415,KZ,2015,22.0,2,20.0
4415,LZ,2015,13.0,2,21.0
4415,MN,2015,53.0,2,67.0
4415,OQ,2015,47.0,2,56.0
4415,RU,2015,44.0,2,84.0
4420,BE,2015,49.0,2,51.0
4420,FZ,2015,94.0,2,125.0
4420,GI,2015,301.0,2,278.0
4420,JZ,2015,15.0,2,9.0
4420,KZ,2015,16.0,2,20.0
4420,LZ,2015,18.0,2,20.0
4420,MN,2015,94.0,2,110.0
4420,OQ,2015,78.0,2,103.0
4420,RU,2015,89.0,2,113.0
4425,BE,2015,78.0,2,143.0
4425,FZ,2015,171.0,2,241.0
4425,GI,2015,639.0,2,689.0
4425,JZ,2015,45.0,2,67.0
4425,KZ,2015,80.0,2,63.0
4425,LZ,2015,55.0,2,53.0
4425,MN,2015,272.0,2,316.0
4425,OQ,2015,216.0,2,227.0
4425,RU,2015,186.0,2,218.0
5203,BE,2015,102.0,2,96.0
5203,FZ,2015,122.0,2,126.0
5203,GI,2015,456.0,2,494.0
5203,JZ,2015,10.0,2,27.0
5203,KZ,2015,38.0,2,38.0
5203,LZ,2015,62.0,2,58.0
5203,MN,2015,178.0,2,171.0
5203,OQ,2015,142.0,2,165.0
5203,RU,2015,117.0,2,143.0
5208,BE,2015,33.0,2,20.0
5208,FZ,2015,43.0,2,41.0
5208,GI,2015,112.0,2,116.0
5208,JZ,2015,10.0,2,10.0
5208,KZ,2015,16.0,2,10.0
5208,LZ,2015,25.0,2,11.0
5208,MN,2015,52.0,2,47.0
5208,OQ,2015,34.0,2,42.0
5208,RU,2015,37.0,2,40.0
5213,BE,2015,95.0,2,72.0
5213,FZ,2015,70.0,2,78.0
5213,GI,2015,266.0,2,236.0
5213,JZ,2015,19.0,2,16.0
5213,KZ,2015,41.0,2,36.0
5213,LZ,2015,35.0,2,29.0
5213,MN,2015,124.0,2,136.0
5213,OQ,2015,104.0,2,80.0
5213,RU,2015,80.0,2,95.0
5218,BE,2015,34.0,2,24.0
5218,FZ,2015,27.0,2,31.0
5218,GI,2015,91.0,2,93.0
5218,JZ,2015,6.0,2,5.0
5218,KZ,2015,16.0,2,13.0
5218,LZ,2015,16.0,2,9.0
5218,MN,2015,37.0,2,37.0
5218,OQ,2015,22.0,2,21.0
5218,RU,2015,26.0,2,40.0
5302,BE,2015,119.0,2,139.0
5302,FZ,2015,274.0,2,330.0
5302,GI,2015,718.0,2,656.0
5302,JZ,2015,80.0,2,97.0
5302,KZ,2015,102.0,2,99.0
5302,LZ,2015,78.0,2,74.0
5302,MN,2015,478.0,2,463.0
5302,OQ,2015,458.0,2,472.0
5302,RU,2015,305.0,2,284.0
5307,BE,2015,30.0,2,25.0
5307,FZ,2015,54.0,2,42.0
5307,GI,2015,141.0,2,151.0
5307,JZ,2015,13.0,2,8.0
5307,KZ,2015,24.0,2,26.0
5307,LZ,2015,11.0,2,7.0
5307,MN,2015,69.0,2,76.0
5307,OQ,2015,62.0,2,33.0
5307,RU,2015,58.0,2,55.0
5312,BE,2015,55.0,2,51.0
5312,FZ,2015,64.0,2,91.0
5312,GI,2015,213.0,2,222.0
5312,JZ,2015,20.0,2,16.0
5312,KZ,2015,40.0,2,32.0
5312,LZ,2015,38.0,2,26.0
5312,MN,2015,106.0,2,91.0
5312,OQ,2015,110.0,2,74.0
5312,RU,2015,68.0,2,84.0
5317,BE,2015,65.0,2,72.0
5317,FZ,2015,124.0,2,119.0
5317,GI,2015,375.0,2,348.0
5317,JZ,2015,36.0,2,38.0
5317,KZ,2015,87.0,2,82.0
5317,LZ,2015,34.0,2,36.0
5317,MN,2015,220.0,2,212.0
5317,OQ,2015,163.0,2,165.0
5317,RU,2015,159.0,2,131.0
7503,BE,2015,221.0,2,248.0
7503,FZ,2015,449.0,2,473.0
7503,GI,2015,1023.0,2,1035.0
7503,JZ,2015,132.0,2,129.0
7503,KZ,2015,144.0,2,127.0
7503,LZ,2015,233.0,2,222.0
7503,MN,2015,883.0,2,803.0
7503,OQ,2015,763.0,2,712.0
7503,RU,2015,469.0,2,452.0
7508,BE,2015,62.0,2,44.0
7508,FZ,2015,53.0,2,63.0
7508,GI,2015,241.0,2,217.0
7508,JZ,2015,5.0,2,16.0
7508,KZ,2015,18.0,2,20.0
7508,LZ,2015,19.0,2,18.0
7508,MN,2015,65.0,2,90.0
7508,OQ,2015,70.0,2,52.0
7508,RU,2015,58.0,2,77.0
7513,BE,2015,159.0,2,158.0
7513,FZ,2015,254.0,2,255.0
7513,GI,2015,574.0,2,661.0
7513,JZ,2015,40.0,2,32.0
7513,KZ,2015,70.0,2,68.0
7513,LZ,2015,96.0,2,58.0
7513,MN,2015,378.0,2,342.0
7513,OQ,2015,227.0,2,220.0
7513,RU,2015,202.0,2,256.0
7518,BE,2015,79.0,2,84.0
7518,FZ,2015,100.0,2,130.0
7518,GI,2015,271.0,2,260.0
7518,JZ,2015,10.0,2,13.0
7518,KZ,2015,33.0,2,35.0
7518,LZ,2015,23.0,2,17.0
7518,MN,2015,111.0,2,117.0
7518,OQ,2015,94.0,2,86.0
7518,RU,2015,72.0,2,86.0
7523,BE,2015,153.0,2,148.0
7523,FZ,2015,218.0,2,245.0
7523,GI,2015,576.0,2,577.0
7523,JZ,2015,37.0,2,28.0
7523,KZ,2015,51.0,2,61.0
7523,LZ,2015,40.0,2,39.0
7523,MN,2015,248.0,2,264.0
7523,OQ,2015,242.0,2,231.0
7523,RU,2015,242.0,2,238.0
7528,BE,2015,89.0,2,96.0
7528,FZ,2015,130.0,2,159.0
7528,GI,2015,289.0,2,324.0
7528,JZ,2015,15.0,2,25.0
7528,KZ,2015,41.0,2,39.0
7528,LZ,2015,45.0,2,53.0
7528,MN,2015,158.0,2,167.0
7528,OQ,2015,141.0,2,137.0
7528,RU,2015,122.0,2,114.0
7601,BE,2015,55.0,2,68.0
7601,FZ,2015,125.0,2,156.0
7601,GI,2015,520.0,2,546.0
7601,JZ,2015,24.0,2,13.0
7601,KZ,2015,25.0,2,19.0
7601,LZ,2015,39.0,2,54.0
7601,MN,2015,185.0,2,153.0
7601,OQ,2015,96.0,2,91.0
7601,RU,2015,129.0,2,121.0
7606,BE,2015,191.0,2,216.0
7606,FZ,2015,386.0,2,438.0
7606,GI,2015,919.0,2,941.0
7606,JZ,2015,60.0,2,56.0
7606,KZ,2015,62.0,2,60.0
7606,LZ,2015,73.0,2,79.0
7606,MN,2015,382.0,2,427.0
7606,OQ,2015,319.0,2,306.0
7606,RU,2015,236.0,2,246.0
7611,BE,2015,194.0,2,92.0
7611,FZ,2015,84.0,2,114.0
7611,GI,2015,174.0,2,225.0
7611,JZ,2015,11.0,2,21.0
7611,KZ,2015,17.0,2,14.0
7611,LZ,2015,29.0,2,27.0
7611,MN,2015,93.0,2,102.0
7611,OQ,2015,96.0,2,107.0
7611,RU,2015,78.0,2,81.0
7616,BE,2015,485.0,2,535.0
7616,FZ,2015,1391.0,2,1558.0
7616,GI,2015,2709.0,2,2580.0
7616,JZ,2015,495.0,2,470.0
7616,KZ,2015,311.0,2,261.0
7616,LZ,2015,256.0,2,295.0
7616,MN,2015,2156.0,2,2229.0
7616,OQ,2015,1595.0,2,1522.0
7616,RU,2015,961.0,2,979.0
7621,BE,2015,178.0,2,188.0
7621,FZ,2015,96.0,2,136.0
7621,GI,2015,274.0,2,308.0
7621,JZ,2015,28.0,2,21.0
7621,KZ,2015,36.0,2,35.0
7621,LZ,2015,46.0,2,56.0
7621,MN,2015,157.0,2,182.0
7621,OQ,2015,156.0,2,160.0
7621,RU,2015,93.0,2,102.0
8401,BE,2015,171.0,2,226.0
8401,FZ,2015,422.0,2,442.0
8401,GI,2015,768.0,2,808.0
8401,JZ,2015,121.0,2,128.0
8401,KZ,2015,119.0,2,117.0
8401,LZ,2015,126.0,2,132.0
8401,MN,2015,722.0,2,760.0
8401,OQ,2015,524.0,2,499.0
8401,RU,2015,345.0,2,369.0
8406,BE,2015,138.0,2,190.0
8406,FZ,2015,296.0,2,345.0
8406,GI,2015,733.0,2,674.0
8406,JZ,2015,46.0,2,50.0
8406,KZ,2015,68.0,2,47.0
8406,LZ,2015,83.0,2,69.0
8406,MN,2015,379.0,2,386.0
8406,OQ,2015,265.0,2,254.0
8406,RU,2015,196.0,2,219.0
8411,BE,2015,25.0,2,39.0
8411,FZ,2015,44.0,2,39.0
8411,GI,2015,125.0,2,128.0
8411,JZ,2015,11.0,2,5.0
8411,KZ,2015,9.0,2,4.0
8411,LZ,2015,21.0,2,34.0
8411,MN,2015,50.0,2,51.0
8411,OQ,2015,90.0,2,83.0
8411,RU,2015,45.0,2,64.0
8416,BE,2015,167.0,2,172.0
8416,FZ,2015,324.0,2,371.0
8416,GI,2015,725.0,2,768.0
8416,JZ,2015,82.0,2,107.0
8416,KZ,2015,93.0,2,69.0
8416,LZ,2015,93.0,2,100.0
8416,MN,2015,488.0,2,540.0
8416,OQ,2015,372.0,2,426.0
8416,RU,2015,303.0,2,301.0
8421,BE,2015,897.0,2,931.0
8421,FZ,2015,2221.0,2,2599.0
8421,GI,2015,5938.0,2,5398.0
8421,JZ,2015,1219.0,2,1147.0
8421,KZ,2015,879.0,2,879.0
8421,LZ,2015,732.0,2,636.0
8421,MN,2015,5534.0,2,5334.0
8421,OQ,2015,2879.0,2,2815.0
8421,RU,2015,1873.0,2,1851.0
8426,BE,2015,82.0,2,79.0
8426,FZ,2015,92.0,2,142.0
8426,GI,2015,365.0,2,284.0
8426,JZ,2015,19.0,2,17.0
8426,KZ,2015,37.0,2,36.0
8426,LZ,2015,45.0,2,49.0
8426,MN,2015,136.0,2,160.0
8426,OQ,2015,114.0,2,124.0
8426,RU,2015,86.0,2,132.0
8431,BE,2015,206.0,2,212.0
8431,FZ,2015,383.0,2,431.0
8431,GI,2015,829.0,2,847.0
8431,JZ,2015,95.0,2,82.0
8431,KZ,2015,106.0,2,77.0
8431,LZ,2015,104.0,2,85.0
8431,MN,2015,461.0,2,525.0
8431,OQ,2015,381.0,2,375.0
8431,RU,2015,303.0,2,286.0
9301,BE,2015,235.0,2,328.0
9301,FZ,2015,555.0,2,720.0
9301,GI,2015,1424.0,2,1385.0
9301,JZ,2015,234.0,2,257.0
9301,KZ,2015,219.0,2,213.0
9301,LZ,2015,222.0,2,206.0
9301,MN,2015,1281.0,2,1308.0
9301,OQ,2015,758.0,2,709.0
9301,RU,2015,519.0,2,547.0
9306,BE,2015,133.0,2,169.0
9306,FZ,2015,200.0,2,251.0
9306,GI,2015,511.0,2,501.0
9306,JZ,2015,29.0,2,41.0
9306,KZ,2015,29.0,2,39.0
9306,LZ,2015,52.0,2,71.0
9306,MN,2015,251.0,2,289.0
9306,OQ,2015,175.0,2,164.0
9306,RU,2015,166.0,2,172.0
9311,BE,2015,85.0,2,79.0
9311,FZ,2015,162.0,2,142.0
9311,GI,2015,346.0,2,362.0
9311,JZ,2015,24.0,2,24.0
9311,KZ,2015,9.0,2,14.0
9311,LZ,2015,25.0,2,28.0
9311,MN,2015,149.0,2,183.0
9311,OQ,2015,138.0,2,109.0
9311,RU,2015,115.0,2,114.0
9316,BE,2015,49.0,2,55.0
9316,FZ,2015,107.0,2,143.0
9316,GI,2015,235.0,2,229.0
9316,JZ,2015,10.0,2,15.0
9316,KZ,2015,27.0,2,14.0
9316,LZ,2015,22.0,2,10.0
9316,MN,2015,118.0,2,115.0
9316,OQ,2015,82.0,2,94.0
9316,RU,2015,69.0,2,69.0
0054,BE,2015,112.0,3,119.0
0054,FZ,2015,316.0,3,389.0
0054,GI,2015,645.0,3,603.0
0054,JZ,2015,41.0,3,53.0
0054,KZ,2015,64.0,3,46.0
0054,LZ,2015,66.0,3,55.0
0054,MN,2015,325.0,3,302.0
0054,OQ,2015,167.0,3,182.0
0054,RU,2015,195.0,3,200.0
0059,BE,2015,79.0,3,96.0
0059,FZ,2015,137.0,3,146.0
0059,GI,2015,430.0,3,394.0
0059,JZ,2015,32.0,3,36.0
0059,KZ,2015,37.0,3,39.0
0059,LZ,2015,52.0,3,43.0
0059,MN,2015,208.0,3,216.0
0059,OQ,2015,148.0,3,161.0
0059,RU,2015,134.0,3,137.0
0064,BE,2015,72.0,3,48.0
0064,FZ,2015,87.0,3,88.0
0064,GI,2015,202.0,3,239.0
0064,JZ,2015,11.0,3,17.0
0064,KZ,2015,14.0,3,17.0
0064,LZ,2015,25.0,3,19.0
0064,MN,2015,107.0,3,98.0
0064,OQ,2015,92.0,3,96.0
0064,RU,2015,98.0,3,101.0
1105,BE,2015,75.0,3,79.0
1105,FZ,2015,205.0,3,244.0
1105,GI,2015,512.0,3,479.0
1105,JZ,2015,69.0,3,78.0
1105,KZ,2015,51.0,3,53.0
1105,LZ,2015,44.0,3,35.0
1105,MN,2015,347.0,3,383.0
1105,OQ,2015,241.0,3,210.0
1105,RU,2015,222.0,3,236.0
1110,BE,2015,15.0,3,31.0
1110,FZ,2015,47.0,3,69.0
1110,GI,2015,143.0,3,147.0
1110,JZ,2015,18.0,3,5.0
1110,KZ,2015,17.0,3,3.0
1110,LZ,2015,12.0,3,15.0
1110,MN,2015,76.0,3,68.0
1110,OQ,2015,44.0,3,32.0
1110,RU,2015,48.0,3,49.0
1115,BE,2015,194.0,3,178.0
1115,FZ,2015,463.0,3,565.0
1115,GI,2015,1564.0,3,1407.0
1115,JZ,2015,445.0,3,391.0
1115,KZ,2015,187.0,3,182.0
1115,LZ,2015,204.0,3,208.0
1115,MN,2015,1621.0,3,1650.0
1115,OQ,2015,740.0,3,679.0
1115,RU,2015,451.0,3,527.0
2405,BE,2015,180.0,3,143.0
2405,FZ,2015,129.0,3,145.0
2405,GI,2015,413.0,3,455.0
2405,JZ,2015,16.0,3,33.0
2405,KZ,2015,40.0,3,46.0
2405,LZ,2015,55.0,3,44.0
2405,MN,2015,206.0,3,169.0
2405,OQ,2015,130.0,3,150.0
2405,RU,2015,146.0,3,150.0
2410,BE,2015,139.0,3,172.0
2410,FZ,2015,359.0,3,422.0
2410,GI,2015,1081.0,3,1029.0
2410,JZ,2015,110.0,3,126.0
2410,KZ,2015,120.0,3,126.0
2410,LZ,2015,103.0,3,119.0
2410,MN,2015,630.0,3,621.0
2410,OQ,2015,369.0,3,363.0
2410,RU,2015,330.0,3,401.0
2415,BE,2015,32.0,3,22.0
2415,FZ,2015,39.0,3,77.0
2415,GI,2015,116.0,3,99.0
2415,JZ,2015,8.0,3,4.0
2415,KZ,2015,4.0,3,6.0
2415,LZ,2015,6.0,3,10.0
2415,MN,2015,40.0,3,35.0
2415,OQ,2015,32.0,3,11.0
2415,RU,2015,37.0,3,41.0
2705,BE,2015,75.0,3,108.0
2705,FZ,2015,151.0,3,197.0
2705,GI,2015,436.0,3,496.0
2705,JZ,2015,32.0,3,36.0
2705,KZ,2015,28.0,3,29.0
2705,LZ,2015,35.0,3,21.0
2705,MN,2015,182.0,3,206.0
2705,OQ,2015,120.0,3,123.0
2705,RU,2015,116.0,3,146.0
2710,BE,2015,34.0,3,44.0
2710,FZ,2015,51.0,3,82.0
2710,GI,2015,222.0,3,245.0
2710,JZ,2015,23.0,3,17.0
2710,KZ,2015,5.0,3,4.0
2710,LZ,2015,11.0,3,12.0
2710,MN,2015,77.0,3,105.0
2710,OQ,2015,71.0,3,75.0
2710,RU,2015,60.0,3,61.0
2715,BE,2015,80.0,3,85.0
2715,FZ,2015,84.0,3,98.0
2715,GI,2015,302.0,3,251.0
2715,JZ,2015,9.0,3,18.0
2715,KZ,2015,19.0,3,25.0
2715,LZ,2015,36.0,3,28.0
2715,MN,2015,104.0,3,103.0
2715,OQ,2015,100.0,3,110.0
2715,RU,2015,97.0,3,99.0
2802,BE,2015,46.0,3,42.0
2802,FZ,2015,50.0,3,67.0
2802,GI,2015,207.0,3,180.0
2802,JZ,2015,9.0,3,11.0
2802,KZ,2015,27.0,3,25.0
2802,LZ,2015,18.0,3,20.0
2802,MN,2015,68.0,3,97.0
2802,OQ,2015,66.0,3,65.0
2802,RU,2015,54.0,3,46.0
2807,BE,2015,54.0,3,83.0
2807,FZ,2015,120.0,3,121.0
2807,GI,2015,278.0,3,315.0
2807,JZ,2015,10.0,3,17.0
2807,KZ,2015,35.0,3,31.0
2807,LZ,2015,29.0,3,27.0
2807,MN,2015,133.0,3,137.0
2807,OQ,2015,94.0,3,75.0
2807,RU,2015,107.0,3,111.0
2812,BE,2015,20.0,3,22.0
2812,FZ,2015,61.0,3,63.0
2812,GI,2015,75.0,3,102.0
2812,JZ,2015,4.0,3,7.0
2812,KZ,2015,10.0,3,8.0
2812,LZ,2015,12.0,3,12.0
2812,MN,2015,44.0,3,48.0
2812,OQ,2015,24.0,3,19.0
2812,RU,2015,22.0,3,35.0
2817,BE,2015,56.0,3,54.0
2817,FZ,2015,128.0,3,165.0
2817,GI,2015,284.0,3,326.0
2817,JZ,2015,35.0,3,40.0
2817,KZ,2015,27.0,3,23.0
2817,LZ,2015,24.0,3,33.0
2817,MN,2015,190.0,3,161.0
2817,OQ,2015,94.0,3,93.0
2817,RU,2015,108.0,3,119.0
3203,BE,2015,73.0,3,56.0
3203,FZ,2015,149.0,3,156.0
3203,GI,2015,376.0,3,418.0
3203,JZ,2015,31.0,3,25.0
3203,KZ,2015,57.0,3,31.0
3203,LZ,2015,44.0,3,26.0
3203,MN,2015,218.0,3,205.0
3203,OQ,2015,172.0,3,165.0
3203,RU,2015,103.0,3,147.0
3208,BE,2015,59.0,3,69.0
3208,FZ,2015,101.0,3,154.0
3208,GI,2015,271.0,3,332.0
3208,JZ,2015,14.0,3,12.0
3208,KZ,2015,39.0,3,41.0
3208,LZ,2015,31.0,3,19.0
3208,MN,2015,104.0,3,108.0
3208,OQ,2015,111.0,3,104.0
3208,RU,2015,86.0,3,119.0
3213,BE,2015,65.0,3,62.0
3213,FZ,2015,105.0,3,135.0
3213,GI,2015,526.0,3,469.0
3213,JZ,2015,30.0,3,33.0
3213,KZ,2015,44.0,3,35.0
3213,LZ,2015,46.0,3,57.0
3213,MN,2015,184.0,3,218.0
3213,OQ,2015,150.0,3,168.0
3213,RU,2015,151.0,3,164.0
3218,BE,2015,124.0,3,140.0
3218,FZ,2015,371.0,3,468.0
3218,GI,2015,1109.0,3,1077.0
3218,JZ,2015,128.0,3,140.0
3218,KZ,2015,118.0,3,103.0
3218,LZ,2015,73.0,3,109.0
3218,MN,2015,603.0,3,609.0
3218,OQ,2015,361.0,3,360.0
3218,RU,2015,280.0,3,340.0
4401,BE,2015,40.0,3,39.0
4401,FZ,2015,41.0,3,41.0
4401,GI,2015,136.0,3,133.0
4401,JZ,2015,5.0,3,10.0
4401,KZ,2015,16.0,3,7.0
4401,LZ,2015,7.0,3,16.0
4401,MN,2015,44.0,3,56.0
4401,OQ,2015,43.0,3,47.0
4401,RU,2015,28.0,3,38.0
4406,BE,2015,33.0,3,51.0
4406,FZ,2015,54.0,3,63.0
4406,GI,2015,176.0,3,192.0
4406,JZ,2015,11.0,3,14.0
4406,KZ,2015,25.0,3,24.0
4406,LZ,2015,48.0,3,56.0
4406,MN,2015,89.0,3,96.0
4406,OQ,2015,55.0,3,64.0
4406,RU,2015,52.0,3,65.0
4411,BE,2015,213.0,3,284.0
4411,FZ,2015,278.0,3,379.0
4411,GI,2015,1165.0,3,1207.0
4411,JZ,2015,81.0,3,101.0
4411,KZ,2015,81.0,3,103.0
4411,LZ,2015,76.0,3,65.0
4411,MN,2015,532.0,3,601.0
4411,OQ,2015,381.0,3,360.0
4411,RU,2015,300.0,3,405.0
4416,BE,2015,41.0,3,69.0
4416,FZ,2015,103.0,3,156.0
4416,GI,2015,293.0,3,271.0
4416,JZ,2015,16.0,3,14.0
4416,KZ,2015,13.0,3,12.0
4416,LZ,2015,19.0,3,17.0
4416,MN,2015,100.0,3,110.0
4416,OQ,2015,98.0,3,81.0
4416,RU,2015,96.0,3,113.0
4421,BE,2015,31.0,3,56.0
4421,FZ,2015,49.0,3,79.0
4421,GI,2015,204.0,3,279.0
4421,JZ,2015,9.0,3,9.0
4421,KZ,2015,16.0,3,16.0
4421,LZ,2015,9.0,3,11.0
4421,MN,2015,55.0,3,57.0
4421,OQ,2015,42.0,3,53.0
4421,RU,2015,58.0,3,67.0
4426,BE,2015,46.0,3,33.0
4426,FZ,2015,58.0,3,67.0
4426,GI,2015,173.0,3,167.0
4426,JZ,2015,4.0,3,10.0
4426,KZ,2015,12.0,3,12.0
4426,LZ,2015,13.0,3,11.0
4426,MN,2015,52.0,3,73.0
4426,OQ,2015,58.0,3,41.0
4426,RU,2015,53.0,3,59.0
5204,BE,2015,23.0,3,21.0
5204,FZ,2015,24.0,3,36.0
5204,GI,2015,82.0,3,81.0
5204,JZ,2015,11.0,3,5.0
5204,KZ,2015,16.0,3,8.0
5204,LZ,2015,10.0,3,10.0
5204,MN,2015,42.0,3,41.0
5204,OQ,2015,32.0,3,31.0
5204,RU,2015,22.0,3,28.0
5209,BE,2015,33.0,3,26.0
5209,FZ,2015,32.0,3,40.0
5209,GI,2015,118.0,3,123.0
5209,JZ,2015,8.0,3,12.0
5209,KZ,2015,8.0,3,11.0
5209,LZ,2015,8.0,3,17.0
5209,MN,2015,52.0,3,41.0
5209,OQ,2015,24.0,3,36.0
5209,RU,2015,29.0,3,41.0
5214,BE,2015,48.0,3,37.0
5214,FZ,2015,97.0,3,92.0
5214,GI,2015,255.0,3,256.0
5214,JZ,2015,19.0,3,21.0
5214,KZ,2015,37.0,3,27.0
5214,LZ,2015,34.0,3,32.0
5214,MN,2015,114.0,3,160.0
5214,OQ,2015,102.0,3,81.0
5214,RU,2015,80.0,3,103.0
5219,BE,2015,146.0,3,137.0
5219,FZ,2015,165.0,3,198.0
5219,GI,2015,583.0,3,648.0
5219,JZ,2015,55.0,3,53.0
5219,KZ,2015,60.0,3,66.0
5219,LZ,2015,85.0,3,60.0
5219,MN,2015,335.0,3,373.0
5219,OQ,2015,275.0,3,255.0
5219,RU,2015,189.0,3,196.0
5303,BE,2015,52.0,3,51.0
5303,FZ,2015,48.0,3,68.0
5303,GI,2015,198.0,3,149.0
5303,JZ,2015,12.0,3,8.0
5303,KZ,2015,14.0,3,14.0
5303,LZ,2015,12.0,3,21.0
5303,MN,2015,74.0,3,68.0
5303,OQ,2015,63.0,3,77.0
5303,RU,2015,60.0,3,61.0
5308,BE,2015,54.0,3,63.0
5308,FZ,2015,92.0,3,89.0
5308,GI,2015,274.0,3,248.0
5308,JZ,2015,41.0,3,33.0
5308,KZ,2015,30.0,3,22.0
5308,LZ,2015,17.0,3,22.0
5308,MN,2015,130.0,3,136.0
5308,OQ,2015,135.0,3,128.0
5308,RU,2015,108.0,3,118.0
5313,BE,2015,151.0,3,169.0
5313,FZ,2015,210.0,3,245.0
5313,GI,2015,638.0,3,607.0
5313,JZ,2015,52.0,3,64.0
5313,KZ,2015,121.0,3,77.0
5313,LZ,2015,79.0,3,75.0
5313,MN,2015,351.0,3,337.0
5313,OQ,2015,313.0,3,319.0
5313,RU,2015,253.0,3,291.0
5318,BE,2015,146.0,3,111.0
5318,FZ,2015,181.0,3,223.0
5318,GI,2015,531.0,3,537.0
5318,JZ,2015,51.0,3,60.0
5318,KZ,2015,72.0,3,84.0
5318,LZ,2015,82.0,3,92.0
5318,MN,2015,337.0,3,356.0
5318,OQ,2015,288.0,3,297.0
5318,RU,2015,187.0,3,227.0
7504,BE,2015,94.0,3,92.0
7504,FZ,2015,137.0,3,157.0
7504,GI,2015,355.0,3,345.0
7504,JZ,2015,17.0,3,23.0
7504,KZ,2015,25.0,3,27.0
7504,LZ,2015,40.0,3,38.0
7504,MN,2015,171.0,3,166.0
7504,OQ,2015,119.0,3,94.0
7504,RU,2015,109.0,3,115.0
7509,BE,2015,88.0,3,105.0
7509,FZ,2015,106.0,3,117.0
7509,GI,2015,343.0,3,303.0
7509,JZ,2015,19.0,3,20.0
7509,KZ,2015,40.0,3,41.0
7509,LZ,2015,49.0,3,54.0
7509,MN,2015,133.0,3,146.0
7509,OQ,2015,110.0,3,125.0
7509,RU,2015,108.0,3,136.0
7514,BE,2015,90.0,3,126.0
7514,FZ,2015,180.0,3,208.0
7514,GI,2015,334.0,3,366.0
7514,JZ,2015,27.0,3,26.0
7514,KZ,2015,42.0,3,39.0
7514,LZ,2015,37.0,3,29.0
7514,MN,2015,202.0,3,178.0
7514,OQ,2015,135.0,3,126.0
7514,RU,2015,140.0,3,172.0
7519,BE,2015,104.0,3,109.0
7519,FZ,2015,87.0,3,92.0
7519,GI,2015,323.0,3,404.0
7519,JZ,2015,29.0,3,26.0
7519,KZ,2015,35.0,3,34.0
7519,LZ,2015,36.0,3,23.0
7519,MN,2015,135.0,3,144.0
7519,OQ,2015,149.0,3,132.0
7519,RU,2015,97.0,3,109.0
7524,BE,2015,179.0,3,185.0
7524,FZ,2015,214.0,3,272.0
7524,GI,2015,700.0,3,656.0
7524,JZ,2015,79.0,3,66.0
7524,KZ,2015,93.0,3,88.0
7524,LZ,2015,116.0,3,75.0
7524,MN,2015,399.0,3,419.0
7524,OQ,2015,354.0,3,304.0
7524,RU,2015,248.0,3,304.0
7529,BE,2015,54.0,3,48.0
7529,FZ,2015,70.0,3,97.0
7529,GI,2015,260.0,3,270.0
7529,JZ,2015,16.0,3,11.0
7529,KZ,2015,14.0,3,14.0
7529,LZ,2015,27.0,3,25.0
7529,MN,2015,107.0,3,104.0
7529,OQ,2015,78.0,3,71.0
7529,RU,2015,71.0,3,83.0
7602,BE,2015,212.0,3,308.0
7602,FZ,2015,220.0,3,249.0
7602,GI,2015,527.0,3,544.0
7602,JZ,2015,47.0,3,63.0
7602,KZ,2015,61.0,3,61.0
7602,LZ,2015,55.0,3,69.0
7602,MN,2015,328.0,3,342.0
7602,OQ,2015,287.0,3,308.0
7602,RU,2015,244.0,3,244.0
7607,BE,2015,74.0,3,77.0
7607,FZ,2015,93.0,3,124.0
7607,GI,2015,242.0,3,253.0
7607,JZ,2015,19.0,3,22.0
7607,KZ,2015,20.0,3,17.0
7607,LZ,2015,16.0,3,21.0
7607,MN,2015,118.0,3,132.0
7607,OQ,2015,87.0,3,102.0
7607,RU,2015,105.0,3,100.0
7612,BE,2015,122.0,3,142.0
7612,FZ,2015,149.0,3,205.0
7612,GI,2015,357.0,3,434.0
7612,JZ,2015,30.0,3,33.0
7612,KZ,2015,29.0,3,24.0
7612,LZ,2015,48.0,3,36.0
7612,MN,2015,174.0,3,165.0
7612,OQ,2015,150.0,3,204.0
7612,RU,2015,136.0,3,136.0
7617,BE,2015,113.0,3,110.0
7617,FZ,2015,255.0,3,236.0
7617,GI,2015,623.0,3,679.0
7617,JZ,2015,35.0,3,38.0
7617,KZ,2015,38.0,3,33.0
7617,LZ,2015,74.0,3,57.0
7617,MN,2015,295.0,3,259.0
7617,OQ,2015,181.0,3,221.0
7617,RU,2015,151.0,3,199.0
7622,BE,2015,124.0,3,103.0
7622,FZ,2015,155.0,3,199.0
7622,GI,2015,304.0,3,335.0
7622,JZ,2015,16.0,3,18.0
7622,KZ,2015,12.0,3,18.0
7622,LZ,2015,33.0,3,29.0
7622,MN,2015,201.0,3,173.0
7622,OQ,2015,164.0,3,170.0
7622,RU,2015,124.0,3,125.0
8402,BE,2015,108.0,3,138.0
8402,FZ,2015,172.0,3,241.0
8402,GI,2015,447.0,3,417.0
8402,JZ,2015,16.0,3,26.0
8402,KZ,2015,24.0,3,19.0
8402,LZ,2015,30.0,3,30.0
8402,MN,2015,172.0,3,176.0
8402,OQ,2015,177.0,3,176.0
8402,RU,2015,122.0,3,166.0
8407,BE,2015,108.0,3,177.0
8407,FZ,2015,317.0,3,356.0
8407,GI,2015,597.0,3,601.0
8407,JZ,2015,65.0,3,73.0
8407,KZ,2015,80.0,3,91.0
8407,LZ,2015,100.0,3,106.0
8407,MN,2015,496.0,3,488.0
8407,OQ,2015,335.0,3,385.0
8407,RU,2015,274.0,3,295.0
8412,BE,2015,56.0,3,48.0
8412,FZ,2015,97.0,3,91.0
8412,GI,2015,197.0,3,186.0
8412,JZ,2015,8.0,3,16.0
8412,KZ,2015,21.0,3,23.0
8412,LZ,2015,31.0,3,19.0
8412,MN,2015,105.0,3,104.0
8412,OQ,2015,93.0,3,72.0
8412,RU,2015,82.0,3,74.0
8417,BE,2015,61.0,3,72.0
8417,FZ,2015,62.0,3,116.0
8417,GI,2015,177.0,3,209.0
8417,JZ,2015,13.0,3,6.0
8417,KZ,2015,24.0,3,15.0
8417,LZ,2015,31.0,3,16.0
8417,MN,2015,71.0,3,80.0
8417,OQ,2015,62.0,3,63.0
8417,RU,2015,62.0,3,72.0
8422,BE,2015,94.0,3,74.0
8422,FZ,2015,152.0,3,189.0
8422,GI,2015,300.0,3,339.0
8422,JZ,2015,16.0,3,24.0
8422,KZ,2015,32.0,3,29.0
8422,LZ,2015,48.0,3,31.0
8422,MN,2015,176.0,3,191.0
8422,OQ,2015,136.0,3,148.0
8422,RU,2015,106.0,3,129.0
8427,BE,2015,77.0,3,78.0
8427,FZ,2015,125.0,3,173.0
8427,GI,2015,256.0,3,304.0
8427,JZ,2015,14.0,3,20.0
8427,KZ,2015,25.0,3,27.0
8427,LZ,2015,26.0,3,23.0
8427,MN,2015,115.0,3,139.0
8427,OQ,2015,125.0,3,147.0
8427,RU,2015,86.0,3,103.0
8432,BE,2015,83.0,3,90.0
8432,FZ,2015,121.0,3,145.0
8432,GI,2015,348.0,3,363.0
8432,JZ,2015,19.0,3,21.0
8432,KZ,2015,29.0,3,33.0
8432,LZ,2015,31.0,3,25.0
8432,MN,2015,164.0,3,167.0
8432,OQ,2015,130.0,3,126.0
8432,RU,2015,94.0,3,119.0
9302,BE,2015,29.0,3,35.0
9302,FZ,2015,36.0,3,50.0
9302,GI,2015,185.0,3,169.0
9302,JZ,2015,6.0,3,9.0
9302,KZ,2015,6.0,3,11.0
9302,LZ,2015,28.0,3,16.0
9302,MN,2015,63.0,3,74.0
9302,OQ,2015,151.0,3,148.0
9302,RU,2015,64.0,3,62.0
9307,BE,2015,72.0,3,72.0
9307,FZ,2015,107.0,3,128.0
9307,GI,2015,257.0,3,248.0
9307,JZ,2015,23.0,3,14.0
9307,KZ,2015,20.0,3,13.0
9307,LZ,2015,23.0,3,14.0
9307,MN,2015,93.0,3,104.0
9307,OQ,2015,147.0,3,146.0
9307,RU,2015,88.0,3,88.0
9312,BE,2015,553.0,3,618.0
9312,FZ,2015,1963.0,3,2141.0
9312,GI,2015,3864.0,3,4229.0
9312,JZ,2015,507.0,3,550.0
9312,KZ,2015,413.0,3,412.0
9312,LZ,2015,551.0,3,462.0
9312,MN,2015,2890.0,3,2837.0
9312,OQ,2015,1872.0,3,1646.0
9312,RU,2015,1275.0,3,1239.0
9317,BE,2015,47.0,3,51.0
9317,FZ,2015,139.0,3,156.0
9317,GI,2015,458.0,3,441.0
9317,JZ,2015,20.0,3,13.0
9317,KZ,2015,21.0,3,34.0
9317,LZ,2015,65.0,3,61.0
9317,MN,2015,287.0,3,297.0
9317,OQ,2015,80.0,3,72.0
9317,RU,2015,109.0,3,122.0
0055,BE,2015,60.0,4,71.0
0055,FZ,2015,96.0,4,130.0
0055,GI,2015,199.0,4,215.0
0055,JZ,2015,14.0,4,10.0
0055,KZ,2015,9.0,4,17.0
0055,LZ,2015,19.0,4,13.0
0055,MN,2015,104.0,4,107.0
0055,OQ,2015,86.0,4,85.0
0055,RU,2015,81.0,4,87.0
0060,BE,2015,73.0,4,76.0
0060,FZ,2015,114.0,4,122.0
0060,GI,2015,330.0,4,372.0
0060,JZ,2015,24.0,4,19.0
0060,KZ,2015,28.0,4,31.0
0060,LZ,2015,21.0,4,27.0
0060,MN,2015,132.0,4,153.0
0060,OQ,2015,135.0,4,102.0
0060,RU,2015,94.0,4,128.0
1101,BE,2015,189.0,4,211.0
1101,FZ,2015,592.0,4,743.0
1101,GI,2015,1846.0,4,1637.0
1101,JZ,2015,350.0,4,322.0
1101,KZ,2015,130.0,4,111.0
1101,LZ,2015,147.0,4,126.0
1101,MN,2015,1117.0,4,1139.0
1101,OQ,2015,582.0,4,618.0
1101,RU,2015,549.0,4,495.0
1106,BE,2015,168.0,4,186.0
1106,FZ,2015,522.0,4,601.0
1106,GI,2015,1466.0,4,1330.0
1106,JZ,2015,250.0,4,279.0
1106,KZ,2015,131.0,4,145.0
1106,LZ,2015,116.0,4,91.0
1106,MN,2015,970.0,4,931.0
1106,OQ,2015,514.0,4,433.0
1106,RU,2015,417.0,4,488.0
1111,BE,2015,17.0,4,34.0
1111,FZ,2015,78.0,4,81.0
1111,GI,2015,183.0,4,188.0
1111,JZ,2015,42.0,4,57.0
1111,KZ,2015,34.0,4,19.0
1111,LZ,2015,53.0,4,31.0
1111,MN,2015,199.0,4,188.0
1111,OQ,2015,112.0,4,93.0
1111,RU,2015,78.0,4,74.0
2401,BE,2015,81.0,4,64.0
2401,FZ,2015,128.0,4,149.0
2401,GI,2015,484.0,4,463.0
2401,JZ,2015,25.0,4,26.0
2401,KZ,2015,41.0,4,42.0
2401,LZ,2015,36.0,4,37.0
2401,MN,2015,194.0,4,205.0
2401,OQ,2015,143.0,4,136.0
2401,RU,2015,111.0,4,128.0
2406,BE,2015,21.0,4,23.0
2406,FZ,2015,32.0,4,36.0
2406,GI,2015,100.0,4,108.0
2406,JZ,2015,1.0,4,5.0
2406,KZ,2015,7.0,4,18.0
2406,LZ,2015,11.0,4,9.0
2406,MN,2015,42.0,4,54.0
2406,OQ,2015,32.0,4,40.0
2406,RU,2015,25.0,4,33.0
2411,BE,2015,23.0,4,32.0
2411,FZ,2015,59.0,4,90.0
2411,GI,2015,136.0,4,135.0
2411,JZ,2015,20.0,4,11.0
2411,KZ,2015,9.0,4,9.0
2411,LZ,2015,8.0,4,12.0
2411,MN,2015,70.0,4,91.0
2411,OQ,2015,28.0,4,31.0
2411,RU,2015,59.0,4,64.0
2701,BE,2015,15.0,4,18.0
2701,FZ,2015,31.0,4,24.0
2701,GI,2015,98.0,4,103.0
2701,JZ,2015,5.0,4,5.0
2701,KZ,2015,4.0,4,13.0
2701,LZ,2015,9.0,4,6.0
2701,MN,2015,50.0,4,44.0
2701,OQ,2015,40.0,4,23.0
2701,RU,2015,37.0,4,26.0
2706,BE,2015,144.0,4,173.0
2706,FZ,2015,240.0,4,289.0
2706,GI,2015,727.0,4,786.0
2706,JZ,2015,88.0,4,66.0
2706,KZ,2015,94.0,4,81.0
2706,LZ,2015,88.0,4,89.0
2706,MN,2015,414.0,4,416.0
2706,OQ,2015,342.0,4,411.0
2706,RU,2015,252.0,4,256.0
2711,BE,2015,187.0,4,180.0
2711,FZ,2015,328.0,4,439.0
2711,GI,2015,1138.0,4,1114.0
2711,JZ,2015,110.0,4,107.0
2711,KZ,2015,116.0,4,113.0
2711,LZ,2015,93.0,4,94.0
2711,MN,2015,637.0,4,632.0
2711,OQ,2015,488.0,4,556.0
2711,RU,2015,313.0,4,316.0
2716,BE,2015,50.0,4,51.0
2716,FZ,2015,35.0,4,44.0
2716,GI,2015,106.0,4,118.0
2716,JZ,2015,9.0,4,8.0
2716,KZ,2015,4.0,4,15.0
2716,LZ,2015,14.0,4,11.0
2716,MN,2015,37.0,4,51.0
2716,OQ,2015,51.0,4,46.0
2716,RU,2015,23.0,4,37.0
2803,BE,2015,40.0,4,32.0
2803,FZ,2015,89.0,4,84.0
2803,GI,2015,161.0,4,154.0
2803,JZ,2015,12.0,4,8.0
2803,KZ,2015,24.0,4,22.0
2803,LZ,2015,16.0,4,14.0
2803,MN,2015,80.0,4,73.0
2803,OQ,2015,46.0,4,40.0
2803,RU,2015,64.0,4,69.0
2808,BE,2015,75.0,4,82.0
2808,FZ,2015,200.0,4,246.0
2808,GI,2015,411.0,4,430.0
2808,JZ,2015,40.0,4,41.0
2808,KZ,2015,55.0,4,54.0
2808,LZ,2015,40.0,4,45.0
2808,MN,2015,226.0,4,265.0
2808,OQ,2015,121.0,4,120.0
2808,RU,2015,117.0,4,168.0
2813,BE,2015,74.0,4,112.0
2813,FZ,2015,151.0,4,200.0
2813,GI,2015,639.0,4,647.0
2813,JZ,2015,45.0,4,51.0
2813,KZ,2015,51.0,4,72.0
2813,LZ,2015,80.0,4,110.0
2813,MN,2015,327.0,4,318.0
2813,OQ,2015,235.0,4,247.0
2813,RU,2015,199.0,4,202.0
2818,BE,2015,18.0,4,24.0
2818,FZ,2015,22.0,4,35.0
2818,GI,2015,74.0,4,98.0
2818,JZ,2015,1.0,4,1.0
2818,KZ,2015,6.0,4,2.0
2818,LZ,2015,15.0,4,6.0
2818,MN,2015,24.0,4,36.0
2818,OQ,2015,41.0,4,27.0
2818,RU,2015,30.0,4,22.0
3204,BE,2015,45.0,4,39.0
3204,FZ,2015,68.0,4,107.0
3204,GI,2015,331.0,4,331.0
3204,JZ,2015,14.0,4,13.0
3204,KZ,2015,34.0,4,27.0
3204,LZ,2015,35.0,4,22.0
3204,MN,2015,108.0,4,133.0
3204,OQ,2015,119.0,4,101.0
3204,RU,2015,98.0,4,103.0
3209,BE,2015,33.0,4,37.0
3209,FZ,2015,78.0,4,73.0
3209,GI,2015,137.0,4,133.0
3209,JZ,2015,25.0,4,11.0
3209,KZ,2015,9.0,4,11.0
3209,LZ,2015,23.0,4,22.0
3209,MN,2015,85.0,4,72.0
3209,OQ,2015,52.0,4,50.0
3209,RU,2015,48.0,4,59.0
3214,BE,2015,34.0,4,54.0
3214,FZ,2015,86.0,4,96.0
3214,GI,2015,210.0,4,195.0
3214,JZ,2015,11.0,4,14.0
3214,KZ,2015,23.0,4,31.0
3214,LZ,2015,9.0,4,10.0
3214,MN,2015,71.0,4,81.0
3214,OQ,2015,86.0,4,59.0
3214,RU,2015,76.0,4,89.0
3219,BE,2015,66.0,4,53.0
3219,FZ,2015,102.0,4,139.0
3219,GI,2015,305.0,4,324.0
3219,JZ,2015,21.0,4,29.0
3219,KZ,2015,39.0,4,42.0
3219,LZ,2015,24.0,4,44.0
3219,MN,2015,104.0,4,148.0
3219,OQ,2015,124.0,4,93.0
3219,RU,2015,114.0,4,116.0
4402,BE,2015,50.0,4,63.0
4402,FZ,2015,62.0,4,108.0
4402,GI,2015,219.0,4,232.0
4402,JZ,2015,14.0,4,16.0
4402,KZ,2015,43.0,4,38.0
4402,LZ,2015,16.0,4,16.0
4402,MN,2015,90.0,4,108.0
4402,OQ,2015,74.0,4,70.0
4402,RU,2015,77.0,4,92.0
4407,BE,2015,110.0,4,108.0
4407,FZ,2015,166.0,4,213.0
4407,GI,2015,403.0,4,448.0
4407,JZ,2015,27.0,4,23.0
4407,KZ,2015,57.0,4,59.0
4407,LZ,2015,34.0,4,40.0
4407,MN,2015,190.0,4,202.0
4407,OQ,2015,116.0,4,120.0
4407,RU,2015,139.0,4,157.0
4412,BE,2015,360.0,4,296.0
4412,FZ,2015,416.0,4,614.0
4412,GI,2015,1289.0,4,1287.0
4412,JZ,2015,169.0,4,178.0
4412,KZ,2015,139.0,4,136.0
4412,LZ,2015,119.0,4,102.0
4412,MN,2015,675.0,4,750.0
4412,OQ,2015,665.0,4,678.0
4412,RU,2015,453.0,4,449.0
4417,BE,2015,53.0,4,69.0
4417,FZ,2015,81.0,4,94.0
4417,GI,2015,220.0,4,227.0
4417,JZ,2015,13.0,4,9.0
4417,KZ,2015,16.0,4,14.0
4417,LZ,2015,12.0,4,22.0
4417,MN,2015,74.0,4,95.0
4417,OQ,2015,70.0,4,60.0
4417,RU,2015,59.0,4,76.0
4422,BE,2015,51.0,4,80.0
4422,FZ,2015,70.0,4,108.0
4422,GI,2015,253.0,4,232.0
4422,JZ,2015,25.0,4,19.0
4422,KZ,2015,14.0,4,21.0
4422,LZ,2015,33.0,4,29.0
4422,MN,2015,101.0,4,111.0
4422,OQ,2015,78.0,4,82.0
4422,RU,2015,72.0,4,83.0
4427,BE,2015,73.0,4,75.0
4427,FZ,2015,67.0,4,87.0
4427,GI,2015,205.0,4,252.0
4427,JZ,2015,6.0,4,19.0
4427,KZ,2015,25.0,4,17.0
4427,LZ,2015,16.0,4,12.0
4427,MN,2015,55.0,4,94.0
4427,OQ,2015,78.0,4,63.0
4427,RU,2015,62.0,4,71.0
5205,BE,2015,29.0,4,34.0
5205,FZ,2015,53.0,4,65.0
5205,GI,2015,118.0,4,104.0
5205,JZ,2015,9.0,4,14.0
5205,KZ,2015,12.0,4,11.0
5205,LZ,2015,17.0,4,25.0
5205,MN,2015,57.0,4,59.0
5205,OQ,2015,43.0,4,38.0
5205,RU,2015,34.0,4,35.0
5210,BE,2015,97.0,4,89.0
5210,FZ,2015,103.0,4,140.0
5210,GI,2015,367.0,4,365.0
5210,JZ,2015,32.0,4,37.0
5210,KZ,2015,54.0,4,60.0
5210,LZ,2015,53.0,4,42.0
5210,MN,2015,208.0,4,217.0
5210,OQ,2015,165.0,4,124.0
5210,RU,2015,133.0,4,141.0
5215,BE,2015,39.0,4,37.0
5215,FZ,2015,31.0,4,48.0
5215,GI,2015,129.0,4,139.0
5215,JZ,2015,7.0,4,7.0
5215,KZ,2015,22.0,4,14.0
5215,LZ,2015,17.0,4,10.0
5215,MN,2015,58.0,4,61.0
5215,OQ,2015,39.0,4,55.0
5215,RU,2015,34.0,4,51.0
5220,BE,2015,54.0,4,43.0
5220,FZ,2015,55.0,4,58.0
5220,GI,2015,226.0,4,234.0
5220,JZ,2015,6.0,4,20.0
5220,KZ,2015,32.0,4,23.0
5220,LZ,2015,25.0,4,23.0
5220,MN,2015,86.0,4,106.0
5220,OQ,2015,70.0,4,85.0
5220,RU,2015,82.0,4,77.0
5304,BE,2015,56.0,4,60.0
5304,FZ,2015,79.0,4,87.0
5304,GI,2015,227.0,4,211.0
5304,JZ,2015,15.0,4,28.0
5304,KZ,2015,52.0,4,16.0
5304,LZ,2015,29.0,4,20.0
5304,MN,2015,117.0,4,112.0
5304,OQ,2015,91.0,4,89.0
5304,RU,2015,79.0,4,88.0
5309,BE,2015,95.0,4,113.0
5309,FZ,2015,213.0,4,243.0
5309,GI,2015,445.0,4,453.0
5309,JZ,2015,41.0,4,54.0
5309,KZ,2015,63.0,4,70.0
5309,LZ,2015,86.0,4,67.0
5309,MN,2015,298.0,4,291.0
5309,OQ,2015,237.0,4,217.0
5309,RU,2015,177.0,4,167.0
5314,BE,2015,27.0,4,25.0
5314,FZ,2015,43.0,4,45.0
5314,GI,2015,90.0,4,90.0
5314,JZ,2015,11.0,4,8.0
5314,KZ,2015,18.0,4,15.0
5314,LZ,2015,11.0,4,9.0
5314,MN,2015,48.0,4,52.0
5314,OQ,2015,48.0,4,66.0
5314,RU,2015,39.0,4,48.0
5319,BE,2015,45.0,4,44.0
5319,FZ,2015,45.0,4,51.0
5319,GI,2015,183.0,4,142.0
5319,JZ,2015,18.0,4,24.0
5319,KZ,2015,55.0,4,46.0
5319,LZ,2015,20.0,4,21.0
5319,MN,2015,89.0,4,84.0
5319,OQ,2015,81.0,4,66.0
5319,RU,2015,54.0,4,63.0
7505,BE,2015,653.0,4,790.0
7505,FZ,2015,1763.0,4,1959.0
7505,GI,2015,3807.0,4,3619.0
7505,JZ,2015,708.0,4,616.0
7505,KZ,2015,558.0,4,508.0
7505,LZ,2015,599.0,4,425.0
7505,MN,2015,3152.0,4,3038.0
7505,OQ,2015,1941.0,4,1894.0
7505,RU,2015,1483.0,4,1525.0
7510,BE,2015,119.0,4,162.0
7510,FZ,2015,203.0,4,230.0
7510,GI,2015,477.0,4,508.0
7510,JZ,2015,30.0,4,32.0
7510,KZ,2015,38.0,4,38.0
7510,LZ,2015,52.0,4,45.0
7510,MN,2015,252.0,4,253.0
7510,OQ,2015,225.0,4,206.0
7510,RU,2015,145.0,4,185.0
7515,BE,2015,38.0,4,53.0
7515,FZ,2015,106.0,4,127.0
7515,GI,2015,279.0,4,291.0
7515,JZ,2015,15.0,4,10.0
7515,KZ,2015,18.0,4,20.0
7515,LZ,2015,13.0,4,22.0
7515,MN,2015,102.0,4,100.0
7515,OQ,2015,64.0,4,66.0
7515,RU,2015,81.0,4,103.0
7520,BE,2015,116.0,4,123.0
7520,FZ,2015,167.0,4,147.0
7520,GI,2015,438.0,4,465.0
7520,JZ,2015,47.0,4,57.0
7520,KZ,2015,66.0,4,60.0
7520,LZ,2015,50.0,4,57.0
7520,MN,2015,247.0,4,200.0
7520,OQ,2015,180.0,4,170.0
7520,RU,2015,153.0,4,149.0
7525,BE,2015,48.0,4,41.0
7525,FZ,2015,92.0,4,91.0
7525,GI,2015,232.0,4,225.0
7525,JZ,2015,18.0,4,10.0
7525,KZ,2015,19.0,4,15.0
7525,LZ,2015,23.0,4,19.0
7525,MN,2015,94.0,4,106.0
7525,OQ,2015,81.0,4,98.0
7525,RU,2015,71.0,4,80.0
7530,BE,2015,34.0,4,51.0
7530,FZ,2015,38.0,4,47.0
7530,GI,2015,141.0,4,127.0
7530,JZ,2015,6.0,4,10.0
7530,KZ,2015,11.0,4,11.0
7530,LZ,2015,20.0,4,15.0
7530,MN,2015,41.0,4,48.0
7530,OQ,2015,43.0,4,43.0
7530,RU,2015,48.0,4,45.0
7603,BE,2015,140.0,4,171.0
7603,FZ,2015,299.0,4,311.0
7603,GI,2015,601.0,4,597.0
7603,JZ,2015,36.0,4,35.0
7603,KZ,2015,37.0,4,30.0
7603,LZ,2015,26.0,4,23.0
7603,MN,2015,246.0,4,270.0
7603,OQ,2015,209.0,4,233.0
7603,RU,2015,197.0,4,212.0
7608,BE,2015,156.0,4,152.0
7608,FZ,2015,239.0,4,294.0
7608,GI,2015,639.0,4,645.0
7608,JZ,2015,32.0,4,35.0
7608,KZ,2015,31.0,4,30.0
7608,LZ,2015,38.0,4,38.0
7608,MN,2015,251.0,4,263.0
7608,OQ,2015,211.0,4,216.0
7608,RU,2015,190.0,4,190.0
7613,BE,2015,78.0,4,79.0
7613,FZ,2015,42.0,4,69.0
7613,GI,2015,168.0,4,158.0
7613,JZ,2015,8.0,4,9.0
7613,KZ,2015,17.0,4,13.0
7613,LZ,2015,26.0,4,17.0
7613,MN,2015,56.0,4,71.0
7613,OQ,2015,70.0,4,81.0
7613,RU,2015,44.0,4,57.0
7618,BE,2015,251.0,4,250.0
7618,FZ,2015,696.0,4,713.0
7618,GI,2015,1250.0,4,1261.0
7618,JZ,2015,94.0,4,138.0
7618,KZ,2015,127.0,4,122.0
7618,LZ,2015,81.0,4,89.0
7618,MN,2015,640.0,4,666.0
7618,OQ,2015,498.0,4,498.0
7618,RU,2015,393.0,4,426.0
7623,BE,2015,45.0,4,47.0
7623,FZ,2015,194.0,4,186.0
7623,GI,2015,407.0,4,433.0
7623,JZ,2015,19.0,4,28.0
7623,KZ,2015,28.0,4,32.0
7623,LZ,2015,38.0,4,33.0
7623,MN,2015,195.0,4,200.0
7623,OQ,2015,134.0,4,130.0
7623,RU,2015,126.0,4,114.0
8403,BE,2015,152.0,4,65.0
8403,FZ,2015,59.0,4,78.0
8403,GI,2015,159.0,4,167.0
8403,JZ,2015,14.0,4,13.0
8403,KZ,2015,27.0,4,24.0
8403,LZ,2015,28.0,4,19.0
8403,MN,2015,62.0,4,66.0
8403,OQ,2015,82.0,4,84.0
8403,RU,2015,43.0,4,46.0
8408,BE,2015,213.0,4,222.0
8408,FZ,2015,397.0,4,487.0
8408,GI,2015,928.0,4,993.0
8408,JZ,2015,130.0,4,154.0
8408,KZ,2015,135.0,4,132.0
8408,LZ,2015,181.0,4,114.0
8408,MN,2015,710.0,4,649.0
8408,OQ,2015,632.0,4,588.0
8408,RU,2015,425.0,4,465.0
8413,BE,2015,75.0,4,95.0
8413,FZ,2015,204.0,4,237.0
8413,GI,2015,529.0,4,505.0
8413,JZ,2015,27.0,4,32.0
8413,KZ,2015,40.0,4,41.0
8413,LZ,2015,85.0,4,98.0
8413,MN,2015,255.0,4,286.0
8413,OQ,2015,422.0,4,418.0
8413,RU,2015,157.0,4,169.0
8418,BE,2015,33.0,4,53.0
8418,FZ,2015,93.0,4,132.0
8418,GI,2015,241.0,4,269.0
8418,JZ,2015,27.0,4,17.0
8418,KZ,2015,23.0,4,28.0
8418,LZ,2015,62.0,4,58.0
8418,MN,2015,199.0,4,250.0
8418,OQ,2015,183.0,4,194.0
8418,RU,2015,117.0,4,139.0
8423,BE,2015,98.0,4,101.0
8423,FZ,2015,78.0,4,83.0
8423,GI,2015,264.0,4,327.0
8423,JZ,2015,12.0,4,11.0
8423,KZ,2015,16.0,4,23.0
8423,LZ,2015,18.0,4,26.0
8423,MN,2015,91.0,4,103.0
8423,OQ,2015,94.0,4,101.0
8423,RU,2015,83.0,4,98.0
8428,BE,2015,260.0,4,309.0
8428,FZ,2015,586.0,4,720.0
8428,GI,2015,1274.0,4,1328.0
8428,JZ,2015,122.0,4,117.0
8428,KZ,2015,164.0,4,196.0
8428,LZ,2015,221.0,4,168.0
8428,MN,2015,690.0,4,731.0
8428,OQ,2015,601.0,4,608.0
8428,RU,2015,365.0,4,410.0
8433,BE,2015,145.0,4,184.0
8433,FZ,2015,390.0,4,436.0
8433,GI,2015,613.0,4,708.0
8433,JZ,2015,35.0,4,56.0
8433,KZ,2015,54.0,4,57.0
8433,LZ,2015,67.0,4,66.0
8433,MN,2015,319.0,4,378.0
8433,OQ,2015,276.0,4,241.0
8433,RU,2015,206.0,4,226.0
9303,BE,2015,97.0,4,115.0
9303,FZ,2015,299.0,4,299.0
9303,GI,2015,498.0,4,530.0
9303,JZ,2015,27.0,4,32.0
9303,KZ,2015,34.0,4,26.0
9303,LZ,2015,41.0,4,40.0
9303,MN,2015,251.0,4,250.0
9303,OQ,2015,158.0,4,135.0
9303,RU,2015,187.0,4,185.0
9308,BE,2015,75.0,4,85.0
9308,FZ,2015,281.0,4,309.0
9308,GI,2015,430.0,4,456.0
9308,JZ,2015,24.0,4,24.0
9308,KZ,2015,27.0,4,25.0
9308,LZ,2015,31.0,4,28.0
9308,MN,2015,246.0,4,287.0
9308,OQ,2015,138.0,4,130.0
9308,RU,2015,155.0,4,152.0
9313,BE,2015,166.0,4,196.0
9313,FZ,2015,394.0,4,459.0
9313,GI,2015,927.0,4,973.0
9313,JZ,2015,78.0,4,91.0
9313,KZ,2015,69.0,4,66.0
9313,LZ,2015,82.0,4,74.0
9313,MN,2015,507.0,4,493.0
9313,OQ,2015,389.0,4,355.0
9313,RU,2015,271.0,4,304.0
9318,BE,2015,281.0,4,321.0
9318,FZ,2015,1074.0,4,1159.0
9318,GI,2015,2000.0,4,2087.0
9318,JZ,2015,179.0,4,167.0
9318,KZ,2015,157.0,4,144.0
9318,LZ,2015,256.0,4,265.0
9318,MN,2015,1167.0,4,1174.0
9318,OQ,2015,833.0,4,860.0
9318,RU,2015,716.0,4,796.0
0051,BE,2016,57.0,0,56.0
0051,FZ,2016,121.0,0,107.0
0051,GI,2016,242.0,0,226.0
0051,JZ,2016,10.0,0,17.0
0051,KZ,2016,24.0,0,22.0
0051,LZ,2016,37.0,0,28.0
0051,MN,2016,116.0,0,117.0
0051,OQ,2016,94.0,0,82.0
0051,RU,2016,76.0,0,78.0
0056,BE,2016,48.0,0,42.0
0056,FZ,2016,39.0,0,58.0
0056,GI,2016,168.0,0,167.0
0056,JZ,2016,5.0,0,9.0
0056,KZ,2016,10.0,0,12.0
0056,LZ,2016,13.0,0,9.0
0056,MN,2016,65.0,0,74.0
0056,OQ,2016,46.0,0,49.0
0056,RU,2016,43.0,0,42.0
0061,BE,2016,18.0,0,35.0
0061,FZ,2016,59.0,0,56.0
0061,GI,2016,151.0,0,119.0
0061,JZ,2016,17.0,0,16.0
0061,KZ,2016,7.0,0,10.0
0061,LZ,2016,18.0,0,11.0
0061,MN,2016,90.0,0,65.0
0061,OQ,2016,52.0,0,40.0
0061,RU,2016,46.0,0,41.0
1102,BE,2016,43.0,0,39.0
1102,FZ,2016,101.0,0,90.0
1102,GI,2016,236.0,0,176.0
1102,JZ,2016,25.0,0,13.0
1102,KZ,2016,14.0,0,10.0
1102,LZ,2016,23.0,0,15.0
1102,MN,2016,126.0,0,127.0
1102,OQ,2016,78.0,0,53.0
1102,RU,2016,78.0,0,80.0
1107,BE,2016,70.0,0,61.0
1107,FZ,2016,224.0,0,208.0
1107,GI,2016,731.0,0,649.0
1107,JZ,2016,61.0,0,53.0
1107,KZ,2016,40.0,0,43.0
1107,LZ,2016,44.0,0,46.0
1107,MN,2016,340.0,0,329.0
1107,OQ,2016,185.0,0,177.0
1107,RU,2016,159.0,0,167.0
1112,BE,2016,223.0,0,228.0
1112,FZ,2016,1296.0,0,1245.0
1112,GI,2016,4309.0,0,3741.0
1112,JZ,2016,415.0,0,353.0
1112,KZ,2016,196.0,0,161.0
1112,LZ,2016,174.0,0,177.0
1112,MN,2016,1694.0,0,1450.0
1112,OQ,2016,754.0,0,749.0
1112,RU,2016,658.0,0,647.0
2402,BE,2016,105.0,0,134.0
2402,FZ,2016,107.0,0,145.0
2402,GI,2016,491.0,0,367.0
2402,JZ,2016,26.0,0,31.0
2402,KZ,2016,47.0,0,33.0
2402,LZ,2016,51.0,0,47.0
2402,MN,2016,211.0,0,200.0
2402,OQ,2016,138.0,0,161.0
2402,RU,2016,127.0,0,168.0
2407,BE,2016,33.0,0,52.0
2407,FZ,2016,53.0,0,69.0
2407,GI,2016,209.0,0,179.0
2407,JZ,2016,7.0,0,7.0
2407,KZ,2016,9.0,0,13.0
2407,LZ,2016,16.0,0,14.0
2407,MN,2016,72.0,0,85.0
2407,OQ,2016,44.0,0,54.0
2407,RU,2016,58.0,0,61.0
2412,BE,2016,41.0,0,39.0
2412,FZ,2016,94.0,0,86.0
2412,GI,2016,263.0,0,277.0
2412,JZ,2016,9.0,0,9.0
2412,KZ,2016,15.0,0,13.0
2412,LZ,2016,22.0,0,23.0
2412,MN,2016,95.0,0,96.0
2412,OQ,2016,50.0,0,65.0
2412,RU,2016,59.0,0,59.0
2702,BE,2016,72.0,0,84.0
2702,FZ,2016,145.0,0,132.0
2702,GI,2016,496.0,0,433.0
2702,JZ,2016,31.0,0,22.0
2702,KZ,2016,49.0,0,46.0
2702,LZ,2016,51.0,0,56.0
2702,MN,2016,210.0,0,180.0
2702,OQ,2016,135.0,0,130.0
2702,RU,2016,112.0,0,139.0
2707,BE,2016,70.0,0,65.0
2707,FZ,2016,107.0,0,118.0
2707,GI,2016,433.0,0,369.0
2707,JZ,2016,38.0,0,27.0
2707,KZ,2016,29.0,0,38.0
2707,LZ,2016,58.0,0,35.0
2707,MN,2016,217.0,0,188.0
2707,OQ,2016,164.0,0,140.0
2707,RU,2016,116.0,0,128.0
2712,BE,2016,45.0,0,47.0
2712,FZ,2016,66.0,0,57.0
2712,GI,2016,205.0,0,214.0
2712,JZ,2016,8.0,0,11.0
2712,KZ,2016,20.0,0,19.0
2712,LZ,2016,33.0,0,17.0
2712,MN,2016,81.0,0,68.0
2712,OQ,2016,77.0,0,69.0
2712,RU,2016,71.0,0,76.0
2717,BE,2016,40.0,0,45.0
2717,FZ,2016,94.0,0,99.0
2717,GI,2016,310.0,0,307.0
2717,JZ,2016,21.0,0,13.0
2717,KZ,2016,9.0,0,28.0
2717,LZ,2016,20.0,0,27.0
2717,MN,2016,136.0,0,122.0
2717,OQ,2016,93.0,0,81.0
2717,RU,2016,78.0,0,91.0
2804,BE,2016,233.0,0,189.0
2804,FZ,2016,488.0,0,502.0
2804,GI,2016,1313.0,0,1293.0
2804,JZ,2016,155.0,0,123.0
2804,KZ,2016,157.0,0,177.0
2804,LZ,2016,114.0,0,120.0
2804,MN,2016,753.0,0,893.0
2804,OQ,2016,613.0,0,617.0
2804,RU,2016,448.0,0,433.0
2809,BE,2016,32.0,0,42.0
2809,FZ,2016,51.0,0,55.0
2809,GI,2016,207.0,0,171.0
2809,JZ,2016,7.0,0,14.0
2809,KZ,2016,18.0,0,17.0
2809,LZ,2016,15.0,0,9.0
2809,MN,2016,54.0,0,64.0
2809,OQ,2016,72.0,0,55.0
2809,RU,2016,56.0,0,51.0
2814,BE,2016,39.0,0,25.0
2814,FZ,2016,66.0,0,86.0
2814,GI,2016,183.0,0,175.0
2814,JZ,2016,13.0,0,10.0
2814,KZ,2016,29.0,0,22.0
2814,LZ,2016,9.0,0,19.0
2814,MN,2016,108.0,0,87.0
2814,OQ,2016,43.0,0,58.0
2814,RU,2016,66.0,0,60.0
2819,BE,2016,41.0,0,33.0
2819,FZ,2016,60.0,0,79.0
2819,GI,2016,225.0,0,199.0
2819,JZ,2016,6.0,0,13.0
2819,KZ,2016,26.0,0,19.0
2819,LZ,2016,16.0,0,26.0
2819,MN,2016,87.0,0,98.0
2819,OQ,2016,67.0,0,58.0
2819,RU,2016,82.0,0,85.0
3205,BE,2016,70.0,0,75.0
3205,FZ,2016,161.0,0,179.0
3205,GI,2016,508.0,0,476.0
3205,JZ,2016,23.0,0,31.0
3205,KZ,2016,37.0,0,51.0
3205,LZ,2016,32.0,0,41.0
3205,MN,2016,218.0,0,199.0
3205,OQ,2016,186.0,0,181.0
3205,RU,2016,168.0,0,177.0
3210,BE,2016,66.0,0,68.0
3210,FZ,2016,154.0,0,176.0
3210,GI,2016,485.0,0,411.0
3210,JZ,2016,47.0,0,47.0
3210,KZ,2016,50.0,0,46.0
3210,LZ,2016,45.0,0,56.0
3210,MN,2016,280.0,0,232.0
3210,OQ,2016,147.0,0,142.0
3210,RU,2016,132.0,0,160.0
3215,BE,2016,70.0,0,82.0
3215,FZ,2016,253.0,0,245.0
3215,GI,2016,770.0,0,772.0
3215,JZ,2016,48.0,0,51.0
3215,KZ,2016,46.0,0,42.0
3215,LZ,2016,34.0,0,40.0
3215,MN,2016,291.0,0,257.0
3215,OQ,2016,270.0,0,234.0
3215,RU,2016,191.0,0,217.0
3220,BE,2016,113.0,0,105.0
3220,FZ,2016,205.0,0,182.0
3220,GI,2016,482.0,0,490.0
3220,JZ,2016,32.0,0,36.0
3220,KZ,2016,43.0,0,30.0
3220,LZ,2016,32.0,0,19.0
3220,MN,2016,223.0,0,181.0
3220,OQ,2016,159.0,0,154.0
3220,RU,2016,141.0,0,161.0
4403,BE,2016,42.0,0,68.0
4403,FZ,2016,124.0,0,110.0
4403,GI,2016,417.0,0,408.0
4403,JZ,2016,16.0,0,11.0
4403,KZ,2016,27.0,0,24.0
4403,LZ,2016,17.0,0,25.0
4403,MN,2016,138.0,0,110.0
4403,OQ,2016,126.0,0,119.0
4403,RU,2016,116.0,0,100.0
4408,BE,2016,30.0,0,31.0
4408,FZ,2016,98.0,0,99.0
4408,GI,2016,259.0,0,235.0
4408,JZ,2016,16.0,0,17.0
4408,KZ,2016,14.0,0,8.0
4408,LZ,2016,9.0,0,8.0
4408,MN,2016,66.0,0,82.0
4408,OQ,2016,73.0,0,62.0
4408,RU,2016,75.0,0,93.0
4413,BE,2016,152.0,0,133.0
4413,FZ,2016,297.0,0,241.0
4413,GI,2016,855.0,0,740.0
4413,JZ,2016,79.0,0,74.0
4413,KZ,2016,122.0,0,146.0
4413,LZ,2016,78.0,0,98.0
4413,MN,2016,514.0,0,470.0
4413,OQ,2016,407.0,0,389.0
4413,RU,2016,286.0,0,259.0
4418,BE,2016,21.0,0,30.0
4418,FZ,2016,42.0,0,36.0
4418,GI,2016,200.0,0,182.0
4418,JZ,2016,11.0,0,5.0
4418,KZ,2016,9.0,0,7.0
4418,LZ,2016,12.0,0,18.0
4418,MN,2016,91.0,0,96.0
4418,OQ,2016,91.0,0,57.0
4418,RU,2016,76.0,0,62.0
4423,BE,2016,320.0,0,307.0
4423,FZ,2016,652.0,0,598.0
4423,GI,2016,2181.0,0,1852.0
4423,JZ,2016,344.0,0,304.0
4423,KZ,2016,260.0,0,236.0
4423,LZ,2016,287.0,0,286.0
4423,MN,2016,1496.0,0,1291.0
4423,OQ,2016,999.0,0,1026.0
4423,RU,2016,730.0,0,650.0
5201,BE,2016,78.0,0,62.0
5201,FZ,2016,77.0,0,68.0
5201,GI,2016,240.0,0,197.0
5201,JZ,2016,15.0,0,17.0
5201,KZ,2016,32.0,0,24.0
5201,LZ,2016,33.0,0,38.0
5201,MN,2016,115.0,0,112.0
5201,OQ,2016,71.0,0,70.0
5201,RU,2016,63.0,0,64.0
5206,BE,2016,120.0,0,95.0
5206,FZ,2016,138.0,0,126.0
5206,GI,2016,372.0,0,385.0
5206,JZ,2016,30.0,0,26.0
5206,KZ,2016,59.0,0,64.0
5206,LZ,2016,56.0,0,60.0
5206,MN,2016,181.0,0,152.0
5206,OQ,2016,148.0,0,142.0
5206,RU,2016,132.0,0,119.0
5211,BE,2016,71.0,0,85.0
5211,FZ,2016,89.0,0,90.0
5211,GI,2016,339.0,0,364.0
5211,JZ,2016,36.0,0,44.0
5211,KZ,2016,47.0,0,62.0
5211,LZ,2016,33.0,0,41.0
5211,MN,2016,239.0,0,186.0
5211,OQ,2016,141.0,0,107.0
5211,RU,2016,92.0,0,95.0
5216,BE,2016,405.0,0,492.0
5216,FZ,2016,888.0,0,756.0
5216,GI,2016,2589.0,0,2095.0
5216,JZ,2016,532.0,0,533.0
5216,KZ,2016,438.0,0,426.0
5216,LZ,2016,480.0,0,415.0
5216,MN,2016,2129.0,0,2101.0
5216,OQ,2016,1430.0,0,1377.0
5216,RU,2016,953.0,0,920.0
5221,BE,2016,31.0,0,34.0
5221,FZ,2016,29.0,0,37.0
5221,GI,2016,96.0,0,88.0
5221,JZ,2016,5.0,0,5.0
5221,KZ,2016,17.0,0,11.0
5221,LZ,2016,15.0,0,19.0
5221,MN,2016,32.0,0,33.0
5221,OQ,2016,34.0,0,36.0
5221,RU,2016,30.0,0,26.0
5305,BE,2016,36.0,0,34.0
5305,FZ,2016,49.0,0,45.0
5305,GI,2016,149.0,0,127.0
5305,JZ,2016,6.0,0,7.0
5305,KZ,2016,28.0,0,17.0
5305,LZ,2016,11.0,0,15.0
5305,MN,2016,63.0,0,67.0
5305,OQ,2016,68.0,0,59.0
5305,RU,2016,56.0,0,49.0
5310,BE,2016,86.0,0,90.0
5310,FZ,2016,75.0,0,69.0
5310,GI,2016,250.0,0,283.0
5310,JZ,2016,18.0,0,18.0
5310,KZ,2016,29.0,0,30.0
5310,LZ,2016,29.0,0,31.0
5310,MN,2016,119.0,0,115.0
5310,OQ,2016,96.0,0,134.0
5310,RU,2016,74.0,0,107.0
5315,BE,2016,296.0,0,304.0
5315,FZ,2016,472.0,0,424.0
5315,GI,2016,1531.0,0,1265.0
5315,JZ,2016,337.0,0,315.0
5315,KZ,2016,377.0,0,393.0
5315,LZ,2016,252.0,0,217.0
5315,MN,2016,1271.0,0,1199.0
5315,OQ,2016,956.0,0,827.0
5315,RU,2016,611.0,0,596.0
7501,BE,2016,57.0,0,86.0
7501,FZ,2016,130.0,0,101.0
7501,GI,2016,426.0,0,360.0
7501,JZ,2016,29.0,0,21.0
7501,KZ,2016,33.0,0,37.0
7501,LZ,2016,38.0,0,41.0
7501,MN,2016,191.0,0,175.0
7501,OQ,2016,150.0,0,165.0
7501,RU,2016,118.0,0,96.0
7506,BE,2016,74.0,0,64.0
7506,FZ,2016,64.0,0,63.0
7506,GI,2016,234.0,0,205.0
7506,JZ,2016,7.0,0,16.0
7506,KZ,2016,35.0,0,25.0
7506,LZ,2016,43.0,0,38.0
7506,MN,2016,93.0,0,78.0
7506,OQ,2016,85.0,0,82.0
7506,RU,2016,72.0,0,61.0
7511,BE,2016,173.0,0,245.0
7511,FZ,2016,72.0,0,56.0
7511,GI,2016,219.0,0,222.0
7511,JZ,2016,14.0,0,15.0
7511,KZ,2016,16.0,0,18.0
7511,LZ,2016,24.0,0,32.0
7511,MN,2016,123.0,0,110.0
7511,OQ,2016,97.0,0,116.0
7511,RU,2016,79.0,0,82.0
7516,BE,2016,95.0,0,112.0
7516,FZ,2016,197.0,0,234.0
7516,GI,2016,509.0,0,481.0
7516,JZ,2016,30.0,0,34.0
7516,KZ,2016,59.0,0,46.0
7516,LZ,2016,71.0,0,42.0
7516,MN,2016,229.0,0,233.0
7516,OQ,2016,153.0,0,155.0
7516,RU,2016,170.0,0,137.0
7521,BE,2016,67.0,0,46.0
7521,FZ,2016,63.0,0,58.0
7521,GI,2016,154.0,0,127.0
7521,JZ,2016,5.0,0,6.0
7521,KZ,2016,12.0,0,12.0
7521,LZ,2016,24.0,0,21.0
7521,MN,2016,67.0,0,75.0
7521,OQ,2016,106.0,0,97.0
7521,RU,2016,70.0,0,60.0
7526,BE,2016,81.0,0,87.0
7526,FZ,2016,132.0,0,140.0
7526,GI,2016,488.0,0,502.0
7526,JZ,2016,22.0,0,16.0
7526,KZ,2016,39.0,0,42.0
7526,LZ,2016,59.0,0,60.0
7526,MN,2016,182.0,0,178.0
7526,OQ,2016,128.0,0,150.0
7526,RU,2016,146.0,0,148.0
7531,BE,2016,113.0,0,120.0
7531,FZ,2016,51.0,0,74.0
7531,GI,2016,166.0,0,151.0
7531,JZ,2016,12.0,0,6.0
7531,KZ,2016,10.0,0,11.0
7531,LZ,2016,21.0,0,14.0
7531,MN,2016,92.0,0,69.0
7531,OQ,2016,65.0,0,72.0
7531,RU,2016,55.0,0,66.0
7604,BE,2016,176.0,0,124.0
7604,FZ,2016,188.0,0,219.0
7604,GI,2016,429.0,0,406.0
7604,JZ,2016,32.0,0,36.0
7604,KZ,2016,49.0,0,38.0
7604,LZ,2016,65.0,0,49.0
7604,MN,2016,242.0,0,210.0
7604,OQ,2016,187.0,0,174.0
7604,RU,2016,151.0,0,141.0
7609,BE,2016,60.0,0,42.0
7609,FZ,2016,81.0,0,83.0
7609,GI,2016,210.0,0,200.0
7609,JZ,2016,13.0,0,13.0
7609,KZ,2016,13.0,0,8.0
7609,LZ,2016,34.0,0,7.0
7609,MN,2016,99.0,0,70.0
7609,OQ,2016,65.0,0,64.0
7609,RU,2016,51.0,0,61.0
7614,BE,2016,105.0,0,61.0
7614,FZ,2016,64.0,0,49.0
7614,GI,2016,153.0,0,161.0
7614,JZ,2016,9.0,0,14.0
7614,KZ,2016,21.0,0,18.0
7614,LZ,2016,20.0,0,21.0
7614,MN,2016,81.0,0,56.0
7614,OQ,2016,83.0,0,84.0
7614,RU,2016,60.0,0,83.0
7619,BE,2016,96.0,0,170.0
7619,FZ,2016,58.0,0,48.0
7619,GI,2016,163.0,0,134.0
7619,JZ,2016,4.0,0,10.0
7619,KZ,2016,12.0,0,8.0
7619,LZ,2016,9.0,0,9.0
7619,MN,2016,69.0,0,52.0
7619,OQ,2016,50.0,0,48.0
7619,RU,2016,52.0,0,40.0
7624,BE,2016,163.0,0,137.0
7624,FZ,2016,239.0,0,277.0
7624,GI,2016,652.0,0,580.0
7624,JZ,2016,42.0,0,33.0
7624,KZ,2016,46.0,0,52.0
7624,LZ,2016,95.0,0,74.0
7624,MN,2016,309.0,0,304.0
7624,OQ,2016,340.0,0,345.0
7624,RU,2016,226.0,0,221.0
8404,BE,2016,24.0,0,22.0
8404,FZ,2016,57.0,0,59.0
8404,GI,2016,129.0,0,116.0
8404,JZ,2016,13.0,0,6.0
8404,KZ,2016,6.0,0,3.0
8404,LZ,2016,18.0,0,4.0
8404,MN,2016,75.0,0,61.0
8404,OQ,2016,57.0,0,48.0
8404,RU,2016,53.0,0,55.0
8409,BE,2016,279.0,0,276.0
8409,FZ,2016,669.0,0,678.0
8409,GI,2016,1645.0,0,1413.0
8409,JZ,2016,344.0,0,306.0
8409,KZ,2016,136.0,0,160.0
8409,LZ,2016,277.0,0,259.0
8409,MN,2016,1397.0,0,1289.0
8409,OQ,2016,978.0,0,1024.0
8409,RU,2016,587.0,0,619.0
8414,BE,2016,49.0,0,43.0
8414,FZ,2016,97.0,0,107.0
8414,GI,2016,251.0,0,253.0
8414,JZ,2016,11.0,0,14.0
8414,KZ,2016,17.0,0,27.0
8414,LZ,2016,37.0,0,35.0
8414,MN,2016,124.0,0,113.0
8414,OQ,2016,131.0,0,128.0
8414,RU,2016,83.0,0,66.0
8419,BE,2016,73.0,0,73.0
8419,FZ,2016,71.0,0,121.0
8419,GI,2016,250.0,0,232.0
8419,JZ,2016,22.0,0,18.0
8419,KZ,2016,37.0,0,31.0
8419,LZ,2016,25.0,0,26.0
8419,MN,2016,109.0,0,90.0
8419,OQ,2016,125.0,0,129.0
8419,RU,2016,71.0,0,83.0
8424,BE,2016,73.0,0,74.0
8424,FZ,2016,48.0,0,56.0
8424,GI,2016,211.0,0,221.0
8424,JZ,2016,12.0,0,8.0
8424,KZ,2016,15.0,0,13.0
8424,LZ,2016,19.0,0,16.0
8424,MN,2016,101.0,0,90.0
8424,OQ,2016,72.0,0,83.0
8424,RU,2016,61.0,0,67.0
8429,BE,2016,71.0,0,63.0
8429,FZ,2016,11.0,0,18.0
8429,GI,2016,76.0,0,79.0
8429,JZ,2016,2.0,0,4.0
8429,KZ,2016,10.0,0,8.0
8429,LZ,2016,17.0,0,16.0
8429,MN,2016,26.0,0,24.0
8429,OQ,2016,25.0,0,35.0
8429,RU,2016,12.0,0,25.0
8434,BE,2016,99.0,0,92.0
8434,FZ,2016,239.0,0,225.0
8434,GI,2016,612.0,0,528.0
8434,JZ,2016,47.0,0,40.0
8434,KZ,2016,48.0,0,41.0
8434,LZ,2016,76.0,0,41.0
8434,MN,2016,340.0,0,263.0
8434,OQ,2016,206.0,0,176.0
8434,RU,2016,143.0,0,131.0
9304,BE,2016,279.0,0,267.0
9304,FZ,2016,998.0,0,1002.0
9304,GI,2016,1960.0,0,1856.0
9304,JZ,2016,331.0,0,276.0
9304,KZ,2016,268.0,0,208.0
9304,LZ,2016,553.0,0,445.0
9304,MN,2016,1798.0,0,1620.0
9304,OQ,2016,778.0,0,763.0
9304,RU,2016,692.0,0,728.0
9309,BE,2016,76.0,0,61.0
9309,FZ,2016,275.0,0,256.0
9309,GI,2016,594.0,0,594.0
9309,JZ,2016,32.0,0,36.0
9309,KZ,2016,54.0,0,41.0
9309,LZ,2016,108.0,0,69.0
9309,MN,2016,337.0,0,346.0
9309,OQ,2016,226.0,0,178.0
9309,RU,2016,161.0,0,160.0
9314,BE,2016,25.0,0,26.0
9314,FZ,2016,107.0,0,131.0
9314,GI,2016,278.0,0,264.0
9314,JZ,2016,22.0,0,34.0
9314,KZ,2016,30.0,0,15.0
9314,LZ,2016,130.0,0,78.0
9314,MN,2016,208.0,0,171.0
9314,OQ,2016,83.0,0,109.0
9314,RU,2016,129.0,0,134.0
0052,BE,2016,119.0,1,111.0
0052,FZ,2016,222.0,1,180.0
0052,GI,2016,578.0,1,500.0
0052,JZ,2016,18.0,1,42.0
0052,KZ,2016,47.0,1,50.0
0052,LZ,2016,44.0,1,41.0
0052,MN,2016,275.0,1,278.0
0052,OQ,2016,185.0,1,170.0
0052,RU,2016,172.0,1,175.0
0057,BE,2016,53.0,1,54.0
0057,FZ,2016,147.0,1,186.0
0057,GI,2016,383.0,1,352.0
0057,JZ,2016,30.0,1,28.0
0057,KZ,2016,30.0,1,25.0
0057,LZ,2016,26.0,1,39.0
0057,MN,2016,181.0,1,178.0
0057,OQ,2016,82.0,1,91.0
0057,RU,2016,106.0,1,99.0
0062,BE,2016,52.0,1,65.0
0062,FZ,2016,50.0,1,49.0
0062,GI,2016,176.0,1,145.0
0062,JZ,2016,9.0,1,12.0
0062,KZ,2016,25.0,1,20.0
0062,LZ,2016,21.0,1,23.0
0062,MN,2016,69.0,1,62.0
0062,OQ,2016,68.0,1,72.0
0062,RU,2016,55.0,1,58.0
1103,BE,2016,40.0,1,37.0
1103,FZ,2016,116.0,1,119.0
1103,GI,2016,310.0,1,238.0
1103,JZ,2016,40.0,1,41.0
1103,KZ,2016,19.0,1,22.0
1103,LZ,2016,32.0,1,38.0
1103,MN,2016,188.0,1,180.0
1103,OQ,2016,108.0,1,89.0
1103,RU,2016,99.0,1,96.0
1108,BE,2016,61.0,1,75.0
1108,FZ,2016,246.0,1,204.0
1108,GI,2016,547.0,1,546.0
1108,JZ,2016,76.0,1,62.0
1108,KZ,2016,42.0,1,36.0
1108,LZ,2016,65.0,1,44.0
1108,MN,2016,340.0,1,305.0
1108,OQ,2016,190.0,1,176.0
1108,RU,2016,185.0,1,179.0
1113,BE,2016,137.0,1,150.0
1113,FZ,2016,488.0,1,503.0
1113,GI,2016,1709.0,1,1378.0
1113,JZ,2016,367.0,1,324.0
1113,KZ,2016,133.0,1,144.0
1113,LZ,2016,134.0,1,139.0
1113,MN,2016,1199.0,1,1032.0
1113,OQ,2016,602.0,1,535.0
1113,RU,2016,497.0,1,416.0
2403,BE,2016,106.0,1,88.0
2403,FZ,2016,149.0,1,136.0
2403,GI,2016,476.0,1,477.0
2403,JZ,2016,54.0,1,45.0
2403,KZ,2016,53.0,1,63.0
2403,LZ,2016,60.0,1,61.0
2403,MN,2016,300.0,1,291.0
2403,OQ,2016,214.0,1,174.0
2403,RU,2016,164.0,1,137.0
2408,BE,2016,40.0,1,27.0
2408,FZ,2016,39.0,1,49.0
2408,GI,2016,105.0,1,92.0
2408,JZ,2016,8.0,1,6.0
2408,KZ,2016,15.0,1,11.0
2408,LZ,2016,17.0,1,16.0
2408,MN,2016,45.0,1,58.0
2408,OQ,2016,44.0,1,54.0
2408,RU,2016,31.0,1,29.0
2413,BE,2016,192.0,1,202.0
2413,FZ,2016,409.0,1,397.0
2413,GI,2016,1279.0,1,1171.0
2413,JZ,2016,154.0,1,144.0
2413,KZ,2016,148.0,1,153.0
2413,LZ,2016,187.0,1,241.0
2413,MN,2016,834.0,1,780.0
2413,OQ,2016,607.0,1,578.0
2413,RU,2016,431.0,1,441.0
2703,BE,2016,26.0,1,40.0
2703,FZ,2016,44.0,1,54.0
2703,GI,2016,133.0,1,122.0
2703,JZ,2016,10.0,1,8.0
2703,KZ,2016,3.0,1,7.0
2703,LZ,2016,15.0,1,9.0
2703,MN,2016,52.0,1,39.0
2703,OQ,2016,39.0,1,29.0
2703,RU,2016,32.0,1,25.0
2708,BE,2016,56.0,1,46.0
2708,FZ,2016,32.0,1,46.0
2708,GI,2016,228.0,1,185.0
2708,JZ,2016,15.0,1,10.0
2708,KZ,2016,11.0,1,14.0
2708,LZ,2016,27.0,1,24.0
2708,MN,2016,78.0,1,92.0
2708,OQ,2016,74.0,1,68.0
2708,RU,2016,52.0,1,67.0
2713,BE,2016,106.0,1,73.0
2713,FZ,2016,142.0,1,118.0
2713,GI,2016,390.0,1,402.0
2713,JZ,2016,28.0,1,27.0
2713,KZ,2016,38.0,1,32.0
2713,LZ,2016,51.0,1,51.0
2713,MN,2016,163.0,1,156.0
2713,OQ,2016,142.0,1,127.0
2713,RU,2016,123.0,1,113.0
2718,BE,2016,65.0,1,51.0
2718,FZ,2016,96.0,1,98.0
2718,GI,2016,325.0,1,323.0
2718,JZ,2016,17.0,1,12.0
2718,KZ,2016,19.0,1,26.0
2718,LZ,2016,16.0,1,18.0
2718,MN,2016,92.0,1,118.0
2718,OQ,2016,96.0,1,100.0
2718,RU,2016,64.0,1,81.0
2805,BE,2016,73.0,1,62.0
2805,FZ,2016,78.0,1,63.0
2805,GI,2016,317.0,1,273.0
2805,JZ,2016,20.0,1,22.0
2805,KZ,2016,31.0,1,26.0
2805,LZ,2016,27.0,1,21.0
2805,MN,2016,152.0,1,141.0
2805,OQ,2016,149.0,1,126.0
2805,RU,2016,119.0,1,94.0
2810,BE,2016,31.0,1,29.0
2810,FZ,2016,37.0,1,36.0
2810,GI,2016,129.0,1,133.0
2810,JZ,2016,13.0,1,7.0
2810,KZ,2016,17.0,1,9.0
2810,LZ,2016,19.0,1,21.0
2810,MN,2016,61.0,1,70.0
2810,OQ,2016,56.0,1,54.0
2810,RU,2016,46.0,1,45.0
2815,BE,2016,221.0,1,202.0
2815,FZ,2016,609.0,1,578.0
2815,GI,2016,1687.0,1,1520.0
2815,JZ,2016,196.0,1,201.0
2815,KZ,2016,189.0,1,196.0
2815,LZ,2016,191.0,1,170.0
2815,MN,2016,1041.0,1,850.0
2815,OQ,2016,754.0,1,674.0
2815,RU,2016,520.0,1,477.0
3201,BE,2016,35.0,1,39.0
3201,FZ,2016,126.0,1,97.0
3201,GI,2016,210.0,1,182.0
3201,JZ,2016,12.0,1,8.0
3201,KZ,2016,10.0,1,9.0
3201,LZ,2016,33.0,1,21.0
3201,MN,2016,75.0,1,66.0
3201,OQ,2016,61.0,1,69.0
3201,RU,2016,67.0,1,69.0
3206,BE,2016,59.0,1,42.0
3206,FZ,2016,94.0,1,94.0
3206,GI,2016,356.0,1,399.0
3206,JZ,2016,22.0,1,18.0
3206,KZ,2016,34.0,1,36.0
3206,LZ,2016,20.0,1,40.0
3206,MN,2016,141.0,1,140.0
3206,OQ,2016,137.0,1,135.0
3206,RU,2016,104.0,1,115.0
3211,BE,2016,93.0,1,91.0
3211,FZ,2016,226.0,1,290.0
3211,GI,2016,946.0,1,790.0
3211,JZ,2016,88.0,1,71.0
3211,KZ,2016,61.0,1,69.0
3211,LZ,2016,74.0,1,79.0
3211,MN,2016,473.0,1,439.0
3211,OQ,2016,260.0,1,243.0
3211,RU,2016,249.0,1,248.0
3216,BE,2016,331.0,1,307.0
3216,FZ,2016,793.0,1,1540.0
3216,GI,2016,3150.0,1,2617.0
3216,JZ,2016,521.0,1,483.0
3216,KZ,2016,316.0,1,331.0
3216,LZ,2016,321.0,1,338.0
3216,MN,2016,2191.0,1,1842.0
3216,OQ,2016,1549.0,1,1466.0
3216,RU,2016,747.0,1,812.0
3221,BE,2016,59.0,1,50.0
3221,FZ,2016,137.0,1,167.0
3221,GI,2016,348.0,1,324.0
3221,JZ,2016,30.0,1,38.0
3221,KZ,2016,23.0,1,33.0
3221,LZ,2016,35.0,1,39.0
3221,MN,2016,168.0,1,202.0
3221,OQ,2016,115.0,1,119.0
3221,RU,2016,111.0,1,108.0
4404,BE,2016,90.0,1,63.0
4404,FZ,2016,81.0,1,76.0
4404,GI,2016,268.0,1,255.0
4404,JZ,2016,15.0,1,18.0
4404,KZ,2016,20.0,1,18.0
4404,LZ,2016,25.0,1,29.0
4404,MN,2016,95.0,1,91.0
4404,OQ,2016,69.0,1,63.0
4404,RU,2016,77.0,1,75.0
4409,BE,2016,87.0,1,95.0
4409,FZ,2016,168.0,1,164.0
4409,GI,2016,576.0,1,556.0
4409,JZ,2016,34.0,1,35.0
4409,KZ,2016,43.0,1,48.0
4409,LZ,2016,65.0,1,53.0
4409,MN,2016,272.0,1,229.0
4409,OQ,2016,237.0,1,270.0
4409,RU,2016,143.0,1,159.0
4414,BE,2016,51.0,1,52.0
4414,FZ,2016,70.0,1,67.0
4414,GI,2016,243.0,1,248.0
4414,JZ,2016,16.0,1,23.0
4414,KZ,2016,18.0,1,19.0
4414,LZ,2016,34.0,1,24.0
4414,MN,2016,84.0,1,92.0
4414,OQ,2016,59.0,1,99.0
4414,RU,2016,71.0,1,61.0
4419,BE,2016,60.0,1,47.0
4419,FZ,2016,78.0,1,86.0
4419,GI,2016,283.0,1,258.0
4419,JZ,2016,8.0,1,18.0
4419,KZ,2016,24.0,1,11.0
4419,LZ,2016,16.0,1,19.0
4419,MN,2016,93.0,1,110.0
4419,OQ,2016,129.0,1,111.0
4419,RU,2016,85.0,1,78.0
4424,BE,2016,105.0,1,90.0
4424,FZ,2016,202.0,1,185.0
4424,GI,2016,698.0,1,708.0
4424,JZ,2016,46.0,1,36.0
4424,KZ,2016,48.0,1,40.0
4424,LZ,2016,50.0,1,57.0
4424,MN,2016,217.0,1,207.0
4424,OQ,2016,240.0,1,233.0
4424,RU,2016,201.0,1,194.0
5202,BE,2016,162.0,1,170.0
5202,FZ,2016,245.0,1,269.0
5202,GI,2016,921.0,1,859.0
5202,JZ,2016,122.0,1,110.0
5202,KZ,2016,141.0,1,160.0
5202,LZ,2016,148.0,1,139.0
5202,MN,2016,604.0,1,577.0
5202,OQ,2016,496.0,1,524.0
5202,RU,2016,324.0,1,321.0
5207,BE,2016,118.0,1,104.0
5207,FZ,2016,66.0,1,76.0
5207,GI,2016,288.0,1,276.0
5207,JZ,2016,22.0,1,14.0
5207,KZ,2016,28.0,1,34.0
5207,LZ,2016,39.0,1,34.0
5207,MN,2016,117.0,1,117.0
5207,OQ,2016,85.0,1,78.0
5207,RU,2016,83.0,1,96.0
5212,BE,2016,109.0,1,129.0
5212,FZ,2016,214.0,1,202.0
5212,GI,2016,702.0,1,763.0
5212,JZ,2016,65.0,1,84.0
5212,KZ,2016,107.0,1,118.0
5212,LZ,2016,92.0,1,104.0
5212,MN,2016,347.0,1,408.0
5212,OQ,2016,333.0,1,283.0
5212,RU,2016,234.0,1,252.0
5217,BE,2016,31.0,1,50.0
5217,FZ,2016,70.0,1,62.0
5217,GI,2016,221.0,1,196.0
5217,JZ,2016,16.0,1,17.0
5217,KZ,2016,22.0,1,30.0
5217,LZ,2016,25.0,1,32.0
5217,MN,2016,103.0,1,95.0
5217,OQ,2016,79.0,1,65.0
5217,RU,2016,74.0,1,84.0
5301,BE,2016,83.0,1,41.0
5301,FZ,2016,86.0,1,91.0
5301,GI,2016,251.0,1,273.0
5301,JZ,2016,21.0,1,19.0
5301,KZ,2016,26.0,1,41.0
5301,LZ,2016,42.0,1,45.0
5301,MN,2016,169.0,1,150.0
5301,OQ,2016,113.0,1,129.0
5301,RU,2016,99.0,1,104.0
5306,BE,2016,22.0,1,26.0
5306,FZ,2016,43.0,1,33.0
5306,GI,2016,109.0,1,126.0
5306,JZ,2016,12.0,1,5.0
5306,KZ,2016,14.0,1,8.0
5306,LZ,2016,10.0,1,8.0
5306,MN,2016,53.0,1,38.0
5306,OQ,2016,46.0,1,37.0
5306,RU,2016,26.0,1,39.0
5311,BE,2016,42.0,1,30.0
5311,FZ,2016,38.0,1,49.0
5311,GI,2016,154.0,1,132.0
5311,JZ,2016,13.0,1,17.0
5311,KZ,2016,32.0,1,18.0
5311,LZ,2016,18.0,1,14.0
5311,MN,2016,68.0,1,83.0
5311,OQ,2016,78.0,1,73.0
5311,RU,2016,58.0,1,53.0
5316,BE,2016,80.0,1,68.0
5316,FZ,2016,215.0,1,174.0
5316,GI,2016,435.0,1,394.0
5316,JZ,2016,41.0,1,29.0
5316,KZ,2016,73.0,1,91.0
5316,LZ,2016,45.0,1,41.0
5316,MN,2016,187.0,1,203.0
5316,OQ,2016,162.0,1,159.0
5316,RU,2016,118.0,1,132.0
7502,BE,2016,185.0,1,149.0
7502,FZ,2016,211.0,1,191.0
7502,GI,2016,514.0,1,576.0
7502,JZ,2016,73.0,1,43.0
7502,KZ,2016,49.0,1,56.0
7502,LZ,2016,67.0,1,74.0
7502,MN,2016,263.0,1,294.0
7502,OQ,2016,187.0,1,179.0
7502,RU,2016,237.0,1,194.0
7507,BE,2016,101.0,1,123.0
7507,FZ,2016,97.0,1,129.0
7507,GI,2016,345.0,1,306.0
7507,JZ,2016,27.0,1,17.0
7507,KZ,2016,37.0,1,35.0
7507,LZ,2016,71.0,1,38.0
7507,MN,2016,165.0,1,175.0
7507,OQ,2016,119.0,1,142.0
7507,RU,2016,95.0,1,105.0
7512,BE,2016,203.0,1,169.0
7512,FZ,2016,296.0,1,291.0
7512,GI,2016,848.0,1,776.0
7512,JZ,2016,81.0,1,86.0
7512,KZ,2016,126.0,1,98.0
7512,LZ,2016,89.0,1,118.0
7512,MN,2016,530.0,1,514.0
7512,OQ,2016,329.0,1,347.0
7512,RU,2016,299.0,1,313.0
7517,BE,2016,194.0,1,178.0
7517,FZ,2016,224.0,1,221.0
7517,GI,2016,670.0,1,654.0
7517,JZ,2016,74.0,1,51.0
7517,KZ,2016,72.0,1,66.0
7517,LZ,2016,113.0,1,75.0
7517,MN,2016,352.0,1,348.0
7517,OQ,2016,365.0,1,330.0
7517,RU,2016,227.0,1,227.0
7522,BE,2016,230.0,1,187.0
7522,FZ,2016,260.0,1,317.0
7522,GI,2016,726.0,1,639.0
7522,JZ,2016,66.0,1,69.0
7522,KZ,2016,96.0,1,112.0
7522,LZ,2016,144.0,1,137.0
7522,MN,2016,490.0,1,513.0
7522,OQ,2016,472.0,1,441.0
7522,RU,2016,264.0,1,309.0
7527,BE,2016,120.0,1,125.0
7527,FZ,2016,66.0,1,70.0
7527,GI,2016,181.0,1,211.0
7527,JZ,2016,19.0,1,9.0
7527,KZ,2016,19.0,1,7.0
7527,LZ,2016,28.0,1,13.0
7527,MN,2016,89.0,1,76.0
7527,OQ,2016,67.0,1,45.0
7527,RU,2016,76.0,1,56.0
7532,BE,2016,52.0,1,55.0
7532,FZ,2016,90.0,1,83.0
7532,GI,2016,235.0,1,236.0
7532,JZ,2016,16.0,1,11.0
7532,KZ,2016,25.0,1,20.0
7532,LZ,2016,16.0,1,35.0
7532,MN,2016,111.0,1,116.0
7532,OQ,2016,84.0,1,101.0
7532,RU,2016,69.0,1,62.0
7605,BE,2016,43.0,1,50.0
7605,FZ,2016,91.0,1,85.0
7605,GI,2016,215.0,1,207.0
7605,JZ,2016,16.0,1,14.0
7605,KZ,2016,11.0,1,10.0
7605,LZ,2016,18.0,1,12.0
7605,MN,2016,105.0,1,96.0
7605,OQ,2016,74.0,1,70.0
7605,RU,2016,72.0,1,71.0
7610,BE,2016,122.0,1,184.0
7610,FZ,2016,108.0,1,118.0
7610,GI,2016,370.0,1,358.0
7610,JZ,2016,38.0,1,39.0
7610,KZ,2016,52.0,1,43.0
7610,LZ,2016,46.0,1,29.0
7610,MN,2016,206.0,1,206.0
7610,OQ,2016,182.0,1,162.0
7610,RU,2016,107.0,1,142.0
7615,BE,2016,141.0,1,143.0
7615,FZ,2016,270.0,1,273.0
7615,GI,2016,592.0,1,567.0
7615,JZ,2016,31.0,1,49.0
7615,KZ,2016,47.0,1,48.0
7615,LZ,2016,84.0,1,58.0
7615,MN,2016,262.0,1,268.0
7615,OQ,2016,240.0,1,225.0
7615,RU,2016,164.0,1,187.0
7620,BE,2016,480.0,1,616.0
7620,FZ,2016,787.0,1,739.0
7620,GI,2016,1788.0,1,1817.0
7620,JZ,2016,155.0,1,104.0
7620,KZ,2016,128.0,1,136.0
7620,LZ,2016,339.0,1,252.0
7620,MN,2016,856.0,1,805.0
7620,OQ,2016,675.0,1,688.0
7620,RU,2016,498.0,1,594.0
7625,BE,2016,554.0,1,609.0
7625,FZ,2016,1758.0,1,1627.0
7625,GI,2016,4154.0,1,2989.0
7625,JZ,2016,700.0,1,661.0
7625,KZ,2016,463.0,1,498.0
7625,LZ,2016,392.0,1,678.0
7625,MN,2016,3224.0,1,2963.0
7625,OQ,2016,2352.0,1,2217.0
7625,RU,2016,1395.0,1,1307.0
8405,BE,2016,105.0,1,136.0
8405,FZ,2016,258.0,1,265.0
8405,GI,2016,679.0,1,606.0
8405,JZ,2016,62.0,1,47.0
8405,KZ,2016,37.0,1,66.0
8405,LZ,2016,59.0,1,53.0
8405,MN,2016,372.0,1,294.0
8405,OQ,2016,284.0,1,296.0
8405,RU,2016,199.0,1,202.0
8410,BE,2016,55.0,1,59.0
8410,FZ,2016,60.0,1,73.0
8410,GI,2016,180.0,1,189.0
8410,JZ,2016,13.0,1,16.0
8410,KZ,2016,16.0,1,18.0
8410,LZ,2016,24.0,1,19.0
8410,MN,2016,100.0,1,77.0
8410,OQ,2016,84.0,1,86.0
8410,RU,2016,63.0,1,69.0
8415,BE,2016,45.0,1,51.0
8415,FZ,2016,154.0,1,157.0
8415,GI,2016,374.0,1,321.0
8415,JZ,2016,31.0,1,36.0
8415,KZ,2016,27.0,1,29.0
8415,LZ,2016,96.0,1,81.0
8415,MN,2016,241.0,1,197.0
8415,OQ,2016,226.0,1,228.0
8415,RU,2016,139.0,1,143.0
8420,BE,2016,46.0,1,64.0
8420,FZ,2016,70.0,1,68.0
8420,GI,2016,184.0,1,161.0
8420,JZ,2016,17.0,1,15.0
8420,KZ,2016,22.0,1,19.0
8420,LZ,2016,23.0,1,16.0
8420,MN,2016,87.0,1,72.0
8420,OQ,2016,68.0,1,75.0
8420,RU,2016,44.0,1,55.0
8425,BE,2016,52.0,1,30.0
8425,FZ,2016,49.0,1,36.0
8425,GI,2016,141.0,1,171.0
8425,JZ,2016,11.0,1,7.0
8425,KZ,2016,15.0,1,27.0
8425,LZ,2016,10.0,1,15.0
8425,MN,2016,69.0,1,43.0
8425,OQ,2016,43.0,1,40.0
8425,RU,2016,36.0,1,30.0
8430,BE,2016,28.0,1,44.0
8430,FZ,2016,60.0,1,52.0
8430,GI,2016,140.0,1,144.0
8430,JZ,2016,10.0,1,5.0
8430,KZ,2016,8.0,1,17.0
8430,LZ,2016,14.0,1,13.0
8430,MN,2016,42.0,1,68.0
8430,OQ,2016,34.0,1,40.0
8430,RU,2016,33.0,1,33.0
8435,BE,2016,129.0,1,110.0
8435,FZ,2016,245.0,1,274.0
8435,GI,2016,518.0,1,421.0
8435,JZ,2016,58.0,1,56.0
8435,KZ,2016,23.0,1,42.0
8435,LZ,2016,95.0,1,87.0
8435,MN,2016,291.0,1,321.0
8435,OQ,2016,240.0,1,227.0
8435,RU,2016,184.0,1,144.0
9305,BE,2016,59.0,1,62.0
9305,FZ,2016,180.0,1,161.0
9305,GI,2016,320.0,1,298.0
9305,JZ,2016,23.0,1,27.0
9305,KZ,2016,32.0,1,32.0
9305,LZ,2016,26.0,1,30.0
9305,MN,2016,180.0,1,186.0
9305,OQ,2016,106.0,1,120.0
9305,RU,2016,121.0,1,104.0
9310,BE,2016,171.0,1,124.0
9310,FZ,2016,139.0,1,125.0
9310,GI,2016,304.0,1,288.0
9310,JZ,2016,20.0,1,19.0
9310,KZ,2016,42.0,1,38.0
9310,LZ,2016,45.0,1,39.0
9310,MN,2016,143.0,1,138.0
9310,OQ,2016,201.0,1,184.0
9310,RU,2016,124.0,1,132.0
9315,BE,2016,270.0,1,310.0
9315,FZ,2016,1362.0,1,1595.0
9315,GI,2016,2922.0,1,2580.0
9315,JZ,2016,339.0,1,361.0
9315,KZ,2016,294.0,1,248.0
9315,LZ,2016,513.0,1,445.0
9315,MN,2016,2210.0,1,2141.0
9315,OQ,2016,1059.0,1,1072.0
9315,RU,2016,834.0,1,918.0
0053,BE,2016,198.0,2,184.0
0053,FZ,2016,457.0,2,471.0
0053,GI,2016,1104.0,2,1109.0
0053,JZ,2016,102.0,2,89.0
0053,KZ,2016,111.0,2,118.0
0053,LZ,2016,87.0,2,67.0
0053,MN,2016,588.0,2,617.0
0053,OQ,2016,435.0,2,417.0
0053,RU,2016,350.0,2,363.0
0058,BE,2016,45.0,2,41.0
0058,FZ,2016,45.0,2,40.0
0058,GI,2016,149.0,2,131.0
0058,JZ,2016,4.0,2,3.0
0058,KZ,2016,16.0,2,9.0
0058,LZ,2016,16.0,2,14.0
0058,MN,2016,44.0,2,61.0
0058,OQ,2016,31.0,2,42.0
0058,RU,2016,40.0,2,69.0
0063,BE,2016,92.0,2,128.0
0063,FZ,2016,48.0,2,55.0
0063,GI,2016,187.0,2,152.0
0063,JZ,2016,9.0,2,7.0
0063,KZ,2016,12.0,2,10.0
0063,LZ,2016,19.0,2,13.0
0063,MN,2016,71.0,2,61.0
0063,OQ,2016,55.0,2,73.0
0063,RU,2016,39.0,2,49.0
1104,BE,2016,145.0,2,140.0
1104,FZ,2016,688.0,2,643.0
1104,GI,2016,1921.0,2,1706.0
1104,JZ,2016,323.0,2,268.0
1104,KZ,2016,130.0,2,132.0
1104,LZ,2016,163.0,2,185.0
1104,MN,2016,1159.0,2,1022.0
1104,OQ,2016,568.0,2,573.0
1104,RU,2016,479.0,2,480.0
1109,BE,2016,2962.0,2,2881.0
1109,FZ,2016,8409.0,2,8854.0
1109,GI,2016,36823.0,2,28633.0
1109,JZ,2016,10514.0,2,9669.0
1109,KZ,2016,4910.0,2,4509.0
1109,LZ,2016,3490.0,2,3431.0
1109,MN,2016,38216.0,2,33306.0
1109,OQ,2016,11719.0,2,10364.0
1109,RU,2016,10736.0,2,10114.0
1114,BE,2016,208.0,2,213.0
1114,FZ,2016,732.0,2,822.0
1114,GI,2016,2412.0,2,2301.0
1114,JZ,2016,581.0,2,521.0
1114,KZ,2016,242.0,2,213.0
1114,LZ,2016,280.0,2,247.0
1114,MN,2016,2096.0,2,1888.0
1114,OQ,2016,906.0,2,866.0
1114,RU,2016,700.0,2,691.0
2404,BE,2016,27.0,2,22.0
2404,FZ,2016,34.0,2,48.0
2404,GI,2016,125.0,2,119.0
2404,JZ,2016,8.0,2,5.0
2404,KZ,2016,16.0,2,22.0
2404,LZ,2016,13.0,2,5.0
2404,MN,2016,58.0,2,70.0
2404,OQ,2016,29.0,2,21.0
2404,RU,2016,30.0,2,38.0
2409,BE,2016,43.0,2,62.0
2409,FZ,2016,149.0,2,164.0
2409,GI,2016,404.0,2,386.0
2409,JZ,2016,23.0,2,12.0
2409,KZ,2016,17.0,2,19.0
2409,LZ,2016,18.0,2,10.0
2409,MN,2016,145.0,2,156.0
2409,OQ,2016,71.0,2,81.0
2409,RU,2016,105.0,2,108.0
2414,BE,2016,34.0,2,26.0
2414,FZ,2016,65.0,2,49.0
2414,GI,2016,157.0,2,123.0
2414,JZ,2016,13.0,2,18.0
2414,KZ,2016,15.0,2,8.0
2414,LZ,2016,16.0,2,21.0
2414,MN,2016,62.0,2,76.0
2414,OQ,2016,51.0,2,37.0
2414,RU,2016,41.0,2,49.0
2704,BE,2016,33.0,2,36.0
2704,FZ,2016,59.0,2,62.0
2704,GI,2016,285.0,2,315.0
2704,JZ,2016,14.0,2,14.0
2704,KZ,2016,21.0,2,36.0
2704,LZ,2016,28.0,2,42.0
2704,MN,2016,130.0,2,119.0
2704,OQ,2016,71.0,2,57.0
2704,RU,2016,52.0,2,58.0
2709,BE,2016,48.0,2,28.0
2709,FZ,2016,53.0,2,41.0
2709,GI,2016,192.0,2,153.0
2709,JZ,2016,4.0,2,6.0
2709,KZ,2016,4.0,2,10.0
2709,LZ,2016,6.0,2,11.0
2709,MN,2016,69.0,2,59.0
2709,OQ,2016,50.0,2,40.0
2709,RU,2016,25.0,2,34.0
2714,BE,2016,73.0,2,80.0
2714,FZ,2016,114.0,2,101.0
2714,GI,2016,460.0,2,439.0
2714,JZ,2016,26.0,2,24.0
2714,KZ,2016,18.0,2,28.0
2714,LZ,2016,25.0,2,27.0
2714,MN,2016,156.0,2,176.0
2714,OQ,2016,139.0,2,92.0
2714,RU,2016,140.0,2,139.0
2801,BE,2016,19.0,2,24.0
2801,FZ,2016,23.0,2,32.0
2801,GI,2016,79.0,2,68.0
2801,JZ,2016,4.0,2,2.0
2801,KZ,2016,17.0,2,3.0
2801,LZ,2016,10.0,2,3.0
2801,MN,2016,29.0,2,38.0
2801,OQ,2016,18.0,2,22.0
2801,RU,2016,29.0,2,30.0
2806,BE,2016,16.0,2,25.0
2806,FZ,2016,25.0,2,28.0
2806,GI,2016,149.0,2,123.0
2806,JZ,2016,6.0,2,9.0
2806,KZ,2016,11.0,2,11.0
2806,LZ,2016,8.0,2,9.0
2806,MN,2016,63.0,2,51.0
2806,OQ,2016,61.0,2,61.0
2806,RU,2016,50.0,2,35.0
2811,BE,2016,44.0,2,35.0
2811,FZ,2016,107.0,2,101.0
2811,GI,2016,337.0,2,301.0
2811,JZ,2016,19.0,2,16.0
2811,KZ,2016,42.0,2,33.0
2811,LZ,2016,37.0,2,29.0
2811,MN,2016,168.0,2,139.0
2811,OQ,2016,87.0,2,97.0
2811,RU,2016,110.0,2,93.0
2816,BE,2016,52.0,2,40.0
2816,FZ,2016,53.0,2,47.0
2816,GI,2016,228.0,2,200.0
2816,JZ,2016,22.0,2,19.0
2816,KZ,2016,43.0,2,36.0
2816,LZ,2016,20.0,2,29.0
2816,MN,2016,96.0,2,77.0
2816,OQ,2016,74.0,2,72.0
2816,RU,2016,66.0,2,62.0
3202,BE,2016,167.0,2,159.0
3202,FZ,2016,269.0,2,277.0
3202,GI,2016,727.0,2,701.0
3202,JZ,2016,70.0,2,89.0
3202,KZ,2016,87.0,2,89.0
3202,LZ,2016,98.0,2,90.0
3202,MN,2016,439.0,2,373.0
3202,OQ,2016,407.0,2,418.0
3202,RU,2016,257.0,2,266.0
3207,BE,2016,35.0,2,37.0
3207,FZ,2016,80.0,2,89.0
3207,GI,2016,315.0,2,327.0
3207,JZ,2016,23.0,2,12.0
3207,KZ,2016,14.0,2,28.0
3207,LZ,2016,17.0,2,19.0
3207,MN,2016,107.0,2,101.0
3207,OQ,2016,91.0,2,100.0
3207,RU,2016,86.0,2,107.0
3212,BE,2016,114.0,2,60.0
3212,FZ,2016,116.0,2,127.0
3212,GI,2016,574.0,2,471.0
3212,JZ,2016,37.0,2,27.0
3212,KZ,2016,49.0,2,50.0
3212,LZ,2016,28.0,2,26.0
3212,MN,2016,198.0,2,192.0
3212,OQ,2016,174.0,2,156.0
3212,RU,2016,124.0,2,160.0
3217,BE,2016,61.0,2,79.0
3217,FZ,2016,139.0,2,138.0
3217,GI,2016,533.0,2,468.0
3217,JZ,2016,16.0,2,17.0
3217,KZ,2016,33.0,2,18.0
3217,LZ,2016,22.0,2,30.0
3217,MN,2016,171.0,2,137.0
3217,OQ,2016,136.0,2,136.0
3217,RU,2016,137.0,2,117.0
3222,BE,2016,419.0,2,187.0
3222,FZ,2016,215.0,2,259.0
3222,GI,2016,893.0,2,802.0
3222,JZ,2016,74.0,2,50.0
3222,KZ,2016,66.0,2,54.0
3222,LZ,2016,43.0,2,60.0
3222,MN,2016,327.0,2,328.0
3222,OQ,2016,270.0,2,250.0
3222,RU,2016,209.0,2,225.0
4405,BE,2016,89.0,2,90.0
4405,FZ,2016,142.0,2,108.0
4405,GI,2016,578.0,2,489.0
4405,JZ,2016,45.0,2,46.0
4405,KZ,2016,67.0,2,46.0
4405,LZ,2016,56.0,2,59.0
4405,MN,2016,316.0,2,331.0
4405,OQ,2016,228.0,2,208.0
4405,RU,2016,153.0,2,140.0
4410,BE,2016,139.0,2,150.0
4410,FZ,2016,399.0,2,481.0
4410,GI,2016,1205.0,2,1109.0
4410,JZ,2016,113.0,2,115.0
4410,KZ,2016,129.0,2,101.0
4410,LZ,2016,84.0,2,96.0
4410,MN,2016,582.0,2,574.0
4410,OQ,2016,439.0,2,441.0
4410,RU,2016,325.0,2,329.0
4415,BE,2016,95.0,2,37.0
4415,FZ,2016,67.0,2,48.0
4415,GI,2016,179.0,2,170.0
4415,JZ,2016,14.0,2,7.0
4415,KZ,2016,16.0,2,22.0
4415,LZ,2016,17.0,2,13.0
4415,MN,2016,73.0,2,53.0
4415,OQ,2016,56.0,2,47.0
4415,RU,2016,43.0,2,44.0
4420,BE,2016,58.0,2,49.0
4420,FZ,2016,75.0,2,94.0
4420,GI,2016,269.0,2,301.0
4420,JZ,2016,10.0,2,15.0
4420,KZ,2016,20.0,2,16.0
4420,LZ,2016,14.0,2,18.0
4420,MN,2016,100.0,2,94.0
4420,OQ,2016,97.0,2,78.0
4420,RU,2016,74.0,2,89.0
4425,BE,2016,129.0,2,78.0
4425,FZ,2016,188.0,2,171.0
4425,GI,2016,644.0,2,639.0
4425,JZ,2016,49.0,2,45.0
4425,KZ,2016,73.0,2,80.0
4425,LZ,2016,65.0,2,55.0
4425,MN,2016,306.0,2,272.0
4425,OQ,2016,207.0,2,216.0
4425,RU,2016,168.0,2,186.0
5203,BE,2016,108.0,2,102.0
5203,FZ,2016,115.0,2,122.0
5203,GI,2016,421.0,2,456.0
5203,JZ,2016,24.0,2,10.0
5203,KZ,2016,55.0,2,38.0
5203,LZ,2016,63.0,2,62.0
5203,MN,2016,191.0,2,178.0
5203,OQ,2016,164.0,2,142.0
5203,RU,2016,120.0,2,117.0
5208,BE,2016,31.0,2,33.0
5208,FZ,2016,30.0,2,43.0
5208,GI,2016,124.0,2,112.0
5208,JZ,2016,5.0,2,10.0
5208,KZ,2016,15.0,2,16.0
5208,LZ,2016,26.0,2,25.0
5208,MN,2016,53.0,2,52.0
5208,OQ,2016,25.0,2,34.0
5208,RU,2016,41.0,2,37.0
5213,BE,2016,100.0,2,95.0
5213,FZ,2016,66.0,2,70.0
5213,GI,2016,287.0,2,266.0
5213,JZ,2016,26.0,2,19.0
5213,KZ,2016,53.0,2,41.0
5213,LZ,2016,60.0,2,35.0
5213,MN,2016,153.0,2,124.0
5213,OQ,2016,113.0,2,104.0
5213,RU,2016,89.0,2,80.0
5218,BE,2016,22.0,2,34.0
5218,FZ,2016,30.0,2,27.0
5218,GI,2016,95.0,2,91.0
5218,JZ,2016,0.0,2,6.0
5218,KZ,2016,9.0,2,16.0
5218,LZ,2016,17.0,2,16.0
5218,MN,2016,43.0,2,37.0
5218,OQ,2016,34.0,2,22.0
5218,RU,2016,22.0,2,26.0
5302,BE,2016,154.0,2,119.0
5302,FZ,2016,264.0,2,274.0
5302,GI,2016,700.0,2,718.0
5302,JZ,2016,104.0,2,80.0
5302,KZ,2016,104.0,2,102.0
5302,LZ,2016,75.0,2,78.0
5302,MN,2016,438.0,2,478.0
5302,OQ,2016,472.0,2,458.0
5302,RU,2016,289.0,2,305.0
5307,BE,2016,36.0,2,30.0
5307,FZ,2016,41.0,2,54.0
5307,GI,2016,125.0,2,141.0
5307,JZ,2016,8.0,2,13.0
5307,KZ,2016,34.0,2,24.0
5307,LZ,2016,14.0,2,11.0
5307,MN,2016,89.0,2,69.0
5307,OQ,2016,44.0,2,62.0
5307,RU,2016,42.0,2,58.0
5312,BE,2016,65.0,2,55.0
5312,FZ,2016,60.0,2,64.0
5312,GI,2016,203.0,2,213.0
5312,JZ,2016,12.0,2,20.0
5312,KZ,2016,37.0,2,40.0
5312,LZ,2016,19.0,2,38.0
5312,MN,2016,101.0,2,106.0
5312,OQ,2016,71.0,2,110.0
5312,RU,2016,61.0,2,68.0
5317,BE,2016,85.0,2,65.0
5317,FZ,2016,110.0,2,124.0
5317,GI,2016,395.0,2,375.0
5317,JZ,2016,47.0,2,36.0
5317,KZ,2016,99.0,2,87.0
5317,LZ,2016,47.0,2,34.0
5317,MN,2016,246.0,2,220.0
5317,OQ,2016,158.0,2,163.0
5317,RU,2016,166.0,2,159.0
7503,BE,2016,222.0,2,221.0
7503,FZ,2016,490.0,2,449.0
7503,GI,2016,1191.0,2,1023.0
7503,JZ,2016,137.0,2,132.0
7503,KZ,2016,147.0,2,144.0
7503,LZ,2016,249.0,2,233.0
7503,MN,2016,872.0,2,883.0
7503,OQ,2016,679.0,2,763.0
7503,RU,2016,453.0,2,469.0
7508,BE,2016,37.0,2,62.0
7508,FZ,2016,67.0,2,53.0
7508,GI,2016,210.0,2,241.0
7508,JZ,2016,8.0,2,5.0
7508,KZ,2016,28.0,2,18.0
7508,LZ,2016,15.0,2,19.0
7508,MN,2016,75.0,2,65.0
7508,OQ,2016,56.0,2,70.0
7508,RU,2016,55.0,2,58.0
7513,BE,2016,137.0,2,159.0
7513,FZ,2016,253.0,2,254.0
7513,GI,2016,659.0,2,574.0
7513,JZ,2016,30.0,2,40.0
7513,KZ,2016,67.0,2,70.0
7513,LZ,2016,134.0,2,96.0
7513,MN,2016,331.0,2,378.0
7513,OQ,2016,238.0,2,227.0
7513,RU,2016,253.0,2,202.0
7518,BE,2016,60.0,2,79.0
7518,FZ,2016,98.0,2,100.0
7518,GI,2016,285.0,2,271.0
7518,JZ,2016,15.0,2,10.0
7518,KZ,2016,32.0,2,33.0
7518,LZ,2016,20.0,2,23.0
7518,MN,2016,121.0,2,111.0
7518,OQ,2016,100.0,2,94.0
7518,RU,2016,63.0,2,72.0
7523,BE,2016,162.0,2,153.0
7523,FZ,2016,232.0,2,218.0
7523,GI,2016,604.0,2,576.0
7523,JZ,2016,32.0,2,37.0
7523,KZ,2016,49.0,2,51.0
7523,LZ,2016,37.0,2,40.0
7523,MN,2016,313.0,2,248.0
7523,OQ,2016,214.0,2,242.0
7523,RU,2016,205.0,2,242.0
7528,BE,2016,80.0,2,89.0
7528,FZ,2016,121.0,2,130.0
7528,GI,2016,318.0,2,289.0
7528,JZ,2016,18.0,2,15.0
7528,KZ,2016,32.0,2,41.0
7528,LZ,2016,48.0,2,45.0
7528,MN,2016,151.0,2,158.0
7528,OQ,2016,137.0,2,141.0
7528,RU,2016,127.0,2,122.0
7601,BE,2016,70.0,2,55.0
7601,FZ,2016,113.0,2,125.0
7601,GI,2016,559.0,2,520.0
7601,JZ,2016,16.0,2,24.0
7601,KZ,2016,20.0,2,25.0
7601,LZ,2016,62.0,2,39.0
7601,MN,2016,169.0,2,185.0
7601,OQ,2016,113.0,2,96.0
7601,RU,2016,117.0,2,129.0
7606,BE,2016,164.0,2,191.0
7606,FZ,2016,435.0,2,386.0
7606,GI,2016,866.0,2,919.0
7606,JZ,2016,39.0,2,60.0
7606,KZ,2016,65.0,2,62.0
7606,LZ,2016,92.0,2,73.0
7606,MN,2016,373.0,2,382.0
7606,OQ,2016,280.0,2,319.0
7606,RU,2016,255.0,2,236.0
7611,BE,2016,122.0,2,194.0
7611,FZ,2016,100.0,2,84.0
7611,GI,2016,217.0,2,174.0
7611,JZ,2016,10.0,2,11.0
7611,KZ,2016,13.0,2,17.0
7611,LZ,2016,18.0,2,29.0
7611,MN,2016,97.0,2,93.0
7611,OQ,2016,111.0,2,96.0
7611,RU,2016,76.0,2,78.0
7616,BE,2016,520.0,2,485.0
7616,FZ,2016,1436.0,2,1391.0
7616,GI,2016,3041.0,2,2709.0
7616,JZ,2016,505.0,2,495.0
7616,KZ,2016,291.0,2,311.0
7616,LZ,2016,327.0,2,256.0
7616,MN,2016,2271.0,2,2156.0
7616,OQ,2016,1559.0,2,1595.0
7616,RU,2016,984.0,2,961.0
7621,BE,2016,209.0,2,178.0
7621,FZ,2016,143.0,2,96.0
7621,GI,2016,280.0,2,274.0
7621,JZ,2016,27.0,2,28.0
7621,KZ,2016,52.0,2,36.0
7621,LZ,2016,59.0,2,46.0
7621,MN,2016,165.0,2,157.0
7621,OQ,2016,179.0,2,156.0
7621,RU,2016,90.0,2,93.0
8401,BE,2016,177.0,2,171.0
8401,FZ,2016,376.0,2,422.0
8401,GI,2016,879.0,2,768.0
8401,JZ,2016,147.0,2,121.0
8401,KZ,2016,116.0,2,119.0
8401,LZ,2016,141.0,2,126.0
8401,MN,2016,739.0,2,722.0
8401,OQ,2016,553.0,2,524.0
8401,RU,2016,359.0,2,345.0
8406,BE,2016,106.0,2,138.0
8406,FZ,2016,289.0,2,296.0
8406,GI,2016,761.0,2,733.0
8406,JZ,2016,69.0,2,46.0
8406,KZ,2016,62.0,2,68.0
8406,LZ,2016,82.0,2,83.0
8406,MN,2016,394.0,2,379.0
8406,OQ,2016,243.0,2,265.0
8406,RU,2016,174.0,2,196.0
8411,BE,2016,29.0,2,25.0
8411,FZ,2016,34.0,2,44.0
8411,GI,2016,147.0,2,125.0
8411,JZ,2016,9.0,2,11.0
8411,KZ,2016,9.0,2,9.0
8411,LZ,2016,32.0,2,21.0
8411,MN,2016,59.0,2,50.0
8411,OQ,2016,66.0,2,90.0
8411,RU,2016,41.0,2,45.0
8416,BE,2016,124.0,2,167.0
8416,FZ,2016,313.0,2,324.0
8416,GI,2016,823.0,2,725.0
8416,JZ,2016,104.0,2,82.0
8416,KZ,2016,81.0,2,93.0
8416,LZ,2016,109.0,2,93.0
8416,MN,2016,541.0,2,488.0
8416,OQ,2016,428.0,2,372.0
8416,RU,2016,316.0,2,303.0
8421,BE,2016,882.0,2,897.0
8421,FZ,2016,2241.0,2,2221.0
8421,GI,2016,7375.0,2,5938.0
8421,JZ,2016,1275.0,2,1219.0
8421,KZ,2016,726.0,2,879.0
8421,LZ,2016,889.0,2,732.0
8421,MN,2016,6033.0,2,5534.0
8421,OQ,2016,3099.0,2,2879.0
8421,RU,2016,1927.0,2,1873.0
8426,BE,2016,62.0,2,82.0
8426,FZ,2016,108.0,2,92.0
8426,GI,2016,339.0,2,365.0
8426,JZ,2016,16.0,2,19.0
8426,KZ,2016,21.0,2,37.0
8426,LZ,2016,53.0,2,45.0
8426,MN,2016,136.0,2,136.0
8426,OQ,2016,130.0,2,114.0
8426,RU,2016,103.0,2,86.0
8431,BE,2016,210.0,2,206.0
8431,FZ,2016,383.0,2,383.0
8431,GI,2016,858.0,2,829.0
8431,JZ,2016,85.0,2,95.0
8431,KZ,2016,90.0,2,106.0
8431,LZ,2016,109.0,2,104.0
8431,MN,2016,503.0,2,461.0
8431,OQ,2016,401.0,2,381.0
8431,RU,2016,304.0,2,303.0
9301,BE,2016,258.0,2,235.0
9301,FZ,2016,569.0,2,555.0
9301,GI,2016,1538.0,2,1424.0
9301,JZ,2016,270.0,2,234.0
9301,KZ,2016,221.0,2,219.0
9301,LZ,2016,202.0,2,222.0
9301,MN,2016,1444.0,2,1281.0
9301,OQ,2016,828.0,2,758.0
9301,RU,2016,526.0,2,519.0
9306,BE,2016,102.0,2,133.0
9306,FZ,2016,183.0,2,200.0
9306,GI,2016,474.0,2,511.0
9306,JZ,2016,25.0,2,29.0
9306,KZ,2016,43.0,2,29.0
9306,LZ,2016,53.0,2,52.0
9306,MN,2016,258.0,2,251.0
9306,OQ,2016,156.0,2,175.0
9306,RU,2016,160.0,2,166.0
9311,BE,2016,78.0,2,85.0
9311,FZ,2016,131.0,2,162.0
9311,GI,2016,386.0,2,346.0
9311,JZ,2016,21.0,2,24.0
9311,KZ,2016,24.0,2,9.0
9311,LZ,2016,18.0,2,25.0
9311,MN,2016,171.0,2,149.0
9311,OQ,2016,122.0,2,138.0
9311,RU,2016,110.0,2,115.0
9316,BE,2016,56.0,2,49.0
9316,FZ,2016,94.0,2,107.0
9316,GI,2016,254.0,2,235.0
9316,JZ,2016,11.0,2,10.0
9316,KZ,2016,23.0,2,27.0
9316,LZ,2016,16.0,2,22.0
9316,MN,2016,91.0,2,118.0
9316,OQ,2016,72.0,2,82.0
9316,RU,2016,59.0,2,69.0
0054,BE,2016,124.0,3,112.0
0054,FZ,2016,285.0,3,316.0
0054,GI,2016,738.0,3,645.0
0054,JZ,2016,44.0,3,41.0
0054,KZ,2016,66.0,3,64.0
0054,LZ,2016,73.0,3,66.0
0054,MN,2016,339.0,3,325.0
0054,OQ,2016,205.0,3,167.0
0054,RU,2016,162.0,3,195.0
0059,BE,2016,68.0,3,79.0
0059,FZ,2016,142.0,3,137.0
0059,GI,2016,437.0,3,430.0
0059,JZ,2016,31.0,3,32.0
0059,KZ,2016,34.0,3,37.0
0059,LZ,2016,68.0,3,52.0
0059,MN,2016,242.0,3,208.0
0059,OQ,2016,161.0,3,148.0
0059,RU,2016,129.0,3,134.0
0064,BE,2016,71.0,3,72.0
0064,FZ,2016,88.0,3,87.0
0064,GI,2016,267.0,3,202.0
0064,JZ,2016,10.0,3,11.0
0064,KZ,2016,10.0,3,14.0
0064,LZ,2016,26.0,3,25.0
0064,MN,2016,99.0,3,107.0
0064,OQ,2016,71.0,3,92.0
0064,RU,2016,79.0,3,98.0
1105,BE,2016,77.0,3,75.0
1105,FZ,2016,232.0,3,205.0
1105,GI,2016,564.0,3,512.0
1105,JZ,2016,74.0,3,69.0
1105,KZ,2016,49.0,3,51.0
1105,LZ,2016,42.0,3,44.0
1105,MN,2016,444.0,3,347.0
1105,OQ,2016,240.0,3,241.0
1105,RU,2016,221.0,3,222.0
1110,BE,2016,26.0,3,15.0
1110,FZ,2016,59.0,3,47.0
1110,GI,2016,163.0,3,143.0
1110,JZ,2016,10.0,3,18.0
1110,KZ,2016,13.0,3,17.0
1110,LZ,2016,8.0,3,12.0
1110,MN,2016,67.0,3,76.0
1110,OQ,2016,67.0,3,44.0
1110,RU,2016,43.0,3,48.0
1115,BE,2016,169.0,3,194.0
1115,FZ,2016,457.0,3,463.0
1115,GI,2016,1730.0,3,1564.0
1115,JZ,2016,476.0,3,445.0
1115,KZ,2016,207.0,3,187.0
1115,LZ,2016,218.0,3,204.0
1115,MN,2016,1848.0,3,1621.0
1115,OQ,2016,778.0,3,740.0
1115,RU,2016,506.0,3,451.0
2405,BE,2016,142.0,3,180.0
2405,FZ,2016,129.0,3,129.0
2405,GI,2016,425.0,3,413.0
2405,JZ,2016,19.0,3,16.0
2405,KZ,2016,38.0,3,40.0
2405,LZ,2016,53.0,3,55.0
2405,MN,2016,206.0,3,206.0
2405,OQ,2016,154.0,3,130.0
2405,RU,2016,126.0,3,146.0
2410,BE,2016,170.0,3,139.0
2410,FZ,2016,396.0,3,359.0
2410,GI,2016,1184.0,3,1081.0
2410,JZ,2016,135.0,3,110.0
2410,KZ,2016,105.0,3,120.0
2410,LZ,2016,89.0,3,103.0
2410,MN,2016,637.0,3,630.0
2410,OQ,2016,395.0,3,369.0
2410,RU,2016,363.0,3,330.0
2415,BE,2016,34.0,3,32.0
2415,FZ,2016,43.0,3,39.0
2415,GI,2016,121.0,3,116.0
2415,JZ,2016,8.0,3,8.0
2415,KZ,2016,4.0,3,4.0
2415,LZ,2016,5.0,3,6.0
2415,MN,2016,31.0,3,40.0
2415,OQ,2016,35.0,3,32.0
2415,RU,2016,37.0,3,37.0
2705,BE,2016,62.0,3,75.0
2705,FZ,2016,151.0,3,151.0
2705,GI,2016,439.0,3,436.0
2705,JZ,2016,51.0,3,32.0
2705,KZ,2016,30.0,3,28.0
2705,LZ,2016,24.0,3,35.0
2705,MN,2016,190.0,3,182.0
2705,OQ,2016,185.0,3,120.0
2705,RU,2016,113.0,3,116.0
2710,BE,2016,30.0,3,34.0
2710,FZ,2016,64.0,3,51.0
2710,GI,2016,250.0,3,222.0
2710,JZ,2016,16.0,3,23.0
2710,KZ,2016,18.0,3,5.0
2710,LZ,2016,22.0,3,11.0
2710,MN,2016,74.0,3,77.0
2710,OQ,2016,79.0,3,71.0
2710,RU,2016,61.0,3,60.0
2715,BE,2016,93.0,3,80.0
2715,FZ,2016,104.0,3,84.0
2715,GI,2016,310.0,3,302.0
2715,JZ,2016,15.0,3,9.0
2715,KZ,2016,21.0,3,19.0
2715,LZ,2016,44.0,3,36.0
2715,MN,2016,122.0,3,104.0
2715,OQ,2016,99.0,3,100.0
2715,RU,2016,112.0,3,97.0
2802,BE,2016,38.0,3,46.0
2802,FZ,2016,48.0,3,50.0
2802,GI,2016,189.0,3,207.0
2802,JZ,2016,13.0,3,9.0
2802,KZ,2016,16.0,3,27.0
2802,LZ,2016,12.0,3,18.0
2802,MN,2016,91.0,3,68.0
2802,OQ,2016,88.0,3,66.0
2802,RU,2016,53.0,3,54.0
2807,BE,2016,75.0,3,54.0
2807,FZ,2016,97.0,3,120.0
2807,GI,2016,329.0,3,278.0
2807,JZ,2016,15.0,3,10.0
2807,KZ,2016,29.0,3,35.0
2807,LZ,2016,35.0,3,29.0
2807,MN,2016,137.0,3,133.0
2807,OQ,2016,81.0,3,94.0
2807,RU,2016,91.0,3,107.0
2812,BE,2016,14.0,3,20.0
2812,FZ,2016,46.0,3,61.0
2812,GI,2016,97.0,3,75.0
2812,JZ,2016,8.0,3,4.0
2812,KZ,2016,12.0,3,10.0
2812,LZ,2016,8.0,3,12.0
2812,MN,2016,53.0,3,44.0
2812,OQ,2016,30.0,3,24.0
2812,RU,2016,25.0,3,22.0
2817,BE,2016,60.0,3,56.0
2817,FZ,2016,128.0,3,128.0
2817,GI,2016,313.0,3,284.0
2817,JZ,2016,31.0,3,35.0
2817,KZ,2016,30.0,3,27.0
2817,LZ,2016,35.0,3,24.0
2817,MN,2016,166.0,3,190.0
2817,OQ,2016,118.0,3,94.0
2817,RU,2016,102.0,3,108.0
3203,BE,2016,76.0,3,73.0
3203,FZ,2016,100.0,3,149.0
3203,GI,2016,376.0,3,376.0
3203,JZ,2016,31.0,3,31.0
3203,KZ,2016,53.0,3,57.0
3203,LZ,2016,28.0,3,44.0
3203,MN,2016,223.0,3,218.0
3203,OQ,2016,159.0,3,172.0
3203,RU,2016,123.0,3,103.0
3208,BE,2016,57.0,3,59.0
3208,FZ,2016,80.0,3,101.0
3208,GI,2016,331.0,3,271.0
3208,JZ,2016,18.0,3,14.0
3208,KZ,2016,49.0,3,39.0
3208,LZ,2016,18.0,3,31.0
3208,MN,2016,126.0,3,104.0
3208,OQ,2016,117.0,3,111.0
3208,RU,2016,95.0,3,86.0
3213,BE,2016,74.0,3,65.0
3213,FZ,2016,104.0,3,105.0
3213,GI,2016,501.0,3,526.0
3213,JZ,2016,26.0,3,30.0
3213,KZ,2016,46.0,3,44.0
3213,LZ,2016,47.0,3,46.0
3213,MN,2016,208.0,3,184.0
3213,OQ,2016,189.0,3,150.0
3213,RU,2016,155.0,3,151.0
3218,BE,2016,125.0,3,124.0
3218,FZ,2016,367.0,3,371.0
3218,GI,2016,1298.0,3,1109.0
3218,JZ,2016,164.0,3,128.0
3218,KZ,2016,102.0,3,118.0
3218,LZ,2016,78.0,3,73.0
3218,MN,2016,674.0,3,603.0
3218,OQ,2016,411.0,3,361.0
3218,RU,2016,270.0,3,280.0
4401,BE,2016,41.0,3,40.0
4401,FZ,2016,40.0,3,41.0
4401,GI,2016,155.0,3,136.0
4401,JZ,2016,15.0,3,5.0
4401,KZ,2016,10.0,3,16.0
4401,LZ,2016,6.0,3,7.0
4401,MN,2016,52.0,3,44.0
4401,OQ,2016,42.0,3,43.0
4401,RU,2016,41.0,3,28.0
4406,BE,2016,49.0,3,33.0
4406,FZ,2016,51.0,3,54.0
4406,GI,2016,209.0,3,176.0
4406,JZ,2016,13.0,3,11.0
4406,KZ,2016,21.0,3,25.0
4406,LZ,2016,28.0,3,48.0
4406,MN,2016,63.0,3,89.0
4406,OQ,2016,67.0,3,55.0
4406,RU,2016,55.0,3,52.0
4411,BE,2016,158.0,3,213.0
4411,FZ,2016,321.0,3,278.0
4411,GI,2016,1399.0,3,1165.0
4411,JZ,2016,81.0,3,81.0
4411,KZ,2016,99.0,3,81.0
4411,LZ,2016,86.0,3,76.0
4411,MN,2016,546.0,3,532.0
4411,OQ,2016,394.0,3,381.0
4411,RU,2016,360.0,3,300.0
4416,BE,2016,77.0,3,41.0
4416,FZ,2016,109.0,3,103.0
4416,GI,2016,312.0,3,293.0
4416,JZ,2016,13.0,3,16.0
4416,KZ,2016,16.0,3,13.0
4416,LZ,2016,14.0,3,19.0
4416,MN,2016,104.0,3,100.0
4416,OQ,2016,106.0,3,98.0
4416,RU,2016,80.0,3,96.0
4421,BE,2016,50.0,3,31.0
4421,FZ,2016,58.0,3,49.0
4421,GI,2016,237.0,3,204.0
4421,JZ,2016,9.0,3,9.0
4421,KZ,2016,15.0,3,16.0
4421,LZ,2016,10.0,3,9.0
4421,MN,2016,52.0,3,55.0
4421,OQ,2016,63.0,3,42.0
4421,RU,2016,58.0,3,58.0
4426,BE,2016,28.0,3,46.0
4426,FZ,2016,53.0,3,58.0
4426,GI,2016,169.0,3,173.0
4426,JZ,2016,12.0,3,4.0
4426,KZ,2016,8.0,3,12.0
4426,LZ,2016,11.0,3,13.0
4426,MN,2016,57.0,3,52.0
4426,OQ,2016,50.0,3,58.0
4426,RU,2016,47.0,3,53.0
5204,BE,2016,18.0,3,23.0
5204,FZ,2016,29.0,3,24.0
5204,GI,2016,87.0,3,82.0
5204,JZ,2016,4.0,3,11.0
5204,KZ,2016,24.0,3,16.0
5204,LZ,2016,15.0,3,10.0
5204,MN,2016,32.0,3,42.0
5204,OQ,2016,31.0,3,32.0
5204,RU,2016,14.0,3,22.0
5209,BE,2016,19.0,3,33.0
5209,FZ,2016,31.0,3,32.0
5209,GI,2016,103.0,3,118.0
5209,JZ,2016,5.0,3,8.0
5209,KZ,2016,10.0,3,8.0
5209,LZ,2016,20.0,3,8.0
5209,MN,2016,50.0,3,52.0
5209,OQ,2016,38.0,3,24.0
5209,RU,2016,48.0,3,29.0
5214,BE,2016,63.0,3,48.0
5214,FZ,2016,86.0,3,97.0
5214,GI,2016,259.0,3,255.0
5214,JZ,2016,19.0,3,19.0
5214,KZ,2016,38.0,3,37.0
5214,LZ,2016,53.0,3,34.0
5214,MN,2016,128.0,3,114.0
5214,OQ,2016,108.0,3,102.0
5214,RU,2016,73.0,3,80.0
5219,BE,2016,154.0,3,146.0
5219,FZ,2016,159.0,3,165.0
5219,GI,2016,689.0,3,583.0
5219,JZ,2016,58.0,3,55.0
5219,KZ,2016,72.0,3,60.0
5219,LZ,2016,73.0,3,85.0
5219,MN,2016,349.0,3,335.0
5219,OQ,2016,252.0,3,275.0
5219,RU,2016,216.0,3,189.0
5303,BE,2016,63.0,3,52.0
5303,FZ,2016,57.0,3,48.0
5303,GI,2016,177.0,3,198.0
5303,JZ,2016,14.0,3,12.0
5303,KZ,2016,15.0,3,14.0
5303,LZ,2016,16.0,3,12.0
5303,MN,2016,76.0,3,74.0
5303,OQ,2016,56.0,3,63.0
5303,RU,2016,45.0,3,60.0
5308,BE,2016,60.0,3,54.0
5308,FZ,2016,93.0,3,92.0
5308,GI,2016,235.0,3,274.0
5308,JZ,2016,35.0,3,41.0
5308,KZ,2016,38.0,3,30.0
5308,LZ,2016,18.0,3,17.0
5308,MN,2016,122.0,3,130.0
5308,OQ,2016,115.0,3,135.0
5308,RU,2016,94.0,3,108.0
5313,BE,2016,168.0,3,151.0
5313,FZ,2016,270.0,3,210.0
5313,GI,2016,612.0,3,638.0
5313,JZ,2016,53.0,3,52.0
5313,KZ,2016,74.0,3,121.0
5313,LZ,2016,88.0,3,79.0
5313,MN,2016,361.0,3,351.0
5313,OQ,2016,306.0,3,313.0
5313,RU,2016,221.0,3,253.0
5318,BE,2016,120.0,3,146.0
5318,FZ,2016,194.0,3,181.0
5318,GI,2016,590.0,3,531.0
5318,JZ,2016,64.0,3,51.0
5318,KZ,2016,95.0,3,72.0
5318,LZ,2016,88.0,3,82.0
5318,MN,2016,406.0,3,337.0
5318,OQ,2016,287.0,3,288.0
5318,RU,2016,197.0,3,187.0
7504,BE,2016,82.0,3,94.0
7504,FZ,2016,137.0,3,137.0
7504,GI,2016,339.0,3,355.0
7504,JZ,2016,28.0,3,17.0
7504,KZ,2016,34.0,3,25.0
7504,LZ,2016,46.0,3,40.0
7504,MN,2016,166.0,3,171.0
7504,OQ,2016,114.0,3,119.0
7504,RU,2016,108.0,3,109.0
7509,BE,2016,109.0,3,88.0
7509,FZ,2016,78.0,3,106.0
7509,GI,2016,334.0,3,343.0
7509,JZ,2016,13.0,3,19.0
7509,KZ,2016,44.0,3,40.0
7509,LZ,2016,49.0,3,49.0
7509,MN,2016,137.0,3,133.0
7509,OQ,2016,93.0,3,110.0
7509,RU,2016,110.0,3,108.0
7514,BE,2016,66.0,3,90.0
7514,FZ,2016,172.0,3,180.0
7514,GI,2016,378.0,3,334.0
7514,JZ,2016,26.0,3,27.0
7514,KZ,2016,30.0,3,42.0
7514,LZ,2016,34.0,3,37.0
7514,MN,2016,191.0,3,202.0
7514,OQ,2016,137.0,3,135.0
7514,RU,2016,128.0,3,140.0
7519,BE,2016,177.0,3,104.0
7519,FZ,2016,81.0,3,87.0
7519,GI,2016,333.0,3,323.0
7519,JZ,2016,22.0,3,29.0
7519,KZ,2016,28.0,3,35.0
7519,LZ,2016,47.0,3,36.0
7519,MN,2016,163.0,3,135.0
7519,OQ,2016,153.0,3,149.0
7519,RU,2016,91.0,3,97.0
7524,BE,2016,190.0,3,179.0
7524,FZ,2016,240.0,3,214.0
7524,GI,2016,756.0,3,700.0
7524,JZ,2016,52.0,3,79.0
7524,KZ,2016,117.0,3,93.0
7524,LZ,2016,118.0,3,116.0
7524,MN,2016,394.0,3,399.0
7524,OQ,2016,350.0,3,354.0
7524,RU,2016,262.0,3,248.0
7529,BE,2016,36.0,3,54.0
7529,FZ,2016,66.0,3,70.0
7529,GI,2016,235.0,3,260.0
7529,JZ,2016,11.0,3,16.0
7529,KZ,2016,26.0,3,14.0
7529,LZ,2016,25.0,3,27.0
7529,MN,2016,105.0,3,107.0
7529,OQ,2016,73.0,3,78.0
7529,RU,2016,72.0,3,71.0
7602,BE,2016,210.0,3,212.0
7602,FZ,2016,231.0,3,220.0
7602,GI,2016,598.0,3,527.0
7602,JZ,2016,49.0,3,47.0
7602,KZ,2016,61.0,3,61.0
7602,LZ,2016,98.0,3,55.0
7602,MN,2016,354.0,3,328.0
7602,OQ,2016,310.0,3,287.0
7602,RU,2016,243.0,3,244.0
7607,BE,2016,61.0,3,74.0
7607,FZ,2016,96.0,3,93.0
7607,GI,2016,268.0,3,242.0
7607,JZ,2016,22.0,3,19.0
7607,KZ,2016,17.0,3,20.0
7607,LZ,2016,14.0,3,16.0
7607,MN,2016,134.0,3,118.0
7607,OQ,2016,80.0,3,87.0
7607,RU,2016,95.0,3,105.0
7612,BE,2016,126.0,3,122.0
7612,FZ,2016,169.0,3,149.0
7612,GI,2016,399.0,3,357.0
7612,JZ,2016,19.0,3,30.0
7612,KZ,2016,25.0,3,29.0
7612,LZ,2016,38.0,3,48.0
7612,MN,2016,173.0,3,174.0
7612,OQ,2016,163.0,3,150.0
7612,RU,2016,145.0,3,136.0
7617,BE,2016,120.0,3,113.0
7617,FZ,2016,217.0,3,255.0
7617,GI,2016,638.0,3,623.0
7617,JZ,2016,39.0,3,35.0
7617,KZ,2016,39.0,3,38.0
7617,LZ,2016,40.0,3,74.0
7617,MN,2016,302.0,3,295.0
7617,OQ,2016,253.0,3,181.0
7617,RU,2016,196.0,3,151.0
7622,BE,2016,83.0,3,124.0
7622,FZ,2016,146.0,3,155.0
7622,GI,2016,339.0,3,304.0
7622,JZ,2016,36.0,3,16.0
7622,KZ,2016,23.0,3,12.0
7622,LZ,2016,25.0,3,33.0
7622,MN,2016,161.0,3,201.0
7622,OQ,2016,159.0,3,164.0
7622,RU,2016,108.0,3,124.0
8402,BE,2016,125.0,3,108.0
8402,FZ,2016,177.0,3,172.0
8402,GI,2016,429.0,3,447.0
8402,JZ,2016,31.0,3,16.0
8402,KZ,2016,27.0,3,24.0
8402,LZ,2016,24.0,3,30.0
8402,MN,2016,192.0,3,172.0
8402,OQ,2016,168.0,3,177.0
8402,RU,2016,161.0,3,122.0
8407,BE,2016,126.0,3,108.0
8407,FZ,2016,316.0,3,317.0
8407,GI,2016,672.0,3,597.0
8407,JZ,2016,104.0,3,65.0
8407,KZ,2016,62.0,3,80.0
8407,LZ,2016,121.0,3,100.0
8407,MN,2016,549.0,3,496.0
8407,OQ,2016,363.0,3,335.0
8407,RU,2016,253.0,3,274.0
8412,BE,2016,63.0,3,56.0
8412,FZ,2016,71.0,3,97.0
8412,GI,2016,174.0,3,197.0
8412,JZ,2016,15.0,3,8.0
8412,KZ,2016,21.0,3,21.0
8412,LZ,2016,36.0,3,31.0
8412,MN,2016,104.0,3,105.0
8412,OQ,2016,89.0,3,93.0
8412,RU,2016,58.0,3,82.0
8417,BE,2016,57.0,3,61.0
8417,FZ,2016,75.0,3,62.0
8417,GI,2016,209.0,3,177.0
8417,JZ,2016,11.0,3,13.0
8417,KZ,2016,17.0,3,24.0
8417,LZ,2016,21.0,3,31.0
8417,MN,2016,73.0,3,71.0
8417,OQ,2016,58.0,3,62.0
8417,RU,2016,63.0,3,62.0
8422,BE,2016,92.0,3,94.0
8422,FZ,2016,172.0,3,152.0
8422,GI,2016,356.0,3,300.0
8422,JZ,2016,16.0,3,16.0
8422,KZ,2016,29.0,3,32.0
8422,LZ,2016,51.0,3,48.0
8422,MN,2016,175.0,3,176.0
8422,OQ,2016,132.0,3,136.0
8422,RU,2016,112.0,3,106.0
8427,BE,2016,63.0,3,77.0
8427,FZ,2016,134.0,3,125.0
8427,GI,2016,270.0,3,256.0
8427,JZ,2016,24.0,3,14.0
8427,KZ,2016,27.0,3,25.0
8427,LZ,2016,25.0,3,26.0
8427,MN,2016,139.0,3,115.0
8427,OQ,2016,105.0,3,125.0
8427,RU,2016,88.0,3,86.0
8432,BE,2016,56.0,3,83.0
8432,FZ,2016,103.0,3,121.0
8432,GI,2016,350.0,3,348.0
8432,JZ,2016,21.0,3,19.0
8432,KZ,2016,19.0,3,29.0
8432,LZ,2016,38.0,3,31.0
8432,MN,2016,168.0,3,164.0
8432,OQ,2016,126.0,3,130.0
8432,RU,2016,114.0,3,94.0
9302,BE,2016,41.0,3,29.0
9302,FZ,2016,55.0,3,36.0
9302,GI,2016,165.0,3,185.0
9302,JZ,2016,12.0,3,6.0
9302,KZ,2016,4.0,3,6.0
9302,LZ,2016,28.0,3,28.0
9302,MN,2016,76.0,3,63.0
9302,OQ,2016,123.0,3,151.0
9302,RU,2016,70.0,3,64.0
9307,BE,2016,88.0,3,72.0
9307,FZ,2016,98.0,3,107.0
9307,GI,2016,252.0,3,257.0
9307,JZ,2016,15.0,3,23.0
9307,KZ,2016,20.0,3,20.0
9307,LZ,2016,22.0,3,23.0
9307,MN,2016,115.0,3,93.0
9307,OQ,2016,138.0,3,147.0
9307,RU,2016,71.0,3,88.0
9312,BE,2016,540.0,3,553.0
9312,FZ,2016,1814.0,3,1963.0
9312,GI,2016,4607.0,3,3864.0
9312,JZ,2016,545.0,3,507.0
9312,KZ,2016,428.0,3,413.0
9312,LZ,2016,446.0,3,551.0
9312,MN,2016,3155.0,3,2890.0
9312,OQ,2016,1915.0,3,1872.0
9312,RU,2016,1245.0,3,1275.0
9317,BE,2016,56.0,3,47.0
9317,FZ,2016,160.0,3,139.0
9317,GI,2016,432.0,3,458.0
9317,JZ,2016,16.0,3,20.0
9317,KZ,2016,38.0,3,21.0
9317,LZ,2016,80.0,3,65.0
9317,MN,2016,287.0,3,287.0
9317,OQ,2016,88.0,3,80.0
9317,RU,2016,107.0,3,109.0
0055,BE,2016,78.0,4,60.0
0055,FZ,2016,100.0,4,96.0
0055,GI,2016,275.0,4,199.0
0055,JZ,2016,17.0,4,14.0
0055,KZ,2016,7.0,4,9.0
0055,LZ,2016,18.0,4,19.0
0055,MN,2016,117.0,4,104.0
0055,OQ,2016,83.0,4,86.0
0055,RU,2016,80.0,4,81.0
0060,BE,2016,74.0,4,73.0
0060,FZ,2016,104.0,4,114.0
0060,GI,2016,327.0,4,330.0
0060,JZ,2016,18.0,4,24.0
0060,KZ,2016,18.0,4,28.0
0060,LZ,2016,29.0,4,21.0
0060,MN,2016,137.0,4,132.0
0060,OQ,2016,149.0,4,135.0
0060,RU,2016,104.0,4,94.0
1101,BE,2016,177.0,4,189.0
1101,FZ,2016,585.0,4,592.0
1101,GI,2016,2189.0,4,1846.0
1101,JZ,2016,367.0,4,350.0
1101,KZ,2016,139.0,4,130.0
1101,LZ,2016,234.0,4,147.0
1101,MN,2016,1367.0,4,1117.0
1101,OQ,2016,691.0,4,582.0
1101,RU,2016,552.0,4,549.0
1106,BE,2016,136.0,4,168.0
1106,FZ,2016,471.0,4,522.0
1106,GI,2016,1639.0,4,1466.0
1106,JZ,2016,297.0,4,250.0
1106,KZ,2016,142.0,4,131.0
1106,LZ,2016,106.0,4,116.0
1106,MN,2016,1063.0,4,970.0
1106,OQ,2016,518.0,4,514.0
1106,RU,2016,476.0,4,417.0
1111,BE,2016,28.0,4,17.0
1111,FZ,2016,76.0,4,78.0
1111,GI,2016,181.0,4,183.0
1111,JZ,2016,58.0,4,42.0
1111,KZ,2016,22.0,4,34.0
1111,LZ,2016,38.0,4,53.0
1111,MN,2016,181.0,4,199.0
1111,OQ,2016,93.0,4,112.0
1111,RU,2016,97.0,4,78.0
2401,BE,2016,83.0,4,81.0
2401,FZ,2016,144.0,4,128.0
2401,GI,2016,462.0,4,484.0
2401,JZ,2016,22.0,4,25.0
2401,KZ,2016,49.0,4,41.0
2401,LZ,2016,57.0,4,36.0
2401,MN,2016,222.0,4,194.0
2401,OQ,2016,156.0,4,143.0
2401,RU,2016,123.0,4,111.0
2406,BE,2016,23.0,4,21.0
2406,FZ,2016,26.0,4,32.0
2406,GI,2016,101.0,4,100.0
2406,JZ,2016,7.0,4,1.0
2406,KZ,2016,4.0,4,7.0
2406,LZ,2016,16.0,4,11.0
2406,MN,2016,46.0,4,42.0
2406,OQ,2016,46.0,4,32.0
2406,RU,2016,28.0,4,25.0
2411,BE,2016,29.0,4,23.0
2411,FZ,2016,62.0,4,59.0
2411,GI,2016,198.0,4,136.0
2411,JZ,2016,16.0,4,20.0
2411,KZ,2016,10.0,4,9.0
2411,LZ,2016,10.0,4,8.0
2411,MN,2016,72.0,4,70.0
2411,OQ,2016,31.0,4,28.0
2411,RU,2016,43.0,4,59.0
2701,BE,2016,17.0,4,15.0
2701,FZ,2016,29.0,4,31.0
2701,GI,2016,115.0,4,98.0
2701,JZ,2016,7.0,4,5.0
2701,KZ,2016,2.0,4,4.0
2701,LZ,2016,12.0,4,9.0
2701,MN,2016,29.0,4,50.0
2701,OQ,2016,30.0,4,40.0
2701,RU,2016,30.0,4,37.0
2706,BE,2016,176.0,4,144.0
2706,FZ,2016,253.0,4,240.0
2706,GI,2016,790.0,4,727.0
2706,JZ,2016,70.0,4,88.0
2706,KZ,2016,69.0,4,94.0
2706,LZ,2016,95.0,4,88.0
2706,MN,2016,471.0,4,414.0
2706,OQ,2016,395.0,4,342.0
2706,RU,2016,254.0,4,252.0
2711,BE,2016,136.0,4,187.0
2711,FZ,2016,311.0,4,328.0
2711,GI,2016,1107.0,4,1138.0
2711,JZ,2016,121.0,4,110.0
2711,KZ,2016,105.0,4,116.0
2711,LZ,2016,95.0,4,93.0
2711,MN,2016,620.0,4,637.0
2711,OQ,2016,495.0,4,488.0
2711,RU,2016,331.0,4,313.0
2716,BE,2016,38.0,4,50.0
2716,FZ,2016,50.0,4,35.0
2716,GI,2016,126.0,4,106.0
2716,JZ,2016,5.0,4,9.0
2716,KZ,2016,6.0,4,4.0
2716,LZ,2016,13.0,4,14.0
2716,MN,2016,50.0,4,37.0
2716,OQ,2016,56.0,4,51.0
2716,RU,2016,53.0,4,23.0
2803,BE,2016,35.0,4,40.0
2803,FZ,2016,66.0,4,89.0
2803,GI,2016,160.0,4,161.0
2803,JZ,2016,13.0,4,12.0
2803,KZ,2016,16.0,4,24.0
2803,LZ,2016,18.0,4,16.0
2803,MN,2016,65.0,4,80.0
2803,OQ,2016,42.0,4,46.0
2803,RU,2016,74.0,4,64.0
2808,BE,2016,72.0,4,75.0
2808,FZ,2016,189.0,4,200.0
2808,GI,2016,475.0,4,411.0
2808,JZ,2016,46.0,4,40.0
2808,KZ,2016,65.0,4,55.0
2808,LZ,2016,55.0,4,40.0
2808,MN,2016,260.0,4,226.0
2808,OQ,2016,132.0,4,121.0
2808,RU,2016,132.0,4,117.0
2813,BE,2016,89.0,4,74.0
2813,FZ,2016,162.0,4,151.0
2813,GI,2016,588.0,4,639.0
2813,JZ,2016,54.0,4,45.0
2813,KZ,2016,65.0,4,51.0
2813,LZ,2016,95.0,4,80.0
2813,MN,2016,331.0,4,327.0
2813,OQ,2016,262.0,4,235.0
2813,RU,2016,201.0,4,199.0
2818,BE,2016,27.0,4,18.0
2818,FZ,2016,30.0,4,22.0
2818,GI,2016,105.0,4,74.0
2818,JZ,2016,4.0,4,1.0
2818,KZ,2016,6.0,4,6.0
2818,LZ,2016,5.0,4,15.0
2818,MN,2016,24.0,4,24.0
2818,OQ,2016,29.0,4,41.0
2818,RU,2016,15.0,4,30.0
3204,BE,2016,51.0,4,45.0
3204,FZ,2016,89.0,4,68.0
3204,GI,2016,329.0,4,331.0
3204,JZ,2016,11.0,4,14.0
3204,KZ,2016,37.0,4,34.0
3204,LZ,2016,27.0,4,35.0
3204,MN,2016,139.0,4,108.0
3204,OQ,2016,105.0,4,119.0
3204,RU,2016,82.0,4,98.0
3209,BE,2016,34.0,4,33.0
3209,FZ,2016,71.0,4,78.0
3209,GI,2016,163.0,4,137.0
3209,JZ,2016,19.0,4,25.0
3209,KZ,2016,9.0,4,9.0
3209,LZ,2016,34.0,4,23.0
3209,MN,2016,84.0,4,85.0
3209,OQ,2016,67.0,4,52.0
3209,RU,2016,56.0,4,48.0
3214,BE,2016,28.0,4,34.0
3214,FZ,2016,81.0,4,86.0
3214,GI,2016,215.0,4,210.0
3214,JZ,2016,10.0,4,11.0
3214,KZ,2016,13.0,4,23.0
3214,LZ,2016,11.0,4,9.0
3214,MN,2016,81.0,4,71.0
3214,OQ,2016,68.0,4,86.0
3214,RU,2016,57.0,4,76.0
3219,BE,2016,67.0,4,66.0
3219,FZ,2016,88.0,4,102.0
3219,GI,2016,330.0,4,305.0
3219,JZ,2016,19.0,4,21.0
3219,KZ,2016,37.0,4,39.0
3219,LZ,2016,30.0,4,24.0
3219,MN,2016,131.0,4,104.0
3219,OQ,2016,107.0,4,124.0
3219,RU,2016,91.0,4,114.0
4402,BE,2016,80.0,4,50.0
4402,FZ,2016,56.0,4,62.0
4402,GI,2016,262.0,4,219.0
4402,JZ,2016,20.0,4,14.0
4402,KZ,2016,41.0,4,43.0
4402,LZ,2016,9.0,4,16.0
4402,MN,2016,109.0,4,90.0
4402,OQ,2016,81.0,4,74.0
4402,RU,2016,62.0,4,77.0
4407,BE,2016,106.0,4,110.0
4407,FZ,2016,150.0,4,166.0
4407,GI,2016,470.0,4,403.0
4407,JZ,2016,35.0,4,27.0
4407,KZ,2016,39.0,4,57.0
4407,LZ,2016,49.0,4,34.0
4407,MN,2016,175.0,4,190.0
4407,OQ,2016,129.0,4,116.0
4407,RU,2016,127.0,4,139.0
4412,BE,2016,338.0,4,360.0
4412,FZ,2016,432.0,4,416.0
4412,GI,2016,1468.0,4,1289.0
4412,JZ,2016,162.0,4,169.0
4412,KZ,2016,123.0,4,139.0
4412,LZ,2016,114.0,4,119.0
4412,MN,2016,672.0,4,675.0
4412,OQ,2016,626.0,4,665.0
4412,RU,2016,408.0,4,453.0
4417,BE,2016,44.0,4,53.0
4417,FZ,2016,79.0,4,81.0
4417,GI,2016,281.0,4,220.0
4417,JZ,2016,15.0,4,13.0
4417,KZ,2016,12.0,4,16.0
4417,LZ,2016,14.0,4,12.0
4417,MN,2016,96.0,4,74.0
4417,OQ,2016,65.0,4,70.0
4417,RU,2016,64.0,4,59.0
4422,BE,2016,48.0,4,51.0
4422,FZ,2016,83.0,4,70.0
4422,GI,2016,258.0,4,253.0
4422,JZ,2016,15.0,4,25.0
4422,KZ,2016,23.0,4,14.0
4422,LZ,2016,28.0,4,33.0
4422,MN,2016,111.0,4,101.0
4422,OQ,2016,86.0,4,78.0
4422,RU,2016,78.0,4,72.0
4427,BE,2016,67.0,4,73.0
4427,FZ,2016,58.0,4,67.0
4427,GI,2016,254.0,4,205.0
4427,JZ,2016,12.0,4,6.0
4427,KZ,2016,29.0,4,25.0
4427,LZ,2016,20.0,4,16.0
4427,MN,2016,88.0,4,55.0
4427,OQ,2016,63.0,4,78.0
4427,RU,2016,61.0,4,62.0
5205,BE,2016,35.0,4,29.0
5205,FZ,2016,55.0,4,53.0
5205,GI,2016,90.0,4,118.0
5205,JZ,2016,14.0,4,9.0
5205,KZ,2016,11.0,4,12.0
5205,LZ,2016,25.0,4,17.0
5205,MN,2016,54.0,4,57.0
5205,OQ,2016,51.0,4,43.0
5205,RU,2016,39.0,4,34.0
5210,BE,2016,102.0,4,97.0
5210,FZ,2016,108.0,4,103.0
5210,GI,2016,379.0,4,367.0
5210,JZ,2016,37.0,4,32.0
5210,KZ,2016,68.0,4,54.0
5210,LZ,2016,66.0,4,53.0
5210,MN,2016,234.0,4,208.0
5210,OQ,2016,142.0,4,165.0
5210,RU,2016,131.0,4,133.0
5215,BE,2016,38.0,4,39.0
5215,FZ,2016,30.0,4,31.0
5215,GI,2016,168.0,4,129.0
5215,JZ,2016,4.0,4,7.0
5215,KZ,2016,18.0,4,22.0
5215,LZ,2016,18.0,4,17.0
5215,MN,2016,48.0,4,58.0
5215,OQ,2016,44.0,4,39.0
5215,RU,2016,48.0,4,34.0
5220,BE,2016,48.0,4,54.0
5220,FZ,2016,58.0,4,55.0
5220,GI,2016,221.0,4,226.0
5220,JZ,2016,11.0,4,6.0
5220,KZ,2016,23.0,4,32.0
5220,LZ,2016,23.0,4,25.0
5220,MN,2016,95.0,4,86.0
5220,OQ,2016,67.0,4,70.0
5220,RU,2016,65.0,4,82.0
5304,BE,2016,54.0,4,56.0
5304,FZ,2016,82.0,4,79.0
5304,GI,2016,230.0,4,227.0
5304,JZ,2016,22.0,4,15.0
5304,KZ,2016,44.0,4,52.0
5304,LZ,2016,28.0,4,29.0
5304,MN,2016,120.0,4,117.0
5304,OQ,2016,72.0,4,91.0
5304,RU,2016,71.0,4,79.0
5309,BE,2016,85.0,4,95.0
5309,FZ,2016,195.0,4,213.0
5309,GI,2016,456.0,4,445.0
5309,JZ,2016,52.0,4,41.0
5309,KZ,2016,69.0,4,63.0
5309,LZ,2016,75.0,4,86.0
5309,MN,2016,275.0,4,298.0
5309,OQ,2016,281.0,4,237.0
5309,RU,2016,203.0,4,177.0
5314,BE,2016,30.0,4,27.0
5314,FZ,2016,48.0,4,43.0
5314,GI,2016,112.0,4,90.0
5314,JZ,2016,6.0,4,11.0
5314,KZ,2016,17.0,4,18.0
5314,LZ,2016,20.0,4,11.0
5314,MN,2016,67.0,4,48.0
5314,OQ,2016,68.0,4,48.0
5314,RU,2016,50.0,4,39.0
5319,BE,2016,52.0,4,45.0
5319,FZ,2016,46.0,4,45.0
5319,GI,2016,169.0,4,183.0
5319,JZ,2016,12.0,4,18.0
5319,KZ,2016,57.0,4,55.0
5319,LZ,2016,25.0,4,20.0
5319,MN,2016,77.0,4,89.0
5319,OQ,2016,67.0,4,81.0
5319,RU,2016,48.0,4,54.0
7505,BE,2016,600.0,4,653.0
7505,FZ,2016,1746.0,4,1763.0
7505,GI,2016,4788.0,4,3807.0
7505,JZ,2016,736.0,4,708.0
7505,KZ,2016,618.0,4,558.0
7505,LZ,2016,570.0,4,599.0
7505,MN,2016,3477.0,4,3152.0
7505,OQ,2016,2059.0,4,1941.0
7505,RU,2016,1511.0,4,1483.0
7510,BE,2016,167.0,4,119.0
7510,FZ,2016,216.0,4,203.0
7510,GI,2016,458.0,4,477.0
7510,JZ,2016,31.0,4,30.0
7510,KZ,2016,48.0,4,38.0
7510,LZ,2016,78.0,4,52.0
7510,MN,2016,255.0,4,252.0
7510,OQ,2016,244.0,4,225.0
7510,RU,2016,143.0,4,145.0
7515,BE,2016,40.0,4,38.0
7515,FZ,2016,106.0,4,106.0
7515,GI,2016,297.0,4,279.0
7515,JZ,2016,11.0,4,15.0
7515,KZ,2016,15.0,4,18.0
7515,LZ,2016,19.0,4,13.0
7515,MN,2016,80.0,4,102.0
7515,OQ,2016,77.0,4,64.0
7515,RU,2016,74.0,4,81.0
7520,BE,2016,134.0,4,116.0
7520,FZ,2016,120.0,4,167.0
7520,GI,2016,520.0,4,438.0
7520,JZ,2016,43.0,4,47.0
7520,KZ,2016,61.0,4,66.0
7520,LZ,2016,68.0,4,50.0
7520,MN,2016,250.0,4,247.0
7520,OQ,2016,180.0,4,180.0
7520,RU,2016,121.0,4,153.0
7525,BE,2016,50.0,4,48.0
7525,FZ,2016,77.0,4,92.0
7525,GI,2016,213.0,4,232.0
7525,JZ,2016,13.0,4,18.0
7525,KZ,2016,19.0,4,19.0
7525,LZ,2016,13.0,4,23.0
7525,MN,2016,88.0,4,94.0
7525,OQ,2016,78.0,4,81.0
7525,RU,2016,83.0,4,71.0
7530,BE,2016,43.0,4,34.0
7530,FZ,2016,33.0,4,38.0
7530,GI,2016,136.0,4,141.0
7530,JZ,2016,7.0,4,6.0
7530,KZ,2016,18.0,4,11.0
7530,LZ,2016,19.0,4,20.0
7530,MN,2016,58.0,4,41.0
7530,OQ,2016,39.0,4,43.0
7530,RU,2016,41.0,4,48.0
7603,BE,2016,123.0,4,140.0
7603,FZ,2016,336.0,4,299.0
7603,GI,2016,574.0,4,601.0
7603,JZ,2016,43.0,4,36.0
7603,KZ,2016,46.0,4,37.0
7603,LZ,2016,35.0,4,26.0
7603,MN,2016,265.0,4,246.0
7603,OQ,2016,237.0,4,209.0
7603,RU,2016,183.0,4,197.0
7608,BE,2016,163.0,4,156.0
7608,FZ,2016,240.0,4,239.0
7608,GI,2016,722.0,4,639.0
7608,JZ,2016,44.0,4,32.0
7608,KZ,2016,43.0,4,31.0
7608,LZ,2016,52.0,4,38.0
7608,MN,2016,243.0,4,251.0
7608,OQ,2016,257.0,4,211.0
7608,RU,2016,192.0,4,190.0
7613,BE,2016,57.0,4,78.0
7613,FZ,2016,48.0,4,42.0
7613,GI,2016,114.0,4,168.0
7613,JZ,2016,8.0,4,8.0
7613,KZ,2016,16.0,4,17.0
7613,LZ,2016,24.0,4,26.0
7613,MN,2016,68.0,4,56.0
7613,OQ,2016,66.0,4,70.0
7613,RU,2016,45.0,4,44.0
7618,BE,2016,231.0,4,251.0
7618,FZ,2016,674.0,4,696.0
7618,GI,2016,1305.0,4,1250.0
7618,JZ,2016,111.0,4,94.0
7618,KZ,2016,122.0,4,127.0
7618,LZ,2016,98.0,4,81.0
7618,MN,2016,735.0,4,640.0
7618,OQ,2016,496.0,4,498.0
7618,RU,2016,405.0,4,393.0
7623,BE,2016,61.0,4,45.0
7623,FZ,2016,146.0,4,194.0
7623,GI,2016,444.0,4,407.0
7623,JZ,2016,24.0,4,19.0
7623,KZ,2016,31.0,4,28.0
7623,LZ,2016,32.0,4,38.0
7623,MN,2016,219.0,4,195.0
7623,OQ,2016,136.0,4,134.0
7623,RU,2016,124.0,4,126.0
8403,BE,2016,139.0,4,152.0
8403,FZ,2016,45.0,4,59.0
8403,GI,2016,162.0,4,159.0
8403,JZ,2016,9.0,4,14.0
8403,KZ,2016,17.0,4,27.0
8403,LZ,2016,22.0,4,28.0
8403,MN,2016,77.0,4,62.0
8403,OQ,2016,72.0,4,82.0
8403,RU,2016,42.0,4,43.0
8408,BE,2016,200.0,4,213.0
8408,FZ,2016,371.0,4,397.0
8408,GI,2016,984.0,4,928.0
8408,JZ,2016,154.0,4,130.0
8408,KZ,2016,137.0,4,135.0
8408,LZ,2016,186.0,4,181.0
8408,MN,2016,718.0,4,710.0
8408,OQ,2016,590.0,4,632.0
8408,RU,2016,403.0,4,425.0
8413,BE,2016,63.0,4,75.0
8413,FZ,2016,173.0,4,204.0
8413,GI,2016,510.0,4,529.0
8413,JZ,2016,19.0,4,27.0
8413,KZ,2016,30.0,4,40.0
8413,LZ,2016,105.0,4,85.0
8413,MN,2016,292.0,4,255.0
8413,OQ,2016,399.0,4,422.0
8413,RU,2016,163.0,4,157.0
8418,BE,2016,33.0,4,33.0
8418,FZ,2016,93.0,4,93.0
8418,GI,2016,241.0,4,241.0
8418,JZ,2016,28.0,4,27.0
8418,KZ,2016,31.0,4,23.0
8418,LZ,2016,48.0,4,62.0
8418,MN,2016,223.0,4,199.0
8418,OQ,2016,224.0,4,183.0
8418,RU,2016,131.0,4,117.0
8423,BE,2016,87.0,4,98.0
8423,FZ,2016,71.0,4,78.0
8423,GI,2016,288.0,4,264.0
8423,JZ,2016,9.0,4,12.0
8423,KZ,2016,16.0,4,16.0
8423,LZ,2016,31.0,4,18.0
8423,MN,2016,108.0,4,91.0
8423,OQ,2016,85.0,4,94.0
8423,RU,2016,80.0,4,83.0
8428,BE,2016,238.0,4,260.0
8428,FZ,2016,630.0,4,586.0
8428,GI,2016,1332.0,4,1274.0
8428,JZ,2016,106.0,4,122.0
8428,KZ,2016,159.0,4,164.0
8428,LZ,2016,190.0,4,221.0
8428,MN,2016,742.0,4,690.0
8428,OQ,2016,597.0,4,601.0
8428,RU,2016,370.0,4,365.0
8433,BE,2016,141.0,4,145.0
8433,FZ,2016,324.0,4,390.0
8433,GI,2016,661.0,4,613.0
8433,JZ,2016,43.0,4,35.0
8433,KZ,2016,47.0,4,54.0
8433,LZ,2016,63.0,4,67.0
8433,MN,2016,328.0,4,319.0
8433,OQ,2016,259.0,4,276.0
8433,RU,2016,180.0,4,206.0
9303,BE,2016,98.0,4,97.0
9303,FZ,2016,253.0,4,299.0
9303,GI,2016,544.0,4,498.0
9303,JZ,2016,26.0,4,27.0
9303,KZ,2016,52.0,4,34.0
9303,LZ,2016,46.0,4,41.0
9303,MN,2016,310.0,4,251.0
9303,OQ,2016,183.0,4,158.0
9303,RU,2016,163.0,4,187.0
9308,BE,2016,74.0,4,75.0
9308,FZ,2016,270.0,4,281.0
9308,GI,2016,488.0,4,430.0
9308,JZ,2016,28.0,4,24.0
9308,KZ,2016,21.0,4,27.0
9308,LZ,2016,43.0,4,31.0
9308,MN,2016,252.0,4,246.0
9308,OQ,2016,152.0,4,138.0
9308,RU,2016,116.0,4,155.0
9313,BE,2016,200.0,4,166.0
9313,FZ,2016,385.0,4,394.0
9313,GI,2016,1149.0,4,927.0
9313,JZ,2016,74.0,4,78.0
9313,KZ,2016,67.0,4,69.0
9313,LZ,2016,89.0,4,82.0
9313,MN,2016,529.0,4,507.0
9313,OQ,2016,392.0,4,389.0
9313,RU,2016,305.0,4,271.0
9318,BE,2016,290.0,4,281.0
9318,FZ,2016,1062.0,4,1074.0
9318,GI,2016,2076.0,4,2000.0
9318,JZ,2016,202.0,4,179.0
9318,KZ,2016,196.0,4,157.0
9318,LZ,2016,272.0,4,256.0
9318,MN,2016,1211.0,4,1167.0
9318,OQ,2016,902.0,4,833.0
9318,RU,2016,748.0,4,716.0
0051,BE,2017,60.0,0,57.0
0051,FZ,2017,89.0,0,121.0
0051,GI,2017,252.0,0,242.0
0051,JZ,2017,12.0,0,10.0
0051,KZ,2017,30.0,0,24.0
0051,LZ,2017,25.0,0,37.0
0051,MN,2017,112.0,0,116.0
0051,OQ,2017,83.0,0,94.0
0051,RU,2017,79.0,0,76.0
0056,BE,2017,45.0,0,48.0
0056,FZ,2017,48.0,0,39.0
0056,GI,2017,182.0,0,168.0
0056,JZ,2017,7.0,0,5.0
0056,KZ,2017,10.0,0,10.0
0056,LZ,2017,14.0,0,13.0
0056,MN,2017,74.0,0,65.0
0056,OQ,2017,48.0,0,46.0
0056,RU,2017,56.0,0,43.0
0061,BE,2017,32.0,0,18.0
0061,FZ,2017,56.0,0,59.0
0061,GI,2017,176.0,0,151.0
0061,JZ,2017,18.0,0,17.0
0061,KZ,2017,10.0,0,7.0
0061,LZ,2017,30.0,0,18.0
0061,MN,2017,75.0,0,90.0
0061,OQ,2017,34.0,0,52.0
0061,RU,2017,53.0,0,46.0
1102,BE,2017,36.0,0,43.0
1102,FZ,2017,88.0,0,101.0
1102,GI,2017,237.0,0,236.0
1102,JZ,2017,23.0,0,25.0
1102,KZ,2017,9.0,0,14.0
1102,LZ,2017,20.0,0,23.0
1102,MN,2017,128.0,0,126.0
1102,OQ,2017,77.0,0,78.0
1102,RU,2017,62.0,0,78.0
1107,BE,2017,88.0,0,70.0
1107,FZ,2017,212.0,0,224.0
1107,GI,2017,804.0,0,731.0
1107,JZ,2017,92.0,0,61.0
1107,KZ,2017,57.0,0,40.0
1107,LZ,2017,41.0,0,44.0
1107,MN,2017,429.0,0,340.0
1107,OQ,2017,189.0,0,185.0
1107,RU,2017,189.0,0,159.0
1112,BE,2017,303.0,0,223.0
1112,FZ,2017,1477.0,0,1296.0
1112,GI,2017,4648.0,0,4309.0
1112,JZ,2017,441.0,0,415.0
1112,KZ,2017,206.0,0,196.0
1112,LZ,2017,214.0,0,174.0
1112,MN,2017,1932.0,0,1694.0
1112,OQ,2017,756.0,0,754.0
1112,RU,2017,753.0,0,658.0
2402,BE,2017,128.0,0,105.0
2402,FZ,2017,133.0,0,107.0
2402,GI,2017,486.0,0,491.0
2402,JZ,2017,25.0,0,26.0
2402,KZ,2017,28.0,0,47.0
2402,LZ,2017,33.0,0,51.0
2402,MN,2017,188.0,0,211.0
2402,OQ,2017,177.0,0,138.0
2402,RU,2017,147.0,0,127.0
2407,BE,2017,48.0,0,33.0
2407,FZ,2017,59.0,0,53.0
2407,GI,2017,204.0,0,209.0
2407,JZ,2017,9.0,0,7.0
2407,KZ,2017,14.0,0,9.0
2407,LZ,2017,13.0,0,16.0
2407,MN,2017,89.0,0,72.0
2407,OQ,2017,42.0,0,44.0
2407,RU,2017,54.0,0,58.0
2412,BE,2017,50.0,0,41.0
2412,FZ,2017,82.0,0,94.0
2412,GI,2017,231.0,0,263.0
2412,JZ,2017,13.0,0,9.0
2412,KZ,2017,28.0,0,15.0
2412,LZ,2017,31.0,0,22.0
2412,MN,2017,113.0,0,95.0
2412,OQ,2017,56.0,0,50.0
2412,RU,2017,51.0,0,59.0
2702,BE,2017,123.0,0,72.0
2702,FZ,2017,113.0,0,145.0
2702,GI,2017,599.0,0,496.0
2702,JZ,2017,38.0,0,31.0
2702,KZ,2017,46.0,0,49.0
2702,LZ,2017,65.0,0,51.0
2702,MN,2017,215.0,0,210.0
2702,OQ,2017,169.0,0,135.0
2702,RU,2017,138.0,0,112.0
2707,BE,2017,82.0,0,70.0
2707,FZ,2017,117.0,0,107.0
2707,GI,2017,409.0,0,433.0
2707,JZ,2017,38.0,0,38.0
2707,KZ,2017,28.0,0,29.0
2707,LZ,2017,52.0,0,58.0
2707,MN,2017,195.0,0,217.0
2707,OQ,2017,142.0,0,164.0
2707,RU,2017,121.0,0,116.0
2712,BE,2017,62.0,0,45.0
2712,FZ,2017,78.0,0,66.0
2712,GI,2017,247.0,0,205.0
2712,JZ,2017,22.0,0,8.0
2712,KZ,2017,12.0,0,20.0
2712,LZ,2017,37.0,0,33.0
2712,MN,2017,79.0,0,81.0
2712,OQ,2017,74.0,0,77.0
2712,RU,2017,69.0,0,71.0
2717,BE,2017,51.0,0,40.0
2717,FZ,2017,98.0,0,94.0
2717,GI,2017,424.0,0,310.0
2717,JZ,2017,27.0,0,21.0
2717,KZ,2017,22.0,0,9.0
2717,LZ,2017,28.0,0,20.0
2717,MN,2017,127.0,0,136.0
2717,OQ,2017,101.0,0,93.0
2717,RU,2017,85.0,0,78.0
2804,BE,2017,210.0,0,233.0
2804,FZ,2017,496.0,0,488.0
2804,GI,2017,1475.0,0,1313.0
2804,JZ,2017,185.0,0,155.0
2804,KZ,2017,188.0,0,157.0
2804,LZ,2017,113.0,0,114.0
2804,MN,2017,894.0,0,753.0
2804,OQ,2017,652.0,0,613.0
2804,RU,2017,504.0,0,448.0
2809,BE,2017,31.0,0,32.0
2809,FZ,2017,58.0,0,51.0
2809,GI,2017,211.0,0,207.0
2809,JZ,2017,10.0,0,7.0
2809,KZ,2017,22.0,0,18.0
2809,LZ,2017,20.0,0,15.0
2809,MN,2017,77.0,0,54.0
2809,OQ,2017,62.0,0,72.0
2809,RU,2017,48.0,0,56.0
2814,BE,2017,28.0,0,39.0
2814,FZ,2017,68.0,0,66.0
2814,GI,2017,215.0,0,183.0
2814,JZ,2017,9.0,0,13.0
2814,KZ,2017,29.0,0,29.0
2814,LZ,2017,11.0,0,9.0
2814,MN,2017,116.0,0,108.0
2814,OQ,2017,63.0,0,43.0
2814,RU,2017,62.0,0,66.0
2819,BE,2017,34.0,0,41.0
2819,FZ,2017,66.0,0,60.0
2819,GI,2017,259.0,0,225.0
2819,JZ,2017,11.0,0,6.0
2819,KZ,2017,28.0,0,26.0
2819,LZ,2017,28.0,0,16.0
2819,MN,2017,82.0,0,87.0
2819,OQ,2017,65.0,0,67.0
2819,RU,2017,58.0,0,82.0
3205,BE,2017,71.0,0,70.0
3205,FZ,2017,180.0,0,161.0
3205,GI,2017,553.0,0,508.0
3205,JZ,2017,33.0,0,23.0
3205,KZ,2017,39.0,0,37.0
3205,LZ,2017,28.0,0,32.0
3205,MN,2017,235.0,0,218.0
3205,OQ,2017,176.0,0,186.0
3205,RU,2017,158.0,0,168.0
3210,BE,2017,54.0,0,66.0
3210,FZ,2017,168.0,0,154.0
3210,GI,2017,534.0,0,485.0
3210,JZ,2017,51.0,0,47.0
3210,KZ,2017,42.0,0,50.0
3210,LZ,2017,48.0,0,45.0
3210,MN,2017,277.0,0,280.0
3210,OQ,2017,160.0,0,147.0
3210,RU,2017,150.0,0,132.0
3215,BE,2017,93.0,0,70.0
3215,FZ,2017,280.0,0,253.0
3215,GI,2017,864.0,0,770.0
3215,JZ,2017,67.0,0,48.0
3215,KZ,2017,47.0,0,46.0
3215,LZ,2017,36.0,0,34.0
3215,MN,2017,290.0,0,291.0
3215,OQ,2017,229.0,0,270.0
3215,RU,2017,209.0,0,191.0
3220,BE,2017,113.0,0,113.0
3220,FZ,2017,182.0,0,205.0
3220,GI,2017,619.0,0,482.0
3220,JZ,2017,23.0,0,32.0
3220,KZ,2017,50.0,0,43.0
3220,LZ,2017,45.0,0,32.0
3220,MN,2017,251.0,0,223.0
3220,OQ,2017,162.0,0,159.0
3220,RU,2017,155.0,0,141.0
4403,BE,2017,81.0,0,42.0
4403,FZ,2017,105.0,0,124.0
4403,GI,2017,456.0,0,417.0
4403,JZ,2017,15.0,0,16.0
4403,KZ,2017,29.0,0,27.0
4403,LZ,2017,37.0,0,17.0
4403,MN,2017,147.0,0,138.0
4403,OQ,2017,114.0,0,126.0
4403,RU,2017,118.0,0,116.0
4408,BE,2017,34.0,0,30.0
4408,FZ,2017,94.0,0,98.0
4408,GI,2017,253.0,0,259.0
4408,JZ,2017,12.0,0,16.0
4408,KZ,2017,15.0,0,14.0
4408,LZ,2017,12.0,0,9.0
4408,MN,2017,90.0,0,66.0
4408,OQ,2017,60.0,0,73.0
4408,RU,2017,62.0,0,75.0
4413,BE,2017,148.0,0,152.0
4413,FZ,2017,251.0,0,297.0
4413,GI,2017,1165.0,0,855.0
4413,JZ,2017,96.0,0,79.0
4413,KZ,2017,145.0,0,122.0
4413,LZ,2017,123.0,0,78.0
4413,MN,2017,584.0,0,514.0
4413,OQ,2017,362.0,0,407.0
4413,RU,2017,291.0,0,286.0
4418,BE,2017,47.0,0,21.0
4418,FZ,2017,39.0,0,42.0
4418,GI,2017,251.0,0,200.0
4418,JZ,2017,18.0,0,11.0
4418,KZ,2017,14.0,0,9.0
4418,LZ,2017,30.0,0,12.0
4418,MN,2017,97.0,0,91.0
4418,OQ,2017,83.0,0,91.0
4418,RU,2017,84.0,0,76.0
4423,BE,2017,309.0,0,320.0
4423,FZ,2017,664.0,0,652.0
4423,GI,2017,2501.0,0,2181.0
4423,JZ,2017,345.0,0,344.0
4423,KZ,2017,374.0,0,260.0
4423,LZ,2017,342.0,0,287.0
4423,MN,2017,1646.0,0,1496.0
4423,OQ,2017,1123.0,0,999.0
4423,RU,2017,807.0,0,730.0
5201,BE,2017,89.0,0,78.0
5201,FZ,2017,78.0,0,77.0
5201,GI,2017,241.0,0,240.0
5201,JZ,2017,21.0,0,15.0
5201,KZ,2017,24.0,0,32.0
5201,LZ,2017,42.0,0,33.0
5201,MN,2017,118.0,0,115.0
5201,OQ,2017,94.0,0,71.0
5201,RU,2017,71.0,0,63.0
5206,BE,2017,98.0,0,120.0
5206,FZ,2017,150.0,0,138.0
5206,GI,2017,358.0,0,372.0
5206,JZ,2017,35.0,0,30.0
5206,KZ,2017,67.0,0,59.0
5206,LZ,2017,66.0,0,56.0
5206,MN,2017,194.0,0,181.0
5206,OQ,2017,157.0,0,148.0
5206,RU,2017,117.0,0,132.0
5211,BE,2017,65.0,0,71.0
5211,FZ,2017,78.0,0,89.0
5211,GI,2017,404.0,0,339.0
5211,JZ,2017,35.0,0,36.0
5211,KZ,2017,60.0,0,47.0
5211,LZ,2017,42.0,0,33.0
5211,MN,2017,310.0,0,239.0
5211,OQ,2017,137.0,0,141.0
5211,RU,2017,124.0,0,92.0
5216,BE,2017,416.0,0,405.0
5216,FZ,2017,822.0,0,888.0
5216,GI,2017,2977.0,0,2589.0
5216,JZ,2017,586.0,0,532.0
5216,KZ,2017,464.0,0,438.0
5216,LZ,2017,595.0,0,480.0
5216,MN,2017,2535.0,0,2129.0
5216,OQ,2017,1448.0,0,1430.0
5216,RU,2017,1019.0,0,953.0
5221,BE,2017,30.0,0,31.0
5221,FZ,2017,35.0,0,29.0
5221,GI,2017,124.0,0,96.0
5221,JZ,2017,4.0,0,5.0
5221,KZ,2017,18.0,0,17.0
5221,LZ,2017,21.0,0,15.0
5221,MN,2017,53.0,0,32.0
5221,OQ,2017,39.0,0,34.0
5221,RU,2017,33.0,0,30.0
5305,BE,2017,34.0,0,36.0
5305,FZ,2017,31.0,0,49.0
5305,GI,2017,161.0,0,149.0
5305,JZ,2017,17.0,0,6.0
5305,KZ,2017,22.0,0,28.0
5305,LZ,2017,20.0,0,11.0
5305,MN,2017,75.0,0,63.0
5305,OQ,2017,61.0,0,68.0
5305,RU,2017,37.0,0,56.0
5310,BE,2017,70.0,0,86.0
5310,FZ,2017,68.0,0,75.0
5310,GI,2017,271.0,0,250.0
5310,JZ,2017,18.0,0,18.0
5310,KZ,2017,26.0,0,29.0
5310,LZ,2017,29.0,0,29.0
5310,MN,2017,143.0,0,119.0
5310,OQ,2017,108.0,0,96.0
5310,RU,2017,83.0,0,74.0
5315,BE,2017,319.0,0,296.0
5315,FZ,2017,526.0,0,472.0
5315,GI,2017,1702.0,0,1531.0
5315,JZ,2017,381.0,0,337.0
5315,KZ,2017,440.0,0,377.0
5315,LZ,2017,306.0,0,252.0
5315,MN,2017,1504.0,0,1271.0
5315,OQ,2017,985.0,0,956.0
5315,RU,2017,643.0,0,611.0
7501,BE,2017,91.0,0,57.0
7501,FZ,2017,117.0,0,130.0
7501,GI,2017,436.0,0,426.0
7501,JZ,2017,33.0,0,29.0
7501,KZ,2017,65.0,0,33.0
7501,LZ,2017,40.0,0,38.0
7501,MN,2017,221.0,0,191.0
7501,OQ,2017,154.0,0,150.0
7501,RU,2017,132.0,0,118.0
7506,BE,2017,72.0,0,74.0
7506,FZ,2017,58.0,0,64.0
7506,GI,2017,265.0,0,234.0
7506,JZ,2017,16.0,0,7.0
7506,KZ,2017,36.0,0,35.0
7506,LZ,2017,43.0,0,43.0
7506,MN,2017,112.0,0,93.0
7506,OQ,2017,79.0,0,85.0
7506,RU,2017,62.0,0,72.0
7511,BE,2017,205.0,0,173.0
7511,FZ,2017,86.0,0,72.0
7511,GI,2017,263.0,0,219.0
7511,JZ,2017,12.0,0,14.0
7511,KZ,2017,30.0,0,16.0
7511,LZ,2017,32.0,0,24.0
7511,MN,2017,110.0,0,123.0
7511,OQ,2017,96.0,0,97.0
7511,RU,2017,97.0,0,79.0
7516,BE,2017,81.0,0,95.0
7516,FZ,2017,224.0,0,197.0
7516,GI,2017,547.0,0,509.0
7516,JZ,2017,18.0,0,30.0
7516,KZ,2017,42.0,0,59.0
7516,LZ,2017,88.0,0,71.0
7516,MN,2017,292.0,0,229.0
7516,OQ,2017,154.0,0,153.0
7516,RU,2017,152.0,0,170.0
7521,BE,2017,55.0,0,67.0
7521,FZ,2017,46.0,0,63.0
7521,GI,2017,136.0,0,154.0
7521,JZ,2017,8.0,0,5.0
7521,KZ,2017,13.0,0,12.0
7521,LZ,2017,17.0,0,24.0
7521,MN,2017,97.0,0,67.0
7521,OQ,2017,99.0,0,106.0
7521,RU,2017,51.0,0,70.0
7526,BE,2017,72.0,0,81.0
7526,FZ,2017,168.0,0,132.0
7526,GI,2017,522.0,0,488.0
7526,JZ,2017,21.0,0,22.0
7526,KZ,2017,35.0,0,39.0
7526,LZ,2017,107.0,0,59.0
7526,MN,2017,238.0,0,182.0
7526,OQ,2017,129.0,0,128.0
7526,RU,2017,138.0,0,146.0
7531,BE,2017,97.0,0,113.0
7531,FZ,2017,64.0,0,51.0
7531,GI,2017,179.0,0,166.0
7531,JZ,2017,8.0,0,12.0
7531,KZ,2017,12.0,0,10.0
7531,LZ,2017,24.0,0,21.0
7531,MN,2017,98.0,0,92.0
7531,OQ,2017,85.0,0,65.0
7531,RU,2017,79.0,0,55.0
7604,BE,2017,150.0,0,176.0
7604,FZ,2017,152.0,0,188.0
7604,GI,2017,424.0,0,429.0
7604,JZ,2017,28.0,0,32.0
7604,KZ,2017,33.0,0,49.0
7604,LZ,2017,62.0,0,65.0
7604,MN,2017,229.0,0,242.0
7604,OQ,2017,160.0,0,187.0
7604,RU,2017,144.0,0,151.0
7609,BE,2017,56.0,0,60.0
7609,FZ,2017,72.0,0,81.0
7609,GI,2017,196.0,0,210.0
7609,JZ,2017,8.0,0,13.0
7609,KZ,2017,16.0,0,13.0
7609,LZ,2017,10.0,0,34.0
7609,MN,2017,85.0,0,99.0
7609,OQ,2017,65.0,0,65.0
7609,RU,2017,63.0,0,51.0
7614,BE,2017,95.0,0,105.0
7614,FZ,2017,50.0,0,64.0
7614,GI,2017,154.0,0,153.0
7614,JZ,2017,12.0,0,9.0
7614,KZ,2017,19.0,0,21.0
7614,LZ,2017,26.0,0,20.0
7614,MN,2017,68.0,0,81.0
7614,OQ,2017,82.0,0,83.0
7614,RU,2017,62.0,0,60.0
7619,BE,2017,109.0,0,96.0
7619,FZ,2017,55.0,0,58.0
7619,GI,2017,173.0,0,163.0
7619,JZ,2017,10.0,0,4.0
7619,KZ,2017,8.0,0,12.0
7619,LZ,2017,19.0,0,9.0
7619,MN,2017,55.0,0,69.0
7619,OQ,2017,49.0,0,50.0
7619,RU,2017,34.0,0,52.0
7624,BE,2017,150.0,0,163.0
7624,FZ,2017,270.0,0,239.0
7624,GI,2017,647.0,0,652.0
7624,JZ,2017,43.0,0,42.0
7624,KZ,2017,55.0,0,46.0
7624,LZ,2017,102.0,0,95.0
7624,MN,2017,345.0,0,309.0
7624,OQ,2017,298.0,0,340.0
7624,RU,2017,236.0,0,226.0
8404,BE,2017,32.0,0,24.0
8404,FZ,2017,55.0,0,57.0
8404,GI,2017,133.0,0,129.0
8404,JZ,2017,5.0,0,13.0
8404,KZ,2017,4.0,0,6.0
8404,LZ,2017,11.0,0,18.0
8404,MN,2017,81.0,0,75.0
8404,OQ,2017,53.0,0,57.0
8404,RU,2017,44.0,0,53.0
8409,BE,2017,254.0,0,279.0
8409,FZ,2017,750.0,0,669.0
8409,GI,2017,2004.0,0,1645.0
8409,JZ,2017,320.0,0,344.0
8409,KZ,2017,145.0,0,136.0
8409,LZ,2017,298.0,0,277.0
8409,MN,2017,1598.0,0,1397.0
8409,OQ,2017,1060.0,0,978.0
8409,RU,2017,678.0,0,587.0
8414,BE,2017,44.0,0,49.0
8414,FZ,2017,101.0,0,97.0
8414,GI,2017,241.0,0,251.0
8414,JZ,2017,18.0,0,11.0
8414,KZ,2017,19.0,0,17.0
8414,LZ,2017,56.0,0,37.0
8414,MN,2017,148.0,0,124.0
8414,OQ,2017,141.0,0,131.0
8414,RU,2017,69.0,0,83.0
8419,BE,2017,94.0,0,73.0
8419,FZ,2017,76.0,0,71.0
8419,GI,2017,256.0,0,250.0
8419,JZ,2017,29.0,0,22.0
8419,KZ,2017,27.0,0,37.0
8419,LZ,2017,37.0,0,25.0
8419,MN,2017,119.0,0,109.0
8419,OQ,2017,115.0,0,125.0
8419,RU,2017,95.0,0,71.0
8424,BE,2017,94.0,0,73.0
8424,FZ,2017,45.0,0,48.0
8424,GI,2017,216.0,0,211.0
8424,JZ,2017,15.0,0,12.0
8424,KZ,2017,13.0,0,15.0
8424,LZ,2017,20.0,0,19.0
8424,MN,2017,101.0,0,101.0
8424,OQ,2017,71.0,0,72.0
8424,RU,2017,55.0,0,61.0
8429,BE,2017,53.0,0,71.0
8429,FZ,2017,19.0,0,11.0
8429,GI,2017,74.0,0,76.0
8429,JZ,2017,3.0,0,2.0
8429,KZ,2017,7.0,0,10.0
8429,LZ,2017,12.0,0,17.0
8429,MN,2017,29.0,0,26.0
8429,OQ,2017,33.0,0,25.0
8429,RU,2017,13.0,0,12.0
8434,BE,2017,88.0,0,99.0
8434,FZ,2017,218.0,0,239.0
8434,GI,2017,578.0,0,612.0
8434,JZ,2017,50.0,0,47.0
8434,KZ,2017,50.0,0,48.0
8434,LZ,2017,88.0,0,76.0
8434,MN,2017,341.0,0,340.0
8434,OQ,2017,248.0,0,206.0
8434,RU,2017,178.0,0,143.0
9304,BE,2017,317.0,0,279.0
9304,FZ,2017,900.0,0,998.0
9304,GI,2017,2063.0,0,1960.0
9304,JZ,2017,379.0,0,331.0
9304,KZ,2017,205.0,0,268.0
9304,LZ,2017,651.0,0,553.0
9304,MN,2017,1723.0,0,1798.0
9304,OQ,2017,735.0,0,778.0
9304,RU,2017,757.0,0,692.0
9309,BE,2017,61.0,0,76.0
9309,FZ,2017,249.0,0,275.0
9309,GI,2017,684.0,0,594.0
9309,JZ,2017,38.0,0,32.0
9309,KZ,2017,79.0,0,54.0
9309,LZ,2017,97.0,0,108.0
9309,MN,2017,383.0,0,337.0
9309,OQ,2017,178.0,0,226.0
9309,RU,2017,152.0,0,161.0
9314,BE,2017,35.0,0,25.0
9314,FZ,2017,79.0,0,107.0
9314,GI,2017,309.0,0,278.0
9314,JZ,2017,35.0,0,22.0
9314,KZ,2017,27.0,0,30.0
9314,LZ,2017,96.0,0,130.0
9314,MN,2017,177.0,0,208.0
9314,OQ,2017,119.0,0,83.0
9314,RU,2017,114.0,0,129.0
0052,BE,2017,120.0,1,119.0
0052,FZ,2017,209.0,1,222.0
0052,GI,2017,580.0,1,578.0
0052,JZ,2017,35.0,1,18.0
0052,KZ,2017,53.0,1,47.0
0052,LZ,2017,50.0,1,44.0
0052,MN,2017,282.0,1,275.0
0052,OQ,2017,174.0,1,185.0
0052,RU,2017,174.0,1,172.0
0057,BE,2017,64.0,1,53.0
0057,FZ,2017,161.0,1,147.0
0057,GI,2017,421.0,1,383.0
0057,JZ,2017,29.0,1,30.0
0057,KZ,2017,26.0,1,30.0
0057,LZ,2017,39.0,1,26.0
0057,MN,2017,196.0,1,181.0
0057,OQ,2017,99.0,1,82.0
0057,RU,2017,111.0,1,106.0
0062,BE,2017,49.0,1,52.0
0062,FZ,2017,71.0,1,50.0
0062,GI,2017,148.0,1,176.0
0062,JZ,2017,10.0,1,9.0
0062,KZ,2017,17.0,1,25.0
0062,LZ,2017,30.0,1,21.0
0062,MN,2017,82.0,1,69.0
0062,OQ,2017,70.0,1,68.0
0062,RU,2017,58.0,1,55.0
1103,BE,2017,48.0,1,40.0
1103,FZ,2017,92.0,1,116.0
1103,GI,2017,308.0,1,310.0
1103,JZ,2017,45.0,1,40.0
1103,KZ,2017,28.0,1,19.0
1103,LZ,2017,36.0,1,32.0
1103,MN,2017,215.0,1,188.0
1103,OQ,2017,89.0,1,108.0
1103,RU,2017,101.0,1,99.0
1108,BE,2017,62.0,1,61.0
1108,FZ,2017,246.0,1,246.0
1108,GI,2017,685.0,1,547.0
1108,JZ,2017,80.0,1,76.0
1108,KZ,2017,38.0,1,42.0
1108,LZ,2017,38.0,1,65.0
1108,MN,2017,391.0,1,340.0
1108,OQ,2017,196.0,1,190.0
1108,RU,2017,184.0,1,185.0
1113,BE,2017,156.0,1,137.0
1113,FZ,2017,485.0,1,488.0
1113,GI,2017,1899.0,1,1709.0
1113,JZ,2017,392.0,1,367.0
1113,KZ,2017,145.0,1,133.0
1113,LZ,2017,180.0,1,134.0
1113,MN,2017,1399.0,1,1199.0
1113,OQ,2017,639.0,1,602.0
1113,RU,2017,536.0,1,497.0
2403,BE,2017,96.0,1,106.0
2403,FZ,2017,127.0,1,149.0
2403,GI,2017,542.0,1,476.0
2403,JZ,2017,62.0,1,54.0
2403,KZ,2017,53.0,1,53.0
2403,LZ,2017,54.0,1,60.0
2403,MN,2017,336.0,1,300.0
2403,OQ,2017,185.0,1,214.0
2403,RU,2017,153.0,1,164.0
2408,BE,2017,37.0,1,40.0
2408,FZ,2017,46.0,1,39.0
2408,GI,2017,143.0,1,105.0
2408,JZ,2017,5.0,1,8.0
2408,KZ,2017,8.0,1,15.0
2408,LZ,2017,21.0,1,17.0
2408,MN,2017,61.0,1,45.0
2408,OQ,2017,52.0,1,44.0
2408,RU,2017,43.0,1,31.0
2413,BE,2017,219.0,1,192.0
2413,FZ,2017,414.0,1,409.0
2413,GI,2017,1415.0,1,1279.0
2413,JZ,2017,192.0,1,154.0
2413,KZ,2017,134.0,1,148.0
2413,LZ,2017,271.0,1,187.0
2413,MN,2017,893.0,1,834.0
2413,OQ,2017,624.0,1,607.0
2413,RU,2017,472.0,1,431.0
2703,BE,2017,24.0,1,26.0
2703,FZ,2017,28.0,1,44.0
2703,GI,2017,146.0,1,133.0
2703,JZ,2017,8.0,1,10.0
2703,KZ,2017,9.0,1,3.0
2703,LZ,2017,16.0,1,15.0
2703,MN,2017,56.0,1,52.0
2703,OQ,2017,40.0,1,39.0
2703,RU,2017,37.0,1,32.0
2708,BE,2017,57.0,1,56.0
2708,FZ,2017,54.0,1,32.0
2708,GI,2017,201.0,1,228.0
2708,JZ,2017,9.0,1,15.0
2708,KZ,2017,10.0,1,11.0
2708,LZ,2017,29.0,1,27.0
2708,MN,2017,96.0,1,78.0
2708,OQ,2017,72.0,1,74.0
2708,RU,2017,58.0,1,52.0
2713,BE,2017,97.0,1,106.0
2713,FZ,2017,142.0,1,142.0
2713,GI,2017,435.0,1,390.0
2713,JZ,2017,32.0,1,28.0
2713,KZ,2017,39.0,1,38.0
2713,LZ,2017,67.0,1,51.0
2713,MN,2017,176.0,1,163.0
2713,OQ,2017,134.0,1,142.0
2713,RU,2017,126.0,1,123.0
2718,BE,2017,78.0,1,65.0
2718,FZ,2017,99.0,1,96.0
2718,GI,2017,318.0,1,325.0
2718,JZ,2017,20.0,1,17.0
2718,KZ,2017,17.0,1,19.0
2718,LZ,2017,27.0,1,16.0
2718,MN,2017,91.0,1,92.0
2718,OQ,2017,108.0,1,96.0
2718,RU,2017,70.0,1,64.0
2805,BE,2017,56.0,1,73.0
2805,FZ,2017,75.0,1,78.0
2805,GI,2017,365.0,1,317.0
2805,JZ,2017,28.0,1,20.0
2805,KZ,2017,31.0,1,31.0
2805,LZ,2017,27.0,1,27.0
2805,MN,2017,166.0,1,152.0
2805,OQ,2017,144.0,1,149.0
2805,RU,2017,107.0,1,119.0
2810,BE,2017,28.0,1,31.0
2810,FZ,2017,35.0,1,37.0
2810,GI,2017,148.0,1,129.0
2810,JZ,2017,17.0,1,13.0
2810,KZ,2017,31.0,1,17.0
2810,LZ,2017,15.0,1,19.0
2810,MN,2017,75.0,1,61.0
2810,OQ,2017,68.0,1,56.0
2810,RU,2017,57.0,1,46.0
2815,BE,2017,221.0,1,221.0
2815,FZ,2017,583.0,1,609.0
2815,GI,2017,1859.0,1,1687.0
2815,JZ,2017,266.0,1,196.0
2815,KZ,2017,201.0,1,189.0
2815,LZ,2017,265.0,1,191.0
2815,MN,2017,1221.0,1,1041.0
2815,OQ,2017,721.0,1,754.0
2815,RU,2017,556.0,1,520.0
3201,BE,2017,34.0,1,35.0
3201,FZ,2017,167.0,1,126.0
3201,GI,2017,227.0,1,210.0
3201,JZ,2017,7.0,1,12.0
3201,KZ,2017,16.0,1,10.0
3201,LZ,2017,23.0,1,33.0
3201,MN,2017,97.0,1,75.0
3201,OQ,2017,53.0,1,61.0
3201,RU,2017,75.0,1,67.0
3206,BE,2017,43.0,1,59.0
3206,FZ,2017,97.0,1,94.0
3206,GI,2017,369.0,1,356.0
3206,JZ,2017,27.0,1,22.0
3206,KZ,2017,43.0,1,34.0
3206,LZ,2017,51.0,1,20.0
3206,MN,2017,178.0,1,141.0
3206,OQ,2017,111.0,1,137.0
3206,RU,2017,101.0,1,104.0
3211,BE,2017,107.0,1,93.0
3211,FZ,2017,233.0,1,226.0
3211,GI,2017,909.0,1,946.0
3211,JZ,2017,98.0,1,88.0
3211,KZ,2017,55.0,1,61.0
3211,LZ,2017,87.0,1,74.0
3211,MN,2017,520.0,1,473.0
3211,OQ,2017,274.0,1,260.0
3211,RU,2017,266.0,1,249.0
3216,BE,2017,313.0,1,331.0
3216,FZ,2017,663.0,1,793.0
3216,GI,2017,3881.0,1,3150.0
3216,JZ,2017,573.0,1,521.0
3216,KZ,2017,352.0,1,316.0
3216,LZ,2017,322.0,1,321.0
3216,MN,2017,2388.0,1,2191.0
3216,OQ,2017,1544.0,1,1549.0
3216,RU,2017,929.0,1,747.0
3221,BE,2017,64.0,1,59.0
3221,FZ,2017,129.0,1,137.0
3221,GI,2017,423.0,1,348.0
3221,JZ,2017,31.0,1,30.0
3221,KZ,2017,27.0,1,23.0
3221,LZ,2017,49.0,1,35.0
3221,MN,2017,211.0,1,168.0
3221,OQ,2017,112.0,1,115.0
3221,RU,2017,120.0,1,111.0
4404,BE,2017,85.0,1,90.0
4404,FZ,2017,64.0,1,81.0
4404,GI,2017,300.0,1,268.0
4404,JZ,2017,19.0,1,15.0
4404,KZ,2017,26.0,1,20.0
4404,LZ,2017,28.0,1,25.0
4404,MN,2017,99.0,1,95.0
4404,OQ,2017,82.0,1,69.0
4404,RU,2017,61.0,1,77.0
4409,BE,2017,103.0,1,87.0
4409,FZ,2017,183.0,1,168.0
4409,GI,2017,624.0,1,576.0
4409,JZ,2017,43.0,1,34.0
4409,KZ,2017,62.0,1,43.0
4409,LZ,2017,86.0,1,65.0
4409,MN,2017,264.0,1,272.0
4409,OQ,2017,264.0,1,237.0
4409,RU,2017,142.0,1,143.0
4414,BE,2017,50.0,1,51.0
4414,FZ,2017,68.0,1,70.0
4414,GI,2017,237.0,1,243.0
4414,JZ,2017,12.0,1,16.0
4414,KZ,2017,23.0,1,18.0
4414,LZ,2017,49.0,1,34.0
4414,MN,2017,137.0,1,84.0
4414,OQ,2017,58.0,1,59.0
4414,RU,2017,57.0,1,71.0
4419,BE,2017,45.0,1,60.0
4419,FZ,2017,81.0,1,78.0
4419,GI,2017,281.0,1,283.0
4419,JZ,2017,21.0,1,8.0
4419,KZ,2017,24.0,1,24.0
4419,LZ,2017,13.0,1,16.0
4419,MN,2017,105.0,1,93.0
4419,OQ,2017,101.0,1,129.0
4419,RU,2017,74.0,1,85.0
4424,BE,2017,84.0,1,105.0
4424,FZ,2017,182.0,1,202.0
4424,GI,2017,711.0,1,698.0
4424,JZ,2017,48.0,1,46.0
4424,KZ,2017,51.0,1,48.0
4424,LZ,2017,33.0,1,50.0
4424,MN,2017,243.0,1,217.0
4424,OQ,2017,236.0,1,240.0
4424,RU,2017,242.0,1,201.0
5202,BE,2017,146.0,1,162.0
5202,FZ,2017,293.0,1,245.0
5202,GI,2017,1008.0,1,921.0
5202,JZ,2017,135.0,1,122.0
5202,KZ,2017,131.0,1,141.0
5202,LZ,2017,181.0,1,148.0
5202,MN,2017,649.0,1,604.0
5202,OQ,2017,532.0,1,496.0
5202,RU,2017,317.0,1,324.0
5207,BE,2017,130.0,1,118.0
5207,FZ,2017,83.0,1,66.0
5207,GI,2017,325.0,1,288.0
5207,JZ,2017,15.0,1,22.0
5207,KZ,2017,23.0,1,28.0
5207,LZ,2017,51.0,1,39.0
5207,MN,2017,120.0,1,117.0
5207,OQ,2017,76.0,1,85.0
5207,RU,2017,74.0,1,83.0
5212,BE,2017,132.0,1,109.0
5212,FZ,2017,205.0,1,214.0
5212,GI,2017,832.0,1,702.0
5212,JZ,2017,82.0,1,65.0
5212,KZ,2017,137.0,1,107.0
5212,LZ,2017,131.0,1,92.0
5212,MN,2017,461.0,1,347.0
5212,OQ,2017,302.0,1,333.0
5212,RU,2017,261.0,1,234.0
5217,BE,2017,60.0,1,31.0
5217,FZ,2017,59.0,1,70.0
5217,GI,2017,197.0,1,221.0
5217,JZ,2017,7.0,1,16.0
5217,KZ,2017,27.0,1,22.0
5217,LZ,2017,48.0,1,25.0
5217,MN,2017,115.0,1,103.0
5217,OQ,2017,75.0,1,79.0
5217,RU,2017,88.0,1,74.0
5301,BE,2017,60.0,1,83.0
5301,FZ,2017,94.0,1,86.0
5301,GI,2017,261.0,1,251.0
5301,JZ,2017,32.0,1,21.0
5301,KZ,2017,25.0,1,26.0
5301,LZ,2017,55.0,1,42.0
5301,MN,2017,169.0,1,169.0
5301,OQ,2017,95.0,1,113.0
5301,RU,2017,106.0,1,99.0
5306,BE,2017,24.0,1,22.0
5306,FZ,2017,42.0,1,43.0
5306,GI,2017,144.0,1,109.0
5306,JZ,2017,7.0,1,12.0
5306,KZ,2017,13.0,1,14.0
5306,LZ,2017,10.0,1,10.0
5306,MN,2017,54.0,1,53.0
5306,OQ,2017,41.0,1,46.0
5306,RU,2017,36.0,1,26.0
5311,BE,2017,51.0,1,42.0
5311,FZ,2017,43.0,1,38.0
5311,GI,2017,172.0,1,154.0
5311,JZ,2017,7.0,1,13.0
5311,KZ,2017,17.0,1,32.0
5311,LZ,2017,23.0,1,18.0
5311,MN,2017,75.0,1,68.0
5311,OQ,2017,82.0,1,78.0
5311,RU,2017,62.0,1,58.0
5316,BE,2017,93.0,1,80.0
5316,FZ,2017,201.0,1,215.0
5316,GI,2017,430.0,1,435.0
5316,JZ,2017,31.0,1,41.0
5316,KZ,2017,88.0,1,73.0
5316,LZ,2017,51.0,1,45.0
5316,MN,2017,284.0,1,187.0
5316,OQ,2017,154.0,1,162.0
5316,RU,2017,133.0,1,118.0
7502,BE,2017,171.0,1,185.0
7502,FZ,2017,216.0,1,211.0
7502,GI,2017,602.0,1,514.0
7502,JZ,2017,76.0,1,73.0
7502,KZ,2017,76.0,1,49.0
7502,LZ,2017,63.0,1,67.0
7502,MN,2017,341.0,1,263.0
7502,OQ,2017,234.0,1,187.0
7502,RU,2017,228.0,1,237.0
7507,BE,2017,88.0,1,101.0
7507,FZ,2017,153.0,1,97.0
7507,GI,2017,375.0,1,345.0
7507,JZ,2017,21.0,1,27.0
7507,KZ,2017,31.0,1,37.0
7507,LZ,2017,82.0,1,71.0
7507,MN,2017,183.0,1,165.0
7507,OQ,2017,132.0,1,119.0
7507,RU,2017,116.0,1,95.0
7512,BE,2017,185.0,1,203.0
7512,FZ,2017,315.0,1,296.0
7512,GI,2017,929.0,1,848.0
7512,JZ,2017,82.0,1,81.0
7512,KZ,2017,135.0,1,126.0
7512,LZ,2017,127.0,1,89.0
7512,MN,2017,596.0,1,530.0
7512,OQ,2017,384.0,1,329.0
7512,RU,2017,325.0,1,299.0
7517,BE,2017,159.0,1,194.0
7517,FZ,2017,219.0,1,224.0
7517,GI,2017,739.0,1,670.0
7517,JZ,2017,64.0,1,74.0
7517,KZ,2017,93.0,1,72.0
7517,LZ,2017,116.0,1,113.0
7517,MN,2017,407.0,1,352.0
7517,OQ,2017,339.0,1,365.0
7517,RU,2017,307.0,1,227.0
7522,BE,2017,210.0,1,230.0
7522,FZ,2017,254.0,1,260.0
7522,GI,2017,749.0,1,726.0
7522,JZ,2017,78.0,1,66.0
7522,KZ,2017,89.0,1,96.0
7522,LZ,2017,176.0,1,144.0
7522,MN,2017,515.0,1,490.0
7522,OQ,2017,476.0,1,472.0
7522,RU,2017,309.0,1,264.0
7527,BE,2017,111.0,1,120.0
7527,FZ,2017,54.0,1,66.0
7527,GI,2017,206.0,1,181.0
7527,JZ,2017,11.0,1,19.0
7527,KZ,2017,26.0,1,19.0
7527,LZ,2017,22.0,1,28.0
7527,MN,2017,86.0,1,89.0
7527,OQ,2017,80.0,1,67.0
7527,RU,2017,81.0,1,76.0
7532,BE,2017,77.0,1,52.0
7532,FZ,2017,97.0,1,90.0
7532,GI,2017,259.0,1,235.0
7532,JZ,2017,10.0,1,16.0
7532,KZ,2017,36.0,1,25.0
7532,LZ,2017,27.0,1,16.0
7532,MN,2017,120.0,1,111.0
7532,OQ,2017,89.0,1,84.0
7532,RU,2017,65.0,1,69.0
7605,BE,2017,48.0,1,43.0
7605,FZ,2017,82.0,1,91.0
7605,GI,2017,215.0,1,215.0
7605,JZ,2017,15.0,1,16.0
7605,KZ,2017,14.0,1,11.0
7605,LZ,2017,8.0,1,18.0
7605,MN,2017,112.0,1,105.0
7605,OQ,2017,68.0,1,74.0
7605,RU,2017,60.0,1,72.0
7610,BE,2017,121.0,1,122.0
7610,FZ,2017,112.0,1,108.0
7610,GI,2017,437.0,1,370.0
7610,JZ,2017,30.0,1,38.0
7610,KZ,2017,38.0,1,52.0
7610,LZ,2017,31.0,1,46.0
7610,MN,2017,223.0,1,206.0
7610,OQ,2017,196.0,1,182.0
7610,RU,2017,144.0,1,107.0
7615,BE,2017,140.0,1,141.0
7615,FZ,2017,266.0,1,270.0
7615,GI,2017,615.0,1,592.0
7615,JZ,2017,44.0,1,31.0
7615,KZ,2017,50.0,1,47.0
7615,LZ,2017,46.0,1,84.0
7615,MN,2017,298.0,1,262.0
7615,OQ,2017,216.0,1,240.0
7615,RU,2017,187.0,1,164.0
7620,BE,2017,306.0,1,480.0
7620,FZ,2017,739.0,1,787.0
7620,GI,2017,1883.0,1,1788.0
7620,JZ,2017,128.0,1,155.0
7620,KZ,2017,125.0,1,128.0
7620,LZ,2017,394.0,1,339.0
7620,MN,2017,947.0,1,856.0
7620,OQ,2017,662.0,1,675.0
7620,RU,2017,587.0,1,498.0
7625,BE,2017,568.0,1,554.0
7625,FZ,2017,2021.0,1,1758.0
7625,GI,2017,4941.0,1,4154.0
7625,JZ,2017,838.0,1,700.0
7625,KZ,2017,433.0,1,463.0
7625,LZ,2017,450.0,1,392.0
7625,MN,2017,3648.0,1,3224.0
7625,OQ,2017,2355.0,1,2352.0
7625,RU,2017,1556.0,1,1395.0
8405,BE,2017,139.0,1,105.0
8405,FZ,2017,262.0,1,258.0
8405,GI,2017,718.0,1,679.0
8405,JZ,2017,46.0,1,62.0
8405,KZ,2017,69.0,1,37.0
8405,LZ,2017,91.0,1,59.0
8405,MN,2017,408.0,1,372.0
8405,OQ,2017,302.0,1,284.0
8405,RU,2017,223.0,1,199.0
8410,BE,2017,63.0,1,55.0
8410,FZ,2017,53.0,1,60.0
8410,GI,2017,210.0,1,180.0
8410,JZ,2017,13.0,1,13.0
8410,KZ,2017,14.0,1,16.0
8410,LZ,2017,36.0,1,24.0
8410,MN,2017,112.0,1,100.0
8410,OQ,2017,88.0,1,84.0
8410,RU,2017,60.0,1,63.0
8415,BE,2017,69.0,1,45.0
8415,FZ,2017,137.0,1,154.0
8415,GI,2017,403.0,1,374.0
8415,JZ,2017,46.0,1,31.0
8415,KZ,2017,29.0,1,27.0
8415,LZ,2017,101.0,1,96.0
8415,MN,2017,259.0,1,241.0
8415,OQ,2017,215.0,1,226.0
8415,RU,2017,170.0,1,139.0
8420,BE,2017,76.0,1,46.0
8420,FZ,2017,62.0,1,70.0
8420,GI,2017,203.0,1,184.0
8420,JZ,2017,21.0,1,17.0
8420,KZ,2017,23.0,1,22.0
8420,LZ,2017,28.0,1,23.0
8420,MN,2017,104.0,1,87.0
8420,OQ,2017,88.0,1,68.0
8420,RU,2017,71.0,1,44.0
8425,BE,2017,42.0,1,52.0
8425,FZ,2017,51.0,1,49.0
8425,GI,2017,142.0,1,141.0
8425,JZ,2017,7.0,1,11.0
8425,KZ,2017,17.0,1,15.0
8425,LZ,2017,18.0,1,10.0
8425,MN,2017,67.0,1,69.0
8425,OQ,2017,40.0,1,43.0
8425,RU,2017,40.0,1,36.0
8430,BE,2017,30.0,1,28.0
8430,FZ,2017,56.0,1,60.0
8430,GI,2017,159.0,1,140.0
8430,JZ,2017,13.0,1,10.0
8430,KZ,2017,13.0,1,8.0
8430,LZ,2017,13.0,1,14.0
8430,MN,2017,82.0,1,42.0
8430,OQ,2017,51.0,1,34.0
8430,RU,2017,38.0,1,33.0
8435,BE,2017,108.0,1,129.0
8435,FZ,2017,271.0,1,245.0
8435,GI,2017,559.0,1,518.0
8435,JZ,2017,53.0,1,58.0
8435,KZ,2017,33.0,1,23.0
8435,LZ,2017,106.0,1,95.0
8435,MN,2017,326.0,1,291.0
8435,OQ,2017,259.0,1,240.0
8435,RU,2017,176.0,1,184.0
9305,BE,2017,70.0,1,59.0
9305,FZ,2017,168.0,1,180.0
9305,GI,2017,385.0,1,320.0
9305,JZ,2017,28.0,1,23.0
9305,KZ,2017,40.0,1,32.0
9305,LZ,2017,34.0,1,26.0
9305,MN,2017,191.0,1,180.0
9305,OQ,2017,130.0,1,106.0
9305,RU,2017,102.0,1,121.0
9310,BE,2017,139.0,1,171.0
9310,FZ,2017,145.0,1,139.0
9310,GI,2017,310.0,1,304.0
9310,JZ,2017,26.0,1,20.0
9310,KZ,2017,38.0,1,42.0
9310,LZ,2017,43.0,1,45.0
9310,MN,2017,177.0,1,143.0
9310,OQ,2017,208.0,1,201.0
9310,RU,2017,140.0,1,124.0
9315,BE,2017,269.0,1,270.0
9315,FZ,2017,1292.0,1,1362.0
9315,GI,2017,3176.0,1,2922.0
9315,JZ,2017,363.0,1,339.0
9315,KZ,2017,279.0,1,294.0
9315,LZ,2017,505.0,1,513.0
9315,MN,2017,2273.0,1,2210.0
9315,OQ,2017,1088.0,1,1059.0
9315,RU,2017,958.0,1,834.0
0053,BE,2017,184.0,2,198.0
0053,FZ,2017,453.0,2,457.0
0053,GI,2017,1201.0,2,1104.0
0053,JZ,2017,89.0,2,102.0
0053,KZ,2017,124.0,2,111.0
0053,LZ,2017,97.0,2,87.0
0053,MN,2017,643.0,2,588.0
0053,OQ,2017,428.0,2,435.0
0053,RU,2017,396.0,2,350.0
0058,BE,2017,28.0,2,45.0
0058,FZ,2017,39.0,2,45.0
0058,GI,2017,128.0,2,149.0
0058,JZ,2017,11.0,2,4.0
0058,KZ,2017,18.0,2,16.0
0058,LZ,2017,13.0,2,16.0
0058,MN,2017,50.0,2,44.0
0058,OQ,2017,41.0,2,31.0
0058,RU,2017,40.0,2,40.0
0063,BE,2017,89.0,2,92.0
0063,FZ,2017,51.0,2,48.0
0063,GI,2017,120.0,2,187.0
0063,JZ,2017,8.0,2,9.0
0063,KZ,2017,12.0,2,12.0
0063,LZ,2017,22.0,2,19.0
0063,MN,2017,63.0,2,71.0
0063,OQ,2017,73.0,2,55.0
0063,RU,2017,38.0,2,39.0
1104,BE,2017,157.0,2,145.0
1104,FZ,2017,673.0,2,688.0
1104,GI,2017,2254.0,2,1921.0
1104,JZ,2017,355.0,2,323.0
1104,KZ,2017,150.0,2,130.0
1104,LZ,2017,203.0,2,163.0
1104,MN,2017,1393.0,2,1159.0
1104,OQ,2017,574.0,2,568.0
1104,RU,2017,563.0,2,479.0
1109,BE,2017,2942.0,2,2962.0
1109,FZ,2017,9050.0,2,8409.0
1109,GI,2017,39894.0,2,36823.0
1109,JZ,2017,11435.0,2,10514.0
1109,KZ,2017,5223.0,2,4910.0
1109,LZ,2017,4061.0,2,3490.0
1109,MN,2017,44021.0,2,38216.0
1109,OQ,2017,12673.0,2,11719.0
1109,RU,2017,11657.0,2,10736.0
1114,BE,2017,219.0,2,208.0
1114,FZ,2017,815.0,2,732.0
1114,GI,2017,2663.0,2,2412.0
1114,JZ,2017,660.0,2,581.0
1114,KZ,2017,262.0,2,242.0
1114,LZ,2017,328.0,2,280.0
1114,MN,2017,2395.0,2,2096.0
1114,OQ,2017,991.0,2,906.0
1114,RU,2017,764.0,2,700.0
2404,BE,2017,30.0,2,27.0
2404,FZ,2017,53.0,2,34.0
2404,GI,2017,110.0,2,125.0
2404,JZ,2017,9.0,2,8.0
2404,KZ,2017,13.0,2,16.0
2404,LZ,2017,14.0,2,13.0
2404,MN,2017,56.0,2,58.0
2404,OQ,2017,36.0,2,29.0
2404,RU,2017,26.0,2,30.0
2409,BE,2017,43.0,2,43.0
2409,FZ,2017,174.0,2,149.0
2409,GI,2017,402.0,2,404.0
2409,JZ,2017,28.0,2,23.0
2409,KZ,2017,12.0,2,17.0
2409,LZ,2017,13.0,2,18.0
2409,MN,2017,136.0,2,145.0
2409,OQ,2017,93.0,2,71.0
2409,RU,2017,109.0,2,105.0
2414,BE,2017,39.0,2,34.0
2414,FZ,2017,60.0,2,65.0
2414,GI,2017,150.0,2,157.0
2414,JZ,2017,10.0,2,13.0
2414,KZ,2017,12.0,2,15.0
2414,LZ,2017,22.0,2,16.0
2414,MN,2017,70.0,2,62.0
2414,OQ,2017,45.0,2,51.0
2414,RU,2017,31.0,2,41.0
2704,BE,2017,46.0,2,33.0
2704,FZ,2017,62.0,2,59.0
2704,GI,2017,276.0,2,285.0
2704,JZ,2017,13.0,2,14.0
2704,KZ,2017,32.0,2,21.0
2704,LZ,2017,50.0,2,28.0
2704,MN,2017,128.0,2,130.0
2704,OQ,2017,71.0,2,71.0
2704,RU,2017,46.0,2,52.0
2709,BE,2017,44.0,2,48.0
2709,FZ,2017,49.0,2,53.0
2709,GI,2017,168.0,2,192.0
2709,JZ,2017,6.0,2,4.0
2709,KZ,2017,9.0,2,4.0
2709,LZ,2017,11.0,2,6.0
2709,MN,2017,86.0,2,69.0
2709,OQ,2017,59.0,2,50.0
2709,RU,2017,46.0,2,25.0
2714,BE,2017,72.0,2,73.0
2714,FZ,2017,90.0,2,114.0
2714,GI,2017,507.0,2,460.0
2714,JZ,2017,22.0,2,26.0
2714,KZ,2017,16.0,2,18.0
2714,LZ,2017,27.0,2,25.0
2714,MN,2017,187.0,2,156.0
2714,OQ,2017,106.0,2,139.0
2714,RU,2017,108.0,2,140.0
2801,BE,2017,24.0,2,19.0
2801,FZ,2017,28.0,2,23.0
2801,GI,2017,89.0,2,79.0
2801,JZ,2017,7.0,2,4.0
2801,KZ,2017,6.0,2,17.0
2801,LZ,2017,6.0,2,10.0
2801,MN,2017,55.0,2,29.0
2801,OQ,2017,33.0,2,18.0
2801,RU,2017,30.0,2,29.0
2806,BE,2017,32.0,2,16.0
2806,FZ,2017,33.0,2,25.0
2806,GI,2017,175.0,2,149.0
2806,JZ,2017,6.0,2,6.0
2806,KZ,2017,21.0,2,11.0
2806,LZ,2017,11.0,2,8.0
2806,MN,2017,68.0,2,63.0
2806,OQ,2017,56.0,2,61.0
2806,RU,2017,31.0,2,50.0
2811,BE,2017,48.0,2,44.0
2811,FZ,2017,89.0,2,107.0
2811,GI,2017,374.0,2,337.0
2811,JZ,2017,33.0,2,19.0
2811,KZ,2017,42.0,2,42.0
2811,LZ,2017,48.0,2,37.0
2811,MN,2017,171.0,2,168.0
2811,OQ,2017,97.0,2,87.0
2811,RU,2017,106.0,2,110.0
2816,BE,2017,38.0,2,52.0
2816,FZ,2017,55.0,2,53.0
2816,GI,2017,259.0,2,228.0
2816,JZ,2017,14.0,2,22.0
2816,KZ,2017,23.0,2,43.0
2816,LZ,2017,18.0,2,20.0
2816,MN,2017,107.0,2,96.0
2816,OQ,2017,75.0,2,74.0
2816,RU,2017,61.0,2,66.0
3202,BE,2017,127.0,2,167.0
3202,FZ,2017,263.0,2,269.0
3202,GI,2017,852.0,2,727.0
3202,JZ,2017,75.0,2,70.0
3202,KZ,2017,98.0,2,87.0
3202,LZ,2017,146.0,2,98.0
3202,MN,2017,451.0,2,439.0
3202,OQ,2017,349.0,2,407.0
3202,RU,2017,258.0,2,257.0
3207,BE,2017,39.0,2,35.0
3207,FZ,2017,70.0,2,80.0
3207,GI,2017,312.0,2,315.0
3207,JZ,2017,15.0,2,23.0
3207,KZ,2017,20.0,2,14.0
3207,LZ,2017,30.0,2,17.0
3207,MN,2017,119.0,2,107.0
3207,OQ,2017,116.0,2,91.0
3207,RU,2017,99.0,2,86.0
3212,BE,2017,84.0,2,114.0
3212,FZ,2017,117.0,2,116.0
3212,GI,2017,544.0,2,574.0
3212,JZ,2017,31.0,2,37.0
3212,KZ,2017,36.0,2,49.0
3212,LZ,2017,35.0,2,28.0
3212,MN,2017,231.0,2,198.0
3212,OQ,2017,174.0,2,174.0
3212,RU,2017,130.0,2,124.0
3217,BE,2017,90.0,2,61.0
3217,FZ,2017,137.0,2,139.0
3217,GI,2017,615.0,2,533.0
3217,JZ,2017,17.0,2,16.0
3217,KZ,2017,19.0,2,33.0
3217,LZ,2017,30.0,2,22.0
3217,MN,2017,172.0,2,171.0
3217,OQ,2017,156.0,2,136.0
3217,RU,2017,164.0,2,137.0
3222,BE,2017,141.0,2,419.0
3222,FZ,2017,231.0,2,215.0
3222,GI,2017,833.0,2,893.0
3222,JZ,2017,75.0,2,74.0
3222,KZ,2017,66.0,2,66.0
3222,LZ,2017,74.0,2,43.0
3222,MN,2017,386.0,2,327.0
3222,OQ,2017,266.0,2,270.0
3222,RU,2017,220.0,2,209.0
4405,BE,2017,97.0,2,89.0
4405,FZ,2017,148.0,2,142.0
4405,GI,2017,599.0,2,578.0
4405,JZ,2017,39.0,2,45.0
4405,KZ,2017,63.0,2,67.0
4405,LZ,2017,60.0,2,56.0
4405,MN,2017,290.0,2,316.0
4405,OQ,2017,219.0,2,228.0
4405,RU,2017,180.0,2,153.0
4410,BE,2017,154.0,2,139.0
4410,FZ,2017,406.0,2,399.0
4410,GI,2017,1406.0,2,1205.0
4410,JZ,2017,117.0,2,113.0
4410,KZ,2017,145.0,2,129.0
4410,LZ,2017,73.0,2,84.0
4410,MN,2017,625.0,2,582.0
4410,OQ,2017,453.0,2,439.0
4410,RU,2017,391.0,2,325.0
4415,BE,2017,85.0,2,95.0
4415,FZ,2017,52.0,2,67.0
4415,GI,2017,247.0,2,179.0
4415,JZ,2017,10.0,2,14.0
4415,KZ,2017,22.0,2,16.0
4415,LZ,2017,19.0,2,17.0
4415,MN,2017,88.0,2,73.0
4415,OQ,2017,50.0,2,56.0
4415,RU,2017,41.0,2,43.0
4420,BE,2017,51.0,2,58.0
4420,FZ,2017,100.0,2,75.0
4420,GI,2017,286.0,2,269.0
4420,JZ,2017,18.0,2,10.0
4420,KZ,2017,11.0,2,20.0
4420,LZ,2017,10.0,2,14.0
4420,MN,2017,118.0,2,100.0
4420,OQ,2017,85.0,2,97.0
4420,RU,2017,67.0,2,74.0
4425,BE,2017,104.0,2,129.0
4425,FZ,2017,189.0,2,188.0
4425,GI,2017,719.0,2,644.0
4425,JZ,2017,50.0,2,49.0
4425,KZ,2017,73.0,2,73.0
4425,LZ,2017,77.0,2,65.0
4425,MN,2017,350.0,2,306.0
4425,OQ,2017,198.0,2,207.0
4425,RU,2017,171.0,2,168.0
5203,BE,2017,117.0,2,108.0
5203,FZ,2017,139.0,2,115.0
5203,GI,2017,502.0,2,421.0
5203,JZ,2017,18.0,2,24.0
5203,KZ,2017,54.0,2,55.0
5203,LZ,2017,91.0,2,63.0
5203,MN,2017,216.0,2,191.0
5203,OQ,2017,143.0,2,164.0
5203,RU,2017,110.0,2,120.0
5208,BE,2017,22.0,2,31.0
5208,FZ,2017,25.0,2,30.0
5208,GI,2017,157.0,2,124.0
5208,JZ,2017,6.0,2,5.0
5208,KZ,2017,12.0,2,15.0
5208,LZ,2017,21.0,2,26.0
5208,MN,2017,73.0,2,53.0
5208,OQ,2017,38.0,2,25.0
5208,RU,2017,41.0,2,41.0
5213,BE,2017,97.0,2,100.0
5213,FZ,2017,69.0,2,66.0
5213,GI,2017,303.0,2,287.0
5213,JZ,2017,27.0,2,26.0
5213,KZ,2017,45.0,2,53.0
5213,LZ,2017,61.0,2,60.0
5213,MN,2017,148.0,2,153.0
5213,OQ,2017,112.0,2,113.0
5213,RU,2017,79.0,2,89.0
5218,BE,2017,20.0,2,22.0
5218,FZ,2017,20.0,2,30.0
5218,GI,2017,134.0,2,95.0
5218,JZ,2017,4.0,2,0.0
5218,KZ,2017,9.0,2,9.0
5218,LZ,2017,15.0,2,17.0
5218,MN,2017,46.0,2,43.0
5218,OQ,2017,20.0,2,34.0
5218,RU,2017,29.0,2,22.0
5302,BE,2017,143.0,2,154.0
5302,FZ,2017,262.0,2,264.0
5302,GI,2017,723.0,2,700.0
5302,JZ,2017,107.0,2,104.0
5302,KZ,2017,111.0,2,104.0
5302,LZ,2017,105.0,2,75.0
5302,MN,2017,478.0,2,438.0
5302,OQ,2017,471.0,2,472.0
5302,RU,2017,316.0,2,289.0
5307,BE,2017,42.0,2,36.0
5307,FZ,2017,44.0,2,41.0
5307,GI,2017,160.0,2,125.0
5307,JZ,2017,5.0,2,8.0
5307,KZ,2017,28.0,2,34.0
5307,LZ,2017,24.0,2,14.0
5307,MN,2017,80.0,2,89.0
5307,OQ,2017,44.0,2,44.0
5307,RU,2017,53.0,2,42.0
5312,BE,2017,57.0,2,65.0
5312,FZ,2017,46.0,2,60.0
5312,GI,2017,228.0,2,203.0
5312,JZ,2017,16.0,2,12.0
5312,KZ,2017,30.0,2,37.0
5312,LZ,2017,28.0,2,19.0
5312,MN,2017,118.0,2,101.0
5312,OQ,2017,89.0,2,71.0
5312,RU,2017,58.0,2,61.0
5317,BE,2017,59.0,2,85.0
5317,FZ,2017,106.0,2,110.0
5317,GI,2017,421.0,2,395.0
5317,JZ,2017,26.0,2,47.0
5317,KZ,2017,79.0,2,99.0
5317,LZ,2017,80.0,2,47.0
5317,MN,2017,253.0,2,246.0
5317,OQ,2017,147.0,2,158.0
5317,RU,2017,166.0,2,166.0
7503,BE,2017,232.0,2,222.0
7503,FZ,2017,482.0,2,490.0
7503,GI,2017,1175.0,2,1191.0
7503,JZ,2017,122.0,2,137.0
7503,KZ,2017,176.0,2,147.0
7503,LZ,2017,329.0,2,249.0
7503,MN,2017,1007.0,2,872.0
7503,OQ,2017,800.0,2,679.0
7503,RU,2017,563.0,2,453.0
7508,BE,2017,53.0,2,37.0
7508,FZ,2017,55.0,2,67.0
7508,GI,2017,236.0,2,210.0
7508,JZ,2017,15.0,2,8.0
7508,KZ,2017,27.0,2,28.0
7508,LZ,2017,23.0,2,15.0
7508,MN,2017,114.0,2,75.0
7508,OQ,2017,61.0,2,56.0
7508,RU,2017,48.0,2,55.0
7513,BE,2017,139.0,2,137.0
7513,FZ,2017,224.0,2,253.0
7513,GI,2017,732.0,2,659.0
7513,JZ,2017,55.0,2,30.0
7513,KZ,2017,51.0,2,67.0
7513,LZ,2017,99.0,2,134.0
7513,MN,2017,419.0,2,331.0
7513,OQ,2017,260.0,2,238.0
7513,RU,2017,287.0,2,253.0
7518,BE,2017,73.0,2,60.0
7518,FZ,2017,100.0,2,98.0
7518,GI,2017,288.0,2,285.0
7518,JZ,2017,16.0,2,15.0
7518,KZ,2017,29.0,2,32.0
7518,LZ,2017,19.0,2,20.0
7518,MN,2017,158.0,2,121.0
7518,OQ,2017,79.0,2,100.0
7518,RU,2017,78.0,2,63.0
7523,BE,2017,146.0,2,162.0
7523,FZ,2017,220.0,2,232.0
7523,GI,2017,654.0,2,604.0
7523,JZ,2017,28.0,2,32.0
7523,KZ,2017,63.0,2,49.0
7523,LZ,2017,47.0,2,37.0
7523,MN,2017,357.0,2,313.0
7523,OQ,2017,213.0,2,214.0
7523,RU,2017,181.0,2,205.0
7528,BE,2017,85.0,2,80.0
7528,FZ,2017,142.0,2,121.0
7528,GI,2017,385.0,2,318.0
7528,JZ,2017,29.0,2,18.0
7528,KZ,2017,29.0,2,32.0
7528,LZ,2017,62.0,2,48.0
7528,MN,2017,143.0,2,151.0
7528,OQ,2017,146.0,2,137.0
7528,RU,2017,110.0,2,127.0
7601,BE,2017,56.0,2,70.0
7601,FZ,2017,142.0,2,113.0
7601,GI,2017,575.0,2,559.0
7601,JZ,2017,14.0,2,16.0
7601,KZ,2017,32.0,2,20.0
7601,LZ,2017,55.0,2,62.0
7601,MN,2017,163.0,2,169.0
7601,OQ,2017,102.0,2,113.0
7601,RU,2017,113.0,2,117.0
7606,BE,2017,181.0,2,164.0
7606,FZ,2017,422.0,2,435.0
7606,GI,2017,924.0,2,866.0
7606,JZ,2017,47.0,2,39.0
7606,KZ,2017,50.0,2,65.0
7606,LZ,2017,109.0,2,92.0
7606,MN,2017,415.0,2,373.0
7606,OQ,2017,271.0,2,280.0
7606,RU,2017,266.0,2,255.0
7611,BE,2017,128.0,2,122.0
7611,FZ,2017,79.0,2,100.0
7611,GI,2017,244.0,2,217.0
7611,JZ,2017,19.0,2,10.0
7611,KZ,2017,13.0,2,13.0
7611,LZ,2017,20.0,2,18.0
7611,MN,2017,102.0,2,97.0
7611,OQ,2017,88.0,2,111.0
7611,RU,2017,84.0,2,76.0
7616,BE,2017,530.0,2,520.0
7616,FZ,2017,1412.0,2,1436.0
7616,GI,2017,3551.0,2,3041.0
7616,JZ,2017,532.0,2,505.0
7616,KZ,2017,302.0,2,291.0
7616,LZ,2017,488.0,2,327.0
7616,MN,2017,2618.0,2,2271.0
7616,OQ,2017,1595.0,2,1559.0
7616,RU,2017,1096.0,2,984.0
7621,BE,2017,218.0,2,209.0
7621,FZ,2017,113.0,2,143.0
7621,GI,2017,364.0,2,280.0
7621,JZ,2017,25.0,2,27.0
7621,KZ,2017,25.0,2,52.0
7621,LZ,2017,45.0,2,59.0
7621,MN,2017,188.0,2,165.0
7621,OQ,2017,142.0,2,179.0
7621,RU,2017,104.0,2,90.0
8401,BE,2017,161.0,2,177.0
8401,FZ,2017,484.0,2,376.0
8401,GI,2017,913.0,2,879.0
8401,JZ,2017,148.0,2,147.0
8401,KZ,2017,133.0,2,116.0
8401,LZ,2017,224.0,2,141.0
8401,MN,2017,907.0,2,739.0
8401,OQ,2017,554.0,2,553.0
8401,RU,2017,399.0,2,359.0
8406,BE,2017,117.0,2,106.0
8406,FZ,2017,334.0,2,289.0
8406,GI,2017,822.0,2,761.0
8406,JZ,2017,58.0,2,69.0
8406,KZ,2017,41.0,2,62.0
8406,LZ,2017,102.0,2,82.0
8406,MN,2017,397.0,2,394.0
8406,OQ,2017,247.0,2,243.0
8406,RU,2017,229.0,2,174.0
8411,BE,2017,27.0,2,29.0
8411,FZ,2017,46.0,2,34.0
8411,GI,2017,129.0,2,147.0
8411,JZ,2017,9.0,2,9.0
8411,KZ,2017,6.0,2,9.0
8411,LZ,2017,37.0,2,32.0
8411,MN,2017,74.0,2,59.0
8411,OQ,2017,82.0,2,66.0
8411,RU,2017,56.0,2,41.0
8416,BE,2017,141.0,2,124.0
8416,FZ,2017,338.0,2,313.0
8416,GI,2017,921.0,2,823.0
8416,JZ,2017,119.0,2,104.0
8416,KZ,2017,84.0,2,81.0
8416,LZ,2017,151.0,2,109.0
8416,MN,2017,589.0,2,541.0
8416,OQ,2017,474.0,2,428.0
8416,RU,2017,333.0,2,316.0
8421,BE,2017,803.0,2,882.0
8421,FZ,2017,2352.0,2,2241.0
8421,GI,2017,8461.0,2,7375.0
8421,JZ,2017,1420.0,2,1275.0
8421,KZ,2017,880.0,2,726.0
8421,LZ,2017,1386.0,2,889.0
8421,MN,2017,7131.0,2,6033.0
8421,OQ,2017,3291.0,2,3099.0
8421,RU,2017,2191.0,2,1927.0
8426,BE,2017,82.0,2,62.0
8426,FZ,2017,112.0,2,108.0
8426,GI,2017,369.0,2,339.0
8426,JZ,2017,33.0,2,16.0
8426,KZ,2017,45.0,2,21.0
8426,LZ,2017,53.0,2,53.0
8426,MN,2017,177.0,2,136.0
8426,OQ,2017,133.0,2,130.0
8426,RU,2017,125.0,2,103.0
8431,BE,2017,206.0,2,210.0
8431,FZ,2017,373.0,2,383.0
8431,GI,2017,907.0,2,858.0
8431,JZ,2017,88.0,2,85.0
8431,KZ,2017,72.0,2,90.0
8431,LZ,2017,144.0,2,109.0
8431,MN,2017,549.0,2,503.0
8431,OQ,2017,399.0,2,401.0
8431,RU,2017,326.0,2,304.0
9301,BE,2017,298.0,2,258.0
9301,FZ,2017,584.0,2,569.0
9301,GI,2017,1591.0,2,1538.0
9301,JZ,2017,318.0,2,270.0
9301,KZ,2017,238.0,2,221.0
9301,LZ,2017,255.0,2,202.0
9301,MN,2017,1552.0,2,1444.0
9301,OQ,2017,851.0,2,828.0
9301,RU,2017,564.0,2,526.0
9306,BE,2017,131.0,2,102.0
9306,FZ,2017,223.0,2,183.0
9306,GI,2017,518.0,2,474.0
9306,JZ,2017,35.0,2,25.0
9306,KZ,2017,40.0,2,43.0
9306,LZ,2017,54.0,2,53.0
9306,MN,2017,317.0,2,258.0
9306,OQ,2017,161.0,2,156.0
9306,RU,2017,144.0,2,160.0
9311,BE,2017,80.0,2,78.0
9311,FZ,2017,117.0,2,131.0
9311,GI,2017,373.0,2,386.0
9311,JZ,2017,20.0,2,21.0
9311,KZ,2017,15.0,2,24.0
9311,LZ,2017,16.0,2,18.0
9311,MN,2017,176.0,2,171.0
9311,OQ,2017,118.0,2,122.0
9311,RU,2017,112.0,2,110.0
9316,BE,2017,46.0,2,56.0
9316,FZ,2017,99.0,2,94.0
9316,GI,2017,289.0,2,254.0
9316,JZ,2017,18.0,2,11.0
9316,KZ,2017,17.0,2,23.0
9316,LZ,2017,13.0,2,16.0
9316,MN,2017,141.0,2,91.0
9316,OQ,2017,98.0,2,72.0
9316,RU,2017,55.0,2,59.0
0054,BE,2017,154.0,3,124.0
0054,FZ,2017,297.0,3,285.0
0054,GI,2017,723.0,3,738.0
0054,JZ,2017,53.0,3,44.0
0054,KZ,2017,65.0,3,66.0
0054,LZ,2017,98.0,3,73.0
0054,MN,2017,380.0,3,339.0
0054,OQ,2017,187.0,3,205.0
0054,RU,2017,206.0,3,162.0
0059,BE,2017,79.0,3,68.0
0059,FZ,2017,167.0,3,142.0
0059,GI,2017,463.0,3,437.0
0059,JZ,2017,45.0,3,31.0
0059,KZ,2017,47.0,3,34.0
0059,LZ,2017,75.0,3,68.0
0059,MN,2017,241.0,3,242.0
0059,OQ,2017,151.0,3,161.0
0059,RU,2017,133.0,3,129.0
0064,BE,2017,56.0,3,71.0
0064,FZ,2017,68.0,3,88.0
0064,GI,2017,242.0,3,267.0
0064,JZ,2017,16.0,3,10.0
0064,KZ,2017,16.0,3,10.0
0064,LZ,2017,23.0,3,26.0
0064,MN,2017,102.0,3,99.0
0064,OQ,2017,88.0,3,71.0
0064,RU,2017,89.0,3,79.0
1105,BE,2017,86.0,3,77.0
1105,FZ,2017,210.0,3,232.0
1105,GI,2017,605.0,3,564.0
1105,JZ,2017,93.0,3,74.0
1105,KZ,2017,59.0,3,49.0
1105,LZ,2017,54.0,3,42.0
1105,MN,2017,461.0,3,444.0
1105,OQ,2017,252.0,3,240.0
1105,RU,2017,226.0,3,221.0
1110,BE,2017,33.0,3,26.0
1110,FZ,2017,66.0,3,59.0
1110,GI,2017,206.0,3,163.0
1110,JZ,2017,8.0,3,10.0
1110,KZ,2017,11.0,3,13.0
1110,LZ,2017,6.0,3,8.0
1110,MN,2017,74.0,3,67.0
1110,OQ,2017,45.0,3,67.0
1110,RU,2017,49.0,3,43.0
1115,BE,2017,172.0,3,169.0
1115,FZ,2017,492.0,3,457.0
1115,GI,2017,1907.0,3,1730.0
1115,JZ,2017,497.0,3,476.0
1115,KZ,2017,264.0,3,207.0
1115,LZ,2017,292.0,3,218.0
1115,MN,2017,2092.0,3,1848.0
1115,OQ,2017,886.0,3,778.0
1115,RU,2017,561.0,3,506.0
2405,BE,2017,137.0,3,142.0
2405,FZ,2017,101.0,3,129.0
2405,GI,2017,449.0,3,425.0
2405,JZ,2017,26.0,3,19.0
2405,KZ,2017,36.0,3,38.0
2405,LZ,2017,42.0,3,53.0
2405,MN,2017,203.0,3,206.0
2405,OQ,2017,158.0,3,154.0
2405,RU,2017,139.0,3,126.0
2410,BE,2017,132.0,3,170.0
2410,FZ,2017,383.0,3,396.0
2410,GI,2017,1175.0,3,1184.0
2410,JZ,2017,144.0,3,135.0
2410,KZ,2017,112.0,3,105.0
2410,LZ,2017,75.0,3,89.0
2410,MN,2017,709.0,3,637.0
2410,OQ,2017,418.0,3,395.0
2410,RU,2017,344.0,3,363.0
2415,BE,2017,32.0,3,34.0
2415,FZ,2017,49.0,3,43.0
2415,GI,2017,90.0,3,121.0
2415,JZ,2017,4.0,3,8.0
2415,KZ,2017,1.0,3,4.0
2415,LZ,2017,12.0,3,5.0
2415,MN,2017,44.0,3,31.0
2415,OQ,2017,27.0,3,35.0
2415,RU,2017,41.0,3,37.0
2705,BE,2017,88.0,3,62.0
2705,FZ,2017,172.0,3,151.0
2705,GI,2017,531.0,3,439.0
2705,JZ,2017,30.0,3,51.0
2705,KZ,2017,24.0,3,30.0
2705,LZ,2017,26.0,3,24.0
2705,MN,2017,212.0,3,190.0
2705,OQ,2017,173.0,3,185.0
2705,RU,2017,134.0,3,113.0
2710,BE,2017,41.0,3,30.0
2710,FZ,2017,66.0,3,64.0
2710,GI,2017,253.0,3,250.0
2710,JZ,2017,14.0,3,16.0
2710,KZ,2017,15.0,3,18.0
2710,LZ,2017,17.0,3,22.0
2710,MN,2017,81.0,3,74.0
2710,OQ,2017,72.0,3,79.0
2710,RU,2017,55.0,3,61.0
2715,BE,2017,77.0,3,93.0
2715,FZ,2017,80.0,3,104.0
2715,GI,2017,300.0,3,310.0
2715,JZ,2017,15.0,3,15.0
2715,KZ,2017,27.0,3,21.0
2715,LZ,2017,47.0,3,44.0
2715,MN,2017,131.0,3,122.0
2715,OQ,2017,135.0,3,99.0
2715,RU,2017,109.0,3,112.0
2802,BE,2017,35.0,3,38.0
2802,FZ,2017,46.0,3,48.0
2802,GI,2017,196.0,3,189.0
2802,JZ,2017,12.0,3,13.0
2802,KZ,2017,18.0,3,16.0
2802,LZ,2017,22.0,3,12.0
2802,MN,2017,70.0,3,91.0
2802,OQ,2017,65.0,3,88.0
2802,RU,2017,53.0,3,53.0
2807,BE,2017,73.0,3,75.0
2807,FZ,2017,111.0,3,97.0
2807,GI,2017,305.0,3,329.0
2807,JZ,2017,23.0,3,15.0
2807,KZ,2017,27.0,3,29.0
2807,LZ,2017,43.0,3,35.0
2807,MN,2017,143.0,3,137.0
2807,OQ,2017,97.0,3,81.0
2807,RU,2017,91.0,3,91.0
2812,BE,2017,21.0,3,14.0
2812,FZ,2017,35.0,3,46.0
2812,GI,2017,94.0,3,97.0
2812,JZ,2017,11.0,3,8.0
2812,KZ,2017,6.0,3,12.0
2812,LZ,2017,12.0,3,8.0
2812,MN,2017,56.0,3,53.0
2812,OQ,2017,20.0,3,30.0
2812,RU,2017,30.0,3,25.0
2817,BE,2017,47.0,3,60.0
2817,FZ,2017,154.0,3,128.0
2817,GI,2017,352.0,3,313.0
2817,JZ,2017,35.0,3,31.0
2817,KZ,2017,50.0,3,30.0
2817,LZ,2017,29.0,3,35.0
2817,MN,2017,190.0,3,166.0
2817,OQ,2017,87.0,3,118.0
2817,RU,2017,110.0,3,102.0
3203,BE,2017,81.0,3,76.0
3203,FZ,2017,125.0,3,100.0
3203,GI,2017,433.0,3,376.0
3203,JZ,2017,31.0,3,31.0
3203,KZ,2017,64.0,3,53.0
3203,LZ,2017,34.0,3,28.0
3203,MN,2017,225.0,3,223.0
3203,OQ,2017,181.0,3,159.0
3203,RU,2017,114.0,3,123.0
3208,BE,2017,67.0,3,57.0
3208,FZ,2017,89.0,3,80.0
3208,GI,2017,322.0,3,331.0
3208,JZ,2017,12.0,3,18.0
3208,KZ,2017,46.0,3,49.0
3208,LZ,2017,24.0,3,18.0
3208,MN,2017,129.0,3,126.0
3208,OQ,2017,109.0,3,117.0
3208,RU,2017,102.0,3,95.0
3213,BE,2017,63.0,3,74.0
3213,FZ,2017,104.0,3,104.0
3213,GI,2017,523.0,3,501.0
3213,JZ,2017,32.0,3,26.0
3213,KZ,2017,46.0,3,46.0
3213,LZ,2017,52.0,3,47.0
3213,MN,2017,250.0,3,208.0
3213,OQ,2017,162.0,3,189.0
3213,RU,2017,164.0,3,155.0
3218,BE,2017,134.0,3,125.0
3218,FZ,2017,326.0,3,367.0
3218,GI,2017,1397.0,3,1298.0
3218,JZ,2017,153.0,3,164.0
3218,KZ,2017,118.0,3,102.0
3218,LZ,2017,75.0,3,78.0
3218,MN,2017,747.0,3,674.0
3218,OQ,2017,394.0,3,411.0
3218,RU,2017,318.0,3,270.0
4401,BE,2017,50.0,3,41.0
4401,FZ,2017,25.0,3,40.0
4401,GI,2017,138.0,3,155.0
4401,JZ,2017,10.0,3,15.0
4401,KZ,2017,10.0,3,10.0
4401,LZ,2017,11.0,3,6.0
4401,MN,2017,46.0,3,52.0
4401,OQ,2017,48.0,3,42.0
4401,RU,2017,43.0,3,41.0
4406,BE,2017,52.0,3,49.0
4406,FZ,2017,49.0,3,51.0
4406,GI,2017,204.0,3,209.0
4406,JZ,2017,18.0,3,13.0
4406,KZ,2017,41.0,3,21.0
4406,LZ,2017,37.0,3,28.0
4406,MN,2017,91.0,3,63.0
4406,OQ,2017,68.0,3,67.0
4406,RU,2017,85.0,3,55.0
4411,BE,2017,182.0,3,158.0
4411,FZ,2017,351.0,3,321.0
4411,GI,2017,1379.0,3,1399.0
4411,JZ,2017,97.0,3,81.0
4411,KZ,2017,101.0,3,99.0
4411,LZ,2017,94.0,3,86.0
4411,MN,2017,569.0,3,546.0
4411,OQ,2017,444.0,3,394.0
4411,RU,2017,342.0,3,360.0
4416,BE,2017,63.0,3,77.0
4416,FZ,2017,118.0,3,109.0
4416,GI,2017,333.0,3,312.0
4416,JZ,2017,17.0,3,13.0
4416,KZ,2017,21.0,3,16.0
4416,LZ,2017,15.0,3,14.0
4416,MN,2017,112.0,3,104.0
4416,OQ,2017,107.0,3,106.0
4416,RU,2017,85.0,3,80.0
4421,BE,2017,54.0,3,50.0
4421,FZ,2017,72.0,3,58.0
4421,GI,2017,291.0,3,237.0
4421,JZ,2017,6.0,3,9.0
4421,KZ,2017,13.0,3,15.0
4421,LZ,2017,11.0,3,10.0
4421,MN,2017,78.0,3,52.0
4421,OQ,2017,60.0,3,63.0
4421,RU,2017,62.0,3,58.0
4426,BE,2017,23.0,3,28.0
4426,FZ,2017,38.0,3,53.0
4426,GI,2017,195.0,3,169.0
4426,JZ,2017,8.0,3,12.0
4426,KZ,2017,16.0,3,8.0
4426,LZ,2017,6.0,3,11.0
4426,MN,2017,64.0,3,57.0
4426,OQ,2017,46.0,3,50.0
4426,RU,2017,46.0,3,47.0
5204,BE,2017,29.0,3,18.0
5204,FZ,2017,35.0,3,29.0
5204,GI,2017,97.0,3,87.0
5204,JZ,2017,7.0,3,4.0
5204,KZ,2017,18.0,3,24.0
5204,LZ,2017,8.0,3,15.0
5204,MN,2017,36.0,3,32.0
5204,OQ,2017,27.0,3,31.0
5204,RU,2017,22.0,3,14.0
5209,BE,2017,34.0,3,19.0
5209,FZ,2017,26.0,3,31.0
5209,GI,2017,136.0,3,103.0
5209,JZ,2017,5.0,3,5.0
5209,KZ,2017,18.0,3,10.0
5209,LZ,2017,11.0,3,20.0
5209,MN,2017,65.0,3,50.0
5209,OQ,2017,40.0,3,38.0
5209,RU,2017,34.0,3,48.0
5214,BE,2017,55.0,3,63.0
5214,FZ,2017,93.0,3,86.0
5214,GI,2017,328.0,3,259.0
5214,JZ,2017,20.0,3,19.0
5214,KZ,2017,28.0,3,38.0
5214,LZ,2017,82.0,3,53.0
5214,MN,2017,143.0,3,128.0
5214,OQ,2017,106.0,3,108.0
5214,RU,2017,95.0,3,73.0
5219,BE,2017,142.0,3,154.0
5219,FZ,2017,200.0,3,159.0
5219,GI,2017,724.0,3,689.0
5219,JZ,2017,50.0,3,58.0
5219,KZ,2017,83.0,3,72.0
5219,LZ,2017,83.0,3,73.0
5219,MN,2017,357.0,3,349.0
5219,OQ,2017,336.0,3,252.0
5219,RU,2017,193.0,3,216.0
5303,BE,2017,34.0,3,63.0
5303,FZ,2017,43.0,3,57.0
5303,GI,2017,148.0,3,177.0
5303,JZ,2017,11.0,3,14.0
5303,KZ,2017,14.0,3,15.0
5303,LZ,2017,19.0,3,16.0
5303,MN,2017,87.0,3,76.0
5303,OQ,2017,66.0,3,56.0
5303,RU,2017,56.0,3,45.0
5308,BE,2017,64.0,3,60.0
5308,FZ,2017,85.0,3,93.0
5308,GI,2017,294.0,3,235.0
5308,JZ,2017,36.0,3,35.0
5308,KZ,2017,31.0,3,38.0
5308,LZ,2017,39.0,3,18.0
5308,MN,2017,129.0,3,122.0
5308,OQ,2017,108.0,3,115.0
5308,RU,2017,89.0,3,94.0
5313,BE,2017,175.0,3,168.0
5313,FZ,2017,254.0,3,270.0
5313,GI,2017,633.0,3,612.0
5313,JZ,2017,60.0,3,53.0
5313,KZ,2017,96.0,3,74.0
5313,LZ,2017,105.0,3,88.0
5313,MN,2017,392.0,3,361.0
5313,OQ,2017,329.0,3,306.0
5313,RU,2017,238.0,3,221.0
5318,BE,2017,111.0,3,120.0
5318,FZ,2017,214.0,3,194.0
5318,GI,2017,565.0,3,590.0
5318,JZ,2017,67.0,3,64.0
5318,KZ,2017,99.0,3,95.0
5318,LZ,2017,147.0,3,88.0
5318,MN,2017,381.0,3,406.0
5318,OQ,2017,304.0,3,287.0
5318,RU,2017,236.0,3,197.0
7504,BE,2017,74.0,3,82.0
7504,FZ,2017,134.0,3,137.0
7504,GI,2017,401.0,3,339.0
7504,JZ,2017,18.0,3,28.0
7504,KZ,2017,40.0,3,34.0
7504,LZ,2017,55.0,3,46.0
7504,MN,2017,201.0,3,166.0
7504,OQ,2017,126.0,3,114.0
7504,RU,2017,129.0,3,108.0
7509,BE,2017,97.0,3,109.0
7509,FZ,2017,88.0,3,78.0
7509,GI,2017,370.0,3,334.0
7509,JZ,2017,15.0,3,13.0
7509,KZ,2017,58.0,3,44.0
7509,LZ,2017,54.0,3,49.0
7509,MN,2017,157.0,3,137.0
7509,OQ,2017,90.0,3,93.0
7509,RU,2017,99.0,3,110.0
7514,BE,2017,74.0,3,66.0
7514,FZ,2017,170.0,3,172.0
7514,GI,2017,443.0,3,378.0
7514,JZ,2017,22.0,3,26.0
7514,KZ,2017,29.0,3,30.0
7514,LZ,2017,40.0,3,34.0
7514,MN,2017,232.0,3,191.0
7514,OQ,2017,140.0,3,137.0
7514,RU,2017,151.0,3,128.0
7519,BE,2017,136.0,3,177.0
7519,FZ,2017,92.0,3,81.0
7519,GI,2017,337.0,3,333.0
7519,JZ,2017,12.0,3,22.0
7519,KZ,2017,38.0,3,28.0
7519,LZ,2017,35.0,3,47.0
7519,MN,2017,173.0,3,163.0
7519,OQ,2017,166.0,3,153.0
7519,RU,2017,113.0,3,91.0
7524,BE,2017,229.0,3,190.0
7524,FZ,2017,201.0,3,240.0
7524,GI,2017,698.0,3,756.0
7524,JZ,2017,89.0,3,52.0
7524,KZ,2017,114.0,3,117.0
7524,LZ,2017,123.0,3,118.0
7524,MN,2017,427.0,3,394.0
7524,OQ,2017,336.0,3,350.0
7524,RU,2017,268.0,3,262.0
7529,BE,2017,58.0,3,36.0
7529,FZ,2017,85.0,3,66.0
7529,GI,2017,264.0,3,235.0
7529,JZ,2017,8.0,3,11.0
7529,KZ,2017,18.0,3,26.0
7529,LZ,2017,32.0,3,25.0
7529,MN,2017,137.0,3,105.0
7529,OQ,2017,68.0,3,73.0
7529,RU,2017,87.0,3,72.0
7602,BE,2017,237.0,3,210.0
7602,FZ,2017,219.0,3,231.0
7602,GI,2017,602.0,3,598.0
7602,JZ,2017,64.0,3,49.0
7602,KZ,2017,65.0,3,61.0
7602,LZ,2017,130.0,3,98.0
7602,MN,2017,384.0,3,354.0
7602,OQ,2017,344.0,3,310.0
7602,RU,2017,251.0,3,243.0
7607,BE,2017,88.0,3,61.0
7607,FZ,2017,74.0,3,96.0
7607,GI,2017,232.0,3,268.0
7607,JZ,2017,9.0,3,22.0
7607,KZ,2017,11.0,3,17.0
7607,LZ,2017,20.0,3,14.0
7607,MN,2017,147.0,3,134.0
7607,OQ,2017,110.0,3,80.0
7607,RU,2017,87.0,3,95.0
7612,BE,2017,126.0,3,126.0
7612,FZ,2017,151.0,3,169.0
7612,GI,2017,409.0,3,399.0
7612,JZ,2017,23.0,3,19.0
7612,KZ,2017,31.0,3,25.0
7612,LZ,2017,59.0,3,38.0
7612,MN,2017,181.0,3,173.0
7612,OQ,2017,186.0,3,163.0
7612,RU,2017,159.0,3,145.0
7617,BE,2017,103.0,3,120.0
7617,FZ,2017,238.0,3,217.0
7617,GI,2017,675.0,3,638.0
7617,JZ,2017,38.0,3,39.0
7617,KZ,2017,37.0,3,39.0
7617,LZ,2017,55.0,3,40.0
7617,MN,2017,326.0,3,302.0
7617,OQ,2017,207.0,3,253.0
7617,RU,2017,188.0,3,196.0
7622,BE,2017,94.0,3,83.0
7622,FZ,2017,170.0,3,146.0
7622,GI,2017,368.0,3,339.0
7622,JZ,2017,18.0,3,36.0
7622,KZ,2017,20.0,3,23.0
7622,LZ,2017,24.0,3,25.0
7622,MN,2017,161.0,3,161.0
7622,OQ,2017,162.0,3,159.0
7622,RU,2017,129.0,3,108.0
8402,BE,2017,122.0,3,125.0
8402,FZ,2017,181.0,3,177.0
8402,GI,2017,459.0,3,429.0
8402,JZ,2017,33.0,3,31.0
8402,KZ,2017,28.0,3,27.0
8402,LZ,2017,28.0,3,24.0
8402,MN,2017,209.0,3,192.0
8402,OQ,2017,171.0,3,168.0
8402,RU,2017,158.0,3,161.0
8407,BE,2017,127.0,3,126.0
8407,FZ,2017,329.0,3,316.0
8407,GI,2017,679.0,3,672.0
8407,JZ,2017,89.0,3,104.0
8407,KZ,2017,73.0,3,62.0
8407,LZ,2017,158.0,3,121.0
8407,MN,2017,607.0,3,549.0
8407,OQ,2017,375.0,3,363.0
8407,RU,2017,299.0,3,253.0
8412,BE,2017,61.0,3,63.0
8412,FZ,2017,63.0,3,71.0
8412,GI,2017,211.0,3,174.0
8412,JZ,2017,15.0,3,15.0
8412,KZ,2017,25.0,3,21.0
8412,LZ,2017,44.0,3,36.0
8412,MN,2017,106.0,3,104.0
8412,OQ,2017,100.0,3,89.0
8412,RU,2017,77.0,3,58.0
8417,BE,2017,59.0,3,57.0
8417,FZ,2017,76.0,3,75.0
8417,GI,2017,220.0,3,209.0
8417,JZ,2017,10.0,3,11.0
8417,KZ,2017,21.0,3,17.0
8417,LZ,2017,16.0,3,21.0
8417,MN,2017,91.0,3,73.0
8417,OQ,2017,49.0,3,58.0
8417,RU,2017,77.0,3,63.0
8422,BE,2017,100.0,3,92.0
8422,FZ,2017,140.0,3,172.0
8422,GI,2017,322.0,3,356.0
8422,JZ,2017,22.0,3,16.0
8422,KZ,2017,20.0,3,29.0
8422,LZ,2017,44.0,3,51.0
8422,MN,2017,173.0,3,175.0
8422,OQ,2017,169.0,3,132.0
8422,RU,2017,122.0,3,112.0
8427,BE,2017,96.0,3,63.0
8427,FZ,2017,140.0,3,134.0
8427,GI,2017,311.0,3,270.0
8427,JZ,2017,24.0,3,24.0
8427,KZ,2017,38.0,3,27.0
8427,LZ,2017,42.0,3,25.0
8427,MN,2017,158.0,3,139.0
8427,OQ,2017,123.0,3,105.0
8427,RU,2017,128.0,3,88.0
8432,BE,2017,69.0,3,56.0
8432,FZ,2017,126.0,3,103.0
8432,GI,2017,371.0,3,350.0
8432,JZ,2017,21.0,3,21.0
8432,KZ,2017,27.0,3,19.0
8432,LZ,2017,34.0,3,38.0
8432,MN,2017,177.0,3,168.0
8432,OQ,2017,134.0,3,126.0
8432,RU,2017,110.0,3,114.0
9302,BE,2017,39.0,3,41.0
9302,FZ,2017,45.0,3,55.0
9302,GI,2017,124.0,3,165.0
9302,JZ,2017,12.0,3,12.0
9302,KZ,2017,9.0,3,4.0
9302,LZ,2017,16.0,3,28.0
9302,MN,2017,89.0,3,76.0
9302,OQ,2017,113.0,3,123.0
9302,RU,2017,81.0,3,70.0
9307,BE,2017,67.0,3,88.0
9307,FZ,2017,92.0,3,98.0
9307,GI,2017,312.0,3,252.0
9307,JZ,2017,12.0,3,15.0
9307,KZ,2017,10.0,3,20.0
9307,LZ,2017,26.0,3,22.0
9307,MN,2017,93.0,3,115.0
9307,OQ,2017,127.0,3,138.0
9307,RU,2017,95.0,3,71.0
9312,BE,2017,652.0,3,540.0
9312,FZ,2017,1925.0,3,1814.0
9312,GI,2017,5324.0,3,4607.0
9312,JZ,2017,653.0,3,545.0
9312,KZ,2017,485.0,3,428.0
9312,LZ,2017,486.0,3,446.0
9312,MN,2017,3438.0,3,3155.0
9312,OQ,2017,2033.0,3,1915.0
9312,RU,2017,1531.0,3,1245.0
9317,BE,2017,55.0,3,56.0
9317,FZ,2017,132.0,3,160.0
9317,GI,2017,461.0,3,432.0
9317,JZ,2017,11.0,3,16.0
9317,KZ,2017,32.0,3,38.0
9317,LZ,2017,90.0,3,80.0
9317,MN,2017,267.0,3,287.0
9317,OQ,2017,63.0,3,88.0
9317,RU,2017,101.0,3,107.0
0055,BE,2017,60.0,4,78.0
0055,FZ,2017,95.0,4,100.0
0055,GI,2017,237.0,4,275.0
0055,JZ,2017,14.0,4,17.0
0055,KZ,2017,14.0,4,7.0
0055,LZ,2017,18.0,4,18.0
0055,MN,2017,109.0,4,117.0
0055,OQ,2017,74.0,4,83.0
0055,RU,2017,75.0,4,80.0
0060,BE,2017,76.0,4,74.0
0060,FZ,2017,105.0,4,104.0
0060,GI,2017,418.0,4,327.0
0060,JZ,2017,26.0,4,18.0
0060,KZ,2017,29.0,4,18.0
0060,LZ,2017,35.0,4,29.0
0060,MN,2017,134.0,4,137.0
0060,OQ,2017,102.0,4,149.0
0060,RU,2017,101.0,4,104.0
1101,BE,2017,223.0,4,177.0
1101,FZ,2017,585.0,4,585.0
1101,GI,2017,2232.0,4,2189.0
1101,JZ,2017,444.0,4,367.0
1101,KZ,2017,164.0,4,139.0
1101,LZ,2017,233.0,4,234.0
1101,MN,2017,1562.0,4,1367.0
1101,OQ,2017,739.0,4,691.0
1101,RU,2017,568.0,4,552.0
1106,BE,2017,160.0,4,136.0
1106,FZ,2017,614.0,4,471.0
1106,GI,2017,1879.0,4,1639.0
1106,JZ,2017,289.0,4,297.0
1106,KZ,2017,146.0,4,142.0
1106,LZ,2017,150.0,4,106.0
1106,MN,2017,1189.0,4,1063.0
1106,OQ,2017,528.0,4,518.0
1106,RU,2017,484.0,4,476.0
1111,BE,2017,30.0,4,28.0
1111,FZ,2017,71.0,4,76.0
1111,GI,2017,220.0,4,181.0
1111,JZ,2017,62.0,4,58.0
1111,KZ,2017,13.0,4,22.0
1111,LZ,2017,47.0,4,38.0
1111,MN,2017,211.0,4,181.0
1111,OQ,2017,92.0,4,93.0
1111,RU,2017,87.0,4,97.0
2401,BE,2017,76.0,4,83.0
2401,FZ,2017,153.0,4,144.0
2401,GI,2017,494.0,4,462.0
2401,JZ,2017,44.0,4,22.0
2401,KZ,2017,38.0,4,49.0
2401,LZ,2017,68.0,4,57.0
2401,MN,2017,225.0,4,222.0
2401,OQ,2017,157.0,4,156.0
2401,RU,2017,144.0,4,123.0
2406,BE,2017,30.0,4,23.0
2406,FZ,2017,24.0,4,26.0
2406,GI,2017,107.0,4,101.0
2406,JZ,2017,8.0,4,7.0
2406,KZ,2017,11.0,4,4.0
2406,LZ,2017,23.0,4,16.0
2406,MN,2017,52.0,4,46.0
2406,OQ,2017,40.0,4,46.0
2406,RU,2017,29.0,4,28.0
2411,BE,2017,29.0,4,29.0
2411,FZ,2017,67.0,4,62.0
2411,GI,2017,183.0,4,198.0
2411,JZ,2017,7.0,4,16.0
2411,KZ,2017,15.0,4,10.0
2411,LZ,2017,5.0,4,10.0
2411,MN,2017,70.0,4,72.0
2411,OQ,2017,46.0,4,31.0
2411,RU,2017,50.0,4,43.0
2701,BE,2017,15.0,4,17.0
2701,FZ,2017,17.0,4,29.0
2701,GI,2017,104.0,4,115.0
2701,JZ,2017,5.0,4,7.0
2701,KZ,2017,10.0,4,2.0
2701,LZ,2017,8.0,4,12.0
2701,MN,2017,43.0,4,29.0
2701,OQ,2017,36.0,4,30.0
2701,RU,2017,23.0,4,30.0
2706,BE,2017,162.0,4,176.0
2706,FZ,2017,242.0,4,253.0
2706,GI,2017,924.0,4,790.0
2706,JZ,2017,82.0,4,70.0
2706,KZ,2017,79.0,4,69.0
2706,LZ,2017,125.0,4,95.0
2706,MN,2017,433.0,4,471.0
2706,OQ,2017,376.0,4,395.0
2706,RU,2017,247.0,4,254.0
2711,BE,2017,144.0,4,136.0
2711,FZ,2017,334.0,4,311.0
2711,GI,2017,1368.0,4,1107.0
2711,JZ,2017,112.0,4,121.0
2711,KZ,2017,111.0,4,105.0
2711,LZ,2017,125.0,4,95.0
2711,MN,2017,700.0,4,620.0
2711,OQ,2017,507.0,4,495.0
2711,RU,2017,360.0,4,331.0
2716,BE,2017,39.0,4,38.0
2716,FZ,2017,55.0,4,50.0
2716,GI,2017,127.0,4,126.0
2716,JZ,2017,6.0,4,5.0
2716,KZ,2017,8.0,4,6.0
2716,LZ,2017,20.0,4,13.0
2716,MN,2017,63.0,4,50.0
2716,OQ,2017,64.0,4,56.0
2716,RU,2017,35.0,4,53.0
2803,BE,2017,26.0,4,35.0
2803,FZ,2017,59.0,4,66.0
2803,GI,2017,186.0,4,160.0
2803,JZ,2017,16.0,4,13.0
2803,KZ,2017,18.0,4,16.0
2803,LZ,2017,17.0,4,18.0
2803,MN,2017,60.0,4,65.0
2803,OQ,2017,25.0,4,42.0
2803,RU,2017,42.0,4,74.0
2808,BE,2017,62.0,4,72.0
2808,FZ,2017,197.0,4,189.0
2808,GI,2017,518.0,4,475.0
2808,JZ,2017,43.0,4,46.0
2808,KZ,2017,65.0,4,65.0
2808,LZ,2017,74.0,4,55.0
2808,MN,2017,266.0,4,260.0
2808,OQ,2017,147.0,4,132.0
2808,RU,2017,148.0,4,132.0
2813,BE,2017,84.0,4,89.0
2813,FZ,2017,129.0,4,162.0
2813,GI,2017,663.0,4,588.0
2813,JZ,2017,72.0,4,54.0
2813,KZ,2017,57.0,4,65.0
2813,LZ,2017,113.0,4,95.0
2813,MN,2017,368.0,4,331.0
2813,OQ,2017,263.0,4,262.0
2813,RU,2017,188.0,4,201.0
2818,BE,2017,15.0,4,27.0
2818,FZ,2017,25.0,4,30.0
2818,GI,2017,80.0,4,105.0
2818,JZ,2017,5.0,4,4.0
2818,KZ,2017,7.0,4,6.0
2818,LZ,2017,8.0,4,5.0
2818,MN,2017,34.0,4,24.0
2818,OQ,2017,36.0,4,29.0
2818,RU,2017,21.0,4,15.0
3204,BE,2017,78.0,4,51.0
3204,FZ,2017,91.0,4,89.0
3204,GI,2017,322.0,4,329.0
3204,JZ,2017,9.0,4,11.0
3204,KZ,2017,34.0,4,37.0
3204,LZ,2017,53.0,4,27.0
3204,MN,2017,148.0,4,139.0
3204,OQ,2017,114.0,4,105.0
3204,RU,2017,89.0,4,82.0
3209,BE,2017,33.0,4,34.0
3209,FZ,2017,58.0,4,71.0
3209,GI,2017,169.0,4,163.0
3209,JZ,2017,8.0,4,19.0
3209,KZ,2017,15.0,4,9.0
3209,LZ,2017,40.0,4,34.0
3209,MN,2017,85.0,4,84.0
3209,OQ,2017,55.0,4,67.0
3209,RU,2017,72.0,4,56.0
3214,BE,2017,70.0,4,28.0
3214,FZ,2017,61.0,4,81.0
3214,GI,2017,205.0,4,215.0
3214,JZ,2017,7.0,4,10.0
3214,KZ,2017,27.0,4,13.0
3214,LZ,2017,17.0,4,11.0
3214,MN,2017,124.0,4,81.0
3214,OQ,2017,59.0,4,68.0
3214,RU,2017,64.0,4,57.0
3219,BE,2017,60.0,4,67.0
3219,FZ,2017,84.0,4,88.0
3219,GI,2017,370.0,4,330.0
3219,JZ,2017,27.0,4,19.0
3219,KZ,2017,29.0,4,37.0
3219,LZ,2017,28.0,4,30.0
3219,MN,2017,128.0,4,131.0
3219,OQ,2017,120.0,4,107.0
3219,RU,2017,83.0,4,91.0
4402,BE,2017,63.0,4,80.0
4402,FZ,2017,54.0,4,56.0
4402,GI,2017,297.0,4,262.0
4402,JZ,2017,13.0,4,20.0
4402,KZ,2017,35.0,4,41.0
4402,LZ,2017,17.0,4,9.0
4402,MN,2017,128.0,4,109.0
4402,OQ,2017,83.0,4,81.0
4402,RU,2017,81.0,4,62.0
4407,BE,2017,128.0,4,106.0
4407,FZ,2017,144.0,4,150.0
4407,GI,2017,478.0,4,470.0
4407,JZ,2017,26.0,4,35.0
4407,KZ,2017,49.0,4,39.0
4407,LZ,2017,43.0,4,49.0
4407,MN,2017,187.0,4,175.0
4407,OQ,2017,135.0,4,129.0
4407,RU,2017,132.0,4,127.0
4412,BE,2017,237.0,4,338.0
4412,FZ,2017,382.0,4,432.0
4412,GI,2017,1403.0,4,1468.0
4412,JZ,2017,208.0,4,162.0
4412,KZ,2017,172.0,4,123.0
4412,LZ,2017,116.0,4,114.0
4412,MN,2017,748.0,4,672.0
4412,OQ,2017,713.0,4,626.0
4412,RU,2017,394.0,4,408.0
4417,BE,2017,51.0,4,44.0
4417,FZ,2017,82.0,4,79.0
4417,GI,2017,223.0,4,281.0
4417,JZ,2017,16.0,4,15.0
4417,KZ,2017,24.0,4,12.0
4417,LZ,2017,14.0,4,14.0
4417,MN,2017,79.0,4,96.0
4417,OQ,2017,63.0,4,65.0
4417,RU,2017,62.0,4,64.0
4422,BE,2017,43.0,4,48.0
4422,FZ,2017,80.0,4,83.0
4422,GI,2017,274.0,4,258.0
4422,JZ,2017,9.0,4,15.0
4422,KZ,2017,19.0,4,23.0
4422,LZ,2017,32.0,4,28.0
4422,MN,2017,129.0,4,111.0
4422,OQ,2017,110.0,4,86.0
4422,RU,2017,79.0,4,78.0
4427,BE,2017,71.0,4,67.0
4427,FZ,2017,83.0,4,58.0
4427,GI,2017,270.0,4,254.0
4427,JZ,2017,8.0,4,12.0
4427,KZ,2017,22.0,4,29.0
4427,LZ,2017,22.0,4,20.0
4427,MN,2017,63.0,4,88.0
4427,OQ,2017,68.0,4,63.0
4427,RU,2017,68.0,4,61.0
5205,BE,2017,41.0,4,35.0
5205,FZ,2017,59.0,4,55.0
5205,GI,2017,120.0,4,90.0
5205,JZ,2017,14.0,4,14.0
5205,KZ,2017,16.0,4,11.0
5205,LZ,2017,15.0,4,25.0
5205,MN,2017,60.0,4,54.0
5205,OQ,2017,42.0,4,51.0
5205,RU,2017,31.0,4,39.0
5210,BE,2017,123.0,4,102.0
5210,FZ,2017,126.0,4,108.0
5210,GI,2017,426.0,4,379.0
5210,JZ,2017,38.0,4,37.0
5210,KZ,2017,59.0,4,68.0
5210,LZ,2017,79.0,4,66.0
5210,MN,2017,270.0,4,234.0
5210,OQ,2017,174.0,4,142.0
5210,RU,2017,147.0,4,131.0
5215,BE,2017,35.0,4,38.0
5215,FZ,2017,39.0,4,30.0
5215,GI,2017,148.0,4,168.0
5215,JZ,2017,7.0,4,4.0
5215,KZ,2017,27.0,4,18.0
5215,LZ,2017,12.0,4,18.0
5215,MN,2017,75.0,4,48.0
5215,OQ,2017,39.0,4,44.0
5215,RU,2017,52.0,4,48.0
5220,BE,2017,43.0,4,48.0
5220,FZ,2017,66.0,4,58.0
5220,GI,2017,232.0,4,221.0
5220,JZ,2017,13.0,4,11.0
5220,KZ,2017,29.0,4,23.0
5220,LZ,2017,30.0,4,23.0
5220,MN,2017,109.0,4,95.0
5220,OQ,2017,111.0,4,67.0
5220,RU,2017,77.0,4,65.0
5304,BE,2017,43.0,4,54.0
5304,FZ,2017,70.0,4,82.0
5304,GI,2017,225.0,4,230.0
5304,JZ,2017,12.0,4,22.0
5304,KZ,2017,32.0,4,44.0
5304,LZ,2017,33.0,4,28.0
5304,MN,2017,102.0,4,120.0
5304,OQ,2017,82.0,4,72.0
5304,RU,2017,85.0,4,71.0
5309,BE,2017,95.0,4,85.0
5309,FZ,2017,189.0,4,195.0
5309,GI,2017,512.0,4,456.0
5309,JZ,2017,58.0,4,52.0
5309,KZ,2017,58.0,4,69.0
5309,LZ,2017,94.0,4,75.0
5309,MN,2017,315.0,4,275.0
5309,OQ,2017,249.0,4,281.0
5309,RU,2017,200.0,4,203.0
5314,BE,2017,34.0,4,30.0
5314,FZ,2017,44.0,4,48.0
5314,GI,2017,130.0,4,112.0
5314,JZ,2017,8.0,4,6.0
5314,KZ,2017,12.0,4,17.0
5314,LZ,2017,13.0,4,20.0
5314,MN,2017,60.0,4,67.0
5314,OQ,2017,50.0,4,68.0
5314,RU,2017,54.0,4,50.0
5319,BE,2017,43.0,4,52.0
5319,FZ,2017,42.0,4,46.0
5319,GI,2017,163.0,4,169.0
5319,JZ,2017,25.0,4,12.0
5319,KZ,2017,47.0,4,57.0
5319,LZ,2017,21.0,4,25.0
5319,MN,2017,97.0,4,77.0
5319,OQ,2017,74.0,4,67.0
5319,RU,2017,68.0,4,48.0
7505,BE,2017,645.0,4,600.0
7505,FZ,2017,1946.0,4,1746.0
7505,GI,2017,5855.0,4,4788.0
7505,JZ,2017,793.0,4,736.0
7505,KZ,2017,616.0,4,618.0
7505,LZ,2017,656.0,4,570.0
7505,MN,2017,4021.0,4,3477.0
7505,OQ,2017,2253.0,4,2059.0
7505,RU,2017,1736.0,4,1511.0
7510,BE,2017,185.0,4,167.0
7510,FZ,2017,194.0,4,216.0
7510,GI,2017,510.0,4,458.0
7510,JZ,2017,39.0,4,31.0
7510,KZ,2017,45.0,4,48.0
7510,LZ,2017,82.0,4,78.0
7510,MN,2017,311.0,4,255.0
7510,OQ,2017,227.0,4,244.0
7510,RU,2017,190.0,4,143.0
7515,BE,2017,72.0,4,40.0
7515,FZ,2017,115.0,4,106.0
7515,GI,2017,314.0,4,297.0
7515,JZ,2017,19.0,4,11.0
7515,KZ,2017,24.0,4,15.0
7515,LZ,2017,16.0,4,19.0
7515,MN,2017,121.0,4,80.0
7515,OQ,2017,67.0,4,77.0
7515,RU,2017,76.0,4,74.0
7520,BE,2017,122.0,4,134.0
7520,FZ,2017,155.0,4,120.0
7520,GI,2017,498.0,4,520.0
7520,JZ,2017,53.0,4,43.0
7520,KZ,2017,57.0,4,61.0
7520,LZ,2017,74.0,4,68.0
7520,MN,2017,260.0,4,250.0
7520,OQ,2017,176.0,4,180.0
7520,RU,2017,127.0,4,121.0
7525,BE,2017,51.0,4,50.0
7525,FZ,2017,73.0,4,77.0
7525,GI,2017,231.0,4,213.0
7525,JZ,2017,21.0,4,13.0
7525,KZ,2017,14.0,4,19.0
7525,LZ,2017,19.0,4,13.0
7525,MN,2017,95.0,4,88.0
7525,OQ,2017,76.0,4,78.0
7525,RU,2017,82.0,4,83.0
7530,BE,2017,63.0,4,43.0
7530,FZ,2017,35.0,4,33.0
7530,GI,2017,157.0,4,136.0
7530,JZ,2017,7.0,4,7.0
7530,KZ,2017,18.0,4,18.0
7530,LZ,2017,22.0,4,19.0
7530,MN,2017,54.0,4,58.0
7530,OQ,2017,43.0,4,39.0
7530,RU,2017,37.0,4,41.0
7603,BE,2017,142.0,4,123.0
7603,FZ,2017,272.0,4,336.0
7603,GI,2017,597.0,4,574.0
7603,JZ,2017,33.0,4,43.0
7603,KZ,2017,53.0,4,46.0
7603,LZ,2017,30.0,4,35.0
7603,MN,2017,271.0,4,265.0
7603,OQ,2017,223.0,4,237.0
7603,RU,2017,198.0,4,183.0
7608,BE,2017,143.0,4,163.0
7608,FZ,2017,246.0,4,240.0
7608,GI,2017,656.0,4,722.0
7608,JZ,2017,46.0,4,44.0
7608,KZ,2017,48.0,4,43.0
7608,LZ,2017,63.0,4,52.0
7608,MN,2017,285.0,4,243.0
7608,OQ,2017,225.0,4,257.0
7608,RU,2017,219.0,4,192.0
7613,BE,2017,85.0,4,57.0
7613,FZ,2017,39.0,4,48.0
7613,GI,2017,160.0,4,114.0
7613,JZ,2017,8.0,4,8.0
7613,KZ,2017,9.0,4,16.0
7613,LZ,2017,13.0,4,24.0
7613,MN,2017,62.0,4,68.0
7613,OQ,2017,80.0,4,66.0
7613,RU,2017,53.0,4,45.0
7618,BE,2017,237.0,4,231.0
7618,FZ,2017,611.0,4,674.0
7618,GI,2017,1314.0,4,1305.0
7618,JZ,2017,112.0,4,111.0
7618,KZ,2017,140.0,4,122.0
7618,LZ,2017,99.0,4,98.0
7618,MN,2017,759.0,4,735.0
7618,OQ,2017,505.0,4,496.0
7618,RU,2017,412.0,4,405.0
7623,BE,2017,58.0,4,61.0
7623,FZ,2017,152.0,4,146.0
7623,GI,2017,422.0,4,444.0
7623,JZ,2017,30.0,4,24.0
7623,KZ,2017,33.0,4,31.0
7623,LZ,2017,59.0,4,32.0
7623,MN,2017,195.0,4,219.0
7623,OQ,2017,150.0,4,136.0
7623,RU,2017,124.0,4,124.0
8403,BE,2017,105.0,4,139.0
8403,FZ,2017,38.0,4,45.0
8403,GI,2017,168.0,4,162.0
8403,JZ,2017,12.0,4,9.0
8403,KZ,2017,18.0,4,17.0
8403,LZ,2017,23.0,4,22.0
8403,MN,2017,95.0,4,77.0
8403,OQ,2017,65.0,4,72.0
8403,RU,2017,53.0,4,42.0
8408,BE,2017,185.0,4,200.0
8408,FZ,2017,426.0,4,371.0
8408,GI,2017,1226.0,4,984.0
8408,JZ,2017,153.0,4,154.0
8408,KZ,2017,136.0,4,137.0
8408,LZ,2017,193.0,4,186.0
8408,MN,2017,836.0,4,718.0
8408,OQ,2017,610.0,4,590.0
8408,RU,2017,449.0,4,403.0
8413,BE,2017,63.0,4,63.0
8413,FZ,2017,191.0,4,173.0
8413,GI,2017,534.0,4,510.0
8413,JZ,2017,22.0,4,19.0
8413,KZ,2017,49.0,4,30.0
8413,LZ,2017,127.0,4,105.0
8413,MN,2017,299.0,4,292.0
8413,OQ,2017,441.0,4,399.0
8413,RU,2017,180.0,4,163.0
8418,BE,2017,44.0,4,33.0
8418,FZ,2017,99.0,4,93.0
8418,GI,2017,264.0,4,241.0
8418,JZ,2017,18.0,4,28.0
8418,KZ,2017,24.0,4,31.0
8418,LZ,2017,72.0,4,48.0
8418,MN,2017,259.0,4,223.0
8418,OQ,2017,186.0,4,224.0
8418,RU,2017,152.0,4,131.0
8423,BE,2017,112.0,4,87.0
8423,FZ,2017,67.0,4,71.0
8423,GI,2017,258.0,4,288.0
8423,JZ,2017,8.0,4,9.0
8423,KZ,2017,19.0,4,16.0
8423,LZ,2017,36.0,4,31.0
8423,MN,2017,114.0,4,108.0
8423,OQ,2017,91.0,4,85.0
8423,RU,2017,86.0,4,80.0
8428,BE,2017,249.0,4,238.0
8428,FZ,2017,615.0,4,630.0
8428,GI,2017,1472.0,4,1332.0
8428,JZ,2017,136.0,4,106.0
8428,KZ,2017,191.0,4,159.0
8428,LZ,2017,232.0,4,190.0
8428,MN,2017,806.0,4,742.0
8428,OQ,2017,700.0,4,597.0
8428,RU,2017,424.0,4,370.0
8433,BE,2017,148.0,4,141.0
8433,FZ,2017,342.0,4,324.0
8433,GI,2017,676.0,4,661.0
8433,JZ,2017,55.0,4,43.0
8433,KZ,2017,47.0,4,47.0
8433,LZ,2017,77.0,4,63.0
8433,MN,2017,359.0,4,328.0
8433,OQ,2017,274.0,4,259.0
8433,RU,2017,202.0,4,180.0
9303,BE,2017,94.0,4,98.0
9303,FZ,2017,267.0,4,253.0
9303,GI,2017,572.0,4,544.0
9303,JZ,2017,37.0,4,26.0
9303,KZ,2017,42.0,4,52.0
9303,LZ,2017,39.0,4,46.0
9303,MN,2017,306.0,4,310.0
9303,OQ,2017,165.0,4,183.0
9303,RU,2017,192.0,4,163.0
9308,BE,2017,79.0,4,74.0
9308,FZ,2017,301.0,4,270.0
9308,GI,2017,520.0,4,488.0
9308,JZ,2017,22.0,4,28.0
9308,KZ,2017,19.0,4,21.0
9308,LZ,2017,56.0,4,43.0
9308,MN,2017,234.0,4,252.0
9308,OQ,2017,135.0,4,152.0
9308,RU,2017,164.0,4,116.0
9313,BE,2017,154.0,4,200.0
9313,FZ,2017,386.0,4,385.0
9313,GI,2017,1250.0,4,1149.0
9313,JZ,2017,94.0,4,74.0
9313,KZ,2017,71.0,4,67.0
9313,LZ,2017,91.0,4,89.0
9313,MN,2017,543.0,4,529.0
9313,OQ,2017,358.0,4,392.0
9313,RU,2017,319.0,4,305.0
9318,BE,2017,322.0,4,290.0
9318,FZ,2017,1034.0,4,1062.0
9318,GI,2017,2213.0,4,2076.0
9318,JZ,2017,221.0,4,202.0
9318,KZ,2017,190.0,4,196.0
9318,LZ,2017,319.0,4,272.0
9318,MN,2017,1380.0,4,1211.0
9318,OQ,2017,863.0,4,902.0
9318,RU,2017,776.0,4,748.0
0051,BE,2018,56.0,0,60.0
0051,FZ,2018,91.0,0,89.0
0051,GI,2018,273.0,0,252.0
0051,JZ,2018,14.0,0,12.0
0051,KZ,2018,32.0,0,30.0
0051,LZ,2018,31.0,0,25.0
0051,MN,2018,130.0,0,112.0
0051,OQ,2018,99.0,0,83.0
0051,RU,2018,108.0,0,79.0
0056,BE,2018,55.0,0,45.0
0056,FZ,2018,51.0,0,48.0
0056,GI,2018,181.0,0,182.0
0056,JZ,2018,6.0,0,7.0
0056,KZ,2018,10.0,0,10.0
0056,LZ,2018,23.0,0,14.0
0056,MN,2018,86.0,0,74.0
0056,OQ,2018,53.0,0,48.0
0056,RU,2018,52.0,0,56.0
0061,BE,2018,22.0,0,32.0
0061,FZ,2018,40.0,0,56.0
0061,GI,2018,180.0,0,176.0
0061,JZ,2018,16.0,0,18.0
0061,KZ,2018,12.0,0,10.0
0061,LZ,2018,18.0,0,30.0
0061,MN,2018,77.0,0,75.0
0061,OQ,2018,55.0,0,34.0
0061,RU,2018,54.0,0,53.0
1102,BE,2018,40.0,0,36.0
1102,FZ,2018,73.0,0,88.0
1102,GI,2018,274.0,0,237.0
1102,JZ,2018,24.0,0,23.0
1102,KZ,2018,11.0,0,9.0
1102,LZ,2018,19.0,0,20.0
1102,MN,2018,140.0,0,128.0
1102,OQ,2018,80.0,0,77.0
1102,RU,2018,85.0,0,62.0
1107,BE,2018,78.0,0,88.0
1107,FZ,2018,271.0,0,212.0
1107,GI,2018,863.0,0,804.0
1107,JZ,2018,98.0,0,92.0
1107,KZ,2018,65.0,0,57.0
1107,LZ,2018,57.0,0,41.0
1107,MN,2018,468.0,0,429.0
1107,OQ,2018,183.0,0,189.0
1107,RU,2018,246.0,0,189.0
1112,BE,2018,274.0,0,303.0
1112,FZ,2018,1581.0,0,1477.0
1112,GI,2018,6145.0,0,4648.0
1112,JZ,2018,577.0,0,441.0
1112,KZ,2018,237.0,0,206.0
1112,LZ,2018,299.0,0,214.0
1112,MN,2018,2509.0,0,1932.0
1112,OQ,2018,851.0,0,756.0
1112,RU,2018,837.0,0,753.0
2402,BE,2018,117.0,0,128.0
2402,FZ,2018,109.0,0,133.0
2402,GI,2018,511.0,0,486.0
2402,JZ,2018,40.0,0,25.0
2402,KZ,2018,40.0,0,28.0
2402,LZ,2018,41.0,0,33.0
2402,MN,2018,218.0,0,188.0
2402,OQ,2018,134.0,0,177.0
2402,RU,2018,184.0,0,147.0
2407,BE,2018,35.0,0,48.0
2407,FZ,2018,80.0,0,59.0
2407,GI,2018,208.0,0,204.0
2407,JZ,2018,4.0,0,9.0
2407,KZ,2018,11.0,0,14.0
2407,LZ,2018,16.0,0,13.0
2407,MN,2018,72.0,0,89.0
2407,OQ,2018,50.0,0,42.0
2407,RU,2018,48.0,0,54.0
2412,BE,2018,54.0,0,50.0
2412,FZ,2018,81.0,0,82.0
2412,GI,2018,252.0,0,231.0
2412,JZ,2018,11.0,0,13.0
2412,KZ,2018,17.0,0,28.0
2412,LZ,2018,29.0,0,31.0
2412,MN,2018,133.0,0,113.0
2412,OQ,2018,73.0,0,56.0
2412,RU,2018,72.0,0,51.0
2702,BE,2018,97.0,0,123.0
2702,FZ,2018,132.0,0,113.0
2702,GI,2018,605.0,0,599.0
2702,JZ,2018,39.0,0,38.0
2702,KZ,2018,46.0,0,46.0
2702,LZ,2018,78.0,0,65.0
2702,MN,2018,245.0,0,215.0
2702,OQ,2018,153.0,0,169.0
2702,RU,2018,152.0,0,138.0
2707,BE,2018,79.0,0,82.0
2707,FZ,2018,108.0,0,117.0
2707,GI,2018,437.0,0,409.0
2707,JZ,2018,31.0,0,38.0
2707,KZ,2018,40.0,0,28.0
2707,LZ,2018,60.0,0,52.0
2707,MN,2018,226.0,0,195.0
2707,OQ,2018,154.0,0,142.0
2707,RU,2018,146.0,0,121.0
2712,BE,2018,56.0,0,62.0
2712,FZ,2018,89.0,0,78.0
2712,GI,2018,280.0,0,247.0
2712,JZ,2018,20.0,0,22.0
2712,KZ,2018,19.0,0,12.0
2712,LZ,2018,31.0,0,37.0
2712,MN,2018,92.0,0,79.0
2712,OQ,2018,68.0,0,74.0
2712,RU,2018,84.0,0,69.0
2717,BE,2018,61.0,0,51.0
2717,FZ,2018,105.0,0,98.0
2717,GI,2018,379.0,0,424.0
2717,JZ,2018,21.0,0,27.0
2717,KZ,2018,35.0,0,22.0
2717,LZ,2018,66.0,0,28.0
2717,MN,2018,179.0,0,127.0
2717,OQ,2018,88.0,0,101.0
2717,RU,2018,90.0,0,85.0
2804,BE,2018,230.0,0,210.0
2804,FZ,2018,507.0,0,496.0
2804,GI,2018,2078.0,0,1475.0
2804,JZ,2018,212.0,0,185.0
2804,KZ,2018,214.0,0,188.0
2804,LZ,2018,167.0,0,113.0
2804,MN,2018,987.0,0,894.0
2804,OQ,2018,628.0,0,652.0
2804,RU,2018,576.0,0,504.0
2809,BE,2018,29.0,0,31.0
2809,FZ,2018,59.0,0,58.0
2809,GI,2018,207.0,0,211.0
2809,JZ,2018,15.0,0,10.0
2809,KZ,2018,24.0,0,22.0
2809,LZ,2018,13.0,0,20.0
2809,MN,2018,82.0,0,77.0
2809,OQ,2018,52.0,0,62.0
2809,RU,2018,62.0,0,48.0
2814,BE,2018,35.0,0,28.0
2814,FZ,2018,78.0,0,68.0
2814,GI,2018,229.0,0,215.0
2814,JZ,2018,13.0,0,9.0
2814,KZ,2018,18.0,0,29.0
2814,LZ,2018,17.0,0,11.0
2814,MN,2018,92.0,0,116.0
2814,OQ,2018,59.0,0,63.0
2814,RU,2018,81.0,0,62.0
2819,BE,2018,44.0,0,34.0
2819,FZ,2018,68.0,0,66.0
2819,GI,2018,266.0,0,259.0
2819,JZ,2018,17.0,0,11.0
2819,KZ,2018,28.0,0,28.0
2819,LZ,2018,25.0,0,28.0
2819,MN,2018,108.0,0,82.0
2819,OQ,2018,79.0,0,65.0
2819,RU,2018,90.0,0,58.0
3205,BE,2018,83.0,0,71.0
3205,FZ,2018,170.0,0,180.0
3205,GI,2018,683.0,0,553.0
3205,JZ,2018,41.0,0,33.0
3205,KZ,2018,41.0,0,39.0
3205,LZ,2018,48.0,0,28.0
3205,MN,2018,245.0,0,235.0
3205,OQ,2018,201.0,0,176.0
3205,RU,2018,208.0,0,158.0
3210,BE,2018,54.0,0,54.0
3210,FZ,2018,138.0,0,168.0
3210,GI,2018,622.0,0,534.0
3210,JZ,2018,62.0,0,51.0
3210,KZ,2018,58.0,0,42.0
3210,LZ,2018,46.0,0,48.0
3210,MN,2018,327.0,0,277.0
3210,OQ,2018,163.0,0,160.0
3210,RU,2018,163.0,0,150.0
3215,BE,2018,102.0,0,93.0
3215,FZ,2018,265.0,0,280.0
3215,GI,2018,1073.0,0,864.0
3215,JZ,2018,58.0,0,67.0
3215,KZ,2018,47.0,0,47.0
3215,LZ,2018,34.0,0,36.0
3215,MN,2018,351.0,0,290.0
3215,OQ,2018,269.0,0,229.0
3215,RU,2018,256.0,0,209.0
3220,BE,2018,101.0,0,113.0
3220,FZ,2018,180.0,0,182.0
3220,GI,2018,671.0,0,619.0
3220,JZ,2018,35.0,0,23.0
3220,KZ,2018,45.0,0,50.0
3220,LZ,2018,42.0,0,45.0
3220,MN,2018,261.0,0,251.0
3220,OQ,2018,161.0,0,162.0
3220,RU,2018,156.0,0,155.0
4403,BE,2018,52.0,0,81.0
4403,FZ,2018,113.0,0,105.0
4403,GI,2018,474.0,0,456.0
4403,JZ,2018,28.0,0,15.0
4403,KZ,2018,22.0,0,29.0
4403,LZ,2018,36.0,0,37.0
4403,MN,2018,134.0,0,147.0
4403,OQ,2018,128.0,0,114.0
4403,RU,2018,94.0,0,118.0
4408,BE,2018,22.0,0,34.0
4408,FZ,2018,95.0,0,94.0
4408,GI,2018,338.0,0,253.0
4408,JZ,2018,14.0,0,12.0
4408,KZ,2018,17.0,0,15.0
4408,LZ,2018,13.0,0,12.0
4408,MN,2018,95.0,0,90.0
4408,OQ,2018,79.0,0,60.0
4408,RU,2018,76.0,0,62.0
4413,BE,2018,151.0,0,148.0
4413,FZ,2018,290.0,0,251.0
4413,GI,2018,1358.0,0,1165.0
4413,JZ,2018,120.0,0,96.0
4413,KZ,2018,148.0,0,145.0
4413,LZ,2018,144.0,0,123.0
4413,MN,2018,673.0,0,584.0
4413,OQ,2018,450.0,0,362.0
4413,RU,2018,311.0,0,291.0
4418,BE,2018,35.0,0,47.0
4418,FZ,2018,53.0,0,39.0
4418,GI,2018,264.0,0,251.0
4418,JZ,2018,19.0,0,18.0
4418,KZ,2018,17.0,0,14.0
4418,LZ,2018,15.0,0,30.0
4418,MN,2018,95.0,0,97.0
4418,OQ,2018,104.0,0,83.0
4418,RU,2018,85.0,0,84.0
4423,BE,2018,316.0,0,309.0
4423,FZ,2018,693.0,0,664.0
4423,GI,2018,2879.0,0,2501.0
4423,JZ,2018,406.0,0,345.0
4423,KZ,2018,308.0,0,374.0
4423,LZ,2018,413.0,0,342.0
4423,MN,2018,1861.0,0,1646.0
4423,OQ,2018,1147.0,0,1123.0
4423,RU,2018,841.0,0,807.0
5201,BE,2018,83.0,0,89.0
5201,FZ,2018,96.0,0,78.0
5201,GI,2018,218.0,0,241.0
5201,JZ,2018,17.0,0,21.0
5201,KZ,2018,16.0,0,24.0
5201,LZ,2018,32.0,0,42.0
5201,MN,2018,142.0,0,118.0
5201,OQ,2018,107.0,0,94.0
5201,RU,2018,96.0,0,71.0
5206,BE,2018,106.0,0,98.0
5206,FZ,2018,152.0,0,150.0
5206,GI,2018,414.0,0,358.0
5206,JZ,2018,30.0,0,35.0
5206,KZ,2018,60.0,0,67.0
5206,LZ,2018,67.0,0,66.0
5206,MN,2018,248.0,0,194.0
5206,OQ,2018,142.0,0,157.0
5206,RU,2018,123.0,0,117.0
5211,BE,2018,76.0,0,65.0
5211,FZ,2018,83.0,0,78.0
5211,GI,2018,450.0,0,404.0
5211,JZ,2018,42.0,0,35.0
5211,KZ,2018,73.0,0,60.0
5211,LZ,2018,49.0,0,42.0
5211,MN,2018,325.0,0,310.0
5211,OQ,2018,121.0,0,137.0
5211,RU,2018,119.0,0,124.0
5216,BE,2018,475.0,0,416.0
5216,FZ,2018,890.0,0,822.0
5216,GI,2018,3127.0,0,2977.0
5216,JZ,2018,637.0,0,586.0
5216,KZ,2018,463.0,0,464.0
5216,LZ,2018,691.0,0,595.0
5216,MN,2018,2654.0,0,2535.0
5216,OQ,2018,1487.0,0,1448.0
5216,RU,2018,1192.0,0,1019.0
5221,BE,2018,41.0,0,30.0
5221,FZ,2018,36.0,0,35.0
5221,GI,2018,126.0,0,124.0
5221,JZ,2018,13.0,0,4.0
5221,KZ,2018,13.0,0,18.0
5221,LZ,2018,16.0,0,21.0
5221,MN,2018,52.0,0,53.0
5221,OQ,2018,34.0,0,39.0
5221,RU,2018,46.0,0,33.0
5305,BE,2018,34.0,0,34.0
5305,FZ,2018,40.0,0,31.0
5305,GI,2018,141.0,0,161.0
5305,JZ,2018,15.0,0,17.0
5305,KZ,2018,22.0,0,22.0
5305,LZ,2018,17.0,0,20.0
5305,MN,2018,76.0,0,75.0
5305,OQ,2018,51.0,0,61.0
5305,RU,2018,50.0,0,37.0
5310,BE,2018,63.0,0,70.0
5310,FZ,2018,82.0,0,68.0
5310,GI,2018,283.0,0,271.0
5310,JZ,2018,22.0,0,18.0
5310,KZ,2018,34.0,0,26.0
5310,LZ,2018,34.0,0,29.0
5310,MN,2018,155.0,0,143.0
5310,OQ,2018,89.0,0,108.0
5310,RU,2018,100.0,0,83.0
5315,BE,2018,311.0,0,319.0
5315,FZ,2018,566.0,0,526.0
5315,GI,2018,2221.0,0,1702.0
5315,JZ,2018,416.0,0,381.0
5315,KZ,2018,417.0,0,440.0
5315,LZ,2018,340.0,0,306.0
5315,MN,2018,1633.0,0,1504.0
5315,OQ,2018,1012.0,0,985.0
5315,RU,2018,815.0,0,643.0
7501,BE,2018,95.0,0,91.0
7501,FZ,2018,103.0,0,117.0
7501,GI,2018,486.0,0,436.0
7501,JZ,2018,30.0,0,33.0
7501,KZ,2018,54.0,0,65.0
7501,LZ,2018,56.0,0,40.0
7501,MN,2018,261.0,0,221.0
7501,OQ,2018,165.0,0,154.0
7501,RU,2018,152.0,0,132.0
7506,BE,2018,67.0,0,72.0
7506,FZ,2018,63.0,0,58.0
7506,GI,2018,265.0,0,265.0
7506,JZ,2018,32.0,0,16.0
7506,KZ,2018,56.0,0,36.0
7506,LZ,2018,53.0,0,43.0
7506,MN,2018,141.0,0,112.0
7506,OQ,2018,71.0,0,79.0
7506,RU,2018,78.0,0,62.0
7511,BE,2018,175.0,0,205.0
7511,FZ,2018,100.0,0,86.0
7511,GI,2018,240.0,0,263.0
7511,JZ,2018,22.0,0,12.0
7511,KZ,2018,22.0,0,30.0
7511,LZ,2018,23.0,0,32.0
7511,MN,2018,135.0,0,110.0
7511,OQ,2018,106.0,0,96.0
7511,RU,2018,103.0,0,97.0
7516,BE,2018,113.0,0,81.0
7516,FZ,2018,270.0,0,224.0
7516,GI,2018,586.0,0,547.0
7516,JZ,2018,42.0,0,18.0
7516,KZ,2018,42.0,0,42.0
7516,LZ,2018,96.0,0,88.0
7516,MN,2018,282.0,0,292.0
7516,OQ,2018,181.0,0,154.0
7516,RU,2018,189.0,0,152.0
7521,BE,2018,58.0,0,55.0
7521,FZ,2018,50.0,0,46.0
7521,GI,2018,158.0,0,136.0
7521,JZ,2018,9.0,0,8.0
7521,KZ,2018,10.0,0,13.0
7521,LZ,2018,32.0,0,17.0
7521,MN,2018,97.0,0,97.0
7521,OQ,2018,105.0,0,99.0
7521,RU,2018,78.0,0,51.0
7526,BE,2018,82.0,0,72.0
7526,FZ,2018,171.0,0,168.0
7526,GI,2018,549.0,0,522.0
7526,JZ,2018,33.0,0,21.0
7526,KZ,2018,42.0,0,35.0
7526,LZ,2018,114.0,0,107.0
7526,MN,2018,248.0,0,238.0
7526,OQ,2018,150.0,0,129.0
7526,RU,2018,182.0,0,138.0
7531,BE,2018,78.0,0,97.0
7531,FZ,2018,50.0,0,64.0
7531,GI,2018,193.0,0,179.0
7531,JZ,2018,16.0,0,8.0
7531,KZ,2018,9.0,0,12.0
7531,LZ,2018,39.0,0,24.0
7531,MN,2018,101.0,0,98.0
7531,OQ,2018,89.0,0,85.0
7531,RU,2018,75.0,0,79.0
7604,BE,2018,203.0,0,150.0
7604,FZ,2018,178.0,0,152.0
7604,GI,2018,453.0,0,424.0
7604,JZ,2018,48.0,0,28.0
7604,KZ,2018,41.0,0,33.0
7604,LZ,2018,89.0,0,62.0
7604,MN,2018,254.0,0,229.0
7604,OQ,2018,191.0,0,160.0
7604,RU,2018,183.0,0,144.0
7609,BE,2018,63.0,0,56.0
7609,FZ,2018,81.0,0,72.0
7609,GI,2018,193.0,0,196.0
7609,JZ,2018,8.0,0,8.0
7609,KZ,2018,10.0,0,16.0
7609,LZ,2018,12.0,0,10.0
7609,MN,2018,90.0,0,85.0
7609,OQ,2018,73.0,0,65.0
7609,RU,2018,98.0,0,63.0
7614,BE,2018,87.0,0,95.0
7614,FZ,2018,59.0,0,50.0
7614,GI,2018,173.0,0,154.0
7614,JZ,2018,17.0,0,12.0
7614,KZ,2018,21.0,0,19.0
7614,LZ,2018,17.0,0,26.0
7614,MN,2018,72.0,0,68.0
7614,OQ,2018,81.0,0,82.0
7614,RU,2018,80.0,0,62.0
7619,BE,2018,60.0,0,109.0
7619,FZ,2018,47.0,0,55.0
7619,GI,2018,163.0,0,173.0
7619,JZ,2018,10.0,0,10.0
7619,KZ,2018,10.0,0,8.0
7619,LZ,2018,10.0,0,19.0
7619,MN,2018,68.0,0,55.0
7619,OQ,2018,48.0,0,49.0
7619,RU,2018,63.0,0,34.0
7624,BE,2018,161.0,0,150.0
7624,FZ,2018,260.0,0,270.0
7624,GI,2018,686.0,0,647.0
7624,JZ,2018,59.0,0,43.0
7624,KZ,2018,47.0,0,55.0
7624,LZ,2018,101.0,0,102.0
7624,MN,2018,371.0,0,345.0
7624,OQ,2018,342.0,0,298.0
7624,RU,2018,273.0,0,236.0
8404,BE,2018,43.0,0,32.0
8404,FZ,2018,62.0,0,55.0
8404,GI,2018,166.0,0,133.0
8404,JZ,2018,10.0,0,5.0
8404,KZ,2018,11.0,0,4.0
8404,LZ,2018,17.0,0,11.0
8404,MN,2018,69.0,0,81.0
8404,OQ,2018,62.0,0,53.0
8404,RU,2018,60.0,0,44.0
8409,BE,2018,290.0,0,254.0
8409,FZ,2018,769.0,0,750.0
8409,GI,2018,2463.0,0,2004.0
8409,JZ,2018,363.0,0,320.0
8409,KZ,2018,189.0,0,145.0
8409,LZ,2018,363.0,0,298.0
8409,MN,2018,1752.0,0,1598.0
8409,OQ,2018,1019.0,0,1060.0
8409,RU,2018,761.0,0,678.0
8414,BE,2018,46.0,0,44.0
8414,FZ,2018,105.0,0,101.0
8414,GI,2018,249.0,0,241.0
8414,JZ,2018,16.0,0,18.0
8414,KZ,2018,28.0,0,19.0
8414,LZ,2018,48.0,0,56.0
8414,MN,2018,159.0,0,148.0
8414,OQ,2018,142.0,0,141.0
8414,RU,2018,116.0,0,69.0
8419,BE,2018,121.0,0,94.0
8419,FZ,2018,96.0,0,76.0
8419,GI,2018,260.0,0,256.0
8419,JZ,2018,24.0,0,29.0
8419,KZ,2018,30.0,0,27.0
8419,LZ,2018,38.0,0,37.0
8419,MN,2018,155.0,0,119.0
8419,OQ,2018,96.0,0,115.0
8419,RU,2018,93.0,0,95.0
8424,BE,2018,141.0,0,94.0
8424,FZ,2018,66.0,0,45.0
8424,GI,2018,205.0,0,216.0
8424,JZ,2018,12.0,0,15.0
8424,KZ,2018,16.0,0,13.0
8424,LZ,2018,17.0,0,20.0
8424,MN,2018,95.0,0,101.0
8424,OQ,2018,73.0,0,71.0
8424,RU,2018,67.0,0,55.0
8429,BE,2018,28.0,0,53.0
8429,FZ,2018,23.0,0,19.0
8429,GI,2018,90.0,0,74.0
8429,JZ,2018,5.0,0,3.0
8429,KZ,2018,7.0,0,7.0
8429,LZ,2018,10.0,0,12.0
8429,MN,2018,34.0,0,29.0
8429,OQ,2018,31.0,0,33.0
8429,RU,2018,17.0,0,13.0
8434,BE,2018,99.0,0,88.0
8434,FZ,2018,247.0,0,218.0
8434,GI,2018,676.0,0,578.0
8434,JZ,2018,74.0,0,50.0
8434,KZ,2018,52.0,0,50.0
8434,LZ,2018,69.0,0,88.0
8434,MN,2018,423.0,0,341.0
8434,OQ,2018,228.0,0,248.0
8434,RU,2018,180.0,0,178.0
9304,BE,2018,333.0,0,317.0
9304,FZ,2018,981.0,0,900.0
9304,GI,2018,2465.0,0,2063.0
9304,JZ,2018,373.0,0,379.0
9304,KZ,2018,227.0,0,205.0
9304,LZ,2018,756.0,0,651.0
9304,MN,2018,2075.0,0,1723.0
9304,OQ,2018,919.0,0,735.0
9304,RU,2018,877.0,0,757.0
9309,BE,2018,70.0,0,61.0
9309,FZ,2018,276.0,0,249.0
9309,GI,2018,650.0,0,684.0
9309,JZ,2018,46.0,0,38.0
9309,KZ,2018,82.0,0,79.0
9309,LZ,2018,91.0,0,97.0
9309,MN,2018,395.0,0,383.0
9309,OQ,2018,243.0,0,178.0
9309,RU,2018,232.0,0,152.0
9314,BE,2018,30.0,0,35.0
9314,FZ,2018,112.0,0,79.0
9314,GI,2018,271.0,0,309.0
9314,JZ,2018,35.0,0,35.0
9314,KZ,2018,29.0,0,27.0
9314,LZ,2018,131.0,0,96.0
9314,MN,2018,222.0,0,177.0
9314,OQ,2018,126.0,0,119.0
9314,RU,2018,122.0,0,114.0
0052,BE,2018,146.0,1,120.0
0052,FZ,2018,189.0,1,209.0
0052,GI,2018,597.0,1,580.0
0052,JZ,2018,33.0,1,35.0
0052,KZ,2018,41.0,1,53.0
0052,LZ,2018,70.0,1,50.0
0052,MN,2018,341.0,1,282.0
0052,OQ,2018,194.0,1,174.0
0052,RU,2018,177.0,1,174.0
0057,BE,2018,60.0,1,64.0
0057,FZ,2018,124.0,1,161.0
0057,GI,2018,470.0,1,421.0
0057,JZ,2018,44.0,1,29.0
0057,KZ,2018,36.0,1,26.0
0057,LZ,2018,46.0,1,39.0
0057,MN,2018,203.0,1,196.0
0057,OQ,2018,113.0,1,99.0
0057,RU,2018,127.0,1,111.0
0062,BE,2018,41.0,1,49.0
0062,FZ,2018,70.0,1,71.0
0062,GI,2018,173.0,1,148.0
0062,JZ,2018,21.0,1,10.0
0062,KZ,2018,11.0,1,17.0
0062,LZ,2018,25.0,1,30.0
0062,MN,2018,93.0,1,82.0
0062,OQ,2018,61.0,1,70.0
0062,RU,2018,106.0,1,58.0
1103,BE,2018,33.0,1,48.0
1103,FZ,2018,113.0,1,92.0
1103,GI,2018,365.0,1,308.0
1103,JZ,2018,46.0,1,45.0
1103,KZ,2018,24.0,1,28.0
1103,LZ,2018,53.0,1,36.0
1103,MN,2018,260.0,1,215.0
1103,OQ,2018,96.0,1,89.0
1103,RU,2018,132.0,1,101.0
1108,BE,2018,74.0,1,62.0
1108,FZ,2018,247.0,1,246.0
1108,GI,2018,812.0,1,685.0
1108,JZ,2018,91.0,1,80.0
1108,KZ,2018,54.0,1,38.0
1108,LZ,2018,60.0,1,38.0
1108,MN,2018,448.0,1,391.0
1108,OQ,2018,205.0,1,196.0
1108,RU,2018,215.0,1,184.0
1113,BE,2018,162.0,1,156.0
1113,FZ,2018,486.0,1,485.0
1113,GI,2018,2291.0,1,1899.0
1113,JZ,2018,501.0,1,392.0
1113,KZ,2018,119.0,1,145.0
1113,LZ,2018,225.0,1,180.0
1113,MN,2018,1675.0,1,1399.0
1113,OQ,2018,631.0,1,639.0
1113,RU,2018,579.0,1,536.0
2403,BE,2018,93.0,1,96.0
2403,FZ,2018,187.0,1,127.0
2403,GI,2018,616.0,1,542.0
2403,JZ,2018,67.0,1,62.0
2403,KZ,2018,59.0,1,53.0
2403,LZ,2018,94.0,1,54.0
2403,MN,2018,351.0,1,336.0
2403,OQ,2018,199.0,1,185.0
2403,RU,2018,198.0,1,153.0
2408,BE,2018,57.0,1,37.0
2408,FZ,2018,55.0,1,46.0
2408,GI,2018,137.0,1,143.0
2408,JZ,2018,3.0,1,5.0
2408,KZ,2018,16.0,1,8.0
2408,LZ,2018,20.0,1,21.0
2408,MN,2018,69.0,1,61.0
2408,OQ,2018,34.0,1,52.0
2408,RU,2018,50.0,1,43.0
2413,BE,2018,241.0,1,219.0
2413,FZ,2018,421.0,1,414.0
2413,GI,2018,1888.0,1,1415.0
2413,JZ,2018,234.0,1,192.0
2413,KZ,2018,175.0,1,134.0
2413,LZ,2018,313.0,1,271.0
2413,MN,2018,998.0,1,893.0
2413,OQ,2018,716.0,1,624.0
2413,RU,2018,602.0,1,472.0
2703,BE,2018,39.0,1,24.0
2703,FZ,2018,45.0,1,28.0
2703,GI,2018,152.0,1,146.0
2703,JZ,2018,10.0,1,8.0
2703,KZ,2018,8.0,1,9.0
2703,LZ,2018,18.0,1,16.0
2703,MN,2018,43.0,1,56.0
2703,OQ,2018,30.0,1,40.0
2703,RU,2018,65.0,1,37.0
2708,BE,2018,89.0,1,57.0
2708,FZ,2018,46.0,1,54.0
2708,GI,2018,209.0,1,201.0
2708,JZ,2018,19.0,1,9.0
2708,KZ,2018,17.0,1,10.0
2708,LZ,2018,32.0,1,29.0
2708,MN,2018,112.0,1,96.0
2708,OQ,2018,59.0,1,72.0
2708,RU,2018,50.0,1,58.0
2713,BE,2018,110.0,1,97.0
2713,FZ,2018,144.0,1,142.0
2713,GI,2018,435.0,1,435.0
2713,JZ,2018,28.0,1,32.0
2713,KZ,2018,55.0,1,39.0
2713,LZ,2018,88.0,1,67.0
2713,MN,2018,184.0,1,176.0
2713,OQ,2018,143.0,1,134.0
2713,RU,2018,167.0,1,126.0
2718,BE,2018,77.0,1,78.0
2718,FZ,2018,95.0,1,99.0
2718,GI,2018,351.0,1,318.0
2718,JZ,2018,17.0,1,20.0
2718,KZ,2018,16.0,1,17.0
2718,LZ,2018,28.0,1,27.0
2718,MN,2018,112.0,1,91.0
2718,OQ,2018,103.0,1,108.0
2718,RU,2018,75.0,1,70.0
2805,BE,2018,89.0,1,56.0
2805,FZ,2018,62.0,1,75.0
2805,GI,2018,410.0,1,365.0
2805,JZ,2018,30.0,1,28.0
2805,KZ,2018,42.0,1,31.0
2805,LZ,2018,39.0,1,27.0
2805,MN,2018,192.0,1,166.0
2805,OQ,2018,153.0,1,144.0
2805,RU,2018,105.0,1,107.0
2810,BE,2018,23.0,1,28.0
2810,FZ,2018,30.0,1,35.0
2810,GI,2018,157.0,1,148.0
2810,JZ,2018,13.0,1,17.0
2810,KZ,2018,27.0,1,31.0
2810,LZ,2018,30.0,1,15.0
2810,MN,2018,66.0,1,75.0
2810,OQ,2018,58.0,1,68.0
2810,RU,2018,42.0,1,57.0
2815,BE,2018,263.0,1,221.0
2815,FZ,2018,636.0,1,583.0
2815,GI,2018,2585.0,1,1859.0
2815,JZ,2018,254.0,1,266.0
2815,KZ,2018,240.0,1,201.0
2815,LZ,2018,209.0,1,265.0
2815,MN,2018,1291.0,1,1221.0
2815,OQ,2018,750.0,1,721.0
2815,RU,2018,680.0,1,556.0
3201,BE,2018,41.0,1,34.0
3201,FZ,2018,162.0,1,167.0
3201,GI,2018,293.0,1,227.0
3201,JZ,2018,5.0,1,7.0
3201,KZ,2018,26.0,1,16.0
3201,LZ,2018,26.0,1,23.0
3201,MN,2018,100.0,1,97.0
3201,OQ,2018,63.0,1,53.0
3201,RU,2018,68.0,1,75.0
3206,BE,2018,59.0,1,43.0
3206,FZ,2018,94.0,1,97.0
3206,GI,2018,363.0,1,369.0
3206,JZ,2018,33.0,1,27.0
3206,KZ,2018,36.0,1,43.0
3206,LZ,2018,33.0,1,51.0
3206,MN,2018,180.0,1,178.0
3206,OQ,2018,119.0,1,111.0
3206,RU,2018,116.0,1,101.0
3211,BE,2018,119.0,1,107.0
3211,FZ,2018,241.0,1,233.0
3211,GI,2018,1063.0,1,909.0
3211,JZ,2018,100.0,1,98.0
3211,KZ,2018,67.0,1,55.0
3211,LZ,2018,101.0,1,87.0
3211,MN,2018,602.0,1,520.0
3211,OQ,2018,252.0,1,274.0
3211,RU,2018,313.0,1,266.0
3216,BE,2018,372.0,1,313.0
3216,FZ,2018,724.0,1,663.0
3216,GI,2018,4234.0,1,3881.0
3216,JZ,2018,757.0,1,573.0
3216,KZ,2018,409.0,1,352.0
3216,LZ,2018,391.0,1,322.0
3216,MN,2018,2814.0,1,2388.0
3216,OQ,2018,1550.0,1,1544.0
3216,RU,2018,1089.0,1,929.0
3221,BE,2018,71.0,1,64.0
3221,FZ,2018,160.0,1,129.0
3221,GI,2018,434.0,1,423.0
3221,JZ,2018,37.0,1,31.0
3221,KZ,2018,40.0,1,27.0
3221,LZ,2018,55.0,1,49.0
3221,MN,2018,219.0,1,211.0
3221,OQ,2018,130.0,1,112.0
3221,RU,2018,123.0,1,120.0
4404,BE,2018,77.0,1,85.0
4404,FZ,2018,70.0,1,64.0
4404,GI,2018,330.0,1,300.0
4404,JZ,2018,19.0,1,19.0
4404,KZ,2018,30.0,1,26.0
4404,LZ,2018,31.0,1,28.0
4404,MN,2018,113.0,1,99.0
4404,OQ,2018,90.0,1,82.0
4404,RU,2018,83.0,1,61.0
4409,BE,2018,90.0,1,103.0
4409,FZ,2018,190.0,1,183.0
4409,GI,2018,617.0,1,624.0
4409,JZ,2018,51.0,1,43.0
4409,KZ,2018,45.0,1,62.0
4409,LZ,2018,73.0,1,86.0
4409,MN,2018,283.0,1,264.0
4409,OQ,2018,250.0,1,264.0
4409,RU,2018,197.0,1,142.0
4414,BE,2018,52.0,1,50.0
4414,FZ,2018,72.0,1,68.0
4414,GI,2018,264.0,1,237.0
4414,JZ,2018,17.0,1,12.0
4414,KZ,2018,20.0,1,23.0
4414,LZ,2018,32.0,1,49.0
4414,MN,2018,124.0,1,137.0
4414,OQ,2018,64.0,1,58.0
4414,RU,2018,66.0,1,57.0
4419,BE,2018,61.0,1,45.0
4419,FZ,2018,81.0,1,81.0
4419,GI,2018,307.0,1,281.0
4419,JZ,2018,21.0,1,21.0
4419,KZ,2018,12.0,1,24.0
4419,LZ,2018,23.0,1,13.0
4419,MN,2018,102.0,1,105.0
4419,OQ,2018,97.0,1,101.0
4419,RU,2018,84.0,1,74.0
4424,BE,2018,105.0,1,84.0
4424,FZ,2018,220.0,1,182.0
4424,GI,2018,863.0,1,711.0
4424,JZ,2018,56.0,1,48.0
4424,KZ,2018,48.0,1,51.0
4424,LZ,2018,54.0,1,33.0
4424,MN,2018,298.0,1,243.0
4424,OQ,2018,231.0,1,236.0
4424,RU,2018,264.0,1,242.0
5202,BE,2018,170.0,1,146.0
5202,FZ,2018,271.0,1,293.0
5202,GI,2018,1379.0,1,1008.0
5202,JZ,2018,135.0,1,135.0
5202,KZ,2018,151.0,1,131.0
5202,LZ,2018,158.0,1,181.0
5202,MN,2018,802.0,1,649.0
5202,OQ,2018,497.0,1,532.0
5202,RU,2018,404.0,1,317.0
5207,BE,2018,115.0,1,130.0
5207,FZ,2018,58.0,1,83.0
5207,GI,2018,328.0,1,325.0
5207,JZ,2018,9.0,1,15.0
5207,KZ,2018,22.0,1,23.0
5207,LZ,2018,40.0,1,51.0
5207,MN,2018,136.0,1,120.0
5207,OQ,2018,92.0,1,76.0
5207,RU,2018,96.0,1,74.0
5212,BE,2018,150.0,1,132.0
5212,FZ,2018,208.0,1,205.0
5212,GI,2018,975.0,1,832.0
5212,JZ,2018,90.0,1,82.0
5212,KZ,2018,109.0,1,137.0
5212,LZ,2018,124.0,1,131.0
5212,MN,2018,500.0,1,461.0
5212,OQ,2018,333.0,1,302.0
5212,RU,2018,310.0,1,261.0
5217,BE,2018,40.0,1,60.0
5217,FZ,2018,72.0,1,59.0
5217,GI,2018,228.0,1,197.0
5217,JZ,2018,25.0,1,7.0
5217,KZ,2018,25.0,1,27.0
5217,LZ,2018,55.0,1,48.0
5217,MN,2018,117.0,1,115.0
5217,OQ,2018,91.0,1,75.0
5217,RU,2018,78.0,1,88.0
5301,BE,2018,74.0,1,60.0
5301,FZ,2018,106.0,1,94.0
5301,GI,2018,280.0,1,261.0
5301,JZ,2018,27.0,1,32.0
5301,KZ,2018,34.0,1,25.0
5301,LZ,2018,76.0,1,55.0
5301,MN,2018,201.0,1,169.0
5301,OQ,2018,141.0,1,95.0
5301,RU,2018,149.0,1,106.0
5306,BE,2018,19.0,1,24.0
5306,FZ,2018,32.0,1,42.0
5306,GI,2018,156.0,1,144.0
5306,JZ,2018,10.0,1,7.0
5306,KZ,2018,11.0,1,13.0
5306,LZ,2018,14.0,1,10.0
5306,MN,2018,59.0,1,54.0
5306,OQ,2018,43.0,1,41.0
5306,RU,2018,45.0,1,36.0
5311,BE,2018,56.0,1,51.0
5311,FZ,2018,45.0,1,43.0
5311,GI,2018,182.0,1,172.0
5311,JZ,2018,15.0,1,7.0
5311,KZ,2018,17.0,1,17.0
5311,LZ,2018,17.0,1,23.0
5311,MN,2018,85.0,1,75.0
5311,OQ,2018,72.0,1,82.0
5311,RU,2018,89.0,1,62.0
5316,BE,2018,91.0,1,93.0
5316,FZ,2018,225.0,1,201.0
5316,GI,2018,436.0,1,430.0
5316,JZ,2018,55.0,1,31.0
5316,KZ,2018,70.0,1,88.0
5316,LZ,2018,40.0,1,51.0
5316,MN,2018,292.0,1,284.0
5316,OQ,2018,168.0,1,154.0
5316,RU,2018,161.0,1,133.0
7502,BE,2018,182.0,1,171.0
7502,FZ,2018,240.0,1,216.0
7502,GI,2018,687.0,1,602.0
7502,JZ,2018,77.0,1,76.0
7502,KZ,2018,84.0,1,76.0
7502,LZ,2018,66.0,1,63.0
7502,MN,2018,348.0,1,341.0
7502,OQ,2018,250.0,1,234.0
7502,RU,2018,265.0,1,228.0
7507,BE,2018,105.0,1,88.0
7507,FZ,2018,127.0,1,153.0
7507,GI,2018,376.0,1,375.0
7507,JZ,2018,33.0,1,21.0
7507,KZ,2018,56.0,1,31.0
7507,LZ,2018,74.0,1,82.0
7507,MN,2018,213.0,1,183.0
7507,OQ,2018,167.0,1,132.0
7507,RU,2018,147.0,1,116.0
7512,BE,2018,189.0,1,185.0
7512,FZ,2018,346.0,1,315.0
7512,GI,2018,1164.0,1,929.0
7512,JZ,2018,114.0,1,82.0
7512,KZ,2018,121.0,1,135.0
7512,LZ,2018,121.0,1,127.0
7512,MN,2018,715.0,1,596.0
7512,OQ,2018,410.0,1,384.0
7512,RU,2018,373.0,1,325.0
7517,BE,2018,181.0,1,159.0
7517,FZ,2018,251.0,1,219.0
7517,GI,2018,984.0,1,739.0
7517,JZ,2018,94.0,1,64.0
7517,KZ,2018,83.0,1,93.0
7517,LZ,2018,64.0,1,116.0
7517,MN,2018,425.0,1,407.0
7517,OQ,2018,349.0,1,339.0
7517,RU,2018,342.0,1,307.0
7522,BE,2018,204.0,1,210.0
7522,FZ,2018,315.0,1,254.0
7522,GI,2018,1040.0,1,749.0
7522,JZ,2018,94.0,1,78.0
7522,KZ,2018,84.0,1,89.0
7522,LZ,2018,183.0,1,176.0
7522,MN,2018,600.0,1,515.0
7522,OQ,2018,524.0,1,476.0
7522,RU,2018,368.0,1,309.0
7527,BE,2018,120.0,1,111.0
7527,FZ,2018,70.0,1,54.0
7527,GI,2018,253.0,1,206.0
7527,JZ,2018,14.0,1,11.0
7527,KZ,2018,17.0,1,26.0
7527,LZ,2018,27.0,1,22.0
7527,MN,2018,113.0,1,86.0
7527,OQ,2018,69.0,1,80.0
7527,RU,2018,73.0,1,81.0
7532,BE,2018,96.0,1,77.0
7532,FZ,2018,88.0,1,97.0
7532,GI,2018,258.0,1,259.0
7532,JZ,2018,11.0,1,10.0
7532,KZ,2018,29.0,1,36.0
7532,LZ,2018,18.0,1,27.0
7532,MN,2018,131.0,1,120.0
7532,OQ,2018,91.0,1,89.0
7532,RU,2018,79.0,1,65.0
7605,BE,2018,36.0,1,48.0
7605,FZ,2018,96.0,1,82.0
7605,GI,2018,229.0,1,215.0
7605,JZ,2018,20.0,1,15.0
7605,KZ,2018,11.0,1,14.0
7605,LZ,2018,10.0,1,8.0
7605,MN,2018,91.0,1,112.0
7605,OQ,2018,69.0,1,68.0
7605,RU,2018,79.0,1,60.0
7610,BE,2018,131.0,1,121.0
7610,FZ,2018,140.0,1,112.0
7610,GI,2018,442.0,1,437.0
7610,JZ,2018,37.0,1,30.0
7610,KZ,2018,31.0,1,38.0
7610,LZ,2018,40.0,1,31.0
7610,MN,2018,242.0,1,223.0
7610,OQ,2018,213.0,1,196.0
7610,RU,2018,177.0,1,144.0
7615,BE,2018,145.0,1,140.0
7615,FZ,2018,273.0,1,266.0
7615,GI,2018,685.0,1,615.0
7615,JZ,2018,63.0,1,44.0
7615,KZ,2018,46.0,1,50.0
7615,LZ,2018,44.0,1,46.0
7615,MN,2018,363.0,1,298.0
7615,OQ,2018,216.0,1,216.0
7615,RU,2018,214.0,1,187.0
7620,BE,2018,316.0,1,306.0
7620,FZ,2018,786.0,1,739.0
7620,GI,2018,2066.0,1,1883.0
7620,JZ,2018,154.0,1,128.0
7620,KZ,2018,138.0,1,125.0
7620,LZ,2018,456.0,1,394.0
7620,MN,2018,987.0,1,947.0
7620,OQ,2018,746.0,1,662.0
7620,RU,2018,705.0,1,587.0
7625,BE,2018,664.0,1,568.0
7625,FZ,2018,1904.0,1,2021.0
7625,GI,2018,6578.0,1,4941.0
7625,JZ,2018,952.0,1,838.0
7625,KZ,2018,461.0,1,433.0
7625,LZ,2018,512.0,1,450.0
7625,MN,2018,4047.0,1,3648.0
7625,OQ,2018,2495.0,1,2355.0
7625,RU,2018,1856.0,1,1556.0
8405,BE,2018,113.0,1,139.0
8405,FZ,2018,301.0,1,262.0
8405,GI,2018,853.0,1,718.0
8405,JZ,2018,67.0,1,46.0
8405,KZ,2018,64.0,1,69.0
8405,LZ,2018,89.0,1,91.0
8405,MN,2018,435.0,1,408.0
8405,OQ,2018,281.0,1,302.0
8405,RU,2018,261.0,1,223.0
8410,BE,2018,53.0,1,63.0
8410,FZ,2018,66.0,1,53.0
8410,GI,2018,235.0,1,210.0
8410,JZ,2018,15.0,1,13.0
8410,KZ,2018,27.0,1,14.0
8410,LZ,2018,27.0,1,36.0
8410,MN,2018,105.0,1,112.0
8410,OQ,2018,86.0,1,88.0
8410,RU,2018,85.0,1,60.0
8415,BE,2018,53.0,1,69.0
8415,FZ,2018,158.0,1,137.0
8415,GI,2018,387.0,1,403.0
8415,JZ,2018,31.0,1,46.0
8415,KZ,2018,30.0,1,29.0
8415,LZ,2018,101.0,1,101.0
8415,MN,2018,260.0,1,259.0
8415,OQ,2018,225.0,1,215.0
8415,RU,2018,205.0,1,170.0
8420,BE,2018,74.0,1,76.0
8420,FZ,2018,86.0,1,62.0
8420,GI,2018,211.0,1,203.0
8420,JZ,2018,20.0,1,21.0
8420,KZ,2018,26.0,1,23.0
8420,LZ,2018,36.0,1,28.0
8420,MN,2018,100.0,1,104.0
8420,OQ,2018,74.0,1,88.0
8420,RU,2018,85.0,1,71.0
8425,BE,2018,50.0,1,42.0
8425,FZ,2018,56.0,1,51.0
8425,GI,2018,175.0,1,142.0
8425,JZ,2018,8.0,1,7.0
8425,KZ,2018,10.0,1,17.0
8425,LZ,2018,16.0,1,18.0
8425,MN,2018,82.0,1,67.0
8425,OQ,2018,51.0,1,40.0
8425,RU,2018,49.0,1,40.0
8430,BE,2018,31.0,1,30.0
8430,FZ,2018,57.0,1,56.0
8430,GI,2018,186.0,1,159.0
8430,JZ,2018,12.0,1,13.0
8430,KZ,2018,8.0,1,13.0
8430,LZ,2018,9.0,1,13.0
8430,MN,2018,78.0,1,82.0
8430,OQ,2018,58.0,1,51.0
8430,RU,2018,51.0,1,38.0
8435,BE,2018,143.0,1,108.0
8435,FZ,2018,318.0,1,271.0
8435,GI,2018,563.0,1,559.0
8435,JZ,2018,56.0,1,53.0
8435,KZ,2018,40.0,1,33.0
8435,LZ,2018,114.0,1,106.0
8435,MN,2018,419.0,1,326.0
8435,OQ,2018,246.0,1,259.0
8435,RU,2018,233.0,1,176.0
9305,BE,2018,69.0,1,70.0
9305,FZ,2018,165.0,1,168.0
9305,GI,2018,401.0,1,385.0
9305,JZ,2018,26.0,1,28.0
9305,KZ,2018,37.0,1,40.0
9305,LZ,2018,44.0,1,34.0
9305,MN,2018,261.0,1,191.0
9305,OQ,2018,147.0,1,130.0
9305,RU,2018,122.0,1,102.0
9310,BE,2018,140.0,1,139.0
9310,FZ,2018,150.0,1,145.0
9310,GI,2018,351.0,1,310.0
9310,JZ,2018,31.0,1,26.0
9310,KZ,2018,37.0,1,38.0
9310,LZ,2018,41.0,1,43.0
9310,MN,2018,196.0,1,177.0
9310,OQ,2018,232.0,1,208.0
9310,RU,2018,176.0,1,140.0
9315,BE,2018,270.0,1,269.0
9315,FZ,2018,1363.0,1,1292.0
9315,GI,2018,3716.0,1,3176.0
9315,JZ,2018,439.0,1,363.0
9315,KZ,2018,279.0,1,279.0
9315,LZ,2018,568.0,1,505.0
9315,MN,2018,2606.0,1,2273.0
9315,OQ,2018,1339.0,1,1088.0
9315,RU,2018,1087.0,1,958.0
0053,BE,2018,163.0,2,184.0
0053,FZ,2018,571.0,2,453.0
0053,GI,2018,1398.0,2,1201.0
0053,JZ,2018,118.0,2,89.0
0053,KZ,2018,125.0,2,124.0
0053,LZ,2018,107.0,2,97.0
0053,MN,2018,825.0,2,643.0
0053,OQ,2018,448.0,2,428.0
0053,RU,2018,414.0,2,396.0
0058,BE,2018,35.0,2,28.0
0058,FZ,2018,33.0,2,39.0
0058,GI,2018,169.0,2,128.0
0058,JZ,2018,5.0,2,11.0
0058,KZ,2018,7.0,2,18.0
0058,LZ,2018,20.0,2,13.0
0058,MN,2018,73.0,2,50.0
0058,OQ,2018,41.0,2,41.0
0058,RU,2018,50.0,2,40.0
0063,BE,2018,76.0,2,89.0
0063,FZ,2018,50.0,2,51.0
0063,GI,2018,184.0,2,120.0
0063,JZ,2018,17.0,2,8.0
0063,KZ,2018,17.0,2,12.0
0063,LZ,2018,29.0,2,22.0
0063,MN,2018,76.0,2,63.0
0063,OQ,2018,66.0,2,73.0
0063,RU,2018,57.0,2,38.0
1104,BE,2018,173.0,2,157.0
1104,FZ,2018,723.0,2,673.0
1104,GI,2018,2761.0,2,2254.0
1104,JZ,2018,372.0,2,355.0
1104,KZ,2018,112.0,2,150.0
1104,LZ,2018,234.0,2,203.0
1104,MN,2018,1702.0,2,1393.0
1104,OQ,2018,616.0,2,574.0
1104,RU,2018,628.0,2,563.0
1109,BE,2018,3265.0,2,2942.0
1109,FZ,2018,9191.0,2,9050.0
1109,GI,2018,49340.0,2,39894.0
1109,JZ,2018,12718.0,2,11435.0
1109,KZ,2018,5849.0,2,5223.0
1109,LZ,2018,4918.0,2,4061.0
1109,MN,2018,51215.0,2,44021.0
1109,OQ,2018,13507.0,2,12673.0
1109,RU,2018,12471.0,2,11657.0
1114,BE,2018,275.0,2,219.0
1114,FZ,2018,818.0,2,815.0
1114,GI,2018,3407.0,2,2663.0
1114,JZ,2018,802.0,2,660.0
1114,KZ,2018,303.0,2,262.0
1114,LZ,2018,425.0,2,328.0
1114,MN,2018,2946.0,2,2395.0
1114,OQ,2018,1016.0,2,991.0
1114,RU,2018,914.0,2,764.0
2404,BE,2018,16.0,2,30.0
2404,FZ,2018,49.0,2,53.0
2404,GI,2018,147.0,2,110.0
2404,JZ,2018,11.0,2,9.0
2404,KZ,2018,14.0,2,13.0
2404,LZ,2018,16.0,2,14.0
2404,MN,2018,57.0,2,56.0
2404,OQ,2018,40.0,2,36.0
2404,RU,2018,38.0,2,26.0
2409,BE,2018,47.0,2,43.0
2409,FZ,2018,140.0,2,174.0
2409,GI,2018,443.0,2,402.0
2409,JZ,2018,24.0,2,28.0
2409,KZ,2018,23.0,2,12.0
2409,LZ,2018,27.0,2,13.0
2409,MN,2018,183.0,2,136.0
2409,OQ,2018,84.0,2,93.0
2409,RU,2018,120.0,2,109.0
2414,BE,2018,37.0,2,39.0
2414,FZ,2018,36.0,2,60.0
2414,GI,2018,164.0,2,150.0
2414,JZ,2018,15.0,2,10.0
2414,KZ,2018,14.0,2,12.0
2414,LZ,2018,24.0,2,22.0
2414,MN,2018,77.0,2,70.0
2414,OQ,2018,30.0,2,45.0
2414,RU,2018,54.0,2,31.0
2704,BE,2018,62.0,2,46.0
2704,FZ,2018,75.0,2,62.0
2704,GI,2018,320.0,2,276.0
2704,JZ,2018,14.0,2,13.0
2704,KZ,2018,36.0,2,32.0
2704,LZ,2018,24.0,2,50.0
2704,MN,2018,152.0,2,128.0
2704,OQ,2018,82.0,2,71.0
2704,RU,2018,86.0,2,46.0
2709,BE,2018,28.0,2,44.0
2709,FZ,2018,55.0,2,49.0
2709,GI,2018,217.0,2,168.0
2709,JZ,2018,6.0,2,6.0
2709,KZ,2018,17.0,2,9.0
2709,LZ,2018,11.0,2,11.0
2709,MN,2018,79.0,2,86.0
2709,OQ,2018,44.0,2,59.0
2709,RU,2018,53.0,2,46.0
2714,BE,2018,71.0,2,72.0
2714,FZ,2018,121.0,2,90.0
2714,GI,2018,536.0,2,507.0
2714,JZ,2018,28.0,2,22.0
2714,KZ,2018,23.0,2,16.0
2714,LZ,2018,42.0,2,27.0
2714,MN,2018,182.0,2,187.0
2714,OQ,2018,105.0,2,106.0
2714,RU,2018,118.0,2,108.0
2801,BE,2018,20.0,2,24.0
2801,FZ,2018,28.0,2,28.0
2801,GI,2018,106.0,2,89.0
2801,JZ,2018,9.0,2,7.0
2801,KZ,2018,11.0,2,6.0
2801,LZ,2018,12.0,2,6.0
2801,MN,2018,35.0,2,55.0
2801,OQ,2018,35.0,2,33.0
2801,RU,2018,30.0,2,30.0
2806,BE,2018,40.0,2,32.0
2806,FZ,2018,41.0,2,33.0
2806,GI,2018,172.0,2,175.0
2806,JZ,2018,8.0,2,6.0
2806,KZ,2018,12.0,2,21.0
2806,LZ,2018,11.0,2,11.0
2806,MN,2018,67.0,2,68.0
2806,OQ,2018,48.0,2,56.0
2806,RU,2018,36.0,2,31.0
2811,BE,2018,51.0,2,48.0
2811,FZ,2018,104.0,2,89.0
2811,GI,2018,398.0,2,374.0
2811,JZ,2018,24.0,2,33.0
2811,KZ,2018,38.0,2,42.0
2811,LZ,2018,42.0,2,48.0
2811,MN,2018,215.0,2,171.0
2811,OQ,2018,87.0,2,97.0
2811,RU,2018,174.0,2,106.0
2816,BE,2018,52.0,2,38.0
2816,FZ,2018,60.0,2,55.0
2816,GI,2018,275.0,2,259.0
2816,JZ,2018,15.0,2,14.0
2816,KZ,2018,42.0,2,23.0
2816,LZ,2018,26.0,2,18.0
2816,MN,2018,116.0,2,107.0
2816,OQ,2018,77.0,2,75.0
2816,RU,2018,78.0,2,61.0
3202,BE,2018,126.0,2,127.0
3202,FZ,2018,320.0,2,263.0
3202,GI,2018,1434.0,2,852.0
3202,JZ,2018,105.0,2,75.0
3202,KZ,2018,118.0,2,98.0
3202,LZ,2018,161.0,2,146.0
3202,MN,2018,513.0,2,451.0
3202,OQ,2018,414.0,2,349.0
3202,RU,2018,289.0,2,258.0
3207,BE,2018,54.0,2,39.0
3207,FZ,2018,79.0,2,70.0
3207,GI,2018,427.0,2,312.0
3207,JZ,2018,26.0,2,15.0
3207,KZ,2018,22.0,2,20.0
3207,LZ,2018,26.0,2,30.0
3207,MN,2018,124.0,2,119.0
3207,OQ,2018,105.0,2,116.0
3207,RU,2018,101.0,2,99.0
3212,BE,2018,85.0,2,84.0
3212,FZ,2018,136.0,2,117.0
3212,GI,2018,606.0,2,544.0
3212,JZ,2018,47.0,2,31.0
3212,KZ,2018,36.0,2,36.0
3212,LZ,2018,38.0,2,35.0
3212,MN,2018,220.0,2,231.0
3212,OQ,2018,157.0,2,174.0
3212,RU,2018,158.0,2,130.0
3217,BE,2018,75.0,2,90.0
3217,FZ,2018,128.0,2,137.0
3217,GI,2018,692.0,2,615.0
3217,JZ,2018,35.0,2,17.0
3217,KZ,2018,33.0,2,19.0
3217,LZ,2018,28.0,2,30.0
3217,MN,2018,177.0,2,172.0
3217,OQ,2018,152.0,2,156.0
3217,RU,2018,158.0,2,164.0
3222,BE,2018,158.0,2,141.0
3222,FZ,2018,287.0,2,231.0
3222,GI,2018,980.0,2,833.0
3222,JZ,2018,86.0,2,75.0
3222,KZ,2018,70.0,2,66.0
3222,LZ,2018,79.0,2,74.0
3222,MN,2018,413.0,2,386.0
3222,OQ,2018,306.0,2,266.0
3222,RU,2018,265.0,2,220.0
4405,BE,2018,113.0,2,97.0
4405,FZ,2018,183.0,2,148.0
4405,GI,2018,607.0,2,599.0
4405,JZ,2018,51.0,2,39.0
4405,KZ,2018,66.0,2,63.0
4405,LZ,2018,59.0,2,60.0
4405,MN,2018,366.0,2,290.0
4405,OQ,2018,211.0,2,219.0
4405,RU,2018,182.0,2,180.0
4410,BE,2018,138.0,2,154.0
4410,FZ,2018,479.0,2,406.0
4410,GI,2018,1535.0,2,1406.0
4410,JZ,2018,111.0,2,117.0
4410,KZ,2018,126.0,2,145.0
4410,LZ,2018,105.0,2,73.0
4410,MN,2018,632.0,2,625.0
4410,OQ,2018,442.0,2,453.0
4410,RU,2018,370.0,2,391.0
4415,BE,2018,65.0,2,85.0
4415,FZ,2018,61.0,2,52.0
4415,GI,2018,251.0,2,247.0
4415,JZ,2018,18.0,2,10.0
4415,KZ,2018,18.0,2,22.0
4415,LZ,2018,28.0,2,19.0
4415,MN,2018,91.0,2,88.0
4415,OQ,2018,56.0,2,50.0
4415,RU,2018,58.0,2,41.0
4420,BE,2018,45.0,2,51.0
4420,FZ,2018,74.0,2,100.0
4420,GI,2018,327.0,2,286.0
4420,JZ,2018,23.0,2,18.0
4420,KZ,2018,23.0,2,11.0
4420,LZ,2018,21.0,2,10.0
4420,MN,2018,105.0,2,118.0
4420,OQ,2018,98.0,2,85.0
4420,RU,2018,81.0,2,67.0
4425,BE,2018,120.0,2,104.0
4425,FZ,2018,206.0,2,189.0
4425,GI,2018,847.0,2,719.0
4425,JZ,2018,85.0,2,50.0
4425,KZ,2018,89.0,2,73.0
4425,LZ,2018,108.0,2,77.0
4425,MN,2018,399.0,2,350.0
4425,OQ,2018,231.0,2,198.0
4425,RU,2018,223.0,2,171.0
5203,BE,2018,109.0,2,117.0
5203,FZ,2018,132.0,2,139.0
5203,GI,2018,494.0,2,502.0
5203,JZ,2018,27.0,2,18.0
5203,KZ,2018,52.0,2,54.0
5203,LZ,2018,103.0,2,91.0
5203,MN,2018,234.0,2,216.0
5203,OQ,2018,157.0,2,143.0
5203,RU,2018,147.0,2,110.0
5208,BE,2018,35.0,2,22.0
5208,FZ,2018,40.0,2,25.0
5208,GI,2018,150.0,2,157.0
5208,JZ,2018,6.0,2,6.0
5208,KZ,2018,11.0,2,12.0
5208,LZ,2018,23.0,2,21.0
5208,MN,2018,52.0,2,73.0
5208,OQ,2018,37.0,2,38.0
5208,RU,2018,26.0,2,41.0
5213,BE,2018,98.0,2,97.0
5213,FZ,2018,93.0,2,69.0
5213,GI,2018,348.0,2,303.0
5213,JZ,2018,27.0,2,27.0
5213,KZ,2018,55.0,2,45.0
5213,LZ,2018,51.0,2,61.0
5213,MN,2018,166.0,2,148.0
5213,OQ,2018,88.0,2,112.0
5213,RU,2018,81.0,2,79.0
5218,BE,2018,29.0,2,20.0
5218,FZ,2018,35.0,2,20.0
5218,GI,2018,140.0,2,134.0
5218,JZ,2018,4.0,2,4.0
5218,KZ,2018,14.0,2,9.0
5218,LZ,2018,18.0,2,15.0
5218,MN,2018,60.0,2,46.0
5218,OQ,2018,25.0,2,20.0
5218,RU,2018,33.0,2,29.0
5302,BE,2018,136.0,2,143.0
5302,FZ,2018,257.0,2,262.0
5302,GI,2018,1017.0,2,723.0
5302,JZ,2018,139.0,2,107.0
5302,KZ,2018,113.0,2,111.0
5302,LZ,2018,112.0,2,105.0
5302,MN,2018,523.0,2,478.0
5302,OQ,2018,484.0,2,471.0
5302,RU,2018,320.0,2,316.0
5307,BE,2018,36.0,2,42.0
5307,FZ,2018,42.0,2,44.0
5307,GI,2018,204.0,2,160.0
5307,JZ,2018,15.0,2,5.0
5307,KZ,2018,34.0,2,28.0
5307,LZ,2018,14.0,2,24.0
5307,MN,2018,89.0,2,80.0
5307,OQ,2018,55.0,2,44.0
5307,RU,2018,45.0,2,53.0
5312,BE,2018,76.0,2,57.0
5312,FZ,2018,55.0,2,46.0
5312,GI,2018,294.0,2,228.0
5312,JZ,2018,12.0,2,16.0
5312,KZ,2018,28.0,2,30.0
5312,LZ,2018,32.0,2,28.0
5312,MN,2018,124.0,2,118.0
5312,OQ,2018,113.0,2,89.0
5312,RU,2018,89.0,2,58.0
5317,BE,2018,75.0,2,59.0
5317,FZ,2018,125.0,2,106.0
5317,GI,2018,408.0,2,421.0
5317,JZ,2018,53.0,2,26.0
5317,KZ,2018,106.0,2,79.0
5317,LZ,2018,66.0,2,80.0
5317,MN,2018,305.0,2,253.0
5317,OQ,2018,171.0,2,147.0
5317,RU,2018,169.0,2,166.0
7503,BE,2018,253.0,2,232.0
7503,FZ,2018,561.0,2,482.0
7503,GI,2018,1356.0,2,1175.0
7503,JZ,2018,171.0,2,122.0
7503,KZ,2018,199.0,2,176.0
7503,LZ,2018,366.0,2,329.0
7503,MN,2018,1159.0,2,1007.0
7503,OQ,2018,825.0,2,800.0
7503,RU,2018,623.0,2,563.0
7508,BE,2018,56.0,2,53.0
7508,FZ,2018,59.0,2,55.0
7508,GI,2018,265.0,2,236.0
7508,JZ,2018,14.0,2,15.0
7508,KZ,2018,27.0,2,27.0
7508,LZ,2018,34.0,2,23.0
7508,MN,2018,94.0,2,114.0
7508,OQ,2018,58.0,2,61.0
7508,RU,2018,56.0,2,48.0
7513,BE,2018,136.0,2,139.0
7513,FZ,2018,267.0,2,224.0
7513,GI,2018,749.0,2,732.0
7513,JZ,2018,66.0,2,55.0
7513,KZ,2018,85.0,2,51.0
7513,LZ,2018,97.0,2,99.0
7513,MN,2018,457.0,2,419.0
7513,OQ,2018,288.0,2,260.0
7513,RU,2018,313.0,2,287.0
7518,BE,2018,96.0,2,73.0
7518,FZ,2018,132.0,2,100.0
7518,GI,2018,292.0,2,288.0
7518,JZ,2018,21.0,2,16.0
7518,KZ,2018,33.0,2,29.0
7518,LZ,2018,35.0,2,19.0
7518,MN,2018,158.0,2,158.0
7518,OQ,2018,87.0,2,79.0
7518,RU,2018,101.0,2,78.0
7523,BE,2018,178.0,2,146.0
7523,FZ,2018,225.0,2,220.0
7523,GI,2018,699.0,2,654.0
7523,JZ,2018,34.0,2,28.0
7523,KZ,2018,49.0,2,63.0
7523,LZ,2018,49.0,2,47.0
7523,MN,2018,345.0,2,357.0
7523,OQ,2018,273.0,2,213.0
7523,RU,2018,215.0,2,181.0
7528,BE,2018,78.0,2,85.0
7528,FZ,2018,131.0,2,142.0
7528,GI,2018,397.0,2,385.0
7528,JZ,2018,25.0,2,29.0
7528,KZ,2018,33.0,2,29.0
7528,LZ,2018,57.0,2,62.0
7528,MN,2018,186.0,2,143.0
7528,OQ,2018,153.0,2,146.0
7528,RU,2018,133.0,2,110.0
7601,BE,2018,74.0,2,56.0
7601,FZ,2018,147.0,2,142.0
7601,GI,2018,567.0,2,575.0
7601,JZ,2018,25.0,2,14.0
7601,KZ,2018,15.0,2,32.0
7601,LZ,2018,90.0,2,55.0
7601,MN,2018,191.0,2,163.0
7601,OQ,2018,88.0,2,102.0
7601,RU,2018,154.0,2,113.0
7606,BE,2018,191.0,2,181.0
7606,FZ,2018,446.0,2,422.0
7606,GI,2018,981.0,2,924.0
7606,JZ,2018,73.0,2,47.0
7606,KZ,2018,58.0,2,50.0
7606,LZ,2018,142.0,2,109.0
7606,MN,2018,450.0,2,415.0
7606,OQ,2018,281.0,2,271.0
7606,RU,2018,284.0,2,266.0
7611,BE,2018,135.0,2,128.0
7611,FZ,2018,90.0,2,79.0
7611,GI,2018,267.0,2,244.0
7611,JZ,2018,16.0,2,19.0
7611,KZ,2018,19.0,2,13.0
7611,LZ,2018,24.0,2,20.0
7611,MN,2018,127.0,2,102.0
7611,OQ,2018,73.0,2,88.0
7611,RU,2018,105.0,2,84.0
7616,BE,2018,586.0,2,530.0
7616,FZ,2018,1403.0,2,1412.0
7616,GI,2018,3563.0,2,3551.0
7616,JZ,2018,624.0,2,532.0
7616,KZ,2018,347.0,2,302.0
7616,LZ,2018,650.0,2,488.0
7616,MN,2018,2711.0,2,2618.0
7616,OQ,2018,1704.0,2,1595.0
7616,RU,2018,1321.0,2,1096.0
7621,BE,2018,244.0,2,218.0
7621,FZ,2018,150.0,2,113.0
7621,GI,2018,336.0,2,364.0
7621,JZ,2018,26.0,2,25.0
7621,KZ,2018,31.0,2,25.0
7621,LZ,2018,59.0,2,45.0
7621,MN,2018,219.0,2,188.0
7621,OQ,2018,158.0,2,142.0
7621,RU,2018,124.0,2,104.0
8401,BE,2018,176.0,2,161.0
8401,FZ,2018,489.0,2,484.0
8401,GI,2018,1109.0,2,913.0
8401,JZ,2018,136.0,2,148.0
8401,KZ,2018,146.0,2,133.0
8401,LZ,2018,217.0,2,224.0
8401,MN,2018,963.0,2,907.0
8401,OQ,2018,607.0,2,554.0
8401,RU,2018,484.0,2,399.0
8406,BE,2018,104.0,2,117.0
8406,FZ,2018,350.0,2,334.0
8406,GI,2018,1012.0,2,822.0
8406,JZ,2018,74.0,2,58.0
8406,KZ,2018,56.0,2,41.0
8406,LZ,2018,148.0,2,102.0
8406,MN,2018,482.0,2,397.0
8406,OQ,2018,262.0,2,247.0
8406,RU,2018,242.0,2,229.0
8411,BE,2018,26.0,2,27.0
8411,FZ,2018,50.0,2,46.0
8411,GI,2018,147.0,2,129.0
8411,JZ,2018,8.0,2,9.0
8411,KZ,2018,9.0,2,6.0
8411,LZ,2018,30.0,2,37.0
8411,MN,2018,77.0,2,74.0
8411,OQ,2018,96.0,2,82.0
8411,RU,2018,51.0,2,56.0
8416,BE,2018,130.0,2,141.0
8416,FZ,2018,318.0,2,338.0
8416,GI,2018,918.0,2,921.0
8416,JZ,2018,125.0,2,119.0
8416,KZ,2018,104.0,2,84.0
8416,LZ,2018,166.0,2,151.0
8416,MN,2018,664.0,2,589.0
8416,OQ,2018,474.0,2,474.0
8416,RU,2018,468.0,2,333.0
8421,BE,2018,1019.0,2,803.0
8421,FZ,2018,2656.0,2,2352.0
8421,GI,2018,10000.0,2,8461.0
8421,JZ,2018,1640.0,2,1420.0
8421,KZ,2018,969.0,2,880.0
8421,LZ,2018,1531.0,2,1386.0
8421,MN,2018,8601.0,2,7131.0
8421,OQ,2018,3542.0,2,3291.0
8421,RU,2018,2418.0,2,2191.0
8426,BE,2018,80.0,2,82.0
8426,FZ,2018,94.0,2,112.0
8426,GI,2018,424.0,2,369.0
8426,JZ,2018,32.0,2,33.0
8426,KZ,2018,38.0,2,45.0
8426,LZ,2018,82.0,2,53.0
8426,MN,2018,196.0,2,177.0
8426,OQ,2018,145.0,2,133.0
8426,RU,2018,108.0,2,125.0
8431,BE,2018,320.0,2,206.0
8431,FZ,2018,356.0,2,373.0
8431,GI,2018,943.0,2,907.0
8431,JZ,2018,105.0,2,88.0
8431,KZ,2018,98.0,2,72.0
8431,LZ,2018,141.0,2,144.0
8431,MN,2018,604.0,2,549.0
8431,OQ,2018,400.0,2,399.0
8431,RU,2018,401.0,2,326.0
9301,BE,2018,284.0,2,298.0
9301,FZ,2018,677.0,2,584.0
9301,GI,2018,1946.0,2,1591.0
9301,JZ,2018,381.0,2,318.0
9301,KZ,2018,251.0,2,238.0
9301,LZ,2018,330.0,2,255.0
9301,MN,2018,1804.0,2,1552.0
9301,OQ,2018,966.0,2,851.0
9301,RU,2018,750.0,2,564.0
9306,BE,2018,124.0,2,131.0
9306,FZ,2018,235.0,2,223.0
9306,GI,2018,571.0,2,518.0
9306,JZ,2018,37.0,2,35.0
9306,KZ,2018,50.0,2,40.0
9306,LZ,2018,76.0,2,54.0
9306,MN,2018,347.0,2,317.0
9306,OQ,2018,189.0,2,161.0
9306,RU,2018,181.0,2,144.0
9311,BE,2018,103.0,2,80.0
9311,FZ,2018,137.0,2,117.0
9311,GI,2018,393.0,2,373.0
9311,JZ,2018,30.0,2,20.0
9311,KZ,2018,21.0,2,15.0
9311,LZ,2018,27.0,2,16.0
9311,MN,2018,206.0,2,176.0
9311,OQ,2018,169.0,2,118.0
9311,RU,2018,136.0,2,112.0
9316,BE,2018,45.0,2,46.0
9316,FZ,2018,89.0,2,99.0
9316,GI,2018,273.0,2,289.0
9316,JZ,2018,21.0,2,18.0
9316,KZ,2018,13.0,2,17.0
9316,LZ,2018,22.0,2,13.0
9316,MN,2018,139.0,2,141.0
9316,OQ,2018,87.0,2,98.0
9316,RU,2018,80.0,2,55.0
0054,BE,2018,136.0,3,154.0
0054,FZ,2018,276.0,3,297.0
0054,GI,2018,799.0,3,723.0
0054,JZ,2018,60.0,3,53.0
0054,KZ,2018,61.0,3,65.0
0054,LZ,2018,109.0,3,98.0
0054,MN,2018,407.0,3,380.0
0054,OQ,2018,211.0,3,187.0
0054,RU,2018,228.0,3,206.0
0059,BE,2018,91.0,3,79.0
0059,FZ,2018,184.0,3,167.0
0059,GI,2018,536.0,3,463.0
0059,JZ,2018,47.0,3,45.0
0059,KZ,2018,37.0,3,47.0
0059,LZ,2018,55.0,3,75.0
0059,MN,2018,283.0,3,241.0
0059,OQ,2018,154.0,3,151.0
0059,RU,2018,140.0,3,133.0
0064,BE,2018,50.0,3,56.0
0064,FZ,2018,82.0,3,68.0
0064,GI,2018,238.0,3,242.0
0064,JZ,2018,15.0,3,16.0
0064,KZ,2018,17.0,3,16.0
0064,LZ,2018,40.0,3,23.0
0064,MN,2018,122.0,3,102.0
0064,OQ,2018,87.0,3,88.0
0064,RU,2018,98.0,3,89.0
1105,BE,2018,94.0,3,86.0
1105,FZ,2018,226.0,3,210.0
1105,GI,2018,713.0,3,605.0
1105,JZ,2018,108.0,3,93.0
1105,KZ,2018,36.0,3,59.0
1105,LZ,2018,50.0,3,54.0
1105,MN,2018,537.0,3,461.0
1105,OQ,2018,259.0,3,252.0
1105,RU,2018,233.0,3,226.0
1110,BE,2018,19.0,3,33.0
1110,FZ,2018,59.0,3,66.0
1110,GI,2018,210.0,3,206.0
1110,JZ,2018,18.0,3,8.0
1110,KZ,2018,14.0,3,11.0
1110,LZ,2018,16.0,3,6.0
1110,MN,2018,77.0,3,74.0
1110,OQ,2018,43.0,3,45.0
1110,RU,2018,48.0,3,49.0
1115,BE,2018,190.0,3,172.0
1115,FZ,2018,471.0,3,492.0
1115,GI,2018,2366.0,3,1907.0
1115,JZ,2018,591.0,3,497.0
1115,KZ,2018,241.0,3,264.0
1115,LZ,2018,330.0,3,292.0
1115,MN,2018,2322.0,3,2092.0
1115,OQ,2018,958.0,3,886.0
1115,RU,2018,685.0,3,561.0
2405,BE,2018,210.0,3,137.0
2405,FZ,2018,116.0,3,101.0
2405,GI,2018,456.0,3,449.0
2405,JZ,2018,32.0,3,26.0
2405,KZ,2018,43.0,3,36.0
2405,LZ,2018,68.0,3,42.0
2405,MN,2018,236.0,3,203.0
2405,OQ,2018,166.0,3,158.0
2405,RU,2018,137.0,3,139.0
2410,BE,2018,142.0,3,132.0
2410,FZ,2018,440.0,3,383.0
2410,GI,2018,1641.0,3,1175.0
2410,JZ,2018,165.0,3,144.0
2410,KZ,2018,130.0,3,112.0
2410,LZ,2018,100.0,3,75.0
2410,MN,2018,783.0,3,709.0
2410,OQ,2018,445.0,3,418.0
2410,RU,2018,406.0,3,344.0
2415,BE,2018,31.0,3,32.0
2415,FZ,2018,51.0,3,49.0
2415,GI,2018,115.0,3,90.0
2415,JZ,2018,11.0,3,4.0
2415,KZ,2018,5.0,3,1.0
2415,LZ,2018,9.0,3,12.0
2415,MN,2018,64.0,3,44.0
2415,OQ,2018,33.0,3,27.0
2415,RU,2018,31.0,3,41.0
2705,BE,2018,71.0,3,88.0
2705,FZ,2018,203.0,3,172.0
2705,GI,2018,492.0,3,531.0
2705,JZ,2018,51.0,3,30.0
2705,KZ,2018,26.0,3,24.0
2705,LZ,2018,54.0,3,26.0
2705,MN,2018,181.0,3,212.0
2705,OQ,2018,150.0,3,173.0
2705,RU,2018,168.0,3,134.0
2710,BE,2018,36.0,3,41.0
2710,FZ,2018,68.0,3,66.0
2710,GI,2018,251.0,3,253.0
2710,JZ,2018,6.0,3,14.0
2710,KZ,2018,11.0,3,15.0
2710,LZ,2018,20.0,3,17.0
2710,MN,2018,89.0,3,81.0
2710,OQ,2018,79.0,3,72.0
2710,RU,2018,75.0,3,55.0
2715,BE,2018,73.0,3,77.0
2715,FZ,2018,114.0,3,80.0
2715,GI,2018,360.0,3,300.0
2715,JZ,2018,25.0,3,15.0
2715,KZ,2018,37.0,3,27.0
2715,LZ,2018,62.0,3,47.0
2715,MN,2018,119.0,3,131.0
2715,OQ,2018,101.0,3,135.0
2715,RU,2018,132.0,3,109.0
2802,BE,2018,42.0,3,35.0
2802,FZ,2018,51.0,3,46.0
2802,GI,2018,215.0,3,196.0
2802,JZ,2018,14.0,3,12.0
2802,KZ,2018,27.0,3,18.0
2802,LZ,2018,14.0,3,22.0
2802,MN,2018,94.0,3,70.0
2802,OQ,2018,62.0,3,65.0
2802,RU,2018,63.0,3,53.0
2807,BE,2018,67.0,3,73.0
2807,FZ,2018,104.0,3,111.0
2807,GI,2018,402.0,3,305.0
2807,JZ,2018,26.0,3,23.0
2807,KZ,2018,38.0,3,27.0
2807,LZ,2018,48.0,3,43.0
2807,MN,2018,161.0,3,143.0
2807,OQ,2018,100.0,3,97.0
2807,RU,2018,118.0,3,91.0
2812,BE,2018,26.0,3,21.0
2812,FZ,2018,46.0,3,35.0
2812,GI,2018,123.0,3,94.0
2812,JZ,2018,11.0,3,11.0
2812,KZ,2018,14.0,3,6.0
2812,LZ,2018,11.0,3,12.0
2812,MN,2018,50.0,3,56.0
2812,OQ,2018,24.0,3,20.0
2812,RU,2018,48.0,3,30.0
2817,BE,2018,67.0,3,47.0
2817,FZ,2018,132.0,3,154.0
2817,GI,2018,392.0,3,352.0
2817,JZ,2018,44.0,3,35.0
2817,KZ,2018,35.0,3,50.0
2817,LZ,2018,42.0,3,29.0
2817,MN,2018,185.0,3,190.0
2817,OQ,2018,133.0,3,87.0
2817,RU,2018,120.0,3,110.0
3203,BE,2018,59.0,3,81.0
3203,FZ,2018,100.0,3,125.0
3203,GI,2018,485.0,3,433.0
3203,JZ,2018,45.0,3,31.0
3203,KZ,2018,42.0,3,64.0
3203,LZ,2018,38.0,3,34.0
3203,MN,2018,229.0,3,225.0
3203,OQ,2018,183.0,3,181.0
3203,RU,2018,136.0,3,114.0
3208,BE,2018,73.0,3,67.0
3208,FZ,2018,82.0,3,89.0
3208,GI,2018,402.0,3,322.0
3208,JZ,2018,25.0,3,12.0
3208,KZ,2018,41.0,3,46.0
3208,LZ,2018,26.0,3,24.0
3208,MN,2018,155.0,3,129.0
3208,OQ,2018,104.0,3,109.0
3208,RU,2018,96.0,3,102.0
3213,BE,2018,90.0,3,63.0
3213,FZ,2018,143.0,3,104.0
3213,GI,2018,707.0,3,523.0
3213,JZ,2018,42.0,3,32.0
3213,KZ,2018,32.0,3,46.0
3213,LZ,2018,84.0,3,52.0
3213,MN,2018,264.0,3,250.0
3213,OQ,2018,180.0,3,162.0
3213,RU,2018,237.0,3,164.0
3218,BE,2018,151.0,3,134.0
3218,FZ,2018,351.0,3,326.0
3218,GI,2018,1616.0,3,1397.0
3218,JZ,2018,167.0,3,153.0
3218,KZ,2018,142.0,3,118.0
3218,LZ,2018,97.0,3,75.0
3218,MN,2018,789.0,3,747.0
3218,OQ,2018,410.0,3,394.0
3218,RU,2018,354.0,3,318.0
4401,BE,2018,35.0,3,50.0
4401,FZ,2018,41.0,3,25.0
4401,GI,2018,180.0,3,138.0
4401,JZ,2018,12.0,3,10.0
4401,KZ,2018,16.0,3,10.0
4401,LZ,2018,13.0,3,11.0
4401,MN,2018,66.0,3,46.0
4401,OQ,2018,36.0,3,48.0
4401,RU,2018,50.0,3,43.0
4406,BE,2018,38.0,3,52.0
4406,FZ,2018,59.0,3,49.0
4406,GI,2018,267.0,3,204.0
4406,JZ,2018,12.0,3,18.0
4406,KZ,2018,21.0,3,41.0
4406,LZ,2018,34.0,3,37.0
4406,MN,2018,121.0,3,91.0
4406,OQ,2018,76.0,3,68.0
4406,RU,2018,60.0,3,85.0
4411,BE,2018,160.0,3,182.0
4411,FZ,2018,390.0,3,351.0
4411,GI,2018,1447.0,3,1379.0
4411,JZ,2018,100.0,3,97.0
4411,KZ,2018,93.0,3,101.0
4411,LZ,2018,88.0,3,94.0
4411,MN,2018,680.0,3,569.0
4411,OQ,2018,375.0,3,444.0
4411,RU,2018,449.0,3,342.0
4416,BE,2018,62.0,3,63.0
4416,FZ,2018,135.0,3,118.0
4416,GI,2018,318.0,3,333.0
4416,JZ,2018,15.0,3,17.0
4416,KZ,2018,22.0,3,21.0
4416,LZ,2018,21.0,3,15.0
4416,MN,2018,118.0,3,112.0
4416,OQ,2018,94.0,3,107.0
4416,RU,2018,84.0,3,85.0
4421,BE,2018,54.0,3,54.0
4421,FZ,2018,70.0,3,72.0
4421,GI,2018,232.0,3,291.0
4421,JZ,2018,5.0,3,6.0
4421,KZ,2018,18.0,3,13.0
4421,LZ,2018,21.0,3,11.0
4421,MN,2018,71.0,3,78.0
4421,OQ,2018,40.0,3,60.0
4421,RU,2018,50.0,3,62.0
4426,BE,2018,43.0,3,23.0
4426,FZ,2018,63.0,3,38.0
4426,GI,2018,210.0,3,195.0
4426,JZ,2018,12.0,3,8.0
4426,KZ,2018,12.0,3,16.0
4426,LZ,2018,12.0,3,6.0
4426,MN,2018,66.0,3,64.0
4426,OQ,2018,56.0,3,46.0
4426,RU,2018,68.0,3,46.0
5204,BE,2018,21.0,3,29.0
5204,FZ,2018,15.0,3,35.0
5204,GI,2018,93.0,3,97.0
5204,JZ,2018,5.0,3,7.0
5204,KZ,2018,24.0,3,18.0
5204,LZ,2018,10.0,3,8.0
5204,MN,2018,48.0,3,36.0
5204,OQ,2018,31.0,3,27.0
5204,RU,2018,39.0,3,22.0
5209,BE,2018,22.0,3,34.0
5209,FZ,2018,38.0,3,26.0
5209,GI,2018,114.0,3,136.0
5209,JZ,2018,8.0,3,5.0
5209,KZ,2018,19.0,3,18.0
5209,LZ,2018,23.0,3,11.0
5209,MN,2018,58.0,3,65.0
5209,OQ,2018,38.0,3,40.0
5209,RU,2018,39.0,3,34.0
5214,BE,2018,68.0,3,55.0
5214,FZ,2018,84.0,3,93.0
5214,GI,2018,269.0,3,328.0
5214,JZ,2018,27.0,3,20.0
5214,KZ,2018,32.0,3,28.0
5214,LZ,2018,71.0,3,82.0
5214,MN,2018,171.0,3,143.0
5214,OQ,2018,89.0,3,106.0
5214,RU,2018,98.0,3,95.0
5219,BE,2018,150.0,3,142.0
5219,FZ,2018,213.0,3,200.0
5219,GI,2018,707.0,3,724.0
5219,JZ,2018,52.0,3,50.0
5219,KZ,2018,78.0,3,83.0
5219,LZ,2018,170.0,3,83.0
5219,MN,2018,409.0,3,357.0
5219,OQ,2018,280.0,3,336.0
5219,RU,2018,236.0,3,193.0
5303,BE,2018,58.0,3,34.0
5303,FZ,2018,54.0,3,43.0
5303,GI,2018,210.0,3,148.0
5303,JZ,2018,11.0,3,11.0
5303,KZ,2018,18.0,3,14.0
5303,LZ,2018,16.0,3,19.0
5303,MN,2018,119.0,3,87.0
5303,OQ,2018,78.0,3,66.0
5303,RU,2018,71.0,3,56.0
5308,BE,2018,59.0,3,64.0
5308,FZ,2018,90.0,3,85.0
5308,GI,2018,365.0,3,294.0
5308,JZ,2018,38.0,3,36.0
5308,KZ,2018,36.0,3,31.0
5308,LZ,2018,41.0,3,39.0
5308,MN,2018,172.0,3,129.0
5308,OQ,2018,123.0,3,108.0
5308,RU,2018,121.0,3,89.0
5313,BE,2018,167.0,3,175.0
5313,FZ,2018,260.0,3,254.0
5313,GI,2018,676.0,3,633.0
5313,JZ,2018,74.0,3,60.0
5313,KZ,2018,88.0,3,96.0
5313,LZ,2018,142.0,3,105.0
5313,MN,2018,405.0,3,392.0
5313,OQ,2018,307.0,3,329.0
5313,RU,2018,308.0,3,238.0
5318,BE,2018,141.0,3,111.0
5318,FZ,2018,196.0,3,214.0
5318,GI,2018,580.0,3,565.0
5318,JZ,2018,92.0,3,67.0
5318,KZ,2018,108.0,3,99.0
5318,LZ,2018,141.0,3,147.0
5318,MN,2018,501.0,3,381.0
5318,OQ,2018,299.0,3,304.0
5318,RU,2018,272.0,3,236.0
7504,BE,2018,85.0,3,74.0
7504,FZ,2018,134.0,3,134.0
7504,GI,2018,408.0,3,401.0
7504,JZ,2018,25.0,3,18.0
7504,KZ,2018,27.0,3,40.0
7504,LZ,2018,67.0,3,55.0
7504,MN,2018,196.0,3,201.0
7504,OQ,2018,110.0,3,126.0
7504,RU,2018,117.0,3,129.0
7509,BE,2018,117.0,3,97.0
7509,FZ,2018,105.0,3,88.0
7509,GI,2018,392.0,3,370.0
7509,JZ,2018,24.0,3,15.0
7509,KZ,2018,51.0,3,58.0
7509,LZ,2018,53.0,3,54.0
7509,MN,2018,197.0,3,157.0
7509,OQ,2018,115.0,3,90.0
7509,RU,2018,135.0,3,99.0
7514,BE,2018,98.0,3,74.0
7514,FZ,2018,157.0,3,170.0
7514,GI,2018,451.0,3,443.0
7514,JZ,2018,18.0,3,22.0
7514,KZ,2018,46.0,3,29.0
7514,LZ,2018,48.0,3,40.0
7514,MN,2018,219.0,3,232.0
7514,OQ,2018,155.0,3,140.0
7514,RU,2018,183.0,3,151.0
7519,BE,2018,112.0,3,136.0
7519,FZ,2018,105.0,3,92.0
7519,GI,2018,368.0,3,337.0
7519,JZ,2018,14.0,3,12.0
7519,KZ,2018,36.0,3,38.0
7519,LZ,2018,37.0,3,35.0
7519,MN,2018,232.0,3,173.0
7519,OQ,2018,167.0,3,166.0
7519,RU,2018,129.0,3,113.0
7524,BE,2018,228.0,3,229.0
7524,FZ,2018,232.0,3,201.0
7524,GI,2018,1068.0,3,698.0
7524,JZ,2018,80.0,3,89.0
7524,KZ,2018,148.0,3,114.0
7524,LZ,2018,162.0,3,123.0
7524,MN,2018,499.0,3,427.0
7524,OQ,2018,372.0,3,336.0
7524,RU,2018,307.0,3,268.0
7529,BE,2018,63.0,3,58.0
7529,FZ,2018,68.0,3,85.0
7529,GI,2018,258.0,3,264.0
7529,JZ,2018,14.0,3,8.0
7529,KZ,2018,16.0,3,18.0
7529,LZ,2018,35.0,3,32.0
7529,MN,2018,139.0,3,137.0
7529,OQ,2018,77.0,3,68.0
7529,RU,2018,87.0,3,87.0
7602,BE,2018,283.0,3,237.0
7602,FZ,2018,249.0,3,219.0
7602,GI,2018,750.0,3,602.0
7602,JZ,2018,67.0,3,64.0
7602,KZ,2018,62.0,3,65.0
7602,LZ,2018,147.0,3,130.0
7602,MN,2018,406.0,3,384.0
7602,OQ,2018,330.0,3,344.0
7602,RU,2018,307.0,3,251.0
7607,BE,2018,81.0,3,88.0
7607,FZ,2018,94.0,3,74.0
7607,GI,2018,277.0,3,232.0
7607,JZ,2018,27.0,3,9.0
7607,KZ,2018,9.0,3,11.0
7607,LZ,2018,22.0,3,20.0
7607,MN,2018,159.0,3,147.0
7607,OQ,2018,99.0,3,110.0
7607,RU,2018,117.0,3,87.0
7612,BE,2018,148.0,3,126.0
7612,FZ,2018,171.0,3,151.0
7612,GI,2018,420.0,3,409.0
7612,JZ,2018,29.0,3,23.0
7612,KZ,2018,30.0,3,31.0
7612,LZ,2018,57.0,3,59.0
7612,MN,2018,243.0,3,181.0
7612,OQ,2018,166.0,3,186.0
7612,RU,2018,185.0,3,159.0
7617,BE,2018,127.0,3,103.0
7617,FZ,2018,252.0,3,238.0
7617,GI,2018,660.0,3,675.0
7617,JZ,2018,39.0,3,38.0
7617,KZ,2018,35.0,3,37.0
7617,LZ,2018,56.0,3,55.0
7617,MN,2018,334.0,3,326.0
7617,OQ,2018,238.0,3,207.0
7617,RU,2018,212.0,3,188.0
7622,BE,2018,144.0,3,94.0
7622,FZ,2018,179.0,3,170.0
7622,GI,2018,370.0,3,368.0
7622,JZ,2018,38.0,3,18.0
7622,KZ,2018,28.0,3,20.0
7622,LZ,2018,46.0,3,24.0
7622,MN,2018,209.0,3,161.0
7622,OQ,2018,157.0,3,162.0
7622,RU,2018,124.0,3,129.0
8402,BE,2018,155.0,3,122.0
8402,FZ,2018,184.0,3,181.0
8402,GI,2018,520.0,3,459.0
8402,JZ,2018,33.0,3,33.0
8402,KZ,2018,25.0,3,28.0
8402,LZ,2018,40.0,3,28.0
8402,MN,2018,207.0,3,209.0
8402,OQ,2018,181.0,3,171.0
8402,RU,2018,195.0,3,158.0
8407,BE,2018,153.0,3,127.0
8407,FZ,2018,333.0,3,329.0
8407,GI,2018,829.0,3,679.0
8407,JZ,2018,121.0,3,89.0
8407,KZ,2018,80.0,3,73.0
8407,LZ,2018,187.0,3,158.0
8407,MN,2018,692.0,3,607.0
8407,OQ,2018,404.0,3,375.0
8407,RU,2018,301.0,3,299.0
8412,BE,2018,54.0,3,61.0
8412,FZ,2018,84.0,3,63.0
8412,GI,2018,228.0,3,211.0
8412,JZ,2018,14.0,3,15.0
8412,KZ,2018,29.0,3,25.0
8412,LZ,2018,38.0,3,44.0
8412,MN,2018,129.0,3,106.0
8412,OQ,2018,128.0,3,100.0
8412,RU,2018,80.0,3,77.0
8417,BE,2018,69.0,3,59.0
8417,FZ,2018,95.0,3,76.0
8417,GI,2018,211.0,3,220.0
8417,JZ,2018,14.0,3,10.0
8417,KZ,2018,24.0,3,21.0
8417,LZ,2018,22.0,3,16.0
8417,MN,2018,91.0,3,91.0
8417,OQ,2018,54.0,3,49.0
8417,RU,2018,89.0,3,77.0
8422,BE,2018,130.0,3,100.0
8422,FZ,2018,167.0,3,140.0
8422,GI,2018,317.0,3,322.0
8422,JZ,2018,24.0,3,22.0
8422,KZ,2018,33.0,3,20.0
8422,LZ,2018,73.0,3,44.0
8422,MN,2018,188.0,3,173.0
8422,OQ,2018,153.0,3,169.0
8422,RU,2018,141.0,3,122.0
8427,BE,2018,87.0,3,96.0
8427,FZ,2018,130.0,3,140.0
8427,GI,2018,312.0,3,311.0
8427,JZ,2018,20.0,3,24.0
8427,KZ,2018,31.0,3,38.0
8427,LZ,2018,54.0,3,42.0
8427,MN,2018,168.0,3,158.0
8427,OQ,2018,150.0,3,123.0
8427,RU,2018,122.0,3,128.0
8432,BE,2018,96.0,3,69.0
8432,FZ,2018,112.0,3,126.0
8432,GI,2018,396.0,3,371.0
8432,JZ,2018,26.0,3,21.0
8432,KZ,2018,30.0,3,27.0
8432,LZ,2018,33.0,3,34.0
8432,MN,2018,189.0,3,177.0
8432,OQ,2018,137.0,3,134.0
8432,RU,2018,102.0,3,110.0
9302,BE,2018,29.0,3,39.0
9302,FZ,2018,49.0,3,45.0
9302,GI,2018,145.0,3,124.0
9302,JZ,2018,17.0,3,12.0
9302,KZ,2018,6.0,3,9.0
9302,LZ,2018,50.0,3,16.0
9302,MN,2018,88.0,3,89.0
9302,OQ,2018,139.0,3,113.0
9302,RU,2018,72.0,3,81.0
9307,BE,2018,63.0,3,67.0
9307,FZ,2018,101.0,3,92.0
9307,GI,2018,302.0,3,312.0
9307,JZ,2018,24.0,3,12.0
9307,KZ,2018,16.0,3,10.0
9307,LZ,2018,24.0,3,26.0
9307,MN,2018,148.0,3,93.0
9307,OQ,2018,115.0,3,127.0
9307,RU,2018,90.0,3,95.0
9312,BE,2018,591.0,3,652.0
9312,FZ,2018,2069.0,3,1925.0
9312,GI,2018,6962.0,3,5324.0
9312,JZ,2018,847.0,3,653.0
9312,KZ,2018,488.0,3,485.0
9312,LZ,2018,647.0,3,486.0
9312,MN,2018,4061.0,3,3438.0
9312,OQ,2018,2402.0,3,2033.0
9312,RU,2018,1758.0,3,1531.0
9317,BE,2018,34.0,3,55.0
9317,FZ,2018,185.0,3,132.0
9317,GI,2018,475.0,3,461.0
9317,JZ,2018,20.0,3,11.0
9317,KZ,2018,25.0,3,32.0
9317,LZ,2018,99.0,3,90.0
9317,MN,2018,323.0,3,267.0
9317,OQ,2018,92.0,3,63.0
9317,RU,2018,163.0,3,101.0
0055,BE,2018,72.0,4,60.0
0055,FZ,2018,101.0,4,95.0
0055,GI,2018,254.0,4,237.0
0055,JZ,2018,9.0,4,14.0
0055,KZ,2018,23.0,4,14.0
0055,LZ,2018,27.0,4,18.0
0055,MN,2018,156.0,4,109.0
0055,OQ,2018,82.0,4,74.0
0055,RU,2018,125.0,4,75.0
0060,BE,2018,95.0,4,76.0
0060,FZ,2018,96.0,4,105.0
0060,GI,2018,380.0,4,418.0
0060,JZ,2018,28.0,4,26.0
0060,KZ,2018,31.0,4,29.0
0060,LZ,2018,43.0,4,35.0
0060,MN,2018,157.0,4,134.0
0060,OQ,2018,135.0,4,102.0
0060,RU,2018,133.0,4,101.0
1101,BE,2018,240.0,4,223.0
1101,FZ,2018,702.0,4,585.0
1101,GI,2018,3014.0,4,2232.0
1101,JZ,2018,485.0,4,444.0
1101,KZ,2018,202.0,4,164.0
1101,LZ,2018,284.0,4,233.0
1101,MN,2018,2007.0,4,1562.0
1101,OQ,2018,760.0,4,739.0
1101,RU,2018,687.0,4,568.0
1106,BE,2018,184.0,4,160.0
1106,FZ,2018,519.0,4,614.0
1106,GI,2018,2155.0,4,1879.0
1106,JZ,2018,396.0,4,289.0
1106,KZ,2018,162.0,4,146.0
1106,LZ,2018,143.0,4,150.0
1106,MN,2018,1445.0,4,1189.0
1106,OQ,2018,580.0,4,528.0
1106,RU,2018,565.0,4,484.0
1111,BE,2018,39.0,4,30.0
1111,FZ,2018,81.0,4,71.0
1111,GI,2018,210.0,4,220.0
1111,JZ,2018,67.0,4,62.0
1111,KZ,2018,23.0,4,13.0
1111,LZ,2018,58.0,4,47.0
1111,MN,2018,264.0,4,211.0
1111,OQ,2018,120.0,4,92.0
1111,RU,2018,84.0,4,87.0
2401,BE,2018,71.0,4,76.0
2401,FZ,2018,154.0,4,153.0
2401,GI,2018,562.0,4,494.0
2401,JZ,2018,32.0,4,44.0
2401,KZ,2018,55.0,4,38.0
2401,LZ,2018,64.0,4,68.0
2401,MN,2018,247.0,4,225.0
2401,OQ,2018,156.0,4,157.0
2401,RU,2018,149.0,4,144.0
2406,BE,2018,25.0,4,30.0
2406,FZ,2018,23.0,4,24.0
2406,GI,2018,120.0,4,107.0
2406,JZ,2018,8.0,4,8.0
2406,KZ,2018,11.0,4,11.0
2406,LZ,2018,31.0,4,23.0
2406,MN,2018,52.0,4,52.0
2406,OQ,2018,27.0,4,40.0
2406,RU,2018,39.0,4,29.0
2411,BE,2018,31.0,4,29.0
2411,FZ,2018,74.0,4,67.0
2411,GI,2018,225.0,4,183.0
2411,JZ,2018,9.0,4,7.0
2411,KZ,2018,15.0,4,15.0
2411,LZ,2018,9.0,4,5.0
2411,MN,2018,92.0,4,70.0
2411,OQ,2018,30.0,4,46.0
2411,RU,2018,60.0,4,50.0
2701,BE,2018,25.0,4,15.0
2701,FZ,2018,30.0,4,17.0
2701,GI,2018,101.0,4,104.0
2701,JZ,2018,9.0,4,5.0
2701,KZ,2018,9.0,4,10.0
2701,LZ,2018,16.0,4,8.0
2701,MN,2018,46.0,4,43.0
2701,OQ,2018,41.0,4,36.0
2701,RU,2018,44.0,4,23.0
2706,BE,2018,189.0,4,162.0
2706,FZ,2018,271.0,4,242.0
2706,GI,2018,1074.0,4,924.0
2706,JZ,2018,87.0,4,82.0
2706,KZ,2018,90.0,4,79.0
2706,LZ,2018,146.0,4,125.0
2706,MN,2018,506.0,4,433.0
2706,OQ,2018,405.0,4,376.0
2706,RU,2018,306.0,4,247.0
2711,BE,2018,176.0,4,144.0
2711,FZ,2018,383.0,4,334.0
2711,GI,2018,1616.0,4,1368.0
2711,JZ,2018,144.0,4,112.0
2711,KZ,2018,133.0,4,111.0
2711,LZ,2018,134.0,4,125.0
2711,MN,2018,767.0,4,700.0
2711,OQ,2018,504.0,4,507.0
2711,RU,2018,417.0,4,360.0
2716,BE,2018,48.0,4,39.0
2716,FZ,2018,49.0,4,55.0
2716,GI,2018,159.0,4,127.0
2716,JZ,2018,10.0,4,6.0
2716,KZ,2018,11.0,4,8.0
2716,LZ,2018,24.0,4,20.0
2716,MN,2018,60.0,4,63.0
2716,OQ,2018,65.0,4,64.0
2716,RU,2018,41.0,4,35.0
2803,BE,2018,31.0,4,26.0
2803,FZ,2018,57.0,4,59.0
2803,GI,2018,218.0,4,186.0
2803,JZ,2018,16.0,4,16.0
2803,KZ,2018,13.0,4,18.0
2803,LZ,2018,18.0,4,17.0
2803,MN,2018,71.0,4,60.0
2803,OQ,2018,44.0,4,25.0
2803,RU,2018,65.0,4,42.0
2808,BE,2018,81.0,4,62.0
2808,FZ,2018,182.0,4,197.0
2808,GI,2018,573.0,4,518.0
2808,JZ,2018,53.0,4,43.0
2808,KZ,2018,56.0,4,65.0
2808,LZ,2018,74.0,4,74.0
2808,MN,2018,254.0,4,266.0
2808,OQ,2018,154.0,4,147.0
2808,RU,2018,172.0,4,148.0
2813,BE,2018,87.0,4,84.0
2813,FZ,2018,170.0,4,129.0
2813,GI,2018,988.0,4,663.0
2813,JZ,2018,62.0,4,72.0
2813,KZ,2018,86.0,4,57.0
2813,LZ,2018,168.0,4,113.0
2813,MN,2018,427.0,4,368.0
2813,OQ,2018,252.0,4,263.0
2813,RU,2018,270.0,4,188.0
2818,BE,2018,19.0,4,15.0
2818,FZ,2018,32.0,4,25.0
2818,GI,2018,99.0,4,80.0
2818,JZ,2018,3.0,4,5.0
2818,KZ,2018,7.0,4,7.0
2818,LZ,2018,7.0,4,8.0
2818,MN,2018,32.0,4,34.0
2818,OQ,2018,33.0,4,36.0
2818,RU,2018,29.0,4,21.0
3204,BE,2018,59.0,4,78.0
3204,FZ,2018,92.0,4,91.0
3204,GI,2018,358.0,4,322.0
3204,JZ,2018,21.0,4,9.0
3204,KZ,2018,42.0,4,34.0
3204,LZ,2018,39.0,4,53.0
3204,MN,2018,182.0,4,148.0
3204,OQ,2018,93.0,4,114.0
3204,RU,2018,88.0,4,89.0
3209,BE,2018,24.0,4,33.0
3209,FZ,2018,69.0,4,58.0
3209,GI,2018,182.0,4,169.0
3209,JZ,2018,22.0,4,8.0
3209,KZ,2018,17.0,4,15.0
3209,LZ,2018,40.0,4,40.0
3209,MN,2018,109.0,4,85.0
3209,OQ,2018,71.0,4,55.0
3209,RU,2018,49.0,4,72.0
3214,BE,2018,53.0,4,70.0
3214,FZ,2018,71.0,4,61.0
3214,GI,2018,245.0,4,205.0
3214,JZ,2018,18.0,4,7.0
3214,KZ,2018,31.0,4,27.0
3214,LZ,2018,9.0,4,17.0
3214,MN,2018,110.0,4,124.0
3214,OQ,2018,66.0,4,59.0
3214,RU,2018,70.0,4,64.0
3219,BE,2018,60.0,4,60.0
3219,FZ,2018,111.0,4,84.0
3219,GI,2018,445.0,4,370.0
3219,JZ,2018,26.0,4,27.0
3219,KZ,2018,38.0,4,29.0
3219,LZ,2018,34.0,4,28.0
3219,MN,2018,163.0,4,128.0
3219,OQ,2018,116.0,4,120.0
3219,RU,2018,105.0,4,83.0
4402,BE,2018,63.0,4,63.0
4402,FZ,2018,67.0,4,54.0
4402,GI,2018,331.0,4,297.0
4402,JZ,2018,17.0,4,13.0
4402,KZ,2018,32.0,4,35.0
4402,LZ,2018,16.0,4,17.0
4402,MN,2018,134.0,4,128.0
4402,OQ,2018,79.0,4,83.0
4402,RU,2018,84.0,4,81.0
4407,BE,2018,100.0,4,128.0
4407,FZ,2018,158.0,4,144.0
4407,GI,2018,510.0,4,478.0
4407,JZ,2018,39.0,4,26.0
4407,KZ,2018,42.0,4,49.0
4407,LZ,2018,71.0,4,43.0
4407,MN,2018,228.0,4,187.0
4407,OQ,2018,120.0,4,135.0
4407,RU,2018,156.0,4,132.0
4412,BE,2018,252.0,4,237.0
4412,FZ,2018,448.0,4,382.0
4412,GI,2018,2078.0,4,1403.0
4412,JZ,2018,174.0,4,208.0
4412,KZ,2018,193.0,4,172.0
4412,LZ,2018,130.0,4,116.0
4412,MN,2018,885.0,4,748.0
4412,OQ,2018,703.0,4,713.0
4412,RU,2018,460.0,4,394.0
4417,BE,2018,39.0,4,51.0
4417,FZ,2018,94.0,4,82.0
4417,GI,2018,290.0,4,223.0
4417,JZ,2018,21.0,4,16.0
4417,KZ,2018,10.0,4,24.0
4417,LZ,2018,27.0,4,14.0
4417,MN,2018,88.0,4,79.0
4417,OQ,2018,53.0,4,63.0
4417,RU,2018,75.0,4,62.0
4422,BE,2018,55.0,4,43.0
4422,FZ,2018,88.0,4,80.0
4422,GI,2018,264.0,4,274.0
4422,JZ,2018,28.0,4,9.0
4422,KZ,2018,22.0,4,19.0
4422,LZ,2018,34.0,4,32.0
4422,MN,2018,106.0,4,129.0
4422,OQ,2018,96.0,4,110.0
4422,RU,2018,87.0,4,79.0
4427,BE,2018,72.0,4,71.0
4427,FZ,2018,92.0,4,83.0
4427,GI,2018,305.0,4,270.0
4427,JZ,2018,16.0,4,8.0
4427,KZ,2018,23.0,4,22.0
4427,LZ,2018,26.0,4,22.0
4427,MN,2018,89.0,4,63.0
4427,OQ,2018,60.0,4,68.0
4427,RU,2018,79.0,4,68.0
5205,BE,2018,39.0,4,41.0
5205,FZ,2018,58.0,4,59.0
5205,GI,2018,149.0,4,120.0
5205,JZ,2018,9.0,4,14.0
5205,KZ,2018,10.0,4,16.0
5205,LZ,2018,26.0,4,15.0
5205,MN,2018,35.0,4,60.0
5205,OQ,2018,33.0,4,42.0
5205,RU,2018,41.0,4,31.0
5210,BE,2018,129.0,4,123.0
5210,FZ,2018,133.0,4,126.0
5210,GI,2018,449.0,4,426.0
5210,JZ,2018,31.0,4,38.0
5210,KZ,2018,64.0,4,59.0
5210,LZ,2018,91.0,4,79.0
5210,MN,2018,262.0,4,270.0
5210,OQ,2018,150.0,4,174.0
5210,RU,2018,178.0,4,147.0
5215,BE,2018,36.0,4,35.0
5215,FZ,2018,34.0,4,39.0
5215,GI,2018,178.0,4,148.0
5215,JZ,2018,10.0,4,7.0
5215,KZ,2018,22.0,4,27.0
5215,LZ,2018,15.0,4,12.0
5215,MN,2018,80.0,4,75.0
5215,OQ,2018,53.0,4,39.0
5215,RU,2018,32.0,4,52.0
5220,BE,2018,68.0,4,43.0
5220,FZ,2018,54.0,4,66.0
5220,GI,2018,221.0,4,232.0
5220,JZ,2018,13.0,4,13.0
5220,KZ,2018,16.0,4,29.0
5220,LZ,2018,28.0,4,30.0
5220,MN,2018,106.0,4,109.0
5220,OQ,2018,78.0,4,111.0
5220,RU,2018,81.0,4,77.0
5304,BE,2018,48.0,4,43.0
5304,FZ,2018,87.0,4,70.0
5304,GI,2018,237.0,4,225.0
5304,JZ,2018,22.0,4,12.0
5304,KZ,2018,35.0,4,32.0
5304,LZ,2018,33.0,4,33.0
5304,MN,2018,138.0,4,102.0
5304,OQ,2018,93.0,4,82.0
5304,RU,2018,106.0,4,85.0
5309,BE,2018,122.0,4,95.0
5309,FZ,2018,251.0,4,189.0
5309,GI,2018,541.0,4,512.0
5309,JZ,2018,66.0,4,58.0
5309,KZ,2018,71.0,4,58.0
5309,LZ,2018,110.0,4,94.0
5309,MN,2018,356.0,4,315.0
5309,OQ,2018,235.0,4,249.0
5309,RU,2018,209.0,4,200.0
5314,BE,2018,42.0,4,34.0
5314,FZ,2018,32.0,4,44.0
5314,GI,2018,99.0,4,130.0
5314,JZ,2018,13.0,4,8.0
5314,KZ,2018,13.0,4,12.0
5314,LZ,2018,18.0,4,13.0
5314,MN,2018,80.0,4,60.0
5314,OQ,2018,58.0,4,50.0
5314,RU,2018,67.0,4,54.0
5319,BE,2018,55.0,4,43.0
5319,FZ,2018,47.0,4,42.0
5319,GI,2018,209.0,4,163.0
5319,JZ,2018,23.0,4,25.0
5319,KZ,2018,50.0,4,47.0
5319,LZ,2018,37.0,4,21.0
5319,MN,2018,112.0,4,97.0
5319,OQ,2018,69.0,4,74.0
5319,RU,2018,58.0,4,68.0
7505,BE,2018,768.0,4,645.0
7505,FZ,2018,2139.0,4,1946.0
7505,GI,2018,7005.0,4,5855.0
7505,JZ,2018,959.0,4,793.0
7505,KZ,2018,713.0,4,616.0
7505,LZ,2018,645.0,4,656.0
7505,MN,2018,4777.0,4,4021.0
7505,OQ,2018,2412.0,4,2253.0
7505,RU,2018,2055.0,4,1736.0
7510,BE,2018,161.0,4,185.0
7510,FZ,2018,210.0,4,194.0
7510,GI,2018,599.0,4,510.0
7510,JZ,2018,46.0,4,39.0
7510,KZ,2018,40.0,4,45.0
7510,LZ,2018,126.0,4,82.0
7510,MN,2018,336.0,4,311.0
7510,OQ,2018,267.0,4,227.0
7510,RU,2018,228.0,4,190.0
7515,BE,2018,44.0,4,72.0
7515,FZ,2018,116.0,4,115.0
7515,GI,2018,316.0,4,314.0
7515,JZ,2018,14.0,4,19.0
7515,KZ,2018,13.0,4,24.0
7515,LZ,2018,21.0,4,16.0
7515,MN,2018,121.0,4,121.0
7515,OQ,2018,81.0,4,67.0
7515,RU,2018,116.0,4,76.0
7520,BE,2018,137.0,4,122.0
7520,FZ,2018,158.0,4,155.0
7520,GI,2018,523.0,4,498.0
7520,JZ,2018,70.0,4,53.0
7520,KZ,2018,60.0,4,57.0
7520,LZ,2018,86.0,4,74.0
7520,MN,2018,295.0,4,260.0
7520,OQ,2018,208.0,4,176.0
7520,RU,2018,194.0,4,127.0
7525,BE,2018,51.0,4,51.0
7525,FZ,2018,88.0,4,73.0
7525,GI,2018,283.0,4,231.0
7525,JZ,2018,16.0,4,21.0
7525,KZ,2018,15.0,4,14.0
7525,LZ,2018,18.0,4,19.0
7525,MN,2018,118.0,4,95.0
7525,OQ,2018,103.0,4,76.0
7525,RU,2018,101.0,4,82.0
7530,BE,2018,35.0,4,63.0
7530,FZ,2018,45.0,4,35.0
7530,GI,2018,159.0,4,157.0
7530,JZ,2018,4.0,4,7.0
7530,KZ,2018,22.0,4,18.0
7530,LZ,2018,26.0,4,22.0
7530,MN,2018,56.0,4,54.0
7530,OQ,2018,46.0,4,43.0
7530,RU,2018,38.0,4,37.0
7603,BE,2018,148.0,4,142.0
7603,FZ,2018,274.0,4,272.0
7603,GI,2018,644.0,4,597.0
7603,JZ,2018,45.0,4,33.0
7603,KZ,2018,49.0,4,53.0
7603,LZ,2018,28.0,4,30.0
7603,MN,2018,301.0,4,271.0
7603,OQ,2018,211.0,4,223.0
7603,RU,2018,244.0,4,198.0
7608,BE,2018,168.0,4,143.0
7608,FZ,2018,264.0,4,246.0
7608,GI,2018,624.0,4,656.0
7608,JZ,2018,56.0,4,46.0
7608,KZ,2018,43.0,4,48.0
7608,LZ,2018,101.0,4,63.0
7608,MN,2018,321.0,4,285.0
7608,OQ,2018,262.0,4,225.0
7608,RU,2018,268.0,4,219.0
7613,BE,2018,75.0,4,85.0
7613,FZ,2018,42.0,4,39.0
7613,GI,2018,181.0,4,160.0
7613,JZ,2018,12.0,4,8.0
7613,KZ,2018,11.0,4,9.0
7613,LZ,2018,11.0,4,13.0
7613,MN,2018,78.0,4,62.0
7613,OQ,2018,77.0,4,80.0
7613,RU,2018,49.0,4,53.0
7618,BE,2018,282.0,4,237.0
7618,FZ,2018,664.0,4,611.0
7618,GI,2018,1713.0,4,1314.0
7618,JZ,2018,144.0,4,112.0
7618,KZ,2018,147.0,4,140.0
7618,LZ,2018,112.0,4,99.0
7618,MN,2018,870.0,4,759.0
7618,OQ,2018,541.0,4,505.0
7618,RU,2018,481.0,4,412.0
7623,BE,2018,61.0,4,58.0
7623,FZ,2018,140.0,4,152.0
7623,GI,2018,421.0,4,422.0
7623,JZ,2018,37.0,4,30.0
7623,KZ,2018,27.0,4,33.0
7623,LZ,2018,75.0,4,59.0
7623,MN,2018,240.0,4,195.0
7623,OQ,2018,174.0,4,150.0
7623,RU,2018,144.0,4,124.0
8403,BE,2018,79.0,4,105.0
8403,FZ,2018,57.0,4,38.0
8403,GI,2018,169.0,4,168.0
8403,JZ,2018,11.0,4,12.0
8403,KZ,2018,14.0,4,18.0
8403,LZ,2018,25.0,4,23.0
8403,MN,2018,76.0,4,95.0
8403,OQ,2018,76.0,4,65.0
8403,RU,2018,55.0,4,53.0
8408,BE,2018,219.0,4,185.0
8408,FZ,2018,453.0,4,426.0
8408,GI,2018,1601.0,4,1226.0
8408,JZ,2018,177.0,4,153.0
8408,KZ,2018,168.0,4,136.0
8408,LZ,2018,173.0,4,193.0
8408,MN,2018,883.0,4,836.0
8408,OQ,2018,692.0,4,610.0
8408,RU,2018,532.0,4,449.0
8413,BE,2018,72.0,4,63.0
8413,FZ,2018,214.0,4,191.0
8413,GI,2018,627.0,4,534.0
8413,JZ,2018,29.0,4,22.0
8413,KZ,2018,35.0,4,49.0
8413,LZ,2018,129.0,4,127.0
8413,MN,2018,384.0,4,299.0
8413,OQ,2018,451.0,4,441.0
8413,RU,2018,217.0,4,180.0
8418,BE,2018,39.0,4,44.0
8418,FZ,2018,109.0,4,99.0
8418,GI,2018,251.0,4,264.0
8418,JZ,2018,31.0,4,18.0
8418,KZ,2018,13.0,4,24.0
8418,LZ,2018,77.0,4,72.0
8418,MN,2018,288.0,4,259.0
8418,OQ,2018,206.0,4,186.0
8418,RU,2018,166.0,4,152.0
8423,BE,2018,126.0,4,112.0
8423,FZ,2018,78.0,4,67.0
8423,GI,2018,290.0,4,258.0
8423,JZ,2018,18.0,4,8.0
8423,KZ,2018,28.0,4,19.0
8423,LZ,2018,26.0,4,36.0
8423,MN,2018,116.0,4,114.0
8423,OQ,2018,105.0,4,91.0
8423,RU,2018,80.0,4,86.0
8428,BE,2018,234.0,4,249.0
8428,FZ,2018,703.0,4,615.0
8428,GI,2018,1764.0,4,1472.0
8428,JZ,2018,162.0,4,136.0
8428,KZ,2018,209.0,4,191.0
8428,LZ,2018,257.0,4,232.0
8428,MN,2018,916.0,4,806.0
8428,OQ,2018,661.0,4,700.0
8428,RU,2018,474.0,4,424.0
8433,BE,2018,170.0,4,148.0
8433,FZ,2018,388.0,4,342.0
8433,GI,2018,705.0,4,676.0
8433,JZ,2018,65.0,4,55.0
8433,KZ,2018,61.0,4,47.0
8433,LZ,2018,81.0,4,77.0
8433,MN,2018,401.0,4,359.0
8433,OQ,2018,267.0,4,274.0
8433,RU,2018,218.0,4,202.0
9303,BE,2018,78.0,4,94.0
9303,FZ,2018,290.0,4,267.0
9303,GI,2018,673.0,4,572.0
9303,JZ,2018,49.0,4,37.0
9303,KZ,2018,38.0,4,42.0
9303,LZ,2018,76.0,4,39.0
9303,MN,2018,353.0,4,306.0
9303,OQ,2018,189.0,4,165.0
9303,RU,2018,222.0,4,192.0
9308,BE,2018,77.0,4,79.0
9308,FZ,2018,287.0,4,301.0
9308,GI,2018,554.0,4,520.0
9308,JZ,2018,32.0,4,22.0
9308,KZ,2018,28.0,4,19.0
9308,LZ,2018,48.0,4,56.0
9308,MN,2018,307.0,4,234.0
9308,OQ,2018,146.0,4,135.0
9308,RU,2018,179.0,4,164.0
9313,BE,2018,186.0,4,154.0
9313,FZ,2018,405.0,4,386.0
9313,GI,2018,1241.0,4,1250.0
9313,JZ,2018,107.0,4,94.0
9313,KZ,2018,94.0,4,71.0
9313,LZ,2018,87.0,4,91.0
9313,MN,2018,632.0,4,543.0
9313,OQ,2018,434.0,4,358.0
9313,RU,2018,390.0,4,319.0
9318,BE,2018,339.0,4,322.0
9318,FZ,2018,1084.0,4,1034.0
9318,GI,2018,2532.0,4,2213.0
9318,JZ,2018,222.0,4,221.0
9318,KZ,2018,208.0,4,190.0
9318,LZ,2018,427.0,4,319.0
9318,MN,2018,1568.0,4,1380.0
9318,OQ,2018,1018.0,4,863.0
9318,RU,2018,869.0,4,776.0
0051,BE,2019,71.0,0,56.0
0051,FZ,2019,114.0,0,91.0
0051,GI,2019,326.0,0,273.0
0051,JZ,2019,27.0,0,14.0
0051,KZ,2019,35.0,0,32.0
0051,LZ,2019,41.0,0,31.0
0051,MN,2019,150.0,0,130.0
0051,OQ,2019,97.0,0,99.0
0051,RU,2019,116.0,0,108.0
0056,BE,2019,80.0,0,55.0
0056,FZ,2019,69.0,0,51.0
0056,GI,2019,205.0,0,181.0
0056,JZ,2019,17.0,0,6.0
0056,KZ,2019,18.0,0,10.0
0056,LZ,2019,31.0,0,23.0
0056,MN,2019,120.0,0,86.0
0056,OQ,2019,38.0,0,53.0
0056,RU,2019,54.0,0,52.0
0061,BE,2019,45.0,0,22.0
0061,FZ,2019,74.0,0,40.0
0061,GI,2019,158.0,0,180.0
0061,JZ,2019,27.0,0,16.0
0061,KZ,2019,12.0,0,12.0
0061,LZ,2019,23.0,0,18.0
0061,MN,2019,95.0,0,77.0
0061,OQ,2019,47.0,0,55.0
0061,RU,2019,65.0,0,54.0
1102,BE,2019,54.0,0,40.0
1102,FZ,2019,116.0,0,73.0
1102,GI,2019,296.0,0,274.0
1102,JZ,2019,29.0,0,24.0
1102,KZ,2019,20.0,0,11.0
1102,LZ,2019,27.0,0,19.0
1102,MN,2019,179.0,0,140.0
1102,OQ,2019,80.0,0,80.0
1102,RU,2019,98.0,0,85.0
1107,BE,2019,144.0,0,78.0
1107,FZ,2019,283.0,0,271.0
1107,GI,2019,1053.0,0,863.0
1107,JZ,2019,105.0,0,98.0
1107,KZ,2019,56.0,0,65.0
1107,LZ,2019,76.0,0,57.0
1107,MN,2019,606.0,0,468.0
1107,OQ,2019,201.0,0,183.0
1107,RU,2019,304.0,0,246.0
1112,BE,2019,346.0,0,274.0
1112,FZ,2019,1928.0,0,1581.0
1112,GI,2019,6870.0,0,6145.0
1112,JZ,2019,728.0,0,577.0
1112,KZ,2019,267.0,0,237.0
1112,LZ,2019,378.0,0,299.0
1112,MN,2019,3206.0,0,2509.0
1112,OQ,2019,1078.0,0,851.0
1112,RU,2019,1040.0,0,837.0
2402,BE,2019,151.0,0,117.0
2402,FZ,2019,146.0,0,109.0
2402,GI,2019,606.0,0,511.0
2402,JZ,2019,56.0,0,40.0
2402,KZ,2019,48.0,0,40.0
2402,LZ,2019,65.0,0,41.0
2402,MN,2019,256.0,0,218.0
2402,OQ,2019,155.0,0,134.0
2402,RU,2019,202.0,0,184.0
2407,BE,2019,60.0,0,35.0
2407,FZ,2019,67.0,0,80.0
2407,GI,2019,194.0,0,208.0
2407,JZ,2019,10.0,0,4.0
2407,KZ,2019,12.0,0,11.0
2407,LZ,2019,14.0,0,16.0
2407,MN,2019,107.0,0,72.0
2407,OQ,2019,46.0,0,50.0
2407,RU,2019,63.0,0,48.0
2412,BE,2019,56.0,0,54.0
2412,FZ,2019,101.0,0,81.0
2412,GI,2019,263.0,0,252.0
2412,JZ,2019,26.0,0,11.0
2412,KZ,2019,11.0,0,17.0
2412,LZ,2019,46.0,0,29.0
2412,MN,2019,151.0,0,133.0
2412,OQ,2019,69.0,0,73.0
2412,RU,2019,80.0,0,72.0
2702,BE,2019,121.0,0,97.0
2702,FZ,2019,175.0,0,132.0
2702,GI,2019,636.0,0,605.0
2702,JZ,2019,70.0,0,39.0
2702,KZ,2019,51.0,0,46.0
2702,LZ,2019,79.0,0,78.0
2702,MN,2019,288.0,0,245.0
2702,OQ,2019,162.0,0,153.0
2702,RU,2019,211.0,0,152.0
2707,BE,2019,138.0,0,79.0
2707,FZ,2019,134.0,0,108.0
2707,GI,2019,534.0,0,437.0
2707,JZ,2019,39.0,0,31.0
2707,KZ,2019,56.0,0,40.0
2707,LZ,2019,33.0,0,60.0
2707,MN,2019,273.0,0,226.0
2707,OQ,2019,166.0,0,154.0
2707,RU,2019,171.0,0,146.0
2712,BE,2019,82.0,0,56.0
2712,FZ,2019,124.0,0,89.0
2712,GI,2019,296.0,0,280.0
2712,JZ,2019,21.0,0,20.0
2712,KZ,2019,22.0,0,19.0
2712,LZ,2019,38.0,0,31.0
2712,MN,2019,102.0,0,92.0
2712,OQ,2019,77.0,0,68.0
2712,RU,2019,101.0,0,84.0
2717,BE,2019,64.0,0,61.0
2717,FZ,2019,129.0,0,105.0
2717,GI,2019,374.0,0,379.0
2717,JZ,2019,44.0,0,21.0
2717,KZ,2019,25.0,0,35.0
2717,LZ,2019,68.0,0,66.0
2717,MN,2019,192.0,0,179.0
2717,OQ,2019,103.0,0,88.0
2717,RU,2019,125.0,0,90.0
2804,BE,2019,332.0,0,230.0
2804,FZ,2019,623.0,0,507.0
2804,GI,2019,2297.0,0,2078.0
2804,JZ,2019,240.0,0,212.0
2804,KZ,2019,257.0,0,214.0
2804,LZ,2019,225.0,0,167.0
2804,MN,2019,1191.0,0,987.0
2804,OQ,2019,652.0,0,628.0
2804,RU,2019,696.0,0,576.0
2809,BE,2019,36.0,0,29.0
2809,FZ,2019,77.0,0,59.0
2809,GI,2019,230.0,0,207.0
2809,JZ,2019,12.0,0,15.0
2809,KZ,2019,16.0,0,24.0
2809,LZ,2019,19.0,0,13.0
2809,MN,2019,107.0,0,82.0
2809,OQ,2019,63.0,0,52.0
2809,RU,2019,66.0,0,62.0
2814,BE,2019,52.0,0,35.0
2814,FZ,2019,115.0,0,78.0
2814,GI,2019,249.0,0,229.0
2814,JZ,2019,29.0,0,13.0
2814,KZ,2019,27.0,0,18.0
2814,LZ,2019,24.0,0,17.0
2814,MN,2019,137.0,0,92.0
2814,OQ,2019,46.0,0,59.0
2814,RU,2019,109.0,0,81.0
2819,BE,2019,78.0,0,44.0
2819,FZ,2019,80.0,0,68.0
2819,GI,2019,262.0,0,266.0
2819,JZ,2019,28.0,0,17.0
2819,KZ,2019,31.0,0,28.0
2819,LZ,2019,31.0,0,25.0
2819,MN,2019,128.0,0,108.0
2819,OQ,2019,85.0,0,79.0
2819,RU,2019,103.0,0,90.0
3205,BE,2019,109.0,0,83.0
3205,FZ,2019,197.0,0,170.0
3205,GI,2019,705.0,0,683.0
3205,JZ,2019,53.0,0,41.0
3205,KZ,2019,54.0,0,41.0
3205,LZ,2019,62.0,0,48.0
3205,MN,2019,243.0,0,245.0
3205,OQ,2019,209.0,0,201.0
3205,RU,2019,226.0,0,208.0
3210,BE,2019,113.0,0,54.0
3210,FZ,2019,177.0,0,138.0
3210,GI,2019,667.0,0,622.0
3210,JZ,2019,68.0,0,62.0
3210,KZ,2019,56.0,0,58.0
3210,LZ,2019,45.0,0,46.0
3210,MN,2019,357.0,0,327.0
3210,OQ,2019,179.0,0,163.0
3210,RU,2019,197.0,0,163.0
3215,BE,2019,174.0,0,102.0
3215,FZ,2019,295.0,0,265.0
3215,GI,2019,1224.0,0,1073.0
3215,JZ,2019,106.0,0,58.0
3215,KZ,2019,64.0,0,47.0
3215,LZ,2019,56.0,0,34.0
3215,MN,2019,433.0,0,351.0
3215,OQ,2019,275.0,0,269.0
3215,RU,2019,341.0,0,256.0
3220,BE,2019,111.0,0,101.0
3220,FZ,2019,206.0,0,180.0
3220,GI,2019,772.0,0,671.0
3220,JZ,2019,42.0,0,35.0
3220,KZ,2019,51.0,0,45.0
3220,LZ,2019,31.0,0,42.0
3220,MN,2019,281.0,0,261.0
3220,OQ,2019,162.0,0,161.0
3220,RU,2019,197.0,0,156.0
4403,BE,2019,84.0,0,52.0
4403,FZ,2019,183.0,0,113.0
4403,GI,2019,463.0,0,474.0
4403,JZ,2019,38.0,0,28.0
4403,KZ,2019,33.0,0,22.0
4403,LZ,2019,41.0,0,36.0
4403,MN,2019,172.0,0,134.0
4403,OQ,2019,140.0,0,128.0
4403,RU,2019,158.0,0,94.0
4408,BE,2019,59.0,0,22.0
4408,FZ,2019,114.0,0,95.0
4408,GI,2019,310.0,0,338.0
4408,JZ,2019,16.0,0,14.0
4408,KZ,2019,12.0,0,17.0
4408,LZ,2019,14.0,0,13.0
4408,MN,2019,138.0,0,95.0
4408,OQ,2019,83.0,0,79.0
4408,RU,2019,88.0,0,76.0
4413,BE,2019,176.0,0,151.0
4413,FZ,2019,363.0,0,290.0
4413,GI,2019,1416.0,0,1358.0
4413,JZ,2019,140.0,0,120.0
4413,KZ,2019,167.0,0,148.0
4413,LZ,2019,219.0,0,144.0
4413,MN,2019,804.0,0,673.0
4413,OQ,2019,478.0,0,450.0
4413,RU,2019,401.0,0,311.0
4418,BE,2019,53.0,0,35.0
4418,FZ,2019,75.0,0,53.0
4418,GI,2019,298.0,0,264.0
4418,JZ,2019,31.0,0,19.0
4418,KZ,2019,24.0,0,17.0
4418,LZ,2019,19.0,0,15.0
4418,MN,2019,133.0,0,95.0
4418,OQ,2019,85.0,0,104.0
4418,RU,2019,119.0,0,85.0
4423,BE,2019,379.0,0,316.0
4423,FZ,2019,840.0,0,693.0
4423,GI,2019,3092.0,0,2879.0
4423,JZ,2019,468.0,0,406.0
4423,KZ,2019,343.0,0,308.0
4423,LZ,2019,441.0,0,413.0
4423,MN,2019,2176.0,0,1861.0
4423,OQ,2019,1296.0,0,1147.0
4423,RU,2019,959.0,0,841.0
5201,BE,2019,104.0,0,83.0
5201,FZ,2019,118.0,0,96.0
5201,GI,2019,220.0,0,218.0
5201,JZ,2019,28.0,0,17.0
5201,KZ,2019,30.0,0,16.0
5201,LZ,2019,53.0,0,32.0
5201,MN,2019,183.0,0,142.0
5201,OQ,2019,101.0,0,107.0
5201,RU,2019,114.0,0,96.0
5206,BE,2019,128.0,0,106.0
5206,FZ,2019,171.0,0,152.0
5206,GI,2019,503.0,0,414.0
5206,JZ,2019,52.0,0,30.0
5206,KZ,2019,68.0,0,60.0
5206,LZ,2019,83.0,0,67.0
5206,MN,2019,289.0,0,248.0
5206,OQ,2019,161.0,0,142.0
5206,RU,2019,175.0,0,123.0
5211,BE,2019,99.0,0,76.0
5211,FZ,2019,109.0,0,83.0
5211,GI,2019,518.0,0,450.0
5211,JZ,2019,62.0,0,42.0
5211,KZ,2019,72.0,0,73.0
5211,LZ,2019,51.0,0,49.0
5211,MN,2019,307.0,0,325.0
5211,OQ,2019,139.0,0,121.0
5211,RU,2019,131.0,0,119.0
5216,BE,2019,624.0,0,475.0
5216,FZ,2019,1098.0,0,890.0
5216,GI,2019,3399.0,0,3127.0
5216,JZ,2019,883.0,0,637.0
5216,KZ,2019,497.0,0,463.0
5216,LZ,2019,800.0,0,691.0
5216,MN,2019,3461.0,0,2654.0
5216,OQ,2019,1749.0,0,1487.0
5216,RU,2019,1481.0,0,1192.0
5221,BE,2019,37.0,0,41.0
5221,FZ,2019,43.0,0,36.0
5221,GI,2019,146.0,0,126.0
5221,JZ,2019,10.0,0,13.0
5221,KZ,2019,12.0,0,13.0
5221,LZ,2019,20.0,0,16.0
5221,MN,2019,71.0,0,52.0
5221,OQ,2019,37.0,0,34.0
5221,RU,2019,56.0,0,46.0
5305,BE,2019,51.0,0,34.0
5305,FZ,2019,41.0,0,40.0
5305,GI,2019,157.0,0,141.0
5305,JZ,2019,26.0,0,15.0
5305,KZ,2019,22.0,0,22.0
5305,LZ,2019,35.0,0,17.0
5305,MN,2019,92.0,0,76.0
5305,OQ,2019,59.0,0,51.0
5305,RU,2019,79.0,0,50.0
5310,BE,2019,100.0,0,63.0
5310,FZ,2019,71.0,0,82.0
5310,GI,2019,318.0,0,283.0
5310,JZ,2019,27.0,0,22.0
5310,KZ,2019,36.0,0,34.0
5310,LZ,2019,53.0,0,34.0
5310,MN,2019,202.0,0,155.0
5310,OQ,2019,117.0,0,89.0
5310,RU,2019,119.0,0,100.0
5315,BE,2019,447.0,0,311.0
5315,FZ,2019,636.0,0,566.0
5315,GI,2019,2264.0,0,2221.0
5315,JZ,2019,535.0,0,416.0
5315,KZ,2019,486.0,0,417.0
5315,LZ,2019,400.0,0,340.0
5315,MN,2019,1981.0,0,1633.0
5315,OQ,2019,1144.0,0,1012.0
5315,RU,2019,920.0,0,815.0
7501,BE,2019,140.0,0,95.0
7501,FZ,2019,139.0,0,103.0
7501,GI,2019,501.0,0,486.0
7501,JZ,2019,27.0,0,30.0
7501,KZ,2019,94.0,0,54.0
7501,LZ,2019,69.0,0,56.0
7501,MN,2019,305.0,0,261.0
7501,OQ,2019,154.0,0,165.0
7501,RU,2019,185.0,0,152.0
7506,BE,2019,93.0,0,67.0
7506,FZ,2019,62.0,0,63.0
7506,GI,2019,288.0,0,265.0
7506,JZ,2019,24.0,0,32.0
7506,KZ,2019,39.0,0,56.0
7506,LZ,2019,53.0,0,53.0
7506,MN,2019,141.0,0,141.0
7506,OQ,2019,73.0,0,71.0
7506,RU,2019,92.0,0,78.0
7511,BE,2019,259.0,0,175.0
7511,FZ,2019,98.0,0,100.0
7511,GI,2019,268.0,0,240.0
7511,JZ,2019,21.0,0,22.0
7511,KZ,2019,24.0,0,22.0
7511,LZ,2019,32.0,0,23.0
7511,MN,2019,173.0,0,135.0
7511,OQ,2019,95.0,0,106.0
7511,RU,2019,109.0,0,103.0
7516,BE,2019,128.0,0,113.0
7516,FZ,2019,305.0,0,270.0
7516,GI,2019,587.0,0,586.0
7516,JZ,2019,36.0,0,42.0
7516,KZ,2019,73.0,0,42.0
7516,LZ,2019,101.0,0,96.0
7516,MN,2019,366.0,0,282.0
7516,OQ,2019,148.0,0,181.0
7516,RU,2019,283.0,0,189.0
7521,BE,2019,63.0,0,58.0
7521,FZ,2019,52.0,0,50.0
7521,GI,2019,180.0,0,158.0
7521,JZ,2019,17.0,0,9.0
7521,KZ,2019,9.0,0,10.0
7521,LZ,2019,42.0,0,32.0
7521,MN,2019,103.0,0,97.0
7521,OQ,2019,92.0,0,105.0
7521,RU,2019,79.0,0,78.0
7526,BE,2019,114.0,0,82.0
7526,FZ,2019,179.0,0,171.0
7526,GI,2019,581.0,0,549.0
7526,JZ,2019,48.0,0,33.0
7526,KZ,2019,65.0,0,42.0
7526,LZ,2019,130.0,0,114.0
7526,MN,2019,304.0,0,248.0
7526,OQ,2019,152.0,0,150.0
7526,RU,2019,206.0,0,182.0
7531,BE,2019,117.0,0,78.0
7531,FZ,2019,83.0,0,50.0
7531,GI,2019,205.0,0,193.0
7531,JZ,2019,18.0,0,16.0
7531,KZ,2019,12.0,0,9.0
7531,LZ,2019,21.0,0,39.0
7531,MN,2019,117.0,0,101.0
7531,OQ,2019,86.0,0,89.0
7531,RU,2019,88.0,0,75.0
7604,BE,2019,270.0,0,203.0
7604,FZ,2019,205.0,0,178.0
7604,GI,2019,493.0,0,453.0
7604,JZ,2019,57.0,0,48.0
7604,KZ,2019,50.0,0,41.0
7604,LZ,2019,86.0,0,89.0
7604,MN,2019,272.0,0,254.0
7604,OQ,2019,198.0,0,191.0
7604,RU,2019,204.0,0,183.0
7609,BE,2019,88.0,0,63.0
7609,FZ,2019,90.0,0,81.0
7609,GI,2019,234.0,0,193.0
7609,JZ,2019,13.0,0,8.0
7609,KZ,2019,12.0,0,10.0
7609,LZ,2019,12.0,0,12.0
7609,MN,2019,124.0,0,90.0
7609,OQ,2019,86.0,0,73.0
7609,RU,2019,85.0,0,98.0
7614,BE,2019,130.0,0,87.0
7614,FZ,2019,71.0,0,59.0
7614,GI,2019,202.0,0,173.0
7614,JZ,2019,11.0,0,17.0
7614,KZ,2019,15.0,0,21.0
7614,LZ,2019,23.0,0,17.0
7614,MN,2019,101.0,0,72.0
7614,OQ,2019,82.0,0,81.0
7614,RU,2019,106.0,0,80.0
7619,BE,2019,96.0,0,60.0
7619,FZ,2019,51.0,0,47.0
7619,GI,2019,172.0,0,163.0
7619,JZ,2019,14.0,0,10.0
7619,KZ,2019,10.0,0,10.0
7619,LZ,2019,9.0,0,10.0
7619,MN,2019,99.0,0,68.0
7619,OQ,2019,47.0,0,48.0
7619,RU,2019,71.0,0,63.0
7624,BE,2019,210.0,0,161.0
7624,FZ,2019,323.0,0,260.0
7624,GI,2019,862.0,0,686.0
7624,JZ,2019,40.0,0,59.0
7624,KZ,2019,93.0,0,47.0
7624,LZ,2019,165.0,0,101.0
7624,MN,2019,404.0,0,371.0
7624,OQ,2019,369.0,0,342.0
7624,RU,2019,378.0,0,273.0
8404,BE,2019,57.0,0,43.0
8404,FZ,2019,71.0,0,62.0
8404,GI,2019,182.0,0,166.0
8404,JZ,2019,16.0,0,10.0
8404,KZ,2019,11.0,0,11.0
8404,LZ,2019,28.0,0,17.0
8404,MN,2019,93.0,0,69.0
8404,OQ,2019,66.0,0,62.0
8404,RU,2019,80.0,0,60.0
8409,BE,2019,462.0,0,290.0
8409,FZ,2019,983.0,0,769.0
8409,GI,2019,2719.0,0,2463.0
8409,JZ,2019,417.0,0,363.0
8409,KZ,2019,191.0,0,189.0
8409,LZ,2019,406.0,0,363.0
8409,MN,2019,1997.0,0,1752.0
8409,OQ,2019,1145.0,0,1019.0
8409,RU,2019,939.0,0,761.0
8414,BE,2019,63.0,0,46.0
8414,FZ,2019,117.0,0,105.0
8414,GI,2019,314.0,0,249.0
8414,JZ,2019,29.0,0,16.0
8414,KZ,2019,29.0,0,28.0
8414,LZ,2019,61.0,0,48.0
8414,MN,2019,213.0,0,159.0
8414,OQ,2019,145.0,0,142.0
8414,RU,2019,131.0,0,116.0
8419,BE,2019,100.0,0,121.0
8419,FZ,2019,114.0,0,96.0
8419,GI,2019,311.0,0,260.0
8419,JZ,2019,37.0,0,24.0
8419,KZ,2019,33.0,0,30.0
8419,LZ,2019,45.0,0,38.0
8419,MN,2019,149.0,0,155.0
8419,OQ,2019,147.0,0,96.0
8419,RU,2019,129.0,0,93.0
8424,BE,2019,152.0,0,141.0
8424,FZ,2019,55.0,0,66.0
8424,GI,2019,219.0,0,205.0
8424,JZ,2019,27.0,0,12.0
8424,KZ,2019,16.0,0,16.0
8424,LZ,2019,20.0,0,17.0
8424,MN,2019,113.0,0,95.0
8424,OQ,2019,82.0,0,73.0
8424,RU,2019,82.0,0,67.0
8429,BE,2019,64.0,0,28.0
8429,FZ,2019,19.0,0,23.0
8429,GI,2019,92.0,0,90.0
8429,JZ,2019,2.0,0,5.0
8429,KZ,2019,7.0,0,7.0
8429,LZ,2019,12.0,0,10.0
8429,MN,2019,36.0,0,34.0
8429,OQ,2019,30.0,0,31.0
8429,RU,2019,30.0,0,17.0
8434,BE,2019,142.0,0,99.0
8434,FZ,2019,291.0,0,247.0
8434,GI,2019,764.0,0,676.0
8434,JZ,2019,84.0,0,74.0
8434,KZ,2019,63.0,0,52.0
8434,LZ,2019,91.0,0,69.0
8434,MN,2019,470.0,0,423.0
8434,OQ,2019,231.0,0,228.0
8434,RU,2019,235.0,0,180.0
9304,BE,2019,407.0,0,333.0
9304,FZ,2019,1033.0,0,981.0
9304,GI,2019,2609.0,0,2465.0
9304,JZ,2019,471.0,0,373.0
9304,KZ,2019,268.0,0,227.0
9304,LZ,2019,811.0,0,756.0
9304,MN,2019,2392.0,0,2075.0
9304,OQ,2019,959.0,0,919.0
9304,RU,2019,996.0,0,877.0
9309,BE,2019,87.0,0,70.0
9309,FZ,2019,318.0,0,276.0
9309,GI,2019,738.0,0,650.0
9309,JZ,2019,65.0,0,46.0
9309,KZ,2019,66.0,0,82.0
9309,LZ,2019,98.0,0,91.0
9309,MN,2019,510.0,0,395.0
9309,OQ,2019,237.0,0,243.0
9309,RU,2019,279.0,0,232.0
9314,BE,2019,34.0,0,30.0
9314,FZ,2019,123.0,0,112.0
9314,GI,2019,358.0,0,271.0
9314,JZ,2019,35.0,0,35.0
9314,KZ,2019,33.0,0,29.0
9314,LZ,2019,120.0,0,131.0
9314,MN,2019,299.0,0,222.0
9314,OQ,2019,144.0,0,126.0
9314,RU,2019,144.0,0,122.0
0052,BE,2019,152.0,1,146.0
0052,FZ,2019,216.0,1,189.0
0052,GI,2019,698.0,1,597.0
0052,JZ,2019,52.0,1,33.0
0052,KZ,2019,53.0,1,41.0
0052,LZ,2019,87.0,1,70.0
0052,MN,2019,399.0,1,341.0
0052,OQ,2019,181.0,1,194.0
0052,RU,2019,242.0,1,177.0
0057,BE,2019,85.0,1,60.0
0057,FZ,2019,171.0,1,124.0
0057,GI,2019,519.0,1,470.0
0057,JZ,2019,44.0,1,44.0
0057,KZ,2019,50.0,1,36.0
0057,LZ,2019,48.0,1,46.0
0057,MN,2019,278.0,1,203.0
0057,OQ,2019,112.0,1,113.0
0057,RU,2019,159.0,1,127.0
0062,BE,2019,61.0,1,41.0
0062,FZ,2019,74.0,1,70.0
0062,GI,2019,174.0,1,173.0
0062,JZ,2019,16.0,1,21.0
0062,KZ,2019,19.0,1,11.0
0062,LZ,2019,37.0,1,25.0
0062,MN,2019,103.0,1,93.0
0062,OQ,2019,75.0,1,61.0
0062,RU,2019,106.0,1,106.0
1103,BE,2019,57.0,1,33.0
1103,FZ,2019,146.0,1,113.0
1103,GI,2019,448.0,1,365.0
1103,JZ,2019,70.0,1,46.0
1103,KZ,2019,28.0,1,24.0
1103,LZ,2019,61.0,1,53.0
1103,MN,2019,303.0,1,260.0
1103,OQ,2019,132.0,1,96.0
1103,RU,2019,151.0,1,132.0
1108,BE,2019,100.0,1,74.0
1108,FZ,2019,298.0,1,247.0
1108,GI,2019,989.0,1,812.0
1108,JZ,2019,134.0,1,91.0
1108,KZ,2019,49.0,1,54.0
1108,LZ,2019,67.0,1,60.0
1108,MN,2019,593.0,1,448.0
1108,OQ,2019,215.0,1,205.0
1108,RU,2019,287.0,1,215.0
1113,BE,2019,241.0,1,162.0
1113,FZ,2019,683.0,1,486.0
1113,GI,2019,2856.0,1,2291.0
1113,JZ,2019,530.0,1,501.0
1113,KZ,2019,169.0,1,119.0
1113,LZ,2019,239.0,1,225.0
1113,MN,2019,2013.0,1,1675.0
1113,OQ,2019,768.0,1,631.0
1113,RU,2019,685.0,1,579.0
2403,BE,2019,125.0,1,93.0
2403,FZ,2019,183.0,1,187.0
2403,GI,2019,669.0,1,616.0
2403,JZ,2019,78.0,1,67.0
2403,KZ,2019,73.0,1,59.0
2403,LZ,2019,93.0,1,94.0
2403,MN,2019,429.0,1,351.0
2403,OQ,2019,210.0,1,199.0
2403,RU,2019,224.0,1,198.0
2408,BE,2019,72.0,1,57.0
2408,FZ,2019,65.0,1,55.0
2408,GI,2019,161.0,1,137.0
2408,JZ,2019,14.0,1,3.0
2408,KZ,2019,13.0,1,16.0
2408,LZ,2019,39.0,1,20.0
2408,MN,2019,72.0,1,69.0
2408,OQ,2019,37.0,1,34.0
2408,RU,2019,51.0,1,50.0
2413,BE,2019,288.0,1,241.0
2413,FZ,2019,530.0,1,421.0
2413,GI,2019,1903.0,1,1888.0
2413,JZ,2019,278.0,1,234.0
2413,KZ,2019,159.0,1,175.0
2413,LZ,2019,423.0,1,313.0
2413,MN,2019,1221.0,1,998.0
2413,OQ,2019,765.0,1,716.0
2413,RU,2019,644.0,1,602.0
2703,BE,2019,55.0,1,39.0
2703,FZ,2019,33.0,1,45.0
2703,GI,2019,156.0,1,152.0
2703,JZ,2019,11.0,1,10.0
2703,KZ,2019,6.0,1,8.0
2703,LZ,2019,19.0,1,18.0
2703,MN,2019,63.0,1,43.0
2703,OQ,2019,33.0,1,30.0
2703,RU,2019,40.0,1,65.0
2708,BE,2019,140.0,1,89.0
2708,FZ,2019,64.0,1,46.0
2708,GI,2019,246.0,1,209.0
2708,JZ,2019,27.0,1,19.0
2708,KZ,2019,17.0,1,17.0
2708,LZ,2019,26.0,1,32.0
2708,MN,2019,93.0,1,112.0
2708,OQ,2019,83.0,1,59.0
2708,RU,2019,89.0,1,50.0
2713,BE,2019,139.0,1,110.0
2713,FZ,2019,151.0,1,144.0
2713,GI,2019,483.0,1,435.0
2713,JZ,2019,28.0,1,28.0
2713,KZ,2019,42.0,1,55.0
2713,LZ,2019,69.0,1,88.0
2713,MN,2019,210.0,1,184.0
2713,OQ,2019,127.0,1,143.0
2713,RU,2019,171.0,1,167.0
2718,BE,2019,103.0,1,77.0
2718,FZ,2019,115.0,1,95.0
2718,GI,2019,364.0,1,351.0
2718,JZ,2019,26.0,1,17.0
2718,KZ,2019,27.0,1,16.0
2718,LZ,2019,41.0,1,28.0
2718,MN,2019,148.0,1,112.0
2718,OQ,2019,83.0,1,103.0
2718,RU,2019,93.0,1,75.0
2805,BE,2019,87.0,1,89.0
2805,FZ,2019,72.0,1,62.0
2805,GI,2019,468.0,1,410.0
2805,JZ,2019,44.0,1,30.0
2805,KZ,2019,43.0,1,42.0
2805,LZ,2019,30.0,1,39.0
2805,MN,2019,190.0,1,192.0
2805,OQ,2019,163.0,1,153.0
2805,RU,2019,137.0,1,105.0
2810,BE,2019,31.0,1,23.0
2810,FZ,2019,41.0,1,30.0
2810,GI,2019,159.0,1,157.0
2810,JZ,2019,18.0,1,13.0
2810,KZ,2019,25.0,1,27.0
2810,LZ,2019,32.0,1,30.0
2810,MN,2019,104.0,1,66.0
2810,OQ,2019,55.0,1,58.0
2810,RU,2019,72.0,1,42.0
2815,BE,2019,331.0,1,263.0
2815,FZ,2019,674.0,1,636.0
2815,GI,2019,2700.0,1,2585.0
2815,JZ,2019,308.0,1,254.0
2815,KZ,2019,305.0,1,240.0
2815,LZ,2019,221.0,1,209.0
2815,MN,2019,1536.0,1,1291.0
2815,OQ,2019,816.0,1,750.0
2815,RU,2019,735.0,1,680.0
3201,BE,2019,49.0,1,41.0
3201,FZ,2019,186.0,1,162.0
3201,GI,2019,254.0,1,293.0
3201,JZ,2019,17.0,1,5.0
3201,KZ,2019,17.0,1,26.0
3201,LZ,2019,54.0,1,26.0
3201,MN,2019,98.0,1,100.0
3201,OQ,2019,48.0,1,63.0
3201,RU,2019,100.0,1,68.0
3206,BE,2019,87.0,1,59.0
3206,FZ,2019,110.0,1,94.0
3206,GI,2019,558.0,1,363.0
3206,JZ,2019,34.0,1,33.0
3206,KZ,2019,43.0,1,36.0
3206,LZ,2019,50.0,1,33.0
3206,MN,2019,204.0,1,180.0
3206,OQ,2019,132.0,1,119.0
3206,RU,2019,120.0,1,116.0
3211,BE,2019,140.0,1,119.0
3211,FZ,2019,269.0,1,241.0
3211,GI,2019,1180.0,1,1063.0
3211,JZ,2019,123.0,1,100.0
3211,KZ,2019,92.0,1,67.0
3211,LZ,2019,111.0,1,101.0
3211,MN,2019,695.0,1,602.0
3211,OQ,2019,271.0,1,252.0
3211,RU,2019,325.0,1,313.0
3216,BE,2019,515.0,1,372.0
3216,FZ,2019,860.0,1,724.0
3216,GI,2019,4993.0,1,4234.0
3216,JZ,2019,851.0,1,757.0
3216,KZ,2019,461.0,1,409.0
3216,LZ,2019,488.0,1,391.0
3216,MN,2019,3343.0,1,2814.0
3216,OQ,2019,1698.0,1,1550.0
3216,RU,2019,1188.0,1,1089.0
3221,BE,2019,95.0,1,71.0
3221,FZ,2019,127.0,1,160.0
3221,GI,2019,429.0,1,434.0
3221,JZ,2019,45.0,1,37.0
3221,KZ,2019,46.0,1,40.0
3221,LZ,2019,60.0,1,55.0
3221,MN,2019,258.0,1,219.0
3221,OQ,2019,123.0,1,130.0
3221,RU,2019,157.0,1,123.0
4404,BE,2019,108.0,1,77.0
4404,FZ,2019,76.0,1,70.0
4404,GI,2019,356.0,1,330.0
4404,JZ,2019,16.0,1,19.0
4404,KZ,2019,38.0,1,30.0
4404,LZ,2019,26.0,1,31.0
4404,MN,2019,143.0,1,113.0
4404,OQ,2019,73.0,1,90.0
4404,RU,2019,91.0,1,83.0
4409,BE,2019,128.0,1,90.0
4409,FZ,2019,229.0,1,190.0
4409,GI,2019,662.0,1,617.0
4409,JZ,2019,62.0,1,51.0
4409,KZ,2019,67.0,1,45.0
4409,LZ,2019,84.0,1,73.0
4409,MN,2019,329.0,1,283.0
4409,OQ,2019,250.0,1,250.0
4409,RU,2019,232.0,1,197.0
4414,BE,2019,64.0,1,52.0
4414,FZ,2019,94.0,1,72.0
4414,GI,2019,276.0,1,264.0
4414,JZ,2019,26.0,1,17.0
4414,KZ,2019,30.0,1,20.0
4414,LZ,2019,48.0,1,32.0
4414,MN,2019,133.0,1,124.0
4414,OQ,2019,90.0,1,64.0
4414,RU,2019,87.0,1,66.0
4419,BE,2019,73.0,1,61.0
4419,FZ,2019,86.0,1,81.0
4419,GI,2019,334.0,1,307.0
4419,JZ,2019,28.0,1,21.0
4419,KZ,2019,25.0,1,12.0
4419,LZ,2019,14.0,1,23.0
4419,MN,2019,120.0,1,102.0
4419,OQ,2019,107.0,1,97.0
4419,RU,2019,102.0,1,84.0
4424,BE,2019,134.0,1,105.0
4424,FZ,2019,219.0,1,220.0
4424,GI,2019,897.0,1,863.0
4424,JZ,2019,69.0,1,56.0
4424,KZ,2019,53.0,1,48.0
4424,LZ,2019,63.0,1,54.0
4424,MN,2019,349.0,1,298.0
4424,OQ,2019,265.0,1,231.0
4424,RU,2019,338.0,1,264.0
5202,BE,2019,239.0,1,170.0
5202,FZ,2019,368.0,1,271.0
5202,GI,2019,1419.0,1,1379.0
5202,JZ,2019,162.0,1,135.0
5202,KZ,2019,166.0,1,151.0
5202,LZ,2019,188.0,1,158.0
5202,MN,2019,952.0,1,802.0
5202,OQ,2019,654.0,1,497.0
5202,RU,2019,496.0,1,404.0
5207,BE,2019,159.0,1,115.0
5207,FZ,2019,76.0,1,58.0
5207,GI,2019,360.0,1,328.0
5207,JZ,2019,26.0,1,9.0
5207,KZ,2019,25.0,1,22.0
5207,LZ,2019,57.0,1,40.0
5207,MN,2019,175.0,1,136.0
5207,OQ,2019,90.0,1,92.0
5207,RU,2019,137.0,1,96.0
5212,BE,2019,243.0,1,150.0
5212,FZ,2019,263.0,1,208.0
5212,GI,2019,1003.0,1,975.0
5212,JZ,2019,95.0,1,90.0
5212,KZ,2019,118.0,1,109.0
5212,LZ,2019,166.0,1,124.0
5212,MN,2019,591.0,1,500.0
5212,OQ,2019,361.0,1,333.0
5212,RU,2019,362.0,1,310.0
5217,BE,2019,78.0,1,40.0
5217,FZ,2019,84.0,1,72.0
5217,GI,2019,233.0,1,228.0
5217,JZ,2019,27.0,1,25.0
5217,KZ,2019,34.0,1,25.0
5217,LZ,2019,65.0,1,55.0
5217,MN,2019,178.0,1,117.0
5217,OQ,2019,105.0,1,91.0
5217,RU,2019,116.0,1,78.0
5301,BE,2019,91.0,1,74.0
5301,FZ,2019,105.0,1,106.0
5301,GI,2019,283.0,1,280.0
5301,JZ,2019,42.0,1,27.0
5301,KZ,2019,46.0,1,34.0
5301,LZ,2019,61.0,1,76.0
5301,MN,2019,224.0,1,201.0
5301,OQ,2019,143.0,1,141.0
5301,RU,2019,149.0,1,149.0
5306,BE,2019,32.0,1,19.0
5306,FZ,2019,37.0,1,32.0
5306,GI,2019,138.0,1,156.0
5306,JZ,2019,12.0,1,10.0
5306,KZ,2019,9.0,1,11.0
5306,LZ,2019,14.0,1,14.0
5306,MN,2019,66.0,1,59.0
5306,OQ,2019,42.0,1,43.0
5306,RU,2019,58.0,1,45.0
5311,BE,2019,67.0,1,56.0
5311,FZ,2019,65.0,1,45.0
5311,GI,2019,180.0,1,182.0
5311,JZ,2019,16.0,1,15.0
5311,KZ,2019,25.0,1,17.0
5311,LZ,2019,23.0,1,17.0
5311,MN,2019,103.0,1,85.0
5311,OQ,2019,61.0,1,72.0
5311,RU,2019,90.0,1,89.0
5316,BE,2019,112.0,1,91.0
5316,FZ,2019,273.0,1,225.0
5316,GI,2019,510.0,1,436.0
5316,JZ,2019,56.0,1,55.0
5316,KZ,2019,65.0,1,70.0
5316,LZ,2019,64.0,1,40.0
5316,MN,2019,302.0,1,292.0
5316,OQ,2019,166.0,1,168.0
5316,RU,2019,208.0,1,161.0
7502,BE,2019,228.0,1,182.0
7502,FZ,2019,231.0,1,240.0
7502,GI,2019,773.0,1,687.0
7502,JZ,2019,89.0,1,77.0
7502,KZ,2019,83.0,1,84.0
7502,LZ,2019,74.0,1,66.0
7502,MN,2019,438.0,1,348.0
7502,OQ,2019,273.0,1,250.0
7502,RU,2019,321.0,1,265.0
7507,BE,2019,128.0,1,105.0
7507,FZ,2019,172.0,1,127.0
7507,GI,2019,502.0,1,376.0
7507,JZ,2019,34.0,1,33.0
7507,KZ,2019,45.0,1,56.0
7507,LZ,2019,63.0,1,74.0
7507,MN,2019,253.0,1,213.0
7507,OQ,2019,160.0,1,167.0
7507,RU,2019,166.0,1,147.0
7512,BE,2019,264.0,1,189.0
7512,FZ,2019,395.0,1,346.0
7512,GI,2019,1110.0,1,1164.0
7512,JZ,2019,123.0,1,114.0
7512,KZ,2019,147.0,1,121.0
7512,LZ,2019,236.0,1,121.0
7512,MN,2019,817.0,1,715.0
7512,OQ,2019,453.0,1,410.0
7512,RU,2019,470.0,1,373.0
7517,BE,2019,246.0,1,181.0
7517,FZ,2019,270.0,1,251.0
7517,GI,2019,1012.0,1,984.0
7517,JZ,2019,95.0,1,94.0
7517,KZ,2019,74.0,1,83.0
7517,LZ,2019,74.0,1,64.0
7517,MN,2019,537.0,1,425.0
7517,OQ,2019,407.0,1,349.0
7517,RU,2019,369.0,1,342.0
7522,BE,2019,243.0,1,204.0
7522,FZ,2019,330.0,1,315.0
7522,GI,2019,1214.0,1,1040.0
7522,JZ,2019,111.0,1,94.0
7522,KZ,2019,134.0,1,84.0
7522,LZ,2019,248.0,1,183.0
7522,MN,2019,730.0,1,600.0
7522,OQ,2019,463.0,1,524.0
7522,RU,2019,482.0,1,368.0
7527,BE,2019,122.0,1,120.0
7527,FZ,2019,78.0,1,70.0
7527,GI,2019,277.0,1,253.0
7527,JZ,2019,20.0,1,14.0
7527,KZ,2019,11.0,1,17.0
7527,LZ,2019,19.0,1,27.0
7527,MN,2019,152.0,1,113.0
7527,OQ,2019,106.0,1,69.0
7527,RU,2019,113.0,1,73.0
7532,BE,2019,115.0,1,96.0
7532,FZ,2019,105.0,1,88.0
7532,GI,2019,272.0,1,258.0
7532,JZ,2019,15.0,1,11.0
7532,KZ,2019,35.0,1,29.0
7532,LZ,2019,47.0,1,18.0
7532,MN,2019,177.0,1,131.0
7532,OQ,2019,97.0,1,91.0
7532,RU,2019,116.0,1,79.0
7605,BE,2019,67.0,1,36.0
7605,FZ,2019,92.0,1,96.0
7605,GI,2019,242.0,1,229.0
7605,JZ,2019,16.0,1,20.0
7605,KZ,2019,26.0,1,11.0
7605,LZ,2019,22.0,1,10.0
7605,MN,2019,156.0,1,91.0
7605,OQ,2019,98.0,1,69.0
7605,RU,2019,110.0,1,79.0
7610,BE,2019,208.0,1,131.0
7610,FZ,2019,155.0,1,140.0
7610,GI,2019,538.0,1,442.0
7610,JZ,2019,62.0,1,37.0
7610,KZ,2019,44.0,1,31.0
7610,LZ,2019,47.0,1,40.0
7610,MN,2019,283.0,1,242.0
7610,OQ,2019,200.0,1,213.0
7610,RU,2019,218.0,1,177.0
7615,BE,2019,237.0,1,145.0
7615,FZ,2019,318.0,1,273.0
7615,GI,2019,790.0,1,685.0
7615,JZ,2019,74.0,1,63.0
7615,KZ,2019,54.0,1,46.0
7615,LZ,2019,68.0,1,44.0
7615,MN,2019,400.0,1,363.0
7615,OQ,2019,233.0,1,216.0
7615,RU,2019,299.0,1,214.0
7620,BE,2019,421.0,1,316.0
7620,FZ,2019,864.0,1,786.0
7620,GI,2019,2214.0,1,2066.0
7620,JZ,2019,169.0,1,154.0
7620,KZ,2019,156.0,1,138.0
7620,LZ,2019,625.0,1,456.0
7620,MN,2019,1177.0,1,987.0
7620,OQ,2019,675.0,1,746.0
7620,RU,2019,760.0,1,705.0
7625,BE,2019,939.0,1,664.0
7625,FZ,2019,2192.0,1,1904.0
7625,GI,2019,7698.0,1,6578.0
7625,JZ,2019,1251.0,1,952.0
7625,KZ,2019,580.0,1,461.0
7625,LZ,2019,571.0,1,512.0
7625,MN,2019,5218.0,1,4047.0
7625,OQ,2019,2853.0,1,2495.0
7625,RU,2019,2116.0,1,1856.0
8405,BE,2019,212.0,1,113.0
8405,FZ,2019,402.0,1,301.0
8405,GI,2019,1008.0,1,853.0
8405,JZ,2019,91.0,1,67.0
8405,KZ,2019,75.0,1,64.0
8405,LZ,2019,148.0,1,89.0
8405,MN,2019,576.0,1,435.0
8405,OQ,2019,305.0,1,281.0
8405,RU,2019,321.0,1,261.0
8410,BE,2019,75.0,1,53.0
8410,FZ,2019,75.0,1,66.0
8410,GI,2019,207.0,1,235.0
8410,JZ,2019,22.0,1,15.0
8410,KZ,2019,16.0,1,27.0
8410,LZ,2019,39.0,1,27.0
8410,MN,2019,99.0,1,105.0
8410,OQ,2019,81.0,1,86.0
8410,RU,2019,86.0,1,85.0
8415,BE,2019,82.0,1,53.0
8415,FZ,2019,163.0,1,158.0
8415,GI,2019,441.0,1,387.0
8415,JZ,2019,47.0,1,31.0
8415,KZ,2019,26.0,1,30.0
8415,LZ,2019,79.0,1,101.0
8415,MN,2019,366.0,1,260.0
8415,OQ,2019,235.0,1,225.0
8415,RU,2019,273.0,1,205.0
8420,BE,2019,91.0,1,74.0
8420,FZ,2019,80.0,1,86.0
8420,GI,2019,177.0,1,211.0
8420,JZ,2019,17.0,1,20.0
8420,KZ,2019,20.0,1,26.0
8420,LZ,2019,54.0,1,36.0
8420,MN,2019,134.0,1,100.0
8420,OQ,2019,88.0,1,74.0
8420,RU,2019,78.0,1,85.0
8425,BE,2019,54.0,1,50.0
8425,FZ,2019,93.0,1,56.0
8425,GI,2019,194.0,1,175.0
8425,JZ,2019,14.0,1,8.0
8425,KZ,2019,23.0,1,10.0
8425,LZ,2019,19.0,1,16.0
8425,MN,2019,93.0,1,82.0
8425,OQ,2019,50.0,1,51.0
8425,RU,2019,72.0,1,49.0
8430,BE,2019,46.0,1,31.0
8430,FZ,2019,59.0,1,57.0
8430,GI,2019,169.0,1,186.0
8430,JZ,2019,22.0,1,12.0
8430,KZ,2019,16.0,1,8.0
8430,LZ,2019,17.0,1,9.0
8430,MN,2019,118.0,1,78.0
8430,OQ,2019,55.0,1,58.0
8430,RU,2019,63.0,1,51.0
8435,BE,2019,205.0,1,143.0
8435,FZ,2019,354.0,1,318.0
8435,GI,2019,650.0,1,563.0
8435,JZ,2019,90.0,1,56.0
8435,KZ,2019,53.0,1,40.0
8435,LZ,2019,129.0,1,114.0
8435,MN,2019,479.0,1,419.0
8435,OQ,2019,281.0,1,246.0
8435,RU,2019,280.0,1,233.0
9305,BE,2019,129.0,1,69.0
9305,FZ,2019,201.0,1,165.0
9305,GI,2019,404.0,1,401.0
9305,JZ,2019,32.0,1,26.0
9305,KZ,2019,38.0,1,37.0
9305,LZ,2019,54.0,1,44.0
9305,MN,2019,300.0,1,261.0
9305,OQ,2019,146.0,1,147.0
9305,RU,2019,171.0,1,122.0
9310,BE,2019,172.0,1,140.0
9310,FZ,2019,149.0,1,150.0
9310,GI,2019,380.0,1,351.0
9310,JZ,2019,45.0,1,31.0
9310,KZ,2019,42.0,1,37.0
9310,LZ,2019,64.0,1,41.0
9310,MN,2019,242.0,1,196.0
9310,OQ,2019,229.0,1,232.0
9310,RU,2019,199.0,1,176.0
9315,BE,2019,326.0,1,270.0
9315,FZ,2019,1526.0,1,1363.0
9315,GI,2019,4083.0,1,3716.0
9315,JZ,2019,496.0,1,439.0
9315,KZ,2019,299.0,1,279.0
9315,LZ,2019,544.0,1,568.0
9315,MN,2019,3156.0,1,2606.0
9315,OQ,2019,1368.0,1,1339.0
9315,RU,2019,1249.0,1,1087.0
0053,BE,2019,282.0,2,163.0
0053,FZ,2019,647.0,2,571.0
0053,GI,2019,1580.0,2,1398.0
0053,JZ,2019,132.0,2,118.0
0053,KZ,2019,128.0,2,125.0
0053,LZ,2019,158.0,2,107.0
0053,MN,2019,915.0,2,825.0
0053,OQ,2019,424.0,2,448.0
0053,RU,2019,499.0,2,414.0
0058,BE,2019,45.0,2,35.0
0058,FZ,2019,46.0,2,33.0
0058,GI,2019,200.0,2,169.0
0058,JZ,2019,9.0,2,5.0
0058,KZ,2019,20.0,2,7.0
0058,LZ,2019,23.0,2,20.0
0058,MN,2019,76.0,2,73.0
0058,OQ,2019,30.0,2,41.0
0058,RU,2019,64.0,2,50.0
0063,BE,2019,132.0,2,76.0
0063,FZ,2019,52.0,2,50.0
0063,GI,2019,199.0,2,184.0
0063,JZ,2019,14.0,2,17.0
0063,KZ,2019,12.0,2,17.0
0063,LZ,2019,23.0,2,29.0
0063,MN,2019,89.0,2,76.0
0063,OQ,2019,71.0,2,66.0
0063,RU,2019,57.0,2,57.0
1104,BE,2019,243.0,2,173.0
1104,FZ,2019,930.0,2,723.0
1104,GI,2019,3439.0,2,2761.0
1104,JZ,2019,509.0,2,372.0
1104,KZ,2019,170.0,2,112.0
1104,LZ,2019,243.0,2,234.0
1104,MN,2019,1912.0,2,1702.0
1104,OQ,2019,755.0,2,616.0
1104,RU,2019,774.0,2,628.0
1109,BE,2019,4429.0,2,3265.0
1109,FZ,2019,10649.0,2,9191.0
1109,GI,2019,52773.0,2,49340.0
1109,JZ,2019,14380.0,2,12718.0
1109,KZ,2019,6768.0,2,5849.0
1109,LZ,2019,5709.0,2,4918.0
1109,MN,2019,58220.0,2,51215.0
1109,OQ,2019,15266.0,2,13507.0
1109,RU,2019,13049.0,2,12471.0
1114,BE,2019,322.0,2,275.0
1114,FZ,2019,1006.0,2,818.0
1114,GI,2019,3914.0,2,3407.0
1114,JZ,2019,932.0,2,802.0
1114,KZ,2019,356.0,2,303.0
1114,LZ,2019,475.0,2,425.0
1114,MN,2019,3447.0,2,2946.0
1114,OQ,2019,1252.0,2,1016.0
1114,RU,2019,1036.0,2,914.0
2404,BE,2019,27.0,2,16.0
2404,FZ,2019,56.0,2,49.0
2404,GI,2019,125.0,2,147.0
2404,JZ,2019,12.0,2,11.0
2404,KZ,2019,29.0,2,14.0
2404,LZ,2019,18.0,2,16.0
2404,MN,2019,78.0,2,57.0
2404,OQ,2019,37.0,2,40.0
2404,RU,2019,46.0,2,38.0
2409,BE,2019,75.0,2,47.0
2409,FZ,2019,162.0,2,140.0
2409,GI,2019,425.0,2,443.0
2409,JZ,2019,36.0,2,24.0
2409,KZ,2019,19.0,2,23.0
2409,LZ,2019,17.0,2,27.0
2409,MN,2019,229.0,2,183.0
2409,OQ,2019,96.0,2,84.0
2409,RU,2019,138.0,2,120.0
2414,BE,2019,56.0,2,37.0
2414,FZ,2019,65.0,2,36.0
2414,GI,2019,187.0,2,164.0
2414,JZ,2019,13.0,2,15.0
2414,KZ,2019,14.0,2,14.0
2414,LZ,2019,33.0,2,24.0
2414,MN,2019,80.0,2,77.0
2414,OQ,2019,51.0,2,30.0
2414,RU,2019,56.0,2,54.0
2704,BE,2019,74.0,2,62.0
2704,FZ,2019,86.0,2,75.0
2704,GI,2019,282.0,2,320.0
2704,JZ,2019,26.0,2,14.0
2704,KZ,2019,43.0,2,36.0
2704,LZ,2019,54.0,2,24.0
2704,MN,2019,189.0,2,152.0
2704,OQ,2019,95.0,2,82.0
2704,RU,2019,91.0,2,86.0
2709,BE,2019,72.0,2,28.0
2709,FZ,2019,55.0,2,55.0
2709,GI,2019,217.0,2,217.0
2709,JZ,2019,18.0,2,6.0
2709,KZ,2019,10.0,2,17.0
2709,LZ,2019,15.0,2,11.0
2709,MN,2019,90.0,2,79.0
2709,OQ,2019,58.0,2,44.0
2709,RU,2019,72.0,2,53.0
2714,BE,2019,91.0,2,71.0
2714,FZ,2019,108.0,2,121.0
2714,GI,2019,627.0,2,536.0
2714,JZ,2019,41.0,2,28.0
2714,KZ,2019,22.0,2,23.0
2714,LZ,2019,55.0,2,42.0
2714,MN,2019,187.0,2,182.0
2714,OQ,2019,125.0,2,105.0
2714,RU,2019,166.0,2,118.0
2801,BE,2019,29.0,2,20.0
2801,FZ,2019,31.0,2,28.0
2801,GI,2019,105.0,2,106.0
2801,JZ,2019,9.0,2,9.0
2801,KZ,2019,11.0,2,11.0
2801,LZ,2019,18.0,2,12.0
2801,MN,2019,49.0,2,35.0
2801,OQ,2019,23.0,2,35.0
2801,RU,2019,37.0,2,30.0
2806,BE,2019,55.0,2,40.0
2806,FZ,2019,33.0,2,41.0
2806,GI,2019,157.0,2,172.0
2806,JZ,2019,11.0,2,8.0
2806,KZ,2019,24.0,2,12.0
2806,LZ,2019,22.0,2,11.0
2806,MN,2019,66.0,2,67.0
2806,OQ,2019,55.0,2,48.0
2806,RU,2019,69.0,2,36.0
2811,BE,2019,73.0,2,51.0
2811,FZ,2019,118.0,2,104.0
2811,GI,2019,442.0,2,398.0
2811,JZ,2019,35.0,2,24.0
2811,KZ,2019,40.0,2,38.0
2811,LZ,2019,60.0,2,42.0
2811,MN,2019,267.0,2,215.0
2811,OQ,2019,94.0,2,87.0
2811,RU,2019,165.0,2,174.0
2816,BE,2019,53.0,2,52.0
2816,FZ,2019,88.0,2,60.0
2816,GI,2019,294.0,2,275.0
2816,JZ,2019,24.0,2,15.0
2816,KZ,2019,28.0,2,42.0
2816,LZ,2019,24.0,2,26.0
2816,MN,2019,130.0,2,116.0
2816,OQ,2019,79.0,2,77.0
2816,RU,2019,97.0,2,78.0
3202,BE,2019,195.0,2,126.0
3202,FZ,2019,287.0,2,320.0
3202,GI,2019,1355.0,2,1434.0
3202,JZ,2019,138.0,2,105.0
3202,KZ,2019,134.0,2,118.0
3202,LZ,2019,215.0,2,161.0
3202,MN,2019,632.0,2,513.0
3202,OQ,2019,444.0,2,414.0
3202,RU,2019,367.0,2,289.0
3207,BE,2019,70.0,2,54.0
3207,FZ,2019,84.0,2,79.0
3207,GI,2019,552.0,2,427.0
3207,JZ,2019,31.0,2,26.0
3207,KZ,2019,23.0,2,22.0
3207,LZ,2019,37.0,2,26.0
3207,MN,2019,156.0,2,124.0
3207,OQ,2019,114.0,2,105.0
3207,RU,2019,139.0,2,101.0
3212,BE,2019,85.0,2,85.0
3212,FZ,2019,175.0,2,136.0
3212,GI,2019,761.0,2,606.0
3212,JZ,2019,68.0,2,47.0
3212,KZ,2019,43.0,2,36.0
3212,LZ,2019,50.0,2,38.0
3212,MN,2019,234.0,2,220.0
3212,OQ,2019,212.0,2,157.0
3212,RU,2019,195.0,2,158.0
3217,BE,2019,118.0,2,75.0
3217,FZ,2019,157.0,2,128.0
3217,GI,2019,755.0,2,692.0
3217,JZ,2019,28.0,2,35.0
3217,KZ,2019,27.0,2,33.0
3217,LZ,2019,54.0,2,28.0
3217,MN,2019,212.0,2,177.0
3217,OQ,2019,156.0,2,152.0
3217,RU,2019,192.0,2,158.0
3222,BE,2019,221.0,2,158.0
3222,FZ,2019,439.0,2,287.0
3222,GI,2019,1143.0,2,980.0
3222,JZ,2019,100.0,2,86.0
3222,KZ,2019,77.0,2,70.0
3222,LZ,2019,164.0,2,79.0
3222,MN,2019,497.0,2,413.0
3222,OQ,2019,322.0,2,306.0
3222,RU,2019,393.0,2,265.0
4405,BE,2019,147.0,2,113.0
4405,FZ,2019,182.0,2,183.0
4405,GI,2019,648.0,2,607.0
4405,JZ,2019,44.0,2,51.0
4405,KZ,2019,52.0,2,66.0
4405,LZ,2019,61.0,2,59.0
4405,MN,2019,428.0,2,366.0
4405,OQ,2019,273.0,2,211.0
4405,RU,2019,232.0,2,182.0
4410,BE,2019,184.0,2,138.0
4410,FZ,2019,525.0,2,479.0
4410,GI,2019,1497.0,2,1535.0
4410,JZ,2019,153.0,2,111.0
4410,KZ,2019,113.0,2,126.0
4410,LZ,2019,113.0,2,105.0
4410,MN,2019,827.0,2,632.0
4410,OQ,2019,561.0,2,442.0
4410,RU,2019,517.0,2,370.0
4415,BE,2019,80.0,2,65.0
4415,FZ,2019,60.0,2,61.0
4415,GI,2019,260.0,2,251.0
4415,JZ,2019,19.0,2,18.0
4415,KZ,2019,34.0,2,18.0
4415,LZ,2019,33.0,2,28.0
4415,MN,2019,112.0,2,91.0
4415,OQ,2019,39.0,2,56.0
4415,RU,2019,54.0,2,58.0
4420,BE,2019,67.0,2,45.0
4420,FZ,2019,119.0,2,74.0
4420,GI,2019,335.0,2,327.0
4420,JZ,2019,22.0,2,23.0
4420,KZ,2019,17.0,2,23.0
4420,LZ,2019,30.0,2,21.0
4420,MN,2019,134.0,2,105.0
4420,OQ,2019,112.0,2,98.0
4420,RU,2019,91.0,2,81.0
4425,BE,2019,160.0,2,120.0
4425,FZ,2019,233.0,2,206.0
4425,GI,2019,1031.0,2,847.0
4425,JZ,2019,96.0,2,85.0
4425,KZ,2019,75.0,2,89.0
4425,LZ,2019,83.0,2,108.0
4425,MN,2019,455.0,2,399.0
4425,OQ,2019,216.0,2,231.0
4425,RU,2019,251.0,2,223.0
5203,BE,2019,151.0,2,109.0
5203,FZ,2019,147.0,2,132.0
5203,GI,2019,550.0,2,494.0
5203,JZ,2019,40.0,2,27.0
5203,KZ,2019,58.0,2,52.0
5203,LZ,2019,137.0,2,103.0
5203,MN,2019,304.0,2,234.0
5203,OQ,2019,188.0,2,157.0
5203,RU,2019,191.0,2,147.0
5208,BE,2019,66.0,2,35.0
5208,FZ,2019,56.0,2,40.0
5208,GI,2019,137.0,2,150.0
5208,JZ,2019,9.0,2,6.0
5208,KZ,2019,12.0,2,11.0
5208,LZ,2019,16.0,2,23.0
5208,MN,2019,67.0,2,52.0
5208,OQ,2019,32.0,2,37.0
5208,RU,2019,50.0,2,26.0
5213,BE,2019,119.0,2,98.0
5213,FZ,2019,85.0,2,93.0
5213,GI,2019,369.0,2,348.0
5213,JZ,2019,31.0,2,27.0
5213,KZ,2019,45.0,2,55.0
5213,LZ,2019,92.0,2,51.0
5213,MN,2019,214.0,2,166.0
5213,OQ,2019,125.0,2,88.0
5213,RU,2019,107.0,2,81.0
5218,BE,2019,34.0,2,29.0
5218,FZ,2019,37.0,2,35.0
5218,GI,2019,163.0,2,140.0
5218,JZ,2019,7.0,2,4.0
5218,KZ,2019,5.0,2,14.0
5218,LZ,2019,10.0,2,18.0
5218,MN,2019,44.0,2,60.0
5218,OQ,2019,38.0,2,25.0
5218,RU,2019,44.0,2,33.0
5302,BE,2019,211.0,2,136.0
5302,FZ,2019,353.0,2,257.0
5302,GI,2019,951.0,2,1017.0
5302,JZ,2019,139.0,2,139.0
5302,KZ,2019,117.0,2,113.0
5302,LZ,2019,172.0,2,112.0
5302,MN,2019,676.0,2,523.0
5302,OQ,2019,532.0,2,484.0
5302,RU,2019,391.0,2,320.0
5307,BE,2019,47.0,2,36.0
5307,FZ,2019,57.0,2,42.0
5307,GI,2019,184.0,2,204.0
5307,JZ,2019,11.0,2,15.0
5307,KZ,2019,30.0,2,34.0
5307,LZ,2019,15.0,2,14.0
5307,MN,2019,113.0,2,89.0
5307,OQ,2019,64.0,2,55.0
5307,RU,2019,83.0,2,45.0
5312,BE,2019,84.0,2,76.0
5312,FZ,2019,58.0,2,55.0
5312,GI,2019,254.0,2,294.0
5312,JZ,2019,28.0,2,12.0
5312,KZ,2019,44.0,2,28.0
5312,LZ,2019,33.0,2,32.0
5312,MN,2019,149.0,2,124.0
5312,OQ,2019,84.0,2,113.0
5312,RU,2019,74.0,2,89.0
5317,BE,2019,94.0,2,75.0
5317,FZ,2019,160.0,2,125.0
5317,GI,2019,466.0,2,408.0
5317,JZ,2019,48.0,2,53.0
5317,KZ,2019,111.0,2,106.0
5317,LZ,2019,77.0,2,66.0
5317,MN,2019,380.0,2,305.0
5317,OQ,2019,193.0,2,171.0
5317,RU,2019,226.0,2,169.0
7503,BE,2019,283.0,2,253.0
7503,FZ,2019,588.0,2,561.0
7503,GI,2019,1582.0,2,1356.0
7503,JZ,2019,211.0,2,171.0
7503,KZ,2019,218.0,2,199.0
7503,LZ,2019,426.0,2,366.0
7503,MN,2019,1340.0,2,1159.0
7503,OQ,2019,787.0,2,825.0
7503,RU,2019,692.0,2,623.0
7508,BE,2019,46.0,2,56.0
7508,FZ,2019,57.0,2,59.0
7508,GI,2019,316.0,2,265.0
7508,JZ,2019,28.0,2,14.0
7508,KZ,2019,34.0,2,27.0
7508,LZ,2019,27.0,2,34.0
7508,MN,2019,127.0,2,94.0
7508,OQ,2019,63.0,2,58.0
7508,RU,2019,85.0,2,56.0
7513,BE,2019,170.0,2,136.0
7513,FZ,2019,378.0,2,267.0
7513,GI,2019,812.0,2,749.0
7513,JZ,2019,59.0,2,66.0
7513,KZ,2019,96.0,2,85.0
7513,LZ,2019,135.0,2,97.0
7513,MN,2019,593.0,2,457.0
7513,OQ,2019,299.0,2,288.0
7513,RU,2019,377.0,2,313.0
7518,BE,2019,138.0,2,96.0
7518,FZ,2019,130.0,2,132.0
7518,GI,2019,290.0,2,292.0
7518,JZ,2019,28.0,2,21.0
7518,KZ,2019,48.0,2,33.0
7518,LZ,2019,59.0,2,35.0
7518,MN,2019,167.0,2,158.0
7518,OQ,2019,84.0,2,87.0
7518,RU,2019,129.0,2,101.0
7523,BE,2019,262.0,2,178.0
7523,FZ,2019,261.0,2,225.0
7523,GI,2019,706.0,2,699.0
7523,JZ,2019,53.0,2,34.0
7523,KZ,2019,63.0,2,49.0
7523,LZ,2019,68.0,2,49.0
7523,MN,2019,464.0,2,345.0
7523,OQ,2019,252.0,2,273.0
7523,RU,2019,272.0,2,215.0
7528,BE,2019,131.0,2,78.0
7528,FZ,2019,148.0,2,131.0
7528,GI,2019,460.0,2,397.0
7528,JZ,2019,41.0,2,25.0
7528,KZ,2019,59.0,2,33.0
7528,LZ,2019,61.0,2,57.0
7528,MN,2019,236.0,2,186.0
7528,OQ,2019,161.0,2,153.0
7528,RU,2019,181.0,2,133.0
7601,BE,2019,77.0,2,74.0
7601,FZ,2019,171.0,2,147.0
7601,GI,2019,538.0,2,567.0
7601,JZ,2019,31.0,2,25.0
7601,KZ,2019,40.0,2,15.0
7601,LZ,2019,98.0,2,90.0
7601,MN,2019,235.0,2,191.0
7601,OQ,2019,98.0,2,88.0
7601,RU,2019,200.0,2,154.0
7606,BE,2019,197.0,2,191.0
7606,FZ,2019,524.0,2,446.0
7606,GI,2019,1030.0,2,981.0
7606,JZ,2019,64.0,2,73.0
7606,KZ,2019,100.0,2,58.0
7606,LZ,2019,181.0,2,142.0
7606,MN,2019,524.0,2,450.0
7606,OQ,2019,316.0,2,281.0
7606,RU,2019,350.0,2,284.0
7611,BE,2019,186.0,2,135.0
7611,FZ,2019,127.0,2,90.0
7611,GI,2019,272.0,2,267.0
7611,JZ,2019,29.0,2,16.0
7611,KZ,2019,20.0,2,19.0
7611,LZ,2019,36.0,2,24.0
7611,MN,2019,146.0,2,127.0
7611,OQ,2019,109.0,2,73.0
7611,RU,2019,107.0,2,105.0
7616,BE,2019,787.0,2,586.0
7616,FZ,2019,1742.0,2,1403.0
7616,GI,2019,4114.0,2,3563.0
7616,JZ,2019,755.0,2,624.0
7616,KZ,2019,421.0,2,347.0
7616,LZ,2019,830.0,2,650.0
7616,MN,2019,3203.0,2,2711.0
7616,OQ,2019,1758.0,2,1704.0
7616,RU,2019,1561.0,2,1321.0
7621,BE,2019,250.0,2,244.0
7621,FZ,2019,170.0,2,150.0
7621,GI,2019,380.0,2,336.0
7621,JZ,2019,34.0,2,26.0
7621,KZ,2019,46.0,2,31.0
7621,LZ,2019,80.0,2,59.0
7621,MN,2019,239.0,2,219.0
7621,OQ,2019,171.0,2,158.0
7621,RU,2019,145.0,2,124.0
8401,BE,2019,232.0,2,176.0
8401,FZ,2019,558.0,2,489.0
8401,GI,2019,1180.0,2,1109.0
8401,JZ,2019,211.0,2,136.0
8401,KZ,2019,183.0,2,146.0
8401,LZ,2019,339.0,2,217.0
8401,MN,2019,1159.0,2,963.0
8401,OQ,2019,591.0,2,607.0
8401,RU,2019,571.0,2,484.0
8406,BE,2019,230.0,2,104.0
8406,FZ,2019,438.0,2,350.0
8406,GI,2019,1096.0,2,1012.0
8406,JZ,2019,85.0,2,74.0
8406,KZ,2019,64.0,2,56.0
8406,LZ,2019,182.0,2,148.0
8406,MN,2019,630.0,2,482.0
8406,OQ,2019,288.0,2,262.0
8406,RU,2019,363.0,2,242.0
8411,BE,2019,34.0,2,26.0
8411,FZ,2019,55.0,2,50.0
8411,GI,2019,118.0,2,147.0
8411,JZ,2019,19.0,2,8.0
8411,KZ,2019,7.0,2,9.0
8411,LZ,2019,53.0,2,30.0
8411,MN,2019,80.0,2,77.0
8411,OQ,2019,90.0,2,96.0
8411,RU,2019,44.0,2,51.0
8416,BE,2019,213.0,2,130.0
8416,FZ,2019,428.0,2,318.0
8416,GI,2019,1292.0,2,918.0
8416,JZ,2019,144.0,2,125.0
8416,KZ,2019,106.0,2,104.0
8416,LZ,2019,201.0,2,166.0
8416,MN,2019,801.0,2,664.0
8416,OQ,2019,484.0,2,474.0
8416,RU,2019,526.0,2,468.0
8421,BE,2019,1522.0,2,1019.0
8421,FZ,2019,3274.0,2,2656.0
8421,GI,2019,12192.0,2,10000.0
8421,JZ,2019,2026.0,2,1640.0
8421,KZ,2019,1056.0,2,969.0
8421,LZ,2019,1666.0,2,1531.0
8421,MN,2019,10739.0,2,8601.0
8421,OQ,2019,3963.0,2,3542.0
8421,RU,2019,3127.0,2,2418.0
8426,BE,2019,115.0,2,80.0
8426,FZ,2019,121.0,2,94.0
8426,GI,2019,470.0,2,424.0
8426,JZ,2019,39.0,2,32.0
8426,KZ,2019,42.0,2,38.0
8426,LZ,2019,93.0,2,82.0
8426,MN,2019,217.0,2,196.0
8426,OQ,2019,157.0,2,145.0
8426,RU,2019,128.0,2,108.0
8431,BE,2019,363.0,2,320.0
8431,FZ,2019,466.0,2,356.0
8431,GI,2019,1120.0,2,943.0
8431,JZ,2019,115.0,2,105.0
8431,KZ,2019,117.0,2,98.0
8431,LZ,2019,168.0,2,141.0
8431,MN,2019,714.0,2,604.0
8431,OQ,2019,395.0,2,400.0
8431,RU,2019,490.0,2,401.0
9301,BE,2019,379.0,2,284.0
9301,FZ,2019,724.0,2,677.0
9301,GI,2019,2159.0,2,1946.0
9301,JZ,2019,452.0,2,381.0
9301,KZ,2019,261.0,2,251.0
9301,LZ,2019,334.0,2,330.0
9301,MN,2019,2167.0,2,1804.0
9301,OQ,2019,960.0,2,966.0
9301,RU,2019,886.0,2,750.0
9306,BE,2019,150.0,2,124.0
9306,FZ,2019,240.0,2,235.0
9306,GI,2019,594.0,2,571.0
9306,JZ,2019,55.0,2,37.0
9306,KZ,2019,51.0,2,50.0
9306,LZ,2019,92.0,2,76.0
9306,MN,2019,429.0,2,347.0
9306,OQ,2019,182.0,2,189.0
9306,RU,2019,244.0,2,181.0
9311,BE,2019,130.0,2,103.0
9311,FZ,2019,146.0,2,137.0
9311,GI,2019,412.0,2,393.0
9311,JZ,2019,36.0,2,30.0
9311,KZ,2019,25.0,2,21.0
9311,LZ,2019,35.0,2,27.0
9311,MN,2019,256.0,2,206.0
9311,OQ,2019,136.0,2,169.0
9311,RU,2019,162.0,2,136.0
9316,BE,2019,56.0,2,45.0
9316,FZ,2019,130.0,2,89.0
9316,GI,2019,273.0,2,273.0
9316,JZ,2019,23.0,2,21.0
9316,KZ,2019,29.0,2,13.0
9316,LZ,2019,29.0,2,22.0
9316,MN,2019,173.0,2,139.0
9316,OQ,2019,103.0,2,87.0
9316,RU,2019,100.0,2,80.0
0054,BE,2019,148.0,3,136.0
0054,FZ,2019,312.0,3,276.0
0054,GI,2019,837.0,3,799.0
0054,JZ,2019,66.0,3,60.0
0054,KZ,2019,71.0,3,61.0
0054,LZ,2019,144.0,3,109.0
0054,MN,2019,461.0,3,407.0
0054,OQ,2019,222.0,3,211.0
0054,RU,2019,305.0,3,228.0
0059,BE,2019,139.0,3,91.0
0059,FZ,2019,222.0,3,184.0
0059,GI,2019,614.0,3,536.0
0059,JZ,2019,36.0,3,47.0
0059,KZ,2019,48.0,3,37.0
0059,LZ,2019,101.0,3,55.0
0059,MN,2019,325.0,3,283.0
0059,OQ,2019,164.0,3,154.0
0059,RU,2019,199.0,3,140.0
0064,BE,2019,80.0,3,50.0
0064,FZ,2019,72.0,3,82.0
0064,GI,2019,237.0,3,238.0
0064,JZ,2019,17.0,3,15.0
0064,KZ,2019,17.0,3,17.0
0064,LZ,2019,45.0,3,40.0
0064,MN,2019,160.0,3,122.0
0064,OQ,2019,88.0,3,87.0
0064,RU,2019,94.0,3,98.0
1105,BE,2019,138.0,3,94.0
1105,FZ,2019,256.0,3,226.0
1105,GI,2019,731.0,3,713.0
1105,JZ,2019,122.0,3,108.0
1105,KZ,2019,66.0,3,36.0
1105,LZ,2019,74.0,3,50.0
1105,MN,2019,613.0,3,537.0
1105,OQ,2019,307.0,3,259.0
1105,RU,2019,323.0,3,233.0
1110,BE,2019,35.0,3,19.0
1110,FZ,2019,71.0,3,59.0
1110,GI,2019,188.0,3,210.0
1110,JZ,2019,20.0,3,18.0
1110,KZ,2019,19.0,3,14.0
1110,LZ,2019,16.0,3,16.0
1110,MN,2019,108.0,3,77.0
1110,OQ,2019,46.0,3,43.0
1110,RU,2019,67.0,3,48.0
1115,BE,2019,259.0,3,190.0
1115,FZ,2019,550.0,3,471.0
1115,GI,2019,2753.0,3,2366.0
1115,JZ,2019,647.0,3,591.0
1115,KZ,2019,264.0,3,241.0
1115,LZ,2019,404.0,3,330.0
1115,MN,2019,2781.0,3,2322.0
1115,OQ,2019,1081.0,3,958.0
1115,RU,2019,771.0,3,685.0
2405,BE,2019,157.0,3,210.0
2405,FZ,2019,132.0,3,116.0
2405,GI,2019,540.0,3,456.0
2405,JZ,2019,37.0,3,32.0
2405,KZ,2019,43.0,3,43.0
2405,LZ,2019,72.0,3,68.0
2405,MN,2019,260.0,3,236.0
2405,OQ,2019,164.0,3,166.0
2405,RU,2019,153.0,3,137.0
2410,BE,2019,199.0,3,142.0
2410,FZ,2019,504.0,3,440.0
2410,GI,2019,1726.0,3,1641.0
2410,JZ,2019,201.0,3,165.0
2410,KZ,2019,125.0,3,130.0
2410,LZ,2019,115.0,3,100.0
2410,MN,2019,1033.0,3,783.0
2410,OQ,2019,496.0,3,445.0
2410,RU,2019,478.0,3,406.0
2415,BE,2019,32.0,3,31.0
2415,FZ,2019,45.0,3,51.0
2415,GI,2019,134.0,3,115.0
2415,JZ,2019,7.0,3,11.0
2415,KZ,2019,7.0,3,5.0
2415,LZ,2019,11.0,3,9.0
2415,MN,2019,64.0,3,64.0
2415,OQ,2019,22.0,3,33.0
2415,RU,2019,37.0,3,31.0
2705,BE,2019,106.0,3,71.0
2705,FZ,2019,186.0,3,203.0
2705,GI,2019,661.0,3,492.0
2705,JZ,2019,52.0,3,51.0
2705,KZ,2019,37.0,3,26.0
2705,LZ,2019,63.0,3,54.0
2705,MN,2019,273.0,3,181.0
2705,OQ,2019,200.0,3,150.0
2705,RU,2019,193.0,3,168.0
2710,BE,2019,54.0,3,36.0
2710,FZ,2019,72.0,3,68.0
2710,GI,2019,288.0,3,251.0
2710,JZ,2019,22.0,3,6.0
2710,KZ,2019,16.0,3,11.0
2710,LZ,2019,20.0,3,20.0
2710,MN,2019,119.0,3,89.0
2710,OQ,2019,61.0,3,79.0
2710,RU,2019,76.0,3,75.0
2715,BE,2019,78.0,3,73.0
2715,FZ,2019,101.0,3,114.0
2715,GI,2019,380.0,3,360.0
2715,JZ,2019,29.0,3,25.0
2715,KZ,2019,36.0,3,37.0
2715,LZ,2019,97.0,3,62.0
2715,MN,2019,168.0,3,119.0
2715,OQ,2019,139.0,3,101.0
2715,RU,2019,169.0,3,132.0
2802,BE,2019,61.0,3,42.0
2802,FZ,2019,74.0,3,51.0
2802,GI,2019,258.0,3,215.0
2802,JZ,2019,17.0,3,14.0
2802,KZ,2019,30.0,3,27.0
2802,LZ,2019,24.0,3,14.0
2802,MN,2019,151.0,3,94.0
2802,OQ,2019,63.0,3,62.0
2802,RU,2019,78.0,3,63.0
2807,BE,2019,76.0,3,67.0
2807,FZ,2019,141.0,3,104.0
2807,GI,2019,375.0,3,402.0
2807,JZ,2019,19.0,3,26.0
2807,KZ,2019,36.0,3,38.0
2807,LZ,2019,49.0,3,48.0
2807,MN,2019,184.0,3,161.0
2807,OQ,2019,101.0,3,100.0
2807,RU,2019,106.0,3,118.0
2812,BE,2019,27.0,3,26.0
2812,FZ,2019,62.0,3,46.0
2812,GI,2019,118.0,3,123.0
2812,JZ,2019,11.0,3,11.0
2812,KZ,2019,11.0,3,14.0
2812,LZ,2019,10.0,3,11.0
2812,MN,2019,66.0,3,50.0
2812,OQ,2019,28.0,3,24.0
2812,RU,2019,48.0,3,48.0
2817,BE,2019,78.0,3,67.0
2817,FZ,2019,166.0,3,132.0
2817,GI,2019,439.0,3,392.0
2817,JZ,2019,60.0,3,44.0
2817,KZ,2019,45.0,3,35.0
2817,LZ,2019,65.0,3,42.0
2817,MN,2019,243.0,3,185.0
2817,OQ,2019,110.0,3,133.0
2817,RU,2019,150.0,3,120.0
3203,BE,2019,103.0,3,59.0
3203,FZ,2019,118.0,3,100.0
3203,GI,2019,617.0,3,485.0
3203,JZ,2019,53.0,3,45.0
3203,KZ,2019,58.0,3,42.0
3203,LZ,2019,47.0,3,38.0
3203,MN,2019,298.0,3,229.0
3203,OQ,2019,198.0,3,183.0
3203,RU,2019,177.0,3,136.0
3208,BE,2019,77.0,3,73.0
3208,FZ,2019,127.0,3,82.0
3208,GI,2019,497.0,3,402.0
3208,JZ,2019,35.0,3,25.0
3208,KZ,2019,45.0,3,41.0
3208,LZ,2019,41.0,3,26.0
3208,MN,2019,131.0,3,155.0
3208,OQ,2019,109.0,3,104.0
3208,RU,2019,134.0,3,96.0
3213,BE,2019,109.0,3,90.0
3213,FZ,2019,126.0,3,143.0
3213,GI,2019,930.0,3,707.0
3213,JZ,2019,49.0,3,42.0
3213,KZ,2019,65.0,3,32.0
3213,LZ,2019,67.0,3,84.0
3213,MN,2019,319.0,3,264.0
3213,OQ,2019,200.0,3,180.0
3213,RU,2019,276.0,3,237.0
3218,BE,2019,200.0,3,151.0
3218,FZ,2019,422.0,3,351.0
3218,GI,2019,2099.0,3,1616.0
3218,JZ,2019,257.0,3,167.0
3218,KZ,2019,149.0,3,142.0
3218,LZ,2019,126.0,3,97.0
3218,MN,2019,977.0,3,789.0
3218,OQ,2019,455.0,3,410.0
3218,RU,2019,449.0,3,354.0
4401,BE,2019,44.0,3,35.0
4401,FZ,2019,36.0,3,41.0
4401,GI,2019,170.0,3,180.0
4401,JZ,2019,21.0,3,12.0
4401,KZ,2019,20.0,3,16.0
4401,LZ,2019,21.0,3,13.0
4401,MN,2019,58.0,3,66.0
4401,OQ,2019,48.0,3,36.0
4401,RU,2019,59.0,3,50.0
4406,BE,2019,56.0,3,38.0
4406,FZ,2019,55.0,3,59.0
4406,GI,2019,273.0,3,267.0
4406,JZ,2019,9.0,3,12.0
4406,KZ,2019,29.0,3,21.0
4406,LZ,2019,57.0,3,34.0
4406,MN,2019,141.0,3,121.0
4406,OQ,2019,66.0,3,76.0
4406,RU,2019,65.0,3,60.0
4411,BE,2019,230.0,3,160.0
4411,FZ,2019,495.0,3,390.0
4411,GI,2019,1642.0,3,1447.0
4411,JZ,2019,121.0,3,100.0
4411,KZ,2019,126.0,3,93.0
4411,LZ,2019,96.0,3,88.0
4411,MN,2019,803.0,3,680.0
4411,OQ,2019,454.0,3,375.0
4411,RU,2019,555.0,3,449.0
4416,BE,2019,66.0,3,62.0
4416,FZ,2019,146.0,3,135.0
4416,GI,2019,328.0,3,318.0
4416,JZ,2019,24.0,3,15.0
4416,KZ,2019,17.0,3,22.0
4416,LZ,2019,23.0,3,21.0
4416,MN,2019,164.0,3,118.0
4416,OQ,2019,113.0,3,94.0
4416,RU,2019,114.0,3,84.0
4421,BE,2019,66.0,3,54.0
4421,FZ,2019,66.0,3,70.0
4421,GI,2019,269.0,3,232.0
4421,JZ,2019,14.0,3,5.0
4421,KZ,2019,9.0,3,18.0
4421,LZ,2019,21.0,3,21.0
4421,MN,2019,75.0,3,71.0
4421,OQ,2019,68.0,3,40.0
4421,RU,2019,78.0,3,50.0
4426,BE,2019,34.0,3,43.0
4426,FZ,2019,65.0,3,63.0
4426,GI,2019,187.0,3,210.0
4426,JZ,2019,8.0,3,12.0
4426,KZ,2019,16.0,3,12.0
4426,LZ,2019,30.0,3,12.0
4426,MN,2019,86.0,3,66.0
4426,OQ,2019,62.0,3,56.0
4426,RU,2019,79.0,3,68.0
5204,BE,2019,31.0,3,21.0
5204,FZ,2019,16.0,3,15.0
5204,GI,2019,94.0,3,93.0
5204,JZ,2019,5.0,3,5.0
5204,KZ,2019,22.0,3,24.0
5204,LZ,2019,9.0,3,10.0
5204,MN,2019,57.0,3,48.0
5204,OQ,2019,36.0,3,31.0
5204,RU,2019,40.0,3,39.0
5209,BE,2019,45.0,3,22.0
5209,FZ,2019,29.0,3,38.0
5209,GI,2019,125.0,3,114.0
5209,JZ,2019,10.0,3,8.0
5209,KZ,2019,12.0,3,19.0
5209,LZ,2019,17.0,3,23.0
5209,MN,2019,65.0,3,58.0
5209,OQ,2019,43.0,3,38.0
5209,RU,2019,54.0,3,39.0
5214,BE,2019,79.0,3,68.0
5214,FZ,2019,98.0,3,84.0
5214,GI,2019,338.0,3,269.0
5214,JZ,2019,26.0,3,27.0
5214,KZ,2019,49.0,3,32.0
5214,LZ,2019,109.0,3,71.0
5214,MN,2019,230.0,3,171.0
5214,OQ,2019,120.0,3,89.0
5214,RU,2019,150.0,3,98.0
5219,BE,2019,184.0,3,150.0
5219,FZ,2019,220.0,3,213.0
5219,GI,2019,683.0,3,707.0
5219,JZ,2019,83.0,3,52.0
5219,KZ,2019,91.0,3,78.0
5219,LZ,2019,203.0,3,170.0
5219,MN,2019,513.0,3,409.0
5219,OQ,2019,314.0,3,280.0
5219,RU,2019,314.0,3,236.0
5303,BE,2019,70.0,3,58.0
5303,FZ,2019,54.0,3,54.0
5303,GI,2019,215.0,3,210.0
5303,JZ,2019,24.0,3,11.0
5303,KZ,2019,15.0,3,18.0
5303,LZ,2019,28.0,3,16.0
5303,MN,2019,132.0,3,119.0
5303,OQ,2019,67.0,3,78.0
5303,RU,2019,107.0,3,71.0
5308,BE,2019,75.0,3,59.0
5308,FZ,2019,77.0,3,90.0
5308,GI,2019,319.0,3,365.0
5308,JZ,2019,45.0,3,38.0
5308,KZ,2019,32.0,3,36.0
5308,LZ,2019,52.0,3,41.0
5308,MN,2019,188.0,3,172.0
5308,OQ,2019,119.0,3,123.0
5308,RU,2019,150.0,3,121.0
5313,BE,2019,223.0,3,167.0
5313,FZ,2019,293.0,3,260.0
5313,GI,2019,690.0,3,676.0
5313,JZ,2019,103.0,3,74.0
5313,KZ,2019,103.0,3,88.0
5313,LZ,2019,164.0,3,142.0
5313,MN,2019,495.0,3,405.0
5313,OQ,2019,362.0,3,307.0
5313,RU,2019,365.0,3,308.0
5318,BE,2019,181.0,3,141.0
5318,FZ,2019,258.0,3,196.0
5318,GI,2019,676.0,3,580.0
5318,JZ,2019,94.0,3,92.0
5318,KZ,2019,109.0,3,108.0
5318,LZ,2019,191.0,3,141.0
5318,MN,2019,598.0,3,501.0
5318,OQ,2019,326.0,3,299.0
5318,RU,2019,340.0,3,272.0
7504,BE,2019,131.0,3,85.0
7504,FZ,2019,182.0,3,134.0
7504,GI,2019,444.0,3,408.0
7504,JZ,2019,41.0,3,25.0
7504,KZ,2019,41.0,3,27.0
7504,LZ,2019,90.0,3,67.0
7504,MN,2019,268.0,3,196.0
7504,OQ,2019,130.0,3,110.0
7504,RU,2019,161.0,3,117.0
7509,BE,2019,119.0,3,117.0
7509,FZ,2019,115.0,3,105.0
7509,GI,2019,396.0,3,392.0
7509,JZ,2019,29.0,3,24.0
7509,KZ,2019,77.0,3,51.0
7509,LZ,2019,70.0,3,53.0
7509,MN,2019,222.0,3,197.0
7509,OQ,2019,159.0,3,115.0
7509,RU,2019,133.0,3,135.0
7514,BE,2019,111.0,3,98.0
7514,FZ,2019,204.0,3,157.0
7514,GI,2019,418.0,3,451.0
7514,JZ,2019,27.0,3,18.0
7514,KZ,2019,44.0,3,46.0
7514,LZ,2019,47.0,3,48.0
7514,MN,2019,265.0,3,219.0
7514,OQ,2019,153.0,3,155.0
7514,RU,2019,209.0,3,183.0
7519,BE,2019,193.0,3,112.0
7519,FZ,2019,120.0,3,105.0
7519,GI,2019,514.0,3,368.0
7519,JZ,2019,32.0,3,14.0
7519,KZ,2019,43.0,3,36.0
7519,LZ,2019,42.0,3,37.0
7519,MN,2019,218.0,3,232.0
7519,OQ,2019,193.0,3,167.0
7519,RU,2019,176.0,3,129.0
7524,BE,2019,253.0,3,228.0
7524,FZ,2019,259.0,3,232.0
7524,GI,2019,1056.0,3,1068.0
7524,JZ,2019,108.0,3,80.0
7524,KZ,2019,153.0,3,148.0
7524,LZ,2019,181.0,3,162.0
7524,MN,2019,586.0,3,499.0
7524,OQ,2019,391.0,3,372.0
7524,RU,2019,404.0,3,307.0
7529,BE,2019,87.0,3,63.0
7529,FZ,2019,87.0,3,68.0
7529,GI,2019,323.0,3,258.0
7529,JZ,2019,15.0,3,14.0
7529,KZ,2019,28.0,3,16.0
7529,LZ,2019,41.0,3,35.0
7529,MN,2019,179.0,3,139.0
7529,OQ,2019,79.0,3,77.0
7529,RU,2019,126.0,3,87.0
7602,BE,2019,362.0,3,283.0
7602,FZ,2019,289.0,3,249.0
7602,GI,2019,919.0,3,750.0
7602,JZ,2019,85.0,3,67.0
7602,KZ,2019,94.0,3,62.0
7602,LZ,2019,203.0,3,147.0
7602,MN,2019,524.0,3,406.0
7602,OQ,2019,327.0,3,330.0
7602,RU,2019,358.0,3,307.0
7607,BE,2019,90.0,3,81.0
7607,FZ,2019,100.0,3,94.0
7607,GI,2019,327.0,3,277.0
7607,JZ,2019,31.0,3,27.0
7607,KZ,2019,24.0,3,9.0
7607,LZ,2019,28.0,3,22.0
7607,MN,2019,165.0,3,159.0
7607,OQ,2019,98.0,3,99.0
7607,RU,2019,135.0,3,117.0
7612,BE,2019,201.0,3,148.0
7612,FZ,2019,205.0,3,171.0
7612,GI,2019,451.0,3,420.0
7612,JZ,2019,54.0,3,29.0
7612,KZ,2019,23.0,3,30.0
7612,LZ,2019,72.0,3,57.0
7612,MN,2019,280.0,3,243.0
7612,OQ,2019,206.0,3,166.0
7612,RU,2019,219.0,3,185.0
7617,BE,2019,125.0,3,127.0
7617,FZ,2019,268.0,3,252.0
7617,GI,2019,752.0,3,660.0
7617,JZ,2019,48.0,3,39.0
7617,KZ,2019,50.0,3,35.0
7617,LZ,2019,55.0,3,56.0
7617,MN,2019,409.0,3,334.0
7617,OQ,2019,229.0,3,238.0
7617,RU,2019,280.0,3,212.0
7622,BE,2019,182.0,3,144.0
7622,FZ,2019,184.0,3,179.0
7622,GI,2019,387.0,3,370.0
7622,JZ,2019,49.0,3,38.0
7622,KZ,2019,27.0,3,28.0
7622,LZ,2019,40.0,3,46.0
7622,MN,2019,266.0,3,209.0
7622,OQ,2019,202.0,3,157.0
7622,RU,2019,196.0,3,124.0
8402,BE,2019,220.0,3,155.0
8402,FZ,2019,213.0,3,184.0
8402,GI,2019,520.0,3,520.0
8402,JZ,2019,46.0,3,33.0
8402,KZ,2019,47.0,3,25.0
8402,LZ,2019,38.0,3,40.0
8402,MN,2019,279.0,3,207.0
8402,OQ,2019,160.0,3,181.0
8402,RU,2019,244.0,3,195.0
8407,BE,2019,172.0,3,153.0
8407,FZ,2019,433.0,3,333.0
8407,GI,2019,938.0,3,829.0
8407,JZ,2019,122.0,3,121.0
8407,KZ,2019,95.0,3,80.0
8407,LZ,2019,211.0,3,187.0
8407,MN,2019,759.0,3,692.0
8407,OQ,2019,450.0,3,404.0
8407,RU,2019,439.0,3,301.0
8412,BE,2019,82.0,3,54.0
8412,FZ,2019,100.0,3,84.0
8412,GI,2019,249.0,3,228.0
8412,JZ,2019,21.0,3,14.0
8412,KZ,2019,34.0,3,29.0
8412,LZ,2019,56.0,3,38.0
8412,MN,2019,152.0,3,129.0
8412,OQ,2019,110.0,3,128.0
8412,RU,2019,112.0,3,80.0
8417,BE,2019,83.0,3,69.0
8417,FZ,2019,84.0,3,95.0
8417,GI,2019,235.0,3,211.0
8417,JZ,2019,14.0,3,14.0
8417,KZ,2019,16.0,3,24.0
8417,LZ,2019,30.0,3,22.0
8417,MN,2019,109.0,3,91.0
8417,OQ,2019,77.0,3,54.0
8417,RU,2019,105.0,3,89.0
8422,BE,2019,148.0,3,130.0
8422,FZ,2019,181.0,3,167.0
8422,GI,2019,393.0,3,317.0
8422,JZ,2019,44.0,3,24.0
8422,KZ,2019,35.0,3,33.0
8422,LZ,2019,56.0,3,73.0
8422,MN,2019,209.0,3,188.0
8422,OQ,2019,155.0,3,153.0
8422,RU,2019,162.0,3,141.0
8427,BE,2019,116.0,3,87.0
8427,FZ,2019,140.0,3,130.0
8427,GI,2019,324.0,3,312.0
8427,JZ,2019,36.0,3,20.0
8427,KZ,2019,25.0,3,31.0
8427,LZ,2019,61.0,3,54.0
8427,MN,2019,238.0,3,168.0
8427,OQ,2019,141.0,3,150.0
8427,RU,2019,142.0,3,122.0
8432,BE,2019,163.0,3,96.0
8432,FZ,2019,130.0,3,112.0
8432,GI,2019,391.0,3,396.0
8432,JZ,2019,28.0,3,26.0
8432,KZ,2019,23.0,3,30.0
8432,LZ,2019,40.0,3,33.0
8432,MN,2019,218.0,3,189.0
8432,OQ,2019,154.0,3,137.0
8432,RU,2019,155.0,3,102.0
9302,BE,2019,35.0,3,29.0
9302,FZ,2019,49.0,3,49.0
9302,GI,2019,136.0,3,145.0
9302,JZ,2019,19.0,3,17.0
9302,KZ,2019,19.0,3,6.0
9302,LZ,2019,37.0,3,50.0
9302,MN,2019,112.0,3,88.0
9302,OQ,2019,138.0,3,139.0
9302,RU,2019,91.0,3,72.0
9307,BE,2019,143.0,3,63.0
9307,FZ,2019,118.0,3,101.0
9307,GI,2019,325.0,3,302.0
9307,JZ,2019,30.0,3,24.0
9307,KZ,2019,17.0,3,16.0
9307,LZ,2019,24.0,3,24.0
9307,MN,2019,166.0,3,148.0
9307,OQ,2019,148.0,3,115.0
9307,RU,2019,140.0,3,90.0
9312,BE,2019,954.0,3,591.0
9312,FZ,2019,2402.0,3,2069.0
9312,GI,2019,7410.0,3,6962.0
9312,JZ,2019,871.0,3,847.0
9312,KZ,2019,627.0,3,488.0
9312,LZ,2019,709.0,3,647.0
9312,MN,2019,4943.0,3,4061.0
9312,OQ,2019,2660.0,3,2402.0
9312,RU,2019,2051.0,3,1758.0
9317,BE,2019,66.0,3,34.0
9317,FZ,2019,175.0,3,185.0
9317,GI,2019,482.0,3,475.0
9317,JZ,2019,18.0,3,20.0
9317,KZ,2019,37.0,3,25.0
9317,LZ,2019,101.0,3,99.0
9317,MN,2019,378.0,3,323.0
9317,OQ,2019,88.0,3,92.0
9317,RU,2019,162.0,3,163.0
0055,BE,2019,96.0,4,72.0
0055,FZ,2019,108.0,4,101.0
0055,GI,2019,280.0,4,254.0
0055,JZ,2019,26.0,4,9.0
0055,KZ,2019,19.0,4,23.0
0055,LZ,2019,30.0,4,27.0
0055,MN,2019,171.0,4,156.0
0055,OQ,2019,91.0,4,82.0
0055,RU,2019,126.0,4,125.0
0060,BE,2019,149.0,4,95.0
0060,FZ,2019,130.0,4,96.0
0060,GI,2019,437.0,4,380.0
0060,JZ,2019,35.0,4,28.0
0060,KZ,2019,26.0,4,31.0
0060,LZ,2019,78.0,4,43.0
0060,MN,2019,201.0,4,157.0
0060,OQ,2019,103.0,4,135.0
0060,RU,2019,125.0,4,133.0
1101,BE,2019,286.0,4,240.0
1101,FZ,2019,792.0,4,702.0
1101,GI,2019,3613.0,4,3014.0
1101,JZ,2019,616.0,4,485.0
1101,KZ,2019,190.0,4,202.0
1101,LZ,2019,373.0,4,284.0
1101,MN,2019,2386.0,4,2007.0
1101,OQ,2019,904.0,4,760.0
1101,RU,2019,790.0,4,687.0
1106,BE,2019,236.0,4,184.0
1106,FZ,2019,609.0,4,519.0
1106,GI,2019,2880.0,4,2155.0
1106,JZ,2019,471.0,4,396.0
1106,KZ,2019,189.0,4,162.0
1106,LZ,2019,210.0,4,143.0
1106,MN,2019,1786.0,4,1445.0
1106,OQ,2019,681.0,4,580.0
1106,RU,2019,699.0,4,565.0
1111,BE,2019,50.0,4,39.0
1111,FZ,2019,79.0,4,81.0
1111,GI,2019,209.0,4,210.0
1111,JZ,2019,76.0,4,67.0
1111,KZ,2019,37.0,4,23.0
1111,LZ,2019,68.0,4,58.0
1111,MN,2019,290.0,4,264.0
1111,OQ,2019,115.0,4,120.0
1111,RU,2019,142.0,4,84.0
2401,BE,2019,123.0,4,71.0
2401,FZ,2019,178.0,4,154.0
2401,GI,2019,640.0,4,562.0
2401,JZ,2019,51.0,4,32.0
2401,KZ,2019,77.0,4,55.0
2401,LZ,2019,78.0,4,64.0
2401,MN,2019,308.0,4,247.0
2401,OQ,2019,180.0,4,156.0
2401,RU,2019,155.0,4,149.0
2406,BE,2019,47.0,4,25.0
2406,FZ,2019,37.0,4,23.0
2406,GI,2019,119.0,4,120.0
2406,JZ,2019,6.0,4,8.0
2406,KZ,2019,16.0,4,11.0
2406,LZ,2019,19.0,4,31.0
2406,MN,2019,64.0,4,52.0
2406,OQ,2019,43.0,4,27.0
2406,RU,2019,41.0,4,39.0
2411,BE,2019,28.0,4,31.0
2411,FZ,2019,66.0,4,74.0
2411,GI,2019,210.0,4,225.0
2411,JZ,2019,16.0,4,9.0
2411,KZ,2019,9.0,4,15.0
2411,LZ,2019,10.0,4,9.0
2411,MN,2019,86.0,4,92.0
2411,OQ,2019,46.0,4,30.0
2411,RU,2019,67.0,4,60.0
2701,BE,2019,46.0,4,25.0
2701,FZ,2019,40.0,4,30.0
2701,GI,2019,135.0,4,101.0
2701,JZ,2019,14.0,4,9.0
2701,KZ,2019,7.0,4,9.0
2701,LZ,2019,12.0,4,16.0
2701,MN,2019,55.0,4,46.0
2701,OQ,2019,38.0,4,41.0
2701,RU,2019,50.0,4,44.0
2706,BE,2019,193.0,4,189.0
2706,FZ,2019,300.0,4,271.0
2706,GI,2019,1275.0,4,1074.0
2706,JZ,2019,119.0,4,87.0
2706,KZ,2019,119.0,4,90.0
2706,LZ,2019,166.0,4,146.0
2706,MN,2019,529.0,4,506.0
2706,OQ,2019,455.0,4,405.0
2706,RU,2019,395.0,4,306.0
2711,BE,2019,250.0,4,176.0
2711,FZ,2019,459.0,4,383.0
2711,GI,2019,1934.0,4,1616.0
2711,JZ,2019,177.0,4,144.0
2711,KZ,2019,145.0,4,133.0
2711,LZ,2019,159.0,4,134.0
2711,MN,2019,885.0,4,767.0
2711,OQ,2019,552.0,4,504.0
2711,RU,2019,535.0,4,417.0
2716,BE,2019,46.0,4,48.0
2716,FZ,2019,81.0,4,49.0
2716,GI,2019,173.0,4,159.0
2716,JZ,2019,8.0,4,10.0
2716,KZ,2019,13.0,4,11.0
2716,LZ,2019,16.0,4,24.0
2716,MN,2019,82.0,4,60.0
2716,OQ,2019,60.0,4,65.0
2716,RU,2019,55.0,4,41.0
2803,BE,2019,40.0,4,31.0
2803,FZ,2019,77.0,4,57.0
2803,GI,2019,227.0,4,218.0
2803,JZ,2019,13.0,4,16.0
2803,KZ,2019,34.0,4,13.0
2803,LZ,2019,16.0,4,18.0
2803,MN,2019,82.0,4,71.0
2803,OQ,2019,33.0,4,44.0
2803,RU,2019,76.0,4,65.0
2808,BE,2019,91.0,4,81.0
2808,FZ,2019,226.0,4,182.0
2808,GI,2019,648.0,4,573.0
2808,JZ,2019,67.0,4,53.0
2808,KZ,2019,71.0,4,56.0
2808,LZ,2019,72.0,4,74.0
2808,MN,2019,325.0,4,254.0
2808,OQ,2019,166.0,4,154.0
2808,RU,2019,193.0,4,172.0
2813,BE,2019,163.0,4,87.0
2813,FZ,2019,190.0,4,170.0
2813,GI,2019,1182.0,4,988.0
2813,JZ,2019,88.0,4,62.0
2813,KZ,2019,70.0,4,86.0
2813,LZ,2019,128.0,4,168.0
2813,MN,2019,486.0,4,427.0
2813,OQ,2019,290.0,4,252.0
2813,RU,2019,359.0,4,270.0
2818,BE,2019,31.0,4,19.0
2818,FZ,2019,33.0,4,32.0
2818,GI,2019,108.0,4,99.0
2818,JZ,2019,12.0,4,3.0
2818,KZ,2019,14.0,4,7.0
2818,LZ,2019,7.0,4,7.0
2818,MN,2019,51.0,4,32.0
2818,OQ,2019,33.0,4,33.0
2818,RU,2019,41.0,4,29.0
3204,BE,2019,75.0,4,59.0
3204,FZ,2019,106.0,4,92.0
3204,GI,2019,419.0,4,358.0
3204,JZ,2019,31.0,4,21.0
3204,KZ,2019,48.0,4,42.0
3204,LZ,2019,47.0,4,39.0
3204,MN,2019,170.0,4,182.0
3204,OQ,2019,111.0,4,93.0
3204,RU,2019,106.0,4,88.0
3209,BE,2019,45.0,4,24.0
3209,FZ,2019,68.0,4,69.0
3209,GI,2019,201.0,4,182.0
3209,JZ,2019,24.0,4,22.0
3209,KZ,2019,13.0,4,17.0
3209,LZ,2019,48.0,4,40.0
3209,MN,2019,130.0,4,109.0
3209,OQ,2019,64.0,4,71.0
3209,RU,2019,73.0,4,49.0
3214,BE,2019,52.0,4,53.0
3214,FZ,2019,86.0,4,71.0
3214,GI,2019,273.0,4,245.0
3214,JZ,2019,18.0,4,18.0
3214,KZ,2019,22.0,4,31.0
3214,LZ,2019,16.0,4,9.0
3214,MN,2019,120.0,4,110.0
3214,OQ,2019,67.0,4,66.0
3214,RU,2019,84.0,4,70.0
3219,BE,2019,105.0,4,60.0
3219,FZ,2019,133.0,4,111.0
3219,GI,2019,532.0,4,445.0
3219,JZ,2019,28.0,4,26.0
3219,KZ,2019,42.0,4,38.0
3219,LZ,2019,50.0,4,34.0
3219,MN,2019,202.0,4,163.0
3219,OQ,2019,149.0,4,116.0
3219,RU,2019,173.0,4,105.0
4402,BE,2019,83.0,4,63.0
4402,FZ,2019,77.0,4,67.0
4402,GI,2019,312.0,4,331.0
4402,JZ,2019,22.0,4,17.0
4402,KZ,2019,34.0,4,32.0
4402,LZ,2019,26.0,4,16.0
4402,MN,2019,148.0,4,134.0
4402,OQ,2019,107.0,4,79.0
4402,RU,2019,94.0,4,84.0
4407,BE,2019,146.0,4,100.0
4407,FZ,2019,193.0,4,158.0
4407,GI,2019,559.0,4,510.0
4407,JZ,2019,39.0,4,39.0
4407,KZ,2019,38.0,4,42.0
4407,LZ,2019,66.0,4,71.0
4407,MN,2019,271.0,4,228.0
4407,OQ,2019,120.0,4,120.0
4407,RU,2019,170.0,4,156.0
4412,BE,2019,235.0,4,252.0
4412,FZ,2019,496.0,4,448.0
4412,GI,2019,2311.0,4,2078.0
4412,JZ,2019,260.0,4,174.0
4412,KZ,2019,177.0,4,193.0
4412,LZ,2019,169.0,4,130.0
4412,MN,2019,972.0,4,885.0
4412,OQ,2019,857.0,4,703.0
4412,RU,2019,544.0,4,460.0
4417,BE,2019,54.0,4,39.0
4417,FZ,2019,136.0,4,94.0
4417,GI,2019,263.0,4,290.0
4417,JZ,2019,20.0,4,21.0
4417,KZ,2019,23.0,4,10.0
4417,LZ,2019,13.0,4,27.0
4417,MN,2019,142.0,4,88.0
4417,OQ,2019,71.0,4,53.0
4417,RU,2019,89.0,4,75.0
4422,BE,2019,65.0,4,55.0
4422,FZ,2019,104.0,4,88.0
4422,GI,2019,321.0,4,264.0
4422,JZ,2019,29.0,4,28.0
4422,KZ,2019,22.0,4,22.0
4422,LZ,2019,35.0,4,34.0
4422,MN,2019,159.0,4,106.0
4422,OQ,2019,89.0,4,96.0
4422,RU,2019,112.0,4,87.0
4427,BE,2019,64.0,4,72.0
4427,FZ,2019,89.0,4,92.0
4427,GI,2019,284.0,4,305.0
4427,JZ,2019,12.0,4,16.0
4427,KZ,2019,28.0,4,23.0
4427,LZ,2019,23.0,4,26.0
4427,MN,2019,112.0,4,89.0
4427,OQ,2019,72.0,4,60.0
4427,RU,2019,99.0,4,79.0
5205,BE,2019,41.0,4,39.0
5205,FZ,2019,64.0,4,58.0
5205,GI,2019,115.0,4,149.0
5205,JZ,2019,8.0,4,9.0
5205,KZ,2019,20.0,4,10.0
5205,LZ,2019,24.0,4,26.0
5205,MN,2019,93.0,4,35.0
5205,OQ,2019,60.0,4,33.0
5205,RU,2019,48.0,4,41.0
5210,BE,2019,161.0,4,129.0
5210,FZ,2019,156.0,4,133.0
5210,GI,2019,552.0,4,449.0
5210,JZ,2019,50.0,4,31.0
5210,KZ,2019,70.0,4,64.0
5210,LZ,2019,118.0,4,91.0
5210,MN,2019,297.0,4,262.0
5210,OQ,2019,181.0,4,150.0
5210,RU,2019,262.0,4,178.0
5215,BE,2019,50.0,4,36.0
5215,FZ,2019,51.0,4,34.0
5215,GI,2019,194.0,4,178.0
5215,JZ,2019,17.0,4,10.0
5215,KZ,2019,15.0,4,22.0
5215,LZ,2019,14.0,4,15.0
5215,MN,2019,127.0,4,80.0
5215,OQ,2019,61.0,4,53.0
5215,RU,2019,71.0,4,32.0
5220,BE,2019,83.0,4,68.0
5220,FZ,2019,59.0,4,54.0
5220,GI,2019,284.0,4,221.0
5220,JZ,2019,18.0,4,13.0
5220,KZ,2019,29.0,4,16.0
5220,LZ,2019,32.0,4,28.0
5220,MN,2019,141.0,4,106.0
5220,OQ,2019,91.0,4,78.0
5220,RU,2019,104.0,4,81.0
5304,BE,2019,71.0,4,48.0
5304,FZ,2019,99.0,4,87.0
5304,GI,2019,256.0,4,237.0
5304,JZ,2019,30.0,4,22.0
5304,KZ,2019,41.0,4,35.0
5304,LZ,2019,25.0,4,33.0
5304,MN,2019,156.0,4,138.0
5304,OQ,2019,82.0,4,93.0
5304,RU,2019,125.0,4,106.0
5309,BE,2019,160.0,4,122.0
5309,FZ,2019,259.0,4,251.0
5309,GI,2019,588.0,4,541.0
5309,JZ,2019,79.0,4,66.0
5309,KZ,2019,99.0,4,71.0
5309,LZ,2019,147.0,4,110.0
5309,MN,2019,405.0,4,356.0
5309,OQ,2019,307.0,4,235.0
5309,RU,2019,298.0,4,209.0
5314,BE,2019,46.0,4,42.0
5314,FZ,2019,56.0,4,32.0
5314,GI,2019,132.0,4,99.0
5314,JZ,2019,15.0,4,13.0
5314,KZ,2019,11.0,4,13.0
5314,LZ,2019,32.0,4,18.0
5314,MN,2019,85.0,4,80.0
5314,OQ,2019,69.0,4,58.0
5314,RU,2019,72.0,4,67.0
5319,BE,2019,58.0,4,55.0
5319,FZ,2019,52.0,4,47.0
5319,GI,2019,222.0,4,209.0
5319,JZ,2019,33.0,4,23.0
5319,KZ,2019,54.0,4,50.0
5319,LZ,2019,58.0,4,37.0
5319,MN,2019,153.0,4,112.0
5319,OQ,2019,75.0,4,69.0
5319,RU,2019,105.0,4,58.0
7505,BE,2019,946.0,4,768.0
7505,FZ,2019,2432.0,4,2139.0
7505,GI,2019,6871.0,4,7005.0
7505,JZ,2019,1095.0,4,959.0
7505,KZ,2019,816.0,4,713.0
7505,LZ,2019,673.0,4,645.0
7505,MN,2019,5717.0,4,4777.0
7505,OQ,2019,2396.0,4,2412.0
7505,RU,2019,2352.0,4,2055.0
7510,BE,2019,177.0,4,161.0
7510,FZ,2019,243.0,4,210.0
7510,GI,2019,707.0,4,599.0
7510,JZ,2019,56.0,4,46.0
7510,KZ,2019,70.0,4,40.0
7510,LZ,2019,100.0,4,126.0
7510,MN,2019,394.0,4,336.0
7510,OQ,2019,304.0,4,267.0
7510,RU,2019,294.0,4,228.0
7515,BE,2019,64.0,4,44.0
7515,FZ,2019,124.0,4,116.0
7515,GI,2019,285.0,4,316.0
7515,JZ,2019,10.0,4,14.0
7515,KZ,2019,25.0,4,13.0
7515,LZ,2019,14.0,4,21.0
7515,MN,2019,136.0,4,121.0
7515,OQ,2019,83.0,4,81.0
7515,RU,2019,140.0,4,116.0
7520,BE,2019,184.0,4,137.0
7520,FZ,2019,173.0,4,158.0
7520,GI,2019,572.0,4,523.0
7520,JZ,2019,73.0,4,70.0
7520,KZ,2019,67.0,4,60.0
7520,LZ,2019,118.0,4,86.0
7520,MN,2019,342.0,4,295.0
7520,OQ,2019,211.0,4,208.0
7520,RU,2019,226.0,4,194.0
7525,BE,2019,58.0,4,51.0
7525,FZ,2019,102.0,4,88.0
7525,GI,2019,285.0,4,283.0
7525,JZ,2019,26.0,4,16.0
7525,KZ,2019,20.0,4,15.0
7525,LZ,2019,48.0,4,18.0
7525,MN,2019,138.0,4,118.0
7525,OQ,2019,103.0,4,103.0
7525,RU,2019,116.0,4,101.0
7530,BE,2019,51.0,4,35.0
7530,FZ,2019,33.0,4,45.0
7530,GI,2019,151.0,4,159.0
7530,JZ,2019,10.0,4,4.0
7530,KZ,2019,17.0,4,22.0
7530,LZ,2019,31.0,4,26.0
7530,MN,2019,84.0,4,56.0
7530,OQ,2019,42.0,4,46.0
7530,RU,2019,48.0,4,38.0
7603,BE,2019,194.0,4,148.0
7603,FZ,2019,337.0,4,274.0
7603,GI,2019,713.0,4,644.0
7603,JZ,2019,70.0,4,45.0
7603,KZ,2019,46.0,4,49.0
7603,LZ,2019,31.0,4,28.0
7603,MN,2019,384.0,4,301.0
7603,OQ,2019,231.0,4,211.0
7603,RU,2019,300.0,4,244.0
7608,BE,2019,239.0,4,168.0
7608,FZ,2019,332.0,4,264.0
7608,GI,2019,687.0,4,624.0
7608,JZ,2019,58.0,4,56.0
7608,KZ,2019,39.0,4,43.0
7608,LZ,2019,94.0,4,101.0
7608,MN,2019,430.0,4,321.0
7608,OQ,2019,257.0,4,262.0
7608,RU,2019,271.0,4,268.0
7613,BE,2019,83.0,4,75.0
7613,FZ,2019,49.0,4,42.0
7613,GI,2019,171.0,4,181.0
7613,JZ,2019,16.0,4,12.0
7613,KZ,2019,5.0,4,11.0
7613,LZ,2019,22.0,4,11.0
7613,MN,2019,93.0,4,78.0
7613,OQ,2019,68.0,4,77.0
7613,RU,2019,69.0,4,49.0
7618,BE,2019,316.0,4,282.0
7618,FZ,2019,737.0,4,664.0
7618,GI,2019,1799.0,4,1713.0
7618,JZ,2019,176.0,4,144.0
7618,KZ,2019,173.0,4,147.0
7618,LZ,2019,154.0,4,112.0
7618,MN,2019,1084.0,4,870.0
7618,OQ,2019,567.0,4,541.0
7618,RU,2019,573.0,4,481.0
7623,BE,2019,81.0,4,61.0
7623,FZ,2019,209.0,4,140.0
7623,GI,2019,430.0,4,421.0
7623,JZ,2019,48.0,4,37.0
7623,KZ,2019,50.0,4,27.0
7623,LZ,2019,119.0,4,75.0
7623,MN,2019,279.0,4,240.0
7623,OQ,2019,156.0,4,174.0
7623,RU,2019,187.0,4,144.0
8403,BE,2019,102.0,4,79.0
8403,FZ,2019,66.0,4,57.0
8403,GI,2019,226.0,4,169.0
8403,JZ,2019,13.0,4,11.0
8403,KZ,2019,21.0,4,14.0
8403,LZ,2019,20.0,4,25.0
8403,MN,2019,88.0,4,76.0
8403,OQ,2019,80.0,4,76.0
8403,RU,2019,58.0,4,55.0
8408,BE,2019,299.0,4,219.0
8408,FZ,2019,494.0,4,453.0
8408,GI,2019,1677.0,4,1601.0
8408,JZ,2019,160.0,4,177.0
8408,KZ,2019,169.0,4,168.0
8408,LZ,2019,223.0,4,173.0
8408,MN,2019,948.0,4,883.0
8408,OQ,2019,732.0,4,692.0
8408,RU,2019,606.0,4,532.0
8413,BE,2019,89.0,4,72.0
8413,FZ,2019,266.0,4,214.0
8413,GI,2019,610.0,4,627.0
8413,JZ,2019,32.0,4,29.0
8413,KZ,2019,54.0,4,35.0
8413,LZ,2019,170.0,4,129.0
8413,MN,2019,435.0,4,384.0
8413,OQ,2019,428.0,4,451.0
8413,RU,2019,235.0,4,217.0
8418,BE,2019,62.0,4,39.0
8418,FZ,2019,140.0,4,109.0
8418,GI,2019,285.0,4,251.0
8418,JZ,2019,37.0,4,31.0
8418,KZ,2019,21.0,4,13.0
8418,LZ,2019,90.0,4,77.0
8418,MN,2019,415.0,4,288.0
8418,OQ,2019,217.0,4,206.0
8418,RU,2019,222.0,4,166.0
8423,BE,2019,114.0,4,126.0
8423,FZ,2019,73.0,4,78.0
8423,GI,2019,350.0,4,290.0
8423,JZ,2019,19.0,4,18.0
8423,KZ,2019,19.0,4,28.0
8423,LZ,2019,34.0,4,26.0
8423,MN,2019,117.0,4,116.0
8423,OQ,2019,118.0,4,105.0
8423,RU,2019,102.0,4,80.0
8428,BE,2019,395.0,4,234.0
8428,FZ,2019,850.0,4,703.0
8428,GI,2019,2123.0,4,1764.0
8428,JZ,2019,197.0,4,162.0
8428,KZ,2019,200.0,4,209.0
8428,LZ,2019,319.0,4,257.0
8428,MN,2019,1222.0,4,916.0
8428,OQ,2019,810.0,4,661.0
8428,RU,2019,571.0,4,474.0
8433,BE,2019,228.0,4,170.0
8433,FZ,2019,481.0,4,388.0
8433,GI,2019,759.0,4,705.0
8433,JZ,2019,81.0,4,65.0
8433,KZ,2019,68.0,4,61.0
8433,LZ,2019,105.0,4,81.0
8433,MN,2019,508.0,4,401.0
8433,OQ,2019,265.0,4,267.0
8433,RU,2019,349.0,4,218.0
9303,BE,2019,134.0,4,78.0
9303,FZ,2019,282.0,4,290.0
9303,GI,2019,630.0,4,673.0
9303,JZ,2019,54.0,4,49.0
9303,KZ,2019,62.0,4,38.0
9303,LZ,2019,77.0,4,76.0
9303,MN,2019,388.0,4,353.0
9303,OQ,2019,256.0,4,189.0
9303,RU,2019,260.0,4,222.0
9308,BE,2019,115.0,4,77.0
9308,FZ,2019,326.0,4,287.0
9308,GI,2019,567.0,4,554.0
9308,JZ,2019,39.0,4,32.0
9308,KZ,2019,37.0,4,28.0
9308,LZ,2019,56.0,4,48.0
9308,MN,2019,381.0,4,307.0
9308,OQ,2019,205.0,4,146.0
9308,RU,2019,187.0,4,179.0
9313,BE,2019,220.0,4,186.0
9313,FZ,2019,462.0,4,405.0
9313,GI,2019,1444.0,4,1241.0
9313,JZ,2019,136.0,4,107.0
9313,KZ,2019,89.0,4,94.0
9313,LZ,2019,128.0,4,87.0
9313,MN,2019,788.0,4,632.0
9313,OQ,2019,438.0,4,434.0
9313,RU,2019,469.0,4,390.0
9318,BE,2019,405.0,4,339.0
9318,FZ,2019,1306.0,4,1084.0
9318,GI,2019,2715.0,4,2532.0
9318,JZ,2019,291.0,4,222.0
9318,KZ,2019,227.0,4,208.0
9318,LZ,2019,501.0,4,427.0
9318,MN,2019,1803.0,4,1568.0
9318,OQ,2019,1051.0,4,1018.0
9318,RU,2019,1077.0,4,869.0
0051,BE,2020,66.0,0,71.0
0051,FZ,2020,94.0,0,114.0
0051,GI,2020,386.0,0,326.0
0051,JZ,2020,31.0,0,27.0
0051,KZ,2020,25.0,0,35.0
0051,LZ,2020,33.0,0,41.0
0051,MN,2020,174.0,0,150.0
0051,OQ,2020,102.0,0,97.0
0051,RU,2020,98.0,0,116.0
0056,BE,2020,95.0,0,80.0
0056,FZ,2020,65.0,0,69.0
0056,GI,2020,218.0,0,205.0
0056,JZ,2020,14.0,0,17.0
0056,KZ,2020,14.0,0,18.0
0056,LZ,2020,29.0,0,31.0
0056,MN,2020,84.0,0,120.0
0056,OQ,2020,33.0,0,38.0
0056,RU,2020,70.0,0,54.0
0061,BE,2020,44.0,0,45.0
0061,FZ,2020,68.0,0,74.0
0061,GI,2020,164.0,0,158.0
0061,JZ,2020,26.0,0,27.0
0061,KZ,2020,16.0,0,12.0
0061,LZ,2020,31.0,0,23.0
0061,MN,2020,117.0,0,95.0
0061,OQ,2020,38.0,0,47.0
0061,RU,2020,64.0,0,65.0
1102,BE,2020,70.0,0,54.0
1102,FZ,2020,102.0,0,116.0
1102,GI,2020,372.0,0,296.0
1102,JZ,2020,31.0,0,29.0
1102,KZ,2020,15.0,0,20.0
1102,LZ,2020,31.0,0,27.0
1102,MN,2020,170.0,0,179.0
1102,OQ,2020,64.0,0,80.0
1102,RU,2020,101.0,0,98.0
1107,BE,2020,103.0,0,144.0
1107,FZ,2020,273.0,0,283.0
1107,GI,2020,1243.0,0,1053.0
1107,JZ,2020,131.0,0,105.0
1107,KZ,2020,70.0,0,56.0
1107,LZ,2020,85.0,0,76.0
1107,MN,2020,600.0,0,606.0
1107,OQ,2020,208.0,0,201.0
1107,RU,2020,251.0,0,304.0
1112,BE,2020,348.0,0,346.0
1112,FZ,2020,1895.0,0,1928.0
1112,GI,2020,8072.0,0,6870.0
1112,JZ,2020,689.0,0,728.0
1112,KZ,2020,288.0,0,267.0
1112,LZ,2020,406.0,0,378.0
1112,MN,2020,3192.0,0,3206.0
1112,OQ,2020,966.0,0,1078.0
1112,RU,2020,1051.0,0,1040.0
2402,BE,2020,185.0,0,151.0
2402,FZ,2020,176.0,0,146.0
2402,GI,2020,801.0,0,606.0
2402,JZ,2020,64.0,0,56.0
2402,KZ,2020,39.0,0,48.0
2402,LZ,2020,56.0,0,65.0
2402,MN,2020,274.0,0,256.0
2402,OQ,2020,157.0,0,155.0
2402,RU,2020,160.0,0,202.0
2407,BE,2020,58.0,0,60.0
2407,FZ,2020,62.0,0,67.0
2407,GI,2020,247.0,0,194.0
2407,JZ,2020,16.0,0,10.0
2407,KZ,2020,12.0,0,12.0
2407,LZ,2020,19.0,0,14.0
2407,MN,2020,90.0,0,107.0
2407,OQ,2020,50.0,0,46.0
2407,RU,2020,52.0,0,63.0
2412,BE,2020,78.0,0,56.0
2412,FZ,2020,88.0,0,101.0
2412,GI,2020,277.0,0,263.0
2412,JZ,2020,25.0,0,26.0
2412,KZ,2020,13.0,0,11.0
2412,LZ,2020,35.0,0,46.0
2412,MN,2020,138.0,0,151.0
2412,OQ,2020,51.0,0,69.0
2412,RU,2020,70.0,0,80.0
2702,BE,2020,140.0,0,121.0
2702,FZ,2020,171.0,0,175.0
2702,GI,2020,725.0,0,636.0
2702,JZ,2020,56.0,0,70.0
2702,KZ,2020,50.0,0,51.0
2702,LZ,2020,109.0,0,79.0
2702,MN,2020,276.0,0,288.0
2702,OQ,2020,134.0,0,162.0
2702,RU,2020,153.0,0,211.0
2707,BE,2020,111.0,0,138.0
2707,FZ,2020,156.0,0,134.0
2707,GI,2020,685.0,0,534.0
2707,JZ,2020,55.0,0,39.0
2707,KZ,2020,40.0,0,56.0
2707,LZ,2020,63.0,0,33.0
2707,MN,2020,316.0,0,273.0
2707,OQ,2020,162.0,0,166.0
2707,RU,2020,158.0,0,171.0
2712,BE,2020,84.0,0,82.0
2712,FZ,2020,95.0,0,124.0
2712,GI,2020,377.0,0,296.0
2712,JZ,2020,21.0,0,21.0
2712,KZ,2020,23.0,0,22.0
2712,LZ,2020,13.0,0,38.0
2712,MN,2020,111.0,0,102.0
2712,OQ,2020,67.0,0,77.0
2712,RU,2020,95.0,0,101.0
2717,BE,2020,87.0,0,64.0
2717,FZ,2020,166.0,0,129.0
2717,GI,2020,500.0,0,374.0
2717,JZ,2020,32.0,0,44.0
2717,KZ,2020,34.0,0,25.0
2717,LZ,2020,86.0,0,68.0
2717,MN,2020,211.0,0,192.0
2717,OQ,2020,82.0,0,103.0
2717,RU,2020,118.0,0,125.0
2804,BE,2020,386.0,0,332.0
2804,FZ,2020,594.0,0,623.0
2804,GI,2020,2404.0,0,2297.0
2804,JZ,2020,256.0,0,240.0
2804,KZ,2020,326.0,0,257.0
2804,LZ,2020,263.0,0,225.0
2804,MN,2020,1224.0,0,1191.0
2804,OQ,2020,721.0,0,652.0
2804,RU,2020,687.0,0,696.0
2809,BE,2020,53.0,0,36.0
2809,FZ,2020,65.0,0,77.0
2809,GI,2020,256.0,0,230.0
2809,JZ,2020,18.0,0,12.0
2809,KZ,2020,37.0,0,16.0
2809,LZ,2020,24.0,0,19.0
2809,MN,2020,101.0,0,107.0
2809,OQ,2020,61.0,0,63.0
2809,RU,2020,63.0,0,66.0
2814,BE,2020,52.0,0,52.0
2814,FZ,2020,81.0,0,115.0
2814,GI,2020,283.0,0,249.0
2814,JZ,2020,22.0,0,29.0
2814,KZ,2020,31.0,0,27.0
2814,LZ,2020,22.0,0,24.0
2814,MN,2020,161.0,0,137.0
2814,OQ,2020,105.0,0,46.0
2814,RU,2020,94.0,0,109.0
2819,BE,2020,71.0,0,78.0
2819,FZ,2020,69.0,0,80.0
2819,GI,2020,330.0,0,262.0
2819,JZ,2020,23.0,0,28.0
2819,KZ,2020,32.0,0,31.0
2819,LZ,2020,28.0,0,31.0
2819,MN,2020,160.0,0,128.0
2819,OQ,2020,90.0,0,85.0
2819,RU,2020,93.0,0,103.0
3205,BE,2020,126.0,0,109.0
3205,FZ,2020,201.0,0,197.0
3205,GI,2020,870.0,0,705.0
3205,JZ,2020,60.0,0,53.0
3205,KZ,2020,55.0,0,54.0
3205,LZ,2020,79.0,0,62.0
3205,MN,2020,279.0,0,243.0
3205,OQ,2020,194.0,0,209.0
3205,RU,2020,180.0,0,226.0
3210,BE,2020,80.0,0,113.0
3210,FZ,2020,176.0,0,177.0
3210,GI,2020,705.0,0,667.0
3210,JZ,2020,56.0,0,68.0
3210,KZ,2020,77.0,0,56.0
3210,LZ,2020,61.0,0,45.0
3210,MN,2020,367.0,0,357.0
3210,OQ,2020,166.0,0,179.0
3210,RU,2020,182.0,0,197.0
3215,BE,2020,176.0,0,174.0
3215,FZ,2020,303.0,0,295.0
3215,GI,2020,1421.0,0,1224.0
3215,JZ,2020,113.0,0,106.0
3215,KZ,2020,61.0,0,64.0
3215,LZ,2020,69.0,0,56.0
3215,MN,2020,450.0,0,433.0
3215,OQ,2020,258.0,0,275.0
3215,RU,2020,280.0,0,341.0
3220,BE,2020,132.0,0,111.0
3220,FZ,2020,203.0,0,206.0
3220,GI,2020,773.0,0,772.0
3220,JZ,2020,41.0,0,42.0
3220,KZ,2020,69.0,0,51.0
3220,LZ,2020,51.0,0,31.0
3220,MN,2020,313.0,0,281.0
3220,OQ,2020,159.0,0,162.0
3220,RU,2020,168.0,0,197.0
4403,BE,2020,97.0,0,84.0
4403,FZ,2020,182.0,0,183.0
4403,GI,2020,501.0,0,463.0
4403,JZ,2020,38.0,0,38.0
4403,KZ,2020,36.0,0,33.0
4403,LZ,2020,55.0,0,41.0
4403,MN,2020,195.0,0,172.0
4403,OQ,2020,126.0,0,140.0
4403,RU,2020,125.0,0,158.0
4408,BE,2020,53.0,0,59.0
4408,FZ,2020,137.0,0,114.0
4408,GI,2020,346.0,0,310.0
4408,JZ,2020,14.0,0,16.0
4408,KZ,2020,16.0,0,12.0
4408,LZ,2020,19.0,0,14.0
4408,MN,2020,128.0,0,138.0
4408,OQ,2020,64.0,0,83.0
4408,RU,2020,78.0,0,88.0
4413,BE,2020,186.0,0,176.0
4413,FZ,2020,382.0,0,363.0
4413,GI,2020,1727.0,0,1416.0
4413,JZ,2020,160.0,0,140.0
4413,KZ,2020,156.0,0,167.0
4413,LZ,2020,217.0,0,219.0
4413,MN,2020,771.0,0,804.0
4413,OQ,2020,432.0,0,478.0
4413,RU,2020,339.0,0,401.0
4418,BE,2020,119.0,0,53.0
4418,FZ,2020,81.0,0,75.0
4418,GI,2020,305.0,0,298.0
4418,JZ,2020,38.0,0,31.0
4418,KZ,2020,11.0,0,24.0
4418,LZ,2020,40.0,0,19.0
4418,MN,2020,149.0,0,133.0
4418,OQ,2020,98.0,0,85.0
4418,RU,2020,125.0,0,119.0
4423,BE,2020,445.0,0,379.0
4423,FZ,2020,883.0,0,840.0
4423,GI,2020,3439.0,0,3092.0
4423,JZ,2020,459.0,0,468.0
4423,KZ,2020,344.0,0,343.0
4423,LZ,2020,495.0,0,441.0
4423,MN,2020,2126.0,0,2176.0
4423,OQ,2020,1315.0,0,1296.0
4423,RU,2020,934.0,0,959.0
5201,BE,2020,135.0,0,104.0
5201,FZ,2020,112.0,0,118.0
5201,GI,2020,269.0,0,220.0
5201,JZ,2020,28.0,0,28.0
5201,KZ,2020,26.0,0,30.0
5201,LZ,2020,39.0,0,53.0
5201,MN,2020,174.0,0,183.0
5201,OQ,2020,95.0,0,101.0
5201,RU,2020,116.0,0,114.0
5206,BE,2020,151.0,0,128.0
5206,FZ,2020,142.0,0,171.0
5206,GI,2020,539.0,0,503.0
5206,JZ,2020,37.0,0,52.0
5206,KZ,2020,68.0,0,68.0
5206,LZ,2020,94.0,0,83.0
5206,MN,2020,298.0,0,289.0
5206,OQ,2020,134.0,0,161.0
5206,RU,2020,161.0,0,175.0
5211,BE,2020,104.0,0,99.0
5211,FZ,2020,100.0,0,109.0
5211,GI,2020,705.0,0,518.0
5211,JZ,2020,50.0,0,62.0
5211,KZ,2020,58.0,0,72.0
5211,LZ,2020,78.0,0,51.0
5211,MN,2020,531.0,0,307.0
5211,OQ,2020,140.0,0,139.0
5211,RU,2020,149.0,0,131.0
5216,BE,2020,703.0,0,624.0
5216,FZ,2020,1084.0,0,1098.0
5216,GI,2020,3675.0,0,3399.0
5216,JZ,2020,920.0,0,883.0
5216,KZ,2020,502.0,0,497.0
5216,LZ,2020,836.0,0,800.0
5216,MN,2020,3471.0,0,3461.0
5216,OQ,2020,1554.0,0,1749.0
5216,RU,2020,1362.0,0,1481.0
5221,BE,2020,67.0,0,37.0
5221,FZ,2020,40.0,0,43.0
5221,GI,2020,142.0,0,146.0
5221,JZ,2020,12.0,0,10.0
5221,KZ,2020,17.0,0,12.0
5221,LZ,2020,22.0,0,20.0
5221,MN,2020,74.0,0,71.0
5221,OQ,2020,47.0,0,37.0
5221,RU,2020,71.0,0,56.0
5305,BE,2020,63.0,0,51.0
5305,FZ,2020,56.0,0,41.0
5305,GI,2020,184.0,0,157.0
5305,JZ,2020,25.0,0,26.0
5305,KZ,2020,24.0,0,22.0
5305,LZ,2020,39.0,0,35.0
5305,MN,2020,116.0,0,92.0
5305,OQ,2020,58.0,0,59.0
5305,RU,2020,71.0,0,79.0
5310,BE,2020,108.0,0,100.0
5310,FZ,2020,91.0,0,71.0
5310,GI,2020,323.0,0,318.0
5310,JZ,2020,27.0,0,27.0
5310,KZ,2020,39.0,0,36.0
5310,LZ,2020,58.0,0,53.0
5310,MN,2020,185.0,0,202.0
5310,OQ,2020,109.0,0,117.0
5310,RU,2020,101.0,0,119.0
5315,BE,2020,475.0,0,447.0
5315,FZ,2020,591.0,0,636.0
5315,GI,2020,2587.0,0,2264.0
5315,JZ,2020,523.0,0,535.0
5315,KZ,2020,492.0,0,486.0
5315,LZ,2020,436.0,0,400.0
5315,MN,2020,2024.0,0,1981.0
5315,OQ,2020,1014.0,0,1144.0
5315,RU,2020,847.0,0,920.0
7501,BE,2020,134.0,0,140.0
7501,FZ,2020,132.0,0,139.0
7501,GI,2020,646.0,0,501.0
7501,JZ,2020,44.0,0,27.0
7501,KZ,2020,54.0,0,94.0
7501,LZ,2020,74.0,0,69.0
7501,MN,2020,259.0,0,305.0
7501,OQ,2020,169.0,0,154.0
7501,RU,2020,136.0,0,185.0
7506,BE,2020,122.0,0,93.0
7506,FZ,2020,53.0,0,62.0
7506,GI,2020,345.0,0,288.0
7506,JZ,2020,33.0,0,24.0
7506,KZ,2020,41.0,0,39.0
7506,LZ,2020,72.0,0,53.0
7506,MN,2020,158.0,0,141.0
7506,OQ,2020,100.0,0,73.0
7506,RU,2020,90.0,0,92.0
7511,BE,2020,282.0,0,259.0
7511,FZ,2020,89.0,0,98.0
7511,GI,2020,288.0,0,268.0
7511,JZ,2020,30.0,0,21.0
7511,KZ,2020,30.0,0,24.0
7511,LZ,2020,54.0,0,32.0
7511,MN,2020,184.0,0,173.0
7511,OQ,2020,92.0,0,95.0
7511,RU,2020,126.0,0,109.0
7516,BE,2020,142.0,0,128.0
7516,FZ,2020,291.0,0,305.0
7516,GI,2020,631.0,0,587.0
7516,JZ,2020,64.0,0,36.0
7516,KZ,2020,63.0,0,73.0
7516,LZ,2020,125.0,0,101.0
7516,MN,2020,376.0,0,366.0
7516,OQ,2020,167.0,0,148.0
7516,RU,2020,219.0,0,283.0
7521,BE,2020,74.0,0,63.0
7521,FZ,2020,55.0,0,52.0
7521,GI,2020,221.0,0,180.0
7521,JZ,2020,18.0,0,17.0
7521,KZ,2020,21.0,0,9.0
7521,LZ,2020,41.0,0,42.0
7521,MN,2020,123.0,0,103.0
7521,OQ,2020,103.0,0,92.0
7521,RU,2020,91.0,0,79.0
7526,BE,2020,133.0,0,114.0
7526,FZ,2020,225.0,0,179.0
7526,GI,2020,583.0,0,581.0
7526,JZ,2020,53.0,0,48.0
7526,KZ,2020,59.0,0,65.0
7526,LZ,2020,92.0,0,130.0
7526,MN,2020,287.0,0,304.0
7526,OQ,2020,154.0,0,152.0
7526,RU,2020,220.0,0,206.0
7531,BE,2020,119.0,0,117.0
7531,FZ,2020,80.0,0,83.0
7531,GI,2020,232.0,0,205.0
7531,JZ,2020,28.0,0,18.0
7531,KZ,2020,16.0,0,12.0
7531,LZ,2020,20.0,0,21.0
7531,MN,2020,112.0,0,117.0
7531,OQ,2020,68.0,0,86.0
7531,RU,2020,97.0,0,88.0
7604,BE,2020,283.0,0,270.0
7604,FZ,2020,208.0,0,205.0
7604,GI,2020,625.0,0,493.0
7604,JZ,2020,44.0,0,57.0
7604,KZ,2020,55.0,0,50.0
7604,LZ,2020,62.0,0,86.0
7604,MN,2020,361.0,0,272.0
7604,OQ,2020,167.0,0,198.0
7604,RU,2020,197.0,0,204.0
7609,BE,2020,112.0,0,88.0
7609,FZ,2020,88.0,0,90.0
7609,GI,2020,250.0,0,234.0
7609,JZ,2020,12.0,0,13.0
7609,KZ,2020,12.0,0,12.0
7609,LZ,2020,32.0,0,12.0
7609,MN,2020,158.0,0,124.0
7609,OQ,2020,61.0,0,86.0
7609,RU,2020,89.0,0,85.0
7614,BE,2020,143.0,0,130.0
7614,FZ,2020,62.0,0,71.0
7614,GI,2020,225.0,0,202.0
7614,JZ,2020,18.0,0,11.0
7614,KZ,2020,19.0,0,15.0
7614,LZ,2020,25.0,0,23.0
7614,MN,2020,111.0,0,101.0
7614,OQ,2020,79.0,0,82.0
7614,RU,2020,71.0,0,106.0
7619,BE,2020,90.0,0,96.0
7619,FZ,2020,76.0,0,51.0
7619,GI,2020,174.0,0,172.0
7619,JZ,2020,20.0,0,14.0
7619,KZ,2020,9.0,0,10.0
7619,LZ,2020,21.0,0,9.0
7619,MN,2020,114.0,0,99.0
7619,OQ,2020,51.0,0,47.0
7619,RU,2020,62.0,0,71.0
7624,BE,2020,280.0,0,210.0
7624,FZ,2020,328.0,0,323.0
7624,GI,2020,992.0,0,862.0
7624,JZ,2020,73.0,0,40.0
7624,KZ,2020,55.0,0,93.0
7624,LZ,2020,135.0,0,165.0
7624,MN,2020,469.0,0,404.0
7624,OQ,2020,321.0,0,369.0
7624,RU,2020,311.0,0,378.0
8404,BE,2020,56.0,0,57.0
8404,FZ,2020,85.0,0,71.0
8404,GI,2020,170.0,0,182.0
8404,JZ,2020,14.0,0,16.0
8404,KZ,2020,10.0,0,11.0
8404,LZ,2020,31.0,0,28.0
8404,MN,2020,117.0,0,93.0
8404,OQ,2020,57.0,0,66.0
8404,RU,2020,58.0,0,80.0
8409,BE,2020,459.0,0,462.0
8409,FZ,2020,966.0,0,983.0
8409,GI,2020,2946.0,0,2719.0
8409,JZ,2020,418.0,0,417.0
8409,KZ,2020,191.0,0,191.0
8409,LZ,2020,486.0,0,406.0
8409,MN,2020,2012.0,0,1997.0
8409,OQ,2020,1060.0,0,1145.0
8409,RU,2020,840.0,0,939.0
8414,BE,2020,60.0,0,63.0
8414,FZ,2020,122.0,0,117.0
8414,GI,2020,342.0,0,314.0
8414,JZ,2020,47.0,0,29.0
8414,KZ,2020,24.0,0,29.0
8414,LZ,2020,70.0,0,61.0
8414,MN,2020,252.0,0,213.0
8414,OQ,2020,122.0,0,145.0
8414,RU,2020,123.0,0,131.0
8419,BE,2020,137.0,0,100.0
8419,FZ,2020,110.0,0,114.0
8419,GI,2020,325.0,0,311.0
8419,JZ,2020,32.0,0,37.0
8419,KZ,2020,33.0,0,33.0
8419,LZ,2020,49.0,0,45.0
8419,MN,2020,170.0,0,149.0
8419,OQ,2020,145.0,0,147.0
8419,RU,2020,109.0,0,129.0
8424,BE,2020,170.0,0,152.0
8424,FZ,2020,69.0,0,55.0
8424,GI,2020,275.0,0,219.0
8424,JZ,2020,15.0,0,27.0
8424,KZ,2020,18.0,0,16.0
8424,LZ,2020,39.0,0,20.0
8424,MN,2020,109.0,0,113.0
8424,OQ,2020,81.0,0,82.0
8424,RU,2020,66.0,0,82.0
8429,BE,2020,70.0,0,64.0
8429,FZ,2020,13.0,0,19.0
8429,GI,2020,79.0,0,92.0
8429,JZ,2020,6.0,0,2.0
8429,KZ,2020,4.0,0,7.0
8429,LZ,2020,17.0,0,12.0
8429,MN,2020,36.0,0,36.0
8429,OQ,2020,27.0,0,30.0
8429,RU,2020,30.0,0,30.0
8434,BE,2020,166.0,0,142.0
8434,FZ,2020,287.0,0,291.0
8434,GI,2020,889.0,0,764.0
8434,JZ,2020,91.0,0,84.0
8434,KZ,2020,71.0,0,63.0
8434,LZ,2020,116.0,0,91.0
8434,MN,2020,502.0,0,470.0
8434,OQ,2020,228.0,0,231.0
8434,RU,2020,245.0,0,235.0
9304,BE,2020,437.0,0,407.0
9304,FZ,2020,1070.0,0,1033.0
9304,GI,2020,2702.0,0,2609.0
9304,JZ,2020,470.0,0,471.0
9304,KZ,2020,258.0,0,268.0
9304,LZ,2020,851.0,0,811.0
9304,MN,2020,2470.0,0,2392.0
9304,OQ,2020,845.0,0,959.0
9304,RU,2020,1013.0,0,996.0
9309,BE,2020,110.0,0,87.0
9309,FZ,2020,341.0,0,318.0
9309,GI,2020,786.0,0,738.0
9309,JZ,2020,80.0,0,65.0
9309,KZ,2020,69.0,0,66.0
9309,LZ,2020,133.0,0,98.0
9309,MN,2020,516.0,0,510.0
9309,OQ,2020,199.0,0,237.0
9309,RU,2020,248.0,0,279.0
9314,BE,2020,43.0,0,34.0
9314,FZ,2020,131.0,0,123.0
9314,GI,2020,401.0,0,358.0
9314,JZ,2020,39.0,0,35.0
9314,KZ,2020,22.0,0,33.0
9314,LZ,2020,145.0,0,120.0
9314,MN,2020,311.0,0,299.0
9314,OQ,2020,147.0,0,144.0
9314,RU,2020,160.0,0,144.0
0052,BE,2020,189.0,1,152.0
0052,FZ,2020,234.0,1,216.0
0052,GI,2020,656.0,1,698.0
0052,JZ,2020,59.0,1,52.0
0052,KZ,2020,75.0,1,53.0
0052,LZ,2020,65.0,1,87.0
0052,MN,2020,424.0,1,399.0
0052,OQ,2020,164.0,1,181.0
0052,RU,2020,238.0,1,242.0
0057,BE,2020,86.0,1,85.0
0057,FZ,2020,182.0,1,171.0
0057,GI,2020,587.0,1,519.0
0057,JZ,2020,64.0,1,44.0
0057,KZ,2020,38.0,1,50.0
0057,LZ,2020,71.0,1,48.0
0057,MN,2020,279.0,1,278.0
0057,OQ,2020,99.0,1,112.0
0057,RU,2020,163.0,1,159.0
0062,BE,2020,80.0,1,61.0
0062,FZ,2020,81.0,1,74.0
0062,GI,2020,195.0,1,174.0
0062,JZ,2020,29.0,1,16.0
0062,KZ,2020,25.0,1,19.0
0062,LZ,2020,34.0,1,37.0
0062,MN,2020,125.0,1,103.0
0062,OQ,2020,69.0,1,75.0
0062,RU,2020,100.0,1,106.0
1103,BE,2020,52.0,1,57.0
1103,FZ,2020,136.0,1,146.0
1103,GI,2020,431.0,1,448.0
1103,JZ,2020,70.0,1,70.0
1103,KZ,2020,38.0,1,28.0
1103,LZ,2020,59.0,1,61.0
1103,MN,2020,274.0,1,303.0
1103,OQ,2020,119.0,1,132.0
1103,RU,2020,139.0,1,151.0
1108,BE,2020,119.0,1,100.0
1108,FZ,2020,303.0,1,298.0
1108,GI,2020,1326.0,1,989.0
1108,JZ,2020,116.0,1,134.0
1108,KZ,2020,47.0,1,49.0
1108,LZ,2020,91.0,1,67.0
1108,MN,2020,538.0,1,593.0
1108,OQ,2020,215.0,1,215.0
1108,RU,2020,228.0,1,287.0
1113,BE,2020,264.0,1,241.0
1113,FZ,2020,688.0,1,683.0
1113,GI,2020,3565.0,1,2856.0
1113,JZ,2020,563.0,1,530.0
1113,KZ,2020,166.0,1,169.0
1113,LZ,2020,240.0,1,239.0
1113,MN,2020,1959.0,1,2013.0
1113,OQ,2020,668.0,1,768.0
1113,RU,2020,643.0,1,685.0
2403,BE,2020,116.0,1,125.0
2403,FZ,2020,180.0,1,183.0
2403,GI,2020,729.0,1,669.0
2403,JZ,2020,87.0,1,78.0
2403,KZ,2020,83.0,1,73.0
2403,LZ,2020,168.0,1,93.0
2403,MN,2020,455.0,1,429.0
2403,OQ,2020,189.0,1,210.0
2403,RU,2020,237.0,1,224.0
2408,BE,2020,78.0,1,72.0
2408,FZ,2020,51.0,1,65.0
2408,GI,2020,146.0,1,161.0
2408,JZ,2020,13.0,1,14.0
2408,KZ,2020,10.0,1,13.0
2408,LZ,2020,38.0,1,39.0
2408,MN,2020,95.0,1,72.0
2408,OQ,2020,46.0,1,37.0
2408,RU,2020,52.0,1,51.0
2413,BE,2020,319.0,1,288.0
2413,FZ,2020,493.0,1,530.0
2413,GI,2020,2111.0,1,1903.0
2413,JZ,2020,262.0,1,278.0
2413,KZ,2020,193.0,1,159.0
2413,LZ,2020,404.0,1,423.0
2413,MN,2020,1238.0,1,1221.0
2413,OQ,2020,735.0,1,765.0
2413,RU,2020,676.0,1,644.0
2703,BE,2020,54.0,1,55.0
2703,FZ,2020,37.0,1,33.0
2703,GI,2020,163.0,1,156.0
2703,JZ,2020,16.0,1,11.0
2703,KZ,2020,8.0,1,6.0
2703,LZ,2020,26.0,1,19.0
2703,MN,2020,69.0,1,63.0
2703,OQ,2020,35.0,1,33.0
2703,RU,2020,43.0,1,40.0
2708,BE,2020,130.0,1,140.0
2708,FZ,2020,54.0,1,64.0
2708,GI,2020,216.0,1,246.0
2708,JZ,2020,24.0,1,27.0
2708,KZ,2020,19.0,1,17.0
2708,LZ,2020,31.0,1,26.0
2708,MN,2020,120.0,1,93.0
2708,OQ,2020,66.0,1,83.0
2708,RU,2020,79.0,1,89.0
2713,BE,2020,152.0,1,139.0
2713,FZ,2020,159.0,1,151.0
2713,GI,2020,592.0,1,483.0
2713,JZ,2020,50.0,1,28.0
2713,KZ,2020,44.0,1,42.0
2713,LZ,2020,53.0,1,69.0
2713,MN,2020,255.0,1,210.0
2713,OQ,2020,130.0,1,127.0
2713,RU,2020,184.0,1,171.0
2718,BE,2020,125.0,1,103.0
2718,FZ,2020,107.0,1,115.0
2718,GI,2020,491.0,1,364.0
2718,JZ,2020,21.0,1,26.0
2718,KZ,2020,19.0,1,27.0
2718,LZ,2020,48.0,1,41.0
2718,MN,2020,151.0,1,148.0
2718,OQ,2020,79.0,1,83.0
2718,RU,2020,107.0,1,93.0
2805,BE,2020,98.0,1,87.0
2805,FZ,2020,76.0,1,72.0
2805,GI,2020,510.0,1,468.0
2805,JZ,2020,50.0,1,44.0
2805,KZ,2020,55.0,1,43.0
2805,LZ,2020,50.0,1,30.0
2805,MN,2020,204.0,1,190.0
2805,OQ,2020,156.0,1,163.0
2805,RU,2020,151.0,1,137.0
2810,BE,2020,48.0,1,31.0
2810,FZ,2020,49.0,1,41.0
2810,GI,2020,172.0,1,159.0
2810,JZ,2020,19.0,1,18.0
2810,KZ,2020,24.0,1,25.0
2810,LZ,2020,28.0,1,32.0
2810,MN,2020,91.0,1,104.0
2810,OQ,2020,53.0,1,55.0
2810,RU,2020,50.0,1,72.0
2815,BE,2020,426.0,1,331.0
2815,FZ,2020,754.0,1,674.0
2815,GI,2020,3274.0,1,2700.0
2815,JZ,2020,361.0,1,308.0
2815,KZ,2020,297.0,1,305.0
2815,LZ,2020,256.0,1,221.0
2815,MN,2020,1579.0,1,1536.0
2815,OQ,2020,851.0,1,816.0
2815,RU,2020,744.0,1,735.0
3201,BE,2020,62.0,1,49.0
3201,FZ,2020,95.0,1,186.0
3201,GI,2020,265.0,1,254.0
3201,JZ,2020,12.0,1,17.0
3201,KZ,2020,27.0,1,17.0
3201,LZ,2020,47.0,1,54.0
3201,MN,2020,115.0,1,98.0
3201,OQ,2020,54.0,1,48.0
3201,RU,2020,94.0,1,100.0
3206,BE,2020,71.0,1,87.0
3206,FZ,2020,99.0,1,110.0
3206,GI,2020,703.0,1,558.0
3206,JZ,2020,40.0,1,34.0
3206,KZ,2020,47.0,1,43.0
3206,LZ,2020,52.0,1,50.0
3206,MN,2020,219.0,1,204.0
3206,OQ,2020,129.0,1,132.0
3206,RU,2020,132.0,1,120.0
3211,BE,2020,130.0,1,140.0
3211,FZ,2020,299.0,1,269.0
3211,GI,2020,1217.0,1,1180.0
3211,JZ,2020,163.0,1,123.0
3211,KZ,2020,89.0,1,92.0
3211,LZ,2020,140.0,1,111.0
3211,MN,2020,636.0,1,695.0
3211,OQ,2020,275.0,1,271.0
3211,RU,2020,359.0,1,325.0
3216,BE,2020,545.0,1,515.0
3216,FZ,2020,910.0,1,860.0
3216,GI,2020,5781.0,1,4993.0
3216,JZ,2020,944.0,1,851.0
3216,KZ,2020,447.0,1,461.0
3216,LZ,2020,490.0,1,488.0
3216,MN,2020,3241.0,1,3343.0
3216,OQ,2020,1606.0,1,1698.0
3216,RU,2020,1103.0,1,1188.0
3221,BE,2020,78.0,1,95.0
3221,FZ,2020,118.0,1,127.0
3221,GI,2020,577.0,1,429.0
3221,JZ,2020,45.0,1,45.0
3221,KZ,2020,45.0,1,46.0
3221,LZ,2020,36.0,1,60.0
3221,MN,2020,272.0,1,258.0
3221,OQ,2020,109.0,1,123.0
3221,RU,2020,138.0,1,157.0
4404,BE,2020,107.0,1,108.0
4404,FZ,2020,91.0,1,76.0
4404,GI,2020,403.0,1,356.0
4404,JZ,2020,20.0,1,16.0
4404,KZ,2020,32.0,1,38.0
4404,LZ,2020,49.0,1,26.0
4404,MN,2020,167.0,1,143.0
4404,OQ,2020,104.0,1,73.0
4404,RU,2020,80.0,1,91.0
4409,BE,2020,164.0,1,128.0
4409,FZ,2020,248.0,1,229.0
4409,GI,2020,743.0,1,662.0
4409,JZ,2020,74.0,1,62.0
4409,KZ,2020,63.0,1,67.0
4409,LZ,2020,106.0,1,84.0
4409,MN,2020,397.0,1,329.0
4409,OQ,2020,235.0,1,250.0
4409,RU,2020,217.0,1,232.0
4414,BE,2020,65.0,1,64.0
4414,FZ,2020,101.0,1,94.0
4414,GI,2020,322.0,1,276.0
4414,JZ,2020,18.0,1,26.0
4414,KZ,2020,19.0,1,30.0
4414,LZ,2020,50.0,1,48.0
4414,MN,2020,154.0,1,133.0
4414,OQ,2020,73.0,1,90.0
4414,RU,2020,86.0,1,87.0
4419,BE,2020,91.0,1,73.0
4419,FZ,2020,109.0,1,86.0
4419,GI,2020,330.0,1,334.0
4419,JZ,2020,25.0,1,28.0
4419,KZ,2020,27.0,1,25.0
4419,LZ,2020,23.0,1,14.0
4419,MN,2020,166.0,1,120.0
4419,OQ,2020,101.0,1,107.0
4419,RU,2020,70.0,1,102.0
4424,BE,2020,151.0,1,134.0
4424,FZ,2020,292.0,1,219.0
4424,GI,2020,1053.0,1,897.0
4424,JZ,2020,90.0,1,69.0
4424,KZ,2020,60.0,1,53.0
4424,LZ,2020,115.0,1,63.0
4424,MN,2020,432.0,1,349.0
4424,OQ,2020,245.0,1,265.0
4424,RU,2020,300.0,1,338.0
5202,BE,2020,278.0,1,239.0
5202,FZ,2020,363.0,1,368.0
5202,GI,2020,1565.0,1,1419.0
5202,JZ,2020,203.0,1,162.0
5202,KZ,2020,158.0,1,166.0
5202,LZ,2020,218.0,1,188.0
5202,MN,2020,962.0,1,952.0
5202,OQ,2020,521.0,1,654.0
5202,RU,2020,434.0,1,496.0
5207,BE,2020,165.0,1,159.0
5207,FZ,2020,106.0,1,76.0
5207,GI,2020,361.0,1,360.0
5207,JZ,2020,23.0,1,26.0
5207,KZ,2020,21.0,1,25.0
5207,LZ,2020,66.0,1,57.0
5207,MN,2020,182.0,1,175.0
5207,OQ,2020,84.0,1,90.0
5207,RU,2020,106.0,1,137.0
5212,BE,2020,208.0,1,243.0
5212,FZ,2020,278.0,1,263.0
5212,GI,2020,1310.0,1,1003.0
5212,JZ,2020,125.0,1,95.0
5212,KZ,2020,128.0,1,118.0
5212,LZ,2020,198.0,1,166.0
5212,MN,2020,565.0,1,591.0
5212,OQ,2020,322.0,1,361.0
5212,RU,2020,330.0,1,362.0
5217,BE,2020,106.0,1,78.0
5217,FZ,2020,84.0,1,84.0
5217,GI,2020,280.0,1,233.0
5217,JZ,2020,24.0,1,27.0
5217,KZ,2020,28.0,1,34.0
5217,LZ,2020,77.0,1,65.0
5217,MN,2020,190.0,1,178.0
5217,OQ,2020,113.0,1,105.0
5217,RU,2020,128.0,1,116.0
5301,BE,2020,79.0,1,91.0
5301,FZ,2020,105.0,1,105.0
5301,GI,2020,296.0,1,283.0
5301,JZ,2020,36.0,1,42.0
5301,KZ,2020,42.0,1,46.0
5301,LZ,2020,97.0,1,61.0
5301,MN,2020,253.0,1,224.0
5301,OQ,2020,109.0,1,143.0
5301,RU,2020,128.0,1,149.0
5306,BE,2020,27.0,1,32.0
5306,FZ,2020,29.0,1,37.0
5306,GI,2020,153.0,1,138.0
5306,JZ,2020,9.0,1,12.0
5306,KZ,2020,12.0,1,9.0
5306,LZ,2020,21.0,1,14.0
5306,MN,2020,50.0,1,66.0
5306,OQ,2020,40.0,1,42.0
5306,RU,2020,52.0,1,58.0
5311,BE,2020,78.0,1,67.0
5311,FZ,2020,48.0,1,65.0
5311,GI,2020,178.0,1,180.0
5311,JZ,2020,20.0,1,16.0
5311,KZ,2020,19.0,1,25.0
5311,LZ,2020,38.0,1,23.0
5311,MN,2020,109.0,1,103.0
5311,OQ,2020,61.0,1,61.0
5311,RU,2020,97.0,1,90.0
5316,BE,2020,112.0,1,112.0
5316,FZ,2020,212.0,1,273.0
5316,GI,2020,547.0,1,510.0
5316,JZ,2020,43.0,1,56.0
5316,KZ,2020,66.0,1,65.0
5316,LZ,2020,57.0,1,64.0
5316,MN,2020,301.0,1,302.0
5316,OQ,2020,181.0,1,166.0
5316,RU,2020,186.0,1,208.0
7502,BE,2020,282.0,1,228.0
7502,FZ,2020,246.0,1,231.0
7502,GI,2020,862.0,1,773.0
7502,JZ,2020,109.0,1,89.0
7502,KZ,2020,109.0,1,83.0
7502,LZ,2020,84.0,1,74.0
7502,MN,2020,495.0,1,438.0
7502,OQ,2020,237.0,1,273.0
7502,RU,2020,315.0,1,321.0
7507,BE,2020,145.0,1,128.0
7507,FZ,2020,154.0,1,172.0
7507,GI,2020,445.0,1,502.0
7507,JZ,2020,37.0,1,34.0
7507,KZ,2020,43.0,1,45.0
7507,LZ,2020,51.0,1,63.0
7507,MN,2020,263.0,1,253.0
7507,OQ,2020,141.0,1,160.0
7507,RU,2020,146.0,1,166.0
7512,BE,2020,268.0,1,264.0
7512,FZ,2020,434.0,1,395.0
7512,GI,2020,1238.0,1,1110.0
7512,JZ,2020,150.0,1,123.0
7512,KZ,2020,162.0,1,147.0
7512,LZ,2020,160.0,1,236.0
7512,MN,2020,828.0,1,817.0
7512,OQ,2020,425.0,1,453.0
7512,RU,2020,438.0,1,470.0
7517,BE,2020,287.0,1,246.0
7517,FZ,2020,279.0,1,270.0
7517,GI,2020,1167.0,1,1012.0
7517,JZ,2020,111.0,1,95.0
7517,KZ,2020,117.0,1,74.0
7517,LZ,2020,96.0,1,74.0
7517,MN,2020,558.0,1,537.0
7517,OQ,2020,368.0,1,407.0
7517,RU,2020,335.0,1,369.0
7522,BE,2020,256.0,1,243.0
7522,FZ,2020,349.0,1,330.0
7522,GI,2020,1289.0,1,1214.0
7522,JZ,2020,130.0,1,111.0
7522,KZ,2020,110.0,1,134.0
7522,LZ,2020,228.0,1,248.0
7522,MN,2020,734.0,1,730.0
7522,OQ,2020,450.0,1,463.0
7522,RU,2020,427.0,1,482.0
7527,BE,2020,224.0,1,122.0
7527,FZ,2020,69.0,1,78.0
7527,GI,2020,280.0,1,277.0
7527,JZ,2020,28.0,1,20.0
7527,KZ,2020,19.0,1,11.0
7527,LZ,2020,17.0,1,19.0
7527,MN,2020,186.0,1,152.0
7527,OQ,2020,66.0,1,106.0
7527,RU,2020,126.0,1,113.0
7532,BE,2020,106.0,1,115.0
7532,FZ,2020,100.0,1,105.0
7532,GI,2020,301.0,1,272.0
7532,JZ,2020,27.0,1,15.0
7532,KZ,2020,33.0,1,35.0
7532,LZ,2020,43.0,1,47.0
7532,MN,2020,192.0,1,177.0
7532,OQ,2020,95.0,1,97.0
7532,RU,2020,77.0,1,116.0
7605,BE,2020,81.0,1,67.0
7605,FZ,2020,117.0,1,92.0
7605,GI,2020,274.0,1,242.0
7605,JZ,2020,21.0,1,16.0
7605,KZ,2020,17.0,1,26.0
7605,LZ,2020,12.0,1,22.0
7605,MN,2020,159.0,1,156.0
7605,OQ,2020,77.0,1,98.0
7605,RU,2020,108.0,1,110.0
7610,BE,2020,227.0,1,208.0
7610,FZ,2020,171.0,1,155.0
7610,GI,2020,562.0,1,538.0
7610,JZ,2020,51.0,1,62.0
7610,KZ,2020,54.0,1,44.0
7610,LZ,2020,43.0,1,47.0
7610,MN,2020,283.0,1,283.0
7610,OQ,2020,203.0,1,200.0
7610,RU,2020,195.0,1,218.0
7615,BE,2020,228.0,1,237.0
7615,FZ,2020,329.0,1,318.0
7615,GI,2020,810.0,1,790.0
7615,JZ,2020,64.0,1,74.0
7615,KZ,2020,62.0,1,54.0
7615,LZ,2020,93.0,1,68.0
7615,MN,2020,446.0,1,400.0
7615,OQ,2020,233.0,1,233.0
7615,RU,2020,258.0,1,299.0
7620,BE,2020,415.0,1,421.0
7620,FZ,2020,811.0,1,864.0
7620,GI,2020,2237.0,1,2214.0
7620,JZ,2020,191.0,1,169.0
7620,KZ,2020,168.0,1,156.0
7620,LZ,2020,538.0,1,625.0
7620,MN,2020,1272.0,1,1177.0
7620,OQ,2020,681.0,1,675.0
7620,RU,2020,768.0,1,760.0
7625,BE,2020,1002.0,1,939.0
7625,FZ,2020,2366.0,1,2192.0
7625,GI,2020,8715.0,1,7698.0
7625,JZ,2020,1289.0,1,1251.0
7625,KZ,2020,642.0,1,580.0
7625,LZ,2020,615.0,1,571.0
7625,MN,2020,5054.0,1,5218.0
7625,OQ,2020,2660.0,1,2853.0
7625,RU,2020,1938.0,1,2116.0
8405,BE,2020,212.0,1,212.0
8405,FZ,2020,393.0,1,402.0
8405,GI,2020,1040.0,1,1008.0
8405,JZ,2020,90.0,1,91.0
8405,KZ,2020,72.0,1,75.0
8405,LZ,2020,186.0,1,148.0
8405,MN,2020,566.0,1,576.0
8405,OQ,2020,299.0,1,305.0
8405,RU,2020,297.0,1,321.0
8410,BE,2020,106.0,1,75.0
8410,FZ,2020,91.0,1,75.0
8410,GI,2020,267.0,1,207.0
8410,JZ,2020,16.0,1,22.0
8410,KZ,2020,16.0,1,16.0
8410,LZ,2020,36.0,1,39.0
8410,MN,2020,130.0,1,99.0
8410,OQ,2020,110.0,1,81.0
8410,RU,2020,100.0,1,86.0
8415,BE,2020,92.0,1,82.0
8415,FZ,2020,174.0,1,163.0
8415,GI,2020,536.0,1,441.0
8415,JZ,2020,65.0,1,47.0
8415,KZ,2020,44.0,1,26.0
8415,LZ,2020,122.0,1,79.0
8415,MN,2020,394.0,1,366.0
8415,OQ,2020,217.0,1,235.0
8415,RU,2020,294.0,1,273.0
8420,BE,2020,95.0,1,91.0
8420,FZ,2020,89.0,1,80.0
8420,GI,2020,202.0,1,177.0
8420,JZ,2020,25.0,1,17.0
8420,KZ,2020,24.0,1,20.0
8420,LZ,2020,38.0,1,54.0
8420,MN,2020,160.0,1,134.0
8420,OQ,2020,107.0,1,88.0
8420,RU,2020,75.0,1,78.0
8425,BE,2020,51.0,1,54.0
8425,FZ,2020,67.0,1,93.0
8425,GI,2020,239.0,1,194.0
8425,JZ,2020,18.0,1,14.0
8425,KZ,2020,18.0,1,23.0
8425,LZ,2020,28.0,1,19.0
8425,MN,2020,102.0,1,93.0
8425,OQ,2020,39.0,1,50.0
8425,RU,2020,51.0,1,72.0
8430,BE,2020,46.0,1,46.0
8430,FZ,2020,73.0,1,59.0
8430,GI,2020,204.0,1,169.0
8430,JZ,2020,23.0,1,22.0
8430,KZ,2020,7.0,1,16.0
8430,LZ,2020,16.0,1,17.0
8430,MN,2020,100.0,1,118.0
8430,OQ,2020,40.0,1,55.0
8430,RU,2020,59.0,1,63.0
8435,BE,2020,211.0,1,205.0
8435,FZ,2020,330.0,1,354.0
8435,GI,2020,657.0,1,650.0
8435,JZ,2020,81.0,1,90.0
8435,KZ,2020,50.0,1,53.0
8435,LZ,2020,158.0,1,129.0
8435,MN,2020,516.0,1,479.0
8435,OQ,2020,230.0,1,281.0
8435,RU,2020,284.0,1,280.0
9305,BE,2020,105.0,1,129.0
9305,FZ,2020,198.0,1,201.0
9305,GI,2020,435.0,1,404.0
9305,JZ,2020,47.0,1,32.0
9305,KZ,2020,40.0,1,38.0
9305,LZ,2020,60.0,1,54.0
9305,MN,2020,281.0,1,300.0
9305,OQ,2020,127.0,1,146.0
9305,RU,2020,145.0,1,171.0
9310,BE,2020,230.0,1,172.0
9310,FZ,2020,149.0,1,149.0
9310,GI,2020,405.0,1,380.0
9310,JZ,2020,36.0,1,45.0
9310,KZ,2020,52.0,1,42.0
9310,LZ,2020,66.0,1,64.0
9310,MN,2020,273.0,1,242.0
9310,OQ,2020,215.0,1,229.0
9310,RU,2020,163.0,1,199.0
9315,BE,2020,418.0,1,326.0
9315,FZ,2020,1710.0,1,1526.0
9315,GI,2020,4291.0,1,4083.0
9315,JZ,2020,515.0,1,496.0
9315,KZ,2020,319.0,1,299.0
9315,LZ,2020,746.0,1,544.0
9315,MN,2020,3175.0,1,3156.0
9315,OQ,2020,1262.0,1,1368.0
9315,RU,2020,1178.0,1,1249.0
0053,BE,2020,271.0,2,282.0
0053,FZ,2020,575.0,2,647.0
0053,GI,2020,1722.0,2,1580.0
0053,JZ,2020,149.0,2,132.0
0053,KZ,2020,122.0,2,128.0
0053,LZ,2020,140.0,2,158.0
0053,MN,2020,986.0,2,915.0
0053,OQ,2020,442.0,2,424.0
0053,RU,2020,464.0,2,499.0
0058,BE,2020,44.0,2,45.0
0058,FZ,2020,48.0,2,46.0
0058,GI,2020,200.0,2,200.0
0058,JZ,2020,14.0,2,9.0
0058,KZ,2020,21.0,2,20.0
0058,LZ,2020,37.0,2,23.0
0058,MN,2020,77.0,2,76.0
0058,OQ,2020,40.0,2,30.0
0058,RU,2020,63.0,2,64.0
0063,BE,2020,158.0,2,132.0
0063,FZ,2020,74.0,2,52.0
0063,GI,2020,216.0,2,199.0
0063,JZ,2020,8.0,2,14.0
0063,KZ,2020,11.0,2,12.0
0063,LZ,2020,26.0,2,23.0
0063,MN,2020,101.0,2,89.0
0063,OQ,2020,74.0,2,71.0
0063,RU,2020,80.0,2,57.0
1104,BE,2020,251.0,2,243.0
1104,FZ,2020,1011.0,2,930.0
1104,GI,2020,4561.0,2,3439.0
1104,JZ,2020,540.0,2,509.0
1104,KZ,2020,182.0,2,170.0
1104,LZ,2020,287.0,2,243.0
1104,MN,2020,1873.0,2,1912.0
1104,OQ,2020,703.0,2,755.0
1104,RU,2020,722.0,2,774.0
1109,BE,2020,3858.0,2,4429.0
1109,FZ,2020,10513.0,2,10649.0
1109,GI,2020,62523.0,2,52773.0
1109,JZ,2020,13993.0,2,14380.0
1109,KZ,2020,6684.0,2,6768.0
1109,LZ,2020,5596.0,2,5709.0
1109,MN,2020,53109.0,2,58220.0
1109,OQ,2020,14200.0,2,15266.0
1109,RU,2020,11576.0,2,13049.0
1114,BE,2020,370.0,2,322.0
1114,FZ,2020,905.0,2,1006.0
1114,GI,2020,5181.0,2,3914.0
1114,JZ,2020,936.0,2,932.0
1114,KZ,2020,334.0,2,356.0
1114,LZ,2020,521.0,2,475.0
1114,MN,2020,3302.0,2,3447.0
1114,OQ,2020,1149.0,2,1252.0
1114,RU,2020,919.0,2,1036.0
2404,BE,2020,42.0,2,27.0
2404,FZ,2020,60.0,2,56.0
2404,GI,2020,161.0,2,125.0
2404,JZ,2020,15.0,2,12.0
2404,KZ,2020,17.0,2,29.0
2404,LZ,2020,18.0,2,18.0
2404,MN,2020,64.0,2,78.0
2404,OQ,2020,42.0,2,37.0
2404,RU,2020,42.0,2,46.0
2409,BE,2020,74.0,2,75.0
2409,FZ,2020,169.0,2,162.0
2409,GI,2020,505.0,2,425.0
2409,JZ,2020,38.0,2,36.0
2409,KZ,2020,32.0,2,19.0
2409,LZ,2020,22.0,2,17.0
2409,MN,2020,219.0,2,229.0
2409,OQ,2020,67.0,2,96.0
2409,RU,2020,129.0,2,138.0
2414,BE,2020,54.0,2,56.0
2414,FZ,2020,41.0,2,65.0
2414,GI,2020,172.0,2,187.0
2414,JZ,2020,28.0,2,13.0
2414,KZ,2020,24.0,2,14.0
2414,LZ,2020,28.0,2,33.0
2414,MN,2020,105.0,2,80.0
2414,OQ,2020,45.0,2,51.0
2414,RU,2020,45.0,2,56.0
2704,BE,2020,68.0,2,74.0
2704,FZ,2020,65.0,2,86.0
2704,GI,2020,352.0,2,282.0
2704,JZ,2020,25.0,2,26.0
2704,KZ,2020,38.0,2,43.0
2704,LZ,2020,38.0,2,54.0
2704,MN,2020,170.0,2,189.0
2704,OQ,2020,76.0,2,95.0
2704,RU,2020,80.0,2,91.0
2709,BE,2020,61.0,2,72.0
2709,FZ,2020,70.0,2,55.0
2709,GI,2020,221.0,2,217.0
2709,JZ,2020,12.0,2,18.0
2709,KZ,2020,13.0,2,10.0
2709,LZ,2020,12.0,2,15.0
2709,MN,2020,111.0,2,90.0
2709,OQ,2020,33.0,2,58.0
2709,RU,2020,55.0,2,72.0
2714,BE,2020,106.0,2,91.0
2714,FZ,2020,168.0,2,108.0
2714,GI,2020,687.0,2,627.0
2714,JZ,2020,44.0,2,41.0
2714,KZ,2020,39.0,2,22.0
2714,LZ,2020,70.0,2,55.0
2714,MN,2020,219.0,2,187.0
2714,OQ,2020,112.0,2,125.0
2714,RU,2020,137.0,2,166.0
2801,BE,2020,32.0,2,29.0
2801,FZ,2020,27.0,2,31.0
2801,GI,2020,118.0,2,105.0
2801,JZ,2020,11.0,2,9.0
2801,KZ,2020,19.0,2,11.0
2801,LZ,2020,10.0,2,18.0
2801,MN,2020,65.0,2,49.0
2801,OQ,2020,30.0,2,23.0
2801,RU,2020,31.0,2,37.0
2806,BE,2020,52.0,2,55.0
2806,FZ,2020,54.0,2,33.0
2806,GI,2020,178.0,2,157.0
2806,JZ,2020,14.0,2,11.0
2806,KZ,2020,21.0,2,24.0
2806,LZ,2020,13.0,2,22.0
2806,MN,2020,73.0,2,66.0
2806,OQ,2020,48.0,2,55.0
2806,RU,2020,52.0,2,69.0
2811,BE,2020,85.0,2,73.0
2811,FZ,2020,136.0,2,118.0
2811,GI,2020,419.0,2,442.0
2811,JZ,2020,41.0,2,35.0
2811,KZ,2020,56.0,2,40.0
2811,LZ,2020,59.0,2,60.0
2811,MN,2020,262.0,2,267.0
2811,OQ,2020,118.0,2,94.0
2811,RU,2020,153.0,2,165.0
2816,BE,2020,73.0,2,53.0
2816,FZ,2020,61.0,2,88.0
2816,GI,2020,318.0,2,294.0
2816,JZ,2020,33.0,2,24.0
2816,KZ,2020,39.0,2,28.0
2816,LZ,2020,34.0,2,24.0
2816,MN,2020,136.0,2,130.0
2816,OQ,2020,86.0,2,79.0
2816,RU,2020,81.0,2,97.0
3202,BE,2020,213.0,2,195.0
3202,FZ,2020,334.0,2,287.0
3202,GI,2020,1552.0,2,1355.0
3202,JZ,2020,128.0,2,138.0
3202,KZ,2020,117.0,2,134.0
3202,LZ,2020,228.0,2,215.0
3202,MN,2020,625.0,2,632.0
3202,OQ,2020,447.0,2,444.0
3202,RU,2020,320.0,2,367.0
3207,BE,2020,82.0,2,70.0
3207,FZ,2020,100.0,2,84.0
3207,GI,2020,612.0,2,552.0
3207,JZ,2020,22.0,2,31.0
3207,KZ,2020,28.0,2,23.0
3207,LZ,2020,25.0,2,37.0
3207,MN,2020,155.0,2,156.0
3207,OQ,2020,103.0,2,114.0
3207,RU,2020,121.0,2,139.0
3212,BE,2020,98.0,2,85.0
3212,FZ,2020,207.0,2,175.0
3212,GI,2020,887.0,2,761.0
3212,JZ,2020,70.0,2,68.0
3212,KZ,2020,65.0,2,43.0
3212,LZ,2020,56.0,2,50.0
3212,MN,2020,301.0,2,234.0
3212,OQ,2020,169.0,2,212.0
3212,RU,2020,177.0,2,195.0
3217,BE,2020,113.0,2,118.0
3217,FZ,2020,165.0,2,157.0
3217,GI,2020,813.0,2,755.0
3217,JZ,2020,45.0,2,28.0
3217,KZ,2020,46.0,2,27.0
3217,LZ,2020,76.0,2,54.0
3217,MN,2020,210.0,2,212.0
3217,OQ,2020,139.0,2,156.0
3217,RU,2020,162.0,2,192.0
3222,BE,2020,238.0,2,221.0
3222,FZ,2020,516.0,2,439.0
3222,GI,2020,1442.0,2,1143.0
3222,JZ,2020,106.0,2,100.0
3222,KZ,2020,88.0,2,77.0
3222,LZ,2020,221.0,2,164.0
3222,MN,2020,569.0,2,497.0
3222,OQ,2020,309.0,2,322.0
3222,RU,2020,319.0,2,393.0
4405,BE,2020,122.0,2,147.0
4405,FZ,2020,176.0,2,182.0
4405,GI,2020,787.0,2,648.0
4405,JZ,2020,83.0,2,44.0
4405,KZ,2020,70.0,2,52.0
4405,LZ,2020,55.0,2,61.0
4405,MN,2020,397.0,2,428.0
4405,OQ,2020,211.0,2,273.0
4405,RU,2020,214.0,2,232.0
4410,BE,2020,220.0,2,184.0
4410,FZ,2020,544.0,2,525.0
4410,GI,2020,1667.0,2,1497.0
4410,JZ,2020,174.0,2,153.0
4410,KZ,2020,153.0,2,113.0
4410,LZ,2020,166.0,2,113.0
4410,MN,2020,908.0,2,827.0
4410,OQ,2020,513.0,2,561.0
4410,RU,2020,488.0,2,517.0
4415,BE,2020,85.0,2,80.0
4415,FZ,2020,64.0,2,60.0
4415,GI,2020,302.0,2,260.0
4415,JZ,2020,17.0,2,19.0
4415,KZ,2020,32.0,2,34.0
4415,LZ,2020,29.0,2,33.0
4415,MN,2020,110.0,2,112.0
4415,OQ,2020,39.0,2,39.0
4415,RU,2020,71.0,2,54.0
4420,BE,2020,91.0,2,67.0
4420,FZ,2020,128.0,2,119.0
4420,GI,2020,311.0,2,335.0
4420,JZ,2020,24.0,2,22.0
4420,KZ,2020,22.0,2,17.0
4420,LZ,2020,33.0,2,30.0
4420,MN,2020,159.0,2,134.0
4420,OQ,2020,129.0,2,112.0
4420,RU,2020,113.0,2,91.0
4425,BE,2020,161.0,2,160.0
4425,FZ,2020,237.0,2,233.0
4425,GI,2020,1269.0,2,1031.0
4425,JZ,2020,102.0,2,96.0
4425,KZ,2020,78.0,2,75.0
4425,LZ,2020,102.0,2,83.0
4425,MN,2020,455.0,2,455.0
4425,OQ,2020,214.0,2,216.0
4425,RU,2020,250.0,2,251.0
5203,BE,2020,181.0,2,151.0
5203,FZ,2020,174.0,2,147.0
5203,GI,2020,503.0,2,550.0
5203,JZ,2020,51.0,2,40.0
5203,KZ,2020,59.0,2,58.0
5203,LZ,2020,138.0,2,137.0
5203,MN,2020,342.0,2,304.0
5203,OQ,2020,144.0,2,188.0
5203,RU,2020,170.0,2,191.0
5208,BE,2020,48.0,2,66.0
5208,FZ,2020,52.0,2,56.0
5208,GI,2020,165.0,2,137.0
5208,JZ,2020,9.0,2,9.0
5208,KZ,2020,14.0,2,12.0
5208,LZ,2020,29.0,2,16.0
5208,MN,2020,47.0,2,67.0
5208,OQ,2020,32.0,2,32.0
5208,RU,2020,45.0,2,50.0
5213,BE,2020,158.0,2,119.0
5213,FZ,2020,125.0,2,85.0
5213,GI,2020,346.0,2,369.0
5213,JZ,2020,40.0,2,31.0
5213,KZ,2020,60.0,2,45.0
5213,LZ,2020,86.0,2,92.0
5213,MN,2020,225.0,2,214.0
5213,OQ,2020,101.0,2,125.0
5213,RU,2020,137.0,2,107.0
5218,BE,2020,41.0,2,34.0
5218,FZ,2020,24.0,2,37.0
5218,GI,2020,141.0,2,163.0
5218,JZ,2020,10.0,2,7.0
5218,KZ,2020,13.0,2,5.0
5218,LZ,2020,15.0,2,10.0
5218,MN,2020,62.0,2,44.0
5218,OQ,2020,29.0,2,38.0
5218,RU,2020,41.0,2,44.0
5302,BE,2020,243.0,2,211.0
5302,FZ,2020,324.0,2,353.0
5302,GI,2020,1085.0,2,951.0
5302,JZ,2020,158.0,2,139.0
5302,KZ,2020,143.0,2,117.0
5302,LZ,2020,195.0,2,172.0
5302,MN,2020,716.0,2,676.0
5302,OQ,2020,464.0,2,532.0
5302,RU,2020,344.0,2,391.0
5307,BE,2020,44.0,2,47.0
5307,FZ,2020,36.0,2,57.0
5307,GI,2020,178.0,2,184.0
5307,JZ,2020,20.0,2,11.0
5307,KZ,2020,31.0,2,30.0
5307,LZ,2020,30.0,2,15.0
5307,MN,2020,112.0,2,113.0
5307,OQ,2020,68.0,2,64.0
5307,RU,2020,76.0,2,83.0
5312,BE,2020,95.0,2,84.0
5312,FZ,2020,77.0,2,58.0
5312,GI,2020,308.0,2,254.0
5312,JZ,2020,24.0,2,28.0
5312,KZ,2020,44.0,2,44.0
5312,LZ,2020,46.0,2,33.0
5312,MN,2020,178.0,2,149.0
5312,OQ,2020,100.0,2,84.0
5312,RU,2020,93.0,2,74.0
5317,BE,2020,102.0,2,94.0
5317,FZ,2020,154.0,2,160.0
5317,GI,2020,510.0,2,466.0
5317,JZ,2020,63.0,2,48.0
5317,KZ,2020,95.0,2,111.0
5317,LZ,2020,95.0,2,77.0
5317,MN,2020,445.0,2,380.0
5317,OQ,2020,183.0,2,193.0
5317,RU,2020,184.0,2,226.0
7503,BE,2020,345.0,2,283.0
7503,FZ,2020,579.0,2,588.0
7503,GI,2020,1828.0,2,1582.0
7503,JZ,2020,245.0,2,211.0
7503,KZ,2020,270.0,2,218.0
7503,LZ,2020,492.0,2,426.0
7503,MN,2020,1402.0,2,1340.0
7503,OQ,2020,795.0,2,787.0
7503,RU,2020,672.0,2,692.0
7508,BE,2020,72.0,2,46.0
7508,FZ,2020,77.0,2,57.0
7508,GI,2020,354.0,2,316.0
7508,JZ,2020,24.0,2,28.0
7508,KZ,2020,17.0,2,34.0
7508,LZ,2020,46.0,2,27.0
7508,MN,2020,125.0,2,127.0
7508,OQ,2020,68.0,2,63.0
7508,RU,2020,70.0,2,85.0
7513,BE,2020,199.0,2,170.0
7513,FZ,2020,273.0,2,378.0
7513,GI,2020,781.0,2,812.0
7513,JZ,2020,78.0,2,59.0
7513,KZ,2020,105.0,2,96.0
7513,LZ,2020,146.0,2,135.0
7513,MN,2020,570.0,2,593.0
7513,OQ,2020,255.0,2,299.0
7513,RU,2020,327.0,2,377.0
7518,BE,2020,121.0,2,138.0
7518,FZ,2020,130.0,2,130.0
7518,GI,2020,338.0,2,290.0
7518,JZ,2020,36.0,2,28.0
7518,KZ,2020,32.0,2,48.0
7518,LZ,2020,40.0,2,59.0
7518,MN,2020,216.0,2,167.0
7518,OQ,2020,94.0,2,84.0
7518,RU,2020,104.0,2,129.0
7523,BE,2020,327.0,2,262.0
7523,FZ,2020,263.0,2,261.0
7523,GI,2020,849.0,2,706.0
7523,JZ,2020,67.0,2,53.0
7523,KZ,2020,56.0,2,63.0
7523,LZ,2020,87.0,2,68.0
7523,MN,2020,498.0,2,464.0
7523,OQ,2020,232.0,2,252.0
7523,RU,2020,249.0,2,272.0
7528,BE,2020,174.0,2,131.0
7528,FZ,2020,177.0,2,148.0
7528,GI,2020,476.0,2,460.0
7528,JZ,2020,43.0,2,41.0
7528,KZ,2020,57.0,2,59.0
7528,LZ,2020,47.0,2,61.0
7528,MN,2020,269.0,2,236.0
7528,OQ,2020,154.0,2,161.0
7528,RU,2020,209.0,2,181.0
7601,BE,2020,61.0,2,77.0
7601,FZ,2020,133.0,2,171.0
7601,GI,2020,472.0,2,538.0
7601,JZ,2020,33.0,2,31.0
7601,KZ,2020,31.0,2,40.0
7601,LZ,2020,102.0,2,98.0
7601,MN,2020,222.0,2,235.0
7601,OQ,2020,106.0,2,98.0
7601,RU,2020,166.0,2,200.0
7606,BE,2020,193.0,2,197.0
7606,FZ,2020,535.0,2,524.0
7606,GI,2020,1110.0,2,1030.0
7606,JZ,2020,89.0,2,64.0
7606,KZ,2020,72.0,2,100.0
7606,LZ,2020,187.0,2,181.0
7606,MN,2020,571.0,2,524.0
7606,OQ,2020,298.0,2,316.0
7606,RU,2020,335.0,2,350.0
7611,BE,2020,197.0,2,186.0
7611,FZ,2020,116.0,2,127.0
7611,GI,2020,307.0,2,272.0
7611,JZ,2020,20.0,2,29.0
7611,KZ,2020,13.0,2,20.0
7611,LZ,2020,33.0,2,36.0
7611,MN,2020,190.0,2,146.0
7611,OQ,2020,112.0,2,109.0
7611,RU,2020,113.0,2,107.0
7616,BE,2020,759.0,2,787.0
7616,FZ,2020,1730.0,2,1742.0
7616,GI,2020,4563.0,2,4114.0
7616,JZ,2020,784.0,2,755.0
7616,KZ,2020,405.0,2,421.0
7616,LZ,2020,824.0,2,830.0
7616,MN,2020,3435.0,2,3203.0
7616,OQ,2020,1841.0,2,1758.0
7616,RU,2020,1440.0,2,1561.0
7621,BE,2020,268.0,2,250.0
7621,FZ,2020,201.0,2,170.0
7621,GI,2020,470.0,2,380.0
7621,JZ,2020,38.0,2,34.0
7621,KZ,2020,49.0,2,46.0
7621,LZ,2020,84.0,2,80.0
7621,MN,2020,263.0,2,239.0
7621,OQ,2020,209.0,2,171.0
7621,RU,2020,135.0,2,145.0
8401,BE,2020,263.0,2,232.0
8401,FZ,2020,548.0,2,558.0
8401,GI,2020,1426.0,2,1180.0
8401,JZ,2020,234.0,2,211.0
8401,KZ,2020,172.0,2,183.0
8401,LZ,2020,374.0,2,339.0
8401,MN,2020,1160.0,2,1159.0
8401,OQ,2020,555.0,2,591.0
8401,RU,2020,540.0,2,571.0
8406,BE,2020,203.0,2,230.0
8406,FZ,2020,438.0,2,438.0
8406,GI,2020,1177.0,2,1096.0
8406,JZ,2020,96.0,2,85.0
8406,KZ,2020,62.0,2,64.0
8406,LZ,2020,166.0,2,182.0
8406,MN,2020,624.0,2,630.0
8406,OQ,2020,285.0,2,288.0
8406,RU,2020,330.0,2,363.0
8411,BE,2020,38.0,2,34.0
8411,FZ,2020,41.0,2,55.0
8411,GI,2020,157.0,2,118.0
8411,JZ,2020,9.0,2,19.0
8411,KZ,2020,9.0,2,7.0
8411,LZ,2020,48.0,2,53.0
8411,MN,2020,83.0,2,80.0
8411,OQ,2020,67.0,2,90.0
8411,RU,2020,52.0,2,44.0
8416,BE,2020,223.0,2,213.0
8416,FZ,2020,449.0,2,428.0
8416,GI,2020,1721.0,2,1292.0
8416,JZ,2020,183.0,2,144.0
8416,KZ,2020,104.0,2,106.0
8416,LZ,2020,319.0,2,201.0
8416,MN,2020,820.0,2,801.0
8416,OQ,2020,435.0,2,484.0
8416,RU,2020,572.0,2,526.0
8421,BE,2020,1430.0,2,1522.0
8421,FZ,2020,3356.0,2,3274.0
8421,GI,2020,13372.0,2,12192.0
8421,JZ,2020,1968.0,2,2026.0
8421,KZ,2020,1087.0,2,1056.0
8421,LZ,2020,1728.0,2,1666.0
8421,MN,2020,9700.0,2,10739.0
8421,OQ,2020,3700.0,2,3963.0
8421,RU,2020,2837.0,2,3127.0
8426,BE,2020,121.0,2,115.0
8426,FZ,2020,127.0,2,121.0
8426,GI,2020,583.0,2,470.0
8426,JZ,2020,42.0,2,39.0
8426,KZ,2020,42.0,2,42.0
8426,LZ,2020,106.0,2,93.0
8426,MN,2020,232.0,2,217.0
8426,OQ,2020,155.0,2,157.0
8426,RU,2020,137.0,2,128.0
8431,BE,2020,368.0,2,363.0
8431,FZ,2020,444.0,2,466.0
8431,GI,2020,1219.0,2,1120.0
8431,JZ,2020,147.0,2,115.0
8431,KZ,2020,124.0,2,117.0
8431,LZ,2020,180.0,2,168.0
8431,MN,2020,814.0,2,714.0
8431,OQ,2020,447.0,2,395.0
8431,RU,2020,467.0,2,490.0
9301,BE,2020,406.0,2,379.0
9301,FZ,2020,663.0,2,724.0
9301,GI,2020,2116.0,2,2159.0
9301,JZ,2020,462.0,2,452.0
9301,KZ,2020,303.0,2,261.0
9301,LZ,2020,363.0,2,334.0
9301,MN,2020,2200.0,2,2167.0
9301,OQ,2020,894.0,2,960.0
9301,RU,2020,799.0,2,886.0
9306,BE,2020,148.0,2,150.0
9306,FZ,2020,231.0,2,240.0
9306,GI,2020,613.0,2,594.0
9306,JZ,2020,67.0,2,55.0
9306,KZ,2020,65.0,2,51.0
9306,LZ,2020,109.0,2,92.0
9306,MN,2020,451.0,2,429.0
9306,OQ,2020,172.0,2,182.0
9306,RU,2020,202.0,2,244.0
9311,BE,2020,160.0,2,130.0
9311,FZ,2020,140.0,2,146.0
9311,GI,2020,395.0,2,412.0
9311,JZ,2020,32.0,2,36.0
9311,KZ,2020,21.0,2,25.0
9311,LZ,2020,33.0,2,35.0
9311,MN,2020,257.0,2,256.0
9311,OQ,2020,153.0,2,136.0
9311,RU,2020,156.0,2,162.0
9316,BE,2020,55.0,2,56.0
9316,FZ,2020,111.0,2,130.0
9316,GI,2020,314.0,2,273.0
9316,JZ,2020,29.0,2,23.0
9316,KZ,2020,19.0,2,29.0
9316,LZ,2020,42.0,2,29.0
9316,MN,2020,193.0,2,173.0
9316,OQ,2020,97.0,2,103.0
9316,RU,2020,72.0,2,100.0
0054,BE,2020,137.0,3,148.0
0054,FZ,2020,315.0,3,312.0
0054,GI,2020,983.0,3,837.0
0054,JZ,2020,83.0,3,66.0
0054,KZ,2020,68.0,3,71.0
0054,LZ,2020,147.0,3,144.0
0054,MN,2020,442.0,3,461.0
0054,OQ,2020,210.0,3,222.0
0054,RU,2020,239.0,3,305.0
0059,BE,2020,150.0,3,139.0
0059,FZ,2020,176.0,3,222.0
0059,GI,2020,648.0,3,614.0
0059,JZ,2020,57.0,3,36.0
0059,KZ,2020,61.0,3,48.0
0059,LZ,2020,83.0,3,101.0
0059,MN,2020,322.0,3,325.0
0059,OQ,2020,166.0,3,164.0
0059,RU,2020,175.0,3,199.0
0064,BE,2020,80.0,3,80.0
0064,FZ,2020,93.0,3,72.0
0064,GI,2020,219.0,3,237.0
0064,JZ,2020,21.0,3,17.0
0064,KZ,2020,21.0,3,17.0
0064,LZ,2020,41.0,3,45.0
0064,MN,2020,183.0,3,160.0
0064,OQ,2020,63.0,3,88.0
0064,RU,2020,81.0,3,94.0
1105,BE,2020,134.0,3,138.0
1105,FZ,2020,274.0,3,256.0
1105,GI,2020,805.0,3,731.0
1105,JZ,2020,121.0,3,122.0
1105,KZ,2020,52.0,3,66.0
1105,LZ,2020,72.0,3,74.0
1105,MN,2020,632.0,3,613.0
1105,OQ,2020,271.0,3,307.0
1105,RU,2020,292.0,3,323.0
1110,BE,2020,43.0,3,35.0
1110,FZ,2020,73.0,3,71.0
1110,GI,2020,251.0,3,188.0
1110,JZ,2020,26.0,3,20.0
1110,KZ,2020,8.0,3,19.0
1110,LZ,2020,19.0,3,16.0
1110,MN,2020,112.0,3,108.0
1110,OQ,2020,30.0,3,46.0
1110,RU,2020,63.0,3,67.0
1115,BE,2020,264.0,3,259.0
1115,FZ,2020,445.0,3,550.0
1115,GI,2020,3656.0,3,2753.0
1115,JZ,2020,648.0,3,647.0
1115,KZ,2020,279.0,3,264.0
1115,LZ,2020,390.0,3,404.0
1115,MN,2020,2641.0,3,2781.0
1115,OQ,2020,950.0,3,1081.0
1115,RU,2020,776.0,3,771.0
2405,BE,2020,216.0,3,157.0
2405,FZ,2020,137.0,3,132.0
2405,GI,2020,638.0,3,540.0
2405,JZ,2020,46.0,3,37.0
2405,KZ,2020,26.0,3,43.0
2405,LZ,2020,65.0,3,72.0
2405,MN,2020,281.0,3,260.0
2405,OQ,2020,138.0,3,164.0
2405,RU,2020,176.0,3,153.0
2410,BE,2020,204.0,3,199.0
2410,FZ,2020,514.0,3,504.0
2410,GI,2020,1928.0,3,1726.0
2410,JZ,2020,232.0,3,201.0
2410,KZ,2020,144.0,3,125.0
2410,LZ,2020,119.0,3,115.0
2410,MN,2020,1009.0,3,1033.0
2410,OQ,2020,461.0,3,496.0
2410,RU,2020,491.0,3,478.0
2415,BE,2020,28.0,3,32.0
2415,FZ,2020,62.0,3,45.0
2415,GI,2020,167.0,3,134.0
2415,JZ,2020,16.0,3,7.0
2415,KZ,2020,5.0,3,7.0
2415,LZ,2020,13.0,3,11.0
2415,MN,2020,80.0,3,64.0
2415,OQ,2020,24.0,3,22.0
2415,RU,2020,32.0,3,37.0
2705,BE,2020,128.0,3,106.0
2705,FZ,2020,195.0,3,186.0
2705,GI,2020,859.0,3,661.0
2705,JZ,2020,53.0,3,52.0
2705,KZ,2020,39.0,3,37.0
2705,LZ,2020,82.0,3,63.0
2705,MN,2020,313.0,3,273.0
2705,OQ,2020,172.0,3,200.0
2705,RU,2020,210.0,3,193.0
2710,BE,2020,97.0,3,54.0
2710,FZ,2020,100.0,3,72.0
2710,GI,2020,347.0,3,288.0
2710,JZ,2020,20.0,3,22.0
2710,KZ,2020,24.0,3,16.0
2710,LZ,2020,31.0,3,20.0
2710,MN,2020,153.0,3,119.0
2710,OQ,2020,60.0,3,61.0
2710,RU,2020,90.0,3,76.0
2715,BE,2020,115.0,3,78.0
2715,FZ,2020,132.0,3,101.0
2715,GI,2020,482.0,3,380.0
2715,JZ,2020,26.0,3,29.0
2715,KZ,2020,41.0,3,36.0
2715,LZ,2020,85.0,3,97.0
2715,MN,2020,192.0,3,168.0
2715,OQ,2020,95.0,3,139.0
2715,RU,2020,146.0,3,169.0
2802,BE,2020,65.0,3,61.0
2802,FZ,2020,78.0,3,74.0
2802,GI,2020,268.0,3,258.0
2802,JZ,2020,22.0,3,17.0
2802,KZ,2020,45.0,3,30.0
2802,LZ,2020,28.0,3,24.0
2802,MN,2020,139.0,3,151.0
2802,OQ,2020,70.0,3,63.0
2802,RU,2020,100.0,3,78.0
2807,BE,2020,79.0,3,76.0
2807,FZ,2020,164.0,3,141.0
2807,GI,2020,413.0,3,375.0
2807,JZ,2020,29.0,3,19.0
2807,KZ,2020,47.0,3,36.0
2807,LZ,2020,57.0,3,49.0
2807,MN,2020,186.0,3,184.0
2807,OQ,2020,105.0,3,101.0
2807,RU,2020,124.0,3,106.0
2812,BE,2020,33.0,3,27.0
2812,FZ,2020,52.0,3,62.0
2812,GI,2020,129.0,3,118.0
2812,JZ,2020,14.0,3,11.0
2812,KZ,2020,7.0,3,11.0
2812,LZ,2020,12.0,3,10.0
2812,MN,2020,83.0,3,66.0
2812,OQ,2020,24.0,3,28.0
2812,RU,2020,48.0,3,48.0
2817,BE,2020,91.0,3,78.0
2817,FZ,2020,143.0,3,166.0
2817,GI,2020,512.0,3,439.0
2817,JZ,2020,71.0,3,60.0
2817,KZ,2020,51.0,3,45.0
2817,LZ,2020,57.0,3,65.0
2817,MN,2020,259.0,3,243.0
2817,OQ,2020,90.0,3,110.0
2817,RU,2020,132.0,3,150.0
3203,BE,2020,81.0,3,103.0
3203,FZ,2020,112.0,3,118.0
3203,GI,2020,759.0,3,617.0
3203,JZ,2020,48.0,3,53.0
3203,KZ,2020,50.0,3,58.0
3203,LZ,2020,67.0,3,47.0
3203,MN,2020,299.0,3,298.0
3203,OQ,2020,175.0,3,198.0
3203,RU,2020,166.0,3,177.0
3208,BE,2020,66.0,3,77.0
3208,FZ,2020,105.0,3,127.0
3208,GI,2020,627.0,3,497.0
3208,JZ,2020,27.0,3,35.0
3208,KZ,2020,53.0,3,45.0
3208,LZ,2020,56.0,3,41.0
3208,MN,2020,161.0,3,131.0
3208,OQ,2020,99.0,3,109.0
3208,RU,2020,141.0,3,134.0
3213,BE,2020,145.0,3,109.0
3213,FZ,2020,131.0,3,126.0
3213,GI,2020,1006.0,3,930.0
3213,JZ,2020,57.0,3,49.0
3213,KZ,2020,51.0,3,65.0
3213,LZ,2020,83.0,3,67.0
3213,MN,2020,330.0,3,319.0
3213,OQ,2020,228.0,3,200.0
3213,RU,2020,259.0,3,276.0
3218,BE,2020,184.0,3,200.0
3218,FZ,2020,460.0,3,422.0
3218,GI,2020,2622.0,3,2099.0
3218,JZ,2020,253.0,3,257.0
3218,KZ,2020,152.0,3,149.0
3218,LZ,2020,157.0,3,126.0
3218,MN,2020,999.0,3,977.0
3218,OQ,2020,436.0,3,455.0
3218,RU,2020,417.0,3,449.0
4401,BE,2020,52.0,3,44.0
4401,FZ,2020,44.0,3,36.0
4401,GI,2020,174.0,3,170.0
4401,JZ,2020,16.0,3,21.0
4401,KZ,2020,15.0,3,20.0
4401,LZ,2020,17.0,3,21.0
4401,MN,2020,60.0,3,58.0
4401,OQ,2020,55.0,3,48.0
4401,RU,2020,41.0,3,59.0
4406,BE,2020,55.0,3,56.0
4406,FZ,2020,49.0,3,55.0
4406,GI,2020,257.0,3,273.0
4406,JZ,2020,15.0,3,9.0
4406,KZ,2020,16.0,3,29.0
4406,LZ,2020,53.0,3,57.0
4406,MN,2020,135.0,3,141.0
4406,OQ,2020,46.0,3,66.0
4406,RU,2020,73.0,3,65.0
4411,BE,2020,254.0,3,230.0
4411,FZ,2020,580.0,3,495.0
4411,GI,2020,1967.0,3,1642.0
4411,JZ,2020,146.0,3,121.0
4411,KZ,2020,103.0,3,126.0
4411,LZ,2020,153.0,3,96.0
4411,MN,2020,794.0,3,803.0
4411,OQ,2020,446.0,3,454.0
4411,RU,2020,488.0,3,555.0
4416,BE,2020,74.0,3,66.0
4416,FZ,2020,128.0,3,146.0
4416,GI,2020,382.0,3,328.0
4416,JZ,2020,20.0,3,24.0
4416,KZ,2020,22.0,3,17.0
4416,LZ,2020,21.0,3,23.0
4416,MN,2020,167.0,3,164.0
4416,OQ,2020,93.0,3,113.0
4416,RU,2020,126.0,3,114.0
4421,BE,2020,73.0,3,66.0
4421,FZ,2020,86.0,3,66.0
4421,GI,2020,312.0,3,269.0
4421,JZ,2020,16.0,3,14.0
4421,KZ,2020,18.0,3,9.0
4421,LZ,2020,23.0,3,21.0
4421,MN,2020,112.0,3,75.0
4421,OQ,2020,46.0,3,68.0
4421,RU,2020,81.0,3,78.0
4426,BE,2020,60.0,3,34.0
4426,FZ,2020,69.0,3,65.0
4426,GI,2020,222.0,3,187.0
4426,JZ,2020,9.0,3,8.0
4426,KZ,2020,17.0,3,16.0
4426,LZ,2020,29.0,3,30.0
4426,MN,2020,76.0,3,86.0
4426,OQ,2020,55.0,3,62.0
4426,RU,2020,71.0,3,79.0
5204,BE,2020,34.0,3,31.0
5204,FZ,2020,25.0,3,16.0
5204,GI,2020,115.0,3,94.0
5204,JZ,2020,17.0,3,5.0
5204,KZ,2020,20.0,3,22.0
5204,LZ,2020,11.0,3,9.0
5204,MN,2020,69.0,3,57.0
5204,OQ,2020,28.0,3,36.0
5204,RU,2020,47.0,3,40.0
5209,BE,2020,51.0,3,45.0
5209,FZ,2020,38.0,3,29.0
5209,GI,2020,132.0,3,125.0
5209,JZ,2020,12.0,3,10.0
5209,KZ,2020,13.0,3,12.0
5209,LZ,2020,16.0,3,17.0
5209,MN,2020,88.0,3,65.0
5209,OQ,2020,40.0,3,43.0
5209,RU,2020,53.0,3,54.0
5214,BE,2020,93.0,3,79.0
5214,FZ,2020,109.0,3,98.0
5214,GI,2020,273.0,3,338.0
5214,JZ,2020,38.0,3,26.0
5214,KZ,2020,40.0,3,49.0
5214,LZ,2020,108.0,3,109.0
5214,MN,2020,230.0,3,230.0
5214,OQ,2020,93.0,3,120.0
5214,RU,2020,111.0,3,150.0
5219,BE,2020,215.0,3,184.0
5219,FZ,2020,275.0,3,220.0
5219,GI,2020,797.0,3,683.0
5219,JZ,2020,84.0,3,83.0
5219,KZ,2020,100.0,3,91.0
5219,LZ,2020,204.0,3,203.0
5219,MN,2020,553.0,3,513.0
5219,OQ,2020,307.0,3,314.0
5219,RU,2020,292.0,3,314.0
5303,BE,2020,78.0,3,70.0
5303,FZ,2020,61.0,3,54.0
5303,GI,2020,189.0,3,215.0
5303,JZ,2020,21.0,3,24.0
5303,KZ,2020,11.0,3,15.0
5303,LZ,2020,24.0,3,28.0
5303,MN,2020,103.0,3,132.0
5303,OQ,2020,74.0,3,67.0
5303,RU,2020,95.0,3,107.0
5308,BE,2020,70.0,3,75.0
5308,FZ,2020,95.0,3,77.0
5308,GI,2020,341.0,3,319.0
5308,JZ,2020,42.0,3,45.0
5308,KZ,2020,31.0,3,32.0
5308,LZ,2020,50.0,3,52.0
5308,MN,2020,216.0,3,188.0
5308,OQ,2020,113.0,3,119.0
5308,RU,2020,101.0,3,150.0
5313,BE,2020,204.0,3,223.0
5313,FZ,2020,263.0,3,293.0
5313,GI,2020,707.0,3,690.0
5313,JZ,2020,97.0,3,103.0
5313,KZ,2020,110.0,3,103.0
5313,LZ,2020,196.0,3,164.0
5313,MN,2020,504.0,3,495.0
5313,OQ,2020,370.0,3,362.0
5313,RU,2020,309.0,3,365.0
5318,BE,2020,207.0,3,181.0
5318,FZ,2020,240.0,3,258.0
5318,GI,2020,648.0,3,676.0
5318,JZ,2020,88.0,3,94.0
5318,KZ,2020,111.0,3,109.0
5318,LZ,2020,225.0,3,191.0
5318,MN,2020,555.0,3,598.0
5318,OQ,2020,315.0,3,326.0
5318,RU,2020,264.0,3,340.0
7504,BE,2020,160.0,3,131.0
7504,FZ,2020,179.0,3,182.0
7504,GI,2020,438.0,3,444.0
7504,JZ,2020,34.0,3,41.0
7504,KZ,2020,36.0,3,41.0
7504,LZ,2020,84.0,3,90.0
7504,MN,2020,269.0,3,268.0
7504,OQ,2020,122.0,3,130.0
7504,RU,2020,145.0,3,161.0
7509,BE,2020,145.0,3,119.0
7509,FZ,2020,129.0,3,115.0
7509,GI,2020,504.0,3,396.0
7509,JZ,2020,33.0,3,29.0
7509,KZ,2020,71.0,3,77.0
7509,LZ,2020,71.0,3,70.0
7509,MN,2020,234.0,3,222.0
7509,OQ,2020,122.0,3,159.0
7509,RU,2020,164.0,3,133.0
7514,BE,2020,129.0,3,111.0
7514,FZ,2020,180.0,3,204.0
7514,GI,2020,460.0,3,418.0
7514,JZ,2020,34.0,3,27.0
7514,KZ,2020,38.0,3,44.0
7514,LZ,2020,44.0,3,47.0
7514,MN,2020,271.0,3,265.0
7514,OQ,2020,143.0,3,153.0
7514,RU,2020,203.0,3,209.0
7519,BE,2020,184.0,3,193.0
7519,FZ,2020,106.0,3,120.0
7519,GI,2020,538.0,3,514.0
7519,JZ,2020,31.0,3,32.0
7519,KZ,2020,42.0,3,43.0
7519,LZ,2020,53.0,3,42.0
7519,MN,2020,243.0,3,218.0
7519,OQ,2020,150.0,3,193.0
7519,RU,2020,127.0,3,176.0
7524,BE,2020,350.0,3,253.0
7524,FZ,2020,267.0,3,259.0
7524,GI,2020,1165.0,3,1056.0
7524,JZ,2020,132.0,3,108.0
7524,KZ,2020,139.0,3,153.0
7524,LZ,2020,184.0,3,181.0
7524,MN,2020,624.0,3,586.0
7524,OQ,2020,389.0,3,391.0
7524,RU,2020,369.0,3,404.0
7529,BE,2020,97.0,3,87.0
7529,FZ,2020,79.0,3,87.0
7529,GI,2020,285.0,3,323.0
7529,JZ,2020,26.0,3,15.0
7529,KZ,2020,19.0,3,28.0
7529,LZ,2020,55.0,3,41.0
7529,MN,2020,193.0,3,179.0
7529,OQ,2020,67.0,3,79.0
7529,RU,2020,98.0,3,126.0
7602,BE,2020,391.0,3,362.0
7602,FZ,2020,285.0,3,289.0
7602,GI,2020,1047.0,3,919.0
7602,JZ,2020,99.0,3,85.0
7602,KZ,2020,100.0,3,94.0
7602,LZ,2020,164.0,3,203.0
7602,MN,2020,561.0,3,524.0
7602,OQ,2020,316.0,3,327.0
7602,RU,2020,343.0,3,358.0
7607,BE,2020,112.0,3,90.0
7607,FZ,2020,122.0,3,100.0
7607,GI,2020,311.0,3,327.0
7607,JZ,2020,27.0,3,31.0
7607,KZ,2020,21.0,3,24.0
7607,LZ,2020,34.0,3,28.0
7607,MN,2020,230.0,3,165.0
7607,OQ,2020,92.0,3,98.0
7607,RU,2020,107.0,3,135.0
7612,BE,2020,201.0,3,201.0
7612,FZ,2020,212.0,3,205.0
7612,GI,2020,454.0,3,451.0
7612,JZ,2020,41.0,3,54.0
7612,KZ,2020,30.0,3,23.0
7612,LZ,2020,75.0,3,72.0
7612,MN,2020,309.0,3,280.0
7612,OQ,2020,180.0,3,206.0
7612,RU,2020,182.0,3,219.0
7617,BE,2020,155.0,3,125.0
7617,FZ,2020,235.0,3,268.0
7617,GI,2020,805.0,3,752.0
7617,JZ,2020,50.0,3,48.0
7617,KZ,2020,50.0,3,50.0
7617,LZ,2020,84.0,3,55.0
7617,MN,2020,425.0,3,409.0
7617,OQ,2020,210.0,3,229.0
7617,RU,2020,200.0,3,280.0
7622,BE,2020,182.0,3,182.0
7622,FZ,2020,196.0,3,184.0
7622,GI,2020,494.0,3,387.0
7622,JZ,2020,36.0,3,49.0
7622,KZ,2020,28.0,3,27.0
7622,LZ,2020,52.0,3,40.0
7622,MN,2020,298.0,3,266.0
7622,OQ,2020,165.0,3,202.0
7622,RU,2020,190.0,3,196.0
8402,BE,2020,194.0,3,220.0
8402,FZ,2020,213.0,3,213.0
8402,GI,2020,468.0,3,520.0
8402,JZ,2020,40.0,3,46.0
8402,KZ,2020,26.0,3,47.0
8402,LZ,2020,62.0,3,38.0
8402,MN,2020,310.0,3,279.0
8402,OQ,2020,176.0,3,160.0
8402,RU,2020,201.0,3,244.0
8407,BE,2020,227.0,3,172.0
8407,FZ,2020,436.0,3,433.0
8407,GI,2020,1207.0,3,938.0
8407,JZ,2020,155.0,3,122.0
8407,KZ,2020,103.0,3,95.0
8407,LZ,2020,243.0,3,211.0
8407,MN,2020,832.0,3,759.0
8407,OQ,2020,396.0,3,450.0
8407,RU,2020,404.0,3,439.0
8412,BE,2020,93.0,3,82.0
8412,FZ,2020,121.0,3,100.0
8412,GI,2020,300.0,3,249.0
8412,JZ,2020,22.0,3,21.0
8412,KZ,2020,23.0,3,34.0
8412,LZ,2020,54.0,3,56.0
8412,MN,2020,142.0,3,152.0
8412,OQ,2020,87.0,3,110.0
8412,RU,2020,88.0,3,112.0
8417,BE,2020,91.0,3,83.0
8417,FZ,2020,110.0,3,84.0
8417,GI,2020,207.0,3,235.0
8417,JZ,2020,18.0,3,14.0
8417,KZ,2020,19.0,3,16.0
8417,LZ,2020,33.0,3,30.0
8417,MN,2020,113.0,3,109.0
8417,OQ,2020,64.0,3,77.0
8417,RU,2020,108.0,3,105.0
8422,BE,2020,161.0,3,148.0
8422,FZ,2020,197.0,3,181.0
8422,GI,2020,395.0,3,393.0
8422,JZ,2020,37.0,3,44.0
8422,KZ,2020,46.0,3,35.0
8422,LZ,2020,72.0,3,56.0
8422,MN,2020,250.0,3,209.0
8422,OQ,2020,133.0,3,155.0
8422,RU,2020,159.0,3,162.0
8427,BE,2020,131.0,3,116.0
8427,FZ,2020,157.0,3,140.0
8427,GI,2020,421.0,3,324.0
8427,JZ,2020,54.0,3,36.0
8427,KZ,2020,32.0,3,25.0
8427,LZ,2020,48.0,3,61.0
8427,MN,2020,246.0,3,238.0
8427,OQ,2020,130.0,3,141.0
8427,RU,2020,146.0,3,142.0
8432,BE,2020,177.0,3,163.0
8432,FZ,2020,132.0,3,130.0
8432,GI,2020,472.0,3,391.0
8432,JZ,2020,40.0,3,28.0
8432,KZ,2020,29.0,3,23.0
8432,LZ,2020,43.0,3,40.0
8432,MN,2020,259.0,3,218.0
8432,OQ,2020,116.0,3,154.0
8432,RU,2020,114.0,3,155.0
9302,BE,2020,66.0,3,35.0
9302,FZ,2020,56.0,3,49.0
9302,GI,2020,144.0,3,136.0
9302,JZ,2020,12.0,3,19.0
9302,KZ,2020,15.0,3,19.0
9302,LZ,2020,45.0,3,37.0
9302,MN,2020,124.0,3,112.0
9302,OQ,2020,106.0,3,138.0
9302,RU,2020,83.0,3,91.0
9307,BE,2020,146.0,3,143.0
9307,FZ,2020,130.0,3,118.0
9307,GI,2020,340.0,3,325.0
9307,JZ,2020,29.0,3,30.0
9307,KZ,2020,22.0,3,17.0
9307,LZ,2020,34.0,3,24.0
9307,MN,2020,169.0,3,166.0
9307,OQ,2020,144.0,3,148.0
9307,RU,2020,93.0,3,140.0
9312,BE,2020,852.0,3,954.0
9312,FZ,2020,2488.0,3,2402.0
9312,GI,2020,8222.0,3,7410.0
9312,JZ,2020,953.0,3,871.0
9312,KZ,2020,609.0,3,627.0
9312,LZ,2020,814.0,3,709.0
9312,MN,2020,4926.0,3,4943.0
9312,OQ,2020,2490.0,3,2660.0
9312,RU,2020,2040.0,3,2051.0
9317,BE,2020,68.0,3,66.0
9317,FZ,2020,174.0,3,175.0
9317,GI,2020,475.0,3,482.0
9317,JZ,2020,29.0,3,18.0
9317,KZ,2020,62.0,3,37.0
9317,LZ,2020,141.0,3,101.0
9317,MN,2020,398.0,3,378.0
9317,OQ,2020,85.0,3,88.0
9317,RU,2020,148.0,3,162.0
0055,BE,2020,84.0,4,96.0
0055,FZ,2020,113.0,4,108.0
0055,GI,2020,309.0,4,280.0
0055,JZ,2020,28.0,4,26.0
0055,KZ,2020,16.0,4,19.0
0055,LZ,2020,40.0,4,30.0
0055,MN,2020,160.0,4,171.0
0055,OQ,2020,76.0,4,91.0
0055,RU,2020,105.0,4,126.0
0060,BE,2020,155.0,4,149.0
0060,FZ,2020,117.0,4,130.0
0060,GI,2020,491.0,4,437.0
0060,JZ,2020,30.0,4,35.0
0060,KZ,2020,26.0,4,26.0
0060,LZ,2020,55.0,4,78.0
0060,MN,2020,217.0,4,201.0
0060,OQ,2020,111.0,4,103.0
0060,RU,2020,112.0,4,125.0
1101,BE,2020,325.0,4,286.0
1101,FZ,2020,802.0,4,792.0
1101,GI,2020,4368.0,4,3613.0
1101,JZ,2020,644.0,4,616.0
1101,KZ,2020,219.0,4,190.0
1101,LZ,2020,380.0,4,373.0
1101,MN,2020,2236.0,4,2386.0
1101,OQ,2020,913.0,4,904.0
1101,RU,2020,788.0,4,790.0
1106,BE,2020,245.0,4,236.0
1106,FZ,2020,630.0,4,609.0
1106,GI,2020,3601.0,4,2880.0
1106,JZ,2020,457.0,4,471.0
1106,KZ,2020,184.0,4,189.0
1106,LZ,2020,211.0,4,210.0
1106,MN,2020,1643.0,4,1786.0
1106,OQ,2020,588.0,4,681.0
1106,RU,2020,610.0,4,699.0
1111,BE,2020,46.0,4,50.0
1111,FZ,2020,74.0,4,79.0
1111,GI,2020,249.0,4,209.0
1111,JZ,2020,64.0,4,76.0
1111,KZ,2020,34.0,4,37.0
1111,LZ,2020,62.0,4,68.0
1111,MN,2020,262.0,4,290.0
1111,OQ,2020,113.0,4,115.0
1111,RU,2020,108.0,4,142.0
2401,BE,2020,103.0,4,123.0
2401,FZ,2020,170.0,4,178.0
2401,GI,2020,767.0,4,640.0
2401,JZ,2020,61.0,4,51.0
2401,KZ,2020,48.0,4,77.0
2401,LZ,2020,88.0,4,78.0
2401,MN,2020,323.0,4,308.0
2401,OQ,2020,176.0,4,180.0
2401,RU,2020,173.0,4,155.0
2406,BE,2020,39.0,4,47.0
2406,FZ,2020,28.0,4,37.0
2406,GI,2020,142.0,4,119.0
2406,JZ,2020,12.0,4,6.0
2406,KZ,2020,13.0,4,16.0
2406,LZ,2020,26.0,4,19.0
2406,MN,2020,86.0,4,64.0
2406,OQ,2020,33.0,4,43.0
2406,RU,2020,43.0,4,41.0
2411,BE,2020,48.0,4,28.0
2411,FZ,2020,58.0,4,66.0
2411,GI,2020,239.0,4,210.0
2411,JZ,2020,14.0,4,16.0
2411,KZ,2020,5.0,4,9.0
2411,LZ,2020,7.0,4,10.0
2411,MN,2020,82.0,4,86.0
2411,OQ,2020,40.0,4,46.0
2411,RU,2020,70.0,4,67.0
2701,BE,2020,58.0,4,46.0
2701,FZ,2020,42.0,4,40.0
2701,GI,2020,143.0,4,135.0
2701,JZ,2020,15.0,4,14.0
2701,KZ,2020,10.0,4,7.0
2701,LZ,2020,8.0,4,12.0
2701,MN,2020,74.0,4,55.0
2701,OQ,2020,24.0,4,38.0
2701,RU,2020,43.0,4,50.0
2706,BE,2020,273.0,4,193.0
2706,FZ,2020,343.0,4,300.0
2706,GI,2020,1405.0,4,1275.0
2706,JZ,2020,133.0,4,119.0
2706,KZ,2020,97.0,4,119.0
2706,LZ,2020,169.0,4,166.0
2706,MN,2020,568.0,4,529.0
2706,OQ,2020,397.0,4,455.0
2706,RU,2020,359.0,4,395.0
2711,BE,2020,230.0,4,250.0
2711,FZ,2020,465.0,4,459.0
2711,GI,2020,2190.0,4,1934.0
2711,JZ,2020,187.0,4,177.0
2711,KZ,2020,159.0,4,145.0
2711,LZ,2020,195.0,4,159.0
2711,MN,2020,958.0,4,885.0
2711,OQ,2020,582.0,4,552.0
2711,RU,2020,446.0,4,535.0
2716,BE,2020,55.0,4,46.0
2716,FZ,2020,64.0,4,81.0
2716,GI,2020,181.0,4,173.0
2716,JZ,2020,13.0,4,8.0
2716,KZ,2020,8.0,4,13.0
2716,LZ,2020,13.0,4,16.0
2716,MN,2020,89.0,4,82.0
2716,OQ,2020,59.0,4,60.0
2716,RU,2020,58.0,4,55.0
2803,BE,2020,42.0,4,40.0
2803,FZ,2020,70.0,4,77.0
2803,GI,2020,230.0,4,227.0
2803,JZ,2020,18.0,4,13.0
2803,KZ,2020,28.0,4,34.0
2803,LZ,2020,28.0,4,16.0
2803,MN,2020,97.0,4,82.0
2803,OQ,2020,51.0,4,33.0
2803,RU,2020,75.0,4,76.0
2808,BE,2020,113.0,4,91.0
2808,FZ,2020,216.0,4,226.0
2808,GI,2020,739.0,4,648.0
2808,JZ,2020,63.0,4,67.0
2808,KZ,2020,71.0,4,71.0
2808,LZ,2020,65.0,4,72.0
2808,MN,2020,334.0,4,325.0
2808,OQ,2020,155.0,4,166.0
2808,RU,2020,198.0,4,193.0
2813,BE,2020,184.0,4,163.0
2813,FZ,2020,217.0,4,190.0
2813,GI,2020,1356.0,4,1182.0
2813,JZ,2020,98.0,4,88.0
2813,KZ,2020,90.0,4,70.0
2813,LZ,2020,159.0,4,128.0
2813,MN,2020,526.0,4,486.0
2813,OQ,2020,314.0,4,290.0
2813,RU,2020,320.0,4,359.0
2818,BE,2020,33.0,4,31.0
2818,FZ,2020,26.0,4,33.0
2818,GI,2020,136.0,4,108.0
2818,JZ,2020,8.0,4,12.0
2818,KZ,2020,5.0,4,14.0
2818,LZ,2020,15.0,4,7.0
2818,MN,2020,53.0,4,51.0
2818,OQ,2020,36.0,4,33.0
2818,RU,2020,27.0,4,41.0
3204,BE,2020,70.0,4,75.0
3204,FZ,2020,94.0,4,106.0
3204,GI,2020,436.0,4,419.0
3204,JZ,2020,23.0,4,31.0
3204,KZ,2020,48.0,4,48.0
3204,LZ,2020,75.0,4,47.0
3204,MN,2020,184.0,4,170.0
3204,OQ,2020,111.0,4,111.0
3204,RU,2020,109.0,4,106.0
3209,BE,2020,42.0,4,45.0
3209,FZ,2020,73.0,4,68.0
3209,GI,2020,243.0,4,201.0
3209,JZ,2020,25.0,4,24.0
3209,KZ,2020,23.0,4,13.0
3209,LZ,2020,26.0,4,48.0
3209,MN,2020,121.0,4,130.0
3209,OQ,2020,53.0,4,64.0
3209,RU,2020,65.0,4,73.0
3214,BE,2020,57.0,4,52.0
3214,FZ,2020,78.0,4,86.0
3214,GI,2020,277.0,4,273.0
3214,JZ,2020,28.0,4,18.0
3214,KZ,2020,21.0,4,22.0
3214,LZ,2020,15.0,4,16.0
3214,MN,2020,117.0,4,120.0
3214,OQ,2020,70.0,4,67.0
3214,RU,2020,88.0,4,84.0
3219,BE,2020,99.0,4,105.0
3219,FZ,2020,125.0,4,133.0
3219,GI,2020,558.0,4,532.0
3219,JZ,2020,33.0,4,28.0
3219,KZ,2020,34.0,4,42.0
3219,LZ,2020,61.0,4,50.0
3219,MN,2020,206.0,4,202.0
3219,OQ,2020,106.0,4,149.0
3219,RU,2020,115.0,4,173.0
4402,BE,2020,130.0,4,83.0
4402,FZ,2020,90.0,4,77.0
4402,GI,2020,427.0,4,312.0
4402,JZ,2020,32.0,4,22.0
4402,KZ,2020,45.0,4,34.0
4402,LZ,2020,24.0,4,26.0
4402,MN,2020,165.0,4,148.0
4402,OQ,2020,53.0,4,107.0
4402,RU,2020,79.0,4,94.0
4407,BE,2020,134.0,4,146.0
4407,FZ,2020,192.0,4,193.0
4407,GI,2020,706.0,4,559.0
4407,JZ,2020,50.0,4,39.0
4407,KZ,2020,40.0,4,38.0
4407,LZ,2020,77.0,4,66.0
4407,MN,2020,272.0,4,271.0
4407,OQ,2020,137.0,4,120.0
4407,RU,2020,145.0,4,170.0
4412,BE,2020,313.0,4,235.0
4412,FZ,2020,635.0,4,496.0
4412,GI,2020,2419.0,4,2311.0
4412,JZ,2020,272.0,4,260.0
4412,KZ,2020,200.0,4,177.0
4412,LZ,2020,147.0,4,169.0
4412,MN,2020,1094.0,4,972.0
4412,OQ,2020,819.0,4,857.0
4412,RU,2020,580.0,4,544.0
4417,BE,2020,80.0,4,54.0
4417,FZ,2020,120.0,4,136.0
4417,GI,2020,280.0,4,263.0
4417,JZ,2020,17.0,4,20.0
4417,KZ,2020,19.0,4,23.0
4417,LZ,2020,34.0,4,13.0
4417,MN,2020,138.0,4,142.0
4417,OQ,2020,76.0,4,71.0
4417,RU,2020,75.0,4,89.0
4422,BE,2020,89.0,4,65.0
4422,FZ,2020,97.0,4,104.0
4422,GI,2020,304.0,4,321.0
4422,JZ,2020,37.0,4,29.0
4422,KZ,2020,22.0,4,22.0
4422,LZ,2020,44.0,4,35.0
4422,MN,2020,164.0,4,159.0
4422,OQ,2020,109.0,4,89.0
4422,RU,2020,105.0,4,112.0
4427,BE,2020,105.0,4,64.0
4427,FZ,2020,112.0,4,89.0
4427,GI,2020,393.0,4,284.0
4427,JZ,2020,22.0,4,12.0
4427,KZ,2020,21.0,4,28.0
4427,LZ,2020,26.0,4,23.0
4427,MN,2020,118.0,4,112.0
4427,OQ,2020,65.0,4,72.0
4427,RU,2020,70.0,4,99.0
5205,BE,2020,65.0,4,41.0
5205,FZ,2020,64.0,4,64.0
5205,GI,2020,113.0,4,115.0
5205,JZ,2020,14.0,4,8.0
5205,KZ,2020,19.0,4,20.0
5205,LZ,2020,34.0,4,24.0
5205,MN,2020,77.0,4,93.0
5205,OQ,2020,44.0,4,60.0
5205,RU,2020,47.0,4,48.0
5210,BE,2020,181.0,4,161.0
5210,FZ,2020,170.0,4,156.0
5210,GI,2020,569.0,4,552.0
5210,JZ,2020,58.0,4,50.0
5210,KZ,2020,60.0,4,70.0
5210,LZ,2020,130.0,4,118.0
5210,MN,2020,345.0,4,297.0
5210,OQ,2020,170.0,4,181.0
5210,RU,2020,219.0,4,262.0
5215,BE,2020,51.0,4,50.0
5215,FZ,2020,61.0,4,51.0
5215,GI,2020,254.0,4,194.0
5215,JZ,2020,13.0,4,17.0
5215,KZ,2020,24.0,4,15.0
5215,LZ,2020,20.0,4,14.0
5215,MN,2020,80.0,4,127.0
5215,OQ,2020,54.0,4,61.0
5215,RU,2020,58.0,4,71.0
5220,BE,2020,78.0,4,83.0
5220,FZ,2020,67.0,4,59.0
5220,GI,2020,333.0,4,284.0
5220,JZ,2020,26.0,4,18.0
5220,KZ,2020,21.0,4,29.0
5220,LZ,2020,37.0,4,32.0
5220,MN,2020,146.0,4,141.0
5220,OQ,2020,76.0,4,91.0
5220,RU,2020,93.0,4,104.0
5304,BE,2020,64.0,4,71.0
5304,FZ,2020,80.0,4,99.0
5304,GI,2020,304.0,4,256.0
5304,JZ,2020,21.0,4,30.0
5304,KZ,2020,46.0,4,41.0
5304,LZ,2020,45.0,4,25.0
5304,MN,2020,138.0,4,156.0
5304,OQ,2020,100.0,4,82.0
5304,RU,2020,103.0,4,125.0
5309,BE,2020,150.0,4,160.0
5309,FZ,2020,253.0,4,259.0
5309,GI,2020,616.0,4,588.0
5309,JZ,2020,77.0,4,79.0
5309,KZ,2020,99.0,4,99.0
5309,LZ,2020,138.0,4,147.0
5309,MN,2020,447.0,4,405.0
5309,OQ,2020,262.0,4,307.0
5309,RU,2020,244.0,4,298.0
5314,BE,2020,40.0,4,46.0
5314,FZ,2020,36.0,4,56.0
5314,GI,2020,140.0,4,132.0
5314,JZ,2020,13.0,4,15.0
5314,KZ,2020,13.0,4,11.0
5314,LZ,2020,25.0,4,32.0
5314,MN,2020,92.0,4,85.0
5314,OQ,2020,60.0,4,69.0
5314,RU,2020,48.0,4,72.0
5319,BE,2020,91.0,4,58.0
5319,FZ,2020,55.0,4,52.0
5319,GI,2020,271.0,4,222.0
5319,JZ,2020,35.0,4,33.0
5319,KZ,2020,67.0,4,54.0
5319,LZ,2020,39.0,4,58.0
5319,MN,2020,161.0,4,153.0
5319,OQ,2020,69.0,4,75.0
5319,RU,2020,90.0,4,105.0
7505,BE,2020,938.0,4,946.0
7505,FZ,2020,2174.0,4,2432.0
7505,GI,2020,7262.0,4,6871.0
7505,JZ,2020,1173.0,4,1095.0
7505,KZ,2020,788.0,4,816.0
7505,LZ,2020,793.0,4,673.0
7505,MN,2020,5285.0,4,5717.0
7505,OQ,2020,2410.0,4,2396.0
7505,RU,2020,2257.0,4,2352.0
7510,BE,2020,206.0,4,177.0
7510,FZ,2020,243.0,4,243.0
7510,GI,2020,801.0,4,707.0
7510,JZ,2020,69.0,4,56.0
7510,KZ,2020,63.0,4,70.0
7510,LZ,2020,84.0,4,100.0
7510,MN,2020,411.0,4,394.0
7510,OQ,2020,243.0,4,304.0
7510,RU,2020,237.0,4,294.0
7515,BE,2020,99.0,4,64.0
7515,FZ,2020,144.0,4,124.0
7515,GI,2020,368.0,4,285.0
7515,JZ,2020,23.0,4,10.0
7515,KZ,2020,23.0,4,25.0
7515,LZ,2020,24.0,4,14.0
7515,MN,2020,167.0,4,136.0
7515,OQ,2020,88.0,4,83.0
7515,RU,2020,149.0,4,140.0
7520,BE,2020,229.0,4,184.0
7520,FZ,2020,173.0,4,173.0
7520,GI,2020,616.0,4,572.0
7520,JZ,2020,57.0,4,73.0
7520,KZ,2020,87.0,4,67.0
7520,LZ,2020,124.0,4,118.0
7520,MN,2020,343.0,4,342.0
7520,OQ,2020,145.0,4,211.0
7520,RU,2020,195.0,4,226.0
7525,BE,2020,60.0,4,58.0
7525,FZ,2020,113.0,4,102.0
7525,GI,2020,285.0,4,285.0
7525,JZ,2020,18.0,4,26.0
7525,KZ,2020,15.0,4,20.0
7525,LZ,2020,26.0,4,48.0
7525,MN,2020,163.0,4,138.0
7525,OQ,2020,74.0,4,103.0
7525,RU,2020,127.0,4,116.0
7530,BE,2020,67.0,4,51.0
7530,FZ,2020,38.0,4,33.0
7530,GI,2020,196.0,4,151.0
7530,JZ,2020,18.0,4,10.0
7530,KZ,2020,17.0,4,17.0
7530,LZ,2020,45.0,4,31.0
7530,MN,2020,80.0,4,84.0
7530,OQ,2020,43.0,4,42.0
7530,RU,2020,46.0,4,48.0
7603,BE,2020,177.0,4,194.0
7603,FZ,2020,302.0,4,337.0
7603,GI,2020,791.0,4,713.0
7603,JZ,2020,44.0,4,70.0
7603,KZ,2020,61.0,4,46.0
7603,LZ,2020,55.0,4,31.0
7603,MN,2020,382.0,4,384.0
7603,OQ,2020,237.0,4,231.0
7603,RU,2020,250.0,4,300.0
7608,BE,2020,250.0,4,239.0
7608,FZ,2020,275.0,4,332.0
7608,GI,2020,773.0,4,687.0
7608,JZ,2020,67.0,4,58.0
7608,KZ,2020,58.0,4,39.0
7608,LZ,2020,74.0,4,94.0
7608,MN,2020,444.0,4,430.0
7608,OQ,2020,248.0,4,257.0
7608,RU,2020,252.0,4,271.0
7613,BE,2020,103.0,4,83.0
7613,FZ,2020,59.0,4,49.0
7613,GI,2020,173.0,4,171.0
7613,JZ,2020,19.0,4,16.0
7613,KZ,2020,11.0,4,5.0
7613,LZ,2020,22.0,4,22.0
7613,MN,2020,97.0,4,93.0
7613,OQ,2020,71.0,4,68.0
7613,RU,2020,61.0,4,69.0
7618,BE,2020,340.0,4,316.0
7618,FZ,2020,744.0,4,737.0
7618,GI,2020,1843.0,4,1799.0
7618,JZ,2020,169.0,4,176.0
7618,KZ,2020,155.0,4,173.0
7618,LZ,2020,170.0,4,154.0
7618,MN,2020,1056.0,4,1084.0
7618,OQ,2020,537.0,4,567.0
7618,RU,2020,577.0,4,573.0
7623,BE,2020,64.0,4,81.0
7623,FZ,2020,204.0,4,209.0
7623,GI,2020,450.0,4,430.0
7623,JZ,2020,41.0,4,48.0
7623,KZ,2020,39.0,4,50.0
7623,LZ,2020,106.0,4,119.0
7623,MN,2020,257.0,4,279.0
7623,OQ,2020,147.0,4,156.0
7623,RU,2020,189.0,4,187.0
8403,BE,2020,130.0,4,102.0
8403,FZ,2020,56.0,4,66.0
8403,GI,2020,245.0,4,226.0
8403,JZ,2020,14.0,4,13.0
8403,KZ,2020,24.0,4,21.0
8403,LZ,2020,26.0,4,20.0
8403,MN,2020,98.0,4,88.0
8403,OQ,2020,64.0,4,80.0
8403,RU,2020,53.0,4,58.0
8408,BE,2020,331.0,4,299.0
8408,FZ,2020,532.0,4,494.0
8408,GI,2020,1791.0,4,1677.0
8408,JZ,2020,231.0,4,160.0
8408,KZ,2020,175.0,4,169.0
8408,LZ,2020,268.0,4,223.0
8408,MN,2020,988.0,4,948.0
8408,OQ,2020,694.0,4,732.0
8408,RU,2020,609.0,4,606.0
8413,BE,2020,112.0,4,89.0
8413,FZ,2020,254.0,4,266.0
8413,GI,2020,633.0,4,610.0
8413,JZ,2020,53.0,4,32.0
8413,KZ,2020,58.0,4,54.0
8413,LZ,2020,185.0,4,170.0
8413,MN,2020,472.0,4,435.0
8413,OQ,2020,313.0,4,428.0
8413,RU,2020,226.0,4,235.0
8418,BE,2020,54.0,4,62.0
8418,FZ,2020,130.0,4,140.0
8418,GI,2020,317.0,4,285.0
8418,JZ,2020,45.0,4,37.0
8418,KZ,2020,33.0,4,21.0
8418,LZ,2020,97.0,4,90.0
8418,MN,2020,420.0,4,415.0
8418,OQ,2020,177.0,4,217.0
8418,RU,2020,179.0,4,222.0
8423,BE,2020,123.0,4,114.0
8423,FZ,2020,70.0,4,73.0
8423,GI,2020,372.0,4,350.0
8423,JZ,2020,26.0,4,19.0
8423,KZ,2020,20.0,4,19.0
8423,LZ,2020,40.0,4,34.0
8423,MN,2020,133.0,4,117.0
8423,OQ,2020,110.0,4,118.0
8423,RU,2020,86.0,4,102.0
8428,BE,2020,421.0,4,395.0
8428,FZ,2020,889.0,4,850.0
8428,GI,2020,2588.0,4,2123.0
8428,JZ,2020,209.0,4,197.0
8428,KZ,2020,221.0,4,200.0
8428,LZ,2020,392.0,4,319.0
8428,MN,2020,1218.0,4,1222.0
8428,OQ,2020,750.0,4,810.0
8428,RU,2020,552.0,4,571.0
8433,BE,2020,254.0,4,228.0
8433,FZ,2020,468.0,4,481.0
8433,GI,2020,882.0,4,759.0
8433,JZ,2020,87.0,4,81.0
8433,KZ,2020,73.0,4,68.0
8433,LZ,2020,129.0,4,105.0
8433,MN,2020,577.0,4,508.0
8433,OQ,2020,250.0,4,265.0
8433,RU,2020,327.0,4,349.0
9303,BE,2020,147.0,4,134.0
9303,FZ,2020,327.0,4,282.0
9303,GI,2020,697.0,4,630.0
9303,JZ,2020,57.0,4,54.0
9303,KZ,2020,47.0,4,62.0
9303,LZ,2020,99.0,4,77.0
9303,MN,2020,439.0,4,388.0
9303,OQ,2020,189.0,4,256.0
9303,RU,2020,240.0,4,260.0
9308,BE,2020,123.0,4,115.0
9308,FZ,2020,351.0,4,326.0
9308,GI,2020,571.0,4,567.0
9308,JZ,2020,53.0,4,39.0
9308,KZ,2020,35.0,4,37.0
9308,LZ,2020,72.0,4,56.0
9308,MN,2020,355.0,4,381.0
9308,OQ,2020,174.0,4,205.0
9308,RU,2020,181.0,4,187.0
9313,BE,2020,239.0,4,220.0
9313,FZ,2020,499.0,4,462.0
9313,GI,2020,1580.0,4,1444.0
9313,JZ,2020,134.0,4,136.0
9313,KZ,2020,84.0,4,89.0
9313,LZ,2020,170.0,4,128.0
9313,MN,2020,754.0,4,788.0
9313,OQ,2020,407.0,4,438.0
9313,RU,2020,487.0,4,469.0
9318,BE,2020,376.0,4,405.0
9318,FZ,2020,1229.0,4,1306.0
9318,GI,2020,3236.0,4,2715.0
9318,JZ,2020,297.0,4,291.0
9318,KZ,2020,228.0,4,227.0
9318,LZ,2020,484.0,4,501.0
9318,MN,2020,1830.0,4,1803.0
9318,OQ,2020,965.0,4,1051.0
9318,RU,2020,935.0,4,1077.0
0051,BE,2021,100.0,0,66.0
0051,FZ,2021,97.0,0,94.0
0051,GI,2021,390.0,0,386.0
0051,JZ,2021,30.0,0,31.0
0051,KZ,2021,35.0,0,25.0
0051,LZ,2021,55.0,0,33.0
0051,MN,2021,181.0,0,174.0
0051,OQ,2021,120.0,0,102.0
0051,RU,2021,141.0,0,98.0
0056,BE,2021,116.0,0,95.0
0056,FZ,2021,73.0,0,65.0
0056,GI,2021,221.0,0,218.0
0056,JZ,2021,18.0,0,14.0
0056,KZ,2021,18.0,0,14.0
0056,LZ,2021,33.0,0,29.0
0056,MN,2021,126.0,0,84.0
0056,OQ,2021,66.0,0,33.0
0056,RU,2021,93.0,0,70.0
0061,BE,2021,93.0,0,44.0
0061,FZ,2021,79.0,0,68.0
0061,GI,2021,178.0,0,164.0
0061,JZ,2021,20.0,0,26.0
0061,KZ,2021,19.0,0,16.0
0061,LZ,2021,40.0,0,31.0
0061,MN,2021,132.0,0,117.0
0061,OQ,2021,57.0,0,38.0
0061,RU,2021,99.0,0,64.0
1102,BE,2021,69.0,0,70.0
1102,FZ,2021,118.0,0,102.0
1102,GI,2021,433.0,0,372.0
1102,JZ,2021,42.0,0,31.0
1102,KZ,2021,28.0,0,15.0
1102,LZ,2021,20.0,0,31.0
1102,MN,2021,200.0,0,170.0
1102,OQ,2021,90.0,0,64.0
1102,RU,2021,130.0,0,101.0
1107,BE,2021,156.0,0,103.0
1107,FZ,2021,289.0,0,273.0
1107,GI,2021,1534.0,0,1243.0
1107,JZ,2021,171.0,0,131.0
1107,KZ,2021,80.0,0,70.0
1107,LZ,2021,63.0,0,85.0
1107,MN,2021,679.0,0,600.0
1107,OQ,2021,280.0,0,208.0
1107,RU,2021,341.0,0,251.0
1112,BE,2021,436.0,0,348.0
1112,FZ,2021,1967.0,0,1895.0
1112,GI,2021,8177.0,0,8072.0
1112,JZ,2021,899.0,0,689.0
1112,KZ,2021,381.0,0,288.0
1112,LZ,2021,492.0,0,406.0
1112,MN,2021,3889.0,0,3192.0
1112,OQ,2021,1390.0,0,966.0
1112,RU,2021,1236.0,0,1051.0
2402,BE,2021,268.0,0,185.0
2402,FZ,2021,176.0,0,176.0
2402,GI,2021,869.0,0,801.0
2402,JZ,2021,83.0,0,64.0
2402,KZ,2021,59.0,0,39.0
2402,LZ,2021,99.0,0,56.0
2402,MN,2021,378.0,0,274.0
2402,OQ,2021,233.0,0,157.0
2402,RU,2021,252.0,0,160.0
2407,BE,2021,69.0,0,58.0
2407,FZ,2021,84.0,0,62.0
2407,GI,2021,272.0,0,247.0
2407,JZ,2021,17.0,0,16.0
2407,KZ,2021,22.0,0,12.0
2407,LZ,2021,19.0,0,19.0
2407,MN,2021,150.0,0,90.0
2407,OQ,2021,53.0,0,50.0
2407,RU,2021,101.0,0,52.0
2412,BE,2021,87.0,0,78.0
2412,FZ,2021,96.0,0,88.0
2412,GI,2021,314.0,0,277.0
2412,JZ,2021,32.0,0,25.0
2412,KZ,2021,23.0,0,13.0
2412,LZ,2021,50.0,0,35.0
2412,MN,2021,179.0,0,138.0
2412,OQ,2021,79.0,0,51.0
2412,RU,2021,118.0,0,70.0
2702,BE,2021,211.0,0,140.0
2702,FZ,2021,172.0,0,171.0
2702,GI,2021,752.0,0,725.0
2702,JZ,2021,73.0,0,56.0
2702,KZ,2021,72.0,0,50.0
2702,LZ,2021,113.0,0,109.0
2702,MN,2021,366.0,0,276.0
2702,OQ,2021,168.0,0,134.0
2702,RU,2021,221.0,0,153.0
2707,BE,2021,150.0,0,111.0
2707,FZ,2021,169.0,0,156.0
2707,GI,2021,734.0,0,685.0
2707,JZ,2021,63.0,0,55.0
2707,KZ,2021,66.0,0,40.0
2707,LZ,2021,69.0,0,63.0
2707,MN,2021,358.0,0,316.0
2707,OQ,2021,192.0,0,162.0
2707,RU,2021,204.0,0,158.0
2712,BE,2021,109.0,0,84.0
2712,FZ,2021,86.0,0,95.0
2712,GI,2021,315.0,0,377.0
2712,JZ,2021,24.0,0,21.0
2712,KZ,2021,23.0,0,23.0
2712,LZ,2021,37.0,0,13.0
2712,MN,2021,142.0,0,111.0
2712,OQ,2021,82.0,0,67.0
2712,RU,2021,119.0,0,95.0
2717,BE,2021,140.0,0,87.0
2717,FZ,2021,156.0,0,166.0
2717,GI,2021,558.0,0,500.0
2717,JZ,2021,40.0,0,32.0
2717,KZ,2021,25.0,0,34.0
2717,LZ,2021,92.0,0,86.0
2717,MN,2021,251.0,0,211.0
2717,OQ,2021,97.0,0,82.0
2717,RU,2021,157.0,0,118.0
2804,BE,2021,476.0,0,386.0
2804,FZ,2021,645.0,0,594.0
2804,GI,2021,2698.0,0,2404.0
2804,JZ,2021,330.0,0,256.0
2804,KZ,2021,332.0,0,326.0
2804,LZ,2021,313.0,0,263.0
2804,MN,2021,1415.0,0,1224.0
2804,OQ,2021,835.0,0,721.0
2804,RU,2021,875.0,0,687.0
2809,BE,2021,57.0,0,53.0
2809,FZ,2021,68.0,0,65.0
2809,GI,2021,290.0,0,256.0
2809,JZ,2021,25.0,0,18.0
2809,KZ,2021,28.0,0,37.0
2809,LZ,2021,37.0,0,24.0
2809,MN,2021,124.0,0,101.0
2809,OQ,2021,79.0,0,61.0
2809,RU,2021,87.0,0,63.0
2814,BE,2021,77.0,0,52.0
2814,FZ,2021,114.0,0,81.0
2814,GI,2021,294.0,0,283.0
2814,JZ,2021,28.0,0,22.0
2814,KZ,2021,41.0,0,31.0
2814,LZ,2021,38.0,0,22.0
2814,MN,2021,184.0,0,161.0
2814,OQ,2021,60.0,0,105.0
2814,RU,2021,145.0,0,94.0
2819,BE,2021,88.0,0,71.0
2819,FZ,2021,95.0,0,69.0
2819,GI,2021,391.0,0,330.0
2819,JZ,2021,32.0,0,23.0
2819,KZ,2021,44.0,0,32.0
2819,LZ,2021,27.0,0,28.0
2819,MN,2021,191.0,0,160.0
2819,OQ,2021,87.0,0,90.0
2819,RU,2021,129.0,0,93.0
3205,BE,2021,138.0,0,126.0
3205,FZ,2021,262.0,0,201.0
3205,GI,2021,926.0,0,870.0
3205,JZ,2021,58.0,0,60.0
3205,KZ,2021,86.0,0,55.0
3205,LZ,2021,113.0,0,79.0
3205,MN,2021,371.0,0,279.0
3205,OQ,2021,215.0,0,194.0
3205,RU,2021,269.0,0,180.0
3210,BE,2021,117.0,0,80.0
3210,FZ,2021,223.0,0,176.0
3210,GI,2021,763.0,0,705.0
3210,JZ,2021,108.0,0,56.0
3210,KZ,2021,71.0,0,77.0
3210,LZ,2021,77.0,0,61.0
3210,MN,2021,482.0,0,367.0
3210,OQ,2021,205.0,0,166.0
3210,RU,2021,244.0,0,182.0
3215,BE,2021,159.0,0,176.0
3215,FZ,2021,368.0,0,303.0
3215,GI,2021,1845.0,0,1421.0
3215,JZ,2021,118.0,0,113.0
3215,KZ,2021,80.0,0,61.0
3215,LZ,2021,110.0,0,69.0
3215,MN,2021,495.0,0,450.0
3215,OQ,2021,330.0,0,258.0
3215,RU,2021,358.0,0,280.0
3220,BE,2021,235.0,0,132.0
3220,FZ,2021,184.0,0,203.0
3220,GI,2021,846.0,0,773.0
3220,JZ,2021,52.0,0,41.0
3220,KZ,2021,82.0,0,69.0
3220,LZ,2021,64.0,0,51.0
3220,MN,2021,373.0,0,313.0
3220,OQ,2021,235.0,0,159.0
3220,RU,2021,254.0,0,168.0
4403,BE,2021,98.0,0,97.0
4403,FZ,2021,169.0,0,182.0
4403,GI,2021,593.0,0,501.0
4403,JZ,2021,50.0,0,38.0
4403,KZ,2021,48.0,0,36.0
4403,LZ,2021,62.0,0,55.0
4403,MN,2021,232.0,0,195.0
4403,OQ,2021,113.0,0,126.0
4403,RU,2021,126.0,0,125.0
4408,BE,2021,74.0,0,53.0
4408,FZ,2021,137.0,0,137.0
4408,GI,2021,395.0,0,346.0
4408,JZ,2021,21.0,0,14.0
4408,KZ,2021,23.0,0,16.0
4408,LZ,2021,20.0,0,19.0
4408,MN,2021,162.0,0,128.0
4408,OQ,2021,102.0,0,64.0
4408,RU,2021,99.0,0,78.0
4413,BE,2021,260.0,0,186.0
4413,FZ,2021,454.0,0,382.0
4413,GI,2021,2250.0,0,1727.0
4413,JZ,2021,206.0,0,160.0
4413,KZ,2021,253.0,0,156.0
4413,LZ,2021,278.0,0,217.0
4413,MN,2021,1148.0,0,771.0
4413,OQ,2021,594.0,0,432.0
4413,RU,2021,471.0,0,339.0
4418,BE,2021,92.0,0,119.0
4418,FZ,2021,115.0,0,81.0
4418,GI,2021,355.0,0,305.0
4418,JZ,2021,38.0,0,38.0
4418,KZ,2021,39.0,0,11.0
4418,LZ,2021,44.0,0,40.0
4418,MN,2021,173.0,0,149.0
4418,OQ,2021,107.0,0,98.0
4418,RU,2021,121.0,0,125.0
4423,BE,2021,574.0,0,445.0
4423,FZ,2021,1045.0,0,883.0
4423,GI,2021,4059.0,0,3439.0
4423,JZ,2021,621.0,0,459.0
4423,KZ,2021,461.0,0,344.0
4423,LZ,2021,541.0,0,495.0
4423,MN,2021,2595.0,0,2126.0
4423,OQ,2021,1656.0,0,1315.0
4423,RU,2021,1160.0,0,934.0
5201,BE,2021,170.0,0,135.0
5201,FZ,2021,120.0,0,112.0
5201,GI,2021,316.0,0,269.0
5201,JZ,2021,25.0,0,28.0
5201,KZ,2021,47.0,0,26.0
5201,LZ,2021,77.0,0,39.0
5201,MN,2021,286.0,0,174.0
5201,OQ,2021,112.0,0,95.0
5201,RU,2021,168.0,0,116.0
5206,BE,2021,198.0,0,151.0
5206,FZ,2021,197.0,0,142.0
5206,GI,2021,737.0,0,539.0
5206,JZ,2021,60.0,0,37.0
5206,KZ,2021,100.0,0,68.0
5206,LZ,2021,122.0,0,94.0
5206,MN,2021,369.0,0,298.0
5206,OQ,2021,156.0,0,134.0
5206,RU,2021,207.0,0,161.0
5211,BE,2021,166.0,0,104.0
5211,FZ,2021,128.0,0,100.0
5211,GI,2021,717.0,0,705.0
5211,JZ,2021,91.0,0,50.0
5211,KZ,2021,76.0,0,58.0
5211,LZ,2021,98.0,0,78.0
5211,MN,2021,451.0,0,531.0
5211,OQ,2021,143.0,0,140.0
5211,RU,2021,187.0,0,149.0
5216,BE,2021,944.0,0,703.0
5216,FZ,2021,1369.0,0,1084.0
5216,GI,2021,4532.0,0,3675.0
5216,JZ,2021,1112.0,0,920.0
5216,KZ,2021,619.0,0,502.0
5216,LZ,2021,999.0,0,836.0
5216,MN,2021,4148.0,0,3471.0
5216,OQ,2021,1785.0,0,1554.0
5216,RU,2021,1784.0,0,1362.0
5221,BE,2021,76.0,0,67.0
5221,FZ,2021,42.0,0,40.0
5221,GI,2021,150.0,0,142.0
5221,JZ,2021,11.0,0,12.0
5221,KZ,2021,18.0,0,17.0
5221,LZ,2021,36.0,0,22.0
5221,MN,2021,88.0,0,74.0
5221,OQ,2021,37.0,0,47.0
5221,RU,2021,62.0,0,71.0
5305,BE,2021,77.0,0,63.0
5305,FZ,2021,71.0,0,56.0
5305,GI,2021,293.0,0,184.0
5305,JZ,2021,32.0,0,25.0
5305,KZ,2021,37.0,0,24.0
5305,LZ,2021,39.0,0,39.0
5305,MN,2021,136.0,0,116.0
5305,OQ,2021,75.0,0,58.0
5305,RU,2021,95.0,0,71.0
5310,BE,2021,116.0,0,108.0
5310,FZ,2021,124.0,0,91.0
5310,GI,2021,387.0,0,323.0
5310,JZ,2021,49.0,0,27.0
5310,KZ,2021,51.0,0,39.0
5310,LZ,2021,70.0,0,58.0
5310,MN,2021,260.0,0,185.0
5310,OQ,2021,146.0,0,109.0
5310,RU,2021,142.0,0,101.0
5315,BE,2021,596.0,0,475.0
5315,FZ,2021,780.0,0,591.0
5315,GI,2021,3000.0,0,2587.0
5315,JZ,2021,680.0,0,523.0
5315,KZ,2021,628.0,0,492.0
5315,LZ,2021,522.0,0,436.0
5315,MN,2021,2537.0,0,2024.0
5315,OQ,2021,1234.0,0,1014.0
5315,RU,2021,1185.0,0,847.0
7501,BE,2021,193.0,0,134.0
7501,FZ,2021,192.0,0,132.0
7501,GI,2021,664.0,0,646.0
7501,JZ,2021,48.0,0,44.0
7501,KZ,2021,84.0,0,54.0
7501,LZ,2021,113.0,0,74.0
7501,MN,2021,377.0,0,259.0
7501,OQ,2021,194.0,0,169.0
7501,RU,2021,209.0,0,136.0
7506,BE,2021,185.0,0,122.0
7506,FZ,2021,72.0,0,53.0
7506,GI,2021,361.0,0,345.0
7506,JZ,2021,24.0,0,33.0
7506,KZ,2021,67.0,0,41.0
7506,LZ,2021,75.0,0,72.0
7506,MN,2021,170.0,0,158.0
7506,OQ,2021,95.0,0,100.0
7506,RU,2021,134.0,0,90.0
7511,BE,2021,349.0,0,282.0
7511,FZ,2021,128.0,0,89.0
7511,GI,2021,332.0,0,288.0
7511,JZ,2021,38.0,0,30.0
7511,KZ,2021,38.0,0,30.0
7511,LZ,2021,50.0,0,54.0
7511,MN,2021,186.0,0,184.0
7511,OQ,2021,112.0,0,92.0
7511,RU,2021,155.0,0,126.0
7516,BE,2021,222.0,0,142.0
7516,FZ,2021,331.0,0,291.0
7516,GI,2021,717.0,0,631.0
7516,JZ,2021,57.0,0,64.0
7516,KZ,2021,78.0,0,63.0
7516,LZ,2021,174.0,0,125.0
7516,MN,2021,444.0,0,376.0
7516,OQ,2021,169.0,0,167.0
7516,RU,2021,336.0,0,219.0
7521,BE,2021,118.0,0,74.0
7521,FZ,2021,76.0,0,55.0
7521,GI,2021,196.0,0,221.0
7521,JZ,2021,22.0,0,18.0
7521,KZ,2021,25.0,0,21.0
7521,LZ,2021,36.0,0,41.0
7521,MN,2021,118.0,0,123.0
7521,OQ,2021,93.0,0,103.0
7521,RU,2021,102.0,0,91.0
7526,BE,2021,150.0,0,133.0
7526,FZ,2021,225.0,0,225.0
7526,GI,2021,594.0,0,583.0
7526,JZ,2021,53.0,0,53.0
7526,KZ,2021,77.0,0,59.0
7526,LZ,2021,158.0,0,92.0
7526,MN,2021,407.0,0,287.0
7526,OQ,2021,219.0,0,154.0
7526,RU,2021,277.0,0,220.0
7531,BE,2021,163.0,0,119.0
7531,FZ,2021,84.0,0,80.0
7531,GI,2021,257.0,0,232.0
7531,JZ,2021,32.0,0,28.0
7531,KZ,2021,24.0,0,16.0
7531,LZ,2021,25.0,0,20.0
7531,MN,2021,132.0,0,112.0
7531,OQ,2021,84.0,0,68.0
7531,RU,2021,115.0,0,97.0
7604,BE,2021,393.0,0,283.0
7604,FZ,2021,225.0,0,208.0
7604,GI,2021,687.0,0,625.0
7604,JZ,2021,57.0,0,44.0
7604,KZ,2021,76.0,0,55.0
7604,LZ,2021,89.0,0,62.0
7604,MN,2021,433.0,0,361.0
7604,OQ,2021,228.0,0,167.0
7604,RU,2021,281.0,0,197.0
7609,BE,2021,143.0,0,112.0
7609,FZ,2021,98.0,0,88.0
7609,GI,2021,270.0,0,250.0
7609,JZ,2021,19.0,0,12.0
7609,KZ,2021,19.0,0,12.0
7609,LZ,2021,37.0,0,32.0
7609,MN,2021,150.0,0,158.0
7609,OQ,2021,85.0,0,61.0
7609,RU,2021,127.0,0,89.0
7614,BE,2021,155.0,0,143.0
7614,FZ,2021,77.0,0,62.0
7614,GI,2021,204.0,0,225.0
7614,JZ,2021,19.0,0,18.0
7614,KZ,2021,19.0,0,19.0
7614,LZ,2021,32.0,0,25.0
7614,MN,2021,142.0,0,111.0
7614,OQ,2021,102.0,0,79.0
7614,RU,2021,87.0,0,71.0
7619,BE,2021,133.0,0,90.0
7619,FZ,2021,61.0,0,76.0
7619,GI,2021,182.0,0,174.0
7619,JZ,2021,19.0,0,20.0
7619,KZ,2021,17.0,0,9.0
7619,LZ,2021,22.0,0,21.0
7619,MN,2021,137.0,0,114.0
7619,OQ,2021,60.0,0,51.0
7619,RU,2021,82.0,0,62.0
7624,BE,2021,380.0,0,280.0
7624,FZ,2021,353.0,0,328.0
7624,GI,2021,961.0,0,992.0
7624,JZ,2021,84.0,0,73.0
7624,KZ,2021,76.0,0,55.0
7624,LZ,2021,188.0,0,135.0
7624,MN,2021,571.0,0,469.0
7624,OQ,2021,397.0,0,321.0
7624,RU,2021,427.0,0,311.0
8404,BE,2021,83.0,0,56.0
8404,FZ,2021,84.0,0,85.0
8404,GI,2021,179.0,0,170.0
8404,JZ,2021,13.0,0,14.0
8404,KZ,2021,13.0,0,10.0
8404,LZ,2021,42.0,0,31.0
8404,MN,2021,148.0,0,117.0
8404,OQ,2021,75.0,0,57.0
8404,RU,2021,93.0,0,58.0
8409,BE,2021,560.0,0,459.0
8409,FZ,2021,1017.0,0,966.0
8409,GI,2021,2978.0,0,2946.0
8409,JZ,2021,587.0,0,418.0
8409,KZ,2021,244.0,0,191.0
8409,LZ,2021,575.0,0,486.0
8409,MN,2021,2348.0,0,2012.0
8409,OQ,2021,1123.0,0,1060.0
8409,RU,2021,1047.0,0,840.0
8414,BE,2021,83.0,0,60.0
8414,FZ,2021,171.0,0,122.0
8414,GI,2021,465.0,0,342.0
8414,JZ,2021,45.0,0,47.0
8414,KZ,2021,30.0,0,24.0
8414,LZ,2021,78.0,0,70.0
8414,MN,2021,251.0,0,252.0
8414,OQ,2021,144.0,0,122.0
8414,RU,2021,190.0,0,123.0
8419,BE,2021,220.0,0,137.0
8419,FZ,2021,104.0,0,110.0
8419,GI,2021,386.0,0,325.0
8419,JZ,2021,38.0,0,32.0
8419,KZ,2021,33.0,0,33.0
8419,LZ,2021,61.0,0,49.0
8419,MN,2021,227.0,0,170.0
8419,OQ,2021,157.0,0,145.0
8419,RU,2021,147.0,0,109.0
8424,BE,2021,263.0,0,170.0
8424,FZ,2021,83.0,0,69.0
8424,GI,2021,312.0,0,275.0
8424,JZ,2021,22.0,0,15.0
8424,KZ,2021,19.0,0,18.0
8424,LZ,2021,39.0,0,39.0
8424,MN,2021,142.0,0,109.0
8424,OQ,2021,99.0,0,81.0
8424,RU,2021,110.0,0,66.0
8429,BE,2021,100.0,0,70.0
8429,FZ,2021,15.0,0,13.0
8429,GI,2021,106.0,0,79.0
8429,JZ,2021,7.0,0,6.0
8429,KZ,2021,6.0,0,4.0
8429,LZ,2021,16.0,0,17.0
8429,MN,2021,33.0,0,36.0
8429,OQ,2021,30.0,0,27.0
8429,RU,2021,30.0,0,30.0
8434,BE,2021,189.0,0,166.0
8434,FZ,2021,317.0,0,287.0
8434,GI,2021,945.0,0,889.0
8434,JZ,2021,136.0,0,91.0
8434,KZ,2021,77.0,0,71.0
8434,LZ,2021,138.0,0,116.0
8434,MN,2021,631.0,0,502.0
8434,OQ,2021,281.0,0,228.0
8434,RU,2021,283.0,0,245.0
9304,BE,2021,490.0,0,437.0
9304,FZ,2021,1107.0,0,1070.0
9304,GI,2021,3328.0,0,2702.0
9304,JZ,2021,609.0,0,470.0
9304,KZ,2021,322.0,0,258.0
9304,LZ,2021,914.0,0,851.0
9304,MN,2021,2986.0,0,2470.0
9304,OQ,2021,965.0,0,845.0
9304,RU,2021,1269.0,0,1013.0
9309,BE,2021,114.0,0,110.0
9309,FZ,2021,418.0,0,341.0
9309,GI,2021,946.0,0,786.0
9309,JZ,2021,96.0,0,80.0
9309,KZ,2021,98.0,0,69.0
9309,LZ,2021,188.0,0,133.0
9309,MN,2021,676.0,0,516.0
9309,OQ,2021,242.0,0,199.0
9309,RU,2021,299.0,0,248.0
9314,BE,2021,73.0,0,43.0
9314,FZ,2021,120.0,0,131.0
9314,GI,2021,423.0,0,401.0
9314,JZ,2021,56.0,0,39.0
9314,KZ,2021,30.0,0,22.0
9314,LZ,2021,305.0,0,145.0
9314,MN,2021,398.0,0,311.0
9314,OQ,2021,148.0,0,147.0
9314,RU,2021,156.0,0,160.0
0052,BE,2021,250.0,1,189.0
0052,FZ,2021,268.0,1,234.0
0052,GI,2021,805.0,1,656.0
0052,JZ,2021,79.0,1,59.0
0052,KZ,2021,87.0,1,75.0
0052,LZ,2021,98.0,1,65.0
0052,MN,2021,544.0,1,424.0
0052,OQ,2021,204.0,1,164.0
0052,RU,2021,280.0,1,238.0
0057,BE,2021,141.0,1,86.0
0057,FZ,2021,191.0,1,182.0
0057,GI,2021,575.0,1,587.0
0057,JZ,2021,66.0,1,64.0
0057,KZ,2021,51.0,1,38.0
0057,LZ,2021,92.0,1,71.0
0057,MN,2021,378.0,1,279.0
0057,OQ,2021,140.0,1,99.0
0057,RU,2021,203.0,1,163.0
0062,BE,2021,116.0,1,80.0
0062,FZ,2021,80.0,1,81.0
0062,GI,2021,224.0,1,195.0
0062,JZ,2021,32.0,1,29.0
0062,KZ,2021,32.0,1,25.0
0062,LZ,2021,36.0,1,34.0
0062,MN,2021,164.0,1,125.0
0062,OQ,2021,76.0,1,69.0
0062,RU,2021,130.0,1,100.0
1103,BE,2021,79.0,1,52.0
1103,FZ,2021,141.0,1,136.0
1103,GI,2021,522.0,1,431.0
1103,JZ,2021,73.0,1,70.0
1103,KZ,2021,33.0,1,38.0
1103,LZ,2021,81.0,1,59.0
1103,MN,2021,334.0,1,274.0
1103,OQ,2021,137.0,1,119.0
1103,RU,2021,176.0,1,139.0
1108,BE,2021,120.0,1,119.0
1108,FZ,2021,280.0,1,303.0
1108,GI,2021,1549.0,1,1326.0
1108,JZ,2021,173.0,1,116.0
1108,KZ,2021,88.0,1,47.0
1108,LZ,2021,117.0,1,91.0
1108,MN,2021,604.0,1,538.0
1108,OQ,2021,290.0,1,215.0
1108,RU,2021,312.0,1,228.0
1113,BE,2021,276.0,1,264.0
1113,FZ,2021,680.0,1,688.0
1113,GI,2021,3619.0,1,3565.0
1113,JZ,2021,696.0,1,563.0
1113,KZ,2021,238.0,1,166.0
1113,LZ,2021,326.0,1,240.0
1113,MN,2021,2190.0,1,1959.0
1113,OQ,2021,965.0,1,668.0
1113,RU,2021,880.0,1,643.0
2403,BE,2021,197.0,1,116.0
2403,FZ,2021,212.0,1,180.0
2403,GI,2021,829.0,1,729.0
2403,JZ,2021,124.0,1,87.0
2403,KZ,2021,138.0,1,83.0
2403,LZ,2021,150.0,1,168.0
2403,MN,2021,498.0,1,455.0
2403,OQ,2021,254.0,1,189.0
2403,RU,2021,279.0,1,237.0
2408,BE,2021,91.0,1,78.0
2408,FZ,2021,54.0,1,51.0
2408,GI,2021,170.0,1,146.0
2408,JZ,2021,15.0,1,13.0
2408,KZ,2021,19.0,1,10.0
2408,LZ,2021,42.0,1,38.0
2408,MN,2021,106.0,1,95.0
2408,OQ,2021,43.0,1,46.0
2408,RU,2021,78.0,1,52.0
2413,BE,2021,516.0,1,319.0
2413,FZ,2021,632.0,1,493.0
2413,GI,2021,2619.0,1,2111.0
2413,JZ,2021,343.0,1,262.0
2413,KZ,2021,234.0,1,193.0
2413,LZ,2021,515.0,1,404.0
2413,MN,2021,1526.0,1,1238.0
2413,OQ,2021,869.0,1,735.0
2413,RU,2021,919.0,1,676.0
2703,BE,2021,75.0,1,54.0
2703,FZ,2021,49.0,1,37.0
2703,GI,2021,166.0,1,163.0
2703,JZ,2021,20.0,1,16.0
2703,KZ,2021,9.0,1,8.0
2703,LZ,2021,21.0,1,26.0
2703,MN,2021,98.0,1,69.0
2703,OQ,2021,40.0,1,35.0
2703,RU,2021,76.0,1,43.0
2708,BE,2021,208.0,1,130.0
2708,FZ,2021,67.0,1,54.0
2708,GI,2021,275.0,1,216.0
2708,JZ,2021,24.0,1,24.0
2708,KZ,2021,26.0,1,19.0
2708,LZ,2021,61.0,1,31.0
2708,MN,2021,149.0,1,120.0
2708,OQ,2021,78.0,1,66.0
2708,RU,2021,96.0,1,79.0
2713,BE,2021,229.0,1,152.0
2713,FZ,2021,199.0,1,159.0
2713,GI,2021,620.0,1,592.0
2713,JZ,2021,52.0,1,50.0
2713,KZ,2021,62.0,1,44.0
2713,LZ,2021,74.0,1,53.0
2713,MN,2021,300.0,1,255.0
2713,OQ,2021,180.0,1,130.0
2713,RU,2021,213.0,1,184.0
2718,BE,2021,158.0,1,125.0
2718,FZ,2021,112.0,1,107.0
2718,GI,2021,428.0,1,491.0
2718,JZ,2021,35.0,1,21.0
2718,KZ,2021,27.0,1,19.0
2718,LZ,2021,49.0,1,48.0
2718,MN,2021,164.0,1,151.0
2718,OQ,2021,102.0,1,79.0
2718,RU,2021,98.0,1,107.0
2805,BE,2021,131.0,1,98.0
2805,FZ,2021,95.0,1,76.0
2805,GI,2021,563.0,1,510.0
2805,JZ,2021,49.0,1,50.0
2805,KZ,2021,61.0,1,55.0
2805,LZ,2021,74.0,1,50.0
2805,MN,2021,234.0,1,204.0
2805,OQ,2021,122.0,1,156.0
2805,RU,2021,207.0,1,151.0
2810,BE,2021,54.0,1,48.0
2810,FZ,2021,65.0,1,49.0
2810,GI,2021,183.0,1,172.0
2810,JZ,2021,19.0,1,19.0
2810,KZ,2021,35.0,1,24.0
2810,LZ,2021,45.0,1,28.0
2810,MN,2021,118.0,1,91.0
2810,OQ,2021,64.0,1,53.0
2810,RU,2021,79.0,1,50.0
2815,BE,2021,507.0,1,426.0
2815,FZ,2021,911.0,1,754.0
2815,GI,2021,3395.0,1,3274.0
2815,JZ,2021,387.0,1,361.0
2815,KZ,2021,322.0,1,297.0
2815,LZ,2021,416.0,1,256.0
2815,MN,2021,1938.0,1,1579.0
2815,OQ,2021,1011.0,1,851.0
2815,RU,2021,983.0,1,744.0
3201,BE,2021,66.0,1,62.0
3201,FZ,2021,97.0,1,95.0
3201,GI,2021,296.0,1,265.0
3201,JZ,2021,16.0,1,12.0
3201,KZ,2021,25.0,1,27.0
3201,LZ,2021,52.0,1,47.0
3201,MN,2021,147.0,1,115.0
3201,OQ,2021,68.0,1,54.0
3201,RU,2021,120.0,1,94.0
3206,BE,2021,100.0,1,71.0
3206,FZ,2021,126.0,1,99.0
3206,GI,2021,686.0,1,703.0
3206,JZ,2021,52.0,1,40.0
3206,KZ,2021,40.0,1,47.0
3206,LZ,2021,78.0,1,52.0
3206,MN,2021,250.0,1,219.0
3206,OQ,2021,169.0,1,129.0
3206,RU,2021,161.0,1,132.0
3211,BE,2021,202.0,1,130.0
3211,FZ,2021,360.0,1,299.0
3211,GI,2021,1399.0,1,1217.0
3211,JZ,2021,195.0,1,163.0
3211,KZ,2021,104.0,1,89.0
3211,LZ,2021,173.0,1,140.0
3211,MN,2021,801.0,1,636.0
3211,OQ,2021,342.0,1,275.0
3211,RU,2021,414.0,1,359.0
3216,BE,2021,674.0,1,545.0
3216,FZ,2021,1024.0,1,910.0
3216,GI,2021,6353.0,1,5781.0
3216,JZ,2021,1221.0,1,944.0
3216,KZ,2021,633.0,1,447.0
3216,LZ,2021,486.0,1,490.0
3216,MN,2021,3929.0,1,3241.0
3216,OQ,2021,2099.0,1,1606.0
3216,RU,2021,1489.0,1,1103.0
3221,BE,2021,114.0,1,78.0
3221,FZ,2021,155.0,1,118.0
3221,GI,2021,694.0,1,577.0
3221,JZ,2021,68.0,1,45.0
3221,KZ,2021,58.0,1,45.0
3221,LZ,2021,55.0,1,36.0
3221,MN,2021,354.0,1,272.0
3221,OQ,2021,154.0,1,109.0
3221,RU,2021,169.0,1,138.0
4404,BE,2021,171.0,1,107.0
4404,FZ,2021,88.0,1,91.0
4404,GI,2021,405.0,1,403.0
4404,JZ,2021,31.0,1,20.0
4404,KZ,2021,31.0,1,32.0
4404,LZ,2021,71.0,1,49.0
4404,MN,2021,189.0,1,167.0
4404,OQ,2021,114.0,1,104.0
4404,RU,2021,121.0,1,80.0
4409,BE,2021,259.0,1,164.0
4409,FZ,2021,331.0,1,248.0
4409,GI,2021,808.0,1,743.0
4409,JZ,2021,88.0,1,74.0
4409,KZ,2021,78.0,1,63.0
4409,LZ,2021,117.0,1,106.0
4409,MN,2021,442.0,1,397.0
4409,OQ,2021,303.0,1,235.0
4409,RU,2021,296.0,1,217.0
4414,BE,2021,76.0,1,65.0
4414,FZ,2021,84.0,1,101.0
4414,GI,2021,279.0,1,322.0
4414,JZ,2021,29.0,1,18.0
4414,KZ,2021,23.0,1,19.0
4414,LZ,2021,66.0,1,50.0
4414,MN,2021,176.0,1,154.0
4414,OQ,2021,109.0,1,73.0
4414,RU,2021,105.0,1,86.0
4419,BE,2021,102.0,1,91.0
4419,FZ,2021,119.0,1,109.0
4419,GI,2021,383.0,1,330.0
4419,JZ,2021,41.0,1,25.0
4419,KZ,2021,28.0,1,27.0
4419,LZ,2021,48.0,1,23.0
4419,MN,2021,185.0,1,166.0
4419,OQ,2021,134.0,1,101.0
4419,RU,2021,128.0,1,70.0
4424,BE,2021,208.0,1,151.0
4424,FZ,2021,280.0,1,292.0
4424,GI,2021,1239.0,1,1053.0
4424,JZ,2021,139.0,1,90.0
4424,KZ,2021,86.0,1,60.0
4424,LZ,2021,180.0,1,115.0
4424,MN,2021,506.0,1,432.0
4424,OQ,2021,341.0,1,245.0
4424,RU,2021,395.0,1,300.0
5202,BE,2021,348.0,1,278.0
5202,FZ,2021,438.0,1,363.0
5202,GI,2021,1904.0,1,1565.0
5202,JZ,2021,278.0,1,203.0
5202,KZ,2021,182.0,1,158.0
5202,LZ,2021,321.0,1,218.0
5202,MN,2021,1180.0,1,962.0
5202,OQ,2021,705.0,1,521.0
5202,RU,2021,617.0,1,434.0
5207,BE,2021,191.0,1,165.0
5207,FZ,2021,109.0,1,106.0
5207,GI,2021,419.0,1,361.0
5207,JZ,2021,39.0,1,23.0
5207,KZ,2021,28.0,1,21.0
5207,LZ,2021,83.0,1,66.0
5207,MN,2021,233.0,1,182.0
5207,OQ,2021,90.0,1,84.0
5207,RU,2021,159.0,1,106.0
5212,BE,2021,304.0,1,208.0
5212,FZ,2021,359.0,1,278.0
5212,GI,2021,1537.0,1,1310.0
5212,JZ,2021,170.0,1,125.0
5212,KZ,2021,122.0,1,128.0
5212,LZ,2021,243.0,1,198.0
5212,MN,2021,728.0,1,565.0
5212,OQ,2021,409.0,1,322.0
5212,RU,2021,399.0,1,330.0
5217,BE,2021,102.0,1,106.0
5217,FZ,2021,119.0,1,84.0
5217,GI,2021,288.0,1,280.0
5217,JZ,2021,30.0,1,24.0
5217,KZ,2021,39.0,1,28.0
5217,LZ,2021,103.0,1,77.0
5217,MN,2021,219.0,1,190.0
5217,OQ,2021,101.0,1,113.0
5217,RU,2021,141.0,1,128.0
5301,BE,2021,111.0,1,79.0
5301,FZ,2021,126.0,1,105.0
5301,GI,2021,332.0,1,296.0
5301,JZ,2021,60.0,1,36.0
5301,KZ,2021,66.0,1,42.0
5301,LZ,2021,80.0,1,97.0
5301,MN,2021,342.0,1,253.0
5301,OQ,2021,159.0,1,109.0
5301,RU,2021,198.0,1,128.0
5306,BE,2021,56.0,1,27.0
5306,FZ,2021,52.0,1,29.0
5306,GI,2021,170.0,1,153.0
5306,JZ,2021,20.0,1,9.0
5306,KZ,2021,25.0,1,12.0
5306,LZ,2021,23.0,1,21.0
5306,MN,2021,89.0,1,50.0
5306,OQ,2021,52.0,1,40.0
5306,RU,2021,69.0,1,52.0
5311,BE,2021,88.0,1,78.0
5311,FZ,2021,74.0,1,48.0
5311,GI,2021,172.0,1,178.0
5311,JZ,2021,31.0,1,20.0
5311,KZ,2021,29.0,1,19.0
5311,LZ,2021,26.0,1,38.0
5311,MN,2021,142.0,1,109.0
5311,OQ,2021,66.0,1,61.0
5311,RU,2021,115.0,1,97.0
5316,BE,2021,161.0,1,112.0
5316,FZ,2021,320.0,1,212.0
5316,GI,2021,690.0,1,547.0
5316,JZ,2021,73.0,1,43.0
5316,KZ,2021,86.0,1,66.0
5316,LZ,2021,104.0,1,57.0
5316,MN,2021,398.0,1,301.0
5316,OQ,2021,202.0,1,181.0
5316,RU,2021,268.0,1,186.0
7502,BE,2021,291.0,1,282.0
7502,FZ,2021,291.0,1,246.0
7502,GI,2021,952.0,1,862.0
7502,JZ,2021,130.0,1,109.0
7502,KZ,2021,120.0,1,109.0
7502,LZ,2021,151.0,1,84.0
7502,MN,2021,538.0,1,495.0
7502,OQ,2021,286.0,1,237.0
7502,RU,2021,403.0,1,315.0
7507,BE,2021,183.0,1,145.0
7507,FZ,2021,183.0,1,154.0
7507,GI,2021,641.0,1,445.0
7507,JZ,2021,58.0,1,37.0
7507,KZ,2021,71.0,1,43.0
7507,LZ,2021,62.0,1,51.0
7507,MN,2021,319.0,1,263.0
7507,OQ,2021,173.0,1,141.0
7507,RU,2021,182.0,1,146.0
7512,BE,2021,310.0,1,268.0
7512,FZ,2021,529.0,1,434.0
7512,GI,2021,1428.0,1,1238.0
7512,JZ,2021,221.0,1,150.0
7512,KZ,2021,183.0,1,162.0
7512,LZ,2021,230.0,1,160.0
7512,MN,2021,1073.0,1,828.0
7512,OQ,2021,454.0,1,425.0
7512,RU,2021,606.0,1,438.0
7517,BE,2021,397.0,1,287.0
7517,FZ,2021,348.0,1,279.0
7517,GI,2021,1503.0,1,1167.0
7517,JZ,2021,137.0,1,111.0
7517,KZ,2021,136.0,1,117.0
7517,LZ,2021,111.0,1,96.0
7517,MN,2021,720.0,1,558.0
7517,OQ,2021,462.0,1,368.0
7517,RU,2021,450.0,1,335.0
7522,BE,2021,391.0,1,256.0
7522,FZ,2021,403.0,1,349.0
7522,GI,2021,1386.0,1,1289.0
7522,JZ,2021,169.0,1,130.0
7522,KZ,2021,133.0,1,110.0
7522,LZ,2021,248.0,1,228.0
7522,MN,2021,934.0,1,734.0
7522,OQ,2021,533.0,1,450.0
7522,RU,2021,552.0,1,427.0
7527,BE,2021,210.0,1,224.0
7527,FZ,2021,77.0,1,69.0
7527,GI,2021,261.0,1,280.0
7527,JZ,2021,31.0,1,28.0
7527,KZ,2021,23.0,1,19.0
7527,LZ,2021,31.0,1,17.0
7527,MN,2021,200.0,1,186.0
7527,OQ,2021,95.0,1,66.0
7527,RU,2021,152.0,1,126.0
7532,BE,2021,211.0,1,106.0
7532,FZ,2021,131.0,1,100.0
7532,GI,2021,345.0,1,301.0
7532,JZ,2021,38.0,1,27.0
7532,KZ,2021,36.0,1,33.0
7532,LZ,2021,43.0,1,43.0
7532,MN,2021,230.0,1,192.0
7532,OQ,2021,112.0,1,95.0
7532,RU,2021,126.0,1,77.0
7605,BE,2021,88.0,1,81.0
7605,FZ,2021,118.0,1,117.0
7605,GI,2021,328.0,1,274.0
7605,JZ,2021,34.0,1,21.0
7605,KZ,2021,28.0,1,17.0
7605,LZ,2021,32.0,1,12.0
7605,MN,2021,205.0,1,159.0
7605,OQ,2021,98.0,1,77.0
7605,RU,2021,145.0,1,108.0
7610,BE,2021,246.0,1,227.0
7610,FZ,2021,217.0,1,171.0
7610,GI,2021,671.0,1,562.0
7610,JZ,2021,67.0,1,51.0
7610,KZ,2021,59.0,1,54.0
7610,LZ,2021,76.0,1,43.0
7610,MN,2021,355.0,1,283.0
7610,OQ,2021,233.0,1,203.0
7610,RU,2021,277.0,1,195.0
7615,BE,2021,298.0,1,228.0
7615,FZ,2021,357.0,1,329.0
7615,GI,2021,922.0,1,810.0
7615,JZ,2021,110.0,1,64.0
7615,KZ,2021,82.0,1,62.0
7615,LZ,2021,192.0,1,93.0
7615,MN,2021,523.0,1,446.0
7615,OQ,2021,289.0,1,233.0
7615,RU,2021,317.0,1,258.0
7620,BE,2021,647.0,1,415.0
7620,FZ,2021,984.0,1,811.0
7620,GI,2021,2830.0,1,2237.0
7620,JZ,2021,272.0,1,191.0
7620,KZ,2021,223.0,1,168.0
7620,LZ,2021,598.0,1,538.0
7620,MN,2021,1592.0,1,1272.0
7620,OQ,2021,824.0,1,681.0
7620,RU,2021,978.0,1,768.0
7625,BE,2021,1335.0,1,1002.0
7625,FZ,2021,2544.0,1,2366.0
7625,GI,2021,8358.0,1,8715.0
7625,JZ,2021,1465.0,1,1289.0
7625,KZ,2021,845.0,1,642.0
7625,LZ,2021,891.0,1,615.0
7625,MN,2021,6374.0,1,5054.0
7625,OQ,2021,3158.0,1,2660.0
7625,RU,2021,2716.0,1,1938.0
8405,BE,2021,321.0,1,212.0
8405,FZ,2021,424.0,1,393.0
8405,GI,2021,1075.0,1,1040.0
8405,JZ,2021,120.0,1,90.0
8405,KZ,2021,95.0,1,72.0
8405,LZ,2021,183.0,1,186.0
8405,MN,2021,668.0,1,566.0
8405,OQ,2021,341.0,1,299.0
8405,RU,2021,415.0,1,297.0
8410,BE,2021,166.0,1,106.0
8410,FZ,2021,82.0,1,91.0
8410,GI,2021,281.0,1,267.0
8410,JZ,2021,24.0,1,16.0
8410,KZ,2021,24.0,1,16.0
8410,LZ,2021,60.0,1,36.0
8410,MN,2021,162.0,1,130.0
8410,OQ,2021,102.0,1,110.0
8410,RU,2021,128.0,1,100.0
8415,BE,2021,95.0,1,92.0
8415,FZ,2021,187.0,1,174.0
8415,GI,2021,591.0,1,536.0
8415,JZ,2021,91.0,1,65.0
8415,KZ,2021,41.0,1,44.0
8415,LZ,2021,166.0,1,122.0
8415,MN,2021,379.0,1,394.0
8415,OQ,2021,225.0,1,217.0
8415,RU,2021,306.0,1,294.0
8420,BE,2021,137.0,1,95.0
8420,FZ,2021,108.0,1,89.0
8420,GI,2021,222.0,1,202.0
8420,JZ,2021,24.0,1,25.0
8420,KZ,2021,49.0,1,24.0
8420,LZ,2021,50.0,1,38.0
8420,MN,2021,178.0,1,160.0
8420,OQ,2021,111.0,1,107.0
8420,RU,2021,86.0,1,75.0
8425,BE,2021,53.0,1,51.0
8425,FZ,2021,93.0,1,67.0
8425,GI,2021,230.0,1,239.0
8425,JZ,2021,13.0,1,18.0
8425,KZ,2021,15.0,1,18.0
8425,LZ,2021,29.0,1,28.0
8425,MN,2021,114.0,1,102.0
8425,OQ,2021,44.0,1,39.0
8425,RU,2021,62.0,1,51.0
8430,BE,2021,80.0,1,46.0
8430,FZ,2021,66.0,1,73.0
8430,GI,2021,173.0,1,204.0
8430,JZ,2021,18.0,1,23.0
8430,KZ,2021,13.0,1,7.0
8430,LZ,2021,21.0,1,16.0
8430,MN,2021,138.0,1,100.0
8430,OQ,2021,53.0,1,40.0
8430,RU,2021,83.0,1,59.0
8435,BE,2021,294.0,1,211.0
8435,FZ,2021,347.0,1,330.0
8435,GI,2021,645.0,1,657.0
8435,JZ,2021,107.0,1,81.0
8435,KZ,2021,78.0,1,50.0
8435,LZ,2021,181.0,1,158.0
8435,MN,2021,660.0,1,516.0
8435,OQ,2021,310.0,1,230.0
8435,RU,2021,312.0,1,284.0
9305,BE,2021,123.0,1,105.0
9305,FZ,2021,242.0,1,198.0
9305,GI,2021,546.0,1,435.0
9305,JZ,2021,65.0,1,47.0
9305,KZ,2021,37.0,1,40.0
9305,LZ,2021,91.0,1,60.0
9305,MN,2021,393.0,1,281.0
9305,OQ,2021,153.0,1,127.0
9305,RU,2021,192.0,1,145.0
9310,BE,2021,250.0,1,230.0
9310,FZ,2021,192.0,1,149.0
9310,GI,2021,442.0,1,405.0
9310,JZ,2021,82.0,1,36.0
9310,KZ,2021,78.0,1,52.0
9310,LZ,2021,83.0,1,66.0
9310,MN,2021,327.0,1,273.0
9310,OQ,2021,211.0,1,215.0
9310,RU,2021,214.0,1,163.0
9315,BE,2021,559.0,1,418.0
9315,FZ,2021,1848.0,1,1710.0
9315,GI,2021,5207.0,1,4291.0
9315,JZ,2021,647.0,1,515.0
9315,KZ,2021,447.0,1,319.0
9315,LZ,2021,837.0,1,746.0
9315,MN,2021,3891.0,1,3175.0
9315,OQ,2021,1528.0,1,1262.0
9315,RU,2021,1623.0,1,1178.0
0053,BE,2021,306.0,2,271.0
0053,FZ,2021,672.0,2,575.0
0053,GI,2021,1996.0,2,1722.0
0053,JZ,2021,177.0,2,149.0
0053,KZ,2021,161.0,2,122.0
0053,LZ,2021,204.0,2,140.0
0053,MN,2021,1207.0,2,986.0
0053,OQ,2021,502.0,2,442.0
0053,RU,2021,593.0,2,464.0
0058,BE,2021,50.0,2,44.0
0058,FZ,2021,71.0,2,48.0
0058,GI,2021,220.0,2,200.0
0058,JZ,2021,9.0,2,14.0
0058,KZ,2021,21.0,2,21.0
0058,LZ,2021,40.0,2,37.0
0058,MN,2021,103.0,2,77.0
0058,OQ,2021,50.0,2,40.0
0058,RU,2021,82.0,2,63.0
0063,BE,2021,187.0,2,158.0
0063,FZ,2021,94.0,2,74.0
0063,GI,2021,251.0,2,216.0
0063,JZ,2021,26.0,2,8.0
0063,KZ,2021,12.0,2,11.0
0063,LZ,2021,33.0,2,26.0
0063,MN,2021,109.0,2,101.0
0063,OQ,2021,100.0,2,74.0
0063,RU,2021,88.0,2,80.0
1104,BE,2021,323.0,2,251.0
1104,FZ,2021,942.0,2,1011.0
1104,GI,2021,4737.0,2,4561.0
1104,JZ,2021,636.0,2,540.0
1104,KZ,2021,219.0,2,182.0
1104,LZ,2021,300.0,2,287.0
1104,MN,2021,2304.0,2,1873.0
1104,OQ,2021,932.0,2,703.0
1104,RU,2021,939.0,2,722.0
1109,BE,2021,3936.0,2,3858.0
1109,FZ,2021,10411.0,2,10513.0
1109,GI,2021,59180.0,2,62523.0
1109,JZ,2021,16538.0,2,13993.0
1109,KZ,2021,8670.0,2,6684.0
1109,LZ,2021,6547.0,2,5596.0
1109,MN,2021,58608.0,2,53109.0
1109,OQ,2021,17251.0,2,14200.0
1109,RU,2021,14395.0,2,11576.0
1114,BE,2021,436.0,2,370.0
1114,FZ,2021,851.0,2,905.0
1114,GI,2021,5532.0,2,5181.0
1114,JZ,2021,1105.0,2,936.0
1114,KZ,2021,448.0,2,334.0
1114,LZ,2021,607.0,2,521.0
1114,MN,2021,3680.0,2,3302.0
1114,OQ,2021,1422.0,2,1149.0
1114,RU,2021,1237.0,2,919.0
2404,BE,2021,67.0,2,42.0
2404,FZ,2021,67.0,2,60.0
2404,GI,2021,181.0,2,161.0
2404,JZ,2021,23.0,2,15.0
2404,KZ,2021,22.0,2,17.0
2404,LZ,2021,37.0,2,18.0
2404,MN,2021,72.0,2,64.0
2404,OQ,2021,51.0,2,42.0
2404,RU,2021,63.0,2,42.0
2409,BE,2021,110.0,2,74.0
2409,FZ,2021,164.0,2,169.0
2409,GI,2021,597.0,2,505.0
2409,JZ,2021,52.0,2,38.0
2409,KZ,2021,44.0,2,32.0
2409,LZ,2021,28.0,2,22.0
2409,MN,2021,296.0,2,219.0
2409,OQ,2021,116.0,2,67.0
2409,RU,2021,146.0,2,129.0
2414,BE,2021,98.0,2,54.0
2414,FZ,2021,56.0,2,41.0
2414,GI,2021,198.0,2,172.0
2414,JZ,2021,23.0,2,28.0
2414,KZ,2021,25.0,2,24.0
2414,LZ,2021,46.0,2,28.0
2414,MN,2021,123.0,2,105.0
2414,OQ,2021,54.0,2,45.0
2414,RU,2021,71.0,2,45.0
2704,BE,2021,103.0,2,68.0
2704,FZ,2021,111.0,2,65.0
2704,GI,2021,360.0,2,352.0
2704,JZ,2021,23.0,2,25.0
2704,KZ,2021,61.0,2,38.0
2704,LZ,2021,71.0,2,38.0
2704,MN,2021,254.0,2,170.0
2704,OQ,2021,101.0,2,76.0
2704,RU,2021,113.0,2,80.0
2709,BE,2021,102.0,2,61.0
2709,FZ,2021,65.0,2,70.0
2709,GI,2021,203.0,2,221.0
2709,JZ,2021,24.0,2,12.0
2709,KZ,2021,11.0,2,13.0
2709,LZ,2021,18.0,2,12.0
2709,MN,2021,113.0,2,111.0
2709,OQ,2021,58.0,2,33.0
2709,RU,2021,73.0,2,55.0
2714,BE,2021,135.0,2,106.0
2714,FZ,2021,171.0,2,168.0
2714,GI,2021,827.0,2,687.0
2714,JZ,2021,55.0,2,44.0
2714,KZ,2021,33.0,2,39.0
2714,LZ,2021,66.0,2,70.0
2714,MN,2021,254.0,2,219.0
2714,OQ,2021,134.0,2,112.0
2714,RU,2021,207.0,2,137.0
2801,BE,2021,26.0,2,32.0
2801,FZ,2021,53.0,2,27.0
2801,GI,2021,126.0,2,118.0
2801,JZ,2021,10.0,2,11.0
2801,KZ,2021,8.0,2,19.0
2801,LZ,2021,12.0,2,10.0
2801,MN,2021,81.0,2,65.0
2801,OQ,2021,41.0,2,30.0
2801,RU,2021,58.0,2,31.0
2806,BE,2021,66.0,2,52.0
2806,FZ,2021,53.0,2,54.0
2806,GI,2021,214.0,2,178.0
2806,JZ,2021,13.0,2,14.0
2806,KZ,2021,36.0,2,21.0
2806,LZ,2021,31.0,2,13.0
2806,MN,2021,127.0,2,73.0
2806,OQ,2021,69.0,2,48.0
2806,RU,2021,68.0,2,52.0
2811,BE,2021,101.0,2,85.0
2811,FZ,2021,153.0,2,136.0
2811,GI,2021,494.0,2,419.0
2811,JZ,2021,45.0,2,41.0
2811,KZ,2021,61.0,2,56.0
2811,LZ,2021,96.0,2,59.0
2811,MN,2021,345.0,2,262.0
2811,OQ,2021,116.0,2,118.0
2811,RU,2021,204.0,2,153.0
2816,BE,2021,89.0,2,73.0
2816,FZ,2021,92.0,2,61.0
2816,GI,2021,368.0,2,318.0
2816,JZ,2021,47.0,2,33.0
2816,KZ,2021,38.0,2,39.0
2816,LZ,2021,36.0,2,34.0
2816,MN,2021,181.0,2,136.0
2816,OQ,2021,92.0,2,86.0
2816,RU,2021,110.0,2,81.0
3202,BE,2021,266.0,2,213.0
3202,FZ,2021,374.0,2,334.0
3202,GI,2021,1658.0,2,1552.0
3202,JZ,2021,175.0,2,128.0
3202,KZ,2021,170.0,2,117.0
3202,LZ,2021,229.0,2,228.0
3202,MN,2021,774.0,2,625.0
3202,OQ,2021,510.0,2,447.0
3202,RU,2021,438.0,2,320.0
3207,BE,2021,94.0,2,82.0
3207,FZ,2021,121.0,2,100.0
3207,GI,2021,694.0,2,612.0
3207,JZ,2021,52.0,2,22.0
3207,KZ,2021,30.0,2,28.0
3207,LZ,2021,39.0,2,25.0
3207,MN,2021,226.0,2,155.0
3207,OQ,2021,120.0,2,103.0
3207,RU,2021,160.0,2,121.0
3212,BE,2021,128.0,2,98.0
3212,FZ,2021,211.0,2,207.0
3212,GI,2021,974.0,2,887.0
3212,JZ,2021,82.0,2,70.0
3212,KZ,2021,64.0,2,65.0
3212,LZ,2021,75.0,2,56.0
3212,MN,2021,369.0,2,301.0
3212,OQ,2021,199.0,2,169.0
3212,RU,2021,225.0,2,177.0
3217,BE,2021,145.0,2,113.0
3217,FZ,2021,180.0,2,165.0
3217,GI,2021,824.0,2,813.0
3217,JZ,2021,41.0,2,45.0
3217,KZ,2021,45.0,2,46.0
3217,LZ,2021,95.0,2,76.0
3217,MN,2021,254.0,2,210.0
3217,OQ,2021,150.0,2,139.0
3217,RU,2021,219.0,2,162.0
3222,BE,2021,237.0,2,238.0
3222,FZ,2021,388.0,2,516.0
3222,GI,2021,1629.0,2,1442.0
3222,JZ,2021,121.0,2,106.0
3222,KZ,2021,121.0,2,88.0
3222,LZ,2021,239.0,2,221.0
3222,MN,2021,656.0,2,569.0
3222,OQ,2021,359.0,2,309.0
3222,RU,2021,381.0,2,319.0
4405,BE,2021,159.0,2,122.0
4405,FZ,2021,239.0,2,176.0
4405,GI,2021,905.0,2,787.0
4405,JZ,2021,102.0,2,83.0
4405,KZ,2021,87.0,2,70.0
4405,LZ,2021,93.0,2,55.0
4405,MN,2021,452.0,2,397.0
4405,OQ,2021,267.0,2,211.0
4405,RU,2021,296.0,2,214.0
4410,BE,2021,293.0,2,220.0
4410,FZ,2021,660.0,2,544.0
4410,GI,2021,2131.0,2,1667.0
4410,JZ,2021,226.0,2,174.0
4410,KZ,2021,188.0,2,153.0
4410,LZ,2021,252.0,2,166.0
4410,MN,2021,1082.0,2,908.0
4410,OQ,2021,687.0,2,513.0
4410,RU,2021,676.0,2,488.0
4415,BE,2021,107.0,2,85.0
4415,FZ,2021,80.0,2,64.0
4415,GI,2021,335.0,2,302.0
4415,JZ,2021,29.0,2,17.0
4415,KZ,2021,30.0,2,32.0
4415,LZ,2021,38.0,2,29.0
4415,MN,2021,156.0,2,110.0
4415,OQ,2021,69.0,2,39.0
4415,RU,2021,82.0,2,71.0
4420,BE,2021,121.0,2,91.0
4420,FZ,2021,123.0,2,128.0
4420,GI,2021,354.0,2,311.0
4420,JZ,2021,44.0,2,24.0
4420,KZ,2021,34.0,2,22.0
4420,LZ,2021,51.0,2,33.0
4420,MN,2021,217.0,2,159.0
4420,OQ,2021,121.0,2,129.0
4420,RU,2021,115.0,2,113.0
4425,BE,2021,250.0,2,161.0
4425,FZ,2021,271.0,2,237.0
4425,GI,2021,1431.0,2,1269.0
4425,JZ,2021,163.0,2,102.0
4425,KZ,2021,95.0,2,78.0
4425,LZ,2021,142.0,2,102.0
4425,MN,2021,540.0,2,455.0
4425,OQ,2021,277.0,2,214.0
4425,RU,2021,317.0,2,250.0
5203,BE,2021,226.0,2,181.0
5203,FZ,2021,206.0,2,174.0
5203,GI,2021,604.0,2,503.0
5203,JZ,2021,68.0,2,51.0
5203,KZ,2021,69.0,2,59.0
5203,LZ,2021,152.0,2,138.0
5203,MN,2021,406.0,2,342.0
5203,OQ,2021,191.0,2,144.0
5203,RU,2021,266.0,2,170.0
5208,BE,2021,74.0,2,48.0
5208,FZ,2021,51.0,2,52.0
5208,GI,2021,159.0,2,165.0
5208,JZ,2021,9.0,2,9.0
5208,KZ,2021,23.0,2,14.0
5208,LZ,2021,40.0,2,29.0
5208,MN,2021,79.0,2,47.0
5208,OQ,2021,43.0,2,32.0
5208,RU,2021,63.0,2,45.0
5213,BE,2021,182.0,2,158.0
5213,FZ,2021,126.0,2,125.0
5213,GI,2021,398.0,2,346.0
5213,JZ,2021,64.0,2,40.0
5213,KZ,2021,65.0,2,60.0
5213,LZ,2021,107.0,2,86.0
5213,MN,2021,284.0,2,225.0
5213,OQ,2021,115.0,2,101.0
5213,RU,2021,181.0,2,137.0
5218,BE,2021,53.0,2,41.0
5218,FZ,2021,42.0,2,24.0
5218,GI,2021,143.0,2,141.0
5218,JZ,2021,12.0,2,10.0
5218,KZ,2021,27.0,2,13.0
5218,LZ,2021,25.0,2,15.0
5218,MN,2021,60.0,2,62.0
5218,OQ,2021,35.0,2,29.0
5218,RU,2021,44.0,2,41.0
5302,BE,2021,306.0,2,243.0
5302,FZ,2021,385.0,2,324.0
5302,GI,2021,1413.0,2,1085.0
5302,JZ,2021,199.0,2,158.0
5302,KZ,2021,148.0,2,143.0
5302,LZ,2021,248.0,2,195.0
5302,MN,2021,887.0,2,716.0
5302,OQ,2021,573.0,2,464.0
5302,RU,2021,493.0,2,344.0
5307,BE,2021,70.0,2,44.0
5307,FZ,2021,67.0,2,36.0
5307,GI,2021,236.0,2,178.0
5307,JZ,2021,20.0,2,20.0
5307,KZ,2021,51.0,2,31.0
5307,LZ,2021,36.0,2,30.0
5307,MN,2021,179.0,2,112.0
5307,OQ,2021,65.0,2,68.0
5307,RU,2021,100.0,2,76.0
5312,BE,2021,110.0,2,95.0
5312,FZ,2021,58.0,2,77.0
5312,GI,2021,333.0,2,308.0
5312,JZ,2021,31.0,2,24.0
5312,KZ,2021,57.0,2,44.0
5312,LZ,2021,56.0,2,46.0
5312,MN,2021,177.0,2,178.0
5312,OQ,2021,108.0,2,100.0
5312,RU,2021,131.0,2,93.0
5317,BE,2021,129.0,2,102.0
5317,FZ,2021,181.0,2,154.0
5317,GI,2021,574.0,2,510.0
5317,JZ,2021,74.0,2,63.0
5317,KZ,2021,150.0,2,95.0
5317,LZ,2021,97.0,2,95.0
5317,MN,2021,520.0,2,445.0
5317,OQ,2021,202.0,2,183.0
5317,RU,2021,296.0,2,184.0
7503,BE,2021,441.0,2,345.0
7503,FZ,2021,659.0,2,579.0
7503,GI,2021,1972.0,2,1828.0
7503,JZ,2021,287.0,2,245.0
7503,KZ,2021,315.0,2,270.0
7503,LZ,2021,560.0,2,492.0
7503,MN,2021,1781.0,2,1402.0
7503,OQ,2021,992.0,2,795.0
7503,RU,2021,969.0,2,672.0
7508,BE,2021,91.0,2,72.0
7508,FZ,2021,89.0,2,77.0
7508,GI,2021,366.0,2,354.0
7508,JZ,2021,30.0,2,24.0
7508,KZ,2021,24.0,2,17.0
7508,LZ,2021,36.0,2,46.0
7508,MN,2021,145.0,2,125.0
7508,OQ,2021,57.0,2,68.0
7508,RU,2021,99.0,2,70.0
7513,BE,2021,234.0,2,199.0
7513,FZ,2021,327.0,2,273.0
7513,GI,2021,961.0,2,781.0
7513,JZ,2021,104.0,2,78.0
7513,KZ,2021,104.0,2,105.0
7513,LZ,2021,201.0,2,146.0
7513,MN,2021,723.0,2,570.0
7513,OQ,2021,317.0,2,255.0
7513,RU,2021,476.0,2,327.0
7518,BE,2021,188.0,2,121.0
7518,FZ,2021,143.0,2,130.0
7518,GI,2021,407.0,2,338.0
7518,JZ,2021,35.0,2,36.0
7518,KZ,2021,49.0,2,32.0
7518,LZ,2021,47.0,2,40.0
7518,MN,2021,274.0,2,216.0
7518,OQ,2021,116.0,2,94.0
7518,RU,2021,131.0,2,104.0
7523,BE,2021,353.0,2,327.0
7523,FZ,2021,298.0,2,263.0
7523,GI,2021,978.0,2,849.0
7523,JZ,2021,105.0,2,67.0
7523,KZ,2021,103.0,2,56.0
7523,LZ,2021,105.0,2,87.0
7523,MN,2021,575.0,2,498.0
7523,OQ,2021,276.0,2,232.0
7523,RU,2021,343.0,2,249.0
7528,BE,2021,174.0,2,174.0
7528,FZ,2021,183.0,2,177.0
7528,GI,2021,435.0,2,476.0
7528,JZ,2021,41.0,2,43.0
7528,KZ,2021,65.0,2,57.0
7528,LZ,2021,90.0,2,47.0
7528,MN,2021,310.0,2,269.0
7528,OQ,2021,191.0,2,154.0
7528,RU,2021,239.0,2,209.0
7601,BE,2021,72.0,2,61.0
7601,FZ,2021,177.0,2,133.0
7601,GI,2021,633.0,2,472.0
7601,JZ,2021,35.0,2,33.0
7601,KZ,2021,46.0,2,31.0
7601,LZ,2021,153.0,2,102.0
7601,MN,2021,288.0,2,222.0
7601,OQ,2021,141.0,2,106.0
7601,RU,2021,210.0,2,166.0
7606,BE,2021,314.0,2,193.0
7606,FZ,2021,587.0,2,535.0
7606,GI,2021,1296.0,2,1110.0
7606,JZ,2021,119.0,2,89.0
7606,KZ,2021,101.0,2,72.0
7606,LZ,2021,252.0,2,187.0
7606,MN,2021,745.0,2,571.0
7606,OQ,2021,401.0,2,298.0
7606,RU,2021,430.0,2,335.0
7611,BE,2021,264.0,2,197.0
7611,FZ,2021,118.0,2,116.0
7611,GI,2021,301.0,2,307.0
7611,JZ,2021,29.0,2,20.0
7611,KZ,2021,23.0,2,13.0
7611,LZ,2021,42.0,2,33.0
7611,MN,2021,200.0,2,190.0
7611,OQ,2021,133.0,2,112.0
7611,RU,2021,141.0,2,113.0
7616,BE,2021,904.0,2,759.0
7616,FZ,2021,1852.0,2,1730.0
7616,GI,2021,5459.0,2,4563.0
7616,JZ,2021,956.0,2,784.0
7616,KZ,2021,602.0,2,405.0
7616,LZ,2021,1046.0,2,824.0
7616,MN,2021,4047.0,2,3435.0
7616,OQ,2021,1949.0,2,1841.0
7616,RU,2021,1790.0,2,1440.0
7621,BE,2021,319.0,2,268.0
7621,FZ,2021,218.0,2,201.0
7621,GI,2021,514.0,2,470.0
7621,JZ,2021,57.0,2,38.0
7621,KZ,2021,41.0,2,49.0
7621,LZ,2021,91.0,2,84.0
7621,MN,2021,322.0,2,263.0
7621,OQ,2021,248.0,2,209.0
7621,RU,2021,189.0,2,135.0
8401,BE,2021,291.0,2,263.0
8401,FZ,2021,605.0,2,548.0
8401,GI,2021,1447.0,2,1426.0
8401,JZ,2021,265.0,2,234.0
8401,KZ,2021,228.0,2,172.0
8401,LZ,2021,499.0,2,374.0
8401,MN,2021,1422.0,2,1160.0
8401,OQ,2021,653.0,2,555.0
8401,RU,2021,794.0,2,540.0
8406,BE,2021,314.0,2,203.0
8406,FZ,2021,476.0,2,438.0
8406,GI,2021,1214.0,2,1177.0
8406,JZ,2021,132.0,2,96.0
8406,KZ,2021,98.0,2,62.0
8406,LZ,2021,211.0,2,166.0
8406,MN,2021,768.0,2,624.0
8406,OQ,2021,367.0,2,285.0
8406,RU,2021,471.0,2,330.0
8411,BE,2021,46.0,2,38.0
8411,FZ,2021,69.0,2,41.0
8411,GI,2021,156.0,2,157.0
8411,JZ,2021,14.0,2,9.0
8411,KZ,2021,10.0,2,9.0
8411,LZ,2021,41.0,2,48.0
8411,MN,2021,74.0,2,83.0
8411,OQ,2021,90.0,2,67.0
8411,RU,2021,76.0,2,52.0
8416,BE,2021,293.0,2,223.0
8416,FZ,2021,452.0,2,449.0
8416,GI,2021,1724.0,2,1721.0
8416,JZ,2021,202.0,2,183.0
8416,KZ,2021,131.0,2,104.0
8416,LZ,2021,368.0,2,319.0
8416,MN,2021,1035.0,2,820.0
8416,OQ,2021,485.0,2,435.0
8416,RU,2021,737.0,2,572.0
8421,BE,2021,1515.0,2,1430.0
8421,FZ,2021,3537.0,2,3356.0
8421,GI,2021,12601.0,2,13372.0
8421,JZ,2021,2710.0,2,1968.0
8421,KZ,2021,1354.0,2,1087.0
8421,LZ,2021,1949.0,2,1728.0
8421,MN,2021,10991.0,2,9700.0
8421,OQ,2021,4349.0,2,3700.0
8421,RU,2021,3485.0,2,2837.0
8426,BE,2021,149.0,2,121.0
8426,FZ,2021,149.0,2,127.0
8426,GI,2021,534.0,2,583.0
8426,JZ,2021,61.0,2,42.0
8426,KZ,2021,74.0,2,42.0
8426,LZ,2021,117.0,2,106.0
8426,MN,2021,275.0,2,232.0
8426,OQ,2021,146.0,2,155.0
8426,RU,2021,182.0,2,137.0
8431,BE,2021,424.0,2,368.0
8431,FZ,2021,523.0,2,444.0
8431,GI,2021,1314.0,2,1219.0
8431,JZ,2021,180.0,2,147.0
8431,KZ,2021,124.0,2,124.0
8431,LZ,2021,207.0,2,180.0
8431,MN,2021,968.0,2,814.0
8431,OQ,2021,511.0,2,447.0
8431,RU,2021,558.0,2,467.0
9301,BE,2021,517.0,2,406.0
9301,FZ,2021,784.0,2,663.0
9301,GI,2021,2540.0,2,2116.0
9301,JZ,2021,517.0,2,462.0
9301,KZ,2021,375.0,2,303.0
9301,LZ,2021,522.0,2,363.0
9301,MN,2021,2532.0,2,2200.0
9301,OQ,2021,1050.0,2,894.0
9301,RU,2021,964.0,2,799.0
9306,BE,2021,217.0,2,148.0
9306,FZ,2021,265.0,2,231.0
9306,GI,2021,679.0,2,613.0
9306,JZ,2021,79.0,2,67.0
9306,KZ,2021,83.0,2,65.0
9306,LZ,2021,120.0,2,109.0
9306,MN,2021,542.0,2,451.0
9306,OQ,2021,203.0,2,172.0
9306,RU,2021,297.0,2,202.0
9311,BE,2021,181.0,2,160.0
9311,FZ,2021,190.0,2,140.0
9311,GI,2021,481.0,2,395.0
9311,JZ,2021,36.0,2,32.0
9311,KZ,2021,39.0,2,21.0
9311,LZ,2021,71.0,2,33.0
9311,MN,2021,304.0,2,257.0
9311,OQ,2021,135.0,2,153.0
9311,RU,2021,210.0,2,156.0
9316,BE,2021,91.0,2,55.0
9316,FZ,2021,151.0,2,111.0
9316,GI,2021,341.0,2,314.0
9316,JZ,2021,29.0,2,29.0
9316,KZ,2021,29.0,2,19.0
9316,LZ,2021,58.0,2,42.0
9316,MN,2021,275.0,2,193.0
9316,OQ,2021,85.0,2,97.0
9316,RU,2021,147.0,2,72.0
0054,BE,2021,259.0,3,137.0
0054,FZ,2021,372.0,3,315.0
0054,GI,2021,1108.0,3,983.0
0054,JZ,2021,107.0,3,83.0
0054,KZ,2021,76.0,3,68.0
0054,LZ,2021,182.0,3,147.0
0054,MN,2021,570.0,3,442.0
0054,OQ,2021,294.0,3,210.0
0054,RU,2021,352.0,3,239.0
0059,BE,2021,192.0,3,150.0
0059,FZ,2021,246.0,3,176.0
0059,GI,2021,799.0,3,648.0
0059,JZ,2021,76.0,3,57.0
0059,KZ,2021,56.0,3,61.0
0059,LZ,2021,97.0,3,83.0
0059,MN,2021,473.0,3,322.0
0059,OQ,2021,204.0,3,166.0
0059,RU,2021,254.0,3,175.0
0064,BE,2021,116.0,3,80.0
0064,FZ,2021,95.0,3,93.0
0064,GI,2021,271.0,3,219.0
0064,JZ,2021,31.0,3,21.0
0064,KZ,2021,17.0,3,21.0
0064,LZ,2021,46.0,3,41.0
0064,MN,2021,203.0,3,183.0
0064,OQ,2021,99.0,3,63.0
0064,RU,2021,131.0,3,81.0
1105,BE,2021,159.0,3,134.0
1105,FZ,2021,265.0,3,274.0
1105,GI,2021,866.0,3,805.0
1105,JZ,2021,170.0,3,121.0
1105,KZ,2021,74.0,3,52.0
1105,LZ,2021,134.0,3,72.0
1105,MN,2021,697.0,3,632.0
1105,OQ,2021,300.0,3,271.0
1105,RU,2021,378.0,3,292.0
1110,BE,2021,58.0,3,43.0
1110,FZ,2021,94.0,3,73.0
1110,GI,2021,226.0,3,251.0
1110,JZ,2021,24.0,3,26.0
1110,KZ,2021,25.0,3,8.0
1110,LZ,2021,28.0,3,19.0
1110,MN,2021,121.0,3,112.0
1110,OQ,2021,58.0,3,30.0
1110,RU,2021,86.0,3,63.0
1115,BE,2021,312.0,3,264.0
1115,FZ,2021,515.0,3,445.0
1115,GI,2021,3863.0,3,3656.0
1115,JZ,2021,770.0,3,648.0
1115,KZ,2021,346.0,3,279.0
1115,LZ,2021,463.0,3,390.0
1115,MN,2021,2951.0,3,2641.0
1115,OQ,2021,1203.0,3,950.0
1115,RU,2021,953.0,3,776.0
2405,BE,2021,257.0,3,216.0
2405,FZ,2021,171.0,3,137.0
2405,GI,2021,722.0,3,638.0
2405,JZ,2021,61.0,3,46.0
2405,KZ,2021,47.0,3,26.0
2405,LZ,2021,84.0,3,65.0
2405,MN,2021,366.0,3,281.0
2405,OQ,2021,182.0,3,138.0
2405,RU,2021,210.0,3,176.0
2410,BE,2021,257.0,3,204.0
2410,FZ,2021,526.0,3,514.0
2410,GI,2021,2376.0,3,1928.0
2410,JZ,2021,295.0,3,232.0
2410,KZ,2021,189.0,3,144.0
2410,LZ,2021,186.0,3,119.0
2410,MN,2021,1144.0,3,1009.0
2410,OQ,2021,557.0,3,461.0
2410,RU,2021,640.0,3,491.0
2415,BE,2021,56.0,3,28.0
2415,FZ,2021,58.0,3,62.0
2415,GI,2021,207.0,3,167.0
2415,JZ,2021,13.0,3,16.0
2415,KZ,2021,11.0,3,5.0
2415,LZ,2021,26.0,3,13.0
2415,MN,2021,107.0,3,80.0
2415,OQ,2021,36.0,3,24.0
2415,RU,2021,44.0,3,32.0
2705,BE,2021,152.0,3,128.0
2705,FZ,2021,221.0,3,195.0
2705,GI,2021,891.0,3,859.0
2705,JZ,2021,75.0,3,53.0
2705,KZ,2021,59.0,3,39.0
2705,LZ,2021,90.0,3,82.0
2705,MN,2021,344.0,3,313.0
2705,OQ,2021,193.0,3,172.0
2705,RU,2021,242.0,3,210.0
2710,BE,2021,118.0,3,97.0
2710,FZ,2021,85.0,3,100.0
2710,GI,2021,351.0,3,347.0
2710,JZ,2021,37.0,3,20.0
2710,KZ,2021,15.0,3,24.0
2710,LZ,2021,31.0,3,31.0
2710,MN,2021,164.0,3,153.0
2710,OQ,2021,84.0,3,60.0
2710,RU,2021,100.0,3,90.0
2715,BE,2021,153.0,3,115.0
2715,FZ,2021,154.0,3,132.0
2715,GI,2021,498.0,3,482.0
2715,JZ,2021,35.0,3,26.0
2715,KZ,2021,53.0,3,41.0
2715,LZ,2021,108.0,3,85.0
2715,MN,2021,185.0,3,192.0
2715,OQ,2021,129.0,3,95.0
2715,RU,2021,195.0,3,146.0
2802,BE,2021,87.0,3,65.0
2802,FZ,2021,79.0,3,78.0
2802,GI,2021,285.0,3,268.0
2802,JZ,2021,26.0,3,22.0
2802,KZ,2021,36.0,3,45.0
2802,LZ,2021,39.0,3,28.0
2802,MN,2021,128.0,3,139.0
2802,OQ,2021,69.0,3,70.0
2802,RU,2021,96.0,3,100.0
2807,BE,2021,122.0,3,79.0
2807,FZ,2021,132.0,3,164.0
2807,GI,2021,455.0,3,413.0
2807,JZ,2021,35.0,3,29.0
2807,KZ,2021,55.0,3,47.0
2807,LZ,2021,82.0,3,57.0
2807,MN,2021,269.0,3,186.0
2807,OQ,2021,107.0,3,105.0
2807,RU,2021,149.0,3,124.0
2812,BE,2021,58.0,3,33.0
2812,FZ,2021,51.0,3,52.0
2812,GI,2021,124.0,3,129.0
2812,JZ,2021,25.0,3,14.0
2812,KZ,2021,13.0,3,7.0
2812,LZ,2021,15.0,3,12.0
2812,MN,2021,78.0,3,83.0
2812,OQ,2021,34.0,3,24.0
2812,RU,2021,41.0,3,48.0
2817,BE,2021,112.0,3,91.0
2817,FZ,2021,155.0,3,143.0
2817,GI,2021,512.0,3,512.0
2817,JZ,2021,52.0,3,71.0
2817,KZ,2021,45.0,3,51.0
2817,LZ,2021,73.0,3,57.0
2817,MN,2021,301.0,3,259.0
2817,OQ,2021,123.0,3,90.0
2817,RU,2021,216.0,3,132.0
3203,BE,2021,109.0,3,81.0
3203,FZ,2021,135.0,3,112.0
3203,GI,2021,787.0,3,759.0
3203,JZ,2021,84.0,3,48.0
3203,KZ,2021,69.0,3,50.0
3203,LZ,2021,83.0,3,67.0
3203,MN,2021,378.0,3,299.0
3203,OQ,2021,211.0,3,175.0
3203,RU,2021,207.0,3,166.0
3208,BE,2021,73.0,3,66.0
3208,FZ,2021,127.0,3,105.0
3208,GI,2021,594.0,3,627.0
3208,JZ,2021,39.0,3,27.0
3208,KZ,2021,54.0,3,53.0
3208,LZ,2021,59.0,3,56.0
3208,MN,2021,224.0,3,161.0
3208,OQ,2021,149.0,3,99.0
3208,RU,2021,157.0,3,141.0
3213,BE,2021,160.0,3,145.0
3213,FZ,2021,164.0,3,131.0
3213,GI,2021,1303.0,3,1006.0
3213,JZ,2021,83.0,3,57.0
3213,KZ,2021,70.0,3,51.0
3213,LZ,2021,97.0,3,83.0
3213,MN,2021,425.0,3,330.0
3213,OQ,2021,256.0,3,228.0
3213,RU,2021,336.0,3,259.0
3218,BE,2021,238.0,3,184.0
3218,FZ,2021,517.0,3,460.0
3218,GI,2021,2968.0,3,2622.0
3218,JZ,2021,297.0,3,253.0
3218,KZ,2021,173.0,3,152.0
3218,LZ,2021,150.0,3,157.0
3218,MN,2021,1262.0,3,999.0
3218,OQ,2021,574.0,3,436.0
3218,RU,2021,555.0,3,417.0
4401,BE,2021,68.0,3,52.0
4401,FZ,2021,50.0,3,44.0
4401,GI,2021,207.0,3,174.0
4401,JZ,2021,20.0,3,16.0
4401,KZ,2021,16.0,3,15.0
4401,LZ,2021,21.0,3,17.0
4401,MN,2021,81.0,3,60.0
4401,OQ,2021,59.0,3,55.0
4401,RU,2021,68.0,3,41.0
4406,BE,2021,89.0,3,55.0
4406,FZ,2021,61.0,3,49.0
4406,GI,2021,336.0,3,257.0
4406,JZ,2021,25.0,3,15.0
4406,KZ,2021,47.0,3,16.0
4406,LZ,2021,71.0,3,53.0
4406,MN,2021,172.0,3,135.0
4406,OQ,2021,62.0,3,46.0
4406,RU,2021,106.0,3,73.0
4411,BE,2021,330.0,3,254.0
4411,FZ,2021,608.0,3,580.0
4411,GI,2021,2124.0,3,1967.0
4411,JZ,2021,205.0,3,146.0
4411,KZ,2021,165.0,3,103.0
4411,LZ,2021,264.0,3,153.0
4411,MN,2021,991.0,3,794.0
4411,OQ,2021,536.0,3,446.0
4411,RU,2021,654.0,3,488.0
4416,BE,2021,102.0,3,74.0
4416,FZ,2021,164.0,3,128.0
4416,GI,2021,416.0,3,382.0
4416,JZ,2021,28.0,3,20.0
4416,KZ,2021,35.0,3,22.0
4416,LZ,2021,43.0,3,21.0
4416,MN,2021,218.0,3,167.0
4416,OQ,2021,126.0,3,93.0
4416,RU,2021,122.0,3,126.0
4421,BE,2021,99.0,3,73.0
4421,FZ,2021,106.0,3,86.0
4421,GI,2021,297.0,3,312.0
4421,JZ,2021,18.0,3,16.0
4421,KZ,2021,20.0,3,18.0
4421,LZ,2021,31.0,3,23.0
4421,MN,2021,115.0,3,112.0
4421,OQ,2021,59.0,3,46.0
4421,RU,2021,111.0,3,81.0
4426,BE,2021,59.0,3,60.0
4426,FZ,2021,66.0,3,69.0
4426,GI,2021,275.0,3,222.0
4426,JZ,2021,11.0,3,9.0
4426,KZ,2021,19.0,3,17.0
4426,LZ,2021,21.0,3,29.0
4426,MN,2021,97.0,3,76.0
4426,OQ,2021,66.0,3,55.0
4426,RU,2021,83.0,3,71.0
5204,BE,2021,38.0,3,34.0
5204,FZ,2021,27.0,3,25.0
5204,GI,2021,144.0,3,115.0
5204,JZ,2021,15.0,3,17.0
5204,KZ,2021,34.0,3,20.0
5204,LZ,2021,22.0,3,11.0
5204,MN,2021,62.0,3,69.0
5204,OQ,2021,37.0,3,28.0
5204,RU,2021,52.0,3,47.0
5209,BE,2021,81.0,3,51.0
5209,FZ,2021,43.0,3,38.0
5209,GI,2021,159.0,3,132.0
5209,JZ,2021,14.0,3,12.0
5209,KZ,2021,25.0,3,13.0
5209,LZ,2021,38.0,3,16.0
5209,MN,2021,90.0,3,88.0
5209,OQ,2021,37.0,3,40.0
5209,RU,2021,70.0,3,53.0
5214,BE,2021,120.0,3,93.0
5214,FZ,2021,116.0,3,109.0
5214,GI,2021,326.0,3,273.0
5214,JZ,2021,48.0,3,38.0
5214,KZ,2021,55.0,3,40.0
5214,LZ,2021,119.0,3,108.0
5214,MN,2021,303.0,3,230.0
5214,OQ,2021,120.0,3,93.0
5214,RU,2021,161.0,3,111.0
5219,BE,2021,303.0,3,215.0
5219,FZ,2021,337.0,3,275.0
5219,GI,2021,1026.0,3,797.0
5219,JZ,2021,117.0,3,84.0
5219,KZ,2021,132.0,3,100.0
5219,LZ,2021,237.0,3,204.0
5219,MN,2021,736.0,3,553.0
5219,OQ,2021,301.0,3,307.0
5219,RU,2021,411.0,3,292.0
5303,BE,2021,101.0,3,78.0
5303,FZ,2021,82.0,3,61.0
5303,GI,2021,249.0,3,189.0
5303,JZ,2021,21.0,3,21.0
5303,KZ,2021,13.0,3,11.0
5303,LZ,2021,31.0,3,24.0
5303,MN,2021,120.0,3,103.0
5303,OQ,2021,59.0,3,74.0
5303,RU,2021,113.0,3,95.0
5308,BE,2021,88.0,3,70.0
5308,FZ,2021,117.0,3,95.0
5308,GI,2021,334.0,3,341.0
5308,JZ,2021,61.0,3,42.0
5308,KZ,2021,44.0,3,31.0
5308,LZ,2021,80.0,3,50.0
5308,MN,2021,238.0,3,216.0
5308,OQ,2021,114.0,3,113.0
5308,RU,2021,137.0,3,101.0
5313,BE,2021,282.0,3,204.0
5313,FZ,2021,310.0,3,263.0
5313,GI,2021,934.0,3,707.0
5313,JZ,2021,108.0,3,97.0
5313,KZ,2021,161.0,3,110.0
5313,LZ,2021,222.0,3,196.0
5313,MN,2021,659.0,3,504.0
5313,OQ,2021,427.0,3,370.0
5313,RU,2021,417.0,3,309.0
5318,BE,2021,201.0,3,207.0
5318,FZ,2021,294.0,3,240.0
5318,GI,2021,726.0,3,648.0
5318,JZ,2021,132.0,3,88.0
5318,KZ,2021,159.0,3,111.0
5318,LZ,2021,190.0,3,225.0
5318,MN,2021,748.0,3,555.0
5318,OQ,2021,363.0,3,315.0
5318,RU,2021,413.0,3,264.0
7504,BE,2021,192.0,3,160.0
7504,FZ,2021,163.0,3,179.0
7504,GI,2021,441.0,3,438.0
7504,JZ,2021,53.0,3,34.0
7504,KZ,2021,42.0,3,36.0
7504,LZ,2021,97.0,3,84.0
7504,MN,2021,359.0,3,269.0
7504,OQ,2021,175.0,3,122.0
7504,RU,2021,204.0,3,145.0
7509,BE,2021,204.0,3,145.0
7509,FZ,2021,136.0,3,129.0
7509,GI,2021,515.0,3,504.0
7509,JZ,2021,45.0,3,33.0
7509,KZ,2021,90.0,3,71.0
7509,LZ,2021,80.0,3,71.0
7509,MN,2021,272.0,3,234.0
7509,OQ,2021,147.0,3,122.0
7509,RU,2021,177.0,3,164.0
7514,BE,2021,182.0,3,129.0
7514,FZ,2021,240.0,3,180.0
7514,GI,2021,546.0,3,460.0
7514,JZ,2021,54.0,3,34.0
7514,KZ,2021,60.0,3,38.0
7514,LZ,2021,48.0,3,44.0
7514,MN,2021,329.0,3,271.0
7514,OQ,2021,172.0,3,143.0
7514,RU,2021,254.0,3,203.0
7519,BE,2021,243.0,3,184.0
7519,FZ,2021,144.0,3,106.0
7519,GI,2021,617.0,3,538.0
7519,JZ,2021,52.0,3,31.0
7519,KZ,2021,37.0,3,42.0
7519,LZ,2021,73.0,3,53.0
7519,MN,2021,292.0,3,243.0
7519,OQ,2021,163.0,3,150.0
7519,RU,2021,185.0,3,127.0
7524,BE,2021,410.0,3,350.0
7524,FZ,2021,280.0,3,267.0
7524,GI,2021,1288.0,3,1165.0
7524,JZ,2021,172.0,3,132.0
7524,KZ,2021,160.0,3,139.0
7524,LZ,2021,202.0,3,184.0
7524,MN,2021,716.0,3,624.0
7524,OQ,2021,467.0,3,389.0
7524,RU,2021,462.0,3,369.0
7529,BE,2021,110.0,3,97.0
7529,FZ,2021,95.0,3,79.0
7529,GI,2021,319.0,3,285.0
7529,JZ,2021,35.0,3,26.0
7529,KZ,2021,21.0,3,19.0
7529,LZ,2021,67.0,3,55.0
7529,MN,2021,173.0,3,193.0
7529,OQ,2021,93.0,3,67.0
7529,RU,2021,114.0,3,98.0
7602,BE,2021,502.0,3,391.0
7602,FZ,2021,315.0,3,285.0
7602,GI,2021,1084.0,3,1047.0
7602,JZ,2021,125.0,3,99.0
7602,KZ,2021,116.0,3,100.0
7602,LZ,2021,149.0,3,164.0
7602,MN,2021,713.0,3,561.0
7602,OQ,2021,452.0,3,316.0
7602,RU,2021,457.0,3,343.0
7607,BE,2021,150.0,3,112.0
7607,FZ,2021,140.0,3,122.0
7607,GI,2021,352.0,3,311.0
7607,JZ,2021,34.0,3,27.0
7607,KZ,2021,25.0,3,21.0
7607,LZ,2021,44.0,3,34.0
7607,MN,2021,252.0,3,230.0
7607,OQ,2021,128.0,3,92.0
7607,RU,2021,164.0,3,107.0
7612,BE,2021,250.0,3,201.0
7612,FZ,2021,237.0,3,212.0
7612,GI,2021,527.0,3,454.0
7612,JZ,2021,66.0,3,41.0
7612,KZ,2021,41.0,3,30.0
7612,LZ,2021,83.0,3,75.0
7612,MN,2021,333.0,3,309.0
7612,OQ,2021,221.0,3,180.0
7612,RU,2021,289.0,3,182.0
7617,BE,2021,174.0,3,155.0
7617,FZ,2021,247.0,3,235.0
7617,GI,2021,896.0,3,805.0
7617,JZ,2021,48.0,3,50.0
7617,KZ,2021,88.0,3,50.0
7617,LZ,2021,134.0,3,84.0
7617,MN,2021,506.0,3,425.0
7617,OQ,2021,256.0,3,210.0
7617,RU,2021,315.0,3,200.0
7622,BE,2021,282.0,3,182.0
7622,FZ,2021,236.0,3,196.0
7622,GI,2021,469.0,3,494.0
7622,JZ,2021,56.0,3,36.0
7622,KZ,2021,37.0,3,28.0
7622,LZ,2021,61.0,3,52.0
7622,MN,2021,332.0,3,298.0
7622,OQ,2021,194.0,3,165.0
7622,RU,2021,199.0,3,190.0
8402,BE,2021,239.0,3,194.0
8402,FZ,2021,230.0,3,213.0
8402,GI,2021,580.0,3,468.0
8402,JZ,2021,54.0,3,40.0
8402,KZ,2021,28.0,3,26.0
8402,LZ,2021,87.0,3,62.0
8402,MN,2021,346.0,3,310.0
8402,OQ,2021,210.0,3,176.0
8402,RU,2021,283.0,3,201.0
8407,BE,2021,249.0,3,227.0
8407,FZ,2021,439.0,3,436.0
8407,GI,2021,1306.0,3,1207.0
8407,JZ,2021,193.0,3,155.0
8407,KZ,2021,143.0,3,103.0
8407,LZ,2021,275.0,3,243.0
8407,MN,2021,954.0,3,832.0
8407,OQ,2021,549.0,3,396.0
8407,RU,2021,525.0,3,404.0
8412,BE,2021,122.0,3,93.0
8412,FZ,2021,110.0,3,121.0
8412,GI,2021,269.0,3,300.0
8412,JZ,2021,33.0,3,22.0
8412,KZ,2021,57.0,3,23.0
8412,LZ,2021,74.0,3,54.0
8412,MN,2021,215.0,3,142.0
8412,OQ,2021,125.0,3,87.0
8412,RU,2021,126.0,3,88.0
8417,BE,2021,172.0,3,91.0
8417,FZ,2021,103.0,3,110.0
8417,GI,2021,237.0,3,207.0
8417,JZ,2021,32.0,3,18.0
8417,KZ,2021,25.0,3,19.0
8417,LZ,2021,43.0,3,33.0
8417,MN,2021,148.0,3,113.0
8417,OQ,2021,104.0,3,64.0
8417,RU,2021,136.0,3,108.0
8422,BE,2021,189.0,3,161.0
8422,FZ,2021,205.0,3,197.0
8422,GI,2021,464.0,3,395.0
8422,JZ,2021,57.0,3,37.0
8422,KZ,2021,47.0,3,46.0
8422,LZ,2021,83.0,3,72.0
8422,MN,2021,322.0,3,250.0
8422,OQ,2021,174.0,3,133.0
8422,RU,2021,206.0,3,159.0
8427,BE,2021,171.0,3,131.0
8427,FZ,2021,179.0,3,157.0
8427,GI,2021,507.0,3,421.0
8427,JZ,2021,58.0,3,54.0
8427,KZ,2021,53.0,3,32.0
8427,LZ,2021,71.0,3,48.0
8427,MN,2021,278.0,3,246.0
8427,OQ,2021,145.0,3,130.0
8427,RU,2021,174.0,3,146.0
8432,BE,2021,239.0,3,177.0
8432,FZ,2021,153.0,3,132.0
8432,GI,2021,584.0,3,472.0
8432,JZ,2021,51.0,3,40.0
8432,KZ,2021,50.0,3,29.0
8432,LZ,2021,64.0,3,43.0
8432,MN,2021,268.0,3,259.0
8432,OQ,2021,180.0,3,116.0
8432,RU,2021,183.0,3,114.0
9302,BE,2021,49.0,3,66.0
9302,FZ,2021,72.0,3,56.0
9302,GI,2021,162.0,3,144.0
9302,JZ,2021,12.0,3,12.0
9302,KZ,2021,15.0,3,15.0
9302,LZ,2021,34.0,3,45.0
9302,MN,2021,129.0,3,124.0
9302,OQ,2021,127.0,3,106.0
9302,RU,2021,130.0,3,83.0
9307,BE,2021,164.0,3,146.0
9307,FZ,2021,135.0,3,130.0
9307,GI,2021,372.0,3,340.0
9307,JZ,2021,46.0,3,29.0
9307,KZ,2021,28.0,3,22.0
9307,LZ,2021,49.0,3,34.0
9307,MN,2021,247.0,3,169.0
9307,OQ,2021,125.0,3,144.0
9307,RU,2021,159.0,3,93.0
9312,BE,2021,1064.0,3,852.0
9312,FZ,2021,2890.0,3,2488.0
9312,GI,2021,11531.0,3,8222.0
9312,JZ,2021,1254.0,3,953.0
9312,KZ,2021,903.0,3,609.0
9312,LZ,2021,1124.0,3,814.0
9312,MN,2021,6455.0,3,4926.0
9312,OQ,2021,3270.0,3,2490.0
9312,RU,2021,2762.0,3,2040.0
9317,BE,2021,104.0,3,68.0
9317,FZ,2021,212.0,3,174.0
9317,GI,2021,579.0,3,475.0
9317,JZ,2021,47.0,3,29.0
9317,KZ,2021,67.0,3,62.0
9317,LZ,2021,190.0,3,141.0
9317,MN,2021,576.0,3,398.0
9317,OQ,2021,111.0,3,85.0
9317,RU,2021,214.0,3,148.0
0055,BE,2021,112.0,4,84.0
0055,FZ,2021,114.0,4,113.0
0055,GI,2021,325.0,4,309.0
0055,JZ,2021,27.0,4,28.0
0055,KZ,2021,31.0,4,16.0
0055,LZ,2021,47.0,4,40.0
0055,MN,2021,217.0,4,160.0
0055,OQ,2021,95.0,4,76.0
0055,RU,2021,163.0,4,105.0
0060,BE,2021,240.0,4,155.0
0060,FZ,2021,150.0,4,117.0
0060,GI,2021,514.0,4,491.0
0060,JZ,2021,45.0,4,30.0
0060,KZ,2021,32.0,4,26.0
0060,LZ,2021,88.0,4,55.0
0060,MN,2021,262.0,4,217.0
0060,OQ,2021,148.0,4,111.0
0060,RU,2021,185.0,4,112.0
1101,BE,2021,356.0,4,325.0
1101,FZ,2021,837.0,4,802.0
1101,GI,2021,4754.0,4,4368.0
1101,JZ,2021,810.0,4,644.0
1101,KZ,2021,314.0,4,219.0
1101,LZ,2021,446.0,4,380.0
1101,MN,2021,2492.0,4,2236.0
1101,OQ,2021,1094.0,4,913.0
1101,RU,2021,1067.0,4,788.0
1106,BE,2021,294.0,4,245.0
1106,FZ,2021,647.0,4,630.0
1106,GI,2021,4024.0,4,3601.0
1106,JZ,2021,558.0,4,457.0
1106,KZ,2021,250.0,4,184.0
1106,LZ,2021,234.0,4,211.0
1106,MN,2021,1948.0,4,1643.0
1106,OQ,2021,801.0,4,588.0
1106,RU,2021,817.0,4,610.0
1111,BE,2021,58.0,4,46.0
1111,FZ,2021,92.0,4,74.0
1111,GI,2021,299.0,4,249.0
1111,JZ,2021,93.0,4,64.0
1111,KZ,2021,50.0,4,34.0
1111,LZ,2021,90.0,4,62.0
1111,MN,2021,328.0,4,262.0
1111,OQ,2021,159.0,4,113.0
1111,RU,2021,142.0,4,108.0
2401,BE,2021,151.0,4,103.0
2401,FZ,2021,192.0,4,170.0
2401,GI,2021,708.0,4,767.0
2401,JZ,2021,79.0,4,61.0
2401,KZ,2021,64.0,4,48.0
2401,LZ,2021,99.0,4,88.0
2401,MN,2021,359.0,4,323.0
2401,OQ,2021,216.0,4,176.0
2401,RU,2021,214.0,4,173.0
2406,BE,2021,67.0,4,39.0
2406,FZ,2021,44.0,4,28.0
2406,GI,2021,122.0,4,142.0
2406,JZ,2021,12.0,4,12.0
2406,KZ,2021,15.0,4,13.0
2406,LZ,2021,37.0,4,26.0
2406,MN,2021,72.0,4,86.0
2406,OQ,2021,39.0,4,33.0
2406,RU,2021,66.0,4,43.0
2411,BE,2021,66.0,4,48.0
2411,FZ,2021,84.0,4,58.0
2411,GI,2021,258.0,4,239.0
2411,JZ,2021,26.0,4,14.0
2411,KZ,2021,24.0,4,5.0
2411,LZ,2021,9.0,4,7.0
2411,MN,2021,113.0,4,82.0
2411,OQ,2021,58.0,4,40.0
2411,RU,2021,73.0,4,70.0
2701,BE,2021,52.0,4,58.0
2701,FZ,2021,33.0,4,42.0
2701,GI,2021,126.0,4,143.0
2701,JZ,2021,13.0,4,15.0
2701,KZ,2021,6.0,4,10.0
2701,LZ,2021,12.0,4,8.0
2701,MN,2021,78.0,4,74.0
2701,OQ,2021,40.0,4,24.0
2701,RU,2021,55.0,4,43.0
2706,BE,2021,315.0,4,273.0
2706,FZ,2021,320.0,4,343.0
2706,GI,2021,1294.0,4,1405.0
2706,JZ,2021,147.0,4,133.0
2706,KZ,2021,143.0,4,97.0
2706,LZ,2021,224.0,4,169.0
2706,MN,2021,708.0,4,568.0
2706,OQ,2021,523.0,4,397.0
2706,RU,2021,485.0,4,359.0
2711,BE,2021,342.0,4,230.0
2711,FZ,2021,535.0,4,465.0
2711,GI,2021,2093.0,4,2190.0
2711,JZ,2021,236.0,4,187.0
2711,KZ,2021,189.0,4,159.0
2711,LZ,2021,246.0,4,195.0
2711,MN,2021,1172.0,4,958.0
2711,OQ,2021,644.0,4,582.0
2711,RU,2021,653.0,4,446.0
2716,BE,2021,62.0,4,55.0
2716,FZ,2021,75.0,4,64.0
2716,GI,2021,199.0,4,181.0
2716,JZ,2021,19.0,4,13.0
2716,KZ,2021,14.0,4,8.0
2716,LZ,2021,23.0,4,13.0
2716,MN,2021,106.0,4,89.0
2716,OQ,2021,78.0,4,59.0
2716,RU,2021,90.0,4,58.0
2803,BE,2021,65.0,4,42.0
2803,FZ,2021,88.0,4,70.0
2803,GI,2021,246.0,4,230.0
2803,JZ,2021,26.0,4,18.0
2803,KZ,2021,25.0,4,28.0
2803,LZ,2021,31.0,4,28.0
2803,MN,2021,130.0,4,97.0
2803,OQ,2021,46.0,4,51.0
2803,RU,2021,85.0,4,75.0
2808,BE,2021,156.0,4,113.0
2808,FZ,2021,249.0,4,216.0
2808,GI,2021,778.0,4,739.0
2808,JZ,2021,64.0,4,63.0
2808,KZ,2021,72.0,4,71.0
2808,LZ,2021,85.0,4,65.0
2808,MN,2021,390.0,4,334.0
2808,OQ,2021,198.0,4,155.0
2808,RU,2021,229.0,4,198.0
2813,BE,2021,239.0,4,184.0
2813,FZ,2021,278.0,4,217.0
2813,GI,2021,1573.0,4,1356.0
2813,JZ,2021,112.0,4,98.0
2813,KZ,2021,123.0,4,90.0
2813,LZ,2021,91.0,4,159.0
2813,MN,2021,625.0,4,526.0
2813,OQ,2021,347.0,4,314.0
2813,RU,2021,379.0,4,320.0
2818,BE,2021,34.0,4,33.0
2818,FZ,2021,29.0,4,26.0
2818,GI,2021,144.0,4,136.0
2818,JZ,2021,11.0,4,8.0
2818,KZ,2021,16.0,4,5.0
2818,LZ,2021,14.0,4,15.0
2818,MN,2021,72.0,4,53.0
2818,OQ,2021,47.0,4,36.0
2818,RU,2021,50.0,4,27.0
3204,BE,2021,90.0,4,70.0
3204,FZ,2021,103.0,4,94.0
3204,GI,2021,526.0,4,436.0
3204,JZ,2021,36.0,4,23.0
3204,KZ,2021,51.0,4,48.0
3204,LZ,2021,75.0,4,75.0
3204,MN,2021,235.0,4,184.0
3204,OQ,2021,198.0,4,111.0
3204,RU,2021,142.0,4,109.0
3209,BE,2021,73.0,4,42.0
3209,FZ,2021,79.0,4,73.0
3209,GI,2021,288.0,4,243.0
3209,JZ,2021,37.0,4,25.0
3209,KZ,2021,13.0,4,23.0
3209,LZ,2021,27.0,4,26.0
3209,MN,2021,150.0,4,121.0
3209,OQ,2021,83.0,4,53.0
3209,RU,2021,82.0,4,65.0
3214,BE,2021,90.0,4,57.0
3214,FZ,2021,87.0,4,78.0
3214,GI,2021,307.0,4,277.0
3214,JZ,2021,31.0,4,28.0
3214,KZ,2021,36.0,4,21.0
3214,LZ,2021,16.0,4,15.0
3214,MN,2021,159.0,4,117.0
3214,OQ,2021,77.0,4,70.0
3214,RU,2021,109.0,4,88.0
3219,BE,2021,123.0,4,99.0
3219,FZ,2021,138.0,4,125.0
3219,GI,2021,619.0,4,558.0
3219,JZ,2021,31.0,4,33.0
3219,KZ,2021,51.0,4,34.0
3219,LZ,2021,67.0,4,61.0
3219,MN,2021,263.0,4,206.0
3219,OQ,2021,140.0,4,106.0
3219,RU,2021,192.0,4,115.0
4402,BE,2021,135.0,4,130.0
4402,FZ,2021,83.0,4,90.0
4402,GI,2021,469.0,4,427.0
4402,JZ,2021,32.0,4,32.0
4402,KZ,2021,65.0,4,45.0
4402,LZ,2021,36.0,4,24.0
4402,MN,2021,178.0,4,165.0
4402,OQ,2021,88.0,4,53.0
4402,RU,2021,108.0,4,79.0
4407,BE,2021,182.0,4,134.0
4407,FZ,2021,245.0,4,192.0
4407,GI,2021,694.0,4,706.0
4407,JZ,2021,58.0,4,50.0
4407,KZ,2021,47.0,4,40.0
4407,LZ,2021,82.0,4,77.0
4407,MN,2021,370.0,4,272.0
4407,OQ,2021,168.0,4,137.0
4407,RU,2021,191.0,4,145.0
4412,BE,2021,368.0,4,313.0
4412,FZ,2021,679.0,4,635.0
4412,GI,2021,2456.0,4,2419.0
4412,JZ,2021,310.0,4,272.0
4412,KZ,2021,259.0,4,200.0
4412,LZ,2021,255.0,4,147.0
4412,MN,2021,1248.0,4,1094.0
4412,OQ,2021,1024.0,4,819.0
4412,RU,2021,808.0,4,580.0
4417,BE,2021,77.0,4,80.0
4417,FZ,2021,127.0,4,120.0
4417,GI,2021,286.0,4,280.0
4417,JZ,2021,35.0,4,17.0
4417,KZ,2021,13.0,4,19.0
4417,LZ,2021,42.0,4,34.0
4417,MN,2021,193.0,4,138.0
4417,OQ,2021,100.0,4,76.0
4417,RU,2021,94.0,4,75.0
4422,BE,2021,104.0,4,89.0
4422,FZ,2021,141.0,4,97.0
4422,GI,2021,350.0,4,304.0
4422,JZ,2021,39.0,4,37.0
4422,KZ,2021,38.0,4,22.0
4422,LZ,2021,41.0,4,44.0
4422,MN,2021,228.0,4,164.0
4422,OQ,2021,131.0,4,109.0
4422,RU,2021,177.0,4,105.0
4427,BE,2021,108.0,4,105.0
4427,FZ,2021,123.0,4,112.0
4427,GI,2021,473.0,4,393.0
4427,JZ,2021,73.0,4,22.0
4427,KZ,2021,23.0,4,21.0
4427,LZ,2021,31.0,4,26.0
4427,MN,2021,175.0,4,118.0
4427,OQ,2021,70.0,4,65.0
4427,RU,2021,128.0,4,70.0
5205,BE,2021,125.0,4,65.0
5205,FZ,2021,72.0,4,64.0
5205,GI,2021,147.0,4,113.0
5205,JZ,2021,19.0,4,14.0
5205,KZ,2021,19.0,4,19.0
5205,LZ,2021,43.0,4,34.0
5205,MN,2021,100.0,4,77.0
5205,OQ,2021,50.0,4,44.0
5205,RU,2021,68.0,4,47.0
5210,BE,2021,271.0,4,181.0
5210,FZ,2021,190.0,4,170.0
5210,GI,2021,695.0,4,569.0
5210,JZ,2021,69.0,4,58.0
5210,KZ,2021,80.0,4,60.0
5210,LZ,2021,162.0,4,130.0
5210,MN,2021,388.0,4,345.0
5210,OQ,2021,203.0,4,170.0
5210,RU,2021,224.0,4,219.0
5215,BE,2021,89.0,4,51.0
5215,FZ,2021,72.0,4,61.0
5215,GI,2021,210.0,4,254.0
5215,JZ,2021,15.0,4,13.0
5215,KZ,2021,28.0,4,24.0
5215,LZ,2021,42.0,4,20.0
5215,MN,2021,136.0,4,80.0
5215,OQ,2021,62.0,4,54.0
5215,RU,2021,78.0,4,58.0
5220,BE,2021,100.0,4,78.0
5220,FZ,2021,83.0,4,67.0
5220,GI,2021,364.0,4,333.0
5220,JZ,2021,34.0,4,26.0
5220,KZ,2021,28.0,4,21.0
5220,LZ,2021,41.0,4,37.0
5220,MN,2021,173.0,4,146.0
5220,OQ,2021,107.0,4,76.0
5220,RU,2021,116.0,4,93.0
5304,BE,2021,106.0,4,64.0
5304,FZ,2021,111.0,4,80.0
5304,GI,2021,324.0,4,304.0
5304,JZ,2021,40.0,4,21.0
5304,KZ,2021,67.0,4,46.0
5304,LZ,2021,63.0,4,45.0
5304,MN,2021,227.0,4,138.0
5304,OQ,2021,122.0,4,100.0
5304,RU,2021,145.0,4,103.0
5309,BE,2021,199.0,4,150.0
5309,FZ,2021,309.0,4,253.0
5309,GI,2021,756.0,4,616.0
5309,JZ,2021,109.0,4,77.0
5309,KZ,2021,118.0,4,99.0
5309,LZ,2021,178.0,4,138.0
5309,MN,2021,561.0,4,447.0
5309,OQ,2021,288.0,4,262.0
5309,RU,2021,353.0,4,244.0
5314,BE,2021,58.0,4,40.0
5314,FZ,2021,58.0,4,36.0
5314,GI,2021,128.0,4,140.0
5314,JZ,2021,29.0,4,13.0
5314,KZ,2021,16.0,4,13.0
5314,LZ,2021,38.0,4,25.0
5314,MN,2021,131.0,4,92.0
5314,OQ,2021,65.0,4,60.0
5314,RU,2021,82.0,4,48.0
5319,BE,2021,84.0,4,91.0
5319,FZ,2021,80.0,4,55.0
5319,GI,2021,273.0,4,271.0
5319,JZ,2021,41.0,4,35.0
5319,KZ,2021,61.0,4,67.0
5319,LZ,2021,56.0,4,39.0
5319,MN,2021,172.0,4,161.0
5319,OQ,2021,94.0,4,69.0
5319,RU,2021,126.0,4,90.0
7505,BE,2021,1287.0,4,938.0
7505,FZ,2021,2491.0,4,2174.0
7505,GI,2021,8482.0,4,7262.0
7505,JZ,2021,1444.0,4,1173.0
7505,KZ,2021,1100.0,4,788.0
7505,LZ,2021,1036.0,4,793.0
7505,MN,2021,6357.0,4,5285.0
7505,OQ,2021,2760.0,4,2410.0
7505,RU,2021,3039.0,4,2257.0
7510,BE,2021,287.0,4,206.0
7510,FZ,2021,316.0,4,243.0
7510,GI,2021,787.0,4,801.0
7510,JZ,2021,67.0,4,69.0
7510,KZ,2021,90.0,4,63.0
7510,LZ,2021,125.0,4,84.0
7510,MN,2021,522.0,4,411.0
7510,OQ,2021,319.0,4,243.0
7510,RU,2021,309.0,4,237.0
7515,BE,2021,102.0,4,99.0
7515,FZ,2021,150.0,4,144.0
7515,GI,2021,352.0,4,368.0
7515,JZ,2021,19.0,4,23.0
7515,KZ,2021,30.0,4,23.0
7515,LZ,2021,33.0,4,24.0
7515,MN,2021,212.0,4,167.0
7515,OQ,2021,90.0,4,88.0
7515,RU,2021,168.0,4,149.0
7520,BE,2021,307.0,4,229.0
7520,FZ,2021,185.0,4,173.0
7520,GI,2021,667.0,4,616.0
7520,JZ,2021,117.0,4,57.0
7520,KZ,2021,77.0,4,87.0
7520,LZ,2021,142.0,4,124.0
7520,MN,2021,407.0,4,343.0
7520,OQ,2021,218.0,4,145.0
7520,RU,2021,253.0,4,195.0
7525,BE,2021,71.0,4,60.0
7525,FZ,2021,148.0,4,113.0
7525,GI,2021,317.0,4,285.0
7525,JZ,2021,28.0,4,18.0
7525,KZ,2021,30.0,4,15.0
7525,LZ,2021,37.0,4,26.0
7525,MN,2021,158.0,4,163.0
7525,OQ,2021,116.0,4,74.0
7525,RU,2021,126.0,4,127.0
7530,BE,2021,81.0,4,67.0
7530,FZ,2021,54.0,4,38.0
7530,GI,2021,205.0,4,196.0
7530,JZ,2021,10.0,4,18.0
7530,KZ,2021,30.0,4,17.0
7530,LZ,2021,37.0,4,45.0
7530,MN,2021,85.0,4,80.0
7530,OQ,2021,49.0,4,43.0
7530,RU,2021,75.0,4,46.0
7603,BE,2021,297.0,4,177.0
7603,FZ,2021,403.0,4,302.0
7603,GI,2021,891.0,4,791.0
7603,JZ,2021,100.0,4,44.0
7603,KZ,2021,60.0,4,61.0
7603,LZ,2021,83.0,4,55.0
7603,MN,2021,542.0,4,382.0
7603,OQ,2021,263.0,4,237.0
7603,RU,2021,383.0,4,250.0
7608,BE,2021,293.0,4,250.0
7608,FZ,2021,293.0,4,275.0
7608,GI,2021,943.0,4,773.0
7608,JZ,2021,96.0,4,67.0
7608,KZ,2021,54.0,4,58.0
7608,LZ,2021,123.0,4,74.0
7608,MN,2021,509.0,4,444.0
7608,OQ,2021,273.0,4,248.0
7608,RU,2021,331.0,4,252.0
7613,BE,2021,193.0,4,103.0
7613,FZ,2021,53.0,4,59.0
7613,GI,2021,202.0,4,173.0
7613,JZ,2021,27.0,4,19.0
7613,KZ,2021,18.0,4,11.0
7613,LZ,2021,38.0,4,22.0
7613,MN,2021,122.0,4,97.0
7613,OQ,2021,109.0,4,71.0
7613,RU,2021,100.0,4,61.0
7618,BE,2021,356.0,4,340.0
7618,FZ,2021,833.0,4,744.0
7618,GI,2021,2108.0,4,1843.0
7618,JZ,2021,242.0,4,169.0
7618,KZ,2021,264.0,4,155.0
7618,LZ,2021,242.0,4,170.0
7618,MN,2021,1265.0,4,1056.0
7618,OQ,2021,656.0,4,537.0
7618,RU,2021,735.0,4,577.0
7623,BE,2021,92.0,4,64.0
7623,FZ,2021,217.0,4,204.0
7623,GI,2021,558.0,4,450.0
7623,JZ,2021,60.0,4,41.0
7623,KZ,2021,44.0,4,39.0
7623,LZ,2021,163.0,4,106.0
7623,MN,2021,337.0,4,257.0
7623,OQ,2021,191.0,4,147.0
7623,RU,2021,210.0,4,189.0
8403,BE,2021,202.0,4,130.0
8403,FZ,2021,66.0,4,56.0
8403,GI,2021,289.0,4,245.0
8403,JZ,2021,27.0,4,14.0
8403,KZ,2021,23.0,4,24.0
8403,LZ,2021,27.0,4,26.0
8403,MN,2021,143.0,4,98.0
8403,OQ,2021,104.0,4,64.0
8403,RU,2021,76.0,4,53.0
8408,BE,2021,495.0,4,331.0
8408,FZ,2021,582.0,4,532.0
8408,GI,2021,2398.0,4,1791.0
8408,JZ,2021,319.0,4,231.0
8408,KZ,2021,209.0,4,175.0
8408,LZ,2021,312.0,4,268.0
8408,MN,2021,1194.0,4,988.0
8408,OQ,2021,826.0,4,694.0
8408,RU,2021,773.0,4,609.0
8413,BE,2021,114.0,4,112.0
8413,FZ,2021,258.0,4,254.0
8413,GI,2021,694.0,4,633.0
8413,JZ,2021,63.0,4,53.0
8413,KZ,2021,50.0,4,58.0
8413,LZ,2021,228.0,4,185.0
8413,MN,2021,578.0,4,472.0
8413,OQ,2021,323.0,4,313.0
8413,RU,2021,283.0,4,226.0
8418,BE,2021,80.0,4,54.0
8418,FZ,2021,125.0,4,130.0
8418,GI,2021,355.0,4,317.0
8418,JZ,2021,63.0,4,45.0
8418,KZ,2021,44.0,4,33.0
8418,LZ,2021,134.0,4,97.0
8418,MN,2021,375.0,4,420.0
8418,OQ,2021,190.0,4,177.0
8418,RU,2021,241.0,4,179.0
8423,BE,2021,206.0,4,123.0
8423,FZ,2021,97.0,4,70.0
8423,GI,2021,391.0,4,372.0
8423,JZ,2021,31.0,4,26.0
8423,KZ,2021,32.0,4,20.0
8423,LZ,2021,34.0,4,40.0
8423,MN,2021,184.0,4,133.0
8423,OQ,2021,99.0,4,110.0
8423,RU,2021,106.0,4,86.0
8428,BE,2021,492.0,4,421.0
8428,FZ,2021,1011.0,4,889.0
8428,GI,2021,2570.0,4,2588.0
8428,JZ,2021,279.0,4,209.0
8428,KZ,2021,291.0,4,221.0
8428,LZ,2021,460.0,4,392.0
8428,MN,2021,1494.0,4,1218.0
8428,OQ,2021,890.0,4,750.0
8428,RU,2021,756.0,4,552.0
8433,BE,2021,327.0,4,254.0
8433,FZ,2021,547.0,4,468.0
8433,GI,2021,928.0,4,882.0
8433,JZ,2021,129.0,4,87.0
8433,KZ,2021,91.0,4,73.0
8433,LZ,2021,146.0,4,129.0
8433,MN,2021,611.0,4,577.0
8433,OQ,2021,305.0,4,250.0
8433,RU,2021,382.0,4,327.0
9303,BE,2021,209.0,4,147.0
9303,FZ,2021,374.0,4,327.0
9303,GI,2021,677.0,4,697.0
9303,JZ,2021,94.0,4,57.0
9303,KZ,2021,57.0,4,47.0
9303,LZ,2021,125.0,4,99.0
9303,MN,2021,575.0,4,439.0
9303,OQ,2021,243.0,4,189.0
9303,RU,2021,361.0,4,240.0
9308,BE,2021,145.0,4,123.0
9308,FZ,2021,378.0,4,351.0
9308,GI,2021,732.0,4,571.0
9308,JZ,2021,81.0,4,53.0
9308,KZ,2021,51.0,4,35.0
9308,LZ,2021,91.0,4,72.0
9308,MN,2021,494.0,4,355.0
9308,OQ,2021,252.0,4,174.0
9308,RU,2021,237.0,4,181.0
9313,BE,2021,327.0,4,239.0
9313,FZ,2021,520.0,4,499.0
9313,GI,2021,1832.0,4,1580.0
9313,JZ,2021,183.0,4,134.0
9313,KZ,2021,115.0,4,84.0
9313,LZ,2021,186.0,4,170.0
9313,MN,2021,979.0,4,754.0
9313,OQ,2021,551.0,4,407.0
9313,RU,2021,602.0,4,487.0
9318,BE,2021,533.0,4,376.0
9318,FZ,2021,1388.0,4,1229.0
9318,GI,2021,3517.0,4,3236.0
9318,JZ,2021,362.0,4,297.0
9318,KZ,2021,301.0,4,228.0
9318,LZ,2021,622.0,4,484.0
9318,MN,2021,2350.0,4,1830.0
9318,OQ,2021,1154.0,4,965.0
9318,RU,2021,1283.0,4,935.0
0051,BE,2022,112.0,0,100.0
0051,FZ,2022,138.0,0,97.0
0051,GI,2022,331.0,0,390.0
0051,JZ,2022,48.0,0,30.0
0051,KZ,2022,49.0,0,35.0
0051,LZ,2022,44.0,0,55.0
0051,MN,2022,231.0,0,181.0
0051,OQ,2022,110.0,0,120.0
0051,RU,2022,145.0,0,141.0
0056,BE,2022,142.0,0,116.0
0056,FZ,2022,60.0,0,73.0
0056,GI,2022,184.0,0,221.0
0056,JZ,2022,27.0,0,18.0
0056,KZ,2022,14.0,0,18.0
0056,LZ,2022,26.0,0,33.0
0056,MN,2022,149.0,0,126.0
0056,OQ,2022,68.0,0,66.0
0056,RU,2022,116.0,0,93.0
0061,BE,2022,112.0,0,93.0
0061,FZ,2022,62.0,0,79.0
0061,GI,2022,147.0,0,178.0
0061,JZ,2022,19.0,0,20.0
0061,KZ,2022,19.0,0,19.0
0061,LZ,2022,39.0,0,40.0
0061,MN,2022,141.0,0,132.0
0061,OQ,2022,55.0,0,57.0
0061,RU,2022,109.0,0,99.0
1102,BE,2022,72.0,0,69.0
1102,FZ,2022,123.0,0,118.0
1102,GI,2022,327.0,0,433.0
1102,JZ,2022,43.0,0,42.0
1102,KZ,2022,29.0,0,28.0
1102,LZ,2022,13.0,0,20.0
1102,MN,2022,247.0,0,200.0
1102,OQ,2022,98.0,0,90.0
1102,RU,2022,141.0,0,130.0
1107,BE,2022,189.0,0,156.0
1107,FZ,2022,327.0,0,289.0
1107,GI,2022,1128.0,0,1534.0
1107,JZ,2022,199.0,0,171.0
1107,KZ,2022,92.0,0,80.0
1107,LZ,2022,67.0,0,63.0
1107,MN,2022,879.0,0,679.0
1107,OQ,2022,340.0,0,280.0
1107,RU,2022,383.0,0,341.0
1112,BE,2022,493.0,0,436.0
1112,FZ,2022,2197.0,0,1967.0
1112,GI,2022,6740.0,0,8177.0
1112,JZ,2022,1118.0,0,899.0
1112,KZ,2022,401.0,0,381.0
1112,LZ,2022,445.0,0,492.0
1112,MN,2022,4951.0,0,3889.0
1112,OQ,2022,1633.0,0,1390.0
1112,RU,2022,1402.0,0,1236.0
2402,BE,2022,277.0,0,268.0
2402,FZ,2022,187.0,0,176.0
2402,GI,2022,646.0,0,869.0
2402,JZ,2022,100.0,0,83.0
2402,KZ,2022,79.0,0,59.0
2402,LZ,2022,91.0,0,99.0
2402,MN,2022,457.0,0,378.0
2402,OQ,2022,211.0,0,233.0
2402,RU,2022,281.0,0,252.0
2407,BE,2022,123.0,0,69.0
2407,FZ,2022,95.0,0,84.0
2407,GI,2022,218.0,0,272.0
2407,JZ,2022,28.0,0,17.0
2407,KZ,2022,21.0,0,22.0
2407,LZ,2022,22.0,0,19.0
2407,MN,2022,155.0,0,150.0
2407,OQ,2022,70.0,0,53.0
2407,RU,2022,108.0,0,101.0
2412,BE,2022,147.0,0,87.0
2412,FZ,2022,105.0,0,96.0
2412,GI,2022,284.0,0,314.0
2412,JZ,2022,38.0,0,32.0
2412,KZ,2022,27.0,0,23.0
2412,LZ,2022,60.0,0,50.0
2412,MN,2022,174.0,0,179.0
2412,OQ,2022,60.0,0,79.0
2412,RU,2022,134.0,0,118.0
2702,BE,2022,281.0,0,211.0
2702,FZ,2022,161.0,0,172.0
2702,GI,2022,664.0,0,752.0
2702,JZ,2022,80.0,0,73.0
2702,KZ,2022,62.0,0,72.0
2702,LZ,2022,56.0,0,113.0
2702,MN,2022,416.0,0,366.0
2702,OQ,2022,177.0,0,168.0
2702,RU,2022,251.0,0,221.0
2707,BE,2022,186.0,0,150.0
2707,FZ,2022,160.0,0,169.0
2707,GI,2022,573.0,0,734.0
2707,JZ,2022,69.0,0,63.0
2707,KZ,2022,87.0,0,66.0
2707,LZ,2022,90.0,0,69.0
2707,MN,2022,405.0,0,358.0
2707,OQ,2022,187.0,0,192.0
2707,RU,2022,254.0,0,204.0
2712,BE,2022,136.0,0,109.0
2712,FZ,2022,78.0,0,86.0
2712,GI,2022,283.0,0,315.0
2712,JZ,2022,38.0,0,24.0
2712,KZ,2022,32.0,0,23.0
2712,LZ,2022,31.0,0,37.0
2712,MN,2022,149.0,0,142.0
2712,OQ,2022,72.0,0,82.0
2712,RU,2022,142.0,0,119.0
2717,BE,2022,154.0,0,140.0
2717,FZ,2022,136.0,0,156.0
2717,GI,2022,407.0,0,558.0
2717,JZ,2022,60.0,0,40.0
2717,KZ,2022,56.0,0,25.0
2717,LZ,2022,95.0,0,92.0
2717,MN,2022,289.0,0,251.0
2717,OQ,2022,113.0,0,97.0
2717,RU,2022,188.0,0,157.0
2804,BE,2022,493.0,0,476.0
2804,FZ,2022,662.0,0,645.0
2804,GI,2022,1808.0,0,2698.0
2804,JZ,2022,354.0,0,330.0
2804,KZ,2022,305.0,0,332.0
2804,LZ,2022,352.0,0,313.0
2804,MN,2022,1596.0,0,1415.0
2804,OQ,2022,885.0,0,835.0
2804,RU,2022,981.0,0,875.0
2809,BE,2022,82.0,0,57.0
2809,FZ,2022,61.0,0,68.0
2809,GI,2022,262.0,0,290.0
2809,JZ,2022,28.0,0,25.0
2809,KZ,2022,32.0,0,28.0
2809,LZ,2022,33.0,0,37.0
2809,MN,2022,137.0,0,124.0
2809,OQ,2022,67.0,0,79.0
2809,RU,2022,83.0,0,87.0
2814,BE,2022,67.0,0,77.0
2814,FZ,2022,79.0,0,114.0
2814,GI,2022,243.0,0,294.0
2814,JZ,2022,30.0,0,28.0
2814,KZ,2022,31.0,0,41.0
2814,LZ,2022,41.0,0,38.0
2814,MN,2022,216.0,0,184.0
2814,OQ,2022,76.0,0,60.0
2814,RU,2022,133.0,0,145.0
2819,BE,2022,129.0,0,88.0
2819,FZ,2022,89.0,0,95.0
2819,GI,2022,270.0,0,391.0
2819,JZ,2022,25.0,0,32.0
2819,KZ,2022,37.0,0,44.0
2819,LZ,2022,33.0,0,27.0
2819,MN,2022,176.0,0,191.0
2819,OQ,2022,80.0,0,87.0
2819,RU,2022,138.0,0,129.0
3205,BE,2022,206.0,0,138.0
3205,FZ,2022,251.0,0,262.0
3205,GI,2022,736.0,0,926.0
3205,JZ,2022,91.0,0,58.0
3205,KZ,2022,91.0,0,86.0
3205,LZ,2022,93.0,0,113.0
3205,MN,2022,404.0,0,371.0
3205,OQ,2022,240.0,0,215.0
3205,RU,2022,349.0,0,269.0
3210,BE,2022,150.0,0,117.0
3210,FZ,2022,190.0,0,223.0
3210,GI,2022,599.0,0,763.0
3210,JZ,2022,93.0,0,108.0
3210,KZ,2022,84.0,0,71.0
3210,LZ,2022,74.0,0,77.0
3210,MN,2022,517.0,0,482.0
3210,OQ,2022,253.0,0,205.0
3210,RU,2022,275.0,0,244.0
3215,BE,2022,290.0,0,159.0
3215,FZ,2022,381.0,0,368.0
3215,GI,2022,1437.0,0,1845.0
3215,JZ,2022,119.0,0,118.0
3215,KZ,2022,87.0,0,80.0
3215,LZ,2022,109.0,0,110.0
3215,MN,2022,620.0,0,495.0
3215,OQ,2022,362.0,0,330.0
3215,RU,2022,452.0,0,358.0
3220,BE,2022,212.0,0,235.0
3220,FZ,2022,201.0,0,184.0
3220,GI,2022,667.0,0,846.0
3220,JZ,2022,70.0,0,52.0
3220,KZ,2022,94.0,0,82.0
3220,LZ,2022,48.0,0,64.0
3220,MN,2022,405.0,0,373.0
3220,OQ,2022,210.0,0,235.0
3220,RU,2022,280.0,0,254.0
4403,BE,2022,164.0,0,98.0
4403,FZ,2022,205.0,0,169.0
4403,GI,2022,558.0,0,593.0
4403,JZ,2022,57.0,0,50.0
4403,KZ,2022,48.0,0,48.0
4403,LZ,2022,54.0,0,62.0
4403,MN,2022,259.0,0,232.0
4403,OQ,2022,134.0,0,113.0
4403,RU,2022,185.0,0,126.0
4408,BE,2022,64.0,0,74.0
4408,FZ,2022,144.0,0,137.0
4408,GI,2022,350.0,0,395.0
4408,JZ,2022,32.0,0,21.0
4408,KZ,2022,18.0,0,23.0
4408,LZ,2022,25.0,0,20.0
4408,MN,2022,193.0,0,162.0
4408,OQ,2022,93.0,0,102.0
4408,RU,2022,110.0,0,99.0
4413,BE,2022,284.0,0,260.0
4413,FZ,2022,442.0,0,454.0
4413,GI,2022,1856.0,0,2250.0
4413,JZ,2022,247.0,0,206.0
4413,KZ,2022,206.0,0,253.0
4413,LZ,2022,286.0,0,278.0
4413,MN,2022,1234.0,0,1148.0
4413,OQ,2022,628.0,0,594.0
4413,RU,2022,534.0,0,471.0
4418,BE,2022,85.0,0,92.0
4418,FZ,2022,121.0,0,115.0
4418,GI,2022,285.0,0,355.0
4418,JZ,2022,51.0,0,38.0
4418,KZ,2022,24.0,0,39.0
4418,LZ,2022,27.0,0,44.0
4418,MN,2022,187.0,0,173.0
4418,OQ,2022,107.0,0,107.0
4418,RU,2022,144.0,0,121.0
4423,BE,2022,643.0,0,574.0
4423,FZ,2022,1098.0,0,1045.0
4423,GI,2022,2997.0,0,4059.0
4423,JZ,2022,700.0,0,621.0
4423,KZ,2022,416.0,0,461.0
4423,LZ,2022,530.0,0,541.0
4423,MN,2022,2972.0,0,2595.0
4423,OQ,2022,1745.0,0,1656.0
4423,RU,2022,1351.0,0,1160.0
5201,BE,2022,203.0,0,170.0
5201,FZ,2022,131.0,0,120.0
5201,GI,2022,253.0,0,316.0
5201,JZ,2022,57.0,0,25.0
5201,KZ,2022,45.0,0,47.0
5201,LZ,2022,74.0,0,77.0
5201,MN,2022,264.0,0,286.0
5201,OQ,2022,96.0,0,112.0
5201,RU,2022,192.0,0,168.0
5206,BE,2022,223.0,0,198.0
5206,FZ,2022,210.0,0,197.0
5206,GI,2022,461.0,0,737.0
5206,JZ,2022,77.0,0,60.0
5206,KZ,2022,89.0,0,100.0
5206,LZ,2022,125.0,0,122.0
5206,MN,2022,437.0,0,369.0
5206,OQ,2022,161.0,0,156.0
5206,RU,2022,271.0,0,207.0
5211,BE,2022,172.0,0,166.0
5211,FZ,2022,157.0,0,128.0
5211,GI,2022,527.0,0,717.0
5211,JZ,2022,78.0,0,91.0
5211,KZ,2022,98.0,0,76.0
5211,LZ,2022,99.0,0,98.0
5211,MN,2022,872.0,0,451.0
5211,OQ,2022,185.0,0,143.0
5211,RU,2022,207.0,0,187.0
5216,BE,2022,960.0,0,944.0
5216,FZ,2022,1309.0,0,1369.0
5216,GI,2022,3118.0,0,4532.0
5216,JZ,2022,1205.0,0,1112.0
5216,KZ,2022,631.0,0,619.0
5216,LZ,2022,891.0,0,999.0
5216,MN,2022,4478.0,0,4148.0
5216,OQ,2022,1890.0,0,1785.0
5216,RU,2022,2157.0,0,1784.0
5221,BE,2022,89.0,0,76.0
5221,FZ,2022,49.0,0,42.0
5221,GI,2022,103.0,0,150.0
5221,JZ,2022,17.0,0,11.0
5221,KZ,2022,15.0,0,18.0
5221,LZ,2022,29.0,0,36.0
5221,MN,2022,115.0,0,88.0
5221,OQ,2022,65.0,0,37.0
5221,RU,2022,74.0,0,62.0
5305,BE,2022,99.0,0,77.0
5305,FZ,2022,73.0,0,71.0
5305,GI,2022,215.0,0,293.0
5305,JZ,2022,33.0,0,32.0
5305,KZ,2022,38.0,0,37.0
5305,LZ,2022,47.0,0,39.0
5305,MN,2022,153.0,0,136.0
5305,OQ,2022,67.0,0,75.0
5305,RU,2022,119.0,0,95.0
5310,BE,2022,129.0,0,116.0
5310,FZ,2022,113.0,0,124.0
5310,GI,2022,331.0,0,387.0
5310,JZ,2022,40.0,0,49.0
5310,KZ,2022,68.0,0,51.0
5310,LZ,2022,54.0,0,70.0
5310,MN,2022,240.0,0,260.0
5310,OQ,2022,145.0,0,146.0
5310,RU,2022,174.0,0,142.0
5315,BE,2022,639.0,0,596.0
5315,FZ,2022,858.0,0,780.0
5315,GI,2022,2412.0,0,3000.0
5315,JZ,2022,761.0,0,680.0
5315,KZ,2022,576.0,0,628.0
5315,LZ,2022,566.0,0,522.0
5315,MN,2022,2845.0,0,2537.0
5315,OQ,2022,1334.0,0,1234.0
5315,RU,2022,1438.0,0,1185.0
7501,BE,2022,245.0,0,193.0
7501,FZ,2022,185.0,0,192.0
7501,GI,2022,509.0,0,664.0
7501,JZ,2022,74.0,0,48.0
7501,KZ,2022,77.0,0,84.0
7501,LZ,2022,105.0,0,113.0
7501,MN,2022,453.0,0,377.0
7501,OQ,2022,190.0,0,194.0
7501,RU,2022,243.0,0,209.0
7506,BE,2022,222.0,0,185.0
7506,FZ,2022,92.0,0,72.0
7506,GI,2022,293.0,0,361.0
7506,JZ,2022,28.0,0,24.0
7506,KZ,2022,60.0,0,67.0
7506,LZ,2022,69.0,0,75.0
7506,MN,2022,211.0,0,170.0
7506,OQ,2022,79.0,0,95.0
7506,RU,2022,129.0,0,134.0
7511,BE,2022,356.0,0,349.0
7511,FZ,2022,108.0,0,128.0
7511,GI,2022,278.0,0,332.0
7511,JZ,2022,27.0,0,38.0
7511,KZ,2022,32.0,0,38.0
7511,LZ,2022,82.0,0,50.0
7511,MN,2022,218.0,0,186.0
7511,OQ,2022,100.0,0,112.0
7511,RU,2022,139.0,0,155.0
7516,BE,2022,278.0,0,222.0
7516,FZ,2022,359.0,0,331.0
7516,GI,2022,608.0,0,717.0
7516,JZ,2022,71.0,0,57.0
7516,KZ,2022,72.0,0,78.0
7516,LZ,2022,154.0,0,174.0
7516,MN,2022,535.0,0,444.0
7516,OQ,2022,226.0,0,169.0
7516,RU,2022,383.0,0,336.0
7521,BE,2022,146.0,0,118.0
7521,FZ,2022,67.0,0,76.0
7521,GI,2022,163.0,0,196.0
7521,JZ,2022,15.0,0,22.0
7521,KZ,2022,23.0,0,25.0
7521,LZ,2022,31.0,0,36.0
7521,MN,2022,139.0,0,118.0
7521,OQ,2022,101.0,0,93.0
7521,RU,2022,126.0,0,102.0
7526,BE,2022,148.0,0,150.0
7526,FZ,2022,222.0,0,225.0
7526,GI,2022,561.0,0,594.0
7526,JZ,2022,52.0,0,53.0
7526,KZ,2022,73.0,0,77.0
7526,LZ,2022,120.0,0,158.0
7526,MN,2022,478.0,0,407.0
7526,OQ,2022,195.0,0,219.0
7526,RU,2022,325.0,0,277.0
7531,BE,2022,221.0,0,163.0
7531,FZ,2022,108.0,0,84.0
7531,GI,2022,205.0,0,257.0
7531,JZ,2022,25.0,0,32.0
7531,KZ,2022,20.0,0,24.0
7531,LZ,2022,31.0,0,25.0
7531,MN,2022,165.0,0,132.0
7531,OQ,2022,114.0,0,84.0
7531,RU,2022,120.0,0,115.0
7604,BE,2022,435.0,0,393.0
7604,FZ,2022,223.0,0,225.0
7604,GI,2022,541.0,0,687.0
7604,JZ,2022,60.0,0,57.0
7604,KZ,2022,70.0,0,76.0
7604,LZ,2022,105.0,0,89.0
7604,MN,2022,451.0,0,433.0
7604,OQ,2022,218.0,0,228.0
7604,RU,2022,271.0,0,281.0
7609,BE,2022,169.0,0,143.0
7609,FZ,2022,110.0,0,98.0
7609,GI,2022,260.0,0,270.0
7609,JZ,2022,28.0,0,19.0
7609,KZ,2022,25.0,0,19.0
7609,LZ,2022,54.0,0,37.0
7609,MN,2022,172.0,0,150.0
7609,OQ,2022,81.0,0,85.0
7609,RU,2022,125.0,0,127.0
7614,BE,2022,148.0,0,155.0
7614,FZ,2022,80.0,0,77.0
7614,GI,2022,208.0,0,204.0
7614,JZ,2022,24.0,0,19.0
7614,KZ,2022,28.0,0,19.0
7614,LZ,2022,33.0,0,32.0
7614,MN,2022,153.0,0,142.0
7614,OQ,2022,113.0,0,102.0
7614,RU,2022,121.0,0,87.0
7619,BE,2022,189.0,0,133.0
7619,FZ,2022,75.0,0,61.0
7619,GI,2022,185.0,0,182.0
7619,JZ,2022,21.0,0,19.0
7619,KZ,2022,18.0,0,17.0
7619,LZ,2022,26.0,0,22.0
7619,MN,2022,130.0,0,137.0
7619,OQ,2022,62.0,0,60.0
7619,RU,2022,104.0,0,82.0
7624,BE,2022,489.0,0,380.0
7624,FZ,2022,349.0,0,353.0
7624,GI,2022,856.0,0,961.0
7624,JZ,2022,86.0,0,84.0
7624,KZ,2022,70.0,0,76.0
7624,LZ,2022,190.0,0,188.0
7624,MN,2022,617.0,0,571.0
7624,OQ,2022,395.0,0,397.0
7624,RU,2022,483.0,0,427.0
8404,BE,2022,83.0,0,83.0
8404,FZ,2022,83.0,0,84.0
8404,GI,2022,165.0,0,179.0
8404,JZ,2022,20.0,0,13.0
8404,KZ,2022,18.0,0,13.0
8404,LZ,2022,34.0,0,42.0
8404,MN,2022,157.0,0,148.0
8404,OQ,2022,63.0,0,75.0
8404,RU,2022,100.0,0,93.0
8409,BE,2022,520.0,0,560.0
8409,FZ,2022,968.0,0,1017.0
8409,GI,2022,2254.0,0,2978.0
8409,JZ,2022,628.0,0,587.0
8409,KZ,2022,260.0,0,244.0
8409,LZ,2022,572.0,0,575.0
8409,MN,2022,2583.0,0,2348.0
8409,OQ,2022,1208.0,0,1123.0
8409,RU,2022,1214.0,0,1047.0
8414,BE,2022,88.0,0,83.0
8414,FZ,2022,155.0,0,171.0
8414,GI,2022,345.0,0,465.0
8414,JZ,2022,44.0,0,45.0
8414,KZ,2022,29.0,0,30.0
8414,LZ,2022,114.0,0,78.0
8414,MN,2022,306.0,0,251.0
8414,OQ,2022,129.0,0,144.0
8414,RU,2022,192.0,0,190.0
8419,BE,2022,227.0,0,220.0
8419,FZ,2022,150.0,0,104.0
8419,GI,2022,367.0,0,386.0
8419,JZ,2022,47.0,0,38.0
8419,KZ,2022,32.0,0,33.0
8419,LZ,2022,65.0,0,61.0
8419,MN,2022,251.0,0,227.0
8419,OQ,2022,134.0,0,157.0
8419,RU,2022,167.0,0,147.0
8424,BE,2022,253.0,0,263.0
8424,FZ,2022,65.0,0,83.0
8424,GI,2022,267.0,0,312.0
8424,JZ,2022,29.0,0,22.0
8424,KZ,2022,29.0,0,19.0
8424,LZ,2022,49.0,0,39.0
8424,MN,2022,171.0,0,142.0
8424,OQ,2022,109.0,0,99.0
8424,RU,2022,118.0,0,110.0
8429,BE,2022,132.0,0,100.0
8429,FZ,2022,24.0,0,15.0
8429,GI,2022,89.0,0,106.0
8429,JZ,2022,13.0,0,7.0
8429,KZ,2022,5.0,0,6.0
8429,LZ,2022,19.0,0,16.0
8429,MN,2022,47.0,0,33.0
8429,OQ,2022,31.0,0,30.0
8429,RU,2022,32.0,0,30.0
8434,BE,2022,243.0,0,189.0
8434,FZ,2022,311.0,0,317.0
8434,GI,2022,704.0,0,945.0
8434,JZ,2022,125.0,0,136.0
8434,KZ,2022,127.0,0,77.0
8434,LZ,2022,141.0,0,138.0
8434,MN,2022,737.0,0,631.0
8434,OQ,2022,315.0,0,281.0
8434,RU,2022,324.0,0,283.0
9304,BE,2022,566.0,0,490.0
9304,FZ,2022,1276.0,0,1107.0
9304,GI,2022,2927.0,0,3328.0
9304,JZ,2022,643.0,0,609.0
9304,KZ,2022,384.0,0,322.0
9304,LZ,2022,939.0,0,914.0
9304,MN,2022,3378.0,0,2986.0
9304,OQ,2022,1027.0,0,965.0
9304,RU,2022,1505.0,0,1269.0
9309,BE,2022,138.0,0,114.0
9309,FZ,2022,423.0,0,418.0
9309,GI,2022,811.0,0,946.0
9309,JZ,2022,75.0,0,96.0
9309,KZ,2022,93.0,0,98.0
9309,LZ,2022,188.0,0,188.0
9309,MN,2022,784.0,0,676.0
9309,OQ,2022,269.0,0,242.0
9309,RU,2022,384.0,0,299.0
9314,BE,2022,83.0,0,73.0
9314,FZ,2022,129.0,0,120.0
9314,GI,2022,404.0,0,423.0
9314,JZ,2022,60.0,0,56.0
9314,KZ,2022,32.0,0,30.0
9314,LZ,2022,260.0,0,305.0
9314,MN,2022,460.0,0,398.0
9314,OQ,2022,154.0,0,148.0
9314,RU,2022,260.0,0,156.0
0052,BE,2022,223.0,1,250.0
0052,FZ,2022,275.0,1,268.0
0052,GI,2022,711.0,1,805.0
0052,JZ,2022,84.0,1,79.0
0052,KZ,2022,83.0,1,87.0
0052,LZ,2022,109.0,1,98.0
0052,MN,2022,609.0,1,544.0
0052,OQ,2022,211.0,1,204.0
0052,RU,2022,362.0,1,280.0
0057,BE,2022,170.0,1,141.0
0057,FZ,2022,223.0,1,191.0
0057,GI,2022,546.0,1,575.0
0057,JZ,2022,73.0,1,66.0
0057,KZ,2022,68.0,1,51.0
0057,LZ,2022,91.0,1,92.0
0057,MN,2022,453.0,1,378.0
0057,OQ,2022,177.0,1,140.0
0057,RU,2022,205.0,1,203.0
0062,BE,2022,151.0,1,116.0
0062,FZ,2022,105.0,1,80.0
0062,GI,2022,175.0,1,224.0
0062,JZ,2022,29.0,1,32.0
0062,KZ,2022,20.0,1,32.0
0062,LZ,2022,47.0,1,36.0
0062,MN,2022,196.0,1,164.0
0062,OQ,2022,103.0,1,76.0
0062,RU,2022,148.0,1,130.0
1103,BE,2022,81.0,1,79.0
1103,FZ,2022,152.0,1,141.0
1103,GI,2022,429.0,1,522.0
1103,JZ,2022,80.0,1,73.0
1103,KZ,2022,47.0,1,33.0
1103,LZ,2022,60.0,1,81.0
1103,MN,2022,398.0,1,334.0
1103,OQ,2022,135.0,1,137.0
1103,RU,2022,210.0,1,176.0
1108,BE,2022,169.0,1,120.0
1108,FZ,2022,313.0,1,280.0
1108,GI,2022,1132.0,1,1549.0
1108,JZ,2022,220.0,1,173.0
1108,KZ,2022,67.0,1,88.0
1108,LZ,2022,94.0,1,117.0
1108,MN,2022,878.0,1,604.0
1108,OQ,2022,325.0,1,290.0
1108,RU,2022,339.0,1,312.0
1113,BE,2022,378.0,1,276.0
1113,FZ,2022,786.0,1,680.0
1113,GI,2022,2856.0,1,3619.0
1113,JZ,2022,746.0,1,696.0
1113,KZ,2022,251.0,1,238.0
1113,LZ,2022,279.0,1,326.0
1113,MN,2022,2822.0,1,2190.0
1113,OQ,2022,1059.0,1,965.0
1113,RU,2022,994.0,1,880.0
2403,BE,2022,214.0,1,197.0
2403,FZ,2022,223.0,1,212.0
2403,GI,2022,653.0,1,829.0
2403,JZ,2022,142.0,1,124.0
2403,KZ,2022,117.0,1,138.0
2403,LZ,2022,161.0,1,150.0
2403,MN,2022,635.0,1,498.0
2403,OQ,2022,260.0,1,254.0
2403,RU,2022,309.0,1,279.0
2408,BE,2022,125.0,1,91.0
2408,FZ,2022,59.0,1,54.0
2408,GI,2022,145.0,1,170.0
2408,JZ,2022,13.0,1,15.0
2408,KZ,2022,26.0,1,19.0
2408,LZ,2022,36.0,1,42.0
2408,MN,2022,122.0,1,106.0
2408,OQ,2022,48.0,1,43.0
2408,RU,2022,91.0,1,78.0
2413,BE,2022,612.0,1,516.0
2413,FZ,2022,599.0,1,632.0
2413,GI,2022,1981.0,1,2619.0
2413,JZ,2022,361.0,1,343.0
2413,KZ,2022,299.0,1,234.0
2413,LZ,2022,459.0,1,515.0
2413,MN,2022,1819.0,1,1526.0
2413,OQ,2022,873.0,1,869.0
2413,RU,2022,995.0,1,919.0
2703,BE,2022,106.0,1,75.0
2703,FZ,2022,44.0,1,49.0
2703,GI,2022,129.0,1,166.0
2703,JZ,2022,16.0,1,20.0
2703,KZ,2022,13.0,1,9.0
2703,LZ,2022,22.0,1,21.0
2703,MN,2022,112.0,1,98.0
2703,OQ,2022,42.0,1,40.0
2703,RU,2022,77.0,1,76.0
2708,BE,2022,217.0,1,208.0
2708,FZ,2022,73.0,1,67.0
2708,GI,2022,223.0,1,275.0
2708,JZ,2022,27.0,1,24.0
2708,KZ,2022,27.0,1,26.0
2708,LZ,2022,38.0,1,61.0
2708,MN,2022,169.0,1,149.0
2708,OQ,2022,89.0,1,78.0
2708,RU,2022,120.0,1,96.0
2713,BE,2022,294.0,1,229.0
2713,FZ,2022,179.0,1,199.0
2713,GI,2022,503.0,1,620.0
2713,JZ,2022,44.0,1,52.0
2713,KZ,2022,74.0,1,62.0
2713,LZ,2022,71.0,1,74.0
2713,MN,2022,325.0,1,300.0
2713,OQ,2022,158.0,1,180.0
2713,RU,2022,272.0,1,213.0
2718,BE,2022,187.0,1,158.0
2718,FZ,2022,118.0,1,112.0
2718,GI,2022,395.0,1,428.0
2718,JZ,2022,37.0,1,35.0
2718,KZ,2022,36.0,1,27.0
2718,LZ,2022,49.0,1,49.0
2718,MN,2022,199.0,1,164.0
2718,OQ,2022,101.0,1,102.0
2718,RU,2022,180.0,1,98.0
2805,BE,2022,146.0,1,131.0
2805,FZ,2022,113.0,1,95.0
2805,GI,2022,412.0,1,563.0
2805,JZ,2022,47.0,1,49.0
2805,KZ,2022,81.0,1,61.0
2805,LZ,2022,100.0,1,74.0
2805,MN,2022,323.0,1,234.0
2805,OQ,2022,171.0,1,122.0
2805,RU,2022,255.0,1,207.0
2810,BE,2022,50.0,1,54.0
2810,FZ,2022,63.0,1,65.0
2810,GI,2022,149.0,1,183.0
2810,JZ,2022,22.0,1,19.0
2810,KZ,2022,32.0,1,35.0
2810,LZ,2022,28.0,1,45.0
2810,MN,2022,110.0,1,118.0
2810,OQ,2022,78.0,1,64.0
2810,RU,2022,79.0,1,79.0
2815,BE,2022,597.0,1,507.0
2815,FZ,2022,832.0,1,911.0
2815,GI,2022,2659.0,1,3395.0
2815,JZ,2022,489.0,1,387.0
2815,KZ,2022,313.0,1,322.0
2815,LZ,2022,424.0,1,416.0
2815,MN,2022,2304.0,1,1938.0
2815,OQ,2022,1016.0,1,1011.0
2815,RU,2022,1034.0,1,983.0
3201,BE,2022,81.0,1,66.0
3201,FZ,2022,112.0,1,97.0
3201,GI,2022,250.0,1,296.0
3201,JZ,2022,20.0,1,16.0
3201,KZ,2022,28.0,1,25.0
3201,LZ,2022,38.0,1,52.0
3201,MN,2022,182.0,1,147.0
3201,OQ,2022,57.0,1,68.0
3201,RU,2022,119.0,1,120.0
3206,BE,2022,135.0,1,100.0
3206,FZ,2022,148.0,1,126.0
3206,GI,2022,516.0,1,686.0
3206,JZ,2022,59.0,1,52.0
3206,KZ,2022,83.0,1,40.0
3206,LZ,2022,95.0,1,78.0
3206,MN,2022,280.0,1,250.0
3206,OQ,2022,178.0,1,169.0
3206,RU,2022,188.0,1,161.0
3211,BE,2022,217.0,1,202.0
3211,FZ,2022,323.0,1,360.0
3211,GI,2022,1265.0,1,1399.0
3211,JZ,2022,229.0,1,195.0
3211,KZ,2022,141.0,1,104.0
3211,LZ,2022,197.0,1,173.0
3211,MN,2022,1028.0,1,801.0
3211,OQ,2022,353.0,1,342.0
3211,RU,2022,480.0,1,414.0
3216,BE,2022,668.0,1,674.0
3216,FZ,2022,1003.0,1,1024.0
3216,GI,2022,4299.0,1,6353.0
3216,JZ,2022,1513.0,1,1221.0
3216,KZ,2022,729.0,1,633.0
3216,LZ,2022,521.0,1,486.0
3216,MN,2022,4599.0,1,3929.0
3216,OQ,2022,2260.0,1,2099.0
3216,RU,2022,1636.0,1,1489.0
3221,BE,2022,163.0,1,114.0
3221,FZ,2022,148.0,1,155.0
3221,GI,2022,504.0,1,694.0
3221,JZ,2022,75.0,1,68.0
3221,KZ,2022,75.0,1,58.0
3221,LZ,2022,46.0,1,55.0
3221,MN,2022,411.0,1,354.0
3221,OQ,2022,161.0,1,154.0
3221,RU,2022,209.0,1,169.0
4404,BE,2022,169.0,1,171.0
4404,FZ,2022,103.0,1,88.0
4404,GI,2022,341.0,1,405.0
4404,JZ,2022,36.0,1,31.0
4404,KZ,2022,46.0,1,31.0
4404,LZ,2022,62.0,1,71.0
4404,MN,2022,220.0,1,189.0
4404,OQ,2022,93.0,1,114.0
4404,RU,2022,144.0,1,121.0
4409,BE,2022,250.0,1,259.0
4409,FZ,2022,316.0,1,331.0
4409,GI,2022,735.0,1,808.0
4409,JZ,2022,112.0,1,88.0
4409,KZ,2022,82.0,1,78.0
4409,LZ,2022,124.0,1,117.0
4409,MN,2022,564.0,1,442.0
4409,OQ,2022,299.0,1,303.0
4409,RU,2022,360.0,1,296.0
4414,BE,2022,90.0,1,76.0
4414,FZ,2022,113.0,1,84.0
4414,GI,2022,268.0,1,279.0
4414,JZ,2022,27.0,1,29.0
4414,KZ,2022,35.0,1,23.0
4414,LZ,2022,78.0,1,66.0
4414,MN,2022,188.0,1,176.0
4414,OQ,2022,97.0,1,109.0
4414,RU,2022,127.0,1,105.0
4419,BE,2022,123.0,1,102.0
4419,FZ,2022,117.0,1,119.0
4419,GI,2022,279.0,1,383.0
4419,JZ,2022,45.0,1,41.0
4419,KZ,2022,36.0,1,28.0
4419,LZ,2022,52.0,1,48.0
4419,MN,2022,234.0,1,185.0
4419,OQ,2022,122.0,1,134.0
4419,RU,2022,146.0,1,128.0
4424,BE,2022,281.0,1,208.0
4424,FZ,2022,296.0,1,280.0
4424,GI,2022,952.0,1,1239.0
4424,JZ,2022,136.0,1,139.0
4424,KZ,2022,96.0,1,86.0
4424,LZ,2022,200.0,1,180.0
4424,MN,2022,601.0,1,506.0
4424,OQ,2022,365.0,1,341.0
4424,RU,2022,434.0,1,395.0
5202,BE,2022,369.0,1,348.0
5202,FZ,2022,433.0,1,438.0
5202,GI,2022,1411.0,1,1904.0
5202,JZ,2022,307.0,1,278.0
5202,KZ,2022,262.0,1,182.0
5202,LZ,2022,328.0,1,321.0
5202,MN,2022,1412.0,1,1180.0
5202,OQ,2022,721.0,1,705.0
5202,RU,2022,782.0,1,617.0
5207,BE,2022,247.0,1,191.0
5207,FZ,2022,112.0,1,109.0
5207,GI,2022,311.0,1,419.0
5207,JZ,2022,43.0,1,39.0
5207,KZ,2022,34.0,1,28.0
5207,LZ,2022,91.0,1,83.0
5207,MN,2022,255.0,1,233.0
5207,OQ,2022,96.0,1,90.0
5207,RU,2022,166.0,1,159.0
5212,BE,2022,377.0,1,304.0
5212,FZ,2022,339.0,1,359.0
5212,GI,2022,1256.0,1,1537.0
5212,JZ,2022,188.0,1,170.0
5212,KZ,2022,145.0,1,122.0
5212,LZ,2022,214.0,1,243.0
5212,MN,2022,901.0,1,728.0
5212,OQ,2022,416.0,1,409.0
5212,RU,2022,573.0,1,399.0
5217,BE,2022,123.0,1,102.0
5217,FZ,2022,94.0,1,119.0
5217,GI,2022,238.0,1,288.0
5217,JZ,2022,37.0,1,30.0
5217,KZ,2022,39.0,1,39.0
5217,LZ,2022,77.0,1,103.0
5217,MN,2022,271.0,1,219.0
5217,OQ,2022,99.0,1,101.0
5217,RU,2022,165.0,1,141.0
5301,BE,2022,134.0,1,111.0
5301,FZ,2022,127.0,1,126.0
5301,GI,2022,285.0,1,332.0
5301,JZ,2022,57.0,1,60.0
5301,KZ,2022,57.0,1,66.0
5301,LZ,2022,109.0,1,80.0
5301,MN,2022,367.0,1,342.0
5301,OQ,2022,148.0,1,159.0
5301,RU,2022,222.0,1,198.0
5306,BE,2022,81.0,1,56.0
5306,FZ,2022,67.0,1,52.0
5306,GI,2022,169.0,1,170.0
5306,JZ,2022,17.0,1,20.0
5306,KZ,2022,21.0,1,25.0
5306,LZ,2022,43.0,1,23.0
5306,MN,2022,114.0,1,89.0
5306,OQ,2022,50.0,1,52.0
5306,RU,2022,82.0,1,69.0
5311,BE,2022,124.0,1,88.0
5311,FZ,2022,71.0,1,74.0
5311,GI,2022,169.0,1,172.0
5311,JZ,2022,34.0,1,31.0
5311,KZ,2022,33.0,1,29.0
5311,LZ,2022,49.0,1,26.0
5311,MN,2022,159.0,1,142.0
5311,OQ,2022,99.0,1,66.0
5311,RU,2022,120.0,1,115.0
5316,BE,2022,190.0,1,161.0
5316,FZ,2022,333.0,1,320.0
5316,GI,2022,587.0,1,690.0
5316,JZ,2022,80.0,1,73.0
5316,KZ,2022,127.0,1,86.0
5316,LZ,2022,170.0,1,104.0
5316,MN,2022,472.0,1,398.0
5316,OQ,2022,202.0,1,202.0
5316,RU,2022,282.0,1,268.0
7502,BE,2022,362.0,1,291.0
7502,FZ,2022,248.0,1,291.0
7502,GI,2022,780.0,1,952.0
7502,JZ,2022,133.0,1,130.0
7502,KZ,2022,124.0,1,120.0
7502,LZ,2022,143.0,1,151.0
7502,MN,2022,632.0,1,538.0
7502,OQ,2022,279.0,1,286.0
7502,RU,2022,454.0,1,403.0
7507,BE,2022,253.0,1,183.0
7507,FZ,2022,157.0,1,183.0
7507,GI,2022,455.0,1,641.0
7507,JZ,2022,51.0,1,58.0
7507,KZ,2022,79.0,1,71.0
7507,LZ,2022,72.0,1,62.0
7507,MN,2022,363.0,1,319.0
7507,OQ,2022,185.0,1,173.0
7507,RU,2022,215.0,1,182.0
7512,BE,2022,367.0,1,310.0
7512,FZ,2022,513.0,1,529.0
7512,GI,2022,1064.0,1,1428.0
7512,JZ,2022,176.0,1,221.0
7512,KZ,2022,184.0,1,183.0
7512,LZ,2022,222.0,1,230.0
7512,MN,2022,1208.0,1,1073.0
7512,OQ,2022,462.0,1,454.0
7512,RU,2022,585.0,1,606.0
7517,BE,2022,414.0,1,397.0
7517,FZ,2022,316.0,1,348.0
7517,GI,2022,1124.0,1,1503.0
7517,JZ,2022,108.0,1,137.0
7517,KZ,2022,139.0,1,136.0
7517,LZ,2022,107.0,1,111.0
7517,MN,2022,784.0,1,720.0
7517,OQ,2022,442.0,1,462.0
7517,RU,2022,453.0,1,450.0
7522,BE,2022,530.0,1,391.0
7522,FZ,2022,399.0,1,403.0
7522,GI,2022,1091.0,1,1386.0
7522,JZ,2022,190.0,1,169.0
7522,KZ,2022,139.0,1,133.0
7522,LZ,2022,259.0,1,248.0
7522,MN,2022,1084.0,1,934.0
7522,OQ,2022,557.0,1,533.0
7522,RU,2022,670.0,1,552.0
7527,BE,2022,258.0,1,210.0
7527,FZ,2022,80.0,1,77.0
7527,GI,2022,273.0,1,261.0
7527,JZ,2022,22.0,1,31.0
7527,KZ,2022,17.0,1,23.0
7527,LZ,2022,31.0,1,31.0
7527,MN,2022,202.0,1,200.0
7527,OQ,2022,80.0,1,95.0
7527,RU,2022,120.0,1,152.0
7532,BE,2022,212.0,1,211.0
7532,FZ,2022,129.0,1,131.0
7532,GI,2022,304.0,1,345.0
7532,JZ,2022,45.0,1,38.0
7532,KZ,2022,32.0,1,36.0
7532,LZ,2022,60.0,1,43.0
7532,MN,2022,270.0,1,230.0
7532,OQ,2022,105.0,1,112.0
7532,RU,2022,176.0,1,126.0
7605,BE,2022,94.0,1,88.0
7605,FZ,2022,98.0,1,118.0
7605,GI,2022,270.0,1,328.0
7605,JZ,2022,43.0,1,34.0
7605,KZ,2022,18.0,1,28.0
7605,LZ,2022,25.0,1,32.0
7605,MN,2022,251.0,1,205.0
7605,OQ,2022,105.0,1,98.0
7605,RU,2022,152.0,1,145.0
7610,BE,2022,305.0,1,246.0
7610,FZ,2022,208.0,1,217.0
7610,GI,2022,533.0,1,671.0
7610,JZ,2022,87.0,1,67.0
7610,KZ,2022,63.0,1,59.0
7610,LZ,2022,92.0,1,76.0
7610,MN,2022,405.0,1,355.0
7610,OQ,2022,256.0,1,233.0
7610,RU,2022,329.0,1,277.0
7615,BE,2022,361.0,1,298.0
7615,FZ,2022,352.0,1,357.0
7615,GI,2022,767.0,1,922.0
7615,JZ,2022,95.0,1,110.0
7615,KZ,2022,100.0,1,82.0
7615,LZ,2022,155.0,1,192.0
7615,MN,2022,565.0,1,523.0
7615,OQ,2022,283.0,1,289.0
7615,RU,2022,375.0,1,317.0
7620,BE,2022,676.0,1,647.0
7620,FZ,2022,963.0,1,984.0
7620,GI,2022,2391.0,1,2830.0
7620,JZ,2022,289.0,1,272.0
7620,KZ,2022,244.0,1,223.0
7620,LZ,2022,631.0,1,598.0
7620,MN,2022,1694.0,1,1592.0
7620,OQ,2022,981.0,1,824.0
7620,RU,2022,1099.0,1,978.0
7625,BE,2022,1302.0,1,1335.0
7625,FZ,2022,2511.0,1,2544.0
7625,GI,2022,5979.0,1,8358.0
7625,JZ,2022,1607.0,1,1465.0
7625,KZ,2022,815.0,1,845.0
7625,LZ,2022,944.0,1,891.0
7625,MN,2022,6700.0,1,6374.0
7625,OQ,2022,3119.0,1,3158.0
7625,RU,2022,3042.0,1,2716.0
8405,BE,2022,329.0,1,321.0
8405,FZ,2022,405.0,1,424.0
8405,GI,2022,864.0,1,1075.0
8405,JZ,2022,160.0,1,120.0
8405,KZ,2022,124.0,1,95.0
8405,LZ,2022,163.0,1,183.0
8405,MN,2022,793.0,1,668.0
8405,OQ,2022,320.0,1,341.0
8405,RU,2022,498.0,1,415.0
8410,BE,2022,177.0,1,166.0
8410,FZ,2022,101.0,1,82.0
8410,GI,2022,232.0,1,281.0
8410,JZ,2022,27.0,1,24.0
8410,KZ,2022,32.0,1,24.0
8410,LZ,2022,68.0,1,60.0
8410,MN,2022,216.0,1,162.0
8410,OQ,2022,104.0,1,102.0
8410,RU,2022,145.0,1,128.0
8415,BE,2022,92.0,1,95.0
8415,FZ,2022,195.0,1,187.0
8415,GI,2022,485.0,1,591.0
8415,JZ,2022,73.0,1,91.0
8415,KZ,2022,56.0,1,41.0
8415,LZ,2022,194.0,1,166.0
8415,MN,2022,468.0,1,379.0
8415,OQ,2022,235.0,1,225.0
8415,RU,2022,359.0,1,306.0
8420,BE,2022,183.0,1,137.0
8420,FZ,2022,121.0,1,108.0
8420,GI,2022,216.0,1,222.0
8420,JZ,2022,29.0,1,24.0
8420,KZ,2022,42.0,1,49.0
8420,LZ,2022,53.0,1,50.0
8420,MN,2022,198.0,1,178.0
8420,OQ,2022,115.0,1,111.0
8420,RU,2022,118.0,1,86.0
8425,BE,2022,71.0,1,53.0
8425,FZ,2022,112.0,1,93.0
8425,GI,2022,229.0,1,230.0
8425,JZ,2022,22.0,1,13.0
8425,KZ,2022,23.0,1,15.0
8425,LZ,2022,28.0,1,29.0
8425,MN,2022,149.0,1,114.0
8425,OQ,2022,68.0,1,44.0
8425,RU,2022,79.0,1,62.0
8430,BE,2022,77.0,1,80.0
8430,FZ,2022,93.0,1,66.0
8430,GI,2022,182.0,1,173.0
8430,JZ,2022,33.0,1,18.0
8430,KZ,2022,35.0,1,13.0
8430,LZ,2022,14.0,1,21.0
8430,MN,2022,139.0,1,138.0
8430,OQ,2022,67.0,1,53.0
8430,RU,2022,77.0,1,83.0
8435,BE,2022,311.0,1,294.0
8435,FZ,2022,381.0,1,347.0
8435,GI,2022,598.0,1,645.0
8435,JZ,2022,119.0,1,107.0
8435,KZ,2022,99.0,1,78.0
8435,LZ,2022,180.0,1,181.0
8435,MN,2022,668.0,1,660.0
8435,OQ,2022,336.0,1,310.0
8435,RU,2022,429.0,1,312.0
9305,BE,2022,139.0,1,123.0
9305,FZ,2022,212.0,1,242.0
9305,GI,2022,467.0,1,546.0
9305,JZ,2022,54.0,1,65.0
9305,KZ,2022,54.0,1,37.0
9305,LZ,2022,63.0,1,91.0
9305,MN,2022,396.0,1,393.0
9305,OQ,2022,160.0,1,153.0
9305,RU,2022,199.0,1,192.0
9310,BE,2022,196.0,1,250.0
9310,FZ,2022,211.0,1,192.0
9310,GI,2022,491.0,1,442.0
9310,JZ,2022,85.0,1,82.0
9310,KZ,2022,50.0,1,78.0
9310,LZ,2022,101.0,1,83.0
9310,MN,2022,427.0,1,327.0
9310,OQ,2022,272.0,1,211.0
9310,RU,2022,262.0,1,214.0
9315,BE,2022,580.0,1,559.0
9315,FZ,2022,2388.0,1,1848.0
9315,GI,2022,4202.0,1,5207.0
9315,JZ,2022,757.0,1,647.0
9315,KZ,2022,455.0,1,447.0
9315,LZ,2022,944.0,1,837.0
9315,MN,2022,4691.0,1,3891.0
9315,OQ,2022,1559.0,1,1528.0
9315,RU,2022,1986.0,1,1623.0
0053,BE,2022,355.0,2,306.0
0053,FZ,2022,662.0,2,672.0
0053,GI,2022,1733.0,2,1996.0
0053,JZ,2022,247.0,2,177.0
0053,KZ,2022,174.0,2,161.0
0053,LZ,2022,194.0,2,204.0
0053,MN,2022,1375.0,2,1207.0
0053,OQ,2022,486.0,2,502.0
0053,RU,2022,719.0,2,593.0
0058,BE,2022,70.0,2,50.0
0058,FZ,2022,53.0,2,71.0
0058,GI,2022,175.0,2,220.0
0058,JZ,2022,17.0,2,9.0
0058,KZ,2022,28.0,2,21.0
0058,LZ,2022,33.0,2,40.0
0058,MN,2022,127.0,2,103.0
0058,OQ,2022,47.0,2,50.0
0058,RU,2022,90.0,2,82.0
0063,BE,2022,286.0,2,187.0
0063,FZ,2022,68.0,2,94.0
0063,GI,2022,197.0,2,251.0
0063,JZ,2022,28.0,2,26.0
0063,KZ,2022,19.0,2,12.0
0063,LZ,2022,44.0,2,33.0
0063,MN,2022,146.0,2,109.0
0063,OQ,2022,75.0,2,100.0
0063,RU,2022,96.0,2,88.0
1104,BE,2022,391.0,2,323.0
1104,FZ,2022,1110.0,2,942.0
1104,GI,2022,3614.0,2,4737.0
1104,JZ,2022,713.0,2,636.0
1104,KZ,2022,244.0,2,219.0
1104,LZ,2022,312.0,2,300.0
1104,MN,2022,2958.0,2,2304.0
1104,OQ,2022,1049.0,2,932.0
1104,RU,2022,1003.0,2,939.0
1109,BE,2022,4441.0,2,3936.0
1109,FZ,2022,11596.0,2,10411.0
1109,GI,2022,49414.0,2,59180.0
1109,JZ,2022,18361.0,2,16538.0
1109,KZ,2022,9288.0,2,8670.0
1109,LZ,2022,6820.0,2,6547.0
1109,MN,2022,67972.0,2,58608.0
1109,OQ,2022,18709.0,2,17251.0
1109,RU,2022,15983.0,2,14395.0
1114,BE,2022,500.0,2,436.0
1114,FZ,2022,1033.0,2,851.0
1114,GI,2022,4206.0,2,5532.0
1114,JZ,2022,1344.0,2,1105.0
1114,KZ,2022,417.0,2,448.0
1114,LZ,2022,567.0,2,607.0
1114,MN,2022,4425.0,2,3680.0
1114,OQ,2022,1567.0,2,1422.0
1114,RU,2022,1423.0,2,1237.0
2404,BE,2022,93.0,2,67.0
2404,FZ,2022,51.0,2,67.0
2404,GI,2022,157.0,2,181.0
2404,JZ,2022,16.0,2,23.0
2404,KZ,2022,24.0,2,22.0
2404,LZ,2022,18.0,2,37.0
2404,MN,2022,95.0,2,72.0
2404,OQ,2022,38.0,2,51.0
2404,RU,2022,71.0,2,63.0
2409,BE,2022,191.0,2,110.0
2409,FZ,2022,183.0,2,164.0
2409,GI,2022,537.0,2,597.0
2409,JZ,2022,42.0,2,52.0
2409,KZ,2022,33.0,2,44.0
2409,LZ,2022,32.0,2,28.0
2409,MN,2022,389.0,2,296.0
2409,OQ,2022,112.0,2,116.0
2409,RU,2022,217.0,2,146.0
2414,BE,2022,88.0,2,98.0
2414,FZ,2022,65.0,2,56.0
2414,GI,2022,185.0,2,198.0
2414,JZ,2022,27.0,2,23.0
2414,KZ,2022,35.0,2,25.0
2414,LZ,2022,44.0,2,46.0
2414,MN,2022,130.0,2,123.0
2414,OQ,2022,64.0,2,54.0
2414,RU,2022,70.0,2,71.0
2704,BE,2022,131.0,2,103.0
2704,FZ,2022,69.0,2,111.0
2704,GI,2022,315.0,2,360.0
2704,JZ,2022,16.0,2,23.0
2704,KZ,2022,84.0,2,61.0
2704,LZ,2022,79.0,2,71.0
2704,MN,2022,223.0,2,254.0
2704,OQ,2022,68.0,2,101.0
2704,RU,2022,121.0,2,113.0
2709,BE,2022,121.0,2,102.0
2709,FZ,2022,76.0,2,65.0
2709,GI,2022,170.0,2,203.0
2709,JZ,2022,37.0,2,24.0
2709,KZ,2022,15.0,2,11.0
2709,LZ,2022,27.0,2,18.0
2709,MN,2022,129.0,2,113.0
2709,OQ,2022,46.0,2,58.0
2709,RU,2022,79.0,2,73.0
2714,BE,2022,173.0,2,135.0
2714,FZ,2022,175.0,2,171.0
2714,GI,2022,665.0,2,827.0
2714,JZ,2022,60.0,2,55.0
2714,KZ,2022,52.0,2,33.0
2714,LZ,2022,58.0,2,66.0
2714,MN,2022,310.0,2,254.0
2714,OQ,2022,134.0,2,134.0
2714,RU,2022,216.0,2,207.0
2801,BE,2022,48.0,2,26.0
2801,FZ,2022,38.0,2,53.0
2801,GI,2022,101.0,2,126.0
2801,JZ,2022,13.0,2,10.0
2801,KZ,2022,12.0,2,8.0
2801,LZ,2022,11.0,2,12.0
2801,MN,2022,70.0,2,81.0
2801,OQ,2022,39.0,2,41.0
2801,RU,2022,52.0,2,58.0
2806,BE,2022,83.0,2,66.0
2806,FZ,2022,56.0,2,53.0
2806,GI,2022,177.0,2,214.0
2806,JZ,2022,10.0,2,13.0
2806,KZ,2022,29.0,2,36.0
2806,LZ,2022,30.0,2,31.0
2806,MN,2022,141.0,2,127.0
2806,OQ,2022,61.0,2,69.0
2806,RU,2022,79.0,2,68.0
2811,BE,2022,116.0,2,101.0
2811,FZ,2022,133.0,2,153.0
2811,GI,2022,419.0,2,494.0
2811,JZ,2022,59.0,2,45.0
2811,KZ,2022,67.0,2,61.0
2811,LZ,2022,84.0,2,96.0
2811,MN,2022,362.0,2,345.0
2811,OQ,2022,106.0,2,116.0
2811,RU,2022,231.0,2,204.0
2816,BE,2022,95.0,2,89.0
2816,FZ,2022,92.0,2,92.0
2816,GI,2022,292.0,2,368.0
2816,JZ,2022,37.0,2,47.0
2816,KZ,2022,43.0,2,38.0
2816,LZ,2022,44.0,2,36.0
2816,MN,2022,186.0,2,181.0
2816,OQ,2022,102.0,2,92.0
2816,RU,2022,124.0,2,110.0
3202,BE,2022,335.0,2,266.0
3202,FZ,2022,403.0,2,374.0
3202,GI,2022,1285.0,2,1658.0
3202,JZ,2022,198.0,2,175.0
3202,KZ,2022,223.0,2,170.0
3202,LZ,2022,207.0,2,229.0
3202,MN,2022,1014.0,2,774.0
3202,OQ,2022,544.0,2,510.0
3202,RU,2022,507.0,2,438.0
3207,BE,2022,112.0,2,94.0
3207,FZ,2022,123.0,2,121.0
3207,GI,2022,471.0,2,694.0
3207,JZ,2022,34.0,2,52.0
3207,KZ,2022,47.0,2,30.0
3207,LZ,2022,52.0,2,39.0
3207,MN,2022,244.0,2,226.0
3207,OQ,2022,130.0,2,120.0
3207,RU,2022,192.0,2,160.0
3212,BE,2022,153.0,2,128.0
3212,FZ,2022,213.0,2,211.0
3212,GI,2022,791.0,2,974.0
3212,JZ,2022,77.0,2,82.0
3212,KZ,2022,74.0,2,64.0
3212,LZ,2022,101.0,2,75.0
3212,MN,2022,408.0,2,369.0
3212,OQ,2022,207.0,2,199.0
3212,RU,2022,268.0,2,225.0
3217,BE,2022,199.0,2,145.0
3217,FZ,2022,198.0,2,180.0
3217,GI,2022,696.0,2,824.0
3217,JZ,2022,54.0,2,41.0
3217,KZ,2022,45.0,2,45.0
3217,LZ,2022,88.0,2,95.0
3217,MN,2022,350.0,2,254.0
3217,OQ,2022,190.0,2,150.0
3217,RU,2022,251.0,2,219.0
3222,BE,2022,331.0,2,237.0
3222,FZ,2022,408.0,2,388.0
3222,GI,2022,1193.0,2,1629.0
3222,JZ,2022,178.0,2,121.0
3222,KZ,2022,120.0,2,121.0
3222,LZ,2022,197.0,2,239.0
3222,MN,2022,771.0,2,656.0
3222,OQ,2022,369.0,2,359.0
3222,RU,2022,520.0,2,381.0
4405,BE,2022,210.0,2,159.0
4405,FZ,2022,230.0,2,239.0
4405,GI,2022,698.0,2,905.0
4405,JZ,2022,106.0,2,102.0
4405,KZ,2022,97.0,2,87.0
4405,LZ,2022,77.0,2,93.0
4405,MN,2022,539.0,2,452.0
4405,OQ,2022,298.0,2,267.0
4405,RU,2022,334.0,2,296.0
4410,BE,2022,379.0,2,293.0
4410,FZ,2022,674.0,2,660.0
4410,GI,2022,1688.0,2,2131.0
4410,JZ,2022,286.0,2,226.0
4410,KZ,2022,227.0,2,188.0
4410,LZ,2022,289.0,2,252.0
4410,MN,2022,1163.0,2,1082.0
4410,OQ,2022,659.0,2,687.0
4410,RU,2022,746.0,2,676.0
4415,BE,2022,130.0,2,107.0
4415,FZ,2022,91.0,2,80.0
4415,GI,2022,339.0,2,335.0
4415,JZ,2022,31.0,2,29.0
4415,KZ,2022,20.0,2,30.0
4415,LZ,2022,47.0,2,38.0
4415,MN,2022,654.0,2,156.0
4415,OQ,2022,53.0,2,69.0
4415,RU,2022,119.0,2,82.0
4420,BE,2022,127.0,2,121.0
4420,FZ,2022,126.0,2,123.0
4420,GI,2022,330.0,2,354.0
4420,JZ,2022,43.0,2,44.0
4420,KZ,2022,33.0,2,34.0
4420,LZ,2022,46.0,2,51.0
4420,MN,2022,224.0,2,217.0
4420,OQ,2022,134.0,2,121.0
4420,RU,2022,164.0,2,115.0
4425,BE,2022,315.0,2,250.0
4425,FZ,2022,243.0,2,271.0
4425,GI,2022,1019.0,2,1431.0
4425,JZ,2022,163.0,2,163.0
4425,KZ,2022,123.0,2,95.0
4425,LZ,2022,126.0,2,142.0
4425,MN,2022,751.0,2,540.0
4425,OQ,2022,251.0,2,277.0
4425,RU,2022,368.0,2,317.0
5203,BE,2022,285.0,2,226.0
5203,FZ,2022,193.0,2,206.0
5203,GI,2022,512.0,2,604.0
5203,JZ,2022,51.0,2,68.0
5203,KZ,2022,90.0,2,69.0
5203,LZ,2022,160.0,2,152.0
5203,MN,2022,449.0,2,406.0
5203,OQ,2022,174.0,2,191.0
5203,RU,2022,301.0,2,266.0
5208,BE,2022,103.0,2,74.0
5208,FZ,2022,48.0,2,51.0
5208,GI,2022,169.0,2,159.0
5208,JZ,2022,15.0,2,9.0
5208,KZ,2022,17.0,2,23.0
5208,LZ,2022,28.0,2,40.0
5208,MN,2022,114.0,2,79.0
5208,OQ,2022,55.0,2,43.0
5208,RU,2022,80.0,2,63.0
5213,BE,2022,250.0,2,182.0
5213,FZ,2022,105.0,2,126.0
5213,GI,2022,320.0,2,398.0
5213,JZ,2022,76.0,2,64.0
5213,KZ,2022,78.0,2,65.0
5213,LZ,2022,105.0,2,107.0
5213,MN,2022,341.0,2,284.0
5213,OQ,2022,143.0,2,115.0
5213,RU,2022,192.0,2,181.0
5218,BE,2022,69.0,2,53.0
5218,FZ,2022,42.0,2,42.0
5218,GI,2022,136.0,2,143.0
5218,JZ,2022,13.0,2,12.0
5218,KZ,2022,9.0,2,27.0
5218,LZ,2022,28.0,2,25.0
5218,MN,2022,90.0,2,60.0
5218,OQ,2022,38.0,2,35.0
5218,RU,2022,77.0,2,44.0
5302,BE,2022,290.0,2,306.0
5302,FZ,2022,379.0,2,385.0
5302,GI,2022,1009.0,2,1413.0
5302,JZ,2022,225.0,2,199.0
5302,KZ,2022,161.0,2,148.0
5302,LZ,2022,254.0,2,248.0
5302,MN,2022,1010.0,2,887.0
5302,OQ,2022,623.0,2,573.0
5302,RU,2022,597.0,2,493.0
5307,BE,2022,95.0,2,70.0
5307,FZ,2022,65.0,2,67.0
5307,GI,2022,171.0,2,236.0
5307,JZ,2022,16.0,2,20.0
5307,KZ,2022,35.0,2,51.0
5307,LZ,2022,45.0,2,36.0
5307,MN,2022,160.0,2,179.0
5307,OQ,2022,66.0,2,65.0
5307,RU,2022,102.0,2,100.0
5312,BE,2022,160.0,2,110.0
5312,FZ,2022,88.0,2,58.0
5312,GI,2022,265.0,2,333.0
5312,JZ,2022,33.0,2,31.0
5312,KZ,2022,40.0,2,57.0
5312,LZ,2022,83.0,2,56.0
5312,MN,2022,184.0,2,177.0
5312,OQ,2022,101.0,2,108.0
5312,RU,2022,160.0,2,131.0
5317,BE,2022,172.0,2,129.0
5317,FZ,2022,168.0,2,181.0
5317,GI,2022,581.0,2,574.0
5317,JZ,2022,91.0,2,74.0
5317,KZ,2022,143.0,2,150.0
5317,LZ,2022,124.0,2,97.0
5317,MN,2022,542.0,2,520.0
5317,OQ,2022,225.0,2,202.0
5317,RU,2022,287.0,2,296.0
7503,BE,2022,491.0,2,441.0
7503,FZ,2022,655.0,2,659.0
7503,GI,2022,1464.0,2,1972.0
7503,JZ,2022,320.0,2,287.0
7503,KZ,2022,378.0,2,315.0
7503,LZ,2022,498.0,2,560.0
7503,MN,2022,1955.0,2,1781.0
7503,OQ,2022,973.0,2,992.0
7503,RU,2022,1103.0,2,969.0
7508,BE,2022,125.0,2,91.0
7508,FZ,2022,78.0,2,89.0
7508,GI,2022,302.0,2,366.0
7508,JZ,2022,33.0,2,30.0
7508,KZ,2022,27.0,2,24.0
7508,LZ,2022,53.0,2,36.0
7508,MN,2022,209.0,2,145.0
7508,OQ,2022,90.0,2,57.0
7508,RU,2022,144.0,2,99.0
7513,BE,2022,238.0,2,234.0
7513,FZ,2022,323.0,2,327.0
7513,GI,2022,761.0,2,961.0
7513,JZ,2022,99.0,2,104.0
7513,KZ,2022,130.0,2,104.0
7513,LZ,2022,196.0,2,201.0
7513,MN,2022,834.0,2,723.0
7513,OQ,2022,310.0,2,317.0
7513,RU,2022,540.0,2,476.0
7518,BE,2022,212.0,2,188.0
7518,FZ,2022,170.0,2,143.0
7518,GI,2022,300.0,2,407.0
7518,JZ,2022,44.0,2,35.0
7518,KZ,2022,40.0,2,49.0
7518,LZ,2022,63.0,2,47.0
7518,MN,2022,267.0,2,274.0
7518,OQ,2022,117.0,2,116.0
7518,RU,2022,190.0,2,131.0
7523,BE,2022,393.0,2,353.0
7523,FZ,2022,284.0,2,298.0
7523,GI,2022,701.0,2,978.0
7523,JZ,2022,105.0,2,105.0
7523,KZ,2022,106.0,2,103.0
7523,LZ,2022,159.0,2,105.0
7523,MN,2022,636.0,2,575.0
7523,OQ,2022,287.0,2,276.0
7523,RU,2022,387.0,2,343.0
7528,BE,2022,204.0,2,174.0
7528,FZ,2022,172.0,2,183.0
7528,GI,2022,429.0,2,435.0
7528,JZ,2022,50.0,2,41.0
7528,KZ,2022,70.0,2,65.0
7528,LZ,2022,91.0,2,90.0
7528,MN,2022,369.0,2,310.0
7528,OQ,2022,166.0,2,191.0
7528,RU,2022,284.0,2,239.0
7601,BE,2022,117.0,2,72.0
7601,FZ,2022,161.0,2,177.0
7601,GI,2022,549.0,2,633.0
7601,JZ,2022,39.0,2,35.0
7601,KZ,2022,49.0,2,46.0
7601,LZ,2022,139.0,2,153.0
7601,MN,2022,341.0,2,288.0
7601,OQ,2022,133.0,2,141.0
7601,RU,2022,264.0,2,210.0
7606,BE,2022,274.0,2,314.0
7606,FZ,2022,597.0,2,587.0
7606,GI,2022,1099.0,2,1296.0
7606,JZ,2022,127.0,2,119.0
7606,KZ,2022,124.0,2,101.0
7606,LZ,2022,281.0,2,252.0
7606,MN,2022,833.0,2,745.0
7606,OQ,2022,393.0,2,401.0
7606,RU,2022,541.0,2,430.0
7611,BE,2022,313.0,2,264.0
7611,FZ,2022,119.0,2,118.0
7611,GI,2022,331.0,2,301.0
7611,JZ,2022,27.0,2,29.0
7611,KZ,2022,21.0,2,23.0
7611,LZ,2022,45.0,2,42.0
7611,MN,2022,221.0,2,200.0
7611,OQ,2022,122.0,2,133.0
7611,RU,2022,169.0,2,141.0
7616,BE,2022,1016.0,2,904.0
7616,FZ,2022,1796.0,2,1852.0
7616,GI,2022,4118.0,2,5459.0
7616,JZ,2022,1018.0,2,956.0
7616,KZ,2022,641.0,2,602.0
7616,LZ,2022,960.0,2,1046.0
7616,MN,2022,4325.0,2,4047.0
7616,OQ,2022,2110.0,2,1949.0
7616,RU,2022,2082.0,2,1790.0
7621,BE,2022,393.0,2,319.0
7621,FZ,2022,215.0,2,218.0
7621,GI,2022,451.0,2,514.0
7621,JZ,2022,53.0,2,57.0
7621,KZ,2022,56.0,2,41.0
7621,LZ,2022,86.0,2,91.0
7621,MN,2022,374.0,2,322.0
7621,OQ,2022,245.0,2,248.0
7621,RU,2022,205.0,2,189.0
8401,BE,2022,333.0,2,291.0
8401,FZ,2022,601.0,2,605.0
8401,GI,2022,1229.0,2,1447.0
8401,JZ,2022,281.0,2,265.0
8401,KZ,2022,242.0,2,228.0
8401,LZ,2022,487.0,2,499.0
8401,MN,2022,1577.0,2,1422.0
8401,OQ,2022,681.0,2,653.0
8401,RU,2022,896.0,2,794.0
8406,BE,2022,341.0,2,314.0
8406,FZ,2022,502.0,2,476.0
8406,GI,2022,1026.0,2,1214.0
8406,JZ,2022,130.0,2,132.0
8406,KZ,2022,103.0,2,98.0
8406,LZ,2022,174.0,2,211.0
8406,MN,2022,882.0,2,768.0
8406,OQ,2022,359.0,2,367.0
8406,RU,2022,465.0,2,471.0
8411,BE,2022,50.0,2,46.0
8411,FZ,2022,72.0,2,69.0
8411,GI,2022,152.0,2,156.0
8411,JZ,2022,8.0,2,14.0
8411,KZ,2022,15.0,2,10.0
8411,LZ,2022,54.0,2,41.0
8411,MN,2022,89.0,2,74.0
8411,OQ,2022,92.0,2,90.0
8411,RU,2022,72.0,2,76.0
8416,BE,2022,342.0,2,293.0
8416,FZ,2022,488.0,2,452.0
8416,GI,2022,1308.0,2,1724.0
8416,JZ,2022,231.0,2,202.0
8416,KZ,2022,158.0,2,131.0
8416,LZ,2022,364.0,2,368.0
8416,MN,2022,1106.0,2,1035.0
8416,OQ,2022,517.0,2,485.0
8416,RU,2022,852.0,2,737.0
8421,BE,2022,1717.0,2,1515.0
8421,FZ,2022,3432.0,2,3537.0
8421,GI,2022,9746.0,2,12601.0
8421,JZ,2022,2786.0,2,2710.0
8421,KZ,2022,1583.0,2,1354.0
8421,LZ,2022,1772.0,2,1949.0
8421,MN,2022,12287.0,2,10991.0
8421,OQ,2022,4845.0,2,4349.0
8421,RU,2022,4135.0,2,3485.0
8426,BE,2022,209.0,2,149.0
8426,FZ,2022,155.0,2,149.0
8426,GI,2022,427.0,2,534.0
8426,JZ,2022,57.0,2,61.0
8426,KZ,2022,72.0,2,74.0
8426,LZ,2022,139.0,2,117.0
8426,MN,2022,326.0,2,275.0
8426,OQ,2022,189.0,2,146.0
8426,RU,2022,229.0,2,182.0
8431,BE,2022,495.0,2,424.0
8431,FZ,2022,500.0,2,523.0
8431,GI,2022,997.0,2,1314.0
8431,JZ,2022,195.0,2,180.0
8431,KZ,2022,156.0,2,124.0
8431,LZ,2022,199.0,2,207.0
8431,MN,2022,1018.0,2,968.0
8431,OQ,2022,527.0,2,511.0
8431,RU,2022,626.0,2,558.0
9301,BE,2022,547.0,2,517.0
9301,FZ,2022,801.0,2,784.0
9301,GI,2022,2023.0,2,2540.0
9301,JZ,2022,572.0,2,517.0
9301,KZ,2022,437.0,2,375.0
9301,LZ,2022,507.0,2,522.0
9301,MN,2022,2779.0,2,2532.0
9301,OQ,2022,1128.0,2,1050.0
9301,RU,2022,1163.0,2,964.0
9306,BE,2022,210.0,2,217.0
9306,FZ,2022,216.0,2,265.0
9306,GI,2022,665.0,2,679.0
9306,JZ,2022,60.0,2,79.0
9306,KZ,2022,73.0,2,83.0
9306,LZ,2022,122.0,2,120.0
9306,MN,2022,562.0,2,542.0
9306,OQ,2022,188.0,2,203.0
9306,RU,2022,310.0,2,297.0
9311,BE,2022,171.0,2,181.0
9311,FZ,2022,183.0,2,190.0
9311,GI,2022,466.0,2,481.0
9311,JZ,2022,47.0,2,36.0
9311,KZ,2022,46.0,2,39.0
9311,LZ,2022,64.0,2,71.0
9311,MN,2022,361.0,2,304.0
9311,OQ,2022,150.0,2,135.0
9311,RU,2022,209.0,2,210.0
9316,BE,2022,91.0,2,91.0
9316,FZ,2022,124.0,2,151.0
9316,GI,2022,333.0,2,341.0
9316,JZ,2022,35.0,2,29.0
9316,KZ,2022,31.0,2,29.0
9316,LZ,2022,44.0,2,58.0
9316,MN,2022,256.0,2,275.0
9316,OQ,2022,119.0,2,85.0
9316,RU,2022,148.0,2,147.0
0054,BE,2022,296.0,3,259.0
0054,FZ,2022,376.0,3,372.0
0054,GI,2022,901.0,3,1108.0
0054,JZ,2022,128.0,3,107.0
0054,KZ,2022,116.0,3,76.0
0054,LZ,2022,184.0,3,182.0
0054,MN,2022,697.0,3,570.0
0054,OQ,2022,316.0,3,294.0
0054,RU,2022,415.0,3,352.0
0059,BE,2022,238.0,3,192.0
0059,FZ,2022,257.0,3,246.0
0059,GI,2022,631.0,3,799.0
0059,JZ,2022,75.0,3,76.0
0059,KZ,2022,77.0,3,56.0
0059,LZ,2022,113.0,3,97.0
0059,MN,2022,490.0,3,473.0
0059,OQ,2022,217.0,3,204.0
0059,RU,2022,298.0,3,254.0
0064,BE,2022,118.0,3,116.0
0064,FZ,2022,107.0,3,95.0
0064,GI,2022,254.0,3,271.0
0064,JZ,2022,23.0,3,31.0
0064,KZ,2022,15.0,3,17.0
0064,LZ,2022,43.0,3,46.0
0064,MN,2022,230.0,3,203.0
0064,OQ,2022,88.0,3,99.0
0064,RU,2022,118.0,3,131.0
1105,BE,2022,181.0,3,159.0
1105,FZ,2022,269.0,3,265.0
1105,GI,2022,729.0,3,866.0
1105,JZ,2022,192.0,3,170.0
1105,KZ,2022,90.0,3,74.0
1105,LZ,2022,131.0,3,134.0
1105,MN,2022,912.0,3,697.0
1105,OQ,2022,308.0,3,300.0
1105,RU,2022,392.0,3,378.0
1110,BE,2022,74.0,3,58.0
1110,FZ,2022,106.0,3,94.0
1110,GI,2022,176.0,3,226.0
1110,JZ,2022,38.0,3,24.0
1110,KZ,2022,24.0,3,25.0
1110,LZ,2022,42.0,3,28.0
1110,MN,2022,188.0,3,121.0
1110,OQ,2022,57.0,3,58.0
1110,RU,2022,97.0,3,86.0
1115,BE,2022,340.0,3,312.0
1115,FZ,2022,553.0,3,515.0
1115,GI,2022,2705.0,3,3863.0
1115,JZ,2022,920.0,3,770.0
1115,KZ,2022,334.0,3,346.0
1115,LZ,2022,427.0,3,463.0
1115,MN,2022,3390.0,3,2951.0
1115,OQ,2022,1338.0,3,1203.0
1115,RU,2022,1150.0,3,953.0
2405,BE,2022,393.0,3,257.0
2405,FZ,2022,174.0,3,171.0
2405,GI,2022,552.0,3,722.0
2405,JZ,2022,66.0,3,61.0
2405,KZ,2022,68.0,3,47.0
2405,LZ,2022,93.0,3,84.0
2405,MN,2022,428.0,3,366.0
2405,OQ,2022,215.0,3,182.0
2405,RU,2022,246.0,3,210.0
2410,BE,2022,340.0,3,257.0
2410,FZ,2022,560.0,3,526.0
2410,GI,2022,1821.0,3,2376.0
2410,JZ,2022,315.0,3,295.0
2410,KZ,2022,222.0,3,189.0
2410,LZ,2022,185.0,3,186.0
2410,MN,2022,1426.0,3,1144.0
2410,OQ,2022,614.0,3,557.0
2410,RU,2022,668.0,3,640.0
2415,BE,2022,56.0,3,56.0
2415,FZ,2022,61.0,3,58.0
2415,GI,2022,168.0,3,207.0
2415,JZ,2022,16.0,3,13.0
2415,KZ,2022,11.0,3,11.0
2415,LZ,2022,15.0,3,26.0
2415,MN,2022,89.0,3,107.0
2415,OQ,2022,41.0,3,36.0
2415,RU,2022,62.0,3,44.0
2705,BE,2022,200.0,3,152.0
2705,FZ,2022,221.0,3,221.0
2705,GI,2022,608.0,3,891.0
2705,JZ,2022,85.0,3,75.0
2705,KZ,2022,44.0,3,59.0
2705,LZ,2022,95.0,3,90.0
2705,MN,2022,403.0,3,344.0
2705,OQ,2022,203.0,3,193.0
2705,RU,2022,265.0,3,242.0
2710,BE,2022,117.0,3,118.0
2710,FZ,2022,87.0,3,85.0
2710,GI,2022,281.0,3,351.0
2710,JZ,2022,26.0,3,37.0
2710,KZ,2022,24.0,3,15.0
2710,LZ,2022,29.0,3,31.0
2710,MN,2022,178.0,3,164.0
2710,OQ,2022,94.0,3,84.0
2710,RU,2022,117.0,3,100.0
2715,BE,2022,168.0,3,153.0
2715,FZ,2022,139.0,3,154.0
2715,GI,2022,373.0,3,498.0
2715,JZ,2022,44.0,3,35.0
2715,KZ,2022,58.0,3,53.0
2715,LZ,2022,114.0,3,108.0
2715,MN,2022,260.0,3,185.0
2715,OQ,2022,133.0,3,129.0
2715,RU,2022,195.0,3,195.0
2802,BE,2022,104.0,3,87.0
2802,FZ,2022,62.0,3,79.0
2802,GI,2022,245.0,3,285.0
2802,JZ,2022,17.0,3,26.0
2802,KZ,2022,45.0,3,36.0
2802,LZ,2022,41.0,3,39.0
2802,MN,2022,168.0,3,128.0
2802,OQ,2022,71.0,3,69.0
2802,RU,2022,104.0,3,96.0
2807,BE,2022,140.0,3,122.0
2807,FZ,2022,145.0,3,132.0
2807,GI,2022,372.0,3,455.0
2807,JZ,2022,29.0,3,35.0
2807,KZ,2022,57.0,3,55.0
2807,LZ,2022,68.0,3,82.0
2807,MN,2022,276.0,3,269.0
2807,OQ,2022,111.0,3,107.0
2807,RU,2022,184.0,3,149.0
2812,BE,2022,67.0,3,58.0
2812,FZ,2022,43.0,3,51.0
2812,GI,2022,153.0,3,124.0
2812,JZ,2022,28.0,3,25.0
2812,KZ,2022,16.0,3,13.0
2812,LZ,2022,15.0,3,15.0
2812,MN,2022,190.0,3,78.0
2812,OQ,2022,29.0,3,34.0
2812,RU,2022,68.0,3,41.0
2817,BE,2022,158.0,3,112.0
2817,FZ,2022,172.0,3,155.0
2817,GI,2022,492.0,3,512.0
2817,JZ,2022,87.0,3,52.0
2817,KZ,2022,52.0,3,45.0
2817,LZ,2022,53.0,3,73.0
2817,MN,2022,380.0,3,301.0
2817,OQ,2022,127.0,3,123.0
2817,RU,2022,236.0,3,216.0
3203,BE,2022,152.0,3,109.0
3203,FZ,2022,159.0,3,135.0
3203,GI,2022,626.0,3,787.0
3203,JZ,2022,77.0,3,84.0
3203,KZ,2022,105.0,3,69.0
3203,LZ,2022,89.0,3,83.0
3203,MN,2022,413.0,3,378.0
3203,OQ,2022,230.0,3,211.0
3203,RU,2022,261.0,3,207.0
3208,BE,2022,127.0,3,73.0
3208,FZ,2022,139.0,3,127.0
3208,GI,2022,479.0,3,594.0
3208,JZ,2022,50.0,3,39.0
3208,KZ,2022,60.0,3,54.0
3208,LZ,2022,71.0,3,59.0
3208,MN,2022,242.0,3,224.0
3208,OQ,2022,133.0,3,149.0
3208,RU,2022,206.0,3,157.0
3213,BE,2022,211.0,3,160.0
3213,FZ,2022,166.0,3,164.0
3213,GI,2022,901.0,3,1303.0
3213,JZ,2022,84.0,3,83.0
3213,KZ,2022,74.0,3,70.0
3213,LZ,2022,71.0,3,97.0
3213,MN,2022,488.0,3,425.0
3213,OQ,2022,259.0,3,256.0
3213,RU,2022,451.0,3,336.0
3218,BE,2022,250.0,3,238.0
3218,FZ,2022,481.0,3,517.0
3218,GI,2022,1994.0,3,2968.0
3218,JZ,2022,353.0,3,297.0
3218,KZ,2022,218.0,3,173.0
3218,LZ,2022,148.0,3,150.0
3218,MN,2022,1437.0,3,1262.0
3218,OQ,2022,635.0,3,574.0
3218,RU,2022,659.0,3,555.0
4401,BE,2022,79.0,3,68.0
4401,FZ,2022,49.0,3,50.0
4401,GI,2022,159.0,3,207.0
4401,JZ,2022,21.0,3,20.0
4401,KZ,2022,25.0,3,16.0
4401,LZ,2022,14.0,3,21.0
4401,MN,2022,123.0,3,81.0
4401,OQ,2022,60.0,3,59.0
4401,RU,2022,56.0,3,68.0
4406,BE,2022,108.0,3,89.0
4406,FZ,2022,62.0,3,61.0
4406,GI,2022,286.0,3,336.0
4406,JZ,2022,28.0,3,25.0
4406,KZ,2022,40.0,3,47.0
4406,LZ,2022,69.0,3,71.0
4406,MN,2022,185.0,3,172.0
4406,OQ,2022,61.0,3,62.0
4406,RU,2022,113.0,3,106.0
4411,BE,2022,372.0,3,330.0
4411,FZ,2022,648.0,3,608.0
4411,GI,2022,1582.0,3,2124.0
4411,JZ,2022,207.0,3,205.0
4411,KZ,2022,148.0,3,165.0
4411,LZ,2022,200.0,3,264.0
4411,MN,2022,1189.0,3,991.0
4411,OQ,2022,602.0,3,536.0
4411,RU,2022,700.0,3,654.0
4416,BE,2022,143.0,3,102.0
4416,FZ,2022,169.0,3,164.0
4416,GI,2022,370.0,3,416.0
4416,JZ,2022,37.0,3,28.0
4416,KZ,2022,48.0,3,35.0
4416,LZ,2022,55.0,3,43.0
4416,MN,2022,251.0,3,218.0
4416,OQ,2022,117.0,3,126.0
4416,RU,2022,171.0,3,122.0
4421,BE,2022,139.0,3,99.0
4421,FZ,2022,94.0,3,106.0
4421,GI,2022,261.0,3,297.0
4421,JZ,2022,29.0,3,18.0
4421,KZ,2022,33.0,3,20.0
4421,LZ,2022,28.0,3,31.0
4421,MN,2022,135.0,3,115.0
4421,OQ,2022,68.0,3,59.0
4421,RU,2022,117.0,3,111.0
4426,BE,2022,114.0,3,59.0
4426,FZ,2022,79.0,3,66.0
4426,GI,2022,217.0,3,275.0
4426,JZ,2022,26.0,3,11.0
4426,KZ,2022,17.0,3,19.0
4426,LZ,2022,38.0,3,21.0
4426,MN,2022,113.0,3,97.0
4426,OQ,2022,44.0,3,66.0
4426,RU,2022,94.0,3,83.0
5204,BE,2022,47.0,3,38.0
5204,FZ,2022,38.0,3,27.0
5204,GI,2022,102.0,3,144.0
5204,JZ,2022,17.0,3,15.0
5204,KZ,2022,23.0,3,34.0
5204,LZ,2022,24.0,3,22.0
5204,MN,2022,73.0,3,62.0
5204,OQ,2022,35.0,3,37.0
5204,RU,2022,52.0,3,52.0
5209,BE,2022,94.0,3,81.0
5209,FZ,2022,51.0,3,43.0
5209,GI,2022,137.0,3,159.0
5209,JZ,2022,19.0,3,14.0
5209,KZ,2022,22.0,3,25.0
5209,LZ,2022,29.0,3,38.0
5209,MN,2022,123.0,3,90.0
5209,OQ,2022,46.0,3,37.0
5209,RU,2022,88.0,3,70.0
5214,BE,2022,123.0,3,120.0
5214,FZ,2022,108.0,3,116.0
5214,GI,2022,284.0,3,326.0
5214,JZ,2022,48.0,3,48.0
5214,KZ,2022,67.0,3,55.0
5214,LZ,2022,162.0,3,119.0
5214,MN,2022,340.0,3,303.0
5214,OQ,2022,126.0,3,120.0
5214,RU,2022,200.0,3,161.0
5219,BE,2022,298.0,3,303.0
5219,FZ,2022,321.0,3,337.0
5219,GI,2022,753.0,3,1026.0
5219,JZ,2022,144.0,3,117.0
5219,KZ,2022,130.0,3,132.0
5219,LZ,2022,284.0,3,237.0
5219,MN,2022,788.0,3,736.0
5219,OQ,2022,350.0,3,301.0
5219,RU,2022,482.0,3,411.0
5303,BE,2022,154.0,3,101.0
5303,FZ,2022,57.0,3,82.0
5303,GI,2022,209.0,3,249.0
5303,JZ,2022,32.0,3,21.0
5303,KZ,2022,17.0,3,13.0
5303,LZ,2022,34.0,3,31.0
5303,MN,2022,147.0,3,120.0
5303,OQ,2022,71.0,3,59.0
5303,RU,2022,124.0,3,113.0
5308,BE,2022,134.0,3,88.0
5308,FZ,2022,105.0,3,117.0
5308,GI,2022,311.0,3,334.0
5308,JZ,2022,55.0,3,61.0
5308,KZ,2022,41.0,3,44.0
5308,LZ,2022,102.0,3,80.0
5308,MN,2022,303.0,3,238.0
5308,OQ,2022,143.0,3,114.0
5308,RU,2022,177.0,3,137.0
5313,BE,2022,347.0,3,282.0
5313,FZ,2022,297.0,3,310.0
5313,GI,2022,794.0,3,934.0
5313,JZ,2022,147.0,3,108.0
5313,KZ,2022,115.0,3,161.0
5313,LZ,2022,183.0,3,222.0
5313,MN,2022,714.0,3,659.0
5313,OQ,2022,423.0,3,427.0
5313,RU,2022,499.0,3,417.0
5318,BE,2022,281.0,3,201.0
5318,FZ,2022,354.0,3,294.0
5318,GI,2022,609.0,3,726.0
5318,JZ,2022,152.0,3,132.0
5318,KZ,2022,162.0,3,159.0
5318,LZ,2022,218.0,3,190.0
5318,MN,2022,807.0,3,748.0
5318,OQ,2022,362.0,3,363.0
5318,RU,2022,432.0,3,413.0
7504,BE,2022,211.0,3,192.0
7504,FZ,2022,180.0,3,163.0
7504,GI,2022,420.0,3,441.0
7504,JZ,2022,42.0,3,53.0
7504,KZ,2022,45.0,3,42.0
7504,LZ,2022,97.0,3,97.0
7504,MN,2022,369.0,3,359.0
7504,OQ,2022,121.0,3,175.0
7504,RU,2022,241.0,3,204.0
7509,BE,2022,207.0,3,204.0
7509,FZ,2022,132.0,3,136.0
7509,GI,2022,443.0,3,515.0
7509,JZ,2022,36.0,3,45.0
7509,KZ,2022,80.0,3,90.0
7509,LZ,2022,106.0,3,80.0
7509,MN,2022,344.0,3,272.0
7509,OQ,2022,119.0,3,147.0
7509,RU,2022,214.0,3,177.0
7514,BE,2022,251.0,3,182.0
7514,FZ,2022,288.0,3,240.0
7514,GI,2022,443.0,3,546.0
7514,JZ,2022,64.0,3,54.0
7514,KZ,2022,67.0,3,60.0
7514,LZ,2022,66.0,3,48.0
7514,MN,2022,414.0,3,329.0
7514,OQ,2022,196.0,3,172.0
7514,RU,2022,333.0,3,254.0
7519,BE,2022,287.0,3,243.0
7519,FZ,2022,143.0,3,144.0
7519,GI,2022,475.0,3,617.0
7519,JZ,2022,55.0,3,52.0
7519,KZ,2022,57.0,3,37.0
7519,LZ,2022,90.0,3,73.0
7519,MN,2022,336.0,3,292.0
7519,OQ,2022,203.0,3,163.0
7519,RU,2022,214.0,3,185.0
7524,BE,2022,451.0,3,410.0
7524,FZ,2022,271.0,3,280.0
7524,GI,2022,1063.0,3,1288.0
7524,JZ,2022,214.0,3,172.0
7524,KZ,2022,159.0,3,160.0
7524,LZ,2022,215.0,3,202.0
7524,MN,2022,1003.0,3,716.0
7524,OQ,2022,531.0,3,467.0
7524,RU,2022,544.0,3,462.0
7529,BE,2022,151.0,3,110.0
7529,FZ,2022,80.0,3,95.0
7529,GI,2022,306.0,3,319.0
7529,JZ,2022,42.0,3,35.0
7529,KZ,2022,26.0,3,21.0
7529,LZ,2022,60.0,3,67.0
7529,MN,2022,235.0,3,173.0
7529,OQ,2022,69.0,3,93.0
7529,RU,2022,163.0,3,114.0
7602,BE,2022,548.0,3,502.0
7602,FZ,2022,289.0,3,315.0
7602,GI,2022,871.0,3,1084.0
7602,JZ,2022,135.0,3,125.0
7602,KZ,2022,122.0,3,116.0
7602,LZ,2022,156.0,3,149.0
7602,MN,2022,788.0,3,713.0
7602,OQ,2022,393.0,3,452.0
7602,RU,2022,530.0,3,457.0
7607,BE,2022,160.0,3,150.0
7607,FZ,2022,132.0,3,140.0
7607,GI,2022,313.0,3,352.0
7607,JZ,2022,40.0,3,34.0
7607,KZ,2022,17.0,3,25.0
7607,LZ,2022,39.0,3,44.0
7607,MN,2022,273.0,3,252.0
7607,OQ,2022,110.0,3,128.0
7607,RU,2022,154.0,3,164.0
7612,BE,2022,260.0,3,250.0
7612,FZ,2022,204.0,3,237.0
7612,GI,2022,503.0,3,527.0
7612,JZ,2022,64.0,3,66.0
7612,KZ,2022,52.0,3,41.0
7612,LZ,2022,90.0,3,83.0
7612,MN,2022,400.0,3,333.0
7612,OQ,2022,227.0,3,221.0
7612,RU,2022,272.0,3,289.0
7617,BE,2022,249.0,3,174.0
7617,FZ,2022,299.0,3,247.0
7617,GI,2022,840.0,3,896.0
7617,JZ,2022,92.0,3,48.0
7617,KZ,2022,95.0,3,88.0
7617,LZ,2022,134.0,3,134.0
7617,MN,2022,547.0,3,506.0
7617,OQ,2022,302.0,3,256.0
7617,RU,2022,348.0,3,315.0
7622,BE,2022,259.0,3,282.0
7622,FZ,2022,234.0,3,236.0
7622,GI,2022,461.0,3,469.0
7622,JZ,2022,44.0,3,56.0
7622,KZ,2022,41.0,3,37.0
7622,LZ,2022,77.0,3,61.0
7622,MN,2022,367.0,3,332.0
7622,OQ,2022,208.0,3,194.0
7622,RU,2022,242.0,3,199.0
8402,BE,2022,287.0,3,239.0
8402,FZ,2022,250.0,3,230.0
8402,GI,2022,538.0,3,580.0
8402,JZ,2022,76.0,3,54.0
8402,KZ,2022,45.0,3,28.0
8402,LZ,2022,91.0,3,87.0
8402,MN,2022,426.0,3,346.0
8402,OQ,2022,212.0,3,210.0
8402,RU,2022,324.0,3,283.0
8407,BE,2022,279.0,3,249.0
8407,FZ,2022,450.0,3,439.0
8407,GI,2022,1097.0,3,1306.0
8407,JZ,2022,211.0,3,193.0
8407,KZ,2022,157.0,3,143.0
8407,LZ,2022,288.0,3,275.0
8407,MN,2022,1106.0,3,954.0
8407,OQ,2022,504.0,3,549.0
8407,RU,2022,603.0,3,525.0
8412,BE,2022,144.0,3,122.0
8412,FZ,2022,111.0,3,110.0
8412,GI,2022,243.0,3,269.0
8412,JZ,2022,31.0,3,33.0
8412,KZ,2022,43.0,3,57.0
8412,LZ,2022,79.0,3,74.0
8412,MN,2022,215.0,3,215.0
8412,OQ,2022,133.0,3,125.0
8412,RU,2022,131.0,3,126.0
8417,BE,2022,206.0,3,172.0
8417,FZ,2022,117.0,3,103.0
8417,GI,2022,236.0,3,237.0
8417,JZ,2022,36.0,3,32.0
8417,KZ,2022,34.0,3,25.0
8417,LZ,2022,53.0,3,43.0
8417,MN,2022,160.0,3,148.0
8417,OQ,2022,79.0,3,104.0
8417,RU,2022,120.0,3,136.0
8422,BE,2022,174.0,3,189.0
8422,FZ,2022,192.0,3,205.0
8422,GI,2022,397.0,3,464.0
8422,JZ,2022,54.0,3,57.0
8422,KZ,2022,52.0,3,47.0
8422,LZ,2022,68.0,3,83.0
8422,MN,2022,359.0,3,322.0
8422,OQ,2022,168.0,3,174.0
8422,RU,2022,228.0,3,206.0
8427,BE,2022,169.0,3,171.0
8427,FZ,2022,165.0,3,179.0
8427,GI,2022,329.0,3,507.0
8427,JZ,2022,56.0,3,58.0
8427,KZ,2022,66.0,3,53.0
8427,LZ,2022,72.0,3,71.0
8427,MN,2022,326.0,3,278.0
8427,OQ,2022,135.0,3,145.0
8427,RU,2022,176.0,3,174.0
8432,BE,2022,285.0,3,239.0
8432,FZ,2022,201.0,3,153.0
8432,GI,2022,486.0,3,584.0
8432,JZ,2022,52.0,3,51.0
8432,KZ,2022,53.0,3,50.0
8432,LZ,2022,65.0,3,64.0
8432,MN,2022,366.0,3,268.0
8432,OQ,2022,174.0,3,180.0
8432,RU,2022,251.0,3,183.0
9302,BE,2022,59.0,3,49.0
9302,FZ,2022,66.0,3,72.0
9302,GI,2022,162.0,3,162.0
9302,JZ,2022,20.0,3,12.0
9302,KZ,2022,18.0,3,15.0
9302,LZ,2022,27.0,3,34.0
9302,MN,2022,149.0,3,129.0
9302,OQ,2022,128.0,3,127.0
9302,RU,2022,138.0,3,130.0
9307,BE,2022,180.0,3,164.0
9307,FZ,2022,168.0,3,135.0
9307,GI,2022,398.0,3,372.0
9307,JZ,2022,31.0,3,46.0
9307,KZ,2022,25.0,3,28.0
9307,LZ,2022,46.0,3,49.0
9307,MN,2022,275.0,3,247.0
9307,OQ,2022,148.0,3,125.0
9307,RU,2022,202.0,3,159.0
9312,BE,2022,1152.0,3,1064.0
9312,FZ,2022,3143.0,3,2890.0
9312,GI,2022,9207.0,3,11531.0
9312,JZ,2022,2596.0,3,1254.0
9312,KZ,2022,920.0,3,903.0
9312,LZ,2022,1099.0,3,1124.0
9312,MN,2022,7884.0,3,6455.0
9312,OQ,2022,3456.0,3,3270.0
9312,RU,2022,3286.0,3,2762.0
9317,BE,2022,90.0,3,104.0
9317,FZ,2022,234.0,3,212.0
9317,GI,2022,522.0,3,579.0
9317,JZ,2022,43.0,3,47.0
9317,KZ,2022,67.0,3,67.0
9317,LZ,2022,197.0,3,190.0
9317,MN,2022,683.0,3,576.0
9317,OQ,2022,95.0,3,111.0
9317,RU,2022,245.0,3,214.0
0055,BE,2022,126.0,4,112.0
0055,FZ,2022,131.0,4,114.0
0055,GI,2022,380.0,4,325.0
0055,JZ,2022,34.0,4,27.0
0055,KZ,2022,31.0,4,31.0
0055,LZ,2022,48.0,4,47.0
0055,MN,2022,253.0,4,217.0
0055,OQ,2022,121.0,4,95.0
0055,RU,2022,160.0,4,163.0
0060,BE,2022,290.0,4,240.0
0060,FZ,2022,152.0,4,150.0
0060,GI,2022,455.0,4,514.0
0060,JZ,2022,44.0,4,45.0
0060,KZ,2022,39.0,4,32.0
0060,LZ,2022,105.0,4,88.0
0060,MN,2022,276.0,4,262.0
0060,OQ,2022,116.0,4,148.0
0060,RU,2022,188.0,4,185.0
1101,BE,2022,410.0,4,356.0
1101,FZ,2022,890.0,4,837.0
1101,GI,2022,3574.0,4,4754.0
1101,JZ,2022,887.0,4,810.0
1101,KZ,2022,300.0,4,314.0
1101,LZ,2022,430.0,4,446.0
1101,MN,2022,3211.0,4,2492.0
1101,OQ,2022,1251.0,4,1094.0
1101,RU,2022,1120.0,4,1067.0
1106,BE,2022,304.0,4,294.0
1106,FZ,2022,681.0,4,647.0
1106,GI,2022,2918.0,4,4024.0
1106,JZ,2022,699.0,4,558.0
1106,KZ,2022,313.0,4,250.0
1106,LZ,2022,233.0,4,234.0
1106,MN,2022,2556.0,4,1948.0
1106,OQ,2022,888.0,4,801.0
1106,RU,2022,956.0,4,817.0
1111,BE,2022,60.0,4,58.0
1111,FZ,2022,67.0,4,92.0
1111,GI,2022,284.0,4,299.0
1111,JZ,2022,100.0,4,93.0
1111,KZ,2022,37.0,4,50.0
1111,LZ,2022,70.0,4,90.0
1111,MN,2022,357.0,4,328.0
1111,OQ,2022,136.0,4,159.0
1111,RU,2022,167.0,4,142.0
2401,BE,2022,176.0,4,151.0
2401,FZ,2022,202.0,4,192.0
2401,GI,2022,628.0,4,708.0
2401,JZ,2022,77.0,4,79.0
2401,KZ,2022,77.0,4,64.0
2401,LZ,2022,104.0,4,99.0
2401,MN,2022,433.0,4,359.0
2401,OQ,2022,262.0,4,216.0
2401,RU,2022,289.0,4,214.0
2406,BE,2022,80.0,4,67.0
2406,FZ,2022,42.0,4,44.0
2406,GI,2022,132.0,4,122.0
2406,JZ,2022,13.0,4,12.0
2406,KZ,2022,13.0,4,15.0
2406,LZ,2022,28.0,4,37.0
2406,MN,2022,113.0,4,72.0
2406,OQ,2022,46.0,4,39.0
2406,RU,2022,75.0,4,66.0
2411,BE,2022,87.0,4,66.0
2411,FZ,2022,65.0,4,84.0
2411,GI,2022,226.0,4,258.0
2411,JZ,2022,25.0,4,26.0
2411,KZ,2022,18.0,4,24.0
2411,LZ,2022,17.0,4,9.0
2411,MN,2022,163.0,4,113.0
2411,OQ,2022,57.0,4,58.0
2411,RU,2022,114.0,4,73.0
2701,BE,2022,54.0,4,52.0
2701,FZ,2022,34.0,4,33.0
2701,GI,2022,106.0,4,126.0
2701,JZ,2022,13.0,4,13.0
2701,KZ,2022,19.0,4,6.0
2701,LZ,2022,14.0,4,12.0
2701,MN,2022,104.0,4,78.0
2701,OQ,2022,45.0,4,40.0
2701,RU,2022,66.0,4,55.0
2706,BE,2022,354.0,4,315.0
2706,FZ,2022,365.0,4,320.0
2706,GI,2022,971.0,4,1294.0
2706,JZ,2022,164.0,4,147.0
2706,KZ,2022,194.0,4,143.0
2706,LZ,2022,216.0,4,224.0
2706,MN,2022,757.0,4,708.0
2706,OQ,2022,511.0,4,523.0
2706,RU,2022,514.0,4,485.0
2711,BE,2022,371.0,4,342.0
2711,FZ,2022,485.0,4,535.0
2711,GI,2022,1439.0,4,2093.0
2711,JZ,2022,286.0,4,236.0
2711,KZ,2022,242.0,4,189.0
2711,LZ,2022,250.0,4,246.0
2711,MN,2022,1291.0,4,1172.0
2711,OQ,2022,718.0,4,644.0
2711,RU,2022,741.0,4,653.0
2716,BE,2022,81.0,4,62.0
2716,FZ,2022,74.0,4,75.0
2716,GI,2022,163.0,4,199.0
2716,JZ,2022,20.0,4,19.0
2716,KZ,2022,22.0,4,14.0
2716,LZ,2022,31.0,4,23.0
2716,MN,2022,125.0,4,106.0
2716,OQ,2022,66.0,4,78.0
2716,RU,2022,84.0,4,90.0
2803,BE,2022,68.0,4,65.0
2803,FZ,2022,91.0,4,88.0
2803,GI,2022,216.0,4,246.0
2803,JZ,2022,25.0,4,26.0
2803,KZ,2022,28.0,4,25.0
2803,LZ,2022,13.0,4,31.0
2803,MN,2022,160.0,4,130.0
2803,OQ,2022,56.0,4,46.0
2803,RU,2022,94.0,4,85.0
2808,BE,2022,188.0,4,156.0
2808,FZ,2022,265.0,4,249.0
2808,GI,2022,626.0,4,778.0
2808,JZ,2022,97.0,4,64.0
2808,KZ,2022,74.0,4,72.0
2808,LZ,2022,83.0,4,85.0
2808,MN,2022,465.0,4,390.0
2808,OQ,2022,210.0,4,198.0
2808,RU,2022,283.0,4,229.0
2813,BE,2022,252.0,4,239.0
2813,FZ,2022,237.0,4,278.0
2813,GI,2022,1249.0,4,1573.0
2813,JZ,2022,150.0,4,112.0
2813,KZ,2022,113.0,4,123.0
2813,LZ,2022,110.0,4,91.0
2813,MN,2022,806.0,4,625.0
2813,OQ,2022,360.0,4,347.0
2813,RU,2022,473.0,4,379.0
2818,BE,2022,47.0,4,34.0
2818,FZ,2022,26.0,4,29.0
2818,GI,2022,111.0,4,144.0
2818,JZ,2022,17.0,4,11.0
2818,KZ,2022,18.0,4,16.0
2818,LZ,2022,21.0,4,14.0
2818,MN,2022,70.0,4,72.0
2818,OQ,2022,40.0,4,47.0
2818,RU,2022,47.0,4,50.0
3204,BE,2022,126.0,4,90.0
3204,FZ,2022,104.0,4,103.0
3204,GI,2022,475.0,4,526.0
3204,JZ,2022,41.0,4,36.0
3204,KZ,2022,66.0,4,51.0
3204,LZ,2022,85.0,4,75.0
3204,MN,2022,256.0,4,235.0
3204,OQ,2022,129.0,4,198.0
3204,RU,2022,159.0,4,142.0
3209,BE,2022,82.0,4,73.0
3209,FZ,2022,66.0,4,79.0
3209,GI,2022,202.0,4,288.0
3209,JZ,2022,34.0,4,37.0
3209,KZ,2022,26.0,4,13.0
3209,LZ,2022,19.0,4,27.0
3209,MN,2022,159.0,4,150.0
3209,OQ,2022,66.0,4,83.0
3209,RU,2022,101.0,4,82.0
3214,BE,2022,140.0,4,90.0
3214,FZ,2022,83.0,4,87.0
3214,GI,2022,273.0,4,307.0
3214,JZ,2022,31.0,4,31.0
3214,KZ,2022,41.0,4,36.0
3214,LZ,2022,20.0,4,16.0
3214,MN,2022,175.0,4,159.0
3214,OQ,2022,81.0,4,77.0
3214,RU,2022,133.0,4,109.0
3219,BE,2022,143.0,4,123.0
3219,FZ,2022,136.0,4,138.0
3219,GI,2022,439.0,4,619.0
3219,JZ,2022,61.0,4,31.0
3219,KZ,2022,76.0,4,51.0
3219,LZ,2022,75.0,4,67.0
3219,MN,2022,303.0,4,263.0
3219,OQ,2022,164.0,4,140.0
3219,RU,2022,214.0,4,192.0
4402,BE,2022,133.0,4,135.0
4402,FZ,2022,80.0,4,83.0
4402,GI,2022,375.0,4,469.0
4402,JZ,2022,37.0,4,32.0
4402,KZ,2022,55.0,4,65.0
4402,LZ,2022,35.0,4,36.0
4402,MN,2022,242.0,4,178.0
4402,OQ,2022,112.0,4,88.0
4402,RU,2022,144.0,4,108.0
4407,BE,2022,251.0,4,182.0
4407,FZ,2022,213.0,4,245.0
4407,GI,2022,514.0,4,694.0
4407,JZ,2022,72.0,4,58.0
4407,KZ,2022,62.0,4,47.0
4407,LZ,2022,101.0,4,82.0
4407,MN,2022,372.0,4,370.0
4407,OQ,2022,175.0,4,168.0
4407,RU,2022,211.0,4,191.0
4412,BE,2022,398.0,4,368.0
4412,FZ,2022,589.0,4,679.0
4412,GI,2022,1775.0,4,2456.0
4412,JZ,2022,351.0,4,310.0
4412,KZ,2022,309.0,4,259.0
4412,LZ,2022,312.0,4,255.0
4412,MN,2022,1454.0,4,1248.0
4412,OQ,2022,1064.0,4,1024.0
4412,RU,2022,793.0,4,808.0
4417,BE,2022,104.0,4,77.0
4417,FZ,2022,133.0,4,127.0
4417,GI,2022,265.0,4,286.0
4417,JZ,2022,33.0,4,35.0
4417,KZ,2022,20.0,4,13.0
4417,LZ,2022,37.0,4,42.0
4417,MN,2022,189.0,4,193.0
4417,OQ,2022,94.0,4,100.0
4417,RU,2022,130.0,4,94.0
4422,BE,2022,143.0,4,104.0
4422,FZ,2022,111.0,4,141.0
4422,GI,2022,270.0,4,350.0
4422,JZ,2022,52.0,4,39.0
4422,KZ,2022,42.0,4,38.0
4422,LZ,2022,46.0,4,41.0
4422,MN,2022,224.0,4,228.0
4422,OQ,2022,128.0,4,131.0
4422,RU,2022,154.0,4,177.0
4427,BE,2022,118.0,4,108.0
4427,FZ,2022,105.0,4,123.0
4427,GI,2022,354.0,4,473.0
4427,JZ,2022,141.0,4,73.0
4427,KZ,2022,32.0,4,23.0
4427,LZ,2022,28.0,4,31.0
4427,MN,2022,219.0,4,175.0
4427,OQ,2022,73.0,4,70.0
4427,RU,2022,112.0,4,128.0
5205,BE,2022,97.0,4,125.0
5205,FZ,2022,87.0,4,72.0
5205,GI,2022,125.0,4,147.0
5205,JZ,2022,27.0,4,19.0
5205,KZ,2022,30.0,4,19.0
5205,LZ,2022,40.0,4,43.0
5205,MN,2022,132.0,4,100.0
5205,OQ,2022,59.0,4,50.0
5205,RU,2022,78.0,4,68.0
5210,BE,2022,314.0,4,271.0
5210,FZ,2022,212.0,4,190.0
5210,GI,2022,479.0,4,695.0
5210,JZ,2022,98.0,4,69.0
5210,KZ,2022,77.0,4,80.0
5210,LZ,2022,156.0,4,162.0
5210,MN,2022,496.0,4,388.0
5210,OQ,2022,254.0,4,203.0
5210,RU,2022,338.0,4,224.0
5215,BE,2022,115.0,4,89.0
5215,FZ,2022,39.0,4,72.0
5215,GI,2022,155.0,4,210.0
5215,JZ,2022,21.0,4,15.0
5215,KZ,2022,20.0,4,28.0
5215,LZ,2022,27.0,4,42.0
5215,MN,2022,126.0,4,136.0
5215,OQ,2022,62.0,4,62.0
5215,RU,2022,92.0,4,78.0
5220,BE,2022,129.0,4,100.0
5220,FZ,2022,84.0,4,83.0
5220,GI,2022,278.0,4,364.0
5220,JZ,2022,36.0,4,34.0
5220,KZ,2022,43.0,4,28.0
5220,LZ,2022,36.0,4,41.0
5220,MN,2022,202.0,4,173.0
5220,OQ,2022,108.0,4,107.0
5220,RU,2022,144.0,4,116.0
5304,BE,2022,135.0,4,106.0
5304,FZ,2022,121.0,4,111.0
5304,GI,2022,286.0,4,324.0
5304,JZ,2022,34.0,4,40.0
5304,KZ,2022,53.0,4,67.0
5304,LZ,2022,64.0,4,63.0
5304,MN,2022,283.0,4,227.0
5304,OQ,2022,123.0,4,122.0
5304,RU,2022,203.0,4,145.0
5309,BE,2022,254.0,4,199.0
5309,FZ,2022,294.0,4,309.0
5309,GI,2022,633.0,4,756.0
5309,JZ,2022,118.0,4,109.0
5309,KZ,2022,111.0,4,118.0
5309,LZ,2022,168.0,4,178.0
5309,MN,2022,629.0,4,561.0
5309,OQ,2022,346.0,4,288.0
5309,RU,2022,359.0,4,353.0
5314,BE,2022,80.0,4,58.0
5314,FZ,2022,54.0,4,58.0
5314,GI,2022,149.0,4,128.0
5314,JZ,2022,20.0,4,29.0
5314,KZ,2022,17.0,4,16.0
5314,LZ,2022,40.0,4,38.0
5314,MN,2022,130.0,4,131.0
5314,OQ,2022,65.0,4,65.0
5314,RU,2022,103.0,4,82.0
5319,BE,2022,109.0,4,84.0
5319,FZ,2022,79.0,4,80.0
5319,GI,2022,235.0,4,273.0
5319,JZ,2022,51.0,4,41.0
5319,KZ,2022,62.0,4,61.0
5319,LZ,2022,58.0,4,56.0
5319,MN,2022,174.0,4,172.0
5319,OQ,2022,103.0,4,94.0
5319,RU,2022,119.0,4,126.0
7505,BE,2022,1380.0,4,1287.0
7505,FZ,2022,2565.0,4,2491.0
7505,GI,2022,5877.0,4,8482.0
7505,JZ,2022,1553.0,4,1444.0
7505,KZ,2022,1138.0,4,1100.0
7505,LZ,2022,1090.0,4,1036.0
7505,MN,2022,7294.0,4,6357.0
7505,OQ,2022,3103.0,4,2760.0
7505,RU,2022,3507.0,4,3039.0
7510,BE,2022,271.0,4,287.0
7510,FZ,2022,286.0,4,316.0
7510,GI,2022,652.0,4,787.0
7510,JZ,2022,71.0,4,67.0
7510,KZ,2022,105.0,4,90.0
7510,LZ,2022,140.0,4,125.0
7510,MN,2022,567.0,4,522.0
7510,OQ,2022,309.0,4,319.0
7510,RU,2022,415.0,4,309.0
7515,BE,2022,153.0,4,102.0
7515,FZ,2022,169.0,4,150.0
7515,GI,2022,288.0,4,352.0
7515,JZ,2022,31.0,4,19.0
7515,KZ,2022,37.0,4,30.0
7515,LZ,2022,31.0,4,33.0
7515,MN,2022,262.0,4,212.0
7515,OQ,2022,109.0,4,90.0
7515,RU,2022,220.0,4,168.0
7520,BE,2022,286.0,4,307.0
7520,FZ,2022,185.0,4,185.0
7520,GI,2022,568.0,4,667.0
7520,JZ,2022,112.0,4,117.0
7520,KZ,2022,106.0,4,77.0
7520,LZ,2022,145.0,4,142.0
7520,MN,2022,476.0,4,407.0
7520,OQ,2022,237.0,4,218.0
7520,RU,2022,310.0,4,253.0
7525,BE,2022,93.0,4,71.0
7525,FZ,2022,132.0,4,148.0
7525,GI,2022,246.0,4,317.0
7525,JZ,2022,37.0,4,28.0
7525,KZ,2022,30.0,4,30.0
7525,LZ,2022,35.0,4,37.0
7525,MN,2022,209.0,4,158.0
7525,OQ,2022,122.0,4,116.0
7525,RU,2022,146.0,4,126.0
7530,BE,2022,125.0,4,81.0
7530,FZ,2022,47.0,4,54.0
7530,GI,2022,165.0,4,205.0
7530,JZ,2022,16.0,4,10.0
7530,KZ,2022,27.0,4,30.0
7530,LZ,2022,38.0,4,37.0
7530,MN,2022,109.0,4,85.0
7530,OQ,2022,54.0,4,49.0
7530,RU,2022,71.0,4,75.0
7603,BE,2022,324.0,4,297.0
7603,FZ,2022,393.0,4,403.0
7603,GI,2022,766.0,4,891.0
7603,JZ,2022,97.0,4,100.0
7603,KZ,2022,73.0,4,60.0
7603,LZ,2022,78.0,4,83.0
7603,MN,2022,564.0,4,542.0
7603,OQ,2022,231.0,4,263.0
7603,RU,2022,421.0,4,383.0
7608,BE,2022,343.0,4,293.0
7608,FZ,2022,313.0,4,293.0
7608,GI,2022,840.0,4,943.0
7608,JZ,2022,81.0,4,96.0
7608,KZ,2022,98.0,4,54.0
7608,LZ,2022,111.0,4,123.0
7608,MN,2022,593.0,4,509.0
7608,OQ,2022,272.0,4,273.0
7608,RU,2022,387.0,4,331.0
7613,BE,2022,149.0,4,193.0
7613,FZ,2022,57.0,4,53.0
7613,GI,2022,180.0,4,202.0
7613,JZ,2022,24.0,4,27.0
7613,KZ,2022,15.0,4,18.0
7613,LZ,2022,22.0,4,38.0
7613,MN,2022,148.0,4,122.0
7613,OQ,2022,90.0,4,109.0
7613,RU,2022,89.0,4,100.0
7618,BE,2022,483.0,4,356.0
7618,FZ,2022,865.0,4,833.0
7618,GI,2022,1736.0,4,2108.0
7618,JZ,2022,261.0,4,242.0
7618,KZ,2022,242.0,4,264.0
7618,LZ,2022,225.0,4,242.0
7618,MN,2022,1603.0,4,1265.0
7618,OQ,2022,711.0,4,656.0
7618,RU,2022,850.0,4,735.0
7623,BE,2022,117.0,4,92.0
7623,FZ,2022,177.0,4,217.0
7623,GI,2022,500.0,4,558.0
7623,JZ,2022,59.0,4,60.0
7623,KZ,2022,67.0,4,44.0
7623,LZ,2022,135.0,4,163.0
7623,MN,2022,364.0,4,337.0
7623,OQ,2022,199.0,4,191.0
7623,RU,2022,280.0,4,210.0
8403,BE,2022,246.0,4,202.0
8403,FZ,2022,73.0,4,66.0
8403,GI,2022,222.0,4,289.0
8403,JZ,2022,25.0,4,27.0
8403,KZ,2022,36.0,4,23.0
8403,LZ,2022,45.0,4,27.0
8403,MN,2022,142.0,4,143.0
8403,OQ,2022,122.0,4,104.0
8403,RU,2022,89.0,4,76.0
8408,BE,2022,568.0,4,495.0
8408,FZ,2022,629.0,4,582.0
8408,GI,2022,1720.0,4,2398.0
8408,JZ,2022,345.0,4,319.0
8408,KZ,2022,270.0,4,209.0
8408,LZ,2022,405.0,4,312.0
8408,MN,2022,1530.0,4,1194.0
8408,OQ,2022,851.0,4,826.0
8408,RU,2022,865.0,4,773.0
8413,BE,2022,131.0,4,114.0
8413,FZ,2022,259.0,4,258.0
8413,GI,2022,670.0,4,694.0
8413,JZ,2022,47.0,4,63.0
8413,KZ,2022,87.0,4,50.0
8413,LZ,2022,254.0,4,228.0
8413,MN,2022,605.0,4,578.0
8413,OQ,2022,374.0,4,323.0
8413,RU,2022,297.0,4,283.0
8418,BE,2022,73.0,4,80.0
8418,FZ,2022,150.0,4,125.0
8418,GI,2022,307.0,4,355.0
8418,JZ,2022,50.0,4,63.0
8418,KZ,2022,36.0,4,44.0
8418,LZ,2022,154.0,4,134.0
8418,MN,2022,459.0,4,375.0
8418,OQ,2022,217.0,4,190.0
8418,RU,2022,267.0,4,241.0
8423,BE,2022,235.0,4,206.0
8423,FZ,2022,105.0,4,97.0
8423,GI,2022,346.0,4,391.0
8423,JZ,2022,33.0,4,31.0
8423,KZ,2022,37.0,4,32.0
8423,LZ,2022,45.0,4,34.0
8423,MN,2022,208.0,4,184.0
8423,OQ,2022,93.0,4,99.0
8423,RU,2022,125.0,4,106.0
8428,BE,2022,608.0,4,492.0
8428,FZ,2022,944.0,4,1011.0
8428,GI,2022,2100.0,4,2570.0
8428,JZ,2022,286.0,4,279.0
8428,KZ,2022,265.0,4,291.0
8428,LZ,2022,484.0,4,460.0
8428,MN,2022,1672.0,4,1494.0
8428,OQ,2022,942.0,4,890.0
8428,RU,2022,841.0,4,756.0
8433,BE,2022,419.0,4,327.0
8433,FZ,2022,577.0,4,547.0
8433,GI,2022,875.0,4,928.0
8433,JZ,2022,141.0,4,129.0
8433,KZ,2022,102.0,4,91.0
8433,LZ,2022,169.0,4,146.0
8433,MN,2022,701.0,4,611.0
8433,OQ,2022,307.0,4,305.0
8433,RU,2022,432.0,4,382.0
9303,BE,2022,273.0,4,209.0
9303,FZ,2022,402.0,4,374.0
9303,GI,2022,649.0,4,677.0
9303,JZ,2022,87.0,4,94.0
9303,KZ,2022,67.0,4,57.0
9303,LZ,2022,145.0,4,125.0
9303,MN,2022,686.0,4,575.0
9303,OQ,2022,283.0,4,243.0
9303,RU,2022,398.0,4,361.0
9308,BE,2022,186.0,4,145.0
9308,FZ,2022,399.0,4,378.0
9308,GI,2022,558.0,4,732.0
9308,JZ,2022,57.0,4,81.0
9308,KZ,2022,61.0,4,51.0
9308,LZ,2022,97.0,4,91.0
9308,MN,2022,597.0,4,494.0
9308,OQ,2022,200.0,4,252.0
9308,RU,2022,312.0,4,237.0
9313,BE,2022,351.0,4,327.0
9313,FZ,2022,539.0,4,520.0
9313,GI,2022,1596.0,4,1832.0
9313,JZ,2022,196.0,4,183.0
9313,KZ,2022,123.0,4,115.0
9313,LZ,2022,213.0,4,186.0
9313,MN,2022,1165.0,4,979.0
9313,OQ,2022,538.0,4,551.0
9313,RU,2022,723.0,4,602.0
9318,BE,2022,618.0,4,533.0
9318,FZ,2022,1366.0,4,1388.0
9318,GI,2022,2698.0,4,3517.0
9318,JZ,2022,420.0,4,362.0
9318,KZ,2022,313.0,4,301.0
9318,LZ,2022,696.0,4,622.0
9318,MN,2022,2668.0,4,2350.0
9318,OQ,2022,1195.0,4,1154.0
9318,RU,2022,1523.0,4,1283.0
0051,BE,2023,151.0,0,112.0
0051,FZ,2023,105.0,0,138.0
0051,GI,2023,324.0,0,331.0
0051,JZ,2023,44.0,0,48.0
0051,KZ,2023,69.0,0,49.0
0051,LZ,2023,44.0,0,44.0
0051,MN,2023,220.0,0,231.0
0051,OQ,2023,104.0,0,110.0
0051,RU,2023,159.0,0,145.0
0056,BE,2023,133.0,0,142.0
0056,FZ,2023,65.0,0,60.0
0056,GI,2023,187.0,0,184.0
0056,JZ,2023,17.0,0,27.0
0056,KZ,2023,20.0,0,14.0
0056,LZ,2023,25.0,0,26.0
0056,MN,2023,154.0,0,149.0
0056,OQ,2023,51.0,0,68.0
0056,RU,2023,108.0,0,116.0
0061,BE,2023,111.0,0,112.0
0061,FZ,2023,61.0,0,62.0
0061,GI,2023,165.0,0,147.0
0061,JZ,2023,23.0,0,19.0
0061,KZ,2023,16.0,0,19.0
0061,LZ,2023,23.0,0,39.0
0061,MN,2023,147.0,0,141.0
0061,OQ,2023,52.0,0,55.0
0061,RU,2023,87.0,0,109.0
1102,BE,2023,99.0,0,72.0
1102,FZ,2023,129.0,0,123.0
1102,GI,2023,309.0,0,327.0
1102,JZ,2023,64.0,0,43.0
1102,KZ,2023,40.0,0,29.0
1102,LZ,2023,41.0,0,13.0
1102,MN,2023,279.0,0,247.0
1102,OQ,2023,90.0,0,98.0
1102,RU,2023,171.0,0,141.0
1107,BE,2023,238.0,0,189.0
1107,FZ,2023,334.0,0,327.0
1107,GI,2023,1059.0,0,1128.0
1107,JZ,2023,219.0,0,199.0
1107,KZ,2023,98.0,0,92.0
1107,LZ,2023,178.0,0,67.0
1107,MN,2023,875.0,0,879.0
1107,OQ,2023,263.0,0,340.0
1107,RU,2023,376.0,0,383.0
1112,BE,2023,539.0,0,493.0
1112,FZ,2023,2111.0,0,2197.0
1112,GI,2023,7268.0,0,6740.0
1112,JZ,2023,1196.0,0,1118.0
1112,KZ,2023,341.0,0,401.0
1112,LZ,2023,373.0,0,445.0
1112,MN,2023,4705.0,0,4951.0
1112,OQ,2023,1419.0,0,1633.0
1112,RU,2023,1439.0,0,1402.0
2402,BE,2023,318.0,0,277.0
2402,FZ,2023,165.0,0,187.0
2402,GI,2023,646.0,0,646.0
2402,JZ,2023,85.0,0,100.0
2402,KZ,2023,67.0,0,79.0
2402,LZ,2023,94.0,0,91.0
2402,MN,2023,489.0,0,457.0
2402,OQ,2023,190.0,0,211.0
2402,RU,2023,267.0,0,281.0
2407,BE,2023,146.0,0,123.0
2407,FZ,2023,79.0,0,95.0
2407,GI,2023,196.0,0,218.0
2407,JZ,2023,26.0,0,28.0
2407,KZ,2023,18.0,0,21.0
2407,LZ,2023,27.0,0,22.0
2407,MN,2023,173.0,0,155.0
2407,OQ,2023,71.0,0,70.0
2407,RU,2023,99.0,0,108.0
2412,BE,2023,139.0,0,147.0
2412,FZ,2023,104.0,0,105.0
2412,GI,2023,284.0,0,284.0
2412,JZ,2023,25.0,0,38.0
2412,KZ,2023,21.0,0,27.0
2412,LZ,2023,46.0,0,60.0
2412,MN,2023,229.0,0,174.0
2412,OQ,2023,81.0,0,60.0
2412,RU,2023,117.0,0,134.0
2702,BE,2023,281.0,0,281.0
2702,FZ,2023,228.0,0,161.0
2702,GI,2023,580.0,0,664.0
2702,JZ,2023,81.0,0,80.0
2702,KZ,2023,76.0,0,62.0
2702,LZ,2023,83.0,0,56.0
2702,MN,2023,407.0,0,416.0
2702,OQ,2023,201.0,0,177.0
2702,RU,2023,249.0,0,251.0
2707,BE,2023,220.0,0,186.0
2707,FZ,2023,165.0,0,160.0
2707,GI,2023,539.0,0,573.0
2707,JZ,2023,81.0,0,69.0
2707,KZ,2023,81.0,0,87.0
2707,LZ,2023,76.0,0,90.0
2707,MN,2023,443.0,0,405.0
2707,OQ,2023,196.0,0,187.0
2707,RU,2023,243.0,0,254.0
2712,BE,2023,131.0,0,136.0
2712,FZ,2023,110.0,0,78.0
2712,GI,2023,245.0,0,283.0
2712,JZ,2023,26.0,0,38.0
2712,KZ,2023,43.0,0,32.0
2712,LZ,2023,52.0,0,31.0
2712,MN,2023,182.0,0,149.0
2712,OQ,2023,96.0,0,72.0
2712,RU,2023,127.0,0,142.0
2717,BE,2023,194.0,0,154.0
2717,FZ,2023,132.0,0,136.0
2717,GI,2023,423.0,0,407.0
2717,JZ,2023,47.0,0,60.0
2717,KZ,2023,48.0,0,56.0
2717,LZ,2023,38.0,0,95.0
2717,MN,2023,291.0,0,289.0
2717,OQ,2023,122.0,0,113.0
2717,RU,2023,197.0,0,188.0
2804,BE,2023,508.0,0,493.0
2804,FZ,2023,562.0,0,662.0
2804,GI,2023,1810.0,0,1808.0
2804,JZ,2023,363.0,0,354.0
2804,KZ,2023,319.0,0,305.0
2804,LZ,2023,363.0,0,352.0
2804,MN,2023,1695.0,0,1596.0
2804,OQ,2023,887.0,0,885.0
2804,RU,2023,1006.0,0,981.0
2809,BE,2023,123.0,0,82.0
2809,FZ,2023,68.0,0,61.0
2809,GI,2023,209.0,0,262.0
2809,JZ,2023,24.0,0,28.0
2809,KZ,2023,23.0,0,32.0
2809,LZ,2023,15.0,0,33.0
2809,MN,2023,142.0,0,137.0
2809,OQ,2023,67.0,0,67.0
2809,RU,2023,90.0,0,83.0
2814,BE,2023,86.0,0,67.0
2814,FZ,2023,101.0,0,79.0
2814,GI,2023,236.0,0,243.0
2814,JZ,2023,36.0,0,30.0
2814,KZ,2023,41.0,0,31.0
2814,LZ,2023,43.0,0,41.0
2814,MN,2023,214.0,0,216.0
2814,OQ,2023,70.0,0,76.0
2814,RU,2023,119.0,0,133.0
2819,BE,2023,147.0,0,129.0
2819,FZ,2023,71.0,0,89.0
2819,GI,2023,290.0,0,270.0
2819,JZ,2023,39.0,0,25.0
2819,KZ,2023,45.0,0,37.0
2819,LZ,2023,38.0,0,33.0
2819,MN,2023,195.0,0,176.0
2819,OQ,2023,88.0,0,80.0
2819,RU,2023,177.0,0,138.0
3205,BE,2023,261.0,0,206.0
3205,FZ,2023,213.0,0,251.0
3205,GI,2023,774.0,0,736.0
3205,JZ,2023,88.0,0,91.0
3205,KZ,2023,89.0,0,91.0
3205,LZ,2023,94.0,0,93.0
3205,MN,2023,459.0,0,404.0
3205,OQ,2023,234.0,0,240.0
3205,RU,2023,300.0,0,349.0
3210,BE,2023,167.0,0,150.0
3210,FZ,2023,193.0,0,190.0
3210,GI,2023,664.0,0,599.0
3210,JZ,2023,130.0,0,93.0
3210,KZ,2023,87.0,0,84.0
3210,LZ,2023,81.0,0,74.0
3210,MN,2023,562.0,0,517.0
3210,OQ,2023,235.0,0,253.0
3210,RU,2023,274.0,0,275.0
3215,BE,2023,275.0,0,290.0
3215,FZ,2023,336.0,0,381.0
3215,GI,2023,1407.0,0,1437.0
3215,JZ,2023,140.0,0,119.0
3215,KZ,2023,78.0,0,87.0
3215,LZ,2023,98.0,0,109.0
3215,MN,2023,659.0,0,620.0
3215,OQ,2023,355.0,0,362.0
3215,RU,2023,461.0,0,452.0
3220,BE,2023,294.0,0,212.0
3220,FZ,2023,210.0,0,201.0
3220,GI,2023,669.0,0,667.0
3220,JZ,2023,72.0,0,70.0
3220,KZ,2023,63.0,0,94.0
3220,LZ,2023,85.0,0,48.0
3220,MN,2023,474.0,0,405.0
3220,OQ,2023,215.0,0,210.0
3220,RU,2023,288.0,0,280.0
4403,BE,2023,160.0,0,164.0
4403,FZ,2023,150.0,0,205.0
4403,GI,2023,532.0,0,558.0
4403,JZ,2023,54.0,0,57.0
4403,KZ,2023,51.0,0,48.0
4403,LZ,2023,57.0,0,54.0
4403,MN,2023,290.0,0,259.0
4403,OQ,2023,153.0,0,134.0
4403,RU,2023,222.0,0,185.0
4408,BE,2023,98.0,0,64.0
4408,FZ,2023,139.0,0,144.0
4408,GI,2023,428.0,0,350.0
4408,JZ,2023,33.0,0,32.0
4408,KZ,2023,13.0,0,18.0
4408,LZ,2023,35.0,0,25.0
4408,MN,2023,199.0,0,193.0
4408,OQ,2023,84.0,0,93.0
4408,RU,2023,127.0,0,110.0
4413,BE,2023,303.0,0,284.0
4413,FZ,2023,410.0,0,442.0
4413,GI,2023,1616.0,0,1856.0
4413,JZ,2023,327.0,0,247.0
4413,KZ,2023,207.0,0,206.0
4413,LZ,2023,267.0,0,286.0
4413,MN,2023,1180.0,0,1234.0
4413,OQ,2023,548.0,0,628.0
4413,RU,2023,507.0,0,534.0
4418,BE,2023,112.0,0,85.0
4418,FZ,2023,86.0,0,121.0
4418,GI,2023,292.0,0,285.0
4418,JZ,2023,54.0,0,51.0
4418,KZ,2023,26.0,0,24.0
4418,LZ,2023,53.0,0,27.0
4418,MN,2023,217.0,0,187.0
4418,OQ,2023,89.0,0,107.0
4418,RU,2023,133.0,0,144.0
4423,BE,2023,597.0,0,643.0
4423,FZ,2023,967.0,0,1098.0
4423,GI,2023,2592.0,0,2997.0
4423,JZ,2023,657.0,0,700.0
4423,KZ,2023,404.0,0,416.0
4423,LZ,2023,448.0,0,530.0
4423,MN,2023,2866.0,0,2972.0
4423,OQ,2023,1533.0,0,1745.0
4423,RU,2023,1371.0,0,1351.0
5201,BE,2023,197.0,0,203.0
5201,FZ,2023,91.0,0,131.0
5201,GI,2023,229.0,0,253.0
5201,JZ,2023,50.0,0,57.0
5201,KZ,2023,51.0,0,45.0
5201,LZ,2023,56.0,0,74.0
5201,MN,2023,272.0,0,264.0
5201,OQ,2023,121.0,0,96.0
5201,RU,2023,151.0,0,192.0
5206,BE,2023,245.0,0,223.0
5206,FZ,2023,193.0,0,210.0
5206,GI,2023,541.0,0,461.0
5206,JZ,2023,74.0,0,77.0
5206,KZ,2023,98.0,0,89.0
5206,LZ,2023,85.0,0,125.0
5206,MN,2023,468.0,0,437.0
5206,OQ,2023,216.0,0,161.0
5206,RU,2023,250.0,0,271.0
5211,BE,2023,217.0,0,172.0
5211,FZ,2023,128.0,0,157.0
5211,GI,2023,499.0,0,527.0
5211,JZ,2023,93.0,0,78.0
5211,KZ,2023,102.0,0,98.0
5211,LZ,2023,77.0,0,99.0
5211,MN,2023,569.0,0,872.0
5211,OQ,2023,196.0,0,185.0
5211,RU,2023,202.0,0,207.0
5216,BE,2023,949.0,0,960.0
5216,FZ,2023,1184.0,0,1309.0
5216,GI,2023,3198.0,0,3118.0
5216,JZ,2023,1142.0,0,1205.0
5216,KZ,2023,722.0,0,631.0
5216,LZ,2023,650.0,0,891.0
5216,MN,2023,4220.0,0,4478.0
5216,OQ,2023,1907.0,0,1890.0
5216,RU,2023,2006.0,0,2157.0
5221,BE,2023,91.0,0,89.0
5221,FZ,2023,46.0,0,49.0
5221,GI,2023,128.0,0,103.0
5221,JZ,2023,13.0,0,17.0
5221,KZ,2023,23.0,0,15.0
5221,LZ,2023,26.0,0,29.0
5221,MN,2023,105.0,0,115.0
5221,OQ,2023,34.0,0,65.0
5221,RU,2023,72.0,0,74.0
5305,BE,2023,110.0,0,99.0
5305,FZ,2023,66.0,0,73.0
5305,GI,2023,186.0,0,215.0
5305,JZ,2023,36.0,0,33.0
5305,KZ,2023,46.0,0,38.0
5305,LZ,2023,36.0,0,47.0
5305,MN,2023,177.0,0,153.0
5305,OQ,2023,70.0,0,67.0
5305,RU,2023,113.0,0,119.0
5310,BE,2023,171.0,0,129.0
5310,FZ,2023,99.0,0,113.0
5310,GI,2023,307.0,0,331.0
5310,JZ,2023,51.0,0,40.0
5310,KZ,2023,50.0,0,68.0
5310,LZ,2023,63.0,0,54.0
5310,MN,2023,287.0,0,240.0
5310,OQ,2023,135.0,0,145.0
5310,RU,2023,169.0,0,174.0
5315,BE,2023,708.0,0,639.0
5315,FZ,2023,785.0,0,858.0
5315,GI,2023,2414.0,0,2412.0
5315,JZ,2023,842.0,0,761.0
5315,KZ,2023,616.0,0,576.0
5315,LZ,2023,439.0,0,566.0
5315,MN,2023,2728.0,0,2845.0
5315,OQ,2023,1227.0,0,1334.0
5315,RU,2023,1308.0,0,1438.0
7501,BE,2023,257.0,0,245.0
7501,FZ,2023,174.0,0,185.0
7501,GI,2023,529.0,0,509.0
7501,JZ,2023,67.0,0,74.0
7501,KZ,2023,76.0,0,77.0
7501,LZ,2023,86.0,0,105.0
7501,MN,2023,424.0,0,453.0
7501,OQ,2023,205.0,0,190.0
7501,RU,2023,254.0,0,243.0
7506,BE,2023,214.0,0,222.0
7506,FZ,2023,102.0,0,92.0
7506,GI,2023,270.0,0,293.0
7506,JZ,2023,35.0,0,28.0
7506,KZ,2023,45.0,0,60.0
7506,LZ,2023,56.0,0,69.0
7506,MN,2023,211.0,0,211.0
7506,OQ,2023,79.0,0,79.0
7506,RU,2023,145.0,0,129.0
7511,BE,2023,382.0,0,356.0
7511,FZ,2023,103.0,0,108.0
7511,GI,2023,291.0,0,278.0
7511,JZ,2023,36.0,0,27.0
7511,KZ,2023,29.0,0,32.0
7511,LZ,2023,53.0,0,82.0
7511,MN,2023,259.0,0,218.0
7511,OQ,2023,120.0,0,100.0
7511,RU,2023,146.0,0,139.0
7516,BE,2023,233.0,0,278.0
7516,FZ,2023,304.0,0,359.0
7516,GI,2023,678.0,0,608.0
7516,JZ,2023,96.0,0,71.0
7516,KZ,2023,73.0,0,72.0
7516,LZ,2023,95.0,0,154.0
7516,MN,2023,548.0,0,535.0
7516,OQ,2023,201.0,0,226.0
7516,RU,2023,305.0,0,383.0
7521,BE,2023,118.0,0,146.0
7521,FZ,2023,75.0,0,67.0
7521,GI,2023,155.0,0,163.0
7521,JZ,2023,23.0,0,15.0
7521,KZ,2023,17.0,0,23.0
7521,LZ,2023,53.0,0,31.0
7521,MN,2023,157.0,0,139.0
7521,OQ,2023,98.0,0,101.0
7521,RU,2023,110.0,0,126.0
7526,BE,2023,153.0,0,148.0
7526,FZ,2023,232.0,0,222.0
7526,GI,2023,509.0,0,561.0
7526,JZ,2023,65.0,0,52.0
7526,KZ,2023,55.0,0,73.0
7526,LZ,2023,139.0,0,120.0
7526,MN,2023,416.0,0,478.0
7526,OQ,2023,179.0,0,195.0
7526,RU,2023,291.0,0,325.0
7531,BE,2023,215.0,0,221.0
7531,FZ,2023,73.0,0,108.0
7531,GI,2023,225.0,0,205.0
7531,JZ,2023,28.0,0,25.0
7531,KZ,2023,17.0,0,20.0
7531,LZ,2023,33.0,0,31.0
7531,MN,2023,200.0,0,165.0
7531,OQ,2023,103.0,0,114.0
7531,RU,2023,122.0,0,120.0
7604,BE,2023,444.0,0,435.0
7604,FZ,2023,230.0,0,223.0
7604,GI,2023,521.0,0,541.0
7604,JZ,2023,77.0,0,60.0
7604,KZ,2023,59.0,0,70.0
7604,LZ,2023,127.0,0,105.0
7604,MN,2023,457.0,0,451.0
7604,OQ,2023,227.0,0,218.0
7604,RU,2023,278.0,0,271.0
7609,BE,2023,196.0,0,169.0
7609,FZ,2023,104.0,0,110.0
7609,GI,2023,243.0,0,260.0
7609,JZ,2023,42.0,0,28.0
7609,KZ,2023,22.0,0,25.0
7609,LZ,2023,41.0,0,54.0
7609,MN,2023,200.0,0,172.0
7609,OQ,2023,77.0,0,81.0
7609,RU,2023,132.0,0,125.0
7614,BE,2023,169.0,0,148.0
7614,FZ,2023,84.0,0,80.0
7614,GI,2023,226.0,0,208.0
7614,JZ,2023,26.0,0,24.0
7614,KZ,2023,20.0,0,28.0
7614,LZ,2023,40.0,0,33.0
7614,MN,2023,151.0,0,153.0
7614,OQ,2023,108.0,0,113.0
7614,RU,2023,108.0,0,121.0
7619,BE,2023,125.0,0,189.0
7619,FZ,2023,52.0,0,75.0
7619,GI,2023,158.0,0,185.0
7619,JZ,2023,20.0,0,21.0
7619,KZ,2023,8.0,0,18.0
7619,LZ,2023,26.0,0,26.0
7619,MN,2023,134.0,0,130.0
7619,OQ,2023,64.0,0,62.0
7619,RU,2023,90.0,0,104.0
7624,BE,2023,415.0,0,489.0
7624,FZ,2023,421.0,0,349.0
7624,GI,2023,779.0,0,856.0
7624,JZ,2023,96.0,0,86.0
7624,KZ,2023,67.0,0,70.0
7624,LZ,2023,175.0,0,190.0
7624,MN,2023,626.0,0,617.0
7624,OQ,2023,396.0,0,395.0
7624,RU,2023,442.0,0,483.0
8404,BE,2023,95.0,0,83.0
8404,FZ,2023,77.0,0,83.0
8404,GI,2023,149.0,0,165.0
8404,JZ,2023,19.0,0,20.0
8404,KZ,2023,22.0,0,18.0
8404,LZ,2023,35.0,0,34.0
8404,MN,2023,148.0,0,157.0
8404,OQ,2023,81.0,0,63.0
8404,RU,2023,99.0,0,100.0
8409,BE,2023,483.0,0,520.0
8409,FZ,2023,859.0,0,968.0
8409,GI,2023,2247.0,0,2254.0
8409,JZ,2023,712.0,0,628.0
8409,KZ,2023,265.0,0,260.0
8409,LZ,2023,410.0,0,572.0
8409,MN,2023,2462.0,0,2583.0
8409,OQ,2023,1165.0,0,1208.0
8409,RU,2023,1193.0,0,1214.0
8414,BE,2023,73.0,0,88.0
8414,FZ,2023,154.0,0,155.0
8414,GI,2023,313.0,0,345.0
8414,JZ,2023,48.0,0,44.0
8414,KZ,2023,42.0,0,29.0
8414,LZ,2023,90.0,0,114.0
8414,MN,2023,335.0,0,306.0
8414,OQ,2023,139.0,0,129.0
8414,RU,2023,170.0,0,192.0
8419,BE,2023,191.0,0,227.0
8419,FZ,2023,102.0,0,150.0
8419,GI,2023,403.0,0,367.0
8419,JZ,2023,49.0,0,47.0
8419,KZ,2023,32.0,0,32.0
8419,LZ,2023,47.0,0,65.0
8419,MN,2023,235.0,0,251.0
8419,OQ,2023,177.0,0,134.0
8419,RU,2023,159.0,0,167.0
8424,BE,2023,257.0,0,253.0
8424,FZ,2023,61.0,0,65.0
8424,GI,2023,258.0,0,267.0
8424,JZ,2023,34.0,0,29.0
8424,KZ,2023,23.0,0,29.0
8424,LZ,2023,45.0,0,49.0
8424,MN,2023,192.0,0,171.0
8424,OQ,2023,92.0,0,109.0
8424,RU,2023,123.0,0,118.0
8429,BE,2023,92.0,0,132.0
8429,FZ,2023,20.0,0,24.0
8429,GI,2023,99.0,0,89.0
8429,JZ,2023,11.0,0,13.0
8429,KZ,2023,12.0,0,5.0
8429,LZ,2023,8.0,0,19.0
8429,MN,2023,56.0,0,47.0
8429,OQ,2023,42.0,0,31.0
8429,RU,2023,36.0,0,32.0
8434,BE,2023,203.0,0,243.0
8434,FZ,2023,286.0,0,311.0
8434,GI,2023,727.0,0,704.0
8434,JZ,2023,150.0,0,125.0
8434,KZ,2023,97.0,0,127.0
8434,LZ,2023,110.0,0,141.0
8434,MN,2023,705.0,0,737.0
8434,OQ,2023,293.0,0,315.0
8434,RU,2023,356.0,0,324.0
9304,BE,2023,629.0,0,566.0
9304,FZ,2023,1196.0,0,1276.0
9304,GI,2023,2743.0,0,2927.0
9304,JZ,2023,575.0,0,643.0
9304,KZ,2023,317.0,0,384.0
9304,LZ,2023,863.0,0,939.0
9304,MN,2023,3304.0,0,3378.0
9304,OQ,2023,950.0,0,1027.0
9304,RU,2023,1486.0,0,1505.0
9309,BE,2023,132.0,0,138.0
9309,FZ,2023,414.0,0,423.0
9309,GI,2023,812.0,0,811.0
9309,JZ,2023,89.0,0,75.0
9309,KZ,2023,75.0,0,93.0
9309,LZ,2023,178.0,0,188.0
9309,MN,2023,778.0,0,784.0
9309,OQ,2023,279.0,0,269.0
9309,RU,2023,355.0,0,384.0
9314,BE,2023,66.0,0,83.0
9314,FZ,2023,161.0,0,129.0
9314,GI,2023,396.0,0,404.0
9314,JZ,2023,49.0,0,60.0
9314,KZ,2023,39.0,0,32.0
9314,LZ,2023,199.0,0,260.0
9314,MN,2023,438.0,0,460.0
9314,OQ,2023,151.0,0,154.0
9314,RU,2023,255.0,0,260.0
0052,BE,2023,190.0,1,223.0
0052,FZ,2023,234.0,1,275.0
0052,GI,2023,702.0,1,711.0
0052,JZ,2023,73.0,1,84.0
0052,KZ,2023,84.0,1,83.0
0052,LZ,2023,106.0,1,109.0
0052,MN,2023,608.0,1,609.0
0052,OQ,2023,261.0,1,211.0
0052,RU,2023,361.0,1,362.0
0057,BE,2023,230.0,1,170.0
0057,FZ,2023,229.0,1,223.0
0057,GI,2023,540.0,1,546.0
0057,JZ,2023,77.0,1,73.0
0057,KZ,2023,53.0,1,68.0
0057,LZ,2023,80.0,1,91.0
0057,MN,2023,418.0,1,453.0
0057,OQ,2023,127.0,1,177.0
0057,RU,2023,219.0,1,205.0
0062,BE,2023,145.0,1,151.0
0062,FZ,2023,81.0,1,105.0
0062,GI,2023,187.0,1,175.0
0062,JZ,2023,47.0,1,29.0
0062,KZ,2023,30.0,1,20.0
0062,LZ,2023,37.0,1,47.0
0062,MN,2023,195.0,1,196.0
0062,OQ,2023,73.0,1,103.0
0062,RU,2023,142.0,1,148.0
1103,BE,2023,122.0,1,81.0
1103,FZ,2023,141.0,1,152.0
1103,GI,2023,403.0,1,429.0
1103,JZ,2023,96.0,1,80.0
1103,KZ,2023,42.0,1,47.0
1103,LZ,2023,49.0,1,60.0
1103,MN,2023,405.0,1,398.0
1103,OQ,2023,159.0,1,135.0
1103,RU,2023,178.0,1,210.0
1108,BE,2023,164.0,1,169.0
1108,FZ,2023,359.0,1,313.0
1108,GI,2023,1113.0,1,1132.0
1108,JZ,2023,240.0,1,220.0
1108,KZ,2023,61.0,1,67.0
1108,LZ,2023,125.0,1,94.0
1108,MN,2023,920.0,1,878.0
1108,OQ,2023,282.0,1,325.0
1108,RU,2023,327.0,1,339.0
1113,BE,2023,371.0,1,378.0
1113,FZ,2023,735.0,1,786.0
1113,GI,2023,2871.0,1,2856.0
1113,JZ,2023,904.0,1,746.0
1113,KZ,2023,242.0,1,251.0
1113,LZ,2023,289.0,1,279.0
1113,MN,2023,2719.0,1,2822.0
1113,OQ,2023,1003.0,1,1059.0
1113,RU,2023,1025.0,1,994.0
2403,BE,2023,225.0,1,214.0
2403,FZ,2023,209.0,1,223.0
2403,GI,2023,691.0,1,653.0
2403,JZ,2023,139.0,1,142.0
2403,KZ,2023,99.0,1,117.0
2403,LZ,2023,118.0,1,161.0
2403,MN,2023,646.0,1,635.0
2403,OQ,2023,226.0,1,260.0
2403,RU,2023,305.0,1,309.0
2408,BE,2023,104.0,1,125.0
2408,FZ,2023,55.0,1,59.0
2408,GI,2023,130.0,1,145.0
2408,JZ,2023,25.0,1,13.0
2408,KZ,2023,14.0,1,26.0
2408,LZ,2023,24.0,1,36.0
2408,MN,2023,137.0,1,122.0
2408,OQ,2023,45.0,1,48.0
2408,RU,2023,75.0,1,91.0
2413,BE,2023,520.0,1,612.0
2413,FZ,2023,545.0,1,599.0
2413,GI,2023,1937.0,1,1981.0
2413,JZ,2023,408.0,1,361.0
2413,KZ,2023,275.0,1,299.0
2413,LZ,2023,290.0,1,459.0
2413,MN,2023,1806.0,1,1819.0
2413,OQ,2023,829.0,1,873.0
2413,RU,2023,921.0,1,995.0
2703,BE,2023,116.0,1,106.0
2703,FZ,2023,53.0,1,44.0
2703,GI,2023,153.0,1,129.0
2703,JZ,2023,21.0,1,16.0
2703,KZ,2023,11.0,1,13.0
2703,LZ,2023,13.0,1,22.0
2703,MN,2023,124.0,1,112.0
2703,OQ,2023,49.0,1,42.0
2703,RU,2023,90.0,1,77.0
2708,BE,2023,218.0,1,217.0
2708,FZ,2023,60.0,1,73.0
2708,GI,2023,210.0,1,223.0
2708,JZ,2023,26.0,1,27.0
2708,KZ,2023,25.0,1,27.0
2708,LZ,2023,40.0,1,38.0
2708,MN,2023,195.0,1,169.0
2708,OQ,2023,83.0,1,89.0
2708,RU,2023,107.0,1,120.0
2713,BE,2023,301.0,1,294.0
2713,FZ,2023,189.0,1,179.0
2713,GI,2023,476.0,1,503.0
2713,JZ,2023,53.0,1,44.0
2713,KZ,2023,88.0,1,74.0
2713,LZ,2023,73.0,1,71.0
2713,MN,2023,339.0,1,325.0
2713,OQ,2023,150.0,1,158.0
2713,RU,2023,243.0,1,272.0
2718,BE,2023,224.0,1,187.0
2718,FZ,2023,119.0,1,118.0
2718,GI,2023,375.0,1,395.0
2718,JZ,2023,43.0,1,37.0
2718,KZ,2023,40.0,1,36.0
2718,LZ,2023,38.0,1,49.0
2718,MN,2023,227.0,1,199.0
2718,OQ,2023,135.0,1,101.0
2718,RU,2023,166.0,1,180.0
2805,BE,2023,196.0,1,146.0
2805,FZ,2023,109.0,1,113.0
2805,GI,2023,426.0,1,412.0
2805,JZ,2023,50.0,1,47.0
2805,KZ,2023,58.0,1,81.0
2805,LZ,2023,64.0,1,100.0
2805,MN,2023,305.0,1,323.0
2805,OQ,2023,176.0,1,171.0
2805,RU,2023,233.0,1,255.0
2810,BE,2023,54.0,1,50.0
2810,FZ,2023,36.0,1,63.0
2810,GI,2023,134.0,1,149.0
2810,JZ,2023,23.0,1,22.0
2810,KZ,2023,33.0,1,32.0
2810,LZ,2023,28.0,1,28.0
2810,MN,2023,129.0,1,110.0
2810,OQ,2023,71.0,1,78.0
2810,RU,2023,99.0,1,79.0
2815,BE,2023,663.0,1,597.0
2815,FZ,2023,842.0,1,832.0
2815,GI,2023,2593.0,1,2659.0
2815,JZ,2023,523.0,1,489.0
2815,KZ,2023,351.0,1,313.0
2815,LZ,2023,328.0,1,424.0
2815,MN,2023,2172.0,1,2304.0
2815,OQ,2023,1018.0,1,1016.0
2815,RU,2023,1152.0,1,1034.0
3201,BE,2023,110.0,1,81.0
3201,FZ,2023,82.0,1,112.0
3201,GI,2023,260.0,1,250.0
3201,JZ,2023,51.0,1,20.0
3201,KZ,2023,36.0,1,28.0
3201,LZ,2023,36.0,1,38.0
3201,MN,2023,156.0,1,182.0
3201,OQ,2023,73.0,1,57.0
3201,RU,2023,102.0,1,119.0
3206,BE,2023,145.0,1,135.0
3206,FZ,2023,127.0,1,148.0
3206,GI,2023,517.0,1,516.0
3206,JZ,2023,53.0,1,59.0
3206,KZ,2023,65.0,1,83.0
3206,LZ,2023,71.0,1,95.0
3206,MN,2023,297.0,1,280.0
3206,OQ,2023,171.0,1,178.0
3206,RU,2023,202.0,1,188.0
3211,BE,2023,246.0,1,217.0
3211,FZ,2023,286.0,1,323.0
3211,GI,2023,1273.0,1,1265.0
3211,JZ,2023,234.0,1,229.0
3211,KZ,2023,129.0,1,141.0
3211,LZ,2023,132.0,1,197.0
3211,MN,2023,946.0,1,1028.0
3211,OQ,2023,348.0,1,353.0
3211,RU,2023,476.0,1,480.0
3216,BE,2023,723.0,1,668.0
3216,FZ,2023,1379.0,1,1003.0
3216,GI,2023,4148.0,1,4299.0
3216,JZ,2023,1349.0,1,1513.0
3216,KZ,2023,615.0,1,729.0
3216,LZ,2023,531.0,1,521.0
3216,MN,2023,4262.0,1,4599.0
3216,OQ,2023,2215.0,1,2260.0
3216,RU,2023,1691.0,1,1636.0
3221,BE,2023,188.0,1,163.0
3221,FZ,2023,155.0,1,148.0
3221,GI,2023,483.0,1,504.0
3221,JZ,2023,79.0,1,75.0
3221,KZ,2023,68.0,1,75.0
3221,LZ,2023,77.0,1,46.0
3221,MN,2023,384.0,1,411.0
3221,OQ,2023,139.0,1,161.0
3221,RU,2023,185.0,1,209.0
4404,BE,2023,187.0,1,169.0
4404,FZ,2023,92.0,1,103.0
4404,GI,2023,305.0,1,341.0
4404,JZ,2023,45.0,1,36.0
4404,KZ,2023,24.0,1,46.0
4404,LZ,2023,41.0,1,62.0
4404,MN,2023,216.0,1,220.0
4404,OQ,2023,112.0,1,93.0
4404,RU,2023,145.0,1,144.0
4409,BE,2023,292.0,1,250.0
4409,FZ,2023,284.0,1,316.0
4409,GI,2023,620.0,1,735.0
4409,JZ,2023,94.0,1,112.0
4409,KZ,2023,80.0,1,82.0
4409,LZ,2023,92.0,1,124.0
4409,MN,2023,548.0,1,564.0
4409,OQ,2023,305.0,1,299.0
4409,RU,2023,354.0,1,360.0
4414,BE,2023,115.0,1,90.0
4414,FZ,2023,91.0,1,113.0
4414,GI,2023,251.0,1,268.0
4414,JZ,2023,29.0,1,27.0
4414,KZ,2023,34.0,1,35.0
4414,LZ,2023,64.0,1,78.0
4414,MN,2023,205.0,1,188.0
4414,OQ,2023,89.0,1,97.0
4414,RU,2023,147.0,1,127.0
4419,BE,2023,174.0,1,123.0
4419,FZ,2023,122.0,1,117.0
4419,GI,2023,300.0,1,279.0
4419,JZ,2023,39.0,1,45.0
4419,KZ,2023,38.0,1,36.0
4419,LZ,2023,47.0,1,52.0
4419,MN,2023,235.0,1,234.0
4419,OQ,2023,131.0,1,122.0
4419,RU,2023,142.0,1,146.0
4424,BE,2023,380.0,1,281.0
4424,FZ,2023,294.0,1,296.0
4424,GI,2023,997.0,1,952.0
4424,JZ,2023,168.0,1,136.0
4424,KZ,2023,91.0,1,96.0
4424,LZ,2023,177.0,1,200.0
4424,MN,2023,660.0,1,601.0
4424,OQ,2023,308.0,1,365.0
4424,RU,2023,478.0,1,434.0
5202,BE,2023,391.0,1,369.0
5202,FZ,2023,416.0,1,433.0
5202,GI,2023,1454.0,1,1411.0
5202,JZ,2023,335.0,1,307.0
5202,KZ,2023,261.0,1,262.0
5202,LZ,2023,257.0,1,328.0
5202,MN,2023,1411.0,1,1412.0
5202,OQ,2023,699.0,1,721.0
5202,RU,2023,691.0,1,782.0
5207,BE,2023,264.0,1,247.0
5207,FZ,2023,109.0,1,112.0
5207,GI,2023,292.0,1,311.0
5207,JZ,2023,30.0,1,43.0
5207,KZ,2023,47.0,1,34.0
5207,LZ,2023,81.0,1,91.0
5207,MN,2023,230.0,1,255.0
5207,OQ,2023,123.0,1,96.0
5207,RU,2023,179.0,1,166.0
5212,BE,2023,436.0,1,377.0
5212,FZ,2023,268.0,1,339.0
5212,GI,2023,1271.0,1,1256.0
5212,JZ,2023,213.0,1,188.0
5212,KZ,2023,183.0,1,145.0
5212,LZ,2023,182.0,1,214.0
5212,MN,2023,942.0,1,901.0
5212,OQ,2023,403.0,1,416.0
5212,RU,2023,501.0,1,573.0
5217,BE,2023,107.0,1,123.0
5217,FZ,2023,58.0,1,94.0
5217,GI,2023,248.0,1,238.0
5217,JZ,2023,36.0,1,37.0
5217,KZ,2023,32.0,1,39.0
5217,LZ,2023,55.0,1,77.0
5217,MN,2023,284.0,1,271.0
5217,OQ,2023,116.0,1,99.0
5217,RU,2023,155.0,1,165.0
5301,BE,2023,126.0,1,134.0
5301,FZ,2023,103.0,1,127.0
5301,GI,2023,302.0,1,285.0
5301,JZ,2023,56.0,1,57.0
5301,KZ,2023,88.0,1,57.0
5301,LZ,2023,81.0,1,109.0
5301,MN,2023,370.0,1,367.0
5301,OQ,2023,152.0,1,148.0
5301,RU,2023,174.0,1,222.0
5306,BE,2023,89.0,1,81.0
5306,FZ,2023,54.0,1,67.0
5306,GI,2023,164.0,1,169.0
5306,JZ,2023,20.0,1,17.0
5306,KZ,2023,22.0,1,21.0
5306,LZ,2023,24.0,1,43.0
5306,MN,2023,124.0,1,114.0
5306,OQ,2023,47.0,1,50.0
5306,RU,2023,88.0,1,82.0
5311,BE,2023,125.0,1,124.0
5311,FZ,2023,64.0,1,71.0
5311,GI,2023,155.0,1,169.0
5311,JZ,2023,33.0,1,34.0
5311,KZ,2023,40.0,1,33.0
5311,LZ,2023,34.0,1,49.0
5311,MN,2023,163.0,1,159.0
5311,OQ,2023,101.0,1,99.0
5311,RU,2023,143.0,1,120.0
5316,BE,2023,224.0,1,190.0
5316,FZ,2023,361.0,1,333.0
5316,GI,2023,544.0,1,587.0
5316,JZ,2023,87.0,1,80.0
5316,KZ,2023,125.0,1,127.0
5316,LZ,2023,133.0,1,170.0
5316,MN,2023,502.0,1,472.0
5316,OQ,2023,190.0,1,202.0
5316,RU,2023,285.0,1,282.0
7502,BE,2023,384.0,1,362.0
7502,FZ,2023,279.0,1,248.0
7502,GI,2023,832.0,1,780.0
7502,JZ,2023,158.0,1,133.0
7502,KZ,2023,95.0,1,124.0
7502,LZ,2023,174.0,1,143.0
7502,MN,2023,636.0,1,632.0
7502,OQ,2023,248.0,1,279.0
7502,RU,2023,434.0,1,454.0
7507,BE,2023,212.0,1,253.0
7507,FZ,2023,161.0,1,157.0
7507,GI,2023,471.0,1,455.0
7507,JZ,2023,71.0,1,51.0
7507,KZ,2023,54.0,1,79.0
7507,LZ,2023,78.0,1,72.0
7507,MN,2023,358.0,1,363.0
7507,OQ,2023,181.0,1,185.0
7507,RU,2023,210.0,1,215.0
7512,BE,2023,349.0,1,367.0
7512,FZ,2023,435.0,1,513.0
7512,GI,2023,964.0,1,1064.0
7512,JZ,2023,180.0,1,176.0
7512,KZ,2023,163.0,1,184.0
7512,LZ,2023,224.0,1,222.0
7512,MN,2023,1121.0,1,1208.0
7512,OQ,2023,448.0,1,462.0
7512,RU,2023,585.0,1,585.0
7517,BE,2023,407.0,1,414.0
7517,FZ,2023,328.0,1,316.0
7517,GI,2023,1086.0,1,1124.0
7517,JZ,2023,153.0,1,108.0
7517,KZ,2023,96.0,1,139.0
7517,LZ,2023,170.0,1,107.0
7517,MN,2023,798.0,1,784.0
7517,OQ,2023,435.0,1,442.0
7517,RU,2023,521.0,1,453.0
7522,BE,2023,474.0,1,530.0
7522,FZ,2023,425.0,1,399.0
7522,GI,2023,1065.0,1,1091.0
7522,JZ,2023,195.0,1,190.0
7522,KZ,2023,110.0,1,139.0
7522,LZ,2023,252.0,1,259.0
7522,MN,2023,1006.0,1,1084.0
7522,OQ,2023,553.0,1,557.0
7522,RU,2023,622.0,1,670.0
7527,BE,2023,255.0,1,258.0
7527,FZ,2023,81.0,1,80.0
7527,GI,2023,232.0,1,273.0
7527,JZ,2023,43.0,1,22.0
7527,KZ,2023,23.0,1,17.0
7527,LZ,2023,46.0,1,31.0
7527,MN,2023,192.0,1,202.0
7527,OQ,2023,72.0,1,80.0
7527,RU,2023,134.0,1,120.0
7532,BE,2023,224.0,1,212.0
7532,FZ,2023,134.0,1,129.0
7532,GI,2023,301.0,1,304.0
7532,JZ,2023,32.0,1,45.0
7532,KZ,2023,26.0,1,32.0
7532,LZ,2023,73.0,1,60.0
7532,MN,2023,259.0,1,270.0
7532,OQ,2023,109.0,1,105.0
7532,RU,2023,144.0,1,176.0
7605,BE,2023,94.0,1,94.0
7605,FZ,2023,100.0,1,98.0
7605,GI,2023,261.0,1,270.0
7605,JZ,2023,26.0,1,43.0
7605,KZ,2023,26.0,1,18.0
7605,LZ,2023,50.0,1,25.0
7605,MN,2023,294.0,1,251.0
7605,OQ,2023,95.0,1,105.0
7605,RU,2023,124.0,1,152.0
7610,BE,2023,327.0,1,305.0
7610,FZ,2023,199.0,1,208.0
7610,GI,2023,507.0,1,533.0
7610,JZ,2023,105.0,1,87.0
7610,KZ,2023,64.0,1,63.0
7610,LZ,2023,86.0,1,92.0
7610,MN,2023,486.0,1,405.0
7610,OQ,2023,239.0,1,256.0
7610,RU,2023,279.0,1,329.0
7615,BE,2023,351.0,1,361.0
7615,FZ,2023,360.0,1,352.0
7615,GI,2023,794.0,1,767.0
7615,JZ,2023,98.0,1,95.0
7615,KZ,2023,71.0,1,100.0
7615,LZ,2023,121.0,1,155.0
7615,MN,2023,631.0,1,565.0
7615,OQ,2023,282.0,1,283.0
7615,RU,2023,385.0,1,375.0
7620,BE,2023,675.0,1,676.0
7620,FZ,2023,924.0,1,963.0
7620,GI,2023,2377.0,1,2391.0
7620,JZ,2023,313.0,1,289.0
7620,KZ,2023,234.0,1,244.0
7620,LZ,2023,438.0,1,631.0
7620,MN,2023,1792.0,1,1694.0
7620,OQ,2023,892.0,1,981.0
7620,RU,2023,1034.0,1,1099.0
7625,BE,2023,1352.0,1,1302.0
7625,FZ,2023,2119.0,1,2511.0
7625,GI,2023,6171.0,1,5979.0
7625,JZ,2023,1830.0,1,1607.0
7625,KZ,2023,815.0,1,815.0
7625,LZ,2023,988.0,1,944.0
7625,MN,2023,6527.0,1,6700.0
7625,OQ,2023,3074.0,1,3119.0
7625,RU,2023,3064.0,1,3042.0
8405,BE,2023,332.0,1,329.0
8405,FZ,2023,334.0,1,405.0
8405,GI,2023,915.0,1,864.0
8405,JZ,2023,130.0,1,160.0
8405,KZ,2023,118.0,1,124.0
8405,LZ,2023,135.0,1,163.0
8405,MN,2023,787.0,1,793.0
8405,OQ,2023,351.0,1,320.0
8405,RU,2023,461.0,1,498.0
8410,BE,2023,128.0,1,177.0
8410,FZ,2023,73.0,1,101.0
8410,GI,2023,230.0,1,232.0
8410,JZ,2023,30.0,1,27.0
8410,KZ,2023,36.0,1,32.0
8410,LZ,2023,45.0,1,68.0
8410,MN,2023,190.0,1,216.0
8410,OQ,2023,110.0,1,104.0
8410,RU,2023,138.0,1,145.0
8415,BE,2023,89.0,1,92.0
8415,FZ,2023,175.0,1,195.0
8415,GI,2023,488.0,1,485.0
8415,JZ,2023,81.0,1,73.0
8415,KZ,2023,65.0,1,56.0
8415,LZ,2023,158.0,1,194.0
8415,MN,2023,492.0,1,468.0
8415,OQ,2023,248.0,1,235.0
8415,RU,2023,282.0,1,359.0
8420,BE,2023,170.0,1,183.0
8420,FZ,2023,77.0,1,121.0
8420,GI,2023,213.0,1,216.0
8420,JZ,2023,30.0,1,29.0
8420,KZ,2023,37.0,1,42.0
8420,LZ,2023,58.0,1,53.0
8420,MN,2023,210.0,1,198.0
8420,OQ,2023,90.0,1,115.0
8420,RU,2023,146.0,1,118.0
8425,BE,2023,85.0,1,71.0
8425,FZ,2023,92.0,1,112.0
8425,GI,2023,220.0,1,229.0
8425,JZ,2023,19.0,1,22.0
8425,KZ,2023,28.0,1,23.0
8425,LZ,2023,24.0,1,28.0
8425,MN,2023,147.0,1,149.0
8425,OQ,2023,55.0,1,68.0
8425,RU,2023,61.0,1,79.0
8430,BE,2023,89.0,1,77.0
8430,FZ,2023,72.0,1,93.0
8430,GI,2023,154.0,1,182.0
8430,JZ,2023,35.0,1,33.0
8430,KZ,2023,24.0,1,35.0
8430,LZ,2023,23.0,1,14.0
8430,MN,2023,164.0,1,139.0
8430,OQ,2023,77.0,1,67.0
8430,RU,2023,93.0,1,77.0
8435,BE,2023,281.0,1,311.0
8435,FZ,2023,325.0,1,381.0
8435,GI,2023,591.0,1,598.0
8435,JZ,2023,110.0,1,119.0
8435,KZ,2023,77.0,1,99.0
8435,LZ,2023,135.0,1,180.0
8435,MN,2023,669.0,1,668.0
8435,OQ,2023,279.0,1,336.0
8435,RU,2023,392.0,1,429.0
9305,BE,2023,153.0,1,139.0
9305,FZ,2023,203.0,1,212.0
9305,GI,2023,434.0,1,467.0
9305,JZ,2023,67.0,1,54.0
9305,KZ,2023,46.0,1,54.0
9305,LZ,2023,65.0,1,63.0
9305,MN,2023,408.0,1,396.0
9305,OQ,2023,156.0,1,160.0
9305,RU,2023,217.0,1,199.0
9310,BE,2023,167.0,1,196.0
9310,FZ,2023,169.0,1,211.0
9310,GI,2023,381.0,1,491.0
9310,JZ,2023,64.0,1,85.0
9310,KZ,2023,65.0,1,50.0
9310,LZ,2023,72.0,1,101.0
9310,MN,2023,340.0,1,427.0
9310,OQ,2023,249.0,1,272.0
9310,RU,2023,239.0,1,262.0
9315,BE,2023,557.0,1,580.0
9315,FZ,2023,1724.0,1,2388.0
9315,GI,2023,4403.0,1,4202.0
9315,JZ,2023,739.0,1,757.0
9315,KZ,2023,431.0,1,455.0
9315,LZ,2023,877.0,1,944.0
9315,MN,2023,4117.0,1,4691.0
9315,OQ,2023,1552.0,1,1559.0
9315,RU,2023,1801.0,1,1986.0
0053,BE,2023,326.0,2,355.0
0053,FZ,2023,651.0,2,662.0
0053,GI,2023,1673.0,2,1733.0
0053,JZ,2023,220.0,2,247.0
0053,KZ,2023,160.0,2,174.0
0053,LZ,2023,196.0,2,194.0
0053,MN,2023,1335.0,2,1375.0
0053,OQ,2023,537.0,2,486.0
0053,RU,2023,672.0,2,719.0
0058,BE,2023,93.0,2,70.0
0058,FZ,2023,48.0,2,53.0
0058,GI,2023,178.0,2,175.0
0058,JZ,2023,14.0,2,17.0
0058,KZ,2023,20.0,2,28.0
0058,LZ,2023,27.0,2,33.0
0058,MN,2023,115.0,2,127.0
0058,OQ,2023,34.0,2,47.0
0058,RU,2023,92.0,2,90.0
0063,BE,2023,221.0,2,286.0
0063,FZ,2023,70.0,2,68.0
0063,GI,2023,172.0,2,197.0
0063,JZ,2023,23.0,2,28.0
0063,KZ,2023,22.0,2,19.0
0063,LZ,2023,34.0,2,44.0
0063,MN,2023,130.0,2,146.0
0063,OQ,2023,76.0,2,75.0
0063,RU,2023,92.0,2,96.0
1104,BE,2023,422.0,2,391.0
1104,FZ,2023,1058.0,2,1110.0
1104,GI,2023,3700.0,2,3614.0
1104,JZ,2023,836.0,2,713.0
1104,KZ,2023,184.0,2,244.0
1104,LZ,2023,271.0,2,312.0
1104,MN,2023,2850.0,2,2958.0
1104,OQ,2023,930.0,2,1049.0
1104,RU,2023,1089.0,2,1003.0
1109,BE,2023,4544.0,2,4441.0
1109,FZ,2023,10858.0,2,11596.0
1109,GI,2023,56692.0,2,49414.0
1109,JZ,2023,20331.0,2,18361.0
1109,KZ,2023,7553.0,2,9288.0
1109,LZ,2023,5644.0,2,6820.0
1109,MN,2023,66748.0,2,67972.0
1109,OQ,2023,17482.0,2,18709.0
1109,RU,2023,17849.0,2,15983.0
1114,BE,2023,571.0,2,500.0
1114,FZ,2023,1014.0,2,1033.0
1114,GI,2023,4255.0,2,4206.0
1114,JZ,2023,1545.0,2,1344.0
1114,KZ,2023,409.0,2,417.0
1114,LZ,2023,460.0,2,567.0
1114,MN,2023,4389.0,2,4425.0
1114,OQ,2023,1532.0,2,1567.0
1114,RU,2023,1534.0,2,1423.0
2404,BE,2023,104.0,2,93.0
2404,FZ,2023,60.0,2,51.0
2404,GI,2023,148.0,2,157.0
2404,JZ,2023,17.0,2,16.0
2404,KZ,2023,28.0,2,24.0
2404,LZ,2023,18.0,2,18.0
2404,MN,2023,131.0,2,95.0
2404,OQ,2023,64.0,2,38.0
2404,RU,2023,57.0,2,71.0
2409,BE,2023,210.0,2,191.0
2409,FZ,2023,191.0,2,183.0
2409,GI,2023,430.0,2,537.0
2409,JZ,2023,70.0,2,42.0
2409,KZ,2023,30.0,2,33.0
2409,LZ,2023,60.0,2,32.0
2409,MN,2023,368.0,2,389.0
2409,OQ,2023,133.0,2,112.0
2409,RU,2023,163.0,2,217.0
2414,BE,2023,99.0,2,88.0
2414,FZ,2023,75.0,2,65.0
2414,GI,2023,173.0,2,185.0
2414,JZ,2023,43.0,2,27.0
2414,KZ,2023,30.0,2,35.0
2414,LZ,2023,37.0,2,44.0
2414,MN,2023,141.0,2,130.0
2414,OQ,2023,57.0,2,64.0
2414,RU,2023,64.0,2,70.0
2704,BE,2023,142.0,2,131.0
2704,FZ,2023,84.0,2,69.0
2704,GI,2023,296.0,2,315.0
2704,JZ,2023,26.0,2,16.0
2704,KZ,2023,65.0,2,84.0
2704,LZ,2023,54.0,2,79.0
2704,MN,2023,267.0,2,223.0
2704,OQ,2023,104.0,2,68.0
2704,RU,2023,144.0,2,121.0
2709,BE,2023,144.0,2,121.0
2709,FZ,2023,56.0,2,76.0
2709,GI,2023,155.0,2,170.0
2709,JZ,2023,18.0,2,37.0
2709,KZ,2023,24.0,2,15.0
2709,LZ,2023,14.0,2,27.0
2709,MN,2023,134.0,2,129.0
2709,OQ,2023,58.0,2,46.0
2709,RU,2023,75.0,2,79.0
2714,BE,2023,204.0,2,173.0
2714,FZ,2023,143.0,2,175.0
2714,GI,2023,679.0,2,665.0
2714,JZ,2023,70.0,2,60.0
2714,KZ,2023,34.0,2,52.0
2714,LZ,2023,59.0,2,58.0
2714,MN,2023,345.0,2,310.0
2714,OQ,2023,149.0,2,134.0
2714,RU,2023,228.0,2,216.0
2801,BE,2023,62.0,2,48.0
2801,FZ,2023,33.0,2,38.0
2801,GI,2023,91.0,2,101.0
2801,JZ,2023,33.0,2,13.0
2801,KZ,2023,14.0,2,12.0
2801,LZ,2023,9.0,2,11.0
2801,MN,2023,83.0,2,70.0
2801,OQ,2023,32.0,2,39.0
2801,RU,2023,46.0,2,52.0
2806,BE,2023,79.0,2,83.0
2806,FZ,2023,61.0,2,56.0
2806,GI,2023,147.0,2,177.0
2806,JZ,2023,27.0,2,10.0
2806,KZ,2023,23.0,2,29.0
2806,LZ,2023,28.0,2,30.0
2806,MN,2023,132.0,2,141.0
2806,OQ,2023,63.0,2,61.0
2806,RU,2023,89.0,2,79.0
2811,BE,2023,128.0,2,116.0
2811,FZ,2023,148.0,2,133.0
2811,GI,2023,385.0,2,419.0
2811,JZ,2023,53.0,2,59.0
2811,KZ,2023,80.0,2,67.0
2811,LZ,2023,77.0,2,84.0
2811,MN,2023,361.0,2,362.0
2811,OQ,2023,99.0,2,106.0
2811,RU,2023,231.0,2,231.0
2816,BE,2023,116.0,2,95.0
2816,FZ,2023,81.0,2,92.0
2816,GI,2023,261.0,2,292.0
2816,JZ,2023,37.0,2,37.0
2816,KZ,2023,45.0,2,43.0
2816,LZ,2023,34.0,2,44.0
2816,MN,2023,194.0,2,186.0
2816,OQ,2023,77.0,2,102.0
2816,RU,2023,112.0,2,124.0
3202,BE,2023,398.0,2,335.0
3202,FZ,2023,436.0,2,403.0
3202,GI,2023,1236.0,2,1285.0
3202,JZ,2023,204.0,2,198.0
3202,KZ,2023,134.0,2,223.0
3202,LZ,2023,144.0,2,207.0
3202,MN,2023,1000.0,2,1014.0
3202,OQ,2023,492.0,2,544.0
3202,RU,2023,578.0,2,507.0
3207,BE,2023,119.0,2,112.0
3207,FZ,2023,95.0,2,123.0
3207,GI,2023,426.0,2,471.0
3207,JZ,2023,72.0,2,34.0
3207,KZ,2023,38.0,2,47.0
3207,LZ,2023,63.0,2,52.0
3207,MN,2023,242.0,2,244.0
3207,OQ,2023,115.0,2,130.0
3207,RU,2023,184.0,2,192.0
3212,BE,2023,220.0,2,153.0
3212,FZ,2023,165.0,2,213.0
3212,GI,2023,803.0,2,791.0
3212,JZ,2023,79.0,2,77.0
3212,KZ,2023,73.0,2,74.0
3212,LZ,2023,78.0,2,101.0
3212,MN,2023,420.0,2,408.0
3212,OQ,2023,199.0,2,207.0
3212,RU,2023,312.0,2,268.0
3217,BE,2023,256.0,2,199.0
3217,FZ,2023,186.0,2,198.0
3217,GI,2023,722.0,2,696.0
3217,JZ,2023,78.0,2,54.0
3217,KZ,2023,45.0,2,45.0
3217,LZ,2023,64.0,2,88.0
3217,MN,2023,336.0,2,350.0
3217,OQ,2023,182.0,2,190.0
3217,RU,2023,264.0,2,251.0
3222,BE,2023,329.0,2,331.0
3222,FZ,2023,313.0,2,408.0
3222,GI,2023,1277.0,2,1193.0
3222,JZ,2023,178.0,2,178.0
3222,KZ,2023,94.0,2,120.0
3222,LZ,2023,136.0,2,197.0
3222,MN,2023,800.0,2,771.0
3222,OQ,2023,416.0,2,369.0
3222,RU,2023,533.0,2,520.0
4405,BE,2023,215.0,2,210.0
4405,FZ,2023,197.0,2,230.0
4405,GI,2023,674.0,2,698.0
4405,JZ,2023,109.0,2,106.0
4405,KZ,2023,86.0,2,97.0
4405,LZ,2023,97.0,2,77.0
4405,MN,2023,557.0,2,539.0
4405,OQ,2023,281.0,2,298.0
4405,RU,2023,310.0,2,334.0
4410,BE,2023,453.0,2,379.0
4410,FZ,2023,640.0,2,674.0
4410,GI,2023,1600.0,2,1688.0
4410,JZ,2023,289.0,2,286.0
4410,KZ,2023,156.0,2,227.0
4410,LZ,2023,262.0,2,289.0
4410,MN,2023,1320.0,2,1163.0
4410,OQ,2023,585.0,2,659.0
4410,RU,2023,674.0,2,746.0
4415,BE,2023,165.0,2,130.0
4415,FZ,2023,73.0,2,91.0
4415,GI,2023,258.0,2,339.0
4415,JZ,2023,41.0,2,31.0
4415,KZ,2023,24.0,2,20.0
4415,LZ,2023,41.0,2,47.0
4415,MN,2023,253.0,2,654.0
4415,OQ,2023,59.0,2,53.0
4415,RU,2023,118.0,2,119.0
4420,BE,2023,166.0,2,127.0
4420,FZ,2023,124.0,2,126.0
4420,GI,2023,316.0,2,330.0
4420,JZ,2023,45.0,2,43.0
4420,KZ,2023,36.0,2,33.0
4420,LZ,2023,47.0,2,46.0
4420,MN,2023,228.0,2,224.0
4420,OQ,2023,116.0,2,134.0
4420,RU,2023,159.0,2,164.0
4425,BE,2023,341.0,2,315.0
4425,FZ,2023,234.0,2,243.0
4425,GI,2023,967.0,2,1019.0
4425,JZ,2023,150.0,2,163.0
4425,KZ,2023,106.0,2,123.0
4425,LZ,2023,119.0,2,126.0
4425,MN,2023,748.0,2,751.0
4425,OQ,2023,273.0,2,251.0
4425,RU,2023,381.0,2,368.0
5203,BE,2023,293.0,2,285.0
5203,FZ,2023,151.0,2,193.0
5203,GI,2023,542.0,2,512.0
5203,JZ,2023,79.0,2,51.0
5203,KZ,2023,101.0,2,90.0
5203,LZ,2023,127.0,2,160.0
5203,MN,2023,396.0,2,449.0
5203,OQ,2023,217.0,2,174.0
5203,RU,2023,279.0,2,301.0
5208,BE,2023,120.0,2,103.0
5208,FZ,2023,40.0,2,48.0
5208,GI,2023,150.0,2,169.0
5208,JZ,2023,15.0,2,15.0
5208,KZ,2023,31.0,2,17.0
5208,LZ,2023,18.0,2,28.0
5208,MN,2023,124.0,2,114.0
5208,OQ,2023,47.0,2,55.0
5208,RU,2023,83.0,2,80.0
5213,BE,2023,255.0,2,250.0
5213,FZ,2023,88.0,2,105.0
5213,GI,2023,341.0,2,320.0
5213,JZ,2023,67.0,2,76.0
5213,KZ,2023,91.0,2,78.0
5213,LZ,2023,89.0,2,105.0
5213,MN,2023,320.0,2,341.0
5213,OQ,2023,145.0,2,143.0
5213,RU,2023,204.0,2,192.0
5218,BE,2023,131.0,2,69.0
5218,FZ,2023,33.0,2,42.0
5218,GI,2023,130.0,2,136.0
5218,JZ,2023,20.0,2,13.0
5218,KZ,2023,23.0,2,9.0
5218,LZ,2023,19.0,2,28.0
5218,MN,2023,94.0,2,90.0
5218,OQ,2023,49.0,2,38.0
5218,RU,2023,60.0,2,77.0
5302,BE,2023,378.0,2,290.0
5302,FZ,2023,309.0,2,379.0
5302,GI,2023,1031.0,2,1009.0
5302,JZ,2023,286.0,2,225.0
5302,KZ,2023,195.0,2,161.0
5302,LZ,2023,237.0,2,254.0
5302,MN,2023,985.0,2,1010.0
5302,OQ,2023,596.0,2,623.0
5302,RU,2023,558.0,2,597.0
5307,BE,2023,111.0,2,95.0
5307,FZ,2023,69.0,2,65.0
5307,GI,2023,167.0,2,171.0
5307,JZ,2023,22.0,2,16.0
5307,KZ,2023,43.0,2,35.0
5307,LZ,2023,38.0,2,45.0
5307,MN,2023,180.0,2,160.0
5307,OQ,2023,78.0,2,66.0
5307,RU,2023,100.0,2,102.0
5312,BE,2023,205.0,2,160.0
5312,FZ,2023,79.0,2,88.0
5312,GI,2023,295.0,2,265.0
5312,JZ,2023,35.0,2,33.0
5312,KZ,2023,53.0,2,40.0
5312,LZ,2023,52.0,2,83.0
5312,MN,2023,241.0,2,184.0
5312,OQ,2023,100.0,2,101.0
5312,RU,2023,150.0,2,160.0
5317,BE,2023,204.0,2,172.0
5317,FZ,2023,165.0,2,168.0
5317,GI,2023,451.0,2,581.0
5317,JZ,2023,116.0,2,91.0
5317,KZ,2023,141.0,2,143.0
5317,LZ,2023,126.0,2,124.0
5317,MN,2023,522.0,2,542.0
5317,OQ,2023,226.0,2,225.0
5317,RU,2023,280.0,2,287.0
7503,BE,2023,461.0,2,491.0
7503,FZ,2023,719.0,2,655.0
7503,GI,2023,1540.0,2,1464.0
7503,JZ,2023,347.0,2,320.0
7503,KZ,2023,318.0,2,378.0
7503,LZ,2023,476.0,2,498.0
7503,MN,2023,1872.0,2,1955.0
7503,OQ,2023,947.0,2,973.0
7503,RU,2023,1021.0,2,1103.0
7508,BE,2023,141.0,2,125.0
7508,FZ,2023,73.0,2,78.0
7508,GI,2023,277.0,2,302.0
7508,JZ,2023,28.0,2,33.0
7508,KZ,2023,37.0,2,27.0
7508,LZ,2023,44.0,2,53.0
7508,MN,2023,210.0,2,209.0
7508,OQ,2023,84.0,2,90.0
7508,RU,2023,123.0,2,144.0
7513,BE,2023,263.0,2,238.0
7513,FZ,2023,316.0,2,323.0
7513,GI,2023,790.0,2,761.0
7513,JZ,2023,128.0,2,99.0
7513,KZ,2023,98.0,2,130.0
7513,LZ,2023,198.0,2,196.0
7513,MN,2023,841.0,2,834.0
7513,OQ,2023,329.0,2,310.0
7513,RU,2023,474.0,2,540.0
7518,BE,2023,200.0,2,212.0
7518,FZ,2023,143.0,2,170.0
7518,GI,2023,303.0,2,300.0
7518,JZ,2023,43.0,2,44.0
7518,KZ,2023,32.0,2,40.0
7518,LZ,2023,52.0,2,63.0
7518,MN,2023,307.0,2,267.0
7518,OQ,2023,124.0,2,117.0
7518,RU,2023,145.0,2,190.0
7523,BE,2023,425.0,2,393.0
7523,FZ,2023,290.0,2,284.0
7523,GI,2023,711.0,2,701.0
7523,JZ,2023,97.0,2,105.0
7523,KZ,2023,67.0,2,106.0
7523,LZ,2023,131.0,2,159.0
7523,MN,2023,619.0,2,636.0
7523,OQ,2023,319.0,2,287.0
7523,RU,2023,403.0,2,387.0
7528,BE,2023,230.0,2,204.0
7528,FZ,2023,179.0,2,172.0
7528,GI,2023,425.0,2,429.0
7528,JZ,2023,52.0,2,50.0
7528,KZ,2023,41.0,2,70.0
7528,LZ,2023,84.0,2,91.0
7528,MN,2023,349.0,2,369.0
7528,OQ,2023,143.0,2,166.0
7528,RU,2023,236.0,2,284.0
7601,BE,2023,111.0,2,117.0
7601,FZ,2023,180.0,2,161.0
7601,GI,2023,524.0,2,549.0
7601,JZ,2023,54.0,2,39.0
7601,KZ,2023,50.0,2,49.0
7601,LZ,2023,101.0,2,139.0
7601,MN,2023,362.0,2,341.0
7601,OQ,2023,153.0,2,133.0
7601,RU,2023,227.0,2,264.0
7606,BE,2023,307.0,2,274.0
7606,FZ,2023,612.0,2,597.0
7606,GI,2023,1183.0,2,1099.0
7606,JZ,2023,141.0,2,127.0
7606,KZ,2023,111.0,2,124.0
7606,LZ,2023,250.0,2,281.0
7606,MN,2023,981.0,2,833.0
7606,OQ,2023,380.0,2,393.0
7606,RU,2023,468.0,2,541.0
7611,BE,2023,231.0,2,313.0
7611,FZ,2023,115.0,2,119.0
7611,GI,2023,342.0,2,331.0
7611,JZ,2023,30.0,2,27.0
7611,KZ,2023,28.0,2,21.0
7611,LZ,2023,41.0,2,45.0
7611,MN,2023,232.0,2,221.0
7611,OQ,2023,126.0,2,122.0
7611,RU,2023,187.0,2,169.0
7616,BE,2023,885.0,2,1016.0
7616,FZ,2023,1868.0,2,1796.0
7616,GI,2023,4323.0,2,4118.0
7616,JZ,2023,1185.0,2,1018.0
7616,KZ,2023,561.0,2,641.0
7616,LZ,2023,703.0,2,960.0
7616,MN,2023,4415.0,2,4325.0
7616,OQ,2023,2123.0,2,2110.0
7616,RU,2023,2130.0,2,2082.0
7621,BE,2023,339.0,2,393.0
7621,FZ,2023,173.0,2,215.0
7621,GI,2023,488.0,2,451.0
7621,JZ,2023,56.0,2,53.0
7621,KZ,2023,66.0,2,56.0
7621,LZ,2023,100.0,2,86.0
7621,MN,2023,412.0,2,374.0
7621,OQ,2023,250.0,2,245.0
7621,RU,2023,209.0,2,205.0
8401,BE,2023,298.0,2,333.0
8401,FZ,2023,542.0,2,601.0
8401,GI,2023,1225.0,2,1229.0
8401,JZ,2023,346.0,2,281.0
8401,KZ,2023,220.0,2,242.0
8401,LZ,2023,339.0,2,487.0
8401,MN,2023,1631.0,2,1577.0
8401,OQ,2023,645.0,2,681.0
8401,RU,2023,826.0,2,896.0
8406,BE,2023,367.0,2,341.0
8406,FZ,2023,417.0,2,502.0
8406,GI,2023,1088.0,2,1026.0
8406,JZ,2023,168.0,2,130.0
8406,KZ,2023,96.0,2,103.0
8406,LZ,2023,143.0,2,174.0
8406,MN,2023,938.0,2,882.0
8406,OQ,2023,363.0,2,359.0
8406,RU,2023,476.0,2,465.0
8411,BE,2023,45.0,2,50.0
8411,FZ,2023,66.0,2,72.0
8411,GI,2023,151.0,2,152.0
8411,JZ,2023,13.0,2,8.0
8411,KZ,2023,13.0,2,15.0
8411,LZ,2023,33.0,2,54.0
8411,MN,2023,112.0,2,89.0
8411,OQ,2023,93.0,2,92.0
8411,RU,2023,71.0,2,72.0
8416,BE,2023,311.0,2,342.0
8416,FZ,2023,455.0,2,488.0
8416,GI,2023,1380.0,2,1308.0
8416,JZ,2023,235.0,2,231.0
8416,KZ,2023,120.0,2,158.0
8416,LZ,2023,273.0,2,364.0
8416,MN,2023,1169.0,2,1106.0
8416,OQ,2023,474.0,2,517.0
8416,RU,2023,756.0,2,852.0
8421,BE,2023,1541.0,2,1717.0
8421,FZ,2023,2782.0,2,3432.0
8421,GI,2023,10662.0,2,9746.0
8421,JZ,2023,2880.0,2,2786.0
8421,KZ,2023,1609.0,2,1583.0
8421,LZ,2023,1304.0,2,1772.0
8421,MN,2023,11517.0,2,12287.0
8421,OQ,2023,4340.0,2,4845.0
8421,RU,2023,4019.0,2,4135.0
8426,BE,2023,220.0,2,209.0
8426,FZ,2023,121.0,2,155.0
8426,GI,2023,436.0,2,427.0
8426,JZ,2023,75.0,2,57.0
8426,KZ,2023,64.0,2,72.0
8426,LZ,2023,110.0,2,139.0
8426,MN,2023,334.0,2,326.0
8426,OQ,2023,171.0,2,189.0
8426,RU,2023,202.0,2,229.0
8431,BE,2023,395.0,2,495.0
8431,FZ,2023,399.0,2,500.0
8431,GI,2023,1036.0,2,997.0
8431,JZ,2023,216.0,2,195.0
8431,KZ,2023,182.0,2,156.0
8431,LZ,2023,192.0,2,199.0
8431,MN,2023,1019.0,2,1018.0
8431,OQ,2023,535.0,2,527.0
8431,RU,2023,613.0,2,626.0
9301,BE,2023,536.0,2,547.0
9301,FZ,2023,752.0,2,801.0
9301,GI,2023,1858.0,2,2023.0
9301,JZ,2023,498.0,2,572.0
9301,KZ,2023,324.0,2,437.0
9301,LZ,2023,485.0,2,507.0
9301,MN,2023,2736.0,2,2779.0
9301,OQ,2023,1125.0,2,1128.0
9301,RU,2023,1106.0,2,1163.0
9306,BE,2023,237.0,2,210.0
9306,FZ,2023,229.0,2,216.0
9306,GI,2023,606.0,2,665.0
9306,JZ,2023,77.0,2,60.0
9306,KZ,2023,90.0,2,73.0
9306,LZ,2023,108.0,2,122.0
9306,MN,2023,581.0,2,562.0
9306,OQ,2023,197.0,2,188.0
9306,RU,2023,290.0,2,310.0
9311,BE,2023,180.0,2,171.0
9311,FZ,2023,192.0,2,183.0
9311,GI,2023,378.0,2,466.0
9311,JZ,2023,61.0,2,47.0
9311,KZ,2023,21.0,2,46.0
9311,LZ,2023,71.0,2,64.0
9311,MN,2023,368.0,2,361.0
9311,OQ,2023,180.0,2,150.0
9311,RU,2023,204.0,2,209.0
9316,BE,2023,89.0,2,91.0
9316,FZ,2023,120.0,2,124.0
9316,GI,2023,311.0,2,333.0
9316,JZ,2023,31.0,2,35.0
9316,KZ,2023,31.0,2,31.0
9316,LZ,2023,41.0,2,44.0
9316,MN,2023,287.0,2,256.0
9316,OQ,2023,89.0,2,119.0
9316,RU,2023,139.0,2,148.0
0054,BE,2023,339.0,3,296.0
0054,FZ,2023,362.0,3,376.0
0054,GI,2023,1015.0,3,901.0
0054,JZ,2023,129.0,3,128.0
0054,KZ,2023,85.0,3,116.0
0054,LZ,2023,126.0,3,184.0
0054,MN,2023,777.0,3,697.0
0054,OQ,2023,284.0,3,316.0
0054,RU,2023,401.0,3,415.0
0059,BE,2023,219.0,3,238.0
0059,FZ,2023,252.0,3,257.0
0059,GI,2023,647.0,3,631.0
0059,JZ,2023,92.0,3,75.0
0059,KZ,2023,89.0,3,77.0
0059,LZ,2023,78.0,3,113.0
0059,MN,2023,587.0,3,490.0
0059,OQ,2023,210.0,3,217.0
0059,RU,2023,246.0,3,298.0
0064,BE,2023,106.0,3,118.0
0064,FZ,2023,91.0,3,107.0
0064,GI,2023,236.0,3,254.0
0064,JZ,2023,33.0,3,23.0
0064,KZ,2023,25.0,3,15.0
0064,LZ,2023,42.0,3,43.0
0064,MN,2023,225.0,3,230.0
0064,OQ,2023,60.0,3,88.0
0064,RU,2023,124.0,3,118.0
1105,BE,2023,218.0,3,181.0
1105,FZ,2023,222.0,3,269.0
1105,GI,2023,676.0,3,729.0
1105,JZ,2023,212.0,3,192.0
1105,KZ,2023,63.0,3,90.0
1105,LZ,2023,111.0,3,131.0
1105,MN,2023,896.0,3,912.0
1105,OQ,2023,336.0,3,308.0
1105,RU,2023,394.0,3,392.0
1110,BE,2023,95.0,3,74.0
1110,FZ,2023,68.0,3,106.0
1110,GI,2023,183.0,3,176.0
1110,JZ,2023,27.0,3,38.0
1110,KZ,2023,16.0,3,24.0
1110,LZ,2023,29.0,3,42.0
1110,MN,2023,176.0,3,188.0
1110,OQ,2023,61.0,3,57.0
1110,RU,2023,104.0,3,97.0
1115,BE,2023,346.0,3,340.0
1115,FZ,2023,551.0,3,553.0
1115,GI,2023,2764.0,3,2705.0
1115,JZ,2023,912.0,3,920.0
1115,KZ,2023,316.0,3,334.0
1115,LZ,2023,347.0,3,427.0
1115,MN,2023,3258.0,3,3390.0
1115,OQ,2023,1212.0,3,1338.0
1115,RU,2023,1053.0,3,1150.0
2405,BE,2023,339.0,3,393.0
2405,FZ,2023,145.0,3,174.0
2405,GI,2023,542.0,3,552.0
2405,JZ,2023,60.0,3,66.0
2405,KZ,2023,57.0,3,68.0
2405,LZ,2023,92.0,3,93.0
2405,MN,2023,415.0,3,428.0
2405,OQ,2023,176.0,3,215.0
2405,RU,2023,238.0,3,246.0
2410,BE,2023,418.0,3,340.0
2410,FZ,2023,542.0,3,560.0
2410,GI,2023,1814.0,3,1821.0
2410,JZ,2023,342.0,3,315.0
2410,KZ,2023,208.0,3,222.0
2410,LZ,2023,216.0,3,185.0
2410,MN,2023,1423.0,3,1426.0
2410,OQ,2023,575.0,3,614.0
2410,RU,2023,661.0,3,668.0
2415,BE,2023,55.0,3,56.0
2415,FZ,2023,46.0,3,61.0
2415,GI,2023,151.0,3,168.0
2415,JZ,2023,10.0,3,16.0
2415,KZ,2023,17.0,3,11.0
2415,LZ,2023,25.0,3,15.0
2415,MN,2023,110.0,3,89.0
2415,OQ,2023,34.0,3,41.0
2415,RU,2023,58.0,3,62.0
2705,BE,2023,226.0,3,200.0
2705,FZ,2023,196.0,3,221.0
2705,GI,2023,629.0,3,608.0
2705,JZ,2023,79.0,3,85.0
2705,KZ,2023,50.0,3,44.0
2705,LZ,2023,75.0,3,95.0
2705,MN,2023,440.0,3,403.0
2705,OQ,2023,202.0,3,203.0
2705,RU,2023,260.0,3,265.0
2710,BE,2023,133.0,3,117.0
2710,FZ,2023,99.0,3,87.0
2710,GI,2023,301.0,3,281.0
2710,JZ,2023,31.0,3,26.0
2710,KZ,2023,17.0,3,24.0
2710,LZ,2023,26.0,3,29.0
2710,MN,2023,177.0,3,178.0
2710,OQ,2023,94.0,3,94.0
2710,RU,2023,131.0,3,117.0
2715,BE,2023,191.0,3,168.0
2715,FZ,2023,124.0,3,139.0
2715,GI,2023,344.0,3,373.0
2715,JZ,2023,35.0,3,44.0
2715,KZ,2023,61.0,3,58.0
2715,LZ,2023,91.0,3,114.0
2715,MN,2023,267.0,3,260.0
2715,OQ,2023,145.0,3,133.0
2715,RU,2023,237.0,3,195.0
2802,BE,2023,131.0,3,104.0
2802,FZ,2023,62.0,3,62.0
2802,GI,2023,226.0,3,245.0
2802,JZ,2023,18.0,3,17.0
2802,KZ,2023,48.0,3,45.0
2802,LZ,2023,28.0,3,41.0
2802,MN,2023,163.0,3,168.0
2802,OQ,2023,86.0,3,71.0
2802,RU,2023,115.0,3,104.0
2807,BE,2023,187.0,3,140.0
2807,FZ,2023,140.0,3,145.0
2807,GI,2023,349.0,3,372.0
2807,JZ,2023,40.0,3,29.0
2807,KZ,2023,51.0,3,57.0
2807,LZ,2023,46.0,3,68.0
2807,MN,2023,301.0,3,276.0
2807,OQ,2023,118.0,3,111.0
2807,RU,2023,164.0,3,184.0
2812,BE,2023,58.0,3,67.0
2812,FZ,2023,53.0,3,43.0
2812,GI,2023,124.0,3,153.0
2812,JZ,2023,15.0,3,28.0
2812,KZ,2023,10.0,3,16.0
2812,LZ,2023,19.0,3,15.0
2812,MN,2023,105.0,3,190.0
2812,OQ,2023,34.0,3,29.0
2812,RU,2023,45.0,3,68.0
2817,BE,2023,174.0,3,158.0
2817,FZ,2023,158.0,3,172.0
2817,GI,2023,508.0,3,492.0
2817,JZ,2023,94.0,3,87.0
2817,KZ,2023,45.0,3,52.0
2817,LZ,2023,41.0,3,53.0
2817,MN,2023,411.0,3,380.0
2817,OQ,2023,128.0,3,127.0
2817,RU,2023,205.0,3,236.0
3203,BE,2023,148.0,3,152.0
3203,FZ,2023,120.0,3,159.0
3203,GI,2023,527.0,3,626.0
3203,JZ,2023,90.0,3,77.0
3203,KZ,2023,70.0,3,105.0
3203,LZ,2023,78.0,3,89.0
3203,MN,2023,398.0,3,413.0
3203,OQ,2023,231.0,3,230.0
3203,RU,2023,247.0,3,261.0
3208,BE,2023,157.0,3,127.0
3208,FZ,2023,126.0,3,139.0
3208,GI,2023,466.0,3,479.0
3208,JZ,2023,59.0,3,50.0
3208,KZ,2023,44.0,3,60.0
3208,LZ,2023,44.0,3,71.0
3208,MN,2023,269.0,3,242.0
3208,OQ,2023,159.0,3,133.0
3208,RU,2023,196.0,3,206.0
3213,BE,2023,239.0,3,211.0
3213,FZ,2023,145.0,3,166.0
3213,GI,2023,725.0,3,901.0
3213,JZ,2023,134.0,3,84.0
3213,KZ,2023,71.0,3,74.0
3213,LZ,2023,103.0,3,71.0
3213,MN,2023,492.0,3,488.0
3213,OQ,2023,258.0,3,259.0
3213,RU,2023,361.0,3,451.0
3218,BE,2023,273.0,3,250.0
3218,FZ,2023,471.0,3,481.0
3218,GI,2023,1945.0,3,1994.0
3218,JZ,2023,406.0,3,353.0
3218,KZ,2023,183.0,3,218.0
3218,LZ,2023,161.0,3,148.0
3218,MN,2023,1389.0,3,1437.0
3218,OQ,2023,635.0,3,635.0
3218,RU,2023,597.0,3,659.0
4401,BE,2023,97.0,3,79.0
4401,FZ,2023,49.0,3,49.0
4401,GI,2023,180.0,3,159.0
4401,JZ,2023,25.0,3,21.0
4401,KZ,2023,30.0,3,25.0
4401,LZ,2023,23.0,3,14.0
4401,MN,2023,118.0,3,123.0
4401,OQ,2023,69.0,3,60.0
4401,RU,2023,56.0,3,56.0
4406,BE,2023,104.0,3,108.0
4406,FZ,2023,53.0,3,62.0
4406,GI,2023,232.0,3,286.0
4406,JZ,2023,28.0,3,28.0
4406,KZ,2023,54.0,3,40.0
4406,LZ,2023,94.0,3,69.0
4406,MN,2023,212.0,3,185.0
4406,OQ,2023,58.0,3,61.0
4406,RU,2023,95.0,3,113.0
4411,BE,2023,419.0,3,372.0
4411,FZ,2023,610.0,3,648.0
4411,GI,2023,1640.0,3,1582.0
4411,JZ,2023,238.0,3,207.0
4411,KZ,2023,129.0,3,148.0
4411,LZ,2023,169.0,3,200.0
4411,MN,2023,1219.0,3,1189.0
4411,OQ,2023,534.0,3,602.0
4411,RU,2023,676.0,3,700.0
4416,BE,2023,169.0,3,143.0
4416,FZ,2023,171.0,3,169.0
4416,GI,2023,361.0,3,370.0
4416,JZ,2023,28.0,3,37.0
4416,KZ,2023,21.0,3,48.0
4416,LZ,2023,44.0,3,55.0
4416,MN,2023,290.0,3,251.0
4416,OQ,2023,122.0,3,117.0
4416,RU,2023,172.0,3,171.0
4421,BE,2023,165.0,3,139.0
4421,FZ,2023,72.0,3,94.0
4421,GI,2023,256.0,3,261.0
4421,JZ,2023,56.0,3,29.0
4421,KZ,2023,29.0,3,33.0
4421,LZ,2023,22.0,3,28.0
4421,MN,2023,157.0,3,135.0
4421,OQ,2023,64.0,3,68.0
4421,RU,2023,112.0,3,117.0
4426,BE,2023,140.0,3,114.0
4426,FZ,2023,71.0,3,79.0
4426,GI,2023,191.0,3,217.0
4426,JZ,2023,25.0,3,26.0
4426,KZ,2023,18.0,3,17.0
4426,LZ,2023,31.0,3,38.0
4426,MN,2023,146.0,3,113.0
4426,OQ,2023,64.0,3,44.0
4426,RU,2023,93.0,3,94.0
5204,BE,2023,75.0,3,47.0
5204,FZ,2023,40.0,3,38.0
5204,GI,2023,110.0,3,102.0
5204,JZ,2023,10.0,3,17.0
5204,KZ,2023,29.0,3,23.0
5204,LZ,2023,17.0,3,24.0
5204,MN,2023,99.0,3,73.0
5204,OQ,2023,34.0,3,35.0
5204,RU,2023,65.0,3,52.0
5209,BE,2023,110.0,3,94.0
5209,FZ,2023,52.0,3,51.0
5209,GI,2023,156.0,3,137.0
5209,JZ,2023,20.0,3,19.0
5209,KZ,2023,18.0,3,22.0
5209,LZ,2023,25.0,3,29.0
5209,MN,2023,129.0,3,123.0
5209,OQ,2023,42.0,3,46.0
5209,RU,2023,68.0,3,88.0
5214,BE,2023,124.0,3,123.0
5214,FZ,2023,119.0,3,108.0
5214,GI,2023,295.0,3,284.0
5214,JZ,2023,42.0,3,48.0
5214,KZ,2023,59.0,3,67.0
5214,LZ,2023,107.0,3,162.0
5214,MN,2023,354.0,3,340.0
5214,OQ,2023,147.0,3,126.0
5214,RU,2023,170.0,3,200.0
5219,BE,2023,351.0,3,298.0
5219,FZ,2023,258.0,3,321.0
5219,GI,2023,806.0,3,753.0
5219,JZ,2023,138.0,3,144.0
5219,KZ,2023,141.0,3,130.0
5219,LZ,2023,174.0,3,284.0
5219,MN,2023,793.0,3,788.0
5219,OQ,2023,330.0,3,350.0
5219,RU,2023,413.0,3,482.0
5303,BE,2023,165.0,3,154.0
5303,FZ,2023,76.0,3,57.0
5303,GI,2023,205.0,3,209.0
5303,JZ,2023,26.0,3,32.0
5303,KZ,2023,25.0,3,17.0
5303,LZ,2023,32.0,3,34.0
5303,MN,2023,160.0,3,147.0
5303,OQ,2023,77.0,3,71.0
5303,RU,2023,122.0,3,124.0
5308,BE,2023,174.0,3,134.0
5308,FZ,2023,97.0,3,105.0
5308,GI,2023,274.0,3,311.0
5308,JZ,2023,72.0,3,55.0
5308,KZ,2023,54.0,3,41.0
5308,LZ,2023,75.0,3,102.0
5308,MN,2023,262.0,3,303.0
5308,OQ,2023,133.0,3,143.0
5308,RU,2023,207.0,3,177.0
5313,BE,2023,339.0,3,347.0
5313,FZ,2023,303.0,3,297.0
5313,GI,2023,755.0,3,794.0
5313,JZ,2023,140.0,3,147.0
5313,KZ,2023,129.0,3,115.0
5313,LZ,2023,205.0,3,183.0
5313,MN,2023,721.0,3,714.0
5313,OQ,2023,413.0,3,423.0
5313,RU,2023,496.0,3,499.0
5318,BE,2023,235.0,3,281.0
5318,FZ,2023,273.0,3,354.0
5318,GI,2023,623.0,3,609.0
5318,JZ,2023,159.0,3,152.0
5318,KZ,2023,171.0,3,162.0
5318,LZ,2023,156.0,3,218.0
5318,MN,2023,775.0,3,807.0
5318,OQ,2023,370.0,3,362.0
5318,RU,2023,423.0,3,432.0
7504,BE,2023,233.0,3,211.0
7504,FZ,2023,175.0,3,180.0
7504,GI,2023,413.0,3,420.0
7504,JZ,2023,48.0,3,42.0
7504,KZ,2023,42.0,3,45.0
7504,LZ,2023,109.0,3,97.0
7504,MN,2023,417.0,3,369.0
7504,OQ,2023,157.0,3,121.0
7504,RU,2023,214.0,3,241.0
7509,BE,2023,264.0,3,207.0
7509,FZ,2023,138.0,3,132.0
7509,GI,2023,504.0,3,443.0
7509,JZ,2023,48.0,3,36.0
7509,KZ,2023,78.0,3,80.0
7509,LZ,2023,84.0,3,106.0
7509,MN,2023,326.0,3,344.0
7509,OQ,2023,136.0,3,119.0
7509,RU,2023,213.0,3,214.0
7514,BE,2023,223.0,3,251.0
7514,FZ,2023,234.0,3,288.0
7514,GI,2023,407.0,3,443.0
7514,JZ,2023,42.0,3,64.0
7514,KZ,2023,45.0,3,67.0
7514,LZ,2023,64.0,3,66.0
7514,MN,2023,420.0,3,414.0
7514,OQ,2023,171.0,3,196.0
7514,RU,2023,252.0,3,333.0
7519,BE,2023,277.0,3,287.0
7519,FZ,2023,139.0,3,143.0
7519,GI,2023,420.0,3,475.0
7519,JZ,2023,58.0,3,55.0
7519,KZ,2023,49.0,3,57.0
7519,LZ,2023,86.0,3,90.0
7519,MN,2023,319.0,3,336.0
7519,OQ,2023,156.0,3,203.0
7519,RU,2023,236.0,3,214.0
7524,BE,2023,463.0,3,451.0
7524,FZ,2023,266.0,3,271.0
7524,GI,2023,998.0,3,1063.0
7524,JZ,2023,237.0,3,214.0
7524,KZ,2023,163.0,3,159.0
7524,LZ,2023,201.0,3,215.0
7524,MN,2023,890.0,3,1003.0
7524,OQ,2023,447.0,3,531.0
7524,RU,2023,528.0,3,544.0
7529,BE,2023,154.0,3,151.0
7529,FZ,2023,104.0,3,80.0
7529,GI,2023,266.0,3,306.0
7529,JZ,2023,26.0,3,42.0
7529,KZ,2023,16.0,3,26.0
7529,LZ,2023,49.0,3,60.0
7529,MN,2023,251.0,3,235.0
7529,OQ,2023,71.0,3,69.0
7529,RU,2023,141.0,3,163.0
7602,BE,2023,468.0,3,548.0
7602,FZ,2023,357.0,3,289.0
7602,GI,2023,849.0,3,871.0
7602,JZ,2023,147.0,3,135.0
7602,KZ,2023,125.0,3,122.0
7602,LZ,2023,185.0,3,156.0
7602,MN,2023,841.0,3,788.0
7602,OQ,2023,397.0,3,393.0
7602,RU,2023,496.0,3,530.0
7607,BE,2023,188.0,3,160.0
7607,FZ,2023,110.0,3,132.0
7607,GI,2023,275.0,3,313.0
7607,JZ,2023,35.0,3,40.0
7607,KZ,2023,24.0,3,17.0
7607,LZ,2023,42.0,3,39.0
7607,MN,2023,275.0,3,273.0
7607,OQ,2023,98.0,3,110.0
7607,RU,2023,163.0,3,154.0
7612,BE,2023,291.0,3,260.0
7612,FZ,2023,213.0,3,204.0
7612,GI,2023,449.0,3,503.0
7612,JZ,2023,62.0,3,64.0
7612,KZ,2023,43.0,3,52.0
7612,LZ,2023,68.0,3,90.0
7612,MN,2023,372.0,3,400.0
7612,OQ,2023,242.0,3,227.0
7612,RU,2023,278.0,3,272.0
7617,BE,2023,251.0,3,249.0
7617,FZ,2023,281.0,3,299.0
7617,GI,2023,733.0,3,840.0
7617,JZ,2023,99.0,3,92.0
7617,KZ,2023,57.0,3,95.0
7617,LZ,2023,132.0,3,134.0
7617,MN,2023,620.0,3,547.0
7617,OQ,2023,285.0,3,302.0
7617,RU,2023,354.0,3,348.0
7622,BE,2023,290.0,3,259.0
7622,FZ,2023,187.0,3,234.0
7622,GI,2023,397.0,3,461.0
7622,JZ,2023,63.0,3,44.0
7622,KZ,2023,46.0,3,41.0
7622,LZ,2023,72.0,3,77.0
7622,MN,2023,347.0,3,367.0
7622,OQ,2023,253.0,3,208.0
7622,RU,2023,225.0,3,242.0
8402,BE,2023,270.0,3,287.0
8402,FZ,2023,200.0,3,250.0
8402,GI,2023,515.0,3,538.0
8402,JZ,2023,57.0,3,76.0
8402,KZ,2023,46.0,3,45.0
8402,LZ,2023,89.0,3,91.0
8402,MN,2023,393.0,3,426.0
8402,OQ,2023,204.0,3,212.0
8402,RU,2023,285.0,3,324.0
8407,BE,2023,243.0,3,279.0
8407,FZ,2023,436.0,3,450.0
8407,GI,2023,1043.0,3,1097.0
8407,JZ,2023,234.0,3,211.0
8407,KZ,2023,154.0,3,157.0
8407,LZ,2023,208.0,3,288.0
8407,MN,2023,1102.0,3,1106.0
8407,OQ,2023,505.0,3,504.0
8407,RU,2023,545.0,3,603.0
8412,BE,2023,146.0,3,144.0
8412,FZ,2023,111.0,3,111.0
8412,GI,2023,233.0,3,243.0
8412,JZ,2023,39.0,3,31.0
8412,KZ,2023,38.0,3,43.0
8412,LZ,2023,52.0,3,79.0
8412,MN,2023,248.0,3,215.0
8412,OQ,2023,128.0,3,133.0
8412,RU,2023,149.0,3,131.0
8417,BE,2023,190.0,3,206.0
8417,FZ,2023,118.0,3,117.0
8417,GI,2023,209.0,3,236.0
8417,JZ,2023,26.0,3,36.0
8417,KZ,2023,21.0,3,34.0
8417,LZ,2023,33.0,3,53.0
8417,MN,2023,184.0,3,160.0
8417,OQ,2023,92.0,3,79.0
8417,RU,2023,114.0,3,120.0
8422,BE,2023,188.0,3,174.0
8422,FZ,2023,161.0,3,192.0
8422,GI,2023,415.0,3,397.0
8422,JZ,2023,63.0,3,54.0
8422,KZ,2023,57.0,3,52.0
8422,LZ,2023,71.0,3,68.0
8422,MN,2023,402.0,3,359.0
8422,OQ,2023,159.0,3,168.0
8422,RU,2023,194.0,3,228.0
8427,BE,2023,176.0,3,169.0
8427,FZ,2023,146.0,3,165.0
8427,GI,2023,309.0,3,329.0
8427,JZ,2023,60.0,3,56.0
8427,KZ,2023,55.0,3,66.0
8427,LZ,2023,70.0,3,72.0
8427,MN,2023,335.0,3,326.0
8427,OQ,2023,151.0,3,135.0
8427,RU,2023,179.0,3,176.0
8432,BE,2023,315.0,3,285.0
8432,FZ,2023,172.0,3,201.0
8432,GI,2023,411.0,3,486.0
8432,JZ,2023,74.0,3,52.0
8432,KZ,2023,54.0,3,53.0
8432,LZ,2023,96.0,3,65.0
8432,MN,2023,370.0,3,366.0
8432,OQ,2023,177.0,3,174.0
8432,RU,2023,217.0,3,251.0
9302,BE,2023,43.0,3,59.0
9302,FZ,2023,74.0,3,66.0
9302,GI,2023,149.0,3,162.0
9302,JZ,2023,41.0,3,20.0
9302,KZ,2023,22.0,3,18.0
9302,LZ,2023,30.0,3,27.0
9302,MN,2023,166.0,3,149.0
9302,OQ,2023,119.0,3,128.0
9302,RU,2023,121.0,3,138.0
9307,BE,2023,197.0,3,180.0
9307,FZ,2023,147.0,3,168.0
9307,GI,2023,321.0,3,398.0
9307,JZ,2023,33.0,3,31.0
9307,KZ,2023,28.0,3,25.0
9307,LZ,2023,38.0,3,46.0
9307,MN,2023,284.0,3,275.0
9307,OQ,2023,138.0,3,148.0
9307,RU,2023,191.0,3,202.0
9312,BE,2023,1140.0,3,1152.0
9312,FZ,2023,2576.0,3,3143.0
9312,GI,2023,7659.0,3,9207.0
9312,JZ,2023,1517.0,3,2596.0
9312,KZ,2023,760.0,3,920.0
9312,LZ,2023,1006.0,3,1099.0
9312,MN,2023,7030.0,3,7884.0
9312,OQ,2023,3290.0,3,3456.0
9312,RU,2023,2905.0,3,3286.0
9317,BE,2023,87.0,3,90.0
9317,FZ,2023,195.0,3,234.0
9317,GI,2023,491.0,3,522.0
9317,JZ,2023,34.0,3,43.0
9317,KZ,2023,66.0,3,67.0
9317,LZ,2023,158.0,3,197.0
9317,MN,2023,623.0,3,683.0
9317,OQ,2023,95.0,3,95.0
9317,RU,2023,234.0,3,245.0
0055,BE,2023,125.0,4,126.0
0055,FZ,2023,98.0,4,131.0
0055,GI,2023,372.0,4,380.0
0055,JZ,2023,39.0,4,34.0
0055,KZ,2023,28.0,4,31.0
0055,LZ,2023,51.0,4,48.0
0055,MN,2023,274.0,4,253.0
0055,OQ,2023,98.0,4,121.0
0055,RU,2023,161.0,4,160.0
0060,BE,2023,251.0,4,290.0
0060,FZ,2023,152.0,4,152.0
0060,GI,2023,393.0,4,455.0
0060,JZ,2023,59.0,4,44.0
0060,KZ,2023,36.0,4,39.0
0060,LZ,2023,93.0,4,105.0
0060,MN,2023,316.0,4,276.0
0060,OQ,2023,137.0,4,116.0
0060,RU,2023,158.0,4,188.0
1101,BE,2023,424.0,4,410.0
1101,FZ,2023,831.0,4,890.0
1101,GI,2023,3667.0,4,3574.0
1101,JZ,2023,1039.0,4,887.0
1101,KZ,2023,273.0,4,300.0
1101,LZ,2023,332.0,4,430.0
1101,MN,2023,3184.0,4,3211.0
1101,OQ,2023,1232.0,4,1251.0
1101,RU,2023,1227.0,4,1120.0
1106,BE,2023,376.0,4,304.0
1106,FZ,2023,752.0,4,681.0
1106,GI,2023,3144.0,4,2918.0
1106,JZ,2023,978.0,4,699.0
1106,KZ,2023,236.0,4,313.0
1106,LZ,2023,285.0,4,233.0
1106,MN,2023,2538.0,4,2556.0
1106,OQ,2023,865.0,4,888.0
1106,RU,2023,967.0,4,956.0
1111,BE,2023,85.0,4,60.0
1111,FZ,2023,77.0,4,67.0
1111,GI,2023,256.0,4,284.0
1111,JZ,2023,102.0,4,100.0
1111,KZ,2023,40.0,4,37.0
1111,LZ,2023,43.0,4,70.0
1111,MN,2023,343.0,4,357.0
1111,OQ,2023,147.0,4,136.0
1111,RU,2023,157.0,4,167.0
2401,BE,2023,227.0,4,176.0
2401,FZ,2023,201.0,4,202.0
2401,GI,2023,637.0,4,628.0
2401,JZ,2023,61.0,4,77.0
2401,KZ,2023,66.0,4,77.0
2401,LZ,2023,84.0,4,104.0
2401,MN,2023,484.0,4,433.0
2401,OQ,2023,221.0,4,262.0
2401,RU,2023,243.0,4,289.0
2406,BE,2023,64.0,4,80.0
2406,FZ,2023,33.0,4,42.0
2406,GI,2023,136.0,4,132.0
2406,JZ,2023,13.0,4,13.0
2406,KZ,2023,20.0,4,13.0
2406,LZ,2023,24.0,4,28.0
2406,MN,2023,113.0,4,113.0
2406,OQ,2023,49.0,4,46.0
2406,RU,2023,60.0,4,75.0
2411,BE,2023,90.0,4,87.0
2411,FZ,2023,80.0,4,65.0
2411,GI,2023,190.0,4,226.0
2411,JZ,2023,32.0,4,25.0
2411,KZ,2023,18.0,4,18.0
2411,LZ,2023,38.0,4,17.0
2411,MN,2023,161.0,4,163.0
2411,OQ,2023,65.0,4,57.0
2411,RU,2023,107.0,4,114.0
2701,BE,2023,92.0,4,54.0
2701,FZ,2023,45.0,4,34.0
2701,GI,2023,104.0,4,106.0
2701,JZ,2023,13.0,4,13.0
2701,KZ,2023,12.0,4,19.0
2701,LZ,2023,18.0,4,14.0
2701,MN,2023,89.0,4,104.0
2701,OQ,2023,43.0,4,45.0
2701,RU,2023,63.0,4,66.0
2706,BE,2023,354.0,4,354.0
2706,FZ,2023,331.0,4,365.0
2706,GI,2023,1085.0,4,971.0
2706,JZ,2023,160.0,4,164.0
2706,KZ,2023,172.0,4,194.0
2706,LZ,2023,179.0,4,216.0
2706,MN,2023,814.0,4,757.0
2706,OQ,2023,431.0,4,511.0
2706,RU,2023,508.0,4,514.0
2711,BE,2023,433.0,4,371.0
2711,FZ,2023,450.0,4,485.0
2711,GI,2023,1486.0,4,1439.0
2711,JZ,2023,308.0,4,286.0
2711,KZ,2023,247.0,4,242.0
2711,LZ,2023,254.0,4,250.0
2711,MN,2023,1308.0,4,1291.0
2711,OQ,2023,679.0,4,718.0
2711,RU,2023,681.0,4,741.0
2716,BE,2023,100.0,4,81.0
2716,FZ,2023,80.0,4,74.0
2716,GI,2023,164.0,4,163.0
2716,JZ,2023,18.0,4,20.0
2716,KZ,2023,15.0,4,22.0
2716,LZ,2023,27.0,4,31.0
2716,MN,2023,117.0,4,125.0
2716,OQ,2023,55.0,4,66.0
2716,RU,2023,82.0,4,84.0
2803,BE,2023,101.0,4,68.0
2803,FZ,2023,83.0,4,91.0
2803,GI,2023,173.0,4,216.0
2803,JZ,2023,32.0,4,25.0
2803,KZ,2023,23.0,4,28.0
2803,LZ,2023,23.0,4,13.0
2803,MN,2023,177.0,4,160.0
2803,OQ,2023,44.0,4,56.0
2803,RU,2023,110.0,4,94.0
2808,BE,2023,230.0,4,188.0
2808,FZ,2023,245.0,4,265.0
2808,GI,2023,645.0,4,626.0
2808,JZ,2023,98.0,4,97.0
2808,KZ,2023,81.0,4,74.0
2808,LZ,2023,75.0,4,83.0
2808,MN,2023,512.0,4,465.0
2808,OQ,2023,189.0,4,210.0
2808,RU,2023,297.0,4,283.0
2813,BE,2023,268.0,4,252.0
2813,FZ,2023,227.0,4,237.0
2813,GI,2023,1134.0,4,1249.0
2813,JZ,2023,142.0,4,150.0
2813,KZ,2023,128.0,4,113.0
2813,LZ,2023,147.0,4,110.0
2813,MN,2023,827.0,4,806.0
2813,OQ,2023,358.0,4,360.0
2813,RU,2023,446.0,4,473.0
2818,BE,2023,65.0,4,47.0
2818,FZ,2023,28.0,4,26.0
2818,GI,2023,88.0,4,111.0
2818,JZ,2023,20.0,4,17.0
2818,KZ,2023,13.0,4,18.0
2818,LZ,2023,12.0,4,21.0
2818,MN,2023,77.0,4,70.0
2818,OQ,2023,33.0,4,40.0
2818,RU,2023,36.0,4,47.0
3204,BE,2023,124.0,4,126.0
3204,FZ,2023,102.0,4,104.0
3204,GI,2023,356.0,4,475.0
3204,JZ,2023,43.0,4,41.0
3204,KZ,2023,49.0,4,66.0
3204,LZ,2023,82.0,4,85.0
3204,MN,2023,247.0,4,256.0
3204,OQ,2023,123.0,4,129.0
3204,RU,2023,149.0,4,159.0
3209,BE,2023,85.0,4,82.0
3209,FZ,2023,66.0,4,66.0
3209,GI,2023,238.0,4,202.0
3209,JZ,2023,39.0,4,34.0
3209,KZ,2023,15.0,4,26.0
3209,LZ,2023,48.0,4,19.0
3209,MN,2023,173.0,4,159.0
3209,OQ,2023,62.0,4,66.0
3209,RU,2023,89.0,4,101.0
3214,BE,2023,121.0,4,140.0
3214,FZ,2023,91.0,4,83.0
3214,GI,2023,252.0,4,273.0
3214,JZ,2023,42.0,4,31.0
3214,KZ,2023,31.0,4,41.0
3214,LZ,2023,37.0,4,20.0
3214,MN,2023,188.0,4,175.0
3214,OQ,2023,67.0,4,81.0
3214,RU,2023,116.0,4,133.0
3219,BE,2023,196.0,4,143.0
3219,FZ,2023,137.0,4,136.0
3219,GI,2023,511.0,4,439.0
3219,JZ,2023,53.0,4,61.0
3219,KZ,2023,49.0,4,76.0
3219,LZ,2023,42.0,4,75.0
3219,MN,2023,301.0,4,303.0
3219,OQ,2023,168.0,4,164.0
3219,RU,2023,203.0,4,214.0
4402,BE,2023,135.0,4,133.0
4402,FZ,2023,90.0,4,80.0
4402,GI,2023,325.0,4,375.0
4402,JZ,2023,60.0,4,37.0
4402,KZ,2023,46.0,4,55.0
4402,LZ,2023,31.0,4,35.0
4402,MN,2023,224.0,4,242.0
4402,OQ,2023,92.0,4,112.0
4402,RU,2023,134.0,4,144.0
4407,BE,2023,254.0,4,251.0
4407,FZ,2023,236.0,4,213.0
4407,GI,2023,530.0,4,514.0
4407,JZ,2023,48.0,4,72.0
4407,KZ,2023,48.0,4,62.0
4407,LZ,2023,85.0,4,101.0
4407,MN,2023,417.0,4,372.0
4407,OQ,2023,181.0,4,175.0
4407,RU,2023,216.0,4,211.0
4412,BE,2023,585.0,4,398.0
4412,FZ,2023,638.0,4,589.0
4412,GI,2023,1858.0,4,1775.0
4412,JZ,2023,396.0,4,351.0
4412,KZ,2023,262.0,4,309.0
4412,LZ,2023,296.0,4,312.0
4412,MN,2023,1744.0,4,1454.0
4412,OQ,2023,969.0,4,1064.0
4412,RU,2023,912.0,4,793.0
4417,BE,2023,146.0,4,104.0
4417,FZ,2023,129.0,4,133.0
4417,GI,2023,235.0,4,265.0
4417,JZ,2023,29.0,4,33.0
4417,KZ,2023,22.0,4,20.0
4417,LZ,2023,35.0,4,37.0
4417,MN,2023,201.0,4,189.0
4417,OQ,2023,92.0,4,94.0
4417,RU,2023,157.0,4,130.0
4422,BE,2023,131.0,4,143.0
4422,FZ,2023,104.0,4,111.0
4422,GI,2023,288.0,4,270.0
4422,JZ,2023,58.0,4,52.0
4422,KZ,2023,36.0,4,42.0
4422,LZ,2023,58.0,4,46.0
4422,MN,2023,237.0,4,224.0
4422,OQ,2023,112.0,4,128.0
4422,RU,2023,163.0,4,154.0
4427,BE,2023,147.0,4,118.0
4427,FZ,2023,115.0,4,105.0
4427,GI,2023,304.0,4,354.0
4427,JZ,2023,30.0,4,141.0
4427,KZ,2023,25.0,4,32.0
4427,LZ,2023,34.0,4,28.0
4427,MN,2023,205.0,4,219.0
4427,OQ,2023,96.0,4,73.0
4427,RU,2023,136.0,4,112.0
5205,BE,2023,117.0,4,97.0
5205,FZ,2023,83.0,4,87.0
5205,GI,2023,118.0,4,125.0
5205,JZ,2023,33.0,4,27.0
5205,KZ,2023,20.0,4,30.0
5205,LZ,2023,21.0,4,40.0
5205,MN,2023,116.0,4,132.0
5205,OQ,2023,55.0,4,59.0
5205,RU,2023,82.0,4,78.0
5210,BE,2023,320.0,4,314.0
5210,FZ,2023,158.0,4,212.0
5210,GI,2023,448.0,4,479.0
5210,JZ,2023,96.0,4,98.0
5210,KZ,2023,93.0,4,77.0
5210,LZ,2023,120.0,4,156.0
5210,MN,2023,489.0,4,496.0
5210,OQ,2023,227.0,4,254.0
5210,RU,2023,301.0,4,338.0
5215,BE,2023,148.0,4,115.0
5215,FZ,2023,48.0,4,39.0
5215,GI,2023,158.0,4,155.0
5215,JZ,2023,24.0,4,21.0
5215,KZ,2023,28.0,4,20.0
5215,LZ,2023,32.0,4,27.0
5215,MN,2023,122.0,4,126.0
5215,OQ,2023,64.0,4,62.0
5215,RU,2023,104.0,4,92.0
5220,BE,2023,141.0,4,129.0
5220,FZ,2023,62.0,4,84.0
5220,GI,2023,271.0,4,278.0
5220,JZ,2023,33.0,4,36.0
5220,KZ,2023,49.0,4,43.0
5220,LZ,2023,47.0,4,36.0
5220,MN,2023,185.0,4,202.0
5220,OQ,2023,108.0,4,108.0
5220,RU,2023,123.0,4,144.0
5304,BE,2023,150.0,4,135.0
5304,FZ,2023,100.0,4,121.0
5304,GI,2023,282.0,4,286.0
5304,JZ,2023,51.0,4,34.0
5304,KZ,2023,66.0,4,53.0
5304,LZ,2023,66.0,4,64.0
5304,MN,2023,286.0,4,283.0
5304,OQ,2023,117.0,4,123.0
5304,RU,2023,201.0,4,203.0
5309,BE,2023,273.0,4,254.0
5309,FZ,2023,284.0,4,294.0
5309,GI,2023,639.0,4,633.0
5309,JZ,2023,122.0,4,118.0
5309,KZ,2023,130.0,4,111.0
5309,LZ,2023,130.0,4,168.0
5309,MN,2023,640.0,4,629.0
5309,OQ,2023,329.0,4,346.0
5309,RU,2023,349.0,4,359.0
5314,BE,2023,93.0,4,80.0
5314,FZ,2023,68.0,4,54.0
5314,GI,2023,133.0,4,149.0
5314,JZ,2023,17.0,4,20.0
5314,KZ,2023,22.0,4,17.0
5314,LZ,2023,26.0,4,40.0
5314,MN,2023,137.0,4,130.0
5314,OQ,2023,80.0,4,65.0
5314,RU,2023,109.0,4,103.0
5319,BE,2023,137.0,4,109.0
5319,FZ,2023,71.0,4,79.0
5319,GI,2023,219.0,4,235.0
5319,JZ,2023,39.0,4,51.0
5319,KZ,2023,73.0,4,62.0
5319,LZ,2023,50.0,4,58.0
5319,MN,2023,225.0,4,174.0
5319,OQ,2023,110.0,4,103.0
5319,RU,2023,120.0,4,119.0
7505,BE,2023,1289.0,4,1380.0
7505,FZ,2023,2302.0,4,2565.0
7505,GI,2023,6200.0,4,5877.0
7505,JZ,2023,1729.0,4,1553.0
7505,KZ,2023,917.0,4,1138.0
7505,LZ,2023,992.0,4,1090.0
7505,MN,2023,7145.0,4,7294.0
7505,OQ,2023,2882.0,4,3103.0
7505,RU,2023,3124.0,4,3507.0
7510,BE,2023,327.0,4,271.0
7510,FZ,2023,298.0,4,286.0
7510,GI,2023,639.0,4,652.0
7510,JZ,2023,93.0,4,71.0
7510,KZ,2023,83.0,4,105.0
7510,LZ,2023,156.0,4,140.0
7510,MN,2023,630.0,4,567.0
7510,OQ,2023,308.0,4,309.0
7510,RU,2023,424.0,4,415.0
7515,BE,2023,144.0,4,153.0
7515,FZ,2023,153.0,4,169.0
7515,GI,2023,311.0,4,288.0
7515,JZ,2023,38.0,4,31.0
7515,KZ,2023,33.0,4,37.0
7515,LZ,2023,50.0,4,31.0
7515,MN,2023,267.0,4,262.0
7515,OQ,2023,108.0,4,109.0
7515,RU,2023,189.0,4,220.0
7520,BE,2023,355.0,4,286.0
7520,FZ,2023,163.0,4,185.0
7520,GI,2023,599.0,4,568.0
7520,JZ,2023,126.0,4,112.0
7520,KZ,2023,65.0,4,106.0
7520,LZ,2023,125.0,4,145.0
7520,MN,2023,475.0,4,476.0
7520,OQ,2023,241.0,4,237.0
7520,RU,2023,336.0,4,310.0
7525,BE,2023,96.0,4,93.0
7525,FZ,2023,107.0,4,132.0
7525,GI,2023,255.0,4,246.0
7525,JZ,2023,37.0,4,37.0
7525,KZ,2023,32.0,4,30.0
7525,LZ,2023,47.0,4,35.0
7525,MN,2023,220.0,4,209.0
7525,OQ,2023,116.0,4,122.0
7525,RU,2023,151.0,4,146.0
7530,BE,2023,124.0,4,125.0
7530,FZ,2023,58.0,4,47.0
7530,GI,2023,165.0,4,165.0
7530,JZ,2023,19.0,4,16.0
7530,KZ,2023,29.0,4,27.0
7530,LZ,2023,30.0,4,38.0
7530,MN,2023,117.0,4,109.0
7530,OQ,2023,42.0,4,54.0
7530,RU,2023,75.0,4,71.0
7603,BE,2023,293.0,4,324.0
7603,FZ,2023,404.0,4,393.0
7603,GI,2023,719.0,4,766.0
7603,JZ,2023,93.0,4,97.0
7603,KZ,2023,85.0,4,73.0
7603,LZ,2023,95.0,4,78.0
7603,MN,2023,678.0,4,564.0
7603,OQ,2023,308.0,4,231.0
7603,RU,2023,421.0,4,421.0
7608,BE,2023,311.0,4,343.0
7608,FZ,2023,314.0,4,313.0
7608,GI,2023,707.0,4,840.0
7608,JZ,2023,98.0,4,81.0
7608,KZ,2023,82.0,4,98.0
7608,LZ,2023,126.0,4,111.0
7608,MN,2023,582.0,4,593.0
7608,OQ,2023,264.0,4,272.0
7608,RU,2023,389.0,4,387.0
7613,BE,2023,155.0,4,149.0
7613,FZ,2023,63.0,4,57.0
7613,GI,2023,154.0,4,180.0
7613,JZ,2023,27.0,4,24.0
7613,KZ,2023,22.0,4,15.0
7613,LZ,2023,24.0,4,22.0
7613,MN,2023,156.0,4,148.0
7613,OQ,2023,93.0,4,90.0
7613,RU,2023,117.0,4,89.0
7618,BE,2023,475.0,4,483.0
7618,FZ,2023,837.0,4,865.0
7618,GI,2023,1782.0,4,1736.0
7618,JZ,2023,268.0,4,261.0
7618,KZ,2023,271.0,4,242.0
7618,LZ,2023,270.0,4,225.0
7618,MN,2023,1649.0,4,1603.0
7618,OQ,2023,713.0,4,711.0
7618,RU,2023,873.0,4,850.0
7623,BE,2023,115.0,4,117.0
7623,FZ,2023,205.0,4,177.0
7623,GI,2023,525.0,4,500.0
7623,JZ,2023,78.0,4,59.0
7623,KZ,2023,71.0,4,67.0
7623,LZ,2023,100.0,4,135.0
7623,MN,2023,427.0,4,364.0
7623,OQ,2023,204.0,4,199.0
7623,RU,2023,299.0,4,280.0
8403,BE,2023,181.0,4,246.0
8403,FZ,2023,75.0,4,73.0
8403,GI,2023,188.0,4,222.0
8403,JZ,2023,22.0,4,25.0
8403,KZ,2023,17.0,4,36.0
8403,LZ,2023,32.0,4,45.0
8403,MN,2023,154.0,4,142.0
8403,OQ,2023,85.0,4,122.0
8403,RU,2023,87.0,4,89.0
8408,BE,2023,515.0,4,568.0
8408,FZ,2023,505.0,4,629.0
8408,GI,2023,1595.0,4,1720.0
8408,JZ,2023,386.0,4,345.0
8408,KZ,2023,239.0,4,270.0
8408,LZ,2023,316.0,4,405.0
8408,MN,2023,1442.0,4,1530.0
8408,OQ,2023,828.0,4,851.0
8408,RU,2023,776.0,4,865.0
8413,BE,2023,140.0,4,131.0
8413,FZ,2023,232.0,4,259.0
8413,GI,2023,602.0,4,670.0
8413,JZ,2023,56.0,4,47.0
8413,KZ,2023,65.0,4,87.0
8413,LZ,2023,251.0,4,254.0
8413,MN,2023,611.0,4,605.0
8413,OQ,2023,325.0,4,374.0
8413,RU,2023,297.0,4,297.0
8418,BE,2023,70.0,4,73.0
8418,FZ,2023,124.0,4,150.0
8418,GI,2023,339.0,4,307.0
8418,JZ,2023,59.0,4,50.0
8418,KZ,2023,54.0,4,36.0
8418,LZ,2023,139.0,4,154.0
8418,MN,2023,481.0,4,459.0
8418,OQ,2023,199.0,4,217.0
8418,RU,2023,220.0,4,267.0
8423,BE,2023,223.0,4,235.0
8423,FZ,2023,103.0,4,105.0
8423,GI,2023,361.0,4,346.0
8423,JZ,2023,36.0,4,33.0
8423,KZ,2023,32.0,4,37.0
8423,LZ,2023,43.0,4,45.0
8423,MN,2023,253.0,4,208.0
8423,OQ,2023,101.0,4,93.0
8423,RU,2023,144.0,4,125.0
8428,BE,2023,533.0,4,608.0
8428,FZ,2023,840.0,4,944.0
8428,GI,2023,2153.0,4,2100.0
8428,JZ,2023,317.0,4,286.0
8428,KZ,2023,267.0,4,265.0
8428,LZ,2023,381.0,4,484.0
8428,MN,2023,1708.0,4,1672.0
8428,OQ,2023,824.0,4,942.0
8428,RU,2023,851.0,4,841.0
8433,BE,2023,353.0,4,419.0
8433,FZ,2023,471.0,4,577.0
8433,GI,2023,866.0,4,875.0
8433,JZ,2023,152.0,4,141.0
8433,KZ,2023,99.0,4,102.0
8433,LZ,2023,124.0,4,169.0
8433,MN,2023,793.0,4,701.0
8433,OQ,2023,377.0,4,307.0
8433,RU,2023,432.0,4,432.0
9303,BE,2023,220.0,4,273.0
9303,FZ,2023,326.0,4,402.0
9303,GI,2023,555.0,4,649.0
9303,JZ,2023,95.0,4,87.0
9303,KZ,2023,68.0,4,67.0
9303,LZ,2023,127.0,4,145.0
9303,MN,2023,674.0,4,686.0
9303,OQ,2023,210.0,4,283.0
9303,RU,2023,379.0,4,398.0
9308,BE,2023,171.0,4,186.0
9308,FZ,2023,356.0,4,399.0
9308,GI,2023,587.0,4,558.0
9308,JZ,2023,69.0,4,57.0
9308,KZ,2023,49.0,4,61.0
9308,LZ,2023,112.0,4,97.0
9308,MN,2023,642.0,4,597.0
9308,OQ,2023,203.0,4,200.0
9308,RU,2023,297.0,4,312.0
9313,BE,2023,351.0,4,351.0
9313,FZ,2023,528.0,4,539.0
9313,GI,2023,1458.0,4,1596.0
9313,JZ,2023,199.0,4,196.0
9313,KZ,2023,140.0,4,123.0
9313,LZ,2023,186.0,4,213.0
9313,MN,2023,1166.0,4,1165.0
9313,OQ,2023,533.0,4,538.0
9313,RU,2023,678.0,4,723.0
9318,BE,2023,632.0,4,618.0
9318,FZ,2023,1221.0,4,1366.0
9318,GI,2023,2723.0,4,2698.0
9318,JZ,2023,424.0,4,420.0
9318,KZ,2023,290.0,4,313.0
9318,LZ,2023,566.0,4,696.0
9318,MN,2023,2791.0,4,2668.0
9318,OQ,2023,1198.0,4,1195.0
9318,RU,2023,1472.0,4,1523.0
0051,BE,2024,190.0,0,151.0
0051,FZ,2024,115.0,0,105.0
0051,GI,2024,341.0,0,324.0
0051,JZ,2024,59.0,0,44.0
0051,KZ,2024,43.0,0,69.0
0051,LZ,2024,40.0,0,44.0
0051,MN,2024,293.0,0,220.0
0051,OQ,2024,108.0,0,104.0
0051,RU,2024,188.0,0,159.0
0056,BE,2024,171.0,0,133.0
0056,FZ,2024,55.0,0,65.0
0056,GI,2024,187.0,0,187.0
0056,JZ,2024,27.0,0,17.0
0056,KZ,2024,18.0,0,20.0
0056,LZ,2024,43.0,0,25.0
0056,MN,2024,154.0,0,154.0
0056,OQ,2024,53.0,0,51.0
0056,RU,2024,107.0,0,108.0
0061,BE,2024,138.0,0,111.0
0061,FZ,2024,68.0,0,61.0
0061,GI,2024,167.0,0,165.0
0061,JZ,2024,20.0,0,23.0
0061,KZ,2024,20.0,0,16.0
0061,LZ,2024,28.0,0,23.0
0061,MN,2024,193.0,0,147.0
0061,OQ,2024,50.0,0,52.0
0061,RU,2024,104.0,0,87.0
1102,BE,2024,135.0,0,99.0
1102,FZ,2024,130.0,0,129.0
1102,GI,2024,311.0,0,309.0
1102,JZ,2024,73.0,0,64.0
1102,KZ,2024,26.0,0,40.0
1102,LZ,2024,53.0,0,41.0
1102,MN,2024,243.0,0,279.0
1102,OQ,2024,100.0,0,90.0
1102,RU,2024,153.0,0,171.0
1107,BE,2024,258.0,0,238.0
1107,FZ,2024,323.0,0,334.0
1107,GI,2024,1166.0,0,1059.0
1107,JZ,2024,215.0,0,219.0
1107,KZ,2024,84.0,0,98.0
1107,LZ,2024,126.0,0,178.0
1107,MN,2024,918.0,0,875.0
1107,OQ,2024,287.0,0,263.0
1107,RU,2024,391.0,0,376.0
1112,BE,2024,600.0,0,539.0
1112,FZ,2024,2335.0,0,2111.0
1112,GI,2024,8242.0,0,7268.0
1112,JZ,2024,1272.0,0,1196.0
1112,KZ,2024,442.0,0,341.0
1112,LZ,2024,403.0,0,373.0
1112,MN,2024,4702.0,0,4705.0
1112,OQ,2024,1520.0,0,1419.0
1112,RU,2024,1719.0,0,1439.0
2402,BE,2024,347.0,0,318.0
2402,FZ,2024,156.0,0,165.0
2402,GI,2024,662.0,0,646.0
2402,JZ,2024,91.0,0,85.0
2402,KZ,2024,77.0,0,67.0
2402,LZ,2024,104.0,0,94.0
2402,MN,2024,449.0,0,489.0
2402,OQ,2024,209.0,0,190.0
2402,RU,2024,279.0,0,267.0
2407,BE,2024,172.0,0,146.0
2407,FZ,2024,82.0,0,79.0
2407,GI,2024,249.0,0,196.0
2407,JZ,2024,24.0,0,26.0
2407,KZ,2024,20.0,0,18.0
2407,LZ,2024,38.0,0,27.0
2407,MN,2024,192.0,0,173.0
2407,OQ,2024,68.0,0,71.0
2407,RU,2024,110.0,0,99.0
2412,BE,2024,178.0,0,139.0
2412,FZ,2024,107.0,0,104.0
2412,GI,2024,282.0,0,284.0
2412,JZ,2024,35.0,0,25.0
2412,KZ,2024,21.0,0,21.0
2412,LZ,2024,68.0,0,46.0
2412,MN,2024,256.0,0,229.0
2412,OQ,2024,89.0,0,81.0
2412,RU,2024,125.0,0,117.0
2702,BE,2024,360.0,0,281.0
2702,FZ,2024,178.0,0,228.0
2702,GI,2024,657.0,0,580.0
2702,JZ,2024,86.0,0,81.0
2702,KZ,2024,73.0,0,76.0
2702,LZ,2024,87.0,0,83.0
2702,MN,2024,482.0,0,407.0
2702,OQ,2024,243.0,0,201.0
2702,RU,2024,277.0,0,249.0
2707,BE,2024,266.0,0,220.0
2707,FZ,2024,179.0,0,165.0
2707,GI,2024,667.0,0,539.0
2707,JZ,2024,85.0,0,81.0
2707,KZ,2024,80.0,0,81.0
2707,LZ,2024,90.0,0,76.0
2707,MN,2024,447.0,0,443.0
2707,OQ,2024,194.0,0,196.0
2707,RU,2024,259.0,0,243.0
2712,BE,2024,153.0,0,131.0
2712,FZ,2024,99.0,0,110.0
2712,GI,2024,285.0,0,245.0
2712,JZ,2024,34.0,0,26.0
2712,KZ,2024,27.0,0,43.0
2712,LZ,2024,43.0,0,52.0
2712,MN,2024,217.0,0,182.0
2712,OQ,2024,97.0,0,96.0
2712,RU,2024,134.0,0,127.0
2717,BE,2024,227.0,0,194.0
2717,FZ,2024,165.0,0,132.0
2717,GI,2024,533.0,0,423.0
2717,JZ,2024,67.0,0,47.0
2717,KZ,2024,45.0,0,48.0
2717,LZ,2024,76.0,0,38.0
2717,MN,2024,332.0,0,291.0
2717,OQ,2024,129.0,0,122.0
2717,RU,2024,209.0,0,197.0
2804,BE,2024,641.0,0,508.0
2804,FZ,2024,617.0,0,562.0
2804,GI,2024,2070.0,0,1810.0
2804,JZ,2024,383.0,0,363.0
2804,KZ,2024,288.0,0,319.0
2804,LZ,2024,368.0,0,363.0
2804,MN,2024,1673.0,0,1695.0
2804,OQ,2024,901.0,0,887.0
2804,RU,2024,1006.0,0,1006.0
2809,BE,2024,195.0,0,123.0
2809,FZ,2024,61.0,0,68.0
2809,GI,2024,263.0,0,209.0
2809,JZ,2024,42.0,0,24.0
2809,KZ,2024,29.0,0,23.0
2809,LZ,2024,32.0,0,15.0
2809,MN,2024,139.0,0,142.0
2809,OQ,2024,64.0,0,67.0
2809,RU,2024,97.0,0,90.0
2814,BE,2024,147.0,0,86.0
2814,FZ,2024,95.0,0,101.0
2814,GI,2024,239.0,0,236.0
2814,JZ,2024,29.0,0,36.0
2814,KZ,2024,32.0,0,41.0
2814,LZ,2024,36.0,0,43.0
2814,MN,2024,221.0,0,214.0
2814,OQ,2024,80.0,0,70.0
2814,RU,2024,139.0,0,119.0
2819,BE,2024,201.0,0,147.0
2819,FZ,2024,81.0,0,71.0
2819,GI,2024,278.0,0,290.0
2819,JZ,2024,30.0,0,39.0
2819,KZ,2024,45.0,0,45.0
2819,LZ,2024,39.0,0,38.0
2819,MN,2024,222.0,0,195.0
2819,OQ,2024,99.0,0,88.0
2819,RU,2024,141.0,0,177.0
3205,BE,2024,328.0,0,261.0
3205,FZ,2024,248.0,0,213.0
3205,GI,2024,805.0,0,774.0
3205,JZ,2024,100.0,0,88.0
3205,KZ,2024,84.0,0,89.0
3205,LZ,2024,112.0,0,94.0
3205,MN,2024,510.0,0,459.0
3205,OQ,2024,246.0,0,234.0
3205,RU,2024,348.0,0,300.0
3210,BE,2024,197.0,0,167.0
3210,FZ,2024,194.0,0,193.0
3210,GI,2024,709.0,0,664.0
3210,JZ,2024,115.0,0,130.0
3210,KZ,2024,69.0,0,87.0
3210,LZ,2024,77.0,0,81.0
3210,MN,2024,541.0,0,562.0
3210,OQ,2024,208.0,0,235.0
3210,RU,2024,312.0,0,274.0
3215,BE,2024,385.0,0,275.0
3215,FZ,2024,360.0,0,336.0
3215,GI,2024,1686.0,0,1407.0
3215,JZ,2024,171.0,0,140.0
3215,KZ,2024,84.0,0,78.0
3215,LZ,2024,123.0,0,98.0
3215,MN,2024,704.0,0,659.0
3215,OQ,2024,377.0,0,355.0
3215,RU,2024,541.0,0,461.0
3220,BE,2024,367.0,0,294.0
3220,FZ,2024,204.0,0,210.0
3220,GI,2024,765.0,0,669.0
3220,JZ,2024,80.0,0,72.0
3220,KZ,2024,67.0,0,63.0
3220,LZ,2024,79.0,0,85.0
3220,MN,2024,466.0,0,474.0
3220,OQ,2024,213.0,0,215.0
3220,RU,2024,319.0,0,288.0
4403,BE,2024,201.0,0,160.0
4403,FZ,2024,152.0,0,150.0
4403,GI,2024,558.0,0,532.0
4403,JZ,2024,58.0,0,54.0
4403,KZ,2024,61.0,0,51.0
4403,LZ,2024,72.0,0,57.0
4403,MN,2024,311.0,0,290.0
4403,OQ,2024,128.0,0,153.0
4403,RU,2024,221.0,0,222.0
4408,BE,2024,121.0,0,98.0
4408,FZ,2024,170.0,0,139.0
4408,GI,2024,431.0,0,428.0
4408,JZ,2024,32.0,0,33.0
4408,KZ,2024,15.0,0,13.0
4408,LZ,2024,24.0,0,35.0
4408,MN,2024,226.0,0,199.0
4408,OQ,2024,90.0,0,84.0
4408,RU,2024,131.0,0,127.0
4413,BE,2024,362.0,0,303.0
4413,FZ,2024,430.0,0,410.0
4413,GI,2024,1997.0,0,1616.0
4413,JZ,2024,254.0,0,327.0
4413,KZ,2024,198.0,0,207.0
4413,LZ,2024,284.0,0,267.0
4413,MN,2024,1317.0,0,1180.0
4413,OQ,2024,590.0,0,548.0
4413,RU,2024,564.0,0,507.0
4418,BE,2024,113.0,0,112.0
4418,FZ,2024,58.0,0,86.0
4418,GI,2024,339.0,0,292.0
4418,JZ,2024,52.0,0,54.0
4418,KZ,2024,29.0,0,26.0
4418,LZ,2024,38.0,0,53.0
4418,MN,2024,219.0,0,217.0
4418,OQ,2024,97.0,0,89.0
4418,RU,2024,174.0,0,133.0
4423,BE,2024,677.0,0,597.0
4423,FZ,2024,915.0,0,967.0
4423,GI,2024,3292.0,0,2592.0
4423,JZ,2024,790.0,0,657.0
4423,KZ,2024,395.0,0,404.0
4423,LZ,2024,525.0,0,448.0
4423,MN,2024,3097.0,0,2866.0
4423,OQ,2024,1645.0,0,1533.0
4423,RU,2024,1434.0,0,1371.0
5201,BE,2024,218.0,0,197.0
5201,FZ,2024,127.0,0,91.0
5201,GI,2024,245.0,0,229.0
5201,JZ,2024,43.0,0,50.0
5201,KZ,2024,48.0,0,51.0
5201,LZ,2024,71.0,0,56.0
5201,MN,2024,279.0,0,272.0
5201,OQ,2024,127.0,0,121.0
5201,RU,2024,144.0,0,151.0
5206,BE,2024,288.0,0,245.0
5206,FZ,2024,183.0,0,193.0
5206,GI,2024,508.0,0,541.0
5206,JZ,2024,76.0,0,74.0
5206,KZ,2024,97.0,0,98.0
5206,LZ,2024,101.0,0,85.0
5206,MN,2024,451.0,0,468.0
5206,OQ,2024,174.0,0,216.0
5206,RU,2024,235.0,0,250.0
5211,BE,2024,250.0,0,217.0
5211,FZ,2024,107.0,0,128.0
5211,GI,2024,570.0,0,499.0
5211,JZ,2024,102.0,0,93.0
5211,KZ,2024,99.0,0,102.0
5211,LZ,2024,81.0,0,77.0
5211,MN,2024,524.0,0,569.0
5211,OQ,2024,214.0,0,196.0
5211,RU,2024,221.0,0,202.0
5216,BE,2024,1083.0,0,949.0
5216,FZ,2024,1195.0,0,1184.0
5216,GI,2024,3594.0,0,3198.0
5216,JZ,2024,1269.0,0,1142.0
5216,KZ,2024,642.0,0,722.0
5216,LZ,2024,807.0,0,650.0
5216,MN,2024,4272.0,0,4220.0
5216,OQ,2024,1855.0,0,1907.0
5216,RU,2024,2065.0,0,2006.0
5221,BE,2024,121.0,0,91.0
5221,FZ,2024,57.0,0,46.0
5221,GI,2024,149.0,0,128.0
5221,JZ,2024,15.0,0,13.0
5221,KZ,2024,22.0,0,23.0
5221,LZ,2024,30.0,0,26.0
5221,MN,2024,133.0,0,105.0
5221,OQ,2024,51.0,0,34.0
5221,RU,2024,68.0,0,72.0
5305,BE,2024,141.0,0,110.0
5305,FZ,2024,58.0,0,66.0
5305,GI,2024,234.0,0,186.0
5305,JZ,2024,51.0,0,36.0
5305,KZ,2024,37.0,0,46.0
5305,LZ,2024,32.0,0,36.0
5305,MN,2024,171.0,0,177.0
5305,OQ,2024,68.0,0,70.0
5305,RU,2024,90.0,0,113.0
5310,BE,2024,211.0,0,171.0
5310,FZ,2024,106.0,0,99.0
5310,GI,2024,327.0,0,307.0
5310,JZ,2024,58.0,0,51.0
5310,KZ,2024,57.0,0,50.0
5310,LZ,2024,78.0,0,63.0
5310,MN,2024,290.0,0,287.0
5310,OQ,2024,118.0,0,135.0
5310,RU,2024,179.0,0,169.0
5315,BE,2024,960.0,0,708.0
5315,FZ,2024,801.0,0,785.0
5315,GI,2024,2705.0,0,2414.0
5315,JZ,2024,859.0,0,842.0
5315,KZ,2024,587.0,0,616.0
5315,LZ,2024,537.0,0,439.0
5315,MN,2024,2904.0,0,2728.0
5315,OQ,2024,1427.0,0,1227.0
5315,RU,2024,1444.0,0,1308.0
7501,BE,2024,319.0,0,257.0
7501,FZ,2024,164.0,0,174.0
7501,GI,2024,603.0,0,529.0
7501,JZ,2024,96.0,0,67.0
7501,KZ,2024,71.0,0,76.0
7501,LZ,2024,119.0,0,86.0
7501,MN,2024,446.0,0,424.0
7501,OQ,2024,213.0,0,205.0
7501,RU,2024,274.0,0,254.0
7506,BE,2024,244.0,0,214.0
7506,FZ,2024,65.0,0,102.0
7506,GI,2024,312.0,0,270.0
7506,JZ,2024,40.0,0,35.0
7506,KZ,2024,46.0,0,45.0
7506,LZ,2024,56.0,0,56.0
7506,MN,2024,233.0,0,211.0
7506,OQ,2024,108.0,0,79.0
7506,RU,2024,143.0,0,145.0
7511,BE,2024,444.0,0,382.0
7511,FZ,2024,106.0,0,103.0
7511,GI,2024,333.0,0,291.0
7511,JZ,2024,44.0,0,36.0
7511,KZ,2024,23.0,0,29.0
7511,LZ,2024,69.0,0,53.0
7511,MN,2024,263.0,0,259.0
7511,OQ,2024,130.0,0,120.0
7511,RU,2024,155.0,0,146.0
7516,BE,2024,273.0,0,233.0
7516,FZ,2024,315.0,0,304.0
7516,GI,2024,713.0,0,678.0
7516,JZ,2024,85.0,0,96.0
7516,KZ,2024,61.0,0,73.0
7516,LZ,2024,98.0,0,95.0
7516,MN,2024,637.0,0,548.0
7516,OQ,2024,233.0,0,201.0
7516,RU,2024,301.0,0,305.0
7521,BE,2024,131.0,0,118.0
7521,FZ,2024,58.0,0,75.0
7521,GI,2024,190.0,0,155.0
7521,JZ,2024,31.0,0,23.0
7521,KZ,2024,13.0,0,17.0
7521,LZ,2024,54.0,0,53.0
7521,MN,2024,170.0,0,157.0
7521,OQ,2024,108.0,0,98.0
7521,RU,2024,127.0,0,110.0
7526,BE,2024,224.0,0,153.0
7526,FZ,2024,200.0,0,232.0
7526,GI,2024,590.0,0,509.0
7526,JZ,2024,54.0,0,65.0
7526,KZ,2024,64.0,0,55.0
7526,LZ,2024,193.0,0,139.0
7526,MN,2024,477.0,0,416.0
7526,OQ,2024,201.0,0,179.0
7526,RU,2024,275.0,0,291.0
7531,BE,2024,236.0,0,215.0
7531,FZ,2024,96.0,0,73.0
7531,GI,2024,248.0,0,225.0
7531,JZ,2024,39.0,0,28.0
7531,KZ,2024,20.0,0,17.0
7531,LZ,2024,29.0,0,33.0
7531,MN,2024,186.0,0,200.0
7531,OQ,2024,99.0,0,103.0
7531,RU,2024,132.0,0,122.0
7604,BE,2024,446.0,0,444.0
7604,FZ,2024,239.0,0,230.0
7604,GI,2024,579.0,0,521.0
7604,JZ,2024,73.0,0,77.0
7604,KZ,2024,52.0,0,59.0
7604,LZ,2024,117.0,0,127.0
7604,MN,2024,535.0,0,457.0
7604,OQ,2024,208.0,0,227.0
7604,RU,2024,290.0,0,278.0
7609,BE,2024,183.0,0,196.0
7609,FZ,2024,112.0,0,104.0
7609,GI,2024,251.0,0,243.0
7609,JZ,2024,30.0,0,42.0
7609,KZ,2024,23.0,0,22.0
7609,LZ,2024,40.0,0,41.0
7609,MN,2024,197.0,0,200.0
7609,OQ,2024,71.0,0,77.0
7609,RU,2024,124.0,0,132.0
7614,BE,2024,178.0,0,169.0
7614,FZ,2024,74.0,0,84.0
7614,GI,2024,226.0,0,226.0
7614,JZ,2024,29.0,0,26.0
7614,KZ,2024,20.0,0,20.0
7614,LZ,2024,46.0,0,40.0
7614,MN,2024,162.0,0,151.0
7614,OQ,2024,114.0,0,108.0
7614,RU,2024,97.0,0,108.0
7619,BE,2024,161.0,0,125.0
7619,FZ,2024,54.0,0,52.0
7619,GI,2024,199.0,0,158.0
7619,JZ,2024,32.0,0,20.0
7619,KZ,2024,11.0,0,8.0
7619,LZ,2024,37.0,0,26.0
7619,MN,2024,170.0,0,134.0
7619,OQ,2024,64.0,0,64.0
7619,RU,2024,85.0,0,90.0
7624,BE,2024,469.0,0,415.0
7624,FZ,2024,336.0,0,421.0
7624,GI,2024,950.0,0,779.0
7624,JZ,2024,103.0,0,96.0
7624,KZ,2024,83.0,0,67.0
7624,LZ,2024,208.0,0,175.0
7624,MN,2024,729.0,0,626.0
7624,OQ,2024,432.0,0,396.0
7624,RU,2024,455.0,0,442.0
8404,BE,2024,96.0,0,95.0
8404,FZ,2024,77.0,0,77.0
8404,GI,2024,185.0,0,149.0
8404,JZ,2024,31.0,0,19.0
8404,KZ,2024,22.0,0,22.0
8404,LZ,2024,34.0,0,35.0
8404,MN,2024,183.0,0,148.0
8404,OQ,2024,67.0,0,81.0
8404,RU,2024,111.0,0,99.0
8409,BE,2024,603.0,0,483.0
8409,FZ,2024,944.0,0,859.0
8409,GI,2024,2580.0,0,2247.0
8409,JZ,2024,703.0,0,712.0
8409,KZ,2024,304.0,0,265.0
8409,LZ,2024,584.0,0,410.0
8409,MN,2024,2655.0,0,2462.0
8409,OQ,2024,1232.0,0,1165.0
8409,RU,2024,1274.0,0,1193.0
8414,BE,2024,102.0,0,73.0
8414,FZ,2024,174.0,0,154.0
8414,GI,2024,416.0,0,313.0
8414,JZ,2024,71.0,0,48.0
8414,KZ,2024,33.0,0,42.0
8414,LZ,2024,89.0,0,90.0
8414,MN,2024,377.0,0,335.0
8414,OQ,2024,177.0,0,139.0
8414,RU,2024,200.0,0,170.0
8419,BE,2024,246.0,0,191.0
8419,FZ,2024,120.0,0,102.0
8419,GI,2024,391.0,0,403.0
8419,JZ,2024,58.0,0,49.0
8419,KZ,2024,38.0,0,32.0
8419,LZ,2024,75.0,0,47.0
8419,MN,2024,312.0,0,235.0
8419,OQ,2024,168.0,0,177.0
8419,RU,2024,165.0,0,159.0
8424,BE,2024,291.0,0,257.0
8424,FZ,2024,72.0,0,61.0
8424,GI,2024,286.0,0,258.0
8424,JZ,2024,38.0,0,34.0
8424,KZ,2024,19.0,0,23.0
8424,LZ,2024,46.0,0,45.0
8424,MN,2024,214.0,0,192.0
8424,OQ,2024,101.0,0,92.0
8424,RU,2024,111.0,0,123.0
8429,BE,2024,130.0,0,92.0
8429,FZ,2024,31.0,0,20.0
8429,GI,2024,79.0,0,99.0
8429,JZ,2024,8.0,0,11.0
8429,KZ,2024,6.0,0,12.0
8429,LZ,2024,28.0,0,8.0
8429,MN,2024,74.0,0,56.0
8429,OQ,2024,31.0,0,42.0
8429,RU,2024,51.0,0,36.0
8434,BE,2024,281.0,0,203.0
8434,FZ,2024,281.0,0,286.0
8434,GI,2024,893.0,0,727.0
8434,JZ,2024,140.0,0,150.0
8434,KZ,2024,110.0,0,97.0
8434,LZ,2024,138.0,0,110.0
8434,MN,2024,806.0,0,705.0
8434,OQ,2024,298.0,0,293.0
8434,RU,2024,336.0,0,356.0
9304,BE,2024,649.0,0,629.0
9304,FZ,2024,1316.0,0,1196.0
9304,GI,2024,3071.0,0,2743.0
9304,JZ,2024,690.0,0,575.0
9304,KZ,2024,340.0,0,317.0
9304,LZ,2024,925.0,0,863.0
9304,MN,2024,3438.0,0,3304.0
9304,OQ,2024,1017.0,0,950.0
9304,RU,2024,1508.0,0,1486.0
9309,BE,2024,125.0,0,132.0
9309,FZ,2024,407.0,0,414.0
9309,GI,2024,860.0,0,812.0
9309,JZ,2024,104.0,0,89.0
9309,KZ,2024,78.0,0,75.0
9309,LZ,2024,209.0,0,178.0
9309,MN,2024,831.0,0,778.0
9309,OQ,2024,304.0,0,279.0
9309,RU,2024,414.0,0,355.0
9314,BE,2024,58.0,0,66.0
9314,FZ,2024,141.0,0,161.0
9314,GI,2024,407.0,0,396.0
9314,JZ,2024,63.0,0,49.0
9314,KZ,2024,32.0,0,39.0
9314,LZ,2024,154.0,0,199.0
9314,MN,2024,428.0,0,438.0
9314,OQ,2024,172.0,0,151.0
9314,RU,2024,271.0,0,255.0
0052,BE,2024,215.0,1,190.0
0052,FZ,2024,250.0,1,234.0
0052,GI,2024,875.0,1,702.0
0052,JZ,2024,93.0,1,73.0
0052,KZ,2024,66.0,1,84.0
0052,LZ,2024,136.0,1,106.0
0052,MN,2024,660.0,1,608.0
0052,OQ,2024,212.0,1,261.0
0052,RU,2024,330.0,1,361.0
0057,BE,2024,228.0,1,230.0
0057,FZ,2024,212.0,1,229.0
0057,GI,2024,646.0,1,540.0
0057,JZ,2024,89.0,1,77.0
0057,KZ,2024,40.0,1,53.0
0057,LZ,2024,59.0,1,80.0
0057,MN,2024,489.0,1,418.0
0057,OQ,2024,160.0,1,127.0
0057,RU,2024,241.0,1,219.0
0062,BE,2024,196.0,1,145.0
0062,FZ,2024,110.0,1,81.0
0062,GI,2024,230.0,1,187.0
0062,JZ,2024,39.0,1,47.0
0062,KZ,2024,48.0,1,30.0
0062,LZ,2024,51.0,1,37.0
0062,MN,2024,214.0,1,195.0
0062,OQ,2024,88.0,1,73.0
0062,RU,2024,152.0,1,142.0
1103,BE,2024,120.0,1,122.0
1103,FZ,2024,128.0,1,141.0
1103,GI,2024,536.0,1,403.0
1103,JZ,2024,96.0,1,96.0
1103,KZ,2024,42.0,1,42.0
1103,LZ,2024,65.0,1,49.0
1103,MN,2024,389.0,1,405.0
1103,OQ,2024,153.0,1,159.0
1103,RU,2024,179.0,1,178.0
1108,BE,2024,214.0,1,164.0
1108,FZ,2024,343.0,1,359.0
1108,GI,2024,1320.0,1,1113.0
1108,JZ,2024,256.0,1,240.0
1108,KZ,2024,72.0,1,61.0
1108,LZ,2024,128.0,1,125.0
1108,MN,2024,918.0,1,920.0
1108,OQ,2024,305.0,1,282.0
1108,RU,2024,395.0,1,327.0
1113,BE,2024,415.0,1,371.0
1113,FZ,2024,751.0,1,735.0
1113,GI,2024,3164.0,1,2871.0
1113,JZ,2024,846.0,1,904.0
1113,KZ,2024,231.0,1,242.0
1113,LZ,2024,317.0,1,289.0
1113,MN,2024,2604.0,1,2719.0
1113,OQ,2024,1022.0,1,1003.0
1113,RU,2024,1082.0,1,1025.0
2403,BE,2024,278.0,1,225.0
2403,FZ,2024,209.0,1,209.0
2403,GI,2024,757.0,1,691.0
2403,JZ,2024,167.0,1,139.0
2403,KZ,2024,105.0,1,99.0
2403,LZ,2024,125.0,1,118.0
2403,MN,2024,654.0,1,646.0
2403,OQ,2024,240.0,1,226.0
2403,RU,2024,356.0,1,305.0
2408,BE,2024,149.0,1,104.0
2408,FZ,2024,52.0,1,55.0
2408,GI,2024,145.0,1,130.0
2408,JZ,2024,20.0,1,25.0
2408,KZ,2024,17.0,1,14.0
2408,LZ,2024,32.0,1,24.0
2408,MN,2024,142.0,1,137.0
2408,OQ,2024,35.0,1,45.0
2408,RU,2024,98.0,1,75.0
2413,BE,2024,679.0,1,520.0
2413,FZ,2024,538.0,1,545.0
2413,GI,2024,2235.0,1,1937.0
2413,JZ,2024,427.0,1,408.0
2413,KZ,2024,295.0,1,275.0
2413,LZ,2024,438.0,1,290.0
2413,MN,2024,1885.0,1,1806.0
2413,OQ,2024,856.0,1,829.0
2413,RU,2024,918.0,1,921.0
2703,BE,2024,138.0,1,116.0
2703,FZ,2024,58.0,1,53.0
2703,GI,2024,143.0,1,153.0
2703,JZ,2024,24.0,1,21.0
2703,KZ,2024,17.0,1,11.0
2703,LZ,2024,28.0,1,13.0
2703,MN,2024,134.0,1,124.0
2703,OQ,2024,75.0,1,49.0
2703,RU,2024,92.0,1,90.0
2708,BE,2024,251.0,1,218.0
2708,FZ,2024,83.0,1,60.0
2708,GI,2024,223.0,1,210.0
2708,JZ,2024,25.0,1,26.0
2708,KZ,2024,24.0,1,25.0
2708,LZ,2024,42.0,1,40.0
2708,MN,2024,191.0,1,195.0
2708,OQ,2024,75.0,1,83.0
2708,RU,2024,134.0,1,107.0
2713,BE,2024,320.0,1,301.0
2713,FZ,2024,163.0,1,189.0
2713,GI,2024,509.0,1,476.0
2713,JZ,2024,70.0,1,53.0
2713,KZ,2024,73.0,1,88.0
2713,LZ,2024,103.0,1,73.0
2713,MN,2024,392.0,1,339.0
2713,OQ,2024,197.0,1,150.0
2713,RU,2024,283.0,1,243.0
2718,BE,2024,257.0,1,224.0
2718,FZ,2024,107.0,1,119.0
2718,GI,2024,395.0,1,375.0
2718,JZ,2024,50.0,1,43.0
2718,KZ,2024,26.0,1,40.0
2718,LZ,2024,54.0,1,38.0
2718,MN,2024,266.0,1,227.0
2718,OQ,2024,96.0,1,135.0
2718,RU,2024,135.0,1,166.0
2805,BE,2024,265.0,1,196.0
2805,FZ,2024,127.0,1,109.0
2805,GI,2024,485.0,1,426.0
2805,JZ,2024,74.0,1,50.0
2805,KZ,2024,71.0,1,58.0
2805,LZ,2024,72.0,1,64.0
2805,MN,2024,361.0,1,305.0
2805,OQ,2024,190.0,1,176.0
2805,RU,2024,256.0,1,233.0
2810,BE,2024,85.0,1,54.0
2810,FZ,2024,53.0,1,36.0
2810,GI,2024,163.0,1,134.0
2810,JZ,2024,25.0,1,23.0
2810,KZ,2024,30.0,1,33.0
2810,LZ,2024,40.0,1,28.0
2810,MN,2024,127.0,1,129.0
2810,OQ,2024,84.0,1,71.0
2810,RU,2024,103.0,1,99.0
2815,BE,2024,815.0,1,663.0
2815,FZ,2024,824.0,1,842.0
2815,GI,2024,2823.0,1,2593.0
2815,JZ,2024,541.0,1,523.0
2815,KZ,2024,337.0,1,351.0
2815,LZ,2024,412.0,1,328.0
2815,MN,2024,2255.0,1,2172.0
2815,OQ,2024,1043.0,1,1018.0
2815,RU,2024,1221.0,1,1152.0
3201,BE,2024,143.0,1,110.0
3201,FZ,2024,82.0,1,82.0
3201,GI,2024,283.0,1,260.0
3201,JZ,2024,32.0,1,51.0
3201,KZ,2024,33.0,1,36.0
3201,LZ,2024,57.0,1,36.0
3201,MN,2024,188.0,1,156.0
3201,OQ,2024,81.0,1,73.0
3201,RU,2024,115.0,1,102.0
3206,BE,2024,194.0,1,145.0
3206,FZ,2024,137.0,1,127.0
3206,GI,2024,562.0,1,517.0
3206,JZ,2024,62.0,1,53.0
3206,KZ,2024,51.0,1,65.0
3206,LZ,2024,101.0,1,71.0
3206,MN,2024,323.0,1,297.0
3206,OQ,2024,158.0,1,171.0
3206,RU,2024,187.0,1,202.0
3211,BE,2024,288.0,1,246.0
3211,FZ,2024,327.0,1,286.0
3211,GI,2024,1612.0,1,1273.0
3211,JZ,2024,250.0,1,234.0
3211,KZ,2024,94.0,1,129.0
3211,LZ,2024,146.0,1,132.0
3211,MN,2024,1027.0,1,946.0
3211,OQ,2024,372.0,1,348.0
3211,RU,2024,492.0,1,476.0
3216,BE,2024,824.0,1,723.0
3216,FZ,2024,1043.0,1,1379.0
3216,GI,2024,5315.0,1,4148.0
3216,JZ,2024,1462.0,1,1349.0
3216,KZ,2024,620.0,1,615.0
3216,LZ,2024,799.0,1,531.0
3216,MN,2024,4319.0,1,4262.0
3216,OQ,2024,2341.0,1,2215.0
3216,RU,2024,1802.0,1,1691.0
3221,BE,2024,238.0,1,188.0
3221,FZ,2024,169.0,1,155.0
3221,GI,2024,572.0,1,483.0
3221,JZ,2024,74.0,1,79.0
3221,KZ,2024,67.0,1,68.0
3221,LZ,2024,72.0,1,77.0
3221,MN,2024,400.0,1,384.0
3221,OQ,2024,175.0,1,139.0
3221,RU,2024,256.0,1,185.0
4404,BE,2024,240.0,1,187.0
4404,FZ,2024,90.0,1,92.0
4404,GI,2024,334.0,1,305.0
4404,JZ,2024,53.0,1,45.0
4404,KZ,2024,37.0,1,24.0
4404,LZ,2024,60.0,1,41.0
4404,MN,2024,236.0,1,216.0
4404,OQ,2024,108.0,1,112.0
4404,RU,2024,136.0,1,145.0
4409,BE,2024,375.0,1,292.0
4409,FZ,2024,275.0,1,284.0
4409,GI,2024,771.0,1,620.0
4409,JZ,2024,121.0,1,94.0
4409,KZ,2024,92.0,1,80.0
4409,LZ,2024,92.0,1,92.0
4409,MN,2024,661.0,1,548.0
4409,OQ,2024,310.0,1,305.0
4409,RU,2024,376.0,1,354.0
4414,BE,2024,132.0,1,115.0
4414,FZ,2024,90.0,1,91.0
4414,GI,2024,257.0,1,251.0
4414,JZ,2024,39.0,1,29.0
4414,KZ,2024,26.0,1,34.0
4414,LZ,2024,64.0,1,64.0
4414,MN,2024,222.0,1,205.0
4414,OQ,2024,114.0,1,89.0
4414,RU,2024,138.0,1,147.0
4419,BE,2024,211.0,1,174.0
4419,FZ,2024,88.0,1,122.0
4419,GI,2024,308.0,1,300.0
4419,JZ,2024,48.0,1,39.0
4419,KZ,2024,31.0,1,38.0
4419,LZ,2024,45.0,1,47.0
4419,MN,2024,222.0,1,235.0
4419,OQ,2024,111.0,1,131.0
4419,RU,2024,157.0,1,142.0
4424,BE,2024,418.0,1,380.0
4424,FZ,2024,315.0,1,294.0
4424,GI,2024,1127.0,1,997.0
4424,JZ,2024,168.0,1,168.0
4424,KZ,2024,85.0,1,91.0
4424,LZ,2024,174.0,1,177.0
4424,MN,2024,682.0,1,660.0
4424,OQ,2024,326.0,1,308.0
4424,RU,2024,530.0,1,478.0
5202,BE,2024,417.0,1,391.0
5202,FZ,2024,392.0,1,416.0
5202,GI,2024,1637.0,1,1454.0
5202,JZ,2024,363.0,1,335.0
5202,KZ,2024,220.0,1,261.0
5202,LZ,2024,367.0,1,257.0
5202,MN,2024,1536.0,1,1411.0
5202,OQ,2024,758.0,1,699.0
5202,RU,2024,733.0,1,691.0
5207,BE,2024,280.0,1,264.0
5207,FZ,2024,97.0,1,109.0
5207,GI,2024,325.0,1,292.0
5207,JZ,2024,51.0,1,30.0
5207,KZ,2024,54.0,1,47.0
5207,LZ,2024,67.0,1,81.0
5207,MN,2024,324.0,1,230.0
5207,OQ,2024,111.0,1,123.0
5207,RU,2024,193.0,1,179.0
5212,BE,2024,487.0,1,436.0
5212,FZ,2024,326.0,1,268.0
5212,GI,2024,1412.0,1,1271.0
5212,JZ,2024,249.0,1,213.0
5212,KZ,2024,166.0,1,183.0
5212,LZ,2024,266.0,1,182.0
5212,MN,2024,1040.0,1,942.0
5212,OQ,2024,464.0,1,403.0
5212,RU,2024,539.0,1,501.0
5217,BE,2024,151.0,1,107.0
5217,FZ,2024,87.0,1,58.0
5217,GI,2024,258.0,1,248.0
5217,JZ,2024,44.0,1,36.0
5217,KZ,2024,34.0,1,32.0
5217,LZ,2024,62.0,1,55.0
5217,MN,2024,297.0,1,284.0
5217,OQ,2024,118.0,1,116.0
5217,RU,2024,160.0,1,155.0
5301,BE,2024,160.0,1,126.0
5301,FZ,2024,132.0,1,103.0
5301,GI,2024,294.0,1,302.0
5301,JZ,2024,67.0,1,56.0
5301,KZ,2024,74.0,1,88.0
5301,LZ,2024,123.0,1,81.0
5301,MN,2024,355.0,1,370.0
5301,OQ,2024,178.0,1,152.0
5301,RU,2024,162.0,1,174.0
5306,BE,2024,117.0,1,89.0
5306,FZ,2024,67.0,1,54.0
5306,GI,2024,191.0,1,164.0
5306,JZ,2024,25.0,1,20.0
5306,KZ,2024,28.0,1,22.0
5306,LZ,2024,42.0,1,24.0
5306,MN,2024,125.0,1,124.0
5306,OQ,2024,51.0,1,47.0
5306,RU,2024,77.0,1,88.0
5311,BE,2024,164.0,1,125.0
5311,FZ,2024,99.0,1,64.0
5311,GI,2024,192.0,1,155.0
5311,JZ,2024,41.0,1,33.0
5311,KZ,2024,39.0,1,40.0
5311,LZ,2024,29.0,1,34.0
5311,MN,2024,184.0,1,163.0
5311,OQ,2024,79.0,1,101.0
5311,RU,2024,137.0,1,143.0
5316,BE,2024,289.0,1,224.0
5316,FZ,2024,374.0,1,361.0
5316,GI,2024,643.0,1,544.0
5316,JZ,2024,95.0,1,87.0
5316,KZ,2024,126.0,1,125.0
5316,LZ,2024,161.0,1,133.0
5316,MN,2024,610.0,1,502.0
5316,OQ,2024,210.0,1,190.0
5316,RU,2024,321.0,1,285.0
7502,BE,2024,470.0,1,384.0
7502,FZ,2024,249.0,1,279.0
7502,GI,2024,884.0,1,832.0
7502,JZ,2024,144.0,1,158.0
7502,KZ,2024,100.0,1,95.0
7502,LZ,2024,150.0,1,174.0
7502,MN,2024,711.0,1,636.0
7502,OQ,2024,290.0,1,248.0
7502,RU,2024,511.0,1,434.0
7507,BE,2024,283.0,1,212.0
7507,FZ,2024,164.0,1,161.0
7507,GI,2024,504.0,1,471.0
7507,JZ,2024,65.0,1,71.0
7507,KZ,2024,59.0,1,54.0
7507,LZ,2024,118.0,1,78.0
7507,MN,2024,450.0,1,358.0
7507,OQ,2024,169.0,1,181.0
7507,RU,2024,220.0,1,210.0
7512,BE,2024,382.0,1,349.0
7512,FZ,2024,430.0,1,435.0
7512,GI,2024,1050.0,1,964.0
7512,JZ,2024,227.0,1,180.0
7512,KZ,2024,182.0,1,163.0
7512,LZ,2024,314.0,1,224.0
7512,MN,2024,1247.0,1,1121.0
7512,OQ,2024,508.0,1,448.0
7512,RU,2024,639.0,1,585.0
7517,BE,2024,450.0,1,407.0
7517,FZ,2024,321.0,1,328.0
7517,GI,2024,1188.0,1,1086.0
7517,JZ,2024,183.0,1,153.0
7517,KZ,2024,130.0,1,96.0
7517,LZ,2024,242.0,1,170.0
7517,MN,2024,897.0,1,798.0
7517,OQ,2024,468.0,1,435.0
7517,RU,2024,486.0,1,521.0
7522,BE,2024,558.0,1,474.0
7522,FZ,2024,406.0,1,425.0
7522,GI,2024,1132.0,1,1065.0
7522,JZ,2024,245.0,1,195.0
7522,KZ,2024,117.0,1,110.0
7522,LZ,2024,273.0,1,252.0
7522,MN,2024,1143.0,1,1006.0
7522,OQ,2024,670.0,1,553.0
7522,RU,2024,671.0,1,622.0
7527,BE,2024,306.0,1,255.0
7527,FZ,2024,97.0,1,81.0
7527,GI,2024,249.0,1,232.0
7527,JZ,2024,42.0,1,43.0
7527,KZ,2024,21.0,1,23.0
7527,LZ,2024,38.0,1,46.0
7527,MN,2024,237.0,1,192.0
7527,OQ,2024,83.0,1,72.0
7527,RU,2024,118.0,1,134.0
7532,BE,2024,232.0,1,224.0
7532,FZ,2024,119.0,1,134.0
7532,GI,2024,343.0,1,301.0
7532,JZ,2024,41.0,1,32.0
7532,KZ,2024,19.0,1,26.0
7532,LZ,2024,61.0,1,73.0
7532,MN,2024,288.0,1,259.0
7532,OQ,2024,115.0,1,109.0
7532,RU,2024,179.0,1,144.0
7605,BE,2024,131.0,1,94.0
7605,FZ,2024,92.0,1,100.0
7605,GI,2024,335.0,1,261.0
7605,JZ,2024,43.0,1,26.0
7605,KZ,2024,29.0,1,26.0
7605,LZ,2024,61.0,1,50.0
7605,MN,2024,274.0,1,294.0
7605,OQ,2024,112.0,1,95.0
7605,RU,2024,140.0,1,124.0
7610,BE,2024,372.0,1,327.0
7610,FZ,2024,215.0,1,199.0
7610,GI,2024,625.0,1,507.0
7610,JZ,2024,105.0,1,105.0
7610,KZ,2024,68.0,1,64.0
7610,LZ,2024,101.0,1,86.0
7610,MN,2024,509.0,1,486.0
7610,OQ,2024,231.0,1,239.0
7610,RU,2024,299.0,1,279.0
7615,BE,2024,400.0,1,351.0
7615,FZ,2024,314.0,1,360.0
7615,GI,2024,803.0,1,794.0
7615,JZ,2024,99.0,1,98.0
7615,KZ,2024,80.0,1,71.0
7615,LZ,2024,145.0,1,121.0
7615,MN,2024,647.0,1,631.0
7615,OQ,2024,364.0,1,282.0
7615,RU,2024,404.0,1,385.0
7620,BE,2024,838.0,1,675.0
7620,FZ,2024,932.0,1,924.0
7620,GI,2024,2812.0,1,2377.0
7620,JZ,2024,374.0,1,313.0
7620,KZ,2024,252.0,1,234.0
7620,LZ,2024,587.0,1,438.0
7620,MN,2024,1999.0,1,1792.0
7620,OQ,2024,993.0,1,892.0
7620,RU,2024,1242.0,1,1034.0
7625,BE,2024,1613.0,1,1352.0
7625,FZ,2024,2190.0,1,2119.0
7625,GI,2024,8376.0,1,6171.0
7625,JZ,2024,2003.0,1,1830.0
7625,KZ,2024,816.0,1,815.0
7625,LZ,2024,1310.0,1,988.0
7625,MN,2024,6871.0,1,6527.0
7625,OQ,2024,3476.0,1,3074.0
7625,RU,2024,3081.0,1,3064.0
8405,BE,2024,432.0,1,332.0
8405,FZ,2024,411.0,1,334.0
8405,GI,2024,1080.0,1,915.0
8405,JZ,2024,148.0,1,130.0
8405,KZ,2024,130.0,1,118.0
8405,LZ,2024,161.0,1,135.0
8405,MN,2024,859.0,1,787.0
8405,OQ,2024,386.0,1,351.0
8405,RU,2024,516.0,1,461.0
8410,BE,2024,179.0,1,128.0
8410,FZ,2024,95.0,1,73.0
8410,GI,2024,237.0,1,230.0
8410,JZ,2024,36.0,1,30.0
8410,KZ,2024,30.0,1,36.0
8410,LZ,2024,60.0,1,45.0
8410,MN,2024,228.0,1,190.0
8410,OQ,2024,111.0,1,110.0
8410,RU,2024,163.0,1,138.0
8415,BE,2024,130.0,1,89.0
8415,FZ,2024,232.0,1,175.0
8415,GI,2024,593.0,1,488.0
8415,JZ,2024,71.0,1,81.0
8415,KZ,2024,46.0,1,65.0
8415,LZ,2024,164.0,1,158.0
8415,MN,2024,498.0,1,492.0
8415,OQ,2024,257.0,1,248.0
8415,RU,2024,336.0,1,282.0
8420,BE,2024,154.0,1,170.0
8420,FZ,2024,100.0,1,77.0
8420,GI,2024,267.0,1,213.0
8420,JZ,2024,34.0,1,30.0
8420,KZ,2024,38.0,1,37.0
8420,LZ,2024,46.0,1,58.0
8420,MN,2024,200.0,1,210.0
8420,OQ,2024,147.0,1,90.0
8420,RU,2024,136.0,1,146.0
8425,BE,2024,76.0,1,85.0
8425,FZ,2024,76.0,1,92.0
8425,GI,2024,289.0,1,220.0
8425,JZ,2024,24.0,1,19.0
8425,KZ,2024,37.0,1,28.0
8425,LZ,2024,24.0,1,24.0
8425,MN,2024,164.0,1,147.0
8425,OQ,2024,59.0,1,55.0
8425,RU,2024,103.0,1,61.0
8430,BE,2024,74.0,1,89.0
8430,FZ,2024,86.0,1,72.0
8430,GI,2024,180.0,1,154.0
8430,JZ,2024,34.0,1,35.0
8430,KZ,2024,18.0,1,24.0
8430,LZ,2024,34.0,1,23.0
8430,MN,2024,170.0,1,164.0
8430,OQ,2024,73.0,1,77.0
8430,RU,2024,93.0,1,93.0
8435,BE,2024,334.0,1,281.0
8435,FZ,2024,348.0,1,325.0
8435,GI,2024,700.0,1,591.0
8435,JZ,2024,121.0,1,110.0
8435,KZ,2024,76.0,1,77.0
8435,LZ,2024,159.0,1,135.0
8435,MN,2024,791.0,1,669.0
8435,OQ,2024,341.0,1,279.0
8435,RU,2024,416.0,1,392.0
9305,BE,2024,150.0,1,153.0
9305,FZ,2024,218.0,1,203.0
9305,GI,2024,562.0,1,434.0
9305,JZ,2024,63.0,1,67.0
9305,KZ,2024,46.0,1,46.0
9305,LZ,2024,86.0,1,65.0
9305,MN,2024,487.0,1,408.0
9305,OQ,2024,165.0,1,156.0
9305,RU,2024,236.0,1,217.0
9310,BE,2024,180.0,1,167.0
9310,FZ,2024,188.0,1,169.0
9310,GI,2024,414.0,1,381.0
9310,JZ,2024,75.0,1,64.0
9310,KZ,2024,55.0,1,65.0
9310,LZ,2024,103.0,1,72.0
9310,MN,2024,386.0,1,340.0
9310,OQ,2024,250.0,1,249.0
9310,RU,2024,260.0,1,239.0
9315,BE,2024,607.0,1,557.0
9315,FZ,2024,1934.0,1,1724.0
9315,GI,2024,4491.0,1,4403.0
9315,JZ,2024,780.0,1,739.0
9315,KZ,2024,430.0,1,431.0
9315,LZ,2024,931.0,1,877.0
9315,MN,2024,4125.0,1,4117.0
9315,OQ,2024,1622.0,1,1552.0
9315,RU,2024,1955.0,1,1801.0
0053,BE,2024,413.0,2,326.0
0053,FZ,2024,667.0,2,651.0
0053,GI,2024,1935.0,2,1673.0
0053,JZ,2024,265.0,2,220.0
0053,KZ,2024,194.0,2,160.0
0053,LZ,2024,206.0,2,196.0
0053,MN,2024,1517.0,2,1335.0
0053,OQ,2024,537.0,2,537.0
0053,RU,2024,729.0,2,672.0
0058,BE,2024,103.0,2,93.0
0058,FZ,2024,54.0,2,48.0
0058,GI,2024,223.0,2,178.0
0058,JZ,2024,15.0,2,14.0
0058,KZ,2024,29.0,2,20.0
0058,LZ,2024,40.0,2,27.0
0058,MN,2024,139.0,2,115.0
0058,OQ,2024,47.0,2,34.0
0058,RU,2024,99.0,2,92.0
0063,BE,2024,225.0,2,221.0
0063,FZ,2024,75.0,2,70.0
0063,GI,2024,223.0,2,172.0
0063,JZ,2024,22.0,2,23.0
0063,KZ,2024,21.0,2,22.0
0063,LZ,2024,45.0,2,34.0
0063,MN,2024,167.0,2,130.0
0063,OQ,2024,76.0,2,76.0
0063,RU,2024,98.0,2,92.0
1104,BE,2024,493.0,2,422.0
1104,FZ,2024,1019.0,2,1058.0
1104,GI,2024,4101.0,2,3700.0
1104,JZ,2024,797.0,2,836.0
1104,KZ,2024,218.0,2,184.0
1104,LZ,2024,363.0,2,271.0
1104,MN,2024,2915.0,2,2850.0
1104,OQ,2024,1013.0,2,930.0
1104,RU,2024,1192.0,2,1089.0
1109,BE,2024,4996.0,2,4544.0
1109,FZ,2024,11947.0,2,10858.0
1109,GI,2024,64435.0,2,56692.0
1109,JZ,2024,21865.0,2,20331.0
1109,KZ,2024,8220.0,2,7553.0
1109,LZ,2024,7377.0,2,5644.0
1109,MN,2024,68859.0,2,66748.0
1109,OQ,2024,18203.0,2,17482.0
1109,RU,2024,19137.0,2,17849.0
1114,BE,2024,591.0,2,571.0
1114,FZ,2024,1082.0,2,1014.0
1114,GI,2024,4685.0,2,4255.0
1114,JZ,2024,1798.0,2,1545.0
1114,KZ,2024,425.0,2,409.0
1114,LZ,2024,550.0,2,460.0
1114,MN,2024,4429.0,2,4389.0
1114,OQ,2024,1605.0,2,1532.0
1114,RU,2024,1507.0,2,1534.0
2404,BE,2024,118.0,2,104.0
2404,FZ,2024,69.0,2,60.0
2404,GI,2024,168.0,2,148.0
2404,JZ,2024,17.0,2,17.0
2404,KZ,2024,24.0,2,28.0
2404,LZ,2024,14.0,2,18.0
2404,MN,2024,115.0,2,131.0
2404,OQ,2024,35.0,2,64.0
2404,RU,2024,73.0,2,57.0
2409,BE,2024,236.0,2,210.0
2409,FZ,2024,204.0,2,191.0
2409,GI,2024,543.0,2,430.0
2409,JZ,2024,68.0,2,70.0
2409,KZ,2024,32.0,2,30.0
2409,LZ,2024,63.0,2,60.0
2409,MN,2024,395.0,2,368.0
2409,OQ,2024,118.0,2,133.0
2409,RU,2024,212.0,2,163.0
2414,BE,2024,148.0,2,99.0
2414,FZ,2024,91.0,2,75.0
2414,GI,2024,164.0,2,173.0
2414,JZ,2024,26.0,2,43.0
2414,KZ,2024,26.0,2,30.0
2414,LZ,2024,35.0,2,37.0
2414,MN,2024,165.0,2,141.0
2414,OQ,2024,62.0,2,57.0
2414,RU,2024,99.0,2,64.0
2704,BE,2024,137.0,2,142.0
2704,FZ,2024,76.0,2,84.0
2704,GI,2024,309.0,2,296.0
2704,JZ,2024,36.0,2,26.0
2704,KZ,2024,67.0,2,65.0
2704,LZ,2024,70.0,2,54.0
2704,MN,2024,287.0,2,267.0
2704,OQ,2024,87.0,2,104.0
2704,RU,2024,127.0,2,144.0
2709,BE,2024,153.0,2,144.0
2709,FZ,2024,52.0,2,56.0
2709,GI,2024,167.0,2,155.0
2709,JZ,2024,16.0,2,18.0
2709,KZ,2024,21.0,2,24.0
2709,LZ,2024,30.0,2,14.0
2709,MN,2024,142.0,2,134.0
2709,OQ,2024,65.0,2,58.0
2709,RU,2024,82.0,2,75.0
2714,BE,2024,225.0,2,204.0
2714,FZ,2024,163.0,2,143.0
2714,GI,2024,786.0,2,679.0
2714,JZ,2024,72.0,2,70.0
2714,KZ,2024,39.0,2,34.0
2714,LZ,2024,63.0,2,59.0
2714,MN,2024,371.0,2,345.0
2714,OQ,2024,163.0,2,149.0
2714,RU,2024,237.0,2,228.0
2801,BE,2024,69.0,2,62.0
2801,FZ,2024,43.0,2,33.0
2801,GI,2024,124.0,2,91.0
2801,JZ,2024,20.0,2,33.0
2801,KZ,2024,11.0,2,14.0
2801,LZ,2024,13.0,2,9.0
2801,MN,2024,91.0,2,83.0
2801,OQ,2024,27.0,2,32.0
2801,RU,2024,60.0,2,46.0
2806,BE,2024,141.0,2,79.0
2806,FZ,2024,51.0,2,61.0
2806,GI,2024,186.0,2,147.0
2806,JZ,2024,26.0,2,27.0
2806,KZ,2024,33.0,2,23.0
2806,LZ,2024,36.0,2,28.0
2806,MN,2024,151.0,2,132.0
2806,OQ,2024,70.0,2,63.0
2806,RU,2024,101.0,2,89.0
2811,BE,2024,139.0,2,128.0
2811,FZ,2024,99.0,2,148.0
2811,GI,2024,431.0,2,385.0
2811,JZ,2024,62.0,2,53.0
2811,KZ,2024,59.0,2,80.0
2811,LZ,2024,121.0,2,77.0
2811,MN,2024,411.0,2,361.0
2811,OQ,2024,123.0,2,99.0
2811,RU,2024,227.0,2,231.0
2816,BE,2024,159.0,2,116.0
2816,FZ,2024,111.0,2,81.0
2816,GI,2024,332.0,2,261.0
2816,JZ,2024,26.0,2,37.0
2816,KZ,2024,43.0,2,45.0
2816,LZ,2024,66.0,2,34.0
2816,MN,2024,238.0,2,194.0
2816,OQ,2024,105.0,2,77.0
2816,RU,2024,134.0,2,112.0
3202,BE,2024,462.0,2,398.0
3202,FZ,2024,371.0,2,436.0
3202,GI,2024,1354.0,2,1236.0
3202,JZ,2024,199.0,2,204.0
3202,KZ,2024,134.0,2,134.0
3202,LZ,2024,196.0,2,144.0
3202,MN,2024,991.0,2,1000.0
3202,OQ,2024,548.0,2,492.0
3202,RU,2024,566.0,2,578.0
3207,BE,2024,162.0,2,119.0
3207,FZ,2024,84.0,2,95.0
3207,GI,2024,464.0,2,426.0
3207,JZ,2024,62.0,2,72.0
3207,KZ,2024,27.0,2,38.0
3207,LZ,2024,56.0,2,63.0
3207,MN,2024,259.0,2,242.0
3207,OQ,2024,101.0,2,115.0
3207,RU,2024,207.0,2,184.0
3212,BE,2024,244.0,2,220.0
3212,FZ,2024,178.0,2,165.0
3212,GI,2024,939.0,2,803.0
3212,JZ,2024,99.0,2,79.0
3212,KZ,2024,70.0,2,73.0
3212,LZ,2024,86.0,2,78.0
3212,MN,2024,449.0,2,420.0
3212,OQ,2024,237.0,2,199.0
3212,RU,2024,284.0,2,312.0
3217,BE,2024,352.0,2,256.0
3217,FZ,2024,172.0,2,186.0
3217,GI,2024,761.0,2,722.0
3217,JZ,2024,87.0,2,78.0
3217,KZ,2024,42.0,2,45.0
3217,LZ,2024,64.0,2,64.0
3217,MN,2024,397.0,2,336.0
3217,OQ,2024,186.0,2,182.0
3217,RU,2024,265.0,2,264.0
3222,BE,2024,432.0,2,329.0
3222,FZ,2024,332.0,2,313.0
3222,GI,2024,1367.0,2,1277.0
3222,JZ,2024,190.0,2,178.0
3222,KZ,2024,86.0,2,94.0
3222,LZ,2024,164.0,2,136.0
3222,MN,2024,869.0,2,800.0
3222,OQ,2024,384.0,2,416.0
3222,RU,2024,574.0,2,533.0
4405,BE,2024,206.0,2,215.0
4405,FZ,2024,211.0,2,197.0
4405,GI,2024,753.0,2,674.0
4405,JZ,2024,106.0,2,109.0
4405,KZ,2024,93.0,2,86.0
4405,LZ,2024,111.0,2,97.0
4405,MN,2024,618.0,2,557.0
4405,OQ,2024,295.0,2,281.0
4405,RU,2024,377.0,2,310.0
4410,BE,2024,509.0,2,453.0
4410,FZ,2024,617.0,2,640.0
4410,GI,2024,1887.0,2,1600.0
4410,JZ,2024,324.0,2,289.0
4410,KZ,2024,219.0,2,156.0
4410,LZ,2024,274.0,2,262.0
4410,MN,2024,1390.0,2,1320.0
4410,OQ,2024,643.0,2,585.0
4410,RU,2024,750.0,2,674.0
4415,BE,2024,173.0,2,165.0
4415,FZ,2024,68.0,2,73.0
4415,GI,2024,266.0,2,258.0
4415,JZ,2024,43.0,2,41.0
4415,KZ,2024,31.0,2,24.0
4415,LZ,2024,43.0,2,41.0
4415,MN,2024,175.0,2,253.0
4415,OQ,2024,47.0,2,59.0
4415,RU,2024,126.0,2,118.0
4420,BE,2024,197.0,2,166.0
4420,FZ,2024,128.0,2,124.0
4420,GI,2024,346.0,2,316.0
4420,JZ,2024,36.0,2,45.0
4420,KZ,2024,29.0,2,36.0
4420,LZ,2024,47.0,2,47.0
4420,MN,2024,243.0,2,228.0
4420,OQ,2024,128.0,2,116.0
4420,RU,2024,149.0,2,159.0
4425,BE,2024,394.0,2,341.0
4425,FZ,2024,263.0,2,234.0
4425,GI,2024,981.0,2,967.0
4425,JZ,2024,156.0,2,150.0
4425,KZ,2024,100.0,2,106.0
4425,LZ,2024,168.0,2,119.0
4425,MN,2024,739.0,2,748.0
4425,OQ,2024,275.0,2,273.0
4425,RU,2024,406.0,2,381.0
5203,BE,2024,310.0,2,293.0
5203,FZ,2024,193.0,2,151.0
5203,GI,2024,641.0,2,542.0
5203,JZ,2024,76.0,2,79.0
5203,KZ,2024,83.0,2,101.0
5203,LZ,2024,172.0,2,127.0
5203,MN,2024,546.0,2,396.0
5203,OQ,2024,183.0,2,217.0
5203,RU,2024,307.0,2,279.0
5208,BE,2024,140.0,2,120.0
5208,FZ,2024,51.0,2,40.0
5208,GI,2024,171.0,2,150.0
5208,JZ,2024,18.0,2,15.0
5208,KZ,2024,25.0,2,31.0
5208,LZ,2024,34.0,2,18.0
5208,MN,2024,102.0,2,124.0
5208,OQ,2024,30.0,2,47.0
5208,RU,2024,91.0,2,83.0
5213,BE,2024,283.0,2,255.0
5213,FZ,2024,117.0,2,88.0
5213,GI,2024,346.0,2,341.0
5213,JZ,2024,52.0,2,67.0
5213,KZ,2024,90.0,2,91.0
5213,LZ,2024,88.0,2,89.0
5213,MN,2024,355.0,2,320.0
5213,OQ,2024,137.0,2,145.0
5213,RU,2024,200.0,2,204.0
5218,BE,2024,121.0,2,131.0
5218,FZ,2024,40.0,2,33.0
5218,GI,2024,137.0,2,130.0
5218,JZ,2024,24.0,2,20.0
5218,KZ,2024,23.0,2,23.0
5218,LZ,2024,21.0,2,19.0
5218,MN,2024,85.0,2,94.0
5218,OQ,2024,38.0,2,49.0
5218,RU,2024,68.0,2,60.0
5302,BE,2024,456.0,2,378.0
5302,FZ,2024,368.0,2,309.0
5302,GI,2024,1138.0,2,1031.0
5302,JZ,2024,275.0,2,286.0
5302,KZ,2024,186.0,2,195.0
5302,LZ,2024,283.0,2,237.0
5302,MN,2024,1081.0,2,985.0
5302,OQ,2024,648.0,2,596.0
5302,RU,2024,640.0,2,558.0
5307,BE,2024,170.0,2,111.0
5307,FZ,2024,74.0,2,69.0
5307,GI,2024,198.0,2,167.0
5307,JZ,2024,26.0,2,22.0
5307,KZ,2024,44.0,2,43.0
5307,LZ,2024,53.0,2,38.0
5307,MN,2024,202.0,2,180.0
5307,OQ,2024,71.0,2,78.0
5307,RU,2024,126.0,2,100.0
5312,BE,2024,262.0,2,205.0
5312,FZ,2024,118.0,2,79.0
5312,GI,2024,322.0,2,295.0
5312,JZ,2024,40.0,2,35.0
5312,KZ,2024,60.0,2,53.0
5312,LZ,2024,53.0,2,52.0
5312,MN,2024,242.0,2,241.0
5312,OQ,2024,111.0,2,100.0
5312,RU,2024,169.0,2,150.0
5317,BE,2024,218.0,2,204.0
5317,FZ,2024,195.0,2,165.0
5317,GI,2024,513.0,2,451.0
5317,JZ,2024,110.0,2,116.0
5317,KZ,2024,143.0,2,141.0
5317,LZ,2024,157.0,2,126.0
5317,MN,2024,616.0,2,522.0
5317,OQ,2024,217.0,2,226.0
5317,RU,2024,330.0,2,280.0
7503,BE,2024,555.0,2,461.0
7503,FZ,2024,546.0,2,719.0
7503,GI,2024,1609.0,2,1540.0
7503,JZ,2024,387.0,2,347.0
7503,KZ,2024,301.0,2,318.0
7503,LZ,2024,485.0,2,476.0
7503,MN,2024,2056.0,2,1872.0
7503,OQ,2024,930.0,2,947.0
7503,RU,2024,994.0,2,1021.0
7508,BE,2024,183.0,2,141.0
7508,FZ,2024,77.0,2,73.0
7508,GI,2024,327.0,2,277.0
7508,JZ,2024,29.0,2,28.0
7508,KZ,2024,21.0,2,37.0
7508,LZ,2024,47.0,2,44.0
7508,MN,2024,223.0,2,210.0
7508,OQ,2024,90.0,2,84.0
7508,RU,2024,131.0,2,123.0
7513,BE,2024,316.0,2,263.0
7513,FZ,2024,321.0,2,316.0
7513,GI,2024,811.0,2,790.0
7513,JZ,2024,130.0,2,128.0
7513,KZ,2024,107.0,2,98.0
7513,LZ,2024,284.0,2,198.0
7513,MN,2024,873.0,2,841.0
7513,OQ,2024,338.0,2,329.0
7513,RU,2024,502.0,2,474.0
7518,BE,2024,250.0,2,200.0
7518,FZ,2024,130.0,2,143.0
7518,GI,2024,329.0,2,303.0
7518,JZ,2024,32.0,2,43.0
7518,KZ,2024,38.0,2,32.0
7518,LZ,2024,54.0,2,52.0
7518,MN,2024,267.0,2,307.0
7518,OQ,2024,102.0,2,124.0
7518,RU,2024,156.0,2,145.0
7523,BE,2024,493.0,2,425.0
7523,FZ,2024,296.0,2,290.0
7523,GI,2024,791.0,2,711.0
7523,JZ,2024,112.0,2,97.0
7523,KZ,2024,82.0,2,67.0
7523,LZ,2024,151.0,2,131.0
7523,MN,2024,644.0,2,619.0
7523,OQ,2024,283.0,2,319.0
7523,RU,2024,439.0,2,403.0
7528,BE,2024,266.0,2,230.0
7528,FZ,2024,187.0,2,179.0
7528,GI,2024,423.0,2,425.0
7528,JZ,2024,56.0,2,52.0
7528,KZ,2024,46.0,2,41.0
7528,LZ,2024,98.0,2,84.0
7528,MN,2024,393.0,2,349.0
7528,OQ,2024,187.0,2,143.0
7528,RU,2024,236.0,2,236.0
7601,BE,2024,136.0,2,111.0
7601,FZ,2024,177.0,2,180.0
7601,GI,2024,615.0,2,524.0
7601,JZ,2024,68.0,2,54.0
7601,KZ,2024,48.0,2,50.0
7601,LZ,2024,125.0,2,101.0
7601,MN,2024,422.0,2,362.0
7601,OQ,2024,144.0,2,153.0
7601,RU,2024,266.0,2,227.0
7606,BE,2024,370.0,2,307.0
7606,FZ,2024,599.0,2,612.0
7606,GI,2024,1357.0,2,1183.0
7606,JZ,2024,161.0,2,141.0
7606,KZ,2024,121.0,2,111.0
7606,LZ,2024,246.0,2,250.0
7606,MN,2024,1050.0,2,981.0
7606,OQ,2024,415.0,2,380.0
7606,RU,2024,577.0,2,468.0
7611,BE,2024,223.0,2,231.0
7611,FZ,2024,117.0,2,115.0
7611,GI,2024,286.0,2,342.0
7611,JZ,2024,35.0,2,30.0
7611,KZ,2024,15.0,2,28.0
7611,LZ,2024,55.0,2,41.0
7611,MN,2024,247.0,2,232.0
7611,OQ,2024,143.0,2,126.0
7611,RU,2024,154.0,2,187.0
7616,BE,2024,893.0,2,885.0
7616,FZ,2024,1677.0,2,1868.0
7616,GI,2024,4933.0,2,4323.0
7616,JZ,2024,1316.0,2,1185.0
7616,KZ,2024,606.0,2,561.0
7616,LZ,2024,939.0,2,703.0
7616,MN,2024,4873.0,2,4415.0
7616,OQ,2024,2300.0,2,2123.0
7616,RU,2024,2259.0,2,2130.0
7621,BE,2024,342.0,2,339.0
7621,FZ,2024,175.0,2,173.0
7621,GI,2024,522.0,2,488.0
7621,JZ,2024,79.0,2,56.0
7621,KZ,2024,60.0,2,66.0
7621,LZ,2024,102.0,2,100.0
7621,MN,2024,452.0,2,412.0
7621,OQ,2024,247.0,2,250.0
7621,RU,2024,231.0,2,209.0
8401,BE,2024,340.0,2,298.0
8401,FZ,2024,561.0,2,542.0
8401,GI,2024,1394.0,2,1225.0
8401,JZ,2024,319.0,2,346.0
8401,KZ,2024,246.0,2,220.0
8401,LZ,2024,405.0,2,339.0
8401,MN,2024,1780.0,2,1631.0
8401,OQ,2024,753.0,2,645.0
8401,RU,2024,942.0,2,826.0
8406,BE,2024,390.0,2,367.0
8406,FZ,2024,432.0,2,417.0
8406,GI,2024,1296.0,2,1088.0
8406,JZ,2024,195.0,2,168.0
8406,KZ,2024,109.0,2,96.0
8406,LZ,2024,161.0,2,143.0
8406,MN,2024,963.0,2,938.0
8406,OQ,2024,346.0,2,363.0
8406,RU,2024,491.0,2,476.0
8411,BE,2024,52.0,2,45.0
8411,FZ,2024,60.0,2,66.0
8411,GI,2024,180.0,2,151.0
8411,JZ,2024,16.0,2,13.0
8411,KZ,2024,21.0,2,13.0
8411,LZ,2024,68.0,2,33.0
8411,MN,2024,108.0,2,112.0
8411,OQ,2024,107.0,2,93.0
8411,RU,2024,81.0,2,71.0
8416,BE,2024,385.0,2,311.0
8416,FZ,2024,540.0,2,455.0
8416,GI,2024,1771.0,2,1380.0
8416,JZ,2024,290.0,2,235.0
8416,KZ,2024,158.0,2,120.0
8416,LZ,2024,345.0,2,273.0
8416,MN,2024,1365.0,2,1169.0
8416,OQ,2024,604.0,2,474.0
8416,RU,2024,880.0,2,756.0
8421,BE,2024,1794.0,2,1541.0
8421,FZ,2024,2955.0,2,2782.0
8421,GI,2024,12417.0,2,10662.0
8421,JZ,2024,3132.0,2,2880.0
8421,KZ,2024,1569.0,2,1609.0
8421,LZ,2024,1674.0,2,1304.0
8421,MN,2024,11981.0,2,11517.0
8421,OQ,2024,4707.0,2,4340.0
8421,RU,2024,4216.0,2,4019.0
8426,BE,2024,188.0,2,220.0
8426,FZ,2024,158.0,2,121.0
8426,GI,2024,452.0,2,436.0
8426,JZ,2024,86.0,2,75.0
8426,KZ,2024,59.0,2,64.0
8426,LZ,2024,122.0,2,110.0
8426,MN,2024,360.0,2,334.0
8426,OQ,2024,202.0,2,171.0
8426,RU,2024,230.0,2,202.0
8431,BE,2024,484.0,2,395.0
8431,FZ,2024,434.0,2,399.0
8431,GI,2024,1199.0,2,1036.0
8431,JZ,2024,220.0,2,216.0
8431,KZ,2024,157.0,2,182.0
8431,LZ,2024,191.0,2,192.0
8431,MN,2024,1053.0,2,1019.0
8431,OQ,2024,551.0,2,535.0
8431,RU,2024,655.0,2,613.0
9301,BE,2024,610.0,2,536.0
9301,FZ,2024,695.0,2,752.0
9301,GI,2024,2088.0,2,1858.0
9301,JZ,2024,549.0,2,498.0
9301,KZ,2024,422.0,2,324.0
9301,LZ,2024,543.0,2,485.0
9301,MN,2024,2834.0,2,2736.0
9301,OQ,2024,1223.0,2,1125.0
9301,RU,2024,1108.0,2,1106.0
9306,BE,2024,234.0,2,237.0
9306,FZ,2024,257.0,2,229.0
9306,GI,2024,756.0,2,606.0
9306,JZ,2024,81.0,2,77.0
9306,KZ,2024,84.0,2,90.0
9306,LZ,2024,133.0,2,108.0
9306,MN,2024,677.0,2,581.0
9306,OQ,2024,202.0,2,197.0
9306,RU,2024,332.0,2,290.0
9311,BE,2024,183.0,2,180.0
9311,FZ,2024,180.0,2,192.0
9311,GI,2024,440.0,2,378.0
9311,JZ,2024,58.0,2,61.0
9311,KZ,2024,22.0,2,21.0
9311,LZ,2024,65.0,2,71.0
9311,MN,2024,370.0,2,368.0
9311,OQ,2024,187.0,2,180.0
9311,RU,2024,230.0,2,204.0
9316,BE,2024,95.0,2,89.0
9316,FZ,2024,127.0,2,120.0
9316,GI,2024,369.0,2,311.0
9316,JZ,2024,42.0,2,31.0
9316,KZ,2024,34.0,2,31.0
9316,LZ,2024,56.0,2,41.0
9316,MN,2024,286.0,2,287.0
9316,OQ,2024,135.0,2,89.0
9316,RU,2024,160.0,2,139.0
0054,BE,2024,423.0,3,339.0
0054,FZ,2024,345.0,3,362.0
0054,GI,2024,1134.0,3,1015.0
0054,JZ,2024,178.0,3,129.0
0054,KZ,2024,93.0,3,85.0
0054,LZ,2024,108.0,3,126.0
0054,MN,2024,802.0,3,777.0
0054,OQ,2024,288.0,3,284.0
0054,RU,2024,408.0,3,401.0
0059,BE,2024,245.0,3,219.0
0059,FZ,2024,223.0,3,252.0
0059,GI,2024,774.0,3,647.0
0059,JZ,2024,112.0,3,92.0
0059,KZ,2024,83.0,3,89.0
0059,LZ,2024,116.0,3,78.0
0059,MN,2024,564.0,3,587.0
0059,OQ,2024,213.0,3,210.0
0059,RU,2024,285.0,3,246.0
0064,BE,2024,124.0,3,106.0
0064,FZ,2024,106.0,3,91.0
0064,GI,2024,272.0,3,236.0
0064,JZ,2024,37.0,3,33.0
0064,KZ,2024,23.0,3,25.0
0064,LZ,2024,54.0,3,42.0
0064,MN,2024,237.0,3,225.0
0064,OQ,2024,94.0,3,60.0
0064,RU,2024,128.0,3,124.0
1105,BE,2024,247.0,3,218.0
1105,FZ,2024,258.0,3,222.0
1105,GI,2024,728.0,3,676.0
1105,JZ,2024,240.0,3,212.0
1105,KZ,2024,73.0,3,63.0
1105,LZ,2024,148.0,3,111.0
1105,MN,2024,848.0,3,896.0
1105,OQ,2024,336.0,3,336.0
1105,RU,2024,387.0,3,394.0
1110,BE,2024,107.0,3,95.0
1110,FZ,2024,87.0,3,68.0
1110,GI,2024,181.0,3,183.0
1110,JZ,2024,45.0,3,27.0
1110,KZ,2024,19.0,3,16.0
1110,LZ,2024,30.0,3,29.0
1110,MN,2024,167.0,3,176.0
1110,OQ,2024,70.0,3,61.0
1110,RU,2024,109.0,3,104.0
1115,BE,2024,377.0,3,346.0
1115,FZ,2024,548.0,3,551.0
1115,GI,2024,3179.0,3,2764.0
1115,JZ,2024,1056.0,3,912.0
1115,KZ,2024,313.0,3,316.0
1115,LZ,2024,397.0,3,347.0
1115,MN,2024,3252.0,3,3258.0
1115,OQ,2024,1333.0,3,1212.0
1115,RU,2024,1078.0,3,1053.0
2405,BE,2024,412.0,3,339.0
2405,FZ,2024,145.0,3,145.0
2405,GI,2024,550.0,3,542.0
2405,JZ,2024,64.0,3,60.0
2405,KZ,2024,47.0,3,57.0
2405,LZ,2024,83.0,3,92.0
2405,MN,2024,459.0,3,415.0
2405,OQ,2024,195.0,3,176.0
2405,RU,2024,272.0,3,238.0
2410,BE,2024,519.0,3,418.0
2410,FZ,2024,537.0,3,542.0
2410,GI,2024,2287.0,3,1814.0
2410,JZ,2024,376.0,3,342.0
2410,KZ,2024,211.0,3,208.0
2410,LZ,2024,261.0,3,216.0
2410,MN,2024,1546.0,3,1423.0
2410,OQ,2024,575.0,3,575.0
2410,RU,2024,744.0,3,661.0
2415,BE,2024,87.0,3,55.0
2415,FZ,2024,61.0,3,46.0
2415,GI,2024,140.0,3,151.0
2415,JZ,2024,19.0,3,10.0
2415,KZ,2024,12.0,3,17.0
2415,LZ,2024,26.0,3,25.0
2415,MN,2024,118.0,3,110.0
2415,OQ,2024,37.0,3,34.0
2415,RU,2024,53.0,3,58.0
2705,BE,2024,255.0,3,226.0
2705,FZ,2024,204.0,3,196.0
2705,GI,2024,674.0,3,629.0
2705,JZ,2024,101.0,3,79.0
2705,KZ,2024,51.0,3,50.0
2705,LZ,2024,86.0,3,75.0
2705,MN,2024,448.0,3,440.0
2705,OQ,2024,201.0,3,202.0
2705,RU,2024,293.0,3,260.0
2710,BE,2024,159.0,3,133.0
2710,FZ,2024,86.0,3,99.0
2710,GI,2024,317.0,3,301.0
2710,JZ,2024,35.0,3,31.0
2710,KZ,2024,31.0,3,17.0
2710,LZ,2024,32.0,3,26.0
2710,MN,2024,195.0,3,177.0
2710,OQ,2024,78.0,3,94.0
2710,RU,2024,114.0,3,131.0
2715,BE,2024,211.0,3,191.0
2715,FZ,2024,127.0,3,124.0
2715,GI,2024,465.0,3,344.0
2715,JZ,2024,47.0,3,35.0
2715,KZ,2024,59.0,3,61.0
2715,LZ,2024,103.0,3,91.0
2715,MN,2024,294.0,3,267.0
2715,OQ,2024,126.0,3,145.0
2715,RU,2024,220.0,3,237.0
2802,BE,2024,161.0,3,131.0
2802,FZ,2024,54.0,3,62.0
2802,GI,2024,247.0,3,226.0
2802,JZ,2024,22.0,3,18.0
2802,KZ,2024,42.0,3,48.0
2802,LZ,2024,49.0,3,28.0
2802,MN,2024,190.0,3,163.0
2802,OQ,2024,92.0,3,86.0
2802,RU,2024,110.0,3,115.0
2807,BE,2024,221.0,3,187.0
2807,FZ,2024,116.0,3,140.0
2807,GI,2024,398.0,3,349.0
2807,JZ,2024,51.0,3,40.0
2807,KZ,2024,76.0,3,51.0
2807,LZ,2024,75.0,3,46.0
2807,MN,2024,291.0,3,301.0
2807,OQ,2024,136.0,3,118.0
2807,RU,2024,165.0,3,164.0
2812,BE,2024,81.0,3,58.0
2812,FZ,2024,47.0,3,53.0
2812,GI,2024,130.0,3,124.0
2812,JZ,2024,16.0,3,15.0
2812,KZ,2024,14.0,3,10.0
2812,LZ,2024,22.0,3,19.0
2812,MN,2024,117.0,3,105.0
2812,OQ,2024,23.0,3,34.0
2812,RU,2024,47.0,3,45.0
2817,BE,2024,224.0,3,174.0
2817,FZ,2024,162.0,3,158.0
2817,GI,2024,498.0,3,508.0
2817,JZ,2024,95.0,3,94.0
2817,KZ,2024,50.0,3,45.0
2817,LZ,2024,60.0,3,41.0
2817,MN,2024,395.0,3,411.0
2817,OQ,2024,136.0,3,128.0
2817,RU,2024,210.0,3,205.0
3203,BE,2024,210.0,3,148.0
3203,FZ,2024,153.0,3,120.0
3203,GI,2024,624.0,3,527.0
3203,JZ,2024,101.0,3,90.0
3203,KZ,2024,63.0,3,70.0
3203,LZ,2024,111.0,3,78.0
3203,MN,2024,433.0,3,398.0
3203,OQ,2024,226.0,3,231.0
3203,RU,2024,269.0,3,247.0
3208,BE,2024,189.0,3,157.0
3208,FZ,2024,123.0,3,126.0
3208,GI,2024,468.0,3,466.0
3208,JZ,2024,67.0,3,59.0
3208,KZ,2024,47.0,3,44.0
3208,LZ,2024,53.0,3,44.0
3208,MN,2024,293.0,3,269.0
3208,OQ,2024,150.0,3,159.0
3208,RU,2024,202.0,3,196.0
3213,BE,2024,274.0,3,239.0
3213,FZ,2024,155.0,3,145.0
3213,GI,2024,799.0,3,725.0
3213,JZ,2024,120.0,3,134.0
3213,KZ,2024,87.0,3,71.0
3213,LZ,2024,99.0,3,103.0
3213,MN,2024,526.0,3,492.0
3213,OQ,2024,227.0,3,258.0
3213,RU,2024,353.0,3,361.0
3218,BE,2024,318.0,3,273.0
3218,FZ,2024,509.0,3,471.0
3218,GI,2024,2179.0,3,1945.0
3218,JZ,2024,445.0,3,406.0
3218,KZ,2024,182.0,3,183.0
3218,LZ,2024,229.0,3,161.0
3218,MN,2024,1432.0,3,1389.0
3218,OQ,2024,629.0,3,635.0
3218,RU,2024,666.0,3,597.0
4401,BE,2024,143.0,3,97.0
4401,FZ,2024,54.0,3,49.0
4401,GI,2024,147.0,3,180.0
4401,JZ,2024,15.0,3,25.0
4401,KZ,2024,17.0,3,30.0
4401,LZ,2024,24.0,3,23.0
4401,MN,2024,111.0,3,118.0
4401,OQ,2024,76.0,3,69.0
4401,RU,2024,85.0,3,56.0
4406,BE,2024,118.0,3,104.0
4406,FZ,2024,71.0,3,53.0
4406,GI,2024,252.0,3,232.0
4406,JZ,2024,33.0,3,28.0
4406,KZ,2024,29.0,3,54.0
4406,LZ,2024,77.0,3,94.0
4406,MN,2024,202.0,3,212.0
4406,OQ,2024,83.0,3,58.0
4406,RU,2024,101.0,3,95.0
4411,BE,2024,452.0,3,419.0
4411,FZ,2024,502.0,3,610.0
4411,GI,2024,1935.0,3,1640.0
4411,JZ,2024,236.0,3,238.0
4411,KZ,2024,135.0,3,129.0
4411,LZ,2024,200.0,3,169.0
4411,MN,2024,1316.0,3,1219.0
4411,OQ,2024,529.0,3,534.0
4411,RU,2024,739.0,3,676.0
4416,BE,2024,255.0,3,169.0
4416,FZ,2024,165.0,3,171.0
4416,GI,2024,393.0,3,361.0
4416,JZ,2024,40.0,3,28.0
4416,KZ,2024,32.0,3,21.0
4416,LZ,2024,51.0,3,44.0
4416,MN,2024,286.0,3,290.0
4416,OQ,2024,131.0,3,122.0
4416,RU,2024,167.0,3,172.0
4421,BE,2024,196.0,3,165.0
4421,FZ,2024,100.0,3,72.0
4421,GI,2024,294.0,3,256.0
4421,JZ,2024,39.0,3,56.0
4421,KZ,2024,26.0,3,29.0
4421,LZ,2024,42.0,3,22.0
4421,MN,2024,170.0,3,157.0
4421,OQ,2024,70.0,3,64.0
4421,RU,2024,119.0,3,112.0
4426,BE,2024,144.0,3,140.0
4426,FZ,2024,61.0,3,71.0
4426,GI,2024,213.0,3,191.0
4426,JZ,2024,25.0,3,25.0
4426,KZ,2024,26.0,3,18.0
4426,LZ,2024,47.0,3,31.0
4426,MN,2024,130.0,3,146.0
4426,OQ,2024,76.0,3,64.0
4426,RU,2024,126.0,3,93.0
5204,BE,2024,87.0,3,75.0
5204,FZ,2024,17.0,3,40.0
5204,GI,2024,92.0,3,110.0
5204,JZ,2024,16.0,3,10.0
5204,KZ,2024,32.0,3,29.0
5204,LZ,2024,19.0,3,17.0
5204,MN,2024,107.0,3,99.0
5204,OQ,2024,36.0,3,34.0
5204,RU,2024,65.0,3,65.0
5209,BE,2024,134.0,3,110.0
5209,FZ,2024,51.0,3,52.0
5209,GI,2024,161.0,3,156.0
5209,JZ,2024,22.0,3,20.0
5209,KZ,2024,18.0,3,18.0
5209,LZ,2024,34.0,3,25.0
5209,MN,2024,141.0,3,129.0
5209,OQ,2024,40.0,3,42.0
5209,RU,2024,86.0,3,68.0
5214,BE,2024,148.0,3,124.0
5214,FZ,2024,113.0,3,119.0
5214,GI,2024,334.0,3,295.0
5214,JZ,2024,44.0,3,42.0
5214,KZ,2024,58.0,3,59.0
5214,LZ,2024,117.0,3,107.0
5214,MN,2024,340.0,3,354.0
5214,OQ,2024,141.0,3,147.0
5214,RU,2024,182.0,3,170.0
5219,BE,2024,370.0,3,351.0
5219,FZ,2024,264.0,3,258.0
5219,GI,2024,858.0,3,806.0
5219,JZ,2024,148.0,3,138.0
5219,KZ,2024,155.0,3,141.0
5219,LZ,2024,242.0,3,174.0
5219,MN,2024,847.0,3,793.0
5219,OQ,2024,347.0,3,330.0
5219,RU,2024,489.0,3,413.0
5303,BE,2024,198.0,3,165.0
5303,FZ,2024,65.0,3,76.0
5303,GI,2024,236.0,3,205.0
5303,JZ,2024,29.0,3,26.0
5303,KZ,2024,19.0,3,25.0
5303,LZ,2024,43.0,3,32.0
5303,MN,2024,159.0,3,160.0
5303,OQ,2024,78.0,3,77.0
5303,RU,2024,129.0,3,122.0
5308,BE,2024,205.0,3,174.0
5308,FZ,2024,121.0,3,97.0
5308,GI,2024,332.0,3,274.0
5308,JZ,2024,74.0,3,72.0
5308,KZ,2024,52.0,3,54.0
5308,LZ,2024,92.0,3,75.0
5308,MN,2024,292.0,3,262.0
5308,OQ,2024,134.0,3,133.0
5308,RU,2024,186.0,3,207.0
5313,BE,2024,435.0,3,339.0
5313,FZ,2024,348.0,3,303.0
5313,GI,2024,887.0,3,755.0
5313,JZ,2024,188.0,3,140.0
5313,KZ,2024,151.0,3,129.0
5313,LZ,2024,257.0,3,205.0
5313,MN,2024,803.0,3,721.0
5313,OQ,2024,433.0,3,413.0
5313,RU,2024,511.0,3,496.0
5318,BE,2024,362.0,3,235.0
5318,FZ,2024,269.0,3,273.0
5318,GI,2024,772.0,3,623.0
5318,JZ,2024,170.0,3,159.0
5318,KZ,2024,171.0,3,171.0
5318,LZ,2024,216.0,3,156.0
5318,MN,2024,894.0,3,775.0
5318,OQ,2024,381.0,3,370.0
5318,RU,2024,420.0,3,423.0
7504,BE,2024,275.0,3,233.0
7504,FZ,2024,178.0,3,175.0
7504,GI,2024,449.0,3,413.0
7504,JZ,2024,77.0,3,48.0
7504,KZ,2024,40.0,3,42.0
7504,LZ,2024,86.0,3,109.0
7504,MN,2024,430.0,3,417.0
7504,OQ,2024,113.0,3,157.0
7504,RU,2024,193.0,3,214.0
7509,BE,2024,328.0,3,264.0
7509,FZ,2024,124.0,3,138.0
7509,GI,2024,482.0,3,504.0
7509,JZ,2024,60.0,3,48.0
7509,KZ,2024,55.0,3,78.0
7509,LZ,2024,109.0,3,84.0
7509,MN,2024,350.0,3,326.0
7509,OQ,2024,145.0,3,136.0
7509,RU,2024,193.0,3,213.0
7514,BE,2024,247.0,3,223.0
7514,FZ,2024,214.0,3,234.0
7514,GI,2024,439.0,3,407.0
7514,JZ,2024,62.0,3,42.0
7514,KZ,2024,49.0,3,45.0
7514,LZ,2024,67.0,3,64.0
7514,MN,2024,485.0,3,420.0
7514,OQ,2024,221.0,3,171.0
7514,RU,2024,282.0,3,252.0
7519,BE,2024,319.0,3,277.0
7519,FZ,2024,174.0,3,139.0
7519,GI,2024,495.0,3,420.0
7519,JZ,2024,68.0,3,58.0
7519,KZ,2024,43.0,3,49.0
7519,LZ,2024,111.0,3,86.0
7519,MN,2024,433.0,3,319.0
7519,OQ,2024,201.0,3,156.0
7519,RU,2024,239.0,3,236.0
7524,BE,2024,734.0,3,463.0
7524,FZ,2024,275.0,3,266.0
7524,GI,2024,1096.0,3,998.0
7524,JZ,2024,225.0,3,237.0
7524,KZ,2024,130.0,3,163.0
7524,LZ,2024,227.0,3,201.0
7524,MN,2024,910.0,3,890.0
7524,OQ,2024,463.0,3,447.0
7524,RU,2024,522.0,3,528.0
7529,BE,2024,186.0,3,154.0
7529,FZ,2024,91.0,3,104.0
7529,GI,2024,284.0,3,266.0
7529,JZ,2024,24.0,3,26.0
7529,KZ,2024,20.0,3,16.0
7529,LZ,2024,67.0,3,49.0
7529,MN,2024,228.0,3,251.0
7529,OQ,2024,81.0,3,71.0
7529,RU,2024,154.0,3,141.0
7602,BE,2024,541.0,3,468.0
7602,FZ,2024,339.0,3,357.0
7602,GI,2024,933.0,3,849.0
7602,JZ,2024,165.0,3,147.0
7602,KZ,2024,126.0,3,125.0
7602,LZ,2024,180.0,3,185.0
7602,MN,2024,899.0,3,841.0
7602,OQ,2024,433.0,3,397.0
7602,RU,2024,484.0,3,496.0
7607,BE,2024,199.0,3,188.0
7607,FZ,2024,122.0,3,110.0
7607,GI,2024,341.0,3,275.0
7607,JZ,2024,42.0,3,35.0
7607,KZ,2024,25.0,3,24.0
7607,LZ,2024,63.0,3,42.0
7607,MN,2024,297.0,3,275.0
7607,OQ,2024,129.0,3,98.0
7607,RU,2024,161.0,3,163.0
7612,BE,2024,343.0,3,291.0
7612,FZ,2024,206.0,3,213.0
7612,GI,2024,484.0,3,449.0
7612,JZ,2024,87.0,3,62.0
7612,KZ,2024,55.0,3,43.0
7612,LZ,2024,95.0,3,68.0
7612,MN,2024,400.0,3,372.0
7612,OQ,2024,232.0,3,242.0
7612,RU,2024,245.0,3,278.0
7617,BE,2024,287.0,3,251.0
7617,FZ,2024,377.0,3,281.0
7617,GI,2024,878.0,3,733.0
7617,JZ,2024,80.0,3,99.0
7617,KZ,2024,74.0,3,57.0
7617,LZ,2024,185.0,3,132.0
7617,MN,2024,700.0,3,620.0
7617,OQ,2024,284.0,3,285.0
7617,RU,2024,352.0,3,354.0
7622,BE,2024,358.0,3,290.0
7622,FZ,2024,203.0,3,187.0
7622,GI,2024,480.0,3,397.0
7622,JZ,2024,54.0,3,63.0
7622,KZ,2024,52.0,3,46.0
7622,LZ,2024,90.0,3,72.0
7622,MN,2024,356.0,3,347.0
7622,OQ,2024,224.0,3,253.0
7622,RU,2024,268.0,3,225.0
8402,BE,2024,326.0,3,270.0
8402,FZ,2024,236.0,3,200.0
8402,GI,2024,550.0,3,515.0
8402,JZ,2024,59.0,3,57.0
8402,KZ,2024,42.0,3,46.0
8402,LZ,2024,102.0,3,89.0
8402,MN,2024,420.0,3,393.0
8402,OQ,2024,204.0,3,204.0
8402,RU,2024,285.0,3,285.0
8407,BE,2024,280.0,3,243.0
8407,FZ,2024,450.0,3,436.0
8407,GI,2024,1230.0,3,1043.0
8407,JZ,2024,285.0,3,234.0
8407,KZ,2024,136.0,3,154.0
8407,LZ,2024,266.0,3,208.0
8407,MN,2024,1189.0,3,1102.0
8407,OQ,2024,564.0,3,505.0
8407,RU,2024,599.0,3,545.0
8412,BE,2024,192.0,3,146.0
8412,FZ,2024,109.0,3,111.0
8412,GI,2024,230.0,3,233.0
8412,JZ,2024,39.0,3,39.0
8412,KZ,2024,55.0,3,38.0
8412,LZ,2024,75.0,3,52.0
8412,MN,2024,219.0,3,248.0
8412,OQ,2024,120.0,3,128.0
8412,RU,2024,152.0,3,149.0
8417,BE,2024,211.0,3,190.0
8417,FZ,2024,113.0,3,118.0
8417,GI,2024,257.0,3,209.0
8417,JZ,2024,30.0,3,26.0
8417,KZ,2024,20.0,3,21.0
8417,LZ,2024,37.0,3,33.0
8417,MN,2024,205.0,3,184.0
8417,OQ,2024,99.0,3,92.0
8417,RU,2024,151.0,3,114.0
8422,BE,2024,202.0,3,188.0
8422,FZ,2024,178.0,3,161.0
8422,GI,2024,491.0,3,415.0
8422,JZ,2024,54.0,3,63.0
8422,KZ,2024,58.0,3,57.0
8422,LZ,2024,80.0,3,71.0
8422,MN,2024,374.0,3,402.0
8422,OQ,2024,172.0,3,159.0
8422,RU,2024,219.0,3,194.0
8427,BE,2024,222.0,3,176.0
8427,FZ,2024,160.0,3,146.0
8427,GI,2024,406.0,3,309.0
8427,JZ,2024,58.0,3,60.0
8427,KZ,2024,36.0,3,55.0
8427,LZ,2024,78.0,3,70.0
8427,MN,2024,350.0,3,335.0
8427,OQ,2024,168.0,3,151.0
8427,RU,2024,212.0,3,179.0
8432,BE,2024,292.0,3,315.0
8432,FZ,2024,177.0,3,172.0
8432,GI,2024,507.0,3,411.0
8432,JZ,2024,56.0,3,74.0
8432,KZ,2024,54.0,3,54.0
8432,LZ,2024,96.0,3,96.0
8432,MN,2024,424.0,3,370.0
8432,OQ,2024,193.0,3,177.0
8432,RU,2024,217.0,3,217.0
9302,BE,2024,50.0,3,43.0
9302,FZ,2024,60.0,3,74.0
9302,GI,2024,160.0,3,149.0
9302,JZ,2024,30.0,3,41.0
9302,KZ,2024,15.0,3,22.0
9302,LZ,2024,59.0,3,30.0
9302,MN,2024,158.0,3,166.0
9302,OQ,2024,127.0,3,119.0
9302,RU,2024,105.0,3,121.0
9307,BE,2024,158.0,3,197.0
9307,FZ,2024,130.0,3,147.0
9307,GI,2024,318.0,3,321.0
9307,JZ,2024,43.0,3,33.0
9307,KZ,2024,31.0,3,28.0
9307,LZ,2024,69.0,3,38.0
9307,MN,2024,291.0,3,284.0
9307,OQ,2024,161.0,3,138.0
9307,RU,2024,178.0,3,191.0
9312,BE,2024,1156.0,3,1140.0
9312,FZ,2024,2687.0,3,2576.0
9312,GI,2024,8552.0,3,7659.0
9312,JZ,2024,1442.0,3,1517.0
9312,KZ,2024,824.0,3,760.0
9312,LZ,2024,1264.0,3,1006.0
9312,MN,2024,7101.0,3,7030.0
9312,OQ,2024,3542.0,3,3290.0
9312,RU,2024,2951.0,3,2905.0
9317,BE,2024,79.0,3,87.0
9317,FZ,2024,206.0,3,195.0
9317,GI,2024,539.0,3,491.0
9317,JZ,2024,53.0,3,34.0
9317,KZ,2024,61.0,3,66.0
9317,LZ,2024,188.0,3,158.0
9317,MN,2024,713.0,3,623.0
9317,OQ,2024,81.0,3,95.0
9317,RU,2024,253.0,3,234.0
0055,BE,2024,137.0,4,125.0
0055,FZ,2024,120.0,4,98.0
0055,GI,2024,361.0,4,372.0
0055,JZ,2024,36.0,4,39.0
0055,KZ,2024,28.0,4,28.0
0055,LZ,2024,57.0,4,51.0
0055,MN,2024,273.0,4,274.0
0055,OQ,2024,124.0,4,98.0
0055,RU,2024,171.0,4,161.0
0060,BE,2024,300.0,4,251.0
0060,FZ,2024,147.0,4,152.0
0060,GI,2024,471.0,4,393.0
0060,JZ,2024,65.0,4,59.0
0060,KZ,2024,34.0,4,36.0
0060,LZ,2024,64.0,4,93.0
0060,MN,2024,329.0,4,316.0
0060,OQ,2024,158.0,4,137.0
0060,RU,2024,197.0,4,158.0
1101,BE,2024,476.0,4,424.0
1101,FZ,2024,937.0,4,831.0
1101,GI,2024,4045.0,4,3667.0
1101,JZ,2024,1138.0,4,1039.0
1101,KZ,2024,280.0,4,273.0
1101,LZ,2024,348.0,4,332.0
1101,MN,2024,3234.0,4,3184.0
1101,OQ,2024,1271.0,4,1232.0
1101,RU,2024,1225.0,4,1227.0
1106,BE,2024,386.0,4,376.0
1106,FZ,2024,710.0,4,752.0
1106,GI,2024,3167.0,4,3144.0
1106,JZ,2024,834.0,4,978.0
1106,KZ,2024,241.0,4,236.0
1106,LZ,2024,349.0,4,285.0
1106,MN,2024,2433.0,4,2538.0
1106,OQ,2024,903.0,4,865.0
1106,RU,2024,1126.0,4,967.0
1111,BE,2024,74.0,4,85.0
1111,FZ,2024,62.0,4,77.0
1111,GI,2024,255.0,4,256.0
1111,JZ,2024,108.0,4,102.0
1111,KZ,2024,44.0,4,40.0
1111,LZ,2024,58.0,4,43.0
1111,MN,2024,380.0,4,343.0
1111,OQ,2024,157.0,4,147.0
1111,RU,2024,149.0,4,157.0
2401,BE,2024,245.0,4,227.0
2401,FZ,2024,179.0,4,201.0
2401,GI,2024,731.0,4,637.0
2401,JZ,2024,95.0,4,61.0
2401,KZ,2024,64.0,4,66.0
2401,LZ,2024,96.0,4,84.0
2401,MN,2024,426.0,4,484.0
2401,OQ,2024,201.0,4,221.0
2401,RU,2024,276.0,4,243.0
2406,BE,2024,72.0,4,64.0
2406,FZ,2024,38.0,4,33.0
2406,GI,2024,124.0,4,136.0
2406,JZ,2024,16.0,4,13.0
2406,KZ,2024,12.0,4,20.0
2406,LZ,2024,29.0,4,24.0
2406,MN,2024,129.0,4,113.0
2406,OQ,2024,39.0,4,49.0
2406,RU,2024,61.0,4,60.0
2411,BE,2024,141.0,4,90.0
2411,FZ,2024,62.0,4,80.0
2411,GI,2024,211.0,4,190.0
2411,JZ,2024,27.0,4,32.0
2411,KZ,2024,14.0,4,18.0
2411,LZ,2024,31.0,4,38.0
2411,MN,2024,156.0,4,161.0
2411,OQ,2024,72.0,4,65.0
2411,RU,2024,111.0,4,107.0
2701,BE,2024,81.0,4,92.0
2701,FZ,2024,46.0,4,45.0
2701,GI,2024,130.0,4,104.0
2701,JZ,2024,11.0,4,13.0
2701,KZ,2024,9.0,4,12.0
2701,LZ,2024,19.0,4,18.0
2701,MN,2024,79.0,4,89.0
2701,OQ,2024,49.0,4,43.0
2701,RU,2024,69.0,4,63.0
2706,BE,2024,408.0,4,354.0
2706,FZ,2024,341.0,4,331.0
2706,GI,2024,1287.0,4,1085.0
2706,JZ,2024,185.0,4,160.0
2706,KZ,2024,172.0,4,172.0
2706,LZ,2024,228.0,4,179.0
2706,MN,2024,883.0,4,814.0
2706,OQ,2024,523.0,4,431.0
2706,RU,2024,509.0,4,508.0
2711,BE,2024,495.0,4,433.0
2711,FZ,2024,457.0,4,450.0
2711,GI,2024,1597.0,4,1486.0
2711,JZ,2024,311.0,4,308.0
2711,KZ,2024,245.0,4,247.0
2711,LZ,2024,308.0,4,254.0
2711,MN,2024,1436.0,4,1308.0
2711,OQ,2024,749.0,4,679.0
2711,RU,2024,767.0,4,681.0
2716,BE,2024,105.0,4,100.0
2716,FZ,2024,65.0,4,80.0
2716,GI,2024,197.0,4,164.0
2716,JZ,2024,26.0,4,18.0
2716,KZ,2024,17.0,4,15.0
2716,LZ,2024,41.0,4,27.0
2716,MN,2024,119.0,4,117.0
2716,OQ,2024,83.0,4,55.0
2716,RU,2024,84.0,4,82.0
2803,BE,2024,135.0,4,101.0
2803,FZ,2024,74.0,4,83.0
2803,GI,2024,190.0,4,173.0
2803,JZ,2024,33.0,4,32.0
2803,KZ,2024,36.0,4,23.0
2803,LZ,2024,29.0,4,23.0
2803,MN,2024,200.0,4,177.0
2803,OQ,2024,68.0,4,44.0
2803,RU,2024,109.0,4,110.0
2808,BE,2024,261.0,4,230.0
2808,FZ,2024,216.0,4,245.0
2808,GI,2024,689.0,4,645.0
2808,JZ,2024,104.0,4,98.0
2808,KZ,2024,85.0,4,81.0
2808,LZ,2024,80.0,4,75.0
2808,MN,2024,519.0,4,512.0
2808,OQ,2024,186.0,4,189.0
2808,RU,2024,259.0,4,297.0
2813,BE,2024,319.0,4,268.0
2813,FZ,2024,266.0,4,227.0
2813,GI,2024,1187.0,4,1134.0
2813,JZ,2024,180.0,4,142.0
2813,KZ,2024,122.0,4,128.0
2813,LZ,2024,222.0,4,147.0
2813,MN,2024,810.0,4,827.0
2813,OQ,2024,398.0,4,358.0
2813,RU,2024,506.0,4,446.0
2818,BE,2024,86.0,4,65.0
2818,FZ,2024,32.0,4,28.0
2818,GI,2024,83.0,4,88.0
2818,JZ,2024,8.0,4,20.0
2818,KZ,2024,18.0,4,13.0
2818,LZ,2024,9.0,4,12.0
2818,MN,2024,71.0,4,77.0
2818,OQ,2024,35.0,4,33.0
2818,RU,2024,62.0,4,36.0
3204,BE,2024,167.0,4,124.0
3204,FZ,2024,89.0,4,102.0
3204,GI,2024,364.0,4,356.0
3204,JZ,2024,40.0,4,43.0
3204,KZ,2024,58.0,4,49.0
3204,LZ,2024,105.0,4,82.0
3204,MN,2024,304.0,4,247.0
3204,OQ,2024,136.0,4,123.0
3204,RU,2024,174.0,4,149.0
3209,BE,2024,140.0,4,85.0
3209,FZ,2024,89.0,4,66.0
3209,GI,2024,249.0,4,238.0
3209,JZ,2024,40.0,4,39.0
3209,KZ,2024,17.0,4,15.0
3209,LZ,2024,30.0,4,48.0
3209,MN,2024,187.0,4,173.0
3209,OQ,2024,61.0,4,62.0
3209,RU,2024,109.0,4,89.0
3214,BE,2024,186.0,4,121.0
3214,FZ,2024,95.0,4,91.0
3214,GI,2024,301.0,4,252.0
3214,JZ,2024,45.0,4,42.0
3214,KZ,2024,51.0,4,31.0
3214,LZ,2024,42.0,4,37.0
3214,MN,2024,188.0,4,188.0
3214,OQ,2024,101.0,4,67.0
3214,RU,2024,147.0,4,116.0
3219,BE,2024,229.0,4,196.0
3219,FZ,2024,150.0,4,137.0
3219,GI,2024,531.0,4,511.0
3219,JZ,2024,58.0,4,53.0
3219,KZ,2024,58.0,4,49.0
3219,LZ,2024,68.0,4,42.0
3219,MN,2024,329.0,4,301.0
3219,OQ,2024,161.0,4,168.0
3219,RU,2024,208.0,4,203.0
4402,BE,2024,175.0,4,135.0
4402,FZ,2024,88.0,4,90.0
4402,GI,2024,379.0,4,325.0
4402,JZ,2024,53.0,4,60.0
4402,KZ,2024,36.0,4,46.0
4402,LZ,2024,35.0,4,31.0
4402,MN,2024,257.0,4,224.0
4402,OQ,2024,80.0,4,92.0
4402,RU,2024,138.0,4,134.0
4407,BE,2024,316.0,4,254.0
4407,FZ,2024,201.0,4,236.0
4407,GI,2024,584.0,4,530.0
4407,JZ,2024,86.0,4,48.0
4407,KZ,2024,51.0,4,48.0
4407,LZ,2024,81.0,4,85.0
4407,MN,2024,498.0,4,417.0
4407,OQ,2024,214.0,4,181.0
4407,RU,2024,227.0,4,216.0
4412,BE,2024,688.0,4,585.0
4412,FZ,2024,649.0,4,638.0
4412,GI,2024,2053.0,4,1858.0
4412,JZ,2024,449.0,4,396.0
4412,KZ,2024,249.0,4,262.0
4412,LZ,2024,384.0,4,296.0
4412,MN,2024,1834.0,4,1744.0
4412,OQ,2024,963.0,4,969.0
4412,RU,2024,905.0,4,912.0
4417,BE,2024,167.0,4,146.0
4417,FZ,2024,138.0,4,129.0
4417,GI,2024,264.0,4,235.0
4417,JZ,2024,40.0,4,29.0
4417,KZ,2024,25.0,4,22.0
4417,LZ,2024,38.0,4,35.0
4417,MN,2024,240.0,4,201.0
4417,OQ,2024,103.0,4,92.0
4417,RU,2024,142.0,4,157.0
4422,BE,2024,139.0,4,131.0
4422,FZ,2024,100.0,4,104.0
4422,GI,2024,316.0,4,288.0
4422,JZ,2024,62.0,4,58.0
4422,KZ,2024,38.0,4,36.0
4422,LZ,2024,81.0,4,58.0
4422,MN,2024,267.0,4,237.0
4422,OQ,2024,140.0,4,112.0
4422,RU,2024,174.0,4,163.0
4427,BE,2024,212.0,4,147.0
4427,FZ,2024,101.0,4,115.0
4427,GI,2024,386.0,4,304.0
4427,JZ,2024,38.0,4,30.0
4427,KZ,2024,29.0,4,25.0
4427,LZ,2024,30.0,4,34.0
4427,MN,2024,210.0,4,205.0
4427,OQ,2024,90.0,4,96.0
4427,RU,2024,143.0,4,136.0
5205,BE,2024,139.0,4,117.0
5205,FZ,2024,72.0,4,83.0
5205,GI,2024,150.0,4,118.0
5205,JZ,2024,20.0,4,33.0
5205,KZ,2024,27.0,4,20.0
5205,LZ,2024,36.0,4,21.0
5205,MN,2024,131.0,4,116.0
5205,OQ,2024,49.0,4,55.0
5205,RU,2024,95.0,4,82.0
5210,BE,2024,282.0,4,320.0
5210,FZ,2024,192.0,4,158.0
5210,GI,2024,541.0,4,448.0
5210,JZ,2024,109.0,4,96.0
5210,KZ,2024,85.0,4,93.0
5210,LZ,2024,133.0,4,120.0
5210,MN,2024,507.0,4,489.0
5210,OQ,2024,211.0,4,227.0
5210,RU,2024,325.0,4,301.0
5215,BE,2024,179.0,4,148.0
5215,FZ,2024,39.0,4,48.0
5215,GI,2024,200.0,4,158.0
5215,JZ,2024,32.0,4,24.0
5215,KZ,2024,44.0,4,28.0
5215,LZ,2024,37.0,4,32.0
5215,MN,2024,140.0,4,122.0
5215,OQ,2024,50.0,4,64.0
5215,RU,2024,97.0,4,104.0
5220,BE,2024,180.0,4,141.0
5220,FZ,2024,81.0,4,62.0
5220,GI,2024,313.0,4,271.0
5220,JZ,2024,42.0,4,33.0
5220,KZ,2024,49.0,4,49.0
5220,LZ,2024,62.0,4,47.0
5220,MN,2024,243.0,4,185.0
5220,OQ,2024,81.0,4,108.0
5220,RU,2024,146.0,4,123.0
5304,BE,2024,175.0,4,150.0
5304,FZ,2024,131.0,4,100.0
5304,GI,2024,329.0,4,282.0
5304,JZ,2024,50.0,4,51.0
5304,KZ,2024,67.0,4,66.0
5304,LZ,2024,75.0,4,66.0
5304,MN,2024,265.0,4,286.0
5304,OQ,2024,130.0,4,117.0
5304,RU,2024,194.0,4,201.0
5309,BE,2024,303.0,4,273.0
5309,FZ,2024,359.0,4,284.0
5309,GI,2024,708.0,4,639.0
5309,JZ,2024,129.0,4,122.0
5309,KZ,2024,125.0,4,130.0
5309,LZ,2024,165.0,4,130.0
5309,MN,2024,709.0,4,640.0
5309,OQ,2024,311.0,4,329.0
5309,RU,2024,388.0,4,349.0
5314,BE,2024,133.0,4,93.0
5314,FZ,2024,59.0,4,68.0
5314,GI,2024,134.0,4,133.0
5314,JZ,2024,26.0,4,17.0
5314,KZ,2024,23.0,4,22.0
5314,LZ,2024,37.0,4,26.0
5314,MN,2024,171.0,4,137.0
5314,OQ,2024,86.0,4,80.0
5314,RU,2024,90.0,4,109.0
5319,BE,2024,194.0,4,137.0
5319,FZ,2024,80.0,4,71.0
5319,GI,2024,263.0,4,219.0
5319,JZ,2024,55.0,4,39.0
5319,KZ,2024,61.0,4,73.0
5319,LZ,2024,45.0,4,50.0
5319,MN,2024,243.0,4,225.0
5319,OQ,2024,97.0,4,110.0
5319,RU,2024,143.0,4,120.0
7505,BE,2024,1457.0,4,1289.0
7505,FZ,2024,2278.0,4,2302.0
7505,GI,2024,8745.0,4,6200.0
7505,JZ,2024,1944.0,4,1729.0
7505,KZ,2024,993.0,4,917.0
7505,LZ,2024,1301.0,4,992.0
7505,MN,2024,7590.0,4,7145.0
7505,OQ,2024,3033.0,4,2882.0
7505,RU,2024,3314.0,4,3124.0
7510,BE,2024,322.0,4,327.0
7510,FZ,2024,300.0,4,298.0
7510,GI,2024,716.0,4,639.0
7510,JZ,2024,96.0,4,93.0
7510,KZ,2024,70.0,4,83.0
7510,LZ,2024,214.0,4,156.0
7510,MN,2024,687.0,4,630.0
7510,OQ,2024,336.0,4,308.0
7510,RU,2024,427.0,4,424.0
7515,BE,2024,160.0,4,144.0
7515,FZ,2024,135.0,4,153.0
7515,GI,2024,336.0,4,311.0
7515,JZ,2024,43.0,4,38.0
7515,KZ,2024,31.0,4,33.0
7515,LZ,2024,47.0,4,50.0
7515,MN,2024,298.0,4,267.0
7515,OQ,2024,92.0,4,108.0
7515,RU,2024,155.0,4,189.0
7520,BE,2024,387.0,4,355.0
7520,FZ,2024,181.0,4,163.0
7520,GI,2024,638.0,4,599.0
7520,JZ,2024,131.0,4,126.0
7520,KZ,2024,112.0,4,65.0
7520,LZ,2024,143.0,4,125.0
7520,MN,2024,505.0,4,475.0
7520,OQ,2024,257.0,4,241.0
7520,RU,2024,332.0,4,336.0
7525,BE,2024,134.0,4,96.0
7525,FZ,2024,129.0,4,107.0
7525,GI,2024,292.0,4,255.0
7525,JZ,2024,34.0,4,37.0
7525,KZ,2024,25.0,4,32.0
7525,LZ,2024,63.0,4,47.0
7525,MN,2024,242.0,4,220.0
7525,OQ,2024,117.0,4,116.0
7525,RU,2024,163.0,4,151.0
7530,BE,2024,138.0,4,124.0
7530,FZ,2024,61.0,4,58.0
7530,GI,2024,181.0,4,165.0
7530,JZ,2024,17.0,4,19.0
7530,KZ,2024,14.0,4,29.0
7530,LZ,2024,61.0,4,30.0
7530,MN,2024,110.0,4,117.0
7530,OQ,2024,46.0,4,42.0
7530,RU,2024,73.0,4,75.0
7603,BE,2024,345.0,4,293.0
7603,FZ,2024,384.0,4,404.0
7603,GI,2024,798.0,4,719.0
7603,JZ,2024,98.0,4,93.0
7603,KZ,2024,62.0,4,85.0
7603,LZ,2024,108.0,4,95.0
7603,MN,2024,680.0,4,678.0
7603,OQ,2024,346.0,4,308.0
7603,RU,2024,413.0,4,421.0
7608,BE,2024,400.0,4,311.0
7608,FZ,2024,325.0,4,314.0
7608,GI,2024,847.0,4,707.0
7608,JZ,2024,108.0,4,98.0
7608,KZ,2024,78.0,4,82.0
7608,LZ,2024,145.0,4,126.0
7608,MN,2024,704.0,4,582.0
7608,OQ,2024,298.0,4,264.0
7608,RU,2024,384.0,4,389.0
7613,BE,2024,167.0,4,155.0
7613,FZ,2024,73.0,4,63.0
7613,GI,2024,194.0,4,154.0
7613,JZ,2024,32.0,4,27.0
7613,KZ,2024,11.0,4,22.0
7613,LZ,2024,28.0,4,24.0
7613,MN,2024,156.0,4,156.0
7613,OQ,2024,98.0,4,93.0
7613,RU,2024,111.0,4,117.0
7618,BE,2024,589.0,4,475.0
7618,FZ,2024,859.0,4,837.0
7618,GI,2024,2100.0,4,1782.0
7618,JZ,2024,286.0,4,268.0
7618,KZ,2024,244.0,4,271.0
7618,LZ,2024,316.0,4,270.0
7618,MN,2024,1753.0,4,1649.0
7618,OQ,2024,736.0,4,713.0
7618,RU,2024,895.0,4,873.0
7623,BE,2024,138.0,4,115.0
7623,FZ,2024,201.0,4,205.0
7623,GI,2024,537.0,4,525.0
7623,JZ,2024,71.0,4,78.0
7623,KZ,2024,84.0,4,71.0
7623,LZ,2024,117.0,4,100.0
7623,MN,2024,461.0,4,427.0
7623,OQ,2024,203.0,4,204.0
7623,RU,2024,286.0,4,299.0
8403,BE,2024,234.0,4,181.0
8403,FZ,2024,64.0,4,75.0
8403,GI,2024,223.0,4,188.0
8403,JZ,2024,21.0,4,22.0
8403,KZ,2024,23.0,4,17.0
8403,LZ,2024,54.0,4,32.0
8403,MN,2024,182.0,4,154.0
8403,OQ,2024,104.0,4,85.0
8403,RU,2024,104.0,4,87.0
8408,BE,2024,552.0,4,515.0
8408,FZ,2024,551.0,4,505.0
8408,GI,2024,1744.0,4,1595.0
8408,JZ,2024,386.0,4,386.0
8408,KZ,2024,223.0,4,239.0
8408,LZ,2024,401.0,4,316.0
8408,MN,2024,1677.0,4,1442.0
8408,OQ,2024,883.0,4,828.0
8408,RU,2024,864.0,4,776.0
8413,BE,2024,156.0,4,140.0
8413,FZ,2024,310.0,4,232.0
8413,GI,2024,590.0,4,602.0
8413,JZ,2024,56.0,4,56.0
8413,KZ,2024,66.0,4,65.0
8413,LZ,2024,316.0,4,251.0
8413,MN,2024,652.0,4,611.0
8413,OQ,2024,443.0,4,325.0
8413,RU,2024,316.0,4,297.0
8418,BE,2024,64.0,4,70.0
8418,FZ,2024,158.0,4,124.0
8418,GI,2024,326.0,4,339.0
8418,JZ,2024,45.0,4,59.0
8418,KZ,2024,29.0,4,54.0
8418,LZ,2024,175.0,4,139.0
8418,MN,2024,439.0,4,481.0
8418,OQ,2024,199.0,4,199.0
8418,RU,2024,215.0,4,220.0
8423,BE,2024,262.0,4,223.0
8423,FZ,2024,112.0,4,103.0
8423,GI,2024,376.0,4,361.0
8423,JZ,2024,44.0,4,36.0
8423,KZ,2024,29.0,4,32.0
8423,LZ,2024,70.0,4,43.0
8423,MN,2024,229.0,4,253.0
8423,OQ,2024,112.0,4,101.0
8423,RU,2024,141.0,4,144.0
8428,BE,2024,586.0,4,533.0
8428,FZ,2024,946.0,4,840.0
8428,GI,2024,2467.0,4,2153.0
8428,JZ,2024,352.0,4,317.0
8428,KZ,2024,297.0,4,267.0
8428,LZ,2024,431.0,4,381.0
8428,MN,2024,1977.0,4,1708.0
8428,OQ,2024,872.0,4,824.0
8428,RU,2024,914.0,4,851.0
8433,BE,2024,446.0,4,353.0
8433,FZ,2024,470.0,4,471.0
8433,GI,2024,1058.0,4,866.0
8433,JZ,2024,141.0,4,152.0
8433,KZ,2024,115.0,4,99.0
8433,LZ,2024,143.0,4,124.0
8433,MN,2024,887.0,4,793.0
8433,OQ,2024,360.0,4,377.0
8433,RU,2024,416.0,4,432.0
9303,BE,2024,240.0,4,220.0
9303,FZ,2024,362.0,4,326.0
9303,GI,2024,661.0,4,555.0
9303,JZ,2024,97.0,4,95.0
9303,KZ,2024,65.0,4,68.0
9303,LZ,2024,134.0,4,127.0
9303,MN,2024,715.0,4,674.0
9303,OQ,2024,244.0,4,210.0
9303,RU,2024,364.0,4,379.0
9308,BE,2024,193.0,4,171.0
9308,FZ,2024,411.0,4,356.0
9308,GI,2024,548.0,4,587.0
9308,JZ,2024,82.0,4,69.0
9308,KZ,2024,42.0,4,49.0
9308,LZ,2024,129.0,4,112.0
9308,MN,2024,678.0,4,642.0
9308,OQ,2024,200.0,4,203.0
9308,RU,2024,353.0,4,297.0
9313,BE,2024,350.0,4,351.0
9313,FZ,2024,490.0,4,528.0
9313,GI,2024,1773.0,4,1458.0
9313,JZ,2024,241.0,4,199.0
9313,KZ,2024,114.0,4,140.0
9313,LZ,2024,220.0,4,186.0
9313,MN,2024,1251.0,4,1166.0
9313,OQ,2024,567.0,4,533.0
9313,RU,2024,728.0,4,678.0
9318,BE,2024,626.0,4,632.0
9318,FZ,2024,1445.0,4,1221.0
9318,GI,2024,3182.0,4,2723.0
9318,JZ,2024,457.0,4,424.0
9318,KZ,2024,336.0,4,290.0
9318,LZ,2024,727.0,4,566.0
9318,MN,2024,2913.0,4,2791.0
9318,OQ,2024,1298.0,4,1198.0
9318,RU,2024,1620.0,4,1472.0
0051,BE,2025,201.0,0,190.0
0051,FZ,2025,121.0,0,115.0
0051,GI,2025,404.0,0,341.0
0051,JZ,2025,61.0,0,59.0
0051,KZ,2025,39.0,0,43.0
0051,LZ,2025,53.0,0,40.0
0051,MN,2025,274.0,0,293.0
0051,OQ,2025,111.0,0,108.0
0051,RU,2025,184.0,0,188.0
0056,BE,2025,188.0,0,171.0
0056,FZ,2025,78.0,0,55.0
0056,GI,2025,226.0,0,187.0
0056,JZ,2025,27.0,0,27.0
0056,KZ,2025,16.0,0,18.0
0056,LZ,2025,39.0,0,43.0
0056,MN,2025,203.0,0,154.0
0056,OQ,2025,66.0,0,53.0
0056,RU,2025,108.0,0,107.0
0061,BE,2025,107.0,0,138.0
0061,FZ,2025,54.0,0,68.0
0061,GI,2025,199.0,0,167.0
0061,JZ,2025,33.0,0,20.0
0061,KZ,2025,15.0,0,20.0
0061,LZ,2025,27.0,0,28.0
0061,MN,2025,218.0,0,193.0
0061,OQ,2025,61.0,0,50.0
0061,RU,2025,105.0,0,104.0
1102,BE,2025,109.0,0,135.0
1102,FZ,2025,132.0,0,130.0
1102,GI,2025,320.0,0,311.0
1102,JZ,2025,48.0,0,73.0
1102,KZ,2025,26.0,0,26.0
1102,LZ,2025,47.0,0,53.0
1102,MN,2025,311.0,0,243.0
1102,OQ,2025,102.0,0,100.0
1102,RU,2025,146.0,0,153.0
1107,BE,2025,212.0,0,258.0
1107,FZ,2025,352.0,0,323.0
1107,GI,2025,1229.0,0,1166.0
1107,JZ,2025,222.0,0,215.0
1107,KZ,2025,68.0,0,84.0
1107,LZ,2025,144.0,0,126.0
1107,MN,2025,888.0,0,918.0
1107,OQ,2025,315.0,0,287.0
1107,RU,2025,391.0,0,391.0
1112,BE,2025,677.0,0,600.0
1112,FZ,2025,2296.0,0,2335.0
1112,GI,2025,8391.0,0,8242.0
1112,JZ,2025,1262.0,0,1272.0
1112,KZ,2025,328.0,0,442.0
1112,LZ,2025,456.0,0,403.0
1112,MN,2025,4805.0,0,4702.0
1112,OQ,2025,1566.0,0,1520.0
1112,RU,2025,1611.0,0,1719.0
2402,BE,2025,402.0,0,347.0
2402,FZ,2025,153.0,0,156.0
2402,GI,2025,759.0,0,662.0
2402,JZ,2025,89.0,0,91.0
2402,KZ,2025,54.0,0,77.0
2402,LZ,2025,129.0,0,104.0
2402,MN,2025,484.0,0,449.0
2402,OQ,2025,168.0,0,209.0
2402,RU,2025,297.0,0,279.0
2407,BE,2025,190.0,0,172.0
2407,FZ,2025,68.0,0,82.0
2407,GI,2025,259.0,0,249.0
2407,JZ,2025,29.0,0,24.0
2407,KZ,2025,21.0,0,20.0
2407,LZ,2025,32.0,0,38.0
2407,MN,2025,190.0,0,192.0
2407,OQ,2025,58.0,0,68.0
2407,RU,2025,96.0,0,110.0
2412,BE,2025,186.0,0,178.0
2412,FZ,2025,115.0,0,107.0
2412,GI,2025,305.0,0,282.0
2412,JZ,2025,35.0,0,35.0
2412,KZ,2025,28.0,0,21.0
2412,LZ,2025,53.0,0,68.0
2412,MN,2025,311.0,0,256.0
2412,OQ,2025,73.0,0,89.0
2412,RU,2025,126.0,0,125.0
2702,BE,2025,334.0,0,360.0
2702,FZ,2025,180.0,0,178.0
2702,GI,2025,671.0,0,657.0
2702,JZ,2025,96.0,0,86.0
2702,KZ,2025,48.0,0,73.0
2702,LZ,2025,112.0,0,87.0
2702,MN,2025,500.0,0,482.0
2702,OQ,2025,213.0,0,243.0
2702,RU,2025,272.0,0,277.0
2707,BE,2025,294.0,0,266.0
2707,FZ,2025,177.0,0,179.0
2707,GI,2025,719.0,0,667.0
2707,JZ,2025,91.0,0,85.0
2707,KZ,2025,52.0,0,80.0
2707,LZ,2025,105.0,0,90.0
2707,MN,2025,473.0,0,447.0
2707,OQ,2025,226.0,0,194.0
2707,RU,2025,282.0,0,259.0
2712,BE,2025,161.0,0,153.0
2712,FZ,2025,88.0,0,99.0
2712,GI,2025,306.0,0,285.0
2712,JZ,2025,47.0,0,34.0
2712,KZ,2025,22.0,0,27.0
2712,LZ,2025,52.0,0,43.0
2712,MN,2025,234.0,0,217.0
2712,OQ,2025,76.0,0,97.0
2712,RU,2025,146.0,0,134.0
2717,BE,2025,203.0,0,227.0
2717,FZ,2025,159.0,0,165.0
2717,GI,2025,481.0,0,533.0
2717,JZ,2025,66.0,0,67.0
2717,KZ,2025,38.0,0,45.0
2717,LZ,2025,66.0,0,76.0
2717,MN,2025,367.0,0,332.0
2717,OQ,2025,142.0,0,129.0
2717,RU,2025,208.0,0,209.0
2804,BE,2025,688.0,0,641.0
2804,FZ,2025,628.0,0,617.0
2804,GI,2025,2315.0,0,2070.0
2804,JZ,2025,452.0,0,383.0
2804,KZ,2025,264.0,0,288.0
2804,LZ,2025,454.0,0,368.0
2804,MN,2025,1961.0,0,1673.0
2804,OQ,2025,934.0,0,901.0
2804,RU,2025,1064.0,0,1006.0
2809,BE,2025,160.0,0,195.0
2809,FZ,2025,68.0,0,61.0
2809,GI,2025,285.0,0,263.0
2809,JZ,2025,32.0,0,42.0
2809,KZ,2025,21.0,0,29.0
2809,LZ,2025,32.0,0,32.0
2809,MN,2025,185.0,0,139.0
2809,OQ,2025,72.0,0,64.0
2809,RU,2025,101.0,0,97.0
2814,BE,2025,128.0,0,147.0
2814,FZ,2025,92.0,0,95.0
2814,GI,2025,245.0,0,239.0
2814,JZ,2025,28.0,0,29.0
2814,KZ,2025,36.0,0,32.0
2814,LZ,2025,44.0,0,36.0
2814,MN,2025,275.0,0,221.0
2814,OQ,2025,70.0,0,80.0
2814,RU,2025,152.0,0,139.0
2819,BE,2025,195.0,0,201.0
2819,FZ,2025,78.0,0,81.0
2819,GI,2025,299.0,0,278.0
2819,JZ,2025,47.0,0,30.0
2819,KZ,2025,47.0,0,45.0
2819,LZ,2025,47.0,0,39.0
2819,MN,2025,264.0,0,222.0
2819,OQ,2025,80.0,0,99.0
2819,RU,2025,173.0,0,141.0
3205,BE,2025,310.0,0,328.0
3205,FZ,2025,201.0,0,248.0
3205,GI,2025,905.0,0,805.0
3205,JZ,2025,138.0,0,100.0
3205,KZ,2025,79.0,0,84.0
3205,LZ,2025,106.0,0,112.0
3205,MN,2025,555.0,0,510.0
3205,OQ,2025,238.0,0,246.0
3205,RU,2025,379.0,0,348.0
3210,BE,2025,260.0,0,197.0
3210,FZ,2025,199.0,0,194.0
3210,GI,2025,799.0,0,709.0
3210,JZ,2025,140.0,0,115.0
3210,KZ,2025,81.0,0,69.0
3210,LZ,2025,113.0,0,77.0
3210,MN,2025,568.0,0,541.0
3210,OQ,2025,234.0,0,208.0
3210,RU,2025,263.0,0,312.0
3215,BE,2025,404.0,0,385.0
3215,FZ,2025,407.0,0,360.0
3215,GI,2025,1811.0,0,1686.0
3215,JZ,2025,186.0,0,171.0
3215,KZ,2025,71.0,0,84.0
3215,LZ,2025,152.0,0,123.0
3215,MN,2025,882.0,0,704.0
3215,OQ,2025,346.0,0,377.0
3215,RU,2025,506.0,0,541.0
3220,BE,2025,375.0,0,367.0
3220,FZ,2025,186.0,0,204.0
3220,GI,2025,826.0,0,765.0
3220,JZ,2025,95.0,0,80.0
3220,KZ,2025,61.0,0,67.0
3220,LZ,2025,113.0,0,79.0
3220,MN,2025,527.0,0,466.0
3220,OQ,2025,223.0,0,213.0
3220,RU,2025,340.0,0,319.0
4403,BE,2025,232.0,0,201.0
4403,FZ,2025,148.0,0,152.0
4403,GI,2025,583.0,0,558.0
4403,JZ,2025,85.0,0,58.0
4403,KZ,2025,36.0,0,61.0
4403,LZ,2025,68.0,0,72.0
4403,MN,2025,297.0,0,311.0
4403,OQ,2025,129.0,0,128.0
4403,RU,2025,221.0,0,221.0
4408,BE,2025,146.0,0,121.0
4408,FZ,2025,139.0,0,170.0
4408,GI,2025,481.0,0,431.0
4408,JZ,2025,55.0,0,32.0
4408,KZ,2025,16.0,0,15.0
4408,LZ,2025,38.0,0,24.0
4408,MN,2025,262.0,0,226.0
4408,OQ,2025,76.0,0,90.0
4408,RU,2025,136.0,0,131.0
4413,BE,2025,374.0,0,362.0
4413,FZ,2025,380.0,0,430.0
4413,GI,2025,1788.0,0,1997.0
4413,JZ,2025,307.0,0,254.0
4413,KZ,2025,192.0,0,198.0
4413,LZ,2025,298.0,0,284.0
4413,MN,2025,1362.0,0,1317.0
4413,OQ,2025,637.0,0,590.0
4413,RU,2025,597.0,0,564.0
4418,BE,2025,102.0,0,113.0
4418,FZ,2025,48.0,0,58.0
4418,GI,2025,398.0,0,339.0
4418,JZ,2025,59.0,0,52.0
4418,KZ,2025,25.0,0,29.0
4418,LZ,2025,59.0,0,38.0
4418,MN,2025,285.0,0,219.0
4418,OQ,2025,116.0,0,97.0
4418,RU,2025,179.0,0,174.0
4423,BE,2025,624.0,0,677.0
4423,FZ,2025,853.0,0,915.0
4423,GI,2025,2997.0,0,3292.0
4423,JZ,2025,728.0,0,790.0
4423,KZ,2025,283.0,0,395.0
4423,LZ,2025,575.0,0,525.0
4423,MN,2025,3151.0,0,3097.0
4423,OQ,2025,1636.0,0,1645.0
4423,RU,2025,1343.0,0,1434.0
5201,BE,2025,208.0,0,218.0
5201,FZ,2025,89.0,0,127.0
5201,GI,2025,288.0,0,245.0
5201,JZ,2025,51.0,0,43.0
5201,KZ,2025,42.0,0,48.0
5201,LZ,2025,57.0,0,71.0
5201,MN,2025,332.0,0,279.0
5201,OQ,2025,118.0,0,127.0
5201,RU,2025,148.0,0,144.0
5206,BE,2025,288.0,0,288.0
5206,FZ,2025,191.0,0,183.0
5206,GI,2025,608.0,0,508.0
5206,JZ,2025,88.0,0,76.0
5206,KZ,2025,82.0,0,97.0
5206,LZ,2025,122.0,0,101.0
5206,MN,2025,492.0,0,451.0
5206,OQ,2025,190.0,0,174.0
5206,RU,2025,250.0,0,235.0
5211,BE,2025,236.0,0,250.0
5211,FZ,2025,100.0,0,107.0
5211,GI,2025,673.0,0,570.0
5211,JZ,2025,104.0,0,102.0
5211,KZ,2025,80.0,0,99.0
5211,LZ,2025,93.0,0,81.0
5211,MN,2025,514.0,0,524.0
5211,OQ,2025,190.0,0,214.0
5211,RU,2025,235.0,0,221.0
5216,BE,2025,1145.0,0,1083.0
5216,FZ,2025,1059.0,0,1195.0
5216,GI,2025,3777.0,0,3594.0
5216,JZ,2025,1320.0,0,1269.0
5216,KZ,2025,505.0,0,642.0
5216,LZ,2025,878.0,0,807.0
5216,MN,2025,4664.0,0,4272.0
5216,OQ,2025,1874.0,0,1855.0
5216,RU,2025,2116.0,0,2065.0
5221,BE,2025,106.0,0,121.0
5221,FZ,2025,40.0,0,57.0
5221,GI,2025,175.0,0,149.0
5221,JZ,2025,14.0,0,15.0
5221,KZ,2025,23.0,0,22.0
5221,LZ,2025,34.0,0,30.0
5221,MN,2025,138.0,0,133.0
5221,OQ,2025,46.0,0,51.0
5221,RU,2025,82.0,0,68.0
5305,BE,2025,155.0,0,141.0
5305,FZ,2025,67.0,0,58.0
5305,GI,2025,267.0,0,234.0
5305,JZ,2025,31.0,0,51.0
5305,KZ,2025,40.0,0,37.0
5305,LZ,2025,48.0,0,32.0
5305,MN,2025,176.0,0,171.0
5305,OQ,2025,75.0,0,68.0
5305,RU,2025,134.0,0,90.0
5310,BE,2025,214.0,0,211.0
5310,FZ,2025,126.0,0,106.0
5310,GI,2025,359.0,0,327.0
5310,JZ,2025,49.0,0,58.0
5310,KZ,2025,60.0,0,57.0
5310,LZ,2025,91.0,0,78.0
5310,MN,2025,348.0,0,290.0
5310,OQ,2025,147.0,0,118.0
5310,RU,2025,185.0,0,179.0
5315,BE,2025,933.0,0,960.0
5315,FZ,2025,772.0,0,801.0
5315,GI,2025,3133.0,0,2705.0
5315,JZ,2025,966.0,0,859.0
5315,KZ,2025,476.0,0,587.0
5315,LZ,2025,617.0,0,537.0
5315,MN,2025,3265.0,0,2904.0
5315,OQ,2025,1504.0,0,1427.0
5315,RU,2025,1429.0,0,1444.0
7501,BE,2025,317.0,0,319.0
7501,FZ,2025,177.0,0,164.0
7501,GI,2025,629.0,0,603.0
7501,JZ,2025,81.0,0,96.0
7501,KZ,2025,67.0,0,71.0
7501,LZ,2025,109.0,0,119.0
7501,MN,2025,533.0,0,446.0
7501,OQ,2025,230.0,0,213.0
7501,RU,2025,267.0,0,274.0
7506,BE,2025,276.0,0,244.0
7506,FZ,2025,84.0,0,65.0
7506,GI,2025,273.0,0,312.0
7506,JZ,2025,50.0,0,40.0
7506,KZ,2025,32.0,0,46.0
7506,LZ,2025,74.0,0,56.0
7506,MN,2025,247.0,0,233.0
7506,OQ,2025,78.0,0,108.0
7506,RU,2025,147.0,0,143.0
7511,BE,2025,513.0,0,444.0
7511,FZ,2025,109.0,0,106.0
7511,GI,2025,356.0,0,333.0
7511,JZ,2025,51.0,0,44.0
7511,KZ,2025,31.0,0,23.0
7511,LZ,2025,58.0,0,69.0
7511,MN,2025,277.0,0,263.0
7511,OQ,2025,117.0,0,130.0
7511,RU,2025,171.0,0,155.0
7516,BE,2025,287.0,0,273.0
7516,FZ,2025,265.0,0,315.0
7516,GI,2025,930.0,0,713.0
7516,JZ,2025,93.0,0,85.0
7516,KZ,2025,53.0,0,61.0
7516,LZ,2025,112.0,0,98.0
7516,MN,2025,654.0,0,637.0
7516,OQ,2025,212.0,0,233.0
7516,RU,2025,327.0,0,301.0
7521,BE,2025,170.0,0,131.0
7521,FZ,2025,73.0,0,58.0
7521,GI,2025,209.0,0,190.0
7521,JZ,2025,26.0,0,31.0
7521,KZ,2025,10.0,0,13.0
7521,LZ,2025,47.0,0,54.0
7521,MN,2025,183.0,0,170.0
7521,OQ,2025,125.0,0,108.0
7521,RU,2025,121.0,0,127.0
7526,BE,2025,213.0,0,224.0
7526,FZ,2025,191.0,0,200.0
7526,GI,2025,705.0,0,590.0
7526,JZ,2025,64.0,0,54.0
7526,KZ,2025,47.0,0,64.0
7526,LZ,2025,208.0,0,193.0
7526,MN,2025,567.0,0,477.0
7526,OQ,2025,203.0,0,201.0
7526,RU,2025,271.0,0,275.0
7531,BE,2025,227.0,0,236.0
7531,FZ,2025,106.0,0,96.0
7531,GI,2025,246.0,0,248.0
7531,JZ,2025,41.0,0,39.0
7531,KZ,2025,26.0,0,20.0
7531,LZ,2025,55.0,0,29.0
7531,MN,2025,218.0,0,186.0
7531,OQ,2025,105.0,0,99.0
7531,RU,2025,126.0,0,132.0
7604,BE,2025,502.0,0,446.0
7604,FZ,2025,169.0,0,239.0
7604,GI,2025,614.0,0,579.0
7604,JZ,2025,88.0,0,73.0
7604,KZ,2025,63.0,0,52.0
7604,LZ,2025,152.0,0,117.0
7604,MN,2025,564.0,0,535.0
7604,OQ,2025,201.0,0,208.0
7604,RU,2025,298.0,0,290.0
7609,BE,2025,197.0,0,183.0
7609,FZ,2025,99.0,0,112.0
7609,GI,2025,291.0,0,251.0
7609,JZ,2025,24.0,0,30.0
7609,KZ,2025,23.0,0,23.0
7609,LZ,2025,39.0,0,40.0
7609,MN,2025,232.0,0,197.0
7609,OQ,2025,79.0,0,71.0
7609,RU,2025,123.0,0,124.0
7614,BE,2025,180.0,0,178.0
7614,FZ,2025,58.0,0,74.0
7614,GI,2025,224.0,0,226.0
7614,JZ,2025,28.0,0,29.0
7614,KZ,2025,25.0,0,20.0
7614,LZ,2025,35.0,0,46.0
7614,MN,2025,194.0,0,162.0
7614,OQ,2025,104.0,0,114.0
7614,RU,2025,130.0,0,97.0
7619,BE,2025,156.0,0,161.0
7619,FZ,2025,67.0,0,54.0
7619,GI,2025,206.0,0,199.0
7619,JZ,2025,20.0,0,32.0
7619,KZ,2025,12.0,0,11.0
7619,LZ,2025,30.0,0,37.0
7619,MN,2025,165.0,0,170.0
7619,OQ,2025,61.0,0,64.0
7619,RU,2025,89.0,0,85.0
7624,BE,2025,525.0,0,469.0
7624,FZ,2025,325.0,0,336.0
7624,GI,2025,969.0,0,950.0
7624,JZ,2025,118.0,0,103.0
7624,KZ,2025,63.0,0,83.0
7624,LZ,2025,245.0,0,208.0
7624,MN,2025,787.0,0,729.0
7624,OQ,2025,439.0,0,432.0
7624,RU,2025,496.0,0,455.0
8404,BE,2025,112.0,0,96.0
8404,FZ,2025,69.0,0,77.0
8404,GI,2025,219.0,0,185.0
8404,JZ,2025,36.0,0,31.0
8404,KZ,2025,17.0,0,22.0
8404,LZ,2025,35.0,0,34.0
8404,MN,2025,199.0,0,183.0
8404,OQ,2025,81.0,0,67.0
8404,RU,2025,135.0,0,111.0
8409,BE,2025,700.0,0,603.0
8409,FZ,2025,944.0,0,944.0
8409,GI,2025,2825.0,0,2580.0
8409,JZ,2025,706.0,0,703.0
8409,KZ,2025,225.0,0,304.0
8409,LZ,2025,596.0,0,584.0
8409,MN,2025,2970.0,0,2655.0
8409,OQ,2025,1374.0,0,1232.0
8409,RU,2025,1272.0,0,1274.0
8414,BE,2025,100.0,0,102.0
8414,FZ,2025,171.0,0,174.0
8414,GI,2025,467.0,0,416.0
8414,JZ,2025,82.0,0,71.0
8414,KZ,2025,32.0,0,33.0
8414,LZ,2025,83.0,0,89.0
8414,MN,2025,427.0,0,377.0
8414,OQ,2025,159.0,0,177.0
8414,RU,2025,179.0,0,200.0
8419,BE,2025,298.0,0,246.0
8419,FZ,2025,122.0,0,120.0
8419,GI,2025,437.0,0,391.0
8419,JZ,2025,74.0,0,58.0
8419,KZ,2025,32.0,0,38.0
8419,LZ,2025,95.0,0,75.0
8419,MN,2025,319.0,0,312.0
8419,OQ,2025,164.0,0,168.0
8419,RU,2025,173.0,0,165.0
8424,BE,2025,283.0,0,291.0
8424,FZ,2025,76.0,0,72.0
8424,GI,2025,302.0,0,286.0
8424,JZ,2025,45.0,0,38.0
8424,KZ,2025,17.0,0,19.0
8424,LZ,2025,53.0,0,46.0
8424,MN,2025,204.0,0,214.0
8424,OQ,2025,93.0,0,101.0
8424,RU,2025,121.0,0,111.0
8429,BE,2025,180.0,0,130.0
8429,FZ,2025,19.0,0,31.0
8429,GI,2025,89.0,0,79.0
8429,JZ,2025,12.0,0,8.0
8429,KZ,2025,7.0,0,6.0
8429,LZ,2025,21.0,0,28.0
8429,MN,2025,89.0,0,74.0
8429,OQ,2025,45.0,0,31.0
8429,RU,2025,34.0,0,51.0
8434,BE,2025,279.0,0,281.0
8434,FZ,2025,296.0,0,281.0
8434,GI,2025,905.0,0,893.0
8434,JZ,2025,165.0,0,140.0
8434,KZ,2025,83.0,0,110.0
8434,LZ,2025,118.0,0,138.0
8434,MN,2025,928.0,0,806.0
8434,OQ,2025,285.0,0,298.0
8434,RU,2025,302.0,0,336.0
9304,BE,2025,611.0,0,649.0
9304,FZ,2025,1390.0,0,1316.0
9304,GI,2025,3353.0,0,3071.0
9304,JZ,2025,750.0,0,690.0
9304,KZ,2025,300.0,0,340.0
9304,LZ,2025,877.0,0,925.0
9304,MN,2025,3723.0,0,3438.0
9304,OQ,2025,1042.0,0,1017.0
9304,RU,2025,1609.0,0,1508.0
9309,BE,2025,156.0,0,125.0
9309,FZ,2025,368.0,0,407.0
9309,GI,2025,934.0,0,860.0
9309,JZ,2025,127.0,0,104.0
9309,KZ,2025,77.0,0,78.0
9309,LZ,2025,227.0,0,209.0
9309,MN,2025,954.0,0,831.0
9309,OQ,2025,270.0,0,304.0
9309,RU,2025,418.0,0,414.0
9314,BE,2025,90.0,0,58.0
9314,FZ,2025,161.0,0,141.0
9314,GI,2025,508.0,0,407.0
9314,JZ,2025,81.0,0,63.0
9314,KZ,2025,41.0,0,32.0
9314,LZ,2025,161.0,0,154.0
9314,MN,2025,510.0,0,428.0
9314,OQ,2025,168.0,0,172.0
9314,RU,2025,249.0,0,271.0
0052,BE,2025,207.0,1,215.0
0052,FZ,2025,247.0,1,250.0
0052,GI,2025,836.0,1,875.0
0052,JZ,2025,116.0,1,93.0
0052,KZ,2025,71.0,1,66.0
0052,LZ,2025,110.0,1,136.0
0052,MN,2025,730.0,1,660.0
0052,OQ,2025,243.0,1,212.0
0052,RU,2025,332.0,1,330.0
0057,BE,2025,210.0,1,228.0
0057,FZ,2025,183.0,1,212.0
0057,GI,2025,718.0,1,646.0
0057,JZ,2025,95.0,1,89.0
0057,KZ,2025,44.0,1,40.0
0057,LZ,2025,90.0,1,59.0
0057,MN,2025,468.0,1,489.0
0057,OQ,2025,172.0,1,160.0
0057,RU,2025,234.0,1,241.0
0062,BE,2025,179.0,1,196.0
0062,FZ,2025,107.0,1,110.0
0062,GI,2025,233.0,1,230.0
0062,JZ,2025,48.0,1,39.0
0062,KZ,2025,30.0,1,48.0
0062,LZ,2025,42.0,1,51.0
0062,MN,2025,245.0,1,214.0
0062,OQ,2025,111.0,1,88.0
0062,RU,2025,140.0,1,152.0
1103,BE,2025,140.0,1,120.0
1103,FZ,2025,153.0,1,128.0
1103,GI,2025,572.0,1,536.0
1103,JZ,2025,115.0,1,96.0
1103,KZ,2025,36.0,1,42.0
1103,LZ,2025,65.0,1,65.0
1103,MN,2025,483.0,1,389.0
1103,OQ,2025,196.0,1,153.0
1103,RU,2025,225.0,1,179.0
1108,BE,2025,223.0,1,214.0
1108,FZ,2025,349.0,1,343.0
1108,GI,2025,1380.0,1,1320.0
1108,JZ,2025,223.0,1,256.0
1108,KZ,2025,68.0,1,72.0
1108,LZ,2025,141.0,1,128.0
1108,MN,2025,882.0,1,918.0
1108,OQ,2025,320.0,1,305.0
1108,RU,2025,353.0,1,395.0
1113,BE,2025,413.0,1,415.0
1113,FZ,2025,772.0,1,751.0
1113,GI,2025,3418.0,1,3164.0
1113,JZ,2025,888.0,1,846.0
1113,KZ,2025,209.0,1,231.0
1113,LZ,2025,371.0,1,317.0
1113,MN,2025,2642.0,1,2604.0
1113,OQ,2025,1080.0,1,1022.0
1113,RU,2025,1057.0,1,1082.0
2403,BE,2025,308.0,1,278.0
2403,FZ,2025,196.0,1,209.0
2403,GI,2025,834.0,1,757.0
2403,JZ,2025,164.0,1,167.0
2403,KZ,2025,87.0,1,105.0
2403,LZ,2025,104.0,1,125.0
2403,MN,2025,759.0,1,654.0
2403,OQ,2025,291.0,1,240.0
2403,RU,2025,370.0,1,356.0
2408,BE,2025,141.0,1,149.0
2408,FZ,2025,46.0,1,52.0
2408,GI,2025,144.0,1,145.0
2408,JZ,2025,36.0,1,20.0
2408,KZ,2025,13.0,1,17.0
2408,LZ,2025,31.0,1,32.0
2408,MN,2025,145.0,1,142.0
2408,OQ,2025,65.0,1,35.0
2408,RU,2025,99.0,1,98.0
2413,BE,2025,645.0,1,679.0
2413,FZ,2025,517.0,1,538.0
2413,GI,2025,2247.0,1,2235.0
2413,JZ,2025,480.0,1,427.0
2413,KZ,2025,221.0,1,295.0
2413,LZ,2025,453.0,1,438.0
2413,MN,2025,2050.0,1,1885.0
2413,OQ,2025,1008.0,1,856.0
2413,RU,2025,954.0,1,918.0
2703,BE,2025,152.0,1,138.0
2703,FZ,2025,40.0,1,58.0
2703,GI,2025,165.0,1,143.0
2703,JZ,2025,13.0,1,24.0
2703,KZ,2025,12.0,1,17.0
2703,LZ,2025,38.0,1,28.0
2703,MN,2025,124.0,1,134.0
2703,OQ,2025,48.0,1,75.0
2703,RU,2025,63.0,1,92.0
2708,BE,2025,251.0,1,251.0
2708,FZ,2025,85.0,1,83.0
2708,GI,2025,242.0,1,223.0
2708,JZ,2025,43.0,1,25.0
2708,KZ,2025,27.0,1,24.0
2708,LZ,2025,58.0,1,42.0
2708,MN,2025,214.0,1,191.0
2708,OQ,2025,87.0,1,75.0
2708,RU,2025,109.0,1,134.0
2713,BE,2025,349.0,1,320.0
2713,FZ,2025,172.0,1,163.0
2713,GI,2025,592.0,1,509.0
2713,JZ,2025,78.0,1,70.0
2713,KZ,2025,42.0,1,73.0
2713,LZ,2025,101.0,1,103.0
2713,MN,2025,432.0,1,392.0
2713,OQ,2025,192.0,1,197.0
2713,RU,2025,241.0,1,283.0
2718,BE,2025,238.0,1,257.0
2718,FZ,2025,123.0,1,107.0
2718,GI,2025,444.0,1,395.0
2718,JZ,2025,51.0,1,50.0
2718,KZ,2025,38.0,1,26.0
2718,LZ,2025,72.0,1,54.0
2718,MN,2025,282.0,1,266.0
2718,OQ,2025,115.0,1,96.0
2718,RU,2025,165.0,1,135.0
2805,BE,2025,233.0,1,265.0
2805,FZ,2025,113.0,1,127.0
2805,GI,2025,532.0,1,485.0
2805,JZ,2025,75.0,1,74.0
2805,KZ,2025,61.0,1,71.0
2805,LZ,2025,102.0,1,72.0
2805,MN,2025,414.0,1,361.0
2805,OQ,2025,185.0,1,190.0
2805,RU,2025,250.0,1,256.0
2810,BE,2025,88.0,1,85.0
2810,FZ,2025,44.0,1,53.0
2810,GI,2025,189.0,1,163.0
2810,JZ,2025,35.0,1,25.0
2810,KZ,2025,26.0,1,30.0
2810,LZ,2025,32.0,1,40.0
2810,MN,2025,175.0,1,127.0
2810,OQ,2025,68.0,1,84.0
2810,RU,2025,110.0,1,103.0
2815,BE,2025,822.0,1,815.0
2815,FZ,2025,790.0,1,824.0
2815,GI,2025,3258.0,1,2823.0
2815,JZ,2025,580.0,1,541.0
2815,KZ,2025,357.0,1,337.0
2815,LZ,2025,477.0,1,412.0
2815,MN,2025,2577.0,1,2255.0
2815,OQ,2025,1115.0,1,1043.0
2815,RU,2025,1278.0,1,1221.0
3201,BE,2025,149.0,1,143.0
3201,FZ,2025,72.0,1,82.0
3201,GI,2025,291.0,1,283.0
3201,JZ,2025,27.0,1,32.0
3201,KZ,2025,29.0,1,33.0
3201,LZ,2025,75.0,1,57.0
3201,MN,2025,189.0,1,188.0
3201,OQ,2025,65.0,1,81.0
3201,RU,2025,101.0,1,115.0
3206,BE,2025,185.0,1,194.0
3206,FZ,2025,107.0,1,137.0
3206,GI,2025,547.0,1,562.0
3206,JZ,2025,63.0,1,62.0
3206,KZ,2025,60.0,1,51.0
3206,LZ,2025,139.0,1,101.0
3206,MN,2025,393.0,1,323.0
3206,OQ,2025,175.0,1,158.0
3206,RU,2025,201.0,1,187.0
3211,BE,2025,294.0,1,288.0
3211,FZ,2025,295.0,1,327.0
3211,GI,2025,1665.0,1,1612.0
3211,JZ,2025,248.0,1,250.0
3211,KZ,2025,115.0,1,94.0
3211,LZ,2025,166.0,1,146.0
3211,MN,2025,1098.0,1,1027.0
3211,OQ,2025,383.0,1,372.0
3211,RU,2025,510.0,1,492.0
3216,BE,2025,831.0,1,824.0
3216,FZ,2025,865.0,1,1043.0
3216,GI,2025,5633.0,1,5315.0
3216,JZ,2025,1543.0,1,1462.0
3216,KZ,2025,483.0,1,620.0
3216,LZ,2025,771.0,1,799.0
3216,MN,2025,4564.0,1,4319.0
3216,OQ,2025,2206.0,1,2341.0
3216,RU,2025,1738.0,1,1802.0
3221,BE,2025,230.0,1,238.0
3221,FZ,2025,164.0,1,169.0
3221,GI,2025,659.0,1,572.0
3221,JZ,2025,93.0,1,74.0
3221,KZ,2025,53.0,1,67.0
3221,LZ,2025,83.0,1,72.0
3221,MN,2025,417.0,1,400.0
3221,OQ,2025,172.0,1,175.0
3221,RU,2025,231.0,1,256.0
4404,BE,2025,280.0,1,240.0
4404,FZ,2025,100.0,1,90.0
4404,GI,2025,384.0,1,334.0
4404,JZ,2025,34.0,1,53.0
4404,KZ,2025,40.0,1,37.0
4404,LZ,2025,54.0,1,60.0
4404,MN,2025,272.0,1,236.0
4404,OQ,2025,102.0,1,108.0
4404,RU,2025,160.0,1,136.0
4409,BE,2025,321.0,1,375.0
4409,FZ,2025,271.0,1,275.0
4409,GI,2025,653.0,1,771.0
4409,JZ,2025,96.0,1,121.0
4409,KZ,2025,86.0,1,92.0
4409,LZ,2025,101.0,1,92.0
4409,MN,2025,616.0,1,661.0
4409,OQ,2025,274.0,1,310.0
4409,RU,2025,362.0,1,376.0
4414,BE,2025,153.0,1,132.0
4414,FZ,2025,100.0,1,90.0
4414,GI,2025,282.0,1,257.0
4414,JZ,2025,38.0,1,39.0
4414,KZ,2025,25.0,1,26.0
4414,LZ,2025,77.0,1,64.0
4414,MN,2025,246.0,1,222.0
4414,OQ,2025,114.0,1,114.0
4414,RU,2025,150.0,1,138.0
4419,BE,2025,219.0,1,211.0
4419,FZ,2025,114.0,1,88.0
4419,GI,2025,340.0,1,308.0
4419,JZ,2025,46.0,1,48.0
4419,KZ,2025,29.0,1,31.0
4419,LZ,2025,64.0,1,45.0
4419,MN,2025,288.0,1,222.0
4419,OQ,2025,126.0,1,111.0
4419,RU,2025,150.0,1,157.0
4424,BE,2025,434.0,1,418.0
4424,FZ,2025,298.0,1,315.0
4424,GI,2025,1312.0,1,1127.0
4424,JZ,2025,206.0,1,168.0
4424,KZ,2025,84.0,1,85.0
4424,LZ,2025,211.0,1,174.0
4424,MN,2025,849.0,1,682.0
4424,OQ,2025,286.0,1,326.0
4424,RU,2025,521.0,1,530.0
5202,BE,2025,444.0,1,417.0
5202,FZ,2025,419.0,1,392.0
5202,GI,2025,1982.0,1,1637.0
5202,JZ,2025,384.0,1,363.0
5202,KZ,2025,195.0,1,220.0
5202,LZ,2025,357.0,1,367.0
5202,MN,2025,1516.0,1,1536.0
5202,OQ,2025,765.0,1,758.0
5202,RU,2025,749.0,1,733.0
5207,BE,2025,276.0,1,280.0
5207,FZ,2025,117.0,1,97.0
5207,GI,2025,416.0,1,325.0
5207,JZ,2025,47.0,1,51.0
5207,KZ,2025,25.0,1,54.0
5207,LZ,2025,86.0,1,67.0
5207,MN,2025,291.0,1,324.0
5207,OQ,2025,119.0,1,111.0
5207,RU,2025,198.0,1,193.0
5212,BE,2025,438.0,1,487.0
5212,FZ,2025,252.0,1,326.0
5212,GI,2025,1484.0,1,1412.0
5212,JZ,2025,242.0,1,249.0
5212,KZ,2025,130.0,1,166.0
5212,LZ,2025,265.0,1,266.0
5212,MN,2025,1044.0,1,1040.0
5212,OQ,2025,425.0,1,464.0
5212,RU,2025,538.0,1,539.0
5217,BE,2025,127.0,1,151.0
5217,FZ,2025,94.0,1,87.0
5217,GI,2025,262.0,1,258.0
5217,JZ,2025,48.0,1,44.0
5217,KZ,2025,47.0,1,34.0
5217,LZ,2025,71.0,1,62.0
5217,MN,2025,307.0,1,297.0
5217,OQ,2025,88.0,1,118.0
5217,RU,2025,179.0,1,160.0
5301,BE,2025,155.0,1,160.0
5301,FZ,2025,125.0,1,132.0
5301,GI,2025,324.0,1,294.0
5301,JZ,2025,60.0,1,67.0
5301,KZ,2025,40.0,1,74.0
5301,LZ,2025,124.0,1,123.0
5301,MN,2025,430.0,1,355.0
5301,OQ,2025,164.0,1,178.0
5301,RU,2025,216.0,1,162.0
5306,BE,2025,104.0,1,117.0
5306,FZ,2025,61.0,1,67.0
5306,GI,2025,180.0,1,191.0
5306,JZ,2025,33.0,1,25.0
5306,KZ,2025,20.0,1,28.0
5306,LZ,2025,43.0,1,42.0
5306,MN,2025,141.0,1,125.0
5306,OQ,2025,45.0,1,51.0
5306,RU,2025,90.0,1,77.0
5311,BE,2025,168.0,1,164.0
5311,FZ,2025,81.0,1,99.0
5311,GI,2025,188.0,1,192.0
5311,JZ,2025,49.0,1,41.0
5311,KZ,2025,26.0,1,39.0
5311,LZ,2025,37.0,1,29.0
5311,MN,2025,173.0,1,184.0
5311,OQ,2025,78.0,1,79.0
5311,RU,2025,140.0,1,137.0
5316,BE,2025,266.0,1,289.0
5316,FZ,2025,329.0,1,374.0
5316,GI,2025,694.0,1,643.0
5316,JZ,2025,106.0,1,95.0
5316,KZ,2025,102.0,1,126.0
5316,LZ,2025,123.0,1,161.0
5316,MN,2025,642.0,1,610.0
5316,OQ,2025,239.0,1,210.0
5316,RU,2025,332.0,1,321.0
7502,BE,2025,489.0,1,470.0
7502,FZ,2025,278.0,1,249.0
7502,GI,2025,878.0,1,884.0
7502,JZ,2025,209.0,1,144.0
7502,KZ,2025,99.0,1,100.0
7502,LZ,2025,171.0,1,150.0
7502,MN,2025,758.0,1,711.0
7502,OQ,2025,291.0,1,290.0
7502,RU,2025,497.0,1,511.0
7507,BE,2025,266.0,1,283.0
7507,FZ,2025,167.0,1,164.0
7507,GI,2025,534.0,1,504.0
7507,JZ,2025,74.0,1,65.0
7507,KZ,2025,67.0,1,59.0
7507,LZ,2025,109.0,1,118.0
7507,MN,2025,501.0,1,450.0
7507,OQ,2025,186.0,1,169.0
7507,RU,2025,240.0,1,220.0
7512,BE,2025,330.0,1,382.0
7512,FZ,2025,395.0,1,430.0
7512,GI,2025,1155.0,1,1050.0
7512,JZ,2025,241.0,1,227.0
7512,KZ,2025,188.0,1,182.0
7512,LZ,2025,319.0,1,314.0
7512,MN,2025,1264.0,1,1247.0
7512,OQ,2025,507.0,1,508.0
7512,RU,2025,588.0,1,639.0
7517,BE,2025,508.0,1,450.0
7517,FZ,2025,327.0,1,321.0
7517,GI,2025,1245.0,1,1188.0
7517,JZ,2025,227.0,1,183.0
7517,KZ,2025,124.0,1,130.0
7517,LZ,2025,228.0,1,242.0
7517,MN,2025,865.0,1,897.0
7517,OQ,2025,482.0,1,468.0
7517,RU,2025,459.0,1,486.0
7522,BE,2025,514.0,1,558.0
7522,FZ,2025,363.0,1,406.0
7522,GI,2025,1343.0,1,1132.0
7522,JZ,2025,285.0,1,245.0
7522,KZ,2025,115.0,1,117.0
7522,LZ,2025,283.0,1,273.0
7522,MN,2025,1238.0,1,1143.0
7522,OQ,2025,595.0,1,670.0
7522,RU,2025,673.0,1,671.0
7527,BE,2025,316.0,1,306.0
7527,FZ,2025,82.0,1,97.0
7527,GI,2025,244.0,1,249.0
7527,JZ,2025,31.0,1,42.0
7527,KZ,2025,20.0,1,21.0
7527,LZ,2025,61.0,1,38.0
7527,MN,2025,218.0,1,237.0
7527,OQ,2025,105.0,1,83.0
7527,RU,2025,117.0,1,118.0
7532,BE,2025,272.0,1,232.0
7532,FZ,2025,128.0,1,119.0
7532,GI,2025,410.0,1,343.0
7532,JZ,2025,39.0,1,41.0
7532,KZ,2025,33.0,1,19.0
7532,LZ,2025,70.0,1,61.0
7532,MN,2025,309.0,1,288.0
7532,OQ,2025,115.0,1,115.0
7532,RU,2025,166.0,1,179.0
7605,BE,2025,96.0,1,131.0
7605,FZ,2025,95.0,1,92.0
7605,GI,2025,348.0,1,335.0
7605,JZ,2025,46.0,1,43.0
7605,KZ,2025,25.0,1,29.0
7605,LZ,2025,56.0,1,61.0
7605,MN,2025,259.0,1,274.0
7605,OQ,2025,113.0,1,112.0
7605,RU,2025,160.0,1,140.0
7610,BE,2025,354.0,1,372.0
7610,FZ,2025,179.0,1,215.0
7610,GI,2025,584.0,1,625.0
7610,JZ,2025,107.0,1,105.0
7610,KZ,2025,65.0,1,68.0
7610,LZ,2025,101.0,1,101.0
7610,MN,2025,548.0,1,509.0
7610,OQ,2025,249.0,1,231.0
7610,RU,2025,294.0,1,299.0
7615,BE,2025,378.0,1,400.0
7615,FZ,2025,300.0,1,314.0
7615,GI,2025,912.0,1,803.0
7615,JZ,2025,131.0,1,99.0
7615,KZ,2025,63.0,1,80.0
7615,LZ,2025,155.0,1,145.0
7615,MN,2025,750.0,1,647.0
7615,OQ,2025,336.0,1,364.0
7615,RU,2025,402.0,1,404.0
7620,BE,2025,699.0,1,838.0
7620,FZ,2025,864.0,1,932.0
7620,GI,2025,2922.0,1,2812.0
7620,JZ,2025,392.0,1,374.0
7620,KZ,2025,189.0,1,252.0
7620,LZ,2025,681.0,1,587.0
7620,MN,2025,2300.0,1,1999.0
7620,OQ,2025,1030.0,1,993.0
7620,RU,2025,1297.0,1,1242.0
7625,BE,2025,1541.0,1,1613.0
7625,FZ,2025,1968.0,1,2190.0
7625,GI,2025,8957.0,1,8376.0
7625,JZ,2025,2109.0,1,2003.0
7625,KZ,2025,690.0,1,816.0
7625,LZ,2025,1402.0,1,1310.0
7625,MN,2025,7579.0,1,6871.0
7625,OQ,2025,3389.0,1,3476.0
7625,RU,2025,3362.0,1,3081.0
8405,BE,2025,462.0,1,432.0
8405,FZ,2025,361.0,1,411.0
8405,GI,2025,1149.0,1,1080.0
8405,JZ,2025,166.0,1,148.0
8405,KZ,2025,103.0,1,130.0
8405,LZ,2025,171.0,1,161.0
8405,MN,2025,1021.0,1,859.0
8405,OQ,2025,373.0,1,386.0
8405,RU,2025,498.0,1,516.0
8410,BE,2025,163.0,1,179.0
8410,FZ,2025,89.0,1,95.0
8410,GI,2025,293.0,1,237.0
8410,JZ,2025,38.0,1,36.0
8410,KZ,2025,13.0,1,30.0
8410,LZ,2025,65.0,1,60.0
8410,MN,2025,222.0,1,228.0
8410,OQ,2025,98.0,1,111.0
8410,RU,2025,141.0,1,163.0
8415,BE,2025,145.0,1,130.0
8415,FZ,2025,174.0,1,232.0
8415,GI,2025,609.0,1,593.0
8415,JZ,2025,99.0,1,71.0
8415,KZ,2025,38.0,1,46.0
8415,LZ,2025,218.0,1,164.0
8415,MN,2025,619.0,1,498.0
8415,OQ,2025,260.0,1,257.0
8415,RU,2025,325.0,1,336.0
8420,BE,2025,193.0,1,154.0
8420,FZ,2025,89.0,1,100.0
8420,GI,2025,265.0,1,267.0
8420,JZ,2025,44.0,1,34.0
8420,KZ,2025,41.0,1,38.0
8420,LZ,2025,59.0,1,46.0
8420,MN,2025,274.0,1,200.0
8420,OQ,2025,119.0,1,147.0
8420,RU,2025,137.0,1,136.0
8425,BE,2025,93.0,1,76.0
8425,FZ,2025,89.0,1,76.0
8425,GI,2025,269.0,1,289.0
8425,JZ,2025,42.0,1,24.0
8425,KZ,2025,31.0,1,37.0
8425,LZ,2025,32.0,1,24.0
8425,MN,2025,181.0,1,164.0
8425,OQ,2025,64.0,1,59.0
8425,RU,2025,70.0,1,103.0
8430,BE,2025,96.0,1,74.0
8430,FZ,2025,92.0,1,86.0
8430,GI,2025,206.0,1,180.0
8430,JZ,2025,33.0,1,34.0
8430,KZ,2025,22.0,1,18.0
8430,LZ,2025,35.0,1,34.0
8430,MN,2025,174.0,1,170.0
8430,OQ,2025,66.0,1,73.0
8430,RU,2025,81.0,1,93.0
8435,BE,2025,369.0,1,334.0
8435,FZ,2025,322.0,1,348.0
8435,GI,2025,714.0,1,700.0
8435,JZ,2025,131.0,1,121.0
8435,KZ,2025,61.0,1,76.0
8435,LZ,2025,167.0,1,159.0
8435,MN,2025,859.0,1,791.0
8435,OQ,2025,336.0,1,341.0
8435,RU,2025,434.0,1,416.0
9305,BE,2025,162.0,1,150.0
9305,FZ,2025,202.0,1,218.0
9305,GI,2025,572.0,1,562.0
9305,JZ,2025,82.0,1,63.0
9305,KZ,2025,32.0,1,46.0
9305,LZ,2025,84.0,1,86.0
9305,MN,2025,481.0,1,487.0
9305,OQ,2025,149.0,1,165.0
9305,RU,2025,247.0,1,236.0
9310,BE,2025,207.0,1,180.0
9310,FZ,2025,175.0,1,188.0
9310,GI,2025,428.0,1,414.0
9310,JZ,2025,77.0,1,75.0
9310,KZ,2025,43.0,1,55.0
9310,LZ,2025,127.0,1,103.0
9310,MN,2025,415.0,1,386.0
9310,OQ,2025,254.0,1,250.0
9310,RU,2025,248.0,1,260.0
9315,BE,2025,632.0,1,607.0
9315,FZ,2025,2200.0,1,1934.0
9315,GI,2025,5243.0,1,4491.0
9315,JZ,2025,932.0,1,780.0
9315,KZ,2025,415.0,1,430.0
9315,LZ,2025,982.0,1,931.0
9315,MN,2025,4842.0,1,4125.0
9315,OQ,2025,1720.0,1,1622.0
9315,RU,2025,2015.0,1,1955.0
0053,BE,2025,370.0,2,413.0
0053,FZ,2025,609.0,2,667.0
0053,GI,2025,2021.0,2,1935.0
0053,JZ,2025,288.0,2,265.0
0053,KZ,2025,146.0,2,194.0
0053,LZ,2025,274.0,2,206.0
0053,MN,2025,1509.0,2,1517.0
0053,OQ,2025,589.0,2,537.0
0053,RU,2025,737.0,2,729.0
0058,BE,2025,111.0,2,103.0
0058,FZ,2025,57.0,2,54.0
0058,GI,2025,197.0,2,223.0
0058,JZ,2025,21.0,2,15.0
0058,KZ,2025,24.0,2,29.0
0058,LZ,2025,44.0,2,40.0
0058,MN,2025,133.0,2,139.0
0058,OQ,2025,38.0,2,47.0
0058,RU,2025,107.0,2,99.0
0063,BE,2025,256.0,2,225.0
0063,FZ,2025,63.0,2,75.0
0063,GI,2025,204.0,2,223.0
0063,JZ,2025,29.0,2,22.0
0063,KZ,2025,9.0,2,21.0
0063,LZ,2025,58.0,2,45.0
0063,MN,2025,170.0,2,167.0
0063,OQ,2025,70.0,2,76.0
0063,RU,2025,102.0,2,98.0
1104,BE,2025,465.0,2,493.0
1104,FZ,2025,1049.0,2,1019.0
1104,GI,2025,4510.0,2,4101.0
1104,JZ,2025,801.0,2,797.0
1104,KZ,2025,192.0,2,218.0
1104,LZ,2025,435.0,2,363.0
1104,MN,2025,2796.0,2,2915.0
1104,OQ,2025,1067.0,2,1013.0
1104,RU,2025,1134.0,2,1192.0
1109,BE,2025,6185.0,2,4996.0
1109,FZ,2025,12628.0,2,11947.0
1109,GI,2025,73133.0,2,64435.0
1109,JZ,2025,25231.0,2,21865.0
1109,KZ,2025,6870.0,2,8220.0
1109,LZ,2025,8124.0,2,7377.0
1109,MN,2025,73956.0,2,68859.0
1109,OQ,2025,20420.0,2,18203.0
1109,RU,2025,19904.0,2,19137.0
1114,BE,2025,621.0,2,591.0
1114,FZ,2025,1089.0,2,1082.0
1114,GI,2025,5164.0,2,4685.0
1114,JZ,2025,1623.0,2,1798.0
1114,KZ,2025,375.0,2,425.0
1114,LZ,2025,595.0,2,550.0
1114,MN,2025,4723.0,2,4429.0
1114,OQ,2025,1826.0,2,1605.0
1114,RU,2025,1576.0,2,1507.0
2404,BE,2025,116.0,2,118.0
2404,FZ,2025,64.0,2,69.0
2404,GI,2025,187.0,2,168.0
2404,JZ,2025,28.0,2,17.0
2404,KZ,2025,16.0,2,24.0
2404,LZ,2025,18.0,2,14.0
2404,MN,2025,148.0,2,115.0
2404,OQ,2025,48.0,2,35.0
2404,RU,2025,61.0,2,73.0
2409,BE,2025,256.0,2,236.0
2409,FZ,2025,189.0,2,204.0
2409,GI,2025,600.0,2,543.0
2409,JZ,2025,80.0,2,68.0
2409,KZ,2025,38.0,2,32.0
2409,LZ,2025,61.0,2,63.0
2409,MN,2025,469.0,2,395.0
2409,OQ,2025,140.0,2,118.0
2409,RU,2025,195.0,2,212.0
2414,BE,2025,142.0,2,148.0
2414,FZ,2025,68.0,2,91.0
2414,GI,2025,228.0,2,164.0
2414,JZ,2025,38.0,2,26.0
2414,KZ,2025,17.0,2,26.0
2414,LZ,2025,28.0,2,35.0
2414,MN,2025,175.0,2,165.0
2414,OQ,2025,56.0,2,62.0
2414,RU,2025,81.0,2,99.0
2704,BE,2025,173.0,2,137.0
2704,FZ,2025,66.0,2,76.0
2704,GI,2025,346.0,2,309.0
2704,JZ,2025,41.0,2,36.0
2704,KZ,2025,57.0,2,67.0
2704,LZ,2025,87.0,2,70.0
2704,MN,2025,299.0,2,287.0
2704,OQ,2025,100.0,2,87.0
2704,RU,2025,134.0,2,127.0
2709,BE,2025,157.0,2,153.0
2709,FZ,2025,57.0,2,52.0
2709,GI,2025,179.0,2,167.0
2709,JZ,2025,23.0,2,16.0
2709,KZ,2025,19.0,2,21.0
2709,LZ,2025,36.0,2,30.0
2709,MN,2025,162.0,2,142.0
2709,OQ,2025,45.0,2,65.0
2709,RU,2025,89.0,2,82.0
2714,BE,2025,254.0,2,225.0
2714,FZ,2025,199.0,2,163.0
2714,GI,2025,915.0,2,786.0
2714,JZ,2025,100.0,2,72.0
2714,KZ,2025,30.0,2,39.0
2714,LZ,2025,73.0,2,63.0
2714,MN,2025,460.0,2,371.0
2714,OQ,2025,172.0,2,163.0
2714,RU,2025,252.0,2,237.0
2801,BE,2025,48.0,2,69.0
2801,FZ,2025,27.0,2,43.0
2801,GI,2025,135.0,2,124.0
2801,JZ,2025,11.0,2,20.0
2801,KZ,2025,9.0,2,11.0
2801,LZ,2025,20.0,2,13.0
2801,MN,2025,87.0,2,91.0
2801,OQ,2025,40.0,2,27.0
2801,RU,2025,43.0,2,60.0
2806,BE,2025,110.0,2,141.0
2806,FZ,2025,59.0,2,51.0
2806,GI,2025,202.0,2,186.0
2806,JZ,2025,19.0,2,26.0
2806,KZ,2025,19.0,2,33.0
2806,LZ,2025,31.0,2,36.0
2806,MN,2025,172.0,2,151.0
2806,OQ,2025,77.0,2,70.0
2806,RU,2025,98.0,2,101.0
2811,BE,2025,151.0,2,139.0
2811,FZ,2025,138.0,2,99.0
2811,GI,2025,465.0,2,431.0
2811,JZ,2025,43.0,2,62.0
2811,KZ,2025,47.0,2,59.0
2811,LZ,2025,119.0,2,121.0
2811,MN,2025,400.0,2,411.0
2811,OQ,2025,111.0,2,123.0
2811,RU,2025,221.0,2,227.0
2816,BE,2025,189.0,2,159.0
2816,FZ,2025,89.0,2,111.0
2816,GI,2025,309.0,2,332.0
2816,JZ,2025,36.0,2,26.0
2816,KZ,2025,44.0,2,43.0
2816,LZ,2025,53.0,2,66.0
2816,MN,2025,265.0,2,238.0
2816,OQ,2025,109.0,2,105.0
2816,RU,2025,131.0,2,134.0
3202,BE,2025,514.0,2,462.0
3202,FZ,2025,364.0,2,371.0
3202,GI,2025,1410.0,2,1354.0
3202,JZ,2025,245.0,2,199.0
3202,KZ,2025,153.0,2,134.0
3202,LZ,2025,195.0,2,196.0
3202,MN,2025,1075.0,2,991.0
3202,OQ,2025,586.0,2,548.0
3202,RU,2025,560.0,2,566.0
3207,BE,2025,147.0,2,162.0
3207,FZ,2025,109.0,2,84.0
3207,GI,2025,484.0,2,464.0
3207,JZ,2025,66.0,2,62.0
3207,KZ,2025,43.0,2,27.0
3207,LZ,2025,58.0,2,56.0
3207,MN,2025,287.0,2,259.0
3207,OQ,2025,116.0,2,101.0
3207,RU,2025,186.0,2,207.0
3212,BE,2025,252.0,2,244.0
3212,FZ,2025,179.0,2,178.0
3212,GI,2025,915.0,2,939.0
3212,JZ,2025,100.0,2,99.0
3212,KZ,2025,58.0,2,70.0
3212,LZ,2025,89.0,2,86.0
3212,MN,2025,522.0,2,449.0
3212,OQ,2025,268.0,2,237.0
3212,RU,2025,370.0,2,284.0
3217,BE,2025,336.0,2,352.0
3217,FZ,2025,179.0,2,172.0
3217,GI,2025,773.0,2,761.0
3217,JZ,2025,76.0,2,87.0
3217,KZ,2025,37.0,2,42.0
3217,LZ,2025,84.0,2,64.0
3217,MN,2025,446.0,2,397.0
3217,OQ,2025,198.0,2,186.0
3217,RU,2025,278.0,2,265.0
3222,BE,2025,400.0,2,432.0
3222,FZ,2025,391.0,2,332.0
3222,GI,2025,1411.0,2,1367.0
3222,JZ,2025,223.0,2,190.0
3222,KZ,2025,92.0,2,86.0
3222,LZ,2025,169.0,2,164.0
3222,MN,2025,918.0,2,869.0
3222,OQ,2025,430.0,2,384.0
3222,RU,2025,630.0,2,574.0
4405,BE,2025,265.0,2,206.0
4405,FZ,2025,188.0,2,211.0
4405,GI,2025,895.0,2,753.0
4405,JZ,2025,122.0,2,106.0
4405,KZ,2025,74.0,2,93.0
4405,LZ,2025,133.0,2,111.0
4405,MN,2025,697.0,2,618.0
4405,OQ,2025,296.0,2,295.0
4405,RU,2025,349.0,2,377.0
4410,BE,2025,515.0,2,509.0
4410,FZ,2025,635.0,2,617.0
4410,GI,2025,2257.0,2,1887.0
4410,JZ,2025,348.0,2,324.0
4410,KZ,2025,164.0,2,219.0
4410,LZ,2025,311.0,2,274.0
4410,MN,2025,1609.0,2,1390.0
4410,OQ,2025,617.0,2,643.0
4410,RU,2025,834.0,2,750.0
4415,BE,2025,154.0,2,173.0
4415,FZ,2025,83.0,2,68.0
4415,GI,2025,285.0,2,266.0
4415,JZ,2025,42.0,2,43.0
4415,KZ,2025,19.0,2,31.0
4415,LZ,2025,50.0,2,43.0
4415,MN,2025,181.0,2,175.0
4415,OQ,2025,72.0,2,47.0
4415,RU,2025,116.0,2,126.0
4420,BE,2025,230.0,2,197.0
4420,FZ,2025,110.0,2,128.0
4420,GI,2025,373.0,2,346.0
4420,JZ,2025,53.0,2,36.0
4420,KZ,2025,30.0,2,29.0
4420,LZ,2025,42.0,2,47.0
4420,MN,2025,294.0,2,243.0
4420,OQ,2025,143.0,2,128.0
4420,RU,2025,164.0,2,149.0
4425,BE,2025,406.0,2,394.0
4425,FZ,2025,263.0,2,263.0
4425,GI,2025,1048.0,2,981.0
4425,JZ,2025,159.0,2,156.0
4425,KZ,2025,84.0,2,100.0
4425,LZ,2025,176.0,2,168.0
4425,MN,2025,804.0,2,739.0
4425,OQ,2025,326.0,2,275.0
4425,RU,2025,407.0,2,406.0
5203,BE,2025,309.0,2,310.0
5203,FZ,2025,189.0,2,193.0
5203,GI,2025,594.0,2,641.0
5203,JZ,2025,81.0,2,76.0
5203,KZ,2025,72.0,2,83.0
5203,LZ,2025,205.0,2,172.0
5203,MN,2025,535.0,2,546.0
5203,OQ,2025,180.0,2,183.0
5203,RU,2025,335.0,2,307.0
5208,BE,2025,139.0,2,140.0
5208,FZ,2025,58.0,2,51.0
5208,GI,2025,144.0,2,171.0
5208,JZ,2025,22.0,2,18.0
5208,KZ,2025,18.0,2,25.0
5208,LZ,2025,32.0,2,34.0
5208,MN,2025,127.0,2,102.0
5208,OQ,2025,47.0,2,30.0
5208,RU,2025,75.0,2,91.0
5213,BE,2025,243.0,2,283.0
5213,FZ,2025,92.0,2,117.0
5213,GI,2025,408.0,2,346.0
5213,JZ,2025,82.0,2,52.0
5213,KZ,2025,61.0,2,90.0
5213,LZ,2025,103.0,2,88.0
5213,MN,2025,422.0,2,355.0
5213,OQ,2025,132.0,2,137.0
5213,RU,2025,190.0,2,200.0
5218,BE,2025,94.0,2,121.0
5218,FZ,2025,26.0,2,40.0
5218,GI,2025,156.0,2,137.0
5218,JZ,2025,18.0,2,24.0
5218,KZ,2025,8.0,2,23.0
5218,LZ,2025,28.0,2,21.0
5218,MN,2025,110.0,2,85.0
5218,OQ,2025,51.0,2,38.0
5218,RU,2025,62.0,2,68.0
5302,BE,2025,437.0,2,456.0
5302,FZ,2025,367.0,2,368.0
5302,GI,2025,1284.0,2,1138.0
5302,JZ,2025,266.0,2,275.0
5302,KZ,2025,179.0,2,186.0
5302,LZ,2025,344.0,2,283.0
5302,MN,2025,1186.0,2,1081.0
5302,OQ,2025,640.0,2,648.0
5302,RU,2025,620.0,2,640.0
5307,BE,2025,119.0,2,170.0
5307,FZ,2025,59.0,2,74.0
5307,GI,2025,210.0,2,198.0
5307,JZ,2025,34.0,2,26.0
5307,KZ,2025,36.0,2,44.0
5307,LZ,2025,50.0,2,53.0
5307,MN,2025,223.0,2,202.0
5307,OQ,2025,72.0,2,71.0
5307,RU,2025,119.0,2,126.0
5312,BE,2025,230.0,2,262.0
5312,FZ,2025,99.0,2,118.0
5312,GI,2025,312.0,2,322.0
5312,JZ,2025,39.0,2,40.0
5312,KZ,2025,47.0,2,60.0
5312,LZ,2025,69.0,2,53.0
5312,MN,2025,271.0,2,242.0
5312,OQ,2025,101.0,2,111.0
5312,RU,2025,139.0,2,169.0
5317,BE,2025,232.0,2,218.0
5317,FZ,2025,143.0,2,195.0
5317,GI,2025,618.0,2,513.0
5317,JZ,2025,122.0,2,110.0
5317,KZ,2025,103.0,2,143.0
5317,LZ,2025,164.0,2,157.0
5317,MN,2025,681.0,2,616.0
5317,OQ,2025,243.0,2,217.0
5317,RU,2025,304.0,2,330.0
7503,BE,2025,531.0,2,555.0
7503,FZ,2025,577.0,2,546.0
7503,GI,2025,1795.0,2,1609.0
7503,JZ,2025,445.0,2,387.0
7503,KZ,2025,262.0,2,301.0
7503,LZ,2025,494.0,2,485.0
7503,MN,2025,2250.0,2,2056.0
7503,OQ,2025,1027.0,2,930.0
7503,RU,2025,997.0,2,994.0
7508,BE,2025,165.0,2,183.0
7508,FZ,2025,73.0,2,77.0
7508,GI,2025,353.0,2,327.0
7508,JZ,2025,45.0,2,29.0
7508,KZ,2025,24.0,2,21.0
7508,LZ,2025,35.0,2,47.0
7508,MN,2025,235.0,2,223.0
7508,OQ,2025,78.0,2,90.0
7508,RU,2025,141.0,2,131.0
7513,BE,2025,280.0,2,316.0
7513,FZ,2025,282.0,2,321.0
7513,GI,2025,899.0,2,811.0
7513,JZ,2025,118.0,2,130.0
7513,KZ,2025,75.0,2,107.0
7513,LZ,2025,283.0,2,284.0
7513,MN,2025,887.0,2,873.0
7513,OQ,2025,329.0,2,338.0
7513,RU,2025,440.0,2,502.0
7518,BE,2025,324.0,2,250.0
7518,FZ,2025,110.0,2,130.0
7518,GI,2025,377.0,2,329.0
7518,JZ,2025,55.0,2,32.0
7518,KZ,2025,21.0,2,38.0
7518,LZ,2025,59.0,2,54.0
7518,MN,2025,333.0,2,267.0
7518,OQ,2025,103.0,2,102.0
7518,RU,2025,165.0,2,156.0
7523,BE,2025,526.0,2,493.0
7523,FZ,2025,312.0,2,296.0
7523,GI,2025,825.0,2,791.0
7523,JZ,2025,99.0,2,112.0
7523,KZ,2025,47.0,2,82.0
7523,LZ,2025,154.0,2,151.0
7523,MN,2025,760.0,2,644.0
7523,OQ,2025,299.0,2,283.0
7523,RU,2025,431.0,2,439.0
7528,BE,2025,281.0,2,266.0
7528,FZ,2025,162.0,2,187.0
7528,GI,2025,526.0,2,423.0
7528,JZ,2025,67.0,2,56.0
7528,KZ,2025,35.0,2,46.0
7528,LZ,2025,118.0,2,98.0
7528,MN,2025,387.0,2,393.0
7528,OQ,2025,188.0,2,187.0
7528,RU,2025,251.0,2,236.0
7601,BE,2025,117.0,2,136.0
7601,FZ,2025,179.0,2,177.0
7601,GI,2025,694.0,2,615.0
7601,JZ,2025,58.0,2,68.0
7601,KZ,2025,29.0,2,48.0
7601,LZ,2025,160.0,2,125.0
7601,MN,2025,472.0,2,422.0
7601,OQ,2025,147.0,2,144.0
7601,RU,2025,271.0,2,266.0
7606,BE,2025,367.0,2,370.0
7606,FZ,2025,517.0,2,599.0
7606,GI,2025,1486.0,2,1357.0
7606,JZ,2025,160.0,2,161.0
7606,KZ,2025,91.0,2,121.0
7606,LZ,2025,254.0,2,246.0
7606,MN,2025,1072.0,2,1050.0
7606,OQ,2025,464.0,2,415.0
7606,RU,2025,568.0,2,577.0
7611,BE,2025,280.0,2,223.0
7611,FZ,2025,106.0,2,117.0
7611,GI,2025,330.0,2,286.0
7611,JZ,2025,38.0,2,35.0
7611,KZ,2025,21.0,2,15.0
7611,LZ,2025,69.0,2,55.0
7611,MN,2025,285.0,2,247.0
7611,OQ,2025,127.0,2,143.0
7611,RU,2025,179.0,2,154.0
7616,BE,2025,1000.0,2,893.0
7616,FZ,2025,1554.0,2,1677.0
7616,GI,2025,5079.0,2,4933.0
7616,JZ,2025,1447.0,2,1316.0
7616,KZ,2025,559.0,2,606.0
7616,LZ,2025,965.0,2,939.0
7616,MN,2025,5586.0,2,4873.0
7616,OQ,2025,2445.0,2,2300.0
7616,RU,2025,2221.0,2,2259.0
7621,BE,2025,409.0,2,342.0
7621,FZ,2025,180.0,2,175.0
7621,GI,2025,560.0,2,522.0
7621,JZ,2025,74.0,2,79.0
7621,KZ,2025,49.0,2,60.0
7621,LZ,2025,141.0,2,102.0
7621,MN,2025,400.0,2,452.0
7621,OQ,2025,252.0,2,247.0
7621,RU,2025,239.0,2,231.0
8401,BE,2025,339.0,2,340.0
8401,FZ,2025,558.0,2,561.0
8401,GI,2025,1483.0,2,1394.0
8401,JZ,2025,379.0,2,319.0
8401,KZ,2025,219.0,2,246.0
8401,LZ,2025,470.0,2,405.0
8401,MN,2025,1914.0,2,1780.0
8401,OQ,2025,743.0,2,753.0
8401,RU,2025,852.0,2,942.0
8406,BE,2025,427.0,2,390.0
8406,FZ,2025,434.0,2,432.0
8406,GI,2025,1242.0,2,1296.0
8406,JZ,2025,186.0,2,195.0
8406,KZ,2025,88.0,2,109.0
8406,LZ,2025,156.0,2,161.0
8406,MN,2025,1085.0,2,963.0
8406,OQ,2025,368.0,2,346.0
8406,RU,2025,548.0,2,491.0
8411,BE,2025,64.0,2,52.0
8411,FZ,2025,50.0,2,60.0
8411,GI,2025,173.0,2,180.0
8411,JZ,2025,14.0,2,16.0
8411,KZ,2025,17.0,2,21.0
8411,LZ,2025,96.0,2,68.0
8411,MN,2025,137.0,2,108.0
8411,OQ,2025,99.0,2,107.0
8411,RU,2025,72.0,2,81.0
8416,BE,2025,454.0,2,385.0
8416,FZ,2025,552.0,2,540.0
8416,GI,2025,2064.0,2,1771.0
8416,JZ,2025,347.0,2,290.0
8416,KZ,2025,131.0,2,158.0
8416,LZ,2025,411.0,2,345.0
8416,MN,2025,1604.0,2,1365.0
8416,OQ,2025,584.0,2,604.0
8416,RU,2025,860.0,2,880.0
8421,BE,2025,1947.0,2,1794.0
8421,FZ,2025,2811.0,2,2955.0
8421,GI,2025,13316.0,2,12417.0
8421,JZ,2025,3259.0,2,3132.0
8421,KZ,2025,1327.0,2,1569.0
8421,LZ,2025,1824.0,2,1674.0
8421,MN,2025,12864.0,2,11981.0
8421,OQ,2025,4630.0,2,4707.0
8421,RU,2025,4141.0,2,4216.0
8426,BE,2025,241.0,2,188.0
8426,FZ,2025,119.0,2,158.0
8426,GI,2025,555.0,2,452.0
8426,JZ,2025,84.0,2,86.0
8426,KZ,2025,60.0,2,59.0
8426,LZ,2025,103.0,2,122.0
8426,MN,2025,414.0,2,360.0
8426,OQ,2025,194.0,2,202.0
8426,RU,2025,232.0,2,230.0
8431,BE,2025,455.0,2,484.0
8431,FZ,2025,393.0,2,434.0
8431,GI,2025,1314.0,2,1199.0
8431,JZ,2025,240.0,2,220.0
8431,KZ,2025,113.0,2,157.0
8431,LZ,2025,223.0,2,191.0
8431,MN,2025,1245.0,2,1053.0
8431,OQ,2025,495.0,2,551.0
8431,RU,2025,688.0,2,655.0
9301,BE,2025,566.0,2,610.0
9301,FZ,2025,683.0,2,695.0
9301,GI,2025,2209.0,2,2088.0
9301,JZ,2025,665.0,2,549.0
9301,KZ,2025,337.0,2,422.0
9301,LZ,2025,519.0,2,543.0
9301,MN,2025,2898.0,2,2834.0
9301,OQ,2025,1195.0,2,1223.0
9301,RU,2025,1169.0,2,1108.0
9306,BE,2025,219.0,2,234.0
9306,FZ,2025,241.0,2,257.0
9306,GI,2025,774.0,2,756.0
9306,JZ,2025,98.0,2,81.0
9306,KZ,2025,66.0,2,84.0
9306,LZ,2025,131.0,2,133.0
9306,MN,2025,723.0,2,677.0
9306,OQ,2025,217.0,2,202.0
9306,RU,2025,311.0,2,332.0
9311,BE,2025,179.0,2,183.0
9311,FZ,2025,165.0,2,180.0
9311,GI,2025,461.0,2,440.0
9311,JZ,2025,62.0,2,58.0
9311,KZ,2025,44.0,2,22.0
9311,LZ,2025,87.0,2,65.0
9311,MN,2025,435.0,2,370.0
9311,OQ,2025,171.0,2,187.0
9311,RU,2025,211.0,2,230.0
9316,BE,2025,106.0,2,95.0
9316,FZ,2025,116.0,2,127.0
9316,GI,2025,330.0,2,369.0
9316,JZ,2025,37.0,2,42.0
9316,KZ,2025,31.0,2,34.0
9316,LZ,2025,50.0,2,56.0
9316,MN,2025,336.0,2,286.0
9316,OQ,2025,107.0,2,135.0
9316,RU,2025,154.0,2,160.0
0054,BE,2025,382.0,3,423.0
0054,FZ,2025,325.0,3,345.0
0054,GI,2025,1166.0,3,1134.0
0054,JZ,2025,187.0,3,178.0
0054,KZ,2025,88.0,3,93.0
0054,LZ,2025,137.0,3,108.0
0054,MN,2025,856.0,3,802.0
0054,OQ,2025,307.0,3,288.0
0054,RU,2025,423.0,3,408.0
0059,BE,2025,297.0,3,245.0
0059,FZ,2025,219.0,3,223.0
0059,GI,2025,726.0,3,774.0
0059,JZ,2025,103.0,3,112.0
0059,KZ,2025,72.0,3,83.0
0059,LZ,2025,125.0,3,116.0
0059,MN,2025,640.0,3,564.0
0059,OQ,2025,235.0,3,213.0
0059,RU,2025,294.0,3,285.0
0064,BE,2025,128.0,3,124.0
0064,FZ,2025,85.0,3,106.0
0064,GI,2025,263.0,3,272.0
0064,JZ,2025,35.0,3,37.0
0064,KZ,2025,19.0,3,23.0
0064,LZ,2025,47.0,3,54.0
0064,MN,2025,253.0,3,237.0
0064,OQ,2025,92.0,3,94.0
0064,RU,2025,117.0,3,128.0
1105,BE,2025,260.0,3,247.0
1105,FZ,2025,261.0,3,258.0
1105,GI,2025,803.0,3,728.0
1105,JZ,2025,205.0,3,240.0
1105,KZ,2025,73.0,3,73.0
1105,LZ,2025,155.0,3,148.0
1105,MN,2025,855.0,3,848.0
1105,OQ,2025,350.0,3,336.0
1105,RU,2025,419.0,3,387.0
1110,BE,2025,86.0,3,107.0
1110,FZ,2025,77.0,3,87.0
1110,GI,2025,211.0,3,181.0
1110,JZ,2025,42.0,3,45.0
1110,KZ,2025,15.0,3,19.0
1110,LZ,2025,28.0,3,30.0
1110,MN,2025,188.0,3,167.0
1110,OQ,2025,57.0,3,70.0
1110,RU,2025,102.0,3,109.0
1115,BE,2025,412.0,3,377.0
1115,FZ,2025,574.0,3,548.0
1115,GI,2025,3249.0,3,3179.0
1115,JZ,2025,1092.0,3,1056.0
1115,KZ,2025,264.0,3,313.0
1115,LZ,2025,379.0,3,397.0
1115,MN,2025,3513.0,3,3252.0
1115,OQ,2025,1432.0,3,1333.0
1115,RU,2025,1212.0,3,1078.0
2405,BE,2025,458.0,3,412.0
2405,FZ,2025,157.0,3,145.0
2405,GI,2025,660.0,3,550.0
2405,JZ,2025,77.0,3,64.0
2405,KZ,2025,50.0,3,47.0
2405,LZ,2025,111.0,3,83.0
2405,MN,2025,467.0,3,459.0
2405,OQ,2025,194.0,3,195.0
2405,RU,2025,273.0,3,272.0
2410,BE,2025,567.0,3,519.0
2410,FZ,2025,574.0,3,537.0
2410,GI,2025,2351.0,3,2287.0
2410,JZ,2025,389.0,3,376.0
2410,KZ,2025,200.0,3,211.0
2410,LZ,2025,267.0,3,261.0
2410,MN,2025,1675.0,3,1546.0
2410,OQ,2025,631.0,3,575.0
2410,RU,2025,773.0,3,744.0
2415,BE,2025,92.0,3,87.0
2415,FZ,2025,50.0,3,61.0
2415,GI,2025,160.0,3,140.0
2415,JZ,2025,26.0,3,19.0
2415,KZ,2025,9.0,3,12.0
2415,LZ,2025,23.0,3,26.0
2415,MN,2025,114.0,3,118.0
2415,OQ,2025,40.0,3,37.0
2415,RU,2025,65.0,3,53.0
2705,BE,2025,287.0,3,255.0
2705,FZ,2025,219.0,3,204.0
2705,GI,2025,793.0,3,674.0
2705,JZ,2025,123.0,3,101.0
2705,KZ,2025,63.0,3,51.0
2705,LZ,2025,101.0,3,86.0
2705,MN,2025,534.0,3,448.0
2705,OQ,2025,226.0,3,201.0
2705,RU,2025,301.0,3,293.0
2710,BE,2025,176.0,3,159.0
2710,FZ,2025,101.0,3,86.0
2710,GI,2025,381.0,3,317.0
2710,JZ,2025,54.0,3,35.0
2710,KZ,2025,28.0,3,31.0
2710,LZ,2025,37.0,3,32.0
2710,MN,2025,211.0,3,195.0
2710,OQ,2025,95.0,3,78.0
2710,RU,2025,136.0,3,114.0
2715,BE,2025,205.0,3,211.0
2715,FZ,2025,129.0,3,127.0
2715,GI,2025,467.0,3,465.0
2715,JZ,2025,61.0,3,47.0
2715,KZ,2025,66.0,3,59.0
2715,LZ,2025,135.0,3,103.0
2715,MN,2025,322.0,3,294.0
2715,OQ,2025,154.0,3,126.0
2715,RU,2025,232.0,3,220.0
2802,BE,2025,160.0,3,161.0
2802,FZ,2025,68.0,3,54.0
2802,GI,2025,280.0,3,247.0
2802,JZ,2025,29.0,3,22.0
2802,KZ,2025,39.0,3,42.0
2802,LZ,2025,51.0,3,49.0
2802,MN,2025,235.0,3,190.0
2802,OQ,2025,103.0,3,92.0
2802,RU,2025,130.0,3,110.0
2807,BE,2025,208.0,3,221.0
2807,FZ,2025,127.0,3,116.0
2807,GI,2025,416.0,3,398.0
2807,JZ,2025,53.0,3,51.0
2807,KZ,2025,52.0,3,76.0
2807,LZ,2025,72.0,3,75.0
2807,MN,2025,326.0,3,291.0
2807,OQ,2025,122.0,3,136.0
2807,RU,2025,196.0,3,165.0
2812,BE,2025,93.0,3,81.0
2812,FZ,2025,54.0,3,47.0
2812,GI,2025,148.0,3,130.0
2812,JZ,2025,27.0,3,16.0
2812,KZ,2025,14.0,3,14.0
2812,LZ,2025,24.0,3,22.0
2812,MN,2025,110.0,3,117.0
2812,OQ,2025,28.0,3,23.0
2812,RU,2025,66.0,3,47.0
2817,BE,2025,179.0,3,224.0
2817,FZ,2025,176.0,3,162.0
2817,GI,2025,609.0,3,498.0
2817,JZ,2025,98.0,3,95.0
2817,KZ,2025,57.0,3,50.0
2817,LZ,2025,66.0,3,60.0
2817,MN,2025,451.0,3,395.0
2817,OQ,2025,174.0,3,136.0
2817,RU,2025,215.0,3,210.0
3203,BE,2025,181.0,3,210.0
3203,FZ,2025,133.0,3,153.0
3203,GI,2025,625.0,3,624.0
3203,JZ,2025,138.0,3,101.0
3203,KZ,2025,71.0,3,63.0
3203,LZ,2025,77.0,3,111.0
3203,MN,2025,539.0,3,433.0
3203,OQ,2025,247.0,3,226.0
3203,RU,2025,255.0,3,269.0
3208,BE,2025,203.0,3,189.0
3208,FZ,2025,101.0,3,123.0
3208,GI,2025,495.0,3,468.0
3208,JZ,2025,59.0,3,67.0
3208,KZ,2025,32.0,3,47.0
3208,LZ,2025,83.0,3,53.0
3208,MN,2025,318.0,3,293.0
3208,OQ,2025,173.0,3,150.0
3208,RU,2025,217.0,3,202.0
3213,BE,2025,279.0,3,274.0
3213,FZ,2025,157.0,3,155.0
3213,GI,2025,918.0,3,799.0
3213,JZ,2025,115.0,3,120.0
3213,KZ,2025,75.0,3,87.0
3213,LZ,2025,146.0,3,99.0
3213,MN,2025,614.0,3,526.0
3213,OQ,2025,284.0,3,227.0
3213,RU,2025,416.0,3,353.0
3218,BE,2025,313.0,3,318.0
3218,FZ,2025,379.0,3,509.0
3218,GI,2025,2316.0,3,2179.0
3218,JZ,2025,445.0,3,445.0
3218,KZ,2025,127.0,3,182.0
3218,LZ,2025,227.0,3,229.0
3218,MN,2025,1518.0,3,1432.0
3218,OQ,2025,557.0,3,629.0
3218,RU,2025,690.0,3,666.0
4401,BE,2025,148.0,3,143.0
4401,FZ,2025,47.0,3,54.0
4401,GI,2025,185.0,3,147.0
4401,JZ,2025,29.0,3,15.0
4401,KZ,2025,18.0,3,17.0
4401,LZ,2025,27.0,3,24.0
4401,MN,2025,163.0,3,111.0
4401,OQ,2025,75.0,3,76.0
4401,RU,2025,123.0,3,85.0
4406,BE,2025,120.0,3,118.0
4406,FZ,2025,56.0,3,71.0
4406,GI,2025,282.0,3,252.0
4406,JZ,2025,29.0,3,33.0
4406,KZ,2025,24.0,3,29.0
4406,LZ,2025,88.0,3,77.0
4406,MN,2025,219.0,3,202.0
4406,OQ,2025,69.0,3,83.0
4406,RU,2025,101.0,3,101.0
4411,BE,2025,495.0,3,452.0
4411,FZ,2025,519.0,3,502.0
4411,GI,2025,2168.0,3,1935.0
4411,JZ,2025,265.0,3,236.0
4411,KZ,2025,149.0,3,135.0
4411,LZ,2025,209.0,3,200.0
4411,MN,2025,1437.0,3,1316.0
4411,OQ,2025,600.0,3,529.0
4411,RU,2025,758.0,3,739.0
4416,BE,2025,212.0,3,255.0
4416,FZ,2025,152.0,3,165.0
4416,GI,2025,422.0,3,393.0
4416,JZ,2025,52.0,3,40.0
4416,KZ,2025,27.0,3,32.0
4416,LZ,2025,45.0,3,51.0
4416,MN,2025,321.0,3,286.0
4416,OQ,2025,130.0,3,131.0
4416,RU,2025,174.0,3,167.0
4421,BE,2025,197.0,3,196.0
4421,FZ,2025,57.0,3,100.0
4421,GI,2025,285.0,3,294.0
4421,JZ,2025,29.0,3,39.0
4421,KZ,2025,32.0,3,26.0
4421,LZ,2025,31.0,3,42.0
4421,MN,2025,181.0,3,170.0
4421,OQ,2025,70.0,3,70.0
4421,RU,2025,134.0,3,119.0
4426,BE,2025,153.0,3,144.0
4426,FZ,2025,71.0,3,61.0
4426,GI,2025,242.0,3,213.0
4426,JZ,2025,24.0,3,25.0
4426,KZ,2025,21.0,3,26.0
4426,LZ,2025,42.0,3,47.0
4426,MN,2025,151.0,3,130.0
4426,OQ,2025,59.0,3,76.0
4426,RU,2025,143.0,3,126.0
5204,BE,2025,78.0,3,87.0
5204,FZ,2025,24.0,3,17.0
5204,GI,2025,102.0,3,92.0
5204,JZ,2025,14.0,3,16.0
5204,KZ,2025,19.0,3,32.0
5204,LZ,2025,17.0,3,19.0
5204,MN,2025,102.0,3,107.0
5204,OQ,2025,35.0,3,36.0
5204,RU,2025,68.0,3,65.0
5209,BE,2025,115.0,3,134.0
5209,FZ,2025,40.0,3,51.0
5209,GI,2025,160.0,3,161.0
5209,JZ,2025,23.0,3,22.0
5209,KZ,2025,23.0,3,18.0
5209,LZ,2025,18.0,3,34.0
5209,MN,2025,117.0,3,141.0
5209,OQ,2025,45.0,3,40.0
5209,RU,2025,85.0,3,86.0
5214,BE,2025,130.0,3,148.0
5214,FZ,2025,102.0,3,113.0
5214,GI,2025,355.0,3,334.0
5214,JZ,2025,62.0,3,44.0
5214,KZ,2025,51.0,3,58.0
5214,LZ,2025,142.0,3,117.0
5214,MN,2025,375.0,3,340.0
5214,OQ,2025,132.0,3,141.0
5214,RU,2025,170.0,3,182.0
5219,BE,2025,333.0,3,370.0
5219,FZ,2025,287.0,3,264.0
5219,GI,2025,879.0,3,858.0
5219,JZ,2025,157.0,3,148.0
5219,KZ,2025,91.0,3,155.0
5219,LZ,2025,273.0,3,242.0
5219,MN,2025,904.0,3,847.0
5219,OQ,2025,343.0,3,347.0
5219,RU,2025,494.0,3,489.0
5303,BE,2025,225.0,3,198.0
5303,FZ,2025,78.0,3,65.0
5303,GI,2025,187.0,3,236.0
5303,JZ,2025,35.0,3,29.0
5303,KZ,2025,20.0,3,19.0
5303,LZ,2025,36.0,3,43.0
5303,MN,2025,175.0,3,159.0
5303,OQ,2025,80.0,3,78.0
5303,RU,2025,128.0,3,129.0
5308,BE,2025,202.0,3,205.0
5308,FZ,2025,120.0,3,121.0
5308,GI,2025,355.0,3,332.0
5308,JZ,2025,78.0,3,74.0
5308,KZ,2025,31.0,3,52.0
5308,LZ,2025,106.0,3,92.0
5308,MN,2025,311.0,3,292.0
5308,OQ,2025,132.0,3,134.0
5308,RU,2025,211.0,3,186.0
5313,BE,2025,406.0,3,435.0
5313,FZ,2025,385.0,3,348.0
5313,GI,2025,911.0,3,887.0
5313,JZ,2025,156.0,3,188.0
5313,KZ,2025,139.0,3,151.0
5313,LZ,2025,262.0,3,257.0
5313,MN,2025,935.0,3,803.0
5313,OQ,2025,402.0,3,433.0
5313,RU,2025,477.0,3,511.0
5318,BE,2025,343.0,3,362.0
5318,FZ,2025,288.0,3,269.0
5318,GI,2025,771.0,3,772.0
5318,JZ,2025,169.0,3,170.0
5318,KZ,2025,138.0,3,171.0
5318,LZ,2025,271.0,3,216.0
5318,MN,2025,940.0,3,894.0
5318,OQ,2025,384.0,3,381.0
5318,RU,2025,454.0,3,420.0
7504,BE,2025,286.0,3,275.0
7504,FZ,2025,193.0,3,178.0
7504,GI,2025,519.0,3,449.0
7504,JZ,2025,56.0,3,77.0
7504,KZ,2025,36.0,3,40.0
7504,LZ,2025,96.0,3,86.0
7504,MN,2025,465.0,3,430.0
7504,OQ,2025,124.0,3,113.0
7504,RU,2025,236.0,3,193.0
7509,BE,2025,304.0,3,328.0
7509,FZ,2025,137.0,3,124.0
7509,GI,2025,566.0,3,482.0
7509,JZ,2025,62.0,3,60.0
7509,KZ,2025,61.0,3,55.0
7509,LZ,2025,91.0,3,109.0
7509,MN,2025,405.0,3,350.0
7509,OQ,2025,144.0,3,145.0
7509,RU,2025,236.0,3,193.0
7514,BE,2025,247.0,3,247.0
7514,FZ,2025,218.0,3,214.0
7514,GI,2025,452.0,3,439.0
7514,JZ,2025,79.0,3,62.0
7514,KZ,2025,40.0,3,49.0
7514,LZ,2025,82.0,3,67.0
7514,MN,2025,478.0,3,485.0
7514,OQ,2025,174.0,3,221.0
7514,RU,2025,237.0,3,282.0
7519,BE,2025,321.0,3,319.0
7519,FZ,2025,124.0,3,174.0
7519,GI,2025,541.0,3,495.0
7519,JZ,2025,68.0,3,68.0
7519,KZ,2025,42.0,3,43.0
7519,LZ,2025,113.0,3,111.0
7519,MN,2025,404.0,3,433.0
7519,OQ,2025,192.0,3,201.0
7519,RU,2025,232.0,3,239.0
7524,BE,2025,583.0,3,734.0
7524,FZ,2025,309.0,3,275.0
7524,GI,2025,1206.0,3,1096.0
7524,JZ,2025,218.0,3,225.0
7524,KZ,2025,130.0,3,130.0
7524,LZ,2025,262.0,3,227.0
7524,MN,2025,978.0,3,910.0
7524,OQ,2025,454.0,3,463.0
7524,RU,2025,531.0,3,522.0
7529,BE,2025,186.0,3,186.0
7529,FZ,2025,102.0,3,91.0
7529,GI,2025,306.0,3,284.0
7529,JZ,2025,26.0,3,24.0
7529,KZ,2025,18.0,3,20.0
7529,LZ,2025,59.0,3,67.0
7529,MN,2025,285.0,3,228.0
7529,OQ,2025,71.0,3,81.0
7529,RU,2025,154.0,3,154.0
7602,BE,2025,496.0,3,541.0
7602,FZ,2025,293.0,3,339.0
7602,GI,2025,1084.0,3,933.0
7602,JZ,2025,153.0,3,165.0
7602,KZ,2025,81.0,3,126.0
7602,LZ,2025,202.0,3,180.0
7602,MN,2025,863.0,3,899.0
7602,OQ,2025,456.0,3,433.0
7602,RU,2025,528.0,3,484.0
7607,BE,2025,180.0,3,199.0
7607,FZ,2025,93.0,3,122.0
7607,GI,2025,385.0,3,341.0
7607,JZ,2025,68.0,3,42.0
7607,KZ,2025,21.0,3,25.0
7607,LZ,2025,58.0,3,63.0
7607,MN,2025,292.0,3,297.0
7607,OQ,2025,141.0,3,129.0
7607,RU,2025,130.0,3,161.0
7612,BE,2025,321.0,3,343.0
7612,FZ,2025,189.0,3,206.0
7612,GI,2025,496.0,3,484.0
7612,JZ,2025,80.0,3,87.0
7612,KZ,2025,45.0,3,55.0
7612,LZ,2025,96.0,3,95.0
7612,MN,2025,426.0,3,400.0
7612,OQ,2025,211.0,3,232.0
7612,RU,2025,253.0,3,245.0
7617,BE,2025,260.0,3,287.0
7617,FZ,2025,279.0,3,377.0
7617,GI,2025,915.0,3,878.0
7617,JZ,2025,109.0,3,80.0
7617,KZ,2025,56.0,3,74.0
7617,LZ,2025,192.0,3,185.0
7617,MN,2025,733.0,3,700.0
7617,OQ,2025,293.0,3,284.0
7617,RU,2025,370.0,3,352.0
7622,BE,2025,310.0,3,358.0
7622,FZ,2025,197.0,3,203.0
7622,GI,2025,479.0,3,480.0
7622,JZ,2025,71.0,3,54.0
7622,KZ,2025,36.0,3,52.0
7622,LZ,2025,90.0,3,90.0
7622,MN,2025,455.0,3,356.0
7622,OQ,2025,224.0,3,224.0
7622,RU,2025,259.0,3,268.0
8402,BE,2025,289.0,3,326.0
8402,FZ,2025,216.0,3,236.0
8402,GI,2025,551.0,3,550.0
8402,JZ,2025,75.0,3,59.0
8402,KZ,2025,39.0,3,42.0
8402,LZ,2025,106.0,3,102.0
8402,MN,2025,413.0,3,420.0
8402,OQ,2025,202.0,3,204.0
8402,RU,2025,293.0,3,285.0
8407,BE,2025,328.0,3,280.0
8407,FZ,2025,461.0,3,450.0
8407,GI,2025,1338.0,3,1230.0
8407,JZ,2025,261.0,3,285.0
8407,KZ,2025,89.0,3,136.0
8407,LZ,2025,303.0,3,266.0
8407,MN,2025,1440.0,3,1189.0
8407,OQ,2025,577.0,3,564.0
8407,RU,2025,662.0,3,599.0
8412,BE,2025,194.0,3,192.0
8412,FZ,2025,109.0,3,109.0
8412,GI,2025,291.0,3,230.0
8412,JZ,2025,52.0,3,39.0
8412,KZ,2025,36.0,3,55.0
8412,LZ,2025,71.0,3,75.0
8412,MN,2025,290.0,3,219.0
8412,OQ,2025,144.0,3,120.0
8412,RU,2025,135.0,3,152.0
8417,BE,2025,211.0,3,211.0
8417,FZ,2025,105.0,3,113.0
8417,GI,2025,265.0,3,257.0
8417,JZ,2025,34.0,3,30.0
8417,KZ,2025,20.0,3,20.0
8417,LZ,2025,48.0,3,37.0
8417,MN,2025,227.0,3,205.0
8417,OQ,2025,92.0,3,99.0
8417,RU,2025,127.0,3,151.0
8422,BE,2025,227.0,3,202.0
8422,FZ,2025,132.0,3,178.0
8422,GI,2025,468.0,3,491.0
8422,JZ,2025,70.0,3,54.0
8422,KZ,2025,33.0,3,58.0
8422,LZ,2025,95.0,3,80.0
8422,MN,2025,413.0,3,374.0
8422,OQ,2025,173.0,3,172.0
8422,RU,2025,219.0,3,219.0
8427,BE,2025,191.0,3,222.0
8427,FZ,2025,150.0,3,160.0
8427,GI,2025,392.0,3,406.0
8427,JZ,2025,72.0,3,58.0
8427,KZ,2025,47.0,3,36.0
8427,LZ,2025,77.0,3,78.0
8427,MN,2025,428.0,3,350.0
8427,OQ,2025,140.0,3,168.0
8427,RU,2025,204.0,3,212.0
8432,BE,2025,325.0,3,292.0
8432,FZ,2025,179.0,3,177.0
8432,GI,2025,562.0,3,507.0
8432,JZ,2025,84.0,3,56.0
8432,KZ,2025,33.0,3,54.0
8432,LZ,2025,120.0,3,96.0
8432,MN,2025,435.0,3,424.0
8432,OQ,2025,155.0,3,193.0
8432,RU,2025,255.0,3,217.0
9302,BE,2025,55.0,3,50.0
9302,FZ,2025,85.0,3,60.0
9302,GI,2025,174.0,3,160.0
9302,JZ,2025,18.0,3,30.0
9302,KZ,2025,23.0,3,15.0
9302,LZ,2025,81.0,3,59.0
9302,MN,2025,182.0,3,158.0
9302,OQ,2025,140.0,3,127.0
9302,RU,2025,112.0,3,105.0
9307,BE,2025,194.0,3,158.0
9307,FZ,2025,151.0,3,130.0
9307,GI,2025,333.0,3,318.0
9307,JZ,2025,47.0,3,43.0
9307,KZ,2025,27.0,3,31.0
9307,LZ,2025,58.0,3,69.0
9307,MN,2025,303.0,3,291.0
9307,OQ,2025,155.0,3,161.0
9307,RU,2025,165.0,3,178.0
9312,BE,2025,1188.0,3,1156.0
9312,FZ,2025,2688.0,3,2687.0
9312,GI,2025,9358.0,3,8552.0
9312,JZ,2025,1655.0,3,1442.0
9312,KZ,2025,743.0,3,824.0
9312,LZ,2025,1347.0,3,1264.0
9312,MN,2025,7985.0,3,7101.0
9312,OQ,2025,3634.0,3,3542.0
9312,RU,2025,3197.0,3,2951.0
9317,BE,2025,74.0,3,79.0
9317,FZ,2025,220.0,3,206.0
9317,GI,2025,525.0,3,539.0
9317,JZ,2025,41.0,3,53.0
9317,KZ,2025,50.0,3,61.0
9317,LZ,2025,225.0,3,188.0
9317,MN,2025,733.0,3,713.0
9317,OQ,2025,114.0,3,81.0
9317,RU,2025,289.0,3,253.0
0055,BE,2025,165.0,4,137.0
0055,FZ,2025,96.0,4,120.0
0055,GI,2025,381.0,4,361.0
0055,JZ,2025,42.0,4,36.0
0055,KZ,2025,22.0,4,28.0
0055,LZ,2025,48.0,4,57.0
0055,MN,2025,298.0,4,273.0
0055,OQ,2025,113.0,4,124.0
0055,RU,2025,152.0,4,171.0
0060,BE,2025,334.0,4,300.0
0060,FZ,2025,171.0,4,147.0
0060,GI,2025,510.0,4,471.0
0060,JZ,2025,58.0,4,65.0
0060,KZ,2025,31.0,4,34.0
0060,LZ,2025,74.0,4,64.0
0060,MN,2025,402.0,4,329.0
0060,OQ,2025,163.0,4,158.0
0060,RU,2025,239.0,4,197.0
1101,BE,2025,493.0,4,476.0
1101,FZ,2025,896.0,4,937.0
1101,GI,2025,4367.0,4,4045.0
1101,JZ,2025,1128.0,4,1138.0
1101,KZ,2025,259.0,4,280.0
1101,LZ,2025,401.0,4,348.0
1101,MN,2025,3376.0,4,3234.0
1101,OQ,2025,1351.0,4,1271.0
1101,RU,2025,1237.0,4,1225.0
1106,BE,2025,420.0,4,386.0
1106,FZ,2025,732.0,4,710.0
1106,GI,2025,3423.0,4,3167.0
1106,JZ,2025,814.0,4,834.0
1106,KZ,2025,254.0,4,241.0
1106,LZ,2025,348.0,4,349.0
1106,MN,2025,2714.0,4,2433.0
1106,OQ,2025,1045.0,4,903.0
1106,RU,2025,1067.0,4,1126.0
1111,BE,2025,81.0,4,74.0
1111,FZ,2025,79.0,4,62.0
1111,GI,2025,274.0,4,255.0
1111,JZ,2025,134.0,4,108.0
1111,KZ,2025,36.0,4,44.0
1111,LZ,2025,66.0,4,58.0
1111,MN,2025,401.0,4,380.0
1111,OQ,2025,172.0,4,157.0
1111,RU,2025,179.0,4,149.0
2401,BE,2025,226.0,4,245.0
2401,FZ,2025,182.0,4,179.0
2401,GI,2025,757.0,4,731.0
2401,JZ,2025,103.0,4,95.0
2401,KZ,2025,55.0,4,64.0
2401,LZ,2025,88.0,4,96.0
2401,MN,2025,527.0,4,426.0
2401,OQ,2025,233.0,4,201.0
2401,RU,2025,309.0,4,276.0
2406,BE,2025,81.0,4,72.0
2406,FZ,2025,45.0,4,38.0
2406,GI,2025,139.0,4,124.0
2406,JZ,2025,11.0,4,16.0
2406,KZ,2025,11.0,4,12.0
2406,LZ,2025,31.0,4,29.0
2406,MN,2025,137.0,4,129.0
2406,OQ,2025,50.0,4,39.0
2406,RU,2025,64.0,4,61.0
2411,BE,2025,133.0,4,141.0
2411,FZ,2025,71.0,4,62.0
2411,GI,2025,250.0,4,211.0
2411,JZ,2025,38.0,4,27.0
2411,KZ,2025,17.0,4,14.0
2411,LZ,2025,38.0,4,31.0
2411,MN,2025,168.0,4,156.0
2411,OQ,2025,46.0,4,72.0
2411,RU,2025,92.0,4,111.0
2701,BE,2025,116.0,4,81.0
2701,FZ,2025,55.0,4,46.0
2701,GI,2025,125.0,4,130.0
2701,JZ,2025,18.0,4,11.0
2701,KZ,2025,8.0,4,9.0
2701,LZ,2025,18.0,4,19.0
2701,MN,2025,98.0,4,79.0
2701,OQ,2025,42.0,4,49.0
2701,RU,2025,71.0,4,69.0
2706,BE,2025,466.0,4,408.0
2706,FZ,2025,330.0,4,341.0
2706,GI,2025,1403.0,4,1287.0
2706,JZ,2025,200.0,4,185.0
2706,KZ,2025,158.0,4,172.0
2706,LZ,2025,238.0,4,228.0
2706,MN,2025,1049.0,4,883.0
2706,OQ,2025,563.0,4,523.0
2706,RU,2025,553.0,4,509.0
2711,BE,2025,471.0,4,495.0
2711,FZ,2025,457.0,4,457.0
2711,GI,2025,1857.0,4,1597.0
2711,JZ,2025,335.0,4,311.0
2711,KZ,2025,229.0,4,245.0
2711,LZ,2025,365.0,4,308.0
2711,MN,2025,1518.0,4,1436.0
2711,OQ,2025,707.0,4,749.0
2711,RU,2025,802.0,4,767.0
2716,BE,2025,84.0,4,105.0
2716,FZ,2025,66.0,4,65.0
2716,GI,2025,170.0,4,197.0
2716,JZ,2025,23.0,4,26.0
2716,KZ,2025,11.0,4,17.0
2716,LZ,2025,44.0,4,41.0
2716,MN,2025,169.0,4,119.0
2716,OQ,2025,65.0,4,83.0
2716,RU,2025,109.0,4,84.0
2803,BE,2025,131.0,4,135.0
2803,FZ,2025,68.0,4,74.0
2803,GI,2025,214.0,4,190.0
2803,JZ,2025,31.0,4,33.0
2803,KZ,2025,29.0,4,36.0
2803,LZ,2025,32.0,4,29.0
2803,MN,2025,199.0,4,200.0
2803,OQ,2025,46.0,4,68.0
2803,RU,2025,114.0,4,109.0
2808,BE,2025,254.0,4,261.0
2808,FZ,2025,219.0,4,216.0
2808,GI,2025,802.0,4,689.0
2808,JZ,2025,108.0,4,104.0
2808,KZ,2025,75.0,4,85.0
2808,LZ,2025,96.0,4,80.0
2808,MN,2025,577.0,4,519.0
2808,OQ,2025,229.0,4,186.0
2808,RU,2025,273.0,4,259.0
2813,BE,2025,357.0,4,319.0
2813,FZ,2025,245.0,4,266.0
2813,GI,2025,1345.0,4,1187.0
2813,JZ,2025,178.0,4,180.0
2813,KZ,2025,112.0,4,122.0
2813,LZ,2025,177.0,4,222.0
2813,MN,2025,894.0,4,810.0
2813,OQ,2025,391.0,4,398.0
2813,RU,2025,494.0,4,506.0
2818,BE,2025,87.0,4,86.0
2818,FZ,2025,30.0,4,32.0
2818,GI,2025,104.0,4,83.0
2818,JZ,2025,9.0,4,8.0
2818,KZ,2025,5.0,4,18.0
2818,LZ,2025,21.0,4,9.0
2818,MN,2025,80.0,4,71.0
2818,OQ,2025,34.0,4,35.0
2818,RU,2025,49.0,4,62.0
3204,BE,2025,185.0,4,167.0
3204,FZ,2025,73.0,4,89.0
3204,GI,2025,429.0,4,364.0
3204,JZ,2025,45.0,4,40.0
3204,KZ,2025,47.0,4,58.0
3204,LZ,2025,115.0,4,105.0
3204,MN,2025,288.0,4,304.0
3204,OQ,2025,140.0,4,136.0
3204,RU,2025,174.0,4,174.0
3209,BE,2025,113.0,4,140.0
3209,FZ,2025,91.0,4,89.0
3209,GI,2025,246.0,4,249.0
3209,JZ,2025,54.0,4,40.0
3209,KZ,2025,23.0,4,17.0
3209,LZ,2025,36.0,4,30.0
3209,MN,2025,188.0,4,187.0
3209,OQ,2025,77.0,4,61.0
3209,RU,2025,113.0,4,109.0
3214,BE,2025,159.0,4,186.0
3214,FZ,2025,84.0,4,95.0
3214,GI,2025,333.0,4,301.0
3214,JZ,2025,37.0,4,45.0
3214,KZ,2025,29.0,4,51.0
3214,LZ,2025,41.0,4,42.0
3214,MN,2025,214.0,4,188.0
3214,OQ,2025,67.0,4,101.0
3214,RU,2025,119.0,4,147.0
3219,BE,2025,237.0,4,229.0
3219,FZ,2025,134.0,4,150.0
3219,GI,2025,522.0,4,531.0
3219,JZ,2025,48.0,4,58.0
3219,KZ,2025,59.0,4,58.0
3219,LZ,2025,87.0,4,68.0
3219,MN,2025,398.0,4,329.0
3219,OQ,2025,154.0,4,161.0
3219,RU,2025,225.0,4,208.0
4402,BE,2025,219.0,4,175.0
4402,FZ,2025,57.0,4,88.0
4402,GI,2025,406.0,4,379.0
4402,JZ,2025,50.0,4,53.0
4402,KZ,2025,31.0,4,36.0
4402,LZ,2025,49.0,4,35.0
4402,MN,2025,248.0,4,257.0
4402,OQ,2025,117.0,4,80.0
4402,RU,2025,133.0,4,138.0
4407,BE,2025,370.0,4,316.0
4407,FZ,2025,228.0,4,201.0
4407,GI,2025,673.0,4,584.0
4407,JZ,2025,95.0,4,86.0
4407,KZ,2025,45.0,4,51.0
4407,LZ,2025,98.0,4,81.0
4407,MN,2025,535.0,4,498.0
4407,OQ,2025,189.0,4,214.0
4407,RU,2025,247.0,4,227.0
4412,BE,2025,705.0,4,688.0
4412,FZ,2025,592.0,4,649.0
4412,GI,2025,2124.0,4,2053.0
4412,JZ,2025,425.0,4,449.0
4412,KZ,2025,207.0,4,249.0
4412,LZ,2025,350.0,4,384.0
4412,MN,2025,1834.0,4,1834.0
4412,OQ,2025,1037.0,4,963.0
4412,RU,2025,892.0,4,905.0
4417,BE,2025,188.0,4,167.0
4417,FZ,2025,104.0,4,138.0
4417,GI,2025,314.0,4,264.0
4417,JZ,2025,37.0,4,40.0
4417,KZ,2025,28.0,4,25.0
4417,LZ,2025,58.0,4,38.0
4417,MN,2025,300.0,4,240.0
4417,OQ,2025,107.0,4,103.0
4417,RU,2025,166.0,4,142.0
4422,BE,2025,151.0,4,139.0
4422,FZ,2025,112.0,4,100.0
4422,GI,2025,337.0,4,316.0
4422,JZ,2025,59.0,4,62.0
4422,KZ,2025,25.0,4,38.0
4422,LZ,2025,68.0,4,81.0
4422,MN,2025,342.0,4,267.0
4422,OQ,2025,140.0,4,140.0
4422,RU,2025,174.0,4,174.0
4427,BE,2025,234.0,4,212.0
4427,FZ,2025,126.0,4,101.0
4427,GI,2025,330.0,4,386.0
4427,JZ,2025,30.0,4,38.0
4427,KZ,2025,22.0,4,29.0
4427,LZ,2025,46.0,4,30.0
4427,MN,2025,271.0,4,210.0
4427,OQ,2025,84.0,4,90.0
4427,RU,2025,128.0,4,143.0
5205,BE,2025,128.0,4,139.0
5205,FZ,2025,81.0,4,72.0
5205,GI,2025,159.0,4,150.0
5205,JZ,2025,41.0,4,20.0
5205,KZ,2025,18.0,4,27.0
5205,LZ,2025,34.0,4,36.0
5205,MN,2025,141.0,4,131.0
5205,OQ,2025,69.0,4,49.0
5205,RU,2025,102.0,4,95.0
5210,BE,2025,283.0,4,282.0
5210,FZ,2025,177.0,4,192.0
5210,GI,2025,646.0,4,541.0
5210,JZ,2025,129.0,4,109.0
5210,KZ,2025,85.0,4,85.0
5210,LZ,2025,169.0,4,133.0
5210,MN,2025,580.0,4,507.0
5210,OQ,2025,237.0,4,211.0
5210,RU,2025,324.0,4,325.0
5215,BE,2025,173.0,4,179.0
5215,FZ,2025,57.0,4,39.0
5215,GI,2025,193.0,4,200.0
5215,JZ,2025,33.0,4,32.0
5215,KZ,2025,33.0,4,44.0
5215,LZ,2025,36.0,4,37.0
5215,MN,2025,165.0,4,140.0
5215,OQ,2025,52.0,4,50.0
5215,RU,2025,95.0,4,97.0
5220,BE,2025,161.0,4,180.0
5220,FZ,2025,83.0,4,81.0
5220,GI,2025,353.0,4,313.0
5220,JZ,2025,31.0,4,42.0
5220,KZ,2025,30.0,4,49.0
5220,LZ,2025,74.0,4,62.0
5220,MN,2025,249.0,4,243.0
5220,OQ,2025,84.0,4,81.0
5220,RU,2025,157.0,4,146.0
5304,BE,2025,162.0,4,175.0
5304,FZ,2025,103.0,4,131.0
5304,GI,2025,321.0,4,329.0
5304,JZ,2025,56.0,4,50.0
5304,KZ,2025,53.0,4,67.0
5304,LZ,2025,83.0,4,75.0
5304,MN,2025,317.0,4,265.0
5304,OQ,2025,148.0,4,130.0
5304,RU,2025,201.0,4,194.0
5309,BE,2025,284.0,4,303.0
5309,FZ,2025,312.0,4,359.0
5309,GI,2025,773.0,4,708.0
5309,JZ,2025,158.0,4,129.0
5309,KZ,2025,119.0,4,125.0
5309,LZ,2025,197.0,4,165.0
5309,MN,2025,803.0,4,709.0
5309,OQ,2025,339.0,4,311.0
5309,RU,2025,397.0,4,388.0
5314,BE,2025,122.0,4,133.0
5314,FZ,2025,50.0,4,59.0
5314,GI,2025,177.0,4,134.0
5314,JZ,2025,28.0,4,26.0
5314,KZ,2025,25.0,4,23.0
5314,LZ,2025,51.0,4,37.0
5314,MN,2025,170.0,4,171.0
5314,OQ,2025,80.0,4,86.0
5314,RU,2025,106.0,4,90.0
5319,BE,2025,155.0,4,194.0
5319,FZ,2025,70.0,4,80.0
5319,GI,2025,314.0,4,263.0
5319,JZ,2025,59.0,4,55.0
5319,KZ,2025,39.0,4,61.0
5319,LZ,2025,63.0,4,45.0
5319,MN,2025,291.0,4,243.0
5319,OQ,2025,122.0,4,97.0
5319,RU,2025,131.0,4,143.0
7505,BE,2025,1484.0,4,1457.0
7505,FZ,2025,2051.0,4,2278.0
7505,GI,2025,9533.0,4,8745.0
7505,JZ,2025,1856.0,4,1944.0
7505,KZ,2025,826.0,4,993.0
7505,LZ,2025,1384.0,4,1301.0
7505,MN,2025,7957.0,4,7590.0
7505,OQ,2025,2980.0,4,3033.0
7505,RU,2025,3365.0,4,3314.0
7510,BE,2025,330.0,4,322.0
7510,FZ,2025,288.0,4,300.0
7510,GI,2025,748.0,4,716.0
7510,JZ,2025,114.0,4,96.0
7510,KZ,2025,55.0,4,70.0
7510,LZ,2025,211.0,4,214.0
7510,MN,2025,750.0,4,687.0
7510,OQ,2025,310.0,4,336.0
7510,RU,2025,419.0,4,427.0
7515,BE,2025,172.0,4,160.0
7515,FZ,2025,153.0,4,135.0
7515,GI,2025,356.0,4,336.0
7515,JZ,2025,33.0,4,43.0
7515,KZ,2025,22.0,4,31.0
7515,LZ,2025,61.0,4,47.0
7515,MN,2025,298.0,4,298.0
7515,OQ,2025,87.0,4,92.0
7515,RU,2025,175.0,4,155.0
7520,BE,2025,441.0,4,387.0
7520,FZ,2025,160.0,4,181.0
7520,GI,2025,767.0,4,638.0
7520,JZ,2025,145.0,4,131.0
7520,KZ,2025,82.0,4,112.0
7520,LZ,2025,142.0,4,143.0
7520,MN,2025,572.0,4,505.0
7520,OQ,2025,258.0,4,257.0
7520,RU,2025,295.0,4,332.0
7525,BE,2025,142.0,4,134.0
7525,FZ,2025,105.0,4,129.0
7525,GI,2025,356.0,4,292.0
7525,JZ,2025,44.0,4,34.0
7525,KZ,2025,24.0,4,25.0
7525,LZ,2025,60.0,4,63.0
7525,MN,2025,235.0,4,242.0
7525,OQ,2025,119.0,4,117.0
7525,RU,2025,150.0,4,163.0
7530,BE,2025,136.0,4,138.0
7530,FZ,2025,55.0,4,61.0
7530,GI,2025,197.0,4,181.0
7530,JZ,2025,31.0,4,17.0
7530,KZ,2025,19.0,4,14.0
7530,LZ,2025,42.0,4,61.0
7530,MN,2025,152.0,4,110.0
7530,OQ,2025,48.0,4,46.0
7530,RU,2025,90.0,4,73.0
7603,BE,2025,339.0,4,345.0
7603,FZ,2025,342.0,4,384.0
7603,GI,2025,876.0,4,798.0
7603,JZ,2025,123.0,4,98.0
7603,KZ,2025,66.0,4,62.0
7603,LZ,2025,113.0,4,108.0
7603,MN,2025,719.0,4,680.0
7603,OQ,2025,288.0,4,346.0
7603,RU,2025,373.0,4,413.0
7608,BE,2025,382.0,4,400.0
7608,FZ,2025,310.0,4,325.0
7608,GI,2025,881.0,4,847.0
7608,JZ,2025,118.0,4,108.0
7608,KZ,2025,61.0,4,78.0
7608,LZ,2025,154.0,4,145.0
7608,MN,2025,760.0,4,704.0
7608,OQ,2025,300.0,4,298.0
7608,RU,2025,426.0,4,384.0
7613,BE,2025,177.0,4,167.0
7613,FZ,2025,46.0,4,73.0
7613,GI,2025,226.0,4,194.0
7613,JZ,2025,33.0,4,32.0
7613,KZ,2025,20.0,4,11.0
7613,LZ,2025,38.0,4,28.0
7613,MN,2025,175.0,4,156.0
7613,OQ,2025,90.0,4,98.0
7613,RU,2025,117.0,4,111.0
7618,BE,2025,475.0,4,589.0
7618,FZ,2025,778.0,4,859.0
7618,GI,2025,2265.0,4,2100.0
7618,JZ,2025,324.0,4,286.0
7618,KZ,2025,193.0,4,244.0
7618,LZ,2025,364.0,4,316.0
7618,MN,2025,1935.0,4,1753.0
7618,OQ,2025,807.0,4,736.0
7618,RU,2025,903.0,4,895.0
7623,BE,2025,108.0,4,138.0
7623,FZ,2025,181.0,4,201.0
7623,GI,2025,616.0,4,537.0
7623,JZ,2025,81.0,4,71.0
7623,KZ,2025,76.0,4,84.0
7623,LZ,2025,117.0,4,117.0
7623,MN,2025,497.0,4,461.0
7623,OQ,2025,215.0,4,203.0
7623,RU,2025,284.0,4,286.0
8403,BE,2025,234.0,4,234.0
8403,FZ,2025,62.0,4,64.0
8403,GI,2025,225.0,4,223.0
8403,JZ,2025,24.0,4,21.0
8403,KZ,2025,21.0,4,23.0
8403,LZ,2025,53.0,4,54.0
8403,MN,2025,182.0,4,182.0
8403,OQ,2025,109.0,4,104.0
8403,RU,2025,107.0,4,104.0
8408,BE,2025,618.0,4,552.0
8408,FZ,2025,513.0,4,551.0
8408,GI,2025,2150.0,4,1744.0
8408,JZ,2025,404.0,4,386.0
8408,KZ,2025,211.0,4,223.0
8408,LZ,2025,435.0,4,401.0
8408,MN,2025,1719.0,4,1677.0
8408,OQ,2025,935.0,4,883.0
8408,RU,2025,916.0,4,864.0
8413,BE,2025,209.0,4,156.0
8413,FZ,2025,278.0,4,310.0
8413,GI,2025,732.0,4,590.0
8413,JZ,2025,64.0,4,56.0
8413,KZ,2025,63.0,4,66.0
8413,LZ,2025,333.0,4,316.0
8413,MN,2025,726.0,4,652.0
8413,OQ,2025,425.0,4,443.0
8413,RU,2025,290.0,4,316.0
8418,BE,2025,67.0,4,64.0
8418,FZ,2025,129.0,4,158.0
8418,GI,2025,358.0,4,326.0
8418,JZ,2025,51.0,4,45.0
8418,KZ,2025,29.0,4,29.0
8418,LZ,2025,177.0,4,175.0
8418,MN,2025,545.0,4,439.0
8418,OQ,2025,198.0,4,199.0
8418,RU,2025,245.0,4,215.0
8423,BE,2025,250.0,4,262.0
8423,FZ,2025,103.0,4,112.0
8423,GI,2025,370.0,4,376.0
8423,JZ,2025,45.0,4,44.0
8423,KZ,2025,26.0,4,29.0
8423,LZ,2025,63.0,4,70.0
8423,MN,2025,270.0,4,229.0
8423,OQ,2025,126.0,4,112.0
8423,RU,2025,154.0,4,141.0
8428,BE,2025,707.0,4,586.0
8428,FZ,2025,877.0,4,946.0
8428,GI,2025,2711.0,4,2467.0
8428,JZ,2025,396.0,4,352.0
8428,KZ,2025,248.0,4,297.0
8428,LZ,2025,453.0,4,431.0
8428,MN,2025,2129.0,4,1977.0
8428,OQ,2025,901.0,4,872.0
8428,RU,2025,870.0,4,914.0
8433,BE,2025,467.0,4,446.0
8433,FZ,2025,459.0,4,470.0
8433,GI,2025,1117.0,4,1058.0
8433,JZ,2025,159.0,4,141.0
8433,KZ,2025,74.0,4,115.0
8433,LZ,2025,164.0,4,143.0
8433,MN,2025,1015.0,4,887.0
8433,OQ,2025,377.0,4,360.0
8433,RU,2025,480.0,4,416.0
9303,BE,2025,256.0,4,240.0
9303,FZ,2025,344.0,4,362.0
9303,GI,2025,731.0,4,661.0
9303,JZ,2025,111.0,4,97.0
9303,KZ,2025,66.0,4,65.0
9303,LZ,2025,154.0,4,134.0
9303,MN,2025,887.0,4,715.0
9303,OQ,2025,259.0,4,244.0
9303,RU,2025,407.0,4,364.0
9308,BE,2025,182.0,4,193.0
9308,FZ,2025,366.0,4,411.0
9308,GI,2025,703.0,4,548.0
9308,JZ,2025,101.0,4,82.0
9308,KZ,2025,46.0,4,42.0
9308,LZ,2025,124.0,4,129.0
9308,MN,2025,699.0,4,678.0
9308,OQ,2025,222.0,4,200.0
9308,RU,2025,352.0,4,353.0
9313,BE,2025,373.0,4,350.0
9313,FZ,2025,535.0,4,490.0
9313,GI,2025,1948.0,4,1773.0
9313,JZ,2025,229.0,4,241.0
9313,KZ,2025,101.0,4,114.0
9313,LZ,2025,209.0,4,220.0
9313,MN,2025,1448.0,4,1251.0
9313,OQ,2025,594.0,4,567.0
9313,RU,2025,777.0,4,728.0
9318,BE,2025,660.0,4,626.0
9318,FZ,2025,1264.0,4,1445.0
9318,GI,2025,3559.0,4,3182.0
9318,JZ,2025,540.0,4,457.0
9318,KZ,2025,283.0,4,336.0
9318,LZ,2025,765.0,4,727.0
9318,MN,2025,3265.0,4,2913.0
9318,OQ,2025,1386.0,4,1298.0
9318,RU,2025,1627.0,4,1620.0
