country,eval_year,exclude_covid,community_id,region_id,community_size,n_graph_edges,modularity
FR,2017,False,0,1104,13,915,0.3836643881447538
FR,2017,False,0,1105,13,915,0.3836643881447538
FR,2017,False,0,1112,13,915,0.3836643881447538
FR,2017,False,0,2807,13,915,0.3836643881447538
FR,2017,False,0,4417,13,915,0.3836643881447538
FR,2017,False,0,5210,13,915,0.3836643881447538
FR,2017,False,0,5310,13,915,0.3836643881447538
FR,2017,False,0,7504,13,915,0.3836643881447538
FR,2017,False,0,7519,13,915,0.3836643881447538
FR,2017,False,0,7523,13,915,0.3836643881447538
FR,2017,False,0,8412,13,915,0.3836643881447538
FR,2017,False,0,8427,13,915,0.3836643881447538
FR,2017,False,0,9309,13,915,0.3836643881447538
FR,2017,False,1,1108,22,915,0.3836643881447538
FR,2017,False,1,1113,22,915,0.3836643881447538
FR,2017,False,1,2404,22,915,0.3836643881447538
FR,2017,False,1,3206,22,915,0.3836643881447538
FR,2017,False,1,4411,22,915,0.3836643881447538
FR,2017,False,1,4412,22,915,0.3836643881447538
FR,2017,False,1,4414,22,915,0.3836643881447538
FR,2017,False,1,5220,22,915,0.3836643881447538
FR,2017,False,1,5303,22,915,0.3836643881447538
FR,2017,False,1,5314,22,915,0.3836643881447538
FR,2017,False,1,7505,22,915,0.3836643881447538
FR,2017,False,1,7513,22,915,0.3836643881447538
FR,2017,False,1,7528,22,915,0.3836643881447538
FR,2017,False,1,7607,22,915,0.3836643881447538
FR,2017,False,1,7615,22,915,0.3836643881447538
FR,2017,False,1,7617,22,915,0.3836643881447538
FR,2017,False,1,8419,22,915,0.3836643881447538
FR,2017,False,1,8426,22,915,0.3836643881447538
FR,2017,False,1,8434,22,915,0.3836643881447538
FR,2017,False,1,9305,22,915,0.3836643881447538
FR,2017,False,1,9313,22,915,0.3836643881447538
FR,2017,False,1,9317,22,915,0.3836643881447538
FR,2017,False,2,2405,25,915,0.3836643881447538
FR,2017,False,2,2408,25,915,0.3836643881447538
FR,2017,False,2,2414,25,915,0.3836643881447538
FR,2017,False,2,2710,25,915,0.3836643881447538
FR,2017,False,2,2713,25,915,0.3836643881447538
FR,2017,False,2,2714,25,915,0.3836643881447538
FR,2017,False,2,2802,25,915,0.3836643881447538
FR,2017,False,2,2803,25,915,0.3836643881447538
FR,2017,False,2,3217,25,915,0.3836643881447538
FR,2017,False,2,3219,25,915,0.3836643881447538
FR,2017,False,2,4418,25,915,0.3836643881447538
FR,2017,False,2,5204,25,915,0.3836643881447538
FR,2017,False,2,5207,25,915,0.3836643881447538
FR,2017,False,2,5218,25,915,0.3836643881447538
FR,2017,False,2,56,25,915,0.3836643881447538
FR,2017,False,2,7531,25,915,0.3836643881447538
FR,2017,False,2,7603,25,915,0.3836643881447538
FR,2017,False,2,7604,25,915,0.3836643881447538
FR,2017,False,2,7606,25,915,0.3836643881447538
FR,2017,False,2,8416,25,915,0.3836643881447538
FR,2017,False,2,8425,25,915,0.3836643881447538
FR,2017,False,2,9310,25,915,0.3836643881447538
FR,2017,False,2,9311,25,915,0.3836643881447538
FR,2017,False,2,9312,25,915,0.3836643881447538
FR,2017,False,2,9318,25,915,0.3836643881447538
FR,2017,False,3,2401,23,915,0.3836643881447538
FR,2017,False,3,2403,23,915,0.3836643881447538
FR,2017,False,3,2409,23,915,0.3836643881447538
FR,2017,False,3,2718,23,915,0.3836643881447538
FR,2017,False,3,2806,23,915,0.3836643881447538
FR,2017,False,3,2811,23,915,0.3836643881447538
FR,2017,False,3,2815,23,915,0.3836643881447538
FR,2017,False,3,2816,23,915,0.3836643881447538
FR,2017,False,3,3204,23,915,0.3836643881447538
FR,2017,False,3,3209,23,915,0.3836643881447538
FR,2017,False,3,4405,23,915,0.3836643881447538
FR,2017,False,3,4413,23,915,0.3836643881447538
FR,2017,False,3,51,23,915,0.3836643881447538
FR,2017,False,3,5205,23,915,0.3836643881447538
FR,2017,False,3,5206,23,915,0.3836643881447538
FR,2017,False,3,5213,23,915,0.3836643881447538
FR,2017,False,3,5219,23,915,0.3836643881447538
FR,2017,False,3,7530,23,915,0.3836643881447538
FR,2017,False,3,7532,23,915,0.3836643881447538
FR,2017,False,3,7605,23,915,0.3836643881447538
FR,2017,False,3,7609,23,915,0.3836643881447538
FR,2017,False,3,8408,23,915,0.3836643881447538
FR,2017,False,3,8418,23,915,0.3836643881447538
FR,2017,False,4,1101,43,915,0.3836643881447538
FR,2017,False,4,1102,43,915,0.3836643881447538
FR,2017,False,4,1109,43,915,0.3836643881447538
FR,2017,False,4,1111,43,915,0.3836643881447538
FR,2017,False,4,1114,43,915,0.3836643881447538
FR,2017,False,4,2412,43,915,0.3836643881447538
FR,2017,False,4,2413,43,915,0.3836643881447538
FR,2017,False,4,2701,43,915,0.3836643881447538
FR,2017,False,4,2707,43,915,0.3836643881447538
FR,2017,False,4,2712,43,915,0.3836643881447538
FR,2017,False,4,2715,43,915,0.3836643881447538
FR,2017,False,4,3201,43,915,0.3836643881447538
FR,2017,False,4,3202,43,915,0.3836643881447538
FR,2017,False,4,3205,43,915,0.3836643881447538
FR,2017,False,4,3213,43,915,0.3836643881447538
FR,2017,False,4,3214,43,915,0.3836643881447538
FR,2017,False,4,4404,43,915,0.3836643881447538
FR,2017,False,4,4419,43,915,0.3836643881447538
FR,2017,False,4,4427,43,915,0.3836643881447538
FR,2017,False,4,5201,43,915,0.3836643881447538
FR,2017,False,4,5202,43,915,0.3836643881447538
FR,2017,False,4,5209,43,915,0.3836643881447538
FR,2017,False,4,5211,43,915,0.3836643881447538
FR,2017,False,4,5215,43,915,0.3836643881447538
FR,2017,False,4,5216,43,915,0.3836643881447538
FR,2017,False,4,5217,43,915,0.3836643881447538
FR,2017,False,4,53,43,915,0.3836643881447538
FR,2017,False,4,5305,43,915,0.3836643881447538
FR,2017,False,4,5307,43,915,0.3836643881447538
FR,2017,False,4,5316,43,915,0.3836643881447538
FR,2017,False,4,5319,43,915,0.3836643881447538
FR,2017,False,4,55,43,915,0.3836643881447538
FR,2017,False,4,58,43,915,0.3836643881447538
FR,2017,False,4,60,43,915,0.3836643881447538
FR,2017,False,4,7509,43,915,0.3836643881447538
FR,2017,False,4,7517,43,915,0.3836643881447538
FR,2017,False,4,7529,43,915,0.3836643881447538
FR,2017,False,4,7619,43,915,0.3836643881447538
FR,2017,False,4,8421,43,915,0.3836643881447538
FR,2017,False,4,8424,43,915,0.3836643881447538
FR,2017,False,4,8432,43,915,0.3836643881447538
FR,2017,False,4,9314,43,915,0.3836643881447538
FR,2017,False,4,9316,43,915,0.3836643881447538
FR,2017,False,5,1103,32,915,0.3836643881447538
FR,2017,False,5,2801,32,915,0.3836643881447538
FR,2017,False,5,2810,32,915,0.3836643881447538
FR,2017,False,5,2819,32,915,0.3836643881447538
FR,2017,False,5,4401,32,915,0.3836643881447538
FR,2017,False,5,4403,32,915,0.3836643881447538
FR,2017,False,5,4406,32,915,0.3836643881447538
FR,2017,False,5,4407,32,915,0.3836643881447538
FR,2017,False,5,4415,32,915,0.3836643881447538
FR,2017,False,5,4423,32,915,0.3836643881447538
FR,2017,False,5,52,32,915,0.3836643881447538
FR,2017,False,5,5302,32,915,0.3836643881447538
FR,2017,False,5,5312,32,915,0.3836643881447538
FR,2017,False,5,5315,32,915,0.3836643881447538
FR,2017,False,5,7501,32,915,0.3836643881447538
FR,2017,False,5,7502,32,915,0.3836643881447538
FR,2017,False,5,7524,32,915,0.3836643881447538
FR,2017,False,5,7525,32,915,0.3836643881447538
FR,2017,False,5,7526,32,915,0.3836643881447538
FR,2017,False,5,7527,32,915,0.3836643881447538
FR,2017,False,5,7601,32,915,0.3836643881447538
FR,2017,False,5,7608,32,915,0.3836643881447538
FR,2017,False,5,7610,32,915,0.3836643881447538
FR,2017,False,5,7611,32,915,0.3836643881447538
FR,2017,False,5,7618,32,915,0.3836643881447538
FR,2017,False,5,7620,32,915,0.3836643881447538
FR,2017,False,5,7624,32,915,0.3836643881447538
FR,2017,False,5,8402,32,915,0.3836643881447538
FR,2017,False,5,8405,32,915,0.3836643881447538
FR,2017,False,5,8415,32,915,0.3836643881447538
FR,2017,False,5,9301,32,915,0.3836643881447538
FR,2017,False,5,9315,32,915,0.3836643881447538
FR,2017,False,6,1107,34,915,0.3836643881447538
FR,2017,False,6,1110,34,915,0.3836643881447538
FR,2017,False,6,2410,34,915,0.3836643881447538
FR,2017,False,6,2415,34,915,0.3836643881447538
FR,2017,False,6,2709,34,915,0.3836643881447538
FR,2017,False,6,2716,34,915,0.3836643881447538
FR,2017,False,6,2809,34,915,0.3836643881447538
FR,2017,False,6,2813,34,915,0.3836643881447538
FR,2017,False,6,3210,34,915,0.3836643881447538
FR,2017,False,6,3215,34,915,0.3836643881447538
FR,2017,False,6,3216,34,915,0.3836643881447538
FR,2017,False,6,4402,34,915,0.3836643881447538
FR,2017,False,6,4408,34,915,0.3836643881447538
FR,2017,False,6,4416,34,915,0.3836643881447538
FR,2017,False,6,4421,34,915,0.3836643881447538
FR,2017,False,6,4422,34,915,0.3836643881447538
FR,2017,False,6,4424,34,915,0.3836643881447538
FR,2017,False,6,4426,34,915,0.3836643881447538
FR,2017,False,6,5203,34,915,0.3836643881447538
FR,2017,False,6,5212,34,915,0.3836643881447538
FR,2017,False,6,5214,34,915,0.3836643881447538
FR,2017,False,6,5304,34,915,0.3836643881447538
FR,2017,False,6,5317,34,915,0.3836643881447538
FR,2017,False,6,5318,34,915,0.3836643881447538
FR,2017,False,6,62,34,915,0.3836643881447538
FR,2017,False,6,64,34,915,0.3836643881447538
FR,2017,False,6,7510,34,915,0.3836643881447538
FR,2017,False,6,7511,34,915,0.3836643881447538
FR,2017,False,6,7516,34,915,0.3836643881447538
FR,2017,False,6,7518,34,915,0.3836643881447538
FR,2017,False,6,7522,34,915,0.3836643881447538
FR,2017,False,6,7612,34,915,0.3836643881447538
FR,2017,False,6,7622,34,915,0.3836643881447538
FR,2017,False,6,9302,34,915,0.3836643881447538
FR,2017,False,7,2406,29,915,0.3836643881447538
FR,2017,False,7,2407,29,915,0.3836643881447538
FR,2017,False,7,2704,29,915,0.3836643881447538
FR,2017,False,7,2705,29,915,0.3836643881447538
FR,2017,False,7,2708,29,915,0.3836643881447538
FR,2017,False,7,2808,29,915,0.3836643881447538
FR,2017,False,7,3207,29,915,0.3836643881447538
FR,2017,False,7,3208,29,915,0.3836643881447538
FR,2017,False,7,3218,29,915,0.3836643881447538
FR,2017,False,7,3221,29,915,0.3836643881447538
FR,2017,False,7,4409,29,915,0.3836643881447538
FR,2017,False,7,5208,29,915,0.3836643881447538
FR,2017,False,7,5313,29,915,0.3836643881447538
FR,2017,False,7,54,29,915,0.3836643881447538
FR,2017,False,7,59,29,915,0.3836643881447538
FR,2017,False,7,61,29,915,0.3836643881447538
FR,2017,False,7,7503,29,915,0.3836643881447538
FR,2017,False,7,7506,29,915,0.3836643881447538
FR,2017,False,7,7507,29,915,0.3836643881447538
FR,2017,False,7,7508,29,915,0.3836643881447538
FR,2017,False,7,7512,29,915,0.3836643881447538
FR,2017,False,7,7515,29,915,0.3836643881447538
FR,2017,False,7,7623,29,915,0.3836643881447538
FR,2017,False,7,8406,29,915,0.3836643881447538
FR,2017,False,7,8414,29,915,0.3836643881447538
FR,2017,False,7,8417,29,915,0.3836643881447538
FR,2017,False,7,8420,29,915,0.3836643881447538
FR,2017,False,7,8431,29,915,0.3836643881447538
FR,2017,False,7,9307,29,915,0.3836643881447538
FR,2017,False,8,2402,24,915,0.3836643881447538
FR,2017,False,8,2411,24,915,0.3836643881447538
FR,2017,False,8,2703,24,915,0.3836643881447538
FR,2017,False,8,2717,24,915,0.3836643881447538
FR,2017,False,8,2804,24,915,0.3836643881447538
FR,2017,False,8,2805,24,915,0.3836643881447538
FR,2017,False,8,3212,24,915,0.3836643881447538
FR,2017,False,8,3222,24,915,0.3836643881447538
FR,2017,False,8,4410,24,915,0.3836643881447538
FR,2017,False,8,4420,24,915,0.3836643881447538
FR,2017,False,8,5221,24,915,0.3836643881447538
FR,2017,False,8,5301,24,915,0.3836643881447538
FR,2017,False,8,5308,24,915,0.3836643881447538
FR,2017,False,8,5309,24,915,0.3836643881447538
FR,2017,False,8,63,24,915,0.3836643881447538
FR,2017,False,8,7520,24,915,0.3836643881447538
FR,2017,False,8,7602,24,915,0.3836643881447538
FR,2017,False,8,7621,24,915,0.3836643881447538
FR,2017,False,8,8404,24,915,0.3836643881447538
FR,2017,False,8,8409,24,915,0.3836643881447538
FR,2017,False,8,8411,24,915,0.3836643881447538
FR,2017,False,8,8429,24,915,0.3836643881447538
FR,2017,False,8,8430,24,915,0.3836643881447538
FR,2017,False,8,8435,24,915,0.3836643881447538
FR,2017,False,9,1106,35,915,0.3836643881447538
FR,2017,False,9,1115,35,915,0.3836643881447538
FR,2017,False,9,2702,35,915,0.3836643881447538
FR,2017,False,9,2706,35,915,0.3836643881447538
FR,2017,False,9,2711,35,915,0.3836643881447538
FR,2017,False,9,2812,35,915,0.3836643881447538
FR,2017,False,9,2814,35,915,0.3836643881447538
FR,2017,False,9,2817,35,915,0.3836643881447538
FR,2017,False,9,2818,35,915,0.3836643881447538
FR,2017,False,9,3203,35,915,0.3836643881447538
FR,2017,False,9,3211,35,915,0.3836643881447538
FR,2017,False,9,3220,35,915,0.3836643881447538
FR,2017,False,9,4425,35,915,0.3836643881447538
FR,2017,False,9,5306,35,915,0.3836643881447538
FR,2017,False,9,5311,35,915,0.3836643881447538
FR,2017,False,9,57,35,915,0.3836643881447538
FR,2017,False,9,7514,35,915,0.3836643881447538
FR,2017,False,9,7521,35,915,0.3836643881447538
FR,2017,False,9,7613,35,915,0.3836643881447538
FR,2017,False,9,7614,35,915,0.3836643881447538
FR,2017,False,9,7616,35,915,0.3836643881447538
FR,2017,False,9,7625,35,915,0.3836643881447538
FR,2017,False,9,8401,35,915,0.3836643881447538
FR,2017,False,9,8403,35,915,0.3836643881447538
FR,2017,False,9,8407,35,915,0.3836643881447538
FR,2017,False,9,8410,35,915,0.3836643881447538
FR,2017,False,9,8413,35,915,0.3836643881447538
FR,2017,False,9,8422,35,915,0.3836643881447538
FR,2017,False,9,8423,35,915,0.3836643881447538
FR,2017,False,9,8428,35,915,0.3836643881447538
FR,2017,False,9,8433,35,915,0.3836643881447538
FR,2017,False,9,9303,35,915,0.3836643881447538
FR,2017,False,9,9304,35,915,0.3836643881447538
FR,2017,False,9,9306,35,915,0.3836643881447538
FR,2017,False,9,9308,35,915,0.3836643881447538
FR,2018,False,0,1111,29,901,0.3887526847047281
FR,2018,False,0,2403,29,901,0.3887526847047281
FR,2018,False,0,2405,29,901,0.3887526847047281
FR,2018,False,0,2701,29,901,0.3887526847047281
FR,2018,False,0,2710,29,901,0.3887526847047281
FR,2018,False,0,2715,29,901,0.3887526847047281
FR,2018,False,0,2814,29,901,0.3887526847047281
FR,2018,False,0,2816,29,901,0.3887526847047281
FR,2018,False,0,2817,29,901,0.3887526847047281
FR,2018,False,0,3202,29,901,0.3887526847047281
FR,2018,False,0,3205,29,901,0.3887526847047281
FR,2018,False,0,4409,29,901,0.3887526847047281
FR,2018,False,0,4419,29,901,0.3887526847047281
FR,2018,False,0,5208,29,901,0.3887526847047281
FR,2018,False,0,5213,29,901,0.3887526847047281
FR,2018,False,0,53,29,901,0.3887526847047281
FR,2018,False,0,5307,29,901,0.3887526847047281
FR,2018,False,0,5314,29,901,0.3887526847047281
FR,2018,False,0,5318,29,901,0.3887526847047281
FR,2018,False,0,55,29,901,0.3887526847047281
FR,2018,False,0,61,29,901,0.3887526847047281
FR,2018,False,0,63,29,901,0.3887526847047281
FR,2018,False,0,7514,29,901,0.3887526847047281
FR,2018,False,0,7530,29,901,0.3887526847047281
FR,2018,False,0,7532,29,901,0.3887526847047281
FR,2018,False,0,8408,29,901,0.3887526847047281
FR,2018,False,0,9307,29,901,0.3887526847047281
FR,2018,False,0,9314,29,901,0.3887526847047281
FR,2018,False,0,9316,29,901,0.3887526847047281
FR,2018,False,1,2407,17,901,0.3887526847047281
FR,2018,False,1,2409,17,901,0.3887526847047281
FR,2018,False,1,2415,17,901,0.3887526847047281
FR,2018,False,1,2718,17,901,0.3887526847047281
FR,2018,False,1,3203,17,901,0.3887526847047281
FR,2018,False,1,3218,17,901,0.3887526847047281
FR,2018,False,1,51,17,901,0.3887526847047281
FR,2018,False,1,5304,17,901,0.3887526847047281
FR,2018,False,1,59,17,901,0.3887526847047281
FR,2018,False,1,7515,17,901,0.3887526847047281
FR,2018,False,1,7518,17,901,0.3887526847047281
FR,2018,False,1,7519,17,901,0.3887526847047281
FR,2018,False,1,7609,17,901,0.3887526847047281
FR,2018,False,1,8409,17,901,0.3887526847047281
FR,2018,False,1,8410,17,901,0.3887526847047281
FR,2018,False,1,8418,17,901,0.3887526847047281
FR,2018,False,1,9309,17,901,0.3887526847047281
FR,2018,False,2,1101,26,901,0.3887526847047281
FR,2018,False,2,1103,26,901,0.3887526847047281
FR,2018,False,2,1110,26,901,0.3887526847047281
FR,2018,False,2,2404,26,901,0.3887526847047281
FR,2018,False,2,2406,26,901,0.3887526847047281
FR,2018,False,2,2714,26,901,0.3887526847047281
FR,2018,False,2,4412,26,901,0.3887526847047281
FR,2018,False,2,4416,26,901,0.3887526847047281
FR,2018,False,2,4421,26,901,0.3887526847047281
FR,2018,False,2,5201,26,901,0.3887526847047281
FR,2018,False,2,5220,26,901,0.3887526847047281
FR,2018,False,2,5303,26,901,0.3887526847047281
FR,2018,False,2,5310,26,901,0.3887526847047281
FR,2018,False,2,60,26,901,0.3887526847047281
FR,2018,False,2,7506,26,901,0.3887526847047281
FR,2018,False,2,7511,26,901,0.3887526847047281
FR,2018,False,2,7512,26,901,0.3887526847047281
FR,2018,False,2,7603,26,901,0.3887526847047281
FR,2018,False,2,7607,26,901,0.3887526847047281
FR,2018,False,2,7621,26,901,0.3887526847047281
FR,2018,False,2,8404,26,901,0.3887526847047281
FR,2018,False,2,8426,26,901,0.3887526847047281
FR,2018,False,2,8431,26,901,0.3887526847047281
FR,2018,False,2,8432,26,901,0.3887526847047281
FR,2018,False,2,8434,26,901,0.3887526847047281
FR,2018,False,2,9311,26,901,0.3887526847047281
FR,2018,False,3,1106,22,901,0.3887526847047281
FR,2018,False,3,1114,22,901,0.3887526847047281
FR,2018,False,3,2705,22,901,0.3887526847047281
FR,2018,False,3,2803,22,901,0.3887526847047281
FR,2018,False,3,2808,22,901,0.3887526847047281
FR,2018,False,3,2809,22,901,0.3887526847047281
FR,2018,False,3,3213,22,901,0.3887526847047281
FR,2018,False,3,4408,22,901,0.3887526847047281
FR,2018,False,3,4410,22,901,0.3887526847047281
FR,2018,False,3,4424,22,901,0.3887526847047281
FR,2018,False,3,5205,22,901,0.3887526847047281
FR,2018,False,3,5211,22,901,0.3887526847047281
FR,2018,False,3,58,22,901,0.3887526847047281
FR,2018,False,3,7505,22,901,0.3887526847047281
FR,2018,False,3,7522,22,901,0.3887526847047281
FR,2018,False,3,7602,22,901,0.3887526847047281
FR,2018,False,3,7613,22,901,0.3887526847047281
FR,2018,False,3,7614,22,901,0.3887526847047281
FR,2018,False,3,7625,22,901,0.3887526847047281
FR,2018,False,3,8417,22,901,0.3887526847047281
FR,2018,False,3,8423,22,901,0.3887526847047281
FR,2018,False,3,8428,22,901,0.3887526847047281
FR,2018,False,4,1109,25,901,0.3887526847047281
FR,2018,False,4,1113,25,901,0.3887526847047281
FR,2018,False,4,1115,25,901,0.3887526847047281
FR,2018,False,4,2413,25,901,0.3887526847047281
FR,2018,False,4,2804,25,901,0.3887526847047281
FR,2018,False,4,2811,25,901,0.3887526847047281
FR,2018,False,4,3206,25,901,0.3887526847047281
FR,2018,False,4,3214,25,901,0.3887526847047281
FR,2018,False,4,4417,25,901,0.3887526847047281
FR,2018,False,4,4418,25,901,0.3887526847047281
FR,2018,False,4,4425,25,901,0.3887526847047281
FR,2018,False,4,5210,25,901,0.3887526847047281
FR,2018,False,4,5221,25,901,0.3887526847047281
FR,2018,False,4,5301,25,901,0.3887526847047281
FR,2018,False,4,5315,25,901,0.3887526847047281
FR,2018,False,4,57,25,901,0.3887526847047281
FR,2018,False,4,62,25,901,0.3887526847047281
FR,2018,False,4,7523,25,901,0.3887526847047281
FR,2018,False,4,7528,25,901,0.3887526847047281
FR,2018,False,4,7604,25,901,0.3887526847047281
FR,2018,False,4,7608,25,901,0.3887526847047281
FR,2018,False,4,7616,25,901,0.3887526847047281
FR,2018,False,4,8412,25,901,0.3887526847047281
FR,2018,False,4,8421,25,901,0.3887526847047281
FR,2018,False,4,9318,25,901,0.3887526847047281
FR,2018,False,5,2707,12,901,0.3887526847047281
FR,2018,False,5,2818,12,901,0.3887526847047281
FR,2018,False,5,3207,12,901,0.3887526847047281
FR,2018,False,5,4401,12,901,0.3887526847047281
FR,2018,False,5,4411,12,901,0.3887526847047281
FR,2018,False,5,4427,12,901,0.3887526847047281
FR,2018,False,5,64,12,901,0.3887526847047281
FR,2018,False,5,7525,12,901,0.3887526847047281
FR,2018,False,5,7624,12,901,0.3887526847047281
FR,2018,False,5,8406,12,901,0.3887526847047281
FR,2018,False,5,9306,12,901,0.3887526847047281
FR,2018,False,5,9313,12,901,0.3887526847047281
FR,2018,False,6,1108,28,901,0.3887526847047281
FR,2018,False,6,2410,28,901,0.3887526847047281
FR,2018,False,6,2708,28,901,0.3887526847047281
FR,2018,False,6,2806,28,901,0.3887526847047281
FR,2018,False,6,2810,28,901,0.3887526847047281
FR,2018,False,6,3201,28,901,0.3887526847047281
FR,2018,False,6,3222,28,901,0.3887526847047281
FR,2018,False,6,4404,28,901,0.3887526847047281
FR,2018,False,6,4426,28,901,0.3887526847047281
FR,2018,False,6,5203,28,901,0.3887526847047281
FR,2018,False,6,5212,28,901,0.3887526847047281
FR,2018,False,6,5215,28,901,0.3887526847047281
FR,2018,False,6,5219,28,901,0.3887526847047281
FR,2018,False,6,5316,28,901,0.3887526847047281
FR,2018,False,6,5317,28,901,0.3887526847047281
FR,2018,False,6,7502,28,901,0.3887526847047281
FR,2018,False,6,7503,28,901,0.3887526847047281
FR,2018,False,6,7504,28,901,0.3887526847047281
FR,2018,False,6,7507,28,901,0.3887526847047281
FR,2018,False,6,7509,28,901,0.3887526847047281
FR,2018,False,6,7513,28,901,0.3887526847047281
FR,2018,False,6,7620,28,901,0.3887526847047281
FR,2018,False,6,7622,28,901,0.3887526847047281
FR,2018,False,6,8402,28,901,0.3887526847047281
FR,2018,False,6,8420,28,901,0.3887526847047281
FR,2018,False,6,9302,28,901,0.3887526847047281
FR,2018,False,6,9308,28,901,0.3887526847047281
FR,2018,False,6,9312,28,901,0.3887526847047281
FR,2018,False,7,1104,24,901,0.3887526847047281
FR,2018,False,7,1107,24,901,0.3887526847047281
FR,2018,False,7,1112,24,901,0.3887526847047281
FR,2018,False,7,2408,24,901,0.3887526847047281
FR,2018,False,7,2702,24,901,0.3887526847047281
FR,2018,False,7,2709,24,901,0.3887526847047281
FR,2018,False,7,2713,24,901,0.3887526847047281
FR,2018,False,7,2813,24,901,0.3887526847047281
FR,2018,False,7,3211,24,901,0.3887526847047281
FR,2018,False,7,3221,24,901,0.3887526847047281
FR,2018,False,7,4402,24,901,0.3887526847047281
FR,2018,False,7,4414,24,901,0.3887526847047281
FR,2018,False,7,4415,24,901,0.3887526847047281
FR,2018,False,7,5218,24,901,0.3887526847047281
FR,2018,False,7,5302,24,901,0.3887526847047281
FR,2018,False,7,5305,24,901,0.3887526847047281
FR,2018,False,7,7510,24,901,0.3887526847047281
FR,2018,False,7,7516,24,901,0.3887526847047281
FR,2018,False,7,7605,24,901,0.3887526847047281
FR,2018,False,7,8403,24,901,0.3887526847047281
FR,2018,False,7,8405,24,901,0.3887526847047281
FR,2018,False,7,8427,24,901,0.3887526847047281
FR,2018,False,7,9304,24,901,0.3887526847047281
FR,2018,False,7,9305,24,901,0.3887526847047281
FR,2018,False,8,1105,32,901,0.3887526847047281
FR,2018,False,8,2704,32,901,0.3887526847047281
FR,2018,False,8,2716,32,901,0.3887526847047281
FR,2018,False,8,2717,32,901,0.3887526847047281
FR,2018,False,8,2801,32,901,0.3887526847047281
FR,2018,False,8,2815,32,901,0.3887526847047281
FR,2018,False,8,3209,32,901,0.3887526847047281
FR,2018,False,8,3210,32,901,0.3887526847047281
FR,2018,False,8,3215,32,901,0.3887526847047281
FR,2018,False,8,3217,32,901,0.3887526847047281
FR,2018,False,8,3219,32,901,0.3887526847047281
FR,2018,False,8,4405,32,901,0.3887526847047281
FR,2018,False,8,4420,32,901,0.3887526847047281
FR,2018,False,8,4422,32,901,0.3887526847047281
FR,2018,False,8,5206,32,901,0.3887526847047281
FR,2018,False,8,5207,32,901,0.3887526847047281
FR,2018,False,8,5216,32,901,0.3887526847047281
FR,2018,False,8,5217,32,901,0.3887526847047281
FR,2018,False,8,5306,32,901,0.3887526847047281
FR,2018,False,8,5309,32,901,0.3887526847047281
FR,2018,False,8,54,32,901,0.3887526847047281
FR,2018,False,8,56,32,901,0.3887526847047281
FR,2018,False,8,7501,32,901,0.3887526847047281
FR,2018,False,8,7517,32,901,0.3887526847047281
FR,2018,False,8,7610,32,901,0.3887526847047281
FR,2018,False,8,7612,32,901,0.3887526847047281
FR,2018,False,8,7623,32,901,0.3887526847047281
FR,2018,False,8,8415,32,901,0.3887526847047281
FR,2018,False,8,8429,32,901,0.3887526847047281
FR,2018,False,8,8430,32,901,0.3887526847047281
FR,2018,False,8,9310,32,901,0.3887526847047281
FR,2018,False,8,9315,32,901,0.3887526847047281
FR,2018,False,9,2402,18,901,0.3887526847047281
FR,2018,False,9,2411,18,901,0.3887526847047281
FR,2018,False,9,2711,18,901,0.3887526847047281
FR,2018,False,9,2807,18,901,0.3887526847047281
FR,2018,False,9,3208,18,901,0.3887526847047281
FR,2018,False,9,3220,18,901,0.3887526847047281
FR,2018,False,9,52,18,901,0.3887526847047281
FR,2018,False,9,5202,18,901,0.3887526847047281
FR,2018,False,9,5214,18,901,0.3887526847047281
FR,2018,False,9,5311,18,901,0.3887526847047281
FR,2018,False,9,7521,18,901,0.3887526847047281
FR,2018,False,9,7529,18,901,0.3887526847047281
FR,2018,False,9,7606,18,901,0.3887526847047281
FR,2018,False,9,7615,18,901,0.3887526847047281
FR,2018,False,9,8401,18,901,0.3887526847047281
FR,2018,False,9,8413,18,901,0.3887526847047281
FR,2018,False,9,8416,18,901,0.3887526847047281
FR,2018,False,9,9303,18,901,0.3887526847047281
FR,2018,False,10,2401,21,901,0.3887526847047281
FR,2018,False,10,2703,21,901,0.3887526847047281
FR,2018,False,10,2712,21,901,0.3887526847047281
FR,2018,False,10,2805,21,901,0.3887526847047281
FR,2018,False,10,2812,21,901,0.3887526847047281
FR,2018,False,10,3204,21,901,0.3887526847047281
FR,2018,False,10,3216,21,901,0.3887526847047281
FR,2018,False,10,4403,21,901,0.3887526847047281
FR,2018,False,10,4406,21,901,0.3887526847047281
FR,2018,False,10,4413,21,901,0.3887526847047281
FR,2018,False,10,4423,21,901,0.3887526847047281
FR,2018,False,10,5204,21,901,0.3887526847047281
FR,2018,False,10,5308,21,901,0.3887526847047281
FR,2018,False,10,5319,21,901,0.3887526847047281
FR,2018,False,10,7527,21,901,0.3887526847047281
FR,2018,False,10,7601,21,901,0.3887526847047281
FR,2018,False,10,7611,21,901,0.3887526847047281
FR,2018,False,10,8411,21,901,0.3887526847047281
FR,2018,False,10,8419,21,901,0.3887526847047281
FR,2018,False,10,8435,21,901,0.3887526847047281
FR,2018,False,10,9301,21,901,0.3887526847047281
FR,2018,False,11,1102,26,901,0.3887526847047281
FR,2018,False,11,2412,26,901,0.3887526847047281
FR,2018,False,11,2414,26,901,0.3887526847047281
FR,2018,False,11,2706,26,901,0.3887526847047281
FR,2018,False,11,2802,26,901,0.3887526847047281
FR,2018,False,11,2819,26,901,0.3887526847047281
FR,2018,False,11,3212,26,901,0.3887526847047281
FR,2018,False,11,4407,26,901,0.3887526847047281
FR,2018,False,11,5209,26,901,0.3887526847047281
FR,2018,False,11,5312,26,901,0.3887526847047281
FR,2018,False,11,5313,26,901,0.3887526847047281
FR,2018,False,11,7508,26,901,0.3887526847047281
FR,2018,False,11,7520,26,901,0.3887526847047281
FR,2018,False,11,7524,26,901,0.3887526847047281
FR,2018,False,11,7526,26,901,0.3887526847047281
FR,2018,False,11,7531,26,901,0.3887526847047281
FR,2018,False,11,7617,26,901,0.3887526847047281
FR,2018,False,11,7618,26,901,0.3887526847047281
FR,2018,False,11,7619,26,901,0.3887526847047281
FR,2018,False,11,8407,26,901,0.3887526847047281
FR,2018,False,11,8414,26,901,0.3887526847047281
FR,2018,False,11,8422,26,901,0.3887526847047281
FR,2018,False,11,8424,26,901,0.3887526847047281
FR,2018,False,11,8425,26,901,0.3887526847047281
FR,2018,False,11,8433,26,901,0.3887526847047281
FR,2018,False,11,9317,26,901,0.3887526847047281
FR,2019,False,0,1103,33,894,0.40037220336566093
FR,2019,False,0,1108,33,894,0.40037220336566093
FR,2019,False,0,1113,33,894,0.40037220336566093
FR,2019,False,0,2404,33,894,0.40037220336566093
FR,2019,False,0,2415,33,894,0.40037220336566093
FR,2019,False,0,2704,33,894,0.40037220336566093
FR,2019,False,0,2707,33,894,0.40037220336566093
FR,2019,False,0,2710,33,894,0.40037220336566093
FR,2019,False,0,2713,33,894,0.40037220336566093
FR,2019,False,0,2718,33,894,0.40037220336566093
FR,2019,False,0,2809,33,894,0.40037220336566093
FR,2019,False,0,2813,33,894,0.40037220336566093
FR,2019,False,0,3206,33,894,0.40037220336566093
FR,2019,False,0,3217,33,894,0.40037220336566093
FR,2019,False,0,4408,33,894,0.40037220336566093
FR,2019,False,0,4412,33,894,0.40037220336566093
FR,2019,False,0,5202,33,894,0.40037220336566093
FR,2019,False,0,5215,33,894,0.40037220336566093
FR,2019,False,0,55,33,894,0.40037220336566093
FR,2019,False,0,63,33,894,0.40037220336566093
FR,2019,False,0,7504,33,894,0.40037220336566093
FR,2019,False,0,7607,33,894,0.40037220336566093
FR,2019,False,0,7610,33,894,0.40037220336566093
FR,2019,False,0,7613,33,894,0.40037220336566093
FR,2019,False,0,7624,33,894,0.40037220336566093
FR,2019,False,0,8418,33,894,0.40037220336566093
FR,2019,False,0,8427,33,894,0.40037220336566093
FR,2019,False,0,8429,33,894,0.40037220336566093
FR,2019,False,0,8434,33,894,0.40037220336566093
FR,2019,False,0,8435,33,894,0.40037220336566093
FR,2019,False,0,9309,33,894,0.40037220336566093
FR,2019,False,0,9310,33,894,0.40037220336566093
FR,2019,False,0,9316,33,894,0.40037220336566093
FR,2019,False,1,1107,31,894,0.40037220336566093
FR,2019,False,1,2413,31,894,0.40037220336566093
FR,2019,False,1,2706,31,894,0.40037220336566093
FR,2019,False,1,2711,31,894,0.40037220336566093
FR,2019,False,1,2817,31,894,0.40037220336566093
FR,2019,False,1,3202,31,894,0.40037220336566093
FR,2019,False,1,3211,31,894,0.40037220336566093
FR,2019,False,1,3219,31,894,0.40037220336566093
FR,2019,False,1,4407,31,894,0.40037220336566093
FR,2019,False,1,4414,31,894,0.40037220336566093
FR,2019,False,1,5201,31,894,0.40037220336566093
FR,2019,False,1,5206,31,894,0.40037220336566093
FR,2019,False,1,5212,31,894,0.40037220336566093
FR,2019,False,1,5315,31,894,0.40037220336566093
FR,2019,False,1,5316,31,894,0.40037220336566093
FR,2019,False,1,7515,31,894,0.40037220336566093
FR,2019,False,1,7526,31,894,0.40037220336566093
FR,2019,False,1,7527,31,894,0.40037220336566093
FR,2019,False,1,7602,31,894,0.40037220336566093
FR,2019,False,1,7606,31,894,0.40037220336566093
FR,2019,False,1,7608,31,894,0.40037220336566093
FR,2019,False,1,7620,31,894,0.40037220336566093
FR,2019,False,1,8408,31,894,0.40037220336566093
FR,2019,False,1,8409,31,894,0.40037220336566093
FR,2019,False,1,8413,31,894,0.40037220336566093
FR,2019,False,1,8422,31,894,0.40037220336566093
FR,2019,False,1,8428,31,894,0.40037220336566093
FR,2019,False,1,9301,31,894,0.40037220336566093
FR,2019,False,1,9304,31,894,0.40037220336566093
FR,2019,False,1,9311,31,894,0.40037220336566093
FR,2019,False,1,9314,31,894,0.40037220336566093
FR,2019,False,2,1102,34,894,0.40037220336566093
FR,2019,False,2,1110,34,894,0.40037220336566093
FR,2019,False,2,2406,34,894,0.40037220336566093
FR,2019,False,2,2716,34,894,0.40037220336566093
FR,2019,False,2,2717,34,894,0.40037220336566093
FR,2019,False,2,2801,34,894,0.40037220336566093
FR,2019,False,2,2803,34,894,0.40037220336566093
FR,2019,False,2,2812,34,894,0.40037220336566093
FR,2019,False,2,2818,34,894,0.40037220336566093
FR,2019,False,2,3201,34,894,0.40037220336566093
FR,2019,False,2,3204,34,894,0.40037220336566093
FR,2019,False,2,3208,34,894,0.40037220336566093
FR,2019,False,2,3209,34,894,0.40037220336566093
FR,2019,False,2,4404,34,894,0.40037220336566093
FR,2019,False,2,4419,34,894,0.40037220336566093
FR,2019,False,2,5211,34,894,0.40037220336566093
FR,2019,False,2,5214,34,894,0.40037220336566093
FR,2019,False,2,5313,34,894,0.40037220336566093
FR,2019,False,2,58,34,894,0.40037220336566093
FR,2019,False,2,62,34,894,0.40037220336566093
FR,2019,False,2,7501,34,894,0.40037220336566093
FR,2019,False,2,7521,34,894,0.40037220336566093
FR,2019,False,2,7522,34,894,0.40037220336566093
FR,2019,False,2,7529,34,894,0.40037220336566093
FR,2019,False,2,7601,34,894,0.40037220336566093
FR,2019,False,2,7604,34,894,0.40037220336566093
FR,2019,False,2,8401,34,894,0.40037220336566093
FR,2019,False,2,8423,34,894,0.40037220336566093
FR,2019,False,2,8426,34,894,0.40037220336566093
FR,2019,False,2,9303,34,894,0.40037220336566093
FR,2019,False,2,9306,34,894,0.40037220336566093
FR,2019,False,2,9312,34,894,0.40037220336566093
FR,2019,False,2,9315,34,894,0.40037220336566093
FR,2019,False,2,9317,34,894,0.40037220336566093
FR,2019,False,3,1111,19,894,0.40037220336566093
FR,2019,False,3,2405,19,894,0.40037220336566093
FR,2019,False,3,2408,19,894,0.40037220336566093
FR,2019,False,3,2702,19,894,0.40037220336566093
FR,2019,False,3,2703,19,894,0.40037220336566093
FR,2019,False,3,2816,19,894,0.40037220336566093
FR,2019,False,3,4411,19,894,0.40037220336566093
FR,2019,False,3,4422,19,894,0.40037220336566093
FR,2019,False,3,5219,19,894,0.40037220336566093
FR,2019,False,3,5301,19,894,0.40037220336566093
FR,2019,False,3,5305,19,894,0.40037220336566093
FR,2019,False,3,59,19,894,0.40037220336566093
FR,2019,False,3,7525,19,894,0.40037220336566093
FR,2019,False,3,7531,19,894,0.40037220336566093
FR,2019,False,3,7611,19,894,0.40037220336566093
FR,2019,False,3,8420,19,894,0.40037220336566093
FR,2019,False,3,8425,19,894,0.40037220336566093
FR,2019,False,3,8431,19,894,0.40037220336566093
FR,2019,False,3,9313,19,894,0.40037220336566093
FR,2019,False,4,1104,24,894,0.40037220336566093
FR,2019,False,4,1109,24,894,0.40037220336566093
FR,2019,False,4,1112,24,894,0.40037220336566093
FR,2019,False,4,1115,24,894,0.40037220336566093
FR,2019,False,4,2410,24,894,0.40037220336566093
FR,2019,False,4,2815,24,894,0.40037220336566093
FR,2019,False,4,3205,24,894,0.40037220336566093
FR,2019,False,4,4402,24,894,0.40037220336566093
FR,2019,False,4,4424,24,894,0.40037220336566093
FR,2019,False,4,4425,24,894,0.40037220336566093
FR,2019,False,4,51,24,894,0.40037220336566093
FR,2019,False,4,5203,24,894,0.40037220336566093
FR,2019,False,4,53,24,894,0.40037220336566093
FR,2019,False,4,60,24,894,0.40037220336566093
FR,2019,False,4,7512,24,894,0.40037220336566093
FR,2019,False,4,7524,24,894,0.40037220336566093
FR,2019,False,4,7618,24,894,0.40037220336566093
FR,2019,False,4,7625,24,894,0.40037220336566093
FR,2019,False,4,8404,24,894,0.40037220336566093
FR,2019,False,4,8405,24,894,0.40037220336566093
FR,2019,False,4,8407,24,894,0.40037220336566093
FR,2019,False,4,8411,24,894,0.40037220336566093
FR,2019,False,4,8416,24,894,0.40037220336566093
FR,2019,False,4,8421,24,894,0.40037220336566093
FR,2019,False,5,1106,22,894,0.40037220336566093
FR,2019,False,5,1114,22,894,0.40037220336566093
FR,2019,False,5,2414,22,894,0.40037220336566093
FR,2019,False,5,2811,22,894,0.40037220336566093
FR,2019,False,5,2814,22,894,0.40037220336566093
FR,2019,False,5,3203,22,894,0.40037220336566093
FR,2019,False,5,4406,22,894,0.40037220336566093
FR,2019,False,5,4417,22,894,0.40037220336566093
FR,2019,False,5,4426,22,894,0.40037220336566093
FR,2019,False,5,5207,22,894,0.40037220336566093
FR,2019,False,5,5210,22,894,0.40037220336566093
FR,2019,False,5,5312,22,894,0.40037220336566093
FR,2019,False,5,5319,22,894,0.40037220336566093
FR,2019,False,5,7502,22,894,0.40037220336566093
FR,2019,False,5,7510,22,894,0.40037220336566093
FR,2019,False,5,7605,22,894,0.40037220336566093
FR,2019,False,5,7614,22,894,0.40037220336566093
FR,2019,False,5,8410,22,894,0.40037220336566093
FR,2019,False,5,8414,22,894,0.40037220336566093
FR,2019,False,5,8424,22,894,0.40037220336566093
FR,2019,False,5,8430,22,894,0.40037220336566093
FR,2019,False,5,9318,22,894,0.40037220336566093
FR,2019,False,6,2403,16,894,0.40037220336566093
FR,2019,False,6,2411,16,894,0.40037220336566093
FR,2019,False,6,2802,16,894,0.40037220336566093
FR,2019,False,6,4420,16,894,0.40037220336566093
FR,2019,False,6,4427,16,894,0.40037220336566093
FR,2019,False,6,52,16,894,0.40037220336566093
FR,2019,False,6,5306,16,894,0.40037220336566093
FR,2019,False,6,5307,16,894,0.40037220336566093
FR,2019,False,6,7511,16,894,0.40037220336566093
FR,2019,False,6,7609,16,894,0.40037220336566093
FR,2019,False,6,7616,16,894,0.40037220336566093
FR,2019,False,6,7619,16,894,0.40037220336566093
FR,2019,False,6,7623,16,894,0.40037220336566093
FR,2019,False,6,8402,16,894,0.40037220336566093
FR,2019,False,6,8415,16,894,0.40037220336566093
FR,2019,False,6,8417,16,894,0.40037220336566093
FR,2019,False,7,1101,36,894,0.40037220336566093
FR,2019,False,7,1105,36,894,0.40037220336566093
FR,2019,False,7,2401,36,894,0.40037220336566093
FR,2019,False,7,2407,36,894,0.40037220336566093
FR,2019,False,7,2412,36,894,0.40037220336566093
FR,2019,False,7,2709,36,894,0.40037220336566093
FR,2019,False,7,2712,36,894,0.40037220336566093
FR,2019,False,7,2804,36,894,0.40037220336566093
FR,2019,False,7,2807,36,894,0.40037220336566093
FR,2019,False,7,2810,36,894,0.40037220336566093
FR,2019,False,7,3210,36,894,0.40037220336566093
FR,2019,False,7,3215,36,894,0.40037220336566093
FR,2019,False,7,3216,36,894,0.40037220336566093
FR,2019,False,7,3221,36,894,0.40037220336566093
FR,2019,False,7,4403,36,894,0.40037220336566093
FR,2019,False,7,4405,36,894,0.40037220336566093
FR,2019,False,7,4413,36,894,0.40037220336566093
FR,2019,False,7,4416,36,894,0.40037220336566093
FR,2019,False,7,4423,36,894,0.40037220336566093
FR,2019,False,7,5205,36,894,0.40037220336566093
FR,2019,False,7,5213,36,894,0.40037220336566093
FR,2019,False,7,5303,36,894,0.40037220336566093
FR,2019,False,7,5317,36,894,0.40037220336566093
FR,2019,False,7,5318,36,894,0.40037220336566093
FR,2019,False,7,57,36,894,0.40037220336566093
FR,2019,False,7,61,36,894,0.40037220336566093
FR,2019,False,7,64,36,894,0.40037220336566093
FR,2019,False,7,7507,36,894,0.40037220336566093
FR,2019,False,7,7508,36,894,0.40037220336566093
FR,2019,False,7,7509,36,894,0.40037220336566093
FR,2019,False,7,7523,36,894,0.40037220336566093
FR,2019,False,7,7612,36,894,0.40037220336566093
FR,2019,False,7,7621,36,894,0.40037220336566093
FR,2019,False,7,8419,36,894,0.40037220336566093
FR,2019,False,7,8432,36,894,0.40037220336566093
FR,2019,False,7,9302,36,894,0.40037220336566093
FR,2019,False,8,2409,13,894,0.40037220336566093
FR,2019,False,8,2715,13,894,0.40037220336566093
FR,2019,False,8,2819,13,894,0.40037220336566093
FR,2019,False,8,4401,13,894,0.40037220336566093
FR,2019,False,8,4415,13,894,0.40037220336566093
FR,2019,False,8,5216,13,894,0.40037220336566093
FR,2019,False,8,5302,13,894,0.40037220336566093
FR,2019,False,8,5304,13,894,0.40037220336566093
FR,2019,False,8,5314,13,894,0.40037220336566093
FR,2019,False,8,7519,13,894,0.40037220336566093
FR,2019,False,8,7532,13,894,0.40037220336566093
FR,2019,False,8,7617,13,894,0.40037220336566093
FR,2019,False,8,9307,13,894,0.40037220336566093
FR,2019,False,9,2402,27,894,0.40037220336566093
FR,2019,False,9,2806,27,894,0.40037220336566093
FR,2019,False,9,3207,27,894,0.40037220336566093
FR,2019,False,9,3218,27,894,0.40037220336566093
FR,2019,False,9,3220,27,894,0.40037220336566093
FR,2019,False,9,3222,27,894,0.40037220336566093
FR,2019,False,9,4410,27,894,0.40037220336566093
FR,2019,False,9,5204,27,894,0.40037220336566093
FR,2019,False,9,5209,27,894,0.40037220336566093
FR,2019,False,9,5220,27,894,0.40037220336566093
FR,2019,False,9,5308,27,894,0.40037220336566093
FR,2019,False,9,5309,27,894,0.40037220336566093
FR,2019,False,9,5311,27,894,0.40037220336566093
FR,2019,False,9,54,27,894,0.40037220336566093
FR,2019,False,9,56,27,894,0.40037220336566093
FR,2019,False,9,7503,27,894,0.40037220336566093
FR,2019,False,9,7505,27,894,0.40037220336566093
FR,2019,False,9,7514,27,894,0.40037220336566093
FR,2019,False,9,7516,27,894,0.40037220336566093
FR,2019,False,9,7520,27,894,0.40037220336566093
FR,2019,False,9,7530,27,894,0.40037220336566093
FR,2019,False,9,7603,27,894,0.40037220336566093
FR,2019,False,9,7615,27,894,0.40037220336566093
FR,2019,False,9,8403,27,894,0.40037220336566093
FR,2019,False,9,8412,27,894,0.40037220336566093
FR,2019,False,9,8433,27,894,0.40037220336566093
FR,2019,False,9,9305,27,894,0.40037220336566093
FR,2019,False,10,2701,25,894,0.40037220336566093
FR,2019,False,10,2705,25,894,0.40037220336566093
FR,2019,False,10,2708,25,894,0.40037220336566093
FR,2019,False,10,2714,25,894,0.40037220336566093
FR,2019,False,10,2805,25,894,0.40037220336566093
FR,2019,False,10,2808,25,894,0.40037220336566093
FR,2019,False,10,3212,25,894,0.40037220336566093
FR,2019,False,10,3213,25,894,0.40037220336566093
FR,2019,False,10,3214,25,894,0.40037220336566093
FR,2019,False,10,4409,25,894,0.40037220336566093
FR,2019,False,10,4418,25,894,0.40037220336566093
FR,2019,False,10,4421,25,894,0.40037220336566093
FR,2019,False,10,5208,25,894,0.40037220336566093
FR,2019,False,10,5217,25,894,0.40037220336566093
FR,2019,False,10,5218,25,894,0.40037220336566093
FR,2019,False,10,5221,25,894,0.40037220336566093
FR,2019,False,10,5310,25,894,0.40037220336566093
FR,2019,False,10,7506,25,894,0.40037220336566093
FR,2019,False,10,7513,25,894,0.40037220336566093
FR,2019,False,10,7517,25,894,0.40037220336566093
FR,2019,False,10,7518,25,894,0.40037220336566093
FR,2019,False,10,7528,25,894,0.40037220336566093
FR,2019,False,10,7622,25,894,0.40037220336566093
FR,2019,False,10,8406,25,894,0.40037220336566093
FR,2019,False,10,9308,25,894,0.40037220336566093
FR,2020,False,0,1112,28,916,0.4040915753055624
FR,2020,False,0,1114,28,916,0.4040915753055624
FR,2020,False,0,1115,28,916,0.4040915753055624
FR,2020,False,0,2402,28,916,0.4040915753055624
FR,2020,False,0,2406,28,916,0.4040915753055624
FR,2020,False,0,2412,28,916,0.4040915753055624
FR,2020,False,0,2413,28,916,0.4040915753055624
FR,2020,False,0,2817,28,916,0.4040915753055624
FR,2020,False,0,3202,28,916,0.4040915753055624
FR,2020,False,0,3213,28,916,0.4040915753055624
FR,2020,False,0,3216,28,916,0.4040915753055624
FR,2020,False,0,4409,28,916,0.4040915753055624
FR,2020,False,0,4426,28,916,0.4040915753055624
FR,2020,False,0,51,28,916,0.4040915753055624
FR,2020,False,0,5310,28,916,0.4040915753055624
FR,2020,False,0,5313,28,916,0.4040915753055624
FR,2020,False,0,7508,28,916,0.4040915753055624
FR,2020,False,0,7601,28,916,0.4040915753055624
FR,2020,False,0,7602,28,916,0.4040915753055624
FR,2020,False,0,7618,28,916,0.4040915753055624
FR,2020,False,0,7619,28,916,0.4040915753055624
FR,2020,False,0,8416,28,916,0.4040915753055624
FR,2020,False,0,8431,28,916,0.4040915753055624
FR,2020,False,0,9301,28,916,0.4040915753055624
FR,2020,False,0,9306,28,916,0.4040915753055624
FR,2020,False,0,9309,28,916,0.4040915753055624
FR,2020,False,0,9310,28,916,0.4040915753055624
FR,2020,False,0,9311,28,916,0.4040915753055624
FR,2020,False,1,1110,23,916,0.4040915753055624
FR,2020,False,1,1111,23,916,0.4040915753055624
FR,2020,False,1,2703,23,916,0.4040915753055624
FR,2020,False,1,2709,23,916,0.4040915753055624
FR,2020,False,1,2717,23,916,0.4040915753055624
FR,2020,False,1,2718,23,916,0.4040915753055624
FR,2020,False,1,2810,23,916,0.4040915753055624
FR,2020,False,1,3212,23,916,0.4040915753055624
FR,2020,False,1,4402,23,916,0.4040915753055624
FR,2020,False,1,5302,23,916,0.4040915753055624
FR,2020,False,1,5305,23,916,0.4040915753055624
FR,2020,False,1,5309,23,916,0.4040915753055624
FR,2020,False,1,56,23,916,0.4040915753055624
FR,2020,False,1,7506,23,916,0.4040915753055624
FR,2020,False,1,7516,23,916,0.4040915753055624
FR,2020,False,1,7522,23,916,0.4040915753055624
FR,2020,False,1,7525,23,916,0.4040915753055624
FR,2020,False,1,7531,23,916,0.4040915753055624
FR,2020,False,1,7622,23,916,0.4040915753055624
FR,2020,False,1,7624,23,916,0.4040915753055624
FR,2020,False,1,8403,23,916,0.4040915753055624
FR,2020,False,1,8411,23,916,0.4040915753055624
FR,2020,False,1,9307,23,916,0.4040915753055624
FR,2020,False,2,2701,19,916,0.4040915753055624
FR,2020,False,2,2712,19,916,0.4040915753055624
FR,2020,False,2,2801,19,916,0.4040915753055624
FR,2020,False,2,2809,19,916,0.4040915753055624
FR,2020,False,2,3204,19,916,0.4040915753055624
FR,2020,False,2,3205,19,916,0.4040915753055624
FR,2020,False,2,4410,19,916,0.4040915753055624
FR,2020,False,2,4417,19,916,0.4040915753055624
FR,2020,False,2,5212,19,916,0.4040915753055624
FR,2020,False,2,7503,19,916,0.4040915753055624
FR,2020,False,2,7507,19,916,0.4040915753055624
FR,2020,False,2,7509,19,916,0.4040915753055624
FR,2020,False,2,7604,19,916,0.4040915753055624
FR,2020,False,2,7614,19,916,0.4040915753055624
FR,2020,False,2,8408,19,916,0.4040915753055624
FR,2020,False,2,8413,19,916,0.4040915753055624
FR,2020,False,2,8419,19,916,0.4040915753055624
FR,2020,False,2,8430,19,916,0.4040915753055624
FR,2020,False,2,9302,19,916,0.4040915753055624
FR,2020,False,3,2415,18,916,0.4040915753055624
FR,2020,False,3,4407,18,916,0.4040915753055624
FR,2020,False,3,4411,18,916,0.4040915753055624
FR,2020,False,3,5201,18,916,0.4040915753055624
FR,2020,False,3,5205,18,916,0.4040915753055624
FR,2020,False,3,5308,18,916,0.4040915753055624
FR,2020,False,3,5316,18,916,0.4040915753055624
FR,2020,False,3,5317,18,916,0.4040915753055624
FR,2020,False,3,7512,18,916,0.4040915753055624
FR,2020,False,3,7524,18,916,0.4040915753055624
FR,2020,False,3,7528,18,916,0.4040915753055624
FR,2020,False,3,7605,18,916,0.4040915753055624
FR,2020,False,3,7611,18,916,0.4040915753055624
FR,2020,False,3,7612,18,916,0.4040915753055624
FR,2020,False,3,8422,18,916,0.4040915753055624
FR,2020,False,3,9305,18,916,0.4040915753055624
FR,2020,False,3,9308,18,916,0.4040915753055624
FR,2020,False,3,9313,18,916,0.4040915753055624
FR,2020,False,4,2715,20,916,0.4040915753055624
FR,2020,False,4,2716,20,916,0.4040915753055624
FR,2020,False,4,2819,20,916,0.4040915753055624
FR,2020,False,4,3208,20,916,0.4040915753055624
FR,2020,False,4,3221,20,916,0.4040915753055624
FR,2020,False,4,4414,20,916,0.4040915753055624
FR,2020,False,4,4416,20,916,0.4040915753055624
FR,2020,False,4,4419,20,916,0.4040915753055624
FR,2020,False,4,4423,20,916,0.4040915753055624
FR,2020,False,4,5213,20,916,0.4040915753055624
FR,2020,False,4,5301,20,916,0.4040915753055624
FR,2020,False,4,5311,20,916,0.4040915753055624
FR,2020,False,4,59,20,916,0.4040915753055624
FR,2020,False,4,61,20,916,0.4040915753055624
FR,2020,False,4,7530,20,916,0.4040915753055624
FR,2020,False,4,8407,20,916,0.4040915753055624
FR,2020,False,4,8409,20,916,0.4040915753055624
FR,2020,False,4,8420,20,916,0.4040915753055624
FR,2020,False,4,9312,20,916,0.4040915753055624
FR,2020,False,4,9318,20,916,0.4040915753055624
FR,2020,False,5,1103,18,916,0.4040915753055624
FR,2020,False,5,2409,18,916,0.4040915753055624
FR,2020,False,5,2411,18,916,0.4040915753055624
FR,2020,False,5,2704,18,916,0.4040915753055624
FR,2020,False,5,2710,18,916,0.4040915753055624
FR,2020,False,5,2713,18,916,0.4040915753055624
FR,2020,False,5,4415,18,916,0.4040915753055624
FR,2020,False,5,5206,18,916,0.4040915753055624
FR,2020,False,5,5214,18,916,0.4040915753055624
FR,2020,False,5,5219,18,916,0.4040915753055624
FR,2020,False,5,5221,18,916,0.4040915753055624
FR,2020,False,5,5312,18,916,0.4040915753055624
FR,2020,False,5,55,18,916,0.4040915753055624
FR,2020,False,5,7511,18,916,0.4040915753055624
FR,2020,False,5,7610,18,916,0.4040915753055624
FR,2020,False,5,7621,18,916,0.4040915753055624
FR,2020,False,5,8410,18,916,0.4040915753055624
FR,2020,False,5,8429,18,916,0.4040915753055624
FR,2020,False,6,1104,20,916,0.4040915753055624
FR,2020,False,6,1105,20,916,0.4040915753055624
FR,2020,False,6,2405,20,916,0.4040915753055624
FR,2020,False,6,2708,20,916,0.4040915753055624
FR,2020,False,6,2811,20,916,0.4040915753055624
FR,2020,False,6,3218,20,916,0.4040915753055624
FR,2020,False,6,3219,20,916,0.4040915753055624
FR,2020,False,6,4404,20,916,0.4040915753055624
FR,2020,False,6,4405,20,916,0.4040915753055624
FR,2020,False,6,4425,20,916,0.4040915753055624
FR,2020,False,6,5210,20,916,0.4040915753055624
FR,2020,False,6,53,20,916,0.4040915753055624
FR,2020,False,6,7505,20,916,0.4040915753055624
FR,2020,False,6,7510,20,916,0.4040915753055624
FR,2020,False,6,7615,20,916,0.4040915753055624
FR,2020,False,6,8405,20,916,0.4040915753055624
FR,2020,False,6,8418,20,916,0.4040915753055624
FR,2020,False,6,8428,20,916,0.4040915753055624
FR,2020,False,6,8433,20,916,0.4040915753055624
FR,2020,False,6,9303,20,916,0.4040915753055624
FR,2020,False,7,1106,16,916,0.4040915753055624
FR,2020,False,7,1113,16,916,0.4040915753055624
FR,2020,False,7,3215,16,916,0.4040915753055624
FR,2020,False,7,3222,16,916,0.4040915753055624
FR,2020,False,7,5202,16,916,0.4040915753055624
FR,2020,False,7,5218,16,916,0.4040915753055624
FR,2020,False,7,5318,16,916,0.4040915753055624
FR,2020,False,7,54,16,916,0.4040915753055624
FR,2020,False,7,60,16,916,0.4040915753055624
FR,2020,False,7,7515,16,916,0.4040915753055624
FR,2020,False,7,7519,16,916,0.4040915753055624
FR,2020,False,7,7532,16,916,0.4040915753055624
FR,2020,False,7,7608,16,916,0.4040915753055624
FR,2020,False,7,8406,16,916,0.4040915753055624
FR,2020,False,7,8432,16,916,0.4040915753055624
FR,2020,False,7,9314,16,916,0.4040915753055624
FR,2020,False,8,1101,45,916,0.4040915753055624
FR,2020,False,8,2401,45,916,0.4040915753055624
FR,2020,False,8,2408,45,916,0.4040915753055624
FR,2020,False,8,2414,45,916,0.4040915753055624
FR,2020,False,8,2707,45,916,0.4040915753055624
FR,2020,False,8,2802,45,916,0.4040915753055624
FR,2020,False,8,2806,45,916,0.4040915753055624
FR,2020,False,8,2807,45,916,0.4040915753055624
FR,2020,False,8,2812,45,916,0.4040915753055624
FR,2020,False,8,3201,45,916,0.4040915753055624
FR,2020,False,8,3209,45,916,0.4040915753055624
FR,2020,False,8,3220,45,916,0.4040915753055624
FR,2020,False,8,4401,45,916,0.4040915753055624
FR,2020,False,8,4403,45,916,0.4040915753055624
FR,2020,False,8,4406,45,916,0.4040915753055624
FR,2020,False,8,4413,45,916,0.4040915753055624
FR,2020,False,8,4418,45,916,0.4040915753055624
FR,2020,False,8,4421,45,916,0.4040915753055624
FR,2020,False,8,4427,45,916,0.4040915753055624
FR,2020,False,8,52,45,916,0.4040915753055624
FR,2020,False,8,5204,45,916,0.4040915753055624
FR,2020,False,8,5208,45,916,0.4040915753055624
FR,2020,False,8,5209,45,916,0.4040915753055624
FR,2020,False,8,5217,45,916,0.4040915753055624
FR,2020,False,8,5220,45,916,0.4040915753055624
FR,2020,False,8,5306,45,916,0.4040915753055624
FR,2020,False,8,5307,45,916,0.4040915753055624
FR,2020,False,8,5319,45,916,0.4040915753055624
FR,2020,False,8,62,45,916,0.4040915753055624
FR,2020,False,8,63,45,916,0.4040915753055624
FR,2020,False,8,64,45,916,0.4040915753055624
FR,2020,False,8,7513,45,916,0.4040915753055624
FR,2020,False,8,7521,45,916,0.4040915753055624
FR,2020,False,8,7523,45,916,0.4040915753055624
FR,2020,False,8,7527,45,916,0.4040915753055624
FR,2020,False,8,7607,45,916,0.4040915753055624
FR,2020,False,8,7609,45,916,0.4040915753055624
FR,2020,False,8,7613,45,916,0.4040915753055624
FR,2020,False,8,8412,45,916,0.4040915753055624
FR,2020,False,8,8415,45,916,0.4040915753055624
FR,2020,False,8,8423,45,916,0.4040915753055624
FR,2020,False,8,8427,45,916,0.4040915753055624
FR,2020,False,8,8434,45,916,0.4040915753055624
FR,2020,False,8,9315,45,916,0.4040915753055624
FR,2020,False,8,9317,45,916,0.4040915753055624
FR,2020,False,9,1102,48,916,0.4040915753055624
FR,2020,False,9,1107,48,916,0.4040915753055624
FR,2020,False,9,1108,48,916,0.4040915753055624
FR,2020,False,9,1109,48,916,0.4040915753055624
FR,2020,False,9,2403,48,916,0.4040915753055624
FR,2020,False,9,2404,48,916,0.4040915753055624
FR,2020,False,9,2407,48,916,0.4040915753055624
FR,2020,False,9,2705,48,916,0.4040915753055624
FR,2020,False,9,2706,48,916,0.4040915753055624
FR,2020,False,9,2711,48,916,0.4040915753055624
FR,2020,False,9,2714,48,916,0.4040915753055624
FR,2020,False,9,2803,48,916,0.4040915753055624
FR,2020,False,9,2813,48,916,0.4040915753055624
FR,2020,False,9,2815,48,916,0.4040915753055624
FR,2020,False,9,3206,48,916,0.4040915753055624
FR,2020,False,9,3207,48,916,0.4040915753055624
FR,2020,False,9,4408,48,916,0.4040915753055624
FR,2020,False,9,4412,48,916,0.4040915753055624
FR,2020,False,9,4422,48,916,0.4040915753055624
FR,2020,False,9,4424,48,916,0.4040915753055624
FR,2020,False,9,5203,48,916,0.4040915753055624
FR,2020,False,9,5211,48,916,0.4040915753055624
FR,2020,False,9,5215,48,916,0.4040915753055624
FR,2020,False,9,5216,48,916,0.4040915753055624
FR,2020,False,9,5304,48,916,0.4040915753055624
FR,2020,False,9,5315,48,916,0.4040915753055624
FR,2020,False,9,57,48,916,0.4040915753055624
FR,2020,False,9,7504,48,916,0.4040915753055624
FR,2020,False,9,7514,48,916,0.4040915753055624
FR,2020,False,9,7517,48,916,0.4040915753055624
FR,2020,False,9,7518,48,916,0.4040915753055624
FR,2020,False,9,7526,48,916,0.4040915753055624
FR,2020,False,9,7529,48,916,0.4040915753055624
FR,2020,False,9,7603,48,916,0.4040915753055624
FR,2020,False,9,7606,48,916,0.4040915753055624
FR,2020,False,9,7616,48,916,0.4040915753055624
FR,2020,False,9,7620,48,916,0.4040915753055624
FR,2020,False,9,7623,48,916,0.4040915753055624
FR,2020,False,9,7625,48,916,0.4040915753055624
FR,2020,False,9,8401,48,916,0.4040915753055624
FR,2020,False,9,8404,48,916,0.4040915753055624
FR,2020,False,9,8414,48,916,0.4040915753055624
FR,2020,False,9,8417,48,916,0.4040915753055624
FR,2020,False,9,8421,48,916,0.4040915753055624
FR,2020,False,9,8424,48,916,0.4040915753055624
FR,2020,False,9,8435,48,916,0.4040915753055624
FR,2020,False,9,9304,48,916,0.4040915753055624
FR,2020,False,9,9316,48,916,0.4040915753055624
FR,2020,False,10,2410,25,916,0.4040915753055624
FR,2020,False,10,2702,25,916,0.4040915753055624
FR,2020,False,10,2804,25,916,0.4040915753055624
FR,2020,False,10,2805,25,916,0.4040915753055624
FR,2020,False,10,2808,25,916,0.4040915753055624
FR,2020,False,10,2814,25,916,0.4040915753055624
FR,2020,False,10,2816,25,916,0.4040915753055624
FR,2020,False,10,2818,25,916,0.4040915753055624
FR,2020,False,10,3203,25,916,0.4040915753055624
FR,2020,False,10,3210,25,916,0.4040915753055624
FR,2020,False,10,3211,25,916,0.4040915753055624
FR,2020,False,10,3214,25,916,0.4040915753055624
FR,2020,False,10,3217,25,916,0.4040915753055624
FR,2020,False,10,4420,25,916,0.4040915753055624
FR,2020,False,10,5207,25,916,0.4040915753055624
FR,2020,False,10,5303,25,916,0.4040915753055624
FR,2020,False,10,5314,25,916,0.4040915753055624
FR,2020,False,10,58,25,916,0.4040915753055624
FR,2020,False,10,7501,25,916,0.4040915753055624
FR,2020,False,10,7502,25,916,0.4040915753055624
FR,2020,False,10,7520,25,916,0.4040915753055624
FR,2020,False,10,7617,25,916,0.4040915753055624
FR,2020,False,10,8402,25,916,0.4040915753055624
FR,2020,False,10,8425,25,916,0.4040915753055624
FR,2020,False,10,8426,25,916,0.4040915753055624
FR,2021,False,0,1115,19,906,0.3942454999418849
FR,2021,False,0,2412,19,906,0.3942454999418849
FR,2021,False,0,2701,19,906,0.3942454999418849
FR,2021,False,0,2804,19,906,0.3942454999418849
FR,2021,False,0,2805,19,906,0.3942454999418849
FR,2021,False,0,2812,19,906,0.3942454999418849
FR,2021,False,0,2815,19,906,0.3942454999418849
FR,2021,False,0,2818,19,906,0.3942454999418849
FR,2021,False,0,3205,19,906,0.3942454999418849
FR,2021,False,0,4425,19,906,0.3942454999418849
FR,2021,False,0,5201,19,906,0.3942454999418849
FR,2021,False,0,5215,19,906,0.3942454999418849
FR,2021,False,0,5218,19,906,0.3942454999418849
FR,2021,False,0,54,19,906,0.3942454999418849
FR,2021,False,0,7503,19,906,0.3942454999418849
FR,2021,False,0,7504,19,906,0.3942454999418849
FR,2021,False,0,7507,19,906,0.3942454999418849
FR,2021,False,0,8401,19,906,0.3942454999418849
FR,2021,False,0,8409,19,906,0.3942454999418849
FR,2021,False,1,1104,30,906,0.3942454999418849
FR,2021,False,1,1113,30,906,0.3942454999418849
FR,2021,False,1,2411,30,906,0.3942454999418849
FR,2021,False,1,2808,30,906,0.3942454999418849
FR,2021,False,1,2814,30,906,0.3942454999418849
FR,2021,False,1,3211,30,906,0.3942454999418849
FR,2021,False,1,3213,30,906,0.3942454999418849
FR,2021,False,1,3217,30,906,0.3942454999418849
FR,2021,False,1,4405,30,906,0.3942454999418849
FR,2021,False,1,4407,30,906,0.3942454999418849
FR,2021,False,1,4409,30,906,0.3942454999418849
FR,2021,False,1,4411,30,906,0.3942454999418849
FR,2021,False,1,4412,30,906,0.3942454999418849
FR,2021,False,1,4422,30,906,0.3942454999418849
FR,2021,False,1,5204,30,906,0.3942454999418849
FR,2021,False,1,5311,30,906,0.3942454999418849
FR,2021,False,1,57,30,906,0.3942454999418849
FR,2021,False,1,60,30,906,0.3942454999418849
FR,2021,False,1,61,30,906,0.3942454999418849
FR,2021,False,1,7514,30,906,0.3942454999418849
FR,2021,False,1,7523,30,906,0.3942454999418849
FR,2021,False,1,7530,30,906,0.3942454999418849
FR,2021,False,1,7605,30,906,0.3942454999418849
FR,2021,False,1,7623,30,906,0.3942454999418849
FR,2021,False,1,8407,30,906,0.3942454999418849
FR,2021,False,1,8408,30,906,0.3942454999418849
FR,2021,False,1,8421,30,906,0.3942454999418849
FR,2021,False,1,8424,30,906,0.3942454999418849
FR,2021,False,1,8435,30,906,0.3942454999418849
FR,2021,False,1,9305,30,906,0.3942454999418849
FR,2021,False,2,1106,31,906,0.3942454999418849
FR,2021,False,2,1112,31,906,0.3942454999418849
FR,2021,False,2,1114,31,906,0.3942454999418849
FR,2021,False,2,2413,31,906,0.3942454999418849
FR,2021,False,2,2703,31,906,0.3942454999418849
FR,2021,False,2,2708,31,906,0.3942454999418849
FR,2021,False,2,2713,31,906,0.3942454999418849
FR,2021,False,2,2714,31,906,0.3942454999418849
FR,2021,False,2,2717,31,906,0.3942454999418849
FR,2021,False,2,2801,31,906,0.3942454999418849
FR,2021,False,2,2807,31,906,0.3942454999418849
FR,2021,False,2,2809,31,906,0.3942454999418849
FR,2021,False,2,3201,31,906,0.3942454999418849
FR,2021,False,2,4402,31,906,0.3942454999418849
FR,2021,False,2,4415,31,906,0.3942454999418849
FR,2021,False,2,4416,31,906,0.3942454999418849
FR,2021,False,2,4421,31,906,0.3942454999418849
FR,2021,False,2,52,31,906,0.3942454999418849
FR,2021,False,2,5206,31,906,0.3942454999418849
FR,2021,False,2,5211,31,906,0.3942454999418849
FR,2021,False,2,5303,31,906,0.3942454999418849
FR,2021,False,2,59,31,906,0.3942454999418849
FR,2021,False,2,7505,31,906,0.3942454999418849
FR,2021,False,2,7509,31,906,0.3942454999418849
FR,2021,False,2,7519,31,906,0.3942454999418849
FR,2021,False,2,7522,31,906,0.3942454999418849
FR,2021,False,2,7618,31,906,0.3942454999418849
FR,2021,False,2,8406,31,906,0.3942454999418849
FR,2021,False,2,8413,31,906,0.3942454999418849
FR,2021,False,2,8430,31,906,0.3942454999418849
FR,2021,False,2,9312,31,906,0.3942454999418849
FR,2021,False,3,1103,31,906,0.3942454999418849
FR,2021,False,3,2401,31,906,0.3942454999418849
FR,2021,False,3,2404,31,906,0.3942454999418849
FR,2021,False,3,2406,31,906,0.3942454999418849
FR,2021,False,3,2414,31,906,0.3942454999418849
FR,2021,False,3,2704,31,906,0.3942454999418849
FR,2021,False,3,2706,31,906,0.3942454999418849
FR,2021,False,3,2712,31,906,0.3942454999418849
FR,2021,False,3,2811,31,906,0.3942454999418849
FR,2021,False,3,2816,31,906,0.3942454999418849
FR,2021,False,3,4419,31,906,0.3942454999418849
FR,2021,False,3,4423,31,906,0.3942454999418849
FR,2021,False,3,5212,31,906,0.3942454999418849
FR,2021,False,3,5307,31,906,0.3942454999418849
FR,2021,False,3,5317,31,906,0.3942454999418849
FR,2021,False,3,7501,31,906,0.3942454999418849
FR,2021,False,3,7506,31,906,0.3942454999418849
FR,2021,False,3,7525,31,906,0.3942454999418849
FR,2021,False,3,7602,31,906,0.3942454999418849
FR,2021,False,3,7606,31,906,0.3942454999418849
FR,2021,False,3,7611,31,906,0.3942454999418849
FR,2021,False,3,7619,31,906,0.3942454999418849
FR,2021,False,3,8403,31,906,0.3942454999418849
FR,2021,False,3,8404,31,906,0.3942454999418849
FR,2021,False,3,8405,31,906,0.3942454999418849
FR,2021,False,3,8416,31,906,0.3942454999418849
FR,2021,False,3,8418,31,906,0.3942454999418849
FR,2021,False,3,8426,31,906,0.3942454999418849
FR,2021,False,3,9306,31,906,0.3942454999418849
FR,2021,False,3,9313,31,906,0.3942454999418849
FR,2021,False,3,9318,31,906,0.3942454999418849
FR,2021,False,4,2405,28,906,0.3942454999418849
FR,2021,False,4,2410,28,906,0.3942454999418849
FR,2021,False,4,2707,28,906,0.3942454999418849
FR,2021,False,4,3203,28,906,0.3942454999418849
FR,2021,False,4,4408,28,906,0.3942454999418849
FR,2021,False,4,4414,28,906,0.3942454999418849
FR,2021,False,4,4417,28,906,0.3942454999418849
FR,2021,False,4,4420,28,906,0.3942454999418849
FR,2021,False,4,51,28,906,0.3942454999418849
FR,2021,False,4,5203,28,906,0.3942454999418849
FR,2021,False,4,5205,28,906,0.3942454999418849
FR,2021,False,4,5219,28,906,0.3942454999418849
FR,2021,False,4,5305,28,906,0.3942454999418849
FR,2021,False,4,5308,28,906,0.3942454999418849
FR,2021,False,4,5310,28,906,0.3942454999418849
FR,2021,False,4,5313,28,906,0.3942454999418849
FR,2021,False,4,5315,28,906,0.3942454999418849
FR,2021,False,4,7502,28,906,0.3942454999418849
FR,2021,False,4,7512,28,906,0.3942454999418849
FR,2021,False,4,7524,28,906,0.3942454999418849
FR,2021,False,4,7601,28,906,0.3942454999418849
FR,2021,False,4,7603,28,906,0.3942454999418849
FR,2021,False,4,7604,28,906,0.3942454999418849
FR,2021,False,4,7612,28,906,0.3942454999418849
FR,2021,False,4,7616,28,906,0.3942454999418849
FR,2021,False,4,8431,28,906,0.3942454999418849
FR,2021,False,4,9310,28,906,0.3942454999418849
FR,2021,False,4,9316,28,906,0.3942454999418849
FR,2021,False,5,1107,22,906,0.3942454999418849
FR,2021,False,5,1109,22,906,0.3942454999418849
FR,2021,False,5,2715,22,906,0.3942454999418849
FR,2021,False,5,2716,22,906,0.3942454999418849
FR,2021,False,5,2718,22,906,0.3942454999418849
FR,2021,False,5,2803,22,906,0.3942454999418849
FR,2021,False,5,2819,22,906,0.3942454999418849
FR,2021,False,5,3202,22,906,0.3942454999418849
FR,2021,False,5,3206,22,906,0.3942454999418849
FR,2021,False,5,3209,22,906,0.3942454999418849
FR,2021,False,5,4401,22,906,0.3942454999418849
FR,2021,False,5,4426,22,906,0.3942454999418849
FR,2021,False,5,5202,22,906,0.3942454999418849
FR,2021,False,5,5312,22,906,0.3942454999418849
FR,2021,False,5,5314,22,906,0.3942454999418849
FR,2021,False,5,58,22,906,0.3942454999418849
FR,2021,False,5,62,22,906,0.3942454999418849
FR,2021,False,5,8402,22,906,0.3942454999418849
FR,2021,False,5,8410,22,906,0.3942454999418849
FR,2021,False,5,8415,22,906,0.3942454999418849
FR,2021,False,5,8420,22,906,0.3942454999418849
FR,2021,False,5,9317,22,906,0.3942454999418849
FR,2021,False,6,1111,18,906,0.3942454999418849
FR,2021,False,6,2409,18,906,0.3942454999418849
FR,2021,False,6,2806,18,906,0.3942454999418849
FR,2021,False,6,3204,18,906,0.3942454999418849
FR,2021,False,6,3208,18,906,0.3942454999418849
FR,2021,False,6,3215,18,906,0.3942454999418849
FR,2021,False,6,4406,18,906,0.3942454999418849
FR,2021,False,6,5209,18,906,0.3942454999418849
FR,2021,False,6,5221,18,906,0.3942454999418849
FR,2021,False,6,5309,18,906,0.3942454999418849
FR,2021,False,6,64,18,906,0.3942454999418849
FR,2021,False,6,7510,18,906,0.3942454999418849
FR,2021,False,6,7511,18,906,0.3942454999418849
FR,2021,False,6,7517,18,906,0.3942454999418849
FR,2021,False,6,7528,18,906,0.3942454999418849
FR,2021,False,6,7608,18,906,0.3942454999418849
FR,2021,False,6,8427,18,906,0.3942454999418849
FR,2021,False,6,9308,18,906,0.3942454999418849
FR,2021,False,7,1101,22,906,0.3942454999418849
FR,2021,False,7,1102,22,906,0.3942454999418849
FR,2021,False,7,2711,22,906,0.3942454999418849
FR,2021,False,7,2813,22,906,0.3942454999418849
FR,2021,False,7,3222,22,906,0.3942454999418849
FR,2021,False,7,4410,22,906,0.3942454999418849
FR,2021,False,7,5213,22,906,0.3942454999418849
FR,2021,False,7,53,22,906,0.3942454999418849
FR,2021,False,7,5306,22,906,0.3942454999418849
FR,2021,False,7,5316,22,906,0.3942454999418849
FR,2021,False,7,7508,22,906,0.3942454999418849
FR,2021,False,7,7516,22,906,0.3942454999418849
FR,2021,False,7,7520,22,906,0.3942454999418849
FR,2021,False,7,7526,22,906,0.3942454999418849
FR,2021,False,7,7531,22,906,0.3942454999418849
FR,2021,False,7,7607,22,906,0.3942454999418849
FR,2021,False,7,7617,22,906,0.3942454999418849
FR,2021,False,7,7624,22,906,0.3942454999418849
FR,2021,False,7,8411,22,906,0.3942454999418849
FR,2021,False,7,8419,22,906,0.3942454999418849
FR,2021,False,7,8422,22,906,0.3942454999418849
FR,2021,False,7,8433,22,906,0.3942454999418849
FR,2021,False,8,1105,35,906,0.3942454999418849
FR,2021,False,8,1108,35,906,0.3942454999418849
FR,2021,False,8,2408,35,906,0.3942454999418849
FR,2021,False,8,2709,35,906,0.3942454999418849
FR,2021,False,8,2710,35,906,0.3942454999418849
FR,2021,False,8,2802,35,906,0.3942454999418849
FR,2021,False,8,3210,35,906,0.3942454999418849
FR,2021,False,8,3212,35,906,0.3942454999418849
FR,2021,False,8,3216,35,906,0.3942454999418849
FR,2021,False,8,3218,35,906,0.3942454999418849
FR,2021,False,8,3219,35,906,0.3942454999418849
FR,2021,False,8,4413,35,906,0.3942454999418849
FR,2021,False,8,4427,35,906,0.3942454999418849
FR,2021,False,8,5216,35,906,0.3942454999418849
FR,2021,False,8,5302,35,906,0.3942454999418849
FR,2021,False,8,5304,35,906,0.3942454999418849
FR,2021,False,8,63,35,906,0.3942454999418849
FR,2021,False,8,7513,35,906,0.3942454999418849
FR,2021,False,8,7515,35,906,0.3942454999418849
FR,2021,False,8,7518,35,906,0.3942454999418849
FR,2021,False,8,7527,35,906,0.3942454999418849
FR,2021,False,8,7609,35,906,0.3942454999418849
FR,2021,False,8,7610,35,906,0.3942454999418849
FR,2021,False,8,7614,35,906,0.3942454999418849
FR,2021,False,8,7615,35,906,0.3942454999418849
FR,2021,False,8,7620,35,906,0.3942454999418849
FR,2021,False,8,7621,35,906,0.3942454999418849
FR,2021,False,8,7622,35,906,0.3942454999418849
FR,2021,False,8,7625,35,906,0.3942454999418849
FR,2021,False,8,8414,35,906,0.3942454999418849
FR,2021,False,8,8417,35,906,0.3942454999418849
FR,2021,False,8,8425,35,906,0.3942454999418849
FR,2021,False,8,8428,35,906,0.3942454999418849
FR,2021,False,8,8432,35,906,0.3942454999418849
FR,2021,False,8,9303,35,906,0.3942454999418849
FR,2021,False,9,2402,29,906,0.3942454999418849
FR,2021,False,9,2407,29,906,0.3942454999418849
FR,2021,False,9,2702,29,906,0.3942454999418849
FR,2021,False,9,2705,29,906,0.3942454999418849
FR,2021,False,9,2817,29,906,0.3942454999418849
FR,2021,False,9,3214,29,906,0.3942454999418849
FR,2021,False,9,4403,29,906,0.3942454999418849
FR,2021,False,9,4404,29,906,0.3942454999418849
FR,2021,False,9,4424,29,906,0.3942454999418849
FR,2021,False,9,5207,29,906,0.3942454999418849
FR,2021,False,9,5210,29,906,0.3942454999418849
FR,2021,False,9,5214,29,906,0.3942454999418849
FR,2021,False,9,5301,29,906,0.3942454999418849
FR,2021,False,9,5318,29,906,0.3942454999418849
FR,2021,False,9,55,29,906,0.3942454999418849
FR,2021,False,9,56,29,906,0.3942454999418849
FR,2021,False,9,7521,29,906,0.3942454999418849
FR,2021,False,9,7529,29,906,0.3942454999418849
FR,2021,False,9,7532,29,906,0.3942454999418849
FR,2021,False,9,7613,29,906,0.3942454999418849
FR,2021,False,9,8412,29,906,0.3942454999418849
FR,2021,False,9,8434,29,906,0.3942454999418849
FR,2021,False,9,9301,29,906,0.3942454999418849
FR,2021,False,9,9304,29,906,0.3942454999418849
FR,2021,False,9,9307,29,906,0.3942454999418849
FR,2021,False,9,9309,29,906,0.3942454999418849
FR,2021,False,9,9311,29,906,0.3942454999418849
FR,2021,False,9,9314,29,906,0.3942454999418849
FR,2021,False,9,9315,29,906,0.3942454999418849
FR,2021,False,10,1110,15,906,0.3942454999418849
FR,2021,False,10,2403,15,906,0.3942454999418849
FR,2021,False,10,2415,15,906,0.3942454999418849
FR,2021,False,10,2810,15,906,0.3942454999418849
FR,2021,False,10,3207,15,906,0.3942454999418849
FR,2021,False,10,3220,15,906,0.3942454999418849
FR,2021,False,10,3221,15,906,0.3942454999418849
FR,2021,False,10,4418,15,906,0.3942454999418849
FR,2021,False,10,5208,15,906,0.3942454999418849
FR,2021,False,10,5217,15,906,0.3942454999418849
FR,2021,False,10,5220,15,906,0.3942454999418849
FR,2021,False,10,5319,15,906,0.3942454999418849
FR,2021,False,10,8423,15,906,0.3942454999418849
FR,2021,False,10,8429,15,906,0.3942454999418849
FR,2021,False,10,9302,15,906,0.3942454999418849
FR,2022,False,0,2407,25,917,0.40183446332312645
FR,2022,False,0,2415,25,917,0.40183446332312645
FR,2022,False,0,2805,25,917,0.40183446332312645
FR,2022,False,0,2812,25,917,0.40183446332312645
FR,2022,False,0,2817,25,917,0.40183446332312645
FR,2022,False,0,3215,25,917,0.40183446332312645
FR,2022,False,0,3217,25,917,0.40183446332312645
FR,2022,False,0,4412,25,917,0.40183446332312645
FR,2022,False,0,5214,25,917,0.40183446332312645
FR,2022,False,0,5317,25,917,0.40183446332312645
FR,2022,False,0,61,25,917,0.40183446332312645
FR,2022,False,0,7508,25,917,0.40183446332312645
FR,2022,False,0,7511,25,917,0.40183446332312645
FR,2022,False,0,7516,25,917,0.40183446332312645
FR,2022,False,0,7617,25,917,0.40183446332312645
FR,2022,False,0,7619,25,917,0.40183446332312645
FR,2022,False,0,7624,25,917,0.40183446332312645
FR,2022,False,0,8406,25,917,0.40183446332312645
FR,2022,False,0,8415,25,917,0.40183446332312645
FR,2022,False,0,8420,25,917,0.40183446332312645
FR,2022,False,0,8426,25,917,0.40183446332312645
FR,2022,False,0,8428,25,917,0.40183446332312645
FR,2022,False,0,9304,25,917,0.40183446332312645
FR,2022,False,0,9308,25,917,0.40183446332312645
FR,2022,False,0,9314,25,917,0.40183446332312645
FR,2022,False,1,1103,28,917,0.40183446332312645
FR,2022,False,1,1107,28,917,0.40183446332312645
FR,2022,False,1,2401,28,917,0.40183446332312645
FR,2022,False,1,2701,28,917,0.40183446332312645
FR,2022,False,1,2704,28,917,0.40183446332312645
FR,2022,False,1,2808,28,917,0.40183446332312645
FR,2022,False,1,2816,28,917,0.40183446332312645
FR,2022,False,1,3208,28,917,0.40183446332312645
FR,2022,False,1,3218,28,917,0.40183446332312645
FR,2022,False,1,4402,28,917,0.40183446332312645
FR,2022,False,1,4407,28,917,0.40183446332312645
FR,2022,False,1,4420,28,917,0.40183446332312645
FR,2022,False,1,5201,28,917,0.40183446332312645
FR,2022,False,1,5207,28,917,0.40183446332312645
FR,2022,False,1,5212,28,917,0.40183446332312645
FR,2022,False,1,5213,28,917,0.40183446332312645
FR,2022,False,1,64,28,917,0.40183446332312645
FR,2022,False,1,7514,28,917,0.40183446332312645
FR,2022,False,1,7606,28,917,0.40183446332312645
FR,2022,False,1,7614,28,917,0.40183446332312645
FR,2022,False,1,8403,28,917,0.40183446332312645
FR,2022,False,1,8411,28,917,0.40183446332312645
FR,2022,False,1,8425,28,917,0.40183446332312645
FR,2022,False,1,8433,28,917,0.40183446332312645
FR,2022,False,1,9303,28,917,0.40183446332312645
FR,2022,False,1,9305,28,917,0.40183446332312645
FR,2022,False,1,9316,28,917,0.40183446332312645
FR,2022,False,1,9318,28,917,0.40183446332312645
FR,2022,False,2,1101,42,917,0.40183446332312645
FR,2022,False,2,1111,42,917,0.40183446332312645
FR,2022,False,2,2406,42,917,0.40183446332312645
FR,2022,False,2,2408,42,917,0.40183446332312645
FR,2022,False,2,2412,42,917,0.40183446332312645
FR,2022,False,2,2414,42,917,0.40183446332312645
FR,2022,False,2,2702,42,917,0.40183446332312645
FR,2022,False,2,2703,42,917,0.40183446332312645
FR,2022,False,2,2710,42,917,0.40183446332312645
FR,2022,False,2,2718,42,917,0.40183446332312645
FR,2022,False,2,2807,42,917,0.40183446332312645
FR,2022,False,2,3201,42,917,0.40183446332312645
FR,2022,False,2,3216,42,917,0.40183446332312645
FR,2022,False,2,3221,42,917,0.40183446332312645
FR,2022,False,2,4413,42,917,0.40183446332312645
FR,2022,False,2,4426,42,917,0.40183446332312645
FR,2022,False,2,4427,42,917,0.40183446332312645
FR,2022,False,2,51,42,917,0.40183446332312645
FR,2022,False,2,5209,42,917,0.40183446332312645
FR,2022,False,2,5210,42,917,0.40183446332312645
FR,2022,False,2,5303,42,917,0.40183446332312645
FR,2022,False,2,5309,42,917,0.40183446332312645
FR,2022,False,2,5311,42,917,0.40183446332312645
FR,2022,False,2,5312,42,917,0.40183446332312645
FR,2022,False,2,5316,42,917,0.40183446332312645
FR,2022,False,2,55,42,917,0.40183446332312645
FR,2022,False,2,56,42,917,0.40183446332312645
FR,2022,False,2,57,42,917,0.40183446332312645
FR,2022,False,2,60,42,917,0.40183446332312645
FR,2022,False,2,7507,42,917,0.40183446332312645
FR,2022,False,2,7509,42,917,0.40183446332312645
FR,2022,False,2,7518,42,917,0.40183446332312645
FR,2022,False,2,7522,42,917,0.40183446332312645
FR,2022,False,2,7529,42,917,0.40183446332312645
FR,2022,False,2,7608,42,917,0.40183446332312645
FR,2022,False,2,7612,42,917,0.40183446332312645
FR,2022,False,2,7623,42,917,0.40183446332312645
FR,2022,False,2,7625,42,917,0.40183446332312645
FR,2022,False,2,8401,42,917,0.40183446332312645
FR,2022,False,2,8402,42,917,0.40183446332312645
FR,2022,False,2,8422,42,917,0.40183446332312645
FR,2022,False,2,9302,42,917,0.40183446332312645
FR,2022,False,3,1105,18,917,0.40183446332312645
FR,2022,False,3,2708,18,917,0.40183446332312645
FR,2022,False,3,2801,18,917,0.40183446332312645
FR,2022,False,3,2806,18,917,0.40183446332312645
FR,2022,False,3,3210,18,917,0.40183446332312645
FR,2022,False,3,3212,18,917,0.40183446332312645
FR,2022,False,3,3219,18,917,0.40183446332312645
FR,2022,False,3,4401,18,917,0.40183446332312645
FR,2022,False,3,5202,18,917,0.40183446332312645
FR,2022,False,3,5205,18,917,0.40183446332312645
FR,2022,False,3,5206,18,917,0.40183446332312645
FR,2022,False,3,5221,18,917,0.40183446332312645
FR,2022,False,3,58,18,917,0.40183446332312645
FR,2022,False,3,7527,18,917,0.40183446332312645
FR,2022,False,3,7607,18,917,0.40183446332312645
FR,2022,False,3,7621,18,917,0.40183446332312645
FR,2022,False,3,7622,18,917,0.40183446332312645
FR,2022,False,3,8413,18,917,0.40183446332312645
FR,2022,False,4,1108,44,917,0.40183446332312645
FR,2022,False,4,1109,44,917,0.40183446332312645
FR,2022,False,4,1110,44,917,0.40183446332312645
FR,2022,False,4,1112,44,917,0.40183446332312645
FR,2022,False,4,1113,44,917,0.40183446332312645
FR,2022,False,4,1114,44,917,0.40183446332312645
FR,2022,False,4,2410,44,917,0.40183446332312645
FR,2022,False,4,2411,44,917,0.40183446332312645
FR,2022,False,4,2705,44,917,0.40183446332312645
FR,2022,False,4,2709,44,917,0.40183446332312645
FR,2022,False,4,2717,44,917,0.40183446332312645
FR,2022,False,4,2810,44,917,0.40183446332312645
FR,2022,False,4,2818,44,917,0.40183446332312645
FR,2022,False,4,2819,44,917,0.40183446332312645
FR,2022,False,4,3204,44,917,0.40183446332312645
FR,2022,False,4,3206,44,917,0.40183446332312645
FR,2022,False,4,3214,44,917,0.40183446332312645
FR,2022,False,4,3220,44,917,0.40183446332312645
FR,2022,False,4,4403,44,917,0.40183446332312645
FR,2022,False,4,4410,44,917,0.40183446332312645
FR,2022,False,4,4418,44,917,0.40183446332312645
FR,2022,False,4,4419,44,917,0.40183446332312645
FR,2022,False,4,4422,44,917,0.40183446332312645
FR,2022,False,4,5204,44,917,0.40183446332312645
FR,2022,False,4,5208,44,917,0.40183446332312645
FR,2022,False,4,5217,44,917,0.40183446332312645
FR,2022,False,4,5218,44,917,0.40183446332312645
FR,2022,False,4,5220,44,917,0.40183446332312645
FR,2022,False,4,53,44,917,0.40183446332312645
FR,2022,False,4,5307,44,917,0.40183446332312645
FR,2022,False,4,5314,44,917,0.40183446332312645
FR,2022,False,4,5318,44,917,0.40183446332312645
FR,2022,False,4,5319,44,917,0.40183446332312645
FR,2022,False,4,59,44,917,0.40183446332312645
FR,2022,False,4,7504,44,917,0.40183446332312645
FR,2022,False,4,7530,44,917,0.40183446332312645
FR,2022,False,4,7613,44,917,0.40183446332312645
FR,2022,False,4,7615,44,917,0.40183446332312645
FR,2022,False,4,8407,44,917,0.40183446332312645
FR,2022,False,4,8419,44,917,0.40183446332312645
FR,2022,False,4,8423,44,917,0.40183446332312645
FR,2022,False,4,8427,44,917,0.40183446332312645
FR,2022,False,4,8435,44,917,0.40183446332312645
FR,2022,False,4,9307,44,917,0.40183446332312645
FR,2022,False,5,1104,28,917,0.40183446332312645
FR,2022,False,5,1115,28,917,0.40183446332312645
FR,2022,False,5,2404,28,917,0.40183446332312645
FR,2022,False,5,2409,28,917,0.40183446332312645
FR,2022,False,5,2413,28,917,0.40183446332312645
FR,2022,False,5,2713,28,917,0.40183446332312645
FR,2022,False,5,2715,28,917,0.40183446332312645
FR,2022,False,5,4405,28,917,0.40183446332312645
FR,2022,False,5,4409,28,917,0.40183446332312645
FR,2022,False,5,4423,28,917,0.40183446332312645
FR,2022,False,5,4425,28,917,0.40183446332312645
FR,2022,False,5,5302,28,917,0.40183446332312645
FR,2022,False,5,5315,28,917,0.40183446332312645
FR,2022,False,5,7501,28,917,0.40183446332312645
FR,2022,False,5,7506,28,917,0.40183446332312645
FR,2022,False,5,7512,28,917,0.40183446332312645
FR,2022,False,5,7513,28,917,0.40183446332312645
FR,2022,False,5,7520,28,917,0.40183446332312645
FR,2022,False,5,7532,28,917,0.40183446332312645
FR,2022,False,5,7602,28,917,0.40183446332312645
FR,2022,False,5,7609,28,917,0.40183446332312645
FR,2022,False,5,8405,28,917,0.40183446332312645
FR,2022,False,5,8412,28,917,0.40183446332312645
FR,2022,False,5,8414,28,917,0.40183446332312645
FR,2022,False,5,8421,28,917,0.40183446332312645
FR,2022,False,5,8424,28,917,0.40183446332312645
FR,2022,False,5,8432,28,917,0.40183446332312645
FR,2022,False,5,9312,28,917,0.40183446332312645
FR,2022,False,6,2403,28,917,0.40183446332312645
FR,2022,False,6,2711,28,917,0.40183446332312645
FR,2022,False,6,2716,28,917,0.40183446332312645
FR,2022,False,6,2802,28,917,0.40183446332312645
FR,2022,False,6,2803,28,917,0.40183446332312645
FR,2022,False,6,2809,28,917,0.40183446332312645
FR,2022,False,6,2814,28,917,0.40183446332312645
FR,2022,False,6,2815,28,917,0.40183446332312645
FR,2022,False,6,3211,28,917,0.40183446332312645
FR,2022,False,6,4417,28,917,0.40183446332312645
FR,2022,False,6,4424,28,917,0.40183446332312645
FR,2022,False,6,5211,28,917,0.40183446332312645
FR,2022,False,6,5216,28,917,0.40183446332312645
FR,2022,False,6,5301,28,917,0.40183446332312645
FR,2022,False,6,5304,28,917,0.40183446332312645
FR,2022,False,6,5306,28,917,0.40183446332312645
FR,2022,False,6,5313,28,917,0.40183446332312645
FR,2022,False,6,62,28,917,0.40183446332312645
FR,2022,False,6,7505,28,917,0.40183446332312645
FR,2022,False,6,7515,28,917,0.40183446332312645
FR,2022,False,6,7519,28,917,0.40183446332312645
FR,2022,False,6,7526,28,917,0.40183446332312645
FR,2022,False,6,7528,28,917,0.40183446332312645
FR,2022,False,6,7603,28,917,0.40183446332312645
FR,2022,False,6,7611,28,917,0.40183446332312645
FR,2022,False,6,7620,28,917,0.40183446332312645
FR,2022,False,6,9309,28,917,0.40183446332312645
FR,2022,False,6,9310,28,917,0.40183446332312645
FR,2022,False,7,2405,13,917,0.40183446332312645
FR,2022,False,7,4415,13,917,0.40183446332312645
FR,2022,False,7,4416,13,917,0.40183446332312645
FR,2022,False,7,4421,13,917,0.40183446332312645
FR,2022,False,7,5215,13,917,0.40183446332312645
FR,2022,False,7,54,13,917,0.40183446332312645
FR,2022,False,7,7503,13,917,0.40183446332312645
FR,2022,False,7,7510,13,917,0.40183446332312645
FR,2022,False,7,7517,13,917,0.40183446332312645
FR,2022,False,7,7521,13,917,0.40183446332312645
FR,2022,False,7,7525,13,917,0.40183446332312645
FR,2022,False,7,7610,13,917,0.40183446332312645
FR,2022,False,7,8417,13,917,0.40183446332312645
FR,2022,False,8,2706,19,917,0.40183446332312645
FR,2022,False,8,2707,19,917,0.40183446332312645
FR,2022,False,8,2712,19,917,0.40183446332312645
FR,2022,False,8,2804,19,917,0.40183446332312645
FR,2022,False,8,2813,19,917,0.40183446332312645
FR,2022,False,8,3202,19,917,0.40183446332312645
FR,2022,False,8,3207,19,917,0.40183446332312645
FR,2022,False,8,3209,19,917,0.40183446332312645
FR,2022,False,8,4408,19,917,0.40183446332312645
FR,2022,False,8,4411,19,917,0.40183446332312645
FR,2022,False,8,52,19,917,0.40183446332312645
FR,2022,False,8,5308,19,917,0.40183446332312645
FR,2022,False,8,5310,19,917,0.40183446332312645
FR,2022,False,8,63,19,917,0.40183446332312645
FR,2022,False,8,7616,19,917,0.40183446332312645
FR,2022,False,8,8409,19,917,0.40183446332312645
FR,2022,False,8,8418,19,917,0.40183446332312645
FR,2022,False,8,8434,19,917,0.40183446332312645
FR,2022,False,8,9317,19,917,0.40183446332312645
FR,2022,False,9,1102,35,917,0.40183446332312645
FR,2022,False,9,1106,35,917,0.40183446332312645
FR,2022,False,9,2402,35,917,0.40183446332312645
FR,2022,False,9,2714,35,917,0.40183446332312645
FR,2022,False,9,2811,35,917,0.40183446332312645
FR,2022,False,9,3203,35,917,0.40183446332312645
FR,2022,False,9,3205,35,917,0.40183446332312645
FR,2022,False,9,3213,35,917,0.40183446332312645
FR,2022,False,9,3222,35,917,0.40183446332312645
FR,2022,False,9,4404,35,917,0.40183446332312645
FR,2022,False,9,4406,35,917,0.40183446332312645
FR,2022,False,9,4414,35,917,0.40183446332312645
FR,2022,False,9,5203,35,917,0.40183446332312645
FR,2022,False,9,5219,35,917,0.40183446332312645
FR,2022,False,9,5305,35,917,0.40183446332312645
FR,2022,False,9,7502,35,917,0.40183446332312645
FR,2022,False,9,7523,35,917,0.40183446332312645
FR,2022,False,9,7524,35,917,0.40183446332312645
FR,2022,False,9,7531,35,917,0.40183446332312645
FR,2022,False,9,7601,35,917,0.40183446332312645
FR,2022,False,9,7604,35,917,0.40183446332312645
FR,2022,False,9,7605,35,917,0.40183446332312645
FR,2022,False,9,7618,35,917,0.40183446332312645
FR,2022,False,9,8404,35,917,0.40183446332312645
FR,2022,False,9,8408,35,917,0.40183446332312645
FR,2022,False,9,8410,35,917,0.40183446332312645
FR,2022,False,9,8416,35,917,0.40183446332312645
FR,2022,False,9,8429,35,917,0.40183446332312645
FR,2022,False,9,8430,35,917,0.40183446332312645
FR,2022,False,9,8431,35,917,0.40183446332312645
FR,2022,False,9,9301,35,917,0.40183446332312645
FR,2022,False,9,9306,35,917,0.40183446332312645
FR,2022,False,9,9311,35,917,0.40183446332312645
FR,2022,False,9,9313,35,917,0.40183446332312645
FR,2022,False,9,9315,35,917,0.40183446332312645
FR,2023,False,0,1103,27,954,0.3974782866528817
FR,2023,False,0,1111,27,954,0.3974782866528817
FR,2023,False,0,2716,27,954,0.3974782866528817
FR,2023,False,0,2802,27,954,0.3974782866528817
FR,2023,False,0,2808,27,954,0.3974782866528817
FR,2023,False,0,2809,27,954,0.3974782866528817
FR,2023,False,0,3203,27,954,0.3974782866528817
FR,2023,False,0,3207,27,954,0.3974782866528817
FR,2023,False,0,3213,27,954,0.3974782866528817
FR,2023,False,0,3221,27,954,0.3974782866528817
FR,2023,False,0,4415,27,954,0.3974782866528817
FR,2023,False,0,4424,27,954,0.3974782866528817
FR,2023,False,0,5220,27,954,0.3974782866528817
FR,2023,False,0,5306,27,954,0.3974782866528817
FR,2023,False,0,5314,27,954,0.3974782866528817
FR,2023,False,0,5319,27,954,0.3974782866528817
FR,2023,False,0,56,27,954,0.3974782866528817
FR,2023,False,0,57,27,954,0.3974782866528817
FR,2023,False,0,7507,27,954,0.3974782866528817
FR,2023,False,0,7522,27,954,0.3974782866528817
FR,2023,False,0,7608,27,954,0.3974782866528817
FR,2023,False,0,7623,27,954,0.3974782866528817
FR,2023,False,0,8405,27,954,0.3974782866528817
FR,2023,False,0,8420,27,954,0.3974782866528817
FR,2023,False,0,8433,27,954,0.3974782866528817
FR,2023,False,0,8434,27,954,0.3974782866528817
FR,2023,False,0,9308,27,954,0.3974782866528817
FR,2023,False,1,1101,21,954,0.3974782866528817
FR,2023,False,1,1108,21,954,0.3974782866528817
FR,2023,False,1,1109,21,954,0.3974782866528817
FR,2023,False,1,1112,21,954,0.3974782866528817
FR,2023,False,1,1113,21,954,0.3974782866528817
FR,2023,False,1,1114,21,954,0.3974782866528817
FR,2023,False,1,1115,21,954,0.3974782866528817
FR,2023,False,1,2411,21,954,0.3974782866528817
FR,2023,False,1,2709,21,954,0.3974782866528817
FR,2023,False,1,2801,21,954,0.3974782866528817
FR,2023,False,1,2804,21,954,0.3974782866528817
FR,2023,False,1,3202,21,954,0.3974782866528817
FR,2023,False,1,3205,21,954,0.3974782866528817
FR,2023,False,1,3212,21,954,0.3974782866528817
FR,2023,False,1,4408,21,954,0.3974782866528817
FR,2023,False,1,5217,21,954,0.3974782866528817
FR,2023,False,1,8406,21,954,0.3974782866528817
FR,2023,False,1,8407,21,954,0.3974782866528817
FR,2023,False,1,8409,21,954,0.3974782866528817
FR,2023,False,1,8421,21,954,0.3974782866528817
FR,2023,False,1,8428,21,954,0.3974782866528817
FR,2023,False,2,2704,23,954,0.3974782866528817
FR,2023,False,2,2712,23,954,0.3974782866528817
FR,2023,False,2,3204,23,954,0.3974782866528817
FR,2023,False,2,3220,23,954,0.3974782866528817
FR,2023,False,2,4414,23,954,0.3974782866528817
FR,2023,False,2,4417,23,954,0.3974782866528817
FR,2023,False,2,52,23,954,0.3974782866528817
FR,2023,False,2,5209,23,954,0.3974782866528817
FR,2023,False,2,5214,23,954,0.3974782866528817
FR,2023,False,2,5305,23,954,0.3974782866528817
FR,2023,False,2,5308,23,954,0.3974782866528817
FR,2023,False,2,5311,23,954,0.3974782866528817
FR,2023,False,2,7511,23,954,0.3974782866528817
FR,2023,False,2,7521,23,954,0.3974782866528817
FR,2023,False,2,7529,23,954,0.3974782866528817
FR,2023,False,2,7601,23,954,0.3974782866528817
FR,2023,False,2,7606,23,954,0.3974782866528817
FR,2023,False,2,7610,23,954,0.3974782866528817
FR,2023,False,2,7622,23,954,0.3974782866528817
FR,2023,False,2,8411,23,954,0.3974782866528817
FR,2023,False,2,8423,23,954,0.3974782866528817
FR,2023,False,2,8425,23,954,0.3974782866528817
FR,2023,False,2,9313,23,954,0.3974782866528817
FR,2023,False,3,1110,27,954,0.3974782866528817
FR,2023,False,3,2407,27,954,0.3974782866528817
FR,2023,False,3,2409,27,954,0.3974782866528817
FR,2023,False,3,2706,27,954,0.3974782866528817
FR,2023,False,3,2717,27,954,0.3974782866528817
FR,2023,False,3,2811,27,954,0.3974782866528817
FR,2023,False,3,2818,27,954,0.3974782866528817
FR,2023,False,3,3217,27,954,0.3974782866528817
FR,2023,False,3,3219,27,954,0.3974782866528817
FR,2023,False,3,4403,27,954,0.3974782866528817
FR,2023,False,3,4419,27,954,0.3974782866528817
FR,2023,False,3,4422,27,954,0.3974782866528817
FR,2023,False,3,4426,27,954,0.3974782866528817
FR,2023,False,3,5216,27,954,0.3974782866528817
FR,2023,False,3,53,27,954,0.3974782866528817
FR,2023,False,3,5310,27,954,0.3974782866528817
FR,2023,False,3,59,27,954,0.3974782866528817
FR,2023,False,3,63,27,954,0.3974782866528817
FR,2023,False,3,7504,27,954,0.3974782866528817
FR,2023,False,3,7508,27,954,0.3974782866528817
FR,2023,False,3,7519,27,954,0.3974782866528817
FR,2023,False,3,7530,27,954,0.3974782866528817
FR,2023,False,3,7531,27,954,0.3974782866528817
FR,2023,False,3,8426,27,954,0.3974782866528817
FR,2023,False,3,8429,27,954,0.3974782866528817
FR,2023,False,3,8435,27,954,0.3974782866528817
FR,2023,False,3,9310,27,954,0.3974782866528817
FR,2023,False,4,1106,43,954,0.3974782866528817
FR,2023,False,4,2402,43,954,0.3974782866528817
FR,2023,False,4,2414,43,954,0.3974782866528817
FR,2023,False,4,2702,43,954,0.3974782866528817
FR,2023,False,4,2703,43,954,0.3974782866528817
FR,2023,False,4,2707,43,954,0.3974782866528817
FR,2023,False,4,2708,43,954,0.3974782866528817
FR,2023,False,4,2714,43,954,0.3974782866528817
FR,2023,False,4,2807,43,954,0.3974782866528817
FR,2023,False,4,3201,43,954,0.3974782866528817
FR,2023,False,4,3211,43,954,0.3974782866528817
FR,2023,False,4,4401,43,954,0.3974782866528817
FR,2023,False,4,4421,43,954,0.3974782866528817
FR,2023,False,4,4423,43,954,0.3974782866528817
FR,2023,False,4,4427,43,954,0.3974782866528817
FR,2023,False,4,5205,43,954,0.3974782866528817
FR,2023,False,4,5206,43,954,0.3974782866528817
FR,2023,False,4,5210,43,954,0.3974782866528817
FR,2023,False,4,5213,43,954,0.3974782866528817
FR,2023,False,4,5218,43,954,0.3974782866528817
FR,2023,False,4,5303,43,954,0.3974782866528817
FR,2023,False,4,5312,43,954,0.3974782866528817
FR,2023,False,4,5317,43,954,0.3974782866528817
FR,2023,False,4,5318,43,954,0.3974782866528817
FR,2023,False,4,58,43,954,0.3974782866528817
FR,2023,False,4,61,43,954,0.3974782866528817
FR,2023,False,4,7502,43,954,0.3974782866528817
FR,2023,False,4,7503,43,954,0.3974782866528817
FR,2023,False,4,7506,43,954,0.3974782866528817
FR,2023,False,4,7512,43,954,0.3974782866528817
FR,2023,False,4,7527,43,954,0.3974782866528817
FR,2023,False,4,7607,43,954,0.3974782866528817
FR,2023,False,4,7609,43,954,0.3974782866528817
FR,2023,False,4,7613,43,954,0.3974782866528817
FR,2023,False,4,7624,43,954,0.3974782866528817
FR,2023,False,4,8402,43,954,0.3974782866528817
FR,2023,False,4,8410,43,954,0.3974782866528817
FR,2023,False,4,8418,43,954,0.3974782866528817
FR,2023,False,4,8419,43,954,0.3974782866528817
FR,2023,False,4,8424,43,954,0.3974782866528817
FR,2023,False,4,8431,43,954,0.3974782866528817
FR,2023,False,4,9302,43,954,0.3974782866528817
FR,2023,False,4,9316,43,954,0.3974782866528817
FR,2023,False,5,1107,37,954,0.3974782866528817
FR,2023,False,5,2406,37,954,0.3974782866528817
FR,2023,False,5,2412,37,954,0.3974782866528817
FR,2023,False,5,2415,37,954,0.3974782866528817
FR,2023,False,5,2710,37,954,0.3974782866528817
FR,2023,False,5,2711,37,954,0.3974782866528817
FR,2023,False,5,2713,37,954,0.3974782866528817
FR,2023,False,5,2806,37,954,0.3974782866528817
FR,2023,False,5,2816,37,954,0.3974782866528817
FR,2023,False,5,3215,37,954,0.3974782866528817
FR,2023,False,5,4402,37,954,0.3974782866528817
FR,2023,False,5,4404,37,954,0.3974782866528817
FR,2023,False,5,4407,37,954,0.3974782866528817
FR,2023,False,5,4425,37,954,0.3974782866528817
FR,2023,False,5,5201,37,954,0.3974782866528817
FR,2023,False,5,5207,37,954,0.3974782866528817
FR,2023,False,5,5211,37,954,0.3974782866528817
FR,2023,False,5,5212,37,954,0.3974782866528817
FR,2023,False,5,5219,37,954,0.3974782866528817
FR,2023,False,5,5221,37,954,0.3974782866528817
FR,2023,False,5,5302,37,954,0.3974782866528817
FR,2023,False,5,5304,37,954,0.3974782866528817
FR,2023,False,5,5315,37,954,0.3974782866528817
FR,2023,False,5,5316,37,954,0.3974782866528817
FR,2023,False,5,54,37,954,0.3974782866528817
FR,2023,False,5,60,37,954,0.3974782866528817
FR,2023,False,5,7513,37,954,0.3974782866528817
FR,2023,False,5,7514,37,954,0.3974782866528817
FR,2023,False,5,7518,37,954,0.3974782866528817
FR,2023,False,5,7604,37,954,0.3974782866528817
FR,2023,False,5,7614,37,954,0.3974782866528817
FR,2023,False,5,8401,37,954,0.3974782866528817
FR,2023,False,5,8412,37,954,0.3974782866528817
FR,2023,False,5,9304,37,954,0.3974782866528817
FR,2023,False,5,9305,37,954,0.3974782866528817
FR,2023,False,5,9312,37,954,0.3974782866528817
FR,2023,False,5,9318,37,954,0.3974782866528817
FR,2023,False,6,2413,23,954,0.3974782866528817
FR,2023,False,6,2813,23,954,0.3974782866528817
FR,2023,False,6,2819,23,954,0.3974782866528817
FR,2023,False,6,4409,23,954,0.3974782866528817
FR,2023,False,6,4413,23,954,0.3974782866528817
FR,2023,False,6,4418,23,954,0.3974782866528817
FR,2023,False,6,5313,23,954,0.3974782866528817
FR,2023,False,6,7505,23,954,0.3974782866528817
FR,2023,False,6,7510,23,954,0.3974782866528817
FR,2023,False,6,7520,23,954,0.3974782866528817
FR,2023,False,6,7523,23,954,0.3974782866528817
FR,2023,False,6,7524,23,954,0.3974782866528817
FR,2023,False,6,7603,23,954,0.3974782866528817
FR,2023,False,6,7615,23,954,0.3974782866528817
FR,2023,False,6,7616,23,954,0.3974782866528817
FR,2023,False,6,7617,23,954,0.3974782866528817
FR,2023,False,6,7618,23,954,0.3974782866528817
FR,2023,False,6,7620,23,954,0.3974782866528817
FR,2023,False,6,8430,23,954,0.3974782866528817
FR,2023,False,6,9306,23,954,0.3974782866528817
FR,2023,False,6,9307,23,954,0.3974782866528817
FR,2023,False,6,9309,23,954,0.3974782866528817
FR,2023,False,6,9315,23,954,0.3974782866528817
FR,2023,False,7,1104,38,954,0.3974782866528817
FR,2023,False,7,2401,38,954,0.3974782866528817
FR,2023,False,7,2405,38,954,0.3974782866528817
FR,2023,False,7,2705,38,954,0.3974782866528817
FR,2023,False,7,2715,38,954,0.3974782866528817
FR,2023,False,7,2803,38,954,0.3974782866528817
FR,2023,False,7,2814,38,954,0.3974782866528817
FR,2023,False,7,2817,38,954,0.3974782866528817
FR,2023,False,7,3214,38,954,0.3974782866528817
FR,2023,False,7,3216,38,954,0.3974782866528817
FR,2023,False,7,3218,38,954,0.3974782866528817
FR,2023,False,7,3222,38,954,0.3974782866528817
FR,2023,False,7,4410,38,954,0.3974782866528817
FR,2023,False,7,4411,38,954,0.3974782866528817
FR,2023,False,7,4412,38,954,0.3974782866528817
FR,2023,False,7,4416,38,954,0.3974782866528817
FR,2023,False,7,5202,38,954,0.3974782866528817
FR,2023,False,7,5204,38,954,0.3974782866528817
FR,2023,False,7,5307,38,954,0.3974782866528817
FR,2023,False,7,55,38,954,0.3974782866528817
FR,2023,False,7,62,38,954,0.3974782866528817
FR,2023,False,7,7501,38,954,0.3974782866528817
FR,2023,False,7,7509,38,954,0.3974782866528817
FR,2023,False,7,7515,38,954,0.3974782866528817
FR,2023,False,7,7516,38,954,0.3974782866528817
FR,2023,False,7,7517,38,954,0.3974782866528817
FR,2023,False,7,7525,38,954,0.3974782866528817
FR,2023,False,7,7532,38,954,0.3974782866528817
FR,2023,False,7,7602,38,954,0.3974782866528817
FR,2023,False,7,7605,38,954,0.3974782866528817
FR,2023,False,7,7619,38,954,0.3974782866528817
FR,2023,False,7,7621,38,954,0.3974782866528817
FR,2023,False,7,7625,38,954,0.3974782866528817
FR,2023,False,7,8404,38,954,0.3974782866528817
FR,2023,False,7,8408,38,954,0.3974782866528817
FR,2023,False,7,8414,38,954,0.3974782866528817
FR,2023,False,7,8415,38,954,0.3974782866528817
FR,2023,False,7,8416,38,954,0.3974782866528817
FR,2023,False,8,1102,41,954,0.3974782866528817
FR,2023,False,8,1105,41,954,0.3974782866528817
FR,2023,False,8,2403,41,954,0.3974782866528817
FR,2023,False,8,2404,41,954,0.3974782866528817
FR,2023,False,8,2408,41,954,0.3974782866528817
FR,2023,False,8,2410,41,954,0.3974782866528817
FR,2023,False,8,2701,41,954,0.3974782866528817
FR,2023,False,8,2718,41,954,0.3974782866528817
FR,2023,False,8,2805,41,954,0.3974782866528817
FR,2023,False,8,2810,41,954,0.3974782866528817
FR,2023,False,8,2812,41,954,0.3974782866528817
FR,2023,False,8,2815,41,954,0.3974782866528817
FR,2023,False,8,3206,41,954,0.3974782866528817
FR,2023,False,8,3208,41,954,0.3974782866528817
FR,2023,False,8,3209,41,954,0.3974782866528817
FR,2023,False,8,3210,41,954,0.3974782866528817
FR,2023,False,8,4405,41,954,0.3974782866528817
FR,2023,False,8,4406,41,954,0.3974782866528817
FR,2023,False,8,4420,41,954,0.3974782866528817
FR,2023,False,8,51,41,954,0.3974782866528817
FR,2023,False,8,5203,41,954,0.3974782866528817
FR,2023,False,8,5208,41,954,0.3974782866528817
FR,2023,False,8,5215,41,954,0.3974782866528817
FR,2023,False,8,5301,41,954,0.3974782866528817
FR,2023,False,8,5309,41,954,0.3974782866528817
FR,2023,False,8,64,41,954,0.3974782866528817
FR,2023,False,8,7526,41,954,0.3974782866528817
FR,2023,False,8,7528,41,954,0.3974782866528817
FR,2023,False,8,7611,41,954,0.3974782866528817
FR,2023,False,8,7612,41,954,0.3974782866528817
FR,2023,False,8,8403,41,954,0.3974782866528817
FR,2023,False,8,8413,41,954,0.3974782866528817
FR,2023,False,8,8417,41,954,0.3974782866528817
FR,2023,False,8,8422,41,954,0.3974782866528817
FR,2023,False,8,8427,41,954,0.3974782866528817
FR,2023,False,8,8432,41,954,0.3974782866528817
FR,2023,False,8,9301,41,954,0.3974782866528817
FR,2023,False,8,9303,41,954,0.3974782866528817
FR,2023,False,8,9311,41,954,0.3974782866528817
FR,2023,False,8,9314,41,954,0.3974782866528817
FR,2023,False,8,9317,41,954,0.3974782866528817
FR,2024,False,0,2413,28,997,0.39601094963392974
FR,2024,False,0,2414,28,997,0.39601094963392974
FR,2024,False,0,2717,28,997,0.39601094963392974
FR,2024,False,0,2805,28,997,0.39601094963392974
FR,2024,False,0,3222,28,997,0.39601094963392974
FR,2024,False,0,4418,28,997,0.39601094963392974
FR,2024,False,0,4423,28,997,0.39601094963392974
FR,2024,False,0,5202,28,997,0.39601094963392974
FR,2024,False,0,5206,28,997,0.39601094963392974
FR,2024,False,0,5210,28,997,0.39601094963392974
FR,2024,False,0,5216,28,997,0.39601094963392974
FR,2024,False,0,5219,28,997,0.39601094963392974
FR,2024,False,0,5302,28,997,0.39601094963392974
FR,2024,False,0,5315,28,997,0.39601094963392974
FR,2024,False,0,7501,28,997,0.39601094963392974
FR,2024,False,0,7504,28,997,0.39601094963392974
FR,2024,False,0,7505,28,997,0.39601094963392974
FR,2024,False,0,7513,28,997,0.39601094963392974
FR,2024,False,0,7516,28,997,0.39601094963392974
FR,2024,False,0,7519,28,997,0.39601094963392974
FR,2024,False,0,7528,28,997,0.39601094963392974
FR,2024,False,0,7602,28,997,0.39601094963392974
FR,2024,False,0,7605,28,997,0.39601094963392974
FR,2024,False,0,7611,28,997,0.39601094963392974
FR,2024,False,0,7616,28,997,0.39601094963392974
FR,2024,False,0,7625,28,997,0.39601094963392974
FR,2024,False,0,8408,28,997,0.39601094963392974
FR,2024,False,0,8431,28,997,0.39601094963392974
FR,2024,False,1,2404,31,997,0.39601094963392974
FR,2024,False,1,2703,31,997,0.39601094963392974
FR,2024,False,1,2713,31,997,0.39601094963392974
FR,2024,False,1,3209,31,997,0.39601094963392974
FR,2024,False,1,3211,31,997,0.39601094963392974
FR,2024,False,1,3213,31,997,0.39601094963392974
FR,2024,False,1,3218,31,997,0.39601094963392974
FR,2024,False,1,4409,31,997,0.39601094963392974
FR,2024,False,1,4414,31,997,0.39601094963392974
FR,2024,False,1,4425,31,997,0.39601094963392974
FR,2024,False,1,4426,31,997,0.39601094963392974
FR,2024,False,1,5208,31,997,0.39601094963392974
FR,2024,False,1,5214,31,997,0.39601094963392974
FR,2024,False,1,5215,31,997,0.39601094963392974
FR,2024,False,1,5220,31,997,0.39601094963392974
FR,2024,False,1,5303,31,997,0.39601094963392974
FR,2024,False,1,5312,31,997,0.39601094963392974
FR,2024,False,1,56,31,997,0.39601094963392974
FR,2024,False,1,62,31,997,0.39601094963392974
FR,2024,False,1,7510,31,997,0.39601094963392974
FR,2024,False,1,7518,31,997,0.39601094963392974
FR,2024,False,1,7522,31,997,0.39601094963392974
FR,2024,False,1,7529,31,997,0.39601094963392974
FR,2024,False,1,7532,31,997,0.39601094963392974
FR,2024,False,1,7610,31,997,0.39601094963392974
FR,2024,False,1,8404,31,997,0.39601094963392974
FR,2024,False,1,8410,31,997,0.39601094963392974
FR,2024,False,1,8424,31,997,0.39601094963392974
FR,2024,False,1,8434,31,997,0.39601094963392974
FR,2024,False,1,9306,31,997,0.39601094963392974
FR,2024,False,1,9316,31,997,0.39601094963392974
FR,2024,False,2,1111,42,997,0.39601094963392974
FR,2024,False,2,2409,42,997,0.39601094963392974
FR,2024,False,2,2710,42,997,0.39601094963392974
FR,2024,False,2,2806,42,997,0.39601094963392974
FR,2024,False,2,2807,42,997,0.39601094963392974
FR,2024,False,2,2810,42,997,0.39601094963392974
FR,2024,False,2,3204,42,997,0.39601094963392974
FR,2024,False,2,3206,42,997,0.39601094963392974
FR,2024,False,2,3207,42,997,0.39601094963392974
FR,2024,False,2,3215,42,997,0.39601094963392974
FR,2024,False,2,4413,42,997,0.39601094963392974
FR,2024,False,2,4427,42,997,0.39601094963392974
FR,2024,False,2,5201,42,997,0.39601094963392974
FR,2024,False,2,5212,42,997,0.39601094963392974
FR,2024,False,2,5217,42,997,0.39601094963392974
FR,2024,False,2,5311,42,997,0.39601094963392974
FR,2024,False,2,5313,42,997,0.39601094963392974
FR,2024,False,2,5317,42,997,0.39601094963392974
FR,2024,False,2,5319,42,997,0.39601094963392974
FR,2024,False,2,54,42,997,0.39601094963392974
FR,2024,False,2,64,42,997,0.39601094963392974
FR,2024,False,2,7512,42,997,0.39601094963392974
FR,2024,False,2,7523,42,997,0.39601094963392974
FR,2024,False,2,7526,42,997,0.39601094963392974
FR,2024,False,2,7601,42,997,0.39601094963392974
FR,2024,False,2,7606,42,997,0.39601094963392974
FR,2024,False,2,7608,42,997,0.39601094963392974
FR,2024,False,2,7613,42,997,0.39601094963392974
FR,2024,False,2,7619,42,997,0.39601094963392974
FR,2024,False,2,7621,42,997,0.39601094963392974
FR,2024,False,2,7623,42,997,0.39601094963392974
FR,2024,False,2,7624,42,997,0.39601094963392974
FR,2024,False,2,8401,42,997,0.39601094963392974
FR,2024,False,2,8413,42,997,0.39601094963392974
FR,2024,False,2,8415,42,997,0.39601094963392974
FR,2024,False,2,9303,42,997,0.39601094963392974
FR,2024,False,2,9305,42,997,0.39601094963392974
FR,2024,False,2,9307,42,997,0.39601094963392974
FR,2024,False,2,9308,42,997,0.39601094963392974
FR,2024,False,2,9311,42,997,0.39601094963392974
FR,2024,False,2,9312,42,997,0.39601094963392974
FR,2024,False,2,9318,42,997,0.39601094963392974
FR,2024,False,3,2403,26,997,0.39601094963392974
FR,2024,False,3,2405,26,997,0.39601094963392974
FR,2024,False,3,2408,26,997,0.39601094963392974
FR,2024,False,3,2412,26,997,0.39601094963392974
FR,2024,False,3,2803,26,997,0.39601094963392974
FR,2024,False,3,2811,26,997,0.39601094963392974
FR,2024,False,3,2817,26,997,0.39601094963392974
FR,2024,False,3,3205,26,997,0.39601094963392974
FR,2024,False,3,3216,26,997,0.39601094963392974
FR,2024,False,3,3221,26,997,0.39601094963392974
FR,2024,False,3,4402,26,997,0.39601094963392974
FR,2024,False,3,4406,26,997,0.39601094963392974
FR,2024,False,3,4419,26,997,0.39601094963392974
FR,2024,False,3,5301,26,997,0.39601094963392974
FR,2024,False,3,5318,26,997,0.39601094963392974
FR,2024,False,3,7507,26,997,0.39601094963392974
FR,2024,False,3,7514,26,997,0.39601094963392974
FR,2024,False,3,7520,26,997,0.39601094963392974
FR,2024,False,3,7525,26,997,0.39601094963392974
FR,2024,False,3,7618,26,997,0.39601094963392974
FR,2024,False,3,8411,26,997,0.39601094963392974
FR,2024,False,3,8422,26,997,0.39601094963392974
FR,2024,False,3,9304,26,997,0.39601094963392974
FR,2024,False,3,9310,26,997,0.39601094963392974
FR,2024,False,3,9315,26,997,0.39601094963392974
FR,2024,False,3,9317,26,997,0.39601094963392974
FR,2024,False,4,2411,20,997,0.39601094963392974
FR,2024,False,4,2702,20,997,0.39601094963392974
FR,2024,False,4,2714,20,997,0.39601094963392974
FR,2024,False,4,2801,20,997,0.39601094963392974
FR,2024,False,4,4403,20,997,0.39601094963392974
FR,2024,False,4,4407,20,997,0.39601094963392974
FR,2024,False,4,4410,20,997,0.39601094963392974
FR,2024,False,4,4415,20,997,0.39601094963392974
FR,2024,False,4,4417,20,997,0.39601094963392974
FR,2024,False,4,5204,20,997,0.39601094963392974
FR,2024,False,4,5211,20,997,0.39601094963392974
FR,2024,False,4,5304,20,997,0.39601094963392974
FR,2024,False,4,5307,20,997,0.39601094963392974
FR,2024,False,4,5308,20,997,0.39601094963392974
FR,2024,False,4,5316,20,997,0.39601094963392974
FR,2024,False,4,58,20,997,0.39601094963392974
FR,2024,False,4,60,20,997,0.39601094963392974
FR,2024,False,4,8425,20,997,0.39601094963392974
FR,2024,False,4,9301,20,997,0.39601094963392974
FR,2024,False,4,9309,20,997,0.39601094963392974
FR,2024,False,5,1103,30,997,0.39601094963392974
FR,2024,False,5,1104,30,997,0.39601094963392974
FR,2024,False,5,1105,30,997,0.39601094963392974
FR,2024,False,5,1106,30,997,0.39601094963392974
FR,2024,False,5,1108,30,997,0.39601094963392974
FR,2024,False,5,1110,30,997,0.39601094963392974
FR,2024,False,5,1113,30,997,0.39601094963392974
FR,2024,False,5,2415,30,997,0.39601094963392974
FR,2024,False,5,2706,30,997,0.39601094963392974
FR,2024,False,5,2709,30,997,0.39601094963392974
FR,2024,False,5,2813,30,997,0.39601094963392974
FR,2024,False,5,2814,30,997,0.39601094963392974
FR,2024,False,5,2815,30,997,0.39601094963392974
FR,2024,False,5,2819,30,997,0.39601094963392974
FR,2024,False,5,4404,30,997,0.39601094963392974
FR,2024,False,5,4405,30,997,0.39601094963392974
FR,2024,False,5,4421,30,997,0.39601094963392974
FR,2024,False,5,51,30,997,0.39601094963392974
FR,2024,False,5,5221,30,997,0.39601094963392974
FR,2024,False,5,5305,30,997,0.39601094963392974
FR,2024,False,5,59,30,997,0.39601094963392974
FR,2024,False,5,63,30,997,0.39601094963392974
FR,2024,False,5,7502,30,997,0.39601094963392974
FR,2024,False,5,7508,30,997,0.39601094963392974
FR,2024,False,5,7524,30,997,0.39601094963392974
FR,2024,False,5,7612,30,997,0.39601094963392974
FR,2024,False,5,7614,30,997,0.39601094963392974
FR,2024,False,5,8407,30,997,0.39601094963392974
FR,2024,False,5,8412,30,997,0.39601094963392974
FR,2024,False,5,8432,30,997,0.39601094963392974
FR,2024,False,6,1102,18,997,0.39601094963392974
FR,2024,False,6,1107,18,997,0.39601094963392974
FR,2024,False,6,2402,18,997,0.39601094963392974
FR,2024,False,6,2407,18,997,0.39601094963392974
FR,2024,False,6,2809,18,997,0.39601094963392974
FR,2024,False,6,3208,18,997,0.39601094963392974
FR,2024,False,6,4416,18,997,0.39601094963392974
FR,2024,False,6,52,18,997,0.39601094963392974
FR,2024,False,6,5207,18,997,0.39601094963392974
FR,2024,False,6,5309,18,997,0.39601094963392974
FR,2024,False,6,7503,18,997,0.39601094963392974
FR,2024,False,6,7506,18,997,0.39601094963392974
FR,2024,False,6,7515,18,997,0.39601094963392974
FR,2024,False,6,7517,18,997,0.39601094963392974
FR,2024,False,6,7604,18,997,0.39601094963392974
FR,2024,False,6,8419,18,997,0.39601094963392974
FR,2024,False,6,8427,18,997,0.39601094963392974
FR,2024,False,6,9313,18,997,0.39601094963392974
FR,2024,False,7,1101,42,997,0.39601094963392974
FR,2024,False,7,1109,42,997,0.39601094963392974
FR,2024,False,7,1112,42,997,0.39601094963392974
FR,2024,False,7,1114,42,997,0.39601094963392974
FR,2024,False,7,1115,42,997,0.39601094963392974
FR,2024,False,7,2401,42,997,0.39601094963392974
FR,2024,False,7,2410,42,997,0.39601094963392974
FR,2024,False,7,2705,42,997,0.39601094963392974
FR,2024,False,7,2707,42,997,0.39601094963392974
FR,2024,False,7,2711,42,997,0.39601094963392974
FR,2024,False,7,2715,42,997,0.39601094963392974
FR,2024,False,7,2716,42,997,0.39601094963392974
FR,2024,False,7,2718,42,997,0.39601094963392974
FR,2024,False,7,2802,42,997,0.39601094963392974
FR,2024,False,7,2804,42,997,0.39601094963392974
FR,2024,False,7,2808,42,997,0.39601094963392974
FR,2024,False,7,2818,42,997,0.39601094963392974
FR,2024,False,7,3202,42,997,0.39601094963392974
FR,2024,False,7,3203,42,997,0.39601094963392974
FR,2024,False,7,3212,42,997,0.39601094963392974
FR,2024,False,7,3217,42,997,0.39601094963392974
FR,2024,False,7,4408,42,997,0.39601094963392974
FR,2024,False,7,4411,42,997,0.39601094963392974
FR,2024,False,7,4412,42,997,0.39601094963392974
FR,2024,False,7,57,42,997,0.39601094963392974
FR,2024,False,7,7509,42,997,0.39601094963392974
FR,2024,False,7,7521,42,997,0.39601094963392974
FR,2024,False,7,7530,42,997,0.39601094963392974
FR,2024,False,7,7607,42,997,0.39601094963392974
FR,2024,False,7,7609,42,997,0.39601094963392974
FR,2024,False,7,7615,42,997,0.39601094963392974
FR,2024,False,7,8405,42,997,0.39601094963392974
FR,2024,False,7,8406,42,997,0.39601094963392974
FR,2024,False,7,8409,42,997,0.39601094963392974
FR,2024,False,7,8416,42,997,0.39601094963392974
FR,2024,False,7,8418,42,997,0.39601094963392974
FR,2024,False,7,8421,42,997,0.39601094963392974
FR,2024,False,7,8426,42,997,0.39601094963392974
FR,2024,False,7,8428,42,997,0.39601094963392974
FR,2024,False,7,8433,42,997,0.39601094963392974
FR,2024,False,7,8435,42,997,0.39601094963392974
FR,2024,False,7,9314,42,997,0.39601094963392974
FR,2024,False,8,2406,43,997,0.39601094963392974
FR,2024,False,8,2701,43,997,0.39601094963392974
FR,2024,False,8,2704,43,997,0.39601094963392974
FR,2024,False,8,2708,43,997,0.39601094963392974
FR,2024,False,8,2712,43,997,0.39601094963392974
FR,2024,False,8,2812,43,997,0.39601094963392974
FR,2024,False,8,2816,43,997,0.39601094963392974
FR,2024,False,8,3201,43,997,0.39601094963392974
FR,2024,False,8,3210,43,997,0.39601094963392974
FR,2024,False,8,3214,43,997,0.39601094963392974
FR,2024,False,8,3219,43,997,0.39601094963392974
FR,2024,False,8,3220,43,997,0.39601094963392974
FR,2024,False,8,4401,43,997,0.39601094963392974
FR,2024,False,8,4420,43,997,0.39601094963392974
FR,2024,False,8,4422,43,997,0.39601094963392974
FR,2024,False,8,4424,43,997,0.39601094963392974
FR,2024,False,8,5203,43,997,0.39601094963392974
FR,2024,False,8,5205,43,997,0.39601094963392974
FR,2024,False,8,5209,43,997,0.39601094963392974
FR,2024,False,8,5213,43,997,0.39601094963392974
FR,2024,False,8,5218,43,997,0.39601094963392974
FR,2024,False,8,53,43,997,0.39601094963392974
FR,2024,False,8,5306,43,997,0.39601094963392974
FR,2024,False,8,5310,43,997,0.39601094963392974
FR,2024,False,8,5314,43,997,0.39601094963392974
FR,2024,False,8,55,43,997,0.39601094963392974
FR,2024,False,8,61,43,997,0.39601094963392974
FR,2024,False,8,7511,43,997,0.39601094963392974
FR,2024,False,8,7527,43,997,0.39601094963392974
FR,2024,False,8,7531,43,997,0.39601094963392974
FR,2024,False,8,7603,43,997,0.39601094963392974
FR,2024,False,8,7617,43,997,0.39601094963392974
FR,2024,False,8,7620,43,997,0.39601094963392974
FR,2024,False,8,7622,43,997,0.39601094963392974
FR,2024,False,8,8402,43,997,0.39601094963392974
FR,2024,False,8,8403,43,997,0.39601094963392974
FR,2024,False,8,8414,43,997,0.39601094963392974
FR,2024,False,8,8417,43,997,0.39601094963392974
FR,2024,False,8,8420,43,997,0.39601094963392974
FR,2024,False,8,8423,43,997,0.39601094963392974
FR,2024,False,8,8429,43,997,0.39601094963392974
FR,2024,False,8,8430,43,997,0.39601094963392974
FR,2024,False,8,9302,43,997,0.39601094963392974
FR,2025,False,0,1102,34,1001,0.3767898143832338
FR,2025,False,0,1103,34,1001,0.3767898143832338
FR,2025,False,0,2408,34,1001,0.3767898143832338
FR,2025,False,0,2409,34,1001,0.3767898143832338
FR,2025,False,0,2715,34,1001,0.3767898143832338
FR,2025,False,0,2718,34,1001,0.3767898143832338
FR,2025,False,0,2803,34,1001,0.3767898143832338
FR,2025,False,0,2809,34,1001,0.3767898143832338
FR,2025,False,0,2815,34,1001,0.3767898143832338
FR,2025,False,0,2817,34,1001,0.3767898143832338
FR,2025,False,0,2819,34,1001,0.3767898143832338
FR,2025,False,0,3206,34,1001,0.3767898143832338
FR,2025,False,0,3208,34,1001,0.3767898143832338
FR,2025,False,0,3217,34,1001,0.3767898143832338
FR,2025,False,0,3220,34,1001,0.3767898143832338
FR,2025,False,0,4412,34,1001,0.3767898143832338
FR,2025,False,0,4416,34,1001,0.3767898143832338
FR,2025,False,0,5203,34,1001,0.3767898143832338
FR,2025,False,0,5218,34,1001,0.3767898143832338
FR,2025,False,0,5303,34,1001,0.3767898143832338
FR,2025,False,0,5312,34,1001,0.3767898143832338
FR,2025,False,0,61,34,1001,0.3767898143832338
FR,2025,False,0,7506,34,1001,0.3767898143832338
FR,2025,False,0,7508,34,1001,0.3767898143832338
FR,2025,False,0,7607,34,1001,0.3767898143832338
FR,2025,False,0,8404,34,1001,0.3767898143832338
FR,2025,False,0,8410,34,1001,0.3767898143832338
FR,2025,False,0,8415,34,1001,0.3767898143832338
FR,2025,False,0,8417,34,1001,0.3767898143832338
FR,2025,False,0,8418,34,1001,0.3767898143832338
FR,2025,False,0,8425,34,1001,0.3767898143832338
FR,2025,False,0,8430,34,1001,0.3767898143832338
FR,2025,False,0,9306,34,1001,0.3767898143832338
FR,2025,False,0,9314,34,1001,0.3767898143832338
FR,2025,False,1,1101,34,1001,0.3767898143832338
FR,2025,False,1,1105,34,1001,0.3767898143832338
FR,2025,False,1,1106,34,1001,0.3767898143832338
FR,2025,False,1,1110,34,1001,0.3767898143832338
FR,2025,False,1,1111,34,1001,0.3767898143832338
FR,2025,False,1,1113,34,1001,0.3767898143832338
FR,2025,False,1,2407,34,1001,0.3767898143832338
FR,2025,False,1,2411,34,1001,0.3767898143832338
FR,2025,False,1,2415,34,1001,0.3767898143832338
FR,2025,False,1,2703,34,1001,0.3767898143832338
FR,2025,False,1,2704,34,1001,0.3767898143832338
FR,2025,False,1,2713,34,1001,0.3767898143832338
FR,2025,False,1,3212,34,1001,0.3767898143832338
FR,2025,False,1,4414,34,1001,0.3767898143832338
FR,2025,False,1,4415,34,1001,0.3767898143832338
FR,2025,False,1,5201,34,1001,0.3767898143832338
FR,2025,False,1,5208,34,1001,0.3767898143832338
FR,2025,False,1,5215,34,1001,0.3767898143832338
FR,2025,False,1,5314,34,1001,0.3767898143832338
FR,2025,False,1,64,34,1001,0.3767898143832338
FR,2025,False,1,7501,34,1001,0.3767898143832338
FR,2025,False,1,7520,34,1001,0.3767898143832338
FR,2025,False,1,7521,34,1001,0.3767898143832338
FR,2025,False,1,7527,34,1001,0.3767898143832338
FR,2025,False,1,7530,34,1001,0.3767898143832338
FR,2025,False,1,7609,34,1001,0.3767898143832338
FR,2025,False,1,7616,34,1001,0.3767898143832338
FR,2025,False,1,7625,34,1001,0.3767898143832338
FR,2025,False,1,8406,34,1001,0.3767898143832338
FR,2025,False,1,8411,34,1001,0.3767898143832338
FR,2025,False,1,8412,34,1001,0.3767898143832338
FR,2025,False,1,8413,34,1001,0.3767898143832338
FR,2025,False,1,8424,34,1001,0.3767898143832338
FR,2025,False,1,8428,34,1001,0.3767898143832338
FR,2025,False,2,2413,26,1001,0.3767898143832338
FR,2025,False,2,2717,26,1001,0.3767898143832338
FR,2025,False,2,2805,26,1001,0.3767898143832338
FR,2025,False,2,3211,26,1001,0.3767898143832338
FR,2025,False,2,4403,26,1001,0.3767898143832338
FR,2025,False,2,4410,26,1001,0.3767898143832338
FR,2025,False,2,4417,26,1001,0.3767898143832338
FR,2025,False,2,5202,26,1001,0.3767898143832338
FR,2025,False,2,5206,26,1001,0.3767898143832338
FR,2025,False,2,5219,26,1001,0.3767898143832338
FR,2025,False,2,5305,26,1001,0.3767898143832338
FR,2025,False,2,5308,26,1001,0.3767898143832338
FR,2025,False,2,5315,26,1001,0.3767898143832338
FR,2025,False,2,59,26,1001,0.3767898143832338
FR,2025,False,2,63,26,1001,0.3767898143832338
FR,2025,False,2,7505,26,1001,0.3767898143832338
FR,2025,False,2,7516,26,1001,0.3767898143832338
FR,2025,False,2,7525,26,1001,0.3767898143832338
FR,2025,False,2,7611,26,1001,0.3767898143832338
FR,2025,False,2,7620,26,1001,0.3767898143832338
FR,2025,False,2,8408,26,1001,0.3767898143832338
FR,2025,False,2,8422,26,1001,0.3767898143832338
FR,2025,False,2,8432,26,1001,0.3767898143832338
FR,2025,False,2,8434,26,1001,0.3767898143832338
FR,2025,False,2,9308,26,1001,0.3767898143832338
FR,2025,False,2,9310,26,1001,0.3767898143832338
FR,2025,False,3,2412,23,1001,0.3767898143832338
FR,2025,False,3,2701,23,1001,0.3767898143832338
FR,2025,False,3,2708,23,1001,0.3767898143832338
FR,2025,False,3,3201,23,1001,0.3767898143832338
FR,2025,False,3,3207,23,1001,0.3767898143832338
FR,2025,False,3,3210,23,1001,0.3767898143832338
FR,2025,False,3,4404,23,1001,0.3767898143832338
FR,2025,False,3,4406,23,1001,0.3767898143832338
FR,2025,False,3,4409,23,1001,0.3767898143832338
FR,2025,False,3,4411,23,1001,0.3767898143832338
FR,2025,False,3,4422,23,1001,0.3767898143832338
FR,2025,False,3,4426,23,1001,0.3767898143832338
FR,2025,False,3,5211,23,1001,0.3767898143832338
FR,2025,False,3,55,23,1001,0.3767898143832338
FR,2025,False,3,60,23,1001,0.3767898143832338
FR,2025,False,3,7531,23,1001,0.3767898143832338
FR,2025,False,3,7603,23,1001,0.3767898143832338
FR,2025,False,3,7605,23,1001,0.3767898143832338
FR,2025,False,3,7612,23,1001,0.3767898143832338
FR,2025,False,3,7617,23,1001,0.3767898143832338
FR,2025,False,3,8423,23,1001,0.3767898143832338
FR,2025,False,3,8427,23,1001,0.3767898143832338
FR,2025,False,3,9316,23,1001,0.3767898143832338
FR,2025,False,4,1104,35,1001,0.3767898143832338
FR,2025,False,4,1107,35,1001,0.3767898143832338
FR,2025,False,4,2406,35,1001,0.3767898143832338
FR,2025,False,4,2807,35,1001,0.3767898143832338
FR,2025,False,4,2810,35,1001,0.3767898143832338
FR,2025,False,4,2811,35,1001,0.3767898143832338
FR,2025,False,4,2813,35,1001,0.3767898143832338
FR,2025,False,4,3205,35,1001,0.3767898143832338
FR,2025,False,4,3215,35,1001,0.3767898143832338
FR,2025,False,4,3222,35,1001,0.3767898143832338
FR,2025,False,4,4405,35,1001,0.3767898143832338
FR,2025,False,4,4408,35,1001,0.3767898143832338
FR,2025,False,4,4413,35,1001,0.3767898143832338
FR,2025,False,4,52,35,1001,0.3767898143832338
FR,2025,False,4,5210,35,1001,0.3767898143832338
FR,2025,False,4,5216,35,1001,0.3767898143832338
FR,2025,False,4,5304,35,1001,0.3767898143832338
FR,2025,False,4,5317,35,1001,0.3767898143832338
FR,2025,False,4,5319,35,1001,0.3767898143832338
FR,2025,False,4,56,35,1001,0.3767898143832338
FR,2025,False,4,7511,35,1001,0.3767898143832338
FR,2025,False,4,7513,35,1001,0.3767898143832338
FR,2025,False,4,7517,35,1001,0.3767898143832338
FR,2025,False,4,7524,35,1001,0.3767898143832338
FR,2025,False,4,7529,35,1001,0.3767898143832338
FR,2025,False,4,7601,35,1001,0.3767898143832338
FR,2025,False,4,7604,35,1001,0.3767898143832338
FR,2025,False,4,7624,35,1001,0.3767898143832338
FR,2025,False,4,8431,35,1001,0.3767898143832338
FR,2025,False,4,9301,35,1001,0.3767898143832338
FR,2025,False,4,9302,35,1001,0.3767898143832338
FR,2025,False,4,9305,35,1001,0.3767898143832338
FR,2025,False,4,9309,35,1001,0.3767898143832338
FR,2025,False,4,9312,35,1001,0.3767898143832338
FR,2025,False,4,9317,35,1001,0.3767898143832338
FR,2025,False,5,2710,23,1001,0.3767898143832338
FR,2025,False,5,3209,23,1001,0.3767898143832338
FR,2025,False,5,4418,23,1001,0.3767898143832338
FR,2025,False,5,4423,23,1001,0.3767898143832338
FR,2025,False,5,5204,23,1001,0.3767898143832338
FR,2025,False,5,5209,23,1001,0.3767898143832338
FR,2025,False,5,5214,23,1001,0.3767898143832338
FR,2025,False,5,5301,23,1001,0.3767898143832338
FR,2025,False,5,5311,23,1001,0.3767898143832338
FR,2025,False,5,7503,23,1001,0.3767898143832338
FR,2025,False,5,7504,23,1001,0.3767898143832338
FR,2025,False,5,7509,23,1001,0.3767898143832338
FR,2025,False,5,7532,23,1001,0.3767898143832338
FR,2025,False,5,7602,23,1001,0.3767898143832338
FR,2025,False,5,7613,23,1001,0.3767898143832338
FR,2025,False,5,7619,23,1001,0.3767898143832338
FR,2025,False,5,7622,23,1001,0.3767898143832338
FR,2025,False,5,7623,23,1001,0.3767898143832338
FR,2025,False,5,8407,23,1001,0.3767898143832338
FR,2025,False,5,8426,23,1001,0.3767898143832338
FR,2025,False,5,9307,23,1001,0.3767898143832338
FR,2025,False,5,9311,23,1001,0.3767898143832338
FR,2025,False,5,9313,23,1001,0.3767898143832338
FR,2025,False,6,2404,34,1001,0.3767898143832338
FR,2025,False,6,2714,34,1001,0.3767898143832338
FR,2025,False,6,2804,34,1001,0.3767898143832338
FR,2025,False,6,2806,34,1001,0.3767898143832338
FR,2025,False,6,2814,34,1001,0.3767898143832338
FR,2025,False,6,2816,34,1001,0.3767898143832338
FR,2025,False,6,2818,34,1001,0.3767898143832338
FR,2025,False,6,3204,34,1001,0.3767898143832338
FR,2025,False,6,3214,34,1001,0.3767898143832338
FR,2025,False,6,3219,34,1001,0.3767898143832338
FR,2025,False,6,4401,34,1001,0.3767898143832338
FR,2025,False,6,4419,34,1001,0.3767898143832338
FR,2025,False,6,4420,34,1001,0.3767898143832338
FR,2025,False,6,4424,34,1001,0.3767898143832338
FR,2025,False,6,4427,34,1001,0.3767898143832338
FR,2025,False,6,5205,34,1001,0.3767898143832338
FR,2025,False,6,5207,34,1001,0.3767898143832338
FR,2025,False,6,53,34,1001,0.3767898143832338
FR,2025,False,6,5306,34,1001,0.3767898143832338
FR,2025,False,6,5307,34,1001,0.3767898143832338
FR,2025,False,6,5309,34,1001,0.3767898143832338
FR,2025,False,6,5310,34,1001,0.3767898143832338
FR,2025,False,6,5313,34,1001,0.3767898143832338
FR,2025,False,6,5316,34,1001,0.3767898143832338
FR,2025,False,6,5318,34,1001,0.3767898143832338
FR,2025,False,6,58,34,1001,0.3767898143832338
FR,2025,False,6,62,34,1001,0.3767898143832338
FR,2025,False,6,7507,34,1001,0.3767898143832338
FR,2025,False,6,7519,34,1001,0.3767898143832338
FR,2025,False,6,7526,34,1001,0.3767898143832338
FR,2025,False,6,7608,34,1001,0.3767898143832338
FR,2025,False,6,7614,34,1001,0.3767898143832338
FR,2025,False,6,7621,34,1001,0.3767898143832338
FR,2025,False,6,8403,34,1001,0.3767898143832338
FR,2025,False,7,1108,29,1001,0.3767898143832338
FR,2025,False,7,1115,29,1001,0.3767898143832338
FR,2025,False,7,2402,29,1001,0.3767898143832338
FR,2025,False,7,2403,29,1001,0.3767898143832338
FR,2025,False,7,2410,29,1001,0.3767898143832338
FR,2025,False,7,2702,29,1001,0.3767898143832338
FR,2025,False,7,2705,29,1001,0.3767898143832338
FR,2025,False,7,2709,29,1001,0.3767898143832338
FR,2025,False,7,2801,29,1001,0.3767898143832338
FR,2025,False,7,2802,29,1001,0.3767898143832338
FR,2025,False,7,2808,29,1001,0.3767898143832338
FR,2025,False,7,3216,29,1001,0.3767898143832338
FR,2025,False,7,4402,29,1001,0.3767898143832338
FR,2025,False,7,4407,29,1001,0.3767898143832338
FR,2025,False,7,4421,29,1001,0.3767898143832338
FR,2025,False,7,51,29,1001,0.3767898143832338
FR,2025,False,7,5221,29,1001,0.3767898143832338
FR,2025,False,7,54,29,1001,0.3767898143832338
FR,2025,False,7,7502,29,1001,0.3767898143832338
FR,2025,False,7,7510,29,1001,0.3767898143832338
FR,2025,False,7,7515,29,1001,0.3767898143832338
FR,2025,False,7,7606,29,1001,0.3767898143832338
FR,2025,False,7,7610,29,1001,0.3767898143832338
FR,2025,False,7,7615,29,1001,0.3767898143832338
FR,2025,False,7,7618,29,1001,0.3767898143832338
FR,2025,False,7,8414,29,1001,0.3767898143832338
FR,2025,False,7,8420,29,1001,0.3767898143832338
FR,2025,False,7,9315,29,1001,0.3767898143832338
FR,2025,False,7,9318,29,1001,0.3767898143832338
FR,2025,False,8,1109,42,1001,0.3767898143832338
FR,2025,False,8,1112,42,1001,0.3767898143832338
FR,2025,False,8,1114,42,1001,0.3767898143832338
FR,2025,False,8,2401,42,1001,0.3767898143832338
FR,2025,False,8,2405,42,1001,0.3767898143832338
FR,2025,False,8,2414,42,1001,0.3767898143832338
FR,2025,False,8,2706,42,1001,0.3767898143832338
FR,2025,False,8,2707,42,1001,0.3767898143832338
FR,2025,False,8,2711,42,1001,0.3767898143832338
FR,2025,False,8,2712,42,1001,0.3767898143832338
FR,2025,False,8,2716,42,1001,0.3767898143832338
FR,2025,False,8,2812,42,1001,0.3767898143832338
FR,2025,False,8,3202,42,1001,0.3767898143832338
FR,2025,False,8,3203,42,1001,0.3767898143832338
FR,2025,False,8,3213,42,1001,0.3767898143832338
FR,2025,False,8,3218,42,1001,0.3767898143832338
FR,2025,False,8,3221,42,1001,0.3767898143832338
FR,2025,False,8,4425,42,1001,0.3767898143832338
FR,2025,False,8,5212,42,1001,0.3767898143832338
FR,2025,False,8,5213,42,1001,0.3767898143832338
FR,2025,False,8,5217,42,1001,0.3767898143832338
FR,2025,False,8,5220,42,1001,0.3767898143832338
FR,2025,False,8,5302,42,1001,0.3767898143832338
FR,2025,False,8,57,42,1001,0.3767898143832338
FR,2025,False,8,7512,42,1001,0.3767898143832338
FR,2025,False,8,7514,42,1001,0.3767898143832338
FR,2025,False,8,7518,42,1001,0.3767898143832338
FR,2025,False,8,7522,42,1001,0.3767898143832338
FR,2025,False,8,7523,42,1001,0.3767898143832338
FR,2025,False,8,7528,42,1001,0.3767898143832338
FR,2025,False,8,8401,42,1001,0.3767898143832338
FR,2025,False,8,8402,42,1001,0.3767898143832338
FR,2025,False,8,8405,42,1001,0.3767898143832338
FR,2025,False,8,8409,42,1001,0.3767898143832338
FR,2025,False,8,8416,42,1001,0.3767898143832338
FR,2025,False,8,8419,42,1001,0.3767898143832338
FR,2025,False,8,8421,42,1001,0.3767898143832338
FR,2025,False,8,8429,42,1001,0.3767898143832338
FR,2025,False,8,8433,42,1001,0.3767898143832338
FR,2025,False,8,8435,42,1001,0.3767898143832338
FR,2025,False,8,9303,42,1001,0.3767898143832338
FR,2025,False,8,9304,42,1001,0.3767898143832338
FR,2026,False,0,1102,34,994,0.3909126257830577
FR,2026,False,0,1103,34,994,0.3909126257830577
FR,2026,False,0,1109,34,994,0.3909126257830577
FR,2026,False,0,1114,34,994,0.3909126257830577
FR,2026,False,0,2407,34,994,0.3909126257830577
FR,2026,False,0,2701,34,994,0.3909126257830577
FR,2026,False,0,2703,34,994,0.3909126257830577
FR,2026,False,0,2704,34,994,0.3909126257830577
FR,2026,False,0,2708,34,994,0.3909126257830577
FR,2026,False,0,2803,34,994,0.3909126257830577
FR,2026,False,0,2807,34,994,0.3909126257830577
FR,2026,False,0,2808,34,994,0.3909126257830577
FR,2026,False,0,2815,34,994,0.3909126257830577
FR,2026,False,0,2817,34,994,0.3909126257830577
FR,2026,False,0,3202,34,994,0.3909126257830577
FR,2026,False,0,3204,34,994,0.3909126257830577
FR,2026,False,0,4410,34,994,0.3909126257830577
FR,2026,False,0,4411,34,994,0.3909126257830577
FR,2026,False,0,4412,34,994,0.3909126257830577
FR,2026,False,0,4416,34,994,0.3909126257830577
FR,2026,False,0,4418,34,994,0.3909126257830577
FR,2026,False,0,4422,34,994,0.3909126257830577
FR,2026,False,0,4424,34,994,0.3909126257830577
FR,2026,False,0,4426,34,994,0.3909126257830577
FR,2026,False,0,5208,34,994,0.3909126257830577
FR,2026,False,0,5221,34,994,0.3909126257830577
FR,2026,False,0,5314,34,994,0.3909126257830577
FR,2026,False,0,61,34,994,0.3909126257830577
FR,2026,False,0,7503,34,994,0.3909126257830577
FR,2026,False,0,7615,34,994,0.3909126257830577
FR,2026,False,0,8411,34,994,0.3909126257830577
FR,2026,False,0,8427,34,994,0.3909126257830577
FR,2026,False,0,9315,34,994,0.3909126257830577
FR,2026,False,0,9318,34,994,0.3909126257830577
FR,2026,False,1,2706,27,994,0.3909126257830577
FR,2026,False,1,2714,27,994,0.3909126257830577
FR,2026,False,1,2716,27,994,0.3909126257830577
FR,2026,False,1,2809,27,994,0.3909126257830577
FR,2026,False,1,2816,27,994,0.3909126257830577
FR,2026,False,1,3212,27,994,0.3909126257830577
FR,2026,False,1,4401,27,994,0.3909126257830577
FR,2026,False,1,4427,27,994,0.3909126257830577
FR,2026,False,1,5203,27,994,0.3909126257830577
FR,2026,False,1,5205,27,994,0.3909126257830577
FR,2026,False,1,5303,27,994,0.3909126257830577
FR,2026,False,1,5311,27,994,0.3909126257830577
FR,2026,False,1,56,27,994,0.3909126257830577
FR,2026,False,1,58,27,994,0.3909126257830577
FR,2026,False,1,64,27,994,0.3909126257830577
FR,2026,False,1,7507,27,994,0.3909126257830577
FR,2026,False,1,7527,27,994,0.3909126257830577
FR,2026,False,1,7604,27,994,0.3909126257830577
FR,2026,False,1,7607,27,994,0.3909126257830577
FR,2026,False,1,7612,27,994,0.3909126257830577
FR,2026,False,1,7619,27,994,0.3909126257830577
FR,2026,False,1,8412,27,994,0.3909126257830577
FR,2026,False,1,8413,27,994,0.3909126257830577
FR,2026,False,1,8415,27,994,0.3909126257830577
FR,2026,False,1,8420,27,994,0.3909126257830577
FR,2026,False,1,9304,27,994,0.3909126257830577
FR,2026,False,1,9308,27,994,0.3909126257830577
FR,2026,False,2,2403,25,994,0.3909126257830577
FR,2026,False,2,2406,25,994,0.3909126257830577
FR,2026,False,2,2702,25,994,0.3909126257830577
FR,2026,False,2,2709,25,994,0.3909126257830577
FR,2026,False,2,2712,25,994,0.3909126257830577
FR,2026,False,2,2801,25,994,0.3909126257830577
FR,2026,False,2,2802,25,994,0.3909126257830577
FR,2026,False,2,2818,25,994,0.3909126257830577
FR,2026,False,2,3209,25,994,0.3909126257830577
FR,2026,False,2,3220,25,994,0.3909126257830577
FR,2026,False,2,5204,25,994,0.3909126257830577
FR,2026,False,2,5306,25,994,0.3909126257830577
FR,2026,False,2,5307,25,994,0.3909126257830577
FR,2026,False,2,5313,25,994,0.3909126257830577
FR,2026,False,2,59,25,994,0.3909126257830577
FR,2026,False,2,62,25,994,0.3909126257830577
FR,2026,False,2,7603,25,994,0.3909126257830577
FR,2026,False,2,7624,25,994,0.3909126257830577
FR,2026,False,2,8403,25,994,0.3909126257830577
FR,2026,False,2,8414,25,994,0.3909126257830577
FR,2026,False,2,8417,25,994,0.3909126257830577
FR,2026,False,2,8423,25,994,0.3909126257830577
FR,2026,False,2,9305,25,994,0.3909126257830577
FR,2026,False,2,9306,25,994,0.3909126257830577
FR,2026,False,2,9316,25,994,0.3909126257830577
FR,2026,False,3,1108,17,994,0.3909126257830577
FR,2026,False,3,1112,17,994,0.3909126257830577
FR,2026,False,3,2401,17,994,0.3909126257830577
FR,2026,False,3,2408,17,994,0.3909126257830577
FR,2026,False,3,2705,17,994,0.3909126257830577
FR,2026,False,3,2707,17,994,0.3909126257830577
FR,2026,False,3,2813,17,994,0.3909126257830577
FR,2026,False,3,2819,17,994,0.3909126257830577
FR,2026,False,3,3211,17,994,0.3909126257830577
FR,2026,False,3,4406,17,994,0.3909126257830577
FR,2026,False,3,4409,17,994,0.3909126257830577
FR,2026,False,3,5220,17,994,0.3909126257830577
FR,2026,False,3,5305,17,994,0.3909126257830577
FR,2026,False,3,5317,17,994,0.3909126257830577
FR,2026,False,3,7515,17,994,0.3909126257830577
FR,2026,False,3,8432,17,994,0.3909126257830577
FR,2026,False,3,9313,17,994,0.3909126257830577
FR,2026,False,4,1104,24,994,0.3909126257830577
FR,2026,False,4,1107,24,994,0.3909126257830577
FR,2026,False,4,2402,24,994,0.3909126257830577
FR,2026,False,4,2413,24,994,0.3909126257830577
FR,2026,False,4,2711,24,994,0.3909126257830577
FR,2026,False,4,2713,24,994,0.3909126257830577
FR,2026,False,4,2806,24,994,0.3909126257830577
FR,2026,False,4,3216,24,994,0.3909126257830577
FR,2026,False,4,4420,24,994,0.3909126257830577
FR,2026,False,4,4425,24,994,0.3909126257830577
FR,2026,False,4,5202,24,994,0.3909126257830577
FR,2026,False,4,5310,24,994,0.3909126257830577
FR,2026,False,4,5318,24,994,0.3909126257830577
FR,2026,False,4,7504,24,994,0.3909126257830577
FR,2026,False,4,7511,24,994,0.3909126257830577
FR,2026,False,4,7517,24,994,0.3909126257830577
FR,2026,False,4,7524,24,994,0.3909126257830577
FR,2026,False,4,7526,24,994,0.3909126257830577
FR,2026,False,4,7532,24,994,0.3909126257830577
FR,2026,False,4,7613,24,994,0.3909126257830577
FR,2026,False,4,8405,24,994,0.3909126257830577
FR,2026,False,4,8408,24,994,0.3909126257830577
FR,2026,False,4,8410,24,994,0.3909126257830577
FR,2026,False,4,8424,24,994,0.3909126257830577
FR,2026,False,5,1110,11,994,0.3909126257830577
FR,2026,False,5,2411,11,994,0.3909126257830577
FR,2026,False,5,3217,11,994,0.3909126257830577
FR,2026,False,5,4404,11,994,0.3909126257830577
FR,2026,False,5,5213,11,994,0.3909126257830577
FR,2026,False,5,5217,11,994,0.3909126257830577
FR,2026,False,5,5308,11,994,0.3909126257830577
FR,2026,False,5,7509,11,994,0.3909126257830577
FR,2026,False,5,7520,11,994,0.3909126257830577
FR,2026,False,5,8426,11,994,0.3909126257830577
FR,2026,False,5,9310,11,994,0.3909126257830577
FR,2026,False,6,1106,34,994,0.3909126257830577
FR,2026,False,6,1111,34,994,0.3909126257830577
FR,2026,False,6,2405,34,994,0.3909126257830577
FR,2026,False,6,2409,34,994,0.3909126257830577
FR,2026,False,6,2412,34,994,0.3909126257830577
FR,2026,False,6,2805,34,994,0.3909126257830577
FR,2026,False,6,3205,34,994,0.3909126257830577
FR,2026,False,6,3208,34,994,0.3909126257830577
FR,2026,False,6,3214,34,994,0.3909126257830577
FR,2026,False,6,3215,34,994,0.3909126257830577
FR,2026,False,6,3218,34,994,0.3909126257830577
FR,2026,False,6,3222,34,994,0.3909126257830577
FR,2026,False,6,4407,34,994,0.3909126257830577
FR,2026,False,6,5209,34,994,0.3909126257830577
FR,2026,False,6,5212,34,994,0.3909126257830577
FR,2026,False,6,5214,34,994,0.3909126257830577
FR,2026,False,6,5218,34,994,0.3909126257830577
FR,2026,False,6,53,34,994,0.3909126257830577
FR,2026,False,6,5302,34,994,0.3909126257830577
FR,2026,False,6,57,34,994,0.3909126257830577
FR,2026,False,6,63,34,994,0.3909126257830577
FR,2026,False,6,7510,34,994,0.3909126257830577
FR,2026,False,6,7513,34,994,0.3909126257830577
FR,2026,False,6,7514,34,994,0.3909126257830577
FR,2026,False,6,7518,34,994,0.3909126257830577
FR,2026,False,6,7522,34,994,0.3909126257830577
FR,2026,False,6,7523,34,994,0.3909126257830577
FR,2026,False,6,7528,34,994,0.3909126257830577
FR,2026,False,6,7529,34,994,0.3909126257830577
FR,2026,False,6,7601,34,994,0.3909126257830577
FR,2026,False,6,8401,34,994,0.3909126257830577
FR,2026,False,6,8416,34,994,0.3909126257830577
FR,2026,False,6,9301,34,994,0.3909126257830577
FR,2026,False,6,9309,34,994,0.3909126257830577
FR,2026,False,7,2415,20,994,0.3909126257830577
FR,2026,False,7,2804,20,994,0.3909126257830577
FR,2026,False,7,3203,20,994,0.3909126257830577
FR,2026,False,7,3219,20,994,0.3909126257830577
FR,2026,False,7,4403,20,994,0.3909126257830577
FR,2026,False,7,4408,20,994,0.3909126257830577
FR,2026,False,7,4414,20,994,0.3909126257830577
FR,2026,False,7,4417,20,994,0.3909126257830577
FR,2026,False,7,4421,20,994,0.3909126257830577
FR,2026,False,7,5301,20,994,0.3909126257830577
FR,2026,False,7,7525,20,994,0.3909126257830577
FR,2026,False,7,7609,20,994,0.3909126257830577
FR,2026,False,7,7611,20,994,0.3909126257830577
FR,2026,False,7,7614,20,994,0.3909126257830577
FR,2026,False,7,8422,20,994,0.3909126257830577
FR,2026,False,7,8429,20,994,0.3909126257830577
FR,2026,False,7,8430,20,994,0.3909126257830577
FR,2026,False,7,8431,20,994,0.3909126257830577
FR,2026,False,7,8434,20,994,0.3909126257830577
FR,2026,False,7,9302,20,994,0.3909126257830577
FR,2026,False,8,2404,23,994,0.3909126257830577
FR,2026,False,8,2414,23,994,0.3909126257830577
FR,2026,False,8,2710,23,994,0.3909126257830577
FR,2026,False,8,2810,23,994,0.3909126257830577
FR,2026,False,8,2811,23,994,0.3909126257830577
FR,2026,False,8,3201,23,994,0.3909126257830577
FR,2026,False,8,3206,23,994,0.3909126257830577
FR,2026,False,8,3221,23,994,0.3909126257830577
FR,2026,False,8,4419,23,994,0.3909126257830577
FR,2026,False,8,5207,23,994,0.3909126257830577
FR,2026,False,8,5309,23,994,0.3909126257830577
FR,2026,False,8,5316,23,994,0.3909126257830577
FR,2026,False,8,60,23,994,0.3909126257830577
FR,2026,False,8,7512,23,994,0.3909126257830577
FR,2026,False,8,7516,23,994,0.3909126257830577
FR,2026,False,8,7519,23,994,0.3909126257830577
FR,2026,False,8,7521,23,994,0.3909126257830577
FR,2026,False,8,7530,23,994,0.3909126257830577
FR,2026,False,8,7531,23,994,0.3909126257830577
FR,2026,False,8,7608,23,994,0.3909126257830577
FR,2026,False,8,8404,23,994,0.3909126257830577
FR,2026,False,8,8418,23,994,0.3909126257830577
FR,2026,False,8,8419,23,994,0.3909126257830577
FR,2026,False,9,1101,30,994,0.3909126257830577
FR,2026,False,9,1113,30,994,0.3909126257830577
FR,2026,False,9,2410,30,994,0.3909126257830577
FR,2026,False,9,2715,30,994,0.3909126257830577
FR,2026,False,9,2814,30,994,0.3909126257830577
FR,2026,False,9,3210,30,994,0.3909126257830577
FR,2026,False,9,4402,30,994,0.3909126257830577
FR,2026,False,9,4405,30,994,0.3909126257830577
FR,2026,False,9,4415,30,994,0.3909126257830577
FR,2026,False,9,51,30,994,0.3909126257830577
FR,2026,False,9,5201,30,994,0.3909126257830577
FR,2026,False,9,5210,30,994,0.3909126257830577
FR,2026,False,9,5211,30,994,0.3909126257830577
FR,2026,False,9,5312,30,994,0.3909126257830577
FR,2026,False,9,5319,30,994,0.3909126257830577
FR,2026,False,9,55,30,994,0.3909126257830577
FR,2026,False,9,7502,30,994,0.3909126257830577
FR,2026,False,9,7506,30,994,0.3909126257830577
FR,2026,False,9,7508,30,994,0.3909126257830577
FR,2026,False,9,7602,30,994,0.3909126257830577
FR,2026,False,9,7605,30,994,0.3909126257830577
FR,2026,False,9,7606,30,994,0.3909126257830577
FR,2026,False,9,7610,30,994,0.3909126257830577
FR,2026,False,9,7617,30,994,0.3909126257830577
FR,2026,False,9,7618,30,994,0.3909126257830577
FR,2026,False,9,7623,30,994,0.3909126257830577
FR,2026,False,9,8402,30,994,0.3909126257830577
FR,2026,False,9,8407,30,994,0.3909126257830577
FR,2026,False,9,8425,30,994,0.3909126257830577
FR,2026,False,9,9311,30,994,0.3909126257830577
FR,2026,False,10,1105,12,994,0.3909126257830577
FR,2026,False,10,2812,12,994,0.3909126257830577
FR,2026,False,10,3207,12,994,0.3909126257830577
FR,2026,False,10,7616,12,994,0.3909126257830577
FR,2026,False,10,7621,12,994,0.3909126257830577
FR,2026,False,10,7622,12,994,0.3909126257830577
FR,2026,False,10,8409,12,994,0.3909126257830577
FR,2026,False,10,8421,12,994,0.3909126257830577
FR,2026,False,10,8428,12,994,0.3909126257830577
FR,2026,False,10,8433,12,994,0.3909126257830577
FR,2026,False,10,8435,12,994,0.3909126257830577
FR,2026,False,10,9303,12,994,0.3909126257830577
FR,2026,False,11,1115,23,994,0.3909126257830577
FR,2026,False,11,2717,23,994,0.3909126257830577
FR,2026,False,11,2718,23,994,0.3909126257830577
FR,2026,False,11,3213,23,994,0.3909126257830577
FR,2026,False,11,4413,23,994,0.3909126257830577
FR,2026,False,11,4423,23,994,0.3909126257830577
FR,2026,False,11,52,23,994,0.3909126257830577
FR,2026,False,11,5206,23,994,0.3909126257830577
FR,2026,False,11,5215,23,994,0.3909126257830577
FR,2026,False,11,5216,23,994,0.3909126257830577
FR,2026,False,11,5219,23,994,0.3909126257830577
FR,2026,False,11,5304,23,994,0.3909126257830577
FR,2026,False,11,5315,23,994,0.3909126257830577
FR,2026,False,11,54,23,994,0.3909126257830577
FR,2026,False,11,7501,23,994,0.3909126257830577
FR,2026,False,11,7505,23,994,0.3909126257830577
FR,2026,False,11,7620,23,994,0.3909126257830577
FR,2026,False,11,7625,23,994,0.3909126257830577
FR,2026,False,11,8406,23,994,0.3909126257830577
FR,2026,False,11,9307,23,994,0.3909126257830577
FR,2026,False,11,9312,23,994,0.3909126257830577
FR,2026,False,11,9314,23,994,0.3909126257830577
FR,2026,False,11,9317,23,994,0.3909126257830577
FR,2017,True,0,1104,13,915,0.3836643881447538
FR,2017,True,0,1105,13,915,0.3836643881447538
FR,2017,True,0,1112,13,915,0.3836643881447538
FR,2017,True,0,2807,13,915,0.3836643881447538
FR,2017,True,0,4417,13,915,0.3836643881447538
FR,2017,True,0,5210,13,915,0.3836643881447538
FR,2017,True,0,5310,13,915,0.3836643881447538
FR,2017,True,0,7504,13,915,0.3836643881447538
FR,2017,True,0,7519,13,915,0.3836643881447538
FR,2017,True,0,7523,13,915,0.3836643881447538
FR,2017,True,0,8412,13,915,0.3836643881447538
FR,2017,True,0,8427,13,915,0.3836643881447538
FR,2017,True,0,9309,13,915,0.3836643881447538
FR,2017,True,1,1108,22,915,0.3836643881447538
FR,2017,True,1,1113,22,915,0.3836643881447538
FR,2017,True,1,2404,22,915,0.3836643881447538
FR,2017,True,1,3206,22,915,0.3836643881447538
FR,2017,True,1,4411,22,915,0.3836643881447538
FR,2017,True,1,4412,22,915,0.3836643881447538
FR,2017,True,1,4414,22,915,0.3836643881447538
FR,2017,True,1,5220,22,915,0.3836643881447538
FR,2017,True,1,5303,22,915,0.3836643881447538
FR,2017,True,1,5314,22,915,0.3836643881447538
FR,2017,True,1,7505,22,915,0.3836643881447538
FR,2017,True,1,7513,22,915,0.3836643881447538
FR,2017,True,1,7528,22,915,0.3836643881447538
FR,2017,True,1,7607,22,915,0.3836643881447538
FR,2017,True,1,7615,22,915,0.3836643881447538
FR,2017,True,1,7617,22,915,0.3836643881447538
FR,2017,True,1,8419,22,915,0.3836643881447538
FR,2017,True,1,8426,22,915,0.3836643881447538
FR,2017,True,1,8434,22,915,0.3836643881447538
FR,2017,True,1,9305,22,915,0.3836643881447538
FR,2017,True,1,9313,22,915,0.3836643881447538
FR,2017,True,1,9317,22,915,0.3836643881447538
FR,2017,True,2,2405,25,915,0.3836643881447538
FR,2017,True,2,2408,25,915,0.3836643881447538
FR,2017,True,2,2414,25,915,0.3836643881447538
FR,2017,True,2,2710,25,915,0.3836643881447538
FR,2017,True,2,2713,25,915,0.3836643881447538
FR,2017,True,2,2714,25,915,0.3836643881447538
FR,2017,True,2,2802,25,915,0.3836643881447538
FR,2017,True,2,2803,25,915,0.3836643881447538
FR,2017,True,2,3217,25,915,0.3836643881447538
FR,2017,True,2,3219,25,915,0.3836643881447538
FR,2017,True,2,4418,25,915,0.3836643881447538
FR,2017,True,2,5204,25,915,0.3836643881447538
FR,2017,True,2,5207,25,915,0.3836643881447538
FR,2017,True,2,5218,25,915,0.3836643881447538
FR,2017,True,2,56,25,915,0.3836643881447538
FR,2017,True,2,7531,25,915,0.3836643881447538
FR,2017,True,2,7603,25,915,0.3836643881447538
FR,2017,True,2,7604,25,915,0.3836643881447538
FR,2017,True,2,7606,25,915,0.3836643881447538
FR,2017,True,2,8416,25,915,0.3836643881447538
FR,2017,True,2,8425,25,915,0.3836643881447538
FR,2017,True,2,9310,25,915,0.3836643881447538
FR,2017,True,2,9311,25,915,0.3836643881447538
FR,2017,True,2,9312,25,915,0.3836643881447538
FR,2017,True,2,9318,25,915,0.3836643881447538
FR,2017,True,3,2401,23,915,0.3836643881447538
FR,2017,True,3,2403,23,915,0.3836643881447538
FR,2017,True,3,2409,23,915,0.3836643881447538
FR,2017,True,3,2718,23,915,0.3836643881447538
FR,2017,True,3,2806,23,915,0.3836643881447538
FR,2017,True,3,2811,23,915,0.3836643881447538
FR,2017,True,3,2815,23,915,0.3836643881447538
FR,2017,True,3,2816,23,915,0.3836643881447538
FR,2017,True,3,3204,23,915,0.3836643881447538
FR,2017,True,3,3209,23,915,0.3836643881447538
FR,2017,True,3,4405,23,915,0.3836643881447538
FR,2017,True,3,4413,23,915,0.3836643881447538
FR,2017,True,3,51,23,915,0.3836643881447538
FR,2017,True,3,5205,23,915,0.3836643881447538
FR,2017,True,3,5206,23,915,0.3836643881447538
FR,2017,True,3,5213,23,915,0.3836643881447538
FR,2017,True,3,5219,23,915,0.3836643881447538
FR,2017,True,3,7530,23,915,0.3836643881447538
FR,2017,True,3,7532,23,915,0.3836643881447538
FR,2017,True,3,7605,23,915,0.3836643881447538
FR,2017,True,3,7609,23,915,0.3836643881447538
FR,2017,True,3,8408,23,915,0.3836643881447538
FR,2017,True,3,8418,23,915,0.3836643881447538
FR,2017,True,4,1101,43,915,0.3836643881447538
FR,2017,True,4,1102,43,915,0.3836643881447538
FR,2017,True,4,1109,43,915,0.3836643881447538
FR,2017,True,4,1111,43,915,0.3836643881447538
FR,2017,True,4,1114,43,915,0.3836643881447538
FR,2017,True,4,2412,43,915,0.3836643881447538
FR,2017,True,4,2413,43,915,0.3836643881447538
FR,2017,True,4,2701,43,915,0.3836643881447538
FR,2017,True,4,2707,43,915,0.3836643881447538
FR,2017,True,4,2712,43,915,0.3836643881447538
FR,2017,True,4,2715,43,915,0.3836643881447538
FR,2017,True,4,3201,43,915,0.3836643881447538
FR,2017,True,4,3202,43,915,0.3836643881447538
FR,2017,True,4,3205,43,915,0.3836643881447538
FR,2017,True,4,3213,43,915,0.3836643881447538
FR,2017,True,4,3214,43,915,0.3836643881447538
FR,2017,True,4,4404,43,915,0.3836643881447538
FR,2017,True,4,4419,43,915,0.3836643881447538
FR,2017,True,4,4427,43,915,0.3836643881447538
FR,2017,True,4,5201,43,915,0.3836643881447538
FR,2017,True,4,5202,43,915,0.3836643881447538
FR,2017,True,4,5209,43,915,0.3836643881447538
FR,2017,True,4,5211,43,915,0.3836643881447538
FR,2017,True,4,5215,43,915,0.3836643881447538
FR,2017,True,4,5216,43,915,0.3836643881447538
FR,2017,True,4,5217,43,915,0.3836643881447538
FR,2017,True,4,53,43,915,0.3836643881447538
FR,2017,True,4,5305,43,915,0.3836643881447538
FR,2017,True,4,5307,43,915,0.3836643881447538
FR,2017,True,4,5316,43,915,0.3836643881447538
FR,2017,True,4,5319,43,915,0.3836643881447538
FR,2017,True,4,55,43,915,0.3836643881447538
FR,2017,True,4,58,43,915,0.3836643881447538
FR,2017,True,4,60,43,915,0.3836643881447538
FR,2017,True,4,7509,43,915,0.3836643881447538
FR,2017,True,4,7517,43,915,0.3836643881447538
FR,2017,True,4,7529,43,915,0.3836643881447538
FR,2017,True,4,7619,43,915,0.3836643881447538
FR,2017,True,4,8421,43,915,0.3836643881447538
FR,2017,True,4,8424,43,915,0.3836643881447538
FR,2017,True,4,8432,43,915,0.3836643881447538
FR,2017,True,4,9314,43,915,0.3836643881447538
FR,2017,True,4,9316,43,915,0.3836643881447538
FR,2017,True,5,1103,32,915,0.3836643881447538
FR,2017,True,5,2801,32,915,0.3836643881447538
FR,2017,True,5,2810,32,915,0.3836643881447538
FR,2017,True,5,2819,32,915,0.3836643881447538
FR,2017,True,5,4401,32,915,0.3836643881447538
FR,2017,True,5,4403,32,915,0.3836643881447538
FR,2017,True,5,4406,32,915,0.3836643881447538
FR,2017,True,5,4407,32,915,0.3836643881447538
FR,2017,True,5,4415,32,915,0.3836643881447538
FR,2017,True,5,4423,32,915,0.3836643881447538
FR,2017,True,5,52,32,915,0.3836643881447538
FR,2017,True,5,5302,32,915,0.3836643881447538
FR,2017,True,5,5312,32,915,0.3836643881447538
FR,2017,True,5,5315,32,915,0.3836643881447538
FR,2017,True,5,7501,32,915,0.3836643881447538
FR,2017,True,5,7502,32,915,0.3836643881447538
FR,2017,True,5,7524,32,915,0.3836643881447538
FR,2017,True,5,7525,32,915,0.3836643881447538
FR,2017,True,5,7526,32,915,0.3836643881447538
FR,2017,True,5,7527,32,915,0.3836643881447538
FR,2017,True,5,7601,32,915,0.3836643881447538
FR,2017,True,5,7608,32,915,0.3836643881447538
FR,2017,True,5,7610,32,915,0.3836643881447538
FR,2017,True,5,7611,32,915,0.3836643881447538
FR,2017,True,5,7618,32,915,0.3836643881447538
FR,2017,True,5,7620,32,915,0.3836643881447538
FR,2017,True,5,7624,32,915,0.3836643881447538
FR,2017,True,5,8402,32,915,0.3836643881447538
FR,2017,True,5,8405,32,915,0.3836643881447538
FR,2017,True,5,8415,32,915,0.3836643881447538
FR,2017,True,5,9301,32,915,0.3836643881447538
FR,2017,True,5,9315,32,915,0.3836643881447538
FR,2017,True,6,1107,34,915,0.3836643881447538
FR,2017,True,6,1110,34,915,0.3836643881447538
FR,2017,True,6,2410,34,915,0.3836643881447538
FR,2017,True,6,2415,34,915,0.3836643881447538
FR,2017,True,6,2709,34,915,0.3836643881447538
FR,2017,True,6,2716,34,915,0.3836643881447538
FR,2017,True,6,2809,34,915,0.3836643881447538
FR,2017,True,6,2813,34,915,0.3836643881447538
FR,2017,True,6,3210,34,915,0.3836643881447538
FR,2017,True,6,3215,34,915,0.3836643881447538
FR,2017,True,6,3216,34,915,0.3836643881447538
FR,2017,True,6,4402,34,915,0.3836643881447538
FR,2017,True,6,4408,34,915,0.3836643881447538
FR,2017,True,6,4416,34,915,0.3836643881447538
FR,2017,True,6,4421,34,915,0.3836643881447538
FR,2017,True,6,4422,34,915,0.3836643881447538
FR,2017,True,6,4424,34,915,0.3836643881447538
FR,2017,True,6,4426,34,915,0.3836643881447538
FR,2017,True,6,5203,34,915,0.3836643881447538
FR,2017,True,6,5212,34,915,0.3836643881447538
FR,2017,True,6,5214,34,915,0.3836643881447538
FR,2017,True,6,5304,34,915,0.3836643881447538
FR,2017,True,6,5317,34,915,0.3836643881447538
FR,2017,True,6,5318,34,915,0.3836643881447538
FR,2017,True,6,62,34,915,0.3836643881447538
FR,2017,True,6,64,34,915,0.3836643881447538
FR,2017,True,6,7510,34,915,0.3836643881447538
FR,2017,True,6,7511,34,915,0.3836643881447538
FR,2017,True,6,7516,34,915,0.3836643881447538
FR,2017,True,6,7518,34,915,0.3836643881447538
FR,2017,True,6,7522,34,915,0.3836643881447538
FR,2017,True,6,7612,34,915,0.3836643881447538
FR,2017,True,6,7622,34,915,0.3836643881447538
FR,2017,True,6,9302,34,915,0.3836643881447538
FR,2017,True,7,2406,29,915,0.3836643881447538
FR,2017,True,7,2407,29,915,0.3836643881447538
FR,2017,True,7,2704,29,915,0.3836643881447538
FR,2017,True,7,2705,29,915,0.3836643881447538
FR,2017,True,7,2708,29,915,0.3836643881447538
FR,2017,True,7,2808,29,915,0.3836643881447538
FR,2017,True,7,3207,29,915,0.3836643881447538
FR,2017,True,7,3208,29,915,0.3836643881447538
FR,2017,True,7,3218,29,915,0.3836643881447538
FR,2017,True,7,3221,29,915,0.3836643881447538
FR,2017,True,7,4409,29,915,0.3836643881447538
FR,2017,True,7,5208,29,915,0.3836643881447538
FR,2017,True,7,5313,29,915,0.3836643881447538
FR,2017,True,7,54,29,915,0.3836643881447538
FR,2017,True,7,59,29,915,0.3836643881447538
FR,2017,True,7,61,29,915,0.3836643881447538
FR,2017,True,7,7503,29,915,0.3836643881447538
FR,2017,True,7,7506,29,915,0.3836643881447538
FR,2017,True,7,7507,29,915,0.3836643881447538
FR,2017,True,7,7508,29,915,0.3836643881447538
FR,2017,True,7,7512,29,915,0.3836643881447538
FR,2017,True,7,7515,29,915,0.3836643881447538
FR,2017,True,7,7623,29,915,0.3836643881447538
FR,2017,True,7,8406,29,915,0.3836643881447538
FR,2017,True,7,8414,29,915,0.3836643881447538
FR,2017,True,7,8417,29,915,0.3836643881447538
FR,2017,True,7,8420,29,915,0.3836643881447538
FR,2017,True,7,8431,29,915,0.3836643881447538
FR,2017,True,7,9307,29,915,0.3836643881447538
FR,2017,True,8,2402,24,915,0.3836643881447538
FR,2017,True,8,2411,24,915,0.3836643881447538
FR,2017,True,8,2703,24,915,0.3836643881447538
FR,2017,True,8,2717,24,915,0.3836643881447538
FR,2017,True,8,2804,24,915,0.3836643881447538
FR,2017,True,8,2805,24,915,0.3836643881447538
FR,2017,True,8,3212,24,915,0.3836643881447538
FR,2017,True,8,3222,24,915,0.3836643881447538
FR,2017,True,8,4410,24,915,0.3836643881447538
FR,2017,True,8,4420,24,915,0.3836643881447538
FR,2017,True,8,5221,24,915,0.3836643881447538
FR,2017,True,8,5301,24,915,0.3836643881447538
FR,2017,True,8,5308,24,915,0.3836643881447538
FR,2017,True,8,5309,24,915,0.3836643881447538
FR,2017,True,8,63,24,915,0.3836643881447538
FR,2017,True,8,7520,24,915,0.3836643881447538
FR,2017,True,8,7602,24,915,0.3836643881447538
FR,2017,True,8,7621,24,915,0.3836643881447538
FR,2017,True,8,8404,24,915,0.3836643881447538
FR,2017,True,8,8409,24,915,0.3836643881447538
FR,2017,True,8,8411,24,915,0.3836643881447538
FR,2017,True,8,8429,24,915,0.3836643881447538
FR,2017,True,8,8430,24,915,0.3836643881447538
FR,2017,True,8,8435,24,915,0.3836643881447538
FR,2017,True,9,1106,35,915,0.3836643881447538
FR,2017,True,9,1115,35,915,0.3836643881447538
FR,2017,True,9,2702,35,915,0.3836643881447538
FR,2017,True,9,2706,35,915,0.3836643881447538
FR,2017,True,9,2711,35,915,0.3836643881447538
FR,2017,True,9,2812,35,915,0.3836643881447538
FR,2017,True,9,2814,35,915,0.3836643881447538
FR,2017,True,9,2817,35,915,0.3836643881447538
FR,2017,True,9,2818,35,915,0.3836643881447538
FR,2017,True,9,3203,35,915,0.3836643881447538
FR,2017,True,9,3211,35,915,0.3836643881447538
FR,2017,True,9,3220,35,915,0.3836643881447538
FR,2017,True,9,4425,35,915,0.3836643881447538
FR,2017,True,9,5306,35,915,0.3836643881447538
FR,2017,True,9,5311,35,915,0.3836643881447538
FR,2017,True,9,57,35,915,0.3836643881447538
FR,2017,True,9,7514,35,915,0.3836643881447538
FR,2017,True,9,7521,35,915,0.3836643881447538
FR,2017,True,9,7613,35,915,0.3836643881447538
FR,2017,True,9,7614,35,915,0.3836643881447538
FR,2017,True,9,7616,35,915,0.3836643881447538
FR,2017,True,9,7625,35,915,0.3836643881447538
FR,2017,True,9,8401,35,915,0.3836643881447538
FR,2017,True,9,8403,35,915,0.3836643881447538
FR,2017,True,9,8407,35,915,0.3836643881447538
FR,2017,True,9,8410,35,915,0.3836643881447538
FR,2017,True,9,8413,35,915,0.3836643881447538
FR,2017,True,9,8422,35,915,0.3836643881447538
FR,2017,True,9,8423,35,915,0.3836643881447538
FR,2017,True,9,8428,35,915,0.3836643881447538
FR,2017,True,9,8433,35,915,0.3836643881447538
FR,2017,True,9,9303,35,915,0.3836643881447538
FR,2017,True,9,9304,35,915,0.3836643881447538
FR,2017,True,9,9306,35,915,0.3836643881447538
FR,2017,True,9,9308,35,915,0.3836643881447538
FR,2018,True,0,1111,29,901,0.3887526847047281
FR,2018,True,0,2403,29,901,0.3887526847047281
FR,2018,True,0,2405,29,901,0.3887526847047281
FR,2018,True,0,2701,29,901,0.3887526847047281
FR,2018,True,0,2710,29,901,0.3887526847047281
FR,2018,True,0,2715,29,901,0.3887526847047281
FR,2018,True,0,2814,29,901,0.3887526847047281
FR,2018,True,0,2816,29,901,0.3887526847047281
FR,2018,True,0,2817,29,901,0.3887526847047281
FR,2018,True,0,3202,29,901,0.3887526847047281
FR,2018,True,0,3205,29,901,0.3887526847047281
FR,2018,True,0,4409,29,901,0.3887526847047281
FR,2018,True,0,4419,29,901,0.3887526847047281
FR,2018,True,0,5208,29,901,0.3887526847047281
FR,2018,True,0,5213,29,901,0.3887526847047281
FR,2018,True,0,53,29,901,0.3887526847047281
FR,2018,True,0,5307,29,901,0.3887526847047281
FR,2018,True,0,5314,29,901,0.3887526847047281
FR,2018,True,0,5318,29,901,0.3887526847047281
FR,2018,True,0,55,29,901,0.3887526847047281
FR,2018,True,0,61,29,901,0.3887526847047281
FR,2018,True,0,63,29,901,0.3887526847047281
FR,2018,True,0,7514,29,901,0.3887526847047281
FR,2018,True,0,7530,29,901,0.3887526847047281
FR,2018,True,0,7532,29,901,0.3887526847047281
FR,2018,True,0,8408,29,901,0.3887526847047281
FR,2018,True,0,9307,29,901,0.3887526847047281
FR,2018,True,0,9314,29,901,0.3887526847047281
FR,2018,True,0,9316,29,901,0.3887526847047281
FR,2018,True,1,2407,17,901,0.3887526847047281
FR,2018,True,1,2409,17,901,0.3887526847047281
FR,2018,True,1,2415,17,901,0.3887526847047281
FR,2018,True,1,2718,17,901,0.3887526847047281
FR,2018,True,1,3203,17,901,0.3887526847047281
FR,2018,True,1,3218,17,901,0.3887526847047281
FR,2018,True,1,51,17,901,0.3887526847047281
FR,2018,True,1,5304,17,901,0.3887526847047281
FR,2018,True,1,59,17,901,0.3887526847047281
FR,2018,True,1,7515,17,901,0.3887526847047281
FR,2018,True,1,7518,17,901,0.3887526847047281
FR,2018,True,1,7519,17,901,0.3887526847047281
FR,2018,True,1,7609,17,901,0.3887526847047281
FR,2018,True,1,8409,17,901,0.3887526847047281
FR,2018,True,1,8410,17,901,0.3887526847047281
FR,2018,True,1,8418,17,901,0.3887526847047281
FR,2018,True,1,9309,17,901,0.3887526847047281
FR,2018,True,2,1101,26,901,0.3887526847047281
FR,2018,True,2,1103,26,901,0.3887526847047281
FR,2018,True,2,1110,26,901,0.3887526847047281
FR,2018,True,2,2404,26,901,0.3887526847047281
FR,2018,True,2,2406,26,901,0.3887526847047281
FR,2018,True,2,2714,26,901,0.3887526847047281
FR,2018,True,2,4412,26,901,0.3887526847047281
FR,2018,True,2,4416,26,901,0.3887526847047281
FR,2018,True,2,4421,26,901,0.3887526847047281
FR,2018,True,2,5201,26,901,0.3887526847047281
FR,2018,True,2,5220,26,901,0.3887526847047281
FR,2018,True,2,5303,26,901,0.3887526847047281
FR,2018,True,2,5310,26,901,0.3887526847047281
FR,2018,True,2,60,26,901,0.3887526847047281
FR,2018,True,2,7506,26,901,0.3887526847047281
FR,2018,True,2,7511,26,901,0.3887526847047281
FR,2018,True,2,7512,26,901,0.3887526847047281
FR,2018,True,2,7603,26,901,0.3887526847047281
FR,2018,True,2,7607,26,901,0.3887526847047281
FR,2018,True,2,7621,26,901,0.3887526847047281
FR,2018,True,2,8404,26,901,0.3887526847047281
FR,2018,True,2,8426,26,901,0.3887526847047281
FR,2018,True,2,8431,26,901,0.3887526847047281
FR,2018,True,2,8432,26,901,0.3887526847047281
FR,2018,True,2,8434,26,901,0.3887526847047281
FR,2018,True,2,9311,26,901,0.3887526847047281
FR,2018,True,3,1106,22,901,0.3887526847047281
FR,2018,True,3,1114,22,901,0.3887526847047281
FR,2018,True,3,2705,22,901,0.3887526847047281
FR,2018,True,3,2803,22,901,0.3887526847047281
FR,2018,True,3,2808,22,901,0.3887526847047281
FR,2018,True,3,2809,22,901,0.3887526847047281
FR,2018,True,3,3213,22,901,0.3887526847047281
FR,2018,True,3,4408,22,901,0.3887526847047281
FR,2018,True,3,4410,22,901,0.3887526847047281
FR,2018,True,3,4424,22,901,0.3887526847047281
FR,2018,True,3,5205,22,901,0.3887526847047281
FR,2018,True,3,5211,22,901,0.3887526847047281
FR,2018,True,3,58,22,901,0.3887526847047281
FR,2018,True,3,7505,22,901,0.3887526847047281
FR,2018,True,3,7522,22,901,0.3887526847047281
FR,2018,True,3,7602,22,901,0.3887526847047281
FR,2018,True,3,7613,22,901,0.3887526847047281
FR,2018,True,3,7614,22,901,0.3887526847047281
FR,2018,True,3,7625,22,901,0.3887526847047281
FR,2018,True,3,8417,22,901,0.3887526847047281
FR,2018,True,3,8423,22,901,0.3887526847047281
FR,2018,True,3,8428,22,901,0.3887526847047281
FR,2018,True,4,1109,25,901,0.3887526847047281
FR,2018,True,4,1113,25,901,0.3887526847047281
FR,2018,True,4,1115,25,901,0.3887526847047281
FR,2018,True,4,2413,25,901,0.3887526847047281
FR,2018,True,4,2804,25,901,0.3887526847047281
FR,2018,True,4,2811,25,901,0.3887526847047281
FR,2018,True,4,3206,25,901,0.3887526847047281
FR,2018,True,4,3214,25,901,0.3887526847047281
FR,2018,True,4,4417,25,901,0.3887526847047281
FR,2018,True,4,4418,25,901,0.3887526847047281
FR,2018,True,4,4425,25,901,0.3887526847047281
FR,2018,True,4,5210,25,901,0.3887526847047281
FR,2018,True,4,5221,25,901,0.3887526847047281
FR,2018,True,4,5301,25,901,0.3887526847047281
FR,2018,True,4,5315,25,901,0.3887526847047281
FR,2018,True,4,57,25,901,0.3887526847047281
FR,2018,True,4,62,25,901,0.3887526847047281
FR,2018,True,4,7523,25,901,0.3887526847047281
FR,2018,True,4,7528,25,901,0.3887526847047281
FR,2018,True,4,7604,25,901,0.3887526847047281
FR,2018,True,4,7608,25,901,0.3887526847047281
FR,2018,True,4,7616,25,901,0.3887526847047281
FR,2018,True,4,8412,25,901,0.3887526847047281
FR,2018,True,4,8421,25,901,0.3887526847047281
FR,2018,True,4,9318,25,901,0.3887526847047281
FR,2018,True,5,2707,12,901,0.3887526847047281
FR,2018,True,5,2818,12,901,0.3887526847047281
FR,2018,True,5,3207,12,901,0.3887526847047281
FR,2018,True,5,4401,12,901,0.3887526847047281
FR,2018,True,5,4411,12,901,0.3887526847047281
FR,2018,True,5,4427,12,901,0.3887526847047281
FR,2018,True,5,64,12,901,0.3887526847047281
FR,2018,True,5,7525,12,901,0.3887526847047281
FR,2018,True,5,7624,12,901,0.3887526847047281
FR,2018,True,5,8406,12,901,0.3887526847047281
FR,2018,True,5,9306,12,901,0.3887526847047281
FR,2018,True,5,9313,12,901,0.3887526847047281
FR,2018,True,6,1108,28,901,0.3887526847047281
FR,2018,True,6,2410,28,901,0.3887526847047281
FR,2018,True,6,2708,28,901,0.3887526847047281
FR,2018,True,6,2806,28,901,0.3887526847047281
FR,2018,True,6,2810,28,901,0.3887526847047281
FR,2018,True,6,3201,28,901,0.3887526847047281
FR,2018,True,6,3222,28,901,0.3887526847047281
FR,2018,True,6,4404,28,901,0.3887526847047281
FR,2018,True,6,4426,28,901,0.3887526847047281
FR,2018,True,6,5203,28,901,0.3887526847047281
FR,2018,True,6,5212,28,901,0.3887526847047281
FR,2018,True,6,5215,28,901,0.3887526847047281
FR,2018,True,6,5219,28,901,0.3887526847047281
FR,2018,True,6,5316,28,901,0.3887526847047281
FR,2018,True,6,5317,28,901,0.3887526847047281
FR,2018,True,6,7502,28,901,0.3887526847047281
FR,2018,True,6,7503,28,901,0.3887526847047281
FR,2018,True,6,7504,28,901,0.3887526847047281
FR,2018,True,6,7507,28,901,0.3887526847047281
FR,2018,True,6,7509,28,901,0.3887526847047281
FR,2018,True,6,7513,28,901,0.3887526847047281
FR,2018,True,6,7620,28,901,0.3887526847047281
FR,2018,True,6,7622,28,901,0.3887526847047281
FR,2018,True,6,8402,28,901,0.3887526847047281
FR,2018,True,6,8420,28,901,0.3887526847047281
FR,2018,True,6,9302,28,901,0.3887526847047281
FR,2018,True,6,9308,28,901,0.3887526847047281
FR,2018,True,6,9312,28,901,0.3887526847047281
FR,2018,True,7,1104,24,901,0.3887526847047281
FR,2018,True,7,1107,24,901,0.3887526847047281
FR,2018,True,7,1112,24,901,0.3887526847047281
FR,2018,True,7,2408,24,901,0.3887526847047281
FR,2018,True,7,2702,24,901,0.3887526847047281
FR,2018,True,7,2709,24,901,0.3887526847047281
FR,2018,True,7,2713,24,901,0.3887526847047281
FR,2018,True,7,2813,24,901,0.3887526847047281
FR,2018,True,7,3211,24,901,0.3887526847047281
FR,2018,True,7,3221,24,901,0.3887526847047281
FR,2018,True,7,4402,24,901,0.3887526847047281
FR,2018,True,7,4414,24,901,0.3887526847047281
FR,2018,True,7,4415,24,901,0.3887526847047281
FR,2018,True,7,5218,24,901,0.3887526847047281
FR,2018,True,7,5302,24,901,0.3887526847047281
FR,2018,True,7,5305,24,901,0.3887526847047281
FR,2018,True,7,7510,24,901,0.3887526847047281
FR,2018,True,7,7516,24,901,0.3887526847047281
FR,2018,True,7,7605,24,901,0.3887526847047281
FR,2018,True,7,8403,24,901,0.3887526847047281
FR,2018,True,7,8405,24,901,0.3887526847047281
FR,2018,True,7,8427,24,901,0.3887526847047281
FR,2018,True,7,9304,24,901,0.3887526847047281
FR,2018,True,7,9305,24,901,0.3887526847047281
FR,2018,True,8,1105,32,901,0.3887526847047281
FR,2018,True,8,2704,32,901,0.3887526847047281
FR,2018,True,8,2716,32,901,0.3887526847047281
FR,2018,True,8,2717,32,901,0.3887526847047281
FR,2018,True,8,2801,32,901,0.3887526847047281
FR,2018,True,8,2815,32,901,0.3887526847047281
FR,2018,True,8,3209,32,901,0.3887526847047281
FR,2018,True,8,3210,32,901,0.3887526847047281
FR,2018,True,8,3215,32,901,0.3887526847047281
FR,2018,True,8,3217,32,901,0.3887526847047281
FR,2018,True,8,3219,32,901,0.3887526847047281
FR,2018,True,8,4405,32,901,0.3887526847047281
FR,2018,True,8,4420,32,901,0.3887526847047281
FR,2018,True,8,4422,32,901,0.3887526847047281
FR,2018,True,8,5206,32,901,0.3887526847047281
FR,2018,True,8,5207,32,901,0.3887526847047281
FR,2018,True,8,5216,32,901,0.3887526847047281
FR,2018,True,8,5217,32,901,0.3887526847047281
FR,2018,True,8,5306,32,901,0.3887526847047281
FR,2018,True,8,5309,32,901,0.3887526847047281
FR,2018,True,8,54,32,901,0.3887526847047281
FR,2018,True,8,56,32,901,0.3887526847047281
FR,2018,True,8,7501,32,901,0.3887526847047281
FR,2018,True,8,7517,32,901,0.3887526847047281
FR,2018,True,8,7610,32,901,0.3887526847047281
FR,2018,True,8,7612,32,901,0.3887526847047281
FR,2018,True,8,7623,32,901,0.3887526847047281
FR,2018,True,8,8415,32,901,0.3887526847047281
FR,2018,True,8,8429,32,901,0.3887526847047281
FR,2018,True,8,8430,32,901,0.3887526847047281
FR,2018,True,8,9310,32,901,0.3887526847047281
FR,2018,True,8,9315,32,901,0.3887526847047281
FR,2018,True,9,2402,18,901,0.3887526847047281
FR,2018,True,9,2411,18,901,0.3887526847047281
FR,2018,True,9,2711,18,901,0.3887526847047281
FR,2018,True,9,2807,18,901,0.3887526847047281
FR,2018,True,9,3208,18,901,0.3887526847047281
FR,2018,True,9,3220,18,901,0.3887526847047281
FR,2018,True,9,52,18,901,0.3887526847047281
FR,2018,True,9,5202,18,901,0.3887526847047281
FR,2018,True,9,5214,18,901,0.3887526847047281
FR,2018,True,9,5311,18,901,0.3887526847047281
FR,2018,True,9,7521,18,901,0.3887526847047281
FR,2018,True,9,7529,18,901,0.3887526847047281
FR,2018,True,9,7606,18,901,0.3887526847047281
FR,2018,True,9,7615,18,901,0.3887526847047281
FR,2018,True,9,8401,18,901,0.3887526847047281
FR,2018,True,9,8413,18,901,0.3887526847047281
FR,2018,True,9,8416,18,901,0.3887526847047281
FR,2018,True,9,9303,18,901,0.3887526847047281
FR,2018,True,10,2401,21,901,0.3887526847047281
FR,2018,True,10,2703,21,901,0.3887526847047281
FR,2018,True,10,2712,21,901,0.3887526847047281
FR,2018,True,10,2805,21,901,0.3887526847047281
FR,2018,True,10,2812,21,901,0.3887526847047281
FR,2018,True,10,3204,21,901,0.3887526847047281
FR,2018,True,10,3216,21,901,0.3887526847047281
FR,2018,True,10,4403,21,901,0.3887526847047281
FR,2018,True,10,4406,21,901,0.3887526847047281
FR,2018,True,10,4413,21,901,0.3887526847047281
FR,2018,True,10,4423,21,901,0.3887526847047281
FR,2018,True,10,5204,21,901,0.3887526847047281
FR,2018,True,10,5308,21,901,0.3887526847047281
FR,2018,True,10,5319,21,901,0.3887526847047281
FR,2018,True,10,7527,21,901,0.3887526847047281
FR,2018,True,10,7601,21,901,0.3887526847047281
FR,2018,True,10,7611,21,901,0.3887526847047281
FR,2018,True,10,8411,21,901,0.3887526847047281
FR,2018,True,10,8419,21,901,0.3887526847047281
FR,2018,True,10,8435,21,901,0.3887526847047281
FR,2018,True,10,9301,21,901,0.3887526847047281
FR,2018,True,11,1102,26,901,0.3887526847047281
FR,2018,True,11,2412,26,901,0.3887526847047281
FR,2018,True,11,2414,26,901,0.3887526847047281
FR,2018,True,11,2706,26,901,0.3887526847047281
FR,2018,True,11,2802,26,901,0.3887526847047281
FR,2018,True,11,2819,26,901,0.3887526847047281
FR,2018,True,11,3212,26,901,0.3887526847047281
FR,2018,True,11,4407,26,901,0.3887526847047281
FR,2018,True,11,5209,26,901,0.3887526847047281
FR,2018,True,11,5312,26,901,0.3887526847047281
FR,2018,True,11,5313,26,901,0.3887526847047281
FR,2018,True,11,7508,26,901,0.3887526847047281
FR,2018,True,11,7520,26,901,0.3887526847047281
FR,2018,True,11,7524,26,901,0.3887526847047281
FR,2018,True,11,7526,26,901,0.3887526847047281
FR,2018,True,11,7531,26,901,0.3887526847047281
FR,2018,True,11,7617,26,901,0.3887526847047281
FR,2018,True,11,7618,26,901,0.3887526847047281
FR,2018,True,11,7619,26,901,0.3887526847047281
FR,2018,True,11,8407,26,901,0.3887526847047281
FR,2018,True,11,8414,26,901,0.3887526847047281
FR,2018,True,11,8422,26,901,0.3887526847047281
FR,2018,True,11,8424,26,901,0.3887526847047281
FR,2018,True,11,8425,26,901,0.3887526847047281
FR,2018,True,11,8433,26,901,0.3887526847047281
FR,2018,True,11,9317,26,901,0.3887526847047281
FR,2019,True,0,1103,33,894,0.40037220336566093
FR,2019,True,0,1108,33,894,0.40037220336566093
FR,2019,True,0,1113,33,894,0.40037220336566093
FR,2019,True,0,2404,33,894,0.40037220336566093
FR,2019,True,0,2415,33,894,0.40037220336566093
FR,2019,True,0,2704,33,894,0.40037220336566093
FR,2019,True,0,2707,33,894,0.40037220336566093
FR,2019,True,0,2710,33,894,0.40037220336566093
FR,2019,True,0,2713,33,894,0.40037220336566093
FR,2019,True,0,2718,33,894,0.40037220336566093
FR,2019,True,0,2809,33,894,0.40037220336566093
FR,2019,True,0,2813,33,894,0.40037220336566093
FR,2019,True,0,3206,33,894,0.40037220336566093
FR,2019,True,0,3217,33,894,0.40037220336566093
FR,2019,True,0,4408,33,894,0.40037220336566093
FR,2019,True,0,4412,33,894,0.40037220336566093
FR,2019,True,0,5202,33,894,0.40037220336566093
FR,2019,True,0,5215,33,894,0.40037220336566093
FR,2019,True,0,55,33,894,0.40037220336566093
FR,2019,True,0,63,33,894,0.40037220336566093
FR,2019,True,0,7504,33,894,0.40037220336566093
FR,2019,True,0,7607,33,894,0.40037220336566093
FR,2019,True,0,7610,33,894,0.40037220336566093
FR,2019,True,0,7613,33,894,0.40037220336566093
FR,2019,True,0,7624,33,894,0.40037220336566093
FR,2019,True,0,8418,33,894,0.40037220336566093
FR,2019,True,0,8427,33,894,0.40037220336566093
FR,2019,True,0,8429,33,894,0.40037220336566093
FR,2019,True,0,8434,33,894,0.40037220336566093
FR,2019,True,0,8435,33,894,0.40037220336566093
FR,2019,True,0,9309,33,894,0.40037220336566093
FR,2019,True,0,9310,33,894,0.40037220336566093
FR,2019,True,0,9316,33,894,0.40037220336566093
FR,2019,True,1,1107,31,894,0.40037220336566093
FR,2019,True,1,2413,31,894,0.40037220336566093
FR,2019,True,1,2706,31,894,0.40037220336566093
FR,2019,True,1,2711,31,894,0.40037220336566093
FR,2019,True,1,2817,31,894,0.40037220336566093
FR,2019,True,1,3202,31,894,0.40037220336566093
FR,2019,True,1,3211,31,894,0.40037220336566093
FR,2019,True,1,3219,31,894,0.40037220336566093
FR,2019,True,1,4407,31,894,0.40037220336566093
FR,2019,True,1,4414,31,894,0.40037220336566093
FR,2019,True,1,5201,31,894,0.40037220336566093
FR,2019,True,1,5206,31,894,0.40037220336566093
FR,2019,True,1,5212,31,894,0.40037220336566093
FR,2019,True,1,5315,31,894,0.40037220336566093
FR,2019,True,1,5316,31,894,0.40037220336566093
FR,2019,True,1,7515,31,894,0.40037220336566093
FR,2019,True,1,7526,31,894,0.40037220336566093
FR,2019,True,1,7527,31,894,0.40037220336566093
FR,2019,True,1,7602,31,894,0.40037220336566093
FR,2019,True,1,7606,31,894,0.40037220336566093
FR,2019,True,1,7608,31,894,0.40037220336566093
FR,2019,True,1,7620,31,894,0.40037220336566093
FR,2019,True,1,8408,31,894,0.40037220336566093
FR,2019,True,1,8409,31,894,0.40037220336566093
FR,2019,True,1,8413,31,894,0.40037220336566093
FR,2019,True,1,8422,31,894,0.40037220336566093
FR,2019,True,1,8428,31,894,0.40037220336566093
FR,2019,True,1,9301,31,894,0.40037220336566093
FR,2019,True,1,9304,31,894,0.40037220336566093
FR,2019,True,1,9311,31,894,0.40037220336566093
FR,2019,True,1,9314,31,894,0.40037220336566093
FR,2019,True,2,1102,34,894,0.40037220336566093
FR,2019,True,2,1110,34,894,0.40037220336566093
FR,2019,True,2,2406,34,894,0.40037220336566093
FR,2019,True,2,2716,34,894,0.40037220336566093
FR,2019,True,2,2717,34,894,0.40037220336566093
FR,2019,True,2,2801,34,894,0.40037220336566093
FR,2019,True,2,2803,34,894,0.40037220336566093
FR,2019,True,2,2812,34,894,0.40037220336566093
FR,2019,True,2,2818,34,894,0.40037220336566093
FR,2019,True,2,3201,34,894,0.40037220336566093
FR,2019,True,2,3204,34,894,0.40037220336566093
FR,2019,True,2,3208,34,894,0.40037220336566093
FR,2019,True,2,3209,34,894,0.40037220336566093
FR,2019,True,2,4404,34,894,0.40037220336566093
FR,2019,True,2,4419,34,894,0.40037220336566093
FR,2019,True,2,5211,34,894,0.40037220336566093
FR,2019,True,2,5214,34,894,0.40037220336566093
FR,2019,True,2,5313,34,894,0.40037220336566093
FR,2019,True,2,58,34,894,0.40037220336566093
FR,2019,True,2,62,34,894,0.40037220336566093
FR,2019,True,2,7501,34,894,0.40037220336566093
FR,2019,True,2,7521,34,894,0.40037220336566093
FR,2019,True,2,7522,34,894,0.40037220336566093
FR,2019,True,2,7529,34,894,0.40037220336566093
FR,2019,True,2,7601,34,894,0.40037220336566093
FR,2019,True,2,7604,34,894,0.40037220336566093
FR,2019,True,2,8401,34,894,0.40037220336566093
FR,2019,True,2,8423,34,894,0.40037220336566093
FR,2019,True,2,8426,34,894,0.40037220336566093
FR,2019,True,2,9303,34,894,0.40037220336566093
FR,2019,True,2,9306,34,894,0.40037220336566093
FR,2019,True,2,9312,34,894,0.40037220336566093
FR,2019,True,2,9315,34,894,0.40037220336566093
FR,2019,True,2,9317,34,894,0.40037220336566093
FR,2019,True,3,1111,19,894,0.40037220336566093
FR,2019,True,3,2405,19,894,0.40037220336566093
FR,2019,True,3,2408,19,894,0.40037220336566093
FR,2019,True,3,2702,19,894,0.40037220336566093
FR,2019,True,3,2703,19,894,0.40037220336566093
FR,2019,True,3,2816,19,894,0.40037220336566093
FR,2019,True,3,4411,19,894,0.40037220336566093
FR,2019,True,3,4422,19,894,0.40037220336566093
FR,2019,True,3,5219,19,894,0.40037220336566093
FR,2019,True,3,5301,19,894,0.40037220336566093
FR,2019,True,3,5305,19,894,0.40037220336566093
FR,2019,True,3,59,19,894,0.40037220336566093
FR,2019,True,3,7525,19,894,0.40037220336566093
FR,2019,True,3,7531,19,894,0.40037220336566093
FR,2019,True,3,7611,19,894,0.40037220336566093
FR,2019,True,3,8420,19,894,0.40037220336566093
FR,2019,True,3,8425,19,894,0.40037220336566093
FR,2019,True,3,8431,19,894,0.40037220336566093
FR,2019,True,3,9313,19,894,0.40037220336566093
FR,2019,True,4,1104,24,894,0.40037220336566093
FR,2019,True,4,1109,24,894,0.40037220336566093
FR,2019,True,4,1112,24,894,0.40037220336566093
FR,2019,True,4,1115,24,894,0.40037220336566093
FR,2019,True,4,2410,24,894,0.40037220336566093
FR,2019,True,4,2815,24,894,0.40037220336566093
FR,2019,True,4,3205,24,894,0.40037220336566093
FR,2019,True,4,4402,24,894,0.40037220336566093
FR,2019,True,4,4424,24,894,0.40037220336566093
FR,2019,True,4,4425,24,894,0.40037220336566093
FR,2019,True,4,51,24,894,0.40037220336566093
FR,2019,True,4,5203,24,894,0.40037220336566093
FR,2019,True,4,53,24,894,0.40037220336566093
FR,2019,True,4,60,24,894,0.40037220336566093
FR,2019,True,4,7512,24,894,0.40037220336566093
FR,2019,True,4,7524,24,894,0.40037220336566093
FR,2019,True,4,7618,24,894,0.40037220336566093
FR,2019,True,4,7625,24,894,0.40037220336566093
FR,2019,True,4,8404,24,894,0.40037220336566093
FR,2019,True,4,8405,24,894,0.40037220336566093
FR,2019,True,4,8407,24,894,0.40037220336566093
FR,2019,True,4,8411,24,894,0.40037220336566093
FR,2019,True,4,8416,24,894,0.40037220336566093
FR,2019,True,4,8421,24,894,0.40037220336566093
FR,2019,True,5,1106,22,894,0.40037220336566093
FR,2019,True,5,1114,22,894,0.40037220336566093
FR,2019,True,5,2414,22,894,0.40037220336566093
FR,2019,True,5,2811,22,894,0.40037220336566093
FR,2019,True,5,2814,22,894,0.40037220336566093
FR,2019,True,5,3203,22,894,0.40037220336566093
FR,2019,True,5,4406,22,894,0.40037220336566093
FR,2019,True,5,4417,22,894,0.40037220336566093
FR,2019,True,5,4426,22,894,0.40037220336566093
FR,2019,True,5,5207,22,894,0.40037220336566093
FR,2019,True,5,5210,22,894,0.40037220336566093
FR,2019,True,5,5312,22,894,0.40037220336566093
FR,2019,True,5,5319,22,894,0.40037220336566093
FR,2019,True,5,7502,22,894,0.40037220336566093
FR,2019,True,5,7510,22,894,0.40037220336566093
FR,2019,True,5,7605,22,894,0.40037220336566093
FR,2019,True,5,7614,22,894,0.40037220336566093
FR,2019,True,5,8410,22,894,0.40037220336566093
FR,2019,True,5,8414,22,894,0.40037220336566093
FR,2019,True,5,8424,22,894,0.40037220336566093
FR,2019,True,5,8430,22,894,0.40037220336566093
FR,2019,True,5,9318,22,894,0.40037220336566093
FR,2019,True,6,2403,16,894,0.40037220336566093
FR,2019,True,6,2411,16,894,0.40037220336566093
FR,2019,True,6,2802,16,894,0.40037220336566093
FR,2019,True,6,4420,16,894,0.40037220336566093
FR,2019,True,6,4427,16,894,0.40037220336566093
FR,2019,True,6,52,16,894,0.40037220336566093
FR,2019,True,6,5306,16,894,0.40037220336566093
FR,2019,True,6,5307,16,894,0.40037220336566093
FR,2019,True,6,7511,16,894,0.40037220336566093
FR,2019,True,6,7609,16,894,0.40037220336566093
FR,2019,True,6,7616,16,894,0.40037220336566093
FR,2019,True,6,7619,16,894,0.40037220336566093
FR,2019,True,6,7623,16,894,0.40037220336566093
FR,2019,True,6,8402,16,894,0.40037220336566093
FR,2019,True,6,8415,16,894,0.40037220336566093
FR,2019,True,6,8417,16,894,0.40037220336566093
FR,2019,True,7,1101,36,894,0.40037220336566093
FR,2019,True,7,1105,36,894,0.40037220336566093
FR,2019,True,7,2401,36,894,0.40037220336566093
FR,2019,True,7,2407,36,894,0.40037220336566093
FR,2019,True,7,2412,36,894,0.40037220336566093
FR,2019,True,7,2709,36,894,0.40037220336566093
FR,2019,True,7,2712,36,894,0.40037220336566093
FR,2019,True,7,2804,36,894,0.40037220336566093
FR,2019,True,7,2807,36,894,0.40037220336566093
FR,2019,True,7,2810,36,894,0.40037220336566093
FR,2019,True,7,3210,36,894,0.40037220336566093
FR,2019,True,7,3215,36,894,0.40037220336566093
FR,2019,True,7,3216,36,894,0.40037220336566093
FR,2019,True,7,3221,36,894,0.40037220336566093
FR,2019,True,7,4403,36,894,0.40037220336566093
FR,2019,True,7,4405,36,894,0.40037220336566093
FR,2019,True,7,4413,36,894,0.40037220336566093
FR,2019,True,7,4416,36,894,0.40037220336566093
FR,2019,True,7,4423,36,894,0.40037220336566093
FR,2019,True,7,5205,36,894,0.40037220336566093
FR,2019,True,7,5213,36,894,0.40037220336566093
FR,2019,True,7,5303,36,894,0.40037220336566093
FR,2019,True,7,5317,36,894,0.40037220336566093
FR,2019,True,7,5318,36,894,0.40037220336566093
FR,2019,True,7,57,36,894,0.40037220336566093
FR,2019,True,7,61,36,894,0.40037220336566093
FR,2019,True,7,64,36,894,0.40037220336566093
FR,2019,True,7,7507,36,894,0.40037220336566093
FR,2019,True,7,7508,36,894,0.40037220336566093
FR,2019,True,7,7509,36,894,0.40037220336566093
FR,2019,True,7,7523,36,894,0.40037220336566093
FR,2019,True,7,7612,36,894,0.40037220336566093
FR,2019,True,7,7621,36,894,0.40037220336566093
FR,2019,True,7,8419,36,894,0.40037220336566093
FR,2019,True,7,8432,36,894,0.40037220336566093
FR,2019,True,7,9302,36,894,0.40037220336566093
FR,2019,True,8,2409,13,894,0.40037220336566093
FR,2019,True,8,2715,13,894,0.40037220336566093
FR,2019,True,8,2819,13,894,0.40037220336566093
FR,2019,True,8,4401,13,894,0.40037220336566093
FR,2019,True,8,4415,13,894,0.40037220336566093
FR,2019,True,8,5216,13,894,0.40037220336566093
FR,2019,True,8,5302,13,894,0.40037220336566093
FR,2019,True,8,5304,13,894,0.40037220336566093
FR,2019,True,8,5314,13,894,0.40037220336566093
FR,2019,True,8,7519,13,894,0.40037220336566093
FR,2019,True,8,7532,13,894,0.40037220336566093
FR,2019,True,8,7617,13,894,0.40037220336566093
FR,2019,True,8,9307,13,894,0.40037220336566093
FR,2019,True,9,2402,27,894,0.40037220336566093
FR,2019,True,9,2806,27,894,0.40037220336566093
FR,2019,True,9,3207,27,894,0.40037220336566093
FR,2019,True,9,3218,27,894,0.40037220336566093
FR,2019,True,9,3220,27,894,0.40037220336566093
FR,2019,True,9,3222,27,894,0.40037220336566093
FR,2019,True,9,4410,27,894,0.40037220336566093
FR,2019,True,9,5204,27,894,0.40037220336566093
FR,2019,True,9,5209,27,894,0.40037220336566093
FR,2019,True,9,5220,27,894,0.40037220336566093
FR,2019,True,9,5308,27,894,0.40037220336566093
FR,2019,True,9,5309,27,894,0.40037220336566093
FR,2019,True,9,5311,27,894,0.40037220336566093
FR,2019,True,9,54,27,894,0.40037220336566093
FR,2019,True,9,56,27,894,0.40037220336566093
FR,2019,True,9,7503,27,894,0.40037220336566093
FR,2019,True,9,7505,27,894,0.40037220336566093
FR,2019,True,9,7514,27,894,0.40037220336566093
FR,2019,True,9,7516,27,894,0.40037220336566093
FR,2019,True,9,7520,27,894,0.40037220336566093
FR,2019,True,9,7530,27,894,0.40037220336566093
FR,2019,True,9,7603,27,894,0.40037220336566093
FR,2019,True,9,7615,27,894,0.40037220336566093
FR,2019,True,9,8403,27,894,0.40037220336566093
FR,2019,True,9,8412,27,894,0.40037220336566093
FR,2019,True,9,8433,27,894,0.40037220336566093
FR,2019,True,9,9305,27,894,0.40037220336566093
FR,2019,True,10,2701,25,894,0.40037220336566093
FR,2019,True,10,2705,25,894,0.40037220336566093
FR,2019,True,10,2708,25,894,0.40037220336566093
FR,2019,True,10,2714,25,894,0.40037220336566093
FR,2019,True,10,2805,25,894,0.40037220336566093
FR,2019,True,10,2808,25,894,0.40037220336566093
FR,2019,True,10,3212,25,894,0.40037220336566093
FR,2019,True,10,3213,25,894,0.40037220336566093
FR,2019,True,10,3214,25,894,0.40037220336566093
FR,2019,True,10,4409,25,894,0.40037220336566093
FR,2019,True,10,4418,25,894,0.40037220336566093
FR,2019,True,10,4421,25,894,0.40037220336566093
FR,2019,True,10,5208,25,894,0.40037220336566093
FR,2019,True,10,5217,25,894,0.40037220336566093
FR,2019,True,10,5218,25,894,0.40037220336566093
FR,2019,True,10,5221,25,894,0.40037220336566093
FR,2019,True,10,5310,25,894,0.40037220336566093
FR,2019,True,10,7506,25,894,0.40037220336566093
FR,2019,True,10,7513,25,894,0.40037220336566093
FR,2019,True,10,7517,25,894,0.40037220336566093
FR,2019,True,10,7518,25,894,0.40037220336566093
FR,2019,True,10,7528,25,894,0.40037220336566093
FR,2019,True,10,7622,25,894,0.40037220336566093
FR,2019,True,10,8406,25,894,0.40037220336566093
FR,2019,True,10,9308,25,894,0.40037220336566093
FR,2020,True,0,1112,28,916,0.4040915753055624
FR,2020,True,0,1114,28,916,0.4040915753055624
FR,2020,True,0,1115,28,916,0.4040915753055624
FR,2020,True,0,2402,28,916,0.4040915753055624
FR,2020,True,0,2406,28,916,0.4040915753055624
FR,2020,True,0,2412,28,916,0.4040915753055624
FR,2020,True,0,2413,28,916,0.4040915753055624
FR,2020,True,0,2817,28,916,0.4040915753055624
FR,2020,True,0,3202,28,916,0.4040915753055624
FR,2020,True,0,3213,28,916,0.4040915753055624
FR,2020,True,0,3216,28,916,0.4040915753055624
FR,2020,True,0,4409,28,916,0.4040915753055624
FR,2020,True,0,4426,28,916,0.4040915753055624
FR,2020,True,0,51,28,916,0.4040915753055624
FR,2020,True,0,5310,28,916,0.4040915753055624
FR,2020,True,0,5313,28,916,0.4040915753055624
FR,2020,True,0,7508,28,916,0.4040915753055624
FR,2020,True,0,7601,28,916,0.4040915753055624
FR,2020,True,0,7602,28,916,0.4040915753055624
FR,2020,True,0,7618,28,916,0.4040915753055624
FR,2020,True,0,7619,28,916,0.4040915753055624
FR,2020,True,0,8416,28,916,0.4040915753055624
FR,2020,True,0,8431,28,916,0.4040915753055624
FR,2020,True,0,9301,28,916,0.4040915753055624
FR,2020,True,0,9306,28,916,0.4040915753055624
FR,2020,True,0,9309,28,916,0.4040915753055624
FR,2020,True,0,9310,28,916,0.4040915753055624
FR,2020,True,0,9311,28,916,0.4040915753055624
FR,2020,True,1,1110,23,916,0.4040915753055624
FR,2020,True,1,1111,23,916,0.4040915753055624
FR,2020,True,1,2703,23,916,0.4040915753055624
FR,2020,True,1,2709,23,916,0.4040915753055624
FR,2020,True,1,2717,23,916,0.4040915753055624
FR,2020,True,1,2718,23,916,0.4040915753055624
FR,2020,True,1,2810,23,916,0.4040915753055624
FR,2020,True,1,3212,23,916,0.4040915753055624
FR,2020,True,1,4402,23,916,0.4040915753055624
FR,2020,True,1,5302,23,916,0.4040915753055624
FR,2020,True,1,5305,23,916,0.4040915753055624
FR,2020,True,1,5309,23,916,0.4040915753055624
FR,2020,True,1,56,23,916,0.4040915753055624
FR,2020,True,1,7506,23,916,0.4040915753055624
FR,2020,True,1,7516,23,916,0.4040915753055624
FR,2020,True,1,7522,23,916,0.4040915753055624
FR,2020,True,1,7525,23,916,0.4040915753055624
FR,2020,True,1,7531,23,916,0.4040915753055624
FR,2020,True,1,7622,23,916,0.4040915753055624
FR,2020,True,1,7624,23,916,0.4040915753055624
FR,2020,True,1,8403,23,916,0.4040915753055624
FR,2020,True,1,8411,23,916,0.4040915753055624
FR,2020,True,1,9307,23,916,0.4040915753055624
FR,2020,True,2,2701,19,916,0.4040915753055624
FR,2020,True,2,2712,19,916,0.4040915753055624
FR,2020,True,2,2801,19,916,0.4040915753055624
FR,2020,True,2,2809,19,916,0.4040915753055624
FR,2020,True,2,3204,19,916,0.4040915753055624
FR,2020,True,2,3205,19,916,0.4040915753055624
FR,2020,True,2,4410,19,916,0.4040915753055624
FR,2020,True,2,4417,19,916,0.4040915753055624
FR,2020,True,2,5212,19,916,0.4040915753055624
FR,2020,True,2,7503,19,916,0.4040915753055624
FR,2020,True,2,7507,19,916,0.4040915753055624
FR,2020,True,2,7509,19,916,0.4040915753055624
FR,2020,True,2,7604,19,916,0.4040915753055624
FR,2020,True,2,7614,19,916,0.4040915753055624
FR,2020,True,2,8408,19,916,0.4040915753055624
FR,2020,True,2,8413,19,916,0.4040915753055624
FR,2020,True,2,8419,19,916,0.4040915753055624
FR,2020,True,2,8430,19,916,0.4040915753055624
FR,2020,True,2,9302,19,916,0.4040915753055624
FR,2020,True,3,2415,18,916,0.4040915753055624
FR,2020,True,3,4407,18,916,0.4040915753055624
FR,2020,True,3,4411,18,916,0.4040915753055624
FR,2020,True,3,5201,18,916,0.4040915753055624
FR,2020,True,3,5205,18,916,0.4040915753055624
FR,2020,True,3,5308,18,916,0.4040915753055624
FR,2020,True,3,5316,18,916,0.4040915753055624
FR,2020,True,3,5317,18,916,0.4040915753055624
FR,2020,True,3,7512,18,916,0.4040915753055624
FR,2020,True,3,7524,18,916,0.4040915753055624
FR,2020,True,3,7528,18,916,0.4040915753055624
FR,2020,True,3,7605,18,916,0.4040915753055624
FR,2020,True,3,7611,18,916,0.4040915753055624
FR,2020,True,3,7612,18,916,0.4040915753055624
FR,2020,True,3,8422,18,916,0.4040915753055624
FR,2020,True,3,9305,18,916,0.4040915753055624
FR,2020,True,3,9308,18,916,0.4040915753055624
FR,2020,True,3,9313,18,916,0.4040915753055624
FR,2020,True,4,2715,20,916,0.4040915753055624
FR,2020,True,4,2716,20,916,0.4040915753055624
FR,2020,True,4,2819,20,916,0.4040915753055624
FR,2020,True,4,3208,20,916,0.4040915753055624
FR,2020,True,4,3221,20,916,0.4040915753055624
FR,2020,True,4,4414,20,916,0.4040915753055624
FR,2020,True,4,4416,20,916,0.4040915753055624
FR,2020,True,4,4419,20,916,0.4040915753055624
FR,2020,True,4,4423,20,916,0.4040915753055624
FR,2020,True,4,5213,20,916,0.4040915753055624
FR,2020,True,4,5301,20,916,0.4040915753055624
FR,2020,True,4,5311,20,916,0.4040915753055624
FR,2020,True,4,59,20,916,0.4040915753055624
FR,2020,True,4,61,20,916,0.4040915753055624
FR,2020,True,4,7530,20,916,0.4040915753055624
FR,2020,True,4,8407,20,916,0.4040915753055624
FR,2020,True,4,8409,20,916,0.4040915753055624
FR,2020,True,4,8420,20,916,0.4040915753055624
FR,2020,True,4,9312,20,916,0.4040915753055624
FR,2020,True,4,9318,20,916,0.4040915753055624
FR,2020,True,5,1103,18,916,0.4040915753055624
FR,2020,True,5,2409,18,916,0.4040915753055624
FR,2020,True,5,2411,18,916,0.4040915753055624
FR,2020,True,5,2704,18,916,0.4040915753055624
FR,2020,True,5,2710,18,916,0.4040915753055624
FR,2020,True,5,2713,18,916,0.4040915753055624
FR,2020,True,5,4415,18,916,0.4040915753055624
FR,2020,True,5,5206,18,916,0.4040915753055624
FR,2020,True,5,5214,18,916,0.4040915753055624
FR,2020,True,5,5219,18,916,0.4040915753055624
FR,2020,True,5,5221,18,916,0.4040915753055624
FR,2020,True,5,5312,18,916,0.4040915753055624
FR,2020,True,5,55,18,916,0.4040915753055624
FR,2020,True,5,7511,18,916,0.4040915753055624
FR,2020,True,5,7610,18,916,0.4040915753055624
FR,2020,True,5,7621,18,916,0.4040915753055624
FR,2020,True,5,8410,18,916,0.4040915753055624
FR,2020,True,5,8429,18,916,0.4040915753055624
FR,2020,True,6,1104,20,916,0.4040915753055624
FR,2020,True,6,1105,20,916,0.4040915753055624
FR,2020,True,6,2405,20,916,0.4040915753055624
FR,2020,True,6,2708,20,916,0.4040915753055624
FR,2020,True,6,2811,20,916,0.4040915753055624
FR,2020,True,6,3218,20,916,0.4040915753055624
FR,2020,True,6,3219,20,916,0.4040915753055624
FR,2020,True,6,4404,20,916,0.4040915753055624
FR,2020,True,6,4405,20,916,0.4040915753055624
FR,2020,True,6,4425,20,916,0.4040915753055624
FR,2020,True,6,5210,20,916,0.4040915753055624
FR,2020,True,6,53,20,916,0.4040915753055624
FR,2020,True,6,7505,20,916,0.4040915753055624
FR,2020,True,6,7510,20,916,0.4040915753055624
FR,2020,True,6,7615,20,916,0.4040915753055624
FR,2020,True,6,8405,20,916,0.4040915753055624
FR,2020,True,6,8418,20,916,0.4040915753055624
FR,2020,True,6,8428,20,916,0.4040915753055624
FR,2020,True,6,8433,20,916,0.4040915753055624
FR,2020,True,6,9303,20,916,0.4040915753055624
FR,2020,True,7,1106,16,916,0.4040915753055624
FR,2020,True,7,1113,16,916,0.4040915753055624
FR,2020,True,7,3215,16,916,0.4040915753055624
FR,2020,True,7,3222,16,916,0.4040915753055624
FR,2020,True,7,5202,16,916,0.4040915753055624
FR,2020,True,7,5218,16,916,0.4040915753055624
FR,2020,True,7,5318,16,916,0.4040915753055624
FR,2020,True,7,54,16,916,0.4040915753055624
FR,2020,True,7,60,16,916,0.4040915753055624
FR,2020,True,7,7515,16,916,0.4040915753055624
FR,2020,True,7,7519,16,916,0.4040915753055624
FR,2020,True,7,7532,16,916,0.4040915753055624
FR,2020,True,7,7608,16,916,0.4040915753055624
FR,2020,True,7,8406,16,916,0.4040915753055624
FR,2020,True,7,8432,16,916,0.4040915753055624
FR,2020,True,7,9314,16,916,0.4040915753055624
FR,2020,True,8,1101,45,916,0.4040915753055624
FR,2020,True,8,2401,45,916,0.4040915753055624
FR,2020,True,8,2408,45,916,0.4040915753055624
FR,2020,True,8,2414,45,916,0.4040915753055624
FR,2020,True,8,2707,45,916,0.4040915753055624
FR,2020,True,8,2802,45,916,0.4040915753055624
FR,2020,True,8,2806,45,916,0.4040915753055624
FR,2020,True,8,2807,45,916,0.4040915753055624
FR,2020,True,8,2812,45,916,0.4040915753055624
FR,2020,True,8,3201,45,916,0.4040915753055624
FR,2020,True,8,3209,45,916,0.4040915753055624
FR,2020,True,8,3220,45,916,0.4040915753055624
FR,2020,True,8,4401,45,916,0.4040915753055624
FR,2020,True,8,4403,45,916,0.4040915753055624
FR,2020,True,8,4406,45,916,0.4040915753055624
FR,2020,True,8,4413,45,916,0.4040915753055624
FR,2020,True,8,4418,45,916,0.4040915753055624
FR,2020,True,8,4421,45,916,0.4040915753055624
FR,2020,True,8,4427,45,916,0.4040915753055624
FR,2020,True,8,52,45,916,0.4040915753055624
FR,2020,True,8,5204,45,916,0.4040915753055624
FR,2020,True,8,5208,45,916,0.4040915753055624
FR,2020,True,8,5209,45,916,0.4040915753055624
FR,2020,True,8,5217,45,916,0.4040915753055624
FR,2020,True,8,5220,45,916,0.4040915753055624
FR,2020,True,8,5306,45,916,0.4040915753055624
FR,2020,True,8,5307,45,916,0.4040915753055624
FR,2020,True,8,5319,45,916,0.4040915753055624
FR,2020,True,8,62,45,916,0.4040915753055624
FR,2020,True,8,63,45,916,0.4040915753055624
FR,2020,True,8,64,45,916,0.4040915753055624
FR,2020,True,8,7513,45,916,0.4040915753055624
FR,2020,True,8,7521,45,916,0.4040915753055624
FR,2020,True,8,7523,45,916,0.4040915753055624
FR,2020,True,8,7527,45,916,0.4040915753055624
FR,2020,True,8,7607,45,916,0.4040915753055624
FR,2020,True,8,7609,45,916,0.4040915753055624
FR,2020,True,8,7613,45,916,0.4040915753055624
FR,2020,True,8,8412,45,916,0.4040915753055624
FR,2020,True,8,8415,45,916,0.4040915753055624
FR,2020,True,8,8423,45,916,0.4040915753055624
FR,2020,True,8,8427,45,916,0.4040915753055624
FR,2020,True,8,8434,45,916,0.4040915753055624
FR,2020,True,8,9315,45,916,0.4040915753055624
FR,2020,True,8,9317,45,916,0.4040915753055624
FR,2020,True,9,1102,48,916,0.4040915753055624
FR,2020,True,9,1107,48,916,0.4040915753055624
FR,2020,True,9,1108,48,916,0.4040915753055624
FR,2020,True,9,1109,48,916,0.4040915753055624
FR,2020,True,9,2403,48,916,0.4040915753055624
FR,2020,True,9,2404,48,916,0.4040915753055624
FR,2020,True,9,2407,48,916,0.4040915753055624
FR,2020,True,9,2705,48,916,0.4040915753055624
FR,2020,True,9,2706,48,916,0.4040915753055624
FR,2020,True,9,2711,48,916,0.4040915753055624
FR,2020,True,9,2714,48,916,0.4040915753055624
FR,2020,True,9,2803,48,916,0.4040915753055624
FR,2020,True,9,2813,48,916,0.4040915753055624
FR,2020,True,9,2815,48,916,0.4040915753055624
FR,2020,True,9,3206,48,916,0.4040915753055624
FR,2020,True,9,3207,48,916,0.4040915753055624
FR,2020,True,9,4408,48,916,0.4040915753055624
FR,2020,True,9,4412,48,916,0.4040915753055624
FR,2020,True,9,4422,48,916,0.4040915753055624
FR,2020,True,9,4424,48,916,0.4040915753055624
FR,2020,True,9,5203,48,916,0.4040915753055624
FR,2020,True,9,5211,48,916,0.4040915753055624
FR,2020,True,9,5215,48,916,0.4040915753055624
FR,2020,True,9,5216,48,916,0.4040915753055624
FR,2020,True,9,5304,48,916,0.4040915753055624
FR,2020,True,9,5315,48,916,0.4040915753055624
FR,2020,True,9,57,48,916,0.4040915753055624
FR,2020,True,9,7504,48,916,0.4040915753055624
FR,2020,True,9,7514,48,916,0.4040915753055624
FR,2020,True,9,7517,48,916,0.4040915753055624
FR,2020,True,9,7518,48,916,0.4040915753055624
FR,2020,True,9,7526,48,916,0.4040915753055624
FR,2020,True,9,7529,48,916,0.4040915753055624
FR,2020,True,9,7603,48,916,0.4040915753055624
FR,2020,True,9,7606,48,916,0.4040915753055624
FR,2020,True,9,7616,48,916,0.4040915753055624
FR,2020,True,9,7620,48,916,0.4040915753055624
FR,2020,True,9,7623,48,916,0.4040915753055624
FR,2020,True,9,7625,48,916,0.4040915753055624
FR,2020,True,9,8401,48,916,0.4040915753055624
FR,2020,True,9,8404,48,916,0.4040915753055624
FR,2020,True,9,8414,48,916,0.4040915753055624
FR,2020,True,9,8417,48,916,0.4040915753055624
FR,2020,True,9,8421,48,916,0.4040915753055624
FR,2020,True,9,8424,48,916,0.4040915753055624
FR,2020,True,9,8435,48,916,0.4040915753055624
FR,2020,True,9,9304,48,916,0.4040915753055624
FR,2020,True,9,9316,48,916,0.4040915753055624
FR,2020,True,10,2410,25,916,0.4040915753055624
FR,2020,True,10,2702,25,916,0.4040915753055624
FR,2020,True,10,2804,25,916,0.4040915753055624
FR,2020,True,10,2805,25,916,0.4040915753055624
FR,2020,True,10,2808,25,916,0.4040915753055624
FR,2020,True,10,2814,25,916,0.4040915753055624
FR,2020,True,10,2816,25,916,0.4040915753055624
FR,2020,True,10,2818,25,916,0.4040915753055624
FR,2020,True,10,3203,25,916,0.4040915753055624
FR,2020,True,10,3210,25,916,0.4040915753055624
FR,2020,True,10,3211,25,916,0.4040915753055624
FR,2020,True,10,3214,25,916,0.4040915753055624
FR,2020,True,10,3217,25,916,0.4040915753055624
FR,2020,True,10,4420,25,916,0.4040915753055624
FR,2020,True,10,5207,25,916,0.4040915753055624
FR,2020,True,10,5303,25,916,0.4040915753055624
FR,2020,True,10,5314,25,916,0.4040915753055624
FR,2020,True,10,58,25,916,0.4040915753055624
FR,2020,True,10,7501,25,916,0.4040915753055624
FR,2020,True,10,7502,25,916,0.4040915753055624
FR,2020,True,10,7520,25,916,0.4040915753055624
FR,2020,True,10,7617,25,916,0.4040915753055624
FR,2020,True,10,8402,25,916,0.4040915753055624
FR,2020,True,10,8425,25,916,0.4040915753055624
FR,2020,True,10,8426,25,916,0.4040915753055624
FR,2021,True,0,1102,29,887,0.3993449968210429
FR,2021,True,0,2404,29,887,0.3993449968210429
FR,2021,True,0,2803,29,887,0.3993449968210429
FR,2021,True,0,2806,29,887,0.3993449968210429
FR,2021,True,0,2813,29,887,0.3993449968210429
FR,2021,True,0,2816,29,887,0.3993449968210429
FR,2021,True,0,2819,29,887,0.3993449968210429
FR,2021,True,0,4413,29,887,0.3993449968210429
FR,2021,True,0,4424,29,887,0.3993449968210429
FR,2021,True,0,51,29,887,0.3993449968210429
FR,2021,True,0,5201,29,887,0.3993449968210429
FR,2021,True,0,5203,29,887,0.3993449968210429
FR,2021,True,0,5211,29,887,0.3993449968210429
FR,2021,True,0,5219,29,887,0.3993449968210429
FR,2021,True,0,5317,29,887,0.3993449968210429
FR,2021,True,0,64,29,887,0.3993449968210429
FR,2021,True,0,7506,29,887,0.3993449968210429
FR,2021,True,0,7520,29,887,0.3993449968210429
FR,2021,True,0,7524,29,887,0.3993449968210429
FR,2021,True,0,7525,29,887,0.3993449968210429
FR,2021,True,0,7528,29,887,0.3993449968210429
FR,2021,True,0,7531,29,887,0.3993449968210429
FR,2021,True,0,7609,29,887,0.3993449968210429
FR,2021,True,0,7611,29,887,0.3993449968210429
FR,2021,True,0,7620,29,887,0.3993449968210429
FR,2021,True,0,7625,29,887,0.3993449968210429
FR,2021,True,0,8403,29,887,0.3993449968210429
FR,2021,True,0,9308,29,887,0.3993449968210429
FR,2021,True,0,9313,29,887,0.3993449968210429
FR,2021,True,1,2717,22,887,0.3993449968210429
FR,2021,True,1,3204,22,887,0.3993449968210429
FR,2021,True,1,5209,22,887,0.3993449968210429
FR,2021,True,1,5221,22,887,0.3993449968210429
FR,2021,True,1,5305,22,887,0.3993449968210429
FR,2021,True,1,55,22,887,0.3993449968210429
FR,2021,True,1,56,22,887,0.3993449968210429
FR,2021,True,1,63,22,887,0.3993449968210429
FR,2021,True,1,7503,22,887,0.3993449968210429
FR,2021,True,1,7505,22,887,0.3993449968210429
FR,2021,True,1,7509,22,887,0.3993449968210429
FR,2021,True,1,7515,22,887,0.3993449968210429
FR,2021,True,1,7521,22,887,0.3993449968210429
FR,2021,True,1,7526,22,887,0.3993449968210429
FR,2021,True,1,7601,22,887,0.3993449968210429
FR,2021,True,1,7604,22,887,0.3993449968210429
FR,2021,True,1,7607,22,887,0.3993449968210429
FR,2021,True,1,7624,22,887,0.3993449968210429
FR,2021,True,1,8401,22,887,0.3993449968210429
FR,2021,True,1,8419,22,887,0.3993449968210429
FR,2021,True,1,9314,22,887,0.3993449968210429
FR,2021,True,1,9316,22,887,0.3993449968210429
FR,2021,True,2,1109,30,887,0.3993449968210429
FR,2021,True,2,1111,30,887,0.3993449968210429
FR,2021,True,2,2401,30,887,0.3993449968210429
FR,2021,True,2,2715,30,887,0.3993449968210429
FR,2021,True,2,2718,30,887,0.3993449968210429
FR,2021,True,2,2802,30,887,0.3993449968210429
FR,2021,True,2,2818,30,887,0.3993449968210429
FR,2021,True,2,3208,30,887,0.3993449968210429
FR,2021,True,2,3212,30,887,0.3993449968210429
FR,2021,True,2,3216,30,887,0.3993449968210429
FR,2021,True,2,3220,30,887,0.3993449968210429
FR,2021,True,2,4402,30,887,0.3993449968210429
FR,2021,True,2,4419,30,887,0.3993449968210429
FR,2021,True,2,5218,30,887,0.3993449968210429
FR,2021,True,2,5306,30,887,0.3993449968210429
FR,2021,True,2,5309,30,887,0.3993449968210429
FR,2021,True,2,54,30,887,0.3993449968210429
FR,2021,True,2,7514,30,887,0.3993449968210429
FR,2021,True,2,7516,30,887,0.3993449968210429
FR,2021,True,2,7522,30,887,0.3993449968210429
FR,2021,True,2,7603,30,887,0.3993449968210429
FR,2021,True,2,8402,30,887,0.3993449968210429
FR,2021,True,2,8409,30,887,0.3993449968210429
FR,2021,True,2,8412,30,887,0.3993449968210429
FR,2021,True,2,8414,30,887,0.3993449968210429
FR,2021,True,2,8417,30,887,0.3993449968210429
FR,2021,True,2,8420,30,887,0.3993449968210429
FR,2021,True,2,9310,30,887,0.3993449968210429
FR,2021,True,2,9311,30,887,0.3993449968210429
FR,2021,True,2,9315,30,887,0.3993449968210429
FR,2021,True,3,1105,25,887,0.3993449968210429
FR,2021,True,3,1108,25,887,0.3993449968210429
FR,2021,True,3,1112,25,887,0.3993449968210429
FR,2021,True,3,1113,25,887,0.3993449968210429
FR,2021,True,3,1115,25,887,0.3993449968210429
FR,2021,True,3,2407,25,887,0.3993449968210429
FR,2021,True,3,2413,25,887,0.3993449968210429
FR,2021,True,3,2714,25,887,0.3993449968210429
FR,2021,True,3,2801,25,887,0.3993449968210429
FR,2021,True,3,2807,25,887,0.3993449968210429
FR,2021,True,3,3201,25,887,0.3993449968210429
FR,2021,True,3,4414,25,887,0.3993449968210429
FR,2021,True,3,4417,25,887,0.3993449968210429
FR,2021,True,3,4421,25,887,0.3993449968210429
FR,2021,True,3,52,25,887,0.3993449968210429
FR,2021,True,3,5205,25,887,0.3993449968210429
FR,2021,True,3,5307,25,887,0.3993449968210429
FR,2021,True,3,5308,25,887,0.3993449968210429
FR,2021,True,3,60,25,887,0.3993449968210429
FR,2021,True,3,7605,25,887,0.3993449968210429
FR,2021,True,3,7619,25,887,0.3993449968210429
FR,2021,True,3,8406,25,887,0.3993449968210429
FR,2021,True,3,8416,25,887,0.3993449968210429
FR,2021,True,3,8425,25,887,0.3993449968210429
FR,2021,True,3,9312,25,887,0.3993449968210429
FR,2021,True,4,1106,17,887,0.3993449968210429
FR,2021,True,4,2701,17,887,0.3993449968210429
FR,2021,True,4,2703,17,887,0.3993449968210429
FR,2021,True,4,2805,17,887,0.3993449968210429
FR,2021,True,4,2808,17,887,0.3993449968210429
FR,2021,True,4,2812,17,887,0.3993449968210429
FR,2021,True,4,2815,17,887,0.3993449968210429
FR,2021,True,4,2817,17,887,0.3993449968210429
FR,2021,True,4,3207,17,887,0.3993449968210429
FR,2021,True,4,3213,17,887,0.3993449968210429
FR,2021,True,4,4403,17,887,0.3993449968210429
FR,2021,True,4,4409,17,887,0.3993449968210429
FR,2021,True,4,5312,17,887,0.3993449968210429
FR,2021,True,4,5318,17,887,0.3993449968210429
FR,2021,True,4,7532,17,887,0.3993449968210429
FR,2021,True,4,8418,17,887,0.3993449968210429
FR,2021,True,4,8432,17,887,0.3993449968210429
FR,2021,True,5,1104,39,887,0.3993449968210429
FR,2021,True,5,1107,39,887,0.3993449968210429
FR,2021,True,5,2411,39,887,0.3993449968210429
FR,2021,True,5,2412,39,887,0.3993449968210429
FR,2021,True,5,2702,39,887,0.3993449968210429
FR,2021,True,5,2706,39,887,0.3993449968210429
FR,2021,True,5,2707,39,887,0.3993449968210429
FR,2021,True,5,2804,39,887,0.3993449968210429
FR,2021,True,5,2811,39,887,0.3993449968210429
FR,2021,True,5,3202,39,887,0.3993449968210429
FR,2021,True,5,3214,39,887,0.3993449968210429
FR,2021,True,5,3215,39,887,0.3993449968210429
FR,2021,True,5,3217,39,887,0.3993449968210429
FR,2021,True,5,3221,39,887,0.3993449968210429
FR,2021,True,5,4408,39,887,0.3993449968210429
FR,2021,True,5,4411,39,887,0.3993449968210429
FR,2021,True,5,4423,39,887,0.3993449968210429
FR,2021,True,5,4425,39,887,0.3993449968210429
FR,2021,True,5,5212,39,887,0.3993449968210429
FR,2021,True,5,5213,39,887,0.3993449968210429
FR,2021,True,5,5304,39,887,0.3993449968210429
FR,2021,True,5,5310,39,887,0.3993449968210429
FR,2021,True,5,7507,39,887,0.3993449968210429
FR,2021,True,5,7508,39,887,0.3993449968210429
FR,2021,True,5,7510,39,887,0.3993449968210429
FR,2021,True,5,7512,39,887,0.3993449968210429
FR,2021,True,5,7513,39,887,0.3993449968210429
FR,2021,True,5,7518,39,887,0.3993449968210429
FR,2021,True,5,7523,39,887,0.3993449968210429
FR,2021,True,5,7527,39,887,0.3993449968210429
FR,2021,True,5,7529,39,887,0.3993449968210429
FR,2021,True,5,7616,39,887,0.3993449968210429
FR,2021,True,5,8405,39,887,0.3993449968210429
FR,2021,True,5,8408,39,887,0.3993449968210429
FR,2021,True,5,8426,39,887,0.3993449968210429
FR,2021,True,5,8428,39,887,0.3993449968210429
FR,2021,True,5,8429,39,887,0.3993449968210429
FR,2021,True,5,9305,39,887,0.3993449968210429
FR,2021,True,5,9306,39,887,0.3993449968210429
FR,2021,True,6,1114,15,887,0.3993449968210429
FR,2021,True,6,2409,15,887,0.3993449968210429
FR,2021,True,6,2809,15,887,0.3993449968210429
FR,2021,True,6,3205,15,887,0.3993449968210429
FR,2021,True,6,4404,15,887,0.3993449968210429
FR,2021,True,6,4405,15,887,0.3993449968210429
FR,2021,True,6,4415,15,887,0.3993449968210429
FR,2021,True,6,5202,15,887,0.3993449968210429
FR,2021,True,6,5216,15,887,0.3993449968210429
FR,2021,True,6,7519,15,887,0.3993449968210429
FR,2021,True,6,7612,15,887,0.3993449968210429
FR,2021,True,6,7614,15,887,0.3993449968210429
FR,2021,True,6,7622,15,887,0.3993449968210429
FR,2021,True,6,8413,15,887,0.3993449968210429
FR,2021,True,6,8430,15,887,0.3993449968210429
FR,2021,True,7,2408,26,887,0.3993449968210429
FR,2021,True,7,2704,26,887,0.3993449968210429
FR,2021,True,7,2708,26,887,0.3993449968210429
FR,2021,True,7,2711,26,887,0.3993449968210429
FR,2021,True,7,3203,26,887,0.3993449968210429
FR,2021,True,7,3210,26,887,0.3993449968210429
FR,2021,True,7,3218,26,887,0.3993449968210429
FR,2021,True,7,3219,26,887,0.3993449968210429
FR,2021,True,7,3222,26,887,0.3993449968210429
FR,2021,True,7,4427,26,887,0.3993449968210429
FR,2021,True,7,5206,26,887,0.3993449968210429
FR,2021,True,7,5302,26,887,0.3993449968210429
FR,2021,True,7,5314,26,887,0.3993449968210429
FR,2021,True,7,5316,26,887,0.3993449968210429
FR,2021,True,7,5319,26,887,0.3993449968210429
FR,2021,True,7,7511,26,887,0.3993449968210429
FR,2021,True,7,7608,26,887,0.3993449968210429
FR,2021,True,7,7610,26,887,0.3993449968210429
FR,2021,True,7,7615,26,887,0.3993449968210429
FR,2021,True,7,7618,26,887,0.3993449968210429
FR,2021,True,7,7621,26,887,0.3993449968210429
FR,2021,True,7,8421,26,887,0.3993449968210429
FR,2021,True,7,8422,26,887,0.3993449968210429
FR,2021,True,7,8433,26,887,0.3993449968210429
FR,2021,True,7,9303,26,887,0.3993449968210429
FR,2021,True,7,9307,26,887,0.3993449968210429
FR,2021,True,8,2405,20,887,0.3993449968210429
FR,2021,True,8,2415,20,887,0.3993449968210429
FR,2021,True,8,2712,20,887,0.3993449968210429
FR,2021,True,8,2814,20,887,0.3993449968210429
FR,2021,True,8,4412,20,887,0.3993449968210429
FR,2021,True,8,4418,20,887,0.3993449968210429
FR,2021,True,8,4422,20,887,0.3993449968210429
FR,2021,True,8,5217,20,887,0.3993449968210429
FR,2021,True,8,5220,20,887,0.3993449968210429
FR,2021,True,8,5303,20,887,0.3993449968210429
FR,2021,True,8,58,20,887,0.3993449968210429
FR,2021,True,8,7530,20,887,0.3993449968210429
FR,2021,True,8,7602,20,887,0.3993449968210429
FR,2021,True,8,7613,20,887,0.3993449968210429
FR,2021,True,8,7617,20,887,0.3993449968210429
FR,2021,True,8,7623,20,887,0.3993449968210429
FR,2021,True,8,8404,20,887,0.3993449968210429
FR,2021,True,8,8407,20,887,0.3993449968210429
FR,2021,True,8,8415,20,887,0.3993449968210429
FR,2021,True,8,8435,20,887,0.3993449968210429
FR,2021,True,9,1110,21,887,0.3993449968210429
FR,2021,True,9,2403,21,887,0.3993449968210429
FR,2021,True,9,2410,21,887,0.3993449968210429
FR,2021,True,9,2713,21,887,0.3993449968210429
FR,2021,True,9,2810,21,887,0.3993449968210429
FR,2021,True,9,3211,21,887,0.3993449968210429
FR,2021,True,9,4407,21,887,0.3993449968210429
FR,2021,True,9,4420,21,887,0.3993449968210429
FR,2021,True,9,5204,21,887,0.3993449968210429
FR,2021,True,9,5207,21,887,0.3993449968210429
FR,2021,True,9,5208,21,887,0.3993449968210429
FR,2021,True,9,5214,21,887,0.3993449968210429
FR,2021,True,9,5215,21,887,0.3993449968210429
FR,2021,True,9,57,21,887,0.3993449968210429
FR,2021,True,9,7504,21,887,0.3993449968210429
FR,2021,True,9,7517,21,887,0.3993449968210429
FR,2021,True,9,7606,21,887,0.3993449968210429
FR,2021,True,9,8423,21,887,0.3993449968210429
FR,2021,True,9,8427,21,887,0.3993449968210429
FR,2021,True,9,8434,21,887,0.3993449968210429
FR,2021,True,9,9309,21,887,0.3993449968210429
FR,2021,True,10,1101,36,887,0.3993449968210429
FR,2021,True,10,1103,36,887,0.3993449968210429
FR,2021,True,10,2402,36,887,0.3993449968210429
FR,2021,True,10,2406,36,887,0.3993449968210429
FR,2021,True,10,2414,36,887,0.3993449968210429
FR,2021,True,10,2705,36,887,0.3993449968210429
FR,2021,True,10,2709,36,887,0.3993449968210429
FR,2021,True,10,2710,36,887,0.3993449968210429
FR,2021,True,10,2716,36,887,0.3993449968210429
FR,2021,True,10,3206,36,887,0.3993449968210429
FR,2021,True,10,3209,36,887,0.3993449968210429
FR,2021,True,10,4401,36,887,0.3993449968210429
FR,2021,True,10,4406,36,887,0.3993449968210429
FR,2021,True,10,4410,36,887,0.3993449968210429
FR,2021,True,10,4416,36,887,0.3993449968210429
FR,2021,True,10,4426,36,887,0.3993449968210429
FR,2021,True,10,5210,36,887,0.3993449968210429
FR,2021,True,10,53,36,887,0.3993449968210429
FR,2021,True,10,5301,36,887,0.3993449968210429
FR,2021,True,10,5311,36,887,0.3993449968210429
FR,2021,True,10,5313,36,887,0.3993449968210429
FR,2021,True,10,5315,36,887,0.3993449968210429
FR,2021,True,10,59,36,887,0.3993449968210429
FR,2021,True,10,61,36,887,0.3993449968210429
FR,2021,True,10,62,36,887,0.3993449968210429
FR,2021,True,10,7501,36,887,0.3993449968210429
FR,2021,True,10,7502,36,887,0.3993449968210429
FR,2021,True,10,8410,36,887,0.3993449968210429
FR,2021,True,10,8411,36,887,0.3993449968210429
FR,2021,True,10,8424,36,887,0.3993449968210429
FR,2021,True,10,8431,36,887,0.3993449968210429
FR,2021,True,10,9301,36,887,0.3993449968210429
FR,2021,True,10,9302,36,887,0.3993449968210429
FR,2021,True,10,9304,36,887,0.3993449968210429
FR,2021,True,10,9317,36,887,0.3993449968210429
FR,2021,True,10,9318,36,887,0.3993449968210429
FR,2022,True,0,1110,28,903,0.41913447751762906
FR,2022,True,0,2402,28,903,0.41913447751762906
FR,2022,True,0,2403,28,903,0.41913447751762906
FR,2022,True,0,2405,28,903,0.41913447751762906
FR,2022,True,0,2408,28,903,0.41913447751762906
FR,2022,True,0,2704,28,903,0.41913447751762906
FR,2022,True,0,2710,28,903,0.41913447751762906
FR,2022,True,0,4404,28,903,0.41913447751762906
FR,2022,True,0,4415,28,903,0.41913447751762906
FR,2022,True,0,4416,28,903,0.41913447751762906
FR,2022,True,0,4427,28,903,0.41913447751762906
FR,2022,True,0,5210,28,903,0.41913447751762906
FR,2022,True,0,53,28,903,0.41913447751762906
FR,2022,True,0,5303,28,903,0.41913447751762906
FR,2022,True,0,5304,28,903,0.41913447751762906
FR,2022,True,0,5306,28,903,0.41913447751762906
FR,2022,True,0,5314,28,903,0.41913447751762906
FR,2022,True,0,7501,28,903,0.41913447751762906
FR,2022,True,0,7503,28,903,0.41913447751762906
FR,2022,True,0,7517,28,903,0.41913447751762906
FR,2022,True,0,7521,28,903,0.41913447751762906
FR,2022,True,0,7525,28,903,0.41913447751762906
FR,2022,True,0,7530,28,903,0.41913447751762906
FR,2022,True,0,7620,28,903,0.41913447751762906
FR,2022,True,0,8412,28,903,0.41913447751762906
FR,2022,True,0,8415,28,903,0.41913447751762906
FR,2022,True,0,9315,28,903,0.41913447751762906
FR,2022,True,0,9318,28,903,0.41913447751762906
FR,2022,True,1,2409,16,903,0.41913447751762906
FR,2022,True,1,3203,16,903,0.41913447751762906
FR,2022,True,1,4406,16,903,0.41913447751762906
FR,2022,True,1,4407,16,903,0.41913447751762906
FR,2022,True,1,4420,16,903,0.41913447751762906
FR,2022,True,1,5213,16,903,0.41913447751762906
FR,2022,True,1,5219,16,903,0.41913447751762906
FR,2022,True,1,5221,16,903,0.41913447751762906
FR,2022,True,1,56,16,903,0.41913447751762906
FR,2022,True,1,57,16,903,0.41913447751762906
FR,2022,True,1,7519,16,903,0.41913447751762906
FR,2022,True,1,7528,16,903,0.41913447751762906
FR,2022,True,1,7531,16,903,0.41913447751762906
FR,2022,True,1,8409,16,903,0.41913447751762906
FR,2022,True,1,8411,16,903,0.41913447751762906
FR,2022,True,1,9301,16,903,0.41913447751762906
FR,2022,True,2,1104,30,903,0.41913447751762906
FR,2022,True,2,1111,30,903,0.41913447751762906
FR,2022,True,2,1113,30,903,0.41913447751762906
FR,2022,True,2,2406,30,903,0.41913447751762906
FR,2022,True,2,2412,30,903,0.41913447751762906
FR,2022,True,2,2703,30,903,0.41913447751762906
FR,2022,True,2,2708,30,903,0.41913447751762906
FR,2022,True,2,2801,30,903,0.41913447751762906
FR,2022,True,2,3221,30,903,0.41913447751762906
FR,2022,True,2,4405,30,903,0.41913447751762906
FR,2022,True,2,5211,30,903,0.41913447751762906
FR,2022,True,2,5212,30,903,0.41913447751762906
FR,2022,True,2,5215,30,903,0.41913447751762906
FR,2022,True,2,5220,30,903,0.41913447751762906
FR,2022,True,2,5310,30,903,0.41913447751762906
FR,2022,True,2,62,30,903,0.41913447751762906
FR,2022,True,2,7507,30,903,0.41913447751762906
FR,2022,True,2,7512,30,903,0.41913447751762906
FR,2022,True,2,7518,30,903,0.41913447751762906
FR,2022,True,2,7526,30,903,0.41913447751762906
FR,2022,True,2,7527,30,903,0.41913447751762906
FR,2022,True,2,7606,30,903,0.41913447751762906
FR,2022,True,2,7611,30,903,0.41913447751762906
FR,2022,True,2,8401,30,903,0.41913447751762906
FR,2022,True,2,8417,30,903,0.41913447751762906
FR,2022,True,2,8421,30,903,0.41913447751762906
FR,2022,True,2,8428,30,903,0.41913447751762906
FR,2022,True,2,8432,30,903,0.41913447751762906
FR,2022,True,2,8433,30,903,0.41913447751762906
FR,2022,True,2,9314,30,903,0.41913447751762906
FR,2022,True,3,1109,44,903,0.41913447751762906
FR,2022,True,3,1112,44,903,0.41913447751762906
FR,2022,True,3,1114,44,903,0.41913447751762906
FR,2022,True,3,1115,44,903,0.41913447751762906
FR,2022,True,3,2401,44,903,0.41913447751762906
FR,2022,True,3,2411,44,903,0.41913447751762906
FR,2022,True,3,2414,44,903,0.41913447751762906
FR,2022,True,3,2701,44,903,0.41913447751762906
FR,2022,True,3,2705,44,903,0.41913447751762906
FR,2022,True,3,2815,44,903,0.41913447751762906
FR,2022,True,3,2818,44,903,0.41913447751762906
FR,2022,True,3,2819,44,903,0.41913447751762906
FR,2022,True,3,3206,44,903,0.41913447751762906
FR,2022,True,3,3216,44,903,0.41913447751762906
FR,2022,True,3,3222,44,903,0.41913447751762906
FR,2022,True,3,4401,44,903,0.41913447751762906
FR,2022,True,3,4402,44,903,0.41913447751762906
FR,2022,True,3,4408,44,903,0.41913447751762906
FR,2022,True,3,4409,44,903,0.41913447751762906
FR,2022,True,3,4418,44,903,0.41913447751762906
FR,2022,True,3,4422,44,903,0.41913447751762906
FR,2022,True,3,5204,44,903,0.41913447751762906
FR,2022,True,3,5205,44,903,0.41913447751762906
FR,2022,True,3,5208,44,903,0.41913447751762906
FR,2022,True,3,5307,44,903,0.41913447751762906
FR,2022,True,3,5308,44,903,0.41913447751762906
FR,2022,True,3,5311,44,903,0.41913447751762906
FR,2022,True,3,58,44,903,0.41913447751762906
FR,2022,True,3,63,44,903,0.41913447751762906
FR,2022,True,3,64,44,903,0.41913447751762906
FR,2022,True,3,7502,44,903,0.41913447751762906
FR,2022,True,3,7513,44,903,0.41913447751762906
FR,2022,True,3,7607,44,903,0.41913447751762906
FR,2022,True,3,7616,44,903,0.41913447751762906
FR,2022,True,3,7617,44,903,0.41913447751762906
FR,2022,True,3,7619,44,903,0.41913447751762906
FR,2022,True,3,7621,44,903,0.41913447751762906
FR,2022,True,3,7625,44,903,0.41913447751762906
FR,2022,True,3,8406,44,903,0.41913447751762906
FR,2022,True,3,8410,44,903,0.41913447751762906
FR,2022,True,3,8413,44,903,0.41913447751762906
FR,2022,True,3,8414,44,903,0.41913447751762906
FR,2022,True,3,8434,44,903,0.41913447751762906
FR,2022,True,3,9310,44,903,0.41913447751762906
FR,2022,True,4,2804,14,903,0.41913447751762906
FR,2022,True,4,2806,14,903,0.41913447751762906
FR,2022,True,4,2808,14,903,0.41913447751762906
FR,2022,True,4,2810,14,903,0.41913447751762906
FR,2022,True,4,3204,14,903,0.41913447751762906
FR,2022,True,4,3210,14,903,0.41913447751762906
FR,2022,True,4,4419,14,903,0.41913447751762906
FR,2022,True,4,5214,14,903,0.41913447751762906
FR,2022,True,4,5318,14,903,0.41913447751762906
FR,2022,True,4,61,14,903,0.41913447751762906
FR,2022,True,4,7608,14,903,0.41913447751762906
FR,2022,True,4,8419,14,903,0.41913447751762906
FR,2022,True,4,8425,14,903,0.41913447751762906
FR,2022,True,4,8426,14,903,0.41913447751762906
FR,2022,True,5,2404,18,903,0.41913447751762906
FR,2022,True,5,2713,18,903,0.41913447751762906
FR,2022,True,5,2805,18,903,0.41913447751762906
FR,2022,True,5,3212,18,903,0.41913447751762906
FR,2022,True,5,3215,18,903,0.41913447751762906
FR,2022,True,5,4425,18,903,0.41913447751762906
FR,2022,True,5,4426,18,903,0.41913447751762906
FR,2022,True,5,5201,18,903,0.41913447751762906
FR,2022,True,5,5218,18,903,0.41913447751762906
FR,2022,True,5,5301,18,903,0.41913447751762906
FR,2022,True,5,5316,18,903,0.41913447751762906
FR,2022,True,5,60,18,903,0.41913447751762906
FR,2022,True,5,7506,18,903,0.41913447751762906
FR,2022,True,5,8403,18,903,0.41913447751762906
FR,2022,True,5,8408,18,903,0.41913447751762906
FR,2022,True,5,8430,18,903,0.41913447751762906
FR,2022,True,5,9306,18,903,0.41913447751762906
FR,2022,True,5,9313,18,903,0.41913447751762906
FR,2022,True,6,1103,47,903,0.41913447751762906
FR,2022,True,6,1105,47,903,0.41913447751762906
FR,2022,True,6,2415,47,903,0.41913447751762906
FR,2022,True,6,2702,47,903,0.41913447751762906
FR,2022,True,6,2706,47,903,0.41913447751762906
FR,2022,True,6,2711,47,903,0.41913447751762906
FR,2022,True,6,2712,47,903,0.41913447751762906
FR,2022,True,6,2717,47,903,0.41913447751762906
FR,2022,True,6,2807,47,903,0.41913447751762906
FR,2022,True,6,2812,47,903,0.41913447751762906
FR,2022,True,6,2816,47,903,0.41913447751762906
FR,2022,True,6,3207,47,903,0.41913447751762906
FR,2022,True,6,3211,47,903,0.41913447751762906
FR,2022,True,6,3213,47,903,0.41913447751762906
FR,2022,True,6,3214,47,903,0.41913447751762906
FR,2022,True,6,3220,47,903,0.41913447751762906
FR,2022,True,6,4403,47,903,0.41913447751762906
FR,2022,True,6,4410,47,903,0.41913447751762906
FR,2022,True,6,4413,47,903,0.41913447751762906
FR,2022,True,6,5209,47,903,0.41913447751762906
FR,2022,True,6,5217,47,903,0.41913447751762906
FR,2022,True,6,5312,47,903,0.41913447751762906
FR,2022,True,6,5317,47,903,0.41913447751762906
FR,2022,True,6,5319,47,903,0.41913447751762906
FR,2022,True,6,54,47,903,0.41913447751762906
FR,2022,True,6,55,47,903,0.41913447751762906
FR,2022,True,6,7504,47,903,0.41913447751762906
FR,2022,True,6,7509,47,903,0.41913447751762906
FR,2022,True,6,7510,47,903,0.41913447751762906
FR,2022,True,6,7515,47,903,0.41913447751762906
FR,2022,True,6,7524,47,903,0.41913447751762906
FR,2022,True,6,7529,47,903,0.41913447751762906
FR,2022,True,6,7609,47,903,0.41913447751762906
FR,2022,True,6,7610,47,903,0.41913447751762906
FR,2022,True,6,7613,47,903,0.41913447751762906
FR,2022,True,6,7622,47,903,0.41913447751762906
FR,2022,True,6,7624,47,903,0.41913447751762906
FR,2022,True,6,8404,47,903,0.41913447751762906
FR,2022,True,6,8407,47,903,0.41913447751762906
FR,2022,True,6,8418,47,903,0.41913447751762906
FR,2022,True,6,8422,47,903,0.41913447751762906
FR,2022,True,6,8423,47,903,0.41913447751762906
FR,2022,True,6,8427,47,903,0.41913447751762906
FR,2022,True,6,9302,47,903,0.41913447751762906
FR,2022,True,6,9303,47,903,0.41913447751762906
FR,2022,True,6,9307,47,903,0.41913447751762906
FR,2022,True,6,9309,47,903,0.41913447751762906
FR,2022,True,7,1101,26,903,0.41913447751762906
FR,2022,True,7,1102,26,903,0.41913447751762906
FR,2022,True,7,1108,26,903,0.41913447751762906
FR,2022,True,7,2407,26,903,0.41913447751762906
FR,2022,True,7,2410,26,903,0.41913447751762906
FR,2022,True,7,2803,26,903,0.41913447751762906
FR,2022,True,7,2814,26,903,0.41913447751762906
FR,2022,True,7,3217,26,903,0.41913447751762906
FR,2022,True,7,3218,26,903,0.41913447751762906
FR,2022,True,7,4412,26,903,0.41913447751762906
FR,2022,True,7,4417,26,903,0.41913447751762906
FR,2022,True,7,4424,26,903,0.41913447751762906
FR,2022,True,7,5206,26,903,0.41913447751762906
FR,2022,True,7,5216,26,903,0.41913447751762906
FR,2022,True,7,5302,26,903,0.41913447751762906
FR,2022,True,7,59,26,903,0.41913447751762906
FR,2022,True,7,7523,26,903,0.41913447751762906
FR,2022,True,7,7532,26,903,0.41913447751762906
FR,2022,True,7,7602,26,903,0.41913447751762906
FR,2022,True,7,7605,26,903,0.41913447751762906
FR,2022,True,7,7612,26,903,0.41913447751762906
FR,2022,True,7,7615,26,903,0.41913447751762906
FR,2022,True,7,8402,26,903,0.41913447751762906
FR,2022,True,7,8405,26,903,0.41913447751762906
FR,2022,True,7,8424,26,903,0.41913447751762906
FR,2022,True,7,8435,26,903,0.41913447751762906
FR,2022,True,8,1106,34,903,0.41913447751762906
FR,2022,True,8,1107,34,903,0.41913447751762906
FR,2022,True,8,2707,34,903,0.41913447751762906
FR,2022,True,8,2709,34,903,0.41913447751762906
FR,2022,True,8,2714,34,903,0.41913447751762906
FR,2022,True,8,2802,34,903,0.41913447751762906
FR,2022,True,8,2809,34,903,0.41913447751762906
FR,2022,True,8,2811,34,903,0.41913447751762906
FR,2022,True,8,2813,34,903,0.41913447751762906
FR,2022,True,8,2817,34,903,0.41913447751762906
FR,2022,True,8,3202,34,903,0.41913447751762906
FR,2022,True,8,3205,34,903,0.41913447751762906
FR,2022,True,8,3209,34,903,0.41913447751762906
FR,2022,True,8,3219,34,903,0.41913447751762906
FR,2022,True,8,4411,34,903,0.41913447751762906
FR,2022,True,8,4414,34,903,0.41913447751762906
FR,2022,True,8,5202,34,903,0.41913447751762906
FR,2022,True,8,5203,34,903,0.41913447751762906
FR,2022,True,8,5207,34,903,0.41913447751762906
FR,2022,True,8,5305,34,903,0.41913447751762906
FR,2022,True,8,5315,34,903,0.41913447751762906
FR,2022,True,8,7508,34,903,0.41913447751762906
FR,2022,True,8,7601,34,903,0.41913447751762906
FR,2022,True,8,7604,34,903,0.41913447751762906
FR,2022,True,8,7614,34,903,0.41913447751762906
FR,2022,True,8,7618,34,903,0.41913447751762906
FR,2022,True,8,8416,34,903,0.41913447751762906
FR,2022,True,8,8429,34,903,0.41913447751762906
FR,2022,True,8,8431,34,903,0.41913447751762906
FR,2022,True,8,9304,34,903,0.41913447751762906
FR,2022,True,8,9308,34,903,0.41913447751762906
FR,2022,True,8,9311,34,903,0.41913447751762906
FR,2022,True,8,9312,34,903,0.41913447751762906
FR,2022,True,8,9317,34,903,0.41913447751762906
FR,2022,True,9,2413,23,903,0.41913447751762906
FR,2022,True,9,2715,23,903,0.41913447751762906
FR,2022,True,9,2716,23,903,0.41913447751762906
FR,2022,True,9,2718,23,903,0.41913447751762906
FR,2022,True,9,3201,23,903,0.41913447751762906
FR,2022,True,9,3208,23,903,0.41913447751762906
FR,2022,True,9,4421,23,903,0.41913447751762906
FR,2022,True,9,4423,23,903,0.41913447751762906
FR,2022,True,9,51,23,903,0.41913447751762906
FR,2022,True,9,52,23,903,0.41913447751762906
FR,2022,True,9,5309,23,903,0.41913447751762906
FR,2022,True,9,5313,23,903,0.41913447751762906
FR,2022,True,9,7505,23,903,0.41913447751762906
FR,2022,True,9,7511,23,903,0.41913447751762906
FR,2022,True,9,7514,23,903,0.41913447751762906
FR,2022,True,9,7516,23,903,0.41913447751762906
FR,2022,True,9,7520,23,903,0.41913447751762906
FR,2022,True,9,7522,23,903,0.41913447751762906
FR,2022,True,9,7603,23,903,0.41913447751762906
FR,2022,True,9,7623,23,903,0.41913447751762906
FR,2022,True,9,8420,23,903,0.41913447751762906
FR,2022,True,9,9305,23,903,0.41913447751762906
FR,2022,True,9,9316,23,903,0.41913447751762906
FR,2023,True,0,1101,24,896,0.4119943831976117
FR,2023,True,0,1109,24,896,0.4119943831976117
FR,2023,True,0,1114,24,896,0.4119943831976117
FR,2023,True,0,1115,24,896,0.4119943831976117
FR,2023,True,0,2402,24,896,0.4119943831976117
FR,2023,True,0,2715,24,896,0.4119943831976117
FR,2023,True,0,2813,24,896,0.4119943831976117
FR,2023,True,0,2817,24,896,0.4119943831976117
FR,2023,True,0,2818,24,896,0.4119943831976117
FR,2023,True,0,3202,24,896,0.4119943831976117
FR,2023,True,0,3205,24,896,0.4119943831976117
FR,2023,True,0,4418,24,896,0.4119943831976117
FR,2023,True,0,5217,24,896,0.4119943831976117
FR,2023,True,0,53,24,896,0.4119943831976117
FR,2023,True,0,5301,24,896,0.4119943831976117
FR,2023,True,0,7503,24,896,0.4119943831976117
FR,2023,True,0,7515,24,896,0.4119943831976117
FR,2023,True,0,7529,24,896,0.4119943831976117
FR,2023,True,0,7607,24,896,0.4119943831976117
FR,2023,True,0,8401,24,896,0.4119943831976117
FR,2023,True,0,8404,24,896,0.4119943831976117
FR,2023,True,0,8428,24,896,0.4119943831976117
FR,2023,True,0,8434,24,896,0.4119943831976117
FR,2023,True,0,9307,24,896,0.4119943831976117
FR,2023,True,1,1108,25,896,0.4119943831976117
FR,2023,True,1,1112,25,896,0.4119943831976117
FR,2023,True,1,1113,25,896,0.4119943831976117
FR,2023,True,1,2702,25,896,0.4119943831976117
FR,2023,True,1,2707,25,896,0.4119943831976117
FR,2023,True,1,2713,25,896,0.4119943831976117
FR,2023,True,1,2805,25,896,0.4119943831976117
FR,2023,True,1,2807,25,896,0.4119943831976117
FR,2023,True,1,3203,25,896,0.4119943831976117
FR,2023,True,1,3207,25,896,0.4119943831976117
FR,2023,True,1,3211,25,896,0.4119943831976117
FR,2023,True,1,3220,25,896,0.4119943831976117
FR,2023,True,1,4422,25,896,0.4119943831976117
FR,2023,True,1,5220,25,896,0.4119943831976117
FR,2023,True,1,5306,25,896,0.4119943831976117
FR,2023,True,1,5319,25,896,0.4119943831976117
FR,2023,True,1,58,25,896,0.4119943831976117
FR,2023,True,1,7504,25,896,0.4119943831976117
FR,2023,True,1,8403,25,896,0.4119943831976117
FR,2023,True,1,8406,25,896,0.4119943831976117
FR,2023,True,1,8407,25,896,0.4119943831976117
FR,2023,True,1,8416,25,896,0.4119943831976117
FR,2023,True,1,8420,25,896,0.4119943831976117
FR,2023,True,1,8431,25,896,0.4119943831976117
FR,2023,True,1,9314,25,896,0.4119943831976117
FR,2023,True,2,1111,9,896,0.4119943831976117
FR,2023,True,2,2403,9,896,0.4119943831976117
FR,2023,True,2,2408,9,896,0.4119943831976117
FR,2023,True,2,2414,9,896,0.4119943831976117
FR,2023,True,2,2708,9,896,0.4119943831976117
FR,2023,True,2,52,9,896,0.4119943831976117
FR,2023,True,2,5309,9,896,0.4119943831976117
FR,2023,True,2,7514,9,896,0.4119943831976117
FR,2023,True,2,7605,9,896,0.4119943831976117
FR,2023,True,3,1102,26,896,0.4119943831976117
FR,2023,True,3,2401,26,896,0.4119943831976117
FR,2023,True,3,2413,26,896,0.4119943831976117
FR,2023,True,3,2415,26,896,0.4119943831976117
FR,2023,True,3,2717,26,896,0.4119943831976117
FR,2023,True,3,2802,26,896,0.4119943831976117
FR,2023,True,3,2809,26,896,0.4119943831976117
FR,2023,True,3,2810,26,896,0.4119943831976117
FR,2023,True,3,2811,26,896,0.4119943831976117
FR,2023,True,3,3213,26,896,0.4119943831976117
FR,2023,True,3,3215,26,896,0.4119943831976117
FR,2023,True,3,5203,26,896,0.4119943831976117
FR,2023,True,3,5206,26,896,0.4119943831976117
FR,2023,True,3,5213,26,896,0.4119943831976117
FR,2023,True,3,5302,26,896,0.4119943831976117
FR,2023,True,3,5312,26,896,0.4119943831976117
FR,2023,True,3,5314,26,896,0.4119943831976117
FR,2023,True,3,55,26,896,0.4119943831976117
FR,2023,True,3,7513,26,896,0.4119943831976117
FR,2023,True,3,7522,26,896,0.4119943831976117
FR,2023,True,3,7609,26,896,0.4119943831976117
FR,2023,True,3,7615,26,896,0.4119943831976117
FR,2023,True,3,8409,26,896,0.4119943831976117
FR,2023,True,3,8410,26,896,0.4119943831976117
FR,2023,True,3,8419,26,896,0.4119943831976117
FR,2023,True,3,8430,26,896,0.4119943831976117
FR,2023,True,4,1103,34,896,0.4119943831976117
FR,2023,True,4,2409,34,896,0.4119943831976117
FR,2023,True,4,2701,34,896,0.4119943831976117
FR,2023,True,4,2705,34,896,0.4119943831976117
FR,2023,True,4,2710,34,896,0.4119943831976117
FR,2023,True,4,2714,34,896,0.4119943831976117
FR,2023,True,4,2812,34,896,0.4119943831976117
FR,2023,True,4,3214,34,896,0.4119943831976117
FR,2023,True,4,3217,34,896,0.4119943831976117
FR,2023,True,4,3221,34,896,0.4119943831976117
FR,2023,True,4,4405,34,896,0.4119943831976117
FR,2023,True,4,4406,34,896,0.4119943831976117
FR,2023,True,4,4410,34,896,0.4119943831976117
FR,2023,True,4,4415,34,896,0.4119943831976117
FR,2023,True,4,4420,34,896,0.4119943831976117
FR,2023,True,4,4423,34,896,0.4119943831976117
FR,2023,True,4,5207,34,896,0.4119943831976117
FR,2023,True,4,5208,34,896,0.4119943831976117
FR,2023,True,4,5211,34,896,0.4119943831976117
FR,2023,True,4,62,34,896,0.4119943831976117
FR,2023,True,4,7501,34,896,0.4119943831976117
FR,2023,True,4,7506,34,896,0.4119943831976117
FR,2023,True,4,7519,34,896,0.4119943831976117
FR,2023,True,4,7524,34,896,0.4119943831976117
FR,2023,True,4,7526,34,896,0.4119943831976117
FR,2023,True,4,7532,34,896,0.4119943831976117
FR,2023,True,4,7624,34,896,0.4119943831976117
FR,2023,True,4,8412,34,896,0.4119943831976117
FR,2023,True,4,8421,34,896,0.4119943831976117
FR,2023,True,4,8423,34,896,0.4119943831976117
FR,2023,True,4,8426,34,896,0.4119943831976117
FR,2023,True,4,9301,34,896,0.4119943831976117
FR,2023,True,4,9312,34,896,0.4119943831976117
FR,2023,True,4,9318,34,896,0.4119943831976117
FR,2023,True,5,2411,31,896,0.4119943831976117
FR,2023,True,5,2412,31,896,0.4119943831976117
FR,2023,True,5,2704,31,896,0.4119943831976117
FR,2023,True,5,2716,31,896,0.4119943831976117
FR,2023,True,5,2801,31,896,0.4119943831976117
FR,2023,True,5,2815,31,896,0.4119943831976117
FR,2023,True,5,3206,31,896,0.4119943831976117
FR,2023,True,5,4401,31,896,0.4119943831976117
FR,2023,True,5,4403,31,896,0.4119943831976117
FR,2023,True,5,4404,31,896,0.4119943831976117
FR,2023,True,5,4408,31,896,0.4119943831976117
FR,2023,True,5,4416,31,896,0.4119943831976117
FR,2023,True,5,4426,31,896,0.4119943831976117
FR,2023,True,5,4427,31,896,0.4119943831976117
FR,2023,True,5,5205,31,896,0.4119943831976117
FR,2023,True,5,5218,31,896,0.4119943831976117
FR,2023,True,5,5308,31,896,0.4119943831976117
FR,2023,True,5,61,31,896,0.4119943831976117
FR,2023,True,5,7517,31,896,0.4119943831976117
FR,2023,True,5,7530,31,896,0.4119943831976117
FR,2023,True,5,7610,31,896,0.4119943831976117
FR,2023,True,5,7613,31,896,0.4119943831976117
FR,2023,True,5,7618,31,896,0.4119943831976117
FR,2023,True,5,7619,31,896,0.4119943831976117
FR,2023,True,5,7622,31,896,0.4119943831976117
FR,2023,True,5,8402,31,896,0.4119943831976117
FR,2023,True,5,8413,31,896,0.4119943831976117
FR,2023,True,5,8417,31,896,0.4119943831976117
FR,2023,True,5,9302,31,896,0.4119943831976117
FR,2023,True,5,9306,31,896,0.4119943831976117
FR,2023,True,5,9311,31,896,0.4119943831976117
FR,2023,True,6,1105,10,896,0.4119943831976117
FR,2023,True,6,1106,10,896,0.4119943831976117
FR,2023,True,6,2803,10,896,0.4119943831976117
FR,2023,True,6,3212,10,896,0.4119943831976117
FR,2023,True,6,5212,10,896,0.4119943831976117
FR,2023,True,6,54,10,896,0.4119943831976117
FR,2023,True,6,63,10,896,0.4119943831976117
FR,2023,True,6,7512,10,896,0.4119943831976117
FR,2023,True,6,7520,10,896,0.4119943831976117
FR,2023,True,6,7521,10,896,0.4119943831976117
FR,2023,True,7,2407,24,896,0.4119943831976117
FR,2023,True,7,2410,24,896,0.4119943831976117
FR,2023,True,7,2706,24,896,0.4119943831976117
FR,2023,True,7,2711,24,896,0.4119943831976117
FR,2023,True,7,2808,24,896,0.4119943831976117
FR,2023,True,7,2814,24,896,0.4119943831976117
FR,2023,True,7,3204,24,896,0.4119943831976117
FR,2023,True,7,3209,24,896,0.4119943831976117
FR,2023,True,7,3216,24,896,0.4119943831976117
FR,2023,True,7,3218,24,896,0.4119943831976117
FR,2023,True,7,4419,24,896,0.4119943831976117
FR,2023,True,7,5216,24,896,0.4119943831976117
FR,2023,True,7,5221,24,896,0.4119943831976117
FR,2023,True,7,5318,24,896,0.4119943831976117
FR,2023,True,7,7502,24,896,0.4119943831976117
FR,2023,True,7,7508,24,896,0.4119943831976117
FR,2023,True,7,7509,24,896,0.4119943831976117
FR,2023,True,7,7531,24,896,0.4119943831976117
FR,2023,True,7,7602,24,896,0.4119943831976117
FR,2023,True,7,7612,24,896,0.4119943831976117
FR,2023,True,7,7625,24,896,0.4119943831976117
FR,2023,True,7,8422,24,896,0.4119943831976117
FR,2023,True,7,8424,24,896,0.4119943831976117
FR,2023,True,7,8435,24,896,0.4119943831976117
FR,2023,True,8,1107,30,896,0.4119943831976117
FR,2023,True,8,2816,30,896,0.4119943831976117
FR,2023,True,8,3201,30,896,0.4119943831976117
FR,2023,True,8,3222,30,896,0.4119943831976117
FR,2023,True,8,4411,30,896,0.4119943831976117
FR,2023,True,8,4413,30,896,0.4119943831976117
FR,2023,True,8,4421,30,896,0.4119943831976117
FR,2023,True,8,4425,30,896,0.4119943831976117
FR,2023,True,8,5201,30,896,0.4119943831976117
FR,2023,True,8,5210,30,896,0.4119943831976117
FR,2023,True,8,5219,30,896,0.4119943831976117
FR,2023,True,8,5303,30,896,0.4119943831976117
FR,2023,True,8,5304,30,896,0.4119943831976117
FR,2023,True,8,5316,30,896,0.4119943831976117
FR,2023,True,8,7505,30,896,0.4119943831976117
FR,2023,True,8,7510,30,896,0.4119943831976117
FR,2023,True,8,7511,30,896,0.4119943831976117
FR,2023,True,8,7518,30,896,0.4119943831976117
FR,2023,True,8,7525,30,896,0.4119943831976117
FR,2023,True,8,7603,30,896,0.4119943831976117
FR,2023,True,8,7604,30,896,0.4119943831976117
FR,2023,True,8,7614,30,896,0.4119943831976117
FR,2023,True,8,7617,30,896,0.4119943831976117
FR,2023,True,8,7620,30,896,0.4119943831976117
FR,2023,True,8,7623,30,896,0.4119943831976117
FR,2023,True,8,8408,30,896,0.4119943831976117
FR,2023,True,8,8411,30,896,0.4119943831976117
FR,2023,True,8,9309,30,896,0.4119943831976117
FR,2023,True,8,9310,30,896,0.4119943831976117
FR,2023,True,8,9315,30,896,0.4119943831976117
FR,2023,True,9,2406,20,896,0.4119943831976117
FR,2023,True,9,2703,20,896,0.4119943831976117
FR,2023,True,9,2712,20,896,0.4119943831976117
FR,2023,True,9,2718,20,896,0.4119943831976117
FR,2023,True,9,2806,20,896,0.4119943831976117
FR,2023,True,9,3208,20,896,0.4119943831976117
FR,2023,True,9,4414,20,896,0.4119943831976117
FR,2023,True,9,4417,20,896,0.4119943831976117
FR,2023,True,9,51,20,896,0.4119943831976117
FR,2023,True,9,5215,20,896,0.4119943831976117
FR,2023,True,9,5310,20,896,0.4119943831976117
FR,2023,True,9,57,20,896,0.4119943831976117
FR,2023,True,9,60,20,896,0.4119943831976117
FR,2023,True,9,64,20,896,0.4119943831976117
FR,2023,True,9,7527,20,896,0.4119943831976117
FR,2023,True,9,7616,20,896,0.4119943831976117
FR,2023,True,9,7621,20,896,0.4119943831976117
FR,2023,True,9,8405,20,896,0.4119943831976117
FR,2023,True,9,8425,20,896,0.4119943831976117
FR,2023,True,9,9303,20,896,0.4119943831976117
FR,2023,True,10,1104,31,896,0.4119943831976117
FR,2023,True,10,2404,31,896,0.4119943831976117
FR,2023,True,10,2405,31,896,0.4119943831976117
FR,2023,True,10,3219,31,896,0.4119943831976117
FR,2023,True,10,4407,31,896,0.4119943831976117
FR,2023,True,10,4409,31,896,0.4119943831976117
FR,2023,True,10,4412,31,896,0.4119943831976117
FR,2023,True,10,5204,31,896,0.4119943831976117
FR,2023,True,10,5209,31,896,0.4119943831976117
FR,2023,True,10,5214,31,896,0.4119943831976117
FR,2023,True,10,5307,31,896,0.4119943831976117
FR,2023,True,10,5311,31,896,0.4119943831976117
FR,2023,True,10,5313,31,896,0.4119943831976117
FR,2023,True,10,5317,31,896,0.4119943831976117
FR,2023,True,10,56,31,896,0.4119943831976117
FR,2023,True,10,7507,31,896,0.4119943831976117
FR,2023,True,10,7516,31,896,0.4119943831976117
FR,2023,True,10,7528,31,896,0.4119943831976117
FR,2023,True,10,7601,31,896,0.4119943831976117
FR,2023,True,10,7606,31,896,0.4119943831976117
FR,2023,True,10,7611,31,896,0.4119943831976117
FR,2023,True,10,8414,31,896,0.4119943831976117
FR,2023,True,10,8415,31,896,0.4119943831976117
FR,2023,True,10,8418,31,896,0.4119943831976117
FR,2023,True,10,8427,31,896,0.4119943831976117
FR,2023,True,10,8432,31,896,0.4119943831976117
FR,2023,True,10,8433,31,896,0.4119943831976117
FR,2023,True,10,9308,31,896,0.4119943831976117
FR,2023,True,10,9313,31,896,0.4119943831976117
FR,2023,True,10,9316,31,896,0.4119943831976117
FR,2023,True,10,9317,31,896,0.4119943831976117
FR,2023,True,11,1110,16,896,0.4119943831976117
FR,2023,True,11,2709,16,896,0.4119943831976117
FR,2023,True,11,2804,16,896,0.4119943831976117
FR,2023,True,11,2819,16,896,0.4119943831976117
FR,2023,True,11,3210,16,896,0.4119943831976117
FR,2023,True,11,4402,16,896,0.4119943831976117
FR,2023,True,11,4424,16,896,0.4119943831976117
FR,2023,True,11,5202,16,896,0.4119943831976117
FR,2023,True,11,5305,16,896,0.4119943831976117
FR,2023,True,11,5315,16,896,0.4119943831976117
FR,2023,True,11,59,16,896,0.4119943831976117
FR,2023,True,11,7523,16,896,0.4119943831976117
FR,2023,True,11,7608,16,896,0.4119943831976117
FR,2023,True,11,8429,16,896,0.4119943831976117
FR,2023,True,11,9304,16,896,0.4119943831976117
FR,2023,True,11,9305,16,896,0.4119943831976117
FR,2024,True,0,1115,20,950,0.43001472761653253
FR,2024,True,0,2401,20,950,0.43001472761653253
FR,2024,True,0,2711,20,950,0.43001472761653253
FR,2024,True,0,2718,20,950,0.43001472761653253
FR,2024,True,0,3203,20,950,0.43001472761653253
FR,2024,True,0,3206,20,950,0.43001472761653253
FR,2024,True,0,3207,20,950,0.43001472761653253
FR,2024,True,0,3208,20,950,0.43001472761653253
FR,2024,True,0,3216,20,950,0.43001472761653253
FR,2024,True,0,53,20,950,0.43001472761653253
FR,2024,True,0,5314,20,950,0.43001472761653253
FR,2024,True,0,7526,20,950,0.43001472761653253
FR,2024,True,0,7609,20,950,0.43001472761653253
FR,2024,True,0,7625,20,950,0.43001472761653253
FR,2024,True,0,8401,20,950,0.43001472761653253
FR,2024,True,0,8405,20,950,0.43001472761653253
FR,2024,True,0,8416,20,950,0.43001472761653253
FR,2024,True,0,8434,20,950,0.43001472761653253
FR,2024,True,0,8435,20,950,0.43001472761653253
FR,2024,True,0,9312,20,950,0.43001472761653253
FR,2024,True,1,1101,38,950,0.43001472761653253
FR,2024,True,1,1103,38,950,0.43001472761653253
FR,2024,True,1,1109,38,950,0.43001472761653253
FR,2024,True,1,1112,38,950,0.43001472761653253
FR,2024,True,1,1114,38,950,0.43001472761653253
FR,2024,True,1,2408,38,950,0.43001472761653253
FR,2024,True,1,2410,38,950,0.43001472761653253
FR,2024,True,1,2412,38,950,0.43001472761653253
FR,2024,True,1,2704,38,950,0.43001472761653253
FR,2024,True,1,2716,38,950,0.43001472761653253
FR,2024,True,1,2804,38,950,0.43001472761653253
FR,2024,True,1,3202,38,950,0.43001472761653253
FR,2024,True,1,3219,38,950,0.43001472761653253
FR,2024,True,1,3221,38,950,0.43001472761653253
FR,2024,True,1,3222,38,950,0.43001472761653253
FR,2024,True,1,4401,38,950,0.43001472761653253
FR,2024,True,1,4403,38,950,0.43001472761653253
FR,2024,True,1,4411,38,950,0.43001472761653253
FR,2024,True,1,5207,38,950,0.43001472761653253
FR,2024,True,1,5302,38,950,0.43001472761653253
FR,2024,True,1,5310,38,950,0.43001472761653253
FR,2024,True,1,5312,38,950,0.43001472761653253
FR,2024,True,1,5317,38,950,0.43001472761653253
FR,2024,True,1,56,38,950,0.43001472761653253
FR,2024,True,1,57,38,950,0.43001472761653253
FR,2024,True,1,61,38,950,0.43001472761653253
FR,2024,True,1,62,38,950,0.43001472761653253
FR,2024,True,1,7507,38,950,0.43001472761653253
FR,2024,True,1,7513,38,950,0.43001472761653253
FR,2024,True,1,7520,38,950,0.43001472761653253
FR,2024,True,1,7523,38,950,0.43001472761653253
FR,2024,True,1,7530,38,950,0.43001472761653253
FR,2024,True,1,7619,38,950,0.43001472761653253
FR,2024,True,1,8409,38,950,0.43001472761653253
FR,2024,True,1,8410,38,950,0.43001472761653253
FR,2024,True,1,8421,38,950,0.43001472761653253
FR,2024,True,1,8428,38,950,0.43001472761653253
FR,2024,True,1,8431,38,950,0.43001472761653253
FR,2024,True,2,1105,31,950,0.43001472761653253
FR,2024,True,2,1106,31,950,0.43001472761653253
FR,2024,True,2,2701,31,950,0.43001472761653253
FR,2024,True,2,2707,31,950,0.43001472761653253
FR,2024,True,2,2708,31,950,0.43001472761653253
FR,2024,True,2,2715,31,950,0.43001472761653253
FR,2024,True,2,2802,31,950,0.43001472761653253
FR,2024,True,2,2809,31,950,0.43001472761653253
FR,2024,True,2,2812,31,950,0.43001472761653253
FR,2024,True,2,3201,31,950,0.43001472761653253
FR,2024,True,2,3217,31,950,0.43001472761653253
FR,2024,True,2,4406,31,950,0.43001472761653253
FR,2024,True,2,4417,31,950,0.43001472761653253
FR,2024,True,2,4418,31,950,0.43001472761653253
FR,2024,True,2,4426,31,950,0.43001472761653253
FR,2024,True,2,5301,31,950,0.43001472761653253
FR,2024,True,2,5303,31,950,0.43001472761653253
FR,2024,True,2,5304,31,950,0.43001472761653253
FR,2024,True,2,5306,31,950,0.43001472761653253
FR,2024,True,2,7504,31,950,0.43001472761653253
FR,2024,True,2,7506,31,950,0.43001472761653253
FR,2024,True,2,7508,31,950,0.43001472761653253
FR,2024,True,2,7510,31,950,0.43001472761653253
FR,2024,True,2,7611,31,950,0.43001472761653253
FR,2024,True,2,7612,31,950,0.43001472761653253
FR,2024,True,2,7623,31,950,0.43001472761653253
FR,2024,True,2,8403,31,950,0.43001472761653253
FR,2024,True,2,8412,31,950,0.43001472761653253
FR,2024,True,2,8417,31,950,0.43001472761653253
FR,2024,True,2,8420,31,950,0.43001472761653253
FR,2024,True,2,8423,31,950,0.43001472761653253
FR,2024,True,3,2413,33,950,0.43001472761653253
FR,2024,True,3,2702,33,950,0.43001472761653253
FR,2024,True,3,2717,33,950,0.43001472761653253
FR,2024,True,3,2803,33,950,0.43001472761653253
FR,2024,True,3,3211,33,950,0.43001472761653253
FR,2024,True,3,3215,33,950,0.43001472761653253
FR,2024,True,3,4413,33,950,0.43001472761653253
FR,2024,True,3,4423,33,950,0.43001472761653253
FR,2024,True,3,52,33,950,0.43001472761653253
FR,2024,True,3,5202,33,950,0.43001472761653253
FR,2024,True,3,5206,33,950,0.43001472761653253
FR,2024,True,3,5210,33,950,0.43001472761653253
FR,2024,True,3,5212,33,950,0.43001472761653253
FR,2024,True,3,5216,33,950,0.43001472761653253
FR,2024,True,3,5217,33,950,0.43001472761653253
FR,2024,True,3,5219,33,950,0.43001472761653253
FR,2024,True,3,5220,33,950,0.43001472761653253
FR,2024,True,3,5313,33,950,0.43001472761653253
FR,2024,True,3,5315,33,950,0.43001472761653253
FR,2024,True,3,5319,33,950,0.43001472761653253
FR,2024,True,3,54,33,950,0.43001472761653253
FR,2024,True,3,7505,33,950,0.43001472761653253
FR,2024,True,3,7516,33,950,0.43001472761653253
FR,2024,True,3,7524,33,950,0.43001472761653253
FR,2024,True,3,7606,33,950,0.43001472761653253
FR,2024,True,3,7622,33,950,0.43001472761653253
FR,2024,True,3,8407,33,950,0.43001472761653253
FR,2024,True,3,8422,33,950,0.43001472761653253
FR,2024,True,3,8425,33,950,0.43001472761653253
FR,2024,True,3,8433,33,950,0.43001472761653253
FR,2024,True,3,9303,33,950,0.43001472761653253
FR,2024,True,3,9310,33,950,0.43001472761653253
FR,2024,True,3,9318,33,950,0.43001472761653253
FR,2024,True,4,1107,21,950,0.43001472761653253
FR,2024,True,4,1113,21,950,0.43001472761653253
FR,2024,True,4,2706,21,950,0.43001472761653253
FR,2024,True,4,2709,21,950,0.43001472761653253
FR,2024,True,4,2814,21,950,0.43001472761653253
FR,2024,True,4,3210,21,950,0.43001472761653253
FR,2024,True,4,3214,21,950,0.43001472761653253
FR,2024,True,4,3218,21,950,0.43001472761653253
FR,2024,True,4,4404,21,950,0.43001472761653253
FR,2024,True,4,4412,21,950,0.43001472761653253
FR,2024,True,4,5221,21,950,0.43001472761653253
FR,2024,True,4,5316,21,950,0.43001472761653253
FR,2024,True,4,58,21,950,0.43001472761653253
FR,2024,True,4,7502,21,950,0.43001472761653253
FR,2024,True,4,7519,21,950,0.43001472761653253
FR,2024,True,4,7610,21,950,0.43001472761653253
FR,2024,True,4,8415,21,950,0.43001472761653253
FR,2024,True,4,8418,21,950,0.43001472761653253
FR,2024,True,4,8419,21,950,0.43001472761653253
FR,2024,True,4,8427,21,950,0.43001472761653253
FR,2024,True,4,8432,21,950,0.43001472761653253
FR,2024,True,5,1110,18,950,0.43001472761653253
FR,2024,True,5,1111,18,950,0.43001472761653253
FR,2024,True,5,2806,18,950,0.43001472761653253
FR,2024,True,5,2808,18,950,0.43001472761653253
FR,2024,True,5,2819,18,950,0.43001472761653253
FR,2024,True,5,3209,18,950,0.43001472761653253
FR,2024,True,5,4414,18,950,0.43001472761653253
FR,2024,True,5,4424,18,950,0.43001472761653253
FR,2024,True,5,5204,18,950,0.43001472761653253
FR,2024,True,5,5209,18,950,0.43001472761653253
FR,2024,True,5,5307,18,950,0.43001472761653253
FR,2024,True,5,5311,18,950,0.43001472761653253
FR,2024,True,5,7601,18,950,0.43001472761653253
FR,2024,True,5,7615,18,950,0.43001472761653253
FR,2024,True,5,7621,18,950,0.43001472761653253
FR,2024,True,5,8406,18,950,0.43001472761653253
FR,2024,True,5,9307,18,950,0.43001472761653253
FR,2024,True,5,9309,18,950,0.43001472761653253
FR,2024,True,6,1102,28,950,0.43001472761653253
FR,2024,True,6,1108,28,950,0.43001472761653253
FR,2024,True,6,2403,28,950,0.43001472761653253
FR,2024,True,6,2405,28,950,0.43001472761653253
FR,2024,True,6,2406,28,950,0.43001472761653253
FR,2024,True,6,2415,28,950,0.43001472761653253
FR,2024,True,6,2810,28,950,0.43001472761653253
FR,2024,True,6,2816,28,950,0.43001472761653253
FR,2024,True,6,3205,28,950,0.43001472761653253
FR,2024,True,6,4402,28,950,0.43001472761653253
FR,2024,True,6,4419,28,950,0.43001472761653253
FR,2024,True,6,4422,28,950,0.43001472761653253
FR,2024,True,6,4425,28,950,0.43001472761653253
FR,2024,True,6,63,28,950,0.43001472761653253
FR,2024,True,6,64,28,950,0.43001472761653253
FR,2024,True,6,7514,28,950,0.43001472761653253
FR,2024,True,6,7518,28,950,0.43001472761653253
FR,2024,True,6,7525,28,950,0.43001472761653253
FR,2024,True,6,7527,28,950,0.43001472761653253
FR,2024,True,6,7603,28,950,0.43001472761653253
FR,2024,True,6,7604,28,950,0.43001472761653253
FR,2024,True,6,7608,28,950,0.43001472761653253
FR,2024,True,6,7614,28,950,0.43001472761653253
FR,2024,True,6,7618,28,950,0.43001472761653253
FR,2024,True,6,8429,28,950,0.43001472761653253
FR,2024,True,6,9304,28,950,0.43001472761653253
FR,2024,True,6,9305,28,950,0.43001472761653253
FR,2024,True,6,9315,28,950,0.43001472761653253
FR,2024,True,7,2713,14,950,0.43001472761653253
FR,2024,True,7,3213,14,950,0.43001472761653253
FR,2024,True,7,5211,14,950,0.43001472761653253
FR,2024,True,7,5213,14,950,0.43001472761653253
FR,2024,True,7,5214,14,950,0.43001472761653253
FR,2024,True,7,5309,14,950,0.43001472761653253
FR,2024,True,7,7501,14,950,0.43001472761653253
FR,2024,True,7,7512,14,950,0.43001472761653253
FR,2024,True,7,7522,14,950,0.43001472761653253
FR,2024,True,7,7529,14,950,0.43001472761653253
FR,2024,True,7,7532,14,950,0.43001472761653253
FR,2024,True,7,7602,14,950,0.43001472761653253
FR,2024,True,7,7624,14,950,0.43001472761653253
FR,2024,True,7,9313,14,950,0.43001472761653253
FR,2024,True,8,1104,33,950,0.43001472761653253
FR,2024,True,8,2705,33,950,0.43001472761653253
FR,2024,True,8,2710,33,950,0.43001472761653253
FR,2024,True,8,2714,33,950,0.43001472761653253
FR,2024,True,8,2805,33,950,0.43001472761653253
FR,2024,True,8,2813,33,950,0.43001472761653253
FR,2024,True,8,2815,33,950,0.43001472761653253
FR,2024,True,8,2817,33,950,0.43001472761653253
FR,2024,True,8,2818,33,950,0.43001472761653253
FR,2024,True,8,3212,33,950,0.43001472761653253
FR,2024,True,8,4405,33,950,0.43001472761653253
FR,2024,True,8,4408,33,950,0.43001472761653253
FR,2024,True,8,4410,33,950,0.43001472761653253
FR,2024,True,8,4416,33,950,0.43001472761653253
FR,2024,True,8,4421,33,950,0.43001472761653253
FR,2024,True,8,51,33,950,0.43001472761653253
FR,2024,True,8,5205,33,950,0.43001472761653253
FR,2024,True,8,5215,33,950,0.43001472761653253
FR,2024,True,8,5218,33,950,0.43001472761653253
FR,2024,True,8,5305,33,950,0.43001472761653253
FR,2024,True,8,59,33,950,0.43001472761653253
FR,2024,True,8,7517,33,950,0.43001472761653253
FR,2024,True,8,7521,33,950,0.43001472761653253
FR,2024,True,8,7528,33,950,0.43001472761653253
FR,2024,True,8,7605,33,950,0.43001472761653253
FR,2024,True,8,7617,33,950,0.43001472761653253
FR,2024,True,8,8402,33,950,0.43001472761653253
FR,2024,True,8,8408,33,950,0.43001472761653253
FR,2024,True,8,8411,33,950,0.43001472761653253
FR,2024,True,8,8430,33,950,0.43001472761653253
FR,2024,True,8,9301,33,950,0.43001472761653253
FR,2024,True,8,9311,33,950,0.43001472761653253
FR,2024,True,8,9314,33,950,0.43001472761653253
FR,2024,True,9,2402,44,950,0.43001472761653253
FR,2024,True,9,2404,44,950,0.43001472761653253
FR,2024,True,9,2407,44,950,0.43001472761653253
FR,2024,True,9,2409,44,950,0.43001472761653253
FR,2024,True,9,2411,44,950,0.43001472761653253
FR,2024,True,9,2414,44,950,0.43001472761653253
FR,2024,True,9,2703,44,950,0.43001472761653253
FR,2024,True,9,2712,44,950,0.43001472761653253
FR,2024,True,9,2801,44,950,0.43001472761653253
FR,2024,True,9,2807,44,950,0.43001472761653253
FR,2024,True,9,2811,44,950,0.43001472761653253
FR,2024,True,9,3204,44,950,0.43001472761653253
FR,2024,True,9,3220,44,950,0.43001472761653253
FR,2024,True,9,4407,44,950,0.43001472761653253
FR,2024,True,9,4409,44,950,0.43001472761653253
FR,2024,True,9,4415,44,950,0.43001472761653253
FR,2024,True,9,4420,44,950,0.43001472761653253
FR,2024,True,9,4427,44,950,0.43001472761653253
FR,2024,True,9,5201,44,950,0.43001472761653253
FR,2024,True,9,5203,44,950,0.43001472761653253
FR,2024,True,9,5208,44,950,0.43001472761653253
FR,2024,True,9,5308,44,950,0.43001472761653253
FR,2024,True,9,5318,44,950,0.43001472761653253
FR,2024,True,9,55,44,950,0.43001472761653253
FR,2024,True,9,60,44,950,0.43001472761653253
FR,2024,True,9,7503,44,950,0.43001472761653253
FR,2024,True,9,7509,44,950,0.43001472761653253
FR,2024,True,9,7511,44,950,0.43001472761653253
FR,2024,True,9,7515,44,950,0.43001472761653253
FR,2024,True,9,7531,44,950,0.43001472761653253
FR,2024,True,9,7607,44,950,0.43001472761653253
FR,2024,True,9,7613,44,950,0.43001472761653253
FR,2024,True,9,7616,44,950,0.43001472761653253
FR,2024,True,9,7620,44,950,0.43001472761653253
FR,2024,True,9,8404,44,950,0.43001472761653253
FR,2024,True,9,8413,44,950,0.43001472761653253
FR,2024,True,9,8414,44,950,0.43001472761653253
FR,2024,True,9,8424,44,950,0.43001472761653253
FR,2024,True,9,8426,44,950,0.43001472761653253
FR,2024,True,9,9302,44,950,0.43001472761653253
FR,2024,True,9,9306,44,950,0.43001472761653253
FR,2024,True,9,9308,44,950,0.43001472761653253
FR,2024,True,9,9316,44,950,0.43001472761653253
FR,2024,True,9,9317,44,950,0.43001472761653253
FR,2025,True,0,1103,32,959,0.39168805533405804
FR,2025,True,0,1115,32,959,0.39168805533405804
FR,2025,True,0,2414,32,959,0.39168805533405804
FR,2025,True,0,2701,32,959,0.39168805533405804
FR,2025,True,0,2805,32,959,0.39168805533405804
FR,2025,True,0,2807,32,959,0.39168805533405804
FR,2025,True,0,3206,32,959,0.39168805533405804
FR,2025,True,0,3212,32,959,0.39168805533405804
FR,2025,True,0,3214,32,959,0.39168805533405804
FR,2025,True,0,4405,32,959,0.39168805533405804
FR,2025,True,0,4410,32,959,0.39168805533405804
FR,2025,True,0,4413,32,959,0.39168805533405804
FR,2025,True,0,4416,32,959,0.39168805533405804
FR,2025,True,0,4423,32,959,0.39168805533405804
FR,2025,True,0,51,32,959,0.39168805533405804
FR,2025,True,0,52,32,959,0.39168805533405804
FR,2025,True,0,5216,32,959,0.39168805533405804
FR,2025,True,0,7502,32,959,0.39168805533405804
FR,2025,True,0,7508,32,959,0.39168805533405804
FR,2025,True,0,7514,32,959,0.39168805533405804
FR,2025,True,0,7516,32,959,0.39168805533405804
FR,2025,True,0,7517,32,959,0.39168805533405804
FR,2025,True,0,7518,32,959,0.39168805533405804
FR,2025,True,0,7528,32,959,0.39168805533405804
FR,2025,True,0,7615,32,959,0.39168805533405804
FR,2025,True,0,8408,32,959,0.39168805533405804
FR,2025,True,0,8427,32,959,0.39168805533405804
FR,2025,True,0,9301,32,959,0.39168805533405804
FR,2025,True,0,9309,32,959,0.39168805533405804
FR,2025,True,0,9310,32,959,0.39168805533405804
FR,2025,True,0,9314,32,959,0.39168805533405804
FR,2025,True,0,9317,32,959,0.39168805533405804
FR,2025,True,1,3203,18,959,0.39168805533405804
FR,2025,True,1,4417,18,959,0.39168805533405804
FR,2025,True,1,5214,18,959,0.39168805533405804
FR,2025,True,1,5220,18,959,0.39168805533405804
FR,2025,True,1,5301,18,959,0.39168805533405804
FR,2025,True,1,5304,18,959,0.39168805533405804
FR,2025,True,1,5306,18,959,0.39168805533405804
FR,2025,True,1,5312,18,959,0.39168805533405804
FR,2025,True,1,5314,18,959,0.39168805533405804
FR,2025,True,1,62,18,959,0.39168805533405804
FR,2025,True,1,7503,18,959,0.39168805533405804
FR,2025,True,1,7526,18,959,0.39168805533405804
FR,2025,True,1,7602,18,959,0.39168805533405804
FR,2025,True,1,7611,18,959,0.39168805533405804
FR,2025,True,1,8407,18,959,0.39168805533405804
FR,2025,True,1,8410,18,959,0.39168805533405804
FR,2025,True,1,8416,18,959,0.39168805533405804
FR,2025,True,1,8429,18,959,0.39168805533405804
FR,2025,True,2,1113,26,959,0.39168805533405804
FR,2025,True,2,2402,26,959,0.39168805533405804
FR,2025,True,2,2407,26,959,0.39168805533405804
FR,2025,True,2,2410,26,959,0.39168805533405804
FR,2025,True,2,2704,26,959,0.39168805533405804
FR,2025,True,2,2706,26,959,0.39168805533405804
FR,2025,True,2,2707,26,959,0.39168805533405804
FR,2025,True,2,2715,26,959,0.39168805533405804
FR,2025,True,2,2803,26,959,0.39168805533405804
FR,2025,True,2,2806,26,959,0.39168805533405804
FR,2025,True,2,2812,26,959,0.39168805533405804
FR,2025,True,2,3207,26,959,0.39168805533405804
FR,2025,True,2,3208,26,959,0.39168805533405804
FR,2025,True,2,4407,26,959,0.39168805533405804
FR,2025,True,2,4422,26,959,0.39168805533405804
FR,2025,True,2,5215,26,959,0.39168805533405804
FR,2025,True,2,5319,26,959,0.39168805533405804
FR,2025,True,2,56,26,959,0.39168805533405804
FR,2025,True,2,7504,26,959,0.39168805533405804
FR,2025,True,2,7510,26,959,0.39168805533405804
FR,2025,True,2,7530,26,959,0.39168805533405804
FR,2025,True,2,7604,26,959,0.39168805533405804
FR,2025,True,2,7625,26,959,0.39168805533405804
FR,2025,True,2,8406,26,959,0.39168805533405804
FR,2025,True,2,8411,26,959,0.39168805533405804
FR,2025,True,2,8417,26,959,0.39168805533405804
FR,2025,True,3,2405,24,959,0.39168805533405804
FR,2025,True,3,2710,24,959,0.39168805533405804
FR,2025,True,3,2712,24,959,0.39168805533405804
FR,2025,True,3,2717,24,959,0.39168805533405804
FR,2025,True,3,2718,24,959,0.39168805533405804
FR,2025,True,3,2804,24,959,0.39168805533405804
FR,2025,True,3,2816,24,959,0.39168805533405804
FR,2025,True,3,3202,24,959,0.39168805533405804
FR,2025,True,3,3216,24,959,0.39168805533405804
FR,2025,True,3,4421,24,959,0.39168805533405804
FR,2025,True,3,5205,24,959,0.39168805533405804
FR,2025,True,3,5207,24,959,0.39168805533405804
FR,2025,True,3,57,24,959,0.39168805533405804
FR,2025,True,3,7501,24,959,0.39168805533405804
FR,2025,True,3,7505,24,959,0.39168805533405804
FR,2025,True,3,7520,24,959,0.39168805533405804
FR,2025,True,3,7616,24,959,0.39168805533405804
FR,2025,True,3,8404,24,959,0.39168805533405804
FR,2025,True,3,8409,24,959,0.39168805533405804
FR,2025,True,3,8421,24,959,0.39168805533405804
FR,2025,True,3,8428,24,959,0.39168805533405804
FR,2025,True,3,8433,24,959,0.39168805533405804
FR,2025,True,3,8434,24,959,0.39168805533405804
FR,2025,True,3,9303,24,959,0.39168805533405804
FR,2025,True,4,2708,25,959,0.39168805533405804
FR,2025,True,4,2801,25,959,0.39168805533405804
FR,2025,True,4,2810,25,959,0.39168805533405804
FR,2025,True,4,3205,25,959,0.39168805533405804
FR,2025,True,4,3210,25,959,0.39168805533405804
FR,2025,True,4,3222,25,959,0.39168805533405804
FR,2025,True,4,4402,25,959,0.39168805533405804
FR,2025,True,4,4403,25,959,0.39168805533405804
FR,2025,True,4,4404,25,959,0.39168805533405804
FR,2025,True,4,4406,25,959,0.39168805533405804
FR,2025,True,4,4426,25,959,0.39168805533405804
FR,2025,True,4,5201,25,959,0.39168805533405804
FR,2025,True,4,5311,25,959,0.39168805533405804
FR,2025,True,4,5317,25,959,0.39168805533405804
FR,2025,True,4,55,25,959,0.39168805533405804
FR,2025,True,4,59,25,959,0.39168805533405804
FR,2025,True,4,64,25,959,0.39168805533405804
FR,2025,True,4,7509,25,959,0.39168805533405804
FR,2025,True,4,7511,25,959,0.39168805533405804
FR,2025,True,4,7603,25,959,0.39168805533405804
FR,2025,True,4,7613,25,959,0.39168805533405804
FR,2025,True,4,8420,25,959,0.39168805533405804
FR,2025,True,4,8424,25,959,0.39168805533405804
FR,2025,True,4,9305,25,959,0.39168805533405804
FR,2025,True,4,9316,25,959,0.39168805533405804
FR,2025,True,5,2819,11,959,0.39168805533405804
FR,2025,True,5,3209,11,959,0.39168805533405804
FR,2025,True,5,4414,11,959,0.39168805533405804
FR,2025,True,5,4415,11,959,0.39168805533405804
FR,2025,True,5,5209,11,959,0.39168805533405804
FR,2025,True,5,5211,11,959,0.39168805533405804
FR,2025,True,5,5308,11,959,0.39168805533405804
FR,2025,True,5,60,11,959,0.39168805533405804
FR,2025,True,5,7606,11,959,0.39168805533405804
FR,2025,True,5,7622,11,959,0.39168805533405804
FR,2025,True,5,8425,11,959,0.39168805533405804
FR,2025,True,6,2406,17,959,0.39168805533405804
FR,2025,True,6,2409,17,959,0.39168805533405804
FR,2025,True,6,2411,17,959,0.39168805533405804
FR,2025,True,6,2702,17,959,0.39168805533405804
FR,2025,True,6,2703,17,959,0.39168805533405804
FR,2025,True,6,2809,17,959,0.39168805533405804
FR,2025,True,6,3219,17,959,0.39168805533405804
FR,2025,True,6,4408,17,959,0.39168805533405804
FR,2025,True,6,5208,17,959,0.39168805533405804
FR,2025,True,6,53,17,959,0.39168805533405804
FR,2025,True,6,5309,17,959,0.39168805533405804
FR,2025,True,6,58,17,959,0.39168805533405804
FR,2025,True,6,7512,17,959,0.39168805533405804
FR,2025,True,6,7608,17,959,0.39168805533405804
FR,2025,True,6,7624,17,959,0.39168805533405804
FR,2025,True,6,8401,17,959,0.39168805533405804
FR,2025,True,6,8414,17,959,0.39168805533405804
FR,2025,True,7,1101,14,959,0.39168805533405804
FR,2025,True,7,1102,14,959,0.39168805533405804
FR,2025,True,7,1109,14,959,0.39168805533405804
FR,2025,True,7,1114,14,959,0.39168805533405804
FR,2025,True,7,2808,14,959,0.39168805533405804
FR,2025,True,7,3218,14,959,0.39168805533405804
FR,2025,True,7,4411,14,959,0.39168805533405804
FR,2025,True,7,4418,14,959,0.39168805533405804
FR,2025,True,7,4424,14,959,0.39168805533405804
FR,2025,True,7,5305,14,959,0.39168805533405804
FR,2025,True,7,54,14,959,0.39168805533405804
FR,2025,True,7,7610,14,959,0.39168805533405804
FR,2025,True,7,8415,14,959,0.39168805533405804
FR,2025,True,7,8423,14,959,0.39168805533405804
FR,2025,True,8,1105,15,959,0.39168805533405804
FR,2025,True,8,2713,15,959,0.39168805533405804
FR,2025,True,8,2716,15,959,0.39168805533405804
FR,2025,True,8,2815,15,959,0.39168805533405804
FR,2025,True,8,3217,15,959,0.39168805533405804
FR,2025,True,8,4412,15,959,0.39168805533405804
FR,2025,True,8,5213,15,959,0.39168805533405804
FR,2025,True,8,5221,15,959,0.39168805533405804
FR,2025,True,8,7506,15,959,0.39168805533405804
FR,2025,True,8,7521,15,959,0.39168805533405804
FR,2025,True,8,7522,15,959,0.39168805533405804
FR,2025,True,8,7523,15,959,0.39168805533405804
FR,2025,True,8,7612,15,959,0.39168805533405804
FR,2025,True,8,8435,15,959,0.39168805533405804
FR,2025,True,8,9311,15,959,0.39168805533405804
FR,2025,True,9,2401,26,959,0.39168805533405804
FR,2025,True,9,2408,26,959,0.39168805533405804
FR,2025,True,9,2412,26,959,0.39168805533405804
FR,2025,True,9,2714,26,959,0.39168805533405804
FR,2025,True,9,2802,26,959,0.39168805533405804
FR,2025,True,9,2814,26,959,0.39168805533405804
FR,2025,True,9,2817,26,959,0.39168805533405804
FR,2025,True,9,3201,26,959,0.39168805533405804
FR,2025,True,9,3220,26,959,0.39168805533405804
FR,2025,True,9,4409,26,959,0.39168805533405804
FR,2025,True,9,5203,26,959,0.39168805533405804
FR,2025,True,9,5210,26,959,0.39168805533405804
FR,2025,True,9,5303,26,959,0.39168805533405804
FR,2025,True,9,5310,26,959,0.39168805533405804
FR,2025,True,9,7507,26,959,0.39168805533405804
FR,2025,True,9,7531,26,959,0.39168805533405804
FR,2025,True,9,7532,26,959,0.39168805533405804
FR,2025,True,9,7605,26,959,0.39168805533405804
FR,2025,True,9,7617,26,959,0.39168805533405804
FR,2025,True,9,7621,26,959,0.39168805533405804
FR,2025,True,9,8405,26,959,0.39168805533405804
FR,2025,True,9,8418,26,959,0.39168805533405804
FR,2025,True,9,8419,26,959,0.39168805533405804
FR,2025,True,9,8430,26,959,0.39168805533405804
FR,2025,True,9,9306,26,959,0.39168805533405804
FR,2025,True,9,9313,26,959,0.39168805533405804
FR,2025,True,10,1108,26,959,0.39168805533405804
FR,2025,True,10,1110,26,959,0.39168805533405804
FR,2025,True,10,1111,26,959,0.39168805533405804
FR,2025,True,10,2403,26,959,0.39168805533405804
FR,2025,True,10,2404,26,959,0.39168805533405804
FR,2025,True,10,2705,26,959,0.39168805533405804
FR,2025,True,10,2709,26,959,0.39168805533405804
FR,2025,True,10,2818,26,959,0.39168805533405804
FR,2025,True,10,3204,26,959,0.39168805533405804
FR,2025,True,10,4420,26,959,0.39168805533405804
FR,2025,True,10,5307,26,959,0.39168805533405804
FR,2025,True,10,5313,26,959,0.39168805533405804
FR,2025,True,10,5318,26,959,0.39168805533405804
FR,2025,True,10,7525,26,959,0.39168805533405804
FR,2025,True,10,7601,26,959,0.39168805533405804
FR,2025,True,10,7609,26,959,0.39168805533405804
FR,2025,True,10,7614,26,959,0.39168805533405804
FR,2025,True,10,7618,26,959,0.39168805533405804
FR,2025,True,10,7620,26,959,0.39168805533405804
FR,2025,True,10,8403,26,959,0.39168805533405804
FR,2025,True,10,8422,26,959,0.39168805533405804
FR,2025,True,10,8426,26,959,0.39168805533405804
FR,2025,True,10,8431,26,959,0.39168805533405804
FR,2025,True,10,8432,26,959,0.39168805533405804
FR,2025,True,10,9302,26,959,0.39168805533405804
FR,2025,True,10,9308,26,959,0.39168805533405804
FR,2025,True,11,1104,46,959,0.39168805533405804
FR,2025,True,11,1106,46,959,0.39168805533405804
FR,2025,True,11,1107,46,959,0.39168805533405804
FR,2025,True,11,1112,46,959,0.39168805533405804
FR,2025,True,11,2413,46,959,0.39168805533405804
FR,2025,True,11,2415,46,959,0.39168805533405804
FR,2025,True,11,2711,46,959,0.39168805533405804
FR,2025,True,11,2811,46,959,0.39168805533405804
FR,2025,True,11,2813,46,959,0.39168805533405804
FR,2025,True,11,3211,46,959,0.39168805533405804
FR,2025,True,11,3213,46,959,0.39168805533405804
FR,2025,True,11,3215,46,959,0.39168805533405804
FR,2025,True,11,3221,46,959,0.39168805533405804
FR,2025,True,11,4401,46,959,0.39168805533405804
FR,2025,True,11,4419,46,959,0.39168805533405804
FR,2025,True,11,4425,46,959,0.39168805533405804
FR,2025,True,11,4427,46,959,0.39168805533405804
FR,2025,True,11,5202,46,959,0.39168805533405804
FR,2025,True,11,5204,46,959,0.39168805533405804
FR,2025,True,11,5206,46,959,0.39168805533405804
FR,2025,True,11,5212,46,959,0.39168805533405804
FR,2025,True,11,5217,46,959,0.39168805533405804
FR,2025,True,11,5218,46,959,0.39168805533405804
FR,2025,True,11,5219,46,959,0.39168805533405804
FR,2025,True,11,5302,46,959,0.39168805533405804
FR,2025,True,11,5315,46,959,0.39168805533405804
FR,2025,True,11,5316,46,959,0.39168805533405804
FR,2025,True,11,61,46,959,0.39168805533405804
FR,2025,True,11,63,46,959,0.39168805533405804
FR,2025,True,11,7513,46,959,0.39168805533405804
FR,2025,True,11,7515,46,959,0.39168805533405804
FR,2025,True,11,7519,46,959,0.39168805533405804
FR,2025,True,11,7524,46,959,0.39168805533405804
FR,2025,True,11,7527,46,959,0.39168805533405804
FR,2025,True,11,7529,46,959,0.39168805533405804
FR,2025,True,11,7607,46,959,0.39168805533405804
FR,2025,True,11,7619,46,959,0.39168805533405804
FR,2025,True,11,7623,46,959,0.39168805533405804
FR,2025,True,11,8402,46,959,0.39168805533405804
FR,2025,True,11,8412,46,959,0.39168805533405804
FR,2025,True,11,8413,46,959,0.39168805533405804
FR,2025,True,11,9304,46,959,0.39168805533405804
FR,2025,True,11,9307,46,959,0.39168805533405804
FR,2025,True,11,9312,46,959,0.39168805533405804
FR,2025,True,11,9315,46,959,0.39168805533405804
FR,2025,True,11,9318,46,959,0.39168805533405804
FR,2026,True,0,1102,34,994,0.3909126257830577
FR,2026,True,0,1103,34,994,0.3909126257830577
FR,2026,True,0,1109,34,994,0.3909126257830577
FR,2026,True,0,1114,34,994,0.3909126257830577
FR,2026,True,0,2407,34,994,0.3909126257830577
FR,2026,True,0,2701,34,994,0.3909126257830577
FR,2026,True,0,2703,34,994,0.3909126257830577
FR,2026,True,0,2704,34,994,0.3909126257830577
FR,2026,True,0,2708,34,994,0.3909126257830577
FR,2026,True,0,2803,34,994,0.3909126257830577
FR,2026,True,0,2807,34,994,0.3909126257830577
FR,2026,True,0,2808,34,994,0.3909126257830577
FR,2026,True,0,2815,34,994,0.3909126257830577
FR,2026,True,0,2817,34,994,0.3909126257830577
FR,2026,True,0,3202,34,994,0.3909126257830577
FR,2026,True,0,3204,34,994,0.3909126257830577
FR,2026,True,0,4410,34,994,0.3909126257830577
FR,2026,True,0,4411,34,994,0.3909126257830577
FR,2026,True,0,4412,34,994,0.3909126257830577
FR,2026,True,0,4416,34,994,0.3909126257830577
FR,2026,True,0,4418,34,994,0.3909126257830577
FR,2026,True,0,4422,34,994,0.3909126257830577
FR,2026,True,0,4424,34,994,0.3909126257830577
FR,2026,True,0,4426,34,994,0.3909126257830577
FR,2026,True,0,5208,34,994,0.3909126257830577
FR,2026,True,0,5221,34,994,0.3909126257830577
FR,2026,True,0,5314,34,994,0.3909126257830577
FR,2026,True,0,61,34,994,0.3909126257830577
FR,2026,True,0,7503,34,994,0.3909126257830577
FR,2026,True,0,7615,34,994,0.3909126257830577
FR,2026,True,0,8411,34,994,0.3909126257830577
FR,2026,True,0,8427,34,994,0.3909126257830577
FR,2026,True,0,9315,34,994,0.3909126257830577
FR,2026,True,0,9318,34,994,0.3909126257830577
FR,2026,True,1,2706,27,994,0.3909126257830577
FR,2026,True,1,2714,27,994,0.3909126257830577
FR,2026,True,1,2716,27,994,0.3909126257830577
FR,2026,True,1,2809,27,994,0.3909126257830577
FR,2026,True,1,2816,27,994,0.3909126257830577
FR,2026,True,1,3212,27,994,0.3909126257830577
FR,2026,True,1,4401,27,994,0.3909126257830577
FR,2026,True,1,4427,27,994,0.3909126257830577
FR,2026,True,1,5203,27,994,0.3909126257830577
FR,2026,True,1,5205,27,994,0.3909126257830577
FR,2026,True,1,5303,27,994,0.3909126257830577
FR,2026,True,1,5311,27,994,0.3909126257830577
FR,2026,True,1,56,27,994,0.3909126257830577
FR,2026,True,1,58,27,994,0.3909126257830577
FR,2026,True,1,64,27,994,0.3909126257830577
FR,2026,True,1,7507,27,994,0.3909126257830577
FR,2026,True,1,7527,27,994,0.3909126257830577
FR,2026,True,1,7604,27,994,0.3909126257830577
FR,2026,True,1,7607,27,994,0.3909126257830577
FR,2026,True,1,7612,27,994,0.3909126257830577
FR,2026,True,1,7619,27,994,0.3909126257830577
FR,2026,True,1,8412,27,994,0.3909126257830577
FR,2026,True,1,8413,27,994,0.3909126257830577
FR,2026,True,1,8415,27,994,0.3909126257830577
FR,2026,True,1,8420,27,994,0.3909126257830577
FR,2026,True,1,9304,27,994,0.3909126257830577
FR,2026,True,1,9308,27,994,0.3909126257830577
FR,2026,True,2,2403,25,994,0.3909126257830577
FR,2026,True,2,2406,25,994,0.3909126257830577
FR,2026,True,2,2702,25,994,0.3909126257830577
FR,2026,True,2,2709,25,994,0.3909126257830577
FR,2026,True,2,2712,25,994,0.3909126257830577
FR,2026,True,2,2801,25,994,0.3909126257830577
FR,2026,True,2,2802,25,994,0.3909126257830577
FR,2026,True,2,2818,25,994,0.3909126257830577
FR,2026,True,2,3209,25,994,0.3909126257830577
FR,2026,True,2,3220,25,994,0.3909126257830577
FR,2026,True,2,5204,25,994,0.3909126257830577
FR,2026,True,2,5306,25,994,0.3909126257830577
FR,2026,True,2,5307,25,994,0.3909126257830577
FR,2026,True,2,5313,25,994,0.3909126257830577
FR,2026,True,2,59,25,994,0.3909126257830577
FR,2026,True,2,62,25,994,0.3909126257830577
FR,2026,True,2,7603,25,994,0.3909126257830577
FR,2026,True,2,7624,25,994,0.3909126257830577
FR,2026,True,2,8403,25,994,0.3909126257830577
FR,2026,True,2,8414,25,994,0.3909126257830577
FR,2026,True,2,8417,25,994,0.3909126257830577
FR,2026,True,2,8423,25,994,0.3909126257830577
FR,2026,True,2,9305,25,994,0.3909126257830577
FR,2026,True,2,9306,25,994,0.3909126257830577
FR,2026,True,2,9316,25,994,0.3909126257830577
FR,2026,True,3,1108,17,994,0.3909126257830577
FR,2026,True,3,1112,17,994,0.3909126257830577
FR,2026,True,3,2401,17,994,0.3909126257830577
FR,2026,True,3,2408,17,994,0.3909126257830577
FR,2026,True,3,2705,17,994,0.3909126257830577
FR,2026,True,3,2707,17,994,0.3909126257830577
FR,2026,True,3,2813,17,994,0.3909126257830577
FR,2026,True,3,2819,17,994,0.3909126257830577
FR,2026,True,3,3211,17,994,0.3909126257830577
FR,2026,True,3,4406,17,994,0.3909126257830577
FR,2026,True,3,4409,17,994,0.3909126257830577
FR,2026,True,3,5220,17,994,0.3909126257830577
FR,2026,True,3,5305,17,994,0.3909126257830577
FR,2026,True,3,5317,17,994,0.3909126257830577
FR,2026,True,3,7515,17,994,0.3909126257830577
FR,2026,True,3,8432,17,994,0.3909126257830577
FR,2026,True,3,9313,17,994,0.3909126257830577
FR,2026,True,4,1104,24,994,0.3909126257830577
FR,2026,True,4,1107,24,994,0.3909126257830577
FR,2026,True,4,2402,24,994,0.3909126257830577
FR,2026,True,4,2413,24,994,0.3909126257830577
FR,2026,True,4,2711,24,994,0.3909126257830577
FR,2026,True,4,2713,24,994,0.3909126257830577
FR,2026,True,4,2806,24,994,0.3909126257830577
FR,2026,True,4,3216,24,994,0.3909126257830577
FR,2026,True,4,4420,24,994,0.3909126257830577
FR,2026,True,4,4425,24,994,0.3909126257830577
FR,2026,True,4,5202,24,994,0.3909126257830577
FR,2026,True,4,5310,24,994,0.3909126257830577
FR,2026,True,4,5318,24,994,0.3909126257830577
FR,2026,True,4,7504,24,994,0.3909126257830577
FR,2026,True,4,7511,24,994,0.3909126257830577
FR,2026,True,4,7517,24,994,0.3909126257830577
FR,2026,True,4,7524,24,994,0.3909126257830577
FR,2026,True,4,7526,24,994,0.3909126257830577
FR,2026,True,4,7532,24,994,0.3909126257830577
FR,2026,True,4,7613,24,994,0.3909126257830577
FR,2026,True,4,8405,24,994,0.3909126257830577
FR,2026,True,4,8408,24,994,0.3909126257830577
FR,2026,True,4,8410,24,994,0.3909126257830577
FR,2026,True,4,8424,24,994,0.3909126257830577
FR,2026,True,5,1110,11,994,0.3909126257830577
FR,2026,True,5,2411,11,994,0.3909126257830577
FR,2026,True,5,3217,11,994,0.3909126257830577
FR,2026,True,5,4404,11,994,0.3909126257830577
FR,2026,True,5,5213,11,994,0.3909126257830577
FR,2026,True,5,5217,11,994,0.3909126257830577
FR,2026,True,5,5308,11,994,0.3909126257830577
FR,2026,True,5,7509,11,994,0.3909126257830577
FR,2026,True,5,7520,11,994,0.3909126257830577
FR,2026,True,5,8426,11,994,0.3909126257830577
FR,2026,True,5,9310,11,994,0.3909126257830577
FR,2026,True,6,1106,34,994,0.3909126257830577
FR,2026,True,6,1111,34,994,0.3909126257830577
FR,2026,True,6,2405,34,994,0.3909126257830577
FR,2026,True,6,2409,34,994,0.3909126257830577
FR,2026,True,6,2412,34,994,0.3909126257830577
FR,2026,True,6,2805,34,994,0.3909126257830577
FR,2026,True,6,3205,34,994,0.3909126257830577
FR,2026,True,6,3208,34,994,0.3909126257830577
FR,2026,True,6,3214,34,994,0.3909126257830577
FR,2026,True,6,3215,34,994,0.3909126257830577
FR,2026,True,6,3218,34,994,0.3909126257830577
FR,2026,True,6,3222,34,994,0.3909126257830577
FR,2026,True,6,4407,34,994,0.3909126257830577
FR,2026,True,6,5209,34,994,0.3909126257830577
FR,2026,True,6,5212,34,994,0.3909126257830577
FR,2026,True,6,5214,34,994,0.3909126257830577
FR,2026,True,6,5218,34,994,0.3909126257830577
FR,2026,True,6,53,34,994,0.3909126257830577
FR,2026,True,6,5302,34,994,0.3909126257830577
FR,2026,True,6,57,34,994,0.3909126257830577
FR,2026,True,6,63,34,994,0.3909126257830577
FR,2026,True,6,7510,34,994,0.3909126257830577
FR,2026,True,6,7513,34,994,0.3909126257830577
FR,2026,True,6,7514,34,994,0.3909126257830577
FR,2026,True,6,7518,34,994,0.3909126257830577
FR,2026,True,6,7522,34,994,0.3909126257830577
FR,2026,True,6,7523,34,994,0.3909126257830577
FR,2026,True,6,7528,34,994,0.3909126257830577
FR,2026,True,6,7529,34,994,0.3909126257830577
FR,2026,True,6,7601,34,994,0.3909126257830577
FR,2026,True,6,8401,34,994,0.3909126257830577
FR,2026,True,6,8416,34,994,0.3909126257830577
FR,2026,True,6,9301,34,994,0.3909126257830577
FR,2026,True,6,9309,34,994,0.3909126257830577
FR,2026,True,7,2415,20,994,0.3909126257830577
FR,2026,True,7,2804,20,994,0.3909126257830577
FR,2026,True,7,3203,20,994,0.3909126257830577
FR,2026,True,7,3219,20,994,0.3909126257830577
FR,2026,True,7,4403,20,994,0.3909126257830577
FR,2026,True,7,4408,20,994,0.3909126257830577
FR,2026,True,7,4414,20,994,0.3909126257830577
FR,2026,True,7,4417,20,994,0.3909126257830577
FR,2026,True,7,4421,20,994,0.3909126257830577
FR,2026,True,7,5301,20,994,0.3909126257830577
FR,2026,True,7,7525,20,994,0.3909126257830577
FR,2026,True,7,7609,20,994,0.3909126257830577
FR,2026,True,7,7611,20,994,0.3909126257830577
FR,2026,True,7,7614,20,994,0.3909126257830577
FR,2026,True,7,8422,20,994,0.3909126257830577
FR,2026,True,7,8429,20,994,0.3909126257830577
FR,2026,True,7,8430,20,994,0.3909126257830577
FR,2026,True,7,8431,20,994,0.3909126257830577
FR,2026,True,7,8434,20,994,0.3909126257830577
FR,2026,True,7,9302,20,994,0.3909126257830577
FR,2026,True,8,2404,23,994,0.3909126257830577
FR,2026,True,8,2414,23,994,0.3909126257830577
FR,2026,True,8,2710,23,994,0.3909126257830577
FR,2026,True,8,2810,23,994,0.3909126257830577
FR,2026,True,8,2811,23,994,0.3909126257830577
FR,2026,True,8,3201,23,994,0.3909126257830577
FR,2026,True,8,3206,23,994,0.3909126257830577
FR,2026,True,8,3221,23,994,0.3909126257830577
FR,2026,True,8,4419,23,994,0.3909126257830577
FR,2026,True,8,5207,23,994,0.3909126257830577
FR,2026,True,8,5309,23,994,0.3909126257830577
FR,2026,True,8,5316,23,994,0.3909126257830577
FR,2026,True,8,60,23,994,0.3909126257830577
FR,2026,True,8,7512,23,994,0.3909126257830577
FR,2026,True,8,7516,23,994,0.3909126257830577
FR,2026,True,8,7519,23,994,0.3909126257830577
FR,2026,True,8,7521,23,994,0.3909126257830577
FR,2026,True,8,7530,23,994,0.3909126257830577
FR,2026,True,8,7531,23,994,0.3909126257830577
FR,2026,True,8,7608,23,994,0.3909126257830577
FR,2026,True,8,8404,23,994,0.3909126257830577
FR,2026,True,8,8418,23,994,0.3909126257830577
FR,2026,True,8,8419,23,994,0.3909126257830577
FR,2026,True,9,1101,30,994,0.3909126257830577
FR,2026,True,9,1113,30,994,0.3909126257830577
FR,2026,True,9,2410,30,994,0.3909126257830577
FR,2026,True,9,2715,30,994,0.3909126257830577
FR,2026,True,9,2814,30,994,0.3909126257830577
FR,2026,True,9,3210,30,994,0.3909126257830577
FR,2026,True,9,4402,30,994,0.3909126257830577
FR,2026,True,9,4405,30,994,0.3909126257830577
FR,2026,True,9,4415,30,994,0.3909126257830577
FR,2026,True,9,51,30,994,0.3909126257830577
FR,2026,True,9,5201,30,994,0.3909126257830577
FR,2026,True,9,5210,30,994,0.3909126257830577
FR,2026,True,9,5211,30,994,0.3909126257830577
FR,2026,True,9,5312,30,994,0.3909126257830577
FR,2026,True,9,5319,30,994,0.3909126257830577
FR,2026,True,9,55,30,994,0.3909126257830577
FR,2026,True,9,7502,30,994,0.3909126257830577
FR,2026,True,9,7506,30,994,0.3909126257830577
FR,2026,True,9,7508,30,994,0.3909126257830577
FR,2026,True,9,7602,30,994,0.3909126257830577
FR,2026,True,9,7605,30,994,0.3909126257830577
FR,2026,True,9,7606,30,994,0.3909126257830577
FR,2026,True,9,7610,30,994,0.3909126257830577
FR,2026,True,9,7617,30,994,0.3909126257830577
FR,2026,True,9,7618,30,994,0.3909126257830577
FR,2026,True,9,7623,30,994,0.3909126257830577
FR,2026,True,9,8402,30,994,0.3909126257830577
FR,2026,True,9,8407,30,994,0.3909126257830577
FR,2026,True,9,8425,30,994,0.3909126257830577
FR,2026,True,9,9311,30,994,0.3909126257830577
FR,2026,True,10,1105,12,994,0.3909126257830577
FR,2026,True,10,2812,12,994,0.3909126257830577
FR,2026,True,10,3207,12,994,0.3909126257830577
FR,2026,True,10,7616,12,994,0.3909126257830577
FR,2026,True,10,7621,12,994,0.3909126257830577
FR,2026,True,10,7622,12,994,0.3909126257830577
FR,2026,True,10,8409,12,994,0.3909126257830577
FR,2026,True,10,8421,12,994,0.3909126257830577
FR,2026,True,10,8428,12,994,0.3909126257830577
FR,2026,True,10,8433,12,994,0.3909126257830577
FR,2026,True,10,8435,12,994,0.3909126257830577
FR,2026,True,10,9303,12,994,0.3909126257830577
FR,2026,True,11,1115,23,994,0.3909126257830577
FR,2026,True,11,2717,23,994,0.3909126257830577
FR,2026,True,11,2718,23,994,0.3909126257830577
FR,2026,True,11,3213,23,994,0.3909126257830577
FR,2026,True,11,4413,23,994,0.3909126257830577
FR,2026,True,11,4423,23,994,0.3909126257830577
FR,2026,True,11,52,23,994,0.3909126257830577
FR,2026,True,11,5206,23,994,0.3909126257830577
FR,2026,True,11,5215,23,994,0.3909126257830577
FR,2026,True,11,5216,23,994,0.3909126257830577
FR,2026,True,11,5219,23,994,0.3909126257830577
FR,2026,True,11,5304,23,994,0.3909126257830577
FR,2026,True,11,5315,23,994,0.3909126257830577
FR,2026,True,11,54,23,994,0.3909126257830577
FR,2026,True,11,7501,23,994,0.3909126257830577
FR,2026,True,11,7505,23,994,0.3909126257830577
FR,2026,True,11,7620,23,994,0.3909126257830577
FR,2026,True,11,7625,23,994,0.3909126257830577
FR,2026,True,11,8406,23,994,0.3909126257830577
FR,2026,True,11,9307,23,994,0.3909126257830577
FR,2026,True,11,9312,23,994,0.3909126257830577
FR,2026,True,11,9314,23,994,0.3909126257830577
FR,2026,True,11,9317,23,994,0.3909126257830577
NL,2012,False,0,CR03,12,140,0.3064988293654183
NL,2012,False,0,CR08,12,140,0.3064988293654183
NL,2012,False,0,CR10,12,140,0.3064988293654183
NL,2012,False,0,CR11,12,140,0.3064988293654183
NL,2012,False,0,CR12,12,140,0.3064988293654183
NL,2012,False,0,CR14,12,140,0.3064988293654183
NL,2012,False,0,CR18,12,140,0.3064988293654183
NL,2012,False,0,CR20,12,140,0.3064988293654183
NL,2012,False,0,CR26,12,140,0.3064988293654183
NL,2012,False,0,CR32,12,140,0.3064988293654183
NL,2012,False,0,CR36,12,140,0.3064988293654183
NL,2012,False,0,CR38,12,140,0.3064988293654183
NL,2012,False,1,CR01,9,140,0.3064988293654183
NL,2012,False,1,CR09,9,140,0.3064988293654183
NL,2012,False,1,CR13,9,140,0.3064988293654183
NL,2012,False,1,CR15,9,140,0.3064988293654183
NL,2012,False,1,CR17,9,140,0.3064988293654183
NL,2012,False,1,CR24,9,140,0.3064988293654183
NL,2012,False,1,CR33,9,140,0.3064988293654183
NL,2012,False,1,CR34,9,140,0.3064988293654183
NL,2012,False,1,CR39,9,140,0.3064988293654183
NL,2012,False,2,CR04,8,140,0.3064988293654183
NL,2012,False,2,CR06,8,140,0.3064988293654183
NL,2012,False,2,CR16,8,140,0.3064988293654183
NL,2012,False,2,CR19,8,140,0.3064988293654183
NL,2012,False,2,CR30,8,140,0.3064988293654183
NL,2012,False,2,CR35,8,140,0.3064988293654183
NL,2012,False,2,CR37,8,140,0.3064988293654183
NL,2012,False,2,CR40,8,140,0.3064988293654183
NL,2012,False,3,CR05,6,140,0.3064988293654183
NL,2012,False,3,CR07,6,140,0.3064988293654183
NL,2012,False,3,CR21,6,140,0.3064988293654183
NL,2012,False,3,CR25,6,140,0.3064988293654183
NL,2012,False,3,CR28,6,140,0.3064988293654183
NL,2012,False,3,CR31,6,140,0.3064988293654183
NL,2012,False,4,CR02,5,140,0.3064988293654183
NL,2012,False,4,CR22,5,140,0.3064988293654183
NL,2012,False,4,CR23,5,140,0.3064988293654183
NL,2012,False,4,CR27,5,140,0.3064988293654183
NL,2012,False,4,CR29,5,140,0.3064988293654183
NL,2013,False,0,CR03,3,147,0.294567938271454
NL,2013,False,0,CR16,3,147,0.294567938271454
NL,2013,False,0,CR35,3,147,0.294567938271454
NL,2013,False,1,CR05,5,147,0.294567938271454
NL,2013,False,1,CR06,5,147,0.294567938271454
NL,2013,False,1,CR21,5,147,0.294567938271454
NL,2013,False,1,CR27,5,147,0.294567938271454
NL,2013,False,1,CR31,5,147,0.294567938271454
NL,2013,False,2,CR09,7,147,0.294567938271454
NL,2013,False,2,CR13,7,147,0.294567938271454
NL,2013,False,2,CR15,7,147,0.294567938271454
NL,2013,False,2,CR17,7,147,0.294567938271454
NL,2013,False,2,CR29,7,147,0.294567938271454
NL,2013,False,2,CR34,7,147,0.294567938271454
NL,2013,False,2,CR36,7,147,0.294567938271454
NL,2013,False,3,CR07,10,147,0.294567938271454
NL,2013,False,3,CR10,10,147,0.294567938271454
NL,2013,False,3,CR12,10,147,0.294567938271454
NL,2013,False,3,CR14,10,147,0.294567938271454
NL,2013,False,3,CR18,10,147,0.294567938271454
NL,2013,False,3,CR22,10,147,0.294567938271454
NL,2013,False,3,CR23,10,147,0.294567938271454
NL,2013,False,3,CR26,10,147,0.294567938271454
NL,2013,False,3,CR30,10,147,0.294567938271454
NL,2013,False,3,CR38,10,147,0.294567938271454
NL,2013,False,4,CR04,9,147,0.294567938271454
NL,2013,False,4,CR08,9,147,0.294567938271454
NL,2013,False,4,CR11,9,147,0.294567938271454
NL,2013,False,4,CR19,9,147,0.294567938271454
NL,2013,False,4,CR20,9,147,0.294567938271454
NL,2013,False,4,CR25,9,147,0.294567938271454
NL,2013,False,4,CR28,9,147,0.294567938271454
NL,2013,False,4,CR39,9,147,0.294567938271454
NL,2013,False,4,CR40,9,147,0.294567938271454
NL,2013,False,5,CR01,6,147,0.294567938271454
NL,2013,False,5,CR02,6,147,0.294567938271454
NL,2013,False,5,CR24,6,147,0.294567938271454
NL,2013,False,5,CR32,6,147,0.294567938271454
NL,2013,False,5,CR33,6,147,0.294567938271454
NL,2013,False,5,CR37,6,147,0.294567938271454
NL,2014,False,0,CR03,10,144,0.30199841056226434
NL,2014,False,0,CR10,10,144,0.30199841056226434
NL,2014,False,0,CR14,10,144,0.30199841056226434
NL,2014,False,0,CR15,10,144,0.30199841056226434
NL,2014,False,0,CR16,10,144,0.30199841056226434
NL,2014,False,0,CR17,10,144,0.30199841056226434
NL,2014,False,0,CR18,10,144,0.30199841056226434
NL,2014,False,0,CR23,10,144,0.30199841056226434
NL,2014,False,0,CR35,10,144,0.30199841056226434
NL,2014,False,0,CR39,10,144,0.30199841056226434
NL,2014,False,1,CR01,11,144,0.30199841056226434
NL,2014,False,1,CR05,11,144,0.30199841056226434
NL,2014,False,1,CR08,11,144,0.30199841056226434
NL,2014,False,1,CR12,11,144,0.30199841056226434
NL,2014,False,1,CR13,11,144,0.30199841056226434
NL,2014,False,1,CR24,11,144,0.30199841056226434
NL,2014,False,1,CR25,11,144,0.30199841056226434
NL,2014,False,1,CR26,11,144,0.30199841056226434
NL,2014,False,1,CR28,11,144,0.30199841056226434
NL,2014,False,1,CR34,11,144,0.30199841056226434
NL,2014,False,1,CR36,11,144,0.30199841056226434
NL,2014,False,2,CR02,8,144,0.30199841056226434
NL,2014,False,2,CR04,8,144,0.30199841056226434
NL,2014,False,2,CR19,8,144,0.30199841056226434
NL,2014,False,2,CR22,8,144,0.30199841056226434
NL,2014,False,2,CR27,8,144,0.30199841056226434
NL,2014,False,2,CR29,8,144,0.30199841056226434
NL,2014,False,2,CR32,8,144,0.30199841056226434
NL,2014,False,2,CR38,8,144,0.30199841056226434
NL,2014,False,3,CR06,11,144,0.30199841056226434
NL,2014,False,3,CR07,11,144,0.30199841056226434
NL,2014,False,3,CR09,11,144,0.30199841056226434
NL,2014,False,3,CR11,11,144,0.30199841056226434
NL,2014,False,3,CR20,11,144,0.30199841056226434
NL,2014,False,3,CR21,11,144,0.30199841056226434
NL,2014,False,3,CR30,11,144,0.30199841056226434
NL,2014,False,3,CR31,11,144,0.30199841056226434
NL,2014,False,3,CR33,11,144,0.30199841056226434
NL,2014,False,3,CR37,11,144,0.30199841056226434
NL,2014,False,3,CR40,11,144,0.30199841056226434
NL,2015,False,0,CR01,10,139,0.31066664816506273
NL,2015,False,0,CR02,10,139,0.31066664816506273
NL,2015,False,0,CR16,10,139,0.31066664816506273
NL,2015,False,0,CR18,10,139,0.31066664816506273
NL,2015,False,0,CR19,10,139,0.31066664816506273
NL,2015,False,0,CR22,10,139,0.31066664816506273
NL,2015,False,0,CR23,10,139,0.31066664816506273
NL,2015,False,0,CR25,10,139,0.31066664816506273
NL,2015,False,0,CR27,10,139,0.31066664816506273
NL,2015,False,0,CR28,10,139,0.31066664816506273
NL,2015,False,1,CR03,6,139,0.31066664816506273
NL,2015,False,1,CR10,6,139,0.31066664816506273
NL,2015,False,1,CR17,6,139,0.31066664816506273
NL,2015,False,1,CR26,6,139,0.31066664816506273
NL,2015,False,1,CR35,6,139,0.31066664816506273
NL,2015,False,1,CR39,6,139,0.31066664816506273
NL,2015,False,2,CR06,8,139,0.31066664816506273
NL,2015,False,2,CR07,8,139,0.31066664816506273
NL,2015,False,2,CR09,8,139,0.31066664816506273
NL,2015,False,2,CR20,8,139,0.31066664816506273
NL,2015,False,2,CR29,8,139,0.31066664816506273
NL,2015,False,2,CR31,8,139,0.31066664816506273
NL,2015,False,2,CR37,8,139,0.31066664816506273
NL,2015,False,2,CR40,8,139,0.31066664816506273
NL,2015,False,3,CR04,11,139,0.31066664816506273
NL,2015,False,3,CR05,11,139,0.31066664816506273
NL,2015,False,3,CR08,11,139,0.31066664816506273
NL,2015,False,3,CR12,11,139,0.31066664816506273
NL,2015,False,3,CR13,11,139,0.31066664816506273
NL,2015,False,3,CR15,11,139,0.31066664816506273
NL,2015,False,3,CR21,11,139,0.31066664816506273
NL,2015,False,3,CR24,11,139,0.31066664816506273
NL,2015,False,3,CR33,11,139,0.31066664816506273
NL,2015,False,3,CR34,11,139,0.31066664816506273
NL,2015,False,3,CR36,11,139,0.31066664816506273
NL,2015,False,4,CR11,5,139,0.31066664816506273
NL,2015,False,4,CR14,5,139,0.31066664816506273
NL,2015,False,4,CR30,5,139,0.31066664816506273
NL,2015,False,4,CR32,5,139,0.31066664816506273
NL,2015,False,4,CR38,5,139,0.31066664816506273
NL,2016,False,0,CR04,6,131,0.3171395898046697
NL,2016,False,0,CR14,6,131,0.3171395898046697
NL,2016,False,0,CR20,6,131,0.3171395898046697
NL,2016,False,0,CR25,6,131,0.3171395898046697
NL,2016,False,0,CR30,6,131,0.3171395898046697
NL,2016,False,0,CR32,6,131,0.3171395898046697
NL,2016,False,1,CR01,9,131,0.3171395898046697
NL,2016,False,1,CR02,9,131,0.3171395898046697
NL,2016,False,1,CR05,9,131,0.3171395898046697
NL,2016,False,1,CR11,9,131,0.3171395898046697
NL,2016,False,1,CR13,9,131,0.3171395898046697
NL,2016,False,1,CR18,9,131,0.3171395898046697
NL,2016,False,1,CR22,9,131,0.3171395898046697
NL,2016,False,1,CR27,9,131,0.3171395898046697
NL,2016,False,1,CR28,9,131,0.3171395898046697
NL,2016,False,2,CR06,11,131,0.3171395898046697
NL,2016,False,2,CR07,11,131,0.3171395898046697
NL,2016,False,2,CR09,11,131,0.3171395898046697
NL,2016,False,2,CR12,11,131,0.3171395898046697
NL,2016,False,2,CR24,11,131,0.3171395898046697
NL,2016,False,2,CR26,11,131,0.3171395898046697
NL,2016,False,2,CR31,11,131,0.3171395898046697
NL,2016,False,2,CR34,11,131,0.3171395898046697
NL,2016,False,2,CR35,11,131,0.3171395898046697
NL,2016,False,2,CR39,11,131,0.3171395898046697
NL,2016,False,2,CR40,11,131,0.3171395898046697
NL,2016,False,3,CR08,8,131,0.3171395898046697
NL,2016,False,3,CR16,8,131,0.3171395898046697
NL,2016,False,3,CR19,8,131,0.3171395898046697
NL,2016,False,3,CR21,8,131,0.3171395898046697
NL,2016,False,3,CR23,8,131,0.3171395898046697
NL,2016,False,3,CR36,8,131,0.3171395898046697
NL,2016,False,3,CR37,8,131,0.3171395898046697
NL,2016,False,3,CR38,8,131,0.3171395898046697
NL,2016,False,4,CR03,6,131,0.3171395898046697
NL,2016,False,4,CR10,6,131,0.3171395898046697
NL,2016,False,4,CR15,6,131,0.3171395898046697
NL,2016,False,4,CR17,6,131,0.3171395898046697
NL,2016,False,4,CR29,6,131,0.3171395898046697
NL,2016,False,4,CR33,6,131,0.3171395898046697
NL,2017,False,0,CR02,5,124,0.3734085718979055
NL,2017,False,0,CR03,5,124,0.3734085718979055
NL,2017,False,0,CR20,5,124,0.3734085718979055
NL,2017,False,0,CR27,5,124,0.3734085718979055
NL,2017,False,0,CR31,5,124,0.3734085718979055
NL,2017,False,1,CR01,8,124,0.3734085718979055
NL,2017,False,1,CR04,8,124,0.3734085718979055
NL,2017,False,1,CR09,8,124,0.3734085718979055
NL,2017,False,1,CR10,8,124,0.3734085718979055
NL,2017,False,1,CR11,8,124,0.3734085718979055
NL,2017,False,1,CR14,8,124,0.3734085718979055
NL,2017,False,1,CR16,8,124,0.3734085718979055
NL,2017,False,1,CR32,8,124,0.3734085718979055
NL,2017,False,2,CR07,10,124,0.3734085718979055
NL,2017,False,2,CR12,10,124,0.3734085718979055
NL,2017,False,2,CR13,10,124,0.3734085718979055
NL,2017,False,2,CR17,10,124,0.3734085718979055
NL,2017,False,2,CR28,10,124,0.3734085718979055
NL,2017,False,2,CR29,10,124,0.3734085718979055
NL,2017,False,2,CR30,10,124,0.3734085718979055
NL,2017,False,2,CR33,10,124,0.3734085718979055
NL,2017,False,2,CR34,10,124,0.3734085718979055
NL,2017,False,2,CR39,10,124,0.3734085718979055
NL,2017,False,3,CR05,9,124,0.3734085718979055
NL,2017,False,3,CR08,9,124,0.3734085718979055
NL,2017,False,3,CR15,9,124,0.3734085718979055
NL,2017,False,3,CR18,9,124,0.3734085718979055
NL,2017,False,3,CR21,9,124,0.3734085718979055
NL,2017,False,3,CR24,9,124,0.3734085718979055
NL,2017,False,3,CR35,9,124,0.3734085718979055
NL,2017,False,3,CR36,9,124,0.3734085718979055
NL,2017,False,3,CR38,9,124,0.3734085718979055
NL,2017,False,4,CR06,8,124,0.3734085718979055
NL,2017,False,4,CR19,8,124,0.3734085718979055
NL,2017,False,4,CR22,8,124,0.3734085718979055
NL,2017,False,4,CR23,8,124,0.3734085718979055
NL,2017,False,4,CR25,8,124,0.3734085718979055
NL,2017,False,4,CR26,8,124,0.3734085718979055
NL,2017,False,4,CR37,8,124,0.3734085718979055
NL,2017,False,4,CR40,8,124,0.3734085718979055
NL,2018,False,0,CR01,14,127,0.31888825301710255
NL,2018,False,0,CR02,14,127,0.31888825301710255
NL,2018,False,0,CR04,14,127,0.31888825301710255
NL,2018,False,0,CR05,14,127,0.31888825301710255
NL,2018,False,0,CR09,14,127,0.31888825301710255
NL,2018,False,0,CR11,14,127,0.31888825301710255
NL,2018,False,0,CR14,14,127,0.31888825301710255
NL,2018,False,0,CR15,14,127,0.31888825301710255
NL,2018,False,0,CR20,14,127,0.31888825301710255
NL,2018,False,0,CR26,14,127,0.31888825301710255
NL,2018,False,0,CR27,14,127,0.31888825301710255
NL,2018,False,0,CR28,14,127,0.31888825301710255
NL,2018,False,0,CR35,14,127,0.31888825301710255
NL,2018,False,0,CR36,14,127,0.31888825301710255
NL,2018,False,1,CR06,10,127,0.31888825301710255
NL,2018,False,1,CR10,10,127,0.31888825301710255
NL,2018,False,1,CR18,10,127,0.31888825301710255
NL,2018,False,1,CR19,10,127,0.31888825301710255
NL,2018,False,1,CR22,10,127,0.31888825301710255
NL,2018,False,1,CR23,10,127,0.31888825301710255
NL,2018,False,1,CR24,10,127,0.31888825301710255
NL,2018,False,1,CR37,10,127,0.31888825301710255
NL,2018,False,1,CR38,10,127,0.31888825301710255
NL,2018,False,1,CR40,10,127,0.31888825301710255
NL,2018,False,2,CR03,16,127,0.31888825301710255
NL,2018,False,2,CR07,16,127,0.31888825301710255
NL,2018,False,2,CR08,16,127,0.31888825301710255
NL,2018,False,2,CR12,16,127,0.31888825301710255
NL,2018,False,2,CR13,16,127,0.31888825301710255
NL,2018,False,2,CR16,16,127,0.31888825301710255
NL,2018,False,2,CR17,16,127,0.31888825301710255
NL,2018,False,2,CR21,16,127,0.31888825301710255
NL,2018,False,2,CR25,16,127,0.31888825301710255
NL,2018,False,2,CR29,16,127,0.31888825301710255
NL,2018,False,2,CR30,16,127,0.31888825301710255
NL,2018,False,2,CR31,16,127,0.31888825301710255
NL,2018,False,2,CR32,16,127,0.31888825301710255
NL,2018,False,2,CR33,16,127,0.31888825301710255
NL,2018,False,2,CR34,16,127,0.31888825301710255
NL,2018,False,2,CR39,16,127,0.31888825301710255
NL,2019,False,0,CR01,8,136,0.2925852618974422
NL,2019,False,0,CR09,8,136,0.2925852618974422
NL,2019,False,0,CR14,8,136,0.2925852618974422
NL,2019,False,0,CR16,8,136,0.2925852618974422
NL,2019,False,0,CR18,8,136,0.2925852618974422
NL,2019,False,0,CR19,8,136,0.2925852618974422
NL,2019,False,0,CR21,8,136,0.2925852618974422
NL,2019,False,0,CR33,8,136,0.2925852618974422
NL,2019,False,1,CR02,7,136,0.2925852618974422
NL,2019,False,1,CR06,7,136,0.2925852618974422
NL,2019,False,1,CR07,7,136,0.2925852618974422
NL,2019,False,1,CR13,7,136,0.2925852618974422
NL,2019,False,1,CR15,7,136,0.2925852618974422
NL,2019,False,1,CR23,7,136,0.2925852618974422
NL,2019,False,1,CR28,7,136,0.2925852618974422
NL,2019,False,2,CR05,13,136,0.2925852618974422
NL,2019,False,2,CR11,13,136,0.2925852618974422
NL,2019,False,2,CR17,13,136,0.2925852618974422
NL,2019,False,2,CR20,13,136,0.2925852618974422
NL,2019,False,2,CR22,13,136,0.2925852618974422
NL,2019,False,2,CR25,13,136,0.2925852618974422
NL,2019,False,2,CR26,13,136,0.2925852618974422
NL,2019,False,2,CR27,13,136,0.2925852618974422
NL,2019,False,2,CR30,13,136,0.2925852618974422
NL,2019,False,2,CR31,13,136,0.2925852618974422
NL,2019,False,2,CR32,13,136,0.2925852618974422
NL,2019,False,2,CR38,13,136,0.2925852618974422
NL,2019,False,2,CR39,13,136,0.2925852618974422
NL,2019,False,3,CR03,7,136,0.2925852618974422
NL,2019,False,3,CR10,7,136,0.2925852618974422
NL,2019,False,3,CR12,7,136,0.2925852618974422
NL,2019,False,3,CR24,7,136,0.2925852618974422
NL,2019,False,3,CR34,7,136,0.2925852618974422
NL,2019,False,3,CR37,7,136,0.2925852618974422
NL,2019,False,3,CR40,7,136,0.2925852618974422
NL,2019,False,4,CR04,5,136,0.2925852618974422
NL,2019,False,4,CR08,5,136,0.2925852618974422
NL,2019,False,4,CR29,5,136,0.2925852618974422
NL,2019,False,4,CR35,5,136,0.2925852618974422
NL,2019,False,4,CR36,5,136,0.2925852618974422
NL,2020,False,0,CR10,5,132,0.332947866574386
NL,2020,False,0,CR21,5,132,0.332947866574386
NL,2020,False,0,CR30,5,132,0.332947866574386
NL,2020,False,0,CR32,5,132,0.332947866574386
NL,2020,False,0,CR37,5,132,0.332947866574386
NL,2020,False,1,CR13,11,132,0.332947866574386
NL,2020,False,1,CR16,11,132,0.332947866574386
NL,2020,False,1,CR17,11,132,0.332947866574386
NL,2020,False,1,CR24,11,132,0.332947866574386
NL,2020,False,1,CR26,11,132,0.332947866574386
NL,2020,False,1,CR27,11,132,0.332947866574386
NL,2020,False,1,CR29,11,132,0.332947866574386
NL,2020,False,1,CR33,11,132,0.332947866574386
NL,2020,False,1,CR34,11,132,0.332947866574386
NL,2020,False,1,CR35,11,132,0.332947866574386
NL,2020,False,1,CR39,11,132,0.332947866574386
NL,2020,False,2,CR06,5,132,0.332947866574386
NL,2020,False,2,CR12,5,132,0.332947866574386
NL,2020,False,2,CR19,5,132,0.332947866574386
NL,2020,False,2,CR20,5,132,0.332947866574386
NL,2020,False,2,CR31,5,132,0.332947866574386
NL,2020,False,3,CR05,5,132,0.332947866574386
NL,2020,False,3,CR08,5,132,0.332947866574386
NL,2020,False,3,CR11,5,132,0.332947866574386
NL,2020,False,3,CR23,5,132,0.332947866574386
NL,2020,False,3,CR38,5,132,0.332947866574386
NL,2020,False,4,CR01,14,132,0.332947866574386
NL,2020,False,4,CR02,14,132,0.332947866574386
NL,2020,False,4,CR03,14,132,0.332947866574386
NL,2020,False,4,CR04,14,132,0.332947866574386
NL,2020,False,4,CR07,14,132,0.332947866574386
NL,2020,False,4,CR09,14,132,0.332947866574386
NL,2020,False,4,CR14,14,132,0.332947866574386
NL,2020,False,4,CR15,14,132,0.332947866574386
NL,2020,False,4,CR18,14,132,0.332947866574386
NL,2020,False,4,CR22,14,132,0.332947866574386
NL,2020,False,4,CR25,14,132,0.332947866574386
NL,2020,False,4,CR28,14,132,0.332947866574386
NL,2020,False,4,CR36,14,132,0.332947866574386
NL,2020,False,4,CR40,14,132,0.332947866574386
NL,2021,False,0,CR02,11,130,0.3178278409616941
NL,2021,False,0,CR03,11,130,0.3178278409616941
NL,2021,False,0,CR05,11,130,0.3178278409616941
NL,2021,False,0,CR07,11,130,0.3178278409616941
NL,2021,False,0,CR09,11,130,0.3178278409616941
NL,2021,False,0,CR10,11,130,0.3178278409616941
NL,2021,False,0,CR16,11,130,0.3178278409616941
NL,2021,False,0,CR28,11,130,0.3178278409616941
NL,2021,False,0,CR31,11,130,0.3178278409616941
NL,2021,False,0,CR33,11,130,0.3178278409616941
NL,2021,False,0,CR36,11,130,0.3178278409616941
NL,2021,False,1,CR01,4,130,0.3178278409616941
NL,2021,False,1,CR04,4,130,0.3178278409616941
NL,2021,False,1,CR32,4,130,0.3178278409616941
NL,2021,False,1,CR34,4,130,0.3178278409616941
NL,2021,False,2,CR06,8,130,0.3178278409616941
NL,2021,False,2,CR12,8,130,0.3178278409616941
NL,2021,False,2,CR15,8,130,0.3178278409616941
NL,2021,False,2,CR17,8,130,0.3178278409616941
NL,2021,False,2,CR18,8,130,0.3178278409616941
NL,2021,False,2,CR24,8,130,0.3178278409616941
NL,2021,False,2,CR27,8,130,0.3178278409616941
NL,2021,False,2,CR39,8,130,0.3178278409616941
NL,2021,False,3,CR08,12,130,0.3178278409616941
NL,2021,False,3,CR13,12,130,0.3178278409616941
NL,2021,False,3,CR19,12,130,0.3178278409616941
NL,2021,False,3,CR20,12,130,0.3178278409616941
NL,2021,False,3,CR21,12,130,0.3178278409616941
NL,2021,False,3,CR22,12,130,0.3178278409616941
NL,2021,False,3,CR23,12,130,0.3178278409616941
NL,2021,False,3,CR25,12,130,0.3178278409616941
NL,2021,False,3,CR26,12,130,0.3178278409616941
NL,2021,False,3,CR29,12,130,0.3178278409616941
NL,2021,False,3,CR37,12,130,0.3178278409616941
NL,2021,False,3,CR40,12,130,0.3178278409616941
NL,2021,False,4,CR11,5,130,0.3178278409616941
NL,2021,False,4,CR14,5,130,0.3178278409616941
NL,2021,False,4,CR30,5,130,0.3178278409616941
NL,2021,False,4,CR35,5,130,0.3178278409616941
NL,2021,False,4,CR38,5,130,0.3178278409616941
NL,2022,False,0,CR05,7,136,0.2905423009557593
NL,2022,False,0,CR12,7,136,0.2905423009557593
NL,2022,False,0,CR21,7,136,0.2905423009557593
NL,2022,False,0,CR23,7,136,0.2905423009557593
NL,2022,False,0,CR28,7,136,0.2905423009557593
NL,2022,False,0,CR29,7,136,0.2905423009557593
NL,2022,False,0,CR35,7,136,0.2905423009557593
NL,2022,False,1,CR02,7,136,0.2905423009557593
NL,2022,False,1,CR15,7,136,0.2905423009557593
NL,2022,False,1,CR16,7,136,0.2905423009557593
NL,2022,False,1,CR17,7,136,0.2905423009557593
NL,2022,False,1,CR18,7,136,0.2905423009557593
NL,2022,False,1,CR27,7,136,0.2905423009557593
NL,2022,False,1,CR33,7,136,0.2905423009557593
NL,2022,False,2,CR03,3,136,0.2905423009557593
NL,2022,False,2,CR08,3,136,0.2905423009557593
NL,2022,False,2,CR10,3,136,0.2905423009557593
NL,2022,False,3,CR01,13,136,0.2905423009557593
NL,2022,False,3,CR06,13,136,0.2905423009557593
NL,2022,False,3,CR09,13,136,0.2905423009557593
NL,2022,False,3,CR11,13,136,0.2905423009557593
NL,2022,False,3,CR13,13,136,0.2905423009557593
NL,2022,False,3,CR24,13,136,0.2905423009557593
NL,2022,False,3,CR30,13,136,0.2905423009557593
NL,2022,False,3,CR31,13,136,0.2905423009557593
NL,2022,False,3,CR36,13,136,0.2905423009557593
NL,2022,False,3,CR37,13,136,0.2905423009557593
NL,2022,False,3,CR38,13,136,0.2905423009557593
NL,2022,False,3,CR39,13,136,0.2905423009557593
NL,2022,False,3,CR40,13,136,0.2905423009557593
NL,2022,False,4,CR04,7,136,0.2905423009557593
NL,2022,False,4,CR07,7,136,0.2905423009557593
NL,2022,False,4,CR14,7,136,0.2905423009557593
NL,2022,False,4,CR22,7,136,0.2905423009557593
NL,2022,False,4,CR25,7,136,0.2905423009557593
NL,2022,False,4,CR32,7,136,0.2905423009557593
NL,2022,False,4,CR34,7,136,0.2905423009557593
NL,2022,False,5,CR19,3,136,0.2905423009557593
NL,2022,False,5,CR20,3,136,0.2905423009557593
NL,2022,False,5,CR26,3,136,0.2905423009557593
NL,2023,False,0,CR05,6,139,0.3106731672469516
NL,2023,False,0,CR06,6,139,0.3106731672469516
NL,2023,False,0,CR12,6,139,0.3106731672469516
NL,2023,False,0,CR35,6,139,0.3106731672469516
NL,2023,False,0,CR36,6,139,0.3106731672469516
NL,2023,False,0,CR38,6,139,0.3106731672469516
NL,2023,False,1,CR09,7,139,0.3106731672469516
NL,2023,False,1,CR11,7,139,0.3106731672469516
NL,2023,False,1,CR18,7,139,0.3106731672469516
NL,2023,False,1,CR24,7,139,0.3106731672469516
NL,2023,False,1,CR26,7,139,0.3106731672469516
NL,2023,False,1,CR29,7,139,0.3106731672469516
NL,2023,False,1,CR37,7,139,0.3106731672469516
NL,2023,False,2,CR07,11,139,0.3106731672469516
NL,2023,False,2,CR08,11,139,0.3106731672469516
NL,2023,False,2,CR13,11,139,0.3106731672469516
NL,2023,False,2,CR15,11,139,0.3106731672469516
NL,2023,False,2,CR17,11,139,0.3106731672469516
NL,2023,False,2,CR22,11,139,0.3106731672469516
NL,2023,False,2,CR23,11,139,0.3106731672469516
NL,2023,False,2,CR25,11,139,0.3106731672469516
NL,2023,False,2,CR28,11,139,0.3106731672469516
NL,2023,False,2,CR32,11,139,0.3106731672469516
NL,2023,False,2,CR34,11,139,0.3106731672469516
NL,2023,False,3,CR03,4,139,0.3106731672469516
NL,2023,False,3,CR10,4,139,0.3106731672469516
NL,2023,False,3,CR16,4,139,0.3106731672469516
NL,2023,False,3,CR21,4,139,0.3106731672469516
NL,2023,False,4,CR01,4,139,0.3106731672469516
NL,2023,False,4,CR02,4,139,0.3106731672469516
NL,2023,False,4,CR04,4,139,0.3106731672469516
NL,2023,False,4,CR39,4,139,0.3106731672469516
NL,2023,False,5,CR14,8,139,0.3106731672469516
NL,2023,False,5,CR19,8,139,0.3106731672469516
NL,2023,False,5,CR20,8,139,0.3106731672469516
NL,2023,False,5,CR27,8,139,0.3106731672469516
NL,2023,False,5,CR30,8,139,0.3106731672469516
NL,2023,False,5,CR31,8,139,0.3106731672469516
NL,2023,False,5,CR33,8,139,0.3106731672469516
NL,2023,False,5,CR40,8,139,0.3106731672469516
NL,2024,False,0,CR02,10,146,0.2579800207706421
NL,2024,False,0,CR04,10,146,0.2579800207706421
NL,2024,False,0,CR06,10,146,0.2579800207706421
NL,2024,False,0,CR08,10,146,0.2579800207706421
NL,2024,False,0,CR13,10,146,0.2579800207706421
NL,2024,False,0,CR15,10,146,0.2579800207706421
NL,2024,False,0,CR25,10,146,0.2579800207706421
NL,2024,False,0,CR32,10,146,0.2579800207706421
NL,2024,False,0,CR34,10,146,0.2579800207706421
NL,2024,False,0,CR35,10,146,0.2579800207706421
NL,2024,False,1,CR07,6,146,0.2579800207706421
NL,2024,False,1,CR10,6,146,0.2579800207706421
NL,2024,False,1,CR11,6,146,0.2579800207706421
NL,2024,False,1,CR12,6,146,0.2579800207706421
NL,2024,False,1,CR28,6,146,0.2579800207706421
NL,2024,False,1,CR30,6,146,0.2579800207706421
NL,2024,False,2,CR16,7,146,0.2579800207706421
NL,2024,False,2,CR18,7,146,0.2579800207706421
NL,2024,False,2,CR20,7,146,0.2579800207706421
NL,2024,False,2,CR26,7,146,0.2579800207706421
NL,2024,False,2,CR29,7,146,0.2579800207706421
NL,2024,False,2,CR38,7,146,0.2579800207706421
NL,2024,False,2,CR40,7,146,0.2579800207706421
NL,2024,False,3,CR05,7,146,0.2579800207706421
NL,2024,False,3,CR17,7,146,0.2579800207706421
NL,2024,False,3,CR22,7,146,0.2579800207706421
NL,2024,False,3,CR23,7,146,0.2579800207706421
NL,2024,False,3,CR24,7,146,0.2579800207706421
NL,2024,False,3,CR27,7,146,0.2579800207706421
NL,2024,False,3,CR36,7,146,0.2579800207706421
NL,2024,False,4,CR01,10,146,0.2579800207706421
NL,2024,False,4,CR03,10,146,0.2579800207706421
NL,2024,False,4,CR09,10,146,0.2579800207706421
NL,2024,False,4,CR14,10,146,0.2579800207706421
NL,2024,False,4,CR19,10,146,0.2579800207706421
NL,2024,False,4,CR21,10,146,0.2579800207706421
NL,2024,False,4,CR31,10,146,0.2579800207706421
NL,2024,False,4,CR33,10,146,0.2579800207706421
NL,2024,False,4,CR37,10,146,0.2579800207706421
NL,2024,False,4,CR39,10,146,0.2579800207706421
NL,2025,False,0,CR01,7,151,0.27383646430942526
NL,2025,False,0,CR06,7,151,0.27383646430942526
NL,2025,False,0,CR08,7,151,0.27383646430942526
NL,2025,False,0,CR13,7,151,0.27383646430942526
NL,2025,False,0,CR22,7,151,0.27383646430942526
NL,2025,False,0,CR31,7,151,0.27383646430942526
NL,2025,False,0,CR36,7,151,0.27383646430942526
NL,2025,False,1,CR07,12,151,0.27383646430942526
NL,2025,False,1,CR09,12,151,0.27383646430942526
NL,2025,False,1,CR10,12,151,0.27383646430942526
NL,2025,False,1,CR18,12,151,0.27383646430942526
NL,2025,False,1,CR19,12,151,0.27383646430942526
NL,2025,False,1,CR24,12,151,0.27383646430942526
NL,2025,False,1,CR28,12,151,0.27383646430942526
NL,2025,False,1,CR29,12,151,0.27383646430942526
NL,2025,False,1,CR37,12,151,0.27383646430942526
NL,2025,False,1,CR38,12,151,0.27383646430942526
NL,2025,False,1,CR39,12,151,0.27383646430942526
NL,2025,False,1,CR40,12,151,0.27383646430942526
NL,2025,False,2,CR11,5,151,0.27383646430942526
NL,2025,False,2,CR21,5,151,0.27383646430942526
NL,2025,False,2,CR23,5,151,0.27383646430942526
NL,2025,False,2,CR26,5,151,0.27383646430942526
NL,2025,False,2,CR35,5,151,0.27383646430942526
NL,2025,False,3,CR12,6,151,0.27383646430942526
NL,2025,False,3,CR15,6,151,0.27383646430942526
NL,2025,False,3,CR20,6,151,0.27383646430942526
NL,2025,False,3,CR25,6,151,0.27383646430942526
NL,2025,False,3,CR27,6,151,0.27383646430942526
NL,2025,False,3,CR30,6,151,0.27383646430942526
NL,2025,False,4,CR02,10,151,0.27383646430942526
NL,2025,False,4,CR03,10,151,0.27383646430942526
NL,2025,False,4,CR04,10,151,0.27383646430942526
NL,2025,False,4,CR05,10,151,0.27383646430942526
NL,2025,False,4,CR14,10,151,0.27383646430942526
NL,2025,False,4,CR16,10,151,0.27383646430942526
NL,2025,False,4,CR17,10,151,0.27383646430942526
NL,2025,False,4,CR32,10,151,0.27383646430942526
NL,2025,False,4,CR33,10,151,0.27383646430942526
NL,2025,False,4,CR34,10,151,0.27383646430942526
NL,2026,False,0,CR06,8,155,0.2634200585204615
NL,2026,False,0,CR08,8,155,0.2634200585204615
NL,2026,False,0,CR13,8,155,0.2634200585204615
NL,2026,False,0,CR14,8,155,0.2634200585204615
NL,2026,False,0,CR17,8,155,0.2634200585204615
NL,2026,False,0,CR24,8,155,0.2634200585204615
NL,2026,False,0,CR31,8,155,0.2634200585204615
NL,2026,False,0,CR36,8,155,0.2634200585204615
NL,2026,False,1,CR01,12,155,0.2634200585204615
NL,2026,False,1,CR03,12,155,0.2634200585204615
NL,2026,False,1,CR19,12,155,0.2634200585204615
NL,2026,False,1,CR20,12,155,0.2634200585204615
NL,2026,False,1,CR21,12,155,0.2634200585204615
NL,2026,False,1,CR25,12,155,0.2634200585204615
NL,2026,False,1,CR26,12,155,0.2634200585204615
NL,2026,False,1,CR27,12,155,0.2634200585204615
NL,2026,False,1,CR29,12,155,0.2634200585204615
NL,2026,False,1,CR33,12,155,0.2634200585204615
NL,2026,False,1,CR38,12,155,0.2634200585204615
NL,2026,False,1,CR39,12,155,0.2634200585204615
NL,2026,False,2,CR02,8,155,0.2634200585204615
NL,2026,False,2,CR05,8,155,0.2634200585204615
NL,2026,False,2,CR10,8,155,0.2634200585204615
NL,2026,False,2,CR15,8,155,0.2634200585204615
NL,2026,False,2,CR18,8,155,0.2634200585204615
NL,2026,False,2,CR22,8,155,0.2634200585204615
NL,2026,False,2,CR28,8,155,0.2634200585204615
NL,2026,False,2,CR37,8,155,0.2634200585204615
NL,2026,False,3,CR12,3,155,0.2634200585204615
NL,2026,False,3,CR30,3,155,0.2634200585204615
NL,2026,False,3,CR32,3,155,0.2634200585204615
NL,2026,False,4,CR04,9,155,0.2634200585204615
NL,2026,False,4,CR07,9,155,0.2634200585204615
NL,2026,False,4,CR09,9,155,0.2634200585204615
NL,2026,False,4,CR11,9,155,0.2634200585204615
NL,2026,False,4,CR16,9,155,0.2634200585204615
NL,2026,False,4,CR23,9,155,0.2634200585204615
NL,2026,False,4,CR34,9,155,0.2634200585204615
NL,2026,False,4,CR35,9,155,0.2634200585204615
NL,2026,False,4,CR40,9,155,0.2634200585204615
NL,2012,True,0,CR03,12,140,0.3064988293654183
NL,2012,True,0,CR08,12,140,0.3064988293654183
NL,2012,True,0,CR10,12,140,0.3064988293654183
NL,2012,True,0,CR11,12,140,0.3064988293654183
NL,2012,True,0,CR12,12,140,0.3064988293654183
NL,2012,True,0,CR14,12,140,0.3064988293654183
NL,2012,True,0,CR18,12,140,0.3064988293654183
NL,2012,True,0,CR20,12,140,0.3064988293654183
NL,2012,True,0,CR26,12,140,0.3064988293654183
NL,2012,True,0,CR32,12,140,0.3064988293654183
NL,2012,True,0,CR36,12,140,0.3064988293654183
NL,2012,True,0,CR38,12,140,0.3064988293654183
NL,2012,True,1,CR01,9,140,0.3064988293654183
NL,2012,True,1,CR09,9,140,0.3064988293654183
NL,2012,True,1,CR13,9,140,0.3064988293654183
NL,2012,True,1,CR15,9,140,0.3064988293654183
NL,2012,True,1,CR17,9,140,0.3064988293654183
NL,2012,True,1,CR24,9,140,0.3064988293654183
NL,2012,True,1,CR33,9,140,0.3064988293654183
NL,2012,True,1,CR34,9,140,0.3064988293654183
NL,2012,True,1,CR39,9,140,0.3064988293654183
NL,2012,True,2,CR04,8,140,0.3064988293654183
NL,2012,True,2,CR06,8,140,0.3064988293654183
NL,2012,True,2,CR16,8,140,0.3064988293654183
NL,2012,True,2,CR19,8,140,0.3064988293654183
NL,2012,True,2,CR30,8,140,0.3064988293654183
NL,2012,True,2,CR35,8,140,0.3064988293654183
NL,2012,True,2,CR37,8,140,0.3064988293654183
NL,2012,True,2,CR40,8,140,0.3064988293654183
NL,2012,True,3,CR05,6,140,0.3064988293654183
NL,2012,True,3,CR07,6,140,0.3064988293654183
NL,2012,True,3,CR21,6,140,0.3064988293654183
NL,2012,True,3,CR25,6,140,0.3064988293654183
NL,2012,True,3,CR28,6,140,0.3064988293654183
NL,2012,True,3,CR31,6,140,0.3064988293654183
NL,2012,True,4,CR02,5,140,0.3064988293654183
NL,2012,True,4,CR22,5,140,0.3064988293654183
NL,2012,True,4,CR23,5,140,0.3064988293654183
NL,2012,True,4,CR27,5,140,0.3064988293654183
NL,2012,True,4,CR29,5,140,0.3064988293654183
NL,2013,True,0,CR03,3,147,0.294567938271454
NL,2013,True,0,CR16,3,147,0.294567938271454
NL,2013,True,0,CR35,3,147,0.294567938271454
NL,2013,True,1,CR05,5,147,0.294567938271454
NL,2013,True,1,CR06,5,147,0.294567938271454
NL,2013,True,1,CR21,5,147,0.294567938271454
NL,2013,True,1,CR27,5,147,0.294567938271454
NL,2013,True,1,CR31,5,147,0.294567938271454
NL,2013,True,2,CR09,7,147,0.294567938271454
NL,2013,True,2,CR13,7,147,0.294567938271454
NL,2013,True,2,CR15,7,147,0.294567938271454
NL,2013,True,2,CR17,7,147,0.294567938271454
NL,2013,True,2,CR29,7,147,0.294567938271454
NL,2013,True,2,CR34,7,147,0.294567938271454
NL,2013,True,2,CR36,7,147,0.294567938271454
NL,2013,True,3,CR07,10,147,0.294567938271454
NL,2013,True,3,CR10,10,147,0.294567938271454
NL,2013,True,3,CR12,10,147,0.294567938271454
NL,2013,True,3,CR14,10,147,0.294567938271454
NL,2013,True,3,CR18,10,147,0.294567938271454
NL,2013,True,3,CR22,10,147,0.294567938271454
NL,2013,True,3,CR23,10,147,0.294567938271454
NL,2013,True,3,CR26,10,147,0.294567938271454
NL,2013,True,3,CR30,10,147,0.294567938271454
NL,2013,True,3,CR38,10,147,0.294567938271454
NL,2013,True,4,CR04,9,147,0.294567938271454
NL,2013,True,4,CR08,9,147,0.294567938271454
NL,2013,True,4,CR11,9,147,0.294567938271454
NL,2013,True,4,CR19,9,147,0.294567938271454
NL,2013,True,4,CR20,9,147,0.294567938271454
NL,2013,True,4,CR25,9,147,0.294567938271454
NL,2013,True,4,CR28,9,147,0.294567938271454
NL,2013,True,4,CR39,9,147,0.294567938271454
NL,2013,True,4,CR40,9,147,0.294567938271454
NL,2013,True,5,CR01,6,147,0.294567938271454
NL,2013,True,5,CR02,6,147,0.294567938271454
NL,2013,True,5,CR24,6,147,0.294567938271454
NL,2013,True,5,CR32,6,147,0.294567938271454
NL,2013,True,5,CR33,6,147,0.294567938271454
NL,2013,True,5,CR37,6,147,0.294567938271454
NL,2014,True,0,CR03,10,144,0.30199841056226434
NL,2014,True,0,CR10,10,144,0.30199841056226434
NL,2014,True,0,CR14,10,144,0.30199841056226434
NL,2014,True,0,CR15,10,144,0.30199841056226434
NL,2014,True,0,CR16,10,144,0.30199841056226434
NL,2014,True,0,CR17,10,144,0.30199841056226434
NL,2014,True,0,CR18,10,144,0.30199841056226434
NL,2014,True,0,CR23,10,144,0.30199841056226434
NL,2014,True,0,CR35,10,144,0.30199841056226434
NL,2014,True,0,CR39,10,144,0.30199841056226434
NL,2014,True,1,CR01,11,144,0.30199841056226434
NL,2014,True,1,CR05,11,144,0.30199841056226434
NL,2014,True,1,CR08,11,144,0.30199841056226434
NL,2014,True,1,CR12,11,144,0.30199841056226434
NL,2014,True,1,CR13,11,144,0.30199841056226434
NL,2014,True,1,CR24,11,144,0.30199841056226434
NL,2014,True,1,CR25,11,144,0.30199841056226434
NL,2014,True,1,CR26,11,144,0.30199841056226434
NL,2014,True,1,CR28,11,144,0.30199841056226434
NL,2014,True,1,CR34,11,144,0.30199841056226434
NL,2014,True,1,CR36,11,144,0.30199841056226434
NL,2014,True,2,CR02,8,144,0.30199841056226434
NL,2014,True,2,CR04,8,144,0.30199841056226434
NL,2014,True,2,CR19,8,144,0.30199841056226434
NL,2014,True,2,CR22,8,144,0.30199841056226434
NL,2014,True,2,CR27,8,144,0.30199841056226434
NL,2014,True,2,CR29,8,144,0.30199841056226434
NL,2014,True,2,CR32,8,144,0.30199841056226434
NL,2014,True,2,CR38,8,144,0.30199841056226434
NL,2014,True,3,CR06,11,144,0.30199841056226434
NL,2014,True,3,CR07,11,144,0.30199841056226434
NL,2014,True,3,CR09,11,144,0.30199841056226434
NL,2014,True,3,CR11,11,144,0.30199841056226434
NL,2014,True,3,CR20,11,144,0.30199841056226434
NL,2014,True,3,CR21,11,144,0.30199841056226434
NL,2014,True,3,CR30,11,144,0.30199841056226434
NL,2014,True,3,CR31,11,144,0.30199841056226434
NL,2014,True,3,CR33,11,144,0.30199841056226434
NL,2014,True,3,CR37,11,144,0.30199841056226434
NL,2014,True,3,CR40,11,144,0.30199841056226434
NL,2015,True,0,CR01,10,139,0.31066664816506273
NL,2015,True,0,CR02,10,139,0.31066664816506273
NL,2015,True,0,CR16,10,139,0.31066664816506273
NL,2015,True,0,CR18,10,139,0.31066664816506273
NL,2015,True,0,CR19,10,139,0.31066664816506273
NL,2015,True,0,CR22,10,139,0.31066664816506273
NL,2015,True,0,CR23,10,139,0.31066664816506273
NL,2015,True,0,CR25,10,139,0.31066664816506273
NL,2015,True,0,CR27,10,139,0.31066664816506273
NL,2015,True,0,CR28,10,139,0.31066664816506273
NL,2015,True,1,CR03,6,139,0.31066664816506273
NL,2015,True,1,CR10,6,139,0.31066664816506273
NL,2015,True,1,CR17,6,139,0.31066664816506273
NL,2015,True,1,CR26,6,139,0.31066664816506273
NL,2015,True,1,CR35,6,139,0.31066664816506273
NL,2015,True,1,CR39,6,139,0.31066664816506273
NL,2015,True,2,CR06,8,139,0.31066664816506273
NL,2015,True,2,CR07,8,139,0.31066664816506273
NL,2015,True,2,CR09,8,139,0.31066664816506273
NL,2015,True,2,CR20,8,139,0.31066664816506273
NL,2015,True,2,CR29,8,139,0.31066664816506273
NL,2015,True,2,CR31,8,139,0.31066664816506273
NL,2015,True,2,CR37,8,139,0.31066664816506273
NL,2015,True,2,CR40,8,139,0.31066664816506273
NL,2015,True,3,CR04,11,139,0.31066664816506273
NL,2015,True,3,CR05,11,139,0.31066664816506273
NL,2015,True,3,CR08,11,139,0.31066664816506273
NL,2015,True,3,CR12,11,139,0.31066664816506273
NL,2015,True,3,CR13,11,139,0.31066664816506273
NL,2015,True,3,CR15,11,139,0.31066664816506273
NL,2015,True,3,CR21,11,139,0.31066664816506273
NL,2015,True,3,CR24,11,139,0.31066664816506273
NL,2015,True,3,CR33,11,139,0.31066664816506273
NL,2015,True,3,CR34,11,139,0.31066664816506273
NL,2015,True,3,CR36,11,139,0.31066664816506273
NL,2015,True,4,CR11,5,139,0.31066664816506273
NL,2015,True,4,CR14,5,139,0.31066664816506273
NL,2015,True,4,CR30,5,139,0.31066664816506273
NL,2015,True,4,CR32,5,139,0.31066664816506273
NL,2015,True,4,CR38,5,139,0.31066664816506273
NL,2016,True,0,CR04,6,131,0.3171395898046697
NL,2016,True,0,CR14,6,131,0.3171395898046697
NL,2016,True,0,CR20,6,131,0.3171395898046697
NL,2016,True,0,CR25,6,131,0.3171395898046697
NL,2016,True,0,CR30,6,131,0.3171395898046697
NL,2016,True,0,CR32,6,131,0.3171395898046697
NL,2016,True,1,CR01,9,131,0.3171395898046697
NL,2016,True,1,CR02,9,131,0.3171395898046697
NL,2016,True,1,CR05,9,131,0.3171395898046697
NL,2016,True,1,CR11,9,131,0.3171395898046697
NL,2016,True,1,CR13,9,131,0.3171395898046697
NL,2016,True,1,CR18,9,131,0.3171395898046697
NL,2016,True,1,CR22,9,131,0.3171395898046697
NL,2016,True,1,CR27,9,131,0.3171395898046697
NL,2016,True,1,CR28,9,131,0.3171395898046697
NL,2016,True,2,CR06,11,131,0.3171395898046697
NL,2016,True,2,CR07,11,131,0.3171395898046697
NL,2016,True,2,CR09,11,131,0.3171395898046697
NL,2016,True,2,CR12,11,131,0.3171395898046697
NL,2016,True,2,CR24,11,131,0.3171395898046697
NL,2016,True,2,CR26,11,131,0.3171395898046697
NL,2016,True,2,CR31,11,131,0.3171395898046697
NL,2016,True,2,CR34,11,131,0.3171395898046697
NL,2016,True,2,CR35,11,131,0.3171395898046697
NL,2016,True,2,CR39,11,131,0.3171395898046697
NL,2016,True,2,CR40,11,131,0.3171395898046697
NL,2016,True,3,CR08,8,131,0.3171395898046697
NL,2016,True,3,CR16,8,131,0.3171395898046697
NL,2016,True,3,CR19,8,131,0.3171395898046697
NL,2016,True,3,CR21,8,131,0.3171395898046697
NL,2016,True,3,CR23,8,131,0.3171395898046697
NL,2016,True,3,CR36,8,131,0.3171395898046697
NL,2016,True,3,CR37,8,131,0.3171395898046697
NL,2016,True,3,CR38,8,131,0.3171395898046697
NL,2016,True,4,CR03,6,131,0.3171395898046697
NL,2016,True,4,CR10,6,131,0.3171395898046697
NL,2016,True,4,CR15,6,131,0.3171395898046697
NL,2016,True,4,CR17,6,131,0.3171395898046697
NL,2016,True,4,CR29,6,131,0.3171395898046697
NL,2016,True,4,CR33,6,131,0.3171395898046697
NL,2017,True,0,CR02,5,124,0.3734085718979055
NL,2017,True,0,CR03,5,124,0.3734085718979055
NL,2017,True,0,CR20,5,124,0.3734085718979055
NL,2017,True,0,CR27,5,124,0.3734085718979055
NL,2017,True,0,CR31,5,124,0.3734085718979055
NL,2017,True,1,CR01,8,124,0.3734085718979055
NL,2017,True,1,CR04,8,124,0.3734085718979055
NL,2017,True,1,CR09,8,124,0.3734085718979055
NL,2017,True,1,CR10,8,124,0.3734085718979055
NL,2017,True,1,CR11,8,124,0.3734085718979055
NL,2017,True,1,CR14,8,124,0.3734085718979055
NL,2017,True,1,CR16,8,124,0.3734085718979055
NL,2017,True,1,CR32,8,124,0.3734085718979055
NL,2017,True,2,CR07,10,124,0.3734085718979055
NL,2017,True,2,CR12,10,124,0.3734085718979055
NL,2017,True,2,CR13,10,124,0.3734085718979055
NL,2017,True,2,CR17,10,124,0.3734085718979055
NL,2017,True,2,CR28,10,124,0.3734085718979055
NL,2017,True,2,CR29,10,124,0.3734085718979055
NL,2017,True,2,CR30,10,124,0.3734085718979055
NL,2017,True,2,CR33,10,124,0.3734085718979055
NL,2017,True,2,CR34,10,124,0.3734085718979055
NL,2017,True,2,CR39,10,124,0.3734085718979055
NL,2017,True,3,CR05,9,124,0.3734085718979055
NL,2017,True,3,CR08,9,124,0.3734085718979055
NL,2017,True,3,CR15,9,124,0.3734085718979055
NL,2017,True,3,CR18,9,124,0.3734085718979055
NL,2017,True,3,CR21,9,124,0.3734085718979055
NL,2017,True,3,CR24,9,124,0.3734085718979055
NL,2017,True,3,CR35,9,124,0.3734085718979055
NL,2017,True,3,CR36,9,124,0.3734085718979055
NL,2017,True,3,CR38,9,124,0.3734085718979055
NL,2017,True,4,CR06,8,124,0.3734085718979055
NL,2017,True,4,CR19,8,124,0.3734085718979055
NL,2017,True,4,CR22,8,124,0.3734085718979055
NL,2017,True,4,CR23,8,124,0.3734085718979055
NL,2017,True,4,CR25,8,124,0.3734085718979055
NL,2017,True,4,CR26,8,124,0.3734085718979055
NL,2017,True,4,CR37,8,124,0.3734085718979055
NL,2017,True,4,CR40,8,124,0.3734085718979055
NL,2018,True,0,CR01,14,127,0.31888825301710255
NL,2018,True,0,CR02,14,127,0.31888825301710255
NL,2018,True,0,CR04,14,127,0.31888825301710255
NL,2018,True,0,CR05,14,127,0.31888825301710255
NL,2018,True,0,CR09,14,127,0.31888825301710255
NL,2018,True,0,CR11,14,127,0.31888825301710255
NL,2018,True,0,CR14,14,127,0.31888825301710255
NL,2018,True,0,CR15,14,127,0.31888825301710255
NL,2018,True,0,CR20,14,127,0.31888825301710255
NL,2018,True,0,CR26,14,127,0.31888825301710255
NL,2018,True,0,CR27,14,127,0.31888825301710255
NL,2018,True,0,CR28,14,127,0.31888825301710255
NL,2018,True,0,CR35,14,127,0.31888825301710255
NL,2018,True,0,CR36,14,127,0.31888825301710255
NL,2018,True,1,CR06,10,127,0.31888825301710255
NL,2018,True,1,CR10,10,127,0.31888825301710255
NL,2018,True,1,CR18,10,127,0.31888825301710255
NL,2018,True,1,CR19,10,127,0.31888825301710255
NL,2018,True,1,CR22,10,127,0.31888825301710255
NL,2018,True,1,CR23,10,127,0.31888825301710255
NL,2018,True,1,CR24,10,127,0.31888825301710255
NL,2018,True,1,CR37,10,127,0.31888825301710255
NL,2018,True,1,CR38,10,127,0.31888825301710255
NL,2018,True,1,CR40,10,127,0.31888825301710255
NL,2018,True,2,CR03,16,127,0.31888825301710255
NL,2018,True,2,CR07,16,127,0.31888825301710255
NL,2018,True,2,CR08,16,127,0.31888825301710255
NL,2018,True,2,CR12,16,127,0.31888825301710255
NL,2018,True,2,CR13,16,127,0.31888825301710255
NL,2018,True,2,CR16,16,127,0.31888825301710255
NL,2018,True,2,CR17,16,127,0.31888825301710255
NL,2018,True,2,CR21,16,127,0.31888825301710255
NL,2018,True,2,CR25,16,127,0.31888825301710255
NL,2018,True,2,CR29,16,127,0.31888825301710255
NL,2018,True,2,CR30,16,127,0.31888825301710255
NL,2018,True,2,CR31,16,127,0.31888825301710255
NL,2018,True,2,CR32,16,127,0.31888825301710255
NL,2018,True,2,CR33,16,127,0.31888825301710255
NL,2018,True,2,CR34,16,127,0.31888825301710255
NL,2018,True,2,CR39,16,127,0.31888825301710255
NL,2019,True,0,CR01,8,136,0.2925852618974422
NL,2019,True,0,CR09,8,136,0.2925852618974422
NL,2019,True,0,CR14,8,136,0.2925852618974422
NL,2019,True,0,CR16,8,136,0.2925852618974422
NL,2019,True,0,CR18,8,136,0.2925852618974422
NL,2019,True,0,CR19,8,136,0.2925852618974422
NL,2019,True,0,CR21,8,136,0.2925852618974422
NL,2019,True,0,CR33,8,136,0.2925852618974422
NL,2019,True,1,CR02,7,136,0.2925852618974422
NL,2019,True,1,CR06,7,136,0.2925852618974422
NL,2019,True,1,CR07,7,136,0.2925852618974422
NL,2019,True,1,CR13,7,136,0.2925852618974422
NL,2019,True,1,CR15,7,136,0.2925852618974422
NL,2019,True,1,CR23,7,136,0.2925852618974422
NL,2019,True,1,CR28,7,136,0.2925852618974422
NL,2019,True,2,CR05,13,136,0.2925852618974422
NL,2019,True,2,CR11,13,136,0.2925852618974422
NL,2019,True,2,CR17,13,136,0.2925852618974422
NL,2019,True,2,CR20,13,136,0.2925852618974422
NL,2019,True,2,CR22,13,136,0.2925852618974422
NL,2019,True,2,CR25,13,136,0.2925852618974422
NL,2019,True,2,CR26,13,136,0.2925852618974422
NL,2019,True,2,CR27,13,136,0.2925852618974422
NL,2019,True,2,CR30,13,136,0.2925852618974422
NL,2019,True,2,CR31,13,136,0.2925852618974422
NL,2019,True,2,CR32,13,136,0.2925852618974422
NL,2019,True,2,CR38,13,136,0.2925852618974422
NL,2019,True,2,CR39,13,136,0.2925852618974422
NL,2019,True,3,CR03,7,136,0.2925852618974422
NL,2019,True,3,CR10,7,136,0.2925852618974422
NL,2019,True,3,CR12,7,136,0.2925852618974422
NL,2019,True,3,CR24,7,136,0.2925852618974422
NL,2019,True,3,CR34,7,136,0.2925852618974422
NL,2019,True,3,CR37,7,136,0.2925852618974422
NL,2019,True,3,CR40,7,136,0.2925852618974422
NL,2019,True,4,CR04,5,136,0.2925852618974422
NL,2019,True,4,CR08,5,136,0.2925852618974422
NL,2019,True,4,CR29,5,136,0.2925852618974422
NL,2019,True,4,CR35,5,136,0.2925852618974422
NL,2019,True,4,CR36,5,136,0.2925852618974422
NL,2020,True,0,CR10,5,132,0.332947866574386
NL,2020,True,0,CR21,5,132,0.332947866574386
NL,2020,True,0,CR30,5,132,0.332947866574386
NL,2020,True,0,CR32,5,132,0.332947866574386
NL,2020,True,0,CR37,5,132,0.332947866574386
NL,2020,True,1,CR13,11,132,0.332947866574386
NL,2020,True,1,CR16,11,132,0.332947866574386
NL,2020,True,1,CR17,11,132,0.332947866574386
NL,2020,True,1,CR24,11,132,0.332947866574386
NL,2020,True,1,CR26,11,132,0.332947866574386
NL,2020,True,1,CR27,11,132,0.332947866574386
NL,2020,True,1,CR29,11,132,0.332947866574386
NL,2020,True,1,CR33,11,132,0.332947866574386
NL,2020,True,1,CR34,11,132,0.332947866574386
NL,2020,True,1,CR35,11,132,0.332947866574386
NL,2020,True,1,CR39,11,132,0.332947866574386
NL,2020,True,2,CR06,5,132,0.332947866574386
NL,2020,True,2,CR12,5,132,0.332947866574386
NL,2020,True,2,CR19,5,132,0.332947866574386
NL,2020,True,2,CR20,5,132,0.332947866574386
NL,2020,True,2,CR31,5,132,0.332947866574386
NL,2020,True,3,CR05,5,132,0.332947866574386
NL,2020,True,3,CR08,5,132,0.332947866574386
NL,2020,True,3,CR11,5,132,0.332947866574386
NL,2020,True,3,CR23,5,132,0.332947866574386
NL,2020,True,3,CR38,5,132,0.332947866574386
NL,2020,True,4,CR01,14,132,0.332947866574386
NL,2020,True,4,CR02,14,132,0.332947866574386
NL,2020,True,4,CR03,14,132,0.332947866574386
NL,2020,True,4,CR04,14,132,0.332947866574386
NL,2020,True,4,CR07,14,132,0.332947866574386
NL,2020,True,4,CR09,14,132,0.332947866574386
NL,2020,True,4,CR14,14,132,0.332947866574386
NL,2020,True,4,CR15,14,132,0.332947866574386
NL,2020,True,4,CR18,14,132,0.332947866574386
NL,2020,True,4,CR22,14,132,0.332947866574386
NL,2020,True,4,CR25,14,132,0.332947866574386
NL,2020,True,4,CR28,14,132,0.332947866574386
NL,2020,True,4,CR36,14,132,0.332947866574386
NL,2020,True,4,CR40,14,132,0.332947866574386
NL,2021,True,0,CR01,9,131,0.28190912803315754
NL,2021,True,0,CR03,9,131,0.28190912803315754
NL,2021,True,0,CR04,9,131,0.28190912803315754
NL,2021,True,0,CR05,9,131,0.28190912803315754
NL,2021,True,0,CR08,9,131,0.28190912803315754
NL,2021,True,0,CR11,9,131,0.28190912803315754
NL,2021,True,0,CR22,9,131,0.28190912803315754
NL,2021,True,0,CR36,9,131,0.28190912803315754
NL,2021,True,0,CR38,9,131,0.28190912803315754
NL,2021,True,1,CR14,6,131,0.28190912803315754
NL,2021,True,1,CR15,6,131,0.28190912803315754
NL,2021,True,1,CR16,6,131,0.28190912803315754
NL,2021,True,1,CR23,6,131,0.28190912803315754
NL,2021,True,1,CR28,6,131,0.28190912803315754
NL,2021,True,1,CR40,6,131,0.28190912803315754
NL,2021,True,2,CR02,11,131,0.28190912803315754
NL,2021,True,2,CR07,11,131,0.28190912803315754
NL,2021,True,2,CR09,11,131,0.28190912803315754
NL,2021,True,2,CR10,11,131,0.28190912803315754
NL,2021,True,2,CR21,11,131,0.28190912803315754
NL,2021,True,2,CR26,11,131,0.28190912803315754
NL,2021,True,2,CR27,11,131,0.28190912803315754
NL,2021,True,2,CR30,11,131,0.28190912803315754
NL,2021,True,2,CR33,11,131,0.28190912803315754
NL,2021,True,2,CR35,11,131,0.28190912803315754
NL,2021,True,2,CR37,11,131,0.28190912803315754
NL,2021,True,3,CR06,8,131,0.28190912803315754
NL,2021,True,3,CR13,8,131,0.28190912803315754
NL,2021,True,3,CR17,8,131,0.28190912803315754
NL,2021,True,3,CR24,8,131,0.28190912803315754
NL,2021,True,3,CR25,8,131,0.28190912803315754
NL,2021,True,3,CR29,8,131,0.28190912803315754
NL,2021,True,3,CR34,8,131,0.28190912803315754
NL,2021,True,3,CR39,8,131,0.28190912803315754
NL,2021,True,4,CR12,6,131,0.28190912803315754
NL,2021,True,4,CR18,6,131,0.28190912803315754
NL,2021,True,4,CR19,6,131,0.28190912803315754
NL,2021,True,4,CR20,6,131,0.28190912803315754
NL,2021,True,4,CR31,6,131,0.28190912803315754
NL,2021,True,4,CR32,6,131,0.28190912803315754
NL,2022,True,0,CR03,9,126,0.32572724817806575
NL,2022,True,0,CR04,9,126,0.32572724817806575
NL,2022,True,0,CR07,9,126,0.32572724817806575
NL,2022,True,0,CR08,9,126,0.32572724817806575
NL,2022,True,0,CR13,9,126,0.32572724817806575
NL,2022,True,0,CR18,9,126,0.32572724817806575
NL,2022,True,0,CR22,9,126,0.32572724817806575
NL,2022,True,0,CR25,9,126,0.32572724817806575
NL,2022,True,0,CR36,9,126,0.32572724817806575
NL,2022,True,1,CR01,7,126,0.32572724817806575
NL,2022,True,1,CR05,7,126,0.32572724817806575
NL,2022,True,1,CR06,7,126,0.32572724817806575
NL,2022,True,1,CR11,7,126,0.32572724817806575
NL,2022,True,1,CR35,7,126,0.32572724817806575
NL,2022,True,1,CR38,7,126,0.32572724817806575
NL,2022,True,1,CR39,7,126,0.32572724817806575
NL,2022,True,2,CR02,11,126,0.32572724817806575
NL,2022,True,2,CR09,11,126,0.32572724817806575
NL,2022,True,2,CR10,11,126,0.32572724817806575
NL,2022,True,2,CR16,11,126,0.32572724817806575
NL,2022,True,2,CR17,11,126,0.32572724817806575
NL,2022,True,2,CR21,11,126,0.32572724817806575
NL,2022,True,2,CR23,11,126,0.32572724817806575
NL,2022,True,2,CR28,11,126,0.32572724817806575
NL,2022,True,2,CR29,11,126,0.32572724817806575
NL,2022,True,2,CR33,11,126,0.32572724817806575
NL,2022,True,2,CR34,11,126,0.32572724817806575
NL,2022,True,3,CR12,5,126,0.32572724817806575
NL,2022,True,3,CR14,5,126,0.32572724817806575
NL,2022,True,3,CR15,5,126,0.32572724817806575
NL,2022,True,3,CR27,5,126,0.32572724817806575
NL,2022,True,3,CR40,5,126,0.32572724817806575
NL,2022,True,4,CR19,8,126,0.32572724817806575
NL,2022,True,4,CR20,8,126,0.32572724817806575
NL,2022,True,4,CR24,8,126,0.32572724817806575
NL,2022,True,4,CR26,8,126,0.32572724817806575
NL,2022,True,4,CR30,8,126,0.32572724817806575
NL,2022,True,4,CR31,8,126,0.32572724817806575
NL,2022,True,4,CR32,8,126,0.32572724817806575
NL,2022,True,4,CR37,8,126,0.32572724817806575
NL,2023,True,0,CR01,7,132,0.2837467538187647
NL,2023,True,0,CR05,7,132,0.2837467538187647
NL,2023,True,0,CR06,7,132,0.2837467538187647
NL,2023,True,0,CR08,7,132,0.2837467538187647
NL,2023,True,0,CR24,7,132,0.2837467538187647
NL,2023,True,0,CR35,7,132,0.2837467538187647
NL,2023,True,0,CR36,7,132,0.2837467538187647
NL,2023,True,1,CR13,5,132,0.2837467538187647
NL,2023,True,1,CR14,5,132,0.2837467538187647
NL,2023,True,1,CR15,5,132,0.2837467538187647
NL,2023,True,1,CR22,5,132,0.2837467538187647
NL,2023,True,1,CR40,5,132,0.2837467538187647
NL,2023,True,2,CR09,10,132,0.2837467538187647
NL,2023,True,2,CR10,10,132,0.2837467538187647
NL,2023,True,2,CR12,10,132,0.2837467538187647
NL,2023,True,2,CR17,10,132,0.2837467538187647
NL,2023,True,2,CR20,10,132,0.2837467538187647
NL,2023,True,2,CR28,10,132,0.2837467538187647
NL,2023,True,2,CR29,10,132,0.2837467538187647
NL,2023,True,2,CR33,10,132,0.2837467538187647
NL,2023,True,2,CR34,10,132,0.2837467538187647
NL,2023,True,2,CR37,10,132,0.2837467538187647
NL,2023,True,3,CR02,8,132,0.2837467538187647
NL,2023,True,3,CR03,8,132,0.2837467538187647
NL,2023,True,3,CR04,8,132,0.2837467538187647
NL,2023,True,3,CR07,8,132,0.2837467538187647
NL,2023,True,3,CR11,8,132,0.2837467538187647
NL,2023,True,3,CR18,8,132,0.2837467538187647
NL,2023,True,3,CR21,8,132,0.2837467538187647
NL,2023,True,3,CR25,8,132,0.2837467538187647
NL,2023,True,4,CR16,10,132,0.2837467538187647
NL,2023,True,4,CR19,10,132,0.2837467538187647
NL,2023,True,4,CR23,10,132,0.2837467538187647
NL,2023,True,4,CR26,10,132,0.2837467538187647
NL,2023,True,4,CR27,10,132,0.2837467538187647
NL,2023,True,4,CR30,10,132,0.2837467538187647
NL,2023,True,4,CR31,10,132,0.2837467538187647
NL,2023,True,4,CR32,10,132,0.2837467538187647
NL,2023,True,4,CR38,10,132,0.2837467538187647
NL,2023,True,4,CR39,10,132,0.2837467538187647
NL,2024,True,0,CR05,8,141,0.2806432821910569
NL,2024,True,0,CR06,8,141,0.2806432821910569
NL,2024,True,0,CR10,8,141,0.2806432821910569
NL,2024,True,0,CR12,8,141,0.2806432821910569
NL,2024,True,0,CR20,8,141,0.2806432821910569
NL,2024,True,0,CR30,8,141,0.2806432821910569
NL,2024,True,0,CR31,8,141,0.2806432821910569
NL,2024,True,0,CR33,8,141,0.2806432821910569
NL,2024,True,1,CR08,4,141,0.2806432821910569
NL,2024,True,1,CR11,4,141,0.2806432821910569
NL,2024,True,1,CR22,4,141,0.2806432821910569
NL,2024,True,1,CR29,4,141,0.2806432821910569
NL,2024,True,2,CR02,3,141,0.2806432821910569
NL,2024,True,2,CR09,3,141,0.2806432821910569
NL,2024,True,2,CR14,3,141,0.2806432821910569
NL,2024,True,3,CR07,6,141,0.2806432821910569
NL,2024,True,3,CR15,6,141,0.2806432821910569
NL,2024,True,3,CR17,6,141,0.2806432821910569
NL,2024,True,3,CR27,6,141,0.2806432821910569
NL,2024,True,3,CR32,6,141,0.2806432821910569
NL,2024,True,3,CR34,6,141,0.2806432821910569
NL,2024,True,4,CR01,12,141,0.2806432821910569
NL,2024,True,4,CR03,12,141,0.2806432821910569
NL,2024,True,4,CR04,12,141,0.2806432821910569
NL,2024,True,4,CR13,12,141,0.2806432821910569
NL,2024,True,4,CR21,12,141,0.2806432821910569
NL,2024,True,4,CR23,12,141,0.2806432821910569
NL,2024,True,4,CR24,12,141,0.2806432821910569
NL,2024,True,4,CR28,12,141,0.2806432821910569
NL,2024,True,4,CR35,12,141,0.2806432821910569
NL,2024,True,4,CR36,12,141,0.2806432821910569
NL,2024,True,4,CR37,12,141,0.2806432821910569
NL,2024,True,4,CR38,12,141,0.2806432821910569
NL,2024,True,5,CR16,7,141,0.2806432821910569
NL,2024,True,5,CR18,7,141,0.2806432821910569
NL,2024,True,5,CR19,7,141,0.2806432821910569
NL,2024,True,5,CR25,7,141,0.2806432821910569
NL,2024,True,5,CR26,7,141,0.2806432821910569
NL,2024,True,5,CR39,7,141,0.2806432821910569
NL,2024,True,5,CR40,7,141,0.2806432821910569
NL,2025,True,0,CR04,9,165,0.25427979965183956
NL,2025,True,0,CR06,9,165,0.25427979965183956
NL,2025,True,0,CR08,9,165,0.25427979965183956
NL,2025,True,0,CR13,9,165,0.25427979965183956
NL,2025,True,0,CR17,9,165,0.25427979965183956
NL,2025,True,0,CR24,9,165,0.25427979965183956
NL,2025,True,0,CR26,9,165,0.25427979965183956
NL,2025,True,0,CR31,9,165,0.25427979965183956
NL,2025,True,0,CR36,9,165,0.25427979965183956
NL,2025,True,1,CR09,6,165,0.25427979965183956
NL,2025,True,1,CR11,6,165,0.25427979965183956
NL,2025,True,1,CR16,6,165,0.25427979965183956
NL,2025,True,1,CR23,6,165,0.25427979965183956
NL,2025,True,1,CR34,6,165,0.25427979965183956
NL,2025,True,1,CR35,6,165,0.25427979965183956
NL,2025,True,2,CR02,6,165,0.25427979965183956
NL,2025,True,2,CR18,6,165,0.25427979965183956
NL,2025,True,2,CR29,6,165,0.25427979965183956
NL,2025,True,2,CR37,6,165,0.25427979965183956
NL,2025,True,2,CR38,6,165,0.25427979965183956
NL,2025,True,2,CR40,6,165,0.25427979965183956
NL,2025,True,3,CR01,11,165,0.25427979965183956
NL,2025,True,3,CR10,11,165,0.25427979965183956
NL,2025,True,3,CR15,11,165,0.25427979965183956
NL,2025,True,3,CR19,11,165,0.25427979965183956
NL,2025,True,3,CR20,11,165,0.25427979965183956
NL,2025,True,3,CR21,11,165,0.25427979965183956
NL,2025,True,3,CR22,11,165,0.25427979965183956
NL,2025,True,3,CR25,11,165,0.25427979965183956
NL,2025,True,3,CR28,11,165,0.25427979965183956
NL,2025,True,3,CR33,11,165,0.25427979965183956
NL,2025,True,3,CR39,11,165,0.25427979965183956
NL,2025,True,4,CR03,8,165,0.25427979965183956
NL,2025,True,4,CR05,8,165,0.25427979965183956
NL,2025,True,4,CR07,8,165,0.25427979965183956
NL,2025,True,4,CR12,8,165,0.25427979965183956
NL,2025,True,4,CR14,8,165,0.25427979965183956
NL,2025,True,4,CR27,8,165,0.25427979965183956
NL,2025,True,4,CR30,8,165,0.25427979965183956
NL,2025,True,4,CR32,8,165,0.25427979965183956
NL,2026,True,0,CR06,8,155,0.2634200585204615
NL,2026,True,0,CR08,8,155,0.2634200585204615
NL,2026,True,0,CR13,8,155,0.2634200585204615
NL,2026,True,0,CR14,8,155,0.2634200585204615
NL,2026,True,0,CR17,8,155,0.2634200585204615
NL,2026,True,0,CR24,8,155,0.2634200585204615
NL,2026,True,0,CR31,8,155,0.2634200585204615
NL,2026,True,0,CR36,8,155,0.2634200585204615
NL,2026,True,1,CR01,12,155,0.2634200585204615
NL,2026,True,1,CR03,12,155,0.2634200585204615
NL,2026,True,1,CR19,12,155,0.2634200585204615
NL,2026,True,1,CR20,12,155,0.2634200585204615
NL,2026,True,1,CR21,12,155,0.2634200585204615
NL,2026,True,1,CR25,12,155,0.2634200585204615
NL,2026,True,1,CR26,12,155,0.2634200585204615
NL,2026,True,1,CR27,12,155,0.2634200585204615
NL,2026,True,1,CR29,12,155,0.2634200585204615
NL,2026,True,1,CR33,12,155,0.2634200585204615
NL,2026,True,1,CR38,12,155,0.2634200585204615
NL,2026,True,1,CR39,12,155,0.2634200585204615
NL,2026,True,2,CR02,8,155,0.2634200585204615
NL,2026,True,2,CR05,8,155,0.2634200585204615
NL,2026,True,2,CR10,8,155,0.2634200585204615
NL,2026,True,2,CR15,8,155,0.2634200585204615
NL,2026,True,2,CR18,8,155,0.2634200585204615
NL,2026,True,2,CR22,8,155,0.2634200585204615
NL,2026,True,2,CR28,8,155,0.2634200585204615
NL,2026,True,2,CR37,8,155,0.2634200585204615
NL,2026,True,3,CR12,3,155,0.2634200585204615
NL,2026,True,3,CR30,3,155,0.2634200585204615
NL,2026,True,3,CR32,3,155,0.2634200585204615
NL,2026,True,4,CR04,9,155,0.2634200585204615
NL,2026,True,4,CR07,9,155,0.2634200585204615
NL,2026,True,4,CR09,9,155,0.2634200585204615
NL,2026,True,4,CR11,9,155,0.2634200585204615
NL,2026,True,4,CR16,9,155,0.2634200585204615
NL,2026,True,4,CR23,9,155,0.2634200585204615
NL,2026,True,4,CR34,9,155,0.2634200585204615
NL,2026,True,4,CR35,9,155,0.2634200585204615
NL,2026,True,4,CR40,9,155,0.2634200585204615
PT,2013,False,0,PT_111,6,86,0.2602842499961036
PT,2013,False,0,PT_11A,6,86,0.2602842499961036
PT,2013,False,0,PT_150,6,86,0.2602842499961036
PT,2013,False,0,PT_16B,6,86,0.2602842499961036
PT,2013,False,0,PT_170,6,86,0.2602842499961036
PT,2013,False,0,PT_300,6,86,0.2602842499961036
PT,2013,False,1,PT_112,7,86,0.2602842499961036
PT,2013,False,1,PT_119,7,86,0.2602842499961036
PT,2013,False,1,PT_11B,7,86,0.2602842499961036
PT,2013,False,1,PT_11C,7,86,0.2602842499961036
PT,2013,False,1,PT_11D,7,86,0.2602842499961036
PT,2013,False,1,PT_11E,7,86,0.2602842499961036
PT,2013,False,1,PT_16G,7,86,0.2602842499961036
PT,2013,False,2,PT_16D,7,86,0.2602842499961036
PT,2013,False,2,PT_16E,7,86,0.2602842499961036
PT,2013,False,2,PT_16J,7,86,0.2602842499961036
PT,2013,False,2,PT_181,7,86,0.2602842499961036
PT,2013,False,2,PT_184,7,86,0.2602842499961036
PT,2013,False,2,PT_185,7,86,0.2602842499961036
PT,2013,False,2,PT_187,7,86,0.2602842499961036
PT,2013,False,3,PT_16F,5,86,0.2602842499961036
PT,2013,False,3,PT_16H,5,86,0.2602842499961036
PT,2013,False,3,PT_16I,5,86,0.2602842499961036
PT,2013,False,3,PT_186,5,86,0.2602842499961036
PT,2013,False,3,PT_200,5,86,0.2602842499961036
PT,2014,False,0,PT_112,6,89,0.2366600777117853
PT,2014,False,0,PT_119,6,89,0.2366600777117853
PT,2014,False,0,PT_11A,6,89,0.2366600777117853
PT,2014,False,0,PT_11B,6,89,0.2366600777117853
PT,2014,False,0,PT_11C,6,89,0.2366600777117853
PT,2014,False,0,PT_16G,6,89,0.2366600777117853
PT,2014,False,1,PT_111,9,89,0.2366600777117853
PT,2014,False,1,PT_11D,9,89,0.2366600777117853
PT,2014,False,1,PT_11E,9,89,0.2366600777117853
PT,2014,False,1,PT_16D,9,89,0.2366600777117853
PT,2014,False,1,PT_16F,9,89,0.2366600777117853
PT,2014,False,1,PT_16I,9,89,0.2366600777117853
PT,2014,False,1,PT_16J,9,89,0.2366600777117853
PT,2014,False,1,PT_181,9,89,0.2366600777117853
PT,2014,False,1,PT_200,9,89,0.2366600777117853
PT,2014,False,2,PT_16B,6,89,0.2366600777117853
PT,2014,False,2,PT_16E,6,89,0.2366600777117853
PT,2014,False,2,PT_16H,6,89,0.2366600777117853
PT,2014,False,2,PT_184,6,89,0.2366600777117853
PT,2014,False,2,PT_185,6,89,0.2366600777117853
PT,2014,False,2,PT_187,6,89,0.2366600777117853
PT,2014,False,3,PT_150,4,89,0.2366600777117853
PT,2014,False,3,PT_170,4,89,0.2366600777117853
PT,2014,False,3,PT_186,4,89,0.2366600777117853
PT,2014,False,3,PT_300,4,89,0.2366600777117853
PT,2015,False,0,PT_112,6,90,0.2508100400866507
PT,2015,False,0,PT_119,6,90,0.2508100400866507
PT,2015,False,0,PT_11A,6,90,0.2508100400866507
PT,2015,False,0,PT_11B,6,90,0.2508100400866507
PT,2015,False,0,PT_11C,6,90,0.2508100400866507
PT,2015,False,0,PT_16G,6,90,0.2508100400866507
PT,2015,False,1,PT_111,10,90,0.2508100400866507
PT,2015,False,1,PT_11D,10,90,0.2508100400866507
PT,2015,False,1,PT_11E,10,90,0.2508100400866507
PT,2015,False,1,PT_16B,10,90,0.2508100400866507
PT,2015,False,1,PT_16D,10,90,0.2508100400866507
PT,2015,False,1,PT_16H,10,90,0.2508100400866507
PT,2015,False,1,PT_16J,10,90,0.2508100400866507
PT,2015,False,1,PT_184,10,90,0.2508100400866507
PT,2015,False,1,PT_187,10,90,0.2508100400866507
PT,2015,False,1,PT_300,10,90,0.2508100400866507
PT,2015,False,2,PT_150,9,90,0.2508100400866507
PT,2015,False,2,PT_16E,9,90,0.2508100400866507
PT,2015,False,2,PT_16F,9,90,0.2508100400866507
PT,2015,False,2,PT_16I,9,90,0.2508100400866507
PT,2015,False,2,PT_170,9,90,0.2508100400866507
PT,2015,False,2,PT_181,9,90,0.2508100400866507
PT,2015,False,2,PT_185,9,90,0.2508100400866507
PT,2015,False,2,PT_186,9,90,0.2508100400866507
PT,2015,False,2,PT_200,9,90,0.2508100400866507
PT,2016,False,0,PT_111,6,86,0.2577002366337651
PT,2016,False,0,PT_11D,6,86,0.2577002366337651
PT,2016,False,0,PT_11E,6,86,0.2577002366337651
PT,2016,False,0,PT_150,6,86,0.2577002366337651
PT,2016,False,0,PT_16E,6,86,0.2577002366337651
PT,2016,False,0,PT_300,6,86,0.2577002366337651
PT,2016,False,1,PT_112,8,86,0.2577002366337651
PT,2016,False,1,PT_119,8,86,0.2577002366337651
PT,2016,False,1,PT_11A,8,86,0.2577002366337651
PT,2016,False,1,PT_11C,8,86,0.2577002366337651
PT,2016,False,1,PT_16G,8,86,0.2577002366337651
PT,2016,False,1,PT_16H,8,86,0.2577002366337651
PT,2016,False,1,PT_16I,8,86,0.2577002366337651
PT,2016,False,1,PT_170,8,86,0.2577002366337651
PT,2016,False,2,PT_16B,7,86,0.2577002366337651
PT,2016,False,2,PT_16D,7,86,0.2577002366337651
PT,2016,False,2,PT_16F,7,86,0.2577002366337651
PT,2016,False,2,PT_16J,7,86,0.2577002366337651
PT,2016,False,2,PT_184,7,86,0.2577002366337651
PT,2016,False,2,PT_187,7,86,0.2577002366337651
PT,2016,False,2,PT_200,7,86,0.2577002366337651
PT,2016,False,3,PT_11B,4,86,0.2577002366337651
PT,2016,False,3,PT_181,4,86,0.2577002366337651
PT,2016,False,3,PT_185,4,86,0.2577002366337651
PT,2016,False,3,PT_186,4,86,0.2577002366337651
PT,2017,False,0,PT_150,9,85,0.234539149522622
PT,2017,False,0,PT_16B,9,85,0.234539149522622
PT,2017,False,0,PT_16D,9,85,0.234539149522622
PT,2017,False,0,PT_16F,9,85,0.234539149522622
PT,2017,False,0,PT_16H,9,85,0.234539149522622
PT,2017,False,0,PT_16I,9,85,0.234539149522622
PT,2017,False,0,PT_16J,9,85,0.234539149522622
PT,2017,False,0,PT_184,9,85,0.234539149522622
PT,2017,False,0,PT_186,9,85,0.234539149522622
PT,2017,False,1,PT_119,6,85,0.234539149522622
PT,2017,False,1,PT_11C,6,85,0.234539149522622
PT,2017,False,1,PT_11D,6,85,0.234539149522622
PT,2017,False,1,PT_11E,6,85,0.234539149522622
PT,2017,False,1,PT_187,6,85,0.234539149522622
PT,2017,False,1,PT_300,6,85,0.234539149522622
PT,2017,False,2,PT_16E,3,85,0.234539149522622
PT,2017,False,2,PT_181,3,85,0.234539149522622
PT,2017,False,2,PT_200,3,85,0.234539149522622
PT,2017,False,3,PT_111,7,85,0.234539149522622
PT,2017,False,3,PT_112,7,85,0.234539149522622
PT,2017,False,3,PT_11A,7,85,0.234539149522622
PT,2017,False,3,PT_11B,7,85,0.234539149522622
PT,2017,False,3,PT_16G,7,85,0.234539149522622
PT,2017,False,3,PT_170,7,85,0.234539149522622
PT,2017,False,3,PT_185,7,85,0.234539149522622
PT,2018,False,0,PT_112,7,81,0.2591084299082209
PT,2018,False,0,PT_11C,7,81,0.2591084299082209
PT,2018,False,0,PT_11D,7,81,0.2591084299082209
PT,2018,False,0,PT_11E,7,81,0.2591084299082209
PT,2018,False,0,PT_16E,7,81,0.2591084299082209
PT,2018,False,0,PT_170,7,81,0.2591084299082209
PT,2018,False,0,PT_300,7,81,0.2591084299082209
PT,2018,False,1,PT_150,6,81,0.2591084299082209
PT,2018,False,1,PT_16H,6,81,0.2591084299082209
PT,2018,False,1,PT_16J,6,81,0.2591084299082209
PT,2018,False,1,PT_181,6,81,0.2591084299082209
PT,2018,False,1,PT_185,6,81,0.2591084299082209
PT,2018,False,1,PT_186,6,81,0.2591084299082209
PT,2018,False,2,PT_16B,4,81,0.2591084299082209
PT,2018,False,2,PT_16F,4,81,0.2591084299082209
PT,2018,False,2,PT_16I,4,81,0.2591084299082209
PT,2018,False,2,PT_184,4,81,0.2591084299082209
PT,2018,False,3,PT_111,8,81,0.2591084299082209
PT,2018,False,3,PT_119,8,81,0.2591084299082209
PT,2018,False,3,PT_11A,8,81,0.2591084299082209
PT,2018,False,3,PT_11B,8,81,0.2591084299082209
PT,2018,False,3,PT_16D,8,81,0.2591084299082209
PT,2018,False,3,PT_16G,8,81,0.2591084299082209
PT,2018,False,3,PT_187,8,81,0.2591084299082209
PT,2018,False,3,PT_200,8,81,0.2591084299082209
PT,2019,False,0,PT_119,5,77,0.31099919823164823
PT,2019,False,0,PT_11A,5,77,0.31099919823164823
PT,2019,False,0,PT_11C,5,77,0.31099919823164823
PT,2019,False,0,PT_16G,5,77,0.31099919823164823
PT,2019,False,0,PT_186,5,77,0.31099919823164823
PT,2019,False,1,PT_150,4,77,0.31099919823164823
PT,2019,False,1,PT_16E,4,77,0.31099919823164823
PT,2019,False,1,PT_170,4,77,0.31099919823164823
PT,2019,False,1,PT_185,4,77,0.31099919823164823
PT,2019,False,2,PT_16B,7,77,0.31099919823164823
PT,2019,False,2,PT_16D,7,77,0.31099919823164823
PT,2019,False,2,PT_16F,7,77,0.31099919823164823
PT,2019,False,2,PT_16H,7,77,0.31099919823164823
PT,2019,False,2,PT_16I,7,77,0.31099919823164823
PT,2019,False,2,PT_187,7,77,0.31099919823164823
PT,2019,False,2,PT_300,7,77,0.31099919823164823
PT,2019,False,3,PT_111,9,77,0.31099919823164823
PT,2019,False,3,PT_112,9,77,0.31099919823164823
PT,2019,False,3,PT_11B,9,77,0.31099919823164823
PT,2019,False,3,PT_11D,9,77,0.31099919823164823
PT,2019,False,3,PT_11E,9,77,0.31099919823164823
PT,2019,False,3,PT_16J,9,77,0.31099919823164823
PT,2019,False,3,PT_181,9,77,0.31099919823164823
PT,2019,False,3,PT_184,9,77,0.31099919823164823
PT,2019,False,3,PT_200,9,77,0.31099919823164823
PT,2020,False,0,PT_119,6,76,0.32606535298198747
PT,2020,False,0,PT_11A,6,76,0.32606535298198747
PT,2020,False,0,PT_11C,6,76,0.32606535298198747
PT,2020,False,0,PT_150,6,76,0.32606535298198747
PT,2020,False,0,PT_170,6,76,0.32606535298198747
PT,2020,False,0,PT_185,6,76,0.32606535298198747
PT,2020,False,1,PT_111,10,76,0.32606535298198747
PT,2020,False,1,PT_112,10,76,0.32606535298198747
PT,2020,False,1,PT_11B,10,76,0.32606535298198747
PT,2020,False,1,PT_11D,10,76,0.32606535298198747
PT,2020,False,1,PT_11E,10,76,0.32606535298198747
PT,2020,False,1,PT_16G,10,76,0.32606535298198747
PT,2020,False,1,PT_16J,10,76,0.32606535298198747
PT,2020,False,1,PT_181,10,76,0.32606535298198747
PT,2020,False,1,PT_184,10,76,0.32606535298198747
PT,2020,False,1,PT_200,10,76,0.32606535298198747
PT,2020,False,2,PT_16B,9,76,0.32606535298198747
PT,2020,False,2,PT_16D,9,76,0.32606535298198747
PT,2020,False,2,PT_16E,9,76,0.32606535298198747
PT,2020,False,2,PT_16F,9,76,0.32606535298198747
PT,2020,False,2,PT_16H,9,76,0.32606535298198747
PT,2020,False,2,PT_16I,9,76,0.32606535298198747
PT,2020,False,2,PT_186,9,76,0.32606535298198747
PT,2020,False,2,PT_187,9,76,0.32606535298198747
PT,2020,False,2,PT_300,9,76,0.32606535298198747
PT,2021,False,0,PT_111,6,85,0.37051549125371486
PT,2021,False,0,PT_11B,6,85,0.37051549125371486
PT,2021,False,0,PT_11D,6,85,0.37051549125371486
PT,2021,False,0,PT_11E,6,85,0.37051549125371486
PT,2021,False,0,PT_16J,6,85,0.37051549125371486
PT,2021,False,0,PT_181,6,85,0.37051549125371486
PT,2021,False,1,PT_16E,8,85,0.37051549125371486
PT,2021,False,1,PT_16F,8,85,0.37051549125371486
PT,2021,False,1,PT_16H,8,85,0.37051549125371486
PT,2021,False,1,PT_16I,8,85,0.37051549125371486
PT,2021,False,1,PT_184,8,85,0.37051549125371486
PT,2021,False,1,PT_186,8,85,0.37051549125371486
PT,2021,False,1,PT_187,8,85,0.37051549125371486
PT,2021,False,1,PT_200,8,85,0.37051549125371486
PT,2021,False,2,PT_112,11,85,0.37051549125371486
PT,2021,False,2,PT_119,11,85,0.37051549125371486
PT,2021,False,2,PT_11A,11,85,0.37051549125371486
PT,2021,False,2,PT_11C,11,85,0.37051549125371486
PT,2021,False,2,PT_150,11,85,0.37051549125371486
PT,2021,False,2,PT_16B,11,85,0.37051549125371486
PT,2021,False,2,PT_16D,11,85,0.37051549125371486
PT,2021,False,2,PT_16G,11,85,0.37051549125371486
PT,2021,False,2,PT_170,11,85,0.37051549125371486
PT,2021,False,2,PT_185,11,85,0.37051549125371486
PT,2021,False,2,PT_300,11,85,0.37051549125371486
PT,2022,False,0,PT_111,6,84,0.32446030758635114
PT,2022,False,0,PT_11B,6,84,0.32446030758635114
PT,2022,False,0,PT_11D,6,84,0.32446030758635114
PT,2022,False,0,PT_11E,6,84,0.32446030758635114
PT,2022,False,0,PT_16J,6,84,0.32446030758635114
PT,2022,False,0,PT_181,6,84,0.32446030758635114
PT,2022,False,1,PT_11C,3,84,0.32446030758635114
PT,2022,False,1,PT_16G,3,84,0.32446030758635114
PT,2022,False,1,PT_185,3,84,0.32446030758635114
PT,2022,False,2,PT_112,9,84,0.32446030758635114
PT,2022,False,2,PT_119,9,84,0.32446030758635114
PT,2022,False,2,PT_11A,9,84,0.32446030758635114
PT,2022,False,2,PT_150,9,84,0.32446030758635114
PT,2022,False,2,PT_16D,9,84,0.32446030758635114
PT,2022,False,2,PT_16F,9,84,0.32446030758635114
PT,2022,False,2,PT_170,9,84,0.32446030758635114
PT,2022,False,2,PT_200,9,84,0.32446030758635114
PT,2022,False,2,PT_300,9,84,0.32446030758635114
PT,2022,False,3,PT_16B,7,84,0.32446030758635114
PT,2022,False,3,PT_16E,7,84,0.32446030758635114
PT,2022,False,3,PT_16H,7,84,0.32446030758635114
PT,2022,False,3,PT_16I,7,84,0.32446030758635114
PT,2022,False,3,PT_184,7,84,0.32446030758635114
PT,2022,False,3,PT_186,7,84,0.32446030758635114
PT,2022,False,3,PT_187,7,84,0.32446030758635114
PT,2023,False,0,PT_112,8,87,0.3254639714694596
PT,2023,False,0,PT_11A,8,87,0.3254639714694596
PT,2023,False,0,PT_11C,8,87,0.3254639714694596
PT,2023,False,0,PT_150,8,87,0.3254639714694596
PT,2023,False,0,PT_16F,8,87,0.3254639714694596
PT,2023,False,0,PT_170,8,87,0.3254639714694596
PT,2023,False,0,PT_200,8,87,0.3254639714694596
PT,2023,False,0,PT_300,8,87,0.3254639714694596
PT,2023,False,1,PT_111,6,87,0.3254639714694596
PT,2023,False,1,PT_11B,6,87,0.3254639714694596
PT,2023,False,1,PT_11D,6,87,0.3254639714694596
PT,2023,False,1,PT_11E,6,87,0.3254639714694596
PT,2023,False,1,PT_16J,6,87,0.3254639714694596
PT,2023,False,1,PT_186,6,87,0.3254639714694596
PT,2023,False,2,PT_16D,5,87,0.3254639714694596
PT,2023,False,2,PT_16E,5,87,0.3254639714694596
PT,2023,False,2,PT_16G,5,87,0.3254639714694596
PT,2023,False,2,PT_16I,5,87,0.3254639714694596
PT,2023,False,2,PT_185,5,87,0.3254639714694596
PT,2023,False,3,PT_119,6,87,0.3254639714694596
PT,2023,False,3,PT_16B,6,87,0.3254639714694596
PT,2023,False,3,PT_16H,6,87,0.3254639714694596
PT,2023,False,3,PT_181,6,87,0.3254639714694596
PT,2023,False,3,PT_184,6,87,0.3254639714694596
PT,2023,False,3,PT_187,6,87,0.3254639714694596
PT,2024,False,0,PT_112,8,90,0.2639239358794409
PT,2024,False,0,PT_11A,8,90,0.2639239358794409
PT,2024,False,0,PT_11C,8,90,0.2639239358794409
PT,2024,False,0,PT_150,8,90,0.2639239358794409
PT,2024,False,0,PT_16F,8,90,0.2639239358794409
PT,2024,False,0,PT_170,8,90,0.2639239358794409
PT,2024,False,0,PT_185,8,90,0.2639239358794409
PT,2024,False,0,PT_300,8,90,0.2639239358794409
PT,2024,False,1,PT_111,9,90,0.2639239358794409
PT,2024,False,1,PT_11D,9,90,0.2639239358794409
PT,2024,False,1,PT_11E,9,90,0.2639239358794409
PT,2024,False,1,PT_16G,9,90,0.2639239358794409
PT,2024,False,1,PT_16H,9,90,0.2639239358794409
PT,2024,False,1,PT_16J,9,90,0.2639239358794409
PT,2024,False,1,PT_181,9,90,0.2639239358794409
PT,2024,False,1,PT_186,9,90,0.2639239358794409
PT,2024,False,1,PT_187,9,90,0.2639239358794409
PT,2024,False,2,PT_11B,2,90,0.2639239358794409
PT,2024,False,2,PT_200,2,90,0.2639239358794409
PT,2024,False,3,PT_119,6,90,0.2639239358794409
PT,2024,False,3,PT_16B,6,90,0.2639239358794409
PT,2024,False,3,PT_16D,6,90,0.2639239358794409
PT,2024,False,3,PT_16E,6,90,0.2639239358794409
PT,2024,False,3,PT_16I,6,90,0.2639239358794409
PT,2024,False,3,PT_184,6,90,0.2639239358794409
PT,2025,False,0,PT_111,4,95,0.19807345586465364
PT,2025,False,0,PT_119,4,95,0.19807345586465364
PT,2025,False,0,PT_11C,4,95,0.19807345586465364
PT,2025,False,0,PT_16F,4,95,0.19807345586465364
PT,2025,False,1,PT_112,9,95,0.19807345586465364
PT,2025,False,1,PT_11D,9,95,0.19807345586465364
PT,2025,False,1,PT_150,9,95,0.19807345586465364
PT,2025,False,1,PT_16D,9,95,0.19807345586465364
PT,2025,False,1,PT_170,9,95,0.19807345586465364
PT,2025,False,1,PT_185,9,95,0.19807345586465364
PT,2025,False,1,PT_187,9,95,0.19807345586465364
PT,2025,False,1,PT_200,9,95,0.19807345586465364
PT,2025,False,1,PT_300,9,95,0.19807345586465364
PT,2025,False,2,PT_11A,4,95,0.19807345586465364
PT,2025,False,2,PT_16E,4,95,0.19807345586465364
PT,2025,False,2,PT_16H,4,95,0.19807345586465364
PT,2025,False,2,PT_181,4,95,0.19807345586465364
PT,2025,False,3,PT_11B,8,95,0.19807345586465364
PT,2025,False,3,PT_11E,8,95,0.19807345586465364
PT,2025,False,3,PT_16B,8,95,0.19807345586465364
PT,2025,False,3,PT_16G,8,95,0.19807345586465364
PT,2025,False,3,PT_16I,8,95,0.19807345586465364
PT,2025,False,3,PT_16J,8,95,0.19807345586465364
PT,2025,False,3,PT_184,8,95,0.19807345586465364
PT,2025,False,3,PT_186,8,95,0.19807345586465364
PT,2013,True,0,PT_111,6,86,0.2602842499961036
PT,2013,True,0,PT_11A,6,86,0.2602842499961036
PT,2013,True,0,PT_150,6,86,0.2602842499961036
PT,2013,True,0,PT_16B,6,86,0.2602842499961036
PT,2013,True,0,PT_170,6,86,0.2602842499961036
PT,2013,True,0,PT_300,6,86,0.2602842499961036
PT,2013,True,1,PT_112,7,86,0.2602842499961036
PT,2013,True,1,PT_119,7,86,0.2602842499961036
PT,2013,True,1,PT_11B,7,86,0.2602842499961036
PT,2013,True,1,PT_11C,7,86,0.2602842499961036
PT,2013,True,1,PT_11D,7,86,0.2602842499961036
PT,2013,True,1,PT_11E,7,86,0.2602842499961036
PT,2013,True,1,PT_16G,7,86,0.2602842499961036
PT,2013,True,2,PT_16D,7,86,0.2602842499961036
PT,2013,True,2,PT_16E,7,86,0.2602842499961036
PT,2013,True,2,PT_16J,7,86,0.2602842499961036
PT,2013,True,2,PT_181,7,86,0.2602842499961036
PT,2013,True,2,PT_184,7,86,0.2602842499961036
PT,2013,True,2,PT_185,7,86,0.2602842499961036
PT,2013,True,2,PT_187,7,86,0.2602842499961036
PT,2013,True,3,PT_16F,5,86,0.2602842499961036
PT,2013,True,3,PT_16H,5,86,0.2602842499961036
PT,2013,True,3,PT_16I,5,86,0.2602842499961036
PT,2013,True,3,PT_186,5,86,0.2602842499961036
PT,2013,True,3,PT_200,5,86,0.2602842499961036
PT,2014,True,0,PT_112,6,89,0.2366600777117853
PT,2014,True,0,PT_119,6,89,0.2366600777117853
PT,2014,True,0,PT_11A,6,89,0.2366600777117853
PT,2014,True,0,PT_11B,6,89,0.2366600777117853
PT,2014,True,0,PT_11C,6,89,0.2366600777117853
PT,2014,True,0,PT_16G,6,89,0.2366600777117853
PT,2014,True,1,PT_111,9,89,0.2366600777117853
PT,2014,True,1,PT_11D,9,89,0.2366600777117853
PT,2014,True,1,PT_11E,9,89,0.2366600777117853
PT,2014,True,1,PT_16D,9,89,0.2366600777117853
PT,2014,True,1,PT_16F,9,89,0.2366600777117853
PT,2014,True,1,PT_16I,9,89,0.2366600777117853
PT,2014,True,1,PT_16J,9,89,0.2366600777117853
PT,2014,True,1,PT_181,9,89,0.2366600777117853
PT,2014,True,1,PT_200,9,89,0.2366600777117853
PT,2014,True,2,PT_16B,6,89,0.2366600777117853
PT,2014,True,2,PT_16E,6,89,0.2366600777117853
PT,2014,True,2,PT_16H,6,89,0.2366600777117853
PT,2014,True,2,PT_184,6,89,0.2366600777117853
PT,2014,True,2,PT_185,6,89,0.2366600777117853
PT,2014,True,2,PT_187,6,89,0.2366600777117853
PT,2014,True,3,PT_150,4,89,0.2366600777117853
PT,2014,True,3,PT_170,4,89,0.2366600777117853
PT,2014,True,3,PT_186,4,89,0.2366600777117853
PT,2014,True,3,PT_300,4,89,0.2366600777117853
PT,2015,True,0,PT_112,6,90,0.2508100400866507
PT,2015,True,0,PT_119,6,90,0.2508100400866507
PT,2015,True,0,PT_11A,6,90,0.2508100400866507
PT,2015,True,0,PT_11B,6,90,0.2508100400866507
PT,2015,True,0,PT_11C,6,90,0.2508100400866507
PT,2015,True,0,PT_16G,6,90,0.2508100400866507
PT,2015,True,1,PT_111,10,90,0.2508100400866507
PT,2015,True,1,PT_11D,10,90,0.2508100400866507
PT,2015,True,1,PT_11E,10,90,0.2508100400866507
PT,2015,True,1,PT_16B,10,90,0.2508100400866507
PT,2015,True,1,PT_16D,10,90,0.2508100400866507
PT,2015,True,1,PT_16H,10,90,0.2508100400866507
PT,2015,True,1,PT_16J,10,90,0.2508100400866507
PT,2015,True,1,PT_184,10,90,0.2508100400866507
PT,2015,True,1,PT_187,10,90,0.2508100400866507
PT,2015,True,1,PT_300,10,90,0.2508100400866507
PT,2015,True,2,PT_150,9,90,0.2508100400866507
PT,2015,True,2,PT_16E,9,90,0.2508100400866507
PT,2015,True,2,PT_16F,9,90,0.2508100400866507
PT,2015,True,2,PT_16I,9,90,0.2508100400866507
PT,2015,True,2,PT_170,9,90,0.2508100400866507
PT,2015,True,2,PT_181,9,90,0.2508100400866507
PT,2015,True,2,PT_185,9,90,0.2508100400866507
PT,2015,True,2,PT_186,9,90,0.2508100400866507
PT,2015,True,2,PT_200,9,90,0.2508100400866507
PT,2016,True,0,PT_111,6,86,0.2577002366337651
PT,2016,True,0,PT_11D,6,86,0.2577002366337651
PT,2016,True,0,PT_11E,6,86,0.2577002366337651
PT,2016,True,0,PT_150,6,86,0.2577002366337651
PT,2016,True,0,PT_16E,6,86,0.2577002366337651
PT,2016,True,0,PT_300,6,86,0.2577002366337651
PT,2016,True,1,PT_112,8,86,0.2577002366337651
PT,2016,True,1,PT_119,8,86,0.2577002366337651
PT,2016,True,1,PT_11A,8,86,0.2577002366337651
PT,2016,True,1,PT_11C,8,86,0.2577002366337651
PT,2016,True,1,PT_16G,8,86,0.2577002366337651
PT,2016,True,1,PT_16H,8,86,0.2577002366337651
PT,2016,True,1,PT_16I,8,86,0.2577002366337651
PT,2016,True,1,PT_170,8,86,0.2577002366337651
PT,2016,True,2,PT_16B,7,86,0.2577002366337651
PT,2016,True,2,PT_16D,7,86,0.2577002366337651
PT,2016,True,2,PT_16F,7,86,0.2577002366337651
PT,2016,True,2,PT_16J,7,86,0.2577002366337651
PT,2016,True,2,PT_184,7,86,0.2577002366337651
PT,2016,True,2,PT_187,7,86,0.2577002366337651
PT,2016,True,2,PT_200,7,86,0.2577002366337651
PT,2016,True,3,PT_11B,4,86,0.2577002366337651
PT,2016,True,3,PT_181,4,86,0.2577002366337651
PT,2016,True,3,PT_185,4,86,0.2577002366337651
PT,2016,True,3,PT_186,4,86,0.2577002366337651
PT,2017,True,0,PT_150,9,85,0.234539149522622
PT,2017,True,0,PT_16B,9,85,0.234539149522622
PT,2017,True,0,PT_16D,9,85,0.234539149522622
PT,2017,True,0,PT_16F,9,85,0.234539149522622
PT,2017,True,0,PT_16H,9,85,0.234539149522622
PT,2017,True,0,PT_16I,9,85,0.234539149522622
PT,2017,True,0,PT_16J,9,85,0.234539149522622
PT,2017,True,0,PT_184,9,85,0.234539149522622
PT,2017,True,0,PT_186,9,85,0.234539149522622
PT,2017,True,1,PT_119,6,85,0.234539149522622
PT,2017,True,1,PT_11C,6,85,0.234539149522622
PT,2017,True,1,PT_11D,6,85,0.234539149522622
PT,2017,True,1,PT_11E,6,85,0.234539149522622
PT,2017,True,1,PT_187,6,85,0.234539149522622
PT,2017,True,1,PT_300,6,85,0.234539149522622
PT,2017,True,2,PT_16E,3,85,0.234539149522622
PT,2017,True,2,PT_181,3,85,0.234539149522622
PT,2017,True,2,PT_200,3,85,0.234539149522622
PT,2017,True,3,PT_111,7,85,0.234539149522622
PT,2017,True,3,PT_112,7,85,0.234539149522622
PT,2017,True,3,PT_11A,7,85,0.234539149522622
PT,2017,True,3,PT_11B,7,85,0.234539149522622
PT,2017,True,3,PT_16G,7,85,0.234539149522622
PT,2017,True,3,PT_170,7,85,0.234539149522622
PT,2017,True,3,PT_185,7,85,0.234539149522622
PT,2018,True,0,PT_112,7,81,0.2591084299082209
PT,2018,True,0,PT_11C,7,81,0.2591084299082209
PT,2018,True,0,PT_11D,7,81,0.2591084299082209
PT,2018,True,0,PT_11E,7,81,0.2591084299082209
PT,2018,True,0,PT_16E,7,81,0.2591084299082209
PT,2018,True,0,PT_170,7,81,0.2591084299082209
PT,2018,True,0,PT_300,7,81,0.2591084299082209
PT,2018,True,1,PT_150,6,81,0.2591084299082209
PT,2018,True,1,PT_16H,6,81,0.2591084299082209
PT,2018,True,1,PT_16J,6,81,0.2591084299082209
PT,2018,True,1,PT_181,6,81,0.2591084299082209
PT,2018,True,1,PT_185,6,81,0.2591084299082209
PT,2018,True,1,PT_186,6,81,0.2591084299082209
PT,2018,True,2,PT_16B,4,81,0.2591084299082209
PT,2018,True,2,PT_16F,4,81,0.2591084299082209
PT,2018,True,2,PT_16I,4,81,0.2591084299082209
PT,2018,True,2,PT_184,4,81,0.2591084299082209
PT,2018,True,3,PT_111,8,81,0.2591084299082209
PT,2018,True,3,PT_119,8,81,0.2591084299082209
PT,2018,True,3,PT_11A,8,81,0.2591084299082209
PT,2018,True,3,PT_11B,8,81,0.2591084299082209
PT,2018,True,3,PT_16D,8,81,0.2591084299082209
PT,2018,True,3,PT_16G,8,81,0.2591084299082209
PT,2018,True,3,PT_187,8,81,0.2591084299082209
PT,2018,True,3,PT_200,8,81,0.2591084299082209
PT,2019,True,0,PT_119,5,77,0.31099919823164823
PT,2019,True,0,PT_11A,5,77,0.31099919823164823
PT,2019,True,0,PT_11C,5,77,0.31099919823164823
PT,2019,True,0,PT_16G,5,77,0.31099919823164823
PT,2019,True,0,PT_186,5,77,0.31099919823164823
PT,2019,True,1,PT_150,4,77,0.31099919823164823
PT,2019,True,1,PT_16E,4,77,0.31099919823164823
PT,2019,True,1,PT_170,4,77,0.31099919823164823
PT,2019,True,1,PT_185,4,77,0.31099919823164823
PT,2019,True,2,PT_16B,7,77,0.31099919823164823
PT,2019,True,2,PT_16D,7,77,0.31099919823164823
PT,2019,True,2,PT_16F,7,77,0.31099919823164823
PT,2019,True,2,PT_16H,7,77,0.31099919823164823
PT,2019,True,2,PT_16I,7,77,0.31099919823164823
PT,2019,True,2,PT_187,7,77,0.31099919823164823
PT,2019,True,2,PT_300,7,77,0.31099919823164823
PT,2019,True,3,PT_111,9,77,0.31099919823164823
PT,2019,True,3,PT_112,9,77,0.31099919823164823
PT,2019,True,3,PT_11B,9,77,0.31099919823164823
PT,2019,True,3,PT_11D,9,77,0.31099919823164823
PT,2019,True,3,PT_11E,9,77,0.31099919823164823
PT,2019,True,3,PT_16J,9,77,0.31099919823164823
PT,2019,True,3,PT_181,9,77,0.31099919823164823
PT,2019,True,3,PT_184,9,77,0.31099919823164823
PT,2019,True,3,PT_200,9,77,0.31099919823164823
PT,2020,True,0,PT_119,6,76,0.32606535298198747
PT,2020,True,0,PT_11A,6,76,0.32606535298198747
PT,2020,True,0,PT_11C,6,76,0.32606535298198747
PT,2020,True,0,PT_150,6,76,0.32606535298198747
PT,2020,True,0,PT_170,6,76,0.32606535298198747
PT,2020,True,0,PT_185,6,76,0.32606535298198747
PT,2020,True,1,PT_111,10,76,0.32606535298198747
PT,2020,True,1,PT_112,10,76,0.32606535298198747
PT,2020,True,1,PT_11B,10,76,0.32606535298198747
PT,2020,True,1,PT_11D,10,76,0.32606535298198747
PT,2020,True,1,PT_11E,10,76,0.32606535298198747
PT,2020,True,1,PT_16G,10,76,0.32606535298198747
PT,2020,True,1,PT_16J,10,76,0.32606535298198747
PT,2020,True,1,PT_181,10,76,0.32606535298198747
PT,2020,True,1,PT_184,10,76,0.32606535298198747
PT,2020,True,1,PT_200,10,76,0.32606535298198747
PT,2020,True,2,PT_16B,9,76,0.32606535298198747
PT,2020,True,2,PT_16D,9,76,0.32606535298198747
PT,2020,True,2,PT_16E,9,76,0.32606535298198747
PT,2020,True,2,PT_16F,9,76,0.32606535298198747
PT,2020,True,2,PT_16H,9,76,0.32606535298198747
PT,2020,True,2,PT_16I,9,76,0.32606535298198747
PT,2020,True,2,PT_186,9,76,0.32606535298198747
PT,2020,True,2,PT_187,9,76,0.32606535298198747
PT,2020,True,2,PT_300,9,76,0.32606535298198747
PT,2021,True,0,PT_112,8,79,0.32412927775219746
PT,2021,True,0,PT_119,8,79,0.32412927775219746
PT,2021,True,0,PT_11A,8,79,0.32412927775219746
PT,2021,True,0,PT_11C,8,79,0.32412927775219746
PT,2021,True,0,PT_150,8,79,0.32412927775219746
PT,2021,True,0,PT_170,8,79,0.32412927775219746
PT,2021,True,0,PT_187,8,79,0.32412927775219746
PT,2021,True,0,PT_300,8,79,0.32412927775219746
PT,2021,True,1,PT_111,7,79,0.32412927775219746
PT,2021,True,1,PT_11B,7,79,0.32412927775219746
PT,2021,True,1,PT_11D,7,79,0.32412927775219746
PT,2021,True,1,PT_11E,7,79,0.32412927775219746
PT,2021,True,1,PT_16J,7,79,0.32412927775219746
PT,2021,True,1,PT_181,7,79,0.32412927775219746
PT,2021,True,1,PT_184,7,79,0.32412927775219746
PT,2021,True,2,PT_16B,4,79,0.32412927775219746
PT,2021,True,2,PT_16D,4,79,0.32412927775219746
PT,2021,True,2,PT_16G,4,79,0.32412927775219746
PT,2021,True,2,PT_186,4,79,0.32412927775219746
PT,2021,True,3,PT_16E,6,79,0.32412927775219746
PT,2021,True,3,PT_16F,6,79,0.32412927775219746
PT,2021,True,3,PT_16H,6,79,0.32412927775219746
PT,2021,True,3,PT_16I,6,79,0.32412927775219746
PT,2021,True,3,PT_185,6,79,0.32412927775219746
PT,2021,True,3,PT_200,6,79,0.32412927775219746
PT,2022,True,0,PT_112,10,80,0.2827725496493454
PT,2022,True,0,PT_119,10,80,0.2827725496493454
PT,2022,True,0,PT_11A,10,80,0.2827725496493454
PT,2022,True,0,PT_150,10,80,0.2827725496493454
PT,2022,True,0,PT_16B,10,80,0.2827725496493454
PT,2022,True,0,PT_16F,10,80,0.2827725496493454
PT,2022,True,0,PT_170,10,80,0.2827725496493454
PT,2022,True,0,PT_185,10,80,0.2827725496493454
PT,2022,True,0,PT_200,10,80,0.2827725496493454
PT,2022,True,0,PT_300,10,80,0.2827725496493454
PT,2022,True,1,PT_16E,5,80,0.2827725496493454
PT,2022,True,1,PT_16H,5,80,0.2827725496493454
PT,2022,True,1,PT_16I,5,80,0.2827725496493454
PT,2022,True,1,PT_184,5,80,0.2827725496493454
PT,2022,True,1,PT_187,5,80,0.2827725496493454
PT,2022,True,2,PT_111,10,80,0.2827725496493454
PT,2022,True,2,PT_11B,10,80,0.2827725496493454
PT,2022,True,2,PT_11C,10,80,0.2827725496493454
PT,2022,True,2,PT_11D,10,80,0.2827725496493454
PT,2022,True,2,PT_11E,10,80,0.2827725496493454
PT,2022,True,2,PT_16D,10,80,0.2827725496493454
PT,2022,True,2,PT_16G,10,80,0.2827725496493454
PT,2022,True,2,PT_16J,10,80,0.2827725496493454
PT,2022,True,2,PT_181,10,80,0.2827725496493454
PT,2022,True,2,PT_186,10,80,0.2827725496493454
PT,2023,True,0,PT_119,8,83,0.3413507566119908
PT,2023,True,0,PT_11A,8,83,0.3413507566119908
PT,2023,True,0,PT_16D,8,83,0.3413507566119908
PT,2023,True,0,PT_16E,8,83,0.3413507566119908
PT,2023,True,0,PT_16H,8,83,0.3413507566119908
PT,2023,True,0,PT_181,8,83,0.3413507566119908
PT,2023,True,0,PT_187,8,83,0.3413507566119908
PT,2023,True,0,PT_300,8,83,0.3413507566119908
PT,2023,True,1,PT_111,5,83,0.3413507566119908
PT,2023,True,1,PT_11B,5,83,0.3413507566119908
PT,2023,True,1,PT_11D,5,83,0.3413507566119908
PT,2023,True,1,PT_11E,5,83,0.3413507566119908
PT,2023,True,1,PT_16J,5,83,0.3413507566119908
PT,2023,True,2,PT_112,8,83,0.3413507566119908
PT,2023,True,2,PT_150,8,83,0.3413507566119908
PT,2023,True,2,PT_16B,8,83,0.3413507566119908
PT,2023,True,2,PT_16F,8,83,0.3413507566119908
PT,2023,True,2,PT_16I,8,83,0.3413507566119908
PT,2023,True,2,PT_170,8,83,0.3413507566119908
PT,2023,True,2,PT_184,8,83,0.3413507566119908
PT,2023,True,2,PT_200,8,83,0.3413507566119908
PT,2023,True,3,PT_11C,4,83,0.3413507566119908
PT,2023,True,3,PT_16G,4,83,0.3413507566119908
PT,2023,True,3,PT_185,4,83,0.3413507566119908
PT,2023,True,3,PT_186,4,83,0.3413507566119908
PT,2024,True,0,PT_11E,9,78,0.2575941879840884
PT,2024,True,0,PT_150,9,78,0.2575941879840884
PT,2024,True,0,PT_16B,9,78,0.2575941879840884
PT,2024,True,0,PT_16E,9,78,0.2575941879840884
PT,2024,True,0,PT_16H,9,78,0.2575941879840884
PT,2024,True,0,PT_181,9,78,0.2575941879840884
PT,2024,True,0,PT_184,9,78,0.2575941879840884
PT,2024,True,0,PT_187,9,78,0.2575941879840884
PT,2024,True,0,PT_200,9,78,0.2575941879840884
PT,2024,True,1,PT_111,6,78,0.2575941879840884
PT,2024,True,1,PT_11B,6,78,0.2575941879840884
PT,2024,True,1,PT_11D,6,78,0.2575941879840884
PT,2024,True,1,PT_16J,6,78,0.2575941879840884
PT,2024,True,1,PT_186,6,78,0.2575941879840884
PT,2024,True,1,PT_300,6,78,0.2575941879840884
PT,2024,True,2,PT_11A,3,78,0.2575941879840884
PT,2024,True,2,PT_16D,3,78,0.2575941879840884
PT,2024,True,2,PT_16F,3,78,0.2575941879840884
PT,2024,True,3,PT_112,7,78,0.2575941879840884
PT,2024,True,3,PT_119,7,78,0.2575941879840884
PT,2024,True,3,PT_11C,7,78,0.2575941879840884
PT,2024,True,3,PT_16G,7,78,0.2575941879840884
PT,2024,True,3,PT_16I,7,78,0.2575941879840884
PT,2024,True,3,PT_170,7,78,0.2575941879840884
PT,2024,True,3,PT_185,7,78,0.2575941879840884
PT,2025,True,0,PT_11D,4,80,0.2826836134799546
PT,2025,True,0,PT_16E,4,80,0.2826836134799546
PT,2025,True,0,PT_16H,4,80,0.2826836134799546
PT,2025,True,0,PT_181,4,80,0.2826836134799546
PT,2025,True,1,PT_112,4,80,0.2826836134799546
PT,2025,True,1,PT_16F,4,80,0.2826836134799546
PT,2025,True,1,PT_16G,4,80,0.2826836134799546
PT,2025,True,1,PT_16I,4,80,0.2826836134799546
PT,2025,True,2,PT_119,6,80,0.2826836134799546
PT,2025,True,2,PT_11C,6,80,0.2826836134799546
PT,2025,True,2,PT_11E,6,80,0.2826836134799546
PT,2025,True,2,PT_16B,6,80,0.2826836134799546
PT,2025,True,2,PT_16J,6,80,0.2826836134799546
PT,2025,True,2,PT_184,6,80,0.2826836134799546
PT,2025,True,3,PT_111,6,80,0.2826836134799546
PT,2025,True,3,PT_11A,6,80,0.2826836134799546
PT,2025,True,3,PT_11B,6,80,0.2826836134799546
PT,2025,True,3,PT_16D,6,80,0.2826836134799546
PT,2025,True,3,PT_185,6,80,0.2826836134799546
PT,2025,True,3,PT_186,6,80,0.2826836134799546
PT,2025,True,4,PT_150,5,80,0.2826836134799546
PT,2025,True,4,PT_170,5,80,0.2826836134799546
PT,2025,True,4,PT_187,5,80,0.2826836134799546
PT,2025,True,4,PT_200,5,80,0.2826836134799546
PT,2025,True,4,PT_300,5,80,0.2826836134799546
